# 260826_11:51:32.690570
t	CH1	CH2
0.000000e+00	1.628963e-02	3.308661e+00
1.000000e-08	-7.768130e-03	3.422979e+00
2.000000e-08	-1.422047e-02	3.546840e+00
3.000000e-08	3.099446e-03	3.632004e+00
4.000000e-08	-2.500492e-02	3.725692e+00
5.000000e-08	-1.417934e-02	3.802003e+00
6.000000e-08	1.394968e-02	3.895266e+00
7.000000e-08	2.613218e-03	3.990371e+00
8.000000e-08	-2.169714e-02	4.115606e+00
9.000000e-08	-9.147927e-03	4.211498e+00
1.000000e-07	-1.806836e-03	4.326188e+00
1.100000e-07	-9.108767e-03	4.390402e+00
1.200000e-07	-5.941305e-03	4.505712e+00
1.300000e-07	-1.529316e-02	4.589899e+00
1.400000e-07	-1.162846e-02	4.693606e+00
1.500000e-07	4.927115e-03	4.737821e+00
1.600000e-07	-1.359239e-03	4.831501e+00
1.700000e-07	-1.826183e-02	4.989793e+00
1.800000e-07	-1.364703e-02	5.092455e+00
1.900000e-07	-7.670184e-03	5.169450e+00
2.000000e-07	-1.986368e-03	5.272536e+00
2.100000e-07	-7.470301e-03	5.348220e+00
2.200000e-07	-1.541642e-02	5.412975e+00
2.300000e-07	-1.193525e-02	5.493684e+00
2.400000e-07	-3.206391e-03	5.588844e+00
2.500000e-07	-3.859794e-03	5.631976e+00
2.600000e-07	-1.582509e-02	5.733583e+00
2.700000e-07	-1.455315e-02	5.811349e+00
2.800000e-07	-8.950077e-03	5.885688e+00
2.900000e-07	-4.459840e-03	5.948348e+00
3.000000e-07	-7.207340e-03	6.042501e+00
3.100000e-07	-1.423371e-02	6.084631e+00
3.200000e-07	-1.332084e-02	6.129292e+00
3.300000e-07	-8.097356e-03	6.201396e+00
3.400000e-07	-7.569043e-03	6.313631e+00
3.500000e-07	-1.342532e-02	6.306662e+00
3.600000e-07	-1.332233e-02	6.348296e+00
3.700000e-07	-8.944280e-03	6.431523e+00
3.800000e-07	-6.947970e-03	6.452132e+00
3.900000e-07	-9.455005e-03	6.506091e+00
4.000000e-07	-1.577204e-02	6.630927e+00
4.100000e-07	-1.518549e-02	6.683531e+00
4.200000e-07	-1.065672e-02	6.719815e+00
4.300000e-07	-8.898872e-03	6.788896e+00
4.400000e-07	-1.287445e-02	6.811951e+00
4.500000e-07	-1.324954e-02	6.862057e+00
4.600000e-07	-1.162104e-02	6.904688e+00
4.700000e-07	-9.473220e-03	6.948215e+00
4.800000e-07	-1.264203e-02	6.988895e+00
4.900000e-07	-1.681755e-02	7.094979e+00
5.000000e-07	-1.605414e-02	7.082131e+00
5.100000e-07	-1.035934e-02	7.066109e+00
5.200000e-07	-8.962209e-03	7.166795e+00
5.300000e-07	-1.273683e-02	7.156843e+00
5.400000e-07	-1.619237e-02	7.190525e+00
5.500000e-07	-1.515883e-02	7.219503e+00
5.600000e-07	-1.271674e-02	7.203557e+00
5.700000e-07	-1.377913e-02	7.304030e+00
5.800000e-07	-1.606725e-02	7.305587e+00
5.900000e-07	-1.697996e-02	7.358215e+00
6.000000e-07	-1.382091e-02	7.319291e+00
6.100000e-07	-1.243047e-02	7.371274e+00
6.200000e-07	-1.543065e-02	7.433904e+00
6.300000e-07	-1.805965e-02	7.414530e+00
6.400000e-07	-1.739847e-02	7.467157e+00
6.500000e-07	-1.430378e-02	7.484563e+00
6.600000e-07	-1.463823e-02	7.517191e+00
6.700000e-07	-1.721608e-02	7.506191e+00
6.800000e-07	-1.836870e-02	7.516740e+00
6.900000e-07	-1.602190e-02	7.557821e+00
7.000000e-07	-1.493319e-02	7.559847e+00
7.100000e-07	-1.699764e-02	7.538795e+00
7.200000e-07	-1.929800e-02	7.569771e+00
7.300000e-07	-1.931248e-02	7.488395e+00
7.400000e-07	-1.686990e-02	7.558421e+00
7.500000e-07	-1.759505e-02	7.549316e+00
7.600000e-07	-2.024477e-02	7.539368e+00
7.700000e-07	-2.111934e-02	7.547766e+00
7.800000e-07	-1.847839e-02	7.560220e+00
7.900000e-07	-1.839960e-02	7.517816e+00
8.000000e-07	-2.079140e-02	7.506642e+00
8.100000e-07	-2.192761e-02	7.486617e+00
8.200000e-07	-2.051626e-02	7.485483e+00
8.300000e-07	-2.006535e-02	7.452558e+00
8.400000e-07	-2.178653e-02	7.420429e+00
8.500000e-07	-2.356132e-02	7.381392e+00
8.600000e-07	-2.337844e-02	7.366801e+00
8.700000e-07	-2.295994e-02	7.377692e+00
8.800000e-07	-2.129939e-02	7.285586e+00
8.900000e-07	-2.338707e-02	7.313604e+00
9.000000e-07	-2.503625e-02	7.242525e+00
9.100000e-07	-2.476495e-02	7.200528e+00
9.200000e-07	-2.375304e-02	7.189999e+00
9.300000e-07	-2.417226e-02	7.148895e+00
9.400000e-07	-2.584484e-02	7.137288e+00
9.500000e-07	-2.537776e-02	7.085683e+00
9.600000e-07	-2.558033e-02	7.065209e+00
9.700000e-07	-2.492685e-02	7.001002e+00
9.800000e-07	-2.694012e-02	6.990945e+00
9.900000e-07	-2.784822e-02	6.928792e+00
1.000000e-06	-2.822986e-02	6.895708e+00
1.010000e-06	-2.750542e-02	6.881580e+00
1.020000e-06	-2.748479e-02	6.830529e+00
1.030000e-06	-2.881323e-02	6.780500e+00
1.040000e-06	-2.995093e-02	6.758846e+00
1.050000e-06	-2.939171e-02	6.706164e+00
1.060000e-06	-2.907314e-02	6.630924e+00
1.070000e-06	-2.995796e-02	6.526766e+00
1.080000e-06	-3.110135e-02	6.464108e+00
1.090000e-06	-3.143561e-02	6.401000e+00
1.100000e-06	-3.037225e-02	6.359418e+00
1.110000e-06	-3.043651e-02	6.357194e+00
1.120000e-06	-3.072098e-02	6.273683e+00
1.130000e-06	-3.092467e-02	6.241477e+00
1.140000e-06	-2.923853e-02	6.149372e+00
1.150000e-06	-2.898756e-02	6.126210e+00
1.160000e-06	-2.942049e-02	6.033604e+00
1.170000e-06	-2.872281e-02	5.979524e+00
1.180000e-06	-2.766937e-02	5.938314e+00
1.190000e-06	-2.659819e-02	5.812101e+00
1.200000e-06	-2.558468e-02	5.757764e+00
1.210000e-06	-2.549436e-02	5.621054e+00
1.220000e-06	-2.441849e-02	5.548422e+00
1.230000e-06	-2.259991e-02	5.537812e+00
1.240000e-06	-2.205191e-02	5.442579e+00
1.250000e-06	-2.160460e-02	5.367921e+00
1.260000e-06	-2.145267e-02	5.263632e+00
1.270000e-06	-2.050070e-02	5.199921e+00
1.280000e-06	-1.855731e-02	5.115688e+00
1.290000e-06	-1.841700e-02	4.950321e+00
1.300000e-06	-1.806941e-02	4.843630e+00
1.310000e-06	-1.739013e-02	4.739499e+00
1.320000e-06	-1.596810e-02	4.705238e+00
1.330000e-06	-1.471039e-02	4.642053e+00
1.340000e-06	-1.540233e-02	4.557818e+00
1.350000e-06	-1.653608e-02	4.462630e+00
1.360000e-06	-1.428370e-02	4.380026e+00
1.370000e-06	-1.333774e-02	4.315840e+00
1.380000e-06	-1.292982e-02	4.200905e+00
1.390000e-06	-1.221634e-02	4.074133e+00
1.400000e-06	-1.267875e-02	3.959501e+00
1.410000e-06	-1.194836e-02	3.914787e+00
1.420000e-06	-1.169770e-02	3.790048e+00
1.430000e-06	-1.140973e-02	3.726743e+00
1.440000e-06	-1.188331e-02	3.632100e+00
1.450000e-06	-1.166793e-02	3.568471e+00
1.460000e-06	-1.061165e-02	3.492029e+00
1.470000e-06	-9.678346e-03	3.325213e+00
1.480000e-06	-1.092249e-02	3.199078e+00
1.490000e-06	-1.022050e-02	3.116868e+00
1.500000e-06	-9.837925e-03	3.000529e+00
1.510000e-06	-9.297696e-03	2.907792e+00
1.520000e-06	-8.186315e-03	2.790606e+00
1.530000e-06	-8.309368e-03	2.716872e+00
1.540000e-06	-1.004792e-02	2.613654e+00
1.550000e-06	-9.231115e-03	2.463608e+00
1.560000e-06	-8.314911e-03	2.367924e+00
1.570000e-06	-6.736667e-03	2.295683e+00
1.580000e-06	-8.175944e-03	2.189946e+00
1.590000e-06	-7.604694e-03	2.083209e+00
1.600000e-06	-7.831029e-03	1.991950e+00
1.610000e-06	-6.916202e-03	1.916262e+00
1.620000e-06	-7.054219e-03	1.760076e+00
1.630000e-06	-7.666882e-03	1.672084e+00
1.640000e-06	-6.871796e-03	1.538402e+00
1.650000e-06	-6.576620e-03	1.420626e+00
1.660000e-06	-5.776000e-03	1.326867e+00
1.670000e-06	-6.943413e-03	1.230525e+00
1.680000e-06	-6.655464e-03	1.105811e+00
1.690000e-06	-6.478088e-03	9.373184e-01
1.700000e-06	-5.809772e-03	8.100512e-01
1.710000e-06	-4.725197e-03	7.443919e-01
1.720000e-06	-5.178607e-03	6.005275e-01
1.730000e-06	-6.189335e-03	5.152881e-01
1.740000e-06	-5.773625e-03	4.100263e-01
1.750000e-06	-4.769422e-03	3.063707e-01
1.760000e-06	-4.367672e-03	1.893698e-01
1.770000e-06	-6.292627e-03	2.108251e-02
1.780000e-06	-4.689829e-03	-5.305789e-02
1.790000e-06	-3.414344e-03	-1.378446e-01
1.800000e-06	1.000692e-03	-2.906564e-01
1.810000e-06	4.180948e-04	-3.478185e-01
1.820000e-06	-7.503363e-04	-4.221039e-01
1.830000e-06	-6.772229e-04	-5.463661e-01
1.840000e-06	-2.691686e-04	-7.257357e-01
1.850000e-06	-2.634724e-04	-8.099987e-01
1.860000e-06	1.488179e-02	-8.541341e-01
1.870000e-06	5.639676e-02	-9.894949e-01
1.880000e-06	1.516647e-02	-1.126768e+00
1.890000e-06	-5.175431e-02	-1.416350e+00
1.900000e-06	-7.727206e-02	-1.518345e+00
1.910000e-06	4.936389e-02	-1.589946e+00
1.920000e-06	6.229481e-02	-1.589424e+00
1.930000e-06	-9.984411e-02	-1.764892e+00
1.940000e-06	7.445731e-03	-1.887136e+00
1.950000e-06	9.361240e-02	-1.892159e+00
1.960000e-06	-9.295401e-02	-2.020399e+00
1.970000e-06	-3.216461e-02	-2.219949e+00
1.980000e-06	1.060529e-01	-2.275105e+00
1.990000e-06	-6.131396e-02	-2.377495e+00
2.000000e-06	-3.684223e-02	-2.535265e+00
2.010000e-06	9.453009e-02	-2.579950e+00
2.020000e-06	-1.667762e-02	-2.703659e+00
2.030000e-06	-1.626392e-02	-2.789972e+00
2.040000e-06	4.157525e-02	-2.851579e+00
2.050000e-06	-5.104574e-02	-3.029929e+00
2.060000e-06	1.455382e-02	-3.148822e+00
2.070000e-06	3.304872e-02	-3.209526e+00
2.080000e-06	-4.589694e-02	-3.346242e+00
2.090000e-06	4.407319e-02	-3.401053e+00
2.100000e-06	2.498115e-03	-3.493711e+00
2.110000e-06	-3.187550e-02	-3.600873e+00
2.120000e-06	4.572302e-02	-3.702585e+00
2.130000e-06	-2.347600e-02	-3.809423e+00
2.140000e-06	-1.646471e-02	-3.958795e+00
2.150000e-06	3.576120e-02	-4.011979e+00
2.160000e-06	-2.067068e-03	-4.126213e+00
2.170000e-06	9.381978e-03	-4.240976e+00
2.180000e-06	-7.566846e-03	-4.294687e+00
2.190000e-06	1.095381e-03	-4.369423e+00
2.200000e-06	1.749428e-02	-4.413630e+00
2.210000e-06	-1.062213e-02	-4.537843e+00
2.220000e-06	1.253843e-02	-4.660624e+00
2.230000e-06	-5.366944e-03	-4.706738e+00
2.240000e-06	6.922610e-03	-4.812547e+00
2.250000e-06	2.122486e-02	-4.934290e+00
2.260000e-06	-1.413571e-02	-5.009501e+00
2.270000e-06	8.497748e-03	-5.065160e+00
2.280000e-06	-1.831773e-03	-5.189896e+00
2.290000e-06	5.002086e-03	-5.222111e+00
2.300000e-06	1.690420e-02	-5.431324e+00
2.310000e-06	-8.331918e-03	-5.503763e+00
2.320000e-06	9.050384e-03	-5.590450e+00
2.330000e-06	4.598646e-03	-5.653583e+00
2.340000e-06	8.364090e-03	-5.725767e+00
2.350000e-06	6.583104e-03	-5.790448e+00
2.360000e-06	-6.967368e-03	-5.883610e+00
2.370000e-06	7.377529e-03	-5.945240e+00
2.380000e-06	5.785632e-03	-6.009871e+00
2.390000e-06	1.113544e-02	-6.041555e+00
2.400000e-06	5.523803e-03	-6.146162e+00
2.410000e-06	-1.902443e-03	-6.262053e+00
2.420000e-06	1.025677e-02	-6.315759e+00
2.430000e-06	4.425571e-03	-6.377871e+00
2.440000e-06	8.476180e-03	-6.412529e+00
2.450000e-06	-1.520052e-04	-6.465131e+00
2.460000e-06	3.112345e-03	-6.538662e+00
2.470000e-06	1.182493e-02	-6.609371e+00
2.480000e-06	8.605916e-03	-6.642504e+00
2.490000e-06	7.352162e-03	-6.715688e+00
2.500000e-06	-1.154492e-03	-6.757766e+00
2.510000e-06	6.244632e-03	-6.801472e+00
2.520000e-06	1.053744e-02	-6.832579e+00
2.530000e-06	8.369104e-03	-6.914139e+00
2.540000e-06	5.209695e-03	-6.960792e+00
2.550000e-06	1.801875e-03	-7.030424e+00
2.560000e-06	1.033278e-02	-7.105213e+00
2.570000e-06	9.244820e-03	-7.156762e+00
2.580000e-06	6.727728e-03	-7.188994e+00
2.590000e-06	4.110609e-03	-7.231001e+00
2.600000e-06	6.284344e-03	-7.252028e+00
2.610000e-06	1.230727e-02	-7.274108e+00
2.620000e-06	8.982881e-03	-7.336611e+00
2.630000e-06	6.376114e-03	-7.336265e+00
2.640000e-06	5.154155e-03	-7.378291e+00
2.650000e-06	8.764942e-03	-7.400351e+00
2.660000e-06	1.108687e-02	-7.440526e+00
2.670000e-06	9.072530e-03	-7.473579e+00
2.680000e-06	5.661131e-03	-7.492157e+00
2.690000e-06	8.130960e-03	-7.485588e+00
2.700000e-06	1.118102e-02	-7.506738e+00
2.710000e-06	1.024127e-02	-7.567288e+00
2.720000e-06	6.690828e-03	-7.558818e+00
2.730000e-06	7.040857e-03	-7.587398e+00
2.740000e-06	1.000652e-02	-7.579923e+00
2.750000e-06	1.250262e-02	-7.620446e+00
2.760000e-06	1.042724e-02	-7.601428e+00
2.770000e-06	9.073287e-03	-7.580430e+00
2.780000e-06	8.839453e-03	-7.653527e+00
2.790000e-06	1.153261e-02	-7.631056e+00
2.800000e-06	1.209632e-02	-7.654055e+00
2.810000e-06	1.031170e-02	-7.703060e+00
2.820000e-06	8.955005e-03	-7.663508e+00
2.830000e-06	1.172656e-02	-7.674033e+00
2.840000e-06	1.413013e-02	-7.665604e+00
2.850000e-06	1.285025e-02	-7.682129e+00
2.860000e-06	1.116312e-02	-7.652559e+00
2.870000e-06	1.125820e-02	-7.622079e+00
2.880000e-06	1.334667e-02	-7.663081e+00
2.890000e-06	1.392944e-02	-7.682952e+00
2.900000e-06	1.283504e-02	-7.620475e+00
2.910000e-06	1.214368e-02	-7.588451e+00
2.920000e-06	1.442520e-02	-7.600400e+00
2.930000e-06	1.607208e-02	-7.579872e+00
2.940000e-06	1.583721e-02	-7.558320e+00
2.950000e-06	1.412004e-02	-7.537217e+00
2.960000e-06	1.425937e-02	-7.535162e+00
2.970000e-06	1.602860e-02	-7.483663e+00
2.980000e-06	1.700997e-02	-7.461559e+00
2.990000e-06	1.690435e-02	-7.441579e+00
3.000000e-06	1.603437e-02	-7.409349e+00
3.010000e-06	1.639126e-02	-7.361449e+00
3.020000e-06	1.861252e-02	-7.358321e+00
3.030000e-06	1.793094e-02	-7.295315e+00
3.040000e-06	1.723491e-02	-7.303083e+00
3.050000e-06	1.652093e-02	-7.242582e+00
3.060000e-06	1.824659e-02	-7.221553e+00
3.070000e-06	1.944510e-02	-7.220475e+00
3.080000e-06	1.924678e-02	-7.170398e+00
3.090000e-06	1.893597e-02	-7.126890e+00
3.100000e-06	1.922982e-02	-7.086032e+00
3.110000e-06	2.123374e-02	-7.009982e+00
3.120000e-06	2.130181e-02	-6.959290e+00
3.130000e-06	2.164206e-02	-6.925211e+00
3.140000e-06	1.976363e-02	-6.831029e+00
3.150000e-06	2.269348e-02	-6.800025e+00
3.160000e-06	2.178153e-02	-6.748370e+00
3.170000e-06	2.241558e-02	-6.724663e+00
3.180000e-06	2.141132e-02	-6.644713e+00
3.190000e-06	2.209917e-02	-6.629526e+00
3.200000e-06	2.485371e-02	-6.556394e+00
3.210000e-06	2.539274e-02	-6.483707e+00
3.220000e-06	2.545351e-02	-6.432628e+00
3.230000e-06	2.122844e-02	-6.380971e+00
3.240000e-06	2.253493e-02	-6.276791e+00
3.250000e-06	1.831603e-02	-6.263734e+00
3.260000e-06	2.076461e-02	-6.188270e+00
3.270000e-06	1.986000e-02	-6.052654e+00
3.280000e-06	2.232278e-02	-6.020550e+00
3.290000e-06	2.141146e-02	-5.938275e+00
3.300000e-06	2.007735e-02	-5.914292e+00
3.310000e-06	1.770905e-02	-5.829078e+00
3.320000e-06	1.428333e-02	-5.757841e+00
3.330000e-06	1.262547e-02	-5.671207e+00
3.340000e-06	1.309682e-02	-5.609526e+00
3.350000e-06	1.424614e-02	-5.567393e+00
3.360000e-06	1.439607e-02	-5.421049e+00
3.370000e-06	1.410780e-02	-5.264235e+00
3.380000e-06	1.311838e-02	-5.222003e+00
3.390000e-06	1.110041e-02	-5.126820e+00
3.400000e-06	8.498907e-03	-5.050630e+00
3.410000e-06	6.545341e-03	-4.978449e+00
3.420000e-06	5.656335e-03	-4.841500e+00
3.430000e-06	7.304771e-03	-4.744185e+00
3.440000e-06	9.173462e-03	-4.642654e+00
3.450000e-06	7.996904e-03	-4.568424e+00
3.460000e-06	6.917651e-03	-4.493163e+00
3.470000e-06	5.536203e-03	-4.410530e+00
3.480000e-06	4.064897e-03	-4.338321e+00
3.490000e-06	2.817715e-03	-4.261608e+00
3.500000e-06	1.917911e-03	-4.169499e+00
3.510000e-06	2.020989e-03	-4.085286e+00
3.520000e-06	3.457210e-03	-4.020503e+00
3.530000e-06	4.810336e-03	-3.946865e+00
3.540000e-06	4.138186e-03	-3.799000e+00
3.550000e-06	2.851471e-03	-3.631132e+00
3.560000e-06	1.017257e-03	-3.588398e+00
3.570000e-06	2.181980e-04	-3.495238e+00
3.580000e-06	-1.430656e-03	-3.399451e+00
3.590000e-06	-8.883286e-04	-3.293763e+00
3.600000e-06	-2.098817e-04	-3.189499e+00
3.610000e-06	1.108127e-03	-3.115841e+00
3.620000e-06	1.733819e-03	-2.998922e+00
3.630000e-06	1.972683e-03	-2.853609e+00
3.640000e-06	4.262576e-05	-2.748395e+00
3.650000e-06	-1.241123e-03	-2.652208e+00
3.660000e-06	-3.073303e-03	-2.557891e+00
3.670000e-06	-3.301700e-03	-2.474678e+00
3.680000e-06	-3.264877e-03	-2.358975e+00
3.690000e-06	-2.179464e-03	-2.303611e+00
3.700000e-06	-9.099706e-04	-2.085439e+00
3.710000e-06	-2.651155e-04	-2.020024e+00
3.720000e-06	-1.421633e-03	-1.946287e+00
3.730000e-06	-2.980746e-03	-1.810580e+00
3.740000e-06	-4.266522e-03	-1.697188e+00
3.750000e-06	-4.657529e-03	-1.601051e+00
3.760000e-06	-4.685132e-03	-1.516267e+00
3.770000e-06	-4.160732e-03	-1.417499e+00
3.780000e-06	-3.755425e-03	-1.200157e+00
3.790000e-06	-2.661444e-03	-1.125937e+00
3.800000e-06	-2.091840e-03	-1.000050e+00
3.810000e-06	-3.554505e-03	-8.957619e-01
3.820000e-06	-4.357264e-03	-7.895749e-01
3.830000e-06	-5.922171e-03	-7.152882e-01
3.840000e-06	-5.767550e-03	-5.179472e-01
3.850000e-06	-6.112291e-03	-4.310540e-01
3.860000e-06	-5.328953e-03	-2.857884e-01
3.870000e-06	-5.776910e-03	-2.421052e-01
3.880000e-06	-3.308512e-03	-1.569395e-01
3.890000e-06	-1.766411e-03	-2.953133e-02
3.900000e-06	-1.928820e-04	3.160395e-02
3.910000e-06	-1.069391e-03	2.103437e-01
3.920000e-06	-3.716042e-03	3.267647e-01
3.930000e-06	-3.434479e-03	4.115013e-01
3.940000e-06	-4.018419e-03	5.347130e-01
3.950000e-06	-3.096785e-03	6.220013e-01
3.960000e-06	6.029872e-03	7.257146e-01
3.970000e-06	4.062078e-02	8.009265e-01
3.980000e-06	3.427223e-02	9.993436e-01
3.990000e-06	-2.186531e-02	1.158869e+00
4.000000e-06	-9.108991e-02	1.293212e+00
4.010000e-06	-3.007513e-02	1.346817e+00
4.020000e-06	7.618319e-02	1.450633e+00
4.030000e-06	-2.400194e-02	1.673077e+00
4.040000e-06	-9.211368e-02	1.749346e+00
4.050000e-06	7.956020e-02	1.810495e+00
4.060000e-06	3.419218e-02	1.977868e+00
4.070000e-06	-9.602475e-02	2.021503e+00
4.080000e-06	3.367109e-02	2.043080e+00
4.090000e-06	2.314539e-02	2.219998e+00
4.100000e-06	-9.685831e-02	2.338341e+00
4.110000e-06	3.046732e-02	2.420424e+00
4.120000e-06	5.509212e-02	2.516236e+00
4.130000e-06	-5.072103e-02	2.674074e+00
4.140000e-06	1.098114e-02	2.768847e+00
4.150000e-06	-3.332490e-03	2.844608e+00
4.160000e-06	-3.105133e-02	2.937817e+00
4.170000e-06	1.370957e-02	3.041578e+00
4.180000e-06	-1.485657e-02	3.137816e+00
4.190000e-06	-1.489235e-02	3.210954e+00
4.200000e-06	1.753565e-02	3.325714e+00
4.210000e-06	-1.002061e-02	3.414082e+00
4.220000e-06	-9.539426e-03	3.558921e+00
4.230000e-06	1.519808e-03	3.643453e+00
4.240000e-06	-2.687401e-02	3.757917e+00
4.250000e-06	-8.484197e-03	3.832551e+00
4.260000e-06	1.154578e-02	3.958287e+00
4.270000e-06	-3.550713e-03	4.000451e+00
4.280000e-06	-1.969949e-02	4.135163e+00
4.290000e-06	-5.249593e-03	4.204350e+00
4.300000e-06	-2.226939e-03	4.357169e+00
4.310000e-06	-1.002362e-02	4.474528e+00
4.320000e-06	-5.480061e-03	4.506164e+00
4.330000e-06	-1.449609e-02	4.631476e+00
4.340000e-06	-8.439400e-03	4.685633e+00
4.350000e-06	5.059025e-03	4.759344e+00
4.360000e-06	-5.234890e-03	4.833528e+00
4.370000e-06	-1.907484e-02	4.939842e+00
4.380000e-06	-1.160142e-02	5.116634e+00
4.390000e-06	-7.186683e-03	5.191424e+00
4.400000e-06	-2.025410e-03	5.304584e+00
4.410000e-06	-8.109249e-03	5.359894e+00
4.420000e-06	-1.376676e-02	5.462059e+00
4.430000e-06	-9.211412e-03	5.525712e+00
4.440000e-06	-2.056855e-03	5.599399e+00
4.450000e-06	-6.329966e-03	5.653075e+00
4.460000e-06	-1.637193e-02	5.714185e+00
4.470000e-06	-1.428109e-02	5.831925e+00
4.480000e-06	-6.946667e-03	5.898016e+00
4.490000e-06	-3.616783e-03	5.968924e+00
4.500000e-06	-7.797766e-03	6.011503e+00
4.510000e-06	-1.589048e-02	6.065658e+00
4.520000e-06	-1.171417e-02	6.149237e+00
4.530000e-06	-7.128271e-03	6.201477e+00
4.540000e-06	-6.954369e-03	6.304083e+00
4.550000e-06	-1.376368e-02	6.316737e+00
4.560000e-06	-1.365891e-02	6.359344e+00
4.570000e-06	-8.939676e-03	6.421479e+00
4.580000e-06	-6.974612e-03	6.515608e+00
4.590000e-06	-1.015636e-02	6.558647e+00
4.600000e-06	-1.598677e-02	6.601850e+00
4.610000e-06	-1.371997e-02	6.694635e+00
4.620000e-06	-9.320707e-03	6.727243e+00
4.630000e-06	-8.167909e-03	6.788999e+00
4.640000e-06	-1.351633e-02	6.831975e+00
4.650000e-06	-1.435150e-02	6.883032e+00
4.660000e-06	-1.263825e-02	6.906705e+00
4.670000e-06	-9.412492e-03	6.937265e+00
4.680000e-06	-1.277313e-02	6.979825e+00
4.690000e-06	-1.559388e-02	7.032503e+00
4.700000e-06	-1.547036e-02	7.095108e+00
4.710000e-06	-1.051719e-02	7.165586e+00
4.720000e-06	-1.035885e-02	7.137815e+00
4.730000e-06	-1.382100e-02	7.158870e+00
4.740000e-06	-1.703294e-02	7.209976e+00
4.750000e-06	-1.412718e-02	7.231475e+00
4.760000e-06	-1.259991e-02	7.242528e+00
4.770000e-06	-1.184883e-02	7.296703e+00
4.780000e-06	-1.543434e-02	7.304008e+00
4.790000e-06	-1.671202e-02	7.356735e+00
4.800000e-06	-1.512112e-02	7.369292e+00
4.810000e-06	-1.387684e-02	7.440374e+00
4.820000e-06	-1.523133e-02	7.431950e+00
4.830000e-06	-1.713382e-02	7.444533e+00
4.840000e-06	-1.649570e-02	7.465583e+00
4.850000e-06	-1.490161e-02	7.484658e+00
4.860000e-06	-1.435779e-02	7.497113e+00
4.870000e-06	-1.704408e-02	7.557734e+00
4.880000e-06	-1.810315e-02	7.517888e+00
4.890000e-06	-1.791868e-02	7.547818e+00
4.900000e-06	-1.602294e-02	7.568767e+00
4.910000e-06	-1.735851e-02	7.557846e+00
4.920000e-06	-1.868731e-02	7.558443e+00
4.930000e-06	-1.883626e-02	7.587817e+00
4.940000e-06	-1.781953e-02	7.558746e+00
4.950000e-06	-1.751064e-02	7.548367e+00
4.960000e-06	-1.912563e-02	7.539392e+00
4.970000e-06	-2.040801e-02	7.576320e+00
4.980000e-06	-1.980273e-02	7.519366e+00
4.990000e-06	-1.882986e-02	7.527713e+00
5.000000e-06	-2.124535e-02	7.526512e+00
5.010000e-06	-2.181809e-02	7.526662e+00
5.020000e-06	-2.160250e-02	7.505183e+00
5.030000e-06	-2.019312e-02	7.451477e+00
5.040000e-06	-2.116409e-02	7.403503e+00
5.050000e-06	-2.219213e-02	7.398320e+00
5.060000e-06	-2.305031e-02	7.349840e+00
5.070000e-06	-2.212152e-02	7.307090e+00
5.080000e-06	-2.188599e-02	7.274706e+00
5.090000e-06	-2.289491e-02	7.254057e+00
5.100000e-06	-2.453296e-02	7.202606e+00
5.110000e-06	-2.411960e-02	7.191001e+00
5.120000e-06	-2.288214e-02	7.190398e+00
5.130000e-06	-2.475983e-02	7.157794e+00
5.140000e-06	-2.475588e-02	7.127192e+00
5.150000e-06	-2.630188e-02	7.075108e+00
5.160000e-06	-2.512347e-02	7.022633e+00
5.170000e-06	-2.635940e-02	7.041974e+00
5.180000e-06	-2.642705e-02	7.018845e+00
5.190000e-06	-2.713909e-02	6.936761e+00
5.200000e-06	-2.802451e-02	6.894186e+00
5.210000e-06	-2.790724e-02	6.834528e+00
5.220000e-06	-2.774562e-02	6.812050e+00
5.230000e-06	-2.861444e-02	6.770374e+00
5.240000e-06	-2.876110e-02	6.736767e+00
5.250000e-06	-2.968922e-02	6.734158e+00
5.260000e-06	-2.979795e-02	6.632324e+00
5.270000e-06	-2.989427e-02	6.515665e+00
5.280000e-06	-3.133546e-02	6.465158e+00
5.290000e-06	-3.117813e-02	6.441476e+00
5.300000e-06	-3.155683e-02	6.379450e+00
5.310000e-06	-3.042979e-02	6.317717e+00
5.320000e-06	-3.069641e-02	6.244058e+00
5.330000e-06	-2.979982e-02	6.170500e+00
5.340000e-06	-3.032756e-02	6.147916e+00
5.350000e-06	-2.957647e-02	6.087111e+00
5.360000e-06	-2.915348e-02	6.002552e+00
5.370000e-06	-2.823927e-02	5.969973e+00
5.380000e-06	-2.788604e-02	5.906215e+00
5.390000e-06	-2.673979e-02	5.822475e+00
5.400000e-06	-2.581994e-02	5.666683e+00
5.410000e-06	-2.522231e-02	5.599976e+00
5.420000e-06	-2.447979e-02	5.569899e+00
5.430000e-06	-2.344885e-02	5.525737e+00
5.440000e-06	-2.233214e-02	5.409477e+00
5.450000e-06	-2.186987e-02	5.367769e+00
5.460000e-06	-2.153583e-02	5.263162e+00
5.470000e-06	-2.044690e-02	5.179421e+00
5.480000e-06	-1.888010e-02	5.066110e+00
5.490000e-06	-1.901760e-02	4.957265e+00
5.500000e-06	-1.863886e-02	4.811103e+00
5.510000e-06	-1.777389e-02	4.749846e+00
5.520000e-06	-1.563327e-02	4.703663e+00
5.530000e-06	-1.558196e-02	4.620023e+00
5.540000e-06	-1.545884e-02	4.556767e+00
5.550000e-06	-1.554345e-02	4.452078e+00
5.560000e-06	-1.461907e-02	4.388973e+00
5.570000e-06	-1.279625e-02	4.316660e+00
5.580000e-06	-1.326077e-02	4.170849e+00
5.590000e-06	-1.284725e-02	4.041152e+00
5.600000e-06	-1.331459e-02	3.979846e+00
5.610000e-06	-1.352486e-02	3.914238e+00
5.620000e-06	-1.068663e-02	3.778925e+00
5.630000e-06	-1.211488e-02	3.725738e+00
5.640000e-06	-1.205300e-02	3.611031e+00
5.650000e-06	-1.146769e-02	3.537340e+00
5.660000e-06	-9.134971e-03	3.434103e+00
5.670000e-06	-9.352801e-03	3.303234e+00
5.680000e-06	-1.089723e-02	3.170021e+00
5.690000e-06	-1.190305e-02	3.125661e+00
5.700000e-06	-1.017357e-02	3.010024e+00
5.710000e-06	-8.101118e-03	2.886737e+00
5.720000e-06	-8.081424e-03	2.802580e+00
5.730000e-06	-9.525452e-03	2.768318e+00
5.740000e-06	-8.431508e-03	2.611523e+00
5.750000e-06	-7.816441e-03	2.474684e+00
5.760000e-06	-7.229767e-03	2.359921e+00
5.770000e-06	-7.889285e-03	2.264632e+00
5.780000e-06	-8.468336e-03	2.139371e+00
5.790000e-06	-7.999665e-03	2.051727e+00
5.800000e-06	-6.689631e-03	1.999522e+00
5.810000e-06	-7.848070e-03	1.845287e+00
5.820000e-06	-7.032271e-03	1.787868e+00
5.830000e-06	-7.412105e-03	1.613186e+00
5.840000e-06	-6.256544e-03	1.549916e+00
5.850000e-06	-6.956889e-03	1.470603e+00
5.860000e-06	-5.100139e-03	1.256340e+00
5.870000e-06	-6.765044e-03	1.169498e+00
5.880000e-06	-5.744674e-03	1.044186e+00
5.890000e-06	-6.594831e-03	8.967607e-01
5.900000e-06	-5.252958e-03	8.194513e-01
5.910000e-06	-5.573655e-03	6.868159e-01
5.920000e-06	-5.066881e-03	5.999713e-01
5.930000e-06	-5.584070e-03	4.747330e-01
5.940000e-06	-4.924012e-03	3.810513e-01
5.950000e-06	-5.348569e-03	2.747682e-01
5.960000e-06	-5.046684e-03	1.168708e-01
5.970000e-06	-5.062245e-03	3.157776e-02
5.980000e-06	-3.432020e-03	-8.318427e-02
5.990000e-06	-9.922181e-04	-1.984486e-01
6.000000e-06	9.913195e-04	-2.631567e-01
6.010000e-06	-8.483259e-04	-3.458446e-01
6.020000e-06	-1.427729e-03	-4.321565e-01
6.030000e-06	-1.229720e-03	-5.479176e-01
6.040000e-06	-8.940550e-04	-7.567918e-01
6.050000e-06	-1.816797e-04	-8.010000e-01
6.060000e-06	2.169488e-02	-9.346604e-01
6.070000e-06	5.733402e-02	-9.994239e-01
6.080000e-06	6.019796e-03	-1.188874e+00
6.090000e-06	-6.469963e-02	-1.439029e+00
6.100000e-06	-5.833589e-02	-1.557370e+00
6.110000e-06	6.490441e-02	-1.548345e+00
6.120000e-06	3.488347e-02	-1.628974e+00
6.130000e-06	-1.055842e-01	-1.780971e+00
6.140000e-06	3.200553e-02	-1.883708e+00
6.150000e-06	8.059631e-02	-1.923259e+00
6.160000e-06	-1.123185e-01	-2.081978e+00
6.170000e-06	-9.604446e-03	-2.232029e+00
6.180000e-06	9.892418e-02	-2.304761e+00
6.190000e-06	-8.432689e-02	-2.452029e+00
6.200000e-06	-1.630899e-02	-2.535292e+00
6.210000e-06	8.990765e-02	-2.568799e+00
6.220000e-06	-3.762620e-02	-2.735688e+00
6.230000e-06	2.861558e-03	-2.799951e+00
6.240000e-06	2.939508e-02	-2.873183e+00
6.250000e-06	-5.759890e-02	-3.092528e+00
6.260000e-06	3.094635e-02	-3.177849e+00
6.270000e-06	1.650963e-02	-3.251603e+00
6.280000e-06	-3.858049e-02	-3.346822e+00
6.290000e-06	5.346801e-02	-3.453029e+00
6.300000e-06	-1.372860e-02	-3.495188e+00
6.310000e-06	-2.316796e-02	-3.591004e+00
6.320000e-06	4.530022e-02	-3.674586e+00
6.330000e-06	-3.373699e-02	-3.851104e+00
6.340000e-06	-4.308495e-03	-3.939345e+00
6.350000e-06	3.127943e-02	-4.022028e+00
6.360000e-06	-1.779380e-03	-4.158367e+00
6.370000e-06	1.076757e-02	-4.261029e+00
6.380000e-06	-1.134851e-02	-4.334788e+00
6.390000e-06	5.753628e-03	-4.399945e+00
6.400000e-06	1.214081e-02	-4.453131e+00
6.410000e-06	-8.842278e-03	-4.568342e+00
6.420000e-06	1.316115e-02	-4.691555e+00
6.430000e-06	-6.862317e-03	-4.738840e+00
6.440000e-06	1.332815e-02	-4.841980e+00
6.450000e-06	1.722517e-02	-4.937734e+00
6.460000e-06	-1.264016e-02	-5.082554e+00
6.470000e-06	1.069005e-02	-5.096160e+00
6.480000e-06	-5.076168e-03	-5.200373e+00
6.490000e-06	9.463907e-03	-5.286189e+00
6.500000e-06	1.295829e-02	-5.421428e+00
6.510000e-06	-7.850484e-03	-5.556811e+00
6.520000e-06	1.099683e-02	-5.629891e+00
6.530000e-06	4.908560e-03	-5.623107e+00
6.540000e-06	1.219429e-02	-5.756863e+00
6.550000e-06	4.171048e-03	-5.831953e+00
6.560000e-06	-5.416941e-03	-5.844131e+00
6.570000e-06	7.792793e-03	-5.956815e+00
6.580000e-06	3.473364e-03	-6.009951e+00
6.590000e-06	1.196676e-02	-6.062505e+00
6.600000e-06	3.379466e-03	-6.146238e+00
6.610000e-06	1.841965e-03	-6.252427e+00
6.620000e-06	1.123056e-02	-6.347287e+00
6.630000e-06	5.560858e-03	-6.377897e+00
6.640000e-06	7.577356e-03	-6.421476e+00
6.650000e-06	-5.338051e-04	-6.494082e+00
6.660000e-06	4.507423e-03	-6.537843e+00
6.670000e-06	9.364687e-03	-6.639999e+00
6.680000e-06	7.403562e-03	-6.673157e+00
6.690000e-06	7.642702e-03	-6.705214e+00
6.700000e-06	1.388442e-03	-6.766865e+00
6.710000e-06	9.160902e-03	-6.789450e+00
6.720000e-06	8.896238e-03	-6.821531e+00
6.730000e-06	7.407033e-03	-6.884138e+00
6.740000e-06	4.255934e-03	-7.008268e+00
6.750000e-06	2.893763e-03	-7.064553e+00
6.760000e-06	7.859394e-03	-7.074186e+00
6.770000e-06	7.963781e-03	-7.126342e+00
6.780000e-06	8.046951e-03	-7.189973e+00
6.790000e-06	6.796660e-03	-7.220980e+00
6.800000e-06	8.794705e-03	-7.262028e+00
6.810000e-06	1.147138e-02	-7.313659e+00
6.820000e-06	7.138743e-03	-7.335710e+00
6.830000e-06	5.035846e-03	-7.345368e+00
6.840000e-06	3.229744e-03	-7.339367e+00
6.850000e-06	7.762363e-03	-7.427978e+00
6.860000e-06	1.060931e-02	-7.432430e+00
6.870000e-06	1.057409e-02	-7.422105e+00
6.880000e-06	8.524306e-03	-7.483136e+00
6.890000e-06	9.170878e-03	-7.496762e+00
6.900000e-06	1.125137e-02	-7.526687e+00
6.910000e-06	8.410470e-03	-7.546770e+00
6.920000e-06	5.431289e-03	-7.586767e+00
6.930000e-06	7.455075e-03	-7.578444e+00
6.940000e-06	1.049131e-02	-7.600420e+00
6.950000e-06	1.320813e-02	-7.642400e+00
6.960000e-06	1.156956e-02	-7.601025e+00
6.970000e-06	8.905300e-03	-7.620954e+00
6.980000e-06	9.556855e-03	-7.640554e+00
6.990000e-06	1.114529e-02	-7.641457e+00
7.000000e-06	1.100261e-02	-7.692084e+00
7.010000e-06	9.263710e-03	-7.683505e+00
7.020000e-06	1.034956e-02	-7.654083e+00
7.030000e-06	1.298146e-02	-7.663575e+00
7.040000e-06	1.480403e-02	-7.644583e+00
7.050000e-06	1.275045e-02	-7.673557e+00
7.060000e-06	1.040111e-02	-7.712627e+00
7.070000e-06	1.154138e-02	-7.652604e+00
7.080000e-06	1.336966e-02	-7.683031e+00
7.090000e-06	1.382290e-02	-7.653523e+00
7.100000e-06	1.314090e-02	-7.590478e+00
7.110000e-06	1.350981e-02	-7.609998e+00
7.120000e-06	1.561747e-02	-7.608850e+00
7.130000e-06	1.611960e-02	-7.580347e+00
7.140000e-06	1.501287e-02	-7.557891e+00
7.150000e-06	1.333606e-02	-7.545763e+00
7.160000e-06	1.383863e-02	-7.495238e+00
7.170000e-06	1.722894e-02	-7.485087e+00
7.180000e-06	1.730420e-02	-7.463157e+00
7.190000e-06	1.646212e-02	-7.431552e+00
7.200000e-06	1.558319e-02	-7.431002e+00
7.210000e-06	1.827122e-02	-7.390321e+00
7.220000e-06	1.911448e-02	-7.358296e+00
7.230000e-06	1.790661e-02	-7.315215e+00
7.240000e-06	1.569317e-02	-7.252632e+00
7.250000e-06	1.670881e-02	-7.223033e+00
7.260000e-06	1.923651e-02	-7.229553e+00
7.270000e-06	2.059202e-02	-7.210449e+00
7.280000e-06	1.918951e-02	-7.177874e+00
7.290000e-06	1.883850e-02	-7.126767e+00
7.300000e-06	1.962755e-02	-7.032683e+00
7.310000e-06	2.111507e-02	-7.040975e+00
7.320000e-06	2.117892e-02	-6.976809e+00
7.330000e-06	1.969730e-02	-6.894136e+00
7.340000e-06	1.986512e-02	-6.851604e+00
7.350000e-06	2.161903e-02	-6.760001e+00
7.360000e-06	2.482567e-02	-6.778820e+00
7.370000e-06	2.336269e-02	-6.705234e+00
7.380000e-06	2.189872e-02	-6.661581e+00
7.390000e-06	2.108366e-02	-6.600999e+00
7.400000e-06	2.331156e-02	-6.546843e+00
7.410000e-06	2.310989e-02	-6.495186e+00
7.420000e-06	2.198171e-02	-6.451075e+00
7.430000e-06	2.083513e-02	-6.379900e+00
7.440000e-06	2.370062e-02	-6.317742e+00
7.450000e-06	2.294412e-02	-6.220550e+00
7.460000e-06	2.217945e-02	-6.199267e+00
7.470000e-06	1.882392e-02	-6.042183e+00
7.480000e-06	1.922874e-02	-6.000001e+00
7.490000e-06	1.844983e-02	-5.957918e+00
7.500000e-06	1.815962e-02	-5.873688e+00
7.510000e-06	1.451794e-02	-5.790999e+00
7.520000e-06	1.585840e-02	-5.736770e+00
7.530000e-06	1.624829e-02	-5.642157e+00
7.540000e-06	1.698756e-02	-5.590026e+00
7.550000e-06	1.448193e-02	-5.516312e+00
7.560000e-06	1.155045e-02	-5.407452e+00
7.570000e-06	1.028275e-02	-5.304182e+00
7.580000e-06	1.030201e-02	-5.200029e+00
7.590000e-06	1.021816e-02	-5.114192e+00
7.600000e-06	9.017537e-03	-5.072080e+00
7.610000e-06	8.667398e-03	-4.906896e+00
7.620000e-06	9.300016e-03	-4.810879e+00
7.630000e-06	8.931404e-03	-4.705711e+00
7.640000e-06	6.545957e-03	-4.601001e+00
7.650000e-06	5.673341e-03	-4.578288e+00
7.660000e-06	3.993136e-03	-4.463207e+00
7.670000e-06	5.624227e-03	-4.391026e+00
7.680000e-06	4.295460e-03	-4.336866e+00
7.690000e-06	5.614919e-03	-4.253631e+00
7.700000e-06	3.744948e-03	-4.177843e+00
7.710000e-06	3.769398e-03	-4.094736e+00
7.720000e-06	3.799913e-03	-4.000025e+00
7.730000e-06	3.015303e-03	-3.916291e+00
7.740000e-06	1.196361e-03	-3.778865e+00
7.750000e-06	9.533008e-04	-3.670603e+00
7.760000e-06	7.894700e-04	-3.589024e+00
7.770000e-06	1.689264e-03	-3.513133e+00
7.780000e-06	2.274201e-03	-3.379000e+00
7.790000e-06	1.577289e-03	-3.273610e+00
7.800000e-06	6.788346e-04	-3.220026e+00
7.810000e-06	7.374262e-04	-3.066166e+00
7.820000e-06	5.131013e-04	-2.977870e+00
7.830000e-06	-9.312939e-04	-2.821557e+00
7.840000e-06	-1.747994e-03	-2.757917e+00
7.850000e-06	-9.784954e-04	-2.651656e+00
7.860000e-06	-4.985740e-04	-2.527820e+00
7.870000e-06	-7.777751e-04	-2.430609e+00
7.880000e-06	-1.424400e-03	-2.348446e+00
7.890000e-06	-1.314920e-03	-2.251608e+00
7.900000e-06	-2.063440e-03	-2.095213e+00
7.910000e-06	-2.278260e-03	-1.988549e+00
7.920000e-06	-3.051538e-03	-1.896241e+00
7.930000e-06	-3.178538e-03	-1.808999e+00
7.940000e-06	-3.208271e-03	-1.713863e+00
7.950000e-06	-2.259650e-03	-1.579997e+00
7.960000e-06	-2.914318e-03	-1.523792e+00
7.970000e-06	-3.844859e-03	-1.307395e+00
7.980000e-06	-3.868081e-03	-1.229602e+00
7.990000e-06	-4.081104e-03	-1.084186e+00
8.000000e-06	-4.544182e-03	-9.689723e-01
8.010000e-06	-4.469323e-03	-9.031880e-01
8.020000e-06	-5.056083e-03	-7.890011e-01
8.030000e-06	-4.327641e-03	-6.547093e-01
8.040000e-06	-4.527935e-03	-5.164958e-01
8.050000e-06	-4.672088e-03	-4.415313e-01
8.060000e-06	-5.733317e-03	-3.168132e-01
8.070000e-06	-5.728689e-03	-2.395752e-01
8.080000e-06	-4.911637e-03	-1.258645e-01
8.090000e-06	-3.281453e-03	-3.054876e-02
8.100000e-06	-1.476350e-03	5.421045e-02
8.110000e-06	-1.382272e-03	2.089462e-01
8.120000e-06	-1.533366e-03	3.363159e-01
8.130000e-06	-2.358230e-03	4.405264e-01
8.140000e-06	-3.890047e-03	5.262382e-01
8.150000e-06	-2.870415e-03	6.210028e-01
8.160000e-06	8.956964e-03	7.452634e-01
8.170000e-06	4.313724e-02	8.610802e-01
8.180000e-06	2.490097e-02	1.002930e+00
8.190000e-06	-3.249924e-02	1.220900e+00
8.200000e-06	-9.199223e-02	1.347212e+00
8.210000e-06	-4.975519e-03	1.358368e+00
8.220000e-06	7.765584e-02	1.544084e+00
8.230000e-06	-5.846697e-02	1.675161e+00
8.240000e-06	-6.437354e-02	1.798896e+00
8.250000e-06	1.008506e-01	1.802478e+00
8.260000e-06	3.727037e-03	1.978397e+00
8.270000e-06	-8.529919e-02	2.031576e+00
8.280000e-06	4.843495e-02	2.074105e+00
8.290000e-06	9.925192e-04	2.222532e+00
8.300000e-06	-8.761612e-02	2.356720e+00
8.310000e-06	5.163192e-02	2.380450e+00
8.320000e-06	3.649712e-02	2.536666e+00
8.330000e-06	-5.041682e-02	2.663058e+00
8.340000e-06	1.522325e-02	2.777872e+00
8.350000e-06	-1.148544e-02	2.894238e+00
8.360000e-06	-2.640006e-02	2.958298e+00
8.370000e-06	1.816943e-02	3.062628e+00
8.380000e-06	-1.515204e-02	3.158320e+00
8.390000e-06	-5.948835e-03	3.231980e+00
8.400000e-06	1.429481e-02	3.329241e+00
8.410000e-06	-1.652823e-02	3.475081e+00
8.420000e-06	-4.674300e-03	3.587399e+00
8.430000e-06	-3.368559e-03	3.653005e+00
8.440000e-06	-2.665502e-02	3.798391e+00
8.450000e-06	-2.324744e-03	3.824059e+00
8.460000e-06	1.412020e-02	3.960867e+00
8.470000e-06	-4.817265e-03	4.000526e+00
8.480000e-06	-1.670512e-02	4.105192e+00
8.490000e-06	-5.148736e-03	4.252909e+00
8.500000e-06	-5.161957e-03	4.337819e+00
8.510000e-06	-9.194565e-03	4.442529e+00
8.520000e-06	-5.172184e-03	4.556184e+00
8.530000e-06	-1.679614e-02	4.633956e+00
8.540000e-06	-7.321637e-03	4.696233e+00
8.550000e-06	7.053171e-03	4.777901e+00
8.560000e-06	-8.358241e-03	4.904606e+00
8.570000e-06	-1.557760e-02	5.029843e+00
8.580000e-06	-1.289440e-02	5.066765e+00
8.590000e-06	-5.915197e-03	5.212477e+00
8.600000e-06	-2.625258e-03	5.285183e+00
8.610000e-06	-8.644333e-03	5.369272e+00
8.620000e-06	-1.421361e-02	5.443030e+00
8.630000e-06	-9.461143e-03	5.527265e+00
8.640000e-06	-2.210147e-03	5.588952e+00
8.650000e-06	-7.290832e-03	5.641026e+00
8.660000e-06	-1.620757e-02	5.655716e+00
8.670000e-06	-1.425605e-02	5.812003e+00
8.680000e-06	-7.488699e-03	5.935615e+00
8.690000e-06	-4.068958e-03	5.979349e+00
8.700000e-06	-7.826257e-03	6.063054e+00
8.710000e-06	-1.632170e-02	6.084687e+00
8.720000e-06	-1.193339e-02	6.188340e+00
8.730000e-06	-7.276432e-03	6.203000e+00
8.740000e-06	-7.620686e-03	6.295188e+00
8.750000e-06	-1.399957e-02	6.326664e+00
8.760000e-06	-1.497536e-02	6.399920e+00
8.770000e-06	-7.042258e-03	6.412955e+00
8.780000e-06	-8.793318e-03	6.496613e+00
8.790000e-06	-9.988720e-03	6.577742e+00
8.800000e-06	-1.767225e-02	6.661828e+00
8.810000e-06	-1.223252e-02	6.755633e+00
8.820000e-06	-8.772970e-03	6.747894e+00
8.830000e-06	-6.991218e-03	6.790950e+00
8.840000e-06	-1.367719e-02	6.844027e+00
8.850000e-06	-1.613517e-02	6.874080e+00
8.860000e-06	-1.338877e-02	6.906662e+00
8.870000e-06	-1.200982e-02	6.929293e+00
8.880000e-06	-1.297745e-02	7.020924e+00
8.890000e-06	-1.550923e-02	7.023479e+00
8.900000e-06	-1.198758e-02	7.094610e+00
8.910000e-06	-9.051695e-03	7.125166e+00
8.920000e-06	-9.150912e-03	7.157745e+00
8.930000e-06	-1.625722e-02	7.180399e+00
8.940000e-06	-1.823301e-02	7.180951e+00
8.950000e-06	-1.732807e-02	7.221978e+00
8.960000e-06	-1.263094e-02	7.242633e+00
8.970000e-06	-1.238692e-02	7.293608e+00
8.980000e-06	-1.415242e-02	7.325586e+00
8.990000e-06	-1.382756e-02	7.366312e+00
9.000000e-06	-1.331676e-02	7.348225e+00
9.010000e-06	-1.291616e-02	7.420270e+00
9.020000e-06	-1.717496e-02	7.401450e+00
9.030000e-06	-1.858357e-02	7.495036e+00
9.040000e-06	-1.791336e-02	7.475032e+00
9.050000e-06	-1.349059e-02	7.487614e+00
9.060000e-06	-1.451562e-02	7.507637e+00
9.070000e-06	-1.694085e-02	7.497740e+00
9.080000e-06	-1.779388e-02	7.588362e+00
9.090000e-06	-1.616352e-02	7.538768e+00
9.100000e-06	-1.476022e-02	7.528242e+00
9.110000e-06	-1.801062e-02	7.558295e+00
9.120000e-06	-1.903926e-02	7.557243e+00
9.130000e-06	-1.972334e-02	7.548242e+00
9.140000e-06	-1.763955e-02	7.568369e+00
9.150000e-06	-1.779975e-02	7.557747e+00
9.160000e-06	-1.921160e-02	7.570393e+00
9.170000e-06	-2.056743e-02	7.537291e+00
9.180000e-06	-1.892946e-02	7.518242e+00
9.190000e-06	-1.758924e-02	7.546741e+00
9.200000e-06	-1.996753e-02	7.516663e+00
9.210000e-06	-2.198880e-02	7.516208e+00
9.220000e-06	-2.280074e-02	7.466105e+00
9.230000e-06	-2.085652e-02	7.452954e+00
9.240000e-06	-2.095030e-02	7.431003e+00
9.250000e-06	-2.215554e-02	7.389896e+00
9.260000e-06	-2.375020e-02	7.389713e+00
9.270000e-06	-2.314410e-02	7.284661e+00
9.280000e-06	-2.213677e-02	7.285059e+00
9.290000e-06	-2.342962e-02	7.242054e+00
9.300000e-06	-2.567119e-02	7.231528e+00
9.310000e-06	-2.593410e-02	7.180999e+00
9.320000e-06	-2.294861e-02	7.149350e+00
9.330000e-06	-2.235778e-02	7.168341e+00
9.340000e-06	-2.551661e-02	7.157763e+00
9.350000e-06	-2.697089e-02	7.094108e+00
9.360000e-06	-2.606457e-02	7.051577e+00
9.370000e-06	-2.576417e-02	6.980476e+00
9.380000e-06	-2.663536e-02	6.960874e+00
9.390000e-06	-2.819519e-02	6.897765e+00
9.400000e-06	-2.797600e-02	6.875209e+00
9.410000e-06	-2.727892e-02	6.832555e+00
9.420000e-06	-2.739697e-02	6.810000e+00
9.430000e-06	-2.862241e-02	6.769872e+00
9.440000e-06	-3.044891e-02	6.727817e+00
9.450000e-06	-3.054462e-02	6.695083e+00
9.460000e-06	-2.966297e-02	6.592051e+00
9.470000e-06	-3.002526e-02	6.468167e+00
9.480000e-06	-3.076508e-02	6.433078e+00
9.490000e-06	-3.107761e-02	6.410924e+00
9.500000e-06	-3.079154e-02	6.359447e+00
9.510000e-06	-3.071837e-02	6.328786e+00
9.520000e-06	-3.052007e-02	6.264580e+00
9.530000e-06	-3.112223e-02	6.171022e+00
9.540000e-06	-3.039163e-02	6.148421e+00
9.550000e-06	-2.917337e-02	6.085258e+00
9.560000e-06	-2.862538e-02	6.021529e+00
9.570000e-06	-2.883590e-02	5.969374e+00
9.580000e-06	-2.770894e-02	5.916286e+00
9.590000e-06	-2.694729e-02	5.759852e+00
9.600000e-06	-2.528918e-02	5.655655e+00
9.610000e-06	-2.430961e-02	5.610550e+00
9.620000e-06	-2.408594e-02	5.558846e+00
9.630000e-06	-2.315950e-02	5.474687e+00
9.640000e-06	-2.258180e-02	5.400473e+00
9.650000e-06	-2.104825e-02	5.347844e+00
9.660000e-06	-2.027169e-02	5.253135e+00
9.670000e-06	-2.094649e-02	5.148919e+00
9.680000e-06	-2.047437e-02	5.043605e+00
9.690000e-06	-1.854351e-02	4.897365e+00
9.700000e-06	-1.727750e-02	4.842100e+00
9.710000e-06	-1.640676e-02	4.778870e+00
9.720000e-06	-1.670445e-02	4.675710e+00
9.730000e-06	-1.526470e-02	4.590001e+00
9.740000e-06	-1.518794e-02	4.505816e+00
9.750000e-06	-1.455619e-02	4.411130e+00
9.760000e-06	-1.519598e-02	4.379472e+00
9.770000e-06	-1.460018e-02	4.295666e+00
9.780000e-06	-1.284488e-02	4.169336e+00
9.790000e-06	-1.177084e-02	4.033029e+00
9.800000e-06	-1.194219e-02	3.969321e+00
9.810000e-06	-1.249992e-02	3.865236e+00
9.820000e-06	-1.156523e-02	3.759425e+00
9.830000e-06	-1.033995e-02	3.692734e+00
9.840000e-06	-1.139963e-02	3.600554e+00
9.850000e-06	-1.184711e-02	3.538315e+00
9.860000e-06	-1.164142e-02	3.381528e+00
9.870000e-06	-1.010561e-02	3.243580e+00
9.880000e-06	-9.624769e-03	3.148974e+00
9.890000e-06	-1.005012e-02	3.045257e+00
9.900000e-06	-9.639465e-03	2.949499e+00
9.910000e-06	-9.295737e-03	2.896261e+00
9.920000e-06	-8.422120e-03	2.820001e+00
9.930000e-06	-9.344397e-03	2.717942e+00
9.940000e-06	-8.981431e-03	2.582447e+00
9.950000e-06	-9.925614e-03	2.462605e+00
9.960000e-06	-8.094047e-03	2.367290e+00
9.970000e-06	-7.502726e-03	2.253653e+00
9.980000e-06	-7.487899e-03	2.188320e+00
9.990000e-06	-7.853456e-03	2.022628e+00
1.000000e-05	-7.630686e-03	1.947496e+00
1.001000e-05	-7.635832e-03	1.834659e+00
1.002000e-05	-6.862293e-03	1.758869e+00
1.003000e-05	-7.917385e-03	1.621156e+00
1.004000e-05	-6.595264e-03	1.576866e+00
1.005000e-05	-6.889958e-03	1.411500e+00
1.006000e-05	-5.601373e-03	1.285164e+00
1.007000e-05	-5.692253e-03	1.179497e+00
1.008000e-05	-7.291417e-03	1.024229e+00
1.009000e-05	-5.917549e-03	8.861594e-01
1.010000e-05	-6.079443e-03	7.809736e-01
1.011000e-05	-4.775612e-03	7.062343e-01
1.012000e-05	-5.156111e-03	5.989747e-01
1.013000e-05	-5.383245e-03	5.021554e-01
1.014000e-05	-5.067266e-03	3.689999e-01
1.015000e-05	-4.261622e-03	2.452330e-01
1.016000e-05	-4.644521e-03	1.459146e-01
1.017000e-05	-5.703276e-03	2.762814e-05
1.018000e-05	-4.268984e-03	-9.168409e-02
1.019000e-05	-1.809836e-03	-2.098998e-01
1.020000e-05	1.157021e-03	-2.641881e-01
1.021000e-05	-5.858631e-04	-3.893960e-01
1.022000e-05	-1.459958e-03	-4.731567e-01
1.023000e-05	-9.157264e-04	-6.184511e-01
1.024000e-05	-7.610929e-04	-7.767446e-01
1.025000e-05	4.667345e-04	-8.200289e-01
1.026000e-05	2.893658e-02	-9.052880e-01
1.027000e-05	5.260377e-02	-1.011052e+00
1.028000e-05	-4.530617e-03	-1.230499e+00
1.029000e-05	-7.589337e-02	-1.461533e+00
1.030000e-05	-3.573024e-02	-1.548447e+00
1.031000e-05	8.014181e-02	-1.527845e+00
1.032000e-05	1.023566e-04	-1.670077e+00
1.033000e-05	-1.070308e-01	-1.799501e+00
1.034000e-05	7.047435e-02	-1.875187e+00
1.035000e-05	6.244382e-02	-1.915161e+00
1.036000e-05	-1.186249e-01	-2.095608e+00
1.037000e-05	2.011306e-02	-2.199998e+00
1.038000e-05	8.501330e-02	-2.303285e+00
1.039000e-05	-1.004429e-01	-2.441976e+00
1.040000e-05	3.746882e-03	-2.536793e+00
1.041000e-05	8.339054e-02	-2.620899e+00
1.042000e-05	-5.105106e-02	-2.726815e+00
1.043000e-05	1.932555e-02	-2.831529e+00
1.044000e-05	1.516978e-02	-2.923686e+00
1.045000e-05	-5.497239e-02	-3.073188e+00
1.046000e-05	4.426709e-02	-3.179948e+00
1.047000e-05	-7.309377e-04	-3.273580e+00
1.048000e-05	-2.698162e-02	-3.378422e+00
1.049000e-05	5.741167e-02	-3.442607e+00
1.050000e-05	-2.605512e-02	-3.524764e+00
1.051000e-05	-7.482314e-03	-3.622575e+00
1.052000e-05	3.620449e-02	-3.676786e+00
1.053000e-05	-4.083026e-02	-3.852129e+00
1.054000e-05	9.627736e-03	-3.981397e+00
1.055000e-05	2.392506e-02	-4.061630e+00
1.056000e-05	-2.342452e-03	-4.137417e+00
1.057000e-05	1.093484e-02	-4.272029e+00
1.058000e-05	-1.337574e-02	-4.335838e+00
1.059000e-05	1.106032e-02	-4.390471e+00
1.060000e-05	5.650820e-03	-4.523637e+00
1.061000e-05	-6.400167e-03	-4.560375e+00
1.062000e-05	1.226302e-02	-4.694109e+00
1.063000e-05	-7.490966e-03	-4.747916e+00
1.064000e-05	1.895405e-02	-4.862532e+00
1.065000e-05	9.896654e-03	-4.937287e+00
1.066000e-05	-1.016409e-02	-5.042532e+00
1.067000e-05	1.120720e-02	-5.146291e+00
1.068000e-05	-6.218035e-03	-5.199528e+00
1.069000e-05	1.405977e-02	-5.355164e+00
1.070000e-05	7.945895e-03	-5.452536e+00
1.071000e-05	-6.189531e-03	-5.526317e+00
1.072000e-05	1.347950e-02	-5.580923e+00
1.073000e-05	3.632412e-03	-5.664134e+00
1.074000e-05	1.065069e-02	-5.748320e+00
1.075000e-05	-3.257494e-04	-5.830499e+00
1.076000e-05	-5.232172e-03	-5.934684e+00
1.077000e-05	9.968166e-03	-5.938263e+00
1.078000e-05	4.219077e-03	-5.990476e+00
1.079000e-05	1.258868e-02	-6.085080e+00
1.080000e-05	2.155446e-04	-6.137215e+00
1.081000e-05	4.182016e-03	-6.252457e+00
1.082000e-05	1.193136e-02	-6.336715e+00
1.083000e-05	3.371668e-03	-6.388497e+00
1.084000e-05	7.296599e-03	-6.461551e+00
1.085000e-05	-3.508770e-03	-6.504637e+00
1.086000e-05	8.794978e-03	-6.537396e+00
1.087000e-05	9.520809e-03	-6.589976e+00
1.088000e-05	8.612880e-03	-6.674054e+00
1.089000e-05	4.929002e-03	-6.706313e+00
1.090000e-05	1.753055e-03	-6.736844e+00
1.091000e-05	9.464258e-03	-6.800476e+00
1.092000e-05	8.305605e-03	-6.802029e+00
1.093000e-05	6.513168e-03	-6.866187e+00
1.094000e-05	3.773550e-03	-6.997846e+00
1.095000e-05	6.011173e-03	-6.993053e+00
1.096000e-05	1.125520e-02	-7.084212e+00
1.097000e-05	7.790137e-03	-7.168312e+00
1.098000e-05	6.054594e-03	-7.189419e+00
1.099000e-05	4.451576e-03	-7.220549e+00
1.100000e-05	7.854401e-03	-7.253506e+00
1.101000e-05	1.081227e-02	-7.293157e+00
1.102000e-05	6.623901e-03	-7.356187e+00
1.103000e-05	5.604948e-03	-7.317717e+00
1.104000e-05	6.399311e-03	-7.408424e+00
1.105000e-05	1.062045e-02	-7.389524e+00
1.106000e-05	1.087310e-02	-7.460500e+00
1.107000e-05	7.571743e-03	-7.474580e+00
1.108000e-05	7.238974e-03	-7.482662e+00
1.109000e-05	8.515243e-03	-7.506134e+00
1.110000e-05	1.180040e-02	-7.557262e+00
1.111000e-05	8.630103e-03	-7.537767e+00
1.112000e-05	7.357144e-03	-7.567842e+00
1.113000e-05	8.184192e-03	-7.540821e+00
1.114000e-05	1.221245e-02	-7.599345e+00
1.115000e-05	1.253717e-02	-7.630499e+00
1.116000e-05	9.672288e-03	-7.640976e+00
1.117000e-05	7.763590e-03	-7.642029e+00
1.118000e-05	1.074771e-02	-7.641480e+00
1.119000e-05	1.192072e-02	-7.672602e+00
1.120000e-05	1.113607e-02	-7.683131e+00
1.121000e-05	1.008890e-02	-7.595630e+00
1.122000e-05	9.694174e-03	-7.653629e+00
1.123000e-05	1.364057e-02	-7.665559e+00
1.124000e-05	1.475532e-02	-7.683032e+00
1.125000e-05	1.217116e-02	-7.664033e+00
1.126000e-05	1.030508e-02	-7.662083e+00
1.127000e-05	1.175461e-02	-7.673103e+00
1.128000e-05	1.358047e-02	-7.632579e+00
1.129000e-05	1.395569e-02	-7.630579e+00
1.130000e-05	1.295596e-02	-7.641553e+00
1.131000e-05	1.282485e-02	-7.579923e+00
1.132000e-05	1.505609e-02	-7.568376e+00
1.133000e-05	1.607657e-02	-7.548367e+00
1.134000e-05	1.474388e-02	-7.566812e+00
1.135000e-05	1.261793e-02	-7.555662e+00
1.136000e-05	1.451052e-02	-7.505162e+00
1.137000e-05	1.568915e-02	-7.495134e+00
1.138000e-05	1.796778e-02	-7.462532e+00
1.139000e-05	1.613485e-02	-7.432555e+00
1.140000e-05	1.598141e-02	-7.380953e+00
1.141000e-05	1.620354e-02	-7.389416e+00
1.142000e-05	1.815253e-02	-7.336844e+00
1.143000e-05	1.833543e-02	-7.275712e+00
1.144000e-05	1.706154e-02	-7.283209e+00
1.145000e-05	1.762591e-02	-7.212127e+00
1.146000e-05	1.858120e-02	-7.210998e+00
1.147000e-05	1.924866e-02	-7.189974e+00
1.148000e-05	1.863160e-02	-7.166343e+00
1.149000e-05	1.900137e-02	-7.114791e+00
1.150000e-05	1.934319e-02	-7.083584e+00
1.151000e-05	2.088128e-02	-6.978371e+00
1.152000e-05	2.132660e-02	-6.936865e+00
1.153000e-05	2.074101e-02	-6.853108e+00
1.154000e-05	2.120513e-02	-6.832053e+00
1.155000e-05	2.149021e-02	-6.789974e+00
1.156000e-05	2.227255e-02	-6.737396e+00
1.157000e-05	2.308684e-02	-6.724682e+00
1.158000e-05	2.314825e-02	-6.642551e+00
1.159000e-05	2.339086e-02	-6.588551e+00
1.160000e-05	2.406306e-02	-6.517292e+00
1.161000e-05	2.346493e-02	-6.484708e+00
1.162000e-05	2.367008e-02	-6.441600e+00
1.163000e-05	2.240940e-02	-6.349924e+00
1.164000e-05	2.244488e-02	-6.335233e+00
1.165000e-05	2.228760e-02	-6.232053e+00
1.166000e-05	2.223442e-02	-6.116721e+00
1.167000e-05	2.057217e-02	-6.062630e+00
1.168000e-05	2.024772e-02	-6.009451e+00
1.169000e-05	1.869919e-02	-5.968344e+00
1.170000e-05	1.737507e-02	-5.852132e+00
1.171000e-05	1.590934e-02	-5.800399e+00
1.172000e-05	1.614592e-02	-5.725785e+00
1.173000e-05	1.635369e-02	-5.672078e+00
1.174000e-05	1.661459e-02	-5.590448e+00
1.175000e-05	1.500620e-02	-5.504215e+00
1.176000e-05	1.352374e-02	-5.380396e+00
1.177000e-05	1.037741e-02	-5.274207e+00
1.178000e-05	9.899907e-03	-5.198501e+00
1.179000e-05	9.009407e-03	-5.094188e+00
1.180000e-05	8.270608e-03	-4.992029e+00
1.181000e-05	8.673765e-03	-4.945414e+00
1.182000e-05	9.781508e-03	-4.838467e+00
1.183000e-05	8.994171e-03	-4.643214e+00
1.184000e-05	7.056961e-03	-4.639551e+00
1.185000e-05	6.725796e-03	-4.557316e+00
1.186000e-05	5.245891e-03	-4.461682e+00
1.187000e-05	3.684600e-03	-4.399973e+00
1.188000e-05	2.866513e-03	-4.346742e+00
1.189000e-05	5.160431e-03	-4.251078e+00
1.190000e-05	4.535676e-03	-4.135895e+00
1.191000e-05	3.273496e-03	-4.063084e+00
1.192000e-05	2.339471e-03	-3.989471e+00
1.193000e-05	2.647789e-03	-3.864714e+00
1.194000e-05	3.997852e-03	-3.745365e+00
1.195000e-05	2.942819e-03	-3.650578e+00
1.196000e-05	8.545538e-04	-3.578346e+00
1.197000e-05	-7.724167e-04	-3.451607e+00
1.198000e-05	1.121933e-03	-3.368524e+00
1.199000e-05	3.781933e-04	-3.261107e+00
1.200000e-05	-5.595486e-06	-3.189875e+00
1.201000e-05	-1.496624e-03	-3.064163e+00
1.202000e-05	2.115574e-04	-2.926892e+00
1.203000e-05	2.128428e-04	-2.800530e+00
1.204000e-05	-3.635654e-04	-2.705317e+00
1.205000e-05	-1.546567e-03	-2.650605e+00
1.206000e-05	-2.423970e-03	-2.536367e+00
1.207000e-05	-2.341582e-03	-2.441054e+00
1.208000e-05	-8.612838e-04	-2.347396e+00
1.209000e-05	-1.875044e-03	-2.228999e+00
1.210000e-05	-3.120998e-03	-2.081680e+00
1.211000e-05	-3.268541e-03	-1.978500e+00
1.212000e-05	-2.525902e-03	-1.884691e+00
1.213000e-05	-2.222389e-03	-1.776949e+00
1.214000e-05	-2.464660e-03	-1.674264e+00
1.215000e-05	-4.122823e-03	-1.599501e+00
1.216000e-05	-3.642607e-03	-1.453732e+00
1.217000e-05	-3.705910e-03	-1.306863e+00
1.218000e-05	-4.141551e-03	-1.188550e+00
1.219000e-05	-4.614238e-03	-1.112214e+00
1.220000e-05	-4.858212e-03	-9.499248e-01
1.221000e-05	-3.474563e-03	-8.532354e-01
1.222000e-05	-3.340861e-03	-7.689486e-01
1.223000e-05	-4.481732e-03	-6.722330e-01
1.224000e-05	-5.137999e-03	-5.052607e-01
1.225000e-05	-5.096577e-03	-3.885500e-01
1.226000e-05	-5.283980e-03	-2.962370e-01
1.227000e-05	-4.418182e-03	-1.985514e-01
1.228000e-05	-4.814654e-03	-6.478947e-02
1.229000e-05	-3.275868e-03	-2.000007e-02
1.230000e-05	-5.194542e-04	5.458176e-02
1.231000e-05	-1.494367e-03	2.509589e-01
1.232000e-05	-1.605146e-03	3.393460e-01
1.233000e-05	-2.966442e-03	4.915013e-01
1.234000e-05	-3.752965e-03	5.592909e-01
1.235000e-05	-1.274822e-03	6.315538e-01
1.236000e-05	1.400224e-02	7.268946e-01
1.237000e-05	4.487942e-02	8.516779e-01
1.238000e-05	1.598919e-02	1.061535e+00
1.239000e-05	-4.563560e-02	1.222380e+00
1.240000e-05	-8.870700e-02	1.275213e+00
1.241000e-05	1.860093e-02	1.380371e+00
1.242000e-05	7.465759e-02	1.537687e+00
1.243000e-05	-8.724444e-02	1.666815e+00
1.244000e-05	-3.293954e-02	1.778345e+00
1.245000e-05	9.848432e-02	1.864574e+00
1.246000e-05	-2.664145e-02	1.958422e+00
1.247000e-05	-6.715484e-02	2.031526e+00
1.248000e-05	6.010542e-02	2.075234e+00
1.249000e-05	-2.482120e-02	2.263704e+00
1.250000e-05	-7.049028e-02	2.338319e+00
1.251000e-05	6.429802e-02	2.461005e+00
1.252000e-05	1.535751e-02	2.556245e+00
1.253000e-05	-4.546879e-02	2.625058e+00
1.254000e-05	1.754956e-02	2.789451e+00
1.255000e-05	-1.778643e-02	2.905162e+00
1.256000e-05	-1.853953e-02	2.970445e+00
1.257000e-05	1.713857e-02	3.064108e+00
1.258000e-05	-2.214095e-02	3.199395e+00
1.259000e-05	1.190736e-03	3.225030e+00
1.260000e-05	1.091906e-02	3.377892e+00
1.261000e-05	-1.847868e-02	3.515207e+00
1.262000e-05	1.494282e-04	3.589923e+00
1.263000e-05	-9.250475e-03	3.674688e+00
1.264000e-05	-2.583211e-02	3.768947e+00
1.265000e-05	3.448728e-03	3.842208e+00
1.266000e-05	1.256994e-02	3.969341e+00
1.267000e-05	-1.226265e-02	4.011978e+00
1.268000e-05	-1.471834e-02	4.127737e+00
1.269000e-05	-2.992999e-03	4.223053e+00
1.270000e-05	-4.679507e-03	4.359320e+00
1.271000e-05	-8.186160e-03	4.463507e+00
1.272000e-05	-7.111725e-03	4.527238e+00
1.273000e-05	-1.818955e-02	4.652008e+00
1.274000e-05	-3.043496e-03	4.735611e+00
1.275000e-05	6.238507e-03	4.799894e+00
1.276000e-05	-1.227738e-02	4.863107e+00
1.277000e-05	-1.484820e-02	5.030349e+00
1.278000e-05	-1.030350e-02	5.167288e+00
1.279000e-05	-3.895432e-03	5.241982e+00
1.280000e-05	-3.398780e-03	5.295661e+00
1.281000e-05	-1.143842e-02	5.390352e+00
1.282000e-05	-1.499029e-02	5.463083e+00
1.283000e-05	-6.599446e-03	5.527716e+00
1.284000e-05	-1.889050e-03	5.598950e+00
1.285000e-05	-9.780147e-03	5.633028e+00
1.286000e-05	-1.664627e-02	5.727292e+00
1.287000e-05	-1.130160e-02	5.864980e+00
1.288000e-05	-3.741822e-03	5.977268e+00
1.289000e-05	-4.198058e-03	6.001947e+00
1.290000e-05	-1.170910e-02	6.032032e+00
1.291000e-05	-1.759900e-02	6.085661e+00
1.292000e-05	-9.767971e-03	6.186849e+00
1.293000e-05	-5.431162e-03	6.232032e+00
1.294000e-05	-8.472640e-03	6.294058e+00
1.295000e-05	-1.460699e-02	6.336241e+00
1.296000e-05	-1.210450e-02	6.370450e+00
1.297000e-05	-5.640697e-03	6.473534e+00
1.298000e-05	-7.660814e-03	6.524584e+00
1.299000e-05	-1.282562e-02	6.559868e+00
1.300000e-05	-1.812410e-02	6.593551e+00
1.301000e-05	-1.273175e-02	6.706689e+00
1.302000e-05	-7.580723e-03	6.778771e+00
1.303000e-05	-8.863005e-03	6.800025e+00
1.304000e-05	-1.372016e-02	6.861029e+00
1.305000e-05	-1.392371e-02	6.873158e+00
1.306000e-05	-9.625886e-03	6.906161e+00
1.307000e-05	-9.828549e-03	6.939320e+00
1.308000e-05	-1.384360e-02	6.980523e+00
1.309000e-05	-1.793369e-02	7.033031e+00
1.310000e-05	-1.394358e-02	7.105612e+00
1.311000e-05	-9.406375e-03	7.097237e+00
1.312000e-05	-1.022863e-02	7.147321e+00
1.313000e-05	-1.576976e-02	7.191844e+00
1.314000e-05	-1.694958e-02	7.209902e+00
1.315000e-05	-1.267926e-02	7.245550e+00
1.316000e-05	-1.160242e-02	7.292556e+00
1.317000e-05	-1.388606e-02	7.273609e+00
1.318000e-05	-1.690678e-02	7.287183e+00
1.319000e-05	-1.685590e-02	7.324140e+00
1.320000e-05	-1.312754e-02	7.380770e+00
1.321000e-05	-1.280112e-02	7.381293e+00
1.322000e-05	-1.688462e-02	7.413432e+00
1.323000e-05	-1.805155e-02	7.464404e+00
1.324000e-05	-1.537604e-02	7.464608e+00
1.325000e-05	-1.313647e-02	7.487660e+00
1.326000e-05	-1.601260e-02	7.547287e+00
1.327000e-05	-1.898744e-02	7.508194e+00
1.328000e-05	-2.004774e-02	7.538272e+00
1.329000e-05	-1.661071e-02	7.539939e+00
1.330000e-05	-1.542083e-02	7.578295e+00
1.331000e-05	-1.740503e-02	7.548816e+00
1.332000e-05	-2.029518e-02	7.557792e+00
1.333000e-05	-1.813172e-02	7.588846e+00
1.334000e-05	-1.647015e-02	7.547368e+00
1.335000e-05	-1.841010e-02	7.557870e+00
1.336000e-05	-2.047037e-02	7.547847e+00
1.337000e-05	-2.002198e-02	7.588367e+00
1.338000e-05	-1.892553e-02	7.528289e+00
1.339000e-05	-1.853348e-02	7.516746e+00
1.340000e-05	-1.978781e-02	7.536242e+00
1.341000e-05	-2.369542e-02	7.535062e+00
1.342000e-05	-2.053433e-02	7.456055e+00
1.343000e-05	-2.264372e-02	7.434030e+00
1.344000e-05	-1.815250e-02	7.419933e+00
1.345000e-05	-2.297233e-02	7.380769e+00
1.346000e-05	-2.035457e-02	7.398267e+00
1.347000e-05	-2.409659e-02	7.296737e+00
1.348000e-05	-2.259019e-02	7.275056e+00
1.349000e-05	-2.472379e-02	7.292504e+00
1.350000e-05	-2.498315e-02	7.202055e+00
1.351000e-05	-2.530116e-02	7.219999e+00
1.352000e-05	-2.261718e-02	7.178422e+00
1.353000e-05	-2.258935e-02	7.169344e+00
1.354000e-05	-2.393690e-02	7.095762e+00
1.355000e-05	-2.562996e-02	7.105129e+00
1.356000e-05	-2.609170e-02	7.063032e+00
1.357000e-05	-2.612158e-02	6.981500e+00
1.358000e-05	-2.764078e-02	6.968295e+00
1.359000e-05	-2.748426e-02	6.897262e+00
1.360000e-05	-2.849097e-02	6.874081e+00
1.361000e-05	-2.756163e-02	6.833030e+00
1.362000e-05	-2.790573e-02	6.830474e+00
1.363000e-05	-2.759154e-02	6.770372e+00
1.364000e-05	-2.970942e-02	6.707323e+00
1.365000e-05	-2.950420e-02	6.694509e+00
1.366000e-05	-3.016699e-02	6.590894e+00
1.367000e-05	-3.030877e-02	6.495586e+00
1.368000e-05	-3.007860e-02	6.464628e+00
1.369000e-05	-3.227597e-02	6.390000e+00
1.370000e-05	-3.121670e-02	6.329421e+00
1.371000e-05	-3.087424e-02	6.316260e+00
1.372000e-05	-2.963323e-02	6.231607e+00
1.373000e-05	-2.996127e-02	6.200524e+00
1.374000e-05	-2.932775e-02	6.128320e+00
1.375000e-05	-2.854074e-02	6.105633e+00
1.376000e-05	-2.829846e-02	6.010529e+00
1.377000e-05	-2.849644e-02	5.939323e+00
1.378000e-05	-2.855294e-02	5.906115e+00
1.379000e-05	-2.743847e-02	5.769350e+00
1.380000e-05	-2.536253e-02	5.654632e+00
1.381000e-05	-2.426095e-02	5.610477e+00
1.382000e-05	-2.336607e-02	5.537820e+00
1.383000e-05	-2.226002e-02	5.474107e+00
1.384000e-05	-2.208896e-02	5.390473e+00
1.385000e-05	-2.131858e-02	5.317713e+00
1.386000e-05	-1.995398e-02	5.233559e+00
1.387000e-05	-2.140247e-02	5.146946e+00
1.388000e-05	-1.981192e-02	5.051954e+00
1.389000e-05	-1.757491e-02	4.904812e+00
1.390000e-05	-1.627632e-02	4.822026e+00
1.391000e-05	-1.641246e-02	4.727846e+00
1.392000e-05	-1.888799e-02	4.684608e+00
1.393000e-05	-1.768921e-02	4.548447e+00
1.394000e-05	-1.340592e-02	4.505216e+00
1.395000e-05	-1.433618e-02	4.401525e+00
1.396000e-05	-1.414060e-02	4.318945e+00
1.397000e-05	-1.509362e-02	4.224131e+00
1.398000e-05	-1.323422e-02	4.125740e+00
1.399000e-05	-1.155678e-02	4.001051e+00
1.400000e-05	-1.154673e-02	3.938368e+00
1.401000e-05	-1.344322e-02	3.874134e+00
1.402000e-05	-1.313561e-02	3.758846e+00
1.403000e-05	-1.078422e-02	3.643209e+00
1.404000e-05	-1.037318e-02	3.600999e+00
1.405000e-05	-1.111117e-02	3.494292e+00
1.406000e-05	-1.160464e-02	3.359972e+00
1.407000e-05	-1.079037e-02	3.243607e+00
1.408000e-05	-9.201935e-03	3.148947e+00
1.409000e-05	-8.600895e-03	3.084729e+00
1.410000e-05	-1.012568e-02	2.969999e+00
1.411000e-05	-1.065601e-02	2.884636e+00
1.412000e-05	-8.632209e-03	2.790549e+00
1.413000e-05	-7.534807e-03	2.686316e+00
1.414000e-05	-8.385420e-03	2.607897e+00
1.415000e-05	-9.551129e-03	2.392029e+00
1.416000e-05	-8.354949e-03	2.316840e+00
1.417000e-05	-6.378033e-03	2.221028e+00
1.418000e-05	-7.273458e-03	2.128340e+00
1.419000e-05	-8.025698e-03	2.041100e+00
1.420000e-05	-8.554395e-03	1.947920e+00
1.421000e-05	-6.355606e-03	1.815182e+00
1.422000e-05	-6.170347e-03	1.745297e+00
1.423000e-05	-6.546596e-03	1.631579e+00
1.424000e-05	-6.843020e-03	1.496341e+00
1.425000e-05	-6.136555e-03	1.338950e+00
1.426000e-05	-5.005688e-03	1.252733e+00
1.427000e-05	-5.214759e-03	1.178999e+00
1.428000e-05	-7.193626e-03	9.920765e-01
1.429000e-05	-7.216163e-03	8.746341e-01
1.430000e-05	-6.398662e-03	7.894722e-01
1.431000e-05	-5.181683e-03	6.447104e-01
1.432000e-05	-5.182362e-03	5.484423e-01
1.433000e-05	-5.379373e-03	4.417329e-01
1.434000e-05	-4.247653e-03	3.584524e-01
1.435000e-05	-3.541431e-03	1.942593e-01
1.436000e-05	-4.025379e-03	9.576203e-02
1.437000e-05	-4.850831e-03	-2.568759e-06
1.438000e-05	-5.565116e-03	-1.237619e-01
1.439000e-05	-3.111472e-03	-2.199739e-01
1.440000e-05	-6.089502e-05	-3.056883e-01
1.441000e-05	2.790075e-04	-3.994511e-01
1.442000e-05	4.235573e-04	-4.842330e-01
1.443000e-05	1.846282e-04	-6.490779e-01
1.444000e-05	-4.620116e-04	-7.569186e-01
1.445000e-05	2.220840e-03	-8.320288e-01
1.446000e-05	3.670559e-02	-9.057908e-01
1.447000e-05	4.436426e-02	-1.072528e+00
1.448000e-05	-1.758245e-02	-1.280058e+00
1.449000e-05	-8.675332e-02	-1.474133e+00
1.450000e-05	-1.286724e-02	-1.568944e+00
1.451000e-05	9.301795e-02	-1.527792e+00
1.452000e-05	-3.478108e-02	-1.673077e+00
1.453000e-05	-8.337212e-02	-1.821054e+00
1.454000e-05	1.041601e-01	-1.882712e+00
1.455000e-05	2.837919e-02	-1.935287e+00
1.456000e-05	-1.192176e-01	-2.106259e+00
1.457000e-05	4.941257e-02	-2.233498e+00
1.458000e-05	6.140336e-02	-2.326335e+00
1.459000e-05	-1.067689e-01	-2.482130e+00
1.460000e-05	3.219193e-02	-2.538344e+00
1.461000e-05	6.874753e-02	-2.661050e+00
1.462000e-05	-5.627153e-02	-2.768795e+00
1.463000e-05	3.275162e-02	-2.821025e+00
1.464000e-05	-3.815570e-03	-2.894811e+00
1.465000e-05	-4.556775e-02	-3.125188e+00
1.466000e-05	5.315513e-02	-3.169999e+00
1.467000e-05	-1.640670e-02	-3.285159e+00
1.468000e-05	-1.036902e-02	-3.400396e+00
1.469000e-05	5.563135e-02	-3.463104e+00
1.470000e-05	-3.553625e-02	-3.536817e+00
1.471000e-05	9.118688e-03	-3.632029e+00
1.472000e-05	2.422957e-02	-3.738241e+00
1.473000e-05	-4.383872e-02	-3.885687e+00
1.474000e-05	2.179053e-02	-4.008925e+00
1.475000e-05	1.773561e-02	-4.074081e+00
1.476000e-05	1.378093e-03	-4.187819e+00
1.477000e-05	9.888319e-03	-4.242581e+00
1.478000e-05	-1.374452e-02	-4.347315e+00
1.479000e-05	1.607429e-02	-4.371950e+00
1.480000e-05	-6.826532e-04	-4.531661e+00
1.481000e-05	-2.789747e-03	-4.591948e+00
1.482000e-05	8.696418e-03	-4.704236e+00
1.483000e-05	-6.035325e-03	-4.729267e+00
1.484000e-05	2.516798e-02	-4.892533e+00
1.485000e-05	3.491998e-03	-4.927821e+00
1.486000e-05	-5.717068e-03	-5.043682e+00
1.487000e-05	1.039057e-02	-5.148891e+00
1.488000e-05	-6.468812e-03	-5.232548e+00
1.489000e-05	1.749512e-02	-5.297785e+00
1.490000e-05	2.250504e-03	-5.460555e+00
1.491000e-05	-3.413926e-03	-5.547370e+00
1.492000e-05	1.382077e-02	-5.630474e+00
1.493000e-05	3.082446e-03	-5.693609e+00
1.494000e-05	1.252369e-02	-5.789894e+00
1.495000e-05	-3.742156e-03	-5.821952e+00
1.496000e-05	-8.287357e-05	-5.915717e+00
1.497000e-05	9.613396e-03	-5.977816e+00
1.498000e-05	5.319541e-03	-6.021975e+00
1.499000e-05	1.156842e-02	-6.074112e+00
1.500000e-05	-2.067121e-03	-6.177741e+00
1.501000e-05	6.465502e-03	-6.262686e+00
1.502000e-05	8.596138e-03	-6.347814e+00
1.503000e-05	4.153734e-03	-6.360473e+00
1.504000e-05	5.570819e-03	-6.442055e+00
1.505000e-05	6.306709e-04	-6.514689e+00
1.506000e-05	1.058328e-02	-6.578367e+00
1.507000e-05	8.062758e-03	-6.609979e+00
1.508000e-05	6.987284e-03	-6.684085e+00
1.509000e-05	4.643610e-03	-6.755766e+00
1.510000e-05	2.002741e-03	-6.748947e+00
1.511000e-05	1.011543e-02	-6.819924e+00
1.512000e-05	7.034930e-03	-6.853574e+00
1.513000e-05	7.734229e-03	-6.915738e+00
1.514000e-05	4.942120e-03	-6.979398e+00
1.515000e-05	7.166356e-03	-7.054533e+00
1.516000e-05	1.039322e-02	-7.125683e+00
1.517000e-05	6.610951e-03	-7.167821e+00
1.518000e-05	5.723490e-03	-7.200924e+00
1.519000e-05	5.110516e-03	-7.211054e+00
1.520000e-05	9.716460e-03	-7.274128e+00
1.521000e-05	9.779512e-03	-7.294162e+00
1.522000e-05	7.323248e-03	-7.334837e+00
1.523000e-05	6.422887e-03	-7.358821e+00
1.524000e-05	6.232915e-03	-7.388922e+00
1.525000e-05	9.075419e-03	-7.419452e+00
1.526000e-05	9.721034e-03	-7.442003e+00
1.527000e-05	7.896031e-03	-7.472510e+00
1.528000e-05	6.890466e-03	-7.472087e+00
1.529000e-05	9.267468e-03	-7.495661e+00
1.530000e-05	1.126450e-02	-7.546289e+00
1.531000e-05	7.425835e-03	-7.559743e+00
1.532000e-05	7.642518e-03	-7.548846e+00
1.533000e-05	9.645645e-03	-7.569347e+00
1.534000e-05	1.225417e-02	-7.641424e+00
1.535000e-05	1.010921e-02	-7.590451e+00
1.536000e-05	8.083321e-03	-7.621526e+00
1.537000e-05	9.525903e-03	-7.601975e+00
1.538000e-05	1.201608e-02	-7.662580e+00
1.539000e-05	1.240969e-02	-7.673077e+00
1.540000e-05	1.089400e-02	-7.713577e+00
1.541000e-05	1.006656e-02	-7.645032e+00
1.542000e-05	1.117314e-02	-7.694610e+00
1.543000e-05	1.292967e-02	-7.683109e+00
1.544000e-05	1.200294e-02	-7.695558e+00
1.545000e-05	1.143065e-02	-7.634055e+00
1.546000e-05	1.223652e-02	-7.663552e+00
1.547000e-05	1.390929e-02	-7.643057e+00
1.548000e-05	1.394718e-02	-7.653477e+00
1.549000e-05	1.331774e-02	-7.653001e+00
1.550000e-05	1.209829e-02	-7.582046e+00
1.551000e-05	1.389835e-02	-7.599894e+00
1.552000e-05	1.499371e-02	-7.609446e+00
1.553000e-05	1.576289e-02	-7.539894e+00
1.554000e-05	1.457531e-02	-7.527342e+00
1.555000e-05	1.530761e-02	-7.505812e+00
1.556000e-05	1.587213e-02	-7.506242e+00
1.557000e-05	1.664147e-02	-7.483584e+00
1.558000e-05	1.612640e-02	-7.423080e+00
1.559000e-05	1.583277e-02	-7.432554e+00
1.560000e-05	1.649347e-02	-7.399498e+00
1.561000e-05	1.762656e-02	-7.389374e+00
1.562000e-05	1.814556e-02	-7.335817e+00
1.563000e-05	1.742983e-02	-7.317756e+00
1.564000e-05	1.813178e-02	-7.263738e+00
1.565000e-05	1.823817e-02	-7.262605e+00
1.566000e-05	1.963945e-02	-7.220053e+00
1.567000e-05	1.920680e-02	-7.189923e+00
1.568000e-05	1.921213e-02	-7.159369e+00
1.569000e-05	1.864272e-02	-7.104689e+00
1.570000e-05	2.057448e-02	-7.063204e+00
1.571000e-05	2.073368e-02	-6.999970e+00
1.572000e-05	2.106687e-02	-6.905286e+00
1.573000e-05	2.004687e-02	-6.844104e+00
1.574000e-05	2.163669e-02	-6.812079e+00
1.575000e-05	2.199346e-02	-6.779423e+00
1.576000e-05	2.296676e-02	-6.757340e+00
1.577000e-05	2.314781e-02	-6.704636e+00
1.578000e-05	2.290924e-02	-6.631001e+00
1.579000e-05	2.224946e-02	-6.578448e+00
1.580000e-05	2.336128e-02	-6.545743e+00
1.581000e-05	2.323844e-02	-6.482681e+00
1.582000e-05	2.400381e-02	-6.410626e+00
1.583000e-05	2.247495e-02	-6.378901e+00
1.584000e-05	2.224293e-02	-6.305859e+00
1.585000e-05	2.084068e-02	-6.211474e+00
1.586000e-05	2.138825e-02	-6.146186e+00
1.587000e-05	2.092313e-02	-6.071578e+00
1.588000e-05	2.064736e-02	-5.979449e+00
1.589000e-05	1.818228e-02	-5.956239e+00
1.590000e-05	1.702856e-02	-5.852611e+00
1.591000e-05	1.538520e-02	-5.758925e+00
1.592000e-05	1.509760e-02	-5.695787e+00
1.593000e-05	1.382251e-02	-5.641578e+00
1.594000e-05	1.479155e-02	-5.588400e+00
1.595000e-05	1.511630e-02	-5.503737e+00
1.596000e-05	1.447980e-02	-5.376976e+00
1.597000e-05	1.185896e-02	-5.284608e+00
1.598000e-05	8.760275e-03	-5.168425e+00
1.599000e-05	8.334149e-03	-5.094763e+00
1.600000e-05	8.268407e-03	-5.001999e+00
1.601000e-05	8.035071e-03	-4.956613e+00
1.602000e-05	7.990897e-03	-4.797044e+00
1.603000e-05	8.811713e-03	-4.661558e+00
1.604000e-05	7.264220e-03	-4.581999e+00
1.605000e-05	5.667673e-03	-4.525370e+00
1.606000e-05	3.972215e-03	-4.451581e+00
1.607000e-05	4.063751e-03	-4.379499e+00
1.608000e-05	4.255231e-03	-4.295265e+00
1.609000e-05	3.993981e-03	-4.211553e+00
1.610000e-05	4.330612e-03	-4.127344e+00
1.611000e-05	4.090032e-03	-4.041632e+00
1.612000e-05	2.657858e-03	-3.968446e+00
1.613000e-05	3.140547e-03	-3.883206e+00
1.614000e-05	3.271351e-03	-3.715393e+00
1.615000e-05	2.892381e-03	-3.610525e+00
1.616000e-05	5.907568e-04	-3.536316e+00
1.617000e-05	8.950953e-04	-3.401157e+00
1.618000e-05	1.122353e-03	-3.346919e+00
1.619000e-05	8.294182e-04	-3.261131e+00
1.620000e-05	1.454170e-04	-3.148494e+00
1.621000e-05	2.564590e-05	-3.064203e+00
1.622000e-05	-1.324743e-04	-2.884238e+00
1.623000e-05	4.077099e-04	-2.760500e+00
1.624000e-05	-1.165241e-03	-2.745343e+00
1.625000e-05	-1.981826e-03	-2.580028e+00
1.626000e-05	-1.685878e-03	-2.495265e+00
1.627000e-05	-1.641728e-03	-2.411104e+00
1.628000e-05	-1.592695e-03	-2.344865e+00
1.629000e-05	-2.297881e-03	-2.219505e+00
1.630000e-05	-2.061182e-03	-2.062160e+00
1.631000e-05	-2.331051e-03	-1.967497e+00
1.632000e-05	-1.840831e-03	-1.862659e+00
1.633000e-05	-3.281562e-03	-1.729473e+00
1.634000e-05	-3.374302e-03	-1.622130e+00
1.635000e-05	-3.163964e-03	-1.588921e+00
1.636000e-05	-3.198974e-03	-1.463659e+00
1.637000e-05	-3.792638e-03	-1.275163e+00
1.638000e-05	-4.459202e-03	-1.177895e+00
1.639000e-05	-3.756626e-03	-1.052205e+00
1.640000e-05	-3.610124e-03	-9.463710e-01
1.641000e-05	-4.129937e-03	-8.611553e-01
1.642000e-05	-3.655430e-03	-7.685148e-01
1.643000e-05	-5.383334e-03	-6.316331e-01
1.644000e-05	-6.179138e-03	-5.131855e-01
1.645000e-05	-5.850600e-03	-3.879739e-01
1.646000e-05	-4.855923e-03	-3.036856e-01
1.647000e-05	-3.307896e-03	-2.090236e-01
1.648000e-05	-3.936782e-03	-1.011817e-01
1.649000e-05	-2.946692e-03	5.045132e-02
1.650000e-05	-2.188189e-04	7.721541e-02
1.651000e-05	-1.430658e-03	2.626829e-01
1.652000e-05	-2.463380e-03	3.614747e-01
1.653000e-05	-4.883947e-03	4.520789e-01
1.654000e-05	-3.872964e-03	5.568660e-01
1.655000e-05	2.460920e-04	6.320291e-01
1.656000e-05	1.913689e-02	7.598223e-01
1.657000e-05	4.474328e-02	8.946593e-01
1.658000e-05	6.618696e-03	1.094559e+00
1.659000e-05	-5.860926e-02	1.233029e+00
1.660000e-05	-8.263459e-02	1.327213e+00
1.661000e-05	3.997031e-02	1.368473e+00
1.662000e-05	6.418707e-02	1.586719e+00
1.663000e-05	-1.062315e-01	1.657188e+00
1.664000e-05	-9.169327e-03	1.789371e+00
1.665000e-05	9.015307e-02	1.853604e+00
1.666000e-05	-5.840700e-02	2.009949e+00
1.667000e-05	-4.473216e-02	2.021001e+00
1.668000e-05	6.416515e-02	2.096737e+00
1.669000e-05	-5.187751e-02	2.263636e+00
1.670000e-05	-4.892564e-02	2.398894e+00
1.671000e-05	7.309380e-02	2.440528e+00
1.672000e-05	-7.396900e-03	2.538820e+00
1.673000e-05	-3.444139e-02	2.685636e+00
1.674000e-05	1.627175e-02	2.841474e+00
1.675000e-05	-2.475442e-02	2.925712e+00
1.676000e-05	-9.721282e-03	2.999447e+00
1.677000e-05	1.129316e-02	3.094106e+00
1.678000e-05	-2.505146e-02	3.188949e+00
1.679000e-05	8.076291e-03	3.263082e+00
1.680000e-05	6.242739e-03	3.419322e+00
1.681000e-05	-2.050733e-02	3.475185e+00
1.682000e-05	3.086376e-03	3.609423e+00
1.683000e-05	-1.337876e-02	3.704712e+00
1.684000e-05	-2.415220e-02	3.770929e+00
1.685000e-05	8.804928e-03	3.904658e+00
1.686000e-05	9.294468e-03	3.948844e+00
1.687000e-05	-1.664026e-02	4.061555e+00
1.688000e-05	-1.162832e-02	4.177291e+00
1.689000e-05	-1.943860e-03	4.265159e+00
1.690000e-05	-7.167083e-03	4.349373e+00
1.691000e-05	-7.671086e-03	4.454608e+00
1.692000e-05	-7.718362e-03	4.498293e+00
1.693000e-05	-1.625402e-02	4.672555e+00
1.694000e-05	3.948409e-05	4.777266e+00
1.695000e-05	5.401063e-03	4.829951e+00
1.696000e-05	-1.599965e-02	4.916658e+00
1.697000e-05	-1.402741e-02	5.071979e+00
1.698000e-05	-1.052645e-02	5.168321e+00
1.699000e-05	-3.442138e-03	5.213578e+00
1.700000e-05	-3.600426e-03	5.295710e+00
1.701000e-05	-1.153934e-02	5.429874e+00
1.702000e-05	-1.308821e-02	5.503139e+00
1.703000e-05	-6.406836e-03	5.537318e+00
1.704000e-05	-2.179029e-03	5.600948e+00
1.705000e-05	-1.171472e-02	5.644079e+00
1.706000e-05	-1.631123e-02	5.757292e+00
1.707000e-05	-1.112008e-02	5.874535e+00
1.708000e-05	-4.863043e-03	5.935822e+00
1.709000e-05	-4.471200e-03	5.988950e+00
1.710000e-05	-1.252446e-02	6.052054e+00
1.711000e-05	-1.582474e-02	6.144713e+00
1.712000e-05	-8.609881e-03	6.169295e+00
1.713000e-05	-6.699389e-03	6.242004e+00
1.714000e-05	-1.044665e-02	6.315687e+00
1.715000e-05	-1.496359e-02	6.346844e+00
1.716000e-05	-1.168567e-02	6.410976e+00
1.717000e-05	-7.045748e-03	6.474055e+00
1.718000e-05	-8.065313e-03	6.475712e+00
1.719000e-05	-1.442467e-02	6.551745e+00
1.720000e-05	-1.656514e-02	6.662505e+00
1.721000e-05	-1.167458e-02	6.746311e+00
1.722000e-05	-7.663699e-03	6.757345e+00
1.723000e-05	-1.037078e-02	6.800523e+00
1.724000e-05	-1.476744e-02	6.853034e+00
1.725000e-05	-1.498766e-02	6.894179e+00
1.726000e-05	-1.054211e-02	6.896737e+00
1.727000e-05	-1.021074e-02	6.988866e+00
1.728000e-05	-1.443363e-02	7.029426e+00
1.729000e-05	-1.634908e-02	7.003529e+00
1.730000e-05	-1.199416e-02	7.065209e+00
1.731000e-05	-8.976871e-03	7.147738e+00
1.732000e-05	-1.124291e-02	7.118867e+00
1.733000e-05	-1.676430e-02	7.170445e+00
1.734000e-05	-1.757855e-02	7.181975e+00
1.735000e-05	-1.443332e-02	7.232027e+00
1.736000e-05	-1.253292e-02	7.252532e+00
1.737000e-05	-1.302965e-02	7.296582e+00
1.738000e-05	-1.575748e-02	7.288160e+00
1.739000e-05	-1.490634e-02	7.408641e+00
1.740000e-05	-1.174380e-02	7.382769e+00
1.741000e-05	-1.390288e-02	7.422871e+00
1.742000e-05	-1.836566e-02	7.434553e+00
1.743000e-05	-1.919300e-02	7.463050e+00
1.744000e-05	-1.553573e-02	7.485557e+00
1.745000e-05	-1.308613e-02	7.516539e+00
1.746000e-05	-1.506213e-02	7.547758e+00
1.747000e-05	-1.721553e-02	7.507589e+00
1.748000e-05	-1.737073e-02	7.496218e+00
1.749000e-05	-1.687092e-02	7.538745e+00
1.750000e-05	-1.613615e-02	7.556344e+00
1.751000e-05	-1.900800e-02	7.549364e+00
1.752000e-05	-2.005040e-02	7.588472e+00
1.753000e-05	-1.894098e-02	7.558921e+00
1.754000e-05	-1.646774e-02	7.579367e+00
1.755000e-05	-1.734594e-02	7.548346e+00
1.756000e-05	-1.998945e-02	7.538816e+00
1.757000e-05	-1.970195e-02	7.539322e+00
1.758000e-05	-1.892338e-02	7.528267e+00
1.759000e-05	-1.982172e-02	7.537792e+00
1.760000e-05	-2.132809e-02	7.516214e+00
1.761000e-05	-2.237203e-02	7.514637e+00
1.762000e-05	-2.181048e-02	7.483113e+00
1.763000e-05	-1.994553e-02	7.445020e+00
1.764000e-05	-1.971386e-02	7.382449e+00
1.765000e-05	-2.251158e-02	7.368823e+00
1.766000e-05	-2.345064e-02	7.357714e+00
1.767000e-05	-2.350086e-02	7.287634e+00
1.768000e-05	-2.250900e-02	7.256606e+00
1.769000e-05	-2.420005e-02	7.252608e+00
1.770000e-05	-2.532946e-02	7.202027e+00
1.771000e-05	-2.462790e-02	7.181524e+00
1.772000e-05	-2.307465e-02	7.188821e+00
1.773000e-05	-2.472533e-02	7.178317e+00
1.774000e-05	-2.523886e-02	7.085735e+00
1.775000e-05	-2.630066e-02	7.045157e+00
1.776000e-05	-2.539784e-02	7.050600e+00
1.777000e-05	-2.648697e-02	7.011401e+00
1.778000e-05	-2.741057e-02	6.937943e+00
1.779000e-05	-2.806777e-02	6.906283e+00
1.780000e-05	-2.738761e-02	6.865157e+00
1.781000e-05	-2.749575e-02	6.832526e+00
1.782000e-05	-2.861861e-02	6.790425e+00
1.783000e-05	-2.993083e-02	6.748421e+00
1.784000e-05	-2.958222e-02	6.706740e+00
1.785000e-05	-2.959119e-02	6.662603e+00
1.786000e-05	-2.953363e-02	6.579867e+00
1.787000e-05	-3.098332e-02	6.513188e+00
1.788000e-05	-3.149928e-02	6.422050e+00
1.789000e-05	-3.094317e-02	6.400999e+00
1.790000e-05	-2.993005e-02	6.349292e+00
1.791000e-05	-3.112978e-02	6.275162e+00
1.792000e-05	-3.060800e-02	6.251028e+00
1.793000e-05	-3.161084e-02	6.169948e+00
1.794000e-05	-2.909224e-02	6.118291e+00
1.795000e-05	-2.867282e-02	6.033582e+00
1.796000e-05	-2.889572e-02	5.990500e+00
1.797000e-05	-2.934607e-02	5.949371e+00
1.798000e-05	-2.720031e-02	5.851186e+00
1.799000e-05	-2.532635e-02	5.798815e+00
1.800000e-05	-2.433991e-02	5.693605e+00
1.801000e-05	-2.513900e-02	5.580500e+00
1.802000e-05	-2.484055e-02	5.558367e+00
1.803000e-05	-2.268784e-02	5.444159e+00
1.804000e-05	-2.137047e-02	5.380396e+00
1.805000e-05	-2.113631e-02	5.326312e+00
1.806000e-05	-2.164287e-02	5.203109e+00
1.807000e-05	-2.001760e-02	5.116767e+00
1.808000e-05	-1.766895e-02	5.041998e+00
1.809000e-05	-1.690913e-02	4.944660e+00
1.810000e-05	-1.820914e-02	4.811523e+00
1.811000e-05	-1.791184e-02	4.746795e+00
1.812000e-05	-1.675160e-02	4.663107e+00
1.813000e-05	-1.465284e-02	4.538947e+00
1.814000e-05	-1.484098e-02	4.495158e+00
1.815000e-05	-1.505312e-02	4.420553e+00
1.816000e-05	-1.507571e-02	4.308847e+00
1.817000e-05	-1.329369e-02	4.234577e+00
1.818000e-05	-1.251440e-02	4.087237e+00
1.819000e-05	-1.240774e-02	4.019476e+00
1.820000e-05	-1.234758e-02	3.916816e+00
1.821000e-05	-1.193076e-02	3.822631e+00
1.822000e-05	-1.085671e-02	3.737793e+00
1.823000e-05	-1.134680e-02	3.664733e+00
1.824000e-05	-1.172723e-02	3.589925e+00
1.825000e-05	-1.046995e-02	3.485214e+00
1.826000e-05	-1.015436e-02	3.368341e+00
1.827000e-05	-1.030339e-02	3.252578e+00
1.828000e-05	-9.773314e-03	3.158394e+00
1.829000e-05	-8.976135e-03	3.043705e+00
1.830000e-05	-8.303005e-03	2.948349e+00
1.831000e-05	-9.064718e-03	2.864158e+00
1.832000e-05	-9.459330e-03	2.780049e+00
1.833000e-05	-9.125756e-03	2.674238e+00
1.834000e-05	-8.224361e-03	2.516821e+00
1.835000e-05	-8.031563e-03	2.390529e+00
1.836000e-05	-8.082586e-03	2.326313e+00
1.837000e-05	-8.377149e-03	2.221600e+00
1.838000e-05	-7.883558e-03	2.095792e+00
1.839000e-05	-6.458240e-03	2.032053e+00
1.840000e-05	-7.354521e-03	1.918366e+00
1.841000e-05	-7.747667e-03	1.813128e+00
1.842000e-05	-7.021756e-03	1.723787e+00
1.843000e-05	-5.559677e-03	1.602025e+00
1.844000e-05	-6.864902e-03	1.483709e+00
1.845000e-05	-6.924992e-03	1.358895e+00
1.846000e-05	-7.291390e-03	1.262128e+00
1.847000e-05	-5.791436e-03	1.166917e+00
1.848000e-05	-5.593308e-03	1.007947e+00
1.849000e-05	-5.571606e-03	8.337065e-01
1.850000e-05	-6.353709e-03	7.378674e-01
1.851000e-05	-5.301931e-03	6.536528e-01
1.852000e-05	-5.717019e-03	5.179672e-01
1.853000e-05	-4.444019e-03	4.516028e-01
1.854000e-05	-6.331219e-03	3.693936e-01
1.855000e-05	-5.763006e-03	2.026078e-01
1.856000e-05	-5.809255e-03	6.518164e-02
1.857000e-05	-4.544078e-03	-3.109888e-02
1.858000e-05	-2.906291e-03	-1.047684e-01
1.859000e-05	-1.006332e-03	-2.020789e-01
1.860000e-05	1.706561e-03	-3.167896e-01
1.861000e-05	8.270885e-04	-3.894776e-01
1.862000e-05	4.111893e-04	-5.437880e-01
1.863000e-05	-1.652691e-03	-6.826553e-01
1.864000e-05	-3.746541e-03	-7.889972e-01
1.865000e-05	3.174978e-03	-8.420555e-01
1.866000e-05	4.625315e-02	-9.467684e-01
1.867000e-05	3.902262e-02	-1.062604e+00
1.868000e-05	-2.622479e-02	-1.255136e+00
1.869000e-05	-9.183370e-02	-1.526237e+00
1.870000e-05	6.091620e-03	-1.549372e+00
1.871000e-05	9.667432e-02	-1.587420e+00
1.872000e-05	-6.639120e-02	-1.662637e+00
1.873000e-05	-4.692839e-02	-1.854035e+00
1.874000e-05	1.230987e-01	-1.844108e+00
1.875000e-05	-9.008188e-03	-1.967318e+00
1.876000e-05	-1.013418e-01	-2.107316e+00
1.877000e-05	7.868203e-02	-2.280977e+00
1.878000e-05	2.846577e-02	-2.316272e+00
1.879000e-05	-1.049557e-01	-2.474637e+00
1.880000e-05	6.188845e-02	-2.538944e+00
1.881000e-05	4.668432e-02	-2.651504e+00
1.882000e-05	-5.268668e-02	-2.758420e+00
1.883000e-05	4.288988e-02	-2.820551e+00
1.884000e-05	-1.956426e-02	-2.938265e+00
1.885000e-05	-3.052496e-02	-3.097819e+00
1.886000e-05	5.534545e-02	-3.199950e+00
1.887000e-05	-3.231725e-02	-3.273711e+00
1.888000e-05	7.769844e-03	-3.381976e+00
1.889000e-05	4.717364e-02	-3.482658e+00
1.890000e-05	-4.166437e-02	-3.567370e+00
1.891000e-05	2.544935e-02	-3.623058e+00
1.892000e-05	1.116956e-02	-3.736841e+00
1.893000e-05	-3.915316e-02	-3.925739e+00
1.894000e-05	3.246678e-02	-3.989448e+00
1.895000e-05	1.025447e-02	-4.113163e+00
1.896000e-05	1.873637e-03	-4.168373e+00
1.897000e-05	6.008919e-03	-4.274508e+00
1.898000e-05	-1.081810e-02	-4.347819e+00
1.899000e-05	1.972613e-02	-4.422025e+00
1.900000e-05	-5.857610e-03	-4.493734e+00
1.901000e-05	2.784921e-03	-4.671879e+00
1.902000e-05	5.898897e-03	-4.653662e+00
1.903000e-05	-3.928078e-03	-4.820071e+00
1.904000e-05	2.595486e-02	-4.814455e+00
1.905000e-05	-5.432146e-03	-4.976904e+00
1.906000e-05	-1.824703e-03	-5.012658e+00
1.907000e-05	8.991021e-03	-5.128791e+00
1.908000e-05	-4.790315e-03	-5.222452e+00
1.909000e-05	2.026426e-02	-5.368869e+00
1.910000e-05	-2.834210e-03	-5.484102e+00
1.911000e-05	-7.260017e-04	-5.558367e+00
1.912000e-05	1.115895e-02	-5.622528e+00
1.913000e-05	4.144941e-03	-5.714661e+00
1.914000e-05	1.220711e-02	-5.759420e+00
1.915000e-05	-5.818305e-03	-5.820577e+00
1.916000e-05	2.758617e-03	-5.915213e+00
1.917000e-05	8.465271e-03	-5.968420e+00
1.918000e-05	6.412541e-03	-6.001526e+00
1.919000e-05	9.759771e-03	-6.062633e+00
1.920000e-05	-4.257295e-03	-6.168895e+00
1.921000e-05	8.413685e-03	-6.274633e+00
1.922000e-05	7.161107e-03	-6.316890e+00
1.923000e-05	6.160038e-03	-6.400503e+00
1.924000e-05	5.188574e-03	-6.452557e+00
1.925000e-05	3.901380e-04	-6.476164e+00
1.926000e-05	1.195597e-02	-6.567368e+00
1.927000e-05	7.900565e-03	-6.621975e+00
1.928000e-05	6.106264e-03	-6.675104e+00
1.929000e-05	1.635086e-03	-6.737741e+00
1.930000e-05	2.826733e-03	-6.768869e+00
1.931000e-05	1.167864e-02	-6.850950e+00
1.932000e-05	8.015849e-03	-6.853107e+00
1.933000e-05	7.448460e-03	-6.966643e+00
1.934000e-05	2.849148e-03	-6.969894e+00
1.935000e-05	7.819235e-03	-7.084161e+00
1.936000e-05	1.009200e-02	-7.107291e+00
1.937000e-05	6.065213e-03	-7.168390e+00
1.938000e-05	6.028550e-03	-7.200998e+00
1.939000e-05	5.516106e-03	-7.221000e+00
1.940000e-05	1.176114e-02	-7.273079e+00
1.941000e-05	1.050630e-02	-7.294162e+00
1.942000e-05	5.840765e-03	-7.315292e+00
1.943000e-05	4.403628e-03	-7.337369e+00
1.944000e-05	6.177772e-03	-7.378946e+00
1.945000e-05	1.068482e-02	-7.410998e+00
1.946000e-05	1.015057e-02	-7.412526e+00
1.947000e-05	8.345972e-03	-7.460583e+00
1.948000e-05	6.822118e-03	-7.484138e+00
1.949000e-05	9.800937e-03	-7.504662e+00
1.950000e-05	1.036367e-02	-7.517741e+00
1.951000e-05	6.532144e-03	-7.545342e+00
1.952000e-05	5.963618e-03	-7.559393e+00
1.953000e-05	9.778864e-03	-7.587419e+00
1.954000e-05	1.368773e-02	-7.610421e+00
1.955000e-05	1.241575e-02	-7.592000e+00
1.956000e-05	1.050571e-02	-7.591499e+00
1.957000e-05	9.221844e-03	-7.641980e+00
1.958000e-05	1.005532e-02	-7.623005e+00
1.959000e-05	1.101975e-02	-7.694103e+00
1.960000e-05	9.959583e-03	-7.625085e+00
1.961000e-05	9.353439e-03	-7.664558e+00
1.962000e-05	1.217512e-02	-7.652155e+00
1.963000e-05	1.372636e-02	-7.676033e+00
1.964000e-05	1.408732e-02	-7.694082e+00
1.965000e-05	1.142216e-02	-7.643657e+00
1.966000e-05	1.105945e-02	-7.662003e+00
1.967000e-05	1.206864e-02	-7.654003e+00
1.968000e-05	1.432021e-02	-7.662530e+00
1.969000e-05	1.364921e-02	-7.622531e+00
1.970000e-05	1.259027e-02	-7.580424e+00
1.971000e-05	1.427642e-02	-7.588874e+00
1.972000e-05	1.605838e-02	-7.580397e+00
1.973000e-05	1.682438e-02	-7.549320e+00
1.974000e-05	1.462176e-02	-7.529292e+00
1.975000e-05	1.326027e-02	-7.526259e+00
1.976000e-05	1.489792e-02	-7.494185e+00
1.977000e-05	1.737091e-02	-7.483582e+00
1.978000e-05	1.686109e-02	-7.400053e+00
1.979000e-05	1.542743e-02	-7.412526e+00
1.980000e-05	1.641147e-02	-7.409950e+00
1.981000e-05	1.749185e-02	-7.348396e+00
1.982000e-05	1.837639e-02	-7.327267e+00
1.983000e-05	1.672264e-02	-7.285211e+00
1.984000e-05	1.613163e-02	-7.283134e+00
1.985000e-05	1.738257e-02	-7.221583e+00
1.986000e-05	1.947124e-02	-7.210027e+00
1.987000e-05	1.977912e-02	-7.209451e+00
1.988000e-05	1.932797e-02	-7.168395e+00
1.989000e-05	1.955028e-02	-7.054785e+00
1.990000e-05	2.010337e-02	-7.061029e+00
1.991000e-05	2.032668e-02	-6.948875e+00
1.992000e-05	1.994427e-02	-6.905136e+00
1.993000e-05	1.939552e-02	-6.871083e+00
1.994000e-05	2.106957e-02	-6.780524e+00
1.995000e-05	2.380717e-02	-6.769422e+00
1.996000e-05	2.406853e-02	-6.736795e+00
1.997000e-05	2.277737e-02	-6.635184e+00
1.998000e-05	2.109467e-02	-6.621053e+00
1.999000e-05	2.251009e-02	-6.569420e+00
2.000000e-05	2.435381e-02	-6.557244e+00
2.001000e-05	2.345394e-02	-6.454154e+00
2.002000e-05	2.107539e-02	-6.390951e+00
2.003000e-05	2.278476e-02	-6.327846e+00
2.004000e-05	2.402422e-02	-6.266684e+00
2.005000e-05	2.365809e-02	-6.179877e+00
2.006000e-05	2.155573e-02	-6.087263e+00
2.007000e-05	1.882586e-02	-6.041655e+00
2.008000e-05	1.886197e-02	-5.970421e+00
2.009000e-05	1.888821e-02	-5.915266e+00
2.010000e-05	1.871345e-02	-5.843075e+00
2.011000e-05	1.494476e-02	-5.798397e+00
2.012000e-05	1.439215e-02	-5.695658e+00
2.013000e-05	1.526029e-02	-5.651025e+00
2.014000e-05	1.712133e-02	-5.558970e+00
2.015000e-05	1.465382e-02	-5.515137e+00
2.016000e-05	1.191056e-02	-5.366863e+00
2.017000e-05	1.074796e-02	-5.221603e+00
2.018000e-05	1.098723e-02	-5.170448e+00
2.019000e-05	9.428764e-03	-5.053133e+00
2.020000e-05	8.690779e-03	-4.978475e+00
2.021000e-05	7.506144e-03	-4.867183e+00
2.022000e-05	8.903646e-03	-4.743864e+00
2.023000e-05	1.003587e-02	-4.655258e+00
2.024000e-05	7.264161e-03	-4.579997e+00
2.025000e-05	4.547075e-03	-4.485289e+00
2.026000e-05	4.506941e-03	-4.432054e+00
2.027000e-05	5.209228e-03	-4.379446e+00
2.028000e-05	5.282153e-03	-4.313238e+00
2.029000e-05	1.670203e-03	-4.170004e+00
2.030000e-05	3.318914e-03	-4.114341e+00
2.031000e-05	4.109012e-03	-4.031581e+00
2.032000e-05	5.253340e-03	-3.947949e+00
2.033000e-05	2.653343e-03	-3.835229e+00
2.034000e-05	1.481619e-03	-3.716317e+00
2.035000e-05	1.900803e-03	-3.570577e+00
2.036000e-05	2.418205e-03	-3.516391e+00
2.037000e-05	1.823960e-03	-3.411576e+00
2.038000e-05	-2.633651e-03	-3.326317e+00
2.039000e-05	-2.019054e-03	-3.242053e+00
2.040000e-05	9.983542e-04	-3.148920e+00
2.041000e-05	2.068901e-03	-3.012080e+00
2.042000e-05	2.019401e-03	-2.863707e+00
2.043000e-05	-1.670317e-03	-2.790496e+00
2.044000e-05	-1.740782e-04	-2.714786e+00
2.045000e-05	-2.257786e-03	-2.587999e+00
2.046000e-05	-1.253990e-03	-2.503261e+00
2.047000e-05	-5.267318e-03	-2.389523e+00
2.048000e-05	-2.559743e-03	-2.305763e+00
2.049000e-05	-1.436900e-03	-2.159420e+00
2.050000e-05	7.754020e-04	-2.041579e+00
2.051000e-05	-1.125912e-03	-1.948897e+00
2.052000e-05	-2.992002e-03	-1.853134e+00
2.053000e-05	-4.853124e-03	-1.738895e+00
2.054000e-05	-3.414148e-03	-1.660683e+00
2.055000e-05	-4.738952e-03	-1.547475e+00
2.056000e-05	-4.253978e-03	-1.390080e+00
2.057000e-05	-4.794706e-03	-1.304262e+00
2.058000e-05	-1.851547e-03	-1.167470e+00
2.059000e-05	-1.424629e-03	-1.081606e+00
2.060000e-05	-3.239259e-03	-9.363683e-01
2.061000e-05	-4.556128e-03	-8.616292e-01
2.062000e-05	-6.479081e-03	-6.968710e-01
2.063000e-05	-4.927028e-03	-6.216529e-01
2.064000e-05	-5.691587e-03	-4.621355e-01
2.065000e-05	-4.796656e-03	-3.779711e-01
2.066000e-05	-5.458886e-03	-2.637593e-01
2.067000e-05	-4.647025e-03	-1.479236e-01
2.068000e-05	-2.004392e-03	-8.160284e-02
2.069000e-05	-9.790962e-04	1.050006e-02
2.070000e-05	-1.232738e-03	1.466857e-01
2.071000e-05	-2.857280e-03	2.941365e-01
2.072000e-05	-2.240941e-03	3.593973e-01
2.073000e-05	-3.552816e-03	4.630806e-01
2.074000e-05	-3.936174e-03	5.693473e-01
2.075000e-05	4.151667e-04	6.441580e-01
2.076000e-05	2.515451e-02	7.784478e-01
2.077000e-05	4.505492e-02	8.862170e-01
2.078000e-05	-2.084710e-03	1.105212e+00
2.079000e-05	-7.064836e-02	1.232028e+00
2.080000e-05	-7.385017e-02	1.316338e+00
2.081000e-05	5.770223e-02	1.380450e+00
2.082000e-05	4.744149e-02	1.589896e+00
2.083000e-05	-1.129121e-01	1.717263e+00
2.084000e-05	6.223735e-03	1.777371e+00
2.085000e-05	7.988190e-02	1.904187e+00
2.086000e-05	-8.364952e-02	1.979928e+00
2.087000e-05	-2.075815e-02	2.033054e+00
2.088000e-05	6.300063e-02	2.136313e+00
2.089000e-05	-7.596069e-02	2.285161e+00
2.090000e-05	-2.489904e-02	2.380845e+00
2.091000e-05	7.628358e-02	2.462584e+00
2.092000e-05	-2.630034e-02	2.611468e+00
2.093000e-05	-2.062851e-02	2.707241e+00
2.094000e-05	1.246300e-02	2.830501e+00
2.095000e-05	-3.047300e-02	2.947293e+00
2.096000e-05	-6.289057e-04	3.008952e+00
2.097000e-05	5.447037e-03	3.115189e+00
2.098000e-05	-2.610137e-02	3.180425e+00
2.099000e-05	1.270089e-02	3.274104e+00
2.100000e-05	-6.034800e-04	3.390448e+00
2.101000e-05	-2.154003e-02	3.526166e+00
2.102000e-05	5.206336e-03	3.609450e+00
2.103000e-05	-1.797611e-02	3.716711e+00
2.104000e-05	-2.139814e-02	3.791924e+00
2.105000e-05	1.221605e-02	3.926211e+00
2.106000e-05	6.579968e-03	3.989402e+00
2.107000e-05	-1.981951e-02	4.063080e+00
2.108000e-05	-1.076781e-02	4.198215e+00
2.109000e-05	-1.972892e-03	4.286762e+00
2.110000e-05	-8.903679e-03	4.419925e+00
2.111000e-05	-7.144327e-03	4.492607e+00
2.112000e-05	-1.018536e-02	4.550800e+00
2.113000e-05	-1.600237e-02	4.661580e+00
2.114000e-05	3.395081e-03	4.757240e+00
2.115000e-05	2.472654e-03	4.790976e+00
2.116000e-05	-1.764839e-02	4.896738e+00
2.117000e-05	-1.452008e-02	5.042529e+00
2.118000e-05	-1.014065e-02	5.178246e+00
2.119000e-05	-3.107957e-03	5.224085e+00
2.120000e-05	-4.123210e-03	5.344712e+00
2.121000e-05	-1.272797e-02	5.400925e+00
2.122000e-05	-1.253867e-02	5.484607e+00
2.123000e-05	-3.327132e-03	5.578795e+00
2.124000e-05	-2.148326e-03	5.590474e+00
2.125000e-05	-1.369740e-02	5.636057e+00
2.126000e-05	-1.692808e-02	5.759220e+00
2.127000e-05	-9.947153e-03	5.876557e+00
2.128000e-05	-4.071197e-03	5.958366e+00
2.129000e-05	-5.680254e-03	5.991478e+00
2.130000e-05	-1.347389e-02	6.074132e+00
2.131000e-05	-1.521808e-02	6.116237e+00
2.132000e-05	-7.725584e-03	6.169376e+00
2.133000e-05	-6.545949e-03	6.232529e+00
2.134000e-05	-1.272040e-02	6.314712e+00
2.135000e-05	-1.443912e-02	6.346719e+00
2.136000e-05	-9.997934e-03	6.392526e+00
2.137000e-05	-4.929655e-03	6.435053e+00
2.138000e-05	-8.376155e-03	6.555211e+00
2.139000e-05	-1.513340e-02	6.570823e+00
2.140000e-05	-1.704525e-02	6.654078e+00
2.141000e-05	-1.165081e-02	6.766265e+00
2.142000e-05	-8.009130e-03	6.749896e+00
2.143000e-05	-1.141860e-02	6.780479e+00
2.144000e-05	-1.481705e-02	6.853033e+00
2.145000e-05	-1.252761e-02	6.874608e+00
2.146000e-05	-8.612354e-03	6.926240e+00
2.147000e-05	-1.096775e-02	6.969344e+00
2.148000e-05	-1.719497e-02	7.021978e+00
2.149000e-05	-1.660087e-02	7.063555e+00
2.150000e-05	-1.198933e-02	7.095637e+00
2.151000e-05	-7.987408e-03	7.157315e+00
2.152000e-05	-1.232909e-02	7.177300e+00
2.153000e-05	-1.587116e-02	7.160896e+00
2.154000e-05	-1.618908e-02	7.202549e+00
2.155000e-05	-1.218565e-02	7.211478e+00
2.156000e-05	-1.289748e-02	7.274631e+00
2.157000e-05	-1.540977e-02	7.335158e+00
2.158000e-05	-1.676336e-02	7.307189e+00
2.159000e-05	-1.425751e-02	7.335687e+00
2.160000e-05	-1.177486e-02	7.411368e+00
2.161000e-05	-1.392963e-02	7.401395e+00
2.162000e-05	-1.775082e-02	7.441950e+00
2.163000e-05	-1.847477e-02	7.413632e+00
2.164000e-05	-1.523801e-02	7.486132e+00
2.165000e-05	-1.458352e-02	7.495233e+00
2.166000e-05	-1.726408e-02	7.496141e+00
2.167000e-05	-1.850710e-02	7.529092e+00
2.168000e-05	-1.576978e-02	7.570312e+00
2.169000e-05	-1.472201e-02	7.537317e+00
2.170000e-05	-1.658446e-02	7.547295e+00
2.171000e-05	-2.000307e-02	7.559445e+00
2.172000e-05	-2.041765e-02	7.549342e+00
2.173000e-05	-1.752978e-02	7.548341e+00
2.174000e-05	-1.671802e-02	7.548413e+00
2.175000e-05	-1.919897e-02	7.568418e+00
2.176000e-05	-2.057989e-02	7.537813e+00
2.177000e-05	-1.864642e-02	7.548791e+00
2.178000e-05	-1.844898e-02	7.537716e+00
2.179000e-05	-2.044036e-02	7.507609e+00
2.180000e-05	-2.304158e-02	7.517194e+00
2.181000e-05	-2.114299e-02	7.435008e+00
2.182000e-05	-2.022662e-02	7.442533e+00
2.183000e-05	-2.149492e-02	7.420529e+00
2.184000e-05	-2.276846e-02	7.403397e+00
2.185000e-05	-2.317009e-02	7.357340e+00
2.186000e-05	-2.238339e-02	7.377736e+00
2.187000e-05	-2.117161e-02	7.307059e+00
2.188000e-05	-2.361131e-02	7.242104e+00
2.189000e-05	-2.442851e-02	7.232028e+00
2.190000e-05	-2.481967e-02	7.190477e+00
2.191000e-05	-2.283931e-02	7.220945e+00
2.192000e-05	-2.363991e-02	7.160295e+00
2.193000e-05	-2.616509e-02	7.149742e+00
2.194000e-05	-2.598690e-02	7.085662e+00
2.195000e-05	-2.518901e-02	7.074182e+00
2.196000e-05	-2.532692e-02	7.002053e+00
2.197000e-05	-2.760339e-02	6.989894e+00
2.198000e-05	-2.755053e-02	6.940345e+00
2.199000e-05	-2.624710e-02	6.896211e+00
2.200000e-05	-2.614512e-02	6.873628e+00
2.201000e-05	-2.833138e-02	6.831051e+00
2.202000e-05	-2.981622e-02	6.790976e+00
2.203000e-05	-2.897782e-02	6.747899e+00
2.204000e-05	-2.822690e-02	6.716113e+00
2.205000e-05	-2.905427e-02	6.662050e+00
2.206000e-05	-3.118538e-02	6.549392e+00
2.207000e-05	-3.132839e-02	6.446658e+00
2.208000e-05	-3.053061e-02	6.452026e+00
2.209000e-05	-3.051182e-02	6.368975e+00
2.210000e-05	-3.128495e-02	6.338870e+00
2.211000e-05	-3.112244e-02	6.304084e+00
2.212000e-05	-3.093944e-02	6.240005e+00
2.213000e-05	-2.892833e-02	6.158920e+00
2.214000e-05	-2.856159e-02	6.147265e+00
2.215000e-05	-3.024967e-02	6.072553e+00
2.216000e-05	-2.878023e-02	6.020028e+00
2.217000e-05	-2.805077e-02	5.917870e+00
2.218000e-05	-2.668062e-02	5.874129e+00
2.219000e-05	-2.597841e-02	5.739243e+00
2.220000e-05	-2.558091e-02	5.654103e+00
2.221000e-05	-2.462744e-02	5.590951e+00
2.222000e-05	-2.318213e-02	5.536295e+00
2.223000e-05	-2.221525e-02	5.463581e+00
2.224000e-05	-2.227923e-02	5.388894e+00
2.225000e-05	-2.195705e-02	5.296237e+00
2.226000e-05	-2.005234e-02	5.222075e+00
2.227000e-05	-1.900180e-02	5.167262e+00
2.228000e-05	-1.933855e-02	4.981821e+00
2.229000e-05	-1.850619e-02	4.846681e+00
2.230000e-05	-1.837585e-02	4.819449e+00
2.231000e-05	-1.664665e-02	4.737790e+00
2.232000e-05	-1.599889e-02	4.642651e+00
2.233000e-05	-1.544571e-02	4.548863e+00
2.234000e-05	-1.573140e-02	4.463608e+00
2.235000e-05	-1.454593e-02	4.400426e+00
2.236000e-05	-1.310398e-02	4.318315e+00
2.237000e-05	-1.358373e-02	4.241324e+00
2.238000e-05	-1.427603e-02	4.095106e+00
2.239000e-05	-1.253243e-02	4.009950e+00
2.240000e-05	-1.150195e-02	3.906362e+00
2.241000e-05	-1.139924e-02	3.830504e+00
2.242000e-05	-1.332352e-02	3.738370e+00
2.243000e-05	-1.268667e-02	3.672182e+00
2.244000e-05	-1.158886e-02	3.569471e+00
2.245000e-05	-9.725768e-03	3.474284e+00
2.246000e-05	-1.001272e-02	3.337412e+00
2.247000e-05	-1.039340e-02	3.219978e+00
2.248000e-05	-1.043125e-02	3.127869e+00
2.249000e-05	-9.211233e-03	3.032554e+00
2.250000e-05	-9.494114e-03	2.928790e+00
2.251000e-05	-9.959839e-03	2.854131e+00
2.252000e-05	-9.665967e-03	2.789447e+00
2.253000e-05	-8.942812e-03	2.683684e+00
2.254000e-05	-7.933461e-03	2.526238e+00
2.255000e-05	-8.193883e-03	2.398924e+00
2.256000e-05	-8.407627e-03	2.326137e+00
2.257000e-05	-8.139208e-03	2.190999e+00
2.258000e-05	-7.165195e-03	2.084737e+00
2.259000e-05	-7.289029e-03	1.999976e+00
2.260000e-05	-7.171392e-03	1.917365e+00
2.261000e-05	-7.493470e-03	1.840523e+00
2.262000e-05	-6.278978e-03	1.695214e+00
2.263000e-05	-6.749480e-03	1.578472e+00
2.264000e-05	-5.891343e-03	1.463253e+00
2.265000e-05	-6.303637e-03	1.358341e+00
2.266000e-05	-5.926049e-03	1.222555e+00
2.267000e-05	-5.990450e-03	1.146318e+00
2.268000e-05	-5.099108e-03	1.020372e+00
2.269000e-05	-5.896818e-03	8.216252e-01
2.270000e-05	-5.728075e-03	7.382711e-01
2.271000e-05	-5.521230e-03	5.915816e-01
2.272000e-05	-4.970984e-03	5.577859e-01
2.273000e-05	-5.122388e-03	4.295765e-01
2.274000e-05	-5.595997e-03	3.064208e-01
2.275000e-05	-4.905668e-03	2.410787e-01
2.276000e-05	-5.350717e-03	7.213420e-02
2.277000e-05	-3.376885e-03	-3.305382e-02
2.278000e-05	-2.966138e-03	-1.353159e-01
2.279000e-05	-8.048600e-04	-2.520303e-01
2.280000e-05	6.882495e-05	-3.283910e-01
2.281000e-05	2.620587e-04	-4.330251e-01
2.282000e-05	-9.370532e-04	-5.542369e-01
2.283000e-05	-1.403473e-03	-7.140831e-01
2.284000e-05	-1.289190e-03	-7.884761e-01
2.285000e-05	8.123713e-03	-8.621077e-01
2.286000e-05	5.270463e-02	-9.573459e-01
2.287000e-05	3.030493e-02	-1.102712e+00
2.288000e-05	-3.848628e-02	-1.325315e+00
2.289000e-05	-9.035131e-02	-1.526815e+00
2.290000e-05	2.344000e-02	-1.559471e+00
2.291000e-05	9.157620e-02	-1.598842e+00
2.292000e-05	-8.634352e-02	-1.714688e+00
2.293000e-05	-1.709929e-02	-1.833037e+00
2.294000e-05	1.178772e-01	-1.893686e+00
2.295000e-05	-5.074837e-02	-1.967917e+00
2.296000e-05	-7.451014e-02	-2.167974e+00
2.297000e-05	9.788822e-02	-2.302577e+00
2.298000e-05	-1.026779e-02	-2.348894e+00
2.299000e-05	-8.490087e-02	-2.495687e+00
2.300000e-05	8.716902e-02	-2.557396e+00
2.301000e-05	2.037527e-02	-2.681133e+00
2.302000e-05	-4.178475e-02	-2.748000e+00
2.303000e-05	4.695381e-02	-2.831555e+00
2.304000e-05	-3.698090e-02	-2.987394e+00
2.305000e-05	-1.386803e-02	-3.138365e+00
2.306000e-05	5.018316e-02	-3.200000e+00
2.307000e-05	-4.258250e-02	-3.305715e+00
2.308000e-05	2.514673e-02	-3.400024e+00
2.309000e-05	3.280708e-02	-3.493084e+00
2.310000e-05	-4.260607e-02	-3.577874e+00
2.311000e-05	3.868453e-02	-3.662533e+00
2.312000e-05	-3.682424e-03	-3.797347e+00
2.313000e-05	-3.315005e-02	-3.945691e+00
2.314000e-05	3.881701e-02	-3.989950e+00
2.315000e-05	2.852427e-03	-4.104712e+00
2.316000e-05	4.230114e-03	-4.158449e+00
2.317000e-05	1.661735e-03	-4.282656e+00
2.318000e-05	-5.952458e-03	-4.347394e+00
2.319000e-05	1.972243e-02	-4.450980e+00
2.320000e-05	-9.158046e-03	-4.515764e+00
2.321000e-05	7.088984e-03	-4.640583e+00
2.322000e-05	2.816771e-03	-4.695203e+00
2.323000e-05	-3.568728e-04	-4.819474e+00
2.324000e-05	2.602551e-02	-4.884087e+00
2.325000e-05	-1.098612e-02	-4.991396e+00
2.326000e-05	3.296820e-03	-5.084639e+00
2.327000e-05	6.040953e-03	-5.167819e+00
2.328000e-05	-2.480223e-03	-5.193110e+00
2.329000e-05	1.908441e-02	-5.378818e+00
2.330000e-05	-6.022453e-03	-5.464208e+00
2.331000e-05	4.371317e-03	-5.546894e+00
2.332000e-05	1.074072e-02	-5.642053e+00
2.333000e-05	4.042226e-03	-5.696213e+00
2.334000e-05	1.023627e-02	-5.789351e+00
2.335000e-05	-6.905344e-03	-5.863131e+00
2.336000e-05	6.428355e-03	-5.916266e+00
2.337000e-05	7.477463e-03	-5.989419e+00
2.338000e-05	7.940974e-03	-6.042500e+00
2.339000e-05	8.650357e-03	-6.096111e+00
2.340000e-05	-2.169434e-03	-6.209901e+00
2.341000e-05	1.071209e-02	-6.274611e+00
2.342000e-05	4.898592e-03	-6.377344e+00
2.343000e-05	6.062364e-03	-6.391026e+00
2.344000e-05	3.949743e-03	-6.453534e+00
2.345000e-05	2.978523e-03	-6.516191e+00
2.346000e-05	1.203980e-02	-6.567347e+00
2.347000e-05	6.998195e-03	-6.611006e+00
2.348000e-05	7.698968e-03	-6.694655e+00
2.349000e-05	2.565757e-03	-6.747243e+00
2.350000e-05	3.769148e-03	-6.768448e+00
2.351000e-05	9.850088e-03	-6.810549e+00
2.352000e-05	6.678076e-03	-6.893107e+00
2.353000e-05	8.285052e-03	-6.927270e+00
2.354000e-05	4.330768e-03	-7.021903e+00
2.355000e-05	8.523294e-03	-7.052061e+00
2.356000e-05	8.250796e-03	-7.148086e+00
2.357000e-05	5.735315e-03	-7.178870e+00
2.358000e-05	6.431073e-03	-7.231050e+00
2.359000e-05	6.410263e-03	-7.232529e+00
2.360000e-05	1.099963e-02	-7.234610e+00
2.361000e-05	9.494828e-03	-7.307262e+00
2.362000e-05	6.155406e-03	-7.346785e+00
2.363000e-05	5.948880e-03	-7.348291e+00
2.364000e-05	6.359588e-03	-7.398895e+00
2.365000e-05	9.799785e-03	-7.411454e+00
2.366000e-05	9.140431e-03	-7.460505e+00
2.367000e-05	7.498011e-03	-7.473607e+00
2.368000e-05	7.977701e-03	-7.464160e+00
2.369000e-05	9.518469e-03	-7.507238e+00
2.370000e-05	1.026823e-02	-7.516266e+00
2.371000e-05	7.063830e-03	-7.529290e+00
2.372000e-05	7.517909e-03	-7.536819e+00
2.373000e-05	1.013241e-02	-7.608394e+00
2.374000e-05	1.258096e-02	-7.579425e+00
2.375000e-05	1.096812e-02	-7.633446e+00
2.376000e-05	8.992676e-03	-7.602480e+00
2.377000e-05	8.708114e-03	-7.652029e+00
2.378000e-05	1.071224e-02	-7.654059e+00
2.379000e-05	1.113586e-02	-7.671976e+00
2.380000e-05	1.059112e-02	-7.623983e+00
2.381000e-05	1.090966e-02	-7.643035e+00
2.382000e-05	1.187196e-02	-7.671565e+00
2.383000e-05	1.284196e-02	-7.692630e+00
2.384000e-05	1.213713e-02	-7.652033e+00
2.385000e-05	1.163311e-02	-7.644203e+00
2.386000e-05	1.183836e-02	-7.641580e+00
2.387000e-05	1.318281e-02	-7.654605e+00
2.388000e-05	1.372540e-02	-7.642483e+00
2.389000e-05	1.373848e-02	-7.571030e+00
2.390000e-05	1.303824e-02	-7.652453e+00
2.391000e-05	1.371384e-02	-7.560001e+00
2.392000e-05	1.505265e-02	-7.599469e+00
2.393000e-05	1.527321e-02	-7.558395e+00
2.394000e-05	1.538087e-02	-7.507843e+00
2.395000e-05	1.449936e-02	-7.506759e+00
2.396000e-05	1.577669e-02	-7.475133e+00
2.397000e-05	1.674619e-02	-7.463159e+00
2.398000e-05	1.665964e-02	-7.452105e+00
2.399000e-05	1.565336e-02	-7.420977e+00
2.400000e-05	1.646192e-02	-7.399874e+00
2.401000e-05	1.730949e-02	-7.380342e+00
2.402000e-05	1.866494e-02	-7.284741e+00
2.403000e-05	1.841771e-02	-7.315187e+00
2.404000e-05	1.816644e-02	-7.262583e+00
2.405000e-05	1.766099e-02	-7.230077e+00
2.406000e-05	1.864451e-02	-7.190004e+00
2.407000e-05	1.907518e-02	-7.210424e+00
2.408000e-05	1.922745e-02	-7.148244e+00
2.409000e-05	1.916975e-02	-7.104683e+00
2.410000e-05	1.938222e-02	-7.010500e+00
2.411000e-05	2.064564e-02	-6.960845e+00
2.412000e-05	2.173754e-02	-6.895186e+00
2.413000e-05	2.190727e-02	-6.853128e+00
2.414000e-05	2.179634e-02	-6.789499e+00
2.415000e-05	2.175669e-02	-6.779946e+00
2.416000e-05	2.316748e-02	-6.746341e+00
2.417000e-05	2.276262e-02	-6.673108e+00
2.418000e-05	2.306980e-02	-6.621554e+00
2.419000e-05	2.255613e-02	-6.547442e+00
2.420000e-05	2.262261e-02	-6.503682e+00
2.421000e-05	2.329655e-02	-6.453108e+00
2.422000e-05	2.254699e-02	-6.400452e+00
2.423000e-05	2.335799e-02	-6.347871e+00
2.424000e-05	2.248538e-02	-6.244061e+00
2.425000e-05	2.100518e-02	-6.219975e+00
2.426000e-05	2.100354e-02	-6.114181e+00
2.427000e-05	2.049126e-02	-6.020551e+00
2.428000e-05	1.990896e-02	-5.958369e+00
2.429000e-05	1.810611e-02	-5.927289e+00
2.430000e-05	1.690043e-02	-5.831052e+00
2.431000e-05	1.636750e-02	-5.767347e+00
2.432000e-05	1.680818e-02	-5.693709e+00
2.433000e-05	1.605462e-02	-5.630525e+00
2.434000e-05	1.433334e-02	-5.557368e+00
2.435000e-05	1.237241e-02	-5.494159e+00
2.436000e-05	1.206030e-02	-5.296738e+00
2.437000e-05	1.117029e-02	-5.222578e+00
2.438000e-05	9.081450e-03	-5.149371e+00
2.439000e-05	9.212622e-03	-5.082208e+00
2.440000e-05	9.444883e-03	-5.007948e+00
2.441000e-05	8.644015e-03	-4.874184e+00
2.442000e-05	7.851107e-03	-4.725714e+00
2.443000e-05	7.608302e-03	-4.642605e+00
2.444000e-05	5.890309e-03	-4.589472e+00
2.445000e-05	5.788737e-03	-4.504261e+00
2.446000e-05	5.278889e-03	-4.431030e+00
2.447000e-05	4.434594e-03	-4.358924e+00
2.448000e-05	3.985964e-03	-4.303134e+00
2.449000e-05	5.048836e-03	-4.160450e+00
2.450000e-05	3.334978e-03	-4.126290e+00
2.451000e-05	3.754823e-03	-4.000576e+00
2.452000e-05	2.916599e-03	-3.957367e+00
2.453000e-05	3.003262e-03	-3.850583e+00
2.454000e-05	2.440094e-03	-3.663233e+00
2.455000e-05	1.429607e-03	-3.599525e+00
2.456000e-05	1.174463e-03	-3.524842e+00
2.457000e-05	7.282822e-04	-3.411053e+00
2.458000e-05	4.380475e-04	-3.315691e+00
2.459000e-05	5.422438e-04	-3.230602e+00
2.460000e-05	7.747119e-04	-3.127817e+00
2.461000e-05	1.179555e-03	-2.981574e+00
2.462000e-05	2.623249e-04	-2.843257e+00
2.463000e-05	-6.137984e-04	-2.779547e+00
2.464000e-05	-7.037886e-04	-2.705712e+00
2.465000e-05	-9.431754e-04	-2.589921e+00
2.466000e-05	-2.212889e-03	-2.464634e+00
2.467000e-05	-2.008352e-03	-2.390000e+00
2.468000e-05	-1.592899e-03	-2.305263e+00
2.469000e-05	-1.779368e-03	-2.176845e+00
2.470000e-05	-1.209934e-03	-2.019554e+00
2.471000e-05	-2.233813e-03	-1.947320e+00
2.472000e-05	-2.907873e-03	-1.852102e+00
2.473000e-05	-2.742944e-03	-1.735768e+00
2.474000e-05	-2.979802e-03	-1.621579e+00
2.475000e-05	-3.818889e-03	-1.548472e+00
2.476000e-05	-3.860389e-03	-1.391628e+00
2.477000e-05	-4.331946e-03	-1.274107e+00
2.478000e-05	-3.224501e-03	-1.125940e+00
2.479000e-05	-3.802810e-03	-1.020101e+00
2.480000e-05	-4.153552e-03	-8.857934e-01
2.481000e-05	-4.689580e-03	-8.199800e-01
2.482000e-05	-4.913440e-03	-6.848173e-01
2.483000e-05	-4.937214e-03	-6.095239e-01
2.484000e-05	-4.637039e-03	-4.416303e-01
2.485000e-05	-5.713381e-03	-3.683723e-01
2.486000e-05	-5.315459e-03	-2.726592e-01
2.487000e-05	-4.382940e-03	-2.300250e-01
2.488000e-05	-3.888518e-03	2.500000e-06
2.489000e-05	-1.641548e-03	3.150513e-02
2.490000e-05	-1.444274e-03	1.068183e-01
2.491000e-05	-2.017476e-03	3.157354e-01
2.492000e-05	-1.681660e-03	3.905250e-01
2.493000e-05	-3.264932e-03	4.941579e-01
2.494000e-05	-3.329681e-03	6.013948e-01
2.495000e-05	2.212239e-03	6.542119e-01
2.496000e-05	3.064076e-02	7.884224e-01
2.497000e-05	4.204627e-02	9.666882e-01
2.498000e-05	-1.092753e-02	1.097218e+00
2.499000e-05	-8.101942e-02	1.223105e+00
2.500000e-05	-5.914260e-02	1.336342e+00
2.501000e-05	6.982528e-02	1.391979e+00
2.502000e-05	2.120994e-02	1.608950e+00
2.503000e-05	-1.078863e-01	1.738867e+00
2.504000e-05	3.173264e-02	1.758869e+00
2.505000e-05	6.867988e-02	1.893717e+00
2.506000e-05	-9.640323e-02	2.010950e+00
2.507000e-05	1.184696e-03	2.053103e+00
2.508000e-05	5.530879e-02	2.178317e+00
2.509000e-05	-9.161859e-02	2.315192e+00
2.510000e-05	-5.270894e-04	2.409872e+00
2.511000e-05	7.165622e-02	2.503708e+00
2.512000e-05	-4.269641e-02	2.591928e+00
2.513000e-05	-9.049993e-03	2.737790e+00
2.514000e-05	8.338533e-03	2.842053e+00
2.515000e-05	-3.382570e-02	2.955216e+00
2.516000e-05	9.400090e-03	2.980024e+00
2.517000e-05	-1.062334e-03	3.126263e+00
2.518000e-05	-2.406771e-02	3.209975e+00
2.519000e-05	1.664552e-02	3.314111e+00
2.520000e-05	-6.193578e-03	3.441080e+00
2.521000e-05	-1.885787e-02	3.527769e+00
2.522000e-05	4.405656e-03	3.622003e+00
2.523000e-05	-2.134419e-02	3.727287e+00
2.524000e-05	-1.622580e-02	3.811453e+00
2.525000e-05	1.443047e-02	3.915737e+00
2.526000e-05	3.337281e-03	4.000449e+00
2.527000e-05	-2.100717e-02	4.075582e+00
2.528000e-05	-8.562866e-03	4.239873e+00
2.529000e-05	-2.116845e-03	4.315715e+00
2.530000e-05	-9.948176e-03	4.429529e+00
2.531000e-05	-6.393266e-03	4.486159e+00
2.532000e-05	-1.244622e-02	4.590396e+00
2.533000e-05	-1.341743e-02	4.724085e+00
2.534000e-05	4.943890e-03	4.757265e+00
2.535000e-05	3.804454e-05	4.811528e+00
2.536000e-05	-1.734352e-02	4.928266e+00
2.537000e-05	-1.365700e-02	5.115611e+00
2.538000e-05	-7.880911e-03	5.178441e+00
2.539000e-05	-1.828285e-03	5.254104e+00
2.540000e-05	-5.317380e-03	5.308270e+00
2.541000e-05	-1.327674e-02	5.409924e+00
2.542000e-05	-1.192836e-02	5.504637e+00
2.543000e-05	-3.154787e-03	5.587849e+00
2.544000e-05	-2.530777e-03	5.621976e+00
2.545000e-05	-1.482082e-02	5.696585e+00
2.546000e-05	-1.643730e-02	5.750821e+00
2.547000e-05	-9.153401e-03	5.885113e+00
2.548000e-05	-3.944576e-03	5.967293e+00
2.549000e-05	-5.553040e-03	6.001501e+00
2.550000e-05	-1.490664e-02	6.073530e+00
2.551000e-05	-1.389622e-02	6.147292e+00
2.552000e-05	-6.904778e-03	6.190500e+00
2.553000e-05	-6.401599e-03	6.253108e+00
2.554000e-05	-1.285186e-02	6.335712e+00
2.555000e-05	-1.559452e-02	6.348869e+00
2.556000e-05	-9.532558e-03	6.412500e+00
2.557000e-05	-6.331157e-03	6.464035e+00
2.558000e-05	-8.618686e-03	6.558188e+00
2.559000e-05	-1.564967e-02	6.612346e+00
2.560000e-05	-1.653126e-02	6.635536e+00
2.561000e-05	-1.038253e-02	6.748342e+00
2.562000e-05	-6.803109e-03	6.789950e+00
2.563000e-05	-1.163085e-02	6.850427e+00
2.564000e-05	-1.511545e-02	6.843557e+00
2.565000e-05	-1.338980e-02	6.883159e+00
2.566000e-05	-1.045254e-02	6.946663e+00
2.567000e-05	-1.079631e-02	6.967945e+00
2.568000e-05	-1.698743e-02	7.032949e+00
2.569000e-05	-1.644284e-02	7.105204e+00
2.570000e-05	-1.174708e-02	7.097188e+00
2.571000e-05	-8.247230e-03	7.096791e+00
2.572000e-05	-1.318935e-02	7.129345e+00
2.573000e-05	-1.660818e-02	7.189873e+00
2.574000e-05	-1.714618e-02	7.209974e+00
2.575000e-05	-1.221513e-02	7.223007e+00
2.576000e-05	-1.233361e-02	7.272533e+00
2.577000e-05	-1.418344e-02	7.286078e+00
2.578000e-05	-1.746362e-02	7.327167e+00
2.579000e-05	-1.533207e-02	7.380245e+00
2.580000e-05	-1.290803e-02	7.362797e+00
2.581000e-05	-1.411500e-02	7.380472e+00
2.582000e-05	-1.848716e-02	7.394957e+00
2.583000e-05	-1.863164e-02	7.485052e+00
2.584000e-05	-1.502016e-02	7.495564e+00
2.585000e-05	-1.324648e-02	7.498243e+00
2.586000e-05	-1.594043e-02	7.487215e+00
2.587000e-05	-1.894533e-02	7.548241e+00
2.588000e-05	-1.855434e-02	7.518893e+00
2.589000e-05	-1.580674e-02	7.527889e+00
2.590000e-05	-1.589614e-02	7.549296e+00
2.591000e-05	-1.870572e-02	7.568445e+00
2.592000e-05	-1.980501e-02	7.550797e+00
2.593000e-05	-1.807204e-02	7.518896e+00
2.594000e-05	-1.605192e-02	7.558766e+00
2.595000e-05	-1.877494e-02	7.569744e+00
2.596000e-05	-2.145488e-02	7.558343e+00
2.597000e-05	-2.051016e-02	7.568717e+00
2.598000e-05	-1.898554e-02	7.558295e+00
2.599000e-05	-1.797357e-02	7.519167e+00
2.600000e-05	-2.099283e-02	7.516565e+00
2.601000e-05	-2.330336e-02	7.485111e+00
2.602000e-05	-2.224554e-02	7.456006e+00
2.603000e-05	-2.050755e-02	7.392058e+00
2.604000e-05	-2.169608e-02	7.381327e+00
2.605000e-05	-2.381190e-02	7.338797e+00
2.606000e-05	-2.319627e-02	7.330717e+00
2.607000e-05	-2.137867e-02	7.307185e+00
2.608000e-05	-2.127201e-02	7.283029e+00
2.609000e-05	-2.478365e-02	7.221528e+00
2.610000e-05	-2.601320e-02	7.212030e+00
2.611000e-05	-2.498811e-02	7.169923e+00
2.612000e-05	-2.430590e-02	7.169399e+00
2.613000e-05	-2.452881e-02	7.137694e+00
2.614000e-05	-2.602007e-02	7.117261e+00
2.615000e-05	-2.618428e-02	7.083232e+00
2.616000e-05	-2.545518e-02	7.012983e+00
2.617000e-05	-2.599505e-02	6.989921e+00
2.618000e-05	-2.675523e-02	6.959340e+00
2.619000e-05	-2.880089e-02	6.904609e+00
2.620000e-05	-2.826512e-02	6.832605e+00
2.621000e-05	-2.823257e-02	6.812553e+00
2.622000e-05	-2.810800e-02	6.779923e+00
2.623000e-05	-3.018447e-02	6.778345e+00
2.624000e-05	-2.978527e-02	6.736588e+00
2.625000e-05	-3.048891e-02	6.633396e+00
2.626000e-05	-2.885661e-02	6.538816e+00
2.627000e-05	-3.018492e-02	6.473062e+00
2.628000e-05	-3.137053e-02	6.432979e+00
2.629000e-05	-3.214773e-02	6.379447e+00
2.630000e-05	-3.120198e-02	6.369740e+00
2.631000e-05	-3.049721e-02	6.284136e+00
2.632000e-05	-3.082214e-02	6.202077e+00
2.633000e-05	-3.140393e-02	6.148446e+00
2.634000e-05	-2.945047e-02	6.136185e+00
2.635000e-05	-2.794010e-02	6.062155e+00
2.636000e-05	-2.766132e-02	6.019975e+00
2.637000e-05	-2.882100e-02	5.897318e+00
2.638000e-05	-2.862925e-02	5.823576e+00
2.639000e-05	-2.663406e-02	5.716188e+00
2.640000e-05	-2.509033e-02	5.632004e+00
2.641000e-05	-2.396748e-02	5.579399e+00
2.642000e-05	-2.442850e-02	5.496263e+00
2.643000e-05	-2.260873e-02	5.453552e+00
2.644000e-05	-2.095318e-02	5.349419e+00
2.645000e-05	-2.089104e-02	5.255661e+00
2.646000e-05	-2.112224e-02	5.181425e+00
2.647000e-05	-2.109227e-02	5.137186e+00
2.648000e-05	-1.832168e-02	4.979400e+00
2.649000e-05	-1.706818e-02	4.852611e+00
2.650000e-05	-1.779757e-02	4.759496e+00
2.651000e-05	-1.681313e-02	4.734736e+00
2.652000e-05	-1.630757e-02	4.652634e+00
2.653000e-05	-1.508285e-02	4.546793e+00
2.654000e-05	-1.465627e-02	4.443106e+00
2.655000e-05	-1.402179e-02	4.390003e+00
2.656000e-05	-1.407385e-02	4.265266e+00
2.657000e-05	-1.408425e-02	4.181052e+00
2.658000e-05	-1.208329e-02	4.054109e+00
2.659000e-05	-1.149027e-02	3.969575e+00
2.660000e-05	-1.247464e-02	3.915766e+00
2.661000e-05	-1.326391e-02	3.822054e+00
2.662000e-05	-1.197296e-02	3.706242e+00
2.663000e-05	-1.072352e-02	3.641051e+00
2.664000e-05	-1.047311e-02	3.567897e+00
2.665000e-05	-1.048463e-02	3.483559e+00
2.666000e-05	-1.077257e-02	3.316811e+00
2.667000e-05	-9.563152e-03	3.210550e+00
2.668000e-05	-9.028749e-03	3.187338e+00
2.669000e-05	-1.029269e-02	3.022079e+00
2.670000e-05	-9.757668e-03	2.946868e+00
2.671000e-05	-9.137243e-03	2.833555e+00
2.672000e-05	-8.682231e-03	2.757423e+00
2.673000e-05	-7.729105e-03	2.562582e+00
2.674000e-05	-8.336951e-03	2.495690e+00
2.675000e-05	-8.345624e-03	2.356973e+00
2.676000e-05	-7.906962e-03	2.263729e+00
2.677000e-05	-6.363147e-03	2.168997e+00
2.678000e-05	-7.149490e-03	2.065660e+00
2.679000e-05	-7.753336e-03	1.999947e+00
2.680000e-05	-7.475645e-03	1.946743e+00
2.681000e-05	-7.006932e-03	1.810549e+00
2.682000e-05	-6.326942e-03	1.716136e+00
2.683000e-05	-7.450542e-03	1.568453e+00
2.684000e-05	-7.135727e-03	1.412078e+00
2.685000e-05	-5.816809e-03	1.337791e+00
2.686000e-05	-5.287546e-03	1.231099e+00
2.687000e-05	-5.810487e-03	1.106735e+00
2.688000e-05	-6.275540e-03	9.592909e-01
2.689000e-05	-5.943513e-03	8.210791e-01
2.690000e-05	-5.409034e-03	7.168198e-01
2.691000e-05	-5.279784e-03	6.121026e-01
2.692000e-05	-5.777736e-03	4.747407e-01
2.693000e-05	-5.437093e-03	4.404763e-01
2.694000e-05	-5.468564e-03	3.273646e-01
2.695000e-05	-4.564713e-03	1.805487e-01
2.696000e-05	-5.133426e-03	2.115289e-02
2.697000e-05	-4.443302e-03	-2.358151e-02
2.698000e-05	-2.962230e-03	-1.583408e-01
2.699000e-05	-2.453972e-04	-2.526078e-01
2.700000e-05	8.012988e-05	-3.568424e-01
2.701000e-05	-8.214231e-04	-4.295564e-01
2.702000e-05	-4.551891e-04	-5.463170e-01
2.703000e-05	-2.078582e-03	-6.957607e-01
2.704000e-05	-6.690404e-04	-7.904725e-01
2.705000e-05	1.285080e-02	-8.636318e-01
2.706000e-05	5.710165e-02	-9.673712e-01
2.707000e-05	2.086775e-02	-1.126238e+00
2.708000e-05	-5.000654e-02	-1.386744e+00
2.709000e-05	-8.130268e-02	-1.546346e+00
2.710000e-05	4.128226e-02	-1.557845e+00
2.711000e-05	7.411710e-02	-1.599425e+00
2.712000e-05	-9.734845e-02	-1.765867e+00
2.713000e-05	2.705107e-04	-1.832688e+00
2.714000e-05	1.038009e-01	-1.885183e+00
2.715000e-05	-8.682065e-02	-2.038895e+00
2.716000e-05	-4.477999e-02	-2.169976e+00
2.717000e-05	1.112716e-01	-2.305129e+00
2.718000e-05	-4.477964e-02	-2.367867e+00
2.719000e-05	-5.271936e-02	-2.495688e+00
2.720000e-05	1.002276e-01	-2.556946e+00
2.721000e-05	-6.760437e-03	-2.693207e+00
2.722000e-05	-2.584853e-02	-2.779477e+00
2.723000e-05	4.580636e-02	-2.842655e+00
2.724000e-05	-4.941041e-02	-3.011500e+00
2.725000e-05	4.889660e-03	-3.177894e+00
2.726000e-05	3.931925e-02	-3.200026e+00
2.727000e-05	-4.644841e-02	-3.336866e+00
2.728000e-05	4.096357e-02	-3.441504e+00
2.729000e-05	1.567994e-02	-3.495186e+00
2.730000e-05	-3.913533e-02	-3.569975e+00
2.731000e-05	4.484507e-02	-3.665133e+00
2.732000e-05	-1.653329e-02	-3.768545e+00
2.733000e-05	-2.585712e-02	-3.946295e+00
2.734000e-05	4.220289e-02	-4.041028e+00
2.735000e-05	-1.435318e-03	-4.136236e+00
2.736000e-05	1.088785e-02	-4.209425e+00
2.737000e-05	-4.475311e-03	-4.282658e+00
2.738000e-05	-2.236724e-03	-4.377920e+00
2.739000e-05	1.628541e-02	-4.403001e+00
2.740000e-05	-1.049686e-02	-4.495335e+00
2.741000e-05	1.046425e-02	-4.621058e+00
2.742000e-05	-1.221465e-03	-4.694811e+00
2.743000e-05	7.035285e-03	-4.862349e+00
2.744000e-05	2.468139e-02	-4.924236e+00
2.745000e-05	-1.181442e-02	-5.000474e+00
2.746000e-05	4.728662e-03	-5.064159e+00
2.747000e-05	1.477144e-03	-5.176391e+00
2.748000e-05	-1.762076e-03	-5.294656e+00
2.749000e-05	1.934128e-02	-5.421416e+00
2.750000e-05	-8.717597e-03	-5.495713e+00
2.751000e-05	8.556672e-03	-5.608847e+00
2.752000e-05	8.296428e-03	-5.634133e+00
2.753000e-05	7.625103e-03	-5.725316e+00
2.754000e-05	9.142168e-03	-5.761423e+00
2.755000e-05	-9.061199e-03	-5.902608e+00
2.756000e-05	6.751465e-03	-5.906342e+00
2.757000e-05	3.536928e-03	-6.007895e+00
2.758000e-05	1.054680e-02	-6.031034e+00
2.759000e-05	7.199648e-03	-6.084163e+00
2.760000e-05	-2.750678e-04	-6.219820e+00
2.761000e-05	9.971901e-03	-6.325158e+00
2.762000e-05	4.414067e-03	-6.347871e+00
2.763000e-05	6.478669e-03	-6.391003e+00
2.764000e-05	1.856122e-03	-6.484635e+00
2.765000e-05	2.952641e-03	-6.545743e+00
2.766000e-05	1.088403e-02	-6.568849e+00
2.767000e-05	7.076357e-03	-6.592579e+00
2.768000e-05	7.180874e-03	-6.705209e+00
2.769000e-05	1.971794e-03	-6.737391e+00
2.770000e-05	4.515630e-03	-6.799948e+00
2.771000e-05	9.830347e-03	-6.812557e+00
2.772000e-05	6.326196e-03	-6.892708e+00
2.773000e-05	7.337027e-03	-6.927767e+00
2.774000e-05	3.518875e-03	-7.000851e+00
2.775000e-05	7.634029e-03	-7.094712e+00
2.776000e-05	8.462673e-03	-7.126763e+00
2.777000e-05	7.848790e-03	-7.158444e+00
2.778000e-05	7.029279e-03	-7.190982e+00
2.779000e-05	6.418591e-03	-7.232575e+00
2.780000e-05	1.028725e-02	-7.283582e+00
2.781000e-05	7.932977e-03	-7.297236e+00
2.782000e-05	6.466691e-03	-7.386791e+00
2.783000e-05	4.763298e-03	-7.338370e+00
2.784000e-05	7.392155e-03	-7.399945e+00
2.785000e-05	1.074602e-02	-7.410578e+00
2.786000e-05	1.007286e-02	-7.442526e+00
2.787000e-05	8.227388e-03	-7.485080e+00
2.788000e-05	8.142972e-03	-7.484686e+00
2.789000e-05	1.044190e-02	-7.506239e+00
2.790000e-05	9.579218e-03	-7.517315e+00
2.791000e-05	7.689618e-03	-7.539267e+00
2.792000e-05	7.230448e-03	-7.580372e+00
2.793000e-05	9.327649e-03	-7.579398e+00
2.794000e-05	1.083462e-02	-7.620447e+00
2.795000e-05	1.047220e-02	-7.600979e+00
2.796000e-05	1.020294e-02	-7.631523e+00
2.797000e-05	1.043140e-02	-7.641507e+00
2.798000e-05	1.244727e-02	-7.662579e+00
2.799000e-05	1.226360e-02	-7.653110e+00
2.800000e-05	1.045412e-02	-7.673609e+00
2.801000e-05	9.112006e-03	-7.683683e+00
2.802000e-05	1.077088e-02	-7.652634e+00
2.803000e-05	1.311185e-02	-7.683627e+00
2.804000e-05	1.351346e-02	-7.703604e+00
2.805000e-05	1.184008e-02	-7.672057e+00
2.806000e-05	1.223288e-02	-7.671581e+00
2.807000e-05	1.325720e-02	-7.643528e+00
2.808000e-05	1.422971e-02	-7.631081e+00
2.809000e-05	1.300065e-02	-7.641526e+00
2.810000e-05	1.311870e-02	-7.610947e+00
2.811000e-05	1.360014e-02	-7.610472e+00
2.812000e-05	1.547606e-02	-7.588324e+00
2.813000e-05	1.546516e-02	-7.567891e+00
2.814000e-05	1.453272e-02	-7.516268e+00
2.815000e-05	1.448554e-02	-7.476312e+00
2.816000e-05	1.570228e-02	-7.513134e+00
2.817000e-05	1.708628e-02	-7.475134e+00
2.818000e-05	1.700085e-02	-7.421100e+00
2.819000e-05	1.568251e-02	-7.390952e+00
2.820000e-05	1.674638e-02	-7.369345e+00
2.821000e-05	1.775750e-02	-7.337865e+00
2.822000e-05	1.865392e-02	-7.306166e+00
2.823000e-05	1.701832e-02	-7.294185e+00
2.824000e-05	1.601597e-02	-7.242082e+00
2.825000e-05	1.741594e-02	-7.231553e+00
2.826000e-05	1.898374e-02	-7.209575e+00
2.827000e-05	1.932649e-02	-7.188924e+00
2.828000e-05	1.880700e-02	-7.138296e+00
2.829000e-05	1.947398e-02	-7.116715e+00
2.830000e-05	2.064400e-02	-7.013577e+00
2.831000e-05	2.119116e-02	-6.990292e+00
2.832000e-05	2.088611e-02	-6.915087e+00
2.833000e-05	2.039219e-02	-6.822654e+00
2.834000e-05	2.088170e-02	-6.800996e+00
2.835000e-05	2.281328e-02	-6.768370e+00
2.836000e-05	2.273768e-02	-6.715788e+00
2.837000e-05	2.308687e-02	-6.664704e+00
2.838000e-05	2.260858e-02	-6.610549e+00
2.839000e-05	2.424606e-02	-6.577343e+00
2.840000e-05	2.402436e-02	-6.506741e+00
2.841000e-05	2.348259e-02	-6.441107e+00
2.842000e-05	2.080921e-02	-6.409500e+00
2.843000e-05	2.258254e-02	-6.318343e+00
2.844000e-05	2.119194e-02	-6.243133e+00
2.845000e-05	2.241430e-02	-6.138319e+00
2.846000e-05	2.072997e-02	-6.064187e+00
2.847000e-05	2.048067e-02	-6.010525e+00
2.848000e-05	1.904549e-02	-5.948422e+00
2.849000e-05	1.888733e-02	-5.916683e+00
2.850000e-05	1.711473e-02	-5.852453e+00
2.851000e-05	1.576115e-02	-5.747390e+00
2.852000e-05	1.455630e-02	-5.713209e+00
2.853000e-05	1.625549e-02	-5.570001e+00
2.854000e-05	1.496881e-02	-5.538417e+00
2.855000e-05	1.313005e-02	-5.455053e+00
2.856000e-05	1.183425e-02	-5.323762e+00
2.857000e-05	1.119605e-02	-5.222030e+00
2.858000e-05	1.026933e-02	-5.146794e+00
2.859000e-05	8.673677e-03	-5.042653e+00
2.860000e-05	7.691394e-03	-5.008470e+00
2.861000e-05	7.530485e-03	-4.821074e+00
2.862000e-05	8.317260e-03	-4.675309e+00
2.863000e-05	8.038428e-03	-4.672157e+00
2.864000e-05	7.056207e-03	-4.569346e+00
2.865000e-05	5.835165e-03	-4.484710e+00
2.866000e-05	5.118712e-03	-4.420554e+00
2.867000e-05	4.320117e-03	-4.348396e+00
2.868000e-05	4.041552e-03	-4.272133e+00
2.869000e-05	3.501141e-03	-4.168951e+00
2.870000e-05	4.156487e-03	-4.114716e+00
2.871000e-05	4.197262e-03	-4.000576e+00
2.872000e-05	3.116218e-03	-3.928345e+00
2.873000e-05	2.601788e-03	-3.791549e+00
2.874000e-05	1.727774e-03	-3.674658e+00
2.875000e-05	9.162247e-04	-3.581500e+00
2.876000e-05	9.518476e-04	-3.493766e+00
2.877000e-05	6.659232e-04	-3.399948e+00
2.878000e-05	1.740347e-03	-3.315188e+00
2.879000e-05	8.032444e-04	-3.211599e+00
2.880000e-05	1.541964e-03	-3.125743e+00
2.881000e-05	9.305426e-04	-2.980472e+00
2.882000e-05	-6.383381e-04	-2.851629e+00
2.883000e-05	-2.529088e-03	-2.758971e+00
2.884000e-05	-2.447886e-03	-2.674156e+00
2.885000e-05	-2.099669e-03	-2.577847e+00
2.886000e-05	-1.697886e-03	-2.453708e+00
2.887000e-05	-2.124277e-03	-2.358497e+00
2.888000e-05	-7.830981e-04	-2.272287e+00
2.889000e-05	-1.615596e-03	-2.105784e+00
2.890000e-05	-2.071993e-03	-1.980574e+00
2.891000e-05	-2.344247e-03	-1.917813e+00
2.892000e-05	-4.349412e-03	-1.860580e+00
2.893000e-05	-4.156025e-03	-1.716818e+00
2.894000e-05	-4.337027e-03	-1.641554e+00
2.895000e-05	-4.079783e-03	-1.495871e+00
2.896000e-05	-3.971691e-03	-1.447964e+00
2.897000e-05	-3.230782e-03	-1.232154e+00
2.898000e-05	-2.798289e-03	-1.114334e+00
2.899000e-05	-3.523745e-03	-9.920276e-01
2.900000e-05	-3.522014e-03	-8.837156e-01
2.901000e-05	-4.899285e-03	-7.894990e-01
2.902000e-05	-5.580339e-03	-7.069133e-01
2.903000e-05	-5.919368e-03	-5.459521e-01
2.904000e-05	-6.056395e-03	-4.316526e-01
2.905000e-05	-5.103883e-03	-3.479184e-01
2.906000e-05	-5.605837e-03	-2.206315e-01
2.907000e-05	-3.536580e-03	-1.464158e-01
2.908000e-05	-2.954219e-03	-5.105021e-02
2.909000e-05	-4.766452e-04	6.253026e-02
2.910000e-05	-1.305790e-03	1.559436e-01
2.911000e-05	-2.652518e-03	3.343134e-01
2.912000e-05	-3.067268e-03	4.004988e-01
2.913000e-05	-3.883778e-03	4.841344e-01
2.914000e-05	-3.419915e-03	6.209264e-01
2.915000e-05	4.789868e-03	7.253383e-01
2.916000e-05	3.672362e-02	8.205076e-01
2.917000e-05	3.762523e-02	1.017339e+00
2.918000e-05	-1.870508e-02	1.178950e+00
2.919000e-05	-8.589658e-02	1.314183e+00
2.920000e-05	-3.999530e-02	1.336392e+00
2.921000e-05	7.732138e-02	1.462532e+00
2.922000e-05	-1.065153e-02	1.653128e+00
2.923000e-05	-1.001428e-01	1.746768e+00
2.924000e-05	6.402906e-02	1.819925e+00
2.925000e-05	4.753376e-02	1.957294e+00
2.926000e-05	-9.709925e-02	1.999978e+00
2.927000e-05	2.217779e-02	2.062579e+00
2.928000e-05	3.848167e-02	2.188445e+00
2.929000e-05	-9.699632e-02	2.376767e+00
2.930000e-05	2.221620e-02	2.380423e+00
2.931000e-05	6.237527e-02	2.533237e+00
2.932000e-05	-4.979133e-02	2.654030e+00
2.933000e-05	2.699989e-03	2.770772e+00
2.934000e-05	1.495147e-03	2.873554e+00
2.935000e-05	-3.446236e-02	2.969345e+00
2.936000e-05	1.462312e-02	3.040476e+00
2.937000e-05	-7.273078e-03	3.166342e+00
2.938000e-05	-1.729905e-02	3.210431e+00
2.939000e-05	1.835761e-02	3.306185e+00
2.940000e-05	-1.048739e-02	3.451982e+00
2.941000e-05	-1.416824e-02	3.566791e+00
2.942000e-05	1.661547e-03	3.643527e+00
2.943000e-05	-2.578393e-02	3.727819e+00
2.944000e-05	-1.050548e-02	3.844478e+00
2.945000e-05	1.567867e-02	3.956217e+00
2.946000e-05	-3.948746e-04	4.020972e+00
2.947000e-05	-2.196623e-02	4.044157e+00
2.948000e-05	-8.307361e-03	4.201874e+00
2.949000e-05	-2.526284e-03	4.297741e+00
2.950000e-05	-9.649564e-03	4.399476e+00
2.951000e-05	-5.971425e-03	4.504709e+00
2.952000e-05	-1.535920e-02	4.599877e+00
2.953000e-05	-1.134349e-02	4.695634e+00
2.954000e-05	6.061887e-03	4.768870e+00
2.955000e-05	-3.544125e-03	4.832982e+00
2.956000e-05	-1.903416e-02	4.968870e+00
2.957000e-05	-1.300455e-02	5.095210e+00
2.958000e-05	-7.096300e-03	5.221398e+00
2.959000e-05	-1.500230e-03	5.264533e+00
2.960000e-05	-6.976437e-03	5.356820e+00
2.961000e-05	-1.443814e-02	5.443506e+00
2.962000e-05	-1.088528e-02	5.496209e+00
2.963000e-05	-1.576374e-03	5.567948e+00
2.964000e-05	-5.174262e-03	5.613002e+00
2.965000e-05	-1.759814e-02	5.664708e+00
2.966000e-05	-1.701529e-02	5.781471e+00
2.967000e-05	-6.085944e-03	5.895287e+00
2.968000e-05	-1.579434e-03	5.958820e+00
2.969000e-05	-6.245512e-03	6.021475e+00
2.970000e-05	-1.673496e-02	6.096561e+00
2.971000e-05	-1.294524e-02	6.156391e+00
2.972000e-05	-6.237714e-03	6.212529e+00
2.973000e-05	-8.505191e-03	6.233984e+00
2.974000e-05	-1.365919e-02	6.317236e+00
2.975000e-05	-1.721400e-02	6.348896e+00
2.976000e-05	-7.340657e-03	6.412526e+00
2.977000e-05	-6.567999e-03	6.464030e+00
2.978000e-05	-7.025019e-03	6.556267e+00
2.979000e-05	-1.730890e-02	6.611376e+00
2.980000e-05	-1.405366e-02	6.686630e+00
2.981000e-05	-7.976155e-03	6.755821e+00
2.982000e-05	-8.309016e-03	6.770346e+00
2.983000e-05	-1.376555e-02	6.850952e+00
2.984000e-05	-1.875426e-02	6.862532e+00
2.985000e-05	-1.268437e-02	6.895212e+00
2.986000e-05	-8.159226e-03	6.946770e+00
2.987000e-05	-8.601364e-03	7.010474e+00
2.988000e-05	-1.623806e-02	7.023454e+00
2.989000e-05	-1.517151e-02	7.092033e+00
2.990000e-05	-1.218187e-02	7.116192e+00
2.991000e-05	-8.354294e-03	7.167843e+00
2.992000e-05	-1.582268e-02	7.167792e+00
2.993000e-05	-1.761329e-02	7.170523e+00
2.994000e-05	-1.603242e-02	7.221054e+00
2.995000e-05	-9.679932e-03	7.234028e+00
2.996000e-05	-1.050125e-02	7.263557e+00
2.997000e-05	-1.582349e-02	7.326259e+00
2.998000e-05	-1.868112e-02	7.307667e+00
2.999000e-05	-1.540656e-02	7.377674e+00
3.000000e-05	-1.127198e-02	7.420268e+00
3.001000e-05	-1.470996e-02	7.411299e+00
3.002000e-05	-1.797749e-02	7.433558e+00
3.003000e-05	-1.788633e-02	7.444958e+00
3.004000e-05	-1.208137e-02	7.484661e+00
3.005000e-05	-1.471948e-02	7.507609e+00
3.006000e-05	-1.818921e-02	7.525214e+00
3.007000e-05	-2.115837e-02	7.538318e+00
3.008000e-05	-1.714301e-02	7.539267e+00
3.009000e-05	-1.351799e-02	7.528769e+00
3.010000e-05	-1.521802e-02	7.548346e+00
3.011000e-05	-1.896381e-02	7.547845e+00
3.012000e-05	-2.018415e-02	7.568866e+00
3.013000e-05	-1.704838e-02	7.537967e+00
3.014000e-05	-1.590680e-02	7.599792e+00
3.015000e-05	-1.984709e-02	7.538322e+00
3.016000e-05	-2.246766e-02	7.549343e+00
3.017000e-05	-2.070049e-02	7.548367e+00
3.018000e-05	-1.790153e-02	7.528689e+00
3.019000e-05	-1.876375e-02	7.496716e+00
3.020000e-05	-2.079895e-02	7.545142e+00
3.021000e-05	-2.249557e-02	7.485159e+00
3.022000e-05	-2.031837e-02	7.443557e+00
3.023000e-05	-2.058681e-02	7.423001e+00
3.024000e-05	-2.245375e-02	7.400501e+00
3.025000e-05	-2.511824e-02	7.398644e+00
3.026000e-05	-2.359201e-02	7.336642e+00
3.027000e-05	-2.110833e-02	7.294108e+00
3.028000e-05	-2.133669e-02	7.262557e+00
3.029000e-05	-2.404683e-02	7.232002e+00
3.030000e-05	-2.483966e-02	7.231424e+00
3.031000e-05	-2.341448e-02	7.178925e+00
3.032000e-05	-2.337274e-02	7.159346e+00
3.033000e-05	-2.451449e-02	7.106769e+00
3.034000e-05	-2.679732e-02	7.114640e+00
3.035000e-05	-2.564506e-02	7.083605e+00
3.036000e-05	-2.554603e-02	7.030978e+00
3.037000e-05	-2.567390e-02	6.969873e+00
3.038000e-05	-2.804494e-02	6.938290e+00
3.039000e-05	-2.866559e-02	6.924685e+00
3.040000e-05	-2.788320e-02	6.843080e+00
3.041000e-05	-2.695761e-02	6.791002e+00
3.042000e-05	-2.760842e-02	6.789974e+00
3.043000e-05	-3.013791e-02	6.758846e+00
3.044000e-05	-3.045297e-02	6.693690e+00
3.045000e-05	-2.938630e-02	6.611926e+00
3.046000e-05	-2.988865e-02	6.557262e+00
3.047000e-05	-3.107646e-02	6.483083e+00
3.048000e-05	-3.172822e-02	6.421504e+00
3.049000e-05	-3.084089e-02	6.369897e+00
3.050000e-05	-2.951924e-02	6.316240e+00
3.051000e-05	-3.001986e-02	6.233108e+00
3.052000e-05	-3.095090e-02	6.211003e+00
3.053000e-05	-3.130356e-02	6.168422e+00
3.054000e-05	-3.013724e-02	6.136132e+00
3.055000e-05	-2.816082e-02	6.032030e+00
3.056000e-05	-2.822075e-02	5.979497e+00
3.057000e-05	-2.830945e-02	5.904320e+00
3.058000e-05	-2.696114e-02	5.821908e+00
3.059000e-05	-2.577068e-02	5.695164e+00
3.060000e-05	-2.411798e-02	5.600501e+00
3.061000e-05	-2.388607e-02	5.559420e+00
3.062000e-05	-2.418722e-02	5.497241e+00
3.063000e-05	-2.224533e-02	5.402078e+00
3.064000e-05	-2.103313e-02	5.337268e+00
3.065000e-05	-2.090207e-02	5.285134e+00
3.066000e-05	-2.084146e-02	5.168448e+00
3.067000e-05	-1.985425e-02	5.096611e+00
3.068000e-05	-1.872159e-02	4.968276e+00
3.069000e-05	-1.756079e-02	4.852629e+00
3.070000e-05	-1.722637e-02	4.779922e+00
3.071000e-05	-1.627847e-02	4.706233e+00
3.072000e-05	-1.633527e-02	4.621976e+00
3.073000e-05	-1.465523e-02	4.557293e+00
3.074000e-05	-1.505493e-02	4.433602e+00
3.075000e-05	-1.522239e-02	4.379976e+00
3.076000e-05	-1.523579e-02	4.315216e+00
3.077000e-05	-1.390899e-02	4.159348e+00
3.078000e-05	-1.283710e-02	4.075608e+00
3.079000e-05	-1.220301e-02	3.960447e+00
3.080000e-05	-1.131079e-02	3.895263e+00
3.081000e-05	-1.174907e-02	3.790504e+00
3.082000e-05	-1.135383e-02	3.675713e+00
3.083000e-05	-1.169817e-02	3.612076e+00
3.084000e-05	-1.158773e-02	3.528397e+00
3.085000e-05	-1.177739e-02	3.463608e+00
3.086000e-05	-1.113089e-02	3.285758e+00
3.087000e-05	-1.127510e-02	3.189424e+00
3.088000e-05	-9.614429e-03	3.094716e+00
3.089000e-05	-9.541464e-03	3.000530e+00
3.090000e-05	-9.050796e-03	2.917812e+00
3.091000e-05	-8.576639e-03	2.831551e+00
3.092000e-05	-9.092674e-03	2.757872e+00
3.093000e-05	-8.680636e-03	2.621026e+00
3.094000e-05	-9.029059e-03	2.453084e+00
3.095000e-05	-8.517999e-03	2.358421e+00
3.096000e-05	-8.363071e-03	2.234608e+00
3.097000e-05	-9.029160e-03	2.158871e+00
3.098000e-05	-7.400477e-03	2.063130e+00
3.099000e-05	-6.934946e-03	1.969524e+00
3.100000e-05	-6.088318e-03	1.875690e+00
3.101000e-05	-6.420821e-03	1.749446e+00
3.102000e-05	-8.000325e-03	1.691684e+00
3.103000e-05	-6.731121e-03	1.571373e+00
3.104000e-05	-6.745830e-03	1.450608e+00
3.105000e-05	-6.557474e-03	1.314717e+00
3.106000e-05	-7.195168e-03	1.210529e+00
3.107000e-05	-5.961043e-03	1.052113e+00
3.108000e-05	-5.579578e-03	8.873145e-01
3.109000e-05	-4.848431e-03	8.090276e-01
3.110000e-05	-5.329720e-03	7.063147e-01
3.111000e-05	-5.478902e-03	6.005763e-01
3.112000e-05	-4.848401e-03	4.541880e-01
3.113000e-05	-4.327823e-03	4.099988e-01
3.114000e-05	-4.925944e-03	2.841895e-01
3.115000e-05	-5.451370e-03	1.778209e-01
3.116000e-05	-5.911839e-03	6.007783e-02
3.117000e-05	-4.000116e-03	-8.320658e-02
3.118000e-05	-3.777595e-03	-1.679247e-01
3.119000e-05	6.230788e-04	-2.536329e-01
3.120000e-05	-7.388118e-05	-3.578711e-01
3.121000e-05	6.531855e-04	-4.615565e-01
3.122000e-05	4.188600e-04	-5.683710e-01
3.123000e-05	-1.675303e-03	-7.362369e-01
3.124000e-05	-5.683287e-04	-7.999501e-01
3.125000e-05	1.915126e-02	-8.641854e-01
3.126000e-05	5.702013e-02	-9.884463e-01
3.127000e-05	9.668506e-03	-1.137342e+00
3.128000e-05	-6.141645e-02	-1.407945e+00
3.129000e-05	-6.434978e-02	-1.538866e+00
3.130000e-05	6.065067e-02	-1.559370e+00
3.131000e-05	4.574485e-02	-1.598447e+00
3.132000e-05	-1.013755e-01	-1.769869e+00
3.133000e-05	1.683304e-02	-1.862184e+00
3.134000e-05	9.132685e-02	-1.883705e+00
3.135000e-05	-1.082834e-01	-2.049976e+00
3.136000e-05	-2.450014e-02	-2.190948e+00
3.137000e-05	1.051609e-01	-2.305132e+00
3.138000e-05	-7.705551e-02	-2.408956e+00
3.139000e-05	-2.769783e-02	-2.545738e+00
3.140000e-05	9.844814e-02	-2.558401e+00
3.141000e-05	-2.924312e-02	-2.705687e+00
3.142000e-05	-7.335406e-03	-2.799974e+00
3.143000e-05	3.839537e-02	-2.853631e+00
3.144000e-05	-5.730032e-02	-3.043102e+00
3.145000e-05	2.256643e-02	-3.158396e+00
3.146000e-05	2.340003e-02	-3.220980e+00
3.147000e-05	-4.338654e-02	-3.357320e+00
3.148000e-05	5.125351e-02	-3.442950e+00
3.149000e-05	-3.241008e-03	-3.524259e+00
3.150000e-05	-3.176055e-02	-3.582529e+00
3.151000e-05	4.730449e-02	-3.725638e+00
3.152000e-05	-2.966421e-02	-3.828650e+00
3.153000e-05	-1.124682e-02	-3.959316e+00
3.154000e-05	3.521539e-02	-4.012500e+00
3.155000e-05	-3.409163e-03	-4.126767e+00
3.156000e-05	9.753847e-03	-4.210927e+00
3.157000e-05	-8.093868e-03	-4.315161e+00
3.158000e-05	3.048746e-03	-4.377895e+00
3.159000e-05	1.453845e-02	-4.422080e+00
3.160000e-05	-1.054445e-02	-4.587876e+00
3.161000e-05	1.331916e-02	-4.641953e+00
3.162000e-05	-5.319250e-03	-4.725390e+00
3.163000e-05	1.068889e-02	-4.773108e+00
3.164000e-05	1.786695e-02	-4.934743e+00
3.165000e-05	-1.475553e-02	-5.021427e+00
3.166000e-05	1.065175e-02	-5.104187e+00
3.167000e-05	-1.213857e-03	-5.218421e+00
3.168000e-05	6.148830e-03	-5.283138e+00
3.169000e-05	1.423740e-02	-5.407897e+00
3.170000e-05	-8.434418e-03	-5.535238e+00
3.171000e-05	1.147635e-02	-5.600476e+00
3.172000e-05	6.259361e-03	-5.654105e+00
3.173000e-05	8.421554e-03	-5.727812e+00
3.174000e-05	5.596228e-03	-5.770849e+00
3.175000e-05	-6.390552e-03	-5.883633e+00
3.176000e-05	1.075599e-02	-5.945293e+00
3.177000e-05	4.576032e-03	-5.999475e+00
3.178000e-05	1.077508e-02	-6.033054e+00
3.179000e-05	2.998798e-03	-6.106193e+00
3.180000e-05	1.035761e-03	-6.265002e+00
3.181000e-05	1.185558e-02	-6.276765e+00
3.182000e-05	4.996719e-03	-6.379401e+00
3.183000e-05	7.509657e-03	-6.431999e+00
3.184000e-05	2.728276e-04	-6.474661e+00
3.185000e-05	4.798100e-03	-6.527817e+00
3.186000e-05	1.254653e-02	-6.589950e+00
3.187000e-05	7.222500e-03	-6.673533e+00
3.188000e-05	6.189839e-03	-6.684616e+00
3.189000e-05	-6.496445e-04	-6.748945e+00
3.190000e-05	7.986939e-03	-6.800425e+00
3.191000e-05	1.092303e-02	-6.813053e+00
3.192000e-05	8.301162e-03	-6.913682e+00
3.193000e-05	6.457878e-03	-6.967346e+00
3.194000e-05	4.739820e-03	-7.060977e+00
3.195000e-05	1.043389e-02	-7.084060e+00
3.196000e-05	6.258251e-03	-7.117319e+00
3.197000e-05	5.720451e-03	-7.180368e+00
3.198000e-05	5.730031e-03	-7.208552e+00
3.199000e-05	7.591981e-03	-7.242527e+00
3.200000e-05	1.201854e-02	-7.284209e+00
3.201000e-05	8.400183e-03	-7.306737e+00
3.202000e-05	7.095742e-03	-7.346740e+00
3.203000e-05	7.047463e-03	-7.368793e+00
3.204000e-05	8.391847e-03	-7.419974e+00
3.205000e-05	9.988188e-03	-7.420998e+00
3.206000e-05	6.771742e-03	-7.442503e+00
3.207000e-05	6.468612e-03	-7.453134e+00
3.208000e-05	7.992915e-03	-7.475234e+00
3.209000e-05	1.079114e-02	-7.517215e+00
3.210000e-05	1.003447e-02	-7.496265e+00
3.211000e-05	8.061818e-03	-7.567792e+00
3.212000e-05	8.917958e-03	-7.579371e+00
3.213000e-05	1.101392e-02	-7.590476e+00
3.214000e-05	1.152139e-02	-7.610397e+00
3.215000e-05	9.082323e-03	-7.611951e+00
3.216000e-05	8.125515e-03	-7.611532e+00
3.217000e-05	9.788566e-03	-7.612076e+00
3.218000e-05	1.130065e-02	-7.664030e+00
3.219000e-05	1.138660e-02	-7.663606e+00
3.220000e-05	1.006971e-02	-7.652161e+00
3.221000e-05	1.029041e-02	-7.661603e+00
3.222000e-05	1.271874e-02	-7.713559e+00
3.223000e-05	1.320371e-02	-7.654104e+00
3.224000e-05	1.234728e-02	-7.673082e+00
3.225000e-05	1.115748e-02	-7.662033e+00
3.226000e-05	1.161254e-02	-7.703103e+00
3.227000e-05	1.348831e-02	-7.652602e+00
3.228000e-05	1.352491e-02	-7.660530e+00
3.229000e-05	1.156659e-02	-7.602573e+00
3.230000e-05	1.218923e-02	-7.579875e+00
3.231000e-05	1.524931e-02	-7.579470e+00
3.232000e-05	1.652590e-02	-7.578900e+00
3.233000e-05	1.575412e-02	-7.547418e+00
3.234000e-05	1.472065e-02	-7.555265e+00
3.235000e-05	1.457471e-02	-7.524714e+00
3.236000e-05	1.653688e-02	-7.463762e+00
3.237000e-05	1.685975e-02	-7.463605e+00
3.238000e-05	1.455638e-02	-7.433004e+00
3.239000e-05	1.446756e-02	-7.409927e+00
3.240000e-05	1.701313e-02	-7.389399e+00
3.241000e-05	1.982932e-02	-7.369345e+00
3.242000e-05	2.006652e-02	-7.326344e+00
3.243000e-05	1.744746e-02	-7.282683e+00
3.244000e-05	1.739768e-02	-7.262579e+00
3.245000e-05	1.807176e-02	-7.201024e+00
3.246000e-05	2.097948e-02	-7.219499e+00
3.247000e-05	1.602811e-02	-7.168969e+00
3.248000e-05	1.703612e-02	-7.146267e+00
3.249000e-05	1.848886e-02	-7.092632e+00
3.250000e-05	2.343028e-02	-7.010926e+00
3.251000e-05	2.292297e-02	-6.967290e+00
3.252000e-05	2.179060e-02	-6.864211e+00
3.253000e-05	2.022743e-02	-6.840004e+00
3.254000e-05	2.171010e-02	-6.789949e+00
3.255000e-05	2.248089e-02	-6.719369e+00
3.256000e-05	2.146558e-02	-6.685216e+00
3.257000e-05	2.163265e-02	-6.642632e+00
3.258000e-05	2.253480e-02	-6.590047e+00
3.259000e-05	2.604801e-02	-6.557967e+00
3.260000e-05	2.463448e-02	-6.515136e+00
3.261000e-05	2.420469e-02	-6.442131e+00
3.262000e-05	2.101175e-02	-6.369999e+00
3.263000e-05	2.203923e-02	-6.327316e+00
3.264000e-05	2.202428e-02	-6.272579e+00
3.265000e-05	2.156879e-02	-6.137367e+00
3.266000e-05	2.025708e-02	-6.082111e+00
3.267000e-05	2.011871e-02	-5.990501e+00
3.268000e-05	1.970407e-02	-5.957422e+00
3.269000e-05	1.913938e-02	-5.894187e+00
3.270000e-05	1.550235e-02	-5.801003e+00
3.271000e-05	1.562727e-02	-5.777793e+00
3.272000e-05	1.542602e-02	-5.661554e+00
3.273000e-05	1.514076e-02	-5.570502e+00
3.274000e-05	1.477120e-02	-5.497893e+00
3.275000e-05	1.320481e-02	-5.400055e+00
3.276000e-05	1.249932e-02	-5.296241e+00
3.277000e-05	1.137180e-02	-5.170001e+00
3.278000e-05	9.558426e-03	-5.135737e+00
3.279000e-05	7.408169e-03	-5.071626e+00
3.280000e-05	6.876613e-03	-4.948798e+00
3.281000e-05	7.827044e-03	-4.860948e+00
3.282000e-05	9.863262e-03	-4.694212e+00
3.283000e-05	7.090698e-03	-4.611104e+00
3.284000e-05	6.377508e-03	-4.557945e+00
3.285000e-05	4.559579e-03	-4.493683e+00
3.286000e-05	4.755229e-03	-4.380501e+00
3.287000e-05	4.659008e-03	-4.317894e+00
3.288000e-05	3.563530e-03	-4.241560e+00
3.289000e-05	4.844779e-03	-4.168949e+00
3.290000e-05	2.083645e-03	-4.073211e+00
3.291000e-05	5.100209e-03	-3.979051e+00
3.292000e-05	9.491283e-04	-3.945866e+00
3.293000e-05	2.178457e-03	-3.799941e+00
3.294000e-05	1.790775e-03	-3.681657e+00
3.295000e-05	2.733421e-03	-3.569445e+00
3.296000e-05	2.896350e-03	-3.504187e+00
3.297000e-05	6.570334e-04	-3.388925e+00
3.298000e-05	-4.231817e-04	-3.296658e+00
3.299000e-05	6.126216e-04	-3.199001e+00
3.300000e-05	-1.491911e-03	-3.065266e+00
3.301000e-05	-3.731478e-04	-2.957445e+00
3.302000e-05	-1.045181e-03	-2.851078e+00
3.303000e-05	9.258519e-05	-2.738345e+00
3.304000e-05	3.276462e-04	-2.641583e+00
3.305000e-05	3.288415e-04	-2.557417e+00
3.306000e-05	-9.966664e-04	-2.442153e+00
3.307000e-05	-2.337253e-03	-2.369321e+00
3.308000e-05	-2.755138e-03	-2.232659e+00
3.309000e-05	-3.654240e-03	-2.104232e+00
3.310000e-05	-3.778325e-03	-2.019023e+00
3.311000e-05	-2.551819e-03	-1.905315e+00
3.312000e-05	-2.614842e-03	-1.810579e+00
3.313000e-05	-2.052343e-03	-1.695741e+00
3.314000e-05	-2.689892e-03	-1.609976e+00
3.315000e-05	-1.997428e-03	-1.495838e+00
3.316000e-05	-4.134475e-03	-1.367946e+00
3.317000e-05	-4.151985e-03	-1.221129e+00
3.318000e-05	-5.259244e-03	-1.065235e+00
3.319000e-05	-4.537054e-03	-9.699988e-01
3.320000e-05	-4.936283e-03	-8.931842e-01
3.321000e-05	-4.335267e-03	-8.200261e-01
3.322000e-05	-4.364569e-03	-6.867106e-01
3.323000e-05	-3.012347e-03	-5.478683e-01
3.324000e-05	-3.599068e-03	-4.101025e-01
3.325000e-05	-5.836604e-03	-3.058420e-01
3.326000e-05	-5.886412e-03	-2.211514e-01
3.327000e-05	-5.093823e-03	-9.581585e-02
3.328000e-05	-2.493352e-03	-2.957758e-02
3.329000e-05	-4.728389e-04	6.208164e-02
3.330000e-05	-1.704687e-03	2.109735e-01
3.331000e-05	-2.314639e-03	3.168435e-01
3.332000e-05	-2.032348e-03	4.104764e-01
3.333000e-05	-2.515770e-03	4.962381e-01
3.334000e-05	-3.018590e-03	6.005239e-01
3.335000e-05	7.080381e-03	7.057396e-01
3.336000e-05	4.108513e-02	8.015513e-01
3.337000e-05	3.020554e-02	1.010051e+00
3.338000e-05	-2.971944e-02	1.200345e+00
3.339000e-05	-9.032859e-02	1.294711e+00
3.340000e-05	-1.922730e-02	1.370346e+00
3.341000e-05	8.137102e-02	1.463605e+00
3.342000e-05	-4.333066e-02	1.656059e+00
3.343000e-05	-7.909052e-02	1.767370e+00
3.344000e-05	9.046848e-02	1.860422e+00
3.345000e-05	1.630830e-02	1.927321e+00
3.346000e-05	-8.936831e-02	2.031001e+00
3.347000e-05	3.993445e-02	2.093635e+00
3.348000e-05	1.369935e-02	2.253476e+00
3.349000e-05	-9.469777e-02	2.349265e+00
3.350000e-05	4.166555e-02	2.390049e+00
3.351000e-05	4.727872e-02	2.546691e+00
3.352000e-05	-5.153247e-02	2.653558e+00
3.353000e-05	1.083384e-02	2.768919e+00
3.354000e-05	-5.593592e-03	2.884683e+00
3.355000e-05	-2.914736e-02	2.938868e+00
3.356000e-05	1.864528e-02	3.063583e+00
3.357000e-05	-1.387695e-02	3.127770e+00
3.358000e-05	-1.119570e-02	3.221551e+00
3.359000e-05	1.700150e-02	3.317262e+00
3.360000e-05	-1.443681e-02	3.503983e+00
3.361000e-05	-6.286034e-03	3.568449e+00
3.362000e-05	-2.303633e-03	3.633604e+00
3.363000e-05	-2.691675e-02	3.798844e+00
3.364000e-05	-3.355425e-03	3.863704e+00
3.365000e-05	1.775558e-02	3.936846e+00
3.366000e-05	-5.051784e-03	3.988999e+00
3.367000e-05	-1.995734e-02	4.085786e+00
3.368000e-05	-6.870301e-03	4.232475e+00
3.369000e-05	-3.911815e-03	4.348391e+00
3.370000e-05	-9.471672e-03	4.401525e+00
3.371000e-05	-5.713246e-03	4.526741e+00
3.372000e-05	-1.595153e-02	4.610446e+00
3.373000e-05	-7.374733e-03	4.714637e+00
3.374000e-05	1.002592e-02	4.758868e+00
3.375000e-05	-6.790553e-03	4.834103e+00
3.376000e-05	-1.776577e-02	4.987815e+00
3.377000e-05	-1.336967e-02	5.114133e+00
3.378000e-05	-6.233630e-03	5.208908e+00
3.379000e-05	-2.171742e-03	5.323134e+00
3.380000e-05	-8.929486e-03	5.347845e+00
3.381000e-05	-1.456164e-02	5.462505e+00
3.382000e-05	-8.303919e-03	5.517261e+00
3.383000e-05	-5.123170e-04	5.600400e+00
3.384000e-05	-5.532012e-03	5.631975e+00
3.385000e-05	-1.687906e-02	5.677711e+00
3.386000e-05	-1.427436e-02	5.871080e+00
3.387000e-05	-5.579919e-03	5.957362e+00
3.388000e-05	-3.668737e-03	5.979449e+00
3.389000e-05	-9.951475e-03	6.043005e+00
3.390000e-05	-1.687538e-02	6.083609e+00
3.391000e-05	-1.178565e-02	6.188344e+00
3.392000e-05	-5.092343e-03	6.221479e+00
3.393000e-05	-6.848509e-03	6.294106e+00
3.394000e-05	-1.391689e-02	6.317216e+00
3.395000e-05	-1.342530e-02	6.379446e+00
3.396000e-05	-7.487809e-03	6.421052e+00
3.397000e-05	-6.371384e-03	6.493082e+00
3.398000e-05	-1.270863e-02	6.519321e+00
3.399000e-05	-1.692270e-02	6.649001e+00
3.400000e-05	-1.722399e-02	6.704157e+00
3.401000e-05	-7.126672e-03	6.758867e+00
3.402000e-05	-1.045010e-02	6.789949e+00
3.403000e-05	-1.044941e-02	6.872529e+00
3.404000e-05	-1.540778e-02	6.863003e+00
3.405000e-05	-8.769201e-03	6.916687e+00
3.406000e-05	-9.179540e-03	6.957686e+00
3.407000e-05	-1.311862e-02	6.979446e+00
3.408000e-05	-1.941028e-02	7.040555e+00
3.409000e-05	-1.768565e-02	7.086633e+00
3.410000e-05	-1.033721e-02	7.095690e+00
3.411000e-05	-8.910212e-03	7.157297e+00
3.412000e-05	-1.242332e-02	7.179448e+00
3.413000e-05	-1.705024e-02	7.199924e+00
3.414000e-05	-1.238445e-02	7.210074e+00
3.415000e-05	-1.254116e-02	7.262005e+00
3.416000e-05	-1.157956e-02	7.303555e+00
3.417000e-05	-2.239689e-02	7.297164e+00
3.418000e-05	-1.739624e-02	7.307162e+00
3.419000e-05	-1.547769e-02	7.387339e+00
3.420000e-05	-7.972998e-03	7.350349e+00
3.421000e-05	-1.537995e-02	7.411875e+00
3.422000e-05	-1.702520e-02	7.403505e+00
3.423000e-05	-1.579168e-02	7.435057e+00
3.424000e-05	-1.404113e-02	7.455534e+00
3.425000e-05	-1.506397e-02	7.495632e+00
3.426000e-05	-2.201234e-02	7.548163e+00
3.427000e-05	-2.019365e-02	7.536842e+00
3.428000e-05	-1.508406e-02	7.537694e+00
3.429000e-05	-1.120279e-02	7.557791e+00
3.430000e-05	-1.652924e-02	7.546293e+00
3.431000e-05	-1.946798e-02	7.528742e+00
3.432000e-05	-2.139869e-02	7.587316e+00
3.433000e-05	-1.714232e-02	7.589295e+00
3.434000e-05	-1.815803e-02	7.568817e+00
3.435000e-05	-2.018623e-02	7.568716e+00
3.436000e-05	-2.048066e-02	7.547793e+00
3.437000e-05	-1.746147e-02	7.577263e+00
3.438000e-05	-1.647968e-02	7.547788e+00
3.439000e-05	-2.024137e-02	7.517266e+00
3.440000e-05	-2.244370e-02	7.476138e+00
3.441000e-05	-2.402354e-02	7.495562e+00
3.442000e-05	-2.136580e-02	7.444529e+00
3.443000e-05	-2.078779e-02	7.413808e+00
3.444000e-05	-2.160026e-02	7.420399e+00
3.445000e-05	-2.341729e-02	7.388318e+00
3.446000e-05	-2.224092e-02	7.327237e+00
3.447000e-05	-2.115883e-02	7.307129e+00
3.448000e-05	-2.341059e-02	7.275130e+00
3.449000e-05	-2.548680e-02	7.231503e+00
3.450000e-05	-2.609051e-02	7.181476e+00
3.451000e-05	-2.419569e-02	7.189874e+00
3.452000e-05	-2.351114e-02	7.160317e+00
3.453000e-05	-2.385516e-02	7.136718e+00
3.454000e-05	-2.624618e-02	7.075585e+00
3.455000e-05	-2.527620e-02	7.055129e+00
3.456000e-05	-2.541268e-02	7.011001e+00
3.457000e-05	-2.669893e-02	6.978871e+00
3.458000e-05	-2.786942e-02	6.937687e+00
3.459000e-05	-2.934780e-02	6.896633e+00
3.460000e-05	-2.797756e-02	6.821582e+00
3.461000e-05	-2.753078e-02	6.820527e+00
3.462000e-05	-2.770972e-02	6.779475e+00
3.463000e-05	-3.015070e-02	6.739241e+00
3.464000e-05	-3.064557e-02	6.683636e+00
3.465000e-05	-2.914289e-02	6.610900e+00
3.466000e-05	-2.953671e-02	6.495261e+00
3.467000e-05	-3.155161e-02	6.453555e+00
3.468000e-05	-3.184018e-02	6.391500e+00
3.469000e-05	-3.151211e-02	6.369421e+00
3.470000e-05	-3.037942e-02	6.305090e+00
3.471000e-05	-3.019923e-02	6.243077e+00
3.472000e-05	-3.146066e-02	6.189970e+00
3.473000e-05	-2.983287e-02	6.148791e+00
3.474000e-05	-2.957907e-02	6.072636e+00
3.475000e-05	-2.812642e-02	6.033003e+00
3.476000e-05	-2.886123e-02	5.959021e+00
3.477000e-05	-2.874657e-02	5.917162e+00
3.478000e-05	-2.744067e-02	5.840474e+00
3.479000e-05	-2.542151e-02	5.664133e+00
3.480000e-05	-2.500084e-02	5.602029e+00
3.481000e-05	-2.521566e-02	5.578921e+00
3.482000e-05	-2.351801e-02	5.506713e+00
3.483000e-05	-2.221440e-02	5.391500e+00
3.484000e-05	-2.096941e-02	5.358267e+00
3.485000e-05	-2.106439e-02	5.223057e+00
3.486000e-05	-2.024893e-02	5.158874e+00
3.487000e-05	-1.965773e-02	5.074556e+00
3.488000e-05	-1.846113e-02	4.937719e+00
3.489000e-05	-1.876422e-02	4.822080e+00
3.490000e-05	-1.833094e-02	4.768947e+00
3.491000e-05	-1.687976e-02	4.724158e+00
3.492000e-05	-1.565046e-02	4.598478e+00
3.493000e-05	-1.488582e-02	4.514318e+00
3.494000e-05	-1.472234e-02	4.441579e+00
3.495000e-05	-1.442718e-02	4.389872e+00
3.496000e-05	-1.360023e-02	4.265687e+00
3.497000e-05	-1.335120e-02	4.130894e+00
3.498000e-05	-1.330541e-02	4.020979e+00
3.499000e-05	-1.301542e-02	3.949392e+00
3.500000e-05	-1.156781e-02	3.873213e+00
3.501000e-05	-1.141370e-02	3.800871e+00
3.502000e-05	-1.177843e-02	3.675184e+00
3.503000e-05	-1.184786e-02	3.600024e+00
3.504000e-05	-1.213794e-02	3.538418e+00
3.505000e-05	-9.720443e-03	3.412071e+00
3.506000e-05	-9.363964e-03	3.265153e+00
3.507000e-05	-1.006561e-02	3.180973e+00
3.508000e-05	-1.060078e-02	3.096164e+00
3.509000e-05	-1.000518e-02	2.970028e+00
3.510000e-05	-9.404519e-03	2.866762e+00
3.511000e-05	-8.845448e-03	2.831055e+00
3.512000e-05	-9.981595e-03	2.744942e+00
3.513000e-05	-8.988665e-03	2.579544e+00
3.514000e-05	-7.645665e-03	2.452132e+00
3.515000e-05	-6.754113e-03	2.377820e+00
3.516000e-05	-7.250513e-03	2.224133e+00
3.517000e-05	-8.028833e-03	2.149420e+00
3.518000e-05	-7.676806e-03	2.062580e+00
3.519000e-05	-7.396702e-03	1.989924e+00
3.520000e-05	-6.651190e-03	1.893704e+00
3.521000e-05	-7.613362e-03	1.749267e+00
3.522000e-05	-7.745820e-03	1.672208e+00
3.523000e-05	-6.268597e-03	1.506288e+00
3.524000e-05	-5.236088e-03	1.409501e+00
3.525000e-05	-5.520222e-03	1.255233e+00
3.526000e-05	-6.448826e-03	1.200499e+00
3.527000e-05	-5.891169e-03	1.051632e+00
3.528000e-05	-5.291027e-03	9.158419e-01
3.529000e-05	-5.386852e-03	7.794238e-01
3.530000e-05	-6.171252e-03	7.048118e-01
3.531000e-05	-6.351559e-03	5.999486e-01
3.532000e-05	-5.689751e-03	4.747343e-01
3.533000e-05	-4.480832e-03	3.699726e-01
3.534000e-05	-4.638737e-03	2.542856e-01
3.535000e-05	-4.600417e-03	8.481717e-02
3.536000e-05	-5.063126e-03	2.007381e-02
3.537000e-05	-3.520564e-03	-7.415803e-02
3.538000e-05	-1.625597e-03	-1.794486e-01
3.539000e-05	8.946073e-05	-2.932369e-01
3.540000e-05	-1.365069e-03	-3.783974e-01
3.541000e-05	-1.781472e-03	-4.811339e-01
3.542000e-05	-7.375642e-04	-6.084513e-01
3.543000e-05	-3.676046e-04	-7.468897e-01
3.544000e-05	2.433911e-04	-8.100251e-01
3.545000e-05	2.573109e-02	-8.736869e-01
3.546000e-05	5.455880e-02	-1.010478e+00
3.547000e-05	2.460320e-04	-1.199874e+00
3.548000e-05	-7.209840e-02	-1.482504e+00
3.549000e-05	-4.640229e-02	-1.589422e+00
3.550000e-05	7.629404e-02	-1.578418e+00
3.551000e-05	1.388031e-02	-1.619026e+00
3.552000e-05	-1.019359e-01	-1.819974e+00
3.553000e-05	5.391819e-02	-1.914087e+00
3.554000e-05	7.221273e-02	-1.914209e+00
3.555000e-05	-1.148086e-01	-2.054103e+00
3.556000e-05	4.731748e-03	-2.239958e+00
3.557000e-05	9.309368e-02	-2.335782e+00
3.558000e-05	-9.551605e-02	-2.491082e+00
3.559000e-05	-8.820908e-03	-2.537812e+00
3.560000e-05	8.759539e-02	-2.589997e+00
3.561000e-05	-4.816975e-02	-2.736316e+00
3.562000e-05	1.032721e-02	-2.801478e+00
3.563000e-05	2.523891e-02	-2.935105e+00
3.564000e-05	-5.813311e-02	-3.103158e+00
3.565000e-05	3.936813e-02	-3.190372e+00
3.566000e-05	7.877091e-03	-3.272130e+00
3.567000e-05	-3.390976e-02	-3.388370e+00
3.568000e-05	5.796332e-02	-3.422557e+00
3.569000e-05	-2.073759e-02	-3.515238e+00
3.570000e-05	-1.644991e-02	-3.631553e+00
3.571000e-05	4.226580e-02	-3.725660e+00
3.572000e-05	-3.804923e-02	-3.891580e+00
3.573000e-05	2.894936e-03	-3.979346e+00
3.574000e-05	2.990521e-02	-4.023553e+00
3.575000e-05	-3.836780e-03	-4.156291e+00
3.576000e-05	1.106454e-02	-4.223028e+00
3.577000e-05	-1.169080e-02	-4.316765e+00
3.578000e-05	8.938378e-03	-4.389949e+00
3.579000e-05	8.520025e-03	-4.484084e+00
3.580000e-05	-7.969141e-03	-4.610292e+00
3.581000e-05	1.379121e-02	-4.686136e+00
3.582000e-05	-6.528965e-03	-4.737846e+00
3.583000e-05	1.567085e-02	-4.824049e+00
3.584000e-05	1.229508e-02	-4.957315e+00
3.585000e-05	-1.226011e-02	-5.052080e+00
3.586000e-05	1.240244e-02	-5.125712e+00
3.587000e-05	-3.406522e-03	-5.199896e+00
3.588000e-05	1.144663e-02	-5.313633e+00
3.589000e-05	1.053649e-02	-5.471529e+00
3.590000e-05	-8.141572e-03	-5.554663e+00
3.591000e-05	1.315781e-02	-5.600501e+00
3.592000e-05	2.799792e-03	-5.663635e+00
3.593000e-05	1.023715e-02	-5.756291e+00
3.594000e-05	1.546288e-03	-5.821433e+00
3.595000e-05	-3.862129e-03	-5.884683e+00
3.596000e-05	1.101403e-02	-5.966342e+00
3.597000e-05	4.623628e-03	-6.020449e+00
3.598000e-05	1.183690e-02	-6.034609e+00
3.599000e-05	1.787471e-03	-6.155246e+00
3.600000e-05	2.271929e-03	-6.241530e+00
3.601000e-05	1.052779e-02	-6.306288e+00
3.602000e-05	3.535320e-03	-6.388972e+00
3.603000e-05	7.131374e-03	-6.442555e+00
3.604000e-05	2.080535e-04	-6.504184e+00
3.605000e-05	7.680763e-03	-6.567842e+00
3.606000e-05	1.123386e-02	-6.628977e+00
3.607000e-05	7.409700e-03	-6.664584e+00
3.608000e-05	5.646080e-03	-6.736234e+00
3.609000e-05	-6.864962e-04	-6.797369e+00
3.610000e-05	7.718012e-03	-6.780025e+00
3.611000e-05	8.544098e-03	-6.893602e+00
3.612000e-05	7.537914e-03	-6.875634e+00
3.613000e-05	5.652636e-03	-7.009371e+00
3.614000e-05	4.963679e-03	-7.102078e+00
3.615000e-05	1.109221e-02	-7.044636e+00
3.616000e-05	7.103859e-03	-7.138288e+00
3.617000e-05	5.136766e-03	-7.190469e+00
3.618000e-05	4.459230e-03	-7.212504e+00
3.619000e-05	9.022450e-03	-7.282556e+00
3.620000e-05	1.139400e-02	-7.284159e+00
3.621000e-05	7.991512e-03	-7.294287e+00
3.622000e-05	5.732549e-03	-7.346791e+00
3.623000e-05	4.361240e-03	-7.369845e+00
3.624000e-05	9.201959e-03	-7.419399e+00
3.625000e-05	9.705825e-03	-7.431028e+00
3.626000e-05	8.124054e-03	-7.493030e+00
3.627000e-05	7.520217e-03	-7.463133e+00
3.628000e-05	8.244728e-03	-7.485708e+00
3.629000e-05	1.187255e-02	-7.544764e+00
3.630000e-05	9.176564e-03	-7.507766e+00
3.631000e-05	6.495332e-03	-7.548768e+00
3.632000e-05	7.036211e-03	-7.579268e+00
3.633000e-05	1.102103e-02	-7.568373e+00
3.634000e-05	1.252409e-02	-7.641903e+00
3.635000e-05	1.029449e-02	-7.612448e+00
3.636000e-05	8.167276e-03	-7.612004e+00
3.637000e-05	1.029212e-02	-7.644001e+00
3.638000e-05	1.192464e-02	-7.662632e+00
3.639000e-05	1.136748e-02	-7.644103e+00
3.640000e-05	9.510094e-03	-7.673105e+00
3.641000e-05	9.475697e-03	-7.693659e+00
3.642000e-05	1.195352e-02	-7.674205e+00
3.643000e-05	1.385111e-02	-7.663031e+00
3.644000e-05	1.201833e-02	-7.704054e+00
3.645000e-05	1.123240e-02	-7.692528e+00
3.646000e-05	1.191634e-02	-7.633599e+00
3.647000e-05	1.474214e-02	-7.642075e+00
3.648000e-05	1.500506e-02	-7.601006e+00
3.649000e-05	1.287872e-02	-7.611998e+00
3.650000e-05	1.140745e-02	-7.570472e+00
3.651000e-05	1.479326e-02	-7.610424e+00
3.652000e-05	1.677597e-02	-7.568421e+00
3.653000e-05	1.528272e-02	-7.557370e+00
3.654000e-05	1.288410e-02	-7.506266e+00
3.655000e-05	1.440046e-02	-7.497260e+00
3.656000e-05	1.766911e-02	-7.493658e+00
3.657000e-05	1.813652e-02	-7.462554e+00
3.658000e-05	1.522677e-02	-7.402553e+00
3.659000e-05	1.378632e-02	-7.409501e+00
3.660000e-05	1.687946e-02	-7.377973e+00
3.661000e-05	1.929135e-02	-7.347896e+00
3.662000e-05	1.869255e-02	-7.294766e+00
3.663000e-05	1.642683e-02	-7.286708e+00
3.664000e-05	1.682335e-02	-7.232554e+00
3.665000e-05	1.955813e-02	-7.230528e+00
3.666000e-05	2.018948e-02	-7.169999e+00
3.667000e-05	1.872910e-02	-7.178892e+00
3.668000e-05	1.797339e-02	-7.126165e+00
3.669000e-05	1.919261e-02	-7.102554e+00
3.670000e-05	2.134736e-02	-7.001396e+00
3.671000e-05	2.110384e-02	-6.937812e+00
3.672000e-05	1.886401e-02	-6.854707e+00
3.673000e-05	1.964572e-02	-6.812075e+00
3.674000e-05	2.228135e-02	-6.789423e+00
3.675000e-05	2.387143e-02	-6.748919e+00
3.676000e-05	2.256288e-02	-6.714710e+00
3.677000e-05	2.180186e-02	-6.633079e+00
3.678000e-05	2.230206e-02	-6.579529e+00
3.679000e-05	2.475222e-02	-6.578771e+00
3.680000e-05	2.333436e-02	-6.466584e+00
3.681000e-05	2.189088e-02	-6.410554e+00
3.682000e-05	2.194009e-02	-6.400347e+00
3.683000e-05	2.279225e-02	-6.313663e+00
3.684000e-05	2.270440e-02	-6.222078e+00
3.685000e-05	2.142531e-02	-6.138291e+00
3.686000e-05	2.047403e-02	-6.073130e+00
3.687000e-05	1.954865e-02	-6.020000e+00
3.688000e-05	1.949474e-02	-5.947342e+00
3.689000e-05	1.809603e-02	-5.853132e+00
3.690000e-05	1.537365e-02	-5.799475e+00
3.691000e-05	1.491924e-02	-5.765820e+00
3.692000e-05	1.499817e-02	-5.633677e+00
3.693000e-05	1.639284e-02	-5.549021e+00
3.694000e-05	1.504450e-02	-5.505293e+00
3.695000e-05	1.349006e-02	-5.410925e+00
3.696000e-05	1.141709e-02	-5.273133e+00
3.697000e-05	1.183943e-02	-5.178975e+00
3.698000e-05	1.033716e-02	-5.106740e+00
3.699000e-05	8.699916e-03	-5.029053e+00
3.700000e-05	7.108603e-03	-4.936846e+00
3.701000e-05	8.228567e-03	-4.820879e+00
3.702000e-05	8.241716e-03	-4.716713e+00
3.703000e-05	7.507377e-03	-4.620580e+00
3.704000e-05	6.549974e-03	-4.547841e+00
3.705000e-05	4.761019e-03	-4.453709e+00
3.706000e-05	5.604457e-03	-4.410501e+00
3.707000e-05	4.395469e-03	-4.337341e+00
3.708000e-05	4.287997e-03	-4.211605e+00
3.709000e-05	3.576763e-03	-4.157344e+00
3.710000e-05	3.290813e-03	-4.053109e+00
3.711000e-05	3.550045e-03	-3.999997e+00
3.712000e-05	3.383422e-03	-3.896761e+00
3.713000e-05	2.460318e-03	-3.787868e+00
3.714000e-05	2.472554e-03	-3.621180e+00
3.715000e-05	1.686689e-03	-3.558471e+00
3.716000e-05	2.274378e-03	-3.493682e+00
3.717000e-05	7.123619e-04	-3.379421e+00
3.718000e-05	5.086275e-04	-3.283604e+00
3.719000e-05	2.251928e-04	-3.199474e+00
3.720000e-05	5.839335e-04	-3.122788e+00
3.721000e-05	2.585424e-04	-2.939394e+00
3.722000e-05	-2.055979e-04	-2.851550e+00
3.723000e-05	-1.477151e-03	-2.747916e+00
3.724000e-05	-8.706541e-04	-2.650606e+00
3.725000e-05	-1.003008e-03	-2.516917e+00
3.726000e-05	-1.892904e-03	-2.432129e+00
3.727000e-05	-1.814801e-03	-2.309424e+00
3.728000e-05	-1.929252e-03	-2.220656e+00
3.729000e-05	-1.857243e-03	-2.032786e+00
3.730000e-05	-1.946292e-03	-1.958446e+00
3.731000e-05	-3.451396e-03	-1.885213e+00
3.732000e-05	-3.456819e-03	-1.789576e+00
3.733000e-05	-4.139408e-03	-1.704760e+00
3.734000e-05	-3.444831e-03	-1.599500e+00
3.735000e-05	-3.486509e-03	-1.474712e+00
3.736000e-05	-3.216510e-03	-1.348391e+00
3.737000e-05	-4.370687e-03	-1.209546e+00
3.738000e-05	-4.559955e-03	-1.075284e+00
3.739000e-05	-3.686765e-03	-9.779986e-01
3.740000e-05	-4.329081e-03	-8.641855e-01
3.741000e-05	-5.115090e-03	-7.995225e-01
3.742000e-05	-5.014876e-03	-6.533106e-01
3.743000e-05	-4.938658e-03	-4.849432e-01
3.744000e-05	-5.114145e-03	-3.795750e-01
3.745000e-05	-5.183429e-03	-3.272409e-01
3.746000e-05	-5.674180e-03	-1.980514e-01
3.747000e-05	-3.920728e-03	-9.426185e-02
3.748000e-05	-2.411434e-03	-3.905131e-02
3.749000e-05	-1.218072e-04	9.413152e-02
3.750000e-05	-1.894437e-03	2.224726e-01
3.751000e-05	-2.030952e-03	3.273219e-01
3.752000e-05	-3.132661e-03	4.715039e-01
3.753000e-05	-4.686719e-03	5.242907e-01
3.754000e-05	-2.411518e-03	6.615302e-01
3.755000e-05	1.214284e-02	7.478172e-01
3.756000e-05	4.524586e-02	8.225840e-01
3.757000e-05	2.198095e-02	1.042009e+00
3.758000e-05	-4.173783e-02	1.189976e+00
3.759000e-05	-8.962838e-02	1.304662e+00
3.760000e-05	6.268450e-03	1.378398e+00
3.761000e-05	8.029204e-02	1.524262e+00
3.762000e-05	-7.396039e-02	1.684686e+00
3.763000e-05	-5.297044e-02	1.738821e+00
3.764000e-05	1.047767e-01	1.840528e+00
3.765000e-05	-1.469537e-02	1.948897e+00
3.766000e-05	-7.401894e-02	2.021475e+00
3.767000e-05	5.550434e-02	2.095684e+00
3.768000e-05	-1.364224e-02	2.283554e+00
3.769000e-05	-7.959303e-02	2.347346e+00
3.770000e-05	5.841494e-02	2.432528e+00
3.771000e-05	2.630921e-02	2.558415e+00
3.772000e-05	-4.849132e-02	2.665285e+00
3.773000e-05	1.535865e-02	2.759852e+00
3.774000e-05	-1.208324e-02	2.884138e+00
3.775000e-05	-2.260187e-02	2.980420e+00
3.776000e-05	1.738515e-02	3.074605e+00
3.777000e-05	-1.936075e-02	3.168846e+00
3.778000e-05	-2.106242e-03	3.231504e+00
3.779000e-05	1.586233e-02	3.365291e+00
3.780000e-05	-1.937386e-02	3.496232e+00
3.781000e-05	-1.458245e-03	3.598921e+00
3.782000e-05	-5.706599e-03	3.704629e+00
3.783000e-05	-2.714150e-02	3.768371e+00
3.784000e-05	2.307404e-03	3.864058e+00
3.785000e-05	1.331881e-02	3.958343e+00
3.786000e-05	-8.787606e-03	4.012576e+00
3.787000e-05	-1.580814e-02	4.135217e+00
3.788000e-05	-4.297310e-03	4.222032e+00
3.789000e-05	-6.561817e-03	4.348872e+00
3.790000e-05	-8.378750e-03	4.480031e+00
3.791000e-05	-5.831654e-03	4.556766e+00
3.792000e-05	-1.532340e-02	4.642106e+00
3.793000e-05	-5.865809e-03	4.704217e+00
3.794000e-05	7.560393e-03	4.770975e+00
3.795000e-05	-1.155110e-02	4.905559e+00
3.796000e-05	-1.586372e-02	5.020896e+00
3.797000e-05	-1.252334e-02	5.138665e+00
3.798000e-05	-4.905376e-03	5.209407e+00
3.799000e-05	-2.286872e-03	5.285659e+00
3.800000e-05	-1.019688e-02	5.370375e+00
3.801000e-05	-1.401575e-02	5.435029e+00
3.802000e-05	-8.725119e-03	5.537242e+00
3.803000e-05	-2.609599e-03	5.579925e+00
3.804000e-05	-8.851560e-03	5.632579e+00
3.805000e-05	-1.700821e-02	5.745715e+00
3.806000e-05	-1.271730e-02	5.801578e+00
3.807000e-05	-5.446029e-03	5.945239e+00
3.808000e-05	-3.680151e-03	5.989371e+00
3.809000e-05	-1.026545e-02	6.033080e+00
3.810000e-05	-1.613049e-02	6.115709e+00
3.811000e-05	-1.132447e-02	6.178894e+00
3.812000e-05	-7.255804e-03	6.262029e+00
3.813000e-05	-9.798610e-03	6.275637e+00
3.814000e-05	-1.459391e-02	6.357215e+00
3.815000e-05	-1.315248e-02	6.379898e+00
3.816000e-05	-6.338919e-03	6.453028e+00
3.817000e-05	-6.502522e-03	6.517138e+00
3.818000e-05	-1.035912e-02	6.598891e+00
3.819000e-05	-1.797204e-02	6.682456e+00
3.820000e-05	-1.275089e-02	6.695613e+00
3.821000e-05	-1.052703e-02	6.767392e+00
3.822000e-05	-8.277706e-03	6.809929e+00
3.823000e-05	-1.505717e-02	6.852529e+00
3.824000e-05	-1.368510e-02	6.884585e+00
3.825000e-05	-9.236924e-03	6.925109e+00
3.826000e-05	-8.788602e-03	6.969366e+00
3.827000e-05	-1.182286e-02	6.991899e+00
3.828000e-05	-1.817665e-02	7.061529e+00
3.829000e-05	-1.415323e-02	7.094586e+00
3.830000e-05	-1.199234e-02	7.135740e+00
3.831000e-05	-1.030132e-02	7.148342e+00
3.832000e-05	-1.500513e-02	7.148946e+00
3.833000e-05	-1.559205e-02	7.199475e+00
3.834000e-05	-1.316520e-02	7.203501e+00
3.835000e-05	-1.038693e-02	7.233532e+00
3.836000e-05	-1.330902e-02	7.275608e+00
3.837000e-05	-1.673781e-02	7.296239e+00
3.838000e-05	-1.731960e-02	7.308691e+00
3.839000e-05	-1.400783e-02	7.368746e+00
3.840000e-05	-1.210355e-02	7.382821e+00
3.841000e-05	-1.641173e-02	7.391929e+00
3.842000e-05	-1.689166e-02	7.494509e+00
3.843000e-05	-1.528340e-02	7.446113e+00
3.844000e-05	-1.235257e-02	7.515986e+00
3.845000e-05	-1.608890e-02	7.485685e+00
3.846000e-05	-1.921100e-02	7.536690e+00
3.847000e-05	-1.946485e-02	7.538792e+00
3.848000e-05	-1.575149e-02	7.568341e+00
3.849000e-05	-1.492300e-02	7.559311e+00
3.850000e-05	-1.685641e-02	7.529817e+00
3.851000e-05	-1.923207e-02	7.568820e+00
3.852000e-05	-1.888060e-02	7.536793e+00
3.853000e-05	-1.741657e-02	7.568371e+00
3.854000e-05	-1.856426e-02	7.578267e+00
3.855000e-05	-2.137706e-02	7.508322e+00
3.856000e-05	-2.131218e-02	7.537770e+00
3.857000e-05	-1.815625e-02	7.527242e+00
3.858000e-05	-1.872303e-02	7.537268e+00
3.859000e-05	-1.904831e-02	7.528136e+00
3.860000e-05	-2.172974e-02	7.466657e+00
3.861000e-05	-2.151071e-02	7.462607e+00
3.862000e-05	-2.098386e-02	7.453585e+00
3.863000e-05	-2.200807e-02	7.432478e+00
3.864000e-05	-2.318248e-02	7.379349e+00
3.865000e-05	-2.377162e-02	7.341366e+00
3.866000e-05	-2.199660e-02	7.308183e+00
3.867000e-05	-2.190638e-02	7.293609e+00
3.868000e-05	-2.319367e-02	7.253579e+00
3.869000e-05	-2.446227e-02	7.212528e+00
3.870000e-05	-2.460672e-02	7.190950e+00
3.871000e-05	-2.424793e-02	7.169944e+00
3.872000e-05	-2.494983e-02	7.148817e+00
3.873000e-05	-2.608949e-02	7.117215e+00
3.874000e-05	-2.655975e-02	7.094113e+00
3.875000e-05	-2.581751e-02	7.053553e+00
3.876000e-05	-2.467884e-02	7.001550e+00
3.877000e-05	-2.597659e-02	6.970397e+00
3.878000e-05	-2.785484e-02	6.936738e+00
3.879000e-05	-2.868959e-02	6.865160e+00
3.880000e-05	-2.784797e-02	6.841580e+00
3.881000e-05	-2.731574e-02	6.801525e+00
3.882000e-05	-2.881696e-02	6.778846e+00
3.883000e-05	-3.081355e-02	6.728243e+00
3.884000e-05	-2.970980e-02	6.634607e+00
3.885000e-05	-2.970297e-02	6.608399e+00
3.886000e-05	-2.903148e-02	6.496785e+00
3.887000e-05	-3.164746e-02	6.432606e+00
3.888000e-05	-3.125696e-02	6.381526e+00
3.889000e-05	-3.039415e-02	6.348900e+00
3.890000e-05	-2.921468e-02	6.316742e+00
3.891000e-05	-3.164579e-02	6.222505e+00
3.892000e-05	-3.126891e-02	6.197898e+00
3.893000e-05	-3.092939e-02	6.129820e+00
3.894000e-05	-2.808419e-02	6.065132e+00
3.895000e-05	-2.724778e-02	6.033525e+00
3.896000e-05	-2.810022e-02	5.948421e+00
3.897000e-05	-2.926587e-02	5.917137e+00
3.898000e-05	-2.659730e-02	5.756821e+00
3.899000e-05	-2.455780e-02	5.665683e+00
3.900000e-05	-2.394378e-02	5.580025e+00
3.901000e-05	-2.566803e-02	5.528295e+00
3.902000e-05	-2.437727e-02	5.473208e+00
3.903000e-05	-2.172162e-02	5.420474e+00
3.904000e-05	-2.075088e-02	5.327290e+00
3.905000e-05	-2.067576e-02	5.201607e+00
3.906000e-05	-2.148063e-02	5.169372e+00
3.907000e-05	-1.900389e-02	5.053980e+00
3.908000e-05	-1.687686e-02	4.918709e+00
3.909000e-05	-1.706745e-02	4.811556e+00
3.910000e-05	-1.773598e-02	4.749395e+00
3.911000e-05	-1.722284e-02	4.644132e+00
3.912000e-05	-1.604760e-02	4.610422e+00
3.913000e-05	-1.493884e-02	4.516791e+00
3.914000e-05	-1.445896e-02	4.421575e+00
3.915000e-05	-1.479917e-02	4.367869e+00
3.916000e-05	-1.435270e-02	4.245132e+00
3.917000e-05	-1.232303e-02	4.118710e+00
3.918000e-05	-1.161610e-02	4.020552e+00
3.919000e-05	-1.263585e-02	3.938415e+00
3.920000e-05	-1.335506e-02	3.844104e+00
3.921000e-05	-1.194395e-02	3.760420e+00
3.922000e-05	-1.106842e-02	3.673231e+00
3.923000e-05	-1.041597e-02	3.589000e+00
3.924000e-05	-1.185448e-02	3.497268e+00
3.925000e-05	-1.201238e-02	3.382023e+00
3.926000e-05	-1.031762e-02	3.233133e+00
3.927000e-05	-8.949535e-03	3.168920e+00
3.928000e-05	-9.265648e-03	3.073158e+00
3.929000e-05	-9.906221e-03	2.968971e+00
3.930000e-05	-9.377863e-03	2.904709e+00
3.931000e-05	-8.671818e-03	2.779976e+00
3.932000e-05	-8.613076e-03	2.724389e+00
3.933000e-05	-1.031296e-02	2.558524e+00
3.934000e-05	-9.592127e-03	2.440581e+00
3.935000e-05	-7.699599e-03	2.327768e+00
3.936000e-05	-6.028461e-03	2.262575e+00
3.937000e-05	-7.358681e-03	2.117867e+00
3.938000e-05	-7.839709e-03	2.021579e+00
3.939000e-05	-7.424671e-03	1.977970e+00
3.940000e-05	-6.537610e-03	1.822703e+00
3.941000e-05	-6.576947e-03	1.716240e+00
3.942000e-05	-8.109756e-03	1.640607e+00
3.943000e-05	-6.881842e-03	1.525813e+00
3.944000e-05	-5.782259e-03	1.389449e+00
3.945000e-05	-5.156811e-03	1.274634e+00
3.946000e-05	-7.123887e-03	1.168445e+00
3.947000e-05	-6.482056e-03	1.013051e+00
3.948000e-05	-5.158267e-03	8.527592e-01
3.949000e-05	-4.322825e-03	7.784988e-01
3.950000e-05	-5.430736e-03	6.632844e-01
3.951000e-05	-6.090353e-03	5.689448e-01
3.952000e-05	-5.930675e-03	4.521304e-01
3.953000e-05	-5.287345e-03	3.689749e-01
3.954000e-05	-5.281899e-03	2.742128e-01
3.955000e-05	-4.968188e-03	1.062620e-01
3.956000e-05	-4.248222e-03	-9.424878e-03
3.957000e-05	-2.334626e-03	-9.413810e-02
3.958000e-05	-1.381422e-03	-2.104739e-01
3.959000e-05	1.194881e-03	-2.946905e-01
3.960000e-05	-1.089520e-03	-4.084688e-01
3.961000e-05	-1.508383e-03	-4.642104e-01
3.962000e-05	-1.388115e-03	-6.299002e-01
3.963000e-05	-1.158080e-03	-7.283186e-01
3.964000e-05	1.869890e-03	-8.115301e-01
3.965000e-05	3.475974e-02	-9.042396e-01
3.966000e-05	4.942598e-02	-1.051081e+00
3.967000e-05	-1.165243e-02	-1.211024e+00
3.968000e-05	-8.175066e-02	-1.472662e+00
3.969000e-05	-2.558237e-02	-1.578971e+00
3.970000e-05	9.119020e-02	-1.536370e+00
3.971000e-05	-2.058252e-02	-1.661530e+00
3.972000e-05	-9.602006e-02	-1.820477e+00
3.973000e-05	9.052153e-02	-1.842657e+00
3.974000e-05	4.451343e-02	-1.945713e+00
3.975000e-05	-1.147653e-01	-2.114718e+00
3.976000e-05	3.608623e-02	-2.241028e+00
3.977000e-05	7.388027e-02	-2.335342e+00
3.978000e-05	-1.009754e-01	-2.462159e+00
3.979000e-05	1.711789e-02	-2.526791e+00
3.980000e-05	7.717140e-02	-2.651026e+00
3.981000e-05	-5.467224e-02	-2.727368e+00
3.982000e-05	2.591913e-02	-2.811001e+00
3.983000e-05	8.032630e-03	-2.894714e+00
3.984000e-05	-5.280599e-02	-3.105642e+00
3.985000e-05	5.053335e-02	-3.188421e+00
3.986000e-05	-9.763209e-03	-3.273058e+00
3.987000e-05	-2.022516e-02	-3.379396e+00
3.988000e-05	5.881255e-02	-3.442553e+00
3.989000e-05	-3.240485e-02	-3.556792e+00
3.990000e-05	1.290438e-03	-3.621530e+00
3.991000e-05	3.249380e-02	-3.737238e+00
3.992000e-05	-4.412609e-02	-3.844707e+00
3.993000e-05	1.623567e-02	-3.970397e+00
3.994000e-05	2.286746e-02	-4.083155e+00
3.995000e-05	-3.063753e-03	-4.188345e+00
3.996000e-05	1.006782e-02	-4.231608e+00
3.997000e-05	-1.357233e-02	-4.336266e+00
3.998000e-05	1.339862e-02	-4.410451e+00
3.999000e-05	3.974091e-03	-4.504134e+00
4.000000e-05	-4.801090e-03	-4.569505e+00
4.001000e-05	1.213606e-02	-4.673158e+00
4.002000e-05	-7.122578e-03	-4.768843e+00
4.003000e-05	1.985023e-02	-4.851104e+00
4.004000e-05	4.643926e-03	-4.916816e+00
4.005000e-05	-8.175885e-03	-5.042528e+00
4.006000e-05	1.150076e-02	-5.097767e+00
4.007000e-05	-6.559635e-03	-5.259030e+00
4.008000e-05	1.634128e-02	-5.357166e+00
4.009000e-05	6.491990e-03	-5.442977e+00
4.010000e-05	-5.096703e-03	-5.547366e+00
4.011000e-05	1.307251e-02	-5.580474e+00
4.012000e-05	2.452783e-03	-5.694681e+00
4.013000e-05	1.157762e-02	-5.756867e+00
4.014000e-05	-1.799064e-03	-5.831504e+00
4.015000e-05	-3.032450e-03	-5.926684e+00
4.016000e-05	1.026895e-02	-5.967367e+00
4.017000e-05	5.417324e-03	-6.010498e+00
4.018000e-05	1.311824e-02	-6.073632e+00
4.019000e-05	7.192030e-04	-6.195767e+00
4.020000e-05	4.044993e-03	-6.293609e+00
4.021000e-05	8.561119e-03	-6.346841e+00
4.022000e-05	4.087424e-03	-6.380448e+00
4.023000e-05	7.919758e-03	-6.452553e+00
4.024000e-05	-6.938250e-05	-6.506185e+00
4.025000e-05	8.673572e-03	-6.538796e+00
4.026000e-05	8.648389e-03	-6.620947e+00
4.027000e-05	7.279469e-03	-6.693558e+00
4.028000e-05	5.441553e-03	-6.737315e+00
4.029000e-05	1.236325e-03	-6.769341e+00
4.030000e-05	9.203987e-03	-6.810424e+00
4.031000e-05	9.177939e-03	-6.822055e+00
4.032000e-05	8.576354e-03	-6.885735e+00
4.033000e-05	4.819474e-03	-6.929794e+00
4.034000e-05	5.127164e-03	-7.052556e+00
4.035000e-05	9.532987e-03	-7.124234e+00
4.036000e-05	6.742477e-03	-7.149871e+00
4.037000e-05	7.451469e-03	-7.189948e+00
4.038000e-05	4.628449e-03	-7.241052e+00
4.039000e-05	9.620165e-03	-7.254057e+00
4.040000e-05	1.225001e-02	-7.253661e+00
4.041000e-05	7.701332e-03	-7.315785e+00
4.042000e-05	6.089813e-03	-7.347319e+00
4.043000e-05	5.183343e-03	-7.380919e+00
4.044000e-05	9.905983e-03	-7.410001e+00
4.045000e-05	9.947311e-03	-7.421505e+00
4.046000e-05	7.747644e-03	-7.452582e+00
4.047000e-05	6.245912e-03	-7.464134e+00
4.048000e-05	9.199622e-03	-7.527211e+00
4.049000e-05	1.082588e-02	-7.496867e+00
4.050000e-05	8.734065e-03	-7.547237e+00
4.051000e-05	6.901556e-03	-7.549320e+00
4.052000e-05	8.553027e-03	-7.559819e+00
4.053000e-05	1.100286e-02	-7.578849e+00
4.054000e-05	1.142173e-02	-7.601449e+00
4.055000e-05	9.349352e-03	-7.601425e+00
4.056000e-05	8.503010e-03	-7.632526e+00
4.057000e-05	8.779245e-03	-7.682974e+00
4.058000e-05	1.200918e-02	-7.652132e+00
4.059000e-05	1.228973e-02	-7.683483e+00
4.060000e-05	1.165238e-02	-7.662556e+00
4.061000e-05	1.018855e-02	-7.675084e+00
4.062000e-05	1.143081e-02	-7.694630e+00
4.063000e-05	1.229389e-02	-7.653055e+00
4.064000e-05	1.149568e-02	-7.652633e+00
4.065000e-05	1.082582e-02	-7.643182e+00
4.066000e-05	1.226432e-02	-7.663632e+00
4.067000e-05	1.383484e-02	-7.642077e+00
4.068000e-05	1.491703e-02	-7.622076e+00
4.069000e-05	1.331002e-02	-7.621471e+00
4.070000e-05	1.232350e-02	-7.601422e+00
4.071000e-05	1.412129e-02	-7.588947e+00
4.072000e-05	1.463725e-02	-7.557917e+00
4.073000e-05	1.606637e-02	-7.556818e+00
4.074000e-05	1.459150e-02	-7.547737e+00
4.075000e-05	1.391330e-02	-7.504211e+00
4.076000e-05	1.532288e-02	-7.505133e+00
4.077000e-05	1.676853e-02	-7.443503e+00
4.078000e-05	1.673490e-02	-7.430500e+00
4.079000e-05	1.705742e-02	-7.390030e+00
4.080000e-05	1.669837e-02	-7.358871e+00
4.081000e-05	1.813286e-02	-7.337815e+00
4.082000e-05	1.828279e-02	-7.306266e+00
4.083000e-05	1.649911e-02	-7.315158e+00
4.084000e-05	1.653963e-02	-7.243578e+00
4.085000e-05	1.839083e-02	-7.232000e+00
4.086000e-05	2.024667e-02	-7.190424e+00
4.087000e-05	2.048314e-02	-7.158394e+00
4.088000e-05	1.978106e-02	-7.126788e+00
4.089000e-05	1.975919e-02	-7.052508e+00
4.090000e-05	2.109933e-02	-7.000445e+00
4.091000e-05	2.144058e-02	-6.947313e+00
4.092000e-05	2.027735e-02	-6.883109e+00
4.093000e-05	2.057483e-02	-6.820478e+00
4.094000e-05	2.146627e-02	-6.769948e+00
4.095000e-05	2.224085e-02	-6.748871e+00
4.096000e-05	2.297785e-02	-6.695187e+00
4.097000e-05	2.246098e-02	-6.634053e+00
4.098000e-05	2.296633e-02	-6.569920e+00
4.099000e-05	2.413290e-02	-6.547340e+00
4.100000e-05	2.381225e-02	-6.504082e+00
4.101000e-05	2.359600e-02	-6.411025e+00
4.102000e-05	2.309700e-02	-6.368921e+00
4.103000e-05	2.258778e-02	-6.306217e+00
4.104000e-05	2.191808e-02	-6.182023e+00
4.105000e-05	2.173199e-02	-6.105741e+00
4.106000e-05	1.930519e-02	-6.064083e+00
4.107000e-05	2.178922e-02	-5.990475e+00
4.108000e-05	1.656823e-02	-5.937816e+00
4.109000e-05	1.899112e-02	-5.882106e+00
4.110000e-05	1.376150e-02	-5.789473e+00
4.111000e-05	1.796863e-02	-5.716288e+00
4.112000e-05	1.595636e-02	-5.651026e+00
4.113000e-05	1.850888e-02	-5.559422e+00
4.114000e-05	1.383739e-02	-5.496789e+00
4.115000e-05	1.175393e-02	-5.438546e+00
4.116000e-05	9.666836e-03	-5.223132e+00
4.117000e-05	8.734061e-03	-5.179500e+00
4.118000e-05	9.310221e-03	-5.116686e+00
4.119000e-05	9.962226e-03	-5.002003e+00
4.120000e-05	1.126926e-02	-4.896881e+00
4.121000e-05	1.027713e-02	-4.738401e+00
4.122000e-05	1.137430e-02	-4.703606e+00
4.123000e-05	5.170428e-03	-4.601603e+00
4.124000e-05	4.245747e-03	-4.506291e+00
4.125000e-05	1.530447e-03	-4.482132e+00
4.126000e-05	5.044989e-03	-4.389424e+00
4.127000e-05	5.043266e-03	-4.305741e+00
4.128000e-05	4.506826e-03	-4.191053e+00
4.129000e-05	5.162203e-03	-4.138316e+00
4.130000e-05	3.014202e-03	-4.042656e+00
4.131000e-05	5.541175e-03	-3.989952e+00
4.132000e-05	1.820462e-04	-3.874112e+00
4.133000e-05	1.647566e-03	-3.776821e+00
4.134000e-05	8.579998e-05	-3.610578e+00
4.135000e-05	2.567785e-03	-3.548345e+00
4.136000e-05	2.706047e-03	-3.482679e+00
4.137000e-05	4.476075e-04	-3.368371e+00
4.138000e-05	2.405610e-05	-3.243658e+00
4.139000e-05	-1.751750e-03	-3.148947e+00
4.140000e-05	9.132116e-04	-3.063737e+00
4.141000e-05	4.998936e-04	-2.905765e+00
4.142000e-05	-9.859518e-04	-2.800577e+00
4.143000e-05	-1.134885e-03	-2.736840e+00
4.144000e-05	6.306995e-06	-2.612124e+00
4.145000e-05	-5.707347e-04	-2.516337e+00
4.146000e-05	-1.702010e-03	-2.422100e+00
4.147000e-05	-4.281565e-03	-2.305316e+00
4.148000e-05	-3.721056e-03	-2.219524e+00
4.149000e-05	-3.275392e-03	-2.033183e+00
4.150000e-05	-1.657546e-03	-1.969921e+00
4.151000e-05	-2.214240e-03	-1.894258e+00
4.152000e-05	-2.066152e-03	-1.809022e+00
4.153000e-05	-1.061501e-03	-1.672708e+00
4.154000e-05	-1.757035e-03	-1.600474e+00
4.155000e-05	-2.394719e-03	-1.483708e+00
4.156000e-05	-6.137398e-03	-1.346338e+00
4.157000e-05	-5.535317e-03	-1.198523e+00
4.158000e-05	-5.750838e-03	-1.042255e+00
4.159000e-05	-3.345869e-03	-9.794197e-01
4.160000e-05	-2.963228e-03	-8.746803e-01
4.161000e-05	-3.056422e-03	-7.779449e-01
4.162000e-05	-3.525580e-03	-6.537317e-01
4.163000e-05	-4.460736e-03	-5.047366e-01
4.164000e-05	-4.405696e-03	-3.900461e-01
4.165000e-05	-6.960000e-03	-2.942908e-01
4.166000e-05	-6.618226e-03	-1.795236e-01
4.167000e-05	-4.870720e-03	-8.371041e-02
4.168000e-05	-9.585615e-04	2.050118e-02
4.169000e-05	6.607194e-04	1.137118e-01
4.170000e-05	-8.003065e-04	2.336590e-01
4.171000e-05	-1.885829e-03	3.783683e-01
4.172000e-05	-3.337639e-03	4.511278e-01
4.173000e-05	-3.251726e-03	5.287921e-01
4.174000e-05	-1.912536e-03	6.535052e-01
4.175000e-05	1.520115e-02	7.358234e-01
4.176000e-05	4.400230e-02	8.920282e-01
4.177000e-05	1.273921e-02	1.082205e+00
4.178000e-05	-5.300701e-02	1.231954e+00
4.179000e-05	-8.458253e-02	1.336261e+00
4.180000e-05	2.773939e-02	1.381395e+00
4.181000e-05	7.286049e-02	1.506791e+00
4.182000e-05	-9.801532e-02	1.696262e+00
4.183000e-05	-2.629801e-02	1.779849e+00
4.184000e-05	9.802688e-02	1.853507e+00
4.185000e-05	-4.695153e-02	1.979425e+00
4.186000e-05	-5.467271e-02	2.031029e+00
4.187000e-05	6.571827e-02	2.114731e+00
4.188000e-05	-4.165196e-02	2.273634e+00
4.189000e-05	-6.135899e-02	2.367397e+00
4.190000e-05	7.123558e-02	2.450498e+00
4.191000e-05	3.733747e-03	2.558841e+00
4.192000e-05	-3.828775e-02	2.683636e+00
4.193000e-05	1.628774e-02	2.789450e+00
4.194000e-05	-2.242365e-02	2.956237e+00
4.195000e-05	-1.404401e-02	2.970321e+00
4.196000e-05	1.414349e-02	3.074132e+00
4.197000e-05	-2.344728e-02	3.198346e+00
4.198000e-05	3.650752e-03	3.262183e+00
4.199000e-05	9.859047e-03	3.358871e+00
4.200000e-05	-2.142212e-02	3.505268e+00
4.201000e-05	3.808766e-03	3.609871e+00
4.202000e-05	-1.139498e-02	3.703212e+00
4.203000e-05	-2.592692e-02	3.787946e+00
4.204000e-05	6.902558e-03	3.884159e+00
4.205000e-05	1.117364e-02	3.959345e+00
4.206000e-05	-1.412060e-02	4.061504e+00
4.207000e-05	-1.429500e-02	4.097187e+00
4.208000e-05	-4.074766e-03	4.294130e+00
4.209000e-05	-5.552988e-03	4.378399e+00
4.210000e-05	-8.105064e-03	4.483130e+00
4.211000e-05	-4.208461e-03	4.557296e+00
4.212000e-05	-1.796730e-02	4.623080e+00
4.213000e-05	9.460049e-04	4.735761e+00
4.214000e-05	4.829585e-03	4.778896e+00
4.215000e-05	-1.446016e-02	4.893637e+00
4.216000e-05	-1.912107e-02	4.990924e+00
4.217000e-05	-1.191017e-02	5.158338e+00
4.218000e-05	-4.798578e-03	5.242029e+00
4.219000e-05	3.888274e-04	5.305185e+00
4.220000e-05	-9.262191e-03	5.409896e+00
4.221000e-05	-1.305423e-02	5.494559e+00
4.222000e-05	-5.661913e-03	5.548766e+00
4.223000e-05	-3.085053e-03	5.609975e+00
4.224000e-05	-1.143431e-02	5.672058e+00
4.225000e-05	-1.935360e-02	5.697689e+00
4.226000e-05	-1.206067e-02	5.881529e+00
4.227000e-05	-5.097090e-03	5.928341e+00
4.228000e-05	-1.489465e-03	6.011450e+00
4.229000e-05	-1.075276e-02	6.064005e+00
4.230000e-05	-1.436282e-02	6.105663e+00
4.231000e-05	-8.874924e-03	6.189471e+00
4.232000e-05	-6.449087e-03	6.261499e+00
4.233000e-05	-1.042673e-02	6.296137e+00
4.234000e-05	-1.706420e-02	6.307268e+00
4.235000e-05	-1.286481e-02	6.390471e+00
4.236000e-05	-5.477558e-03	6.432528e+00
4.237000e-05	-4.806260e-03	6.505086e+00
4.238000e-05	-1.278718e-02	6.539342e+00
4.239000e-05	-1.622250e-02	6.652507e+00
4.240000e-05	-1.313702e-02	6.725692e+00
4.241000e-05	-8.029052e-03	6.749920e+00
4.242000e-05	-1.093248e-02	6.789974e+00
4.243000e-05	-1.480283e-02	6.852558e+00
4.244000e-05	-1.389236e-02	6.853607e+00
4.245000e-05	-8.978604e-03	6.927241e+00
4.246000e-05	-7.827433e-03	6.938347e+00
4.247000e-05	-1.494260e-02	7.019953e+00
4.248000e-05	-1.788453e-02	7.024080e+00
4.249000e-05	-1.459280e-02	7.096083e+00
4.250000e-05	-7.387800e-03	7.157715e+00
4.251000e-05	-1.114698e-02	7.139390e+00
4.252000e-05	-1.647107e-02	7.190373e+00
4.253000e-05	-1.744309e-02	7.210399e+00
4.254000e-05	-1.232453e-02	7.241603e+00
4.255000e-05	-1.035639e-02	7.231529e+00
4.256000e-05	-1.451484e-02	7.284583e+00
4.257000e-05	-1.944367e-02	7.337240e+00
4.258000e-05	-1.675192e-02	7.327245e+00
4.259000e-05	-1.188732e-02	7.399792e+00
4.260000e-05	-1.349130e-02	7.402874e+00
4.261000e-05	-1.864426e-02	7.500924e+00
4.262000e-05	-1.972070e-02	7.461584e+00
4.263000e-05	-1.495321e-02	7.473053e+00
4.264000e-05	-1.183521e-02	7.518137e+00
4.265000e-05	-1.463232e-02	7.495737e+00
4.266000e-05	-1.951699e-02	7.577617e+00
4.267000e-05	-1.823161e-02	7.556193e+00
4.268000e-05	-1.533022e-02	7.537314e+00
4.269000e-05	-1.585657e-02	7.559420e+00
4.270000e-05	-2.029603e-02	7.578716e+00
4.271000e-05	-2.153958e-02	7.568896e+00
4.272000e-05	-1.776561e-02	7.549291e+00
4.273000e-05	-1.396645e-02	7.558866e+00
4.274000e-05	-1.630509e-02	7.560368e+00
4.275000e-05	-2.047113e-02	7.536842e+00
4.276000e-05	-2.085174e-02	7.558241e+00
4.277000e-05	-1.933550e-02	7.548717e+00
4.278000e-05	-2.028886e-02	7.537816e+00
4.279000e-05	-2.260066e-02	7.475189e+00
4.280000e-05	-2.323965e-02	7.496691e+00
4.281000e-05	-2.010489e-02	7.454182e+00
4.282000e-05	-1.779504e-02	7.474984e+00
4.283000e-05	-1.933089e-02	7.391874e+00
4.284000e-05	-2.300044e-02	7.357749e+00
4.285000e-05	-2.368856e-02	7.368215e+00
4.286000e-05	-2.296112e-02	7.245209e+00
4.287000e-05	-2.273643e-02	7.263133e+00
4.288000e-05	-2.475377e-02	7.254553e+00
4.289000e-05	-2.682741e-02	7.221050e+00
4.290000e-05	-2.415979e-02	7.190974e+00
4.291000e-05	-2.198754e-02	7.188348e+00
4.292000e-05	-2.267846e-02	7.128292e+00
4.293000e-05	-2.509458e-02	7.116688e+00
4.294000e-05	-2.654967e-02	7.073657e+00
4.295000e-05	-2.575093e-02	7.043555e+00
4.296000e-05	-2.601914e-02	7.019923e+00
4.297000e-05	-2.781019e-02	6.968843e+00
4.298000e-05	-2.882466e-02	6.896686e+00
4.299000e-05	-2.771699e-02	6.844158e+00
4.300000e-05	-2.617830e-02	6.842055e+00
4.301000e-05	-2.625662e-02	6.820028e+00
4.302000e-05	-2.854034e-02	6.749896e+00
4.303000e-05	-3.148362e-02	6.695213e+00
4.304000e-05	-3.115984e-02	6.655582e+00
4.305000e-05	-2.971367e-02	6.579419e+00
4.306000e-05	-3.038838e-02	6.476611e+00
4.307000e-05	-3.159591e-02	6.433104e+00
4.308000e-05	-3.180855e-02	6.401000e+00
4.309000e-05	-2.995622e-02	6.357821e+00
4.310000e-05	-2.951551e-02	6.304737e+00
4.311000e-05	-3.124618e-02	6.233002e+00
4.312000e-05	-3.201995e-02	6.198498e+00
4.313000e-05	-3.066088e-02	6.147712e+00
4.314000e-05	-2.811657e-02	6.053157e+00
4.315000e-05	-2.796138e-02	6.001526e+00
4.316000e-05	-2.863932e-02	5.977392e+00
4.317000e-05	-2.842526e-02	5.885661e+00
4.318000e-05	-2.638798e-02	5.749765e+00
4.319000e-05	-2.497573e-02	5.674588e+00
4.320000e-05	-2.504918e-02	5.610524e+00
4.321000e-05	-2.483566e-02	5.548870e+00
4.322000e-05	-2.338818e-02	5.483607e+00
4.323000e-05	-2.107441e-02	5.389924e+00
4.324000e-05	-2.126370e-02	5.346735e+00
4.325000e-05	-2.168722e-02	5.223603e+00
4.326000e-05	-2.143486e-02	5.127310e+00
4.327000e-05	-1.905217e-02	5.050431e+00
4.328000e-05	-1.684575e-02	4.925213e+00
4.329000e-05	-1.746799e-02	4.830478e+00
4.330000e-05	-1.809205e-02	4.747371e+00
4.331000e-05	-1.705162e-02	4.683633e+00
4.332000e-05	-1.506620e-02	4.569950e+00
4.333000e-05	-1.445292e-02	4.516184e+00
4.334000e-05	-1.445296e-02	4.421001e+00
4.335000e-05	-1.486405e-02	4.338366e+00
4.336000e-05	-1.409194e-02	4.252182e+00
4.337000e-05	-1.319110e-02	4.064715e+00
4.338000e-05	-1.272757e-02	4.020550e+00
4.339000e-05	-1.287232e-02	3.946318e+00
4.340000e-05	-1.304675e-02	3.843606e+00
4.341000e-05	-1.165963e-02	3.768345e+00
4.342000e-05	-1.082895e-02	3.673207e+00
4.343000e-05	-9.952239e-03	3.590424e+00
4.344000e-05	-1.128671e-02	3.534266e+00
4.345000e-05	-1.153608e-02	3.358923e+00
4.346000e-05	-1.061153e-02	3.261030e+00
4.347000e-05	-8.103428e-03	3.168896e+00
4.348000e-05	-8.421761e-03	3.094207e+00
4.349000e-05	-1.050059e-02	2.979372e+00
4.350000e-05	-1.014881e-02	2.883208e+00
4.351000e-05	-8.807289e-03	2.779472e+00
4.352000e-05	-7.398669e-03	2.674667e+00
4.353000e-05	-8.363714e-03	2.558346e+00
4.354000e-05	-9.255138e-03	2.423126e+00
4.355000e-05	-8.224518e-03	2.307290e+00
4.356000e-05	-6.051372e-03	2.220505e+00
4.357000e-05	-6.878601e-03	2.136366e+00
4.358000e-05	-8.186858e-03	2.022076e+00
4.359000e-05	-9.073527e-03	1.927391e+00
4.360000e-05	-6.833033e-03	1.841030e+00
4.361000e-05	-5.881670e-03	1.725391e+00
4.362000e-05	-6.126225e-03	1.601950e+00
4.363000e-05	-6.865387e-03	1.485179e+00
4.364000e-05	-6.543013e-03	1.369949e+00
4.365000e-05	-5.389924e-03	1.263210e+00
4.366000e-05	-5.277674e-03	1.166918e+00
4.367000e-05	-6.814757e-03	9.910524e-01
4.368000e-05	-7.006266e-03	8.731578e-01
4.369000e-05	-6.072953e-03	7.390211e-01
4.370000e-05	-3.956195e-03	6.931845e-01
4.371000e-05	-4.359079e-03	5.294972e-01
4.372000e-05	-6.347426e-03	4.631066e-01
4.373000e-05	-5.541104e-03	3.579209e-01
4.374000e-05	-4.811367e-03	2.526041e-01
4.375000e-05	-4.013617e-03	1.152066e-01
4.376000e-05	-5.039414e-03	-3.995144e-02
4.377000e-05	-4.063710e-03	-1.158170e-01
4.378000e-05	-1.618722e-03	-2.010251e-01
4.379000e-05	4.281738e-04	-3.237370e-01
4.380000e-05	2.808658e-04	-4.099737e-01
4.381000e-05	-6.040421e-04	-4.836605e-01
4.382000e-05	-1.547166e-03	-6.511054e-01
4.383000e-05	-9.532079e-04	-7.668935e-01
4.384000e-05	4.490658e-03	-8.320539e-01
4.385000e-05	4.335233e-02	-9.362410e-01
4.386000e-05	4.162392e-02	-1.062083e+00
4.387000e-05	-2.473518e-02	-1.271632e+00
4.388000e-05	-8.870763e-02	-1.525237e+00
4.389000e-05	-6.203643e-03	-1.578922e+00
4.390000e-05	9.828788e-02	-1.565847e+00
4.391000e-05	-4.966746e-02	-1.683106e+00
4.392000e-05	-6.941713e-02	-1.843058e+00
4.393000e-05	1.182045e-01	-1.874635e+00
4.394000e-05	6.756970e-03	-1.955392e+00
4.395000e-05	-1.106036e-01	-2.145767e+00
4.396000e-05	6.619651e-02	-2.231961e+00
4.397000e-05	4.121107e-02	-2.304785e+00
4.398000e-05	-1.042633e-01	-2.452659e+00
4.399000e-05	4.790371e-02	-2.538272e+00
4.400000e-05	6.004141e-02	-2.621005e+00
4.401000e-05	-5.419921e-02	-2.767869e+00
4.402000e-05	3.915760e-02	-2.801529e+00
4.403000e-05	-9.229951e-03	-2.946738e+00
4.404000e-05	-3.948392e-02	-3.135238e+00
4.405000e-05	5.482525e-02	-3.180446e+00
4.406000e-05	-2.654218e-02	-3.274687e+00
4.407000e-05	-2.036800e-03	-3.409451e+00
4.408000e-05	5.308986e-02	-3.432112e+00
4.409000e-05	-4.107731e-02	-3.596346e+00
4.410000e-05	1.847411e-02	-3.623104e+00
4.411000e-05	2.104424e-02	-3.757317e+00
4.412000e-05	-4.235778e-02	-3.884187e+00
4.413000e-05	2.957867e-02	-4.000875e+00
4.414000e-05	1.469344e-02	-4.082709e+00
4.415000e-05	-1.352913e-04	-4.169397e+00
4.416000e-05	8.210596e-03	-4.263004e+00
4.417000e-05	-1.202479e-02	-4.336739e+00
4.418000e-05	1.701499e-02	-4.411000e+00
4.419000e-05	-1.465248e-03	-4.565659e+00
4.420000e-05	2.162716e-04	-4.620980e+00
4.421000e-05	9.802036e-03	-4.663132e+00
4.422000e-05	-6.022390e-03	-4.839318e+00
4.423000e-05	2.518959e-02	-4.894609e+00
4.424000e-05	-1.193039e-03	-4.977916e+00
4.425000e-05	-4.286500e-03	-5.083608e+00
4.426000e-05	9.829117e-03	-5.177268e+00
4.427000e-05	-6.643201e-03	-5.263029e+00
4.428000e-05	1.978194e-02	-5.340293e+00
4.429000e-05	1.100683e-03	-5.462628e+00
4.430000e-05	-1.952838e-03	-5.548817e+00
4.431000e-05	1.299279e-02	-5.611999e+00
4.432000e-05	2.559611e-03	-5.695208e+00
4.433000e-05	1.274745e-02	-5.777842e+00
4.434000e-05	-4.113984e-03	-5.843554e+00
4.435000e-05	8.576624e-04	-5.924187e+00
4.436000e-05	9.891289e-03	-5.958869e+00
4.437000e-05	5.467646e-03	-6.021530e+00
4.438000e-05	1.220751e-02	-6.074633e+00
4.439000e-05	-3.434184e-03	-6.188269e+00
4.440000e-05	5.987911e-03	-6.273108e+00
4.441000e-05	8.112093e-03	-6.336813e+00
4.442000e-05	6.219666e-03	-6.400423e+00
4.443000e-05	6.222898e-03	-6.472557e+00
4.444000e-05	5.016090e-06	-6.506160e+00
4.445000e-05	1.005421e-02	-6.577318e+00
4.446000e-05	8.352277e-03	-6.601999e+00
4.447000e-05	6.378461e-03	-6.674559e+00
4.448000e-05	3.918363e-03	-6.726263e+00
4.449000e-05	1.257489e-03	-6.798869e+00
4.450000e-05	1.116906e-02	-6.790950e+00
4.451000e-05	7.982427e-03	-6.883556e+00
4.452000e-05	8.038063e-03	-6.976260e+00
4.453000e-05	2.815010e-03	-7.009822e+00
4.454000e-05	6.306833e-03	-7.086083e+00
4.455000e-05	1.050773e-02	-7.105764e+00
4.456000e-05	6.767180e-03	-7.179395e+00
4.457000e-05	6.412778e-03	-7.211450e+00
4.458000e-05	4.194852e-03	-7.222005e+00
4.459000e-05	9.987298e-03	-7.274558e+00
4.460000e-05	1.022815e-02	-7.254188e+00
4.461000e-05	6.916808e-03	-7.325766e+00
4.462000e-05	5.100132e-03	-7.368342e+00
4.463000e-05	5.749339e-03	-7.360944e+00
4.464000e-05	1.069410e-02	-7.441400e+00
4.465000e-05	1.013247e-02	-7.452978e+00
4.466000e-05	7.182366e-03	-7.494080e+00
4.467000e-05	8.259321e-03	-7.503558e+00
4.468000e-05	1.007647e-02	-7.525215e+00
4.469000e-05	1.059004e-02	-7.517213e+00
4.470000e-05	6.832384e-03	-7.558867e+00
4.471000e-05	6.486243e-03	-7.548396e+00
4.472000e-05	8.906838e-03	-7.629917e+00
4.473000e-05	1.194134e-02	-7.610970e+00
4.474000e-05	1.141877e-02	-7.582449e+00
4.475000e-05	8.774255e-03	-7.632526e+00
4.476000e-05	9.432670e-03	-7.642054e+00
4.477000e-05	1.114819e-02	-7.673527e+00
4.478000e-05	1.093862e-02	-7.640559e+00
4.479000e-05	1.066902e-02	-7.663538e+00
4.480000e-05	9.451445e-03	-7.653132e+00
4.481000e-05	1.216113e-02	-7.675509e+00
4.482000e-05	1.433134e-02	-7.683560e+00
4.483000e-05	1.186874e-02	-7.672132e+00
4.484000e-05	1.079827e-02	-7.644485e+00
4.485000e-05	1.082734e-02	-7.665155e+00
4.486000e-05	1.291443e-02	-7.642030e+00
4.487000e-05	1.430374e-02	-7.641029e+00
4.488000e-05	1.409462e-02	-7.662020e+00
4.489000e-05	1.270032e-02	-7.603975e+00
4.490000e-05	1.333531e-02	-7.609946e+00
4.491000e-05	1.507380e-02	-7.560348e+00
4.492000e-05	1.619744e-02	-7.559794e+00
4.493000e-05	1.458057e-02	-7.546346e+00
4.494000e-05	1.371894e-02	-7.535716e+00
4.495000e-05	1.585248e-02	-7.473183e+00
4.496000e-05	1.691938e-02	-7.464084e+00
4.497000e-05	1.667602e-02	-7.453027e+00
4.498000e-05	1.571066e-02	-7.421030e+00
4.499000e-05	1.652235e-02	-7.370571e+00
4.500000e-05	1.782675e-02	-7.379821e+00
4.501000e-05	1.791359e-02	-7.337764e+00
4.502000e-05	1.750820e-02	-7.304761e+00
4.503000e-05	1.777011e-02	-7.273164e+00
4.504000e-05	1.800084e-02	-7.252082e+00
4.505000e-05	1.966858e-02	-7.230525e+00
4.506000e-05	1.937390e-02	-7.190000e+00
4.507000e-05	1.876389e-02	-7.157891e+00
4.508000e-05	1.934238e-02	-7.135167e+00
4.509000e-05	2.065822e-02	-7.072976e+00
4.510000e-05	1.996309e-02	-6.999969e+00
4.511000e-05	2.028653e-02	-6.915711e+00
4.512000e-05	2.007888e-02	-6.863082e+00
4.513000e-05	2.259421e-02	-6.810524e+00
4.514000e-05	2.331691e-02	-6.779448e+00
4.515000e-05	2.282186e-02	-6.716292e+00
4.516000e-05	2.215862e-02	-6.685161e+00
4.517000e-05	2.179325e-02	-6.642003e+00
4.518000e-05	2.245625e-02	-6.600920e+00
4.519000e-05	2.202584e-02	-6.505815e+00
4.520000e-05	2.181793e-02	-6.463632e+00
4.521000e-05	2.293037e-02	-6.420524e+00
4.522000e-05	2.447292e-02	-6.357944e+00
4.523000e-05	2.406826e-02	-6.266189e+00
4.524000e-05	2.191066e-02	-6.239444e+00
4.525000e-05	2.022416e-02	-6.096814e+00
4.526000e-05	2.008183e-02	-6.031005e+00
4.527000e-05	1.929249e-02	-6.008974e+00
4.528000e-05	1.704269e-02	-5.906241e+00
4.529000e-05	1.751472e-02	-5.852580e+00
4.530000e-05	1.575531e-02	-5.759399e+00
4.531000e-05	1.770741e-02	-5.713687e+00
4.532000e-05	1.613477e-02	-5.642080e+00
4.533000e-05	1.554449e-02	-5.568396e+00
4.534000e-05	1.289584e-02	-5.475158e+00
4.535000e-05	1.185580e-02	-5.409890e+00
4.536000e-05	1.041850e-02	-5.242158e+00
4.537000e-05	1.001231e-02	-5.170396e+00
4.538000e-05	9.605283e-03	-5.055760e+00
4.539000e-05	9.051889e-03	-5.018899e+00
4.540000e-05	9.909598e-03	-4.937713e+00
4.541000e-05	8.752057e-03	-4.706764e+00
4.542000e-05	8.336107e-03	-4.642678e+00
4.543000e-05	5.553972e-03	-4.590999e+00
4.544000e-05	5.295298e-03	-4.517287e+00
4.545000e-05	4.713894e-03	-4.461629e+00
4.546000e-05	5.906239e-03	-4.379524e+00
4.547000e-05	4.696075e-03	-4.316210e+00
4.548000e-05	4.734845e-03	-4.221022e+00
4.549000e-05	4.307123e-03	-4.117317e+00
4.550000e-05	3.589112e-03	-4.031555e+00
4.551000e-05	2.987289e-03	-3.969472e+00
4.552000e-05	1.609930e-03	-3.863552e+00
4.553000e-05	1.873597e-03	-3.724866e+00
4.554000e-05	2.140170e-03	-3.620576e+00
4.555000e-05	3.073650e-03	-3.557844e+00
4.556000e-05	2.301158e-03	-3.452103e+00
4.557000e-05	1.361941e-03	-3.346317e+00
4.558000e-05	6.771910e-04	-3.241055e+00
4.559000e-05	-5.176800e-04	-3.159894e+00
4.560000e-05	-1.390777e-03	-3.042550e+00
4.561000e-05	-1.687883e-04	-2.846632e+00
4.562000e-05	3.853414e-04	-2.819526e+00
4.563000e-05	1.390000e-04	-2.716335e+00
4.564000e-05	-1.463544e-03	-2.599998e+00
4.565000e-05	-1.191303e-03	-2.526237e+00
4.566000e-05	-1.279419e-03	-2.410050e+00
4.567000e-05	-1.921965e-03	-2.327389e+00
4.568000e-05	-3.850562e-03	-2.159999e+00
4.569000e-05	-3.093023e-03	-2.054130e+00
4.570000e-05	-2.165958e-03	-1.979019e+00
4.571000e-05	-1.157657e-03	-1.862706e+00
4.572000e-05	-2.290219e-03	-1.707491e+00
4.573000e-05	-3.916280e-03	-1.632679e+00
4.574000e-05	-3.890958e-03	-1.569499e+00
4.575000e-05	-3.203586e-03	-1.402605e+00
4.576000e-05	-3.856011e-03	-1.273186e+00
4.577000e-05	-4.241150e-03	-1.176947e+00
4.578000e-05	-4.466906e-03	-1.050630e+00
4.579000e-05	-3.331416e-03	-9.158472e-01
4.580000e-05	-3.227223e-03	-8.421552e-01
4.581000e-05	-4.203018e-03	-7.374710e-01
4.582000e-05	-5.414397e-03	-6.136815e-01
4.583000e-05	-5.478362e-03	-4.627054e-01
4.584000e-05	-4.665857e-03	-3.489738e-01
4.585000e-05	-5.157919e-03	-2.537096e-01
4.586000e-05	-6.024539e-03	-1.774987e-01
4.587000e-05	-4.762873e-03	-6.318321e-02
4.588000e-05	-7.172691e-04	-9.450000e-03
4.589000e-05	5.733087e-04	1.167105e-01
4.590000e-05	-9.096934e-04	2.827116e-01
4.591000e-05	-3.305568e-03	3.888986e-01
4.592000e-05	-3.766892e-03	4.821065e-01
4.593000e-05	-3.158130e-03	5.683684e-01
4.594000e-05	6.137220e-04	6.730840e-01
4.595000e-05	2.147358e-02	7.783987e-01
4.596000e-05	4.420009e-02	9.631630e-01
4.597000e-05	2.758916e-03	1.105714e+00
4.598000e-05	-6.468615e-02	1.192583e+00
4.599000e-05	-7.652183e-02	1.277392e+00
4.600000e-05	4.801456e-02	1.410949e+00
4.601000e-05	5.540455e-02	1.579341e+00
4.602000e-05	-1.081004e-01	1.714767e+00
4.603000e-05	-1.945410e-03	1.760395e+00
4.604000e-05	8.589146e-02	1.895258e+00
4.605000e-05	-7.521435e-02	1.989950e+00
4.606000e-05	-3.291773e-02	2.040555e+00
4.607000e-05	6.806862e-02	2.136362e+00
4.608000e-05	-6.523277e-02	2.295235e+00
4.609000e-05	-3.838564e-02	2.388844e+00
4.610000e-05	7.716534e-02	2.441705e+00
4.611000e-05	-1.818927e-02	2.558893e+00
4.612000e-05	-2.693148e-02	2.735289e+00
4.613000e-05	1.517909e-02	2.850976e+00
4.614000e-05	-2.984255e-02	2.926764e+00
4.615000e-05	-4.224972e-03	2.999402e+00
4.616000e-05	9.637630e-03	3.094182e+00
4.617000e-05	-2.550137e-02	3.179947e+00
4.618000e-05	1.032857e-02	3.255057e+00
4.619000e-05	3.340819e-03	3.370975e+00
4.620000e-05	-2.282543e-02	3.526160e+00
4.621000e-05	6.252286e-03	3.602002e+00
4.622000e-05	-1.567751e-02	3.704137e+00
4.623000e-05	-2.412318e-02	3.800495e+00
4.624000e-05	1.067589e-02	3.906661e+00
4.625000e-05	9.186475e-03	3.959446e+00
4.626000e-05	-1.745796e-02	4.033032e+00
4.627000e-05	-1.218511e-02	4.157265e+00
4.628000e-05	-1.802551e-03	4.335637e+00
4.629000e-05	-7.946208e-03	4.389898e+00
4.630000e-05	-6.529339e-03	4.482132e+00
4.631000e-05	-8.448491e-03	4.577870e+00
4.632000e-05	-1.708537e-02	4.683103e+00
4.633000e-05	1.397016e-03	4.697190e+00
4.634000e-05	4.927948e-03	4.789450e+00
4.635000e-05	-1.644183e-02	4.886110e+00
4.636000e-05	-1.579095e-02	5.032525e+00
4.637000e-05	-1.087421e-02	5.187869e+00
4.638000e-05	-3.433284e-03	5.262010e+00
4.639000e-05	-2.990956e-03	5.306242e+00
4.640000e-05	-1.258092e-02	5.400871e+00
4.641000e-05	-1.404623e-02	5.494709e+00
4.642000e-05	-4.449070e-03	5.568796e+00
4.643000e-05	-1.296033e-03	5.600977e+00
4.644000e-05	-1.294202e-02	5.673557e+00
4.645000e-05	-1.709270e-02	5.769769e+00
4.646000e-05	-1.087046e-02	5.865583e+00
4.647000e-05	-5.449804e-03	5.977796e+00
4.648000e-05	-5.273943e-03	6.001449e+00
4.649000e-05	-1.369760e-02	6.043532e+00
4.650000e-05	-1.562664e-02	6.135239e+00
4.651000e-05	-8.269419e-03	6.189874e+00
4.652000e-05	-5.557110e-03	6.262582e+00
4.653000e-05	-1.159533e-02	6.294187e+00
4.654000e-05	-1.586413e-02	6.366794e+00
4.655000e-05	-1.154516e-02	6.381501e+00
4.656000e-05	-6.358611e-03	6.452579e+00
4.657000e-05	-8.780809e-03	6.497137e+00
4.658000e-05	-1.393521e-02	6.581396e+00
4.659000e-05	-1.643271e-02	6.683504e+00
4.660000e-05	-1.169571e-02	6.728113e+00
4.661000e-05	-7.604326e-03	6.769348e+00
4.662000e-05	-1.167031e-02	6.821502e+00
4.663000e-05	-1.504325e-02	6.842504e+00
4.664000e-05	-1.373566e-02	6.885160e+00
4.665000e-05	-9.401241e-03	6.917740e+00
4.666000e-05	-1.164314e-02	6.958347e+00
4.667000e-05	-1.477998e-02	7.021552e+00
4.668000e-05	-1.792520e-02	7.063609e+00
4.669000e-05	-1.257683e-02	7.105613e+00
4.670000e-05	-9.122472e-03	7.096218e+00
4.671000e-05	-1.128901e-02	7.138821e+00
4.672000e-05	-1.585807e-02	7.180345e+00
4.673000e-05	-1.505924e-02	7.198978e+00
4.674000e-05	-1.435495e-02	7.234025e+00
4.675000e-05	-1.147731e-02	7.263605e+00
4.676000e-05	-1.392363e-02	7.274638e+00
4.677000e-05	-1.582816e-02	7.327136e+00
4.678000e-05	-1.616306e-02	7.347217e+00
4.679000e-05	-1.291521e-02	7.379399e+00
4.680000e-05	-1.379683e-02	7.391449e+00
4.681000e-05	-1.683023e-02	7.392403e+00
4.682000e-05	-1.835744e-02	7.434104e+00
4.683000e-05	-1.543788e-02	7.475537e+00
4.684000e-05	-1.352549e-02	7.523612e+00
4.685000e-05	-1.566799e-02	7.557215e+00
4.686000e-05	-1.861702e-02	7.505190e+00
4.687000e-05	-1.867982e-02	7.567293e+00
4.688000e-05	-1.586902e-02	7.549342e+00
4.689000e-05	-1.498217e-02	7.539166e+00
4.690000e-05	-1.738129e-02	7.559845e+00
4.691000e-05	-1.968605e-02	7.569346e+00
4.692000e-05	-1.859612e-02	7.518422e+00
4.693000e-05	-1.646635e-02	7.520347e+00
4.694000e-05	-1.794651e-02	7.538295e+00
4.695000e-05	-2.064643e-02	7.509767e+00
4.696000e-05	-2.095619e-02	7.547768e+00
4.697000e-05	-1.969641e-02	7.507846e+00
4.698000e-05	-1.773001e-02	7.528640e+00
4.699000e-05	-2.095600e-02	7.545216e+00
4.700000e-05	-2.207994e-02	7.493564e+00
4.701000e-05	-2.237341e-02	7.395054e+00
4.702000e-05	-2.067615e-02	7.463478e+00
4.703000e-05	-2.185381e-02	7.401873e+00
4.704000e-05	-2.288220e-02	7.389296e+00
4.705000e-05	-2.311982e-02	7.328720e+00
4.706000e-05	-2.205566e-02	7.296532e+00
4.707000e-05	-2.294698e-02	7.273609e+00
4.708000e-05	-2.307883e-02	7.282999e+00
4.709000e-05	-2.467973e-02	7.192003e+00
4.710000e-05	-2.484590e-02	7.200024e+00
4.711000e-05	-2.491794e-02	7.139899e+00
4.712000e-05	-2.386130e-02	7.148271e+00
4.713000e-05	-2.455468e-02	7.096638e+00
4.714000e-05	-2.590284e-02	7.082133e+00
4.715000e-05	-2.736618e-02	7.021074e+00
4.716000e-05	-2.685771e-02	6.999874e+00
4.717000e-05	-2.685918e-02	6.937296e+00
4.718000e-05	-2.737532e-02	6.905667e+00
4.719000e-05	-2.867563e-02	6.852584e+00
4.720000e-05	-2.818435e-02	6.813029e+00
4.721000e-05	-2.780075e-02	6.780898e+00
4.722000e-05	-2.797016e-02	6.749366e+00
4.723000e-05	-2.978456e-02	6.675690e+00
4.724000e-05	-3.118514e-02	6.662928e+00
4.725000e-05	-2.963302e-02	6.559792e+00
4.726000e-05	-3.021792e-02	6.524709e+00
4.727000e-05	-3.076675e-02	6.413031e+00
4.728000e-05	-3.140599e-02	6.390998e+00
4.729000e-05	-3.278049e-02	6.337794e+00
4.730000e-05	-2.932251e-02	6.285610e+00
4.731000e-05	-3.154664e-02	6.242029e+00
4.732000e-05	-2.884117e-02	6.169971e+00
4.733000e-05	-3.058630e-02	6.134716e+00
4.734000e-05	-2.629163e-02	6.053608e+00
4.735000e-05	-2.859978e-02	5.959554e+00
4.736000e-05	-2.882084e-02	5.947320e+00
4.737000e-05	-3.090507e-02	5.895587e+00
4.738000e-05	-2.759956e-02	5.727237e+00
4.739000e-05	-2.493200e-02	5.644606e+00
4.740000e-05	-2.175402e-02	5.580450e+00
4.741000e-05	-2.079539e-02	5.528317e+00
4.742000e-05	-2.222178e-02	5.453633e+00
4.743000e-05	-2.052353e-02	5.360426e+00
4.744000e-05	-2.353813e-02	5.306689e+00
4.745000e-05	-2.170860e-02	5.202503e+00
4.746000e-05	-2.267900e-02	5.107318e+00
4.747000e-05	-1.761573e-02	5.002477e+00
4.748000e-05	-1.794640e-02	4.886661e+00
4.749000e-05	-1.486585e-02	4.780000e+00
4.750000e-05	-1.657165e-02	4.717365e+00
4.751000e-05	-1.464825e-02	4.641982e+00
4.752000e-05	-1.503506e-02	4.537946e+00
4.753000e-05	-1.675668e-02	4.464132e+00
4.754000e-05	-1.586261e-02	4.400451e+00
4.755000e-05	-1.425917e-02	4.347367e+00
4.756000e-05	-1.194165e-02	4.203629e+00
4.757000e-05	-1.288701e-02	4.115261e+00
4.758000e-05	-1.197802e-02	4.000551e+00
4.759000e-05	-1.205424e-02	3.917740e+00
4.760000e-05	-9.994138e-03	3.833129e+00
4.761000e-05	-1.173912e-02	3.747868e+00
4.762000e-05	-1.263648e-02	3.631131e+00
4.763000e-05	-1.268966e-02	3.579925e+00
4.764000e-05	-1.157255e-02	3.426138e+00
4.765000e-05	-1.011569e-02	3.357820e+00
4.766000e-05	-9.362932e-03	3.241055e+00
4.767000e-05	-9.760658e-03	3.127371e+00
4.768000e-05	-1.088582e-02	3.043130e+00
4.769000e-05	-8.885813e-03	2.968371e+00
4.770000e-05	-7.935494e-03	2.842205e+00
4.771000e-05	-8.499245e-03	2.799975e+00
4.772000e-05	-1.044107e-02	2.684757e+00
4.773000e-05	-9.833169e-03	2.558289e+00
4.774000e-05	-7.215186e-03	2.381525e+00
4.775000e-05	-7.055056e-03	2.285689e+00
4.776000e-05	-7.364492e-03	2.198998e+00
4.777000e-05	-9.376278e-03	2.093764e+00
4.778000e-05	-8.472008e-03	2.010025e+00
4.779000e-05	-7.239980e-03	1.924843e+00
4.780000e-05	-6.416221e-03	1.781521e+00
4.781000e-05	-7.704597e-03	1.695937e+00
4.782000e-05	-6.957522e-03	1.589404e+00
4.783000e-05	-6.429553e-03	1.475255e+00
4.784000e-05	-4.699493e-03	1.358894e+00
4.785000e-05	-6.571995e-03	1.242159e+00
4.786000e-05	-6.810797e-03	1.116291e+00
4.787000e-05	-6.523780e-03	9.298960e-01
4.788000e-05	-6.961752e-03	8.310803e-01
4.789000e-05	-5.828180e-03	7.378660e-01
4.790000e-05	-4.618929e-03	6.420305e-01
4.791000e-05	-5.582458e-03	5.183396e-01
4.792000e-05	-4.723199e-03	4.426053e-01
4.793000e-05	-4.491816e-03	2.989198e-01
4.794000e-05	-3.888313e-03	2.409264e-01
4.795000e-05	-5.534554e-03	6.323265e-02
4.796000e-05	-4.720307e-03	-4.203000e-02
4.797000e-05	-4.352673e-03	-1.458105e-01
4.798000e-05	-8.725885e-04	-2.420803e-01
4.799000e-05	8.767268e-04	-3.373134e-01
4.800000e-05	1.164826e-04	-4.310524e-01
4.801000e-05	-1.087948e-03	-5.556405e-01
4.802000e-05	-3.916822e-04	-6.835780e-01
4.803000e-05	-1.267680e-03	-7.899222e-01
4.804000e-05	7.186237e-03	-8.325790e-01
4.805000e-05	4.965425e-02	-9.573672e-01
4.806000e-05	3.453996e-02	-1.094657e+00
4.807000e-05	-3.522790e-02	-1.325211e+00
4.808000e-05	-8.868277e-02	-1.526263e+00
4.809000e-05	1.249191e-02	-1.598349e+00
4.810000e-05	9.564612e-02	-1.548420e+00
4.811000e-05	-7.848609e-02	-1.713712e+00
4.812000e-05	-3.749656e-02	-1.864508e+00
4.813000e-05	1.231373e-01	-1.883132e+00
4.814000e-05	-3.282960e-02	-1.977892e+00
4.815000e-05	-9.045835e-02	-2.186397e+00
4.816000e-05	8.977761e-02	-2.253656e+00
4.817000e-05	6.736601e-03	-2.326796e+00
4.818000e-05	-9.524536e-02	-2.503161e+00
4.819000e-05	7.689489e-02	-2.569370e+00
4.820000e-05	3.276370e-02	-2.672083e+00
4.821000e-05	-4.478414e-02	-2.769422e+00
4.822000e-05	4.513226e-02	-2.830500e+00
4.823000e-05	-2.933677e-02	-2.948266e+00
4.824000e-05	-2.370103e-02	-3.126766e+00
4.825000e-05	5.295932e-02	-3.200425e+00
4.826000e-05	-3.794302e-02	-3.333711e+00
4.827000e-05	1.640969e-02	-3.421005e+00
4.828000e-05	4.144905e-02	-3.474656e+00
4.829000e-05	-4.438940e-02	-3.568870e+00
4.830000e-05	3.500241e-02	-3.653035e+00
4.831000e-05	4.786981e-03	-3.758350e+00
4.832000e-05	-4.099213e-02	-3.915739e+00
4.833000e-05	3.582479e-02	-4.020425e+00
4.834000e-05	7.700066e-03	-4.113209e+00
4.835000e-05	2.311369e-03	-4.167474e+00
4.836000e-05	4.290863e-03	-4.282659e+00
4.837000e-05	-9.517813e-03	-4.356765e+00
4.838000e-05	2.115561e-02	-4.440028e+00
4.839000e-05	-4.402389e-03	-4.565692e+00
4.840000e-05	3.181345e-03	-4.679977e+00
4.841000e-05	3.089112e-03	-4.684712e+00
4.842000e-05	-3.773573e-03	-4.839470e+00
4.843000e-05	2.741036e-02	-4.884586e+00
4.844000e-05	-7.048380e-03	-4.989295e+00
4.845000e-05	-1.135396e-03	-5.033179e+00
4.846000e-05	6.792809e-03	-5.178344e+00
4.847000e-05	-4.152103e-03	-5.263036e+00
4.848000e-05	2.154249e-02	-5.319269e+00
4.849000e-05	-4.412979e-03	-5.463582e+00
4.850000e-05	4.209214e-04	-5.599424e+00
4.851000e-05	1.204727e-02	-5.621504e+00
4.852000e-05	3.293302e-03	-5.716713e+00
4.853000e-05	1.176687e-02	-5.778419e+00
4.854000e-05	-6.440354e-03	-5.842079e+00
4.855000e-05	4.513875e-03	-5.916661e+00
4.856000e-05	8.398291e-03	-5.977921e+00
4.857000e-05	7.230231e-03	-6.021925e+00
4.858000e-05	1.011745e-02	-6.094686e+00
4.859000e-05	-3.045240e-03	-6.209900e+00
4.860000e-05	9.185675e-03	-6.294181e+00
4.861000e-05	6.488895e-03	-6.367343e+00
4.862000e-05	4.913507e-03	-6.390979e+00
4.863000e-05	4.884041e-03	-6.483530e+00
4.864000e-05	1.380845e-03	-6.495588e+00
4.865000e-05	1.164867e-02	-6.580919e+00
4.866000e-05	7.749081e-03	-6.631504e+00
4.867000e-05	7.211819e-03	-6.683689e+00
4.868000e-05	3.177962e-03	-6.746240e+00
4.869000e-05	3.046182e-03	-6.798424e+00
4.870000e-05	1.121706e-02	-6.831504e+00
4.871000e-05	6.630618e-03	-6.866006e+00
4.872000e-05	7.786247e-03	-6.937715e+00
4.873000e-05	3.634551e-03	-7.021471e+00
4.874000e-05	7.647028e-03	-7.065083e+00
4.875000e-05	9.385746e-03	-7.126165e+00
4.876000e-05	6.479666e-03	-7.178821e+00
4.877000e-05	6.255339e-03	-7.211498e+00
4.878000e-05	5.612505e-03	-7.241480e+00
4.879000e-05	1.024196e-02	-7.244633e+00
4.880000e-05	9.578382e-03	-7.283588e+00
4.881000e-05	7.345637e-03	-7.336788e+00
4.882000e-05	5.495062e-03	-7.388792e+00
4.883000e-05	6.668733e-03	-7.399923e+00
4.884000e-05	1.087610e-02	-7.430003e+00
4.885000e-05	9.656748e-03	-7.441504e+00
4.886000e-05	8.212241e-03	-7.463133e+00
4.887000e-05	8.395150e-03	-7.494661e+00
4.888000e-05	9.369999e-03	-7.505164e+00
4.889000e-05	1.102315e-02	-7.537342e+00
4.890000e-05	7.588962e-03	-7.536768e+00
4.891000e-05	6.010235e-03	-7.578266e+00
4.892000e-05	1.013802e-02	-7.600471e+00
4.893000e-05	1.087875e-02	-7.612000e+00
4.894000e-05	1.429424e-02	-7.590021e+00
4.895000e-05	9.386944e-03	-7.640521e+00
4.896000e-05	1.143996e-02	-7.632079e+00
4.897000e-05	1.004356e-02	-7.693026e+00
4.898000e-05	1.093623e-02	-7.634579e+00
4.899000e-05	7.785900e-03	-7.662982e+00
4.900000e-05	9.299366e-03	-7.642555e+00
4.901000e-05	1.118960e-02	-7.634054e+00
4.902000e-05	1.437655e-02	-7.705611e+00
4.903000e-05	1.591757e-02	-7.653532e+00
4.904000e-05	1.254810e-02	-7.640631e+00
4.905000e-05	1.273238e-02	-7.662579e+00
4.906000e-05	1.100164e-02	-7.633103e+00
4.907000e-05	1.196346e-02	-7.632004e+00
4.908000e-05	1.018116e-02	-7.633104e+00
4.909000e-05	1.276218e-02	-7.620853e+00
4.910000e-05	1.428984e-02	-7.600876e+00
4.911000e-05	1.773859e-02	-7.570399e+00
4.912000e-05	1.694314e-02	-7.569820e+00
4.913000e-05	1.667079e-02	-7.546792e+00
4.914000e-05	1.381654e-02	-7.475665e+00
4.915000e-05	1.415968e-02	-7.523663e+00
4.916000e-05	1.555612e-02	-7.472078e+00
4.917000e-05	1.460047e-02	-7.433107e+00
4.918000e-05	1.672868e-02	-7.391546e+00
4.919000e-05	1.702169e-02	-7.380998e+00
4.920000e-05	1.926176e-02	-7.338870e+00
4.921000e-05	1.855937e-02	-7.346296e+00
4.922000e-05	1.797623e-02	-7.316240e+00
4.923000e-05	1.668331e-02	-7.251557e+00
4.924000e-05	1.707431e-02	-7.252025e+00
4.925000e-05	1.865208e-02	-7.170501e+00
4.926000e-05	1.936293e-02	-7.179998e+00
4.927000e-05	2.087380e-02	-7.116368e+00
4.928000e-05	2.038872e-02	-7.096164e+00
4.929000e-05	2.062069e-02	-7.063503e+00
4.930000e-05	2.003161e-02	-6.997925e+00
4.931000e-05	1.923580e-02	-6.913762e+00
4.932000e-05	1.950715e-02	-6.833175e+00
4.933000e-05	2.126777e-02	-6.811000e+00
4.934000e-05	2.300936e-02	-6.759471e+00
4.935000e-05	2.485034e-02	-6.717293e+00
4.936000e-05	2.453902e-02	-6.703659e+00
4.937000e-05	2.414662e-02	-6.591554e+00
4.938000e-05	2.292046e-02	-6.549421e+00
4.939000e-05	2.166762e-02	-6.536261e+00
4.940000e-05	2.018811e-02	-6.493657e+00
4.941000e-05	2.059359e-02	-6.430048e+00
4.942000e-05	2.275116e-02	-6.337844e+00
4.943000e-05	2.463069e-02	-6.282662e+00
4.944000e-05	2.443358e-02	-6.178868e+00
4.945000e-05	2.381361e-02	-6.084716e+00
4.946000e-05	1.993158e-02	-6.021078e+00
4.947000e-05	1.815365e-02	-5.969447e+00
4.948000e-05	1.570929e-02	-5.936836e+00
4.949000e-05	1.613120e-02	-5.851577e+00
4.950000e-05	1.459189e-02	-5.769299e+00
4.951000e-05	1.694830e-02	-5.705112e+00
4.952000e-05	1.662072e-02	-5.620504e+00
4.953000e-05	1.757665e-02	-5.557846e+00
4.954000e-05	1.500090e-02	-5.472178e+00
4.955000e-05	1.340269e-02	-5.368215e+00
4.956000e-05	1.009575e-02	-5.220580e+00
4.957000e-05	8.855452e-03	-5.178319e+00
4.958000e-05	8.086692e-03	-5.084210e+00
4.959000e-05	8.511943e-03	-4.990950e+00
4.960000e-05	7.162383e-03	-4.894507e+00
4.961000e-05	8.052837e-03	-4.737845e+00
4.962000e-05	9.764756e-03	-4.680679e+00
4.963000e-05	8.508634e-03	-4.579475e+00
4.964000e-05	7.033397e-03	-4.494761e+00
4.965000e-05	3.701257e-03	-4.422056e+00
4.966000e-05	3.394475e-03	-4.358421e+00
4.967000e-05	2.625639e-03	-4.305210e+00
4.968000e-05	3.469582e-03	-4.199548e+00
4.969000e-05	2.890227e-03	-4.105763e+00
4.970000e-05	3.609512e-03	-4.038582e+00
4.971000e-05	4.318740e-03	-3.958920e+00
4.972000e-05	5.151594e-03	-3.810575e+00
4.973000e-05	3.085065e-03	-3.694210e+00
4.974000e-05	6.406265e-04	-3.610551e+00
4.975000e-05	-3.165128e-05	-3.525788e+00
4.976000e-05	-8.186420e-04	-3.411575e+00
4.977000e-05	2.650758e-04	-3.344263e+00
4.978000e-05	5.087937e-04	-3.220078e+00
4.979000e-05	1.204580e-03	-3.130422e+00
4.980000e-05	1.574036e-03	-3.030577e+00
4.981000e-05	1.727739e-03	-2.855182e+00
4.982000e-05	-1.418714e-03	-2.788974e+00
4.983000e-05	-2.796845e-03	-2.695738e+00
4.984000e-05	-3.393121e-03	-2.600046e+00
4.985000e-05	-2.080205e-03	-2.484112e+00
4.986000e-05	-2.068466e-03	-2.399426e+00
4.987000e-05	-1.436021e-03	-2.286289e+00
4.988000e-05	-1.423838e-03	-2.168342e+00
4.989000e-05	-1.612449e-03	-2.040603e+00
4.990000e-05	-2.673950e-03	-1.917895e+00
4.991000e-05	-3.257185e-03	-1.842632e+00
4.992000e-05	-4.659064e-03	-1.758792e+00
4.993000e-05	-5.027372e-03	-1.641153e+00
4.994000e-05	-3.966644e-03	-1.557872e+00
4.995000e-05	-2.098473e-03	-1.438625e+00
4.996000e-05	-2.567105e-03	-1.263604e+00
4.997000e-05	-4.053453e-03	-1.168319e+00
4.998000e-05	-5.333663e-03	-1.040605e+00
4.999000e-05	-3.598612e-03	-9.267160e-01
