# 260826_11:47:24.016799
t	CH1	CH2
0.000000e+00	1.301554e-02	4.934741e+00
1.000000e-08	-1.715342e-02	5.108847e+00
2.000000e-08	1.192572e-02	5.302741e+00
3.000000e-08	9.561029e-03	5.481634e+00
4.000000e-08	-3.702406e-02	5.567898e+00
5.000000e-08	1.849084e-02	5.704767e+00
6.000000e-08	-4.395805e-02	5.897788e+00
7.000000e-08	-3.074190e-05	6.071607e+00
8.000000e-08	2.418327e-02	6.179449e+00
9.000000e-08	-1.810618e-02	6.327291e+00
1.000000e-07	1.468948e-03	6.450657e+00
1.100000e-07	-2.105722e-02	6.608420e+00
1.200000e-07	-1.885195e-03	6.787875e+00
1.300000e-07	-5.019168e-03	6.902686e+00
1.400000e-07	-1.648564e-02	7.032014e+00
1.500000e-07	-3.658559e-03	7.137344e+00
1.600000e-07	-1.582618e-02	7.313709e+00
1.700000e-07	1.544898e-02	7.421453e+00
1.800000e-07	-1.211010e-02	7.589905e+00
1.900000e-07	-1.431748e-02	7.777220e+00
2.000000e-07	-1.507218e-02	7.875162e+00
2.100000e-07	-1.121813e-02	7.990038e+00
2.200000e-07	2.921420e-03	8.177771e+00
2.300000e-07	-1.373681e-02	8.293108e+00
2.400000e-07	-8.571732e-03	8.355374e+00
2.500000e-07	-1.347766e-02	8.483085e+00
2.600000e-07	-4.176737e-04	8.557818e+00
2.700000e-07	-7.032245e-03	8.672559e+00
2.800000e-07	-1.696367e-02	8.748715e+00
2.900000e-07	-1.463977e-02	8.894032e+00
3.000000e-07	-1.058120e-02	8.998325e+00
3.100000e-07	-1.264188e-03	9.094137e+00
3.200000e-07	-1.093006e-02	9.208896e+00
3.300000e-07	-1.382735e-02	9.303136e+00
3.400000e-07	-1.454971e-02	9.390444e+00
3.500000e-07	-7.555385e-03	9.441508e+00
3.600000e-07	-8.072975e-03	9.557820e+00
3.700000e-07	-1.392785e-02	9.643458e+00
3.800000e-07	-1.488659e-02	9.748320e+00
3.900000e-07	-1.069034e-02	9.840932e+00
4.000000e-07	-4.003196e-03	9.926789e+00
4.100000e-07	-1.240979e-02	1.004041e+01
4.200000e-07	-1.881329e-02	1.014569e+01
4.300000e-07	-1.833740e-02	1.017880e+01
4.400000e-07	-9.871401e-03	1.026203e+01
4.500000e-07	-8.283260e-03	1.034429e+01
4.600000e-07	-1.410205e-02	1.038185e+01
4.700000e-07	-1.590491e-02	1.047251e+01
4.800000e-07	-1.326527e-02	1.053717e+01
4.900000e-07	-9.612201e-03	1.059035e+01
5.000000e-07	-1.439830e-02	1.066403e+01
5.100000e-07	-1.932544e-02	1.076669e+01
5.200000e-07	-1.945089e-02	1.081093e+01
5.300000e-07	-1.210707e-02	1.086251e+01
5.400000e-07	-1.032675e-02	1.091412e+01
5.500000e-07	-1.578954e-02	1.095724e+01
5.600000e-07	-2.014877e-02	1.099937e+01
5.700000e-07	-1.907414e-02	1.105093e+01
5.800000e-07	-1.291635e-02	1.106458e+01
5.900000e-07	-1.646884e-02	1.113514e+01
6.000000e-07	-1.883666e-02	1.109724e+01
6.100000e-07	-2.080234e-02	1.117982e+01
6.200000e-07	-1.704351e-02	1.119088e+01
6.300000e-07	-1.598903e-02	1.122346e+01
6.400000e-07	-1.964537e-02	1.129201e+01
6.500000e-07	-2.302996e-02	1.131258e+01
6.600000e-07	-2.186477e-02	1.135564e+01
6.700000e-07	-1.833041e-02	1.134664e+01
6.800000e-07	-1.878429e-02	1.132824e+01
6.900000e-07	-2.201719e-02	1.138817e+01
7.000000e-07	-2.453380e-02	1.139832e+01
7.100000e-07	-2.338892e-02	1.140030e+01
7.200000e-07	-2.146874e-02	1.140882e+01
7.300000e-07	-2.409756e-02	1.139930e+01
7.400000e-07	-2.660450e-02	1.140933e+01
7.500000e-07	-2.833834e-02	1.138830e+01
7.600000e-07	-2.543047e-02	1.142782e+01
7.700000e-07	-2.573197e-02	1.139930e+01
7.800000e-07	-2.849451e-02	1.141892e+01
7.900000e-07	-3.169833e-02	1.138774e+01
8.000000e-07	-3.146520e-02	1.134827e+01
8.100000e-07	-3.111042e-02	1.137767e+01
8.200000e-07	-3.302701e-02	1.129772e+01
8.300000e-07	-3.635822e-02	1.133564e+01
8.400000e-07	-3.792636e-02	1.128301e+01
8.500000e-07	-3.661895e-02	1.127348e+01
8.600000e-07	-3.699600e-02	1.123145e+01
8.700000e-07	-4.114786e-02	1.114077e+01
8.800000e-07	-4.466802e-02	1.114829e+01
8.900000e-07	-4.420515e-02	1.109559e+01
9.000000e-07	-4.412982e-02	1.106451e+01
9.100000e-07	-4.678603e-02	1.102996e+01
9.200000e-07	-4.919744e-02	1.099979e+01
9.300000e-07	-5.057277e-02	1.093772e+01
9.400000e-07	-4.537110e-02	1.092614e+01
9.500000e-07	-4.611672e-02	1.089363e+01
9.600000e-07	-4.423084e-02	1.081245e+01
9.700000e-07	-4.583487e-02	1.071712e+01
9.800000e-07	-3.904203e-02	1.065314e+01
9.900000e-07	-3.556298e-02	1.064092e+01
1.000000e-06	-3.388136e-02	1.057817e+01
1.010000e-06	-3.399863e-02	1.050311e+01
1.020000e-06	-2.991107e-02	1.043187e+01
1.030000e-06	-2.667608e-02	1.037817e+01
1.040000e-06	-2.535360e-02	1.026356e+01
1.050000e-06	-2.581777e-02	1.019845e+01
1.060000e-06	-2.621495e-02	1.011716e+01
1.070000e-06	-2.210834e-02	1.006406e+01
1.080000e-06	-1.877483e-02	9.968362e+00
1.090000e-06	-1.897811e-02	9.915057e+00
1.100000e-06	-2.119077e-02	9.798773e+00
1.110000e-06	-1.977059e-02	9.724612e+00
1.120000e-06	-1.653945e-02	9.620372e+00
1.130000e-06	-1.602249e-02	9.536064e+00
1.140000e-06	-1.899651e-02	9.390948e+00
1.150000e-06	-1.811381e-02	9.327216e+00
1.160000e-06	-1.501005e-02	9.263003e+00
1.170000e-06	-1.232389e-02	9.158265e+00
1.180000e-06	-1.430959e-02	9.051350e+00
1.190000e-06	-1.595055e-02	8.946688e+00
1.200000e-06	-1.503586e-02	8.860899e+00
1.210000e-06	-1.218670e-02	8.697111e+00
1.220000e-06	-1.127945e-02	8.579347e+00
1.230000e-06	-1.378835e-02	8.496084e+00
1.240000e-06	-1.351036e-02	8.379898e+00
1.250000e-06	-1.192280e-02	8.284463e+00
1.260000e-06	-1.079978e-02	8.177221e+00
1.270000e-06	-1.155207e-02	8.012499e+00
1.280000e-06	-1.320687e-02	7.886586e+00
1.290000e-06	-1.191316e-02	7.789296e+00
1.300000e-06	-9.680605e-03	7.682508e+00
1.310000e-06	-9.131746e-03	7.525535e+00
1.320000e-06	-1.005369e-02	7.369725e+00
1.330000e-06	-1.199988e-02	7.232427e+00
1.340000e-06	-1.094591e-02	7.095090e+00
1.350000e-06	-8.779190e-03	6.978819e+00
1.360000e-06	-9.285177e-03	6.854030e+00
1.370000e-06	-1.078066e-02	6.727140e+00
1.380000e-06	-1.034939e-02	6.557667e+00
1.390000e-06	-8.783729e-03	6.420976e+00
1.400000e-06	-7.771768e-03	6.274137e+00
1.410000e-06	-9.257788e-03	6.168344e+00
1.420000e-06	-9.927471e-03	6.032404e+00
1.430000e-06	-9.495888e-03	5.886642e+00
1.440000e-06	-7.797473e-03	5.727162e+00
1.450000e-06	-7.633360e-03	5.569749e+00
1.460000e-06	-9.192085e-03	5.460503e+00
1.470000e-06	-8.554881e-03	5.305638e+00
1.480000e-06	-7.608646e-03	5.136057e+00
1.490000e-06	-6.186999e-03	4.946537e+00
1.500000e-06	-7.802918e-03	4.727742e+00
1.510000e-06	-7.820391e-03	4.600899e+00
1.520000e-06	-7.849271e-03	4.463029e+00
1.530000e-06	-6.414587e-03	4.336188e+00
1.540000e-06	-7.052901e-03	4.106187e+00
1.550000e-06	-7.597157e-03	3.998819e+00
1.560000e-06	-7.551962e-03	3.812000e+00
1.570000e-06	-6.731582e-03	3.654082e+00
1.580000e-06	-6.266500e-03	3.557243e+00
1.590000e-06	-6.310241e-03	3.316215e+00
1.600000e-06	-6.125793e-03	3.148816e+00
1.610000e-06	-6.017298e-03	3.060525e+00
1.620000e-06	-5.605465e-03	2.875103e+00
1.630000e-06	-6.793473e-03	2.718288e+00
1.640000e-06	-6.679511e-03	2.536187e+00
1.650000e-06	-6.584366e-03	2.367815e+00
1.660000e-06	-4.900936e-03	2.201424e+00
1.670000e-06	-6.100590e-03	2.043057e+00
1.680000e-06	-5.078074e-03	1.956761e+00
1.690000e-06	-5.587677e-03	1.728313e+00
1.700000e-06	-5.092966e-03	1.608766e+00
1.710000e-06	-5.382857e-03	1.378396e+00
1.720000e-06	-5.741266e-03	1.202953e+00
1.730000e-06	-6.180843e-03	1.049925e+00
1.740000e-06	-4.439398e-03	8.204738e-01
1.750000e-06	-4.848772e-03	7.140830e-01
1.760000e-06	-5.221726e-03	5.056869e-01
1.770000e-06	-5.214550e-03	3.903446e-01
1.780000e-06	-4.163831e-03	1.488720e-01
1.790000e-06	-4.526542e-03	-1.003014e-02
1.800000e-06	-2.047864e-03	-1.685235e-01
1.810000e-06	3.248609e-03	-2.968181e-01
1.820000e-06	1.074970e-03	-4.426339e-01
1.830000e-06	6.411386e-04	-5.797292e-01
1.840000e-06	6.896679e-04	-8.306313e-01
1.850000e-06	3.259588e-04	-9.578960e-01
1.860000e-06	-5.245114e-04	-1.073762e+00
1.870000e-06	7.616594e-03	-1.242157e+00
1.880000e-06	7.780074e-02	-1.412185e+00
1.890000e-06	5.075156e-02	-1.693737e+00
1.900000e-06	-5.102263e-02	-1.915891e+00
1.910000e-06	-2.330959e-02	-2.117370e+00
1.920000e-06	-1.205675e-01	-2.313810e+00
1.930000e-06	9.176300e-02	-2.377919e+00
1.940000e-06	5.451770e-02	-2.452608e+00
1.950000e-06	-1.836869e-01	-2.683816e+00
1.960000e-06	1.909374e-01	-2.799501e+00
1.970000e-06	1.599276e-02	-2.853342e+00
1.980000e-06	-1.616720e-01	-3.220575e+00
1.990000e-06	1.683556e-01	-3.325218e+00
2.000000e-06	-7.328820e-02	-3.473236e+00
2.010000e-06	-9.706074e-02	-3.590078e+00
2.020000e-06	1.496893e-01	-3.715364e+00
2.030000e-06	-1.031243e-01	-3.978426e+00
2.040000e-06	1.044118e-01	-4.145891e+00
2.050000e-06	3.353002e-02	-4.281634e+00
2.060000e-06	-1.376164e-01	-4.442102e+00
2.070000e-06	1.390752e-01	-4.487348e+00
2.080000e-06	-9.779402e-02	-4.684820e+00
2.090000e-06	3.258968e-02	-4.885838e+00
2.100000e-06	4.462527e-02	-4.991105e+00
2.110000e-06	-5.867010e-02	-5.209603e+00
2.120000e-06	1.022321e-01	-5.339446e+00
2.130000e-06	-8.480452e-02	-5.609446e+00
2.140000e-06	5.646769e-02	-5.726267e+00
2.150000e-06	-1.544807e-02	-5.813106e+00
2.160000e-06	-5.000743e-02	-6.019425e+00
2.170000e-06	1.107974e-01	-6.126290e+00
2.180000e-06	-7.968891e-02	-6.284693e+00
2.190000e-06	7.229800e-02	-6.423109e+00
2.200000e-06	-3.213274e-02	-6.567322e+00
2.210000e-06	-5.363810e-03	-6.744745e+00
2.220000e-06	5.031988e-02	-6.811583e+00
2.230000e-06	-6.293405e-02	-7.018971e+00
2.240000e-06	6.805619e-02	-7.125823e+00
2.250000e-06	-4.774847e-02	-7.284638e+00
2.260000e-06	5.347736e-02	-7.400501e+00
2.270000e-06	-5.333648e-03	-7.556797e+00
2.280000e-06	-1.140884e-02	-7.735245e+00
2.290000e-06	2.628691e-02	-7.861585e+00
2.300000e-06	-3.152366e-02	-7.970025e+00
2.310000e-06	5.149552e-02	-8.104768e+00
2.320000e-06	-2.497121e-02	-8.211054e+00
2.330000e-06	2.610318e-02	-8.326315e+00
2.340000e-06	-6.940839e-03	-8.452078e+00
2.350000e-06	1.405455e-02	-8.578293e+00
2.360000e-06	1.604809e-02	-8.654183e+00
2.370000e-06	-1.282411e-02	-8.820377e+00
2.380000e-06	1.401963e-02	-8.895240e+00
2.390000e-06	-8.647269e-03	-9.018575e+00
2.400000e-06	2.881143e-02	-9.103212e+00
2.410000e-06	-1.333879e-03	-9.219449e+00
2.420000e-06	1.241930e-02	-9.285212e+00
2.430000e-06	-3.540240e-04	-9.388897e+00
2.440000e-06	1.157612e-02	-9.475692e+00
2.450000e-06	9.327739e-03	-9.602026e+00
2.460000e-06	1.466389e-03	-9.694691e+00
2.470000e-06	8.761281e-03	-9.749348e+00
2.480000e-06	2.997122e-03	-9.872607e+00
2.490000e-06	2.030375e-02	-9.925791e+00
2.500000e-06	4.351714e-03	-1.003153e+01
2.510000e-06	1.082254e-02	-1.010669e+01
2.520000e-06	-2.256908e-03	-1.024685e+01
2.530000e-06	1.228155e-02	-1.028363e+01
2.540000e-06	8.983130e-03	-1.032687e+01
2.550000e-06	9.420989e-03	-1.048159e+01
2.560000e-06	7.362019e-03	-1.051822e+01
2.570000e-06	8.067253e-03	-1.061005e+01
2.580000e-06	1.226960e-02	-1.066156e+01
2.590000e-06	9.817608e-03	-1.070514e+01
2.600000e-06	7.209995e-03	-1.074885e+01
2.610000e-06	6.123613e-03	-1.080250e+01
2.620000e-06	1.226974e-02	-1.084416e+01
2.630000e-06	1.487720e-02	-1.092524e+01
2.640000e-06	1.295246e-02	-1.098877e+01
2.650000e-06	9.366862e-03	-1.101042e+01
2.660000e-06	7.904841e-03	-1.104498e+01
2.670000e-06	9.820641e-03	-1.111371e+01
2.680000e-06	1.143982e-02	-1.113687e+01
2.690000e-06	1.044265e-02	-1.120840e+01
2.700000e-06	9.141573e-03	-1.121145e+01
2.710000e-06	1.579472e-02	-1.127258e+01
2.720000e-06	1.637182e-02	-1.125464e+01
2.730000e-06	1.526199e-02	-1.133576e+01
2.740000e-06	1.187127e-02	-1.131527e+01
2.750000e-06	9.694195e-03	-1.134575e+01
2.760000e-06	1.383084e-02	-1.142038e+01
2.770000e-06	1.356682e-02	-1.140997e+01
2.780000e-06	1.493181e-02	-1.147306e+01
2.790000e-06	1.453380e-02	-1.147405e+01
2.800000e-06	1.790113e-02	-1.146421e+01
2.810000e-06	2.151149e-02	-1.151306e+01
2.820000e-06	2.030479e-02	-1.146464e+01
2.830000e-06	1.642544e-02	-1.146564e+01
2.840000e-06	1.611927e-02	-1.151466e+01
2.850000e-06	1.815201e-02	-1.150371e+01
2.860000e-06	1.901359e-02	-1.151364e+01
2.870000e-06	1.973132e-02	-1.147556e+01
2.880000e-06	2.047015e-02	-1.149263e+01
2.890000e-06	2.612370e-02	-1.148306e+01
2.900000e-06	2.767071e-02	-1.146308e+01
2.910000e-06	2.711236e-02	-1.144090e+01
2.920000e-06	2.521503e-02	-1.137037e+01
2.930000e-06	2.495664e-02	-1.135675e+01
2.940000e-06	2.859700e-02	-1.134737e+01
2.950000e-06	3.038797e-02	-1.131519e+01
2.960000e-06	3.138736e-02	-1.129506e+01
2.970000e-06	2.972077e-02	-1.126238e+01
2.980000e-06	3.712009e-02	-1.119242e+01
2.990000e-06	3.909239e-02	-1.120722e+01
3.000000e-06	3.940382e-02	-1.110719e+01
3.010000e-06	3.733652e-02	-1.112311e+01
3.020000e-06	3.918746e-02	-1.101203e+01
3.030000e-06	4.168371e-02	-1.098832e+01
3.040000e-06	4.166478e-02	-1.093674e+01
3.050000e-06	3.939427e-02	-1.088364e+01
3.060000e-06	3.510234e-02	-1.085203e+01
3.070000e-06	3.540048e-02	-1.073835e+01
3.080000e-06	3.358250e-02	-1.072774e+01
3.090000e-06	3.040920e-02	-1.069408e+01
3.100000e-06	2.577114e-02	-1.063050e+01
3.110000e-06	2.407569e-02	-1.053829e+01
3.120000e-06	2.243182e-02	-1.049559e+01
3.130000e-06	2.124872e-02	-1.043200e+01
3.140000e-06	1.804903e-02	-1.032739e+01
3.150000e-06	1.433072e-02	-1.028411e+01
3.160000e-06	1.487059e-02	-1.018137e+01
3.170000e-06	1.493825e-02	-1.014411e+01
3.180000e-06	1.406311e-02	-1.008100e+01
3.190000e-06	1.150824e-02	-9.926844e+00
3.200000e-06	9.686436e-03	-9.893532e+00
3.210000e-06	1.019989e-02	-9.768348e+00
3.220000e-06	9.613285e-03	-9.707160e+00
3.230000e-06	8.728971e-03	-9.660476e+00
3.240000e-06	6.578546e-03	-9.527736e+00
3.250000e-06	6.272672e-03	-9.449398e+00
3.260000e-06	6.893995e-03	-9.366140e+00
3.270000e-06	6.455994e-03	-9.210374e+00
3.280000e-06	5.691026e-03	-9.107159e+00
3.290000e-06	2.732077e-03	-9.009924e+00
3.300000e-06	4.453128e-03	-8.915188e+00
3.310000e-06	5.619235e-03	-8.820897e+00
3.320000e-06	5.180061e-03	-8.694583e+00
3.330000e-06	2.252952e-03	-8.570270e+00
3.340000e-06	2.963857e-03	-8.483480e+00
3.350000e-06	4.833408e-04	-8.294289e+00
3.360000e-06	1.758838e-03	-8.241953e+00
3.370000e-06	-1.432123e-03	-8.096241e+00
3.380000e-06	2.668224e-03	-8.001504e+00
3.390000e-06	2.107647e-03	-7.833475e+00
3.400000e-06	4.109980e-03	-7.776715e+00
3.410000e-06	3.951477e-04	-7.530323e+00
3.420000e-06	5.078861e-04	-7.460904e+00
3.430000e-06	-2.366698e-03	-7.316691e+00
3.440000e-06	-6.811942e-04	-7.221973e+00
3.450000e-06	-1.942260e-03	-7.093479e+00
3.460000e-06	-8.362692e-04	-6.886637e+00
3.470000e-06	-1.343912e-03	-6.747944e+00
3.480000e-06	6.460678e-05	-6.639030e+00
3.490000e-06	3.140600e-04	-6.505737e+00
3.500000e-06	-1.743667e-03	-6.369925e+00
3.510000e-06	-2.105032e-03	-6.263056e+00
3.520000e-06	-3.680885e-03	-6.093084e+00
3.530000e-06	-2.678030e-03	-5.938268e+00
3.540000e-06	-2.830871e-03	-5.821498e+00
3.550000e-06	-2.670360e-03	-5.684584e+00
3.560000e-06	-3.161528e-03	-5.515738e+00
3.570000e-06	-2.033226e-03	-5.315669e+00
3.580000e-06	-3.103807e-03	-5.157814e+00
3.590000e-06	-3.513994e-03	-5.019375e+00
3.600000e-06	-4.902517e-03	-4.771421e+00
3.610000e-06	-4.082949e-03	-4.620525e+00
3.620000e-06	-4.234332e-03	-4.503637e+00
3.630000e-06	-3.668772e-03	-4.337915e+00
3.640000e-06	-4.094732e-03	-4.261477e+00
3.650000e-06	-4.652205e-03	-4.084157e+00
3.660000e-06	-5.361243e-03	-3.956266e+00
3.670000e-06	-5.408019e-03	-3.757218e+00
3.680000e-06	-4.605369e-03	-3.580445e+00
3.690000e-06	-5.158839e-03	-3.442076e+00
3.700000e-06	-4.504561e-03	-3.303612e+00
3.710000e-06	-4.687020e-03	-3.137313e+00
3.720000e-06	-5.299103e-03	-2.917763e+00
3.730000e-06	-5.664254e-03	-2.778471e+00
3.740000e-06	-6.010071e-03	-2.642948e+00
3.750000e-06	-6.852196e-03	-2.483107e+00
3.760000e-06	-6.286990e-03	-2.315288e+00
3.770000e-06	-6.035304e-03	-2.137763e+00
3.780000e-06	-5.530430e-03	-1.969319e+00
3.790000e-06	-6.844054e-03	-1.831503e+00
3.800000e-06	-6.572722e-03	-1.633581e+00
3.810000e-06	-6.653721e-03	-1.496063e+00
3.820000e-06	-5.839120e-03	-1.263632e+00
3.830000e-06	-8.574371e-03	-1.106163e+00
3.840000e-06	-4.716337e-03	-9.272635e-01
3.850000e-06	-1.001120e-02	-8.098975e-01
3.860000e-06	-5.745257e-03	-6.199688e-01
3.870000e-06	-9.265046e-03	-3.809713e-01
3.880000e-06	-6.482981e-03	-2.650818e-01
3.890000e-06	-6.401284e-03	-8.576328e-02
3.900000e-06	-3.103722e-03	3.058389e-02
3.910000e-06	2.683312e-03	2.321290e-01
3.920000e-06	-6.491939e-03	4.110251e-01
3.930000e-06	-1.544133e-03	5.667970e-01
3.940000e-06	-6.291677e-03	6.546654e-01
3.950000e-06	-1.270996e-03	8.305787e-01
3.960000e-06	-2.802999e-03	1.061154e+00
3.970000e-06	3.964771e-03	1.220979e+00
3.980000e-06	3.800135e-02	1.378974e+00
3.990000e-06	7.546755e-02	1.642058e+00
4.000000e-06	-3.404624e-02	1.853208e+00
4.010000e-06	-4.188565e-02	1.998549e+00
4.020000e-06	-6.229353e-02	2.148418e+00
4.030000e-06	-8.303270e-02	2.240654e+00
4.040000e-06	1.016534e-01	2.379874e+00
4.050000e-06	-1.694195e-02	2.587428e+00
4.060000e-06	-1.285061e-01	2.747395e+00
4.070000e-06	1.925312e-01	2.834237e+00
4.080000e-06	-6.436312e-02	3.104262e+00
4.090000e-06	-5.799289e-02	3.198876e+00
4.100000e-06	9.079109e-02	3.345394e+00
4.110000e-06	-1.099329e-01	3.546369e+00
4.120000e-06	-8.704622e-03	3.695710e+00
4.130000e-06	6.722310e-02	3.893259e+00
4.140000e-06	-4.218047e-02	4.020504e+00
4.150000e-06	4.662119e-02	4.147446e+00
4.160000e-06	-3.487337e-02	4.367944e+00
4.170000e-06	-2.839113e-02	4.505184e+00
4.180000e-06	2.025713e-02	4.652686e+00
4.190000e-06	-3.603482e-02	4.800854e+00
4.200000e-06	1.870966e-02	4.981502e+00
4.210000e-06	-2.221977e-02	5.210482e+00
4.220000e-06	2.649403e-02	5.358870e+00
4.230000e-06	-1.005813e-02	5.472688e+00
4.240000e-06	-2.174542e-02	5.629554e+00
4.250000e-06	1.318394e-02	5.749452e+00
4.260000e-06	-5.279860e-02	5.957823e+00
4.270000e-06	2.455822e-02	6.104262e+00
4.280000e-06	4.771780e-03	6.230505e+00
4.290000e-06	-1.367763e-02	6.345842e+00
4.300000e-06	1.842220e-04	6.494616e+00
4.310000e-06	-2.390113e-02	6.691609e+00
4.320000e-06	7.995737e-03	6.771954e+00
4.330000e-06	-1.758284e-02	6.966269e+00
4.340000e-06	-3.866245e-03	7.081731e+00
4.350000e-06	-1.423151e-02	7.218401e+00
4.360000e-06	-4.523298e-03	7.366717e+00
4.370000e-06	1.009158e-02	7.483189e+00
4.380000e-06	-1.826416e-02	7.631055e+00
4.390000e-06	-1.175534e-02	7.760871e+00
4.400000e-06	-1.843010e-02	7.934166e+00
4.410000e-06	-1.077181e-03	8.082060e+00
4.420000e-06	-2.357312e-03	8.160928e+00
4.430000e-06	-1.075095e-02	8.304641e+00
4.440000e-06	-1.074080e-02	8.390426e+00
4.450000e-06	-9.138082e-03	8.514691e+00
4.460000e-06	2.229142e-05	8.587904e+00
4.470000e-06	-1.187261e-02	8.663586e+00
4.480000e-06	-1.825782e-02	8.819822e+00
4.490000e-06	-1.491427e-02	8.884686e+00
4.500000e-06	-3.981709e-03	9.038850e+00
4.510000e-06	-3.556837e-04	9.126666e+00
4.520000e-06	-1.288957e-02	9.210430e+00
4.530000e-06	-1.708935e-02	9.344192e+00
4.540000e-06	-1.124533e-02	9.390904e+00
4.550000e-06	-5.416001e-03	9.514185e+00
4.560000e-06	-1.102750e-02	9.620372e+00
4.570000e-06	-1.739869e-02	9.673086e+00
4.580000e-06	-1.331028e-02	9.778272e+00
4.590000e-06	-6.595642e-03	9.875036e+00
4.600000e-06	-5.638729e-03	9.959272e+00
4.610000e-06	-1.477222e-02	1.004146e+01
4.620000e-06	-2.010069e-02	1.013479e+01
4.630000e-06	-1.541728e-02	1.018890e+01
4.640000e-06	-7.640179e-03	1.026201e+01
4.650000e-06	-9.022179e-03	1.028629e+01
4.660000e-06	-1.724600e-02	1.040140e+01
4.670000e-06	-1.585233e-02	1.049506e+01
4.680000e-06	-1.164685e-02	1.056729e+01
4.690000e-06	-1.036373e-02	1.063090e+01
4.700000e-06	-1.671221e-02	1.068156e+01
4.710000e-06	-2.094360e-02	1.075924e+01
4.720000e-06	-1.714709e-02	1.084135e+01
4.730000e-06	-9.334608e-03	1.088314e+01
4.740000e-06	-1.134142e-02	1.089719e+01
4.750000e-06	-1.871878e-02	1.094729e+01
4.760000e-06	-2.050880e-02	1.098998e+01
4.770000e-06	-1.660888e-02	1.105088e+01
4.780000e-06	-1.280439e-02	1.109401e+01
4.790000e-06	-1.804148e-02	1.108619e+01
4.800000e-06	-2.145170e-02	1.117724e+01
4.810000e-06	-2.031981e-02	1.118945e+01
4.820000e-06	-1.552599e-02	1.124088e+01
4.830000e-06	-1.673428e-02	1.122251e+01
4.840000e-06	-2.106168e-02	1.125596e+01
4.850000e-06	-2.278584e-02	1.129408e+01
4.860000e-06	-2.053740e-02	1.136611e+01
4.870000e-06	-1.665754e-02	1.132672e+01
4.880000e-06	-2.081983e-02	1.134679e+01
4.890000e-06	-2.496497e-02	1.136717e+01
4.900000e-06	-2.515874e-02	1.136885e+01
4.910000e-06	-2.181595e-02	1.138930e+01
4.920000e-06	-2.156543e-02	1.139935e+01
4.930000e-06	-2.423538e-02	1.137933e+01
4.940000e-06	-2.740620e-02	1.139933e+01
4.950000e-06	-2.556037e-02	1.141885e+01
4.960000e-06	-2.398871e-02	1.140883e+01
4.970000e-06	-2.779256e-02	1.135838e+01
4.980000e-06	-3.181489e-02	1.136828e+01
4.990000e-06	-3.243279e-02	1.137875e+01
5.000000e-06	-2.954239e-02	1.136814e+01
5.010000e-06	-3.097516e-02	1.135679e+01
5.020000e-06	-3.450309e-02	1.134519e+01
5.030000e-06	-3.619264e-02	1.132404e+01
5.040000e-06	-3.890710e-02	1.130398e+01
5.050000e-06	-3.465428e-02	1.127148e+01
5.060000e-06	-4.122686e-02	1.117040e+01
5.070000e-06	-3.829877e-02	1.119937e+01
5.080000e-06	-4.430561e-02	1.112669e+01
5.090000e-06	-4.113059e-02	1.106458e+01
5.100000e-06	-4.615734e-02	1.107350e+01
5.110000e-06	-4.811669e-02	1.102040e+01
5.120000e-06	-5.376512e-02	1.095787e+01
5.130000e-06	-4.985128e-02	1.095826e+01
5.140000e-06	-4.644747e-02	1.091561e+01
5.150000e-06	-4.401474e-02	1.087258e+01
5.160000e-06	-4.240744e-02	1.080887e+01
5.170000e-06	-4.096301e-02	1.071566e+01
5.180000e-06	-3.626396e-02	1.066250e+01
5.190000e-06	-3.805251e-02	1.060925e+01
5.200000e-06	-3.551774e-02	1.053714e+01
5.210000e-06	-3.560325e-02	1.046303e+01
5.220000e-06	-2.832928e-02	1.038985e+01
5.230000e-06	-2.672789e-02	1.030611e+01
5.240000e-06	-2.311342e-02	1.024145e+01
5.250000e-06	-2.373081e-02	1.017927e+01
5.260000e-06	-2.282913e-02	1.012606e+01
5.270000e-06	-2.170484e-02	1.008098e+01
5.280000e-06	-2.164443e-02	9.927742e+00
5.290000e-06	-2.183391e-02	9.862478e+00
5.300000e-06	-2.179714e-02	9.776746e+00
5.310000e-06	-1.887728e-02	9.653583e+00
5.320000e-06	-1.749475e-02	9.550324e+00
5.330000e-06	-1.563552e-02	9.504585e+00
5.340000e-06	-1.716087e-02	9.420298e+00
5.350000e-06	-1.552775e-02	9.306160e+00
5.360000e-06	-1.508187e-02	9.230428e+00
5.370000e-06	-1.336380e-02	9.105715e+00
5.380000e-06	-1.509026e-02	8.989268e+00
5.390000e-06	-1.622572e-02	8.915083e+00
5.400000e-06	-1.621693e-02	8.738718e+00
5.410000e-06	-1.295564e-02	8.682983e+00
5.420000e-06	-1.100083e-02	8.557320e+00
5.430000e-06	-1.149224e-02	8.483008e+00
5.440000e-06	-1.321543e-02	8.358242e+00
5.450000e-06	-1.243277e-02	8.211928e+00
5.460000e-06	-1.099110e-02	8.147715e+00
5.470000e-06	-1.188262e-02	8.008269e+00
5.480000e-06	-1.389630e-02	7.885556e+00
5.490000e-06	-1.353101e-02	7.755692e+00
5.500000e-06	-1.049506e-02	7.650450e+00
5.510000e-06	-8.123308e-03	7.473086e+00
5.520000e-06	-9.764530e-03	7.356191e+00
5.530000e-06	-1.053322e-02	7.168846e+00
5.540000e-06	-1.116197e-02	7.073007e+00
5.550000e-06	-9.530890e-03	6.955666e+00
5.560000e-06	-9.282572e-03	6.842374e+00
5.570000e-06	-1.015285e-02	6.671507e+00
5.580000e-06	-1.048650e-02	6.526617e+00
5.590000e-06	-9.170087e-03	6.380320e+00
5.600000e-06	-8.594762e-03	6.295029e+00
5.610000e-06	-8.053612e-03	6.124614e+00
5.620000e-06	-9.598480e-03	5.989426e+00
5.630000e-06	-9.472583e-03	5.811480e+00
5.640000e-06	-7.840541e-03	5.684037e+00
5.650000e-06	-7.948408e-03	5.526241e+00
5.660000e-06	-7.601780e-03	5.369373e+00
5.670000e-06	-9.510956e-03	5.241979e+00
5.680000e-06	-8.035625e-03	5.052484e+00
5.690000e-06	-6.106671e-03	4.885027e+00
5.700000e-06	-6.961779e-03	4.716086e+00
5.710000e-06	-7.717561e-03	4.557771e+00
5.720000e-06	-8.333241e-03	4.431954e+00
5.730000e-06	-6.858357e-03	4.263602e+00
5.740000e-06	-5.925609e-03	4.075083e+00
5.750000e-06	-6.555008e-03	3.935712e+00
5.760000e-06	-7.025751e-03	3.779415e+00
5.770000e-06	-6.904426e-03	3.631503e+00
5.780000e-06	-5.858340e-03	3.484091e+00
5.790000e-06	-6.200218e-03	3.264032e+00
5.800000e-06	-6.572914e-03	3.135688e+00
5.810000e-06	-6.984560e-03	2.997869e+00
5.820000e-06	-5.679861e-03	2.821528e+00
5.830000e-06	-5.544906e-03	2.694059e+00
5.840000e-06	-5.323400e-03	2.464156e+00
5.850000e-06	-6.059146e-03	2.286216e+00
5.860000e-06	-5.827455e-03	2.167814e+00
5.870000e-06	-4.950496e-03	2.002451e+00
5.880000e-06	-5.319626e-03	1.884555e+00
5.890000e-06	-6.063535e-03	1.684712e+00
5.900000e-06	-5.760933e-03	1.484708e+00
5.910000e-06	-5.959654e-03	1.347266e+00
5.920000e-06	-4.978348e-03	1.170291e+00
5.930000e-06	-5.594874e-03	9.313208e-01
5.940000e-06	-5.248360e-03	7.488711e-01
5.950000e-06	-4.934404e-03	6.224276e-01
5.960000e-06	-4.707421e-03	4.436066e-01
5.970000e-06	-4.527145e-03	3.347920e-01
5.980000e-06	-4.379528e-03	1.167105e-01
5.990000e-06	-5.011768e-03	-5.226028e-02
6.000000e-06	-1.001802e-03	-2.000789e-01
6.010000e-06	4.180604e-03	-3.264496e-01
6.020000e-06	-1.947813e-05	-4.732841e-01
6.030000e-06	1.623133e-03	-7.352342e-01
6.040000e-06	-3.854918e-04	-8.426816e-01
6.050000e-06	1.139438e-03	-9.880513e-01
6.060000e-06	4.370735e-04	-1.155318e+00
6.070000e-06	1.805451e-02	-1.274790e+00
6.080000e-06	9.960201e-02	-1.484866e+00
6.090000e-06	-4.545661e-03	-1.727546e+00
6.100000e-06	-3.554422e-02	-1.999551e+00
6.110000e-06	-4.931695e-02	-2.169572e+00
6.120000e-06	-1.001914e-01	-2.346797e+00
6.130000e-06	1.588016e-01	-2.339421e+00
6.140000e-06	-5.751444e-02	-2.517472e+00
6.150000e-06	-1.083705e-01	-2.736896e+00
6.160000e-06	2.206254e-01	-2.770031e+00
6.170000e-06	-1.095777e-01	-2.989551e+00
6.180000e-06	-6.131504e-02	-3.222059e+00
6.190000e-06	1.575367e-01	-3.315869e+00
6.200000e-06	-1.554883e-01	-3.545317e+00
6.210000e-06	1.348312e-02	-3.651084e+00
6.220000e-06	9.150951e-02	-3.799029e+00
6.230000e-06	-1.047953e-01	-4.041658e+00
6.240000e-06	1.654727e-01	-4.159420e+00
6.250000e-06	-8.036716e-02	-4.284762e+00
6.260000e-06	-4.094987e-02	-4.505108e+00
6.270000e-06	1.066075e-01	-4.569525e+00
6.280000e-06	-1.290852e-01	-4.799449e+00
6.290000e-06	1.070978e-01	-4.965368e+00
6.300000e-06	-3.182784e-02	-5.023662e+00
6.310000e-06	5.020666e-03	-5.270506e+00
6.320000e-06	6.232829e-02	-5.429655e+00
6.330000e-06	-8.707500e-02	-5.640051e+00
6.340000e-06	9.399029e-02	-5.746841e+00
6.350000e-06	-8.419803e-02	-5.854212e+00
6.360000e-06	3.412130e-02	-6.030529e+00
6.370000e-06	5.475349e-02	-6.156824e+00
6.380000e-06	-6.373618e-02	-6.345844e+00
6.390000e-06	8.705069e-02	-6.483734e+00
6.400000e-06	-7.734659e-02	-6.630134e+00
6.410000e-06	5.569320e-02	-6.739367e+00
6.420000e-06	-8.961761e-03	-6.875187e+00
6.430000e-06	-1.854350e-02	-7.061660e+00
6.440000e-06	4.651850e-02	-7.198994e+00
6.450000e-06	-4.282722e-02	-7.346818e+00
6.460000e-06	7.130812e-02	-7.413087e+00
6.470000e-06	-4.118932e-02	-7.630528e+00
6.480000e-06	2.555544e-02	-7.768272e+00
6.490000e-06	-6.309229e-03	-7.894690e+00
6.500000e-06	-3.796022e-03	-8.021607e+00
6.510000e-06	3.317505e-02	-8.135767e+00
6.520000e-06	-2.344581e-02	-8.253132e+00
6.530000e-06	3.441044e-02	-8.335844e+00
6.540000e-06	-1.675410e-02	-8.433633e+00
6.550000e-06	2.979626e-02	-8.598851e+00
6.560000e-06	-5.207192e-03	-8.696795e+00
6.570000e-06	2.562016e-03	-8.862008e+00
6.580000e-06	5.176745e-03	-8.946316e+00
6.590000e-06	1.149094e-03	-9.033533e+00
6.600000e-06	2.262139e-02	-9.145786e+00
6.610000e-06	-4.567553e-03	-9.232028e+00
6.620000e-06	1.499446e-02	-9.345744e+00
6.630000e-06	-3.356645e-03	-9.429007e+00
6.640000e-06	1.698879e-02	-9.505842e+00
6.650000e-06	2.143133e-03	-9.669586e+00
6.660000e-06	8.917940e-03	-9.735744e+00
6.670000e-06	3.851694e-03	-9.779428e+00
6.680000e-06	1.028373e-02	-9.863158e+00
6.690000e-06	1.429365e-02	-9.977816e+00
6.700000e-06	4.472596e-03	-1.005261e+01
6.710000e-06	7.720288e-03	-1.011577e+01
6.720000e-06	-5.583963e-04	-1.021150e+01
6.730000e-06	1.548541e-02	-1.030466e+01
6.740000e-06	7.591103e-03	-1.035797e+01
6.750000e-06	1.177136e-02	-1.048411e+01
6.760000e-06	4.883575e-03	-1.054627e+01
6.770000e-06	1.141156e-02	-1.060845e+01
6.780000e-06	1.086871e-02	-1.064413e+01
6.790000e-06	9.584790e-03	-1.071582e+01
6.800000e-06	7.082186e-03	-1.073935e+01
6.810000e-06	5.158024e-03	-1.086145e+01
6.820000e-06	1.460230e-02	-1.088519e+01
6.830000e-06	1.141747e-02	-1.095519e+01
6.840000e-06	1.295717e-02	-1.095837e+01
6.850000e-06	6.193125e-03	-1.102158e+01
6.860000e-06	9.844994e-03	-1.109301e+01
6.870000e-06	1.362892e-02	-1.109417e+01
6.880000e-06	1.421912e-02	-1.117932e+01
6.890000e-06	1.119839e-02	-1.124945e+01
6.900000e-06	9.731879e-03	-1.118995e+01
6.910000e-06	1.381872e-02	-1.125019e+01
6.920000e-06	1.485226e-02	-1.129517e+01
6.930000e-06	1.171892e-02	-1.132519e+01
6.940000e-06	8.879174e-03	-1.136827e+01
6.950000e-06	1.445766e-02	-1.139790e+01
6.960000e-06	1.853636e-02	-1.137137e+01
6.970000e-06	1.680299e-02	-1.140101e+01
6.980000e-06	1.349734e-02	-1.145358e+01
6.990000e-06	1.412668e-02	-1.150308e+01
7.000000e-06	1.755989e-02	-1.145218e+01
7.010000e-06	1.859614e-02	-1.145403e+01
7.020000e-06	1.683967e-02	-1.150419e+01
7.030000e-06	1.648926e-02	-1.148564e+01
7.040000e-06	1.829722e-02	-1.150613e+01
7.050000e-06	2.220990e-02	-1.148466e+01
7.060000e-06	2.275611e-02	-1.146473e+01
7.070000e-06	1.986764e-02	-1.146616e+01
7.080000e-06	2.070585e-02	-1.147301e+01
7.090000e-06	2.419291e-02	-1.146248e+01
7.100000e-06	2.689783e-02	-1.139155e+01
7.110000e-06	2.625331e-02	-1.139143e+01
7.120000e-06	2.410961e-02	-1.136930e+01
7.130000e-06	2.629435e-02	-1.139828e+01
7.140000e-06	3.083321e-02	-1.128471e+01
7.150000e-06	3.230761e-02	-1.132714e+01
7.160000e-06	3.152865e-02	-1.127353e+01
7.170000e-06	3.241215e-02	-1.121191e+01
7.180000e-06	3.574523e-02	-1.121992e+01
7.190000e-06	3.861874e-02	-1.111672e+01
7.200000e-06	3.977611e-02	-1.108576e+01
7.210000e-06	3.792662e-02	-1.105106e+01
7.220000e-06	3.933149e-02	-1.097895e+01
7.230000e-06	4.191908e-02	-1.092822e+01
7.240000e-06	4.182461e-02	-1.092679e+01
7.250000e-06	3.779549e-02	-1.088155e+01
7.260000e-06	3.491198e-02	-1.084093e+01
7.270000e-06	3.509113e-02	-1.076889e+01
7.280000e-06	3.299716e-02	-1.071611e+01
7.290000e-06	2.887647e-02	-1.065356e+01
7.300000e-06	2.451413e-02	-1.062945e+01
7.310000e-06	2.273364e-02	-1.055730e+01
7.320000e-06	2.238958e-02	-1.051314e+01
7.330000e-06	2.049583e-02	-1.044190e+01
7.340000e-06	1.679158e-02	-1.033579e+01
7.350000e-06	1.527661e-02	-1.023153e+01
7.360000e-06	1.448044e-02	-1.015729e+01
7.370000e-06	1.448321e-02	-1.011416e+01
7.380000e-06	1.304796e-02	-9.971375e+00
7.390000e-06	1.011251e-02	-9.895240e+00
7.400000e-06	9.474956e-03	-9.831528e+00
7.410000e-06	1.029025e-02	-9.767769e+00
7.420000e-06	8.992670e-03	-9.694182e+00
7.430000e-06	7.030684e-03	-9.600447e+00
7.440000e-06	4.775590e-03	-9.486189e+00
7.450000e-06	6.925364e-03	-9.419923e+00
7.460000e-06	7.424741e-03	-9.264107e+00
7.470000e-06	6.704487e-03	-9.198818e+00
7.480000e-06	5.316578e-03	-9.083108e+00
7.490000e-06	5.310122e-03	-8.958871e+00
7.500000e-06	4.990568e-03	-8.892661e+00
7.510000e-06	4.903815e-03	-8.798893e+00
7.520000e-06	3.673969e-03	-8.652434e+00
7.530000e-06	2.990682e-03	-8.547219e+00
7.540000e-06	1.422393e-03	-8.380399e+00
7.550000e-06	4.481582e-04	-8.275161e+00
7.560000e-06	1.200678e-03	-8.180846e+00
7.570000e-06	2.282220e-03	-8.083134e+00
7.580000e-06	2.851553e-03	-7.936968e+00
7.590000e-06	2.819305e-03	-7.858905e+00
7.600000e-06	2.397534e-03	-7.697113e+00
7.610000e-06	1.366005e-03	-7.537243e+00
7.620000e-06	-5.990198e-04	-7.399924e+00
7.630000e-06	-3.090678e-03	-7.273711e+00
7.640000e-06	-2.736856e-03	-7.138267e+00
7.650000e-06	-1.048031e-03	-7.009928e+00
7.660000e-06	2.945112e-04	-6.853056e+00
7.670000e-06	3.426372e-04	-6.717616e+00
7.680000e-06	8.912489e-04	-6.620378e+00
7.690000e-06	2.009066e-04	-6.493158e+00
7.700000e-06	-1.501561e-03	-6.349264e+00
7.710000e-06	-3.277720e-03	-6.159298e+00
7.720000e-06	-4.857654e-03	-6.002953e+00
7.730000e-06	-3.827613e-03	-5.894660e+00
7.740000e-06	-2.506966e-03	-5.757870e+00
7.750000e-06	-1.534815e-03	-5.620504e+00
7.760000e-06	-1.473649e-03	-5.473075e+00
7.770000e-06	-1.955027e-03	-5.273583e+00
7.780000e-06	-1.983306e-03	-5.124211e+00
7.790000e-06	-3.331357e-03	-4.956208e+00
7.800000e-06	-4.899484e-03	-4.736216e+00
7.810000e-06	-5.395511e-03	-4.579449e+00
7.820000e-06	-5.445394e-03	-4.463584e+00
7.830000e-06	-4.471075e-03	-4.285713e+00
7.840000e-06	-4.087281e-03	-4.157899e+00
7.850000e-06	-4.140641e-03	-4.052004e+00
7.860000e-06	-4.360880e-03	-3.893691e+00
7.870000e-06	-4.145451e-03	-3.704712e+00
7.880000e-06	-4.896831e-03	-3.557365e+00
7.890000e-06	-5.510398e-03	-3.410448e+00
7.900000e-06	-5.945772e-03	-3.222080e+00
7.910000e-06	-6.500061e-03	-3.064581e+00
7.920000e-06	-5.156081e-03	-2.874161e+00
7.930000e-06	-5.559461e-03	-2.736813e+00
7.940000e-06	-5.089243e-03	-2.578419e+00
7.950000e-06	-6.131643e-03	-2.431929e+00
7.960000e-06	-6.643929e-03	-2.281784e+00
7.970000e-06	-5.786066e-03	-2.012109e+00
7.980000e-06	-6.284043e-03	-1.915790e+00
7.990000e-06	-6.205256e-03	-1.768894e+00
8.000000e-06	-6.503992e-03	-1.611050e+00
8.010000e-06	-7.001677e-03	-1.420528e+00
8.020000e-06	-6.182578e-03	-1.231423e+00
8.030000e-06	-6.945975e-03	-1.032657e+00
8.040000e-06	-7.064623e-03	-9.041594e-01
8.050000e-06	-7.780048e-03	-7.188371e-01
8.060000e-06	-7.529252e-03	-5.276885e-01
8.070000e-06	-6.148121e-03	-3.594212e-01
8.080000e-06	-7.044082e-03	-2.315765e-01
8.090000e-06	-6.860447e-03	-8.310671e-02
8.100000e-06	-2.506367e-03	7.513791e-02
8.110000e-06	3.343196e-04	3.243392e-01
8.120000e-06	-3.990986e-03	4.220552e-01
8.130000e-06	-1.925609e-03	6.098724e-01
8.140000e-06	-4.086662e-03	7.172419e-01
8.150000e-06	-2.882979e-03	9.032091e-01
8.160000e-06	-2.795483e-03	1.125764e+00
8.170000e-06	8.004638e-03	1.253709e+00
8.180000e-06	5.687145e-02	1.450681e+00
8.190000e-06	5.347390e-02	1.715895e+00
8.200000e-06	-5.071587e-02	1.925314e+00
8.210000e-06	-3.443412e-02	2.052130e+00
8.220000e-06	-8.091227e-02	2.178400e+00
8.230000e-06	-4.379642e-02	2.264659e+00
8.240000e-06	1.261607e-01	2.452056e+00
8.250000e-06	-1.183130e-01	2.661031e+00
8.260000e-06	-2.283271e-02	2.798451e+00
8.270000e-06	1.635347e-01	2.955869e+00
8.280000e-06	-1.241835e-01	3.125843e+00
8.290000e-06	2.078416e-02	3.200049e+00
8.300000e-06	4.424053e-02	3.399979e+00
8.310000e-06	-1.209173e-01	3.599447e+00
8.320000e-06	4.830218e-02	3.746843e+00
8.330000e-06	2.366096e-02	3.905317e+00
8.340000e-06	-2.638831e-02	4.033055e+00
8.350000e-06	4.927036e-02	4.212079e+00
8.360000e-06	-6.740699e-02	4.389526e+00
8.370000e-06	1.244623e-02	4.528267e+00
8.380000e-06	-8.184391e-03	4.723762e+00
8.390000e-06	-1.640563e-02	4.841983e+00
8.400000e-06	1.061631e-02	5.020140e+00
8.410000e-06	-1.363170e-02	5.232633e+00
8.420000e-06	2.670911e-02	5.399435e+00
8.430000e-06	-3.187922e-02	5.526342e+00
8.440000e-06	-1.651024e-05	5.672082e+00
8.450000e-06	-8.946872e-03	5.810555e+00
8.460000e-06	-4.038275e-02	6.008951e+00
8.470000e-06	3.580485e-02	6.115766e+00
8.480000e-06	-1.092879e-02	6.274159e+00
8.490000e-06	-2.253251e-03	6.420424e+00
8.500000e-06	-8.361136e-03	6.576897e+00
8.510000e-06	-1.900777e-02	6.694686e+00
8.520000e-06	6.545972e-03	6.843106e+00
8.530000e-06	-2.321055e-02	6.959374e+00
8.540000e-06	1.312455e-03	7.134687e+00
8.550000e-06	-2.212669e-02	7.231928e+00
8.560000e-06	7.981775e-03	7.378826e+00
8.570000e-06	2.130589e-03	7.548288e+00
8.580000e-06	-1.731991e-02	7.674084e+00
8.590000e-06	-1.104179e-02	7.833505e+00
8.600000e-06	-1.936313e-02	7.976841e+00
8.610000e-06	4.746406e-03	8.105264e+00
8.620000e-06	-1.001027e-02	8.202000e+00
8.630000e-06	-8.927602e-03	8.314736e+00
8.640000e-06	-1.349265e-02	8.441031e+00
8.650000e-06	-4.200015e-03	8.536216e+00
8.660000e-06	-1.582751e-03	8.621927e+00
8.670000e-06	-1.637202e-02	8.702665e+00
8.680000e-06	-1.580974e-02	8.830975e+00
8.690000e-06	-1.266122e-02	8.956790e+00
8.700000e-06	-1.190634e-03	9.081475e+00
8.710000e-06	-7.809647e-03	9.170792e+00
8.720000e-06	-1.275904e-02	9.243482e+00
8.730000e-06	-1.542441e-02	9.336766e+00
8.740000e-06	-8.947087e-03	9.452028e+00
8.750000e-06	-8.305064e-03	9.485212e+00
8.760000e-06	-1.338519e-02	9.619826e+00
8.770000e-06	-1.506120e-02	9.685690e+00
8.780000e-06	-1.118328e-02	9.799321e+00
8.790000e-06	-5.129775e-03	9.883603e+00
8.800000e-06	-9.758167e-03	9.981321e+00
8.810000e-06	-1.526040e-02	1.007356e+01
8.820000e-06	-1.904815e-02	1.014574e+01
8.830000e-06	-1.247100e-02	1.021995e+01
8.840000e-06	-1.026866e-02	1.030218e+01
8.850000e-06	-1.264941e-02	1.032782e+01
8.860000e-06	-1.737259e-02	1.046293e+01
8.870000e-06	-1.307563e-02	1.051519e+01
8.880000e-06	-1.104732e-02	1.060785e+01
8.890000e-06	-1.265394e-02	1.064041e+01
8.900000e-06	-1.659119e-02	1.068719e+01
8.910000e-06	-1.900733e-02	1.076922e+01
8.920000e-06	-1.401113e-02	1.084199e+01
8.930000e-06	-1.061150e-02	1.090558e+01
8.940000e-06	-1.516638e-02	1.091714e+01
8.950000e-06	-1.868283e-02	1.097679e+01
8.960000e-06	-1.854489e-02	1.102040e+01
8.970000e-06	-1.550173e-02	1.103198e+01
8.980000e-06	-1.658109e-02	1.107409e+01
8.990000e-06	-1.767373e-02	1.111414e+01
9.000000e-06	-1.858264e-02	1.114882e+01
9.010000e-06	-1.653716e-02	1.118940e+01
9.020000e-06	-1.705894e-02	1.120190e+01
9.030000e-06	-1.965281e-02	1.128453e+01
9.040000e-06	-2.213636e-02	1.128411e+01
9.050000e-06	-2.153076e-02	1.134604e+01
9.060000e-06	-1.962827e-02	1.132664e+01
9.070000e-06	-1.925141e-02	1.134822e+01
9.080000e-06	-2.158992e-02	1.139765e+01
9.090000e-06	-2.248784e-02	1.139815e+01
9.100000e-06	-2.199662e-02	1.140877e+01
9.110000e-06	-2.250301e-02	1.138030e+01
9.120000e-06	-2.350987e-02	1.139137e+01
9.130000e-06	-2.634349e-02	1.142022e+01
9.140000e-06	-2.699412e-02	1.139880e+01
9.150000e-06	-2.623296e-02	1.140987e+01
9.160000e-06	-2.654833e-02	1.141785e+01
9.170000e-06	-2.801324e-02	1.138885e+01
9.180000e-06	-3.073853e-02	1.137985e+01
9.190000e-06	-3.015361e-02	1.139877e+01
9.200000e-06	-3.000490e-02	1.137764e+01
9.210000e-06	-3.190056e-02	1.132707e+01
9.220000e-06	-3.512429e-02	1.132614e+01
9.230000e-06	-3.645785e-02	1.130253e+01
9.240000e-06	-3.637458e-02	1.125198e+01
9.250000e-06	-3.787494e-02	1.123140e+01
9.260000e-06	-3.989877e-02	1.121945e+01
9.270000e-06	-4.191745e-02	1.114822e+01
9.280000e-06	-4.348444e-02	1.112819e+01
9.290000e-06	-4.404355e-02	1.109354e+01
9.300000e-06	-4.596878e-02	1.105088e+01
9.310000e-06	-4.680016e-02	1.100080e+01
9.320000e-06	-4.876015e-02	1.095837e+01
9.330000e-06	-4.809688e-02	1.092519e+01
9.340000e-06	-4.881326e-02	1.091456e+01
9.350000e-06	-4.462142e-02	1.079103e+01
9.360000e-06	-4.359683e-02	1.079669e+01
9.370000e-06	-4.128786e-02	1.072511e+01
9.380000e-06	-3.928855e-02	1.061088e+01
9.390000e-06	-3.511178e-02	1.057022e+01
9.400000e-06	-3.239693e-02	1.053656e+01
9.410000e-06	-3.019348e-02	1.046253e+01
9.420000e-06	-2.955609e-02	1.035882e+01
9.430000e-06	-2.818341e-02	1.031563e+01
9.440000e-06	-2.593991e-02	1.023243e+01
9.450000e-06	-2.386713e-02	1.012827e+01
9.460000e-06	-2.409571e-02	1.010611e+01
9.470000e-06	-2.231651e-02	1.002940e+01
9.480000e-06	-2.025836e-02	9.938635e+00
9.490000e-06	-1.876936e-02	9.821924e+00
9.500000e-06	-1.826949e-02	9.768167e+00
9.510000e-06	-1.947550e-02	9.692978e+00
9.520000e-06	-1.796321e-02	9.569241e+00
9.530000e-06	-1.686390e-02	9.463431e+00
9.540000e-06	-1.613289e-02	9.347320e+00
9.550000e-06	-1.808663e-02	9.306135e+00
9.560000e-06	-1.667625e-02	9.199295e+00
9.570000e-06	-1.461533e-02	9.106035e+00
9.580000e-06	-1.253782e-02	8.976244e+00
9.590000e-06	-1.306247e-02	8.875000e+00
9.600000e-06	-1.368127e-02	8.738791e+00
9.610000e-06	-1.326298e-02	8.620927e+00
9.620000e-06	-1.215116e-02	8.547190e+00
9.630000e-06	-1.255296e-02	8.463451e+00
9.640000e-06	-1.313698e-02	8.336665e+00
9.650000e-06	-1.317339e-02	8.219825e+00
9.660000e-06	-1.158431e-02	8.064681e+00
9.670000e-06	-1.081675e-02	8.008317e+00
9.680000e-06	-1.083674e-02	7.871877e+00
9.690000e-06	-1.065061e-02	7.736160e+00
9.700000e-06	-1.038447e-02	7.609217e+00
9.710000e-06	-9.713776e-03	7.431432e+00
9.720000e-06	-9.752794e-03	7.326057e+00
9.730000e-06	-9.979107e-03	7.137217e+00
9.740000e-06	-1.106514e-02	7.041427e+00
9.750000e-06	-1.077840e-02	6.925660e+00
9.760000e-06	-9.954635e-03	6.800271e+00
9.770000e-06	-9.878333e-03	6.671902e+00
9.780000e-06	-9.712986e-03	6.474033e+00
9.790000e-06	-8.397343e-03	6.328291e+00
9.800000e-06	-8.108216e-03	6.191928e+00
9.810000e-06	-7.793964e-03	6.095033e+00
9.820000e-06	-8.758262e-03	5.958791e+00
9.830000e-06	-9.050924e-03	5.800850e+00
9.840000e-06	-9.041574e-03	5.642553e+00
9.850000e-06	-9.075977e-03	5.514083e+00
9.860000e-06	-8.120940e-03	5.376766e+00
9.870000e-06	-8.112122e-03	5.208821e+00
9.880000e-06	-7.645617e-03	4.990391e+00
9.890000e-06	-7.444690e-03	4.790445e+00
9.900000e-06	-6.535162e-03	4.684132e+00
9.910000e-06	-7.106787e-03	4.506187e+00
9.920000e-06	-7.956215e-03	4.378794e+00
9.930000e-06	-7.845976e-03	4.191274e+00
9.940000e-06	-7.639892e-03	4.051924e+00
9.950000e-06	-7.231995e-03	3.893583e+00
9.960000e-06	-7.618814e-03	3.716190e+00
9.970000e-06	-7.380861e-03	3.619348e+00
9.980000e-06	-6.893577e-03	3.423405e+00
9.990000e-06	-5.359860e-03	3.233498e+00
1.000000e-05	-5.953286e-03	3.104634e+00
1.001000e-05	-5.971746e-03	2.957267e+00
1.002000e-05	-6.104858e-03	2.810899e+00
1.003000e-05	-7.304803e-03	2.631975e+00
1.004000e-05	-4.345148e-03	2.420098e+00
1.005000e-05	-9.020423e-03	2.253054e+00
1.006000e-05	-4.443118e-03	2.106689e+00
1.007000e-05	-8.271218e-03	1.988891e+00
1.008000e-05	-2.555540e-03	1.802929e+00
1.009000e-05	-5.264854e-03	1.644554e+00
1.010000e-05	-3.852086e-03	1.474002e+00
1.011000e-05	-4.348967e-03	1.316112e+00
1.012000e-05	-6.242850e-03	1.146188e+00
1.013000e-05	-6.271234e-03	9.131344e-01
1.014000e-05	-7.939226e-03	7.467597e-01
1.015000e-05	-5.753285e-03	5.688186e-01
1.016000e-05	-4.744885e-03	4.305525e-01
1.017000e-05	-2.007491e-03	2.335516e-01
1.018000e-05	-2.897067e-03	4.305275e-02
1.019000e-05	-1.997067e-03	-1.048407e-01
1.020000e-05	-6.415413e-04	-2.531855e-01
1.021000e-05	3.251528e-03	-4.195027e-01
1.022000e-05	-4.265088e-03	-5.575172e-01
1.023000e-05	3.166160e-03	-7.479486e-01
1.024000e-05	3.388910e-04	-8.737106e-01
1.025000e-05	1.741922e-03	-1.002607e+00
1.026000e-05	2.329734e-03	-1.177975e+00
1.027000e-05	3.804055e-02	-1.378477e+00
1.028000e-05	9.905454e-02	-1.559076e+00
1.029000e-05	-4.436085e-02	-1.860683e+00
1.030000e-05	-1.806278e-02	-2.083684e+00
1.031000e-05	-8.708629e-02	-2.222286e+00
1.032000e-05	-3.223497e-02	-2.345422e+00
1.033000e-05	1.588261e-01	-2.399024e+00
1.034000e-05	-1.545137e-01	-2.589600e+00
1.035000e-05	1.398316e-02	-2.779022e+00
1.036000e-05	1.619304e-01	-2.810132e+00
1.037000e-05	-1.914237e-01	-3.103759e+00
1.038000e-05	5.812526e-02	-3.263134e+00
1.039000e-05	7.709054e-02	-3.409523e+00
1.040000e-05	-1.746732e-01	-3.607453e+00
1.041000e-05	1.154061e-01	-3.662163e+00
1.042000e-05	-4.205062e-03	-3.803136e+00
1.043000e-05	-3.485533e-02	-4.114812e+00
1.044000e-05	1.528347e-01	-4.189003e+00
1.045000e-05	-1.540475e-01	-4.377874e+00
1.046000e-05	6.562355e-02	-4.492736e+00
1.047000e-05	1.851860e-02	-4.650006e+00
1.048000e-05	-8.987902e-02	-4.862632e+00
1.049000e-05	1.220435e-01	-4.967422e+00
1.050000e-05	-7.878650e-02	-5.136340e+00
1.051000e-05	7.195074e-02	-5.320690e+00
1.052000e-05	-1.078062e-02	-5.453212e+00
1.053000e-05	-3.671307e-02	-5.623086e+00
1.054000e-05	7.647069e-02	-5.778401e+00
1.055000e-05	-1.093628e-01	-5.945344e+00
1.056000e-05	1.006795e-01	-6.052610e+00
1.057000e-05	-2.268252e-02	-6.210104e+00
1.058000e-05	-4.941812e-03	-6.398525e+00
1.059000e-05	5.370545e-02	-6.504813e+00
1.060000e-05	-7.617892e-02	-6.662162e+00
1.061000e-05	8.436579e-02	-6.778429e+00
1.062000e-05	-5.722980e-02	-6.896947e+00
1.063000e-05	3.705511e-02	-7.085261e+00
1.064000e-05	-1.999961e-04	-7.229984e+00
1.065000e-05	-8.024279e-03	-7.368473e+00
1.066000e-05	5.016622e-02	-7.483713e+00
1.067000e-05	-4.781519e-02	-7.642059e+00
1.068000e-05	4.526887e-02	-7.789851e+00
1.069000e-05	-3.450807e-02	-7.957267e+00
1.070000e-05	3.153744e-02	-8.063061e+00
1.071000e-05	3.739136e-03	-8.176419e+00
1.072000e-05	-1.783533e-03	-8.283190e+00
1.073000e-05	2.170486e-02	-8.357395e+00
1.074000e-05	-1.287002e-02	-8.535144e+00
1.075000e-05	3.254297e-02	-8.641532e+00
1.076000e-05	-1.713829e-02	-8.738899e+00
1.077000e-05	1.528972e-02	-8.844211e+00
1.078000e-05	-5.710862e-03	-8.967901e+00
1.079000e-05	1.473255e-02	-9.064059e+00
1.080000e-05	1.064791e-02	-9.146842e+00
1.081000e-05	3.404463e-03	-9.262608e+00
1.082000e-05	1.097696e-02	-9.347796e+00
1.083000e-05	3.792209e-04	-9.433605e+00
1.084000e-05	1.473187e-02	-9.547873e+00
1.085000e-05	-9.285691e-04	-9.662636e+00
1.086000e-05	1.165908e-02	-9.737321e+00
1.087000e-05	-3.448724e-05	-9.830477e+00
1.088000e-05	1.668017e-02	-9.913640e+00
1.089000e-05	5.782195e-03	-9.958898e+00
1.090000e-05	1.274670e-02	-1.010509e+01
1.091000e-05	4.958561e-03	-1.013775e+01
1.092000e-05	7.462319e-03	-1.024006e+01
1.093000e-05	1.163749e-02	-1.034477e+01
1.094000e-05	7.230313e-03	-1.040000e+01
1.095000e-05	9.328760e-03	-1.050369e+01
1.096000e-05	4.368736e-03	-1.056837e+01
1.097000e-05	1.142346e-02	-1.062906e+01
1.098000e-05	9.807286e-03	-1.069413e+01
1.099000e-05	1.381572e-02	-1.075674e+01
1.100000e-05	7.492136e-03	-1.077940e+01
1.101000e-05	1.055572e-02	-1.085058e+01
1.102000e-05	1.166473e-02	-1.085469e+01
1.103000e-05	9.986076e-03	-1.097527e+01
1.104000e-05	9.384589e-03	-1.100985e+01
1.105000e-05	7.170620e-03	-1.101038e+01
1.106000e-05	1.156383e-02	-1.109464e+01
1.107000e-05	1.398556e-02	-1.111577e+01
1.108000e-05	1.322580e-02	-1.116785e+01
1.109000e-05	1.214412e-02	-1.123028e+01
1.110000e-05	1.108504e-02	-1.122956e+01
1.111000e-05	1.369677e-02	-1.127368e+01
1.112000e-05	1.278634e-02	-1.132469e+01
1.113000e-05	1.206118e-02	-1.135761e+01
1.114000e-05	1.159857e-02	-1.133827e+01
1.115000e-05	1.489029e-02	-1.139734e+01
1.116000e-05	1.738741e-02	-1.142032e+01
1.117000e-05	1.666020e-02	-1.144847e+01
1.118000e-05	1.497065e-02	-1.145303e+01
1.119000e-05	1.502817e-02	-1.149061e+01
1.120000e-05	1.667453e-02	-1.143456e+01
1.121000e-05	1.786691e-02	-1.154422e+01
1.122000e-05	1.659778e-02	-1.152513e+01
1.123000e-05	1.837455e-02	-1.149466e+01
1.124000e-05	2.004780e-02	-1.149464e+01
1.125000e-05	2.182636e-02	-1.152316e+01
1.126000e-05	2.075777e-02	-1.147207e+01
1.127000e-05	2.028080e-02	-1.150456e+01
1.128000e-05	2.096415e-02	-1.149404e+01
1.129000e-05	2.430782e-02	-1.144408e+01
1.130000e-05	2.504454e-02	-1.141151e+01
1.131000e-05	2.564217e-02	-1.143188e+01
1.132000e-05	2.671429e-02	-1.140935e+01
1.133000e-05	2.889059e-02	-1.132727e+01
1.134000e-05	3.059253e-02	-1.133632e+01
1.135000e-05	3.117721e-02	-1.130594e+01
1.136000e-05	3.148229e-02	-1.126266e+01
1.137000e-05	3.266859e-02	-1.123089e+01
1.138000e-05	3.580567e-02	-1.119032e+01
1.139000e-05	3.767526e-02	-1.115674e+01
1.140000e-05	3.986111e-02	-1.110409e+01
1.141000e-05	3.959336e-02	-1.106153e+01
1.142000e-05	4.132673e-02	-1.094795e+01
1.143000e-05	4.158595e-02	-1.088972e+01
1.144000e-05	4.062220e-02	-1.093516e+01
1.145000e-05	3.617739e-02	-1.087401e+01
1.146000e-05	3.475993e-02	-1.079148e+01
1.147000e-05	3.373918e-02	-1.075777e+01
1.148000e-05	3.145016e-02	-1.071564e+01
1.149000e-05	2.711000e-02	-1.065398e+01
1.150000e-05	2.536433e-02	-1.060840e+01
1.151000e-05	2.427244e-02	-1.053572e+01
1.152000e-05	2.228965e-02	-1.048498e+01
1.153000e-05	1.890435e-02	-1.041927e+01
1.154000e-05	1.607868e-02	-1.029566e+01
1.155000e-05	1.543271e-02	-1.022143e+01
1.156000e-05	1.500632e-02	-1.016669e+01
1.157000e-05	1.377137e-02	-1.008258e+01
1.158000e-05	1.184801e-02	-9.958773e+00
1.159000e-05	1.053263e-02	-9.894635e+00
1.160000e-05	1.036084e-02	-9.810949e+00
1.161000e-05	1.103372e-02	-9.726244e+00
1.162000e-05	8.431347e-03	-9.674084e+00
1.163000e-05	7.458947e-03	-9.609396e+00
1.164000e-05	5.876940e-03	-9.452631e+00
1.165000e-05	7.748003e-03	-9.349223e+00
1.166000e-05	5.270156e-03	-9.282506e+00
1.167000e-05	6.431744e-03	-9.177271e+00
1.168000e-05	3.355306e-03	-9.003004e+00
1.169000e-05	5.272439e-03	-8.927290e+00
1.170000e-05	4.519015e-03	-8.842979e+00
1.171000e-05	5.341313e-03	-8.745770e+00
1.172000e-05	2.777391e-03	-8.610825e+00
1.173000e-05	3.787486e-03	-8.473589e+00
1.174000e-05	1.256395e-03	-8.348890e+00
1.175000e-05	2.290258e-03	-8.294083e+00
1.176000e-05	-5.875392e-04	-8.138319e+00
1.177000e-05	1.506366e-03	-8.101033e+00
1.178000e-05	9.005225e-04	-7.885794e+00
1.179000e-05	2.921560e-03	-7.771875e+00
1.180000e-05	7.932956e-04	-7.651977e+00
1.181000e-05	1.861303e-03	-7.494612e+00
1.182000e-05	-1.190017e-03	-7.377764e+00
1.183000e-05	-6.743142e-04	-7.273104e+00
1.184000e-05	-1.616451e-03	-7.135581e+00
1.185000e-05	-8.508984e-04	-6.976794e+00
1.186000e-05	-7.915324e-04	-6.811475e+00
1.187000e-05	-6.279066e-05	-6.682586e+00
1.188000e-05	-3.525357e-04	-6.568817e+00
1.189000e-05	-1.714615e-03	-6.452528e+00
1.190000e-05	-1.930533e-03	-6.296163e+00
1.191000e-05	-2.927110e-03	-6.126740e+00
1.192000e-05	-2.390326e-03	-6.008945e+00
1.193000e-05	-2.506949e-03	-5.872506e+00
1.194000e-05	-1.975326e-03	-5.715265e+00
1.195000e-05	-3.602660e-03	-5.580771e+00
1.196000e-05	-2.796728e-03	-5.451349e+00
1.197000e-05	-3.807627e-03	-5.192002e+00
1.198000e-05	-4.392406e-03	-5.043056e+00
1.199000e-05	-5.989661e-03	-4.883612e+00
1.200000e-05	-2.283278e-03	-4.674111e+00
1.201000e-05	-3.350629e-03	-4.558294e+00
1.202000e-05	-4.290021e-03	-4.411024e+00
1.203000e-05	-5.180737e-03	-4.285131e+00
1.204000e-05	-3.721007e-03	-4.186791e+00
1.205000e-05	-4.006071e-03	-3.999976e+00
1.206000e-05	-4.390808e-03	-3.851575e+00
1.207000e-05	-6.160308e-03	-3.611058e+00
1.208000e-05	-6.141471e-03	-3.544237e+00
1.209000e-05	-5.107760e-03	-3.366770e+00
1.210000e-05	-4.670214e-03	-3.220399e+00
1.211000e-05	-5.430428e-03	-3.032050e+00
1.212000e-05	-6.746887e-03	-2.823004e+00
1.213000e-05	-5.031494e-03	-2.694215e+00
1.214000e-05	-4.931786e-03	-2.526817e+00
1.215000e-05	-4.922991e-03	-2.350418e+00
1.216000e-05	-6.330497e-03	-2.220425e+00
1.217000e-05	-7.089484e-03	-1.991578e+00
1.218000e-05	-6.291000e-03	-1.874733e+00
1.219000e-05	-5.948643e-03	-1.714741e+00
1.220000e-05	-7.063080e-03	-1.560871e+00
1.221000e-05	-7.736943e-03	-1.367742e+00
1.222000e-05	-6.684788e-03	-1.148447e+00
1.223000e-05	-5.304813e-03	-1.021024e+00
1.224000e-05	-5.921452e-03	-8.500792e-01
1.225000e-05	-7.586564e-03	-6.645795e-01
1.226000e-05	-8.712573e-03	-4.731304e-01
1.227000e-05	-7.228634e-03	-3.062646e-01
1.228000e-05	-6.900378e-03	-1.673950e-01
1.229000e-05	-5.950847e-03	-2.257532e-02
1.230000e-05	-1.976449e-03	1.368460e-01
1.231000e-05	-3.084552e-04	3.768971e-01
1.232000e-05	-1.704225e-03	5.242866e-01
1.233000e-05	-2.550099e-04	6.210753e-01
1.234000e-05	-4.381901e-03	7.794973e-01
1.235000e-05	-3.737946e-03	9.268907e-01
1.236000e-05	-1.555210e-03	1.137318e+00
1.237000e-05	1.684864e-02	1.314291e+00
1.238000e-05	7.340183e-02	1.495292e+00
1.239000e-05	1.604566e-02	1.788975e+00
1.240000e-05	-5.233251e-02	1.976896e+00
1.241000e-05	-3.787184e-02	2.083133e+00
1.242000e-05	-9.434925e-02	2.220552e+00
1.243000e-05	1.650607e-02	2.355840e+00
1.244000e-05	9.802242e-02	2.494763e+00
1.245000e-05	-1.747814e-01	2.704766e+00
1.246000e-05	1.019029e-01	2.819976e+00
1.247000e-05	7.269538e-02	3.008550e+00
1.248000e-05	-1.258242e-01	3.146796e+00
1.249000e-05	8.065509e-02	3.242579e+00
1.250000e-05	-3.033360e-02	3.493761e+00
1.251000e-05	-8.964958e-02	3.641553e+00
1.252000e-05	7.969345e-02	3.769474e+00
1.253000e-05	-2.003412e-02	3.977797e+00
1.254000e-05	8.376423e-03	4.064759e+00
1.255000e-05	2.444711e-02	4.265263e+00
1.256000e-05	-6.996900e-02	4.443608e+00
1.257000e-05	3.455672e-02	4.599451e+00
1.258000e-05	-3.356005e-02	4.766867e+00
1.259000e-05	7.455596e-03	4.903266e+00
1.260000e-05	-9.586362e-03	5.145242e+00
1.261000e-05	6.634635e-03	5.305240e+00
1.262000e-05	1.486606e-02	5.442082e+00
1.263000e-05	-3.794025e-02	5.566925e+00
1.264000e-05	1.683689e-02	5.703789e+00
1.265000e-05	-3.549418e-02	5.915210e+00
1.266000e-05	-1.299109e-02	6.050957e+00
1.267000e-05	2.887838e-02	6.189348e+00
1.268000e-05	-1.861483e-02	6.334266e+00
1.269000e-05	2.505689e-03	6.420130e+00
1.270000e-05	-1.799402e-02	6.586926e+00
1.271000e-05	-6.510843e-03	6.768292e+00
1.272000e-05	-8.615768e-04	6.854662e+00
1.273000e-05	-1.897284e-02	7.019529e+00
1.274000e-05	-1.359090e-03	7.125841e+00
1.275000e-05	-1.970027e-02	7.296607e+00
1.276000e-05	1.474285e-02	7.440979e+00
1.277000e-05	-8.298555e-03	7.609346e+00
1.278000e-05	-1.422903e-02	7.783691e+00
1.279000e-05	-1.296854e-02	7.875086e+00
1.280000e-05	-1.461607e-02	8.049020e+00
1.281000e-05	3.979288e-03	8.125744e+00
1.282000e-05	-1.254094e-02	8.261057e+00
1.283000e-05	-7.987239e-03	8.359268e+00
1.284000e-05	-1.449499e-02	8.472532e+00
1.285000e-05	-1.647423e-03	8.576920e+00
1.286000e-05	-4.529082e-03	8.651978e+00
1.287000e-05	-1.588068e-02	8.746294e+00
1.288000e-05	-1.480733e-02	8.882558e+00
1.289000e-05	-1.183101e-02	8.997320e+00
1.290000e-05	-1.161687e-03	9.094060e+00
1.291000e-05	-1.008830e-02	9.198949e+00
1.292000e-05	-1.313567e-02	9.293612e+00
1.293000e-05	-1.441872e-02	9.348296e+00
1.294000e-05	-6.666430e-03	9.473006e+00
1.295000e-05	-8.136211e-03	9.587791e+00
1.296000e-05	-1.433205e-02	9.611955e+00
1.297000e-05	-1.449624e-02	9.736189e+00
1.298000e-05	-1.212886e-02	9.840479e+00
1.299000e-05	-5.344507e-03	9.936116e+00
1.300000e-05	-1.227053e-02	1.002095e+01
1.301000e-05	-1.721967e-02	1.010509e+01
1.302000e-05	-1.823980e-02	1.016835e+01
1.303000e-05	-8.959279e-03	1.024240e+01
1.304000e-05	-7.085689e-03	1.030616e+01
1.305000e-05	-1.383904e-02	1.038930e+01
1.306000e-05	-1.716488e-02	1.047458e+01
1.307000e-05	-1.430937e-02	1.052667e+01
1.308000e-05	-1.072168e-02	1.057787e+01
1.309000e-05	-1.384811e-02	1.065246e+01
1.310000e-05	-1.890706e-02	1.070766e+01
1.311000e-05	-1.963567e-02	1.075883e+01
1.312000e-05	-1.236572e-02	1.084203e+01
1.313000e-05	-1.068774e-02	1.087461e+01
1.314000e-05	-1.516121e-02	1.094774e+01
1.315000e-05	-1.942219e-02	1.098832e+01
1.316000e-05	-1.963982e-02	1.102993e+01
1.317000e-05	-1.375826e-02	1.106198e+01
1.318000e-05	-1.594249e-02	1.106556e+01
1.319000e-05	-1.891629e-02	1.113566e+01
1.320000e-05	-2.140442e-02	1.117880e+01
1.321000e-05	-1.709014e-02	1.119032e+01
1.322000e-05	-1.655697e-02	1.122345e+01
1.323000e-05	-1.836456e-02	1.129346e+01
1.324000e-05	-2.229577e-02	1.127558e+01
1.325000e-05	-2.229050e-02	1.130514e+01
1.326000e-05	-1.892585e-02	1.135414e+01
1.327000e-05	-1.889510e-02	1.135614e+01
1.328000e-05	-2.277952e-02	1.140674e+01
1.329000e-05	-2.529878e-02	1.137820e+01
1.330000e-05	-2.411476e-02	1.139032e+01
1.331000e-05	-2.194577e-02	1.138832e+01
1.332000e-05	-2.279564e-02	1.140930e+01
1.333000e-05	-2.620888e-02	1.139140e+01
1.334000e-05	-2.730853e-02	1.138932e+01
1.335000e-05	-2.589268e-02	1.141980e+01
1.336000e-05	-2.574071e-02	1.140987e+01
1.337000e-05	-2.891230e-02	1.137925e+01
1.338000e-05	-3.189623e-02	1.137979e+01
1.339000e-05	-3.140575e-02	1.135980e+01
1.340000e-05	-2.999090e-02	1.134559e+01
1.341000e-05	-3.273679e-02	1.134567e+01
1.342000e-05	-3.635372e-02	1.132601e+01
1.343000e-05	-3.688619e-02	1.131406e+01
1.344000e-05	-3.686892e-02	1.126253e+01
1.345000e-05	-3.733871e-02	1.122138e+01
1.346000e-05	-4.053465e-02	1.120137e+01
1.347000e-05	-4.316339e-02	1.113629e+01
1.348000e-05	-4.427029e-02	1.105514e+01
1.349000e-05	-4.368960e-02	1.108256e+01
1.350000e-05	-4.714154e-02	1.105192e+01
1.351000e-05	-4.828835e-02	1.098785e+01
1.352000e-05	-5.083534e-02	1.094727e+01
1.353000e-05	-4.665253e-02	1.090564e+01
1.354000e-05	-4.613466e-02	1.086148e+01
1.355000e-05	-4.381791e-02	1.079188e+01
1.356000e-05	-4.480216e-02	1.074677e+01
1.357000e-05	-4.003842e-02	1.070611e+01
1.358000e-05	-3.790296e-02	1.061083e+01
1.359000e-05	-3.318581e-02	1.058674e+01
1.360000e-05	-3.365468e-02	1.053463e+01
1.361000e-05	-3.050835e-02	1.043180e+01
1.362000e-05	-2.791860e-02	1.035721e+01
1.363000e-05	-2.608441e-02	1.027303e+01
1.364000e-05	-2.391020e-02	1.020037e+01
1.365000e-05	-2.421386e-02	1.014717e+01
1.366000e-05	-2.265899e-02	1.010456e+01
1.367000e-05	-2.161202e-02	9.959820e+00
1.368000e-05	-1.941869e-02	9.894559e+00
1.369000e-05	-2.040130e-02	9.778295e+00
1.370000e-05	-1.931742e-02	9.717116e+00
1.371000e-05	-1.790480e-02	9.590924e+00
1.372000e-05	-1.692342e-02	9.474536e+00
1.373000e-05	-1.612195e-02	9.410478e+00
1.374000e-05	-1.672692e-02	9.367745e+00
1.375000e-05	-1.670909e-02	9.273979e+00
1.376000e-05	-1.515570e-02	9.148265e+00
1.377000e-05	-1.463165e-02	9.023953e+00
1.378000e-05	-1.379203e-02	8.938141e+00
1.379000e-05	-1.443994e-02	8.851398e+00
1.380000e-05	-1.357747e-02	8.714133e+00
1.381000e-05	-1.253193e-02	8.600323e+00
1.382000e-05	-1.237296e-02	8.496638e+00
1.383000e-05	-1.291516e-02	8.410420e+00
1.384000e-05	-1.323102e-02	8.274636e+00
1.385000e-05	-1.088921e-02	8.170718e+00
1.386000e-05	-1.084401e-02	8.042400e+00
1.387000e-05	-1.126971e-02	7.924140e+00
1.388000e-05	-1.297736e-02	7.819345e+00
1.389000e-05	-1.219731e-02	7.684028e+00
1.390000e-05	-1.061686e-02	7.516692e+00
1.391000e-05	-1.007878e-02	7.379821e+00
1.392000e-05	-9.783383e-03	7.264003e+00
1.393000e-05	-1.051724e-02	7.115588e+00
1.394000e-05	-1.008421e-02	6.999819e+00
1.395000e-05	-9.466979e-03	6.863531e+00
1.396000e-05	-9.986260e-03	6.746686e+00
1.397000e-05	-1.026097e-02	6.580299e+00
1.398000e-05	-9.633368e-03	6.463504e+00
1.399000e-05	-8.547549e-03	6.315608e+00
1.400000e-05	-8.496256e-03	6.118867e+00
1.401000e-05	-8.437253e-03	6.063030e+00
1.402000e-05	-9.349362e-03	5.916289e+00
1.403000e-05	-9.132823e-03	5.779189e+00
1.404000e-05	-8.292574e-03	5.578320e+00
1.405000e-05	-7.700129e-03	5.434077e+00
1.406000e-05	-7.576420e-03	5.305587e+00
1.407000e-05	-8.135878e-03	5.136090e+00
1.408000e-05	-6.239658e-03	4.916663e+00
1.409000e-05	-7.761649e-03	4.777766e+00
1.410000e-05	-8.372781e-03	4.619846e+00
1.411000e-05	-8.354659e-03	4.513581e+00
1.412000e-05	-6.381918e-03	4.365764e+00
1.413000e-05	-6.640835e-03	4.168190e+00
1.414000e-05	-7.346679e-03	3.978872e+00
1.415000e-05	-7.543384e-03	3.851025e+00
1.416000e-05	-6.661467e-03	3.685683e+00
1.417000e-05	-6.070059e-03	3.558666e+00
1.418000e-05	-5.763560e-03	3.349215e+00
1.419000e-05	-7.427823e-03	3.209871e+00
1.420000e-05	-6.026849e-03	3.043029e+00
1.421000e-05	-5.613710e-03	2.875184e+00
1.422000e-05	-5.348655e-03	2.747292e+00
1.423000e-05	-5.862555e-03	2.500317e+00
1.424000e-05	-6.394490e-03	2.379393e+00
1.425000e-05	-6.097406e-03	2.220424e+00
1.426000e-05	-5.092428e-03	2.073632e+00
1.427000e-05	-5.045693e-03	1.957741e+00
1.428000e-05	-5.606742e-03	1.738188e+00
1.429000e-05	-6.029280e-03	1.559994e+00
1.430000e-05	-5.364183e-03	1.432922e+00
1.431000e-05	-5.284835e-03	1.221955e+00
1.432000e-05	-5.165424e-03	1.063005e+00
1.433000e-05	-5.941109e-03	8.510041e-01
1.434000e-05	-5.091573e-03	6.836593e-01
1.435000e-05	-3.977724e-03	5.477119e-01
1.436000e-05	-4.442614e-03	3.603187e-01
1.437000e-05	-4.763942e-03	2.092699e-01
1.438000e-05	-5.306689e-03	1.100006e-02
1.439000e-05	-3.446596e-03	-1.744459e-01
1.440000e-05	3.809966e-03	-2.863117e-01
1.441000e-05	1.941001e-03	-4.421590e-01
1.442000e-05	2.520468e-04	-5.916549e-01
1.443000e-05	8.269374e-04	-7.995525e-01
1.444000e-05	7.998627e-04	-9.468695e-01
1.445000e-05	-5.015957e-04	-1.033689e+00
1.446000e-05	6.030536e-03	-1.232082e+00
1.447000e-05	6.734654e-02	-1.440209e+00
1.448000e-05	6.633179e-02	-1.642635e+00
1.449000e-05	-5.371462e-02	-1.894817e+00
1.450000e-05	-1.825511e-02	-2.113414e+00
1.451000e-05	-1.155614e-01	-2.313316e+00
1.452000e-05	5.985710e-02	-2.377896e+00
1.453000e-05	8.858549e-02	-2.420105e+00
1.454000e-05	-1.941470e-01	-2.672217e+00
1.455000e-05	1.541402e-01	-2.789501e+00
1.456000e-05	5.931719e-02	-2.883283e+00
1.457000e-05	-1.789032e-01	-3.187524e+00
1.458000e-05	1.509266e-01	-3.304837e+00
1.459000e-05	-3.596135e-02	-3.444183e+00
1.460000e-05	-1.262097e-01	-3.591032e+00
1.461000e-05	1.542902e-01	-3.745740e+00
1.462000e-05	-8.861383e-02	-3.965824e+00
1.463000e-05	7.011691e-02	-4.136842e+00
1.464000e-05	7.173900e-02	-4.180128e+00
1.465000e-05	-1.527952e-01	-4.460078e+00
1.466000e-05	1.315609e-01	-4.535845e+00
1.467000e-05	-7.366902e-02	-4.694616e+00
1.468000e-05	1.039569e-03	-4.913288e+00
1.469000e-05	7.157920e-02	-4.981059e+00
1.470000e-05	-7.315344e-02	-5.199452e+00
1.471000e-05	1.027759e-01	-5.357897e+00
1.472000e-05	-7.363915e-02	-5.544325e+00
1.473000e-05	3.615771e-02	-5.723191e+00
1.474000e-05	1.171844e-02	-5.840028e+00
1.475000e-05	-7.341721e-02	-5.987950e+00
1.476000e-05	1.191047e-01	-6.125763e+00
1.477000e-05	-7.372271e-02	-6.283562e+00
1.478000e-05	5.866366e-02	-6.421054e+00
1.479000e-05	-1.112493e-02	-6.526894e+00
1.480000e-05	-2.758604e-02	-6.716167e+00
1.481000e-05	6.676600e-02	-6.810579e+00
1.482000e-05	-6.864936e-02	-7.018474e+00
1.483000e-05	6.607714e-02	-7.097969e+00
1.484000e-05	-4.093731e-02	-7.274238e+00
1.485000e-05	4.047232e-02	-7.390004e+00
1.486000e-05	1.140250e-02	-7.565745e+00
1.487000e-05	-2.290433e-02	-7.685241e+00
1.488000e-05	3.469448e-02	-7.874080e+00
1.489000e-05	-3.787630e-02	-7.980425e+00
1.490000e-05	5.154614e-02	-8.154261e+00
1.491000e-05	-2.136172e-02	-8.219528e+00
1.492000e-05	2.050193e-02	-8.344266e+00
1.493000e-05	-2.800210e-04	-8.431532e+00
1.494000e-05	7.393387e-03	-8.547348e+00
1.495000e-05	2.298712e-02	-8.672639e+00
1.496000e-05	-1.588876e-02	-8.800478e+00
1.497000e-05	1.617189e-02	-8.884764e+00
1.498000e-05	-9.565216e-03	-8.988877e+00
1.499000e-05	2.729806e-02	-9.084587e+00
1.500000e-05	1.743805e-04	-9.190423e+00
1.501000e-05	9.905171e-03	-9.304164e+00
1.502000e-05	1.194778e-03	-9.378325e+00
1.503000e-05	9.182053e-03	-9.506110e+00
1.504000e-05	1.166906e-02	-9.619975e+00
1.505000e-05	5.785770e-04	-9.704192e+00
1.506000e-05	1.004967e-02	-9.778371e+00
1.507000e-05	1.935588e-03	-9.872082e+00
1.508000e-05	2.032181e-02	-9.916271e+00
1.509000e-05	4.014394e-03	-1.002908e+01
1.510000e-05	1.050993e-02	-1.013464e+01
1.511000e-05	-1.109329e-03	-1.018890e+01
1.512000e-05	1.143860e-02	-1.028165e+01
1.513000e-05	1.122579e-02	-1.035932e+01
1.514000e-05	9.358460e-03	-1.046308e+01
1.515000e-05	7.938529e-03	-1.051622e+01
1.516000e-05	6.455403e-03	-1.058935e+01
1.517000e-05	1.387565e-02	-1.063203e+01
1.518000e-05	8.003399e-03	-1.069364e+01
1.519000e-05	1.070136e-02	-1.073790e+01
1.520000e-05	3.124075e-03	-1.082895e+01
1.521000e-05	1.260806e-02	-1.086266e+01
1.522000e-05	1.230718e-02	-1.093569e+01
1.523000e-05	1.315972e-02	-1.095780e+01
1.524000e-05	8.357682e-03	-1.103038e+01
1.525000e-05	6.533527e-03	-1.108350e+01
1.526000e-05	1.199700e-02	-1.111304e+01
1.527000e-05	1.250027e-02	-1.114620e+01
1.528000e-05	1.278545e-02	-1.117885e+01
1.529000e-05	9.198783e-03	-1.124046e+01
1.530000e-05	1.425865e-02	-1.126193e+01
1.531000e-05	1.420874e-02	-1.129411e+01
1.532000e-05	1.549571e-02	-1.131414e+01
1.533000e-05	9.991656e-03	-1.137787e+01
1.534000e-05	1.010282e-02	-1.136885e+01
1.535000e-05	1.502161e-02	-1.134945e+01
1.536000e-05	1.555085e-02	-1.148000e+01
1.537000e-05	1.818316e-02	-1.144040e+01
1.538000e-05	1.427737e-02	-1.142096e+01
1.539000e-05	1.827945e-02	-1.150258e+01
1.540000e-05	1.839207e-02	-1.146359e+01
1.541000e-05	1.791722e-02	-1.149611e+01
1.542000e-05	1.514910e-02	-1.145616e+01
1.543000e-05	1.477662e-02	-1.150461e+01
1.544000e-05	2.014703e-02	-1.150566e+01
1.545000e-05	2.168913e-02	-1.151358e+01
1.546000e-05	2.464967e-02	-1.149404e+01
1.547000e-05	2.109409e-02	-1.147371e+01
1.548000e-05	2.490366e-02	-1.149286e+01
1.549000e-05	2.294097e-02	-1.143103e+01
1.550000e-05	2.471941e-02	-1.144290e+01
1.551000e-05	2.290102e-02	-1.146147e+01
1.552000e-05	2.639834e-02	-1.136780e+01
1.553000e-05	3.006050e-02	-1.134827e+01
1.554000e-05	3.257240e-02	-1.133466e+01
1.555000e-05	3.341358e-02	-1.131261e+01
1.556000e-05	3.333236e-02	-1.125098e+01
1.557000e-05	3.373877e-02	-1.124135e+01
1.558000e-05	3.334818e-02	-1.118835e+01
1.559000e-05	3.836010e-02	-1.113660e+01
1.560000e-05	3.924201e-02	-1.109409e+01
1.561000e-05	4.207228e-02	-1.106151e+01
1.562000e-05	3.991902e-02	-1.096934e+01
1.563000e-05	4.235466e-02	-1.095626e+01
1.564000e-05	4.084786e-02	-1.089559e+01
1.565000e-05	3.786886e-02	-1.087303e+01
1.566000e-05	3.358824e-02	-1.080835e+01
1.567000e-05	3.074870e-02	-1.071727e+01
1.568000e-05	2.915367e-02	-1.071524e+01
1.569000e-05	2.926401e-02	-1.064105e+01
1.570000e-05	2.193292e-02	-1.056779e+01
1.571000e-05	2.197411e-02	-1.053617e+01
1.572000e-05	1.944487e-02	-1.046153e+01
1.573000e-05	2.335124e-02	-1.034784e+01
1.574000e-05	1.645336e-02	-1.029461e+01
1.575000e-05	1.403469e-02	-1.021780e+01
1.576000e-05	1.259101e-02	-1.014616e+01
1.577000e-05	1.311047e-02	-1.004198e+01
1.578000e-05	1.244206e-02	-9.948368e+00
1.579000e-05	9.359226e-03	-9.894634e+00
1.580000e-05	7.992944e-03	-9.788925e+00
1.581000e-05	1.045172e-02	-9.715741e+00
1.582000e-05	1.108099e-02	-9.651083e+00
1.583000e-05	9.054625e-03	-9.577746e+00
1.584000e-05	5.850513e-03	-9.422002e+00
1.585000e-05	3.770193e-03	-9.337191e+00
1.586000e-05	6.388259e-03	-9.271979e+00
1.587000e-05	4.764919e-03	-9.106667e+00
1.588000e-05	5.175908e-03	-9.020876e+00
1.589000e-05	3.999632e-03	-8.904713e+00
1.590000e-05	4.927769e-03	-8.802500e+00
1.591000e-05	5.036566e-03	-8.693109e+00
1.592000e-05	3.486887e-03	-8.579274e+00
1.593000e-05	2.494850e-03	-8.464060e+00
1.594000e-05	-4.749983e-04	-8.357291e+00
1.595000e-05	1.255864e-03	-8.261027e+00
1.596000e-05	9.492334e-04	-8.146243e+00
1.597000e-05	3.653565e-03	-8.040978e+00
1.598000e-05	7.870889e-04	-7.864159e+00
1.599000e-05	3.489375e-03	-7.756191e+00
1.600000e-05	7.961842e-04	-7.619949e+00
1.601000e-05	2.729181e-03	-7.470557e+00
1.602000e-05	-1.131276e-03	-7.345717e+00
1.603000e-05	-1.636362e-03	-7.211973e+00
1.604000e-05	-2.123201e-03	-7.052582e+00
1.605000e-05	-1.293924e-03	-6.954162e+00
1.606000e-05	5.896363e-04	-6.779370e+00
1.607000e-05	-1.550008e-04	-6.661484e+00
1.608000e-05	-1.797050e-04	-6.536815e+00
1.609000e-05	-1.830454e-03	-6.439895e+00
1.610000e-05	-9.354752e-04	-6.264005e+00
1.611000e-05	-3.352348e-03	-6.084637e+00
1.612000e-05	-2.357672e-03	-5.937320e+00
1.613000e-05	-4.011711e-03	-5.810454e+00
1.614000e-05	-8.460783e-04	-5.684033e+00
1.615000e-05	-2.466244e-03	-5.555270e+00
1.616000e-05	-2.422135e-03	-5.368192e+00
1.617000e-05	-2.937572e-03	-5.168321e+00
1.618000e-05	-2.850630e-03	-5.001520e+00
1.619000e-05	-4.785089e-03	-4.829428e+00
1.620000e-05	-3.795327e-03	-4.631551e+00
1.621000e-05	-3.849917e-03	-4.515715e+00
1.622000e-05	-3.482591e-03	-4.366344e+00
1.623000e-05	-3.686925e-03	-4.263532e+00
1.624000e-05	-4.952987e-03	-4.094162e+00
1.625000e-05	-4.724682e-03	-3.978894e+00
1.626000e-05	-4.416101e-03	-3.779847e+00
1.627000e-05	-4.098841e-03	-3.600502e+00
1.628000e-05	-5.458860e-03	-3.473081e+00
1.629000e-05	-6.097447e-03	-3.304688e+00
1.630000e-05	-4.571305e-03	-3.147362e+00
1.631000e-05	-3.164281e-03	-2.958942e+00
1.632000e-05	-5.672588e-03	-2.799499e+00
1.633000e-05	-6.787079e-03	-2.662081e+00
1.634000e-05	-6.473320e-03	-2.483633e+00
1.635000e-05	-5.409723e-03	-2.356820e+00
1.636000e-05	-5.656061e-03	-2.176295e+00
1.637000e-05	-7.249135e-03	-1.968924e+00
1.638000e-05	-7.161956e-03	-1.831030e+00
1.639000e-05	-6.676833e-03	-1.674129e+00
1.640000e-05	-5.745625e-03	-1.535763e+00
1.641000e-05	-6.476408e-03	-1.275283e+00
1.642000e-05	-7.201297e-03	-1.146240e+00
1.643000e-05	-7.061833e-03	-9.453459e-01
1.644000e-05	-6.744122e-03	-8.100003e-01
1.645000e-05	-7.132941e-03	-5.804802e-01
1.646000e-05	-8.435176e-03	-4.235051e-01
1.647000e-05	-7.984819e-03	-2.746317e-01
1.648000e-05	-7.123630e-03	-1.262408e-01
1.649000e-05	-4.154576e-03	1.210395e-02
1.650000e-05	3.171578e-04	1.911299e-01
1.651000e-05	-2.174777e-03	3.700037e-01
1.652000e-05	-1.308625e-03	4.658407e-01
1.653000e-05	-2.214715e-03	6.347819e-01
1.654000e-05	-3.320286e-03	8.305276e-01
1.655000e-05	-4.263894e-03	9.990524e-01
1.656000e-05	3.623791e-04	1.160475e+00
1.657000e-05	2.987653e-02	1.354797e+00
1.658000e-05	7.763861e-02	1.571160e+00
1.659000e-05	-2.151524e-02	1.871632e+00
1.660000e-05	-4.320122e-02	1.999451e+00
1.661000e-05	-5.236113e-02	2.126817e+00
1.662000e-05	-9.021475e-02	2.253104e+00
1.663000e-05	8.168657e-02	2.318396e+00
1.664000e-05	1.716244e-02	2.509899e+00
1.665000e-05	-1.552072e-01	2.737345e+00
1.666000e-05	1.858239e-01	2.843608e+00
1.667000e-05	-3.353709e-02	3.043659e+00
1.668000e-05	-7.897975e-02	3.188845e+00
1.669000e-05	9.858934e-02	3.296888e+00
1.670000e-05	-9.397988e-02	3.535395e+00
1.671000e-05	-3.089297e-02	3.662109e+00
1.672000e-05	7.480776e-02	3.842209e+00
1.673000e-05	-4.349993e-02	3.968922e+00
1.674000e-05	3.943246e-02	4.118266e+00
1.675000e-05	-1.986118e-02	4.318370e+00
1.676000e-05	-4.179639e-02	4.474137e+00
1.677000e-05	2.876318e-02	4.612554e+00
1.678000e-05	-3.858802e-02	4.748526e+00
1.679000e-05	1.944507e-02	5.010825e+00
1.680000e-05	-2.110271e-02	5.190398e+00
1.681000e-05	2.437893e-02	5.296342e+00
1.682000e-05	-4.986187e-03	5.484662e+00
1.683000e-05	-2.915063e-02	5.599474e+00
1.684000e-05	1.899502e-02	5.746847e+00
1.685000e-05	-5.058959e-02	5.977367e+00
1.686000e-05	1.622795e-02	6.065236e+00
1.687000e-05	8.981945e-03	6.209530e+00
1.688000e-05	-1.574152e-02	6.357792e+00
1.689000e-05	4.475572e-03	6.473633e+00
1.690000e-05	-2.207077e-02	6.662504e+00
1.691000e-05	3.379269e-03	6.800001e+00
1.692000e-05	-1.552217e-02	6.917265e+00
1.693000e-05	-8.405299e-03	7.063134e+00
1.694000e-05	-8.582762e-03	7.189297e+00
1.695000e-05	-8.861467e-03	7.315838e+00
1.696000e-05	1.168537e-02	7.483034e+00
1.697000e-05	-1.752718e-02	7.612480e+00
1.698000e-05	-1.122927e-02	7.758895e+00
1.699000e-05	-1.705056e-02	7.926762e+00
1.700000e-05	-6.419188e-03	8.071953e+00
1.701000e-05	-2.430230e-03	8.119372e+00
1.702000e-05	-1.120352e-02	8.304109e+00
1.703000e-05	-7.399428e-03	8.379919e+00
1.704000e-05	-1.036423e-02	8.475190e+00
1.705000e-05	-1.657927e-03	8.558349e+00
1.706000e-05	-1.106306e-02	8.673065e+00
1.707000e-05	-1.825183e-02	8.778344e+00
1.708000e-05	-1.280769e-02	8.885110e+00
1.709000e-05	-7.608776e-03	8.998352e+00
1.710000e-05	-2.588096e-03	9.134636e+00
1.711000e-05	-1.274254e-02	9.200978e+00
1.712000e-05	-1.256253e-02	9.315663e+00
1.713000e-05	-1.233164e-02	9.419869e+00
1.714000e-05	-7.469191e-03	9.494140e+00
1.715000e-05	-1.257341e-02	9.559349e+00
1.716000e-05	-1.511785e-02	9.694540e+00
1.717000e-05	-1.303336e-02	9.756844e+00
1.718000e-05	-8.902824e-03	9.842533e+00
1.719000e-05	-7.359797e-03	9.947821e+00
1.720000e-05	-1.360677e-02	1.005145e+01
1.721000e-05	-1.757290e-02	1.010624e+01
1.722000e-05	-1.437222e-02	1.020890e+01
1.723000e-05	-9.723677e-03	1.026258e+01
1.724000e-05	-1.058297e-02	1.031722e+01
1.725000e-05	-1.682810e-02	1.041035e+01
1.726000e-05	-1.239253e-02	1.048356e+01
1.727000e-05	-1.486172e-02	1.055829e+01
1.728000e-05	-1.086977e-02	1.061095e+01
1.729000e-05	-1.765135e-02	1.068464e+01
1.730000e-05	-1.596152e-02	1.077774e+01
1.731000e-05	-1.594781e-02	1.081940e+01
1.732000e-05	-9.543704e-03	1.086361e+01
1.733000e-05	-1.363402e-02	1.091571e+01
1.734000e-05	-1.910775e-02	1.093677e+01
1.735000e-05	-2.007911e-02	1.102097e+01
1.736000e-05	-1.944581e-02	1.103946e+01
1.737000e-05	-1.510115e-02	1.109301e+01
1.738000e-05	-1.694673e-02	1.108514e+01
1.739000e-05	-1.605489e-02	1.113631e+01
1.740000e-05	-1.643520e-02	1.114875e+01
1.741000e-05	-1.544514e-02	1.124087e+01
1.742000e-05	-1.988261e-02	1.122438e+01
1.743000e-05	-2.303156e-02	1.128259e+01
1.744000e-05	-2.477045e-02	1.129518e+01
1.745000e-05	-2.075881e-02	1.132556e+01
1.746000e-05	-1.695737e-02	1.135664e+01
1.747000e-05	-1.706614e-02	1.136572e+01
1.748000e-05	-2.108732e-02	1.137822e+01
1.749000e-05	-2.300716e-02	1.137787e+01
1.750000e-05	-2.380420e-02	1.139932e+01
1.751000e-05	-2.557891e-02	1.140728e+01
1.752000e-05	-2.654200e-02	1.139982e+01
1.753000e-05	-2.672903e-02	1.141885e+01
1.754000e-05	-2.413220e-02	1.140080e+01
1.755000e-05	-2.308583e-02	1.140883e+01
1.756000e-05	-2.415842e-02	1.139932e+01
1.757000e-05	-3.009184e-02	1.136974e+01
1.758000e-05	-3.248885e-02	1.136877e+01
1.759000e-05	-3.350437e-02	1.134784e+01
1.760000e-05	-3.294197e-02	1.137714e+01
1.761000e-05	-3.403319e-02	1.133619e+01
1.762000e-05	-3.514988e-02	1.133458e+01
1.763000e-05	-3.480682e-02	1.127356e+01
1.764000e-05	-3.542169e-02	1.123295e+01
1.765000e-05	-3.796215e-02	1.123137e+01
1.766000e-05	-4.225579e-02	1.115032e+01
1.767000e-05	-4.562019e-02	1.114724e+01
1.768000e-05	-4.480317e-02	1.107508e+01
1.769000e-05	-4.470142e-02	1.104156e+01
1.770000e-05	-4.820318e-02	1.100188e+01
1.771000e-05	-4.709385e-02	1.095932e+01
1.772000e-05	-4.871764e-02	1.092772e+01
1.773000e-05	-4.580118e-02	1.091561e+01
1.774000e-05	-4.635445e-02	1.085303e+01
1.775000e-05	-4.661616e-02	1.079128e+01
1.776000e-05	-4.245572e-02	1.072771e+01
1.777000e-05	-3.925930e-02	1.064443e+01
1.778000e-05	-3.360189e-02	1.059928e+01
1.779000e-05	-3.576875e-02	1.056766e+01
1.780000e-05	-3.121653e-02	1.044410e+01
1.781000e-05	-3.236719e-02	1.041082e+01
1.782000e-05	-2.761164e-02	1.032516e+01
1.783000e-05	-2.652315e-02	1.024343e+01
1.784000e-05	-2.356834e-02	1.019927e+01
1.785000e-05	-2.262258e-02	1.012564e+01
1.786000e-05	-1.895216e-02	1.005203e+01
1.787000e-05	-2.040097e-02	9.997816e+00
1.788000e-05	-2.241851e-02	9.852407e+00
1.789000e-05	-2.219190e-02	9.769769e+00
1.790000e-05	-1.960748e-02	9.664111e+00
1.791000e-05	-1.519232e-02	9.559796e+00
1.792000e-05	-1.703991e-02	9.474582e+00
1.793000e-05	-1.532862e-02	9.399301e+00
1.794000e-05	-1.681824e-02	9.327116e+00
1.795000e-05	-1.339540e-02	9.232052e+00
1.796000e-05	-1.644041e-02	9.157133e+00
1.797000e-05	-1.562154e-02	9.010799e+00
1.798000e-05	-1.668385e-02	8.934141e+00
1.799000e-05	-1.436799e-02	8.800294e+00
1.800000e-05	-1.225120e-02	8.685057e+00
1.801000e-05	-1.195018e-02	8.578847e+00
1.802000e-05	-1.212050e-02	8.472658e+00
1.803000e-05	-1.171624e-02	8.389818e+00
1.804000e-05	-1.091100e-02	8.233031e+00
1.805000e-05	-1.153065e-02	8.125736e+00
1.806000e-05	-1.259428e-02	7.970349e+00
1.807000e-05	-1.385216e-02	7.894557e+00
1.808000e-05	-1.213730e-02	7.757344e+00
1.809000e-05	-1.013532e-02	7.661475e+00
1.810000e-05	-8.930213e-03	7.534530e+00
1.811000e-05	-9.100523e-03	7.356667e+00
1.812000e-05	-9.705897e-03	7.199451e+00
1.813000e-05	-8.415775e-03	7.103529e+00
1.814000e-05	-1.059001e-02	6.936239e+00
1.815000e-05	-9.807647e-03	6.821979e+00
1.816000e-05	-1.267117e-02	6.696131e+00
1.817000e-05	-1.126390e-02	6.556661e+00
1.818000e-05	-8.137900e-03	6.389395e+00
1.819000e-05	-9.440706e-03	6.292457e+00
1.820000e-05	-5.431164e-03	6.127215e+00
1.821000e-05	-9.527195e-03	6.002424e+00
1.822000e-05	-4.831512e-03	5.893459e+00
1.823000e-05	-8.905111e-03	5.705089e+00
1.824000e-05	-7.927075e-03	5.537768e+00
1.825000e-05	-1.322305e-02	5.389424e+00
1.826000e-05	-8.623815e-03	5.252953e+00
1.827000e-05	-8.955830e-03	5.093052e+00
1.828000e-05	-5.043089e-03	4.865084e+00
1.829000e-05	-7.257973e-03	4.696187e+00
1.830000e-05	-5.997853e-03	4.558292e+00
1.831000e-05	-5.687132e-03	4.432975e+00
1.832000e-05	-7.460745e-03	4.323035e+00
1.833000e-05	-8.056682e-03	4.074606e+00
1.834000e-05	-9.339342e-03	3.938216e+00
1.835000e-05	-6.749263e-03	3.789417e+00
1.836000e-05	-6.420930e-03	3.613055e+00
1.837000e-05	-4.497373e-03	3.544628e+00
1.838000e-05	-6.533508e-03	3.274607e+00
1.839000e-05	-5.048219e-03	3.116766e+00
1.840000e-05	-7.242618e-03	3.040397e+00
1.841000e-05	-6.396803e-03	2.863058e+00
1.842000e-05	-7.271089e-03	2.724636e+00
1.843000e-05	-7.306910e-03	2.495129e+00
1.844000e-05	-5.354169e-03	2.335713e+00
1.845000e-05	-5.152438e-03	2.179370e+00
1.846000e-05	-4.165517e-03	2.000978e+00
1.847000e-05	-5.689744e-03	1.896610e+00
1.848000e-05	-5.699876e-03	1.716163e+00
1.849000e-05	-6.180257e-03	1.546792e+00
1.850000e-05	-5.359559e-03	1.368367e+00
1.851000e-05	-5.964700e-03	1.190420e+00
1.852000e-05	-5.857958e-03	9.799699e-01
1.853000e-05	-5.573141e-03	7.998938e-01
1.854000e-05	-5.033155e-03	6.705778e-01
1.855000e-05	-4.138309e-03	4.741306e-01
1.856000e-05	-3.516297e-03	3.482410e-01
1.857000e-05	-4.607437e-03	9.920952e-02
1.858000e-05	-4.868929e-03	-2.218014e-02
1.859000e-05	-1.465312e-03	-1.779487e-01
1.860000e-05	3.063479e-03	-3.274173e-01
1.861000e-05	-2.258007e-04	-4.937841e-01
1.862000e-05	5.196974e-04	-6.622657e-01
1.863000e-05	7.445547e-04	-8.217052e-01
1.864000e-05	2.544995e-03	-9.984487e-01
1.865000e-05	1.021860e-04	-1.095366e+00
1.866000e-05	1.323271e-02	-1.275788e+00
1.867000e-05	9.400363e-02	-1.505317e+00
1.868000e-05	1.344371e-02	-1.705868e+00
1.869000e-05	-4.346074e-02	-1.957876e+00
1.870000e-05	-3.934614e-02	-2.189524e+00
1.871000e-05	-1.103522e-01	-2.344848e+00
1.872000e-05	1.431166e-01	-2.338495e+00
1.873000e-05	-1.963430e-02	-2.493314e+00
1.874000e-05	-1.395396e-01	-2.746846e+00
1.875000e-05	2.174862e-01	-2.779000e+00
1.876000e-05	-6.791016e-02	-2.939002e+00
1.877000e-05	-1.001335e-01	-3.241553e+00
1.878000e-05	1.695534e-01	-3.336293e+00
1.879000e-05	-1.330352e-01	-3.525342e+00
1.880000e-05	-2.471185e-02	-3.672079e+00
1.881000e-05	1.180585e-01	-3.777970e+00
1.882000e-05	-1.147027e-01	-4.050582e+00
1.883000e-05	1.529594e-01	-4.158971e+00
1.884000e-05	-4.301244e-02	-4.303763e+00
1.885000e-05	-7.784995e-02	-4.472554e+00
1.886000e-05	1.230905e-01	-4.536973e+00
1.887000e-05	-1.271846e-01	-4.767946e+00
1.888000e-05	8.875539e-02	-4.894816e+00
1.889000e-05	-6.661448e-03	-5.053158e+00
1.890000e-05	-1.964995e-02	-5.222131e+00
1.891000e-05	8.026399e-02	-5.400002e+00
1.892000e-05	-9.321733e-02	-5.580052e+00
1.893000e-05	8.927125e-02	-5.726943e+00
1.894000e-05	-6.410642e-02	-5.872689e+00
1.895000e-05	3.519525e-03	-6.009082e+00
1.896000e-05	7.679678e-02	-6.167342e+00
1.897000e-05	-7.399363e-02	-6.344895e+00
1.898000e-05	8.988879e-02	-6.493632e+00
1.899000e-05	-6.837735e-02	-6.598004e+00
1.900000e-05	3.613719e-02	-6.737321e+00
1.901000e-05	1.264923e-02	-6.883136e+00
1.902000e-05	-3.520080e-02	-7.092158e+00
1.903000e-05	5.794483e-02	-7.169475e+00
1.904000e-05	-5.082266e-02	-7.333765e+00
1.905000e-05	6.937787e-02	-7.433110e+00
1.906000e-05	-3.131264e-02	-7.598950e+00
1.907000e-05	1.448208e-02	-7.757396e+00
1.908000e-05	3.132053e-03	-7.875189e+00
1.909000e-05	-1.563656e-02	-8.041555e+00
1.910000e-05	4.237638e-02	-8.146266e+00
1.911000e-05	-2.689786e-02	-8.282559e+00
1.912000e-05	3.356997e-02	-8.355869e+00
1.913000e-05	-1.532112e-02	-8.503061e+00
1.914000e-05	2.608133e-02	-8.620428e+00
1.915000e-05	2.530927e-03	-8.703712e+00
1.916000e-05	-4.071381e-03	-8.852534e+00
1.917000e-05	8.349266e-03	-8.904793e+00
1.918000e-05	-3.506691e-03	-9.032033e+00
1.919000e-05	2.603641e-02	-9.115239e+00
1.920000e-05	-3.987326e-03	-9.191077e+00
1.921000e-05	1.537199e-02	-9.365692e+00
1.922000e-05	-3.925580e-03	-9.419530e+00
1.923000e-05	1.597040e-02	-9.526766e+00
1.924000e-05	3.267905e-03	-9.610977e+00
1.925000e-05	7.334512e-03	-9.725244e+00
1.926000e-05	5.893829e-03	-9.828874e+00
1.927000e-05	7.874599e-03	-9.883062e+00
1.928000e-05	1.619497e-02	-9.958350e+00
1.929000e-05	3.635054e-03	-1.003153e+01
1.930000e-05	8.778072e-03	-1.017624e+01
1.931000e-05	-8.100914e-04	-1.019845e+01
1.932000e-05	1.588786e-02	-1.031461e+01
1.933000e-05	7.647754e-03	-1.035840e+01
1.934000e-05	1.230527e-02	-1.048356e+01
1.935000e-05	6.884670e-03	-1.054626e+01
1.936000e-05	1.120176e-02	-1.062993e+01
1.937000e-05	1.022706e-02	-1.067203e+01
1.938000e-05	7.231472e-03	-1.072374e+01
1.939000e-05	8.096893e-03	-1.076830e+01
1.940000e-05	7.133845e-03	-1.083046e+01
1.941000e-05	1.559670e-02	-1.090466e+01
1.942000e-05	1.070040e-02	-1.089616e+01
1.943000e-05	1.273183e-02	-1.098787e+01
1.944000e-05	7.397282e-03	-1.101800e+01
1.945000e-05	1.021628e-02	-1.106401e+01
1.946000e-05	1.282923e-02	-1.113624e+01
1.947000e-05	1.228285e-02	-1.115727e+01
1.948000e-05	1.154672e-02	-1.120038e+01
1.949000e-05	1.142242e-02	-1.124093e+01
1.950000e-05	1.394867e-02	-1.127446e+01
1.951000e-05	1.329246e-02	-1.130613e+01
1.952000e-05	1.196069e-02	-1.133669e+01
1.953000e-05	1.190353e-02	-1.136685e+01
1.954000e-05	1.412335e-02	-1.137876e+01
1.955000e-05	1.702323e-02	-1.139899e+01
1.956000e-05	1.670075e-02	-1.142090e+01
1.957000e-05	1.412941e-02	-1.148195e+01
1.958000e-05	1.502705e-02	-1.146415e+01
1.959000e-05	1.585709e-02	-1.146456e+01
1.960000e-05	1.771225e-02	-1.149356e+01
1.961000e-05	1.720878e-02	-1.146508e+01
1.962000e-05	1.728546e-02	-1.152662e+01
1.963000e-05	1.983229e-02	-1.142559e+01
1.964000e-05	2.186010e-02	-1.151313e+01
1.965000e-05	2.183450e-02	-1.148366e+01
1.966000e-05	2.022781e-02	-1.150458e+01
1.967000e-05	2.072924e-02	-1.145699e+01
1.968000e-05	2.444766e-02	-1.148463e+01
1.969000e-05	2.552667e-02	-1.146353e+01
1.970000e-05	2.527328e-02	-1.144043e+01
1.971000e-05	2.562115e-02	-1.138898e+01
1.972000e-05	2.845690e-02	-1.135987e+01
1.973000e-05	2.974315e-02	-1.133580e+01
1.974000e-05	3.127823e-02	-1.131319e+01
1.975000e-05	3.132146e-02	-1.130399e+01
1.976000e-05	3.298367e-02	-1.120095e+01
1.977000e-05	3.425229e-02	-1.119980e+01
1.978000e-05	3.820975e-02	-1.121879e+01
1.979000e-05	3.800118e-02	-1.111469e+01
1.980000e-05	3.873014e-02	-1.108503e+01
1.981000e-05	4.057116e-02	-1.101003e+01
1.982000e-05	4.251562e-02	-1.096827e+01
1.983000e-05	4.186113e-02	-1.091666e+01
1.984000e-05	3.905639e-02	-1.086306e+01
1.985000e-05	3.627283e-02	-1.079905e+01
1.986000e-05	3.356467e-02	-1.074989e+01
1.987000e-05	3.123983e-02	-1.070621e+01
1.988000e-05	2.879144e-02	-1.069361e+01
1.989000e-05	2.678397e-02	-1.062843e+01
1.990000e-05	2.429259e-02	-1.055832e+01
1.991000e-05	2.163687e-02	-1.051521e+01
1.992000e-05	1.968605e-02	-1.045140e+01
1.993000e-05	1.771559e-02	-1.038774e+01
1.994000e-05	1.551270e-02	-1.029253e+01
1.995000e-05	1.522174e-02	-1.014885e+01
1.996000e-05	1.420443e-02	-1.007366e+01
1.997000e-05	1.421540e-02	-1.001140e+01
1.998000e-05	1.180742e-02	-9.914767e+00
1.999000e-05	9.525513e-03	-9.852925e+00
2.000000e-05	9.747747e-03	-9.788321e+00
2.001000e-05	8.821718e-03	-9.705112e+00
2.002000e-05	7.804800e-03	-9.640502e+00
2.003000e-05	7.696557e-03	-9.494159e+00
2.004000e-05	8.053814e-03	-9.389302e+00
2.005000e-05	6.512640e-03	-9.295561e+00
2.006000e-05	5.690793e-03	-9.210900e+00
2.007000e-05	4.367667e-03	-9.073584e+00
2.008000e-05	4.300596e-03	-8.958896e+00
2.009000e-05	5.203013e-03	-8.904537e+00
2.010000e-05	3.930149e-03	-8.809346e+00
2.011000e-05	2.963200e-03	-8.693110e+00
2.012000e-05	2.934281e-03	-8.537169e+00
2.013000e-05	3.512516e-03	-8.422003e+00
2.014000e-05	1.768739e-03	-8.306087e+00
2.015000e-05	1.238477e-03	-8.200950e+00
2.016000e-05	1.553269e-03	-8.094666e+00
2.017000e-05	3.369216e-03	-7.989947e+00
2.018000e-05	2.090502e-03	-7.822505e+00
2.019000e-05	1.066986e-03	-7.715161e+00
2.020000e-05	-2.156341e-04	-7.596336e+00
2.021000e-05	1.994965e-04	-7.401969e+00
2.022000e-05	-1.125711e-03	-7.294641e+00
2.023000e-05	-8.039149e-04	-7.209347e+00
2.024000e-05	-1.724307e-03	-7.020399e+00
2.025000e-05	-7.932977e-04	-6.904081e+00
2.026000e-05	7.346051e-04	-6.727266e+00
2.027000e-05	1.202196e-04	-6.610449e+00
2.028000e-05	-9.003278e-04	-6.494113e+00
2.029000e-05	-3.152710e-03	-6.397815e+00
2.030000e-05	-3.053402e-03	-6.218871e+00
2.031000e-05	-2.577257e-03	-6.033559e+00
2.032000e-05	-3.013633e-03	-5.886187e+00
2.033000e-05	-3.697078e-03	-5.759318e+00
2.034000e-05	-3.563320e-03	-5.641006e+00
2.035000e-05	-1.943149e-03	-5.454579e+00
2.036000e-05	-3.353480e-04	-5.334585e+00
2.037000e-05	-3.610556e-03	-5.086615e+00
2.038000e-05	-5.467769e-03	-4.939865e+00
2.039000e-05	-4.330024e-03	-4.716717e+00
2.040000e-05	-2.426619e-03	-4.620925e+00
2.041000e-05	-4.203622e-03	-4.484056e+00
2.042000e-05	-5.784221e-03	-4.356767e+00
2.043000e-05	-7.026502e-03	-4.189825e+00
2.044000e-05	-3.344578e-03	-4.051007e+00
2.045000e-05	-3.030208e-03	-3.895712e+00
2.046000e-05	-4.302866e-03	-3.725738e+00
2.047000e-05	-5.433006e-03	-3.528265e+00
2.048000e-05	-5.640689e-03	-3.410474e+00
2.049000e-05	-4.430981e-03	-3.281061e+00
2.050000e-05	-4.759437e-03	-3.087162e+00
2.051000e-05	-6.797641e-03	-2.883614e+00
2.052000e-05	-7.505725e-03	-2.776840e+00
2.053000e-05	-5.617764e-03	-2.640421e+00
2.054000e-05	-5.216352e-03	-2.432032e+00
2.055000e-05	-5.249801e-03	-2.323683e+00
2.056000e-05	-6.444986e-03	-2.063131e+00
2.057000e-05	-5.857258e-03	-1.947842e+00
2.058000e-05	-6.006966e-03	-1.799371e+00
2.059000e-05	-5.732490e-03	-1.651979e+00
2.060000e-05	-7.650438e-03	-1.462477e+00
2.061000e-05	-8.579267e-03	-1.222553e+00
2.062000e-05	-7.353884e-03	-1.082660e+00
2.063000e-05	-5.783649e-03	-8.946620e-01
2.064000e-05	-6.337481e-03	-7.668660e-01
2.065000e-05	-7.137938e-03	-4.978388e-01
2.066000e-05	-7.217135e-03	-3.883688e-01
2.067000e-05	-6.120125e-03	-2.530278e-01
2.068000e-05	-6.643142e-03	-4.418420e-02
2.069000e-05	-4.643962e-03	3.270909e-02
2.070000e-05	-7.945613e-04	3.036317e-01
2.071000e-05	-3.760545e-03	4.121053e-01
2.072000e-05	3.144712e-04	5.578734e-01
2.073000e-05	-3.306222e-03	7.258944e-01
2.074000e-05	-2.932158e-03	8.321803e-01
2.075000e-05	-3.882993e-03	1.075808e+00
2.076000e-05	6.631418e-03	1.212578e+00
2.077000e-05	5.005865e-02	1.430950e+00
2.078000e-05	6.134984e-02	1.723265e+00
2.079000e-05	-4.721000e-02	1.894261e+00
2.080000e-05	-3.526207e-02	2.021604e+00
2.081000e-05	-7.144603e-02	2.187920e+00
2.082000e-05	-5.852574e-02	2.284208e+00
2.083000e-05	1.202492e-01	2.409501e+00
2.084000e-05	-8.670262e-02	2.622053e+00
2.085000e-05	-6.266667e-02	2.789397e+00
2.086000e-05	1.787743e-01	2.904813e+00
2.087000e-05	-1.110088e-01	3.114736e+00
2.088000e-05	-6.089459e-03	3.200055e+00
2.089000e-05	6.454477e-02	3.368998e+00
2.090000e-05	-1.203579e-01	3.579047e+00
2.091000e-05	3.131915e-02	3.715263e+00
2.092000e-05	3.908802e-02	3.893738e+00
2.093000e-05	-3.641964e-02	4.010032e+00
2.094000e-05	5.112698e-02	4.220079e+00
2.095000e-05	-5.781523e-02	4.389876e+00
2.096000e-05	-1.520159e-03	4.556819e+00
2.097000e-05	2.460609e-03	4.685186e+00
2.098000e-05	-2.327946e-02	4.822029e+00
2.099000e-05	1.544733e-02	5.072175e+00
2.100000e-05	-1.978327e-02	5.213508e+00
2.101000e-05	2.735505e-02	5.399449e+00
2.102000e-05	-2.600374e-02	5.525338e+00
2.103000e-05	-6.150535e-03	5.640583e+00
2.104000e-05	3.448668e-04	5.832522e+00
2.105000e-05	-4.741474e-02	5.958924e+00
2.106000e-05	3.331671e-02	6.145688e+00
2.107000e-05	-5.713097e-03	6.222107e+00
2.108000e-05	-6.584105e-03	6.368396e+00
2.109000e-05	-6.061637e-03	6.525315e+00
2.110000e-05	-2.326140e-02	6.694130e+00
2.111000e-05	7.799235e-03	6.861559e+00
2.112000e-05	-2.114453e-02	6.997946e+00
2.113000e-05	1.741417e-04	7.114238e+00
2.114000e-05	-2.015918e-02	7.182029e+00
2.115000e-05	3.986254e-03	7.397745e+00
2.116000e-05	6.075979e-03	7.536136e+00
2.117000e-05	-1.694768e-02	7.673085e+00
2.118000e-05	-1.049166e-02	7.828901e+00
2.119000e-05	-2.193782e-02	7.927397e+00
2.120000e-05	1.534271e-03	8.073139e+00
2.121000e-05	-7.374829e-03	8.261504e+00
2.122000e-05	-8.274596e-03	8.303713e+00
2.123000e-05	-1.245498e-02	8.441476e+00
2.124000e-05	-6.852455e-03	8.465237e+00
2.125000e-05	-8.350653e-04	8.610423e+00
2.126000e-05	-1.255119e-02	8.723688e+00
2.127000e-05	-1.644329e-02	8.760407e+00
2.128000e-05	-1.595988e-02	8.956767e+00
2.129000e-05	-4.090549e-03	9.078928e+00
2.130000e-05	-4.444940e-03	9.147191e+00
2.131000e-05	-9.608118e-03	9.261533e+00
2.132000e-05	-1.585541e-02	9.335791e+00
2.133000e-05	-1.219141e-02	9.421024e+00
2.134000e-05	-8.134777e-03	9.475641e+00
2.135000e-05	-1.002997e-02	9.601345e+00
2.136000e-05	-1.327602e-02	9.724663e+00
2.137000e-05	-1.367399e-02	9.808947e+00
2.138000e-05	-7.469709e-03	9.905085e+00
2.139000e-05	-7.420968e-03	9.969345e+00
2.140000e-05	-1.270964e-02	1.008261e+01
2.141000e-05	-1.940372e-02	1.013579e+01
2.142000e-05	-1.481960e-02	1.019933e+01
2.143000e-05	-9.701942e-03	1.030356e+01
2.144000e-05	-9.536551e-03	1.038672e+01
2.145000e-05	-1.448624e-02	1.042250e+01
2.146000e-05	-1.536475e-02	1.049422e+01
2.147000e-05	-1.303320e-02	1.056883e+01
2.148000e-05	-1.224262e-02	1.061940e+01
2.149000e-05	-1.543853e-02	1.071608e+01
2.150000e-05	-1.916032e-02	1.073780e+01
2.151000e-05	-1.614974e-02	1.083245e+01
2.152000e-05	-1.217269e-02	1.087361e+01
2.153000e-05	-1.199998e-02	1.093669e+01
2.154000e-05	-1.762068e-02	1.098782e+01
2.155000e-05	-1.977019e-02	1.097938e+01
2.156000e-05	-1.668651e-02	1.105205e+01
2.157000e-05	-1.425870e-02	1.108309e+01
2.158000e-05	-1.697193e-02	1.109621e+01
2.159000e-05	-1.998073e-02	1.111772e+01
2.160000e-05	-1.917727e-02	1.114842e+01
2.161000e-05	-1.732123e-02	1.118093e+01
2.162000e-05	-1.760634e-02	1.125293e+01
2.163000e-05	-2.118495e-02	1.128311e+01
2.164000e-05	-2.285722e-02	1.132514e+01
2.165000e-05	-2.069162e-02	1.133462e+01
2.166000e-05	-1.797047e-02	1.134622e+01
2.167000e-05	-1.950769e-02	1.136772e+01
2.168000e-05	-2.345803e-02	1.136872e+01
2.169000e-05	-2.438959e-02	1.137932e+01
2.170000e-05	-2.310983e-02	1.135030e+01
2.171000e-05	-2.274768e-02	1.140785e+01
2.172000e-05	-2.426757e-02	1.139990e+01
2.173000e-05	-2.576011e-02	1.142083e+01
2.174000e-05	-2.719602e-02	1.141030e+01
2.175000e-05	-2.664410e-02	1.137880e+01
2.176000e-05	-2.767944e-02	1.137882e+01
2.177000e-05	-3.108063e-02	1.139830e+01
2.178000e-05	-3.163688e-02	1.138882e+01
2.179000e-05	-3.131112e-02	1.138669e+01
2.180000e-05	-3.174635e-02	1.135627e+01
2.181000e-05	-3.252176e-02	1.133464e+01
2.182000e-05	-3.519967e-02	1.128464e+01
2.183000e-05	-3.750113e-02	1.129296e+01
2.184000e-05	-3.739243e-02	1.122355e+01
2.185000e-05	-3.912193e-02	1.117885e+01
2.186000e-05	-4.157669e-02	1.112831e+01
2.187000e-05	-4.481599e-02	1.110674e+01
2.188000e-05	-4.489360e-02	1.111574e+01
2.189000e-05	-4.658316e-02	1.104198e+01
2.190000e-05	-4.638526e-02	1.103088e+01
2.191000e-05	-4.834282e-02	1.096782e+01
2.192000e-05	-4.706206e-02	1.094569e+01
2.193000e-05	-4.607704e-02	1.090453e+01
2.194000e-05	-4.538861e-02	1.087098e+01
2.195000e-05	-4.474938e-02	1.080987e+01
2.196000e-05	-4.271485e-02	1.071564e+01
2.197000e-05	-3.859266e-02	1.064143e+01
2.198000e-05	-3.576621e-02	1.058977e+01
2.199000e-05	-3.280798e-02	1.051464e+01
2.200000e-05	-3.002245e-02	1.046400e+01
2.201000e-05	-2.776007e-02	1.036087e+01
2.202000e-05	-2.664761e-02	1.028606e+01
2.203000e-05	-2.562380e-02	1.024193e+01
2.204000e-05	-2.499634e-02	1.015834e+01
2.205000e-05	-2.302911e-02	1.011659e+01
2.206000e-05	-2.177525e-02	1.004187e+01
2.207000e-05	-2.045216e-02	9.916263e+00
2.208000e-05	-1.945622e-02	9.870524e+00
2.209000e-05	-1.891792e-02	9.766619e+00
2.210000e-05	-1.906319e-02	9.682058e+00
2.211000e-05	-1.744088e-02	9.538690e+00
2.212000e-05	-1.772420e-02	9.442511e+00
2.213000e-05	-1.710773e-02	9.347771e+00
2.214000e-05	-1.575308e-02	9.314109e+00
2.215000e-05	-1.440914e-02	9.220849e+00
2.216000e-05	-1.431863e-02	9.095531e+00
2.217000e-05	-1.457955e-02	8.989269e+00
2.218000e-05	-1.511695e-02	8.883506e+00
2.219000e-05	-1.312996e-02	8.748666e+00
2.220000e-05	-1.368829e-02	8.652004e+00
2.221000e-05	-1.271956e-02	8.557243e+00
2.222000e-05	-1.332398e-02	8.462502e+00
2.223000e-05	-1.209614e-02	8.355165e+00
2.224000e-05	-1.202630e-02	8.191349e+00
2.225000e-05	-1.169070e-02	8.125656e+00
2.226000e-05	-1.275994e-02	7.940821e+00
2.227000e-05	-1.217508e-02	7.852933e+00
2.228000e-05	-1.127315e-02	7.705633e+00
2.229000e-05	-1.005057e-02	7.620370e+00
2.230000e-05	-1.027928e-02	7.440554e+00
2.231000e-05	-9.702031e-03	7.276061e+00
2.232000e-05	-1.049878e-02	7.137341e+00
2.233000e-05	-1.022253e-02	7.041924e+00
2.234000e-05	-1.031053e-02	6.905186e+00
2.235000e-05	-9.682310e-03	6.789368e+00
2.236000e-05	-9.750581e-03	6.643024e+00
2.237000e-05	-8.592472e-03	6.485606e+00
2.238000e-05	-9.322406e-03	6.357791e+00
2.239000e-05	-8.436823e-03	6.212899e+00
2.240000e-05	-7.816983e-03	6.104136e+00
2.241000e-05	-9.230111e-03	5.978792e+00
2.242000e-05	-1.035164e-02	5.819924e+00
2.243000e-05	-8.901894e-03	5.634504e+00
2.244000e-05	-8.495565e-03	5.494633e+00
2.245000e-05	-7.497726e-03	5.369842e+00
2.246000e-05	-8.006411e-03	5.230902e+00
2.247000e-05	-9.107265e-03	4.991366e+00
2.248000e-05	-7.250317e-03	4.830454e+00
2.249000e-05	-7.152087e-03	4.664082e+00
2.250000e-05	-7.969506e-03	4.546290e+00
2.251000e-05	-6.770671e-03	4.399846e+00
2.252000e-05	-7.745108e-03	4.221420e+00
2.253000e-05	-7.617058e-03	4.022025e+00
2.254000e-05	-7.036986e-03	3.896132e+00
2.255000e-05	-6.761595e-03	3.757292e+00
2.256000e-05	-6.301351e-03	3.580450e+00
2.257000e-05	-7.569062e-03	3.422924e+00
2.258000e-05	-6.261316e-03	3.262528e+00
2.259000e-05	-5.668473e-03	3.137182e+00
2.260000e-05	-5.610025e-03	2.957317e+00
2.261000e-05	-6.256447e-03	2.810024e+00
2.262000e-05	-5.450726e-03	2.643482e+00
2.263000e-05	-6.013292e-03	2.431550e+00
2.264000e-05	-5.097625e-03	2.293639e+00
2.265000e-05	-6.155457e-03	2.147690e+00
2.266000e-05	-7.089324e-03	1.989949e+00
2.267000e-05	-5.261871e-03	1.844901e+00
2.268000e-05	-2.417760e-03	1.632507e+00
2.269000e-05	-5.688181e-03	1.485110e+00
2.270000e-05	-7.829037e-03	1.306161e+00
2.271000e-05	-6.518948e-03	1.138316e+00
2.272000e-05	-2.579486e-03	9.151623e-01
2.273000e-05	-3.567287e-03	7.473659e-01
2.274000e-05	-6.621693e-03	6.308450e-01
2.275000e-05	-6.596172e-03	4.220264e-01
2.276000e-05	-4.644267e-03	2.850880e-01
2.277000e-05	-2.008320e-03	6.368275e-02
2.278000e-05	-3.758935e-03	-8.325934e-02
2.279000e-05	-6.487233e-04	-2.426577e-01
2.280000e-05	1.910654e-03	-3.595225e-01
2.281000e-05	9.013484e-04	-5.334181e-01
2.282000e-05	2.743407e-03	-7.359422e-01
2.283000e-05	-1.990139e-03	-8.748092e-01
2.284000e-05	-1.910350e-03	-1.019558e+00
2.285000e-05	1.281510e-03	-1.177927e+00
2.286000e-05	3.248815e-02	-1.365571e+00
2.287000e-05	1.029727e-01	-1.527522e+00
2.288000e-05	-3.429420e-02	-1.778553e+00
2.289000e-05	-2.319393e-02	-2.021179e+00
2.290000e-05	-7.282346e-02	-2.211657e+00
2.291000e-05	-6.028334e-02	-2.356795e+00
2.292000e-05	1.656381e-01	-2.378399e+00
2.293000e-05	-1.241624e-01	-2.589525e+00
2.294000e-05	-3.192676e-02	-2.779374e+00
2.295000e-05	1.867834e-01	-2.830554e+00
2.296000e-05	-1.726567e-01	-3.052188e+00
2.297000e-05	1.759802e-02	-3.284109e+00
2.298000e-05	1.109034e-01	-3.350026e+00
2.299000e-05	-1.765555e-01	-3.587900e+00
2.300000e-05	8.452305e-02	-3.663214e+00
2.301000e-05	2.953313e-02	-3.842708e+00
2.302000e-05	-6.544763e-02	-4.073715e+00
2.303000e-05	1.658626e-01	-4.207999e+00
2.304000e-05	-1.361470e-01	-4.358370e+00
2.305000e-05	3.122732e-02	-4.463188e+00
2.306000e-05	5.141022e-02	-4.619078e+00
2.307000e-05	-1.091777e-01	-4.871079e+00
2.308000e-05	1.254119e-01	-4.979422e+00
2.309000e-05	-6.804048e-02	-5.144395e+00
2.310000e-05	5.090290e-02	-5.273087e+00
2.311000e-05	1.329617e-02	-5.431710e+00
2.312000e-05	-5.799839e-02	-5.682659e+00
2.313000e-05	8.965215e-02	-5.788820e+00
2.314000e-05	-1.061784e-01	-5.926292e+00
2.315000e-05	8.220844e-02	-6.073660e+00
2.316000e-05	3.823726e-03	-6.208476e+00
2.317000e-05	-2.697460e-02	-6.348928e+00
2.318000e-05	7.168392e-02	-6.504189e+00
2.319000e-05	-8.282110e-02	-6.651708e+00
2.320000e-05	7.903899e-02	-6.798448e+00
2.321000e-05	-4.449895e-02	-6.914843e+00
2.322000e-05	2.020057e-02	-7.103633e+00
2.323000e-05	1.801293e-02	-7.201533e+00
2.324000e-05	-2.242155e-02	-7.376422e+00
2.325000e-05	6.116799e-02	-7.463634e+00
2.326000e-05	-4.776134e-02	-7.611930e+00
2.327000e-05	4.285760e-02	-7.808525e+00
2.328000e-05	-2.864515e-02	-7.925345e+00
2.329000e-05	2.060046e-02	-8.043608e+00
2.330000e-05	1.513599e-02	-8.167870e+00
2.331000e-05	-9.835303e-03	-8.293187e+00
2.332000e-05	2.663619e-02	-8.378402e+00
2.333000e-05	-1.584123e-02	-8.504871e+00
2.334000e-05	3.549325e-02	-8.650452e+00
2.335000e-05	-1.335849e-02	-8.747371e+00
2.336000e-05	1.065598e-02	-8.863212e+00
2.337000e-05	-3.052258e-03	-8.976817e+00
2.338000e-05	1.096211e-02	-9.042033e+00
2.339000e-05	1.783195e-02	-9.145843e+00
2.340000e-05	-3.116476e-05	-9.253088e+00
2.341000e-05	1.158522e-02	-9.348748e+00
2.342000e-05	-2.313775e-03	-9.472133e+00
2.343000e-05	1.888291e-02	-9.596793e+00
2.344000e-05	-1.466072e-04	-9.661632e+00
2.345000e-05	1.028292e-02	-9.765267e+00
2.346000e-05	3.585094e-04	-9.780954e+00
2.347000e-05	1.518307e-02	-9.893661e+00
2.348000e-05	1.055265e-02	-9.938421e+00
2.349000e-05	7.275217e-03	-1.006259e+01
2.350000e-05	4.464130e-03	-1.013730e+01
2.351000e-05	1.999048e-03	-1.022053e+01
2.352000e-05	1.611596e-02	-1.031622e+01
2.353000e-05	7.483314e-03	-1.043208e+01
2.354000e-05	1.161322e-02	-1.049461e+01
2.355000e-05	3.659376e-03	-1.056730e+01
2.356000e-05	1.359504e-02	-1.063145e+01
2.357000e-05	8.314342e-03	-1.067216e+01
2.358000e-05	9.870725e-03	-1.075674e+01
2.359000e-05	6.248911e-03	-1.076842e+01
2.360000e-05	8.577264e-03	-1.085151e+01
2.361000e-05	1.582221e-02	-1.086316e+01
2.362000e-05	1.029693e-02	-1.093427e+01
2.363000e-05	1.091552e-02	-1.097988e+01
2.364000e-05	6.163914e-03	-1.105260e+01
2.365000e-05	1.042518e-02	-1.106516e+01
2.366000e-05	1.496064e-02	-1.112477e+01
2.367000e-05	1.312642e-02	-1.119739e+01
2.368000e-05	1.223057e-02	-1.120040e+01
2.369000e-05	1.009499e-02	-1.122161e+01
2.370000e-05	1.382061e-02	-1.129301e+01
2.371000e-05	1.122455e-02	-1.131513e+01
2.372000e-05	1.090061e-02	-1.132574e+01
2.373000e-05	1.221013e-02	-1.139728e+01
2.374000e-05	1.579581e-02	-1.138797e+01
2.375000e-05	1.992571e-02	-1.141992e+01
2.376000e-05	1.639106e-02	-1.144091e+01
2.377000e-05	1.471231e-02	-1.145160e+01
2.378000e-05	1.090402e-02	-1.144355e+01
2.379000e-05	1.547184e-02	-1.150366e+01
2.380000e-05	1.663578e-02	-1.149354e+01
2.381000e-05	1.794729e-02	-1.148319e+01
2.382000e-05	1.780958e-02	-1.149514e+01
2.383000e-05	2.162115e-02	-1.148659e+01
2.384000e-05	2.196309e-02	-1.153366e+01
2.385000e-05	2.200600e-02	-1.150468e+01
2.386000e-05	1.921683e-02	-1.148459e+01
2.387000e-05	1.987810e-02	-1.147316e+01
2.388000e-05	2.454096e-02	-1.142603e+01
2.389000e-05	2.659314e-02	-1.143248e+01
2.390000e-05	2.687201e-02	-1.144937e+01
2.391000e-05	2.473089e-02	-1.135890e+01
2.392000e-05	2.813632e-02	-1.136684e+01
2.393000e-05	3.174230e-02	-1.131517e+01
2.394000e-05	3.254868e-02	-1.130659e+01
2.395000e-05	3.163619e-02	-1.129311e+01
2.396000e-05	3.260262e-02	-1.126140e+01
2.397000e-05	3.581679e-02	-1.118035e+01
2.398000e-05	3.791367e-02	-1.113534e+01
2.399000e-05	3.879129e-02	-1.104356e+01
2.400000e-05	3.828405e-02	-1.104246e+01
2.401000e-05	4.124599e-02	-1.099942e+01
2.402000e-05	4.191183e-02	-1.093737e+01
2.403000e-05	4.164085e-02	-1.093621e+01
2.404000e-05	3.690087e-02	-1.087253e+01
2.405000e-05	3.509705e-02	-1.084046e+01
2.406000e-05	3.349675e-02	-1.076732e+01
2.407000e-05	3.254616e-02	-1.070569e+01
2.408000e-05	2.780854e-02	-1.066203e+01
2.409000e-05	2.563715e-02	-1.059890e+01
2.410000e-05	2.253308e-02	-1.057727e+01
2.411000e-05	2.088005e-02	-1.048406e+01
2.412000e-05	2.029397e-02	-1.042898e+01
2.413000e-05	1.792495e-02	-1.028409e+01
2.414000e-05	1.572254e-02	-1.020191e+01
2.415000e-05	1.400811e-02	-1.012722e+01
2.416000e-05	1.456298e-02	-1.008258e+01
2.417000e-05	1.310820e-02	-9.980850e+00
2.418000e-05	1.131343e-02	-9.883611e+00
2.419000e-05	8.827610e-03	-9.831980e+00
2.420000e-05	9.682630e-03	-9.758243e+00
2.421000e-05	8.383419e-03	-9.695682e+00
2.422000e-05	8.902978e-03	-9.580895e+00
2.423000e-05	6.384570e-03	-9.464057e+00
2.424000e-05	6.931400e-03	-9.388225e+00
2.425000e-05	5.015871e-03	-9.282113e+00
2.426000e-05	6.922246e-03	-9.157794e+00
2.427000e-05	4.132969e-03	-9.072032e+00
2.428000e-05	3.889547e-03	-8.908244e+00
2.429000e-05	3.979081e-03	-8.874007e+00
2.430000e-05	7.276945e-03	-8.727793e+00
2.431000e-05	3.403169e-03	-8.630927e+00
2.432000e-05	2.345798e-03	-8.475142e+00
2.433000e-05	2.057179e-04	-8.380898e+00
2.434000e-05	1.794350e-03	-8.284115e+00
2.435000e-05	1.230621e-03	-8.148370e+00
2.436000e-05	2.159865e-03	-8.092085e+00
2.437000e-05	1.238769e-03	-7.946189e+00
2.438000e-05	2.807598e-03	-7.781954e+00
2.439000e-05	2.070027e-03	-7.683506e+00
2.440000e-05	1.157953e-03	-7.507162e+00
2.441000e-05	-1.555723e-03	-7.368445e+00
2.442000e-05	-1.992309e-03	-7.285033e+00
2.443000e-05	-7.424731e-04	-7.136688e+00
2.444000e-05	8.916284e-04	-6.977370e+00
2.445000e-05	3.081508e-04	-6.861976e+00
2.446000e-05	-1.777021e-03	-6.704191e+00
2.447000e-05	-3.017818e-03	-6.579374e+00
2.448000e-05	-9.551641e-04	-6.474034e+00
2.449000e-05	-3.631910e-04	-6.316087e+00
2.450000e-05	-2.108922e-03	-6.168267e+00
2.451000e-05	-3.658781e-03	-5.990873e+00
2.452000e-05	-3.946485e-03	-5.894628e+00
2.453000e-05	-2.425248e-03	-5.735742e+00
2.454000e-05	-1.409459e-03	-5.620924e+00
2.455000e-05	-2.621022e-03	-5.460453e+00
2.456000e-05	-3.578512e-03	-5.232525e+00
2.457000e-05	-3.250027e-03	-5.063534e+00
2.458000e-05	-2.851742e-03	-4.923633e+00
2.459000e-05	-3.275701e-03	-4.655636e+00
2.460000e-05	-4.888408e-03	-4.527343e+00
2.461000e-05	-5.098317e-03	-4.420074e+00
2.462000e-05	-4.111242e-03	-4.294587e+00
2.463000e-05	-3.598852e-03	-4.166866e+00
2.464000e-05	-3.529070e-03	-4.031429e+00
2.465000e-05	-4.828283e-03	-3.853603e+00
2.466000e-05	-4.535286e-03	-3.662556e+00
2.467000e-05	-4.529521e-03	-3.534162e+00
2.468000e-05	-4.069683e-03	-3.339394e+00
2.469000e-05	-6.523765e-03	-3.212500e+00
2.470000e-05	-6.987477e-03	-3.041424e+00
2.471000e-05	-5.274207e-03	-2.813578e+00
2.472000e-05	-4.741594e-03	-2.745712e+00
2.473000e-05	-4.691615e-03	-2.470292e+00
2.474000e-05	-6.087287e-03	-2.408427e+00
2.475000e-05	-5.938874e-03	-2.251978e+00
2.476000e-05	-5.045419e-03	-2.001028e+00
2.477000e-05	-5.582650e-03	-1.884684e+00
2.478000e-05	-6.831717e-03	-1.727312e+00
2.479000e-05	-7.836424e-03	-1.589351e+00
2.480000e-05	-7.669482e-03	-1.379291e+00
2.481000e-05	-5.520750e-03	-1.187396e+00
2.482000e-05	-6.907304e-03	-1.000053e+00
2.483000e-05	-6.364775e-03	-8.530294e-01
2.484000e-05	-7.217672e-03	-7.252385e-01
2.485000e-05	-6.118104e-03	-4.537104e-01
2.486000e-05	-6.723181e-03	-3.273672e-01
2.487000e-05	-7.751859e-03	-2.110251e-01
2.488000e-05	-6.688211e-03	1.252513e-02
2.489000e-05	-2.130165e-03	1.142921e-01
2.490000e-05	5.977811e-04	3.268147e-01
2.491000e-05	-3.346210e-03	4.432553e-01
2.492000e-05	-1.257485e-03	6.089802e-01
2.493000e-05	-4.129920e-03	7.479734e-01
2.494000e-05	-1.250371e-03	9.163357e-01
2.495000e-05	-1.531638e-03	1.105743e+00
2.496000e-05	1.227507e-02	1.273813e+00
2.497000e-05	6.688075e-02	1.504364e+00
2.498000e-05	2.970244e-02	1.777972e+00
2.499000e-05	-5.252594e-02	1.956843e+00
2.500000e-05	-3.602168e-02	2.052685e+00
2.501000e-05	-9.271269e-02	2.220475e+00
2.502000e-05	-4.935286e-03	2.313788e+00
2.503000e-05	1.132405e-01	2.433284e+00
2.504000e-05	-1.607531e-01	2.715211e+00
2.505000e-05	5.937592e-02	2.799976e+00
2.506000e-05	1.076217e-01	2.977951e+00
2.507000e-05	-1.295698e-01	3.147892e+00
2.508000e-05	6.700320e-02	3.250084e+00
2.509000e-05	-4.076589e-03	3.432087e+00
2.510000e-05	-1.055770e-01	3.639502e+00
2.511000e-05	7.012134e-02	3.727341e+00
2.512000e-05	-5.314634e-03	3.946369e+00
2.513000e-05	-3.355597e-03	4.073584e+00
2.514000e-05	3.540050e-02	4.292656e+00
2.515000e-05	-7.269457e-02	4.432504e+00
2.516000e-05	3.199366e-02	4.559449e+00
2.517000e-05	-2.421680e-02	4.746292e+00
2.518000e-05	-1.058055e-03	4.913236e+00
2.519000e-05	-5.014447e-03	5.124133e+00
2.520000e-05	-2.124006e-03	5.334164e+00
2.521000e-05	2.141519e-02	5.420579e+00
2.522000e-05	-3.584481e-02	5.557326e+00
2.523000e-05	1.274158e-02	5.694285e+00
2.524000e-05	-2.650192e-02	5.875159e+00
2.525000e-05	-2.191498e-02	6.011530e+00
2.526000e-05	3.310934e-02	6.157346e+00
2.527000e-05	-1.664956e-02	6.295240e+00
2.528000e-05	-4.616843e-04	6.420999e+00
2.529000e-05	-1.441443e-02	6.608721e+00
2.530000e-05	-8.885830e-03	6.726320e+00
2.531000e-05	3.766812e-03	6.854659e+00
2.532000e-05	-2.260023e-02	6.999954e+00
2.533000e-05	-4.604489e-04	7.145794e+00
2.534000e-05	-2.100003e-02	7.252536e+00
2.535000e-05	1.448120e-02	7.400375e+00
2.536000e-05	-5.252467e-03	7.548899e+00
2.537000e-05	-1.743603e-02	7.696190e+00
2.538000e-05	-1.312149e-02	7.891557e+00
2.539000e-05	-1.548107e-02	7.978423e+00
2.540000e-05	5.270769e-03	8.166712e+00
2.541000e-05	-1.310275e-02	8.242055e+00
2.542000e-05	-8.096558e-03	8.356192e+00
2.543000e-05	-1.413083e-02	8.482012e+00
2.544000e-05	-1.550639e-03	8.545719e+00
2.545000e-05	-4.095877e-03	8.611949e+00
2.546000e-05	-1.761223e-02	8.736741e+00
2.547000e-05	-1.640881e-02	8.821929e+00
2.548000e-05	-1.210796e-02	8.928321e+00
2.549000e-05	-4.752956e-04	9.070579e+00
2.550000e-05	-9.591043e-03	9.158375e+00
2.551000e-05	-1.245966e-02	9.264583e+00
2.552000e-05	-1.504734e-02	9.367269e+00
2.553000e-05	-7.483331e-03	9.453533e+00
2.554000e-05	-8.857685e-03	9.515243e+00
2.555000e-05	-1.426774e-02	9.652932e+00
2.556000e-05	-1.444656e-02	9.707161e+00
2.557000e-05	-1.164420e-02	9.841454e+00
2.558000e-05	-5.018067e-03	9.885212e+00
2.559000e-05	-1.142962e-02	1.001093e+01
2.560000e-05	-1.580438e-02	1.009361e+01
2.561000e-05	-1.839547e-02	1.016727e+01
2.562000e-05	-1.093082e-02	1.027140e+01
2.563000e-05	-9.152110e-03	1.029358e+01
2.564000e-05	-1.341871e-02	1.040885e+01
2.565000e-05	-1.618245e-02	1.044301e+01
2.566000e-05	-1.408787e-02	1.053617e+01
2.567000e-05	-1.056631e-02	1.060882e+01
2.568000e-05	-1.345855e-02	1.066196e+01
2.569000e-05	-1.787185e-02	1.071614e+01
2.570000e-05	-1.953555e-02	1.078932e+01
2.571000e-05	-1.327422e-02	1.084143e+01
2.572000e-05	-1.065009e-02	1.088409e+01
2.573000e-05	-1.454420e-02	1.094769e+01
2.574000e-05	-1.962037e-02	1.098885e+01
2.575000e-05	-1.964884e-02	1.100990e+01
2.576000e-05	-1.473712e-02	1.104198e+01
2.577000e-05	-1.578210e-02	1.111463e+01
2.578000e-05	-1.803045e-02	1.117611e+01
2.579000e-05	-2.057537e-02	1.117079e+01
2.580000e-05	-1.707822e-02	1.122985e+01
2.581000e-05	-1.475236e-02	1.127090e+01
2.582000e-05	-2.084048e-02	1.126198e+01
2.583000e-05	-2.175849e-02	1.128451e+01
2.584000e-05	-2.635654e-02	1.128609e+01
2.585000e-05	-1.564272e-02	1.133616e+01
2.586000e-05	-1.865018e-02	1.137721e+01
2.587000e-05	-1.817418e-02	1.136874e+01
2.588000e-05	-2.376769e-02	1.137732e+01
2.589000e-05	-2.216935e-02	1.140732e+01
2.590000e-05	-2.381875e-02	1.138825e+01
2.591000e-05	-2.544719e-02	1.140985e+01
2.592000e-05	-2.806004e-02	1.139975e+01
2.593000e-05	-2.731456e-02	1.143923e+01
2.594000e-05	-2.443688e-02	1.142885e+01
2.595000e-05	-2.507753e-02	1.138832e+01
2.596000e-05	-2.508351e-02	1.137782e+01
2.597000e-05	-3.092224e-02	1.134885e+01
2.598000e-05	-3.046127e-02	1.138922e+01
2.599000e-05	-3.463439e-02	1.138622e+01
2.600000e-05	-3.295278e-02	1.132607e+01
2.601000e-05	-3.645170e-02	1.136509e+01
2.602000e-05	-3.605687e-02	1.127451e+01
2.603000e-05	-3.615933e-02	1.130400e+01
2.604000e-05	-3.511963e-02	1.122193e+01
2.605000e-05	-3.937263e-02	1.119082e+01
2.606000e-05	-4.337963e-02	1.114827e+01
2.607000e-05	-4.542534e-02	1.111704e+01
2.608000e-05	-4.395353e-02	1.108348e+01
2.609000e-05	-4.694149e-02	1.106150e+01
2.610000e-05	-5.074894e-02	1.101887e+01
2.611000e-05	-5.110826e-02	1.096729e+01
2.612000e-05	-4.581466e-02	1.091619e+01
2.613000e-05	-4.348254e-02	1.090398e+01
2.614000e-05	-4.338421e-02	1.082095e+01
2.615000e-05	-4.533532e-02	1.077769e+01
2.616000e-05	-4.077619e-02	1.071663e+01
2.617000e-05	-3.862217e-02	1.062180e+01
2.618000e-05	-3.561956e-02	1.056565e+01
2.619000e-05	-3.546929e-02	1.052558e+01
2.620000e-05	-2.961804e-02	1.043145e+01
2.621000e-05	-2.609201e-02	1.034727e+01
2.622000e-05	-2.368531e-02	1.029406e+01
2.623000e-05	-2.586713e-02	1.018987e+01
2.624000e-05	-2.574204e-02	1.012869e+01
2.625000e-05	-2.414201e-02	1.011503e+01
2.626000e-05	-2.045951e-02	9.980865e+00
2.627000e-05	-2.109439e-02	9.884663e+00
2.628000e-05	-2.166595e-02	9.799328e+00
2.629000e-05	-1.934443e-02	9.726140e+00
2.630000e-05	-1.651702e-02	9.641425e+00
2.631000e-05	-1.567075e-02	9.526244e+00
2.632000e-05	-1.727350e-02	9.441427e+00
2.633000e-05	-1.852666e-02	9.376695e+00
2.634000e-05	-1.686610e-02	9.265084e+00
2.635000e-05	-1.393023e-02	9.176789e+00
2.636000e-05	-1.434067e-02	9.053029e+00
2.637000e-05	-1.661695e-02	8.968117e+00
2.638000e-05	-1.523201e-02	8.861972e+00
2.639000e-05	-1.167828e-02	8.725218e+00
2.640000e-05	-1.144783e-02	8.610398e+00
2.641000e-05	-1.311143e-02	8.507086e+00
2.642000e-05	-1.406909e-02	8.421901e+00
2.643000e-05	-1.317909e-02	8.314612e+00
2.644000e-05	-1.059821e-02	8.189744e+00
2.645000e-05	-1.135288e-02	8.104005e+00
2.646000e-05	-1.248294e-02	7.915115e+00
2.647000e-05	-1.182089e-02	7.820899e+00
2.648000e-05	-1.031789e-02	7.703056e+00
2.649000e-05	-9.622708e-03	7.536714e+00
2.650000e-05	-1.117521e-02	7.391775e+00
2.651000e-05	-9.796180e-03	7.224002e+00
2.652000e-05	-1.311466e-02	7.137664e+00
2.653000e-05	-8.547788e-03	6.989420e+00
2.654000e-05	-1.272315e-02	6.874084e+00
2.655000e-05	-7.051858e-03	6.757720e+00
2.656000e-05	-1.021475e-02	6.659871e+00
2.657000e-05	-6.141492e-03	6.433403e+00
2.658000e-05	-8.666960e-03	6.326137e+00
2.659000e-05	-7.862196e-03	6.178897e+00
2.660000e-05	-9.742843e-03	6.073033e+00
2.661000e-05	-9.939348e-03	5.928241e+00
2.662000e-05	-1.095187e-02	5.766296e+00
2.663000e-05	-7.709614e-03	5.579949e+00
2.664000e-05	-6.993360e-03	5.473029e+00
2.665000e-05	-6.259490e-03	5.315211e+00
2.666000e-05	-5.684947e-03	5.156786e+00
2.667000e-05	-8.488603e-03	4.927691e+00
2.668000e-05	-6.600235e-03	4.771294e+00
2.669000e-05	-8.895416e-03	4.670975e+00
2.670000e-05	-8.683551e-03	4.494582e+00
2.671000e-05	-8.628742e-03	4.347317e+00
2.672000e-05	-6.842857e-03	4.149794e+00
2.673000e-05	-6.256595e-03	3.979494e+00
2.674000e-05	-5.027626e-03	3.851554e+00
2.675000e-05	-6.217945e-03	3.714636e+00
2.676000e-05	-5.991738e-03	3.598794e+00
2.677000e-05	-7.341264e-03	3.388823e+00
2.678000e-05	-7.713457e-03	3.219904e+00
2.679000e-05	-6.911263e-03	3.092034e+00
2.680000e-05	-6.506713e-03	2.916240e+00
2.681000e-05	-7.019658e-03	2.778345e+00
2.682000e-05	-6.714890e-03	2.599841e+00
2.683000e-05	-3.694537e-03	2.389792e+00
2.684000e-05	-3.480421e-03	2.242054e+00
2.685000e-05	-5.890235e-03	2.084134e+00
2.686000e-05	-7.182662e-03	1.947266e+00
2.687000e-05	-7.691757e-03	1.789345e+00
2.688000e-05	-4.537073e-03	1.610325e+00
2.689000e-05	-5.138539e-03	1.410029e+00
2.690000e-05	-4.869680e-03	1.282107e+00
2.691000e-05	-4.931719e-03	1.105082e+00
2.692000e-05	-3.854393e-03	8.330828e-01
2.693000e-05	-4.752210e-03	7.061347e-01
2.694000e-05	-5.957957e-03	5.678407e-01
2.695000e-05	-7.646278e-03	3.888726e-01
2.696000e-05	-5.523010e-03	2.528999e-01
2.697000e-05	-4.209314e-03	3.147275e-02
2.698000e-05	-2.451649e-03	-1.063210e-01
2.699000e-05	2.670308e-03	-2.632844e-01
2.700000e-05	2.820681e-03	-4.096538e-01
2.701000e-05	6.779782e-04	-5.966014e-01
2.702000e-05	1.636977e-03	-7.904987e-01
2.703000e-05	-6.257984e-04	-9.353682e-01
2.704000e-05	-1.886422e-03	-1.052659e+00
2.705000e-05	3.619472e-03	-1.210128e+00
2.706000e-05	5.733991e-02	-1.400225e+00
2.707000e-05	8.090883e-02	-1.641608e+00
2.708000e-05	-5.268228e-02	-1.893737e+00
2.709000e-05	-1.638007e-02	-2.095738e+00
2.710000e-05	-1.074046e-01	-2.283662e+00
2.711000e-05	2.702073e-02	-2.367969e+00
2.712000e-05	1.174814e-01	-2.401128e+00
2.713000e-05	-1.894450e-01	-2.673684e+00
2.714000e-05	1.100062e-01	-2.789975e+00
2.715000e-05	1.013278e-01	-2.903233e+00
2.716000e-05	-1.891797e-01	-3.145418e+00
2.717000e-05	1.270289e-01	-3.276341e+00
2.718000e-05	3.468267e-03	-3.419107e+00
2.719000e-05	-1.485539e-01	-3.610526e+00
2.720000e-05	1.495578e-01	-3.725187e+00
2.721000e-05	-6.373769e-02	-3.924895e+00
2.722000e-05	3.431190e-02	-4.095240e+00
2.723000e-05	1.034532e-01	-4.242084e+00
2.724000e-05	-1.635032e-01	-4.399524e+00
2.725000e-05	1.164073e-01	-4.544321e+00
2.726000e-05	-4.314332e-02	-4.692238e+00
2.727000e-05	-2.951608e-02	-4.852585e+00
2.728000e-05	9.444964e-02	-4.980032e+00
2.729000e-05	-8.196009e-02	-5.168951e+00
2.730000e-05	9.558462e-02	-5.295198e+00
2.731000e-05	-5.726431e-02	-5.495396e+00
2.732000e-05	1.230015e-02	-5.683663e+00
2.733000e-05	3.670262e-02	-5.750051e+00
2.734000e-05	-9.017918e-02	-5.947373e+00
2.735000e-05	1.208365e-01	-6.073688e+00
2.736000e-05	-5.947750e-02	-6.282209e+00
2.737000e-05	3.917747e-02	-6.431583e+00
2.738000e-05	9.777501e-03	-6.505320e+00
2.739000e-05	-4.912367e-02	-6.694739e+00
2.740000e-05	7.632832e-02	-6.789403e+00
2.741000e-05	-6.955355e-02	-6.987926e+00
2.742000e-05	6.187247e-02	-7.165818e+00
2.743000e-05	-2.919051e-02	-7.243161e+00
2.744000e-05	2.599097e-02	-7.401450e+00
2.745000e-05	2.543986e-02	-7.525293e+00
2.746000e-05	-3.503783e-02	-7.684683e+00
2.747000e-05	3.977302e-02	-7.771006e+00
2.748000e-05	-4.124098e-02	-7.936923e+00
2.749000e-05	4.789019e-02	-8.104187e+00
2.750000e-05	-1.296464e-02	-8.189525e+00
2.751000e-05	1.475416e-02	-8.304214e+00
2.752000e-05	6.966841e-03	-8.451027e+00
2.753000e-05	2.446524e-04	-8.557346e+00
2.754000e-05	2.657805e-02	-8.673086e+00
2.755000e-05	-1.791976e-02	-8.820425e+00
2.756000e-05	1.513696e-02	-8.882712e+00
2.757000e-05	-1.017991e-02	-8.976926e+00
2.758000e-05	2.519783e-02	-9.114210e+00
2.759000e-05	3.992073e-03	-9.168949e+00
2.760000e-05	8.080411e-03	-9.275238e+00
2.761000e-05	3.936210e-03	-9.366871e+00
2.762000e-05	5.344473e-03	-9.484683e+00
2.763000e-05	1.417809e-02	-9.570474e+00
2.764000e-05	-1.110061e-03	-9.683188e+00
2.765000e-05	1.036799e-02	-9.768421e+00
2.766000e-05	1.145194e-03	-9.862079e+00
2.767000e-05	1.998733e-02	-9.914738e+00
2.768000e-05	5.260045e-03	-9.980499e+00
2.769000e-05	1.023644e-02	-1.012611e+01
2.770000e-05	-3.424605e-04	-1.016830e+01
2.771000e-05	9.685866e-03	-1.025311e+01
2.772000e-05	1.301490e-02	-1.034739e+01
2.773000e-05	8.559041e-03	-1.047296e+01
2.774000e-05	8.602859e-03	-1.048424e+01
2.775000e-05	5.558800e-03	-1.061890e+01
2.776000e-05	1.328387e-02	-1.064153e+01
2.777000e-05	7.131361e-03	-1.067314e+01
2.778000e-05	1.127550e-02	-1.078781e+01
2.779000e-05	5.956937e-03	-1.082095e+01
2.780000e-05	1.307795e-02	-1.087308e+01
2.781000e-05	1.182454e-02	-1.089571e+01
2.782000e-05	1.232224e-02	-1.094884e+01
2.783000e-05	9.875970e-03	-1.098988e+01
2.784000e-05	8.209192e-03	-1.103203e+01
2.785000e-05	1.060576e-02	-1.111414e+01
2.786000e-05	1.115574e-02	-1.118732e+01
2.787000e-05	1.322704e-02	-1.117140e+01
2.788000e-05	1.122703e-02	-1.125050e+01
2.789000e-05	1.413126e-02	-1.122053e+01
2.790000e-05	1.399653e-02	-1.129361e+01
2.791000e-05	1.349867e-02	-1.129469e+01
2.792000e-05	1.069585e-02	-1.134624e+01
2.793000e-05	1.198115e-02	-1.135877e+01
2.794000e-05	1.440651e-02	-1.138840e+01
2.795000e-05	1.634165e-02	-1.144940e+01
2.796000e-05	1.586004e-02	-1.144145e+01
2.797000e-05	1.513602e-02	-1.144248e+01
2.798000e-05	1.577540e-02	-1.149206e+01
2.799000e-05	1.793991e-02	-1.145411e+01
2.800000e-05	1.786874e-02	-1.152366e+01
2.801000e-05	1.711568e-02	-1.147619e+01
2.802000e-05	1.829107e-02	-1.152519e+01
2.803000e-05	2.019435e-02	-1.149571e+01
2.804000e-05	2.159215e-02	-1.147421e+01
2.805000e-05	2.110533e-02	-1.150513e+01
2.806000e-05	2.051008e-02	-1.146310e+01
2.807000e-05	2.143049e-02	-1.147153e+01
2.808000e-05	2.488787e-02	-1.144391e+01
2.809000e-05	2.646646e-02	-1.142155e+01
2.810000e-05	2.537894e-02	-1.145048e+01
2.811000e-05	2.683667e-02	-1.139037e+01
2.812000e-05	2.970666e-02	-1.137674e+01
2.813000e-05	3.132114e-02	-1.130614e+01
2.814000e-05	3.229749e-02	-1.129261e+01
2.815000e-05	3.187347e-02	-1.125405e+01
2.816000e-05	3.385365e-02	-1.122903e+01
2.817000e-05	3.580538e-02	-1.115929e+01
2.818000e-05	3.827931e-02	-1.115619e+01
2.819000e-05	3.914505e-02	-1.108311e+01
2.820000e-05	3.859273e-02	-1.105393e+01
2.821000e-05	4.033848e-02	-1.095985e+01
2.822000e-05	4.205906e-02	-1.092779e+01
2.823000e-05	4.094899e-02	-1.087314e+01
2.824000e-05	3.742508e-02	-1.084253e+01
2.825000e-05	3.491557e-02	-1.078993e+01
2.826000e-05	3.196149e-02	-1.076837e+01
2.827000e-05	3.096030e-02	-1.069566e+01
2.828000e-05	2.658488e-02	-1.065195e+01
2.829000e-05	2.465789e-02	-1.058987e+01
2.830000e-05	2.153417e-02	-1.055769e+01
2.831000e-05	2.127348e-02	-1.044505e+01
2.832000e-05	1.967545e-02	-1.035927e+01
2.833000e-05	1.772431e-02	-1.027358e+01
2.834000e-05	1.570773e-02	-1.021035e+01
2.835000e-05	1.385252e-02	-1.015569e+01
2.836000e-05	1.354211e-02	-1.008348e+01
2.837000e-05	1.192096e-02	-9.919370e+00
2.838000e-05	1.014939e-02	-9.874507e+00
2.839000e-05	7.469790e-03	-9.800452e+00
2.840000e-05	8.403699e-03	-9.736241e+00
2.841000e-05	9.445453e-03	-9.643027e+00
2.842000e-05	1.013817e-02	-9.546943e+00
2.843000e-05	7.702063e-03	-9.470982e+00
2.844000e-05	6.773236e-03	-9.339190e+00
2.845000e-05	4.467761e-03	-9.242028e+00
2.846000e-05	6.226263e-03	-9.145737e+00
2.847000e-05	3.155372e-03	-9.032004e+00
2.848000e-05	4.109221e-03	-8.945140e+00
2.849000e-05	3.043094e-03	-8.841477e+00
2.850000e-05	6.174812e-03	-8.765212e+00
2.851000e-05	4.309046e-03	-8.569323e+00
2.852000e-05	3.908307e-03	-8.473561e+00
2.853000e-05	-7.227931e-04	-8.316264e+00
2.854000e-05	1.902326e-03	-8.252053e+00
2.855000e-05	9.810492e-04	-8.107243e+00
2.856000e-05	4.473903e-03	-8.050499e+00
2.857000e-05	9.478927e-04	-7.895139e+00
2.858000e-05	2.092787e-03	-7.788242e+00
2.859000e-05	2.685260e-04	-7.599425e+00
2.860000e-05	3.081406e-03	-7.473557e+00
2.861000e-05	-8.372015e-04	-7.347242e+00
2.862000e-05	-1.640953e-03	-7.231477e+00
2.863000e-05	-1.867264e-03	-7.063082e+00
2.864000e-05	8.669723e-05	-6.945768e+00
2.865000e-05	1.232726e-03	-6.750420e+00
2.866000e-05	-1.419427e-03	-6.673107e+00
2.867000e-05	-1.475233e-03	-6.558795e+00
2.868000e-05	-2.176056e-03	-6.430478e+00
2.869000e-05	-9.614134e-04	-6.252054e+00
2.870000e-05	-2.835152e-03	-6.117129e+00
2.871000e-05	-3.379355e-03	-5.969417e+00
2.872000e-05	-4.186721e-03	-5.821922e+00
2.873000e-05	-2.094338e-03	-5.714136e+00
2.874000e-05	-1.895373e-03	-5.570364e+00
2.875000e-05	-2.223832e-03	-5.369844e+00
2.876000e-05	-4.322981e-03	-5.180895e+00
2.877000e-05	-4.082552e-03	-5.012550e+00
2.878000e-05	-2.742742e-03	-4.850022e+00
2.879000e-05	-3.395343e-03	-4.684131e+00
2.880000e-05	-5.229491e-03	-4.505188e+00
2.881000e-05	-5.253927e-03	-4.379945e+00
2.882000e-05	-3.844574e-03	-4.253659e+00
2.883000e-05	-4.003716e-03	-4.116166e+00
2.884000e-05	-3.964198e-03	-3.988322e+00
2.885000e-05	-5.314386e-03	-3.819869e+00
2.886000e-05	-4.828584e-03	-3.611025e+00
2.887000e-05	-6.085572e-03	-3.472654e+00
2.888000e-05	-6.311064e-03	-3.325715e+00
2.889000e-05	-5.578545e-03	-3.179519e+00
2.890000e-05	-5.446444e-03	-3.018351e+00
2.891000e-05	-4.521845e-03	-2.840425e+00
2.892000e-05	-5.864463e-03	-2.681631e+00
2.893000e-05	-5.886065e-03	-2.525188e+00
2.894000e-05	-5.985000e-03	-2.357317e+00
2.895000e-05	-5.572173e-03	-2.198315e+00
2.896000e-05	-6.440689e-03	-1.979945e+00
2.897000e-05	-7.392396e-03	-1.843034e+00
2.898000e-05	-7.812182e-03	-1.663136e+00
2.899000e-05	-6.196153e-03	-1.558265e+00
2.900000e-05	-5.698608e-03	-1.305288e+00
2.901000e-05	-6.505561e-03	-1.127265e+00
2.902000e-05	-7.176816e-03	-9.883686e-01
2.903000e-05	-6.370366e-03	-8.101253e-01
2.904000e-05	-6.702330e-03	-6.325278e-01
2.905000e-05	-6.567326e-03	-4.530740e-01
2.906000e-05	-7.510210e-03	-2.752357e-01
2.907000e-05	-8.807666e-03	-1.377407e-01
2.908000e-05	-5.365216e-03	-1.842499e-02
2.909000e-05	3.013939e-04	1.599010e-01
2.910000e-05	-9.636710e-04	3.884474e-01
2.911000e-05	-1.887522e-03	4.852868e-01
2.912000e-05	-1.749327e-03	6.926302e-01
2.913000e-05	-2.614559e-03	7.994738e-01
2.914000e-05	-3.490332e-03	9.580519e-01
2.915000e-05	-2.210492e-04	1.198399e+00
2.916000e-05	2.457782e-02	1.327866e+00
2.917000e-05	7.760126e-02	1.588580e+00
2.918000e-05	-9.485591e-03	1.820627e+00
2.919000e-05	-4.685893e-02	1.977474e+00
2.920000e-05	-4.774869e-02	2.084815e+00
2.921000e-05	-9.351250e-02	2.200056e+00
2.922000e-05	6.020628e-02	2.327920e+00
2.923000e-05	4.857066e-02	2.536840e+00
2.924000e-05	-1.662332e-01	2.758292e+00
2.925000e-05	1.651546e-01	2.810685e+00
2.926000e-05	2.079620e-03	3.032178e+00
2.927000e-05	-9.828419e-02	3.177892e+00
2.928000e-05	9.564776e-02	3.304838e+00
2.929000e-05	-7.514488e-02	3.536845e+00
2.930000e-05	-5.243731e-02	3.642682e+00
2.931000e-05	7.968121e-02	3.812080e+00
2.932000e-05	-3.843946e-02	3.991448e+00
2.933000e-05	3.086276e-02	4.075863e+00
2.934000e-05	-3.045614e-03	4.306868e+00
2.935000e-05	-5.398612e-02	4.474185e+00
2.936000e-05	3.290101e-02	4.600029e+00
2.937000e-05	-3.933504e-02	4.769973e+00
2.938000e-05	1.760860e-02	4.926370e+00
2.939000e-05	-1.974245e-02	5.187472e+00
2.940000e-05	1.687560e-02	5.316266e+00
2.941000e-05	2.759995e-03	5.483159e+00
2.942000e-05	-3.170130e-02	5.587529e+00
2.943000e-05	2.074513e-02	5.767847e+00
2.944000e-05	-4.826202e-02	5.945211e+00
2.945000e-05	7.946358e-03	6.052558e+00
2.946000e-05	1.768573e-02	6.178474e+00
2.947000e-05	-1.740035e-02	6.345294e+00
2.948000e-05	2.468090e-03	6.472083e+00
2.949000e-05	-2.427424e-02	6.639578e+00
2.950000e-05	8.491901e-04	6.780373e+00
2.951000e-05	-7.805641e-03	6.906215e+00
2.952000e-05	-1.213287e-02	7.031537e+00
2.953000e-05	-6.855681e-03	7.197850e+00
2.954000e-05	-1.494461e-02	7.346213e+00
2.955000e-05	1.385903e-02	7.462561e+00
2.956000e-05	-1.408844e-02	7.659007e+00
2.957000e-05	-1.455909e-02	7.776322e+00
2.958000e-05	-1.411602e-02	7.885661e+00
2.959000e-05	-9.728412e-03	8.021505e+00
2.960000e-05	4.335400e-03	8.157246e+00
2.961000e-05	-1.396884e-02	8.234061e+00
2.962000e-05	-8.357167e-03	8.368824e+00
2.963000e-05	-1.663333e-02	8.482085e+00
2.964000e-05	-5.827197e-04	8.548348e+00
2.965000e-05	-9.131448e-03	8.682558e+00
2.966000e-05	-1.557950e-02	8.746297e+00
2.967000e-05	-1.301764e-02	8.862636e+00
2.968000e-05	-7.697335e-03	9.019420e+00
2.969000e-05	-3.910016e-04	9.074138e+00
2.970000e-05	-1.199848e-02	9.209926e+00
2.971000e-05	-1.604120e-02	9.285213e+00
2.972000e-05	-1.554634e-02	9.368373e+00
2.973000e-05	-6.807557e-03	9.493561e+00
2.974000e-05	-8.496180e-03	9.547819e+00
2.975000e-05	-1.201855e-02	9.664012e+00
2.976000e-05	-1.296242e-02	9.777293e+00
2.977000e-05	-8.540841e-03	9.830503e+00
2.978000e-05	-7.346959e-03	9.976288e+00
2.979000e-05	-1.461040e-02	1.001141e+01
2.980000e-05	-1.883370e-02	1.010521e+01
2.981000e-05	-1.647900e-02	1.019937e+01
2.982000e-05	-8.798164e-03	1.023098e+01
2.983000e-05	-8.309321e-03	1.032716e+01
2.984000e-05	-1.312542e-02	1.038092e+01
2.985000e-05	-1.578668e-02	1.050558e+01
2.986000e-05	-1.344280e-02	1.053722e+01
2.987000e-05	-1.269937e-02	1.059040e+01
2.988000e-05	-1.552165e-02	1.065103e+01
2.989000e-05	-1.970233e-02	1.072627e+01
2.990000e-05	-1.695445e-02	1.079890e+01
2.991000e-05	-9.773250e-03	1.088006e+01
2.992000e-05	-9.911226e-03	1.091461e+01
2.993000e-05	-1.631531e-02	1.094677e+01
2.994000e-05	-2.000018e-02	1.099735e+01
2.995000e-05	-1.931840e-02	1.105148e+01
2.996000e-05	-1.337747e-02	1.108303e+01
2.997000e-05	-1.722321e-02	1.109564e+01
2.998000e-05	-2.013378e-02	1.112774e+01
2.999000e-05	-1.996776e-02	1.118784e+01
3.000000e-05	-1.590488e-02	1.125192e+01
3.001000e-05	-1.489832e-02	1.125440e+01
3.002000e-05	-1.997257e-02	1.126256e+01
3.003000e-05	-2.352659e-02	1.128216e+01
3.004000e-05	-2.252238e-02	1.131614e+01
3.005000e-05	-1.686171e-02	1.135567e+01
3.006000e-05	-1.886593e-02	1.134624e+01
3.007000e-05	-2.244571e-02	1.137679e+01
3.008000e-05	-2.466909e-02	1.139934e+01
3.009000e-05	-2.222995e-02	1.138840e+01
3.010000e-05	-2.145393e-02	1.135835e+01
3.011000e-05	-2.508700e-02	1.137985e+01
3.012000e-05	-2.766858e-02	1.140038e+01
3.013000e-05	-2.727547e-02	1.138933e+01
3.014000e-05	-2.311344e-02	1.140130e+01
3.015000e-05	-2.513896e-02	1.140029e+01
3.016000e-05	-2.997164e-02	1.140884e+01
3.017000e-05	-3.392406e-02	1.138827e+01
3.018000e-05	-3.095932e-02	1.137824e+01
3.019000e-05	-3.037451e-02	1.134867e+01
3.020000e-05	-3.331989e-02	1.130461e+01
3.021000e-05	-3.753381e-02	1.130669e+01
3.022000e-05	-3.757509e-02	1.127406e+01
3.023000e-05	-3.594735e-02	1.121143e+01
3.024000e-05	-3.649069e-02	1.122091e+01
3.025000e-05	-4.094442e-02	1.117882e+01
3.026000e-05	-4.389348e-02	1.111777e+01
3.027000e-05	-4.388781e-02	1.110657e+01
3.028000e-05	-4.349747e-02	1.104250e+01
3.029000e-05	-4.789379e-02	1.105140e+01
3.030000e-05	-5.068863e-02	1.099935e+01
3.031000e-05	-5.164082e-02	1.094777e+01
3.032000e-05	-4.555762e-02	1.092516e+01
3.033000e-05	-4.335160e-02	1.087245e+01
3.034000e-05	-4.216191e-02	1.078087e+01
3.035000e-05	-4.511861e-02	1.075624e+01
3.036000e-05	-4.060180e-02	1.064308e+01
3.037000e-05	-3.644331e-02	1.062090e+01
3.038000e-05	-3.343986e-02	1.054770e+01
3.039000e-05	-3.402224e-02	1.048411e+01
3.040000e-05	-3.162733e-02	1.041230e+01
3.041000e-05	-2.649484e-02	1.035714e+01
3.042000e-05	-2.378148e-02	1.027206e+01
3.043000e-05	-2.422277e-02	1.017942e+01
3.044000e-05	-2.606179e-02	1.014617e+01
3.045000e-05	-2.335949e-02	1.003246e+01
3.046000e-05	-2.040058e-02	9.988792e+00
3.047000e-05	-1.777253e-02	9.874531e+00
3.048000e-05	-2.095994e-02	9.759221e+00
3.049000e-05	-2.024201e-02	9.674085e+00
3.050000e-05	-1.841281e-02	9.601920e+00
3.051000e-05	-1.533120e-02	9.505612e+00
3.052000e-05	-1.748828e-02	9.430425e+00
3.053000e-05	-1.869927e-02	9.345613e+00
3.054000e-05	-1.601459e-02	9.241503e+00
3.055000e-05	-1.251779e-02	9.155715e+00
3.056000e-05	-1.299147e-02	9.021249e+00
3.057000e-05	-1.518300e-02	8.925036e+00
3.058000e-05	-1.632600e-02	8.800302e+00
3.059000e-05	-1.332852e-02	8.674632e+00
3.060000e-05	-1.151861e-02	8.598370e+00
3.061000e-05	-1.221760e-02	8.503611e+00
3.062000e-05	-1.384802e-02	8.369322e+00
3.063000e-05	-1.243131e-02	8.273482e+00
3.064000e-05	-9.998648e-03	8.137671e+00
3.065000e-05	-1.105751e-02	8.039898e+00
3.066000e-05	-1.216925e-02	7.893535e+00
3.067000e-05	-1.303364e-02	7.769319e+00
3.068000e-05	-1.092093e-02	7.663053e+00
3.069000e-05	-9.467012e-03	7.505131e+00
3.070000e-05	-9.552576e-03	7.356645e+00
3.071000e-05	-1.167364e-02	7.182975e+00
3.072000e-05	-1.123453e-02	7.094511e+00
3.073000e-05	-8.804166e-03	6.957741e+00
3.074000e-05	-8.074886e-03	6.862029e+00
3.075000e-05	-9.994579e-03	6.685561e+00
3.076000e-05	-1.035789e-02	6.567239e+00
3.077000e-05	-8.581172e-03	6.401373e+00
3.078000e-05	-7.665715e-03	6.274134e+00
3.079000e-05	-8.792753e-03	6.148739e+00
3.080000e-05	-1.057471e-02	6.041002e+00
3.081000e-05	-9.970308e-03	5.873558e+00
3.082000e-05	-7.733282e-03	5.727186e+00
3.083000e-05	-6.805817e-03	5.547313e+00
3.084000e-05	-8.152441e-03	5.421900e+00
3.085000e-05	-8.819917e-03	5.274082e+00
3.086000e-05	-8.518525e-03	5.086058e+00
3.087000e-05	-7.318511e-03	4.875106e+00
3.088000e-05	-7.742992e-03	4.737235e+00
3.089000e-05	-8.182359e-03	4.591796e+00
3.090000e-05	-9.496708e-03	4.452027e+00
3.091000e-05	-6.658233e-03	4.286113e+00
3.092000e-05	-6.091035e-03	4.136608e+00
3.093000e-05	-6.107784e-03	3.947840e+00
3.094000e-05	-7.353390e-03	3.800900e+00
3.095000e-05	-7.208551e-03	3.653054e+00
3.096000e-05	-5.754356e-03	3.515208e+00
3.097000e-05	-5.688906e-03	3.315611e+00
3.098000e-05	-6.833691e-03	3.149314e+00
3.099000e-05	-7.872650e-03	3.011001e+00
3.100000e-05	-6.071890e-03	2.884104e+00
3.101000e-05	-4.919639e-03	2.744709e+00
3.102000e-05	-5.520888e-03	2.496658e+00
3.103000e-05	-6.252836e-03	2.336791e+00
3.104000e-05	-5.533392e-03	2.159873e+00
3.105000e-05	-5.142774e-03	2.043053e+00
3.106000e-05	-4.417519e-03	1.933683e+00
3.107000e-05	-6.079141e-03	1.765814e+00
3.108000e-05	-6.337706e-03	1.538241e+00
3.109000e-05	-5.734278e-03	1.389342e+00
3.110000e-05	-5.021494e-03	1.220920e+00
3.111000e-05	-4.485054e-03	1.021322e+00
3.112000e-05	-5.076368e-03	8.095250e-01
3.113000e-05	-4.860282e-03	6.535791e-01
3.114000e-05	-3.924168e-03	5.051791e-01
3.115000e-05	-4.119115e-03	3.388724e-01
3.116000e-05	-3.700041e-03	9.825980e-02
3.117000e-05	-4.507835e-03	-3.213157e-02
3.118000e-05	-2.842551e-03	-1.981024e-01
3.119000e-05	3.688489e-03	-3.253921e-01
3.120000e-05	6.598240e-04	-4.321353e-01
3.121000e-05	4.027990e-04	-6.221617e-01
3.122000e-05	-8.323504e-05	-8.516288e-01
3.123000e-05	1.104534e-03	-9.669974e-01
3.124000e-05	2.989603e-04	-1.054838e+00
3.125000e-05	1.221151e-02	-1.291784e+00
3.126000e-05	8.541619e-02	-1.482661e+00
3.127000e-05	3.178661e-02	-1.704319e+00
3.128000e-05	-4.709440e-02	-1.935946e+00
3.129000e-05	-3.021417e-02	-2.144421e+00
3.130000e-05	-1.160798e-01	-2.294816e+00
3.131000e-05	1.164719e-01	-2.376917e+00
3.132000e-05	1.622116e-02	-2.473767e+00
3.133000e-05	-1.595542e-01	-2.745341e+00
3.134000e-05	2.072144e-01	-2.800022e+00
3.135000e-05	-2.495079e-02	-2.955923e+00
3.136000e-05	-1.338206e-01	-3.209527e+00
3.137000e-05	1.715188e-01	-3.345267e+00
3.138000e-05	-1.061350e-01	-3.494213e+00
3.139000e-05	-6.240275e-02	-3.631629e+00
3.140000e-05	1.363005e-01	-3.756891e+00
3.141000e-05	-1.111274e-01	-3.989079e+00
3.142000e-05	1.294517e-01	-4.146320e+00
3.143000e-05	-5.079574e-03	-4.274261e+00
3.144000e-05	-1.096735e-01	-4.442608e+00
3.145000e-05	1.353219e-01	-4.586397e+00
3.146000e-05	-1.152529e-01	-4.748397e+00
3.147000e-05	6.146685e-02	-4.906215e+00
3.148000e-05	1.978593e-02	-5.032633e+00
3.149000e-05	-3.881558e-02	-5.228529e+00
3.150000e-05	9.161297e-02	-5.388945e+00
3.151000e-05	-9.396500e-02	-5.596950e+00
3.152000e-05	7.473365e-02	-5.755766e+00
3.153000e-05	-3.873519e-02	-5.852705e+00
3.154000e-05	-2.310762e-02	-5.980026e+00
3.155000e-05	9.591885e-02	-6.136815e+00
3.156000e-05	-8.056728e-02	-6.325292e+00
3.157000e-05	8.383576e-02	-6.483109e+00
3.158000e-05	-5.066627e-02	-6.569429e+00
3.159000e-05	1.538035e-02	-6.725313e+00
3.160000e-05	3.017836e-02	-6.842058e+00
3.161000e-05	-5.112299e-02	-7.010079e+00
3.162000e-05	6.614759e-02	-7.117945e+00
3.163000e-05	-4.980101e-02	-7.302690e+00
3.164000e-05	6.287576e-02	-7.420079e+00
3.165000e-05	-2.042895e-02	-7.557819e+00
3.166000e-05	1.523179e-03	-7.743741e+00
3.167000e-05	1.548751e-02	-7.862108e+00
3.168000e-05	-2.428529e-02	-8.052050e+00
3.169000e-05	4.774821e-02	-8.114765e+00
3.170000e-05	-2.806766e-02	-8.251606e+00
3.171000e-05	3.141239e-02	-8.345840e+00
3.172000e-05	-1.153594e-02	-8.453082e+00
3.173000e-05	2.098491e-02	-8.588402e+00
3.174000e-05	8.191341e-03	-8.681788e+00
3.175000e-05	-7.834589e-03	-8.812131e+00
3.176000e-05	1.346349e-02	-8.926342e+00
3.177000e-05	-6.212833e-03	-8.998977e+00
3.178000e-05	2.765176e-02	-9.103737e+00
3.179000e-05	-4.533384e-03	-9.199501e+00
3.180000e-05	1.406939e-02	-9.265164e+00
3.181000e-05	-2.432089e-03	-9.419951e+00
3.182000e-05	1.398390e-02	-9.484294e+00
3.183000e-05	6.097716e-03	-9.619025e+00
3.184000e-05	4.811376e-03	-9.694766e+00
3.185000e-05	8.243435e-03	-9.787997e+00
3.186000e-05	6.988587e-03	-9.853656e+00
3.187000e-05	1.837274e-02	-9.946293e+00
3.188000e-05	3.363031e-03	-1.001196e+01
3.189000e-05	1.055669e-02	-1.008419e+01
3.190000e-05	-1.551601e-03	-1.021938e+01
3.191000e-05	1.355356e-02	-1.027211e+01
3.192000e-05	8.270053e-03	-1.038838e+01
3.193000e-05	1.091051e-02	-1.045353e+01
3.194000e-05	6.942989e-03	-1.053619e+01
3.195000e-05	8.987510e-03	-1.061042e+01
3.196000e-05	1.266596e-02	-1.064250e+01
3.197000e-05	8.253159e-03	-1.071424e+01
3.198000e-05	9.850485e-03	-1.076827e+01
3.199000e-05	3.978180e-03	-1.083198e+01
3.200000e-05	1.441598e-02	-1.087264e+01
3.201000e-05	1.039538e-02	-1.091524e+01
3.202000e-05	1.202560e-02	-1.095827e+01
3.203000e-05	7.448508e-03	-1.102145e+01
3.204000e-05	1.029924e-02	-1.104349e+01
3.205000e-05	1.270469e-02	-1.111578e+01
3.206000e-05	1.183478e-02	-1.115639e+01
3.207000e-05	1.280529e-02	-1.120940e+01
3.208000e-05	1.093084e-02	-1.120995e+01
3.209000e-05	1.290558e-02	-1.125459e+01
3.210000e-05	1.213926e-02	-1.127309e+01
3.211000e-05	1.285632e-02	-1.132574e+01
3.212000e-05	1.134263e-02	-1.134725e+01
3.213000e-05	1.307927e-02	-1.140982e+01
3.214000e-05	1.527767e-02	-1.137853e+01
3.215000e-05	1.683696e-02	-1.144845e+01
3.216000e-05	1.583157e-02	-1.142995e+01
3.217000e-05	1.550958e-02	-1.148300e+01
3.218000e-05	1.624505e-02	-1.149465e+01
3.219000e-05	1.723926e-02	-1.149354e+01
3.220000e-05	1.723303e-02	-1.147464e+01
3.221000e-05	1.713776e-02	-1.149464e+01
3.222000e-05	1.832254e-02	-1.148664e+01
3.223000e-05	2.003352e-02	-1.150571e+01
3.224000e-05	2.097842e-02	-1.149564e+01
3.225000e-05	2.213283e-02	-1.149401e+01
3.226000e-05	2.161797e-02	-1.149406e+01
3.227000e-05	2.405363e-02	-1.148411e+01
3.228000e-05	2.469016e-02	-1.145155e+01
3.229000e-05	2.545864e-02	-1.143200e+01
3.230000e-05	2.582528e-02	-1.139697e+01
3.231000e-05	2.666104e-02	-1.135927e+01
3.232000e-05	2.936802e-02	-1.134469e+01
3.233000e-05	3.136075e-02	-1.136619e+01
3.234000e-05	3.206527e-02	-1.126404e+01
3.235000e-05	3.366755e-02	-1.119243e+01
3.236000e-05	3.537678e-02	-1.116938e+01
3.237000e-05	3.704893e-02	-1.117873e+01
3.238000e-05	3.953208e-02	-1.114471e+01
3.239000e-05	3.906116e-02	-1.109403e+01
3.240000e-05	4.032864e-02	-1.100943e+01
3.241000e-05	4.047192e-02	-1.094932e+01
3.242000e-05	4.127390e-02	-1.093469e+01
3.243000e-05	3.904289e-02	-1.090416e+01
3.244000e-05	3.675373e-02	-1.084198e+01
3.245000e-05	3.414080e-02	-1.076938e+01
3.246000e-05	3.242457e-02	-1.071724e+01
3.247000e-05	2.979006e-02	-1.067406e+01
3.248000e-05	2.721351e-02	-1.061940e+01
3.249000e-05	2.405538e-02	-1.053877e+01
3.250000e-05	2.127860e-02	-1.050521e+01
3.251000e-05	1.925074e-02	-1.049145e+01
3.252000e-05	1.757418e-02	-1.036782e+01
3.253000e-05	1.701969e-02	-1.026408e+01
3.254000e-05	1.558726e-02	-1.019887e+01
3.255000e-05	1.371370e-02	-1.015319e+01
3.256000e-05	1.344770e-02	-1.002301e+01
3.257000e-05	1.198673e-02	-9.916742e+00
3.258000e-05	1.134501e-02	-9.853056e+00
3.259000e-05	1.003528e-02	-9.778373e+00
3.260000e-05	7.828355e-03	-9.704610e+00
3.261000e-05	7.740962e-03	-9.620954e+00
3.262000e-05	6.802735e-03	-9.515717e+00
3.263000e-05	6.982109e-03	-9.409851e+00
3.264000e-05	5.974164e-03	-9.317668e+00
3.265000e-05	6.288517e-03	-9.210875e+00
3.266000e-05	5.574734e-03	-9.103134e+00
3.267000e-05	5.489114e-03	-9.018946e+00
3.268000e-05	5.476968e-03	-8.924191e+00
3.269000e-05	4.724361e-03	-8.778394e+00
3.270000e-05	2.702562e-03	-8.713907e+00
3.271000e-05	1.966667e-03	-8.548743e+00
3.272000e-05	2.899360e-03	-8.471526e+00
3.273000e-05	4.155906e-04	-8.306666e+00
3.274000e-05	1.470334e-03	-8.190377e+00
3.275000e-05	1.722562e-03	-8.125611e+00
3.276000e-05	3.334257e-03	-8.000420e+00
3.277000e-05	2.927976e-03	-7.874588e+00
3.278000e-05	2.880455e-03	-7.686646e+00
3.279000e-05	5.726728e-04	-7.586845e+00
3.280000e-05	4.540665e-04	-7.402052e+00
3.281000e-05	-2.197171e-03	-7.305162e+00
3.282000e-05	-2.567693e-03	-7.148869e+00
3.283000e-05	-1.562914e-03	-7.032554e+00
3.284000e-05	-1.868360e-04	-6.895107e+00
3.285000e-05	5.099099e-04	-6.728794e+00
3.286000e-05	1.105088e-03	-6.641976e+00
3.287000e-05	3.088624e-05	-6.456237e+00
3.288000e-05	-2.094012e-03	-6.388874e+00
3.289000e-05	-2.328598e-03	-6.211503e+00
3.290000e-05	-3.945566e-03	-6.010557e+00
3.291000e-05	-3.032257e-03	-5.905787e+00
3.292000e-05	-3.636856e-03	-5.779352e+00
3.293000e-05	-2.553912e-03	-5.673504e+00
3.294000e-05	-1.711906e-03	-5.514687e+00
3.295000e-05	-2.699624e-03	-5.286616e+00
3.296000e-05	-2.923104e-03	-5.117666e+00
3.297000e-05	-3.244547e-03	-4.988770e+00
3.298000e-05	-4.270094e-03	-4.776345e+00
3.299000e-05	-3.779215e-03	-4.590500e+00
3.300000e-05	-4.240986e-03	-4.474636e+00
3.301000e-05	-4.214920e-03	-4.347317e+00
3.302000e-05	-5.418088e-03	-4.209976e+00
3.303000e-05	-4.872846e-03	-4.083159e+00
3.304000e-05	-5.124196e-03	-3.966786e+00
3.305000e-05	-3.340017e-03	-3.747238e+00
3.306000e-05	-4.687709e-03	-3.538947e+00
3.307000e-05	-4.604261e-03	-3.430478e+00
3.308000e-05	-5.357672e-03	-3.273609e+00
3.309000e-05	-5.173580e-03	-3.126838e+00
3.310000e-05	-6.048834e-03	-2.906741e+00
3.311000e-05	-6.159461e-03	-2.759422e+00
3.312000e-05	-6.599697e-03	-2.619525e+00
3.313000e-05	-6.268984e-03	-2.493083e+00
3.314000e-05	-6.309884e-03	-2.305662e+00
3.315000e-05	-6.015277e-03	-2.085712e+00
3.316000e-05	-4.624879e-03	-1.947418e+00
3.317000e-05	-5.725759e-03	-1.818973e+00
3.318000e-05	-6.081054e-03	-1.663552e+00
3.319000e-05	-7.282570e-03	-1.514078e+00
3.320000e-05	-7.234167e-03	-1.232528e+00
3.321000e-05	-7.473623e-03	-1.074184e+00
3.322000e-05	-7.357834e-03	-9.257646e-01
3.323000e-05	-7.718519e-03	-7.774449e-01
3.324000e-05	-7.042394e-03	-5.458241e-01
3.325000e-05	-6.637861e-03	-3.794738e-01
3.326000e-05	-6.098016e-03	-2.521303e-01
3.327000e-05	-6.774459e-03	-1.146106e-01
3.328000e-05	-3.892061e-03	5.216020e-02
3.329000e-05	-7.219147e-04	2.935839e-01
3.330000e-05	-3.931510e-03	3.900801e-01
3.331000e-05	-1.034476e-03	5.353733e-01
3.332000e-05	-3.586589e-03	7.257367e-01
3.333000e-05	-3.963582e-03	8.711802e-01
3.334000e-05	-3.792508e-03	1.022638e+00
3.335000e-05	5.252856e-03	1.230558e+00
3.336000e-05	4.420075e-02	1.398525e+00
3.337000e-05	6.918984e-02	1.705135e+00
3.338000e-05	-3.992921e-02	1.864861e+00
3.339000e-05	-3.715725e-02	2.002051e+00
3.340000e-05	-6.514631e-02	2.118875e+00
3.341000e-05	-7.105074e-02	2.273635e+00
3.342000e-05	1.088400e-01	2.391524e+00
3.343000e-05	-5.330416e-02	2.622479e+00
3.344000e-05	-9.750477e-02	2.747872e+00
3.345000e-05	1.861701e-01	2.904288e+00
3.346000e-05	-8.854337e-02	3.074689e+00
3.347000e-05	-3.063338e-02	3.178976e+00
3.348000e-05	7.903094e-02	3.355447e+00
3.349000e-05	-1.156361e-01	3.578400e+00
3.350000e-05	1.127945e-02	3.714688e+00
3.351000e-05	5.221780e-02	3.885187e+00
3.352000e-05	-4.110978e-02	4.000580e+00
3.353000e-05	5.009218e-02	4.158496e+00
3.354000e-05	-4.602725e-02	4.370425e+00
3.355000e-05	-1.480323e-02	4.515190e+00
3.356000e-05	1.148813e-02	4.693660e+00
3.357000e-05	-3.173445e-02	4.801054e+00
3.358000e-05	1.920059e-02	5.008373e+00
3.359000e-05	-2.057017e-02	5.201008e+00
3.360000e-05	2.810059e-02	5.388872e+00
3.361000e-05	-1.985567e-02	5.505312e+00
3.362000e-05	-1.417731e-02	5.632078e+00
3.363000e-05	7.106305e-03	5.840475e+00
3.364000e-05	-5.107805e-02	5.988250e+00
3.365000e-05	2.835772e-02	6.084714e+00
3.366000e-05	-1.094142e-03	6.242012e+00
3.367000e-05	-8.457266e-03	6.378397e+00
3.368000e-05	-6.339044e-04	6.495635e+00
3.369000e-05	-2.321009e-02	6.692687e+00
3.370000e-05	8.110006e-03	6.820956e+00
3.371000e-05	-2.025741e-02	6.947843e+00
3.372000e-05	-1.448148e-03	7.085161e+00
3.373000e-05	-1.701213e-02	7.190405e+00
3.374000e-05	2.452068e-04	7.379191e+00
3.375000e-05	5.853628e-03	7.503260e+00
3.376000e-05	-1.714985e-02	7.641583e+00
3.377000e-05	-9.284380e-03	7.817919e+00
3.378000e-05	-1.820774e-02	7.967174e+00
3.379000e-05	-9.748642e-04	8.095118e+00
3.380000e-05	-6.346471e-03	8.209499e+00
3.381000e-05	-8.963280e-03	8.314260e+00
3.382000e-05	-1.060718e-02	8.409477e+00
3.383000e-05	-8.722274e-03	8.494212e+00
3.384000e-05	-2.119463e-03	8.589453e+00
3.385000e-05	-1.242132e-02	8.703613e+00
3.386000e-05	-1.628868e-02	8.778924e+00
3.387000e-05	-1.342920e-02	8.917117e+00
3.388000e-05	-5.342027e-03	9.020550e+00
3.389000e-05	-4.661426e-03	9.125748e+00
3.390000e-05	-1.047260e-02	9.232531e+00
3.391000e-05	-1.426099e-02	9.295740e+00
3.392000e-05	-1.152329e-02	9.400406e+00
3.393000e-05	-8.553181e-03	9.494065e+00
3.394000e-05	-1.241949e-02	9.559327e+00
3.395000e-05	-1.495233e-02	9.685057e+00
3.396000e-05	-1.315786e-02	9.788899e+00
3.397000e-05	-8.639956e-03	9.864602e+00
3.398000e-05	-7.484412e-03	9.929822e+00
3.399000e-05	-1.225012e-02	1.005204e+01
3.400000e-05	-1.617502e-02	1.010619e+01
3.401000e-05	-1.432565e-02	1.022890e+01
3.402000e-05	-1.111018e-02	1.026303e+01
3.403000e-05	-1.296595e-02	1.033827e+01
3.404000e-05	-1.714897e-02	1.041995e+01
3.405000e-05	-1.516986e-02	1.054414e+01
3.406000e-05	-1.268256e-02	1.055780e+01
3.407000e-05	-1.094609e-02	1.062243e+01
3.408000e-05	-1.407250e-02	1.069357e+01
3.409000e-05	-1.782207e-02	1.076687e+01
3.410000e-05	-1.635036e-02	1.082040e+01
3.411000e-05	-1.282129e-02	1.090414e+01
3.412000e-05	-1.400260e-02	1.090567e+01
3.413000e-05	-1.854406e-02	1.096882e+01
3.414000e-05	-1.965837e-02	1.100990e+01
3.415000e-05	-1.791203e-02	1.104145e+01
3.416000e-05	-1.435898e-02	1.106353e+01
3.417000e-05	-1.675409e-02	1.110458e+01
3.418000e-05	-1.866771e-02	1.117824e+01
3.419000e-05	-1.848907e-02	1.115929e+01
3.420000e-05	-1.707864e-02	1.120188e+01
3.421000e-05	-1.793405e-02	1.124148e+01
3.422000e-05	-2.121215e-02	1.128361e+01
3.423000e-05	-2.350509e-02	1.129261e+01
3.424000e-05	-2.179921e-02	1.132671e+01
3.425000e-05	-1.896339e-02	1.132719e+01
3.426000e-05	-2.106235e-02	1.136725e+01
3.427000e-05	-1.965674e-02	1.138687e+01
3.428000e-05	-2.618030e-02	1.137880e+01
3.429000e-05	-2.019564e-02	1.142837e+01
3.430000e-05	-2.551972e-02	1.139980e+01
3.431000e-05	-2.143362e-02	1.139935e+01
3.432000e-05	-2.680016e-02	1.140127e+01
3.433000e-05	-2.637919e-02	1.137935e+01
3.434000e-05	-2.617248e-02	1.140085e+01
3.435000e-05	-2.978491e-02	1.138925e+01
3.436000e-05	-3.062065e-02	1.137727e+01
3.437000e-05	-3.269332e-02	1.137920e+01
3.438000e-05	-3.000933e-02	1.138775e+01
3.439000e-05	-2.958768e-02	1.132614e+01
3.440000e-05	-3.119721e-02	1.134707e+01
3.441000e-05	-3.479772e-02	1.131408e+01
3.442000e-05	-3.719588e-02	1.127249e+01
3.443000e-05	-3.997532e-02	1.128098e+01
3.444000e-05	-4.068082e-02	1.121090e+01
3.445000e-05	-4.265830e-02	1.116934e+01
3.446000e-05	-4.294753e-02	1.112667e+01
3.447000e-05	-4.161946e-02	1.108656e+01
3.448000e-05	-4.378121e-02	1.105248e+01
3.449000e-05	-4.671473e-02	1.103137e+01
3.450000e-05	-5.001111e-02	1.096840e+01
3.451000e-05	-4.791348e-02	1.094671e+01
3.452000e-05	-4.764970e-02	1.088501e+01
3.453000e-05	-4.676391e-02	1.083300e+01
3.454000e-05	-4.583740e-02	1.077934e+01
3.455000e-05	-4.167184e-02	1.068512e+01
3.456000e-05	-3.705660e-02	1.062301e+01
3.457000e-05	-3.488869e-02	1.059977e+01
3.458000e-05	-3.380050e-02	1.054656e+01
3.459000e-05	-3.200046e-02	1.049395e+01
3.460000e-05	-2.797733e-02	1.041032e+01
3.461000e-05	-2.717054e-02	1.029459e+01
3.462000e-05	-2.648322e-02	1.024098e+01
3.463000e-05	-2.553414e-02	1.016880e+01
3.464000e-05	-2.301012e-02	1.011759e+01
3.465000e-05	-2.230486e-02	1.004045e+01
3.466000e-05	-2.119599e-02	9.925691e+00
3.467000e-05	-2.043522e-02	9.832451e+00
3.468000e-05	-1.850470e-02	9.768717e+00
3.469000e-05	-1.777740e-02	9.713502e+00
3.470000e-05	-1.696318e-02	9.559716e+00
3.471000e-05	-1.754270e-02	9.465057e+00
3.472000e-05	-1.805876e-02	9.368348e+00
3.473000e-05	-1.723228e-02	9.294583e+00
3.474000e-05	-1.661502e-02	9.230049e+00
3.475000e-05	-1.495083e-02	9.064736e+00
3.476000e-05	-1.382641e-02	9.001697e+00
3.477000e-05	-1.337191e-02	8.925031e+00
3.478000e-05	-1.307257e-02	8.757269e+00
3.479000e-05	-1.229143e-02	8.671556e+00
3.480000e-05	-1.307953e-02	8.537219e+00
3.481000e-05	-1.378672e-02	8.473002e+00
3.482000e-05	-1.293567e-02	8.348215e+00
3.483000e-05	-1.270465e-02	8.222407e+00
3.484000e-05	-1.129466e-02	8.126691e+00
3.485000e-05	-1.091777e-02	7.988270e+00
3.486000e-05	-1.116298e-02	7.874455e+00
3.487000e-05	-1.120674e-02	7.736738e+00
3.488000e-05	-1.110876e-02	7.670423e+00
3.489000e-05	-1.020578e-02	7.453950e+00
3.490000e-05	-1.033079e-02	7.318137e+00
3.491000e-05	-9.852098e-03	7.178867e+00
3.492000e-05	-9.854703e-03	7.061954e+00
3.493000e-05	-9.556845e-03	6.917218e+00
3.494000e-05	-9.518619e-03	6.780953e+00
3.495000e-05	-9.433315e-03	6.673929e+00
3.496000e-05	-9.051988e-03	6.495038e+00
3.497000e-05	-9.629630e-03	6.359268e+00
3.498000e-05	-9.037400e-03	6.252429e+00
3.499000e-05	-8.452693e-03	6.106186e+00
3.500000e-05	-7.214484e-03	6.000421e+00
3.501000e-05	-7.561017e-03	5.861424e+00
3.502000e-05	-7.983031e-03	5.664084e+00
3.503000e-05	-8.547625e-03	5.515185e+00
3.504000e-05	-8.566689e-03	5.339798e+00
3.505000e-05	-9.049979e-03	5.211904e+00
3.506000e-05	-8.135186e-03	5.022950e+00
3.507000e-05	-7.740687e-03	4.822002e+00
3.508000e-05	-5.936144e-03	4.714658e+00
3.509000e-05	-5.197199e-03	4.546716e+00
3.510000e-05	-6.487446e-03	4.410973e+00
3.511000e-05	-7.461547e-03	4.252429e+00
3.512000e-05	-7.449754e-03	4.055053e+00
3.513000e-05	-6.667339e-03	3.925112e+00
3.514000e-05	-7.340402e-03	3.728817e+00
3.515000e-05	-7.001621e-03	3.620951e+00
3.516000e-05	-6.343937e-03	3.481482e+00
3.517000e-05	-4.902543e-03	3.244057e+00
3.518000e-05	-5.144269e-03	3.146686e+00
3.519000e-05	-6.192504e-03	2.957840e+00
3.520000e-05	-7.210469e-03	2.802002e+00
3.521000e-05	-6.315896e-03	2.683153e+00
3.522000e-05	-4.984562e-03	2.452055e+00
3.523000e-05	-5.355576e-03	2.316136e+00
3.524000e-05	-6.624022e-03	2.117792e+00
3.525000e-05	-6.402428e-03	1.990421e+00
3.526000e-05	-5.445463e-03	1.823530e+00
3.527000e-05	-5.067119e-03	1.664709e+00
3.528000e-05	-4.426897e-03	1.505655e+00
3.529000e-05	-5.516030e-03	1.347214e+00
3.530000e-05	-5.333734e-03	1.146242e+00
3.531000e-05	-4.576217e-03	8.876645e-01
3.532000e-05	-3.884273e-03	7.588160e-01
3.533000e-05	-4.826206e-03	6.005038e-01
3.534000e-05	-5.961764e-03	4.421015e-01
3.535000e-05	-6.236125e-03	3.057583e-01
3.536000e-05	-3.876145e-03	6.565670e-02
3.537000e-05	-3.845468e-03	-7.326035e-02
3.538000e-05	9.686873e-04	-2.091590e-01
3.539000e-05	3.518834e-03	-3.774276e-01
3.540000e-05	-3.155330e-04	-5.558171e-01
3.541000e-05	2.536499e-03	-6.964471e-01
3.542000e-05	-1.876777e-04	-8.532054e-01
3.543000e-05	-1.720075e-04	-9.991536e-01
3.544000e-05	-7.501082e-04	-1.176892e+00
3.545000e-05	2.417615e-02	-1.295399e+00
3.546000e-05	1.030583e-01	-1.507421e+00
3.547000e-05	-1.926680e-02	-1.779051e+00
3.548000e-05	-2.897575e-02	-2.028580e+00
3.549000e-05	-6.117263e-02	-2.240506e+00
3.550000e-05	-8.018125e-02	-2.326894e+00
3.551000e-05	1.655956e-01	-2.357419e+00
3.552000e-05	-8.987601e-02	-2.567450e+00
3.553000e-05	-7.721313e-02	-2.776921e+00
3.554000e-05	2.014943e-01	-2.789476e+00
3.555000e-05	-1.448875e-01	-3.021162e+00
3.556000e-05	-2.195224e-02	-3.242133e+00
3.557000e-05	1.371955e-01	-3.367396e+00
3.558000e-05	-1.693815e-01	-3.556297e+00
3.559000e-05	5.122015e-02	-3.632183e+00
3.560000e-05	6.247474e-02	-3.818603e+00
3.561000e-05	-8.622877e-02	-4.061733e+00
3.562000e-05	1.680228e-01	-4.168499e+00
3.563000e-05	-1.098208e-01	-4.345841e+00
3.564000e-05	-6.441424e-03	-4.523714e+00
3.565000e-05	8.161800e-02	-4.578499e+00
3.566000e-05	-1.219741e-01	-4.821027e+00
3.567000e-05	1.185934e-01	-4.965371e+00
3.568000e-05	-5.275089e-02	-5.113837e+00
3.569000e-05	3.073128e-02	-5.292634e+00
3.570000e-05	3.953902e-02	-5.461705e+00
3.571000e-05	-7.376216e-02	-5.642109e+00
3.572000e-05	9.218354e-02	-5.737421e+00
3.573000e-05	-9.838416e-02	-5.895767e+00
3.574000e-05	5.967139e-02	-6.071053e+00
3.575000e-05	3.036401e-02	-6.168451e+00
3.576000e-05	-4.717766e-02	-6.367951e+00
3.577000e-05	7.967380e-02	-6.495287e+00
3.578000e-05	-8.231124e-02	-6.641182e+00
3.579000e-05	7.101465e-02	-6.748870e+00
3.580000e-05	-2.606598e-02	-6.905742e+00
3.581000e-05	-2.909415e-04	-7.073708e+00
3.582000e-05	3.317763e-02	-7.210981e+00
3.583000e-05	-3.300582e-02	-7.327871e+00
3.584000e-05	6.915716e-02	-7.473658e+00
3.585000e-05	-4.826747e-02	-7.611027e+00
3.586000e-05	3.266811e-02	-7.767366e+00
3.587000e-05	-1.995932e-02	-7.894766e+00
3.588000e-05	1.201438e-02	-8.072180e+00
3.589000e-05	2.739159e-02	-8.168895e+00
3.590000e-05	-1.781616e-02	-8.274085e+00
3.591000e-05	2.981143e-02	-8.377948e+00
3.592000e-05	-1.682583e-02	-8.494715e+00
3.593000e-05	3.435310e-02	-8.609504e+00
3.594000e-05	-1.140826e-02	-8.707388e+00
3.595000e-05	5.890919e-03	-8.873159e+00
3.596000e-05	-1.021703e-05	-8.976272e+00
3.597000e-05	8.137338e-03	-9.022154e+00
3.598000e-05	2.159560e-02	-9.135264e+00
3.599000e-05	-3.066747e-03	-9.250008e+00
3.600000e-05	1.350419e-02	-9.337321e+00
3.601000e-05	-3.804480e-03	-9.440578e+00
3.602000e-05	1.920438e-02	-9.559372e+00
3.603000e-05	-6.223177e-04	-9.612135e+00
3.604000e-05	9.026655e-03	-9.765719e+00
3.605000e-05	1.765414e-03	-9.830975e+00
3.606000e-05	1.368229e-02	-9.864235e+00
3.607000e-05	1.299180e-02	-9.988846e+00
3.608000e-05	5.318847e-03	-1.007309e+01
3.609000e-05	5.965615e-03	-1.013779e+01
3.610000e-05	1.719879e-03	-1.022001e+01
3.611000e-05	1.530716e-02	-1.029419e+01
3.612000e-05	6.755352e-03	-1.045045e+01
3.613000e-05	1.250274e-02	-1.047419e+01
3.614000e-05	5.627055e-03	-1.054627e+01
3.615000e-05	1.111637e-02	-1.060150e+01
3.616000e-05	6.838343e-03	-1.066011e+01
3.617000e-05	9.351250e-03	-1.073579e+01
3.618000e-05	7.569975e-03	-1.079885e+01
3.619000e-05	8.891898e-03	-1.084243e+01
3.620000e-05	1.384938e-02	-1.086264e+01
3.621000e-05	1.078061e-02	-1.095624e+01
3.622000e-05	1.271840e-02	-1.095933e+01
3.623000e-05	6.905873e-03	-1.100048e+01
3.624000e-05	1.083189e-02	-1.108308e+01
3.625000e-05	1.130481e-02	-1.111614e+01
3.626000e-05	1.257322e-02	-1.116832e+01
3.627000e-05	1.170833e-02	-1.120983e+01
3.628000e-05	1.223213e-02	-1.125101e+01
3.629000e-05	1.422385e-02	-1.125464e+01
3.630000e-05	1.397196e-02	-1.132464e+01
3.631000e-05	1.300496e-02	-1.133777e+01
3.632000e-05	1.210181e-02	-1.136632e+01
3.633000e-05	1.370492e-02	-1.139842e+01
3.634000e-05	1.549628e-02	-1.141845e+01
3.635000e-05	1.604524e-02	-1.145243e+01
3.636000e-05	1.446634e-02	-1.147110e+01
3.637000e-05	1.542712e-02	-1.145451e+01
3.638000e-05	1.658332e-02	-1.146203e+01
3.639000e-05	1.779603e-02	-1.146658e+01
3.640000e-05	1.789428e-02	-1.148356e+01
3.641000e-05	1.774239e-02	-1.148611e+01
3.642000e-05	1.961139e-02	-1.147618e+01
3.643000e-05	2.123335e-02	-1.151414e+01
3.644000e-05	2.126710e-02	-1.150469e+01
3.645000e-05	2.045013e-02	-1.146568e+01
3.646000e-05	2.173880e-02	-1.146351e+01
3.647000e-05	2.359751e-02	-1.141408e+01
3.648000e-05	2.534815e-02	-1.144160e+01
3.649000e-05	2.577925e-02	-1.138047e+01
3.650000e-05	2.669329e-02	-1.135993e+01
3.651000e-05	2.860805e-02	-1.133930e+01
3.652000e-05	3.057974e-02	-1.135632e+01
3.653000e-05	3.214692e-02	-1.131554e+01
3.654000e-05	3.167698e-02	-1.124349e+01
3.655000e-05	3.233313e-02	-1.120093e+01
3.656000e-05	3.509226e-02	-1.119092e+01
3.657000e-05	3.700435e-02	-1.116875e+01
3.658000e-05	3.874637e-02	-1.112509e+01
3.659000e-05	4.002094e-02	-1.103163e+01
3.660000e-05	4.100360e-02	-1.097693e+01
3.661000e-05	4.190240e-02	-1.091877e+01
3.662000e-05	4.138046e-02	-1.095616e+01
3.663000e-05	3.793451e-02	-1.086263e+01
3.664000e-05	3.552928e-02	-1.083043e+01
3.665000e-05	3.333745e-02	-1.077787e+01
3.666000e-05	3.079301e-02	-1.070569e+01
3.667000e-05	2.902677e-02	-1.068359e+01
3.668000e-05	2.594930e-02	-1.064047e+01
3.669000e-05	2.325802e-02	-1.052777e+01
3.670000e-05	2.134182e-02	-1.047406e+01
3.671000e-05	2.002562e-02	-1.038943e+01
3.672000e-05	1.728922e-02	-1.030521e+01
3.673000e-05	1.541426e-02	-1.023208e+01
3.674000e-05	1.414498e-02	-1.014634e+01
3.675000e-05	1.310006e-02	-1.010556e+01
3.676000e-05	1.284751e-02	-1.002895e+01
3.677000e-05	1.195442e-02	-9.905213e+00
3.678000e-05	9.505315e-03	-9.840025e+00
3.679000e-05	1.009617e-02	-9.767267e+00
3.680000e-05	9.031424e-03	-9.684557e+00
3.681000e-05	8.709959e-03	-9.621398e+00
3.682000e-05	6.320079e-03	-9.485110e+00
3.683000e-05	7.742945e-03	-9.398846e+00
3.684000e-05	5.398172e-03	-9.305504e+00
3.685000e-05	6.131487e-03	-9.157350e+00
3.686000e-05	4.177469e-03	-9.083004e+00
3.687000e-05	5.043140e-03	-8.958796e+00
3.688000e-05	4.415211e-03	-8.884112e+00
3.689000e-05	4.855556e-03	-8.769235e+00
3.690000e-05	3.095658e-03	-8.631453e+00
3.691000e-05	4.333407e-03	-8.525666e+00
3.692000e-05	2.360749e-03	-8.369998e+00
3.693000e-05	1.739886e-03	-8.304657e+00
3.694000e-05	1.637553e-04	-8.167348e+00
3.695000e-05	2.002326e-03	-8.093707e+00
3.696000e-05	2.771362e-03	-7.947673e+00
3.697000e-05	2.910784e-03	-7.841432e+00
3.698000e-05	2.044700e-03	-7.644631e+00
3.699000e-05	1.552186e-03	-7.495740e+00
3.700000e-05	-3.181418e-04	-7.389845e+00
3.701000e-05	-3.571645e-04	-7.284107e+00
3.702000e-05	-1.113822e-03	-7.157292e+00
3.703000e-05	-1.317972e-03	-7.019848e+00
3.704000e-05	-3.071668e-04	-6.851529e+00
3.705000e-05	9.475723e-04	-6.706265e+00
3.706000e-05	-3.459016e-04	-6.600374e+00
3.707000e-05	-4.933917e-04	-6.443104e+00
3.708000e-05	-3.241096e-03	-6.306190e+00
3.709000e-05	-3.730528e-03	-6.168792e+00
3.710000e-05	-2.127844e-03	-5.981551e+00
3.711000e-05	-1.676270e-03	-5.894684e+00
3.712000e-05	-2.119631e-03	-5.726317e+00
3.713000e-05	-3.657786e-03	-5.630423e+00
3.714000e-05	-2.790647e-03	-5.463102e+00
3.715000e-05	-2.117135e-03	-5.232503e+00
3.716000e-05	-2.156668e-03	-5.124663e+00
3.717000e-05	-5.026293e-03	-4.905153e+00
3.718000e-05	-4.519851e-03	-4.717317e+00
3.719000e-05	-4.412716e-03	-4.587843e+00
3.720000e-05	-2.780082e-03	-4.441604e+00
3.721000e-05	-2.945232e-03	-4.314586e+00
3.722000e-05	-4.928311e-03	-4.170367e+00
3.723000e-05	-4.819480e-03	-4.012028e+00
3.724000e-05	-4.264046e-03	-3.864080e+00
3.725000e-05	-3.974672e-03	-3.675708e+00
3.726000e-05	-5.295327e-03	-3.525715e+00
3.727000e-05	-6.816368e-03	-3.388372e+00
3.728000e-05	-5.665593e-03	-3.252055e+00
3.729000e-05	-5.091800e-03	-3.063129e+00
3.730000e-05	-4.659259e-03	-2.833587e+00
3.731000e-05	-5.865459e-03	-2.706287e+00
3.732000e-05	-7.026457e-03	-2.507418e+00
3.733000e-05	-6.220247e-03	-2.399525e+00
3.734000e-05	-4.477024e-03	-2.212101e+00
3.735000e-05	-6.174535e-03	-2.002634e+00
3.736000e-05	-7.548594e-03	-1.936236e+00
3.737000e-05	-7.775591e-03	-1.798391e+00
3.738000e-05	-6.399127e-03	-1.589924e+00
3.739000e-05	-6.337788e-03	-1.379371e+00
3.740000e-05	-6.328062e-03	-1.209449e+00
3.741000e-05	-7.083737e-03	-1.022082e+00
3.742000e-05	-6.352366e-03	-8.952328e-01
3.743000e-05	-6.253383e-03	-6.746881e-01
3.744000e-05	-6.642511e-03	-4.970859e-01
3.745000e-05	-8.099572e-03	-3.473661e-01
3.746000e-05	-8.168530e-03	-1.805749e-01
3.747000e-05	-6.849877e-03	-5.265664e-02
3.748000e-05	-2.291078e-03	9.733667e-02
3.749000e-05	9.003325e-05	3.257620e-01
3.750000e-05	-3.907736e-03	4.530603e-01
3.751000e-05	-3.861049e-04	5.910037e-01
3.752000e-05	-3.140876e-03	7.768960e-01
3.753000e-05	-2.384338e-03	8.657592e-01
3.754000e-05	-3.172251e-03	1.094345e+00
3.755000e-05	1.061414e-02	1.274183e+00
3.756000e-05	6.256225e-02	1.464289e+00
3.757000e-05	4.152481e-02	1.755945e+00
3.758000e-05	-5.290945e-02	1.925315e+00
3.759000e-05	-3.556872e-02	2.043708e+00
3.760000e-05	-8.529383e-02	2.208526e+00
3.761000e-05	-2.202319e-02	2.275737e+00
3.762000e-05	1.194988e-01	2.461209e+00
3.763000e-05	-1.396419e-01	2.694164e+00
3.764000e-05	1.762079e-02	2.790473e+00
3.765000e-05	1.365645e-01	2.988396e+00
3.766000e-05	-1.277941e-01	3.145342e+00
3.767000e-05	4.200046e-02	3.240078e+00
3.768000e-05	1.852163e-02	3.422005e+00
3.769000e-05	-1.133100e-01	3.609476e+00
3.770000e-05	6.128279e-02	3.757320e+00
3.771000e-05	9.477938e-03	3.927267e+00
3.772000e-05	-1.404726e-02	4.030085e+00
3.773000e-05	4.285958e-02	4.281633e+00
3.774000e-05	-7.029529e-02	4.431503e+00
3.775000e-05	2.100378e-02	4.558797e+00
3.776000e-05	-1.740622e-02	4.715766e+00
3.777000e-05	-8.891592e-03	4.874711e+00
3.778000e-05	3.925887e-03	5.064162e+00
3.779000e-05	-7.557465e-03	5.273112e+00
3.780000e-05	2.391865e-02	5.409078e+00
3.781000e-05	-3.520642e-02	5.547396e+00
3.782000e-05	7.368409e-03	5.703261e+00
3.783000e-05	-1.820692e-02	5.884029e+00
3.784000e-05	-3.118739e-02	6.011028e+00
3.785000e-05	3.481110e-02	6.136839e+00
3.786000e-05	-1.370266e-02	6.263738e+00
3.787000e-05	-9.780165e-04	6.408029e+00
3.788000e-05	-1.167396e-02	6.578522e+00
3.789000e-05	-1.535726e-02	6.715287e+00
3.790000e-05	5.638254e-03	6.883133e+00
3.791000e-05	-2.240381e-02	6.989926e+00
3.792000e-05	7.767557e-04	7.155190e+00
3.793000e-05	-2.114571e-02	7.273555e+00
3.794000e-05	1.110786e-02	7.438951e+00
3.795000e-05	-1.730978e-03	7.556845e+00
3.796000e-05	-1.727431e-02	7.705213e+00
3.797000e-05	-1.254156e-02	7.841510e+00
3.798000e-05	-1.911580e-02	8.029500e+00
3.799000e-05	4.782284e-03	8.098237e+00
3.800000e-05	-1.088204e-02	8.220454e+00
3.801000e-05	-6.657619e-03	8.326242e+00
3.802000e-05	-1.461052e-02	8.461578e+00
3.803000e-05	-3.607190e-03	8.525793e+00
3.804000e-05	-3.767008e-03	8.630502e+00
3.805000e-05	-1.630681e-02	8.694741e+00
3.806000e-05	-1.626347e-02	8.832553e+00
3.807000e-05	-1.380171e-02	8.967345e+00
3.808000e-05	-3.698555e-04	9.050555e+00
3.809000e-05	-6.912749e-03	9.197846e+00
3.810000e-05	-1.193039e-02	9.261581e+00
3.811000e-05	-1.622708e-02	9.367319e+00
3.812000e-05	-9.010344e-03	9.431531e+00
3.813000e-05	-8.021052e-03	9.526164e+00
3.814000e-05	-1.152920e-02	9.661030e+00
3.815000e-05	-1.460315e-02	9.725145e+00
3.816000e-05	-1.277399e-02	9.791451e+00
3.817000e-05	-5.946451e-03	9.875583e+00
3.818000e-05	-8.797564e-03	1.002987e+01
3.819000e-05	-1.513852e-02	1.007469e+01
3.820000e-05	-1.911593e-02	1.015734e+01
3.821000e-05	-1.219739e-02	1.020891e+01
3.822000e-05	-8.235312e-03	1.028458e+01
3.823000e-05	-1.157368e-02	1.037887e+01
3.824000e-05	-1.617681e-02	1.046308e+01
3.825000e-05	-1.546529e-02	1.048671e+01
3.826000e-05	-1.203180e-02	1.059837e+01
3.827000e-05	-1.253179e-02	1.061100e+01
3.828000e-05	-1.604089e-02	1.072514e+01
3.829000e-05	-1.920953e-02	1.074938e+01
3.830000e-05	-1.379937e-02	1.086148e+01
3.831000e-05	-1.043623e-02	1.089511e+01
3.832000e-05	-1.316085e-02	1.096684e+01
3.833000e-05	-1.916267e-02	1.098875e+01
3.834000e-05	-2.055468e-02	1.104997e+01
3.835000e-05	-1.504668e-02	1.102206e+01
3.836000e-05	-1.497156e-02	1.109259e+01
3.837000e-05	-1.739977e-02	1.113629e+01
3.838000e-05	-2.142890e-02	1.117830e+01
3.839000e-05	-1.917448e-02	1.118035e+01
3.840000e-05	-1.678930e-02	1.123148e+01
3.841000e-05	-1.549025e-02	1.128405e+01
3.842000e-05	-2.101892e-02	1.129250e+01
3.843000e-05	-2.406222e-02	1.133514e+01
3.844000e-05	-2.062003e-02	1.129669e+01
3.845000e-05	-1.740057e-02	1.134722e+01
3.846000e-05	-1.991555e-02	1.134875e+01
3.847000e-05	-2.427517e-02	1.138829e+01
3.848000e-05	-2.526785e-02	1.142990e+01
3.849000e-05	-2.226329e-02	1.138127e+01
3.850000e-05	-2.108488e-02	1.140882e+01
3.851000e-05	-2.567688e-02	1.138937e+01
3.852000e-05	-2.920382e-02	1.139977e+01
3.853000e-05	-2.575799e-02	1.140882e+01
3.854000e-05	-2.406452e-02	1.140183e+01
3.855000e-05	-2.779985e-02	1.139977e+01
3.856000e-05	-3.164432e-02	1.139877e+01
3.857000e-05	-3.128123e-02	1.138877e+01
3.858000e-05	-3.052641e-02	1.138724e+01
3.859000e-05	-3.191221e-02	1.133627e+01
3.860000e-05	-3.652488e-02	1.134471e+01
3.861000e-05	-3.660105e-02	1.129703e+01
3.862000e-05	-3.657006e-02	1.128406e+01
3.863000e-05	-3.529649e-02	1.124097e+01
3.864000e-05	-3.996593e-02	1.120130e+01
3.865000e-05	-4.245115e-02	1.118927e+01
3.866000e-05	-4.535544e-02	1.111419e+01
3.867000e-05	-4.355433e-02	1.106456e+01
3.868000e-05	-4.735090e-02	1.106155e+01
3.869000e-05	-4.825733e-02	1.098993e+01
3.870000e-05	-5.191553e-02	1.093679e+01
3.871000e-05	-4.605126e-02	1.092522e+01
3.872000e-05	-4.492086e-02	1.088461e+01
3.873000e-05	-4.273073e-02	1.086142e+01
3.874000e-05	-4.432416e-02	1.077725e+01
3.875000e-05	-4.126701e-02	1.068559e+01
3.876000e-05	-3.831001e-02	1.060195e+01
3.877000e-05	-3.461431e-02	1.059865e+01
3.878000e-05	-3.442012e-02	1.052663e+01
3.879000e-05	-3.185746e-02	1.049341e+01
3.880000e-05	-2.821153e-02	1.034879e+01
3.881000e-05	-2.442468e-02	1.028456e+01
3.882000e-05	-2.357504e-02	1.024100e+01
3.883000e-05	-2.505637e-02	1.012774e+01
3.884000e-05	-2.358129e-02	1.008463e+01
3.885000e-05	-2.116879e-02	9.999372e+00
3.886000e-05	-1.898221e-02	9.895186e+00
3.887000e-05	-1.955216e-02	9.820803e+00
3.888000e-05	-1.916137e-02	9.716687e+00
3.889000e-05	-1.878971e-02	9.661501e+00
3.890000e-05	-1.707410e-02	9.537215e+00
3.891000e-05	-1.713592e-02	9.471957e+00
3.892000e-05	-1.616253e-02	9.388319e+00
3.893000e-05	-1.577181e-02	9.304557e+00
3.894000e-05	-1.466811e-02	9.149346e+00
3.895000e-05	-1.383031e-02	9.055003e+00
3.896000e-05	-1.358130e-02	8.967715e+00
3.897000e-05	-1.447203e-02	8.870928e+00
3.898000e-05	-1.403665e-02	8.729191e+00
3.899000e-05	-1.323978e-02	8.622424e+00
3.900000e-05	-1.244497e-02	8.537213e+00
3.901000e-05	-1.276651e-02	8.421929e+00
3.902000e-05	-1.264316e-02	8.316061e+00
3.903000e-05	-1.149297e-02	8.187821e+00
3.904000e-05	-1.089968e-02	8.045559e+00
3.905000e-05	-1.068767e-02	7.926741e+00
3.906000e-05	-1.144944e-02	7.830849e+00
3.907000e-05	-1.160965e-02	7.714607e+00
3.908000e-05	-1.158207e-02	7.628269e+00
3.909000e-05	-1.051616e-02	7.420824e+00
3.910000e-05	-1.061738e-02	7.304634e+00
3.911000e-05	-1.015306e-02	7.107189e+00
3.912000e-05	-9.299379e-03	7.049448e+00
3.913000e-05	-8.915120e-03	6.885129e+00
3.914000e-05	-8.579354e-03	6.777841e+00
3.915000e-05	-9.658813e-03	6.639874e+00
3.916000e-05	-1.151130e-02	6.463549e+00
3.917000e-05	-8.994923e-03	6.316164e+00
3.918000e-05	-8.403029e-03	6.219874e+00
3.919000e-05	-8.347530e-03	6.093607e+00
3.920000e-05	-9.226036e-03	5.948795e+00
3.921000e-05	-8.466604e-03	5.757846e+00
3.922000e-05	-7.428116e-03	5.610945e+00
3.923000e-05	-7.933076e-03	5.454560e+00
3.924000e-05	-8.101711e-03	5.307766e+00
3.925000e-05	-8.913932e-03	5.177289e+00
3.926000e-05	-7.837623e-03	4.977746e+00
3.927000e-05	-7.265749e-03	4.770320e+00
3.928000e-05	-6.439097e-03	4.662004e+00
3.929000e-05	-9.151623e-03	4.504111e+00
3.930000e-05	-7.018626e-03	4.360365e+00
3.931000e-05	-6.649785e-03	4.221044e+00
3.932000e-05	-5.554195e-03	4.010851e+00
3.933000e-05	-6.383067e-03	3.854030e+00
3.934000e-05	-8.637325e-03	3.745715e+00
3.935000e-05	-6.402421e-03	3.569370e+00
3.936000e-05	-5.492195e-03	3.410445e+00
3.937000e-05	-8.009951e-03	3.220477e+00
3.938000e-05	-4.897651e-03	3.104180e+00
3.939000e-05	-9.782016e-03	2.915187e+00
3.940000e-05	-1.586642e-03	2.780946e+00
3.941000e-05	-6.792172e-03	2.619416e+00
3.942000e-05	-2.840687e-03	2.390899e+00
3.943000e-05	-7.641390e-03	2.223000e+00
3.944000e-05	-5.274517e-03	2.126157e+00
3.945000e-05	-7.160261e-03	1.968368e+00
3.946000e-05	-6.005692e-03	1.790899e+00
3.947000e-05	-6.680382e-03	1.630994e+00
3.948000e-05	-4.033699e-03	1.423050e+00
3.949000e-05	-2.485195e-03	1.275182e+00
3.950000e-05	-3.722606e-03	1.094584e+00
3.951000e-05	-4.167347e-03	9.046541e-01
3.952000e-05	-7.491121e-03	7.151896e-01
3.953000e-05	-5.652633e-03	5.493434e-01
3.954000e-05	-6.828871e-03	4.209476e-01
3.955000e-05	-3.308763e-03	2.419700e-01
3.956000e-05	-4.524590e-03	3.297776e-02
3.957000e-05	-2.475950e-03	-8.541692e-02
3.958000e-05	3.403302e-03	-2.631605e-01
3.959000e-05	4.287874e-03	-3.900513e-01
3.960000e-05	-1.395552e-03	-5.379984e-01
3.961000e-05	2.687106e-04	-7.784484e-01
3.962000e-05	-8.649819e-04	-8.948157e-01
3.963000e-05	4.910768e-06	-1.063233e+00
3.964000e-05	3.958203e-03	-1.239529e+00
3.965000e-05	4.742633e-02	-1.359025e+00
3.966000e-05	9.156896e-02	-1.620584e+00
3.967000e-05	-4.977294e-02	-1.862138e+00
3.968000e-05	-1.672292e-02	-2.073762e+00
3.969000e-05	-9.791911e-02	-2.263692e+00
3.970000e-05	-5.279742e-03	-2.359317e+00
3.971000e-05	1.388234e-01	-2.389503e+00
3.972000e-05	-1.737238e-01	-2.621131e+00
3.973000e-05	6.252993e-02	-2.789499e+00
3.974000e-05	1.332763e-01	-2.821662e+00
3.975000e-05	-1.912057e-01	-3.115367e+00
3.976000e-05	9.499281e-02	-3.263737e+00
3.977000e-05	4.022366e-02	-3.399583e+00
3.978000e-05	-1.644960e-01	-3.599024e+00
3.979000e-05	1.329959e-01	-3.664713e+00
3.980000e-05	-3.509282e-02	-3.863346e+00
3.981000e-05	9.627842e-04	-4.094316e+00
3.982000e-05	1.312838e-01	-4.191079e+00
3.983000e-05	-1.615459e-01	-4.389476e+00
3.984000e-05	9.171118e-02	-4.474717e+00
3.985000e-05	-1.263663e-02	-4.702134e+00
3.986000e-05	-6.059330e-02	-4.862786e+00
3.987000e-05	1.101316e-01	-4.987448e+00
3.988000e-05	-8.241399e-02	-5.155871e+00
3.989000e-05	8.610633e-02	-5.355216e+00
3.990000e-05	-3.538417e-02	-5.495311e+00
3.991000e-05	-1.087800e-02	-5.684211e+00
3.992000e-05	5.722218e-02	-5.779979e+00
3.993000e-05	-1.030537e-01	-5.956919e+00
3.994000e-05	1.121846e-01	-6.092663e+00
3.995000e-05	-4.185363e-02	-6.240081e+00
3.996000e-05	1.819525e-02	-6.401079e+00
3.997000e-05	3.345323e-02	-6.535319e+00
3.998000e-05	-6.465233e-02	-6.683738e+00
3.999000e-05	8.295079e-02	-6.809924e+00
4.000000e-05	-6.525314e-02	-6.945375e+00
4.001000e-05	5.116681e-02	-7.096315e+00
4.002000e-05	-1.553610e-02	-7.261159e+00
4.003000e-05	8.015927e-03	-7.379899e+00
4.004000e-05	3.879030e-02	-7.455263e+00
4.005000e-05	-4.183231e-02	-7.674590e+00
4.006000e-05	4.495490e-02	-7.781529e+00
4.007000e-05	-3.958885e-02	-7.967877e+00
4.008000e-05	4.171075e-02	-8.063687e+00
4.009000e-05	-5.718957e-03	-8.189950e+00
4.010000e-05	5.799546e-03	-8.323263e+00
4.011000e-05	1.311823e-02	-8.400376e+00
4.012000e-05	-6.577382e-03	-8.507794e+00
4.013000e-05	3.165613e-02	-8.650631e+00
4.014000e-05	-1.701483e-02	-8.750449e+00
4.015000e-05	1.619621e-02	-8.903241e+00
4.016000e-05	-9.700417e-03	-8.937899e+00
4.017000e-05	1.999646e-02	-9.083663e+00
4.018000e-05	8.020975e-03	-9.188817e+00
4.019000e-05	6.449710e-03	-9.283067e+00
4.020000e-05	6.582668e-03	-9.346919e+00
4.021000e-05	2.622794e-03	-9.482552e+00
4.022000e-05	1.532103e-02	-9.578473e+00
4.023000e-05	-7.015899e-04	-9.663733e+00
4.024000e-05	1.236714e-02	-9.777793e+00
4.025000e-05	-2.545857e-04	-9.811057e+00
4.026000e-05	1.916860e-02	-9.884716e+00
4.027000e-05	6.860436e-03	-9.969874e+00
4.028000e-05	1.023241e-02	-1.008519e+01
4.029000e-05	1.166391e-03	-1.014782e+01
4.030000e-05	5.741262e-03	-1.029356e+01
4.031000e-05	1.224360e-02	-1.034637e+01
4.032000e-05	8.601594e-03	-1.041158e+01
4.033000e-05	1.106475e-02	-1.053314e+01
4.034000e-05	5.619124e-03	-1.059732e+01
4.035000e-05	1.445173e-02	-1.064150e+01
4.036000e-05	7.278180e-03	-1.070474e+01
4.037000e-05	1.058310e-02	-1.077629e+01
4.038000e-05	4.497639e-03	-1.081840e+01
4.039000e-05	1.238912e-02	-1.088293e+01
4.040000e-05	1.308896e-02	-1.089521e+01
4.041000e-05	1.089356e-02	-1.096580e+01
4.042000e-05	9.165305e-03	-1.100887e+01
4.043000e-05	7.905331e-03	-1.105100e+01
4.044000e-05	1.237383e-02	-1.106449e+01
4.045000e-05	1.275214e-02	-1.115877e+01
4.046000e-05	1.227829e-02	-1.118737e+01
4.047000e-05	9.945611e-03	-1.123998e+01
4.048000e-05	1.296061e-02	-1.125248e+01
4.049000e-05	1.331520e-02	-1.129366e+01
4.050000e-05	1.256507e-02	-1.133519e+01
4.051000e-05	1.105518e-02	-1.136724e+01
4.052000e-05	1.162596e-02	-1.132735e+01
4.053000e-05	1.509500e-02	-1.136840e+01
4.054000e-05	1.721126e-02	-1.140886e+01
4.055000e-05	1.585233e-02	-1.144001e+01
4.056000e-05	1.432718e-02	-1.144259e+01
4.057000e-05	1.548845e-02	-1.150208e+01
4.058000e-05	1.706376e-02	-1.146316e+01
4.059000e-05	1.730278e-02	-1.150459e+01
4.060000e-05	1.687550e-02	-1.151369e+01
4.061000e-05	1.777865e-02	-1.144314e+01
4.062000e-05	1.993352e-02	-1.149511e+01
4.063000e-05	2.170377e-02	-1.153209e+01
4.064000e-05	2.123903e-02	-1.149469e+01
4.065000e-05	1.970696e-02	-1.147563e+01
4.066000e-05	2.221167e-02	-1.145359e+01
4.067000e-05	2.455218e-02	-1.142193e+01
4.068000e-05	2.605086e-02	-1.146055e+01
4.069000e-05	2.617591e-02	-1.144898e+01
4.070000e-05	2.591798e-02	-1.141082e+01
4.071000e-05	2.872280e-02	-1.134612e+01
4.072000e-05	3.104610e-02	-1.131724e+01
4.073000e-05	3.055446e-02	-1.128406e+01
4.074000e-05	3.164031e-02	-1.129158e+01
4.075000e-05	3.316262e-02	-1.121143e+01
4.076000e-05	3.672653e-02	-1.121634e+01
4.077000e-05	3.875209e-02	-1.111719e+01
4.078000e-05	3.918331e-02	-1.108361e+01
4.079000e-05	3.905713e-02	-1.105306e+01
4.080000e-05	4.152631e-02	-1.094740e+01
4.081000e-05	4.206123e-02	-1.095774e+01
4.082000e-05	4.015239e-02	-1.091619e+01
4.083000e-05	3.507831e-02	-1.084248e+01
4.084000e-05	3.436435e-02	-1.078945e+01
4.085000e-05	3.435963e-02	-1.074777e+01
4.086000e-05	3.142746e-02	-1.072514e+01
4.087000e-05	2.750799e-02	-1.065293e+01
4.088000e-05	2.462380e-02	-1.060783e+01
4.089000e-05	2.366257e-02	-1.052729e+01
4.090000e-05	2.194722e-02	-1.048448e+01
4.091000e-05	1.839201e-02	-1.040982e+01
4.092000e-05	1.378971e-02	-1.028408e+01
4.093000e-05	1.488427e-02	-1.020145e+01
4.094000e-05	1.642002e-02	-1.014672e+01
4.095000e-05	1.592477e-02	-1.006048e+01
4.096000e-05	1.132531e-02	-9.979418e+00
4.097000e-05	9.694303e-03	-9.864561e+00
4.098000e-05	9.994997e-03	-9.819975e+00
4.099000e-05	1.069681e-02	-9.706215e+00
4.100000e-05	7.795844e-03	-9.662536e+00
4.101000e-05	6.137779e-03	-9.587795e+00
4.102000e-05	6.141969e-03	-9.444530e+00
4.103000e-05	1.013439e-02	-9.346716e+00
4.104000e-05	7.085546e-03	-9.214557e+00
4.105000e-05	5.382528e-03	-9.127237e+00
4.106000e-05	2.420013e-03	-9.041003e+00
4.107000e-05	4.511633e-03	-8.916265e+00
4.108000e-05	4.543455e-03	-8.812476e+00
4.109000e-05	3.788481e-03	-8.725266e+00
4.110000e-05	1.700393e-03	-8.608975e+00
4.111000e-05	3.253247e-03	-8.474109e+00
4.112000e-05	3.555654e-03	-8.357346e+00
4.113000e-05	3.581979e-03	-8.294553e+00
4.114000e-05	-9.525042e-04	-8.158341e+00
4.115000e-05	1.095739e-03	-8.061951e+00
4.116000e-05	4.037125e-04	-7.936663e+00
4.117000e-05	3.746981e-03	-7.812721e+00
4.118000e-05	1.467833e-03	-7.592523e+00
4.119000e-05	3.606449e-04	-7.473681e+00
4.120000e-05	-1.330803e-03	-7.328843e+00
4.121000e-05	7.702950e-05	-7.233027e+00
4.122000e-05	-4.721449e-04	-7.095178e+00
4.123000e-05	-2.033444e-03	-6.928694e+00
4.124000e-05	-2.120888e-03	-6.801471e+00
4.125000e-05	-8.116470e-04	-6.704084e+00
4.126000e-05	8.607286e-04	-6.546844e+00
4.127000e-05	-1.087373e-03	-6.402529e+00
4.128000e-05	-2.910144e-03	-6.293653e+00
4.129000e-05	-3.909147e-03	-6.065638e+00
4.130000e-05	-2.403124e-03	-5.936895e+00
4.131000e-05	-2.426256e-03	-5.841578e+00
4.132000e-05	-3.097559e-03	-5.686112e+00
4.133000e-05	-2.704104e-03	-5.559767e+00
4.134000e-05	-1.920088e-03	-5.390323e+00
4.135000e-05	-2.084116e-03	-5.201450e+00
4.136000e-05	-3.312256e-03	-5.022007e+00
4.137000e-05	-5.220209e-03	-4.861632e+00
4.138000e-05	-5.757756e-03	-4.652579e+00
4.139000e-05	-4.580711e-03	-4.509241e+00
4.140000e-05	-4.576954e-03	-4.419944e+00
4.141000e-05	-4.470634e-03	-4.274082e+00
4.142000e-05	-5.116751e-03	-4.137689e+00
4.143000e-05	-3.518002e-03	-3.979998e+00
4.144000e-05	-3.345645e-03	-3.820423e+00
4.145000e-05	-3.759939e-03	-3.602504e+00
4.146000e-05	-5.163743e-03	-3.494107e+00
4.147000e-05	-5.641172e-03	-3.316815e+00
4.148000e-05	-5.672681e-03	-3.189400e+00
4.149000e-05	-5.276333e-03	-3.018396e+00
4.150000e-05	-6.260733e-03	-2.812504e+00
4.151000e-05	-6.047177e-03	-2.694112e+00
4.152000e-05	-5.564716e-03	-2.474740e+00
4.153000e-05	-4.373888e-03	-2.359396e+00
4.154000e-05	-4.081425e-03	-2.151925e+00
4.155000e-05	-6.242860e-03	-1.999999e+00
4.156000e-05	-7.438506e-03	-1.874108e+00
4.157000e-05	-7.355320e-03	-1.725688e+00
4.158000e-05	-6.149541e-03	-1.568265e+00
4.159000e-05	-6.650783e-03	-1.285741e+00
4.160000e-05	-7.404170e-03	-1.157312e+00
4.161000e-05	-6.727969e-03	-9.895238e-01
4.162000e-05	-5.309238e-03	-8.304753e-01
4.163000e-05	-5.560053e-03	-6.541578e-01
4.164000e-05	-7.384997e-03	-4.510830e-01
4.165000e-05	-8.478857e-03	-3.362384e-01
4.166000e-05	-7.790592e-03	-1.478186e-01
4.167000e-05	-5.505805e-03	-9.497691e-03
4.168000e-05	-2.542612e-04	1.679474e-01
4.169000e-05	-1.145582e-03	3.659473e-01
4.170000e-05	-3.181824e-03	4.542630e-01
4.171000e-05	-8.796162e-04	6.321312e-01
4.172000e-05	-2.736589e-03	7.885248e-01
4.173000e-05	-2.935838e-03	9.169484e-01
4.174000e-05	-1.451367e-03	1.188421e+00
4.175000e-05	2.145597e-02	1.306295e+00
4.176000e-05	7.584610e-02	1.547923e+00
4.177000e-05	3.667215e-03	1.819003e+00
4.178000e-05	-5.045967e-02	1.978874e+00
4.179000e-05	-4.390126e-02	2.083786e+00
4.180000e-05	-9.534277e-02	2.200576e+00
4.181000e-05	3.957560e-02	2.327794e+00
4.182000e-05	7.484328e-02	2.526863e+00
4.183000e-05	-1.690674e-01	2.694867e+00
4.184000e-05	1.345917e-01	2.811108e+00
4.185000e-05	3.700606e-02	3.010025e+00
4.186000e-05	-1.113036e-01	3.156896e+00
4.187000e-05	9.066902e-02	3.262659e+00
4.188000e-05	-5.437298e-02	3.516341e+00
4.189000e-05	-7.295195e-02	3.601630e+00
4.190000e-05	7.959262e-02	3.829052e+00
4.191000e-05	-2.669932e-02	3.968921e+00
4.192000e-05	2.099513e-02	4.132211e+00
4.193000e-05	8.686995e-03	4.295292e+00
4.194000e-05	-6.378024e-02	4.462582e+00
4.195000e-05	3.498604e-02	4.588049e+00
4.196000e-05	-3.448542e-02	4.758396e+00
4.197000e-05	1.151218e-02	4.936841e+00
4.198000e-05	-1.612765e-02	5.165746e+00
4.199000e-05	1.291189e-02	5.325242e+00
4.200000e-05	1.086871e-02	5.463632e+00
4.201000e-05	-3.478842e-02	5.569501e+00
4.202000e-05	1.777852e-02	5.746889e+00
4.203000e-05	-4.338823e-02	5.906214e+00
4.204000e-05	-6.254763e-04	6.061583e+00
4.205000e-05	2.500334e-02	6.178871e+00
4.206000e-05	-1.820987e-02	6.315265e+00
4.207000e-05	-2.953271e-04	6.463082e+00
4.208000e-05	-2.122608e-02	6.608924e+00
4.209000e-05	-1.252502e-03	6.767921e+00
4.210000e-05	-3.017945e-03	6.894741e+00
4.211000e-05	-1.555089e-02	7.031007e+00
4.212000e-05	-5.324053e-03	7.136817e+00
4.213000e-05	-1.513766e-02	7.285685e+00
4.214000e-05	1.612206e-02	7.442026e+00
4.215000e-05	-1.107995e-02	7.600003e+00
4.216000e-05	-1.714597e-02	7.756744e+00
4.217000e-05	-1.637052e-02	7.913668e+00
4.218000e-05	-1.122422e-02	7.988951e+00
4.219000e-05	5.817859e-03	8.149868e+00
4.220000e-05	-1.322719e-02	8.261161e+00
4.221000e-05	-8.188643e-03	8.389823e+00
4.222000e-05	-1.406781e-02	8.464111e+00
4.223000e-05	1.631733e-04	8.576769e+00
4.224000e-05	-6.798091e-03	8.651605e+00
4.225000e-05	-1.821604e-02	8.737766e+00
4.226000e-05	-1.595905e-02	8.872584e+00
4.227000e-05	-9.764218e-03	8.999769e+00
4.228000e-05	4.522970e-04	9.094088e+00
4.229000e-05	-1.049586e-02	9.168900e+00
4.230000e-05	-1.473375e-02	9.274186e+00
4.231000e-05	-1.439471e-02	9.379424e+00
4.232000e-05	-5.401619e-03	9.474062e+00
4.233000e-05	-8.553390e-03	9.566719e+00
4.234000e-05	-1.537595e-02	9.623479e+00
4.235000e-05	-1.471548e-02	9.766768e+00
4.236000e-05	-1.123849e-02	9.870978e+00
4.237000e-05	-5.403983e-03	9.957216e+00
4.238000e-05	-1.262003e-02	1.001148e+01
4.239000e-05	-1.720372e-02	1.010569e+01
4.240000e-05	-1.710066e-02	1.017030e+01
4.241000e-05	-9.052195e-03	1.026308e+01
4.242000e-05	-9.456896e-03	1.032469e+01
4.243000e-05	-1.513706e-02	1.036990e+01
4.244000e-05	-1.663628e-02	1.046364e+01
4.245000e-05	-1.411819e-02	1.053617e+01
4.246000e-05	-1.059465e-02	1.055940e+01
4.247000e-05	-1.516482e-02	1.067256e+01
4.248000e-05	-1.851684e-02	1.073629e+01
4.249000e-05	-1.872855e-02	1.084030e+01
4.250000e-05	-1.192527e-02	1.086148e+01
4.251000e-05	-1.141612e-02	1.089564e+01
4.252000e-05	-1.627456e-02	1.093629e+01
4.253000e-05	-1.930653e-02	1.099832e+01
4.254000e-05	-1.815941e-02	1.102046e+01
4.255000e-05	-1.366734e-02	1.103150e+01
4.256000e-05	-1.834350e-02	1.111461e+01
4.257000e-05	-1.919437e-02	1.113576e+01
4.258000e-05	-2.020893e-02	1.115630e+01
4.259000e-05	-1.737024e-02	1.122097e+01
4.260000e-05	-1.651623e-02	1.125250e+01
4.261000e-05	-1.890403e-02	1.127400e+01
4.262000e-05	-2.179080e-02	1.130556e+01
4.263000e-05	-2.233737e-02	1.131513e+01
4.264000e-05	-2.016053e-02	1.134674e+01
4.265000e-05	-1.893486e-02	1.137621e+01
4.266000e-05	-2.244704e-02	1.137784e+01
4.267000e-05	-2.441912e-02	1.136734e+01
4.268000e-05	-2.262940e-02	1.139980e+01
4.269000e-05	-2.223449e-02	1.140995e+01
4.270000e-05	-2.401347e-02	1.134935e+01
4.271000e-05	-2.590399e-02	1.138842e+01
4.272000e-05	-2.737100e-02	1.142042e+01
4.273000e-05	-2.506194e-02	1.141985e+01
4.274000e-05	-2.656581e-02	1.142985e+01
4.275000e-05	-2.825716e-02	1.138935e+01
4.276000e-05	-3.193750e-02	1.138782e+01
4.277000e-05	-3.148141e-02	1.134927e+01
4.278000e-05	-3.137081e-02	1.136769e+01
4.279000e-05	-3.264019e-02	1.135566e+01
4.280000e-05	-3.537427e-02	1.129559e+01
4.281000e-05	-3.665620e-02	1.130561e+01
4.282000e-05	-3.658239e-02	1.127300e+01
4.283000e-05	-3.785882e-02	1.124048e+01
4.284000e-05	-4.011437e-02	1.117937e+01
4.285000e-05	-4.386730e-02	1.117829e+01
4.286000e-05	-4.416676e-02	1.110466e+01
4.287000e-05	-4.477945e-02	1.105303e+01
4.288000e-05	-4.696661e-02	1.103893e+01
4.289000e-05	-4.830934e-02	1.098887e+01
4.290000e-05	-4.983593e-02	1.095632e+01
4.291000e-05	-4.611373e-02	1.091616e+01
4.292000e-05	-4.611068e-02	1.086404e+01
4.293000e-05	-4.356147e-02	1.081930e+01
4.294000e-05	-4.397823e-02	1.075872e+01
4.295000e-05	-4.002821e-02	1.065456e+01
4.296000e-05	-3.755961e-02	1.060132e+01
4.297000e-05	-3.380971e-02	1.054624e+01
4.298000e-05	-3.293650e-02	1.052356e+01
4.299000e-05	-3.001289e-02	1.037143e+01
4.300000e-05	-2.765112e-02	1.030672e+01
4.301000e-05	-2.603369e-02	1.024406e+01
4.302000e-05	-2.439238e-02	1.020982e+01
4.303000e-05	-2.420786e-02	1.010769e+01
4.304000e-05	-2.251970e-02	1.006311e+01
4.305000e-05	-2.322429e-02	9.949327e+00
4.306000e-05	-1.987320e-02	9.853081e+00
4.307000e-05	-1.929089e-02	9.798399e+00
4.308000e-05	-1.809009e-02	9.752662e+00
4.309000e-05	-1.951312e-02	9.589923e+00
4.310000e-05	-1.791908e-02	9.514137e+00
4.311000e-05	-1.634417e-02	9.431425e+00
4.312000e-05	-1.593116e-02	9.348142e+00
4.313000e-05	-1.550492e-02	9.272979e+00
4.314000e-05	-1.472297e-02	9.147741e+00
4.315000e-05	-1.472974e-02	9.021903e+00
4.316000e-05	-1.478042e-02	8.926162e+00
4.317000e-05	-1.482301e-02	8.810902e+00
4.318000e-05	-1.383390e-02	8.685635e+00
4.319000e-05	-1.263823e-02	8.589350e+00
4.320000e-05	-1.239268e-02	8.514585e+00
4.321000e-05	-1.177401e-02	8.408873e+00
4.322000e-05	-1.220403e-02	8.294633e+00
4.323000e-05	-1.193859e-02	8.148718e+00
4.324000e-05	-1.234561e-02	8.031921e+00
4.325000e-05	-1.185458e-02	7.885638e+00
4.326000e-05	-1.072656e-02	7.779821e+00
4.327000e-05	-1.039182e-02	7.663082e+00
4.328000e-05	-1.043809e-02	7.496162e+00
4.329000e-05	-1.019319e-02	7.409166e+00
4.330000e-05	-1.117082e-02	7.222422e+00
4.331000e-05	-1.047941e-02	7.084661e+00
4.332000e-05	-1.021674e-02	6.968795e+00
4.333000e-05	-9.573013e-03	6.851977e+00
4.334000e-05	-8.755287e-03	6.725136e+00
4.335000e-05	-8.741478e-03	6.578295e+00
4.336000e-05	-9.785972e-03	6.412975e+00
4.337000e-05	-9.564237e-03	6.304012e+00
4.338000e-05	-1.005518e-02	6.137316e+00
4.339000e-05	-9.547374e-03	6.073003e+00
4.340000e-05	-8.623285e-03	5.934059e+00
4.341000e-05	-7.745006e-03	5.727687e+00
4.342000e-05	-7.598050e-03	5.557841e+00
4.343000e-05	-7.579135e-03	5.422450e+00
4.344000e-05	-7.192796e-03	5.305160e+00
4.345000e-05	-7.950191e-03	5.075657e+00
4.346000e-05	-7.534084e-03	4.936167e+00
4.347000e-05	-7.923867e-03	4.737717e+00
4.348000e-05	-8.250183e-03	4.630371e+00
4.349000e-05	-7.673771e-03	4.443057e+00
4.350000e-05	-5.241876e-03	4.326737e+00
4.351000e-05	-6.346517e-03	4.116666e+00
4.352000e-05	-7.306126e-03	3.978395e+00
4.353000e-05	-7.022585e-03	3.790999e+00
4.354000e-05	-5.927406e-03	3.653082e+00
4.355000e-05	-6.732250e-03	3.547784e+00
4.356000e-05	-6.750955e-03	3.357241e+00
4.357000e-05	-6.742025e-03	3.157870e+00
4.358000e-05	-6.030096e-03	2.991929e+00
4.359000e-05	-5.426169e-03	2.904106e+00
4.360000e-05	-5.611078e-03	2.736291e+00
4.361000e-05	-5.799240e-03	2.547657e+00
4.362000e-05	-5.761459e-03	2.357842e+00
4.363000e-05	-5.971665e-03	2.210471e+00
4.364000e-05	-4.764332e-03	2.044055e+00
4.365000e-05	-4.297597e-03	1.945691e+00
4.366000e-05	-6.458224e-03	1.768714e+00
4.367000e-05	-8.001033e-03	1.588319e+00
4.368000e-05	-5.521043e-03	1.378469e+00
4.369000e-05	-3.203106e-03	1.222453e+00
4.370000e-05	-3.923453e-03	1.023425e+00
4.371000e-05	-6.661125e-03	8.099990e-01
4.372000e-05	-6.044188e-03	6.625816e-01
4.373000e-05	-3.791318e-03	5.251857e-01
4.374000e-05	-4.041350e-03	3.683947e-01
4.375000e-05	-4.674058e-03	1.493437e-01
4.376000e-05	-6.016820e-03	-1.055395e-02
4.377000e-05	-3.285299e-03	-1.764498e-01
4.378000e-05	4.795449e-03	-2.958170e-01
4.379000e-05	2.298293e-03	-4.327078e-01
4.380000e-05	-2.227884e-04	-6.517090e-01
4.381000e-05	-6.442782e-04	-8.210802e-01
4.382000e-05	1.117800e-03	-9.570208e-01
4.383000e-05	8.699350e-04	-1.095292e+00
4.384000e-05	8.797600e-03	-1.281239e+00
4.385000e-05	7.459101e-02	-1.433714e+00
4.386000e-05	4.861883e-02	-1.664212e+00
4.387000e-05	-5.034933e-02	-1.916320e+00
4.388000e-05	-2.387184e-02	-2.165417e+00
4.389000e-05	-1.162160e-01	-2.327368e+00
4.390000e-05	8.758703e-02	-2.357946e+00
4.391000e-05	5.213586e-02	-2.442188e+00
4.392000e-05	-1.724036e-01	-2.706292e+00
4.393000e-05	1.874602e-01	-2.789999e+00
4.394000e-05	1.719485e-02	-2.895868e+00
4.395000e-05	-1.592011e-01	-3.189524e+00
4.396000e-05	1.647062e-01	-3.317342e+00
4.397000e-05	-7.263910e-02	-3.473713e+00
4.398000e-05	-9.623742e-02	-3.630556e+00
4.399000e-05	1.462934e-01	-3.736297e+00
4.400000e-05	-1.011454e-01	-3.987975e+00
4.401000e-05	1.033353e-01	-4.107844e+00
4.402000e-05	3.532988e-02	-4.272712e+00
4.403000e-05	-1.345234e-01	-4.430558e+00
4.404000e-05	1.364908e-01	-4.527450e+00
4.405000e-05	-9.819152e-02	-4.734766e+00
4.406000e-05	3.387010e-02	-4.875738e+00
4.407000e-05	4.465802e-02	-5.041133e+00
4.408000e-05	-5.766697e-02	-5.232052e+00
4.409000e-05	1.015087e-01	-5.387926e+00
4.410000e-05	-8.313894e-02	-5.576947e+00
4.411000e-05	5.873106e-02	-5.706768e+00
4.412000e-05	-1.602492e-02	-5.822158e+00
4.413000e-05	-4.946001e-02	-5.997926e+00
4.414000e-05	1.062091e-01	-6.115266e+00
4.415000e-05	-7.817816e-02	-6.324816e+00
4.416000e-05	7.159163e-02	-6.441657e+00
4.417000e-05	-2.933500e-02	-6.578925e+00
4.418000e-05	-5.320933e-03	-6.705269e+00
4.419000e-05	5.233270e-02	-6.842687e+00
4.420000e-05	-6.209017e-02	-7.040503e+00
4.421000e-05	6.540365e-02	-7.158299e+00
4.422000e-05	-4.987525e-02	-7.295716e+00
4.423000e-05	5.067090e-02	-7.411506e+00
4.424000e-05	-3.214222e-03	-7.538421e+00
4.425000e-05	-1.062592e-02	-7.733340e+00
4.426000e-05	2.912878e-02	-7.843107e+00
4.427000e-05	-3.276565e-02	-7.980003e+00
4.428000e-05	5.262733e-02	-8.136264e+00
4.429000e-05	-2.696962e-02	-8.231555e+00
4.430000e-05	2.416051e-02	-8.305816e+00
4.431000e-05	-8.488405e-03	-8.461108e+00
4.432000e-05	1.361389e-02	-8.588376e+00
4.433000e-05	1.752175e-02	-8.705190e+00
4.434000e-05	-1.071217e-02	-8.832028e+00
4.435000e-05	1.688313e-02	-8.884236e+00
4.436000e-05	-8.451349e-03	-9.000954e+00
4.437000e-05	2.727884e-02	-9.094213e+00
4.438000e-05	-4.045778e-03	-9.169849e+00
4.439000e-05	1.043247e-02	-9.294217e+00
4.440000e-05	-2.499670e-03	-9.399400e+00
4.441000e-05	1.232803e-02	-9.505236e+00
4.442000e-05	1.074731e-02	-9.610028e+00
4.443000e-05	4.925925e-03	-9.715763e+00
4.444000e-05	9.394754e-03	-9.769871e+00
4.445000e-05	3.414547e-03	-9.863633e+00
4.446000e-05	1.778834e-02	-9.917795e+00
4.447000e-05	1.658176e-03	-1.001208e+01
4.448000e-05	9.849882e-03	-1.011467e+01
4.449000e-05	-2.052892e-03	-1.020040e+01
4.450000e-05	1.472606e-02	-1.026364e+01
4.451000e-05	1.083158e-02	-1.036730e+01
4.452000e-05	1.169470e-02	-1.044410e+01
4.453000e-05	6.448470e-03	-1.051624e+01
4.454000e-05	6.631963e-03	-1.058038e+01
4.455000e-05	1.164379e-02	-1.066255e+01
4.456000e-05	6.712618e-03	-1.071529e+01
4.457000e-05	9.878923e-03	-1.075885e+01
4.458000e-05	4.382701e-03	-1.082303e+01
4.459000e-05	1.574759e-02	-1.089309e+01
4.460000e-05	1.184880e-02	-1.090624e+01
4.461000e-05	1.237954e-02	-1.096634e+01
4.462000e-05	6.834758e-03	-1.098943e+01
4.463000e-05	8.592526e-03	-1.104406e+01
4.464000e-05	1.163665e-02	-1.112467e+01
4.465000e-05	1.297744e-02	-1.115827e+01
4.466000e-05	1.195653e-02	-1.119940e+01
4.467000e-05	9.855873e-03	-1.124141e+01
4.468000e-05	1.350344e-02	-1.123411e+01
4.469000e-05	1.412674e-02	-1.126306e+01
4.470000e-05	1.289035e-02	-1.136712e+01
4.471000e-05	1.089934e-02	-1.132532e+01
4.472000e-05	1.251638e-02	-1.136835e+01
4.473000e-05	1.599633e-02	-1.143895e+01
4.474000e-05	1.715744e-02	-1.140245e+01
4.475000e-05	1.494654e-02	-1.143103e+01
4.476000e-05	1.407666e-02	-1.147205e+01
4.477000e-05	1.610868e-02	-1.150459e+01
4.478000e-05	1.837828e-02	-1.144254e+01
4.479000e-05	1.819262e-02	-1.148516e+01
4.480000e-05	1.689804e-02	-1.151416e+01
4.481000e-05	1.739752e-02	-1.147569e+01
4.482000e-05	2.029815e-02	-1.148514e+01
4.483000e-05	2.189217e-02	-1.149559e+01
4.484000e-05	2.146989e-02	-1.151359e+01
4.485000e-05	2.056190e-02	-1.149371e+01
4.486000e-05	2.180225e-02	-1.144208e+01
4.487000e-05	2.516350e-02	-1.145151e+01
4.488000e-05	2.631152e-02	-1.143196e+01
4.489000e-05	2.644565e-02	-1.142888e+01
4.490000e-05	2.605132e-02	-1.138044e+01
4.491000e-05	2.826919e-02	-1.137724e+01
4.492000e-05	3.168533e-02	-1.129569e+01
4.493000e-05	3.256995e-02	-1.129456e+01
4.494000e-05	3.226408e-02	-1.122298e+01
4.495000e-05	3.387083e-02	-1.117085e+01
4.496000e-05	3.657521e-02	-1.116822e+01
4.497000e-05	3.904743e-02	-1.112719e+01
4.498000e-05	3.897793e-02	-1.110261e+01
4.499000e-05	3.926949e-02	-1.104300e+01
4.500000e-05	3.970007e-02	-1.096927e+01
4.501000e-05	4.213160e-02	-1.092624e+01
4.502000e-05	4.078395e-02	-1.090463e+01
4.503000e-05	3.726661e-02	-1.088251e+01
4.504000e-05	3.470581e-02	-1.082840e+01
4.505000e-05	3.216333e-02	-1.070722e+01
4.506000e-05	3.025867e-02	-1.070369e+01
4.507000e-05	2.592793e-02	-1.066148e+01
4.508000e-05	2.296423e-02	-1.061882e+01
4.509000e-05	2.082338e-02	-1.051461e+01
4.510000e-05	2.049493e-02	-1.043055e+01
4.511000e-05	1.988021e-02	-1.036934e+01
4.512000e-05	1.694059e-02	-1.024506e+01
4.513000e-05	1.392051e-02	-1.017840e+01
4.514000e-05	1.319106e-02	-1.010416e+01
4.515000e-05	1.262102e-02	-1.007095e+01
4.516000e-05	1.257396e-02	-9.938216e+00
4.517000e-05	1.071927e-02	-9.844634e+00
4.518000e-05	9.198079e-03	-9.780420e+00
4.519000e-05	8.713284e-03	-9.686189e+00
4.520000e-05	8.154025e-03	-9.630504e+00
4.521000e-05	6.588949e-03	-9.517164e+00
4.522000e-05	6.665659e-03	-9.429953e+00
4.523000e-05	6.475784e-03	-9.337088e+00
4.524000e-05	6.591910e-03	-9.219974e+00
4.525000e-05	6.141089e-03	-9.127163e+00
4.526000e-05	3.836820e-03	-8.989349e+00
4.527000e-05	3.821623e-03	-8.895187e+00
4.528000e-05	4.375106e-03	-8.840924e+00
4.529000e-05	4.028474e-03	-8.694665e+00
4.530000e-05	2.241580e-03	-8.579141e+00
4.531000e-05	2.790025e-03	-8.431458e+00
4.532000e-05	1.181943e-03	-8.305240e+00
4.533000e-05	2.203396e-03	-8.230480e+00
4.534000e-05	1.374389e-03	-8.117716e+00
4.535000e-05	2.956802e-03	-8.020355e+00
4.536000e-05	2.284008e-03	-7.872605e+00
4.537000e-05	2.344832e-03	-7.737243e+00
4.538000e-05	2.678544e-04	-7.579348e+00
4.539000e-05	5.485275e-04	-7.441428e+00
4.540000e-05	-1.552403e-03	-7.305190e+00
4.541000e-05	-5.698756e-04	-7.209898e+00
4.542000e-05	-2.859014e-04	-7.052556e+00
4.543000e-05	-4.151987e-04	-6.895112e+00
4.544000e-05	-7.723058e-05	-6.760920e+00
4.545000e-05	-6.969066e-05	-6.663005e+00
4.546000e-05	-2.929434e-04	-6.525239e+00
4.547000e-05	-1.785108e-03	-6.390424e+00
4.548000e-05	-1.718600e-03	-6.224077e+00
4.549000e-05	-3.379034e-03	-6.055084e+00
4.550000e-05	-3.485729e-03	-5.925337e+00
4.551000e-05	-2.143154e-03	-5.820470e+00
4.552000e-05	-1.927095e-03	-5.633108e+00
4.553000e-05	-1.958308e-03	-5.537240e+00
4.554000e-05	-2.424978e-03	-5.387812e+00
4.555000e-05	-2.728611e-03	-5.178293e+00
4.556000e-05	-3.276113e-03	-4.998922e+00
4.557000e-05	-4.100014e-03	-4.750319e+00
4.558000e-05	-4.113965e-03	-4.612099e+00
4.559000e-05	-4.947491e-03	-4.495187e+00
4.560000e-05	-4.333489e-03	-4.389845e+00
4.561000e-05	-4.288315e-03	-4.251478e+00
4.562000e-05	-3.988546e-03	-4.085132e+00
4.563000e-05	-4.406916e-03	-3.938867e+00
4.564000e-05	-4.708512e-03	-3.777346e+00
4.565000e-05	-3.561255e-03	-3.599401e+00
4.566000e-05	-4.545511e-03	-3.450554e+00
4.567000e-05	-5.847602e-03	-3.323159e+00
4.568000e-05	-7.688400e-03	-3.146816e+00
4.569000e-05	-4.982545e-03	-2.946816e+00
4.570000e-05	-3.728110e-03	-2.768496e+00
4.571000e-05	-5.112149e-03	-2.642052e+00
4.572000e-05	-7.458830e-03	-2.483633e+00
4.573000e-05	-6.668425e-03	-2.336316e+00
4.574000e-05	-4.683581e-03	-2.075291e+00
4.575000e-05	-4.685385e-03	-1.967841e+00
4.576000e-05	-7.125609e-03	-1.821079e+00
4.577000e-05	-8.532517e-03	-1.652680e+00
4.578000e-05	-7.119636e-03	-1.516183e+00
4.579000e-05	-5.548894e-03	-1.273605e+00
4.580000e-05	-6.104573e-03	-1.085214e+00
4.581000e-05	-7.710524e-03	-9.568434e-01
4.582000e-05	-7.536536e-03	-7.899199e-01
4.583000e-05	-6.233737e-03	-5.994276e-01
4.584000e-05	-5.530727e-03	-4.204250e-01
4.585000e-05	-7.587526e-03	-2.646603e-01
4.586000e-05	-8.636100e-03	-9.673353e-02
4.587000e-05	-4.823009e-03	1.217877e-02
4.588000e-05	6.136057e-04	2.336828e-01
4.589000e-05	-1.930976e-03	3.995500e-01
4.590000e-05	-1.920615e-03	5.363686e-01
4.591000e-05	-3.935686e-03	6.932353e-01
4.592000e-05	-2.735154e-03	8.311027e-01
4.593000e-05	-2.555078e-03	1.012579e+00
4.594000e-05	2.615283e-03	1.219077e+00
4.595000e-05	3.677908e-02	1.367873e+00
4.596000e-05	7.318781e-02	1.652083e+00
4.597000e-05	-3.064901e-02	1.832634e+00
4.598000e-05	-3.979853e-02	2.020025e+00
4.599000e-05	-6.038354e-02	2.156871e+00
4.600000e-05	-8.176741e-02	2.223129e+00
4.601000e-05	9.431926e-02	2.359449e+00
4.602000e-05	-1.719049e-02	2.610472e+00
4.603000e-05	-1.239706e-01	2.707822e+00
4.604000e-05	1.859746e-01	2.884760e+00
4.605000e-05	-6.167009e-02	3.083655e+00
4.606000e-05	-5.425774e-02	3.178446e+00
4.607000e-05	8.985285e-02	3.357842e+00
4.608000e-05	-1.068807e-01	3.536394e+00
4.609000e-05	-1.013993e-02	3.672237e+00
4.610000e-05	6.378807e-02	3.851685e+00
4.611000e-05	-4.154327e-02	4.010000e+00
4.612000e-05	4.553343e-02	4.179345e+00
4.613000e-05	-3.283463e-02	4.370297e+00
4.614000e-05	-2.940290e-02	4.504211e+00
4.615000e-05	2.020144e-02	4.651083e+00
4.616000e-05	-3.509347e-02	4.779950e+00
4.617000e-05	2.075010e-02	5.009524e+00
4.618000e-05	-2.166091e-02	5.210453e+00
4.619000e-05	2.552418e-02	5.337371e+00
4.620000e-05	-1.221310e-02	5.536263e+00
4.621000e-05	-2.145257e-02	5.622029e+00
4.622000e-05	1.344304e-02	5.810476e+00
4.623000e-05	-5.245994e-02	5.967370e+00
4.624000e-05	2.295352e-02	6.074233e+00
4.625000e-05	5.213499e-03	6.272556e+00
4.626000e-05	-1.034863e-02	6.346822e+00
4.627000e-05	3.297223e-04	6.475687e+00
4.628000e-05	-2.460521e-02	6.611633e+00
4.629000e-05	4.502943e-03	6.829950e+00
4.630000e-05	-1.716958e-02	6.935767e+00
4.631000e-05	-3.879172e-03	7.082609e+00
4.632000e-05	-1.341793e-02	7.187424e+00
4.633000e-05	-5.502512e-03	7.316265e+00
4.634000e-05	1.018422e-02	7.483630e+00
4.635000e-05	-1.596525e-02	7.651604e+00
4.636000e-05	-1.165169e-02	7.760848e+00
4.637000e-05	-2.000368e-02	7.925166e+00
4.638000e-05	-4.441978e-03	8.092104e+00
4.639000e-05	-2.819793e-03	8.149424e+00
4.640000e-05	-1.006561e-02	8.293686e+00
4.641000e-05	-8.963550e-03	8.419473e+00
4.642000e-05	-1.059018e-02	8.524689e+00
4.643000e-05	-1.137422e-03	8.609973e+00
4.644000e-05	-1.172176e-02	8.693635e+00
4.645000e-05	-1.673369e-02	8.780922e+00
4.646000e-05	-1.492334e-02	8.906134e+00
4.647000e-05	-6.897907e-03	9.011946e+00
4.648000e-05	-2.788150e-03	9.085237e+00
4.649000e-05	-1.106689e-02	9.231503e+00
4.650000e-05	-1.491958e-02	9.315716e+00
4.651000e-05	-1.289223e-02	9.398929e+00
4.652000e-05	-8.077763e-03	9.504137e+00
4.653000e-05	-1.085022e-02	9.576825e+00
4.654000e-05	-1.431183e-02	9.663610e+00
4.655000e-05	-1.273059e-02	9.788346e+00
4.656000e-05	-7.862989e-03	9.842982e+00
4.657000e-05	-7.644554e-03	9.936366e+00
4.658000e-05	-1.409782e-02	1.008308e+01
4.659000e-05	-1.840223e-02	1.013521e+01
4.660000e-05	-1.496134e-02	1.022092e+01
4.661000e-05	-1.036874e-02	1.027251e+01
4.662000e-05	-1.026889e-02	1.032774e+01
4.663000e-05	-1.562721e-02	1.039145e+01
4.664000e-05	-1.403817e-02	1.048504e+01
4.665000e-05	-1.250204e-02	1.052722e+01
4.666000e-05	-1.221007e-02	1.058985e+01
4.667000e-05	-1.630967e-02	1.067306e+01
4.668000e-05	-1.875239e-02	1.075822e+01
4.669000e-05	-1.629814e-02	1.081195e+01
4.670000e-05	-1.175811e-02	1.086348e+01
4.671000e-05	-1.231126e-02	1.092511e+01
4.672000e-05	-1.725407e-02	1.094677e+01
4.673000e-05	-1.918522e-02	1.100037e+01
4.674000e-05	-1.807101e-02	1.104298e+01
4.675000e-05	-1.461029e-02	1.110111e+01
4.676000e-05	-1.724321e-02	1.109566e+01
4.677000e-05	-1.795138e-02	1.113624e+01
4.678000e-05	-1.902487e-02	1.119787e+01
4.679000e-05	-1.699778e-02	1.122242e+01
4.680000e-05	-1.911312e-02	1.120208e+01
4.681000e-05	-2.105435e-02	1.131206e+01
4.682000e-05	-2.240479e-02	1.130549e+01
4.683000e-05	-2.121458e-02	1.134457e+01
4.684000e-05	-1.844454e-02	1.135724e+01
4.685000e-05	-1.928852e-02	1.138772e+01
4.686000e-05	-2.204336e-02	1.134874e+01
4.687000e-05	-2.379941e-02	1.140782e+01
4.688000e-05	-2.270275e-02	1.139777e+01
4.689000e-05	-2.333818e-02	1.138040e+01
4.690000e-05	-2.528493e-02	1.138988e+01
4.691000e-05	-2.709058e-02	1.142932e+01
4.692000e-05	-2.721616e-02	1.137932e+01
4.693000e-05	-2.636126e-02	1.140983e+01
4.694000e-05	-2.657530e-02	1.135940e+01
4.695000e-05	-2.847637e-02	1.139832e+01
4.696000e-05	-2.954522e-02	1.139827e+01
4.697000e-05	-3.052828e-02	1.137669e+01
4.698000e-05	-3.249515e-02	1.134716e+01
4.699000e-05	-3.483515e-02	1.135607e+01
4.700000e-05	-3.612481e-02	1.129413e+01
4.701000e-05	-3.671378e-02	1.128361e+01
4.702000e-05	-3.708975e-02	1.126253e+01
4.703000e-05	-3.844298e-02	1.121235e+01
4.704000e-05	-3.903222e-02	1.118932e+01
4.705000e-05	-4.270301e-02	1.110724e+01
4.706000e-05	-4.423661e-02	1.111613e+01
4.707000e-05	-4.549120e-02	1.106256e+01
4.708000e-05	-4.844992e-02	1.102990e+01
4.709000e-05	-4.941116e-02	1.098972e+01
4.710000e-05	-4.936435e-02	1.093869e+01
4.711000e-05	-4.646382e-02	1.090416e+01
4.712000e-05	-4.506132e-02	1.084253e+01
4.713000e-05	-4.375496e-02	1.079994e+01
4.714000e-05	-4.303420e-02	1.072664e+01
4.715000e-05	-3.861168e-02	1.066250e+01
4.716000e-05	-3.916370e-02	1.058975e+01
4.717000e-05	-3.291349e-02	1.055522e+01
4.718000e-05	-3.362750e-02	1.049443e+01
4.719000e-05	-2.514217e-02	1.039932e+01
4.720000e-05	-2.709255e-02	1.031518e+01
4.721000e-05	-2.342037e-02	1.024100e+01
4.722000e-05	-2.500315e-02	1.015884e+01
4.723000e-05	-2.541512e-02	1.011516e+01
4.724000e-05	-2.475083e-02	1.005290e+01
4.725000e-05	-2.263511e-02	9.947260e+00
4.726000e-05	-1.854247e-02	9.821503e+00
4.727000e-05	-1.745004e-02	9.769694e+00
4.728000e-05	-1.749935e-02	9.733531e+00
4.729000e-05	-1.754988e-02	9.538794e+00
4.730000e-05	-1.587855e-02	9.494533e+00
4.731000e-05	-1.863803e-02	9.398844e+00
4.732000e-05	-1.865327e-02	9.326183e+00
4.733000e-05	-1.851579e-02	9.241475e+00
4.734000e-05	-1.271423e-02	9.125161e+00
4.735000e-05	-1.130789e-02	9.000823e+00
4.736000e-05	-1.128960e-02	8.854956e+00
4.737000e-05	-1.369082e-02	8.749894e+00
4.738000e-05	-1.386714e-02	8.693555e+00
4.739000e-05	-1.379352e-02	8.577790e+00
4.740000e-05	-1.258506e-02	8.484077e+00
4.741000e-05	-1.369134e-02	8.347290e+00
4.742000e-05	-1.161224e-02	8.242399e+00
4.743000e-05	-1.109961e-02	8.175641e+00
4.744000e-05	-1.103960e-02	7.969847e+00
4.745000e-05	-1.092044e-02	7.872553e+00
4.746000e-05	-1.160126e-02	7.797140e+00
4.747000e-05	-1.104634e-02	7.592329e+00
4.748000e-05	-1.178762e-02	7.534605e+00
4.749000e-05	-9.824129e-03	7.367668e+00
4.750000e-05	-9.075496e-03	7.219845e+00
4.751000e-05	-9.951380e-03	7.074481e+00
4.752000e-05	-9.938936e-03	6.936640e+00
4.753000e-05	-9.904296e-03	6.840874e+00
4.754000e-05	-9.091034e-03	6.673505e+00
4.755000e-05	-9.587345e-03	6.495639e+00
4.756000e-05	-9.143792e-03	6.397844e+00
4.757000e-05	-8.386334e-03	6.252956e+00
4.758000e-05	-8.608692e-03	6.127187e+00
4.759000e-05	-8.832428e-03	6.000373e+00
4.760000e-05	-9.129722e-03	5.863530e+00
4.761000e-05	-8.953897e-03	5.673662e+00
4.762000e-05	-8.276189e-03	5.549820e+00
4.763000e-05	-7.760447e-03	5.409821e+00
4.764000e-05	-7.575408e-03	5.253424e+00
4.765000e-05	-7.996799e-03	5.051053e+00
4.766000e-05	-7.484046e-03	4.884605e+00
4.767000e-05	-7.442447e-03	4.704156e+00
4.768000e-05	-7.418690e-03	4.558292e+00
4.769000e-05	-7.881313e-03	4.441926e+00
4.770000e-05	-7.220412e-03	4.283933e+00
4.771000e-05	-7.100604e-03	4.054081e+00
4.772000e-05	-7.388347e-03	3.916637e+00
4.773000e-05	-7.156140e-03	3.796770e+00
4.774000e-05	-6.904309e-03	3.641930e+00
4.775000e-05	-6.984803e-03	3.454106e+00
4.776000e-05	-5.805203e-03	3.264057e+00
4.777000e-05	-5.866110e-03	3.137713e+00
4.778000e-05	-6.324627e-03	2.999345e+00
4.779000e-05	-5.643250e-03	2.831429e+00
4.780000e-05	-6.182661e-03	2.673556e+00
4.781000e-05	-6.625829e-03	2.463612e+00
4.782000e-05	-5.906244e-03	2.316739e+00
4.783000e-05	-6.076441e-03	2.138292e+00
4.784000e-05	-5.892181e-03	2.011421e+00
4.785000e-05	-4.783582e-03	1.893479e+00
4.786000e-05	-3.608427e-03	1.703585e+00
4.787000e-05	-6.580830e-03	1.516786e+00
4.788000e-05	-6.125677e-03	1.346763e+00
4.789000e-05	-5.665677e-03	1.188320e+00
4.790000e-05	-3.561831e-03	9.172647e-01
4.791000e-05	-5.339943e-03	7.703449e-01
4.792000e-05	-7.128685e-03	6.019276e-01
4.793000e-05	-5.628426e-03	4.636328e-01
4.794000e-05	-3.696425e-03	3.277393e-01
4.795000e-05	-3.158819e-03	1.052343e-01
4.796000e-05	-3.404586e-03	-6.170784e-02
4.797000e-05	-1.817579e-03	-1.901301e-01
4.798000e-05	3.768209e-03	-3.269208e-01
4.799000e-05	5.324785e-04	-4.836906e-01
4.800000e-05	2.372398e-03	-7.153594e-01
4.801000e-05	-1.823506e-03	-8.412341e-01
4.802000e-05	2.223122e-05	-9.890263e-01
4.803000e-05	-5.213862e-05	-1.185919e+00
4.804000e-05	2.125031e-02	-1.285367e+00
4.805000e-05	9.738513e-02	-1.525365e+00
4.806000e-05	-4.908878e-03	-1.757921e+00
4.807000e-05	-3.557486e-02	-2.029476e+00
4.808000e-05	-4.889997e-02	-2.158629e+00
4.809000e-05	-9.456616e-02	-2.345367e+00
4.810000e-05	1.542323e-01	-2.338949e+00
4.811000e-05	-5.596479e-02	-2.535369e+00
4.812000e-05	-1.105271e-01	-2.797871e+00
4.813000e-05	2.110707e-01	-2.800526e+00
4.814000e-05	-1.092406e-01	-2.990079e+00
4.815000e-05	-6.019433e-02	-3.250534e+00
4.816000e-05	1.561331e-01	-3.287470e+00
4.817000e-05	-1.528328e-01	-3.515316e+00
4.818000e-05	1.261150e-02	-3.662634e+00
4.819000e-05	8.988731e-02	-3.840594e+00
4.820000e-05	-1.030333e-01	-4.072155e+00
4.821000e-05	1.628468e-01	-4.187895e+00
4.822000e-05	-7.791061e-02	-4.295817e+00
4.823000e-05	-4.252784e-02	-4.423209e+00
4.824000e-05	1.024237e-01	-4.577972e+00
4.825000e-05	-1.269800e-01	-4.808998e+00
4.826000e-05	1.049056e-01	-4.946320e+00
4.827000e-05	-2.990522e-02	-5.083163e+00
4.828000e-05	5.928119e-03	-5.252635e+00
4.829000e-05	6.145113e-02	-5.381053e+00
4.830000e-05	-8.595469e-02	-5.631106e+00
4.831000e-05	9.307496e-02	-5.736822e+00
4.832000e-05	-8.326628e-02	-5.914163e+00
4.833000e-05	3.194309e-02	-6.041128e+00
4.834000e-05	5.431955e-02	-6.127472e+00
4.835000e-05	-6.240598e-02	-6.387350e+00
4.836000e-05	8.773917e-02	-6.483661e+00
4.837000e-05	-7.722439e-02	-6.641079e+00
4.838000e-05	5.462285e-02	-6.776872e+00
4.839000e-05	-8.149251e-03	-6.872738e+00
4.840000e-05	-1.829752e-02	-7.082558e+00
4.841000e-05	4.698369e-02	-7.198004e+00
4.842000e-05	-4.452199e-02	-7.315348e+00
4.843000e-05	6.937656e-02	-7.412579e+00
4.844000e-05	-4.038008e-02	-7.618458e+00
4.845000e-05	2.591764e-02	-7.768822e+00
4.846000e-05	-9.990812e-03	-7.922764e+00
4.847000e-05	-3.610601e-04	-8.040035e+00
4.848000e-05	3.263977e-02	-8.167395e+00
4.849000e-05	-2.254571e-02	-8.252683e+00
4.850000e-05	3.016394e-02	-8.357469e+00
4.851000e-05	-1.360675e-02	-8.464661e+00
4.852000e-05	3.052035e-02	-8.601423e+00
4.853000e-05	-2.611257e-03	-8.763694e+00
4.854000e-05	1.290188e-03	-8.833134e+00
4.855000e-05	6.623458e-03	-8.947193e+00
4.856000e-05	-4.042330e-04	-9.051479e+00
4.857000e-05	2.132247e-02	-9.147246e+00
4.858000e-05	-7.113148e-03	-9.222055e+00
4.859000e-05	1.714033e-02	-9.317270e+00
4.860000e-05	-6.919719e-04	-9.431054e+00
4.861000e-05	2.015214e-02	-9.494265e+00
4.862000e-05	2.955745e-03	-9.621609e+00
4.863000e-05	6.447790e-03	-9.767241e+00
4.864000e-05	4.203099e-03	-9.811429e+00
4.865000e-05	7.412001e-03	-9.863636e+00
4.866000e-05	1.425505e-02	-9.979397e+00
4.867000e-05	3.283566e-03	-1.003158e+01
4.868000e-05	1.054444e-02	-1.015572e+01
4.869000e-05	1.910354e-03	-1.024950e+01
4.870000e-05	1.763816e-02	-1.031617e+01
4.871000e-05	7.015717e-03	-1.041885e+01
4.872000e-05	1.007687e-02	-1.047269e+01
4.873000e-05	3.070852e-03	-1.053679e+01
4.874000e-05	1.121856e-02	-1.062000e+01
4.875000e-05	9.932989e-03	-1.066353e+01
4.876000e-05	8.478740e-03	-1.070574e+01
4.877000e-05	7.793239e-03	-1.074890e+01
4.878000e-05	8.493907e-03	-1.084298e+01
4.879000e-05	1.649846e-02	-1.089461e+01
4.880000e-05	1.114148e-02	-1.093626e+01
4.881000e-05	1.136127e-02	-1.098730e+01
4.882000e-05	6.890591e-03	-1.099098e+01
4.883000e-05	1.034494e-02	-1.108418e+01
4.884000e-05	1.262829e-02	-1.112677e+01
4.885000e-05	1.096567e-02	-1.113777e+01
4.886000e-05	1.078524e-02	-1.119942e+01
4.887000e-05	1.161761e-02	-1.120000e+01
4.888000e-05	1.588113e-02	-1.127361e+01
4.889000e-05	1.366324e-02	-1.132409e+01
4.890000e-05	1.264132e-02	-1.135524e+01
4.891000e-05	1.142369e-02	-1.132727e+01
4.892000e-05	1.350226e-02	-1.139885e+01
4.893000e-05	1.670589e-02	-1.140190e+01
4.894000e-05	1.575667e-02	-1.140998e+01
4.895000e-05	1.324406e-02	-1.148203e+01
4.896000e-05	1.420890e-02	-1.144157e+01
4.897000e-05	1.690746e-02	-1.147358e+01
4.898000e-05	1.794333e-02	-1.150469e+01
4.899000e-05	1.744430e-02	-1.149562e+01
4.900000e-05	1.751479e-02	-1.153329e+01
4.901000e-05	1.958493e-02	-1.149514e+01
4.902000e-05	2.096082e-02	-1.151411e+01
4.903000e-05	2.202014e-02	-1.148554e+01
4.904000e-05	1.988114e-02	-1.148211e+01
4.905000e-05	2.022035e-02	-1.147306e+01
4.906000e-05	2.275105e-02	-1.145314e+01
4.907000e-05	2.509313e-02	-1.145038e+01
4.908000e-05	2.614159e-02	-1.141943e+01
4.909000e-05	2.669495e-02	-1.137833e+01
4.910000e-05	2.884869e-02	-1.138787e+01
4.911000e-05	3.137765e-02	-1.135772e+01
4.912000e-05	3.130428e-02	-1.130704e+01
4.913000e-05	3.102252e-02	-1.130304e+01
4.914000e-05	3.232697e-02	-1.128090e+01
4.915000e-05	3.409375e-02	-1.119940e+01
4.916000e-05	3.665074e-02	-1.117632e+01
4.917000e-05	3.927829e-02	-1.113416e+01
4.918000e-05	3.908302e-02	-1.105408e+01
4.919000e-05	4.207555e-02	-1.098145e+01
4.920000e-05	4.275743e-02	-1.095737e+01
4.921000e-05	4.196065e-02	-1.093621e+01
4.922000e-05	3.804291e-02	-1.088464e+01
4.923000e-05	3.470357e-02	-1.082097e+01
4.924000e-05	3.345757e-02	-1.076795e+01
4.925000e-05	3.037563e-02	-1.072574e+01
4.926000e-05	2.858579e-02	-1.069356e+01
4.927000e-05	2.633672e-02	-1.062953e+01
4.928000e-05	2.476468e-02	-1.054732e+01
4.929000e-05	2.365044e-02	-1.050364e+01
4.930000e-05	2.069699e-02	-1.041092e+01
4.931000e-05	1.773415e-02	-1.035672e+01
4.932000e-05	1.558152e-02	-1.024103e+01
4.933000e-05	1.430338e-02	-1.017985e+01
4.934000e-05	1.346988e-02	-1.012361e+01
4.935000e-05	1.227178e-02	-9.999475e+00
4.936000e-05	1.183579e-02	-9.906765e+00
4.937000e-05	1.039390e-02	-9.852979e+00
4.938000e-05	1.099491e-02	-9.768319e+00
4.939000e-05	9.243186e-03	-9.663587e+00
4.940000e-05	8.107995e-03	-9.620902e+00
4.941000e-05	6.836903e-03	-9.496139e+00
4.942000e-05	7.003747e-03	-9.428273e+00
4.943000e-05	5.600108e-03	-9.295037e+00
4.944000e-05	5.871152e-03	-9.158398e+00
4.945000e-05	4.641149e-03	-9.074612e+00
4.946000e-05	4.454569e-03	-8.968767e+00
4.947000e-05	5.227266e-03	-8.854610e+00
4.948000e-05	4.712318e-03	-8.768246e+00
4.949000e-05	3.830053e-03	-8.613080e+00
4.950000e-05	3.344748e-03	-8.537743e+00
4.951000e-05	3.190160e-03	-8.390973e+00
4.952000e-05	3.850037e-04	-8.304637e+00
4.953000e-05	7.129096e-04	-8.187845e+00
4.954000e-05	2.316073e-03	-8.083682e+00
4.955000e-05	2.701604e-03	-7.979848e+00
4.956000e-05	2.728422e-04	-7.862854e+00
4.957000e-05	2.451751e-03	-7.685958e+00
4.958000e-05	2.108381e-03	-7.559265e+00
4.959000e-05	8.987155e-04	-7.401374e+00
4.960000e-05	-3.653461e-03	-7.273982e+00
4.961000e-05	-8.360914e-04	-7.139443e+00
4.962000e-05	-4.726530e-05	-7.020977e+00
4.963000e-05	1.156818e-03	-6.884654e+00
4.964000e-05	-1.390356e-03	-6.727441e+00
4.965000e-05	-1.532035e-03	-6.610870e+00
4.966000e-05	-1.311023e-03	-6.503109e+00
4.967000e-05	-1.708059e-03	-6.358319e+00
4.968000e-05	-3.039193e-03	-6.209318e+00
4.969000e-05	-3.292053e-03	-6.040029e+00
4.970000e-05	-3.135841e-03	-5.886186e+00
4.971000e-05	-2.639737e-04	-5.767313e+00
4.972000e-05	-1.425789e-03	-5.620973e+00
4.973000e-05	-2.584600e-03	-5.462633e+00
4.974000e-05	-4.483759e-03	-5.255085e+00
4.975000e-05	-3.640117e-03	-5.114237e+00
4.976000e-05	-4.121061e-03	-4.937685e+00
4.977000e-05	-4.583620e-03	-4.716792e+00
4.978000e-05	-4.279416e-03	-4.578494e+00
4.979000e-05	-3.905741e-03	-4.422029e+00
4.980000e-05	-1.830323e-03	-4.316737e+00
4.981000e-05	-2.509243e-03	-4.190945e+00
4.982000e-05	-4.794060e-03	-4.072004e+00
4.983000e-05	-5.595159e-03	-3.915638e+00
4.984000e-05	-4.964554e-03	-3.706191e+00
4.985000e-05	-5.156886e-03	-3.556291e+00
4.986000e-05	-5.248316e-03	-3.420494e+00
4.987000e-05	-6.341159e-03	-3.241635e+00
4.988000e-05	-5.684211e-03	-3.083612e+00
4.989000e-05	-3.675576e-03	-2.894082e+00
4.990000e-05	-4.392479e-03	-2.765765e+00
4.991000e-05	-4.572373e-03	-2.568869e+00
4.992000e-05	-6.501894e-03	-2.411004e+00
4.993000e-05	-6.406581e-03	-2.262655e+00
4.994000e-05	-6.198913e-03	-2.032178e+00
4.995000e-05	-7.181453e-03	-1.934740e+00
4.996000e-05	-7.263202e-03	-1.769321e+00
4.997000e-05	-7.658342e-03	-1.630025e+00
4.998000e-05	-5.634083e-03	-1.403428e+00
4.999000e-05	-4.129921e-03	-1.200029e+00
