# 260826_11:46:37.806503
t	CH1	CH2
0.000000e+00	2.228502e-02	4.928813e+00
1.000000e-08	-2.277835e-02	5.147889e+00
2.000000e-08	1.711138e-02	5.306790e+00
3.000000e-08	4.452318e-03	5.464208e+00
4.000000e-08	-3.634120e-02	5.569470e+00
5.000000e-08	2.703295e-02	5.709816e+00
6.000000e-08	-5.318693e-02	5.936786e+00
7.000000e-08	5.824808e-03	6.043181e+00
8.000000e-08	2.135611e-02	6.138998e+00
9.000000e-08	-1.972335e-02	6.305411e+00
1.000000e-07	5.552837e-03	6.424655e+00
1.100000e-07	-2.398472e-02	6.563052e+00
1.200000e-07	5.317149e-04	6.769020e+00
1.300000e-07	-9.248970e-03	6.875288e+00
1.400000e-07	-1.127060e-02	6.994232e+00
1.500000e-07	-8.120342e-03	7.089391e+00
1.600000e-07	-1.375458e-02	7.245287e+00
1.700000e-07	1.677959e-02	7.383174e+00
1.800000e-07	-1.570158e-02	7.569544e+00
1.900000e-07	-1.150605e-02	7.696391e+00
2.000000e-07	-1.539725e-02	7.844340e+00
2.100000e-07	-1.035933e-02	8.064150e+00
2.200000e-07	2.972436e-03	8.057415e+00
2.300000e-07	-1.396718e-02	8.243758e+00
2.400000e-07	-7.371038e-03	8.359519e+00
2.500000e-07	-1.168407e-02	8.434207e+00
2.600000e-07	1.297401e-03	8.540023e+00
2.700000e-07	-8.201243e-03	8.612204e+00
2.800000e-07	-1.769135e-02	8.688440e+00
2.900000e-07	-1.394142e-02	8.862331e+00
3.000000e-07	-1.066674e-02	8.979520e+00
3.100000e-07	-1.342096e-04	9.044263e+00
3.200000e-07	-1.197953e-02	9.157528e+00
3.300000e-07	-1.260828e-02	9.255258e+00
3.400000e-07	-1.300869e-02	9.349120e+00
3.500000e-07	-6.707928e-03	9.443232e+00
3.600000e-07	-9.430697e-03	9.517493e+00
3.700000e-07	-1.506894e-02	9.591154e+00
3.800000e-07	-1.274202e-02	9.708395e+00
3.900000e-07	-9.873730e-03	9.794151e+00
4.000000e-07	-5.675700e-03	9.885844e+00
4.100000e-07	-1.332005e-02	9.989550e+00
4.200000e-07	-1.703082e-02	1.006626e+01
4.300000e-07	-1.660234e-02	1.011894e+01
4.400000e-07	-1.017449e-02	1.017373e+01
4.500000e-07	-9.544383e-03	1.025584e+01
4.600000e-07	-1.483039e-02	1.030852e+01
4.700000e-07	-1.551847e-02	1.045418e+01
4.800000e-07	-1.344481e-02	1.049695e+01
4.900000e-07	-1.125214e-02	1.054000e+01
5.000000e-07	-1.586958e-02	1.062373e+01
5.100000e-07	-1.875525e-02	1.067539e+01
5.200000e-07	-1.750547e-02	1.073855e+01
5.300000e-07	-1.167963e-02	1.083215e+01
5.400000e-07	-1.084734e-02	1.083429e+01
5.500000e-07	-1.708580e-02	1.088734e+01
5.600000e-07	-1.936078e-02	1.090895e+01
5.700000e-07	-1.833941e-02	1.098220e+01
5.800000e-07	-1.598023e-02	1.100478e+01
5.900000e-07	-1.700194e-02	1.103326e+01
6.000000e-07	-2.075479e-02	1.111636e+01
6.100000e-07	-1.662025e-02	1.113847e+01
6.200000e-07	-1.715584e-02	1.113974e+01
6.300000e-07	-1.497877e-02	1.115208e+01
6.400000e-07	-2.210096e-02	1.122973e+01
6.500000e-07	-2.309230e-02	1.123378e+01
6.600000e-07	-2.387179e-02	1.125278e+01
6.700000e-07	-1.837461e-02	1.128699e+01
6.800000e-07	-1.975396e-02	1.130844e+01
6.900000e-07	-2.102842e-02	1.130042e+01
7.000000e-07	-2.234076e-02	1.130900e+01
7.100000e-07	-2.100408e-02	1.135012e+01
7.200000e-07	-2.078384e-02	1.133105e+01
7.300000e-07	-2.554348e-02	1.132952e+01
7.400000e-07	-2.666837e-02	1.135162e+01
7.500000e-07	-2.679679e-02	1.134108e+01
7.600000e-07	-2.372151e-02	1.135012e+01
7.700000e-07	-2.565562e-02	1.136203e+01
7.800000e-07	-2.607540e-02	1.133107e+01
7.900000e-07	-2.949350e-02	1.133795e+01
8.000000e-07	-2.642646e-02	1.130944e+01
8.100000e-07	-2.993123e-02	1.125936e+01
8.200000e-07	-3.132982e-02	1.130741e+01
8.300000e-07	-3.408810e-02	1.126638e+01
8.400000e-07	-3.268313e-02	1.121281e+01
8.500000e-07	-3.037053e-02	1.115210e+01
8.600000e-07	-3.067682e-02	1.118105e+01
8.700000e-07	-3.257762e-02	1.112895e+01
8.800000e-07	-3.708563e-02	1.110631e+01
8.900000e-07	-3.622749e-02	1.105524e+01
9.000000e-07	-3.746525e-02	1.104318e+01
9.100000e-07	-3.949943e-02	1.099170e+01
9.200000e-07	-4.011058e-02	1.093847e+01
9.300000e-07	-4.177939e-02	1.089742e+01
9.400000e-07	-3.900560e-02	1.085579e+01
9.500000e-07	-4.451434e-02	1.083213e+01
9.600000e-07	-4.540412e-02	1.074955e+01
9.700000e-07	-5.010531e-02	1.064694e+01
9.800000e-07	-4.716675e-02	1.059473e+01
9.900000e-07	-4.878196e-02	1.059260e+01
1.000000e-06	-4.837465e-02	1.050850e+01
1.010000e-06	-5.132395e-02	1.040426e+01
1.020000e-06	-4.968043e-02	1.034967e+01
1.030000e-06	-4.783461e-02	1.029632e+01
1.040000e-06	-4.715064e-02	1.022318e+01
1.050000e-06	-4.674595e-02	1.014007e+01
1.060000e-06	-4.548837e-02	1.009637e+01
1.070000e-06	-4.080400e-02	9.992181e+00
1.080000e-06	-3.780484e-02	9.897425e+00
1.090000e-06	-3.527478e-02	9.804210e+00
1.100000e-06	-3.652932e-02	9.749025e+00
1.110000e-06	-3.313342e-02	9.644781e+00
1.120000e-06	-3.048388e-02	9.530471e+00
1.130000e-06	-2.750336e-02	9.424786e+00
1.140000e-06	-2.804339e-02	9.380026e+00
1.150000e-06	-2.689905e-02	9.315844e+00
1.160000e-06	-2.432307e-02	9.203728e+00
1.170000e-06	-2.171491e-02	9.106894e+00
1.180000e-06	-2.137319e-02	8.971629e+00
1.190000e-06	-2.284641e-02	8.896236e+00
1.200000e-06	-2.120712e-02	8.751594e+00
1.210000e-06	-1.935704e-02	8.645710e+00
1.220000e-06	-1.793060e-02	8.517996e+00
1.230000e-06	-1.962217e-02	8.484789e+00
1.240000e-06	-1.843137e-02	8.360048e+00
1.250000e-06	-1.758362e-02	8.203711e+00
1.260000e-06	-1.470492e-02	8.119965e+00
1.270000e-06	-1.538874e-02	7.980655e+00
1.280000e-06	-1.538961e-02	7.835233e+00
1.290000e-06	-1.536238e-02	7.708446e+00
1.300000e-06	-1.386087e-02	7.593659e+00
1.310000e-06	-1.323246e-02	7.455841e+00
1.320000e-06	-1.297771e-02	7.315519e+00
1.330000e-06	-1.428115e-02	7.209626e+00
1.340000e-06	-1.267768e-02	7.073766e+00
1.350000e-06	-1.198440e-02	6.947394e+00
1.360000e-06	-1.142309e-02	6.792631e+00
1.370000e-06	-1.176993e-02	6.647288e+00
1.380000e-06	-1.246518e-02	6.578972e+00
1.390000e-06	-1.138396e-02	6.352024e+00
1.400000e-06	-1.051594e-02	6.252740e+00
1.410000e-06	-1.004103e-02	6.146868e+00
1.420000e-06	-1.097944e-02	6.011602e+00
1.430000e-06	-1.088419e-02	5.875215e+00
1.440000e-06	-9.395329e-03	5.675343e+00
1.450000e-06	-8.500498e-03	5.558474e+00
1.460000e-06	-8.554190e-03	5.422052e+00
1.470000e-06	-9.517893e-03	5.273185e+00
1.480000e-06	-8.576944e-03	5.075792e+00
1.490000e-06	-7.633677e-03	4.863735e+00
1.500000e-06	-8.210144e-03	4.746792e+00
1.510000e-06	-8.482054e-03	4.560553e+00
1.520000e-06	-7.796332e-03	4.422579e+00
1.530000e-06	-8.523606e-03	4.304291e+00
1.540000e-06	-7.883686e-03	4.083242e+00
1.550000e-06	-6.649187e-03	3.928921e+00
1.560000e-06	-5.815833e-03	3.800574e+00
1.570000e-06	-7.672524e-03	3.642159e+00
1.580000e-06	-8.147655e-03	3.517266e+00
1.590000e-06	-6.457164e-03	3.303920e+00
1.600000e-06	-5.019338e-03	3.148896e+00
1.610000e-06	-5.945744e-03	3.039603e+00
1.620000e-06	-7.514459e-03	2.854132e+00
1.630000e-06	-6.845158e-03	2.727347e+00
1.640000e-06	-5.664377e-03	2.533763e+00
1.650000e-06	-4.971615e-03	2.357422e+00
1.660000e-06	-6.256105e-03	2.169500e+00
1.670000e-06	-7.175736e-03	2.051579e+00
1.680000e-06	-5.473097e-03	1.876765e+00
1.690000e-06	-5.484004e-03	1.707417e+00
1.700000e-06	-4.783578e-03	1.558870e+00
1.710000e-06	-6.412468e-03	1.367999e+00
1.720000e-06	-6.287346e-03	1.221048e+00
1.730000e-06	-5.458120e-03	1.001624e+00
1.740000e-06	-4.533379e-03	8.404766e-01
1.750000e-06	-4.794343e-03	6.741592e-01
1.760000e-06	-5.623308e-03	4.941897e-01
1.770000e-06	-5.161418e-03	3.878974e-01
1.780000e-06	-3.344380e-03	1.474988e-01
1.790000e-06	-4.116163e-03	-1.999894e-02
1.800000e-06	-2.304107e-03	-1.694222e-01
1.810000e-06	2.637182e-03	-3.477857e-01
1.820000e-06	1.497207e-03	-4.510539e-01
1.830000e-06	1.275460e-03	-6.200292e-01
1.840000e-06	-4.718182e-04	-7.910502e-01
1.850000e-06	-2.029988e-04	-9.594459e-01
1.860000e-06	-1.094210e-03	-1.094260e+00
1.870000e-06	9.040681e-03	-1.223154e+00
1.880000e-06	8.462245e-02	-1.463657e+00
1.890000e-06	3.115059e-02	-1.654230e+00
1.900000e-06	-4.706391e-02	-1.946417e+00
1.910000e-06	-2.466064e-02	-2.128368e+00
1.920000e-06	-1.259508e-01	-2.307790e+00
1.930000e-06	1.278181e-01	-2.308895e+00
1.940000e-06	2.230278e-02	-2.443155e+00
1.950000e-06	-1.877965e-01	-2.726336e+00
1.960000e-06	2.169870e-01	-2.769449e+00
1.970000e-06	-2.234095e-02	-2.886815e+00
1.980000e-06	-1.523681e-01	-3.210575e+00
1.990000e-06	1.844636e-01	-3.296336e+00
2.000000e-06	-9.876503e-02	-3.474808e+00
2.010000e-06	-7.784487e-02	-3.590628e+00
2.020000e-06	1.551432e-01	-3.694662e+00
2.030000e-06	-1.291684e-01	-3.940474e+00
2.040000e-06	1.300073e-01	-4.137418e+00
2.050000e-06	9.646180e-03	-4.233654e+00
2.060000e-06	-1.265137e-01	-4.401602e+00
2.070000e-06	1.409595e-01	-4.516912e+00
2.080000e-06	-1.198579e-01	-4.696821e+00
2.090000e-06	6.557020e-02	-4.876331e+00
2.100000e-06	2.399176e-02	-5.002550e+00
2.110000e-06	-5.082300e-02	-5.193600e+00
2.120000e-06	1.048688e-01	-5.308423e+00
2.130000e-06	-1.041612e-01	-5.568066e+00
2.140000e-06	8.489901e-02	-5.705787e+00
2.150000e-06	-4.229472e-02	-5.801152e+00
2.160000e-06	-3.334768e-02	-5.949471e+00
2.170000e-06	1.117947e-01	-6.046863e+00
2.180000e-06	-9.511062e-02	-6.304886e+00
2.190000e-06	9.671696e-02	-6.421655e+00
2.200000e-06	-5.892362e-02	-6.507500e+00
2.210000e-06	1.509480e-02	-6.696337e+00
2.220000e-06	4.099760e-02	-6.811653e+00
2.230000e-06	-5.856069e-02	-6.983096e+00
2.240000e-06	7.535551e-02	-7.125946e+00
2.250000e-06	-6.390827e-02	-7.255761e+00
2.260000e-06	7.345487e-02	-7.370952e+00
2.270000e-06	-2.416409e-02	-7.509446e+00
2.280000e-06	4.973177e-03	-7.656339e+00
2.290000e-06	1.975413e-02	-7.813277e+00
2.300000e-06	-3.523882e-02	-7.938576e+00
2.310000e-06	6.196956e-02	-8.065808e+00
2.320000e-06	-3.878717e-02	-8.183150e+00
2.330000e-06	4.056997e-02	-8.306940e+00
2.340000e-06	-1.912076e-02	-8.371653e+00
2.350000e-06	2.335636e-02	-8.510544e+00
2.360000e-06	1.372321e-02	-8.644311e+00
2.370000e-06	-1.396649e-02	-8.802073e+00
2.380000e-06	1.874650e-02	-8.834861e+00
2.390000e-06	-1.595559e-02	-8.979550e+00
2.400000e-06	3.775028e-02	-9.053737e+00
2.410000e-06	-9.296966e-03	-9.148050e+00
2.420000e-06	1.781840e-02	-9.275288e+00
2.430000e-06	-5.304090e-03	-9.331549e+00
2.440000e-06	1.258985e-02	-9.465811e+00
2.450000e-06	9.219788e-03	-9.531075e+00
2.460000e-06	2.155767e-03	-9.644859e+00
2.470000e-06	9.372066e-03	-9.708473e+00
2.480000e-06	2.151275e-03	-9.822656e+00
2.490000e-06	2.182988e-02	-9.855913e+00
2.500000e-06	1.828968e-03	-9.960079e+00
2.510000e-06	1.102099e-02	-1.005586e+01
2.520000e-06	-3.925950e-03	-1.011905e+01
2.530000e-06	1.437290e-02	-1.022423e+01
2.540000e-06	9.206601e-03	-1.029644e+01
2.550000e-06	1.183214e-02	-1.041115e+01
2.560000e-06	6.622551e-03	-1.045524e+01
2.570000e-06	7.914662e-03	-1.054955e+01
2.580000e-06	1.223467e-02	-1.057110e+01
2.590000e-06	7.096861e-03	-1.064633e+01
2.600000e-06	1.022952e-02	-1.072747e+01
2.610000e-06	3.242100e-03	-1.074915e+01
2.620000e-06	1.499578e-02	-1.082226e+01
2.630000e-06	1.144404e-02	-1.084531e+01
2.640000e-06	1.398807e-02	-1.088749e+01
2.650000e-06	6.518946e-03	-1.094957e+01
2.660000e-06	7.977436e-03	-1.098268e+01
2.670000e-06	1.169363e-02	-1.105323e+01
2.680000e-06	1.337400e-02	-1.109542e+01
2.690000e-06	1.299287e-02	-1.112854e+01
2.700000e-06	1.082508e-02	-1.117116e+01
2.710000e-06	1.435963e-02	-1.119178e+01
2.720000e-06	1.432039e-02	-1.123521e+01
2.730000e-06	1.271043e-02	-1.123434e+01
2.740000e-06	1.010869e-02	-1.128786e+01
2.750000e-06	1.204875e-02	-1.130800e+01
2.760000e-06	1.716735e-02	-1.133797e+01
2.770000e-06	1.713942e-02	-1.133917e+01
2.780000e-06	1.581837e-02	-1.132958e+01
2.790000e-06	1.389244e-02	-1.139126e+01
2.800000e-06	1.628196e-02	-1.137276e+01
2.810000e-06	1.742834e-02	-1.142323e+01
2.820000e-06	1.777598e-02	-1.143223e+01
2.830000e-06	1.597860e-02	-1.142386e+01
2.840000e-06	1.817060e-02	-1.144363e+01
2.850000e-06	2.126442e-02	-1.143386e+01
2.860000e-06	2.080388e-02	-1.140376e+01
2.870000e-06	2.028309e-02	-1.142031e+01
2.880000e-06	1.905060e-02	-1.142423e+01
2.890000e-06	2.256661e-02	-1.136316e+01
2.900000e-06	2.324239e-02	-1.137313e+01
2.910000e-06	2.443551e-02	-1.135952e+01
2.920000e-06	2.293394e-02	-1.130952e+01
2.930000e-06	2.416339e-02	-1.127902e+01
2.940000e-06	2.635028e-02	-1.132544e+01
2.950000e-06	2.732566e-02	-1.125532e+01
2.960000e-06	2.684448e-02	-1.119123e+01
2.970000e-06	2.650461e-02	-1.119308e+01
2.980000e-06	2.824410e-02	-1.115065e+01
2.990000e-06	3.055468e-02	-1.111344e+01
3.000000e-06	3.142661e-02	-1.108428e+01
3.010000e-06	3.120894e-02	-1.101113e+01
3.020000e-06	3.173953e-02	-1.095000e+01
3.030000e-06	3.406530e-02	-1.089849e+01
3.040000e-06	3.611429e-02	-1.086532e+01
3.050000e-06	3.590017e-02	-1.082376e+01
3.060000e-06	3.690690e-02	-1.076055e+01
3.070000e-06	3.821484e-02	-1.077897e+01
3.080000e-06	4.141024e-02	-1.067539e+01
3.090000e-06	4.151969e-02	-1.062368e+01
3.100000e-06	4.260963e-02	-1.056113e+01
3.110000e-06	4.229511e-02	-1.051794e+01
3.120000e-06	4.220054e-02	-1.044426e+01
3.130000e-06	4.169611e-02	-1.039813e+01
3.140000e-06	3.996678e-02	-1.027589e+01
3.150000e-06	3.762035e-02	-1.020335e+01
3.160000e-06	3.567837e-02	-1.011855e+01
3.170000e-06	3.384930e-02	-1.007278e+01
3.180000e-06	3.171331e-02	-9.970150e+00
3.190000e-06	2.850882e-02	-9.857337e+00
3.200000e-06	2.567343e-02	-9.821157e+00
3.210000e-06	2.390457e-02	-9.738023e+00
3.220000e-06	2.249644e-02	-9.664257e+00
3.230000e-06	2.106819e-02	-9.581051e+00
3.240000e-06	1.742747e-02	-9.465885e+00
3.250000e-06	1.637985e-02	-9.359652e+00
3.260000e-06	1.472823e-02	-9.305809e+00
3.270000e-06	1.552522e-02	-9.138443e+00
3.280000e-06	1.322556e-02	-9.054737e+00
3.290000e-06	1.166067e-02	-8.957445e+00
3.300000e-06	1.113760e-02	-8.834708e+00
3.310000e-06	1.198243e-02	-8.729523e+00
3.320000e-06	1.134764e-02	-8.634236e+00
3.330000e-06	8.987376e-03	-8.516369e+00
3.340000e-06	6.740493e-03	-8.370102e+00
3.350000e-06	4.658858e-03	-8.305215e+00
3.360000e-06	5.210859e-03	-8.169049e+00
3.370000e-06	6.311124e-03	-8.064811e+00
3.380000e-06	6.668538e-03	-7.940024e+00
3.390000e-06	4.796820e-03	-7.842661e+00
3.400000e-06	4.847648e-03	-7.663912e+00
3.410000e-06	5.497549e-03	-7.546943e+00
3.420000e-06	3.595514e-03	-7.379630e+00
3.430000e-06	1.748370e-03	-7.265837e+00
3.440000e-06	1.186151e-03	-7.190521e+00
3.450000e-06	2.165642e-03	-6.972682e+00
3.460000e-06	2.307545e-03	-6.864259e+00
3.470000e-06	2.813386e-03	-6.736921e+00
3.480000e-06	2.545416e-03	-6.610104e+00
3.490000e-06	3.249756e-03	-6.484838e+00
3.500000e-06	3.164818e-04	-6.368926e+00
3.510000e-06	-5.399056e-04	-6.210155e+00
3.520000e-06	-1.115583e-03	-6.062578e+00
3.530000e-06	-3.736450e-04	-5.924787e+00
3.540000e-06	-1.404746e-03	-5.739598e+00
3.550000e-06	-2.013563e-03	-5.651181e+00
3.560000e-06	-1.546681e-03	-5.415793e+00
3.570000e-06	-7.395292e-04	-5.263287e+00
3.580000e-06	-9.905154e-04	-5.115391e+00
3.590000e-06	-1.174774e-03	-4.928392e+00
3.600000e-06	-1.737387e-03	-4.745401e+00
3.610000e-06	-2.563431e-03	-4.609574e+00
3.620000e-06	-2.481467e-03	-4.463685e+00
3.630000e-06	-3.939633e-03	-4.328870e+00
3.640000e-06	-5.264878e-03	-4.189050e+00
3.650000e-06	-3.898851e-03	-4.071603e+00
3.660000e-06	-1.468661e-03	-3.875295e+00
3.670000e-06	-2.134928e-03	-3.684866e+00
3.680000e-06	-3.253343e-03	-3.528049e+00
3.690000e-06	-4.879366e-03	-3.429055e+00
3.700000e-06	-4.255131e-03	-3.262208e+00
3.710000e-06	-5.226072e-03	-3.135842e+00
3.720000e-06	-6.658615e-03	-2.874338e+00
3.730000e-06	-6.389631e-03	-2.769447e+00
3.740000e-06	-5.623285e-03	-2.569450e+00
3.750000e-06	-3.020609e-03	-2.480603e+00
3.760000e-06	-3.719998e-03	-2.294693e+00
3.770000e-06	-4.424598e-03	-2.093160e+00
3.780000e-06	-6.317852e-03	-1.937347e+00
3.790000e-06	-7.460426e-03	-1.780526e+00
3.800000e-06	-6.407334e-03	-1.660579e+00
3.810000e-06	-6.503060e-03	-1.433812e+00
3.820000e-06	-6.971667e-03	-1.231604e+00
3.830000e-06	-6.596992e-03	-1.061159e+00
3.840000e-06	-5.615891e-03	-9.157671e-01
3.850000e-06	-5.875781e-03	-7.483463e-01
3.860000e-06	-6.808620e-03	-5.773736e-01
3.870000e-06	-8.231148e-03	-4.099501e-01
3.880000e-06	-8.193589e-03	-2.615827e-01
3.890000e-06	-7.140078e-03	-7.418684e-02
3.900000e-06	-3.699024e-03	3.108025e-02
3.910000e-06	6.250793e-04	2.946104e-01
3.920000e-06	-3.684380e-03	4.205726e-01
3.930000e-06	4.126470e-04	5.594922e-01
3.940000e-06	-1.943978e-03	7.138344e-01
3.950000e-06	-1.672034e-03	8.105527e-01
3.960000e-06	-4.409200e-03	1.094578e+00
3.970000e-06	3.925446e-03	1.211551e+00
3.980000e-06	3.891730e-02	1.391467e+00
3.990000e-06	7.520868e-02	1.695207e+00
4.000000e-06	-4.174736e-02	1.845182e+00
4.010000e-06	-3.561090e-02	2.012526e+00
4.020000e-06	-6.406668e-02	2.148945e+00
4.030000e-06	-7.534761e-02	2.262657e+00
4.040000e-06	1.184745e-01	2.378446e+00
4.050000e-06	-5.332545e-02	2.600974e+00
4.060000e-06	-1.102787e-01	2.748471e+00
4.070000e-06	2.002128e-01	2.865812e+00
4.080000e-06	-9.300861e-02	3.085261e+00
4.090000e-06	-3.647299e-02	3.159473e+00
4.100000e-06	8.945819e-02	3.338340e+00
4.110000e-06	-1.210870e-01	3.567944e+00
4.120000e-06	1.279250e-02	3.675234e+00
4.130000e-06	5.956565e-02	3.864808e+00
4.140000e-06	-4.798266e-02	3.990076e+00
4.150000e-06	5.635547e-02	4.149393e+00
4.160000e-06	-5.059473e-02	4.339971e+00
4.170000e-06	-1.441666e-02	4.476313e+00
4.180000e-06	1.381353e-02	4.633707e+00
4.190000e-06	-3.127257e-02	4.800524e+00
4.200000e-06	2.332171e-02	4.970546e+00
4.210000e-06	-2.311916e-02	5.161623e+00
4.220000e-06	2.645468e-02	5.358017e+00
4.230000e-06	-1.978929e-02	5.475760e+00
4.240000e-06	-1.572605e-02	5.612601e+00
4.250000e-06	1.430500e-02	5.752598e+00
4.260000e-06	-5.675424e-02	5.937971e+00
4.270000e-06	3.297399e-02	6.075233e+00
4.280000e-06	1.282680e-04	6.212628e+00
4.290000e-06	-1.173988e-02	6.369896e+00
4.300000e-06	3.183330e-03	6.487312e+00
4.310000e-06	-2.729745e-02	6.614682e+00
4.320000e-06	9.167681e-03	6.781098e+00
4.330000e-06	-2.085896e-02	6.886319e+00
4.340000e-06	2.773507e-03	7.045332e+00
4.350000e-06	-2.274476e-02	7.189970e+00
4.360000e-06	-1.553821e-03	7.299417e+00
4.370000e-06	1.101583e-02	7.506286e+00
4.380000e-06	-1.563315e-02	7.641156e+00
4.390000e-06	-9.346086e-03	7.761523e+00
4.400000e-06	-2.305659e-02	7.917015e+00
4.410000e-06	1.418741e-04	8.063232e+00
4.420000e-06	-2.848083e-03	8.141023e+00
4.430000e-06	-8.795773e-03	8.243761e+00
4.440000e-06	-1.337403e-02	8.370550e+00
4.450000e-06	-9.785637e-03	8.474809e+00
4.460000e-06	1.827030e-03	8.549497e+00
4.470000e-06	-1.175676e-02	8.623731e+00
4.480000e-06	-1.757391e-02	8.708445e+00
4.490000e-06	-1.790417e-02	8.895786e+00
4.500000e-06	-5.567940e-03	8.991027e+00
4.510000e-06	-1.223968e-03	9.075841e+00
4.520000e-06	-1.065015e-02	9.201627e+00
4.530000e-06	-1.495575e-02	9.297333e+00
4.540000e-06	-1.279118e-02	9.380996e+00
4.550000e-06	-6.230833e-03	9.426257e+00
4.560000e-06	-9.948849e-03	9.548518e+00
4.570000e-06	-1.596367e-02	9.632312e+00
4.580000e-06	-1.523221e-02	9.731972e+00
4.590000e-06	-8.238030e-03	9.814103e+00
4.600000e-06	-5.732961e-03	9.917969e+00
4.610000e-06	-1.186558e-02	1.000215e+01
4.620000e-06	-2.015155e-02	1.006528e+01
4.630000e-06	-1.592123e-02	1.013053e+01
4.640000e-06	-8.820134e-03	1.025313e+01
4.650000e-06	-8.539255e-03	1.029787e+01
4.660000e-06	-1.580212e-02	1.034157e+01
4.670000e-06	-1.664726e-02	1.043621e+01
4.680000e-06	-1.268326e-02	1.048897e+01
4.690000e-06	-1.120236e-02	1.055318e+01
4.700000e-06	-1.527037e-02	1.063631e+01
4.710000e-06	-2.058977e-02	1.068634e+01
4.720000e-06	-1.595067e-02	1.078958e+01
4.730000e-06	-1.034257e-02	1.083363e+01
4.740000e-06	-1.077472e-02	1.088679e+01
4.750000e-06	-1.772852e-02	1.091942e+01
4.760000e-06	-2.142898e-02	1.094052e+01
4.770000e-06	-1.852399e-02	1.098163e+01
4.780000e-06	-1.419714e-02	1.100375e+01
4.790000e-06	-1.734988e-02	1.109676e+01
4.800000e-06	-1.888553e-02	1.106539e+01
4.810000e-06	-1.917399e-02	1.115950e+01
4.820000e-06	-1.534681e-02	1.118207e+01
4.830000e-06	-1.533631e-02	1.118262e+01
4.840000e-06	-2.127281e-02	1.121073e+01
4.850000e-06	-2.335545e-02	1.122576e+01
4.860000e-06	-2.112555e-02	1.125431e+01
4.870000e-06	-1.725356e-02	1.128783e+01
4.880000e-06	-1.923782e-02	1.130794e+01
4.890000e-06	-2.350322e-02	1.128207e+01
4.900000e-06	-2.426932e-02	1.132157e+01
4.910000e-06	-2.124504e-02	1.129894e+01
4.920000e-06	-2.093792e-02	1.132059e+01
4.930000e-06	-2.420076e-02	1.135008e+01
4.940000e-06	-2.635939e-02	1.134107e+01
4.950000e-06	-2.664823e-02	1.137162e+01
4.960000e-06	-2.300620e-02	1.134057e+01
4.970000e-06	-2.545897e-02	1.130007e+01
4.980000e-06	-2.865568e-02	1.133150e+01
4.990000e-06	-3.046927e-02	1.131897e+01
5.000000e-06	-2.900703e-02	1.131147e+01
5.010000e-06	-2.773500e-02	1.128494e+01
5.020000e-06	-2.956963e-02	1.126533e+01
5.030000e-06	-3.354184e-02	1.122481e+01
5.040000e-06	-3.417843e-02	1.125315e+01
5.050000e-06	-3.269763e-02	1.116165e+01
5.060000e-06	-3.275716e-02	1.114864e+01
5.070000e-06	-3.428354e-02	1.113844e+01
5.080000e-06	-3.898127e-02	1.107581e+01
5.090000e-06	-3.686746e-02	1.105473e+01
5.100000e-06	-3.708431e-02	1.099261e+01
5.110000e-06	-3.825672e-02	1.100063e+01
5.120000e-06	-4.134860e-02	1.094894e+01
5.130000e-06	-4.223603e-02	1.093691e+01
5.140000e-06	-4.075704e-02	1.089628e+01
5.150000e-06	-4.237781e-02	1.081415e+01
5.160000e-06	-4.645331e-02	1.069850e+01
5.170000e-06	-4.977631e-02	1.066637e+01
5.180000e-06	-4.959149e-02	1.057319e+01
5.190000e-06	-4.891199e-02	1.054050e+01
5.200000e-06	-4.896329e-02	1.050786e+01
5.210000e-06	-5.086626e-02	1.042178e+01
5.220000e-06	-5.164322e-02	1.034852e+01
5.230000e-06	-4.736556e-02	1.026629e+01
5.240000e-06	-4.672126e-02	1.022210e+01
5.250000e-06	-4.482133e-02	1.012847e+01
5.260000e-06	-4.525872e-02	1.007474e+01
5.270000e-06	-4.060627e-02	1.002165e+01
5.280000e-06	-3.814421e-02	9.877896e+00
5.290000e-06	-3.431664e-02	9.793156e+00
5.300000e-06	-3.525752e-02	9.717420e+00
5.310000e-06	-3.295057e-02	9.651732e+00
5.320000e-06	-3.015539e-02	9.518448e+00
5.330000e-06	-2.738526e-02	9.444281e+00
5.340000e-06	-2.683686e-02	9.329024e+00
5.350000e-06	-2.584776e-02	9.255788e+00
5.360000e-06	-2.391542e-02	9.202649e+00
5.370000e-06	-2.256471e-02	9.084836e+00
5.380000e-06	-2.117042e-02	8.930098e+00
5.390000e-06	-2.170791e-02	8.831333e+00
5.400000e-06	-2.093944e-02	8.688994e+00
5.410000e-06	-2.055173e-02	8.613230e+00
5.420000e-06	-1.666455e-02	8.517469e+00
5.430000e-06	-1.750531e-02	8.412185e+00
5.440000e-06	-1.656546e-02	8.298373e+00
5.450000e-06	-1.737759e-02	8.222607e+00
5.460000e-06	-1.503605e-02	8.093813e+00
5.470000e-06	-1.442400e-02	7.923024e+00
5.480000e-06	-1.434529e-02	7.842232e+00
5.490000e-06	-1.479787e-02	7.706338e+00
5.500000e-06	-1.379425e-02	7.611080e+00
5.510000e-06	-1.230577e-02	7.425161e+00
5.520000e-06	-1.211472e-02	7.296842e+00
5.530000e-06	-1.271708e-02	7.149019e+00
5.540000e-06	-1.334490e-02	7.012733e+00
5.550000e-06	-1.188285e-02	6.895816e+00
5.560000e-06	-1.097886e-02	6.821078e+00
5.570000e-06	-1.156119e-02	6.635713e+00
5.580000e-06	-1.207279e-02	6.483788e+00
5.590000e-06	-1.123553e-02	6.328899e+00
5.600000e-06	-9.273854e-03	6.241557e+00
5.610000e-06	-9.679477e-03	6.096291e+00
5.620000e-06	-9.913236e-03	6.020574e+00
5.630000e-06	-1.041454e-02	5.794661e+00
5.640000e-06	-8.854539e-03	5.653106e+00
5.650000e-06	-8.637395e-03	5.525891e+00
5.660000e-06	-8.630319e-03	5.359026e+00
5.670000e-06	-9.732470e-03	5.201553e+00
5.680000e-06	-8.858067e-03	5.012128e+00
5.690000e-06	-7.432614e-03	4.821179e+00
5.700000e-06	-8.137976e-03	4.685238e+00
5.710000e-06	-9.051293e-03	4.518892e+00
5.720000e-06	-8.787165e-03	4.420000e+00
5.730000e-06	-7.491319e-03	4.234213e+00
5.740000e-06	-7.227130e-03	4.032704e+00
5.750000e-06	-7.333607e-03	3.885895e+00
5.760000e-06	-7.463139e-03	3.727945e+00
5.770000e-06	-7.771750e-03	3.621031e+00
5.780000e-06	-6.892102e-03	3.462136e+00
5.790000e-06	-6.804353e-03	3.242210e+00
5.800000e-06	-7.007023e-03	3.145822e+00
5.810000e-06	-7.054689e-03	2.968999e+00
5.820000e-06	-6.133464e-03	2.820553e+00
5.830000e-06	-7.199708e-03	2.675263e+00
5.840000e-06	-6.235817e-03	2.442609e+00
5.850000e-06	-6.147712e-03	2.276292e+00
5.860000e-06	-6.374501e-03	2.159367e+00
5.870000e-06	-6.297991e-03	2.000077e+00
5.880000e-06	-5.390141e-03	1.832609e+00
5.890000e-06	-6.012920e-03	1.673661e+00
5.900000e-06	-5.937830e-03	1.478316e+00
5.910000e-06	-5.379732e-03	1.317790e+00
5.920000e-06	-4.946497e-03	1.138422e+00
5.930000e-06	-5.023801e-03	9.358460e-01
5.940000e-06	-5.981782e-03	7.684486e-01
5.950000e-06	-4.575075e-03	5.909251e-01
5.960000e-06	-4.623660e-03	4.536315e-01
5.970000e-06	-4.443938e-03	3.667920e-01
5.980000e-06	-4.958954e-03	1.446869e-01
5.990000e-06	-4.954898e-03	-4.108157e-02
6.000000e-06	-3.299760e-04	-2.000550e-01
6.010000e-06	4.198798e-03	-3.689199e-01
6.020000e-06	-1.108816e-03	-4.647090e-01
6.030000e-06	2.086513e-03	-7.347370e-01
6.040000e-06	-8.508053e-04	-8.431315e-01
6.050000e-06	1.426550e-03	-9.694973e-01
6.060000e-06	8.067488e-04	-1.117417e+00
6.070000e-06	1.920997e-02	-1.286215e+00
6.080000e-06	1.116858e-01	-1.526366e+00
6.090000e-06	-2.398109e-02	-1.738441e+00
6.100000e-06	-2.412539e-02	-1.988476e+00
6.110000e-06	-5.813035e-02	-2.152053e+00
6.120000e-06	-9.553915e-02	-2.326392e+00
6.130000e-06	1.759874e-01	-2.347445e+00
6.140000e-06	-8.776923e-02	-2.547890e+00
6.150000e-06	-8.937015e-02	-2.749393e+00
6.160000e-06	2.098284e-01	-2.809474e+00
6.170000e-06	-1.531774e-01	-2.978626e+00
6.180000e-06	-3.504915e-02	-3.232129e+00
6.190000e-06	1.498785e-01	-3.335840e+00
6.200000e-06	-1.758312e-01	-3.516865e+00
6.210000e-06	5.024626e-02	-3.622180e+00
6.220000e-06	7.942197e-02	-3.730571e+00
6.230000e-06	-1.083061e-01	-4.024553e+00
6.240000e-06	1.807969e-01	-4.118442e+00
6.250000e-06	-1.093324e-01	-4.276838e+00
6.260000e-06	-1.472105e-02	-4.403609e+00
6.270000e-06	9.318289e-02	-4.559047e+00
6.280000e-06	-1.346739e-01	-4.780923e+00
6.290000e-06	1.300751e-01	-4.903816e+00
6.300000e-06	-5.665482e-02	-5.043708e+00
6.310000e-06	2.398078e-02	-5.254232e+00
6.320000e-06	4.582816e-02	-5.351049e+00
6.330000e-06	-8.685261e-02	-5.612003e+00
6.340000e-06	1.103774e-01	-5.726341e+00
6.350000e-06	-1.118494e-01	-5.884233e+00
6.360000e-06	6.505086e-02	-6.010628e+00
6.370000e-06	3.605375e-02	-6.098970e+00
6.380000e-06	-5.864051e-02	-6.308496e+00
6.390000e-06	9.650743e-02	-6.434257e+00
6.400000e-06	-9.877203e-02	-6.592078e+00
6.410000e-06	7.946199e-02	-6.717417e+00
6.420000e-06	-3.046585e-02	-6.834234e+00
6.430000e-06	5.150559e-04	-7.053133e+00
6.440000e-06	3.656769e-02	-7.168126e+00
6.450000e-06	-4.481188e-02	-7.286792e+00
6.460000e-06	7.879387e-02	-7.402628e+00
6.470000e-06	-5.861547e-02	-7.551049e+00
6.480000e-06	4.591991e-02	-7.708944e+00
6.490000e-06	-2.420666e-02	-7.874808e+00
6.500000e-06	9.057135e-03	-8.001700e+00
6.510000e-06	3.073298e-02	-8.117388e+00
6.520000e-06	-2.804703e-02	-8.253703e+00
6.530000e-06	4.239006e-02	-8.298491e+00
6.540000e-06	-2.868754e-02	-8.422256e+00
6.550000e-06	4.257208e-02	-8.520520e+00
6.560000e-06	-1.502366e-02	-8.676337e+00
6.570000e-06	9.530170e-03	-8.782148e+00
6.580000e-06	3.261906e-03	-8.886461e+00
6.590000e-06	6.005146e-04	-9.012629e+00
6.600000e-06	2.605185e-02	-9.065367e+00
6.610000e-06	-9.895411e-03	-9.173101e+00
6.620000e-06	1.977626e-02	-9.277419e+00
6.630000e-06	-8.275571e-03	-9.400653e+00
6.640000e-06	2.080874e-02	-9.505863e+00
6.650000e-06	-1.586697e-03	-9.611630e+00
6.660000e-06	1.032566e-02	-9.685839e+00
6.670000e-06	3.681167e-03	-9.739521e+00
6.680000e-06	1.165779e-02	-9.854784e+00
6.690000e-06	1.353062e-02	-9.887945e+00
6.700000e-06	3.595074e-03	-1.002213e+01
6.710000e-06	9.318030e-03	-1.005741e+01
6.720000e-06	1.011082e-03	-1.014260e+01
6.730000e-06	1.681618e-02	-1.022481e+01
6.740000e-06	5.263452e-03	-1.032899e+01
6.750000e-06	1.302091e-02	-1.039321e+01
6.760000e-06	5.055117e-03	-1.050789e+01
6.770000e-06	1.341585e-02	-1.055060e+01
6.780000e-06	9.407941e-03	-1.063368e+01
6.790000e-06	8.843801e-03	-1.066626e+01
6.800000e-06	7.998743e-03	-1.070945e+01
6.810000e-06	8.304404e-03	-1.076965e+01
6.820000e-06	1.556468e-02	-1.082478e+01
6.830000e-06	1.051228e-02	-1.086386e+01
6.840000e-06	1.348520e-02	-1.092052e+01
6.850000e-06	8.158957e-03	-1.090100e+01
6.860000e-06	1.215734e-02	-1.100173e+01
6.870000e-06	1.224785e-02	-1.103436e+01
6.880000e-06	1.304764e-02	-1.110692e+01
6.890000e-06	1.096887e-02	-1.113905e+01
6.900000e-06	1.243081e-02	-1.116113e+01
6.910000e-06	1.458372e-02	-1.118423e+01
6.920000e-06	1.355027e-02	-1.126381e+01
6.930000e-06	1.205244e-02	-1.131589e+01
6.940000e-06	1.122653e-02	-1.129694e+01
6.950000e-06	1.369245e-02	-1.126002e+01
6.960000e-06	1.644291e-02	-1.132649e+01
6.970000e-06	1.645558e-02	-1.136105e+01
6.980000e-06	1.523377e-02	-1.140070e+01
6.990000e-06	1.408772e-02	-1.137321e+01
7.000000e-06	1.735276e-02	-1.139328e+01
7.010000e-06	1.770626e-02	-1.137266e+01
7.020000e-06	1.735773e-02	-1.146416e+01
7.030000e-06	1.570193e-02	-1.142376e+01
7.040000e-06	1.854615e-02	-1.145374e+01
7.050000e-06	2.037138e-02	-1.144381e+01
7.060000e-06	2.103422e-02	-1.143471e+01
7.070000e-06	2.002268e-02	-1.140173e+01
7.080000e-06	1.901799e-02	-1.139356e+01
7.090000e-06	2.191829e-02	-1.141111e+01
7.100000e-06	2.301119e-02	-1.139068e+01
7.110000e-06	2.306941e-02	-1.136007e+01
7.120000e-06	2.233657e-02	-1.131852e+01
7.130000e-06	2.414138e-02	-1.130947e+01
7.140000e-06	2.740622e-02	-1.124636e+01
7.150000e-06	2.748507e-02	-1.124486e+01
7.160000e-06	2.685442e-02	-1.117473e+01
7.170000e-06	2.680495e-02	-1.114105e+01
7.180000e-06	2.801207e-02	-1.112797e+01
7.190000e-06	2.984250e-02	-1.110682e+01
7.200000e-06	3.039720e-02	-1.104281e+01
7.210000e-06	3.040737e-02	-1.096263e+01
7.220000e-06	3.187475e-02	-1.095045e+01
7.230000e-06	3.496547e-02	-1.090692e+01
7.240000e-06	3.590517e-02	-1.087386e+01
7.250000e-06	3.592180e-02	-1.081268e+01
7.260000e-06	3.643833e-02	-1.080055e+01
7.270000e-06	3.831264e-02	-1.070847e+01
7.280000e-06	4.162038e-02	-1.067486e+01
7.290000e-06	4.194558e-02	-1.061216e+01
7.300000e-06	4.268361e-02	-1.057900e+01
7.310000e-06	4.243191e-02	-1.046634e+01
7.320000e-06	4.282878e-02	-1.036478e+01
7.330000e-06	4.118302e-02	-1.031957e+01
7.340000e-06	3.907566e-02	-1.025532e+01
7.350000e-06	3.679831e-02	-1.017208e+01
7.360000e-06	3.534924e-02	-1.009654e+01
7.370000e-06	3.382653e-02	-1.003273e+01
7.380000e-06	3.071726e-02	-9.967074e+00
7.390000e-06	2.839370e-02	-9.843239e+00
7.400000e-06	2.529737e-02	-9.799508e+00
7.410000e-06	2.387627e-02	-9.706919e+00
7.420000e-06	2.122897e-02	-9.642755e+00
7.430000e-06	2.059279e-02	-9.529474e+00
7.440000e-06	1.707993e-02	-9.433263e+00
7.450000e-06	1.813984e-02	-9.338494e+00
7.460000e-06	1.502972e-02	-9.262783e+00
7.470000e-06	1.618353e-02	-9.088419e+00
7.480000e-06	1.298373e-02	-9.043232e+00
7.490000e-06	1.242923e-02	-8.916867e+00
7.500000e-06	1.055145e-02	-8.851608e+00
7.510000e-06	1.212897e-02	-8.716942e+00
7.520000e-06	8.875667e-03	-8.570105e+00
7.530000e-06	8.554860e-03	-8.464339e+00
7.540000e-06	6.061207e-03	-8.360024e+00
7.550000e-06	7.293211e-03	-8.244808e+00
7.560000e-06	5.291883e-03	-8.118494e+00
7.570000e-06	6.246803e-03	-8.063227e+00
7.580000e-06	4.742039e-03	-7.865916e+00
7.590000e-06	6.955389e-03	-7.760074e+00
7.600000e-06	5.631091e-03	-7.621129e+00
7.610000e-06	4.422450e-03	-7.474891e+00
7.620000e-06	2.319516e-03	-7.327947e+00
7.630000e-06	1.412808e-03	-7.252212e+00
7.640000e-06	2.316712e-03	-7.106891e+00
7.650000e-06	1.493751e-03	-6.938576e+00
7.660000e-06	2.243167e-03	-6.833128e+00
7.670000e-06	2.035502e-03	-6.695265e+00
7.680000e-06	2.519600e-03	-6.589971e+00
7.690000e-06	1.682346e-03	-6.453257e+00
7.700000e-06	5.264961e-04	-6.315368e+00
7.710000e-06	-2.025662e-03	-6.148447e+00
7.720000e-06	-1.413572e-03	-5.998553e+00
7.730000e-06	-1.501032e-03	-5.854111e+00
7.740000e-06	-2.563535e-04	-5.727318e+00
7.750000e-06	-8.921312e-04	-5.580578e+00
7.760000e-06	-6.671796e-04	-5.411074e+00
7.770000e-06	-1.336288e-03	-5.190656e+00
7.780000e-06	-1.926360e-03	-5.071734e+00
7.790000e-06	-2.977265e-03	-4.895292e+00
7.800000e-06	-2.676430e-03	-4.702826e+00
7.810000e-06	-3.147459e-03	-4.528996e+00
7.820000e-06	-3.738753e-03	-4.390553e+00
7.830000e-06	-3.849035e-03	-4.305337e+00
7.840000e-06	-3.319190e-03	-4.148920e+00
7.850000e-06	-3.949125e-03	-4.007152e+00
7.860000e-06	-3.338998e-03	-3.853184e+00
7.870000e-06	-3.230915e-03	-3.652237e+00
7.880000e-06	-4.395022e-03	-3.557320e+00
7.890000e-06	-3.965683e-03	-3.398451e+00
7.900000e-06	-4.365327e-03	-3.231028e+00
7.910000e-06	-4.898675e-03	-3.063083e+00
7.920000e-06	-5.865566e-03	-2.872107e+00
7.930000e-06	-4.913415e-03	-2.725767e+00
7.940000e-06	-4.592996e-03	-2.577899e+00
7.950000e-06	-4.212566e-03	-2.400053e+00
7.960000e-06	-4.979169e-03	-2.221205e+00
7.970000e-06	-5.543081e-03	-2.011108e+00
7.980000e-06	-5.379798e-03	-1.914815e+00
7.990000e-06	-6.071299e-03	-1.746872e+00
8.000000e-06	-6.483648e-03	-1.590024e+00
8.010000e-06	-6.666077e-03	-1.429026e+00
8.020000e-06	-6.529962e-03	-1.189476e+00
8.030000e-06	-5.657853e-03	-1.012180e+00
8.040000e-06	-5.255992e-03	-8.526855e-01
8.050000e-06	-5.897695e-03	-7.348421e-01
8.060000e-06	-6.348303e-03	-4.837894e-01
8.070000e-06	-6.628268e-03	-3.773997e-01
8.080000e-06	-6.443277e-03	-2.195036e-01
8.090000e-06	-6.365922e-03	-4.160534e-02
8.100000e-06	-1.909083e-03	8.620922e-02
8.110000e-06	1.568294e-03	3.157910e-01
8.120000e-06	-3.542340e-03	4.516780e-01
8.130000e-06	1.748572e-04	5.995200e-01
8.140000e-06	-3.581049e-03	7.478172e-01
8.150000e-06	-2.062251e-03	8.467070e-01
8.160000e-06	-3.751717e-03	1.115858e+00
8.170000e-06	9.214832e-03	1.262710e+00
8.180000e-06	6.221052e-02	1.452755e+00
8.190000e-06	4.623865e-02	1.729372e+00
8.200000e-06	-5.321501e-02	1.906363e+00
8.210000e-06	-3.410453e-02	2.061632e+00
8.220000e-06	-8.972596e-02	2.191998e+00
8.230000e-06	-2.505927e-02	2.255337e+00
8.240000e-06	1.301887e-01	2.402130e+00
8.250000e-06	-1.476635e-01	2.674833e+00
8.260000e-06	1.668815e-02	2.779467e+00
8.270000e-06	1.436378e-01	2.948966e+00
8.280000e-06	-1.306343e-01	3.096893e+00
8.290000e-06	4.680868e-02	3.190049e+00
8.300000e-06	2.520695e-02	3.432150e+00
8.310000e-06	-1.229886e-01	3.581475e+00
8.320000e-06	6.715908e-02	3.716838e+00
8.330000e-06	2.642895e-03	3.898358e+00
8.340000e-06	-2.045610e-02	4.004726e+00
8.350000e-06	5.212600e-02	4.284204e+00
8.360000e-06	-7.551419e-02	4.411475e+00
8.370000e-06	2.848470e-02	4.536843e+00
8.380000e-06	-1.593031e-02	4.685287e+00
8.390000e-06	-8.464812e-03	4.813181e+00
8.400000e-06	2.407494e-03	5.034230e+00
8.410000e-06	-1.079129e-02	5.234707e+00
8.420000e-06	2.363702e-02	5.371575e+00
8.430000e-06	-3.822150e-02	5.488919e+00
8.440000e-06	1.153919e-02	5.626208e+00
8.450000e-06	-1.345332e-02	5.772678e+00
8.460000e-06	-3.717536e-02	6.010473e+00
8.470000e-06	4.007381e-02	6.116341e+00
8.480000e-06	-1.795458e-02	6.256233e+00
8.490000e-06	-3.440110e-03	6.380628e+00
8.500000e-06	-1.017461e-02	6.517520e+00
8.510000e-06	-1.704557e-02	6.706313e+00
8.520000e-06	8.629455e-03	6.853702e+00
8.530000e-06	-2.343071e-02	6.969997e+00
8.540000e-06	4.187203e-03	7.095815e+00
8.550000e-06	-2.548366e-02	7.192674e+00
8.560000e-06	1.502969e-02	7.332598e+00
8.570000e-06	-2.796729e-03	7.526839e+00
8.580000e-06	-1.707298e-02	7.654784e+00
8.590000e-06	-1.138901e-02	7.830603e+00
8.600000e-06	-2.030868e-02	7.929975e+00
8.610000e-06	6.856122e-03	8.084858e+00
8.620000e-06	-8.711672e-03	8.212653e+00
8.630000e-06	-6.789558e-03	8.288363e+00
8.640000e-06	-1.504793e-02	8.412129e+00
8.650000e-06	-5.123430e-03	8.475419e+00
8.660000e-06	-2.813943e-03	8.612598e+00
8.670000e-06	-1.705049e-02	8.715310e+00
8.680000e-06	-1.605061e-02	8.800602e+00
8.690000e-06	-1.432272e-02	8.867466e+00
8.700000e-06	2.242278e-03	8.992133e+00
8.710000e-06	-3.886891e-03	9.127445e+00
8.720000e-06	-1.124076e-02	9.232203e+00
8.730000e-06	-1.519510e-02	9.307944e+00
8.740000e-06	-1.060742e-02	9.412252e+00
8.750000e-06	-8.835991e-03	9.475415e+00
8.760000e-06	-1.507388e-02	9.539998e+00
8.770000e-06	-1.511655e-02	9.684912e+00
8.780000e-06	-1.176961e-02	9.721122e+00
8.790000e-06	-2.942865e-03	9.864258e+00
8.800000e-06	-7.942282e-03	9.931550e+00
8.810000e-06	-1.455606e-02	1.003171e+01
8.820000e-06	-1.933306e-02	1.010896e+01
8.830000e-06	-1.422191e-02	1.016148e+01
8.840000e-06	-9.914857e-03	1.024531e+01
8.850000e-06	-1.106855e-02	1.032894e+01
8.860000e-06	-1.624405e-02	1.042068e+01
8.870000e-06	-1.494880e-02	1.048282e+01
8.880000e-06	-9.550017e-03	1.056094e+01
8.890000e-06	-1.136429e-02	1.060365e+01
8.900000e-06	-1.532751e-02	1.061588e+01
8.910000e-06	-2.056243e-02	1.074900e+01
8.920000e-06	-1.577418e-02	1.076065e+01
8.930000e-06	-1.123101e-02	1.085271e+01
8.940000e-06	-1.416000e-02	1.088741e+01
8.950000e-06	-1.931456e-02	1.089849e+01
8.960000e-06	-2.060722e-02	1.096055e+01
8.970000e-06	-1.468144e-02	1.100268e+01
8.980000e-06	-1.336681e-02	1.104373e+01
8.990000e-06	-1.737644e-02	1.104586e+01
9.000000e-06	-2.065226e-02	1.114636e+01
9.010000e-06	-1.902054e-02	1.111904e+01
9.020000e-06	-1.645180e-02	1.115155e+01
9.030000e-06	-1.844390e-02	1.120066e+01
9.040000e-06	-2.187586e-02	1.116276e+01
9.050000e-06	-2.289050e-02	1.129426e+01
9.060000e-06	-1.898963e-02	1.126486e+01
9.070000e-06	-1.737079e-02	1.126844e+01
9.080000e-06	-2.045389e-02	1.131999e+01
9.090000e-06	-2.433109e-02	1.133752e+01
9.100000e-06	-2.444021e-02	1.129958e+01
9.110000e-06	-2.192088e-02	1.135057e+01
9.120000e-06	-2.186043e-02	1.133957e+01
9.130000e-06	-2.534130e-02	1.135260e+01
9.140000e-06	-2.567326e-02	1.134055e+01
9.150000e-06	-2.441510e-02	1.135952e+01
9.160000e-06	-2.377947e-02	1.129905e+01
9.170000e-06	-2.614830e-02	1.134852e+01
9.180000e-06	-2.984210e-02	1.132252e+01
9.190000e-06	-2.922434e-02	1.130939e+01
9.200000e-06	-2.798351e-02	1.130752e+01
9.210000e-06	-2.902113e-02	1.128601e+01
9.220000e-06	-3.147272e-02	1.124538e+01
9.230000e-06	-3.284210e-02	1.120235e+01
9.240000e-06	-3.228526e-02	1.119220e+01
9.250000e-06	-3.196699e-02	1.116060e+01
9.260000e-06	-3.466473e-02	1.115054e+01
9.270000e-06	-3.561193e-02	1.111789e+01
9.280000e-06	-3.715401e-02	1.105581e+01
9.290000e-06	-3.523235e-02	1.103329e+01
9.300000e-06	-3.760873e-02	1.097220e+01
9.310000e-06	-3.851100e-02	1.095000e+01
9.320000e-06	-4.290800e-02	1.091944e+01
9.330000e-06	-4.082750e-02	1.088684e+01
9.340000e-06	-4.184924e-02	1.083326e+01
9.350000e-06	-4.278234e-02	1.078113e+01
9.360000e-06	-4.719523e-02	1.071750e+01
9.370000e-06	-4.888004e-02	1.061574e+01
9.380000e-06	-4.888058e-02	1.057310e+01
9.390000e-06	-4.856702e-02	1.050797e+01
9.400000e-06	-5.066844e-02	1.041441e+01
9.410000e-06	-5.009712e-02	1.037070e+01
9.420000e-06	-4.952252e-02	1.031897e+01
9.430000e-06	-4.634718e-02	1.022369e+01
9.440000e-06	-4.545568e-02	1.016156e+01
9.450000e-06	-4.534564e-02	1.010744e+01
9.460000e-06	-4.383703e-02	1.007326e+01
9.470000e-06	-4.056880e-02	9.969501e+00
9.480000e-06	-3.657305e-02	9.886812e+00
9.490000e-06	-3.469247e-02	9.760554e+00
9.500000e-06	-3.291014e-02	9.687913e+00
9.510000e-06	-3.162138e-02	9.631702e+00
9.520000e-06	-2.804655e-02	9.497913e+00
9.530000e-06	-2.803491e-02	9.401678e+00
9.540000e-06	-2.721100e-02	9.338918e+00
9.550000e-06	-2.653078e-02	9.234731e+00
9.560000e-06	-2.372147e-02	9.178021e+00
9.570000e-06	-2.191412e-02	9.045211e+00
9.580000e-06	-2.129649e-02	8.917469e+00
9.590000e-06	-2.126870e-02	8.792208e+00
9.600000e-06	-1.960317e-02	8.685891e+00
9.610000e-06	-1.894536e-02	8.601172e+00
9.620000e-06	-1.800330e-02	8.535866e+00
9.630000e-06	-1.808490e-02	8.441602e+00
9.640000e-06	-1.834375e-02	8.277794e+00
9.650000e-06	-1.625591e-02	8.180071e+00
9.660000e-06	-1.530609e-02	8.013254e+00
9.670000e-06	-1.487555e-02	7.946994e+00
9.680000e-06	-1.619288e-02	7.822023e+00
9.690000e-06	-1.398727e-02	7.685285e+00
9.700000e-06	-1.257154e-02	7.587499e+00
9.710000e-06	-1.255333e-02	7.370628e+00
9.720000e-06	-1.465080e-02	7.253235e+00
9.730000e-06	-1.372297e-02	7.116814e+00
9.740000e-06	-1.250244e-02	6.980521e+00
9.750000e-06	-1.180493e-02	6.862786e+00
9.760000e-06	-1.088306e-02	6.777923e+00
9.770000e-06	-1.121744e-02	6.580603e+00
9.780000e-06	-1.123962e-02	6.461081e+00
9.790000e-06	-1.070851e-02	6.277344e+00
9.800000e-06	-1.062147e-02	6.219075e+00
9.810000e-06	-1.126472e-02	6.063683e+00
9.820000e-06	-1.111640e-02	5.957473e+00
9.830000e-06	-1.021232e-02	5.740525e+00
9.840000e-06	-8.853451e-03	5.621573e+00
9.850000e-06	-9.107431e-03	5.464259e+00
9.860000e-06	-9.566718e-03	5.316420e+00
9.870000e-06	-9.373732e-03	5.129476e+00
9.880000e-06	-9.049412e-03	4.966442e+00
9.890000e-06	-7.822713e-03	4.760498e+00
9.900000e-06	-9.228681e-03	4.621658e+00
9.910000e-06	-8.116524e-03	4.504815e+00
9.920000e-06	-9.097311e-03	4.359922e+00
9.930000e-06	-6.138086e-03	4.198980e+00
9.940000e-06	-7.684559e-03	4.010050e+00
9.950000e-06	-5.960700e-03	3.863759e+00
9.960000e-06	-8.372540e-03	3.695788e+00
9.970000e-06	-7.069211e-03	3.580975e+00
9.980000e-06	-6.063687e-03	3.379079e+00
9.990000e-06	-6.452205e-03	3.221075e+00
1.000000e-05	-7.347685e-03	3.064237e+00
1.001000e-05	-6.813023e-03	2.925790e+00
1.002000e-05	-6.317281e-03	2.790025e+00
1.003000e-05	-5.208593e-03	2.589551e+00
1.004000e-05	-5.524888e-03	2.389003e+00
1.005000e-05	-6.316080e-03	2.242656e+00
1.006000e-05	-6.195640e-03	2.095239e+00
1.007000e-05	-4.927223e-03	1.948399e+00
1.008000e-05	-4.727545e-03	1.830070e+00
1.009000e-05	-5.391851e-03	1.640032e+00
1.010000e-05	-5.898504e-03	1.451132e+00
1.011000e-05	-5.245062e-03	1.283184e+00
1.012000e-05	-5.455663e-03	1.087238e+00
1.013000e-05	-4.156565e-03	9.136619e-01
1.014000e-05	-5.429811e-03	7.463683e-01
1.015000e-05	-5.037887e-03	5.584463e-01
1.016000e-05	-4.894851e-03	4.305013e-01
1.017000e-05	-3.554641e-03	2.621343e-01
1.018000e-05	-3.135927e-03	5.160796e-02
1.019000e-05	-4.801557e-03	-1.153869e-01
1.020000e-05	1.839076e-04	-2.526830e-01
1.021000e-05	3.387896e-03	-3.905487e-01
1.022000e-05	-2.564144e-04	-5.288409e-01
1.023000e-05	3.129379e-03	-7.488686e-01
1.024000e-05	-6.202167e-04	-8.647094e-01
1.025000e-05	-2.526516e-04	-1.011078e+00
1.026000e-05	1.972306e-03	-1.188949e+00
1.027000e-05	4.057603e-02	-1.377471e+00
1.028000e-05	1.023339e-01	-1.589446e+00
1.029000e-05	-5.417015e-02	-1.822575e+00
1.030000e-05	-1.223718e-02	-2.031152e+00
1.031000e-05	-1.004005e-01	-2.225154e+00
1.032000e-05	-9.406635e-03	-2.287892e+00
1.033000e-05	1.456345e-01	-2.339446e+00
1.034000e-05	-1.801612e-01	-2.633023e+00
1.035000e-05	7.279448e-02	-2.759972e+00
1.036000e-05	1.544745e-01	-2.810579e+00
1.037000e-05	-2.056796e-01	-3.116859e+00
1.038000e-05	9.848937e-02	-3.224203e+00
1.039000e-05	4.984015e-02	-3.350951e+00
1.040000e-05	-1.866794e-01	-3.579020e+00
1.041000e-05	1.456112e-01	-3.653709e+00
1.042000e-05	-3.121409e-02	-3.874707e+00
1.043000e-05	-1.447177e-02	-4.076788e+00
1.044000e-05	1.509869e-01	-4.139949e+00
1.045000e-05	-1.752358e-01	-4.339999e+00
1.046000e-05	9.239135e-02	-4.495313e+00
1.047000e-05	-3.696788e-03	-4.621651e+00
1.048000e-05	-7.222602e-02	-4.833630e+00
1.049000e-05	1.190948e-01	-4.927471e+00
1.050000e-05	-9.307757e-02	-5.125816e+00
1.051000e-05	9.230782e-02	-5.264784e+00
1.052000e-05	-3.502552e-02	-5.464284e+00
1.053000e-05	-1.628634e-02	-5.645183e+00
1.054000e-05	7.178873e-02	-5.718499e+00
1.055000e-05	-1.198662e-01	-5.917341e+00
1.056000e-05	1.285885e-01	-6.033156e+00
1.057000e-05	-5.011678e-02	-6.181224e+00
1.058000e-05	1.461783e-02	-6.381578e+00
1.059000e-05	4.207028e-02	-6.485865e+00
1.060000e-05	-7.801163e-02	-6.643707e+00
1.061000e-05	9.751406e-02	-6.739597e+00
1.062000e-05	-7.689397e-02	-6.906366e+00
1.063000e-05	5.979113e-02	-7.053285e+00
1.064000e-05	-2.041673e-02	-7.212677e+00
1.065000e-05	9.494933e-03	-7.346965e+00
1.066000e-05	4.470091e-02	-7.434757e+00
1.067000e-05	-5.271425e-02	-7.583205e+00
1.068000e-05	5.729896e-02	-7.771071e+00
1.069000e-05	-5.164689e-02	-7.926969e+00
1.070000e-05	5.233407e-02	-8.021782e+00
1.071000e-05	-8.025563e-03	-8.159971e+00
1.072000e-05	4.902447e-03	-8.254283e+00
1.073000e-05	1.950139e-02	-8.337474e+00
1.074000e-05	-1.533528e-02	-8.476289e+00
1.075000e-05	4.161011e-02	-8.542079e+00
1.076000e-05	-2.674847e-02	-8.718471e+00
1.077000e-05	2.448072e-02	-8.813707e+00
1.078000e-05	-1.420209e-02	-8.900022e+00
1.079000e-05	2.326973e-02	-9.013678e+00
1.080000e-05	9.435377e-03	-9.097870e+00
1.081000e-05	1.543052e-03	-9.201786e+00
1.082000e-05	1.214341e-02	-9.298394e+00
1.083000e-05	-2.142792e-03	-9.372704e+00
1.084000e-05	2.053708e-02	-9.517394e+00
1.085000e-05	-4.922583e-03	-9.621710e+00
1.086000e-05	1.446771e-02	-9.687944e+00
1.087000e-05	-1.864669e-03	-9.793028e+00
1.088000e-05	2.020102e-02	-9.824785e+00
1.089000e-05	6.735107e-03	-9.928447e+00
1.090000e-05	9.504179e-03	-1.005421e+01
1.091000e-05	1.484866e-03	-1.011692e+01
1.092000e-05	5.774058e-03	-1.016220e+01
1.093000e-05	1.502196e-02	-1.023528e+01
1.094000e-05	7.045802e-03	-1.034912e+01
1.095000e-05	1.117193e-02	-1.044431e+01
1.096000e-05	3.979863e-03	-1.052847e+01
1.097000e-05	1.508912e-02	-1.058955e+01
1.098000e-05	6.932599e-03	-1.061423e+01
1.099000e-05	1.137797e-02	-1.068747e+01
1.100000e-05	3.879442e-03	-1.074807e+01
1.101000e-05	1.204161e-02	-1.078265e+01
1.102000e-05	1.369028e-02	-1.082391e+01
1.103000e-05	1.261392e-02	-1.089789e+01
1.104000e-05	9.792657e-03	-1.092960e+01
1.105000e-05	6.368017e-03	-1.092110e+01
1.106000e-05	1.203522e-02	-1.101481e+01
1.107000e-05	1.203036e-02	-1.106584e+01
1.108000e-05	1.296810e-02	-1.110652e+01
1.109000e-05	8.959271e-03	-1.111110e+01
1.110000e-05	1.350505e-02	-1.117260e+01
1.111000e-05	1.562971e-02	-1.120368e+01
1.112000e-05	1.352903e-02	-1.120676e+01
1.113000e-05	9.959990e-03	-1.127799e+01
1.114000e-05	1.145632e-02	-1.129784e+01
1.115000e-05	1.608600e-02	-1.129852e+01
1.116000e-05	1.790397e-02	-1.134953e+01
1.117000e-05	1.531074e-02	-1.137955e+01
1.118000e-05	1.275780e-02	-1.136055e+01
1.119000e-05	1.559957e-02	-1.139226e+01
1.120000e-05	1.787293e-02	-1.139273e+01
1.121000e-05	1.813119e-02	-1.139183e+01
1.122000e-05	1.574994e-02	-1.140581e+01
1.123000e-05	1.611563e-02	-1.144226e+01
1.124000e-05	1.997664e-02	-1.143571e+01
1.125000e-05	2.134757e-02	-1.141426e+01
1.126000e-05	1.942899e-02	-1.138373e+01
1.127000e-05	1.799777e-02	-1.138433e+01
1.128000e-05	2.117915e-02	-1.144223e+01
1.129000e-05	2.434163e-02	-1.134215e+01
1.130000e-05	2.453401e-02	-1.139208e+01
1.131000e-05	2.360606e-02	-1.133950e+01
1.132000e-05	2.255123e-02	-1.127847e+01
1.133000e-05	2.607204e-02	-1.129644e+01
1.134000e-05	2.758434e-02	-1.126496e+01
1.135000e-05	2.726034e-02	-1.121325e+01
1.136000e-05	2.632017e-02	-1.117073e+01
1.137000e-05	2.762706e-02	-1.114105e+01
1.138000e-05	3.017149e-02	-1.112707e+01
1.139000e-05	3.121754e-02	-1.107488e+01
1.140000e-05	3.007125e-02	-1.101378e+01
1.141000e-05	3.100571e-02	-1.097018e+01
1.142000e-05	3.329945e-02	-1.090902e+01
1.143000e-05	3.503310e-02	-1.089692e+01
1.144000e-05	3.692778e-02	-1.087329e+01
1.145000e-05	3.677624e-02	-1.080118e+01
1.146000e-05	3.882429e-02	-1.073957e+01
1.147000e-05	4.102584e-02	-1.069542e+01
1.148000e-05	4.184165e-02	-1.063381e+01
1.149000e-05	4.190604e-02	-1.058463e+01
1.150000e-05	4.196794e-02	-1.055850e+01
1.151000e-05	4.224685e-02	-1.049579e+01
1.152000e-05	4.241445e-02	-1.043223e+01
1.153000e-05	4.141891e-02	-1.033097e+01
1.154000e-05	3.820573e-02	-1.023481e+01
1.155000e-05	3.515992e-02	-1.017008e+01
1.156000e-05	3.319184e-02	-1.009492e+01
1.157000e-05	3.263976e-02	-1.001965e+01
1.158000e-05	3.065735e-02	-9.948441e+00
1.159000e-05	2.769241e-02	-9.833189e+00
1.160000e-05	2.460454e-02	-9.760048e+00
1.161000e-05	2.308347e-02	-9.684315e+00
1.162000e-05	2.089794e-02	-9.642208e+00
1.163000e-05	1.950411e-02	-9.505948e+00
1.164000e-05	1.633645e-02	-9.411657e+00
1.165000e-05	1.563872e-02	-9.308395e+00
1.166000e-05	1.545291e-02	-9.211102e+00
1.167000e-05	1.573981e-02	-9.106367e+00
1.168000e-05	1.247328e-02	-9.029652e+00
1.169000e-05	1.036320e-02	-8.896340e+00
1.170000e-05	9.086142e-03	-8.790204e+00
1.171000e-05	1.052342e-02	-8.665865e+00
1.172000e-05	8.184364e-03	-8.570545e+00
1.173000e-05	8.203210e-03	-8.453681e+00
1.174000e-05	5.711388e-03	-8.357946e+00
1.175000e-05	7.299311e-03	-8.221207e+00
1.176000e-05	5.392054e-03	-8.097391e+00
1.177000e-05	7.477206e-03	-8.011625e+00
1.178000e-05	4.283090e-03	-7.865765e+00
1.179000e-05	5.960684e-03	-7.728024e+00
1.180000e-05	4.386263e-03	-7.551101e+00
1.181000e-05	4.554406e-03	-7.444756e+00
1.182000e-05	1.764959e-03	-7.323842e+00
1.183000e-05	7.574423e-04	-7.190578e+00
1.184000e-05	1.616055e-03	-7.074766e+00
1.185000e-05	2.234268e-03	-6.924870e+00
1.186000e-05	2.858260e-03	-6.759025e+00
1.187000e-05	1.616347e-03	-6.673711e+00
1.188000e-05	1.937787e-03	-6.487396e+00
1.189000e-05	8.816584e-04	-6.450529e+00
1.190000e-05	1.038079e-03	-6.243784e+00
1.191000e-05	-1.705884e-03	-6.114338e+00
1.192000e-05	-1.218941e-03	-5.977472e+00
1.193000e-05	-8.343119e-04	-5.821658e+00
1.194000e-05	1.335385e-04	-5.664313e+00
1.195000e-05	-1.659397e-06	-5.528950e+00
1.196000e-05	-8.261539e-04	-5.358576e+00
1.197000e-05	-1.917803e-03	-5.198948e+00
1.198000e-05	-8.604228e-04	-5.041558e+00
1.199000e-05	-2.242872e-03	-4.780205e+00
1.200000e-05	-2.873594e-03	-4.631128e+00
1.201000e-05	-3.680763e-03	-4.536742e+00
1.202000e-05	-3.315704e-03	-4.400048e+00
1.203000e-05	-2.427715e-03	-4.242659e+00
1.204000e-05	-3.945951e-03	-4.135317e+00
1.205000e-05	-3.577301e-03	-3.967975e+00
1.206000e-05	-3.220257e-03	-3.820574e+00
1.207000e-05	-3.475890e-03	-3.630554e+00
1.208000e-05	-3.317543e-03	-3.513687e+00
1.209000e-05	-3.914122e-03	-3.305917e+00
1.210000e-05	-4.152793e-03	-3.189925e+00
1.211000e-05	-4.366385e-03	-2.969473e+00
1.212000e-05	-4.691847e-03	-2.820076e+00
1.213000e-05	-5.478083e-03	-2.663688e+00
1.214000e-05	-5.671291e-03	-2.525816e+00
1.215000e-05	-5.859240e-03	-2.379496e+00
1.216000e-05	-4.989118e-03	-2.195820e+00
1.217000e-05	-5.908131e-03	-2.000025e+00
1.218000e-05	-6.221976e-03	-1.871658e+00
1.219000e-05	-6.736708e-03	-1.715291e+00
1.220000e-05	-5.314453e-03	-1.537423e+00
1.221000e-05	-5.097215e-03	-1.305369e+00
1.222000e-05	-5.599788e-03	-1.136397e+00
1.223000e-05	-6.063670e-03	-9.885251e-01
1.224000e-05	-7.909914e-03	-8.411315e-01
1.225000e-05	-6.417866e-03	-6.952152e-01
1.226000e-05	-6.821557e-03	-4.616304e-01
1.227000e-05	-7.004150e-03	-3.347897e-01
1.228000e-05	-7.135733e-03	-1.268197e-01
1.229000e-05	-5.394815e-03	-1.000257e-02
1.230000e-05	-1.104026e-04	1.689173e-01
1.231000e-05	-8.619216e-04	3.889210e-01
1.232000e-05	-4.102700e-03	4.737882e-01
1.233000e-05	-2.324215e-03	6.131764e-01
1.234000e-05	-3.836220e-03	7.800238e-01
1.235000e-05	-1.959436e-03	9.589434e-01
1.236000e-05	-3.678064e-04	1.118920e+00
1.237000e-05	1.729082e-02	1.326315e+00
1.238000e-05	8.035587e-02	1.528340e+00
1.239000e-05	4.079947e-03	1.802098e+00
1.240000e-05	-4.826156e-02	1.948971e+00
1.241000e-05	-4.197680e-02	2.106739e+00
1.242000e-05	-1.013248e-01	2.191554e+00
1.243000e-05	3.754926e-02	2.326841e+00
1.244000e-05	8.386081e-02	2.469312e+00
1.245000e-05	-1.858404e-01	2.707260e+00
1.246000e-05	1.491832e-01	2.801604e+00
1.247000e-05	3.671075e-02	3.012605e+00
1.248000e-05	-1.193133e-01	3.177469e+00
1.249000e-05	9.889635e-02	3.232683e+00
1.250000e-05	-5.555938e-02	3.515308e+00
1.251000e-05	-7.980155e-02	3.602080e+00
1.252000e-05	9.084562e-02	3.779024e+00
1.253000e-05	-3.690223e-02	3.958594e+00
1.254000e-05	2.195723e-02	4.036285e+00
1.255000e-05	1.628445e-02	4.288784e+00
1.256000e-05	-6.887558e-02	4.453155e+00
1.257000e-05	3.817893e-02	4.612050e+00
1.258000e-05	-3.796647e-02	4.739917e+00
1.259000e-05	1.546301e-02	4.888437e+00
1.260000e-05	-1.836159e-02	5.088842e+00
1.261000e-05	1.281079e-02	5.284840e+00
1.262000e-05	1.328192e-02	5.433180e+00
1.263000e-05	-3.884147e-02	5.568495e+00
1.264000e-05	2.576840e-02	5.656362e+00
1.265000e-05	-4.568024e-02	5.846857e+00
1.266000e-05	-4.159716e-03	6.013654e+00
1.267000e-05	2.802739e-02	6.148845e+00
1.268000e-05	-2.167794e-02	6.275867e+00
1.269000e-05	3.892603e-03	6.403152e+00
1.270000e-05	-1.972280e-02	6.561498e+00
1.271000e-05	-1.148151e-03	6.739044e+00
1.272000e-05	-3.721682e-03	6.864287e+00
1.273000e-05	-1.463266e-02	7.002648e+00
1.274000e-05	-4.330874e-03	7.126890e+00
1.275000e-05	-1.909534e-02	7.225258e+00
1.276000e-05	1.511524e-02	7.402624e+00
1.277000e-05	-1.392394e-02	7.520523e+00
1.278000e-05	-1.255495e-02	7.716790e+00
1.279000e-05	-1.274235e-02	7.883706e+00
1.280000e-05	-1.308496e-02	7.972200e+00
1.281000e-05	5.944186e-03	8.127389e+00
1.282000e-05	-1.344901e-02	8.283706e+00
1.283000e-05	-8.565642e-03	8.317941e+00
1.284000e-05	-1.454172e-02	8.434131e+00
1.285000e-05	-5.040130e-04	8.498393e+00
1.286000e-05	-6.353474e-03	8.623208e+00
1.287000e-05	-1.732745e-02	8.707418e+00
1.288000e-05	-1.263427e-02	8.824181e+00
1.289000e-05	-1.148443e-02	8.941069e+00
1.290000e-05	1.771837e-03	9.044238e+00
1.291000e-05	-1.143916e-02	9.139445e+00
1.292000e-05	-1.397305e-02	9.255756e+00
1.293000e-05	-1.599301e-02	9.321071e+00
1.294000e-05	-7.741902e-03	9.424626e+00
1.295000e-05	-8.670659e-03	9.527969e+00
1.296000e-05	-1.397748e-02	9.600653e+00
1.297000e-05	-1.289031e-02	9.677967e+00
1.298000e-05	-9.835719e-03	9.802600e+00
1.299000e-05	-4.850671e-03	9.885388e+00
1.300000e-05	-1.243257e-02	9.980528e+00
1.301000e-05	-1.678318e-02	1.004579e+01
1.302000e-05	-1.868284e-02	1.010749e+01
1.303000e-05	-1.123709e-02	1.020215e+01
1.304000e-05	-9.645141e-03	1.026584e+01
1.305000e-05	-1.412294e-02	1.034850e+01
1.306000e-05	-1.439533e-02	1.044221e+01
1.307000e-05	-1.334230e-02	1.048639e+01
1.308000e-05	-1.121596e-02	1.054057e+01
1.309000e-05	-1.441628e-02	1.061421e+01
1.310000e-05	-1.892900e-02	1.069637e+01
1.311000e-05	-1.893365e-02	1.074007e+01
1.312000e-05	-1.177305e-02	1.081418e+01
1.313000e-05	-1.122300e-02	1.086628e+01
1.314000e-05	-1.651344e-02	1.085742e+01
1.315000e-05	-1.925009e-02	1.094050e+01
1.316000e-05	-1.861665e-02	1.097160e+01
1.317000e-05	-1.294531e-02	1.101218e+01
1.318000e-05	-1.679033e-02	1.106471e+01
1.319000e-05	-1.868001e-02	1.110641e+01
1.320000e-05	-2.053098e-02	1.109697e+01
1.321000e-05	-1.727186e-02	1.114905e+01
1.322000e-05	-1.619412e-02	1.117160e+01
1.323000e-05	-2.012094e-02	1.121173e+01
1.324000e-05	-2.191900e-02	1.122468e+01
1.325000e-05	-2.124421e-02	1.123586e+01
1.326000e-05	-1.754717e-02	1.131444e+01
1.327000e-05	-1.884390e-02	1.128587e+01
1.328000e-05	-2.186459e-02	1.129844e+01
1.329000e-05	-2.415034e-02	1.132897e+01
1.330000e-05	-2.231679e-02	1.132905e+01
1.331000e-05	-2.057114e-02	1.136052e+01
1.332000e-05	-2.285531e-02	1.135110e+01
1.333000e-05	-2.519834e-02	1.133257e+01
1.334000e-05	-2.648978e-02	1.134957e+01
1.335000e-05	-2.389934e-02	1.132055e+01
1.336000e-05	-2.482269e-02	1.137107e+01
1.337000e-05	-2.781530e-02	1.133057e+01
1.338000e-05	-3.032086e-02	1.129049e+01
1.339000e-05	-2.824561e-02	1.128759e+01
1.340000e-05	-2.679109e-02	1.129634e+01
1.341000e-05	-2.965302e-02	1.125741e+01
1.342000e-05	-3.280132e-02	1.125589e+01
1.343000e-05	-3.340945e-02	1.121370e+01
1.344000e-05	-3.150927e-02	1.119373e+01
1.345000e-05	-3.150004e-02	1.114018e+01
1.346000e-05	-3.543001e-02	1.113747e+01
1.347000e-05	-3.740178e-02	1.109844e+01
1.348000e-05	-3.649861e-02	1.108479e+01
1.349000e-05	-3.473823e-02	1.101466e+01
1.350000e-05	-3.795449e-02	1.097268e+01
1.351000e-05	-3.911159e-02	1.096055e+01
1.352000e-05	-4.426076e-02	1.090889e+01
1.353000e-05	-4.037719e-02	1.089531e+01
1.354000e-05	-4.406726e-02	1.080368e+01
1.355000e-05	-4.443058e-02	1.076812e+01
1.356000e-05	-5.058659e-02	1.070839e+01
1.357000e-05	-4.740445e-02	1.063429e+01
1.358000e-05	-4.946958e-02	1.052060e+01
1.359000e-05	-4.710659e-02	1.049794e+01
1.360000e-05	-5.267156e-02	1.044471e+01
1.361000e-05	-5.075290e-02	1.036965e+01
1.362000e-05	-4.857945e-02	1.026742e+01
1.363000e-05	-4.478879e-02	1.023276e+01
1.364000e-05	-4.717124e-02	1.018005e+01
1.365000e-05	-4.716505e-02	1.011634e+01
1.366000e-05	-4.308193e-02	1.002316e+01
1.367000e-05	-3.804586e-02	9.957992e+00
1.368000e-05	-3.589527e-02	9.852740e+00
1.369000e-05	-3.642923e-02	9.720575e+00
1.370000e-05	-3.355074e-02	9.654260e+00
1.371000e-05	-3.046060e-02	9.569547e+00
1.372000e-05	-2.801598e-02	9.455263e+00
1.373000e-05	-2.810360e-02	9.391128e+00
1.374000e-05	-2.783528e-02	9.286417e+00
1.375000e-05	-2.533836e-02	9.223204e+00
1.376000e-05	-2.107042e-02	9.138920e+00
1.377000e-05	-2.058163e-02	8.974630e+00
1.378000e-05	-2.137521e-02	8.855344e+00
1.379000e-05	-2.177897e-02	8.789052e+00
1.380000e-05	-1.959890e-02	8.665238e+00
1.381000e-05	-1.732378e-02	8.559524e+00
1.382000e-05	-1.782936e-02	8.454187e+00
1.383000e-05	-1.830183e-02	8.381523e+00
1.384000e-05	-1.794976e-02	8.254237e+00
1.385000e-05	-1.561485e-02	8.117019e+00
1.386000e-05	-1.502699e-02	7.984072e+00
1.387000e-05	-1.457125e-02	7.855365e+00
1.388000e-05	-1.628044e-02	7.748570e+00
1.389000e-05	-1.388438e-02	7.663206e+00
1.390000e-05	-1.275866e-02	7.477392e+00
1.391000e-05	-1.095055e-02	7.358549e+00
1.392000e-05	-1.317624e-02	7.200651e+00
1.393000e-05	-1.364871e-02	7.084815e+00
1.394000e-05	-1.278891e-02	6.927444e+00
1.395000e-05	-1.083137e-02	6.851656e+00
1.396000e-05	-1.148240e-02	6.687842e+00
1.397000e-05	-1.145141e-02	6.517921e+00
1.398000e-05	-1.090549e-02	6.400078e+00
1.399000e-05	-9.703053e-03	6.293263e+00
1.400000e-05	-9.164525e-03	6.129296e+00
1.401000e-05	-1.069049e-02	5.991056e+00
1.402000e-05	-1.176157e-02	5.867339e+00
1.403000e-05	-1.037271e-02	5.686890e+00
1.404000e-05	-9.553820e-03	5.548996e+00
1.405000e-05	-8.512050e-03	5.411603e+00
1.406000e-05	-9.191551e-03	5.235237e+00
1.407000e-05	-8.281187e-03	5.075316e+00
1.408000e-05	-7.171225e-03	4.894264e+00
1.409000e-05	-7.029399e-03	4.716942e+00
1.410000e-05	-9.200000e-03	4.609028e+00
1.411000e-05	-7.945195e-03	4.442180e+00
1.412000e-05	-9.190480e-03	4.297869e+00
1.413000e-05	-7.530362e-03	4.077844e+00
1.414000e-05	-7.989688e-03	3.949446e+00
1.415000e-05	-8.167137e-03	3.819607e+00
1.416000e-05	-7.951431e-03	3.673684e+00
1.417000e-05	-7.203907e-03	3.536820e+00
1.418000e-05	-5.507582e-03	3.348367e+00
1.419000e-05	-6.302655e-03	3.149423e+00
1.420000e-05	-5.474722e-03	3.031078e+00
1.421000e-05	-6.671958e-03	2.853233e+00
1.422000e-05	-6.385817e-03	2.749396e+00
1.423000e-05	-7.831063e-03	2.496412e+00
1.424000e-05	-6.914896e-03	2.368817e+00
1.425000e-05	-7.705488e-03	2.181054e+00
1.426000e-05	-5.610346e-03	2.053130e+00
1.427000e-05	-4.431647e-03	1.945866e+00
1.428000e-05	-3.513243e-03	1.766870e+00
1.429000e-05	-5.083939e-03	1.591401e+00
1.430000e-05	-5.117513e-03	1.410975e+00
1.431000e-05	-7.437124e-03	1.232555e+00
1.432000e-05	-7.071459e-03	1.020055e+00
1.433000e-05	-7.224727e-03	8.315528e-01
1.434000e-05	-5.567200e-03	6.826857e-01
1.435000e-05	-4.403912e-03	5.162882e-01
1.436000e-05	-3.419252e-03	4.089227e-01
1.437000e-05	-3.871023e-03	1.679999e-01
1.438000e-05	-3.283018e-03	1.097519e-02
1.439000e-05	-2.787595e-03	-1.684944e-01
1.440000e-05	2.002626e-03	-2.953106e-01
1.441000e-05	9.839795e-04	-4.401301e-01
1.442000e-05	-1.562836e-04	-6.216514e-01
1.443000e-05	1.629868e-04	-7.805976e-01
1.444000e-05	1.702565e-03	-9.178907e-01
1.445000e-05	5.109076e-04	-1.034208e+00
1.446000e-05	7.413320e-03	-1.230101e+00
1.447000e-05	7.165428e-02	-1.393729e+00
1.448000e-05	5.222470e-02	-1.630756e+00
1.449000e-05	-5.213071e-02	-1.946813e+00
1.450000e-05	-1.838809e-02	-2.096287e+00
1.451000e-05	-1.256670e-01	-2.326788e+00
1.452000e-05	9.993232e-02	-2.337372e+00
1.453000e-05	6.020160e-02	-2.422628e+00
1.454000e-05	-2.031777e-01	-2.666763e+00
1.455000e-05	1.995883e-01	-2.779972e+00
1.456000e-05	2.886051e-02	-2.841755e+00
1.457000e-05	-1.744914e-01	-3.180525e+00
1.458000e-05	1.768815e-01	-3.265336e+00
1.459000e-05	-6.517571e-02	-3.432682e+00
1.460000e-05	-1.150335e-01	-3.610550e+00
1.461000e-05	1.675411e-01	-3.673261e+00
1.462000e-05	-1.143082e-01	-3.979993e+00
1.463000e-05	9.900839e-02	-4.087891e+00
1.464000e-05	4.934645e-02	-4.202104e+00
1.465000e-05	-1.533888e-01	-4.391582e+00
1.466000e-05	1.397626e-01	-4.505790e+00
1.467000e-05	-9.715918e-02	-4.656285e+00
1.468000e-05	3.337327e-02	-4.905212e+00
1.469000e-05	5.298456e-02	-4.980622e+00
1.470000e-05	-6.815952e-02	-5.149596e+00
1.471000e-05	1.128949e-01	-5.286941e+00
1.472000e-05	-9.687190e-02	-5.506466e+00
1.473000e-05	6.352845e-02	-5.674811e+00
1.474000e-05	-1.294670e-02	-5.770527e+00
1.475000e-05	-6.076343e-02	-5.987947e+00
1.476000e-05	1.272135e-01	-6.045312e+00
1.477000e-05	-9.483666e-02	-6.255281e+00
1.478000e-05	8.199576e-02	-6.409604e+00
1.479000e-05	-3.560702e-02	-6.517992e+00
1.480000e-05	-9.844011e-03	-6.666712e+00
1.481000e-05	6.115680e-02	-6.770654e+00
1.482000e-05	-7.297706e-02	-6.890971e+00
1.483000e-05	7.869835e-02	-7.115916e+00
1.484000e-05	-5.921443e-02	-7.244736e+00
1.485000e-05	6.274330e-02	-7.320520e+00
1.486000e-05	-8.514421e-03	-7.475916e+00
1.487000e-05	-1.271106e-02	-7.655836e+00
1.488000e-05	3.350538e-02	-7.821705e+00
1.489000e-05	-4.591065e-02	-7.968500e+00
1.490000e-05	6.607578e-02	-8.044763e+00
1.491000e-05	-3.719320e-02	-8.201126e+00
1.492000e-05	3.517063e-02	-8.306791e+00
1.493000e-05	-1.102343e-02	-8.363123e+00
1.494000e-05	1.247641e-02	-8.508946e+00
1.495000e-05	2.032676e-02	-8.623683e+00
1.496000e-05	-2.108713e-02	-8.791672e+00
1.497000e-05	2.297729e-02	-8.874760e+00
1.498000e-05	-1.819721e-02	-8.989525e+00
1.499000e-05	3.626606e-02	-9.054809e+00
1.500000e-05	-6.136406e-03	-9.127993e+00
1.501000e-05	1.502506e-02	-9.233285e+00
1.502000e-05	-2.607296e-04	-9.330446e+00
1.503000e-05	9.110232e-03	-9.482732e+00
1.504000e-05	1.206796e-02	-9.589424e+00
1.505000e-05	-1.151188e-03	-9.665258e+00
1.506000e-05	1.163887e-02	-9.678415e+00
1.507000e-05	2.100188e-04	-9.823250e+00
1.508000e-05	2.314720e-02	-9.876365e+00
1.509000e-05	1.420631e-03	-9.949074e+00
1.510000e-05	1.139726e-02	-1.007589e+01
1.511000e-05	-3.050381e-03	-1.010852e+01
1.512000e-05	1.318983e-02	-1.020330e+01
1.513000e-05	1.065420e-02	-1.026694e+01
1.514000e-05	1.100930e-02	-1.042220e+01
1.515000e-05	8.585778e-03	-1.043479e+01
1.516000e-05	6.102742e-03	-1.053002e+01
1.517000e-05	1.451850e-02	-1.058063e+01
1.518000e-05	6.762500e-03	-1.066576e+01
1.519000e-05	1.226201e-02	-1.071794e+01
1.520000e-05	4.127388e-03	-1.077057e+01
1.521000e-05	1.543793e-02	-1.079265e+01
1.522000e-05	1.201416e-02	-1.087581e+01
1.523000e-05	1.350288e-02	-1.088852e+01
1.524000e-05	8.230129e-03	-1.094102e+01
1.525000e-05	8.037846e-03	-1.097225e+01
1.526000e-05	1.248866e-02	-1.104374e+01
1.527000e-05	1.247747e-02	-1.106792e+01
1.528000e-05	1.326478e-02	-1.112752e+01
1.529000e-05	9.981204e-03	-1.118963e+01
1.530000e-05	1.454757e-02	-1.119466e+01
1.531000e-05	1.455339e-02	-1.121423e+01
1.532000e-05	1.494695e-02	-1.123336e+01
1.533000e-05	1.146356e-02	-1.124694e+01
1.534000e-05	1.274803e-02	-1.128899e+01
1.535000e-05	1.543996e-02	-1.129907e+01
1.536000e-05	1.630892e-02	-1.136958e+01
1.537000e-05	1.495096e-02	-1.137013e+01
1.538000e-05	1.313245e-02	-1.140225e+01
1.539000e-05	1.593464e-02	-1.140266e+01
1.540000e-05	1.804003e-02	-1.144278e+01
1.541000e-05	1.865338e-02	-1.143376e+01
1.542000e-05	1.670114e-02	-1.142235e+01
1.543000e-05	1.654294e-02	-1.144329e+01
1.544000e-05	1.944296e-02	-1.143471e+01
1.545000e-05	2.045946e-02	-1.146283e+01
1.546000e-05	2.084407e-02	-1.142330e+01
1.547000e-05	1.928558e-02	-1.139328e+01
1.548000e-05	2.123423e-02	-1.141365e+01
1.549000e-05	2.375140e-02	-1.135118e+01
1.550000e-05	2.266639e-02	-1.135910e+01
1.551000e-05	2.522655e-02	-1.132005e+01
1.552000e-05	2.111011e-02	-1.135849e+01
1.553000e-05	2.576864e-02	-1.129537e+01
1.554000e-05	2.516384e-02	-1.126479e+01
1.555000e-05	2.759009e-02	-1.123321e+01
1.556000e-05	2.816431e-02	-1.116160e+01
1.557000e-05	2.849621e-02	-1.113050e+01
1.558000e-05	3.092817e-02	-1.105647e+01
1.559000e-05	2.852330e-02	-1.105489e+01
1.560000e-05	3.012825e-02	-1.101016e+01
1.561000e-05	2.990959e-02	-1.095915e+01
1.562000e-05	3.178903e-02	-1.092903e+01
1.563000e-05	3.574130e-02	-1.085634e+01
1.564000e-05	3.692070e-02	-1.083423e+01
1.565000e-05	4.003590e-02	-1.081071e+01
1.566000e-05	3.882917e-02	-1.073952e+01
1.567000e-05	3.943123e-02	-1.068539e+01
1.568000e-05	3.934910e-02	-1.063321e+01
1.569000e-05	4.022251e-02	-1.057955e+01
1.570000e-05	4.240030e-02	-1.053750e+01
1.571000e-05	4.256670e-02	-1.043631e+01
1.572000e-05	4.164139e-02	-1.040013e+01
1.573000e-05	4.049898e-02	-1.034649e+01
1.574000e-05	3.819084e-02	-1.022268e+01
1.575000e-05	3.760288e-02	-1.011897e+01
1.576000e-05	3.333502e-02	-1.008434e+01
1.577000e-05	3.071924e-02	-9.969100e+00
1.578000e-05	2.850744e-02	-9.876963e+00
1.579000e-05	2.607534e-02	-9.832684e+00
1.580000e-05	2.539522e-02	-9.729477e+00
1.581000e-05	2.177560e-02	-9.663815e+00
1.582000e-05	2.157807e-02	-9.601102e+00
1.583000e-05	1.905992e-02	-9.466936e+00
1.584000e-05	1.955736e-02	-9.340729e+00
1.585000e-05	1.545988e-02	-9.257415e+00
1.586000e-05	1.443183e-02	-9.209049e+00
1.587000e-05	1.217971e-02	-9.015288e+00
1.588000e-05	1.168767e-02	-8.969070e+00
1.589000e-05	1.130198e-02	-8.824811e+00
1.590000e-05	1.205360e-02	-8.788148e+00
1.591000e-05	1.135628e-02	-8.653864e+00
1.592000e-05	1.048754e-02	-8.537448e+00
1.593000e-05	7.718106e-03	-8.379602e+00
1.594000e-05	5.589533e-03	-8.276867e+00
1.595000e-05	6.190011e-03	-8.209577e+00
1.596000e-05	3.960105e-03	-8.076314e+00
1.597000e-05	6.233524e-03	-7.969049e+00
1.598000e-05	4.882627e-03	-7.834610e+00
1.599000e-05	7.656150e-03	-7.706916e+00
1.600000e-05	5.013818e-03	-7.507947e+00
1.601000e-05	2.239032e-03	-7.412653e+00
1.602000e-05	6.021771e-04	-7.295741e+00
1.603000e-05	2.628652e-03	-7.129474e+00
1.604000e-05	2.465342e-03	-7.002234e+00
1.605000e-05	1.351660e-03	-6.883760e+00
1.606000e-05	1.815287e-03	-6.767421e+00
1.607000e-05	1.938585e-03	-6.631658e+00
1.608000e-05	3.551011e-03	-6.475289e+00
1.609000e-05	4.179893e-04	-6.400051e+00
1.610000e-05	-5.014429e-04	-6.181181e+00
1.611000e-05	-1.423654e-03	-6.072179e+00
1.612000e-05	7.127198e-04	-5.887344e+00
1.613000e-05	-3.914298e-04	-5.781001e+00
1.614000e-05	-1.352188e-03	-5.651783e+00
1.615000e-05	-1.713738e-03	-5.515844e+00
1.616000e-05	-1.314403e-03	-5.273342e+00
1.617000e-05	-1.545185e-03	-5.087369e+00
1.618000e-05	-2.699666e-03	-4.949974e+00
1.619000e-05	-3.437211e-03	-4.726421e+00
1.620000e-05	-3.420892e-03	-4.612179e+00
1.621000e-05	-2.355862e-03	-4.473309e+00
1.622000e-05	-2.796582e-03	-4.316395e+00
1.623000e-05	-3.274582e-03	-4.210602e+00
1.624000e-05	-3.929354e-03	-4.062684e+00
1.625000e-05	-3.312068e-03	-3.937969e+00
1.626000e-05	-4.179975e-03	-3.755842e+00
1.627000e-05	-4.184380e-03	-3.595896e+00
1.628000e-05	-5.874748e-03	-3.442153e+00
1.629000e-05	-4.588537e-03	-3.283235e+00
1.630000e-05	-4.918718e-03	-3.145890e+00
1.631000e-05	-4.671147e-03	-2.925395e+00
1.632000e-05	-4.456882e-03	-2.788949e+00
1.633000e-05	-5.313952e-03	-2.590579e+00
1.634000e-05	-5.576925e-03	-2.471712e+00
1.635000e-05	-5.563904e-03	-2.317822e+00
1.636000e-05	-5.144505e-03	-2.123387e+00
1.637000e-05	-5.446240e-03	-1.968397e+00
1.638000e-05	-6.340255e-03	-1.840473e+00
1.639000e-05	-6.158866e-03	-1.653158e+00
1.640000e-05	-5.582662e-03	-1.494739e+00
1.641000e-05	-5.118209e-03	-1.271207e+00
1.642000e-05	-6.013215e-03	-1.134213e+00
1.643000e-05	-5.959607e-03	-9.563432e-01
1.644000e-05	-7.149178e-03	-7.900011e-01
1.645000e-05	-4.701229e-03	-6.175775e-01
1.646000e-05	-9.738629e-03	-4.100539e-01
1.647000e-05	-6.714306e-03	-2.717103e-01
1.648000e-05	-9.022899e-03	-1.063336e-01
1.649000e-05	-2.822482e-03	6.039485e-04
1.650000e-05	3.382345e-03	2.126002e-01
1.651000e-05	-1.686435e-03	4.010001e-01
1.652000e-05	1.462028e-03	5.483684e-01
1.653000e-05	-3.386042e-03	6.956829e-01
1.654000e-05	-1.234824e-03	8.010016e-01
1.655000e-05	-7.392630e-03	9.919938e-01
1.656000e-05	1.194808e-03	1.201496e+00
1.657000e-05	3.165855e-02	1.366917e+00
1.658000e-05	8.203054e-02	1.625128e+00
1.659000e-05	-2.946547e-02	1.842706e+00
1.660000e-05	-3.733414e-02	1.989525e+00
1.661000e-05	-5.620159e-02	2.138817e+00
1.662000e-05	-8.649224e-02	2.232677e+00
1.663000e-05	1.004836e-01	2.359969e+00
1.664000e-05	-1.843948e-02	2.600946e+00
1.665000e-05	-1.424213e-01	2.767438e+00
1.666000e-05	2.022334e-01	2.843230e+00
1.667000e-05	-6.639688e-02	3.055780e+00
1.668000e-05	-6.110712e-02	3.157997e+00
1.669000e-05	1.013118e-01	3.316840e+00
1.670000e-05	-1.123615e-01	3.528391e+00
1.671000e-05	-1.102546e-02	3.655311e+00
1.672000e-05	7.184665e-02	3.833629e+00
1.673000e-05	-5.075809e-02	3.990550e+00
1.674000e-05	5.095071e-02	4.135869e+00
1.675000e-05	-3.559555e-02	4.358392e+00
1.676000e-05	-2.949858e-02	4.475787e+00
1.677000e-05	2.219748e-02	4.623154e+00
1.678000e-05	-3.722972e-02	4.779996e+00
1.679000e-05	2.347035e-02	4.958525e+00
1.680000e-05	-2.465566e-02	5.211398e+00
1.681000e-05	2.448314e-02	5.337417e+00
1.682000e-05	-1.137955e-02	5.454758e+00
1.683000e-05	-2.518612e-02	5.541603e+00
1.684000e-05	1.998544e-02	5.729946e+00
1.685000e-05	-5.919007e-02	5.897971e+00
1.686000e-05	2.651690e-02	6.043183e+00
1.687000e-05	6.654552e-03	6.221574e+00
1.688000e-05	-1.539130e-02	6.346865e+00
1.689000e-05	3.068277e-03	6.444161e+00
1.690000e-05	-2.783469e-02	6.603659e+00
1.691000e-05	7.978015e-03	6.790574e+00
1.692000e-05	-1.891477e-02	6.886315e+00
1.693000e-05	-1.873530e-03	7.054257e+00
1.694000e-05	-1.745902e-02	7.139995e+00
1.695000e-05	-4.107438e-03	7.291912e+00
1.696000e-05	1.146990e-02	7.434704e+00
1.697000e-05	-1.859611e-02	7.592678e+00
1.698000e-05	-1.029647e-02	7.738375e+00
1.699000e-05	-1.938991e-02	7.897289e+00
1.700000e-05	-2.163582e-03	8.013706e+00
1.701000e-05	-1.637013e-03	8.131445e+00
1.702000e-05	-1.173365e-02	8.275804e+00
1.703000e-05	-1.026371e-02	8.359095e+00
1.704000e-05	-9.312389e-03	8.476838e+00
1.705000e-05	1.137621e-03	8.550049e+00
1.706000e-05	-1.302566e-02	8.634208e+00
1.707000e-05	-1.790621e-02	8.709893e+00
1.708000e-05	-1.442894e-02	8.843261e+00
1.709000e-05	-6.124060e-03	8.982123e+00
1.710000e-05	-1.688358e-03	9.076312e+00
1.711000e-05	-1.184415e-02	9.180649e+00
1.712000e-05	-1.359588e-02	9.276335e+00
1.713000e-05	-1.055319e-02	9.370549e+00
1.714000e-05	-6.840073e-03	9.453886e+00
1.715000e-05	-1.111709e-02	9.517420e+00
1.716000e-05	-1.528698e-02	9.672282e+00
1.717000e-05	-1.232002e-02	9.729493e+00
1.718000e-05	-7.131258e-03	9.823678e+00
1.719000e-05	-5.999935e-03	9.916967e+00
1.720000e-05	-1.378059e-02	1.001018e+01
1.721000e-05	-1.916160e-02	1.006484e+01
1.722000e-05	-1.532065e-02	1.010005e+01
1.723000e-05	-8.408995e-03	1.021363e+01
1.724000e-05	-9.615726e-03	1.027686e+01
1.725000e-05	-1.515262e-02	1.037909e+01
1.726000e-05	-1.567942e-02	1.044626e+01
1.727000e-05	-1.189529e-02	1.049844e+01
1.728000e-05	-1.113074e-02	1.054108e+01
1.729000e-05	-1.594182e-02	1.060436e+01
1.730000e-05	-2.040695e-02	1.072646e+01
1.731000e-05	-1.517109e-02	1.079065e+01
1.732000e-05	-9.541390e-03	1.083278e+01
1.733000e-05	-1.207054e-02	1.086574e+01
1.734000e-05	-1.824882e-02	1.091752e+01
1.735000e-05	-1.961371e-02	1.095047e+01
1.736000e-05	-1.709300e-02	1.096158e+01
1.737000e-05	-1.396959e-02	1.103368e+01
1.738000e-05	-1.955338e-02	1.106426e+01
1.739000e-05	-2.104578e-02	1.111792e+01
1.740000e-05	-1.888674e-02	1.108792e+01
1.741000e-05	-1.505223e-02	1.115953e+01
1.742000e-05	-1.640524e-02	1.114015e+01
1.743000e-05	-2.202643e-02	1.121321e+01
1.744000e-05	-2.248037e-02	1.119324e+01
1.745000e-05	-1.997348e-02	1.127632e+01
1.746000e-05	-1.694679e-02	1.129746e+01
1.747000e-05	-2.068454e-02	1.129842e+01
1.748000e-05	-2.432492e-02	1.131944e+01
1.749000e-05	-2.367225e-02	1.129849e+01
1.750000e-05	-2.006255e-02	1.133103e+01
1.751000e-05	-2.154227e-02	1.131955e+01
1.752000e-05	-2.554047e-02	1.132165e+01
1.753000e-05	-2.685505e-02	1.134012e+01
1.754000e-05	-2.513674e-02	1.136163e+01
1.755000e-05	-2.257463e-02	1.136060e+01
1.756000e-05	-2.679973e-02	1.135113e+01
1.757000e-05	-3.015635e-02	1.130997e+01
1.758000e-05	-3.010820e-02	1.129950e+01
1.759000e-05	-2.717463e-02	1.128842e+01
1.760000e-05	-2.807642e-02	1.128786e+01
1.761000e-05	-3.149679e-02	1.129634e+01
1.762000e-05	-3.318741e-02	1.125484e+01
1.763000e-05	-3.300707e-02	1.124426e+01
1.764000e-05	-3.122014e-02	1.118118e+01
1.765000e-05	-3.273196e-02	1.114947e+01
1.766000e-05	-3.487843e-02	1.112752e+01
1.767000e-05	-3.745412e-02	1.107582e+01
1.768000e-05	-3.618050e-02	1.104526e+01
1.769000e-05	-3.664440e-02	1.102371e+01
1.770000e-05	-4.103280e-02	1.097058e+01
1.771000e-05	-4.037156e-02	1.092799e+01
1.772000e-05	-4.149508e-02	1.089687e+01
1.773000e-05	-3.986670e-02	1.084634e+01
1.774000e-05	-4.409263e-02	1.081260e+01
1.775000e-05	-4.489135e-02	1.071800e+01
1.776000e-05	-4.750364e-02	1.067537e+01
1.777000e-05	-4.750164e-02	1.062325e+01
1.778000e-05	-5.040262e-02	1.056250e+01
1.779000e-05	-5.043837e-02	1.048597e+01
1.780000e-05	-4.964946e-02	1.042126e+01
1.781000e-05	-4.893418e-02	1.034952e+01
1.782000e-05	-4.725248e-02	1.024636e+01
1.783000e-05	-4.725129e-02	1.018268e+01
1.784000e-05	-4.504958e-02	1.014845e+01
1.785000e-05	-4.451702e-02	1.008586e+01
1.786000e-05	-4.063329e-02	9.982149e+00
1.787000e-05	-3.936064e-02	9.916893e+00
1.788000e-05	-3.575984e-02	9.813182e+00
1.789000e-05	-3.472871e-02	9.697968e+00
1.790000e-05	-3.153021e-02	9.643736e+00
1.791000e-05	-2.926938e-02	9.537994e+00
1.792000e-05	-2.834982e-02	9.445685e+00
1.793000e-05	-2.663956e-02	9.358973e+00
1.794000e-05	-2.438505e-02	9.285340e+00
1.795000e-05	-2.347512e-02	9.201099e+00
1.796000e-05	-2.416117e-02	9.105336e+00
1.797000e-05	-2.267895e-02	8.951551e+00
1.798000e-05	-2.053926e-02	8.883281e+00
1.799000e-05	-1.911977e-02	8.699568e+00
1.800000e-05	-2.046767e-02	8.633159e+00
1.801000e-05	-1.954111e-02	8.528418e+00
1.802000e-05	-1.840041e-02	8.453656e+00
1.803000e-05	-1.665010e-02	8.357518e+00
1.804000e-05	-1.610872e-02	8.231782e+00
1.805000e-05	-1.579578e-02	8.095890e+00
1.806000e-05	-1.640280e-02	7.960053e+00
1.807000e-05	-1.455825e-02	7.863110e+00
1.808000e-05	-1.345288e-02	7.697444e+00
1.809000e-05	-1.418207e-02	7.562704e+00
1.810000e-05	-1.439165e-02	7.424784e+00
1.811000e-05	-1.371710e-02	7.304391e+00
1.812000e-05	-1.185126e-02	7.179547e+00
1.813000e-05	-1.254174e-02	7.032729e+00
1.814000e-05	-1.246560e-02	6.926316e+00
1.815000e-05	-1.285476e-02	6.800577e+00
1.816000e-05	-1.171019e-02	6.644763e+00
1.817000e-05	-1.051868e-02	6.476412e+00
1.818000e-05	-1.140244e-02	6.339944e+00
1.819000e-05	-1.271851e-02	6.232655e+00
1.820000e-05	-1.130121e-02	6.085790e+00
1.821000e-05	-9.659056e-03	5.991600e+00
1.822000e-05	-9.751328e-03	5.803208e+00
1.823000e-05	-8.897788e-03	5.672736e+00
1.824000e-05	-9.709127e-03	5.487342e+00
1.825000e-05	-1.020246e-02	5.379497e+00
1.826000e-05	-9.473872e-03	5.201609e+00
1.827000e-05	-8.381674e-03	5.032708e+00
1.828000e-05	-8.995064e-03	4.891658e+00
1.829000e-05	-9.872137e-03	4.696263e+00
1.830000e-05	-9.353974e-03	4.548469e+00
1.831000e-05	-7.459591e-03	4.431027e+00
1.832000e-05	-7.398343e-03	4.304238e+00
1.833000e-05	-7.589165e-03	4.082661e+00
1.834000e-05	-8.025949e-03	3.925819e+00
1.835000e-05	-7.204437e-03	3.768923e+00
1.836000e-05	-6.198703e-03	3.630556e+00
1.837000e-05	-6.527144e-03	3.475211e+00
1.838000e-05	-8.180213e-03	3.273182e+00
1.839000e-05	-6.907966e-03	3.156792e+00
1.840000e-05	-5.910071e-03	2.990970e+00
1.841000e-05	-5.653773e-03	2.831632e+00
1.842000e-05	-6.087541e-03	2.693193e+00
1.843000e-05	-7.028288e-03	2.472136e+00
1.844000e-05	-5.755075e-03	2.305291e+00
1.845000e-05	-4.284890e-03	2.168921e+00
1.846000e-05	-5.603328e-03	2.039579e+00
1.847000e-05	-5.790209e-03	1.904782e+00
1.848000e-05	-6.534451e-03	1.705262e+00
1.849000e-05	-6.153799e-03	1.525914e+00
1.850000e-05	-2.711596e-03	1.346842e+00
1.851000e-05	-8.239182e-03	1.169473e+00
1.852000e-05	-4.395329e-03	9.779938e-01
1.853000e-05	-7.254623e-03	7.704239e-01
1.854000e-05	-3.926391e-04	6.515016e-01
1.855000e-05	-4.887399e-03	4.516318e-01
1.856000e-05	-2.617379e-03	3.558658e-01
1.857000e-05	-4.765860e-03	1.062645e-01
1.858000e-05	-4.949876e-03	-2.205626e-02
1.859000e-05	-1.113746e-03	-1.898998e-01
1.860000e-05	1.144524e-03	-3.379684e-01
1.861000e-05	-2.106948e-03	-4.431557e-01
1.862000e-05	1.354296e-03	-6.763119e-01
1.863000e-05	1.687359e-03	-8.421303e-01
1.864000e-05	2.723215e-03	-1.000473e+00
1.865000e-05	1.646816e-03	-1.138865e+00
1.866000e-05	1.374716e-02	-1.275187e+00
1.867000e-05	1.043630e-01	-1.514761e+00
1.868000e-05	-9.414716e-03	-1.707941e+00
1.869000e-05	-3.317766e-02	-1.968997e+00
1.870000e-05	-4.705150e-02	-2.159446e+00
1.871000e-05	-1.109747e-01	-2.346815e+00
1.872000e-05	1.700724e-01	-2.337973e+00
1.873000e-05	-4.858608e-02	-2.475813e+00
1.874000e-05	-1.254419e-01	-2.768790e+00
1.875000e-05	2.123505e-01	-2.778999e+00
1.876000e-05	-1.170789e-01	-2.969472e+00
1.877000e-05	-8.116874e-02	-3.211578e+00
1.878000e-05	1.698250e-01	-3.306816e+00
1.879000e-05	-1.579427e-01	-3.506336e+00
1.880000e-05	6.720056e-03	-3.601677e+00
1.881000e-05	1.092659e-01	-3.698442e+00
1.882000e-05	-1.222597e-01	-4.012571e+00
1.883000e-05	1.727828e-01	-4.158397e+00
1.884000e-05	-7.237859e-02	-4.235732e+00
1.885000e-05	-5.609042e-02	-4.433180e+00
1.886000e-05	1.150474e-01	-4.547465e+00
1.887000e-05	-1.373619e-01	-4.739042e+00
1.888000e-05	1.132610e-01	-4.895446e+00
1.889000e-05	-3.326361e-02	-5.013153e+00
1.890000e-05	-2.876709e-03	-5.213209e+00
1.891000e-05	7.182246e-02	-5.310600e+00
1.892000e-05	-9.795712e-02	-5.600026e+00
1.893000e-05	1.059495e-01	-5.727341e+00
1.894000e-05	-9.231279e-02	-5.823731e+00
1.895000e-05	3.346517e-02	-5.991078e+00
1.896000e-05	6.884178e-02	-6.118470e+00
1.897000e-05	-7.884968e-02	-6.307488e+00
1.898000e-05	1.020382e-01	-6.444733e+00
1.899000e-05	-9.685192e-02	-6.611050e+00
1.900000e-05	6.242333e-02	-6.697392e+00
1.901000e-05	-6.683240e-03	-6.823183e+00
1.902000e-05	-1.911335e-02	-7.034303e+00
1.903000e-05	5.572747e-02	-7.160571e+00
1.904000e-05	-5.355513e-02	-7.287285e+00
1.905000e-05	8.458206e-02	-7.421651e+00
1.906000e-05	-5.409279e-02	-7.528500e+00
1.907000e-05	3.161922e-02	-7.708842e+00
1.908000e-05	-1.443845e-02	-7.833709e+00
1.909000e-05	-5.468618e-03	-8.022478e+00
1.910000e-05	4.418714e-02	-8.086891e+00
1.911000e-05	-2.934392e-02	-8.212633e+00
1.912000e-05	4.280313e-02	-8.296942e+00
1.913000e-05	-2.506415e-02	-8.423210e+00
1.914000e-05	3.468553e-02	-8.539548e+00
1.915000e-05	-5.282093e-03	-8.625790e+00
1.916000e-05	-2.570992e-04	-8.812551e+00
1.917000e-05	9.896852e-03	-8.897837e+00
1.918000e-05	-5.338233e-03	-9.010654e+00
1.919000e-05	3.245279e-02	-9.055288e+00
1.920000e-05	-8.947586e-03	-9.171627e+00
1.921000e-05	1.857784e-02	-9.275267e+00
1.922000e-05	-1.050242e-02	-9.350125e+00
1.923000e-05	1.805086e-02	-9.474810e+00
1.924000e-05	2.882846e-03	-9.561600e+00
1.925000e-05	9.804531e-03	-9.716414e+00
1.926000e-05	7.355061e-03	-9.719499e+00
1.927000e-05	6.737407e-03	-9.843857e+00
1.928000e-05	1.792158e-02	-9.907370e+00
1.929000e-05	1.057950e-03	-9.979657e+00
1.930000e-05	1.005950e-02	-1.006589e+01
1.931000e-05	-4.383342e-03	-1.013202e+01
1.932000e-05	1.770933e-02	-1.020236e+01
1.933000e-05	7.489489e-03	-1.033942e+01
1.934000e-05	1.498852e-02	-1.042321e+01
1.935000e-05	6.098102e-03	-1.048689e+01
1.936000e-05	1.006962e-02	-1.057903e+01
1.937000e-05	9.885971e-03	-1.058265e+01
1.938000e-05	6.825662e-03	-1.066581e+01
1.939000e-05	8.727381e-03	-1.069889e+01
1.940000e-05	5.104128e-03	-1.075160e+01
1.941000e-05	1.627369e-02	-1.083023e+01
1.942000e-05	1.026392e-02	-1.091584e+01
1.943000e-05	1.350484e-02	-1.090962e+01
1.944000e-05	6.458476e-03	-1.096005e+01
1.945000e-05	1.070872e-02	-1.098370e+01
1.946000e-05	1.226636e-02	-1.099384e+01
1.947000e-05	1.160097e-02	-1.109746e+01
1.948000e-05	1.147233e-02	-1.112997e+01
1.949000e-05	1.073296e-02	-1.117057e+01
1.950000e-05	1.469574e-02	-1.121370e+01
1.951000e-05	1.240969e-02	-1.123531e+01
1.952000e-05	1.323190e-02	-1.124586e+01
1.953000e-05	1.146068e-02	-1.130792e+01
1.954000e-05	1.342016e-02	-1.127947e+01
1.955000e-05	1.506143e-02	-1.136007e+01
1.956000e-05	1.540230e-02	-1.132809e+01
1.957000e-05	1.451041e-02	-1.136368e+01
1.958000e-05	1.459641e-02	-1.139225e+01
1.959000e-05	1.729142e-02	-1.143366e+01
1.960000e-05	1.689872e-02	-1.140336e+01
1.961000e-05	1.765290e-02	-1.139363e+01
1.962000e-05	1.728497e-02	-1.145473e+01
1.963000e-05	1.868077e-02	-1.141583e+01
1.964000e-05	2.016436e-02	-1.141281e+01
1.965000e-05	1.912382e-02	-1.140513e+01
1.966000e-05	2.131411e-02	-1.143428e+01
1.967000e-05	1.948050e-02	-1.141326e+01
1.968000e-05	2.235161e-02	-1.137018e+01
1.969000e-05	2.197694e-02	-1.140120e+01
1.970000e-05	2.401763e-02	-1.135955e+01
1.971000e-05	2.315428e-02	-1.132897e+01
1.972000e-05	2.537688e-02	-1.135744e+01
1.973000e-05	2.615785e-02	-1.126592e+01
1.974000e-05	2.703080e-02	-1.119276e+01
1.975000e-05	2.635893e-02	-1.123473e+01
1.976000e-05	2.746160e-02	-1.113955e+01
1.977000e-05	2.870224e-02	-1.111810e+01
1.978000e-05	3.066529e-02	-1.113698e+01
1.979000e-05	3.027525e-02	-1.104429e+01
1.980000e-05	3.150687e-02	-1.094173e+01
1.981000e-05	3.254328e-02	-1.095962e+01
1.982000e-05	3.473287e-02	-1.090787e+01
1.983000e-05	3.561515e-02	-1.084586e+01
1.984000e-05	3.689243e-02	-1.083018e+01
1.985000e-05	3.720294e-02	-1.080115e+01
1.986000e-05	3.903104e-02	-1.074747e+01
1.987000e-05	4.078884e-02	-1.069576e+01
1.988000e-05	4.130583e-02	-1.062226e+01
1.989000e-05	4.258103e-02	-1.060057e+01
1.990000e-05	4.311613e-02	-1.051847e+01
1.991000e-05	4.245184e-02	-1.038434e+01
1.992000e-05	4.227520e-02	-1.039005e+01
1.993000e-05	3.958390e-02	-1.025532e+01
1.994000e-05	3.743042e-02	-1.015018e+01
1.995000e-05	3.554263e-02	-1.009797e+01
1.996000e-05	3.391860e-02	-1.004326e+01
1.997000e-05	3.126112e-02	-9.948971e+00
1.998000e-05	2.897508e-02	-9.886766e+00
1.999000e-05	2.540971e-02	-9.761104e+00
2.000000e-05	2.439817e-02	-9.708448e+00
2.001000e-05	2.127363e-02	-9.653235e+00
2.002000e-05	2.014458e-02	-9.548999e+00
2.003000e-05	1.727706e-02	-9.444286e+00
2.004000e-05	1.741432e-02	-9.338447e+00
2.005000e-05	1.413171e-02	-9.252261e+00
2.006000e-05	1.516430e-02	-9.169495e+00
2.007000e-05	1.294018e-02	-9.021653e+00
2.008000e-05	1.194555e-02	-8.918870e+00
2.009000e-05	1.061338e-02	-8.823187e+00
2.010000e-05	1.127314e-02	-8.748398e+00
2.011000e-05	9.077563e-03	-8.582636e+00
2.012000e-05	8.649752e-03	-8.495339e+00
2.013000e-05	6.672482e-03	-8.369599e+00
2.014000e-05	6.456341e-03	-8.255262e+00
2.015000e-05	4.415124e-03	-8.189031e+00
2.016000e-05	5.849266e-03	-8.094660e+00
2.017000e-05	5.787000e-03	-7.918422e+00
2.018000e-05	5.877596e-03	-7.771030e+00
2.019000e-05	2.362723e-03	-7.582757e+00
2.020000e-05	3.909189e-03	-7.535866e+00
2.021000e-05	5.336057e-03	-7.359949e+00
2.022000e-05	2.544219e-03	-7.263182e+00
2.023000e-05	-1.640633e-04	-7.126920e+00
2.024000e-05	-1.078631e-03	-6.969079e+00
2.025000e-05	3.831197e-03	-6.863130e+00
2.026000e-05	4.559621e-03	-6.694442e+00
2.027000e-05	2.594601e-03	-6.579526e+00
2.028000e-05	-1.166788e-03	-6.452211e+00
2.029000e-05	-6.957196e-05	-6.347395e+00
2.030000e-05	6.341227e-04	-6.139479e+00
2.031000e-05	9.734808e-04	-6.021625e+00
2.032000e-05	-3.838160e-03	-5.885311e+00
2.033000e-05	-2.986936e-03	-5.745920e+00
2.034000e-05	5.727594e-04	-5.571600e+00
2.035000e-05	3.317120e-03	-5.410238e+00
2.036000e-05	-7.229227e-04	-5.232183e+00
2.037000e-05	-3.287807e-03	-5.062737e+00
2.038000e-05	-3.726047e-03	-4.885367e+00
2.039000e-05	-1.343803e-03	-4.685263e+00
2.040000e-05	-1.732393e-03	-4.548525e+00
2.041000e-05	-4.449908e-03	-4.443052e+00
2.042000e-05	-4.915521e-03	-4.317342e+00
2.043000e-05	-1.652044e-03	-4.158973e+00
2.044000e-05	-8.599614e-04	-4.030557e+00
2.045000e-05	-3.034870e-03	-3.894788e+00
2.046000e-05	-5.739077e-03	-3.712212e+00
2.047000e-05	-5.482075e-03	-3.547867e+00
2.048000e-05	-3.116152e-03	-3.399998e+00
2.049000e-05	-3.642948e-03	-3.202181e+00
2.050000e-05	-4.887380e-03	-3.064287e+00
2.051000e-05	-6.650274e-03	-2.863661e+00
2.052000e-05	-4.349411e-03	-2.727417e+00
2.053000e-05	-3.338644e-03	-2.589424e+00
2.054000e-05	-4.512752e-03	-2.440553e+00
2.055000e-05	-5.647973e-03	-2.264209e+00
2.056000e-05	-6.107411e-03	-2.072130e+00
2.057000e-05	-4.664576e-03	-1.936321e+00
2.058000e-05	-5.002187e-03	-1.757922e+00
2.059000e-05	-6.591099e-03	-1.630551e+00
2.060000e-05	-7.490366e-03	-1.460076e+00
2.061000e-05	-6.291989e-03	-1.199550e+00
2.062000e-05	-5.375025e-03	-1.051183e+00
2.063000e-05	-5.155875e-03	-9.252307e-01
2.064000e-05	-7.725879e-03	-7.378935e-01
2.065000e-05	-7.183796e-03	-5.257419e-01
2.066000e-05	-6.497110e-03	-3.779461e-01
2.067000e-05	-5.239894e-03	-2.094989e-01
2.068000e-05	-7.238889e-03	-4.108546e-02
2.069000e-05	-3.429041e-03	1.473421e-02
2.070000e-05	1.258490e-03	3.157868e-01
2.071000e-05	-3.186969e-03	4.221065e-01
2.072000e-05	9.944378e-04	5.579950e-01
2.073000e-05	-3.864617e-03	7.678158e-01
2.074000e-05	-2.955257e-03	8.320841e-01
2.075000e-05	-3.807373e-03	1.095766e+00
2.076000e-05	7.894196e-03	1.244630e+00
2.077000e-05	5.437830e-02	1.422703e+00
2.078000e-05	5.478430e-02	1.777288e+00
2.079000e-05	-5.029195e-02	1.907712e+00
2.080000e-05	-3.631216e-02	2.002603e+00
2.081000e-05	-7.879303e-02	2.189971e+00
2.082000e-05	-4.755832e-02	2.293634e+00
2.083000e-05	1.330657e-01	2.382074e+00
2.084000e-05	-1.196485e-01	2.655134e+00
2.085000e-05	-2.991369e-02	2.767374e+00
2.086000e-05	1.701925e-01	2.926796e+00
2.087000e-05	-1.285433e-01	3.076788e+00
2.088000e-05	2.412093e-02	3.190076e+00
2.089000e-05	4.291962e-02	3.392949e+00
2.090000e-05	-1.219736e-01	3.590048e+00
2.091000e-05	4.868830e-02	3.684288e+00
2.092000e-05	2.546742e-02	3.896813e+00
2.093000e-05	-3.174324e-02	4.003577e+00
2.094000e-05	5.726592e-02	4.212498e+00
2.095000e-05	-7.260269e-02	4.391048e+00
2.096000e-05	1.558214e-02	4.526365e+00
2.097000e-05	-6.029425e-03	4.697836e+00
2.098000e-05	-1.728504e-02	4.792103e+00
2.099000e-05	1.351637e-02	4.993707e+00
2.100000e-05	-1.692905e-02	5.204655e+00
2.101000e-05	2.617326e-02	5.361045e+00
2.102000e-05	-3.613593e-02	5.478867e+00
2.103000e-05	3.891022e-03	5.624132e+00
2.104000e-05	-3.651912e-03	5.833649e+00
2.105000e-05	-4.313611e-02	5.990000e+00
2.106000e-05	4.003628e-02	6.116311e+00
2.107000e-05	-1.075027e-02	6.224682e+00
2.108000e-05	-6.798281e-03	6.330001e+00
2.109000e-05	-6.515966e-03	6.488290e+00
2.110000e-05	-2.235364e-02	6.667283e+00
2.111000e-05	1.014172e-02	6.823101e+00
2.112000e-05	-2.277416e-02	6.939946e+00
2.113000e-05	4.262296e-03	7.055282e+00
2.114000e-05	-2.255515e-02	7.213046e+00
2.115000e-05	9.996447e-03	7.302046e+00
2.116000e-05	1.802507e-03	7.446357e+00
2.117000e-05	-1.953154e-02	7.674285e+00
2.118000e-05	-8.850769e-03	7.761103e+00
2.119000e-05	-2.254724e-02	7.948992e+00
2.120000e-05	5.710002e-03	8.075337e+00
2.121000e-05	-7.930948e-03	8.210649e+00
2.122000e-05	-7.128570e-03	8.316889e+00
2.123000e-05	-1.392308e-02	8.380576e+00
2.124000e-05	-6.970795e-03	8.476814e+00
2.125000e-05	-1.314132e-03	8.570099e+00
2.126000e-05	-1.587348e-02	8.685834e+00
2.127000e-05	-1.464943e-02	8.781050e+00
2.128000e-05	-1.525721e-02	8.886865e+00
2.129000e-05	-8.432728e-04	8.963126e+00
2.130000e-05	-5.949473e-03	9.106866e+00
2.131000e-05	-1.174742e-02	9.182176e+00
2.132000e-05	-1.534301e-02	9.305890e+00
2.133000e-05	-9.891996e-03	9.382628e+00
2.134000e-05	-7.205146e-03	9.455287e+00
2.135000e-05	-1.363413e-02	9.519999e+00
2.136000e-05	-1.353236e-02	9.627335e+00
2.137000e-05	-1.366175e-02	9.741550e+00
2.138000e-05	-5.400969e-03	9.783781e+00
2.139000e-05	-9.409284e-03	9.916894e+00
2.140000e-05	-1.452993e-02	1.004368e+01
2.141000e-05	-1.912149e-02	1.011591e+01
2.142000e-05	-1.294969e-02	1.016107e+01
2.143000e-05	-9.284179e-03	1.021416e+01
2.144000e-05	-1.144208e-02	1.030692e+01
2.145000e-05	-1.589501e-02	1.037068e+01
2.146000e-05	-1.594823e-02	1.048581e+01
2.147000e-05	-1.133056e-02	1.054097e+01
2.148000e-05	-1.423438e-02	1.057363e+01
2.149000e-05	-1.669386e-02	1.065528e+01
2.150000e-05	-2.003594e-02	1.071892e+01
2.151000e-05	-1.375816e-02	1.077165e+01
2.152000e-05	-1.174457e-02	1.082528e+01
2.153000e-05	-1.343903e-02	1.088591e+01
2.154000e-05	-1.945142e-02	1.093747e+01
2.155000e-05	-2.089812e-02	1.095005e+01
2.156000e-05	-1.659741e-02	1.098308e+01
2.157000e-05	-1.588938e-02	1.103528e+01
2.158000e-05	-1.714658e-02	1.105594e+01
2.159000e-05	-1.972529e-02	1.110697e+01
2.160000e-05	-1.784879e-02	1.112902e+01
2.161000e-05	-1.677682e-02	1.116952e+01
2.162000e-05	-1.747780e-02	1.124175e+01
2.163000e-05	-2.134270e-02	1.123519e+01
2.164000e-05	-2.222447e-02	1.122379e+01
2.165000e-05	-1.956040e-02	1.128631e+01
2.166000e-05	-1.749482e-02	1.125891e+01
2.167000e-05	-1.994322e-02	1.127897e+01
2.168000e-05	-2.348901e-02	1.133202e+01
2.169000e-05	-2.347263e-02	1.129947e+01
2.170000e-05	-2.187620e-02	1.132997e+01
2.171000e-05	-2.165960e-02	1.132202e+01
2.172000e-05	-2.473175e-02	1.133954e+01
2.173000e-05	-2.625069e-02	1.133205e+01
2.174000e-05	-2.493899e-02	1.134113e+01
2.175000e-05	-2.336396e-02	1.134007e+01
2.176000e-05	-2.611905e-02	1.132955e+01
2.177000e-05	-2.837241e-02	1.129002e+01
2.178000e-05	-2.878833e-02	1.130899e+01
2.179000e-05	-2.747739e-02	1.130097e+01
2.180000e-05	-2.861701e-02	1.126639e+01
2.181000e-05	-3.089659e-02	1.125782e+01
2.182000e-05	-3.285133e-02	1.122281e+01
2.183000e-05	-3.350670e-02	1.122068e+01
2.184000e-05	-3.215982e-02	1.118210e+01
2.185000e-05	-3.472247e-02	1.114952e+01
2.186000e-05	-3.508691e-02	1.112887e+01
2.187000e-05	-3.679932e-02	1.106529e+01
2.188000e-05	-3.609737e-02	1.104476e+01
2.189000e-05	-3.782206e-02	1.100116e+01
2.190000e-05	-3.912112e-02	1.094055e+01
2.191000e-05	-4.236537e-02	1.091744e+01
2.192000e-05	-4.171839e-02	1.090329e+01
2.193000e-05	-4.180595e-02	1.087426e+01
2.194000e-05	-4.274135e-02	1.078117e+01
2.195000e-05	-4.703820e-02	1.071945e+01
2.196000e-05	-4.846068e-02	1.065476e+01
2.197000e-05	-4.913113e-02	1.058321e+01
2.198000e-05	-4.932161e-02	1.052095e+01
2.199000e-05	-5.093278e-02	1.044531e+01
2.200000e-05	-5.088726e-02	1.038268e+01
2.201000e-05	-5.015958e-02	1.032897e+01
2.202000e-05	-4.756252e-02	1.024418e+01
2.203000e-05	-4.639309e-02	1.017215e+01
2.204000e-05	-4.548960e-02	1.013847e+01
2.205000e-05	-4.376461e-02	1.001376e+01
2.206000e-05	-4.006588e-02	9.991649e+00
2.207000e-05	-3.729052e-02	9.876864e+00
2.208000e-05	-3.615792e-02	9.751706e+00
2.209000e-05	-3.262650e-02	9.728945e+00
2.210000e-05	-3.109522e-02	9.590122e+00
2.211000e-05	-2.916229e-02	9.477940e+00
2.212000e-05	-2.893716e-02	9.441785e+00
2.213000e-05	-2.749583e-02	9.319545e+00
2.214000e-05	-2.598369e-02	9.273234e+00
2.215000e-05	-2.339652e-02	9.160527e+00
2.216000e-05	-2.253042e-02	9.045211e+00
2.217000e-05	-2.195856e-02	8.918499e+00
2.218000e-05	-2.137093e-02	8.832777e+00
2.219000e-05	-1.982774e-02	8.726418e+00
2.220000e-05	-1.921372e-02	8.611182e+00
2.221000e-05	-1.760731e-02	8.496864e+00
2.222000e-05	-1.808679e-02	8.422127e+00
2.223000e-05	-1.711710e-02	8.295366e+00
2.224000e-05	-1.665458e-02	8.170081e+00
2.225000e-05	-1.505985e-02	8.042787e+00
2.226000e-05	-1.520993e-02	7.939445e+00
2.227000e-05	-1.473294e-02	7.831054e+00
2.228000e-05	-1.522957e-02	7.663792e+00
2.229000e-05	-1.270647e-02	7.579025e+00
2.230000e-05	-1.212468e-02	7.402133e+00
2.231000e-05	-1.235448e-02	7.255290e+00
2.232000e-05	-1.356141e-02	7.098320e+00
2.233000e-05	-1.221894e-02	6.990205e+00
2.234000e-05	-1.189007e-02	6.864287e+00
2.235000e-05	-1.172477e-02	6.729551e+00
2.236000e-05	-1.219215e-02	6.629607e+00
2.237000e-05	-1.125889e-02	6.482258e+00
2.238000e-05	-9.966821e-03	6.286868e+00
2.239000e-05	-9.754857e-03	6.199598e+00
2.240000e-05	-1.034336e-02	6.043710e+00
2.241000e-05	-1.050214e-02	5.979420e+00
2.242000e-05	-9.088103e-03	5.781054e+00
2.243000e-05	-7.758462e-03	5.632105e+00
2.244000e-05	-9.185209e-03	5.445291e+00
2.245000e-05	-1.014387e-02	5.327394e+00
2.246000e-05	-1.132241e-02	5.159474e+00
2.247000e-05	-9.461146e-03	4.970394e+00
2.248000e-05	-8.146541e-03	4.832125e+00
2.249000e-05	-8.362949e-03	4.643156e+00
2.250000e-05	-7.513802e-03	4.475238e+00
2.251000e-05	-6.886339e-03	4.399975e+00
2.252000e-05	-6.065388e-03	4.213549e+00
2.253000e-05	-6.624463e-03	4.000102e+00
2.254000e-05	-8.407664e-03	3.885663e+00
2.255000e-05	-9.132382e-03	3.736893e+00
2.256000e-05	-7.535637e-03	3.568475e+00
2.257000e-05	-6.264819e-03	3.434682e+00
2.258000e-05	-6.030883e-03	3.242053e+00
2.259000e-05	-6.957620e-03	3.104241e+00
2.260000e-05	-6.822403e-03	2.937368e+00
2.261000e-05	-6.261591e-03	2.769529e+00
2.262000e-05	-6.403102e-03	2.631582e+00
2.263000e-05	-6.771561e-03	2.401054e+00
2.264000e-05	-7.863487e-03	2.274212e+00
2.265000e-05	-6.987215e-03	2.116340e+00
2.266000e-05	-5.970928e-03	1.980000e+00
2.267000e-05	-5.384661e-03	1.810108e+00
2.268000e-05	-4.987161e-03	1.662554e+00
2.269000e-05	-6.072898e-03	1.482612e+00
2.270000e-05	-5.664948e-03	1.293737e+00
2.271000e-05	-5.269681e-03	1.166815e+00
2.272000e-05	-5.267628e-03	9.337119e-01
2.273000e-05	-5.556905e-03	7.483986e-01
2.274000e-05	-5.636606e-03	5.894000e-01
2.275000e-05	-5.318080e-03	4.120527e-01
2.276000e-05	-4.520842e-03	2.842106e-01
2.277000e-05	-4.826014e-03	4.110528e-02
2.278000e-05	-5.855866e-03	-9.423802e-02
2.279000e-05	4.541484e-04	-2.320789e-01
2.280000e-05	4.077719e-03	-3.894499e-01
2.281000e-05	-4.160972e-04	-5.058882e-01
2.282000e-05	2.265738e-03	-7.472672e-01
2.283000e-05	-6.112733e-04	-8.647117e-01
2.284000e-05	6.648188e-04	-1.000601e+00
2.285000e-05	1.326332e-03	-1.148419e+00
2.286000e-05	3.169440e-02	-1.340845e+00
2.287000e-05	1.105848e-01	-1.569494e+00
2.288000e-05	-4.660929e-02	-1.791552e+00
2.289000e-05	-1.461424e-02	-2.021104e+00
2.290000e-05	-8.773556e-02	-2.251679e+00
2.291000e-05	-4.332364e-02	-2.337360e+00
2.292000e-05	1.625325e-01	-2.379474e+00
2.293000e-05	-1.547648e-01	-2.590497e+00
2.294000e-05	1.712098e-02	-2.787995e+00
2.295000e-05	1.792347e-01	-2.789124e+00
2.296000e-05	-1.937308e-01	-3.096308e+00
2.297000e-05	5.559027e-02	-3.255704e+00
2.298000e-05	8.794974e-02	-3.359473e+00
2.299000e-05	-1.902743e-01	-3.568921e+00
2.300000e-05	1.208104e-01	-3.634684e+00
2.301000e-05	6.639810e-03	-3.793153e+00
2.302000e-05	-5.012573e-02	-4.055786e+00
2.303000e-05	1.684261e-01	-4.177495e+00
2.304000e-05	-1.621818e-01	-4.348942e+00
2.305000e-05	6.026165e-02	-4.485210e+00
2.306000e-05	3.182534e-02	-4.572600e+00
2.307000e-05	-9.816948e-02	-4.773678e+00
2.308000e-05	1.313959e-01	-4.957021e+00
2.309000e-05	-8.651138e-02	-5.105909e+00
2.310000e-05	7.290300e-02	-5.232711e+00
2.311000e-05	-9.129840e-03	-5.432730e+00
2.312000e-05	-4.347007e-02	-5.654655e+00
2.313000e-05	9.126604e-02	-5.758015e+00
2.314000e-05	-1.259376e-01	-5.936313e+00
2.315000e-05	1.140393e-01	-6.003182e+00
2.316000e-05	-2.156446e-02	-6.180425e+00
2.317000e-05	-1.070289e-02	-6.389492e+00
2.318000e-05	6.463542e-02	-6.494306e+00
2.319000e-05	-9.201858e-02	-6.633203e+00
2.320000e-05	9.801313e-02	-6.748550e+00
2.321000e-05	-6.626178e-02	-6.907813e+00
2.322000e-05	4.207205e-02	-7.114807e+00
2.323000e-05	-2.057517e-03	-7.200602e+00
2.324000e-05	-1.045421e-02	-7.326944e+00
2.325000e-05	5.950620e-02	-7.453731e+00
2.326000e-05	-5.944297e-02	-7.582179e+00
2.327000e-05	5.664633e-02	-7.769524e+00
2.328000e-05	-4.668643e-02	-7.886914e+00
2.329000e-05	4.052404e-02	-8.034133e+00
2.330000e-05	4.737038e-03	-8.148472e+00
2.331000e-05	-8.040484e-03	-8.254734e+00
2.332000e-05	2.746420e-02	-8.297471e+00
2.333000e-05	-2.227423e-02	-8.454341e+00
2.334000e-05	4.570768e-02	-8.593127e+00
2.335000e-05	-2.553578e-02	-8.738846e+00
2.336000e-05	2.043948e-02	-8.811231e+00
2.337000e-05	-1.035937e-02	-8.917919e+00
2.338000e-05	1.605989e-02	-9.022703e+00
2.339000e-05	1.526314e-02	-9.115915e+00
2.340000e-05	-3.718727e-03	-9.174705e+00
2.341000e-05	1.490823e-02	-9.317941e+00
2.342000e-05	-5.290816e-03	-9.383599e+00
2.343000e-05	2.254632e-02	-9.495494e+00
2.344000e-05	-4.698603e-03	-9.633701e+00
2.345000e-05	1.390406e-02	-9.677390e+00
2.346000e-05	-1.551394e-03	-9.790552e+00
2.347000e-05	1.754240e-02	-9.895257e+00
2.348000e-05	9.488714e-03	-9.908445e+00
2.349000e-05	7.078565e-03	-1.004320e+01
2.350000e-05	3.662146e-03	-1.013644e+01
2.351000e-05	3.819918e-03	-1.019323e+01
2.352000e-05	1.615873e-02	-1.026441e+01
2.353000e-05	7.186327e-03	-1.034905e+01
2.354000e-05	1.213894e-02	-1.040381e+01
2.355000e-05	2.982784e-03	-1.050747e+01
2.356000e-05	1.394063e-02	-1.057015e+01
2.357000e-05	7.545829e-03	-1.063276e+01
2.358000e-05	1.097999e-02	-1.069538e+01
2.359000e-05	5.834146e-03	-1.074002e+01
2.360000e-05	1.041661e-02	-1.082117e+01
2.361000e-05	1.501290e-02	-1.086383e+01
2.362000e-05	1.193043e-02	-1.086789e+01
2.363000e-05	1.178721e-02	-1.094007e+01
2.364000e-05	6.203413e-03	-1.095103e+01
2.365000e-05	1.164878e-02	-1.101471e+01
2.366000e-05	1.251808e-02	-1.104721e+01
2.367000e-05	1.473887e-02	-1.112887e+01
2.368000e-05	1.102137e-02	-1.115912e+01
2.369000e-05	1.220174e-02	-1.119268e+01
2.370000e-05	1.405887e-02	-1.119430e+01
2.371000e-05	1.401415e-02	-1.125639e+01
2.372000e-05	1.158503e-02	-1.125534e+01
2.373000e-05	1.108130e-02	-1.131699e+01
2.374000e-05	1.463117e-02	-1.129847e+01
2.375000e-05	1.779559e-02	-1.132017e+01
2.376000e-05	1.713968e-02	-1.137002e+01
2.377000e-05	1.482850e-02	-1.135218e+01
2.378000e-05	1.509854e-02	-1.142473e+01
2.379000e-05	1.722561e-02	-1.141180e+01
2.380000e-05	1.811403e-02	-1.142173e+01
2.381000e-05	1.688706e-02	-1.142531e+01
2.382000e-05	1.582491e-02	-1.143081e+01
2.383000e-05	1.894987e-02	-1.141386e+01
2.384000e-05	2.013495e-02	-1.142578e+01
2.385000e-05	2.025636e-02	-1.142516e+01
2.386000e-05	1.875948e-02	-1.140428e+01
2.387000e-05	2.028190e-02	-1.140215e+01
2.388000e-05	2.263062e-02	-1.136123e+01
2.389000e-05	2.359192e-02	-1.136061e+01
2.390000e-05	2.388483e-02	-1.138908e+01
2.391000e-05	2.262678e-02	-1.130762e+01
2.392000e-05	2.460442e-02	-1.128684e+01
2.393000e-05	2.685559e-02	-1.123734e+01
2.394000e-05	2.779736e-02	-1.121526e+01
2.395000e-05	2.653401e-02	-1.118468e+01
2.396000e-05	2.815412e-02	-1.114963e+01
2.397000e-05	2.839668e-02	-1.113952e+01
2.398000e-05	3.012441e-02	-1.107539e+01
2.399000e-05	2.926734e-02	-1.100331e+01
2.400000e-05	3.054328e-02	-1.097044e+01
2.401000e-05	3.251799e-02	-1.092897e+01
2.402000e-05	3.514048e-02	-1.091799e+01
2.403000e-05	3.596416e-02	-1.085521e+01
2.404000e-05	3.705632e-02	-1.082273e+01
2.405000e-05	3.767261e-02	-1.075055e+01
2.406000e-05	3.975067e-02	-1.071701e+01
2.407000e-05	4.081317e-02	-1.066326e+01
2.408000e-05	4.149495e-02	-1.060261e+01
2.409000e-05	4.215124e-02	-1.056905e+01
2.410000e-05	4.231731e-02	-1.047534e+01
2.411000e-05	4.244137e-02	-1.043376e+01
2.412000e-05	4.156901e-02	-1.032744e+01
2.413000e-05	3.886032e-02	-1.024536e+01
2.414000e-05	3.611387e-02	-1.018057e+01
2.415000e-05	3.425600e-02	-1.007692e+01
2.416000e-05	3.235957e-02	-1.004066e+01
2.417000e-05	2.988685e-02	-9.945941e+00
2.418000e-05	2.767593e-02	-9.883762e+00
2.419000e-05	2.510474e-02	-9.779600e+00
2.420000e-05	2.332969e-02	-9.717391e+00
2.421000e-05	2.141882e-02	-9.601732e+00
2.422000e-05	1.964388e-02	-9.517973e+00
2.423000e-05	1.830802e-02	-9.403257e+00
2.424000e-05	1.731965e-02	-9.306968e+00
2.425000e-05	1.492417e-02	-9.192680e+00
2.426000e-05	1.551227e-02	-9.096315e+00
2.427000e-05	1.196436e-02	-9.021154e+00
2.428000e-05	1.143129e-02	-8.936866e+00
2.429000e-05	1.038446e-02	-8.811582e+00
2.430000e-05	1.116743e-02	-8.678390e+00
2.431000e-05	8.929313e-03	-8.538603e+00
2.432000e-05	8.626902e-03	-8.463761e+00
2.433000e-05	5.540235e-03	-8.347920e+00
2.434000e-05	6.841311e-03	-8.261711e+00
2.435000e-05	5.309982e-03	-8.118446e+00
2.436000e-05	6.582226e-03	-8.032679e+00
2.437000e-05	4.908154e-03	-7.866338e+00
2.438000e-05	6.553000e-03	-7.756916e+00
2.439000e-05	4.965769e-03	-7.580577e+00
2.440000e-05	4.145182e-03	-7.432733e+00
2.441000e-05	2.267051e-03	-7.337917e+00
2.442000e-05	1.416301e-03	-7.242552e+00
2.443000e-05	2.316077e-03	-7.104291e+00
2.444000e-05	2.005041e-03	-6.946896e+00
2.445000e-05	3.020412e-03	-6.821026e+00
2.446000e-05	1.600184e-03	-6.684234e+00
2.447000e-05	1.909104e-03	-6.558470e+00
2.448000e-05	-5.776364e-05	-6.422104e+00
2.449000e-05	1.020976e-03	-6.284886e+00
2.450000e-05	-1.083084e-03	-6.126342e+00
2.451000e-05	-3.195212e-04	-5.918973e+00
2.452000e-05	-1.473278e-03	-5.841638e+00
2.453000e-05	-1.654528e-03	-5.705367e+00
2.454000e-05	-4.827757e-04	-5.528971e+00
2.455000e-05	4.032706e-04	-5.377576e+00
2.456000e-05	-2.578449e-06	-5.170553e+00
2.457000e-05	-2.533267e-03	-5.012605e+00
2.458000e-05	-3.131556e-03	-4.873658e+00
2.459000e-05	-3.589651e-03	-4.622228e+00
2.460000e-05	-3.526402e-03	-4.497396e+00
2.461000e-05	-3.661696e-03	-4.400024e+00
2.462000e-05	-3.898464e-03	-4.282708e+00
2.463000e-05	-3.603852e-03	-4.128367e+00
2.464000e-05	-2.841434e-03	-4.018974e+00
2.465000e-05	-3.076220e-03	-3.811582e+00
2.466000e-05	-4.748510e-03	-3.651604e+00
2.467000e-05	-4.843191e-03	-3.503787e+00
2.468000e-05	-4.052716e-03	-3.307393e+00
2.469000e-05	-4.308028e-03	-3.210528e+00
2.470000e-05	-5.645702e-03	-3.041499e+00
2.471000e-05	-6.084041e-03	-2.840553e+00
2.472000e-05	-4.807020e-03	-2.675231e+00
2.473000e-05	-4.747763e-03	-2.515739e+00
2.474000e-05	-5.289888e-03	-2.369449e+00
2.475000e-05	-6.238071e-03	-2.200973e+00
2.476000e-05	-5.720500e-03	-2.030050e+00
2.477000e-05	-5.870252e-03	-1.883659e+00
2.478000e-05	-7.056114e-03	-1.724867e+00
2.479000e-05	-7.087282e-03	-1.588947e+00
2.480000e-05	-7.215338e-03	-1.338442e+00
2.481000e-05	-7.216868e-03	-1.168451e+00
2.482000e-05	-5.529711e-03	-1.009021e+00
2.483000e-05	-4.332733e-03	-8.410803e-01
2.484000e-05	-4.942303e-03	-6.942356e-01
2.485000e-05	-7.572141e-03	-4.441829e-01
2.486000e-05	-7.688840e-03	-3.082934e-01
2.487000e-05	-7.108359e-03	-2.101026e-01
2.488000e-05	-5.004645e-03	5.512536e-04
2.489000e-05	-1.087448e-03	1.398170e-01
2.490000e-05	2.163462e-05	3.589460e-01
2.491000e-05	-3.254093e-03	4.437067e-01
2.492000e-05	4.843779e-04	6.121027e-01
2.493000e-05	-3.112541e-03	7.798949e-01
2.494000e-05	-4.010398e-03	9.078934e-01
2.495000e-05	-3.079003e-03	1.138864e+00
2.496000e-05	1.447986e-02	1.314712e+00
2.497000e-05	7.601715e-02	1.527820e+00
2.498000e-05	1.926214e-02	1.771045e+00
2.499000e-05	-5.191452e-02	1.927916e+00
2.500000e-05	-3.752140e-02	2.075784e+00
2.501000e-05	-9.738649e-02	2.190021e+00
2.502000e-05	1.590157e-02	2.296812e+00
2.503000e-05	1.046449e-01	2.435761e+00
2.504000e-05	-1.811806e-01	2.696862e+00
2.505000e-05	1.115105e-01	2.790498e+00
2.506000e-05	7.595827e-02	3.012481e+00
2.507000e-05	-1.278605e-01	3.158920e+00
2.508000e-05	8.544807e-02	3.233132e+00
2.509000e-05	-2.966150e-02	3.493236e+00
2.510000e-05	-9.570100e-02	3.612127e+00
2.511000e-05	8.715201e-02	3.739521e+00
2.512000e-05	-2.619445e-02	3.979918e+00
2.513000e-05	6.835941e-03	4.053314e+00
2.514000e-05	3.120171e-02	4.284807e+00
2.515000e-05	-7.342238e-02	4.422205e+00
2.516000e-05	3.757510e-02	4.569971e+00
2.517000e-05	-3.320527e-02	4.737390e+00
2.518000e-05	8.626026e-03	4.875237e+00
2.519000e-05	-1.111887e-02	5.087781e+00
2.520000e-05	5.889602e-03	5.247308e+00
2.521000e-05	1.651792e-02	5.392607e+00
2.522000e-05	-4.059516e-02	5.537967e+00
2.523000e-05	2.265227e-02	5.665709e+00
2.524000e-05	-3.424200e-02	5.876280e+00
2.525000e-05	-1.524935e-02	6.013079e+00
2.526000e-05	3.223569e-02	6.127965e+00
2.527000e-05	-2.132250e-02	6.305836e+00
2.528000e-05	2.903262e-03	6.423130e+00
2.529000e-05	-1.764576e-02	6.588520e+00
2.530000e-05	-8.962007e-03	6.686338e+00
2.531000e-05	1.044115e-03	6.833783e+00
2.532000e-05	-1.757217e-02	6.979074e+00
2.533000e-05	-1.920191e-04	7.086368e+00
2.534000e-05	-2.187662e-02	7.215156e+00
2.535000e-05	1.630196e-02	7.391077e+00
2.536000e-05	-1.028300e-02	7.558494e+00
2.537000e-05	-1.551483e-02	7.716837e+00
2.538000e-05	-1.234492e-02	7.855709e+00
2.539000e-05	-1.788386e-02	8.000550e+00
2.540000e-05	5.812873e-03	8.118314e+00
2.541000e-05	-1.245886e-02	8.242702e+00
2.542000e-05	-6.948179e-03	8.326919e+00
2.543000e-05	-1.417870e-02	8.403180e+00
2.544000e-05	-9.820660e-04	8.509944e+00
2.545000e-05	-4.780250e-03	8.613629e+00
2.546000e-05	-1.739743e-02	8.715336e+00
2.547000e-05	-1.360822e-02	8.802175e+00
2.548000e-05	-1.438050e-02	8.939498e+00
2.549000e-05	1.700675e-03	8.985179e+00
2.550000e-05	-8.293118e-03	9.159020e+00
2.551000e-05	-1.171848e-02	9.244153e+00
2.552000e-05	-1.604222e-02	9.328045e+00
2.553000e-05	-9.083866e-03	9.434130e+00
2.554000e-05	-7.716283e-03	9.487840e+00
2.555000e-05	-1.323985e-02	9.562105e+00
2.556000e-05	-1.281543e-02	9.656368e+00
2.557000e-05	-1.236163e-02	9.761624e+00
2.558000e-05	-4.703581e-03	9.866811e+00
2.559000e-05	-1.115031e-02	9.960070e+00
2.560000e-05	-1.515619e-02	1.005333e+01
2.561000e-05	-1.927807e-02	1.014842e+01
2.562000e-05	-1.117409e-02	1.017170e+01
2.563000e-05	-7.760408e-03	1.026626e+01
2.564000e-05	-1.165714e-02	1.032945e+01
2.565000e-05	-1.482128e-02	1.039318e+01
2.566000e-05	-1.420441e-02	1.048899e+01
2.567000e-05	-1.092121e-02	1.055100e+01
2.568000e-05	-1.350929e-02	1.061418e+01
2.569000e-05	-1.803083e-02	1.063741e+01
2.570000e-05	-2.044546e-02	1.070905e+01
2.571000e-05	-1.292869e-02	1.080310e+01
2.572000e-05	-1.055231e-02	1.086333e+01
2.573000e-05	-1.363129e-02	1.089894e+01
2.574000e-05	-1.863796e-02	1.091102e+01
2.575000e-05	-1.914222e-02	1.094112e+01
2.576000e-05	-1.467063e-02	1.102370e+01
2.577000e-05	-1.649972e-02	1.105321e+01
2.578000e-05	-1.806049e-02	1.105894e+01
2.579000e-05	-2.029942e-02	1.113852e+01
2.580000e-05	-1.777045e-02	1.113960e+01
2.581000e-05	-1.634721e-02	1.119120e+01
2.582000e-05	-1.865168e-02	1.120460e+01
2.583000e-05	-2.154987e-02	1.125241e+01
2.584000e-05	-2.258855e-02	1.127584e+01
2.585000e-05	-1.952767e-02	1.130741e+01
2.586000e-05	-1.897784e-02	1.131684e+01
2.587000e-05	-2.166709e-02	1.133052e+01
2.588000e-05	-2.411039e-02	1.130094e+01
2.589000e-05	-2.277403e-02	1.131905e+01
2.590000e-05	-2.068713e-02	1.137003e+01
2.591000e-05	-2.207204e-02	1.134907e+01
2.592000e-05	-2.440042e-02	1.132052e+01
2.593000e-05	-2.695187e-02	1.136108e+01
2.594000e-05	-2.510678e-02	1.134055e+01
2.595000e-05	-2.494709e-02	1.135005e+01
2.596000e-05	-2.673145e-02	1.132002e+01
2.597000e-05	-2.978945e-02	1.132795e+01
2.598000e-05	-2.919494e-02	1.131894e+01
2.599000e-05	-2.838473e-02	1.129744e+01
2.600000e-05	-2.957366e-02	1.128644e+01
2.601000e-05	-3.336611e-02	1.130381e+01
2.602000e-05	-3.495508e-02	1.126070e+01
2.603000e-05	-3.128999e-02	1.121325e+01
2.604000e-05	-3.030417e-02	1.118205e+01
2.605000e-05	-3.474117e-02	1.114002e+01
2.606000e-05	-3.758193e-02	1.110631e+01
2.607000e-05	-3.871000e-02	1.105674e+01
2.608000e-05	-3.522395e-02	1.102418e+01
2.609000e-05	-3.719506e-02	1.098213e+01
2.610000e-05	-4.069431e-02	1.096958e+01
2.611000e-05	-4.351325e-02	1.092644e+01
2.612000e-05	-4.210728e-02	1.086476e+01
2.613000e-05	-3.945674e-02	1.079368e+01
2.614000e-05	-4.241291e-02	1.080015e+01
2.615000e-05	-4.747665e-02	1.073847e+01
2.616000e-05	-5.110991e-02	1.063424e+01
2.617000e-05	-4.752399e-02	1.058010e+01
2.618000e-05	-5.330914e-02	1.054136e+01
2.619000e-05	-5.057903e-02	1.046431e+01
2.620000e-05	-5.468243e-02	1.040115e+01
2.621000e-05	-4.328788e-02	1.028736e+01
2.622000e-05	-4.392993e-02	1.022426e+01
2.623000e-05	-4.041397e-02	1.016960e+01
2.624000e-05	-4.686268e-02	1.010687e+01
2.625000e-05	-4.546704e-02	1.004326e+01
2.626000e-05	-4.393004e-02	9.978473e+00
2.627000e-05	-3.781747e-02	9.835707e+00
2.628000e-05	-3.570858e-02	9.759600e+00
2.629000e-05	-3.044437e-02	9.696861e+00
2.630000e-05	-2.586733e-02	9.579648e+00
2.631000e-05	-2.545116e-02	9.496287e+00
2.632000e-05	-2.607550e-02	9.430202e+00
2.633000e-05	-3.131894e-02	9.317892e+00
2.634000e-05	-2.869566e-02	9.263283e+00
2.635000e-05	-2.734838e-02	9.127396e+00
2.636000e-05	-2.036585e-02	8.982680e+00
2.637000e-05	-1.925954e-02	8.916939e+00
2.638000e-05	-1.829115e-02	8.770647e+00
2.639000e-05	-1.729516e-02	8.674816e+00
2.640000e-05	-1.784916e-02	8.561100e+00
2.641000e-05	-1.769941e-02	8.484265e+00
2.642000e-05	-1.985561e-02	8.370548e+00
2.643000e-05	-1.866330e-02	8.245787e+00
2.644000e-05	-1.754440e-02	8.160021e+00
2.645000e-05	-1.442873e-02	8.034632e+00
2.646000e-05	-1.410850e-02	7.905890e+00
2.647000e-05	-1.322742e-02	7.770000e+00
2.648000e-05	-1.422393e-02	7.653187e+00
2.649000e-05	-1.264274e-02	7.477295e+00
2.650000e-05	-1.363409e-02	7.359048e+00
2.651000e-05	-1.443825e-02	7.221607e+00
2.652000e-05	-1.345252e-02	7.086290e+00
2.653000e-05	-1.377040e-02	6.958997e+00
2.654000e-05	-1.030502e-02	6.843681e+00
2.655000e-05	-1.073909e-02	6.755366e+00
2.656000e-05	-9.793300e-03	6.589023e+00
2.657000e-05	-1.065186e-02	6.392173e+00
2.658000e-05	-1.022294e-02	6.295742e+00
2.659000e-05	-1.093229e-02	6.179495e+00
2.660000e-05	-1.178984e-02	6.012580e+00
2.661000e-05	-1.205582e-02	5.897817e+00
2.662000e-05	-1.044343e-02	5.706471e+00
2.663000e-05	-8.170717e-03	5.558998e+00
2.664000e-05	-8.599741e-03	5.433108e+00
2.665000e-05	-9.366885e-03	5.256312e+00
2.666000e-05	-9.915061e-03	5.126370e+00
2.667000e-05	-8.302090e-03	4.907890e+00
2.668000e-05	-8.187181e-03	4.736920e+00
2.669000e-05	-9.333024e-03	4.641030e+00
2.670000e-05	-8.395401e-03	4.483183e+00
2.671000e-05	-7.166142e-03	4.348845e+00
2.672000e-05	-6.799919e-03	4.188842e+00
2.673000e-05	-7.690905e-03	4.000025e+00
2.674000e-05	-8.837697e-03	3.841659e+00
2.675000e-05	-7.840571e-03	3.695212e+00
2.676000e-05	-6.898110e-03	3.527423e+00
2.677000e-05	-6.309978e-03	3.336942e+00
2.678000e-05	-6.640147e-03	3.169924e+00
2.679000e-05	-7.356867e-03	3.062162e+00
2.680000e-05	-6.633536e-03	2.872737e+00
2.681000e-05	-6.747805e-03	2.778874e+00
2.682000e-05	-6.506830e-03	2.568345e+00
2.683000e-05	-6.102560e-03	2.377995e+00
2.684000e-05	-6.184137e-03	2.200552e+00
2.685000e-05	-4.540216e-03	2.053632e+00
2.686000e-05	-4.998725e-03	1.967392e+00
2.687000e-05	-4.603291e-03	1.746847e+00
2.688000e-05	-6.390246e-03	1.559573e+00
2.689000e-05	-4.136984e-03	1.440979e+00
2.690000e-05	-5.148745e-03	1.221037e+00
2.691000e-05	-6.103156e-03	1.053560e+00
2.692000e-05	-5.670805e-03	8.415803e-01
2.693000e-05	-4.202880e-03	6.943145e-01
2.694000e-05	-3.373985e-03	5.168422e-01
2.695000e-05	-4.485492e-03	3.894750e-01
2.696000e-05	-5.540272e-03	2.299514e-01
2.697000e-05	-3.901751e-03	9.526970e-04
2.698000e-05	-2.493261e-03	-1.268910e-01
2.699000e-05	3.569635e-03	-2.842120e-01
2.700000e-05	1.832112e-03	-4.204987e-01
2.701000e-05	-8.243456e-04	-5.900760e-01
2.702000e-05	2.030251e-03	-7.905186e-01
2.703000e-05	9.086357e-04	-9.058659e-01
2.704000e-05	-2.969282e-04	-1.032657e+00
2.705000e-05	4.983043e-03	-1.181629e+00
2.706000e-05	6.157805e-02	-1.370496e+00
2.707000e-05	7.463497e-02	-1.613105e+00
2.708000e-05	-5.422171e-02	-1.865686e+00
2.709000e-05	-1.558574e-02	-2.044287e+00
2.710000e-05	-1.228182e-01	-2.233737e+00
2.711000e-05	6.368079e-02	-2.345867e+00
2.712000e-05	9.241194e-02	-2.402129e+00
2.713000e-05	-2.025131e-01	-2.674684e+00
2.714000e-05	1.639383e-01	-2.790499e+00
2.715000e-05	7.734553e-02	-2.832187e+00
2.716000e-05	-1.927273e-01	-3.148941e+00
2.717000e-05	1.595497e-01	-3.283712e+00
2.718000e-05	-2.763897e-02	-3.401129e+00
2.719000e-05	-1.471502e-01	-3.591525e+00
2.720000e-05	1.671125e-01	-3.644358e+00
2.721000e-05	-9.272773e-02	-3.914867e+00
2.722000e-05	6.314296e-02	-4.075267e+00
2.723000e-05	8.756059e-02	-4.170550e+00
2.724000e-05	-1.704588e-01	-4.380578e+00
2.725000e-05	1.325271e-01	-4.486391e+00
2.726000e-05	-6.754700e-02	-4.654733e+00
2.727000e-05	-2.214481e-03	-4.844258e+00
2.728000e-05	7.686093e-02	-4.959476e+00
2.729000e-05	-8.391170e-02	-5.159073e+00
2.730000e-05	1.123630e-01	-5.266320e+00
2.731000e-05	-8.060073e-02	-5.546840e+00
2.732000e-05	3.869028e-02	-5.646261e+00
2.733000e-05	1.718546e-02	-5.803053e+00
2.734000e-05	-8.768485e-02	-5.967492e+00
2.735000e-05	1.360426e-01	-6.025208e+00
2.736000e-05	-8.716031e-02	-6.224706e+00
2.737000e-05	6.238549e-02	-6.374105e+00
2.738000e-05	-9.882265e-03	-6.496938e+00
2.739000e-05	-3.497880e-02	-6.664834e+00
2.740000e-05	7.832123e-02	-6.803102e+00
2.741000e-05	-8.060067e-02	-6.909992e+00
2.742000e-05	7.708725e-02	-7.094889e+00
2.743000e-05	-5.062699e-02	-7.234183e+00
2.744000e-05	4.693887e-02	-7.339074e+00
2.745000e-05	9.381601e-03	-7.476311e+00
2.746000e-05	-2.792587e-02	-7.625757e+00
2.747000e-05	4.581280e-02	-7.780078e+00
2.748000e-05	-5.162329e-02	-7.929974e+00
2.749000e-05	6.446609e-02	-8.025811e+00
2.750000e-05	-3.013519e-02	-8.191098e+00
2.751000e-05	2.657102e-02	-8.275835e+00
2.752000e-05	-1.457123e-03	-8.370097e+00
2.753000e-05	2.583585e-03	-8.496994e+00
2.754000e-05	2.991590e-02	-8.573204e+00
2.755000e-05	-2.420347e-02	-8.758523e+00
2.756000e-05	2.703601e-02	-8.865260e+00
2.757000e-05	-1.845848e-02	-8.938998e+00
2.758000e-05	3.291225e-02	-9.025209e+00
2.759000e-05	-3.088366e-03	-9.089419e+00
2.760000e-05	1.135855e-02	-9.244309e+00
2.761000e-05	4.216083e-03	-9.297916e+00
2.762000e-05	5.214473e-03	-9.425282e+00
2.763000e-05	1.619314e-02	-9.519923e+00
2.764000e-05	-2.432595e-03	-9.613687e+00
2.765000e-05	1.392759e-02	-9.707496e+00
2.766000e-05	-1.025072e-03	-9.811081e+00
2.767000e-05	2.282184e-02	-9.863917e+00
2.768000e-05	2.947336e-03	-9.949045e+00
2.769000e-05	1.143555e-02	-1.007281e+01
2.770000e-05	-2.480439e-03	-1.010907e+01
2.771000e-05	1.078922e-02	-1.019578e+01
2.772000e-05	1.164786e-02	-1.025687e+01
2.773000e-05	9.308346e-03	-1.039105e+01
2.774000e-05	9.874435e-03	-1.046531e+01
2.775000e-05	5.305801e-03	-1.052897e+01
2.776000e-05	1.528699e-02	-1.058058e+01
2.777000e-05	7.081217e-03	-1.061483e+01
2.778000e-05	1.249652e-02	-1.070647e+01
2.779000e-05	2.786583e-03	-1.072805e+01
2.780000e-05	1.419294e-02	-1.078213e+01
2.781000e-05	1.235693e-02	-1.085439e+01
2.782000e-05	1.330105e-02	-1.091692e+01
2.783000e-05	7.672296e-03	-1.090957e+01
2.784000e-05	7.084443e-03	-1.096318e+01
2.785000e-05	1.198115e-02	-1.100326e+01
2.786000e-05	1.377832e-02	-1.106706e+01
2.787000e-05	1.270174e-02	-1.117007e+01
2.788000e-05	8.921816e-03	-1.116905e+01
2.789000e-05	1.426267e-02	-1.117308e+01
2.790000e-05	1.487676e-02	-1.120276e+01
2.791000e-05	1.388403e-02	-1.131628e+01
2.792000e-05	1.065562e-02	-1.128589e+01
2.793000e-05	1.201200e-02	-1.130892e+01
2.794000e-05	1.622378e-02	-1.128695e+01
2.795000e-05	1.568436e-02	-1.135000e+01
2.796000e-05	1.560035e-02	-1.135068e+01
2.797000e-05	1.366187e-02	-1.140270e+01
2.798000e-05	1.638727e-02	-1.140178e+01
2.799000e-05	1.672401e-02	-1.142416e+01
2.800000e-05	1.696066e-02	-1.142278e+01
2.801000e-05	1.622347e-02	-1.139425e+01
2.802000e-05	1.700127e-02	-1.145574e+01
2.803000e-05	1.972945e-02	-1.138231e+01
2.804000e-05	2.018856e-02	-1.140576e+01
2.805000e-05	2.003457e-02	-1.143373e+01
2.806000e-05	1.925667e-02	-1.140318e+01
2.807000e-05	2.120741e-02	-1.143108e+01
2.808000e-05	2.280408e-02	-1.142163e+01
2.809000e-05	2.324841e-02	-1.138168e+01
2.810000e-05	2.288435e-02	-1.133913e+01
2.811000e-05	2.371235e-02	-1.133807e+01
2.812000e-05	2.535595e-02	-1.123592e+01
2.813000e-05	2.667457e-02	-1.125684e+01
2.814000e-05	2.715509e-02	-1.124481e+01
2.815000e-05	2.675677e-02	-1.121115e+01
2.816000e-05	2.808156e-02	-1.113858e+01
2.817000e-05	2.916076e-02	-1.111744e+01
2.818000e-05	3.042298e-02	-1.106689e+01
2.819000e-05	3.104005e-02	-1.101218e+01
2.820000e-05	3.109521e-02	-1.094052e+01
2.821000e-05	3.390868e-02	-1.090797e+01
2.822000e-05	3.581221e-02	-1.085639e+01
2.823000e-05	3.641594e-02	-1.084373e+01
2.824000e-05	3.667254e-02	-1.080168e+01
2.825000e-05	3.785012e-02	-1.073897e+01
2.826000e-05	4.135776e-02	-1.067634e+01
2.827000e-05	4.194499e-02	-1.062366e+01
2.828000e-05	4.268131e-02	-1.058063e+01
2.829000e-05	4.202706e-02	-1.050747e+01
2.830000e-05	4.212010e-02	-1.045438e+01
2.831000e-05	4.192844e-02	-1.038208e+01
2.832000e-05	4.068731e-02	-1.030694e+01
2.833000e-05	3.774196e-02	-1.020471e+01
2.834000e-05	3.570621e-02	-1.013960e+01
2.835000e-05	3.469174e-02	-1.002489e+01
2.836000e-05	3.304928e-02	-1.000215e+01
2.837000e-05	2.981884e-02	-9.895892e+00
2.838000e-05	2.659950e-02	-9.811136e+00
2.839000e-05	2.529103e-02	-9.728998e+00
2.840000e-05	2.333890e-02	-9.676392e+00
2.841000e-05	2.072838e-02	-9.621129e+00
2.842000e-05	1.770983e-02	-9.466866e+00
2.843000e-05	1.751045e-02	-9.370682e+00
2.844000e-05	1.588851e-02	-9.286891e+00
2.845000e-05	1.482483e-02	-9.178548e+00
2.846000e-05	1.434661e-02	-9.055292e+00
2.847000e-05	1.121031e-02	-8.939628e+00
2.848000e-05	1.008682e-02	-8.894313e+00
2.849000e-05	1.209017e-02	-8.769520e+00
2.850000e-05	1.282535e-02	-8.644331e+00
2.851000e-05	7.355277e-03	-8.507498e+00
2.852000e-05	4.986939e-03	-8.381603e+00
2.853000e-05	5.041475e-03	-8.305394e+00
2.854000e-05	8.937310e-03	-8.191100e+00
2.855000e-05	6.237992e-03	-8.095312e+00
2.856000e-05	5.573819e-03	-8.009550e+00
2.857000e-05	4.438993e-03	-7.844809e+00
2.858000e-05	7.223200e-03	-7.685423e+00
2.859000e-05	5.876626e-03	-7.548947e+00
2.860000e-05	3.459802e-03	-7.423207e+00
2.861000e-05	-1.590088e-03	-7.325391e+00
2.862000e-05	1.306305e-03	-7.190502e+00
2.863000e-05	3.216191e-03	-7.053811e+00
2.864000e-05	2.927027e-03	-6.884811e+00
2.865000e-05	1.125059e-03	-6.718044e+00
2.866000e-05	3.485120e-04	-6.601661e+00
2.867000e-05	3.414732e-03	-6.515392e+00
2.868000e-05	1.884201e-03	-6.371050e+00
2.869000e-05	-3.416918e-04	-6.191658e+00
2.870000e-05	-2.767216e-03	-6.044229e+00
2.871000e-05	-7.065725e-04	-5.916795e+00
2.872000e-05	9.490085e-04	-5.809426e+00
2.873000e-05	3.775471e-04	-5.653187e+00
2.874000e-05	-2.656353e-03	-5.566342e+00
2.875000e-05	-2.929753e-03	-5.345392e+00
2.876000e-05	-1.200152e-03	-5.167919e+00
2.877000e-05	-9.848591e-05	-4.990426e+00
2.878000e-05	-2.773746e-03	-4.810552e+00
2.879000e-05	-4.389369e-03	-4.600524e+00
2.880000e-05	-3.529593e-03	-4.465812e+00
2.881000e-05	-2.365052e-03	-4.330446e+00
2.882000e-05	-1.835216e-03	-4.233081e+00
2.883000e-05	-4.644631e-03	-4.084263e+00
2.884000e-05	-4.030917e-03	-3.937370e+00
2.885000e-05	-2.898343e-03	-3.756978e+00
2.886000e-05	-1.976446e-03	-3.560024e+00
2.887000e-05	-4.498993e-03	-3.433057e+00
2.888000e-05	-5.477777e-03	-3.293688e+00
2.889000e-05	-4.480276e-03	-3.168447e+00
2.890000e-05	-4.486197e-03	-2.966343e+00
2.891000e-05	-4.759932e-03	-2.780024e+00
2.892000e-05	-5.497366e-03	-2.671108e+00
2.893000e-05	-5.350677e-03	-2.503163e+00
2.894000e-05	-5.139763e-03	-2.337894e+00
2.895000e-05	-4.875459e-03	-2.156288e+00
2.896000e-05	-6.357665e-03	-1.978450e+00
2.897000e-05	-5.953036e-03	-1.820104e+00
2.898000e-05	-6.192110e-03	-1.661684e+00
2.899000e-05	-5.673683e-03	-1.504870e+00
2.900000e-05	-5.270799e-03	-1.263209e+00
2.901000e-05	-5.819701e-03	-1.134867e+00
2.902000e-05	-5.981714e-03	-9.774186e-01
2.903000e-05	-6.661386e-03	-7.895026e-01
2.904000e-05	-6.040641e-03	-6.005500e-01
2.905000e-05	-6.422023e-03	-4.105040e-01
2.906000e-05	-6.525084e-03	-2.842354e-01
2.907000e-05	-7.252574e-03	-1.243407e-01
2.908000e-05	-5.429969e-03	4.055263e-02
2.909000e-05	4.005238e-04	2.210029e-01
2.910000e-05	-1.524133e-03	4.009737e-01
2.911000e-05	-1.049124e-03	4.977871e-01
2.912000e-05	-3.168742e-03	6.546832e-01
2.913000e-05	-2.800859e-03	8.005024e-01
2.914000e-05	-3.423320e-03	9.619773e-01
2.915000e-05	1.429150e-03	1.160449e+00
2.916000e-05	2.662320e-02	1.337946e+00
2.917000e-05	8.208492e-02	1.642076e+00
2.918000e-05	-2.078801e-02	1.813685e+00
2.919000e-05	-3.976209e-02	1.989444e+00
2.920000e-05	-5.027383e-02	2.157884e+00
2.921000e-05	-9.454778e-02	2.223579e+00
2.922000e-05	8.076714e-02	2.349016e+00
2.923000e-05	1.799883e-02	2.549445e+00
2.924000e-05	-1.637654e-01	2.718391e+00
2.925000e-05	1.897572e-01	2.822204e+00
2.926000e-05	-3.646197e-02	3.025155e+00
2.927000e-05	-8.344431e-02	3.137395e+00
2.928000e-05	1.057750e-01	3.295841e+00
2.929000e-05	-9.578734e-02	3.537837e+00
2.930000e-05	-3.557383e-02	3.642631e+00
2.931000e-05	8.057580e-02	3.822053e+00
2.932000e-05	-4.925497e-02	3.991974e+00
2.933000e-05	4.245873e-02	4.097416e+00
2.934000e-05	-1.822017e-02	4.338417e+00
2.935000e-05	-4.523122e-02	4.443733e+00
2.936000e-05	2.996336e-02	4.623151e+00
2.937000e-05	-3.895750e-02	4.759599e+00
2.938000e-05	2.385997e-02	4.886520e+00
2.939000e-05	-2.467603e-02	5.149489e+00
2.940000e-05	2.121589e-02	5.336389e+00
2.941000e-05	-2.902117e-03	5.514158e+00
2.942000e-05	-3.053853e-02	5.581048e+00
2.943000e-05	2.401314e-02	5.746921e+00
2.944000e-05	-5.679768e-02	5.947939e+00
2.945000e-05	1.612053e-02	6.064234e+00
2.946000e-05	1.529051e-02	6.201552e+00
2.947000e-05	-1.655402e-02	6.327945e+00
2.948000e-05	5.411691e-03	6.454631e+00
2.949000e-05	-2.586895e-02	6.632148e+00
2.950000e-05	5.105089e-03	6.749974e+00
2.951000e-05	-1.213779e-02	6.897387e+00
2.952000e-05	-5.628126e-03	7.023777e+00
2.953000e-05	-1.391806e-02	7.117924e+00
2.954000e-05	-9.892106e-03	7.316839e+00
2.955000e-05	1.640813e-02	7.404628e+00
2.956000e-05	-1.610650e-02	7.571653e+00
2.957000e-05	-1.191086e-02	7.706916e+00
2.958000e-05	-1.898926e-02	7.856416e+00
2.959000e-05	-5.627378e-03	8.032679e+00
2.960000e-05	3.015158e-03	8.117845e+00
2.961000e-05	-1.072899e-02	8.275758e+00
2.962000e-05	-9.723297e-03	8.339469e+00
2.963000e-05	-1.158883e-02	8.453285e+00
2.964000e-05	2.115553e-03	8.589549e+00
2.965000e-05	-9.521046e-03	8.613755e+00
2.966000e-05	-1.802056e-02	8.717966e+00
2.967000e-05	-1.621161e-02	8.843257e+00
2.968000e-05	-8.109879e-03	8.972999e+00
2.969000e-05	1.904301e-03	9.035310e+00
2.970000e-05	-1.081583e-02	9.181050e+00
2.971000e-05	-1.563593e-02	9.255762e+00
2.972000e-05	-1.401319e-02	9.331023e+00
2.973000e-05	-6.015271e-03	9.454258e+00
2.974000e-05	-8.552647e-03	9.518572e+00
2.975000e-05	-1.530218e-02	9.623630e+00
2.976000e-05	-1.493844e-02	9.718965e+00
2.977000e-05	-8.207757e-03	9.794729e+00
2.978000e-05	-3.674506e-03	9.876417e+00
2.979000e-05	-1.162960e-02	9.992028e+00
2.980000e-05	-1.884292e-02	1.004529e+01
2.981000e-05	-1.706458e-02	1.013960e+01
2.982000e-05	-9.659135e-03	1.020373e+01
2.983000e-05	-8.054776e-03	1.027687e+01
2.984000e-05	-1.513089e-02	1.034915e+01
2.985000e-05	-1.659031e-02	1.043426e+01
2.986000e-05	-1.384119e-02	1.052939e+01
2.987000e-05	-1.065273e-02	1.055158e+01
2.988000e-05	-1.501697e-02	1.058624e+01
2.989000e-05	-2.044647e-02	1.069844e+01
2.990000e-05	-1.754700e-02	1.078002e+01
2.991000e-05	-1.026346e-02	1.084326e+01
2.992000e-05	-9.494977e-03	1.086639e+01
2.993000e-05	-1.687747e-02	1.090642e+01
2.994000e-05	-2.119926e-02	1.096202e+01
2.995000e-05	-2.004730e-02	1.096112e+01
2.996000e-05	-1.397189e-02	1.104423e+01
2.997000e-05	-1.696975e-02	1.102523e+01
2.998000e-05	-1.938377e-02	1.107734e+01
2.999000e-05	-2.054802e-02	1.110955e+01
3.000000e-05	-1.634144e-02	1.112010e+01
3.001000e-05	-1.571378e-02	1.121170e+01
3.002000e-05	-2.036761e-02	1.122328e+01
3.003000e-05	-2.372009e-02	1.121436e+01
3.004000e-05	-2.183442e-02	1.123432e+01
3.005000e-05	-1.754049e-02	1.126539e+01
3.006000e-05	-1.810284e-02	1.129947e+01
3.007000e-05	-2.205114e-02	1.130844e+01
3.008000e-05	-2.425953e-02	1.134997e+01
3.009000e-05	-2.197538e-02	1.136105e+01
3.010000e-05	-1.944786e-02	1.131102e+01
3.011000e-05	-2.271189e-02	1.133008e+01
3.012000e-05	-2.621348e-02	1.137065e+01
3.013000e-05	-2.686804e-02	1.133007e+01
3.014000e-05	-2.334234e-02	1.131908e+01
3.015000e-05	-2.464476e-02	1.133012e+01
3.016000e-05	-2.772080e-02	1.135850e+01
3.017000e-05	-3.089322e-02	1.131805e+01
3.018000e-05	-2.841409e-02	1.130844e+01
3.019000e-05	-2.707899e-02	1.127696e+01
3.020000e-05	-2.926951e-02	1.127686e+01
3.021000e-05	-3.297561e-02	1.124483e+01
3.022000e-05	-3.288489e-02	1.122531e+01
3.023000e-05	-3.152417e-02	1.119165e+01
3.024000e-05	-3.021107e-02	1.114000e+01
3.025000e-05	-3.412261e-02	1.112900e+01
3.026000e-05	-3.767943e-02	1.110684e+01
3.027000e-05	-3.712258e-02	1.105679e+01
3.028000e-05	-3.547999e-02	1.101223e+01
3.029000e-05	-3.806563e-02	1.098267e+01
3.030000e-05	-3.972125e-02	1.093950e+01
3.031000e-05	-4.293913e-02	1.089641e+01
3.032000e-05	-4.005133e-02	1.084578e+01
3.033000e-05	-4.380606e-02	1.082268e+01
3.034000e-05	-4.405430e-02	1.070908e+01
3.035000e-05	-5.151673e-02	1.067642e+01
3.036000e-05	-4.654029e-02	1.060323e+01
3.037000e-05	-5.070360e-02	1.053105e+01
3.038000e-05	-4.820211e-02	1.051537e+01
3.039000e-05	-5.258332e-02	1.038330e+01
3.040000e-05	-5.032378e-02	1.040009e+01
3.041000e-05	-4.541052e-02	1.027586e+01
3.042000e-05	-4.551007e-02	1.019175e+01
3.043000e-05	-4.276595e-02	1.017005e+01
3.044000e-05	-4.747241e-02	1.007639e+01
3.045000e-05	-4.284352e-02	9.983132e+00
3.046000e-05	-4.289746e-02	9.939395e+00
3.047000e-05	-3.626435e-02	9.822283e+00
3.048000e-05	-3.620240e-02	9.747993e+00
3.049000e-05	-3.012630e-02	9.644332e+00
3.050000e-05	-2.765356e-02	9.569944e+00
3.051000e-05	-2.520801e-02	9.433814e+00
3.052000e-05	-2.657195e-02	9.369548e+00
3.053000e-05	-2.893760e-02	9.295839e+00
3.054000e-05	-2.750804e-02	9.210132e+00
3.055000e-05	-2.440045e-02	9.075794e+00
3.056000e-05	-2.087059e-02	8.981028e+00
3.057000e-05	-2.167192e-02	8.865865e+00
3.058000e-05	-1.841971e-02	8.739470e+00
3.059000e-05	-1.964453e-02	8.643760e+00
3.060000e-05	-1.599003e-02	8.558494e+00
3.061000e-05	-1.864264e-02	8.444185e+00
3.062000e-05	-1.873458e-02	8.338997e+00
3.063000e-05	-1.988570e-02	8.231729e+00
3.064000e-05	-1.704904e-02	8.108397e+00
3.065000e-05	-1.554010e-02	7.989125e+00
3.066000e-05	-1.580192e-02	7.825284e+00
3.067000e-05	-1.375010e-02	7.738523e+00
3.068000e-05	-1.347629e-02	7.612605e+00
3.069000e-05	-1.105019e-02	7.466291e+00
3.070000e-05	-1.184640e-02	7.318941e+00
3.071000e-05	-1.323771e-02	7.200000e+00
3.072000e-05	-1.451974e-02	7.061758e+00
3.073000e-05	-1.239028e-02	6.956894e+00
3.074000e-05	-1.211298e-02	6.811153e+00
3.075000e-05	-1.120754e-02	6.647263e+00
3.076000e-05	-1.120617e-02	6.536371e+00
3.077000e-05	-1.044690e-02	6.408575e+00
3.078000e-05	-9.403351e-03	6.233261e+00
3.079000e-05	-1.006009e-02	6.116844e+00
3.080000e-05	-1.100101e-02	6.000999e+00
3.081000e-05	-1.096889e-02	5.874159e+00
3.082000e-05	-1.023562e-02	5.713832e+00
3.083000e-05	-8.347202e-03	5.538920e+00
3.084000e-05	-9.096148e-03	5.379551e+00
3.085000e-05	-8.164003e-03	5.271177e+00
3.086000e-05	-8.239448e-03	5.054711e+00
3.087000e-05	-7.913133e-03	4.843733e+00
3.088000e-05	-8.070278e-03	4.706215e+00
3.089000e-05	-8.606869e-03	4.538500e+00
3.090000e-05	-8.139690e-03	4.452158e+00
3.091000e-05	-8.002868e-03	4.285767e+00
3.092000e-05	-7.057083e-03	4.102236e+00
3.093000e-05	-6.368642e-03	3.945942e+00
3.094000e-05	-8.285603e-03	3.790896e+00
3.095000e-05	-7.622758e-03	3.612157e+00
3.096000e-05	-6.128383e-03	3.495818e+00
3.097000e-05	-5.545556e-03	3.303212e+00
3.098000e-05	-6.224409e-03	3.166396e+00
3.099000e-05	-7.645694e-03	3.030053e+00
3.100000e-05	-6.501808e-03	2.842132e+00
3.101000e-05	-5.598787e-03	2.687843e+00
3.102000e-05	-5.186707e-03	2.494636e+00
3.103000e-05	-5.887486e-03	2.316396e+00
3.104000e-05	-6.783782e-03	2.169847e+00
3.105000e-05	-5.704175e-03	2.023128e+00
3.106000e-05	-4.678362e-03	1.893293e+00
3.107000e-05	-5.981627e-03	1.705740e+00
3.108000e-05	-6.412016e-03	1.517316e+00
3.109000e-05	-6.492617e-03	1.356424e+00
3.110000e-05	-4.963064e-03	1.180599e+00
3.111000e-05	-4.252005e-03	9.794498e-01
3.112000e-05	-4.945186e-03	7.904764e-01
3.113000e-05	-5.558725e-03	6.425816e-01
3.114000e-05	-5.131741e-03	4.841630e-01
3.115000e-05	-4.504720e-03	3.273197e-01
3.116000e-05	-4.324820e-03	1.558409e-01
3.117000e-05	-5.398244e-03	7.922503e-03
3.118000e-05	-1.762161e-03	-1.789498e-01
3.119000e-05	3.948793e-03	-3.574406e-01
3.120000e-05	4.198901e-04	-4.336515e-01
3.121000e-05	1.878418e-03	-6.851005e-01
3.122000e-05	-1.455867e-03	-8.215539e-01
3.123000e-05	1.044452e-03	-9.359423e-01
3.124000e-05	-9.753246e-04	-1.075212e+00
3.125000e-05	1.077175e-02	-1.292238e+00
3.126000e-05	9.411086e-02	-1.496137e+00
3.127000e-05	1.195561e-02	-1.695784e+00
3.128000e-05	-3.907723e-02	-1.957894e+00
3.129000e-05	-3.456409e-02	-2.102841e+00
3.130000e-05	-1.208622e-01	-2.325816e+00
3.131000e-05	1.511630e-01	-2.336866e+00
3.132000e-05	-1.310439e-02	-2.464262e+00
3.133000e-05	-1.585354e-01	-2.748864e+00
3.134000e-05	2.162640e-01	-2.800050e+00
3.135000e-05	-7.189906e-02	-2.907818e+00
3.136000e-05	-1.169935e-01	-3.211001e+00
3.137000e-05	1.813194e-01	-3.316263e+00
3.138000e-05	-1.302937e-01	-3.496306e+00
3.139000e-05	-3.592123e-02	-3.611129e+00
3.140000e-05	1.348897e-01	-3.718366e+00
3.141000e-05	-1.298754e-01	-4.000024e+00
3.142000e-05	1.540643e-01	-4.117419e+00
3.143000e-05	-3.272851e-02	-4.223707e+00
3.144000e-05	-9.307875e-02	-4.444656e+00
3.145000e-05	1.324712e-01	-4.525870e+00
3.146000e-05	-1.315664e-01	-4.735265e+00
3.147000e-05	9.276996e-02	-4.867312e+00
3.148000e-05	-5.267808e-03	-5.023233e+00
3.149000e-05	-2.601750e-02	-5.211154e+00
3.150000e-05	9.126910e-02	-5.339371e+00
3.151000e-05	-1.050799e-01	-5.561398e+00
3.152000e-05	9.826167e-02	-5.725340e+00
3.153000e-05	-7.091169e-02	-5.822705e+00
3.154000e-05	2.525934e-04	-5.970549e+00
3.155000e-05	9.133158e-02	-6.097791e+00
3.156000e-05	-8.914444e-02	-6.276337e+00
3.157000e-05	1.015562e-01	-6.413683e+00
3.158000e-05	-7.614639e-02	-6.570071e+00
3.159000e-05	4.068864e-02	-6.706388e+00
3.160000e-05	1.670905e-02	-6.813709e+00
3.161000e-05	-4.370445e-02	-7.001600e+00
3.162000e-05	6.441173e-02	-7.137019e+00
3.163000e-05	-6.105537e-02	-7.267262e+00
3.164000e-05	8.195882e-02	-7.400127e+00
3.165000e-05	-3.739078e-02	-7.528494e+00
3.166000e-05	1.922619e-02	-7.705790e+00
3.167000e-05	3.924118e-03	-7.803259e+00
3.168000e-05	-2.284801e-02	-8.002601e+00
3.169000e-05	5.416499e-02	-8.056361e+00
3.170000e-05	-3.935532e-02	-8.172080e+00
3.171000e-05	4.352912e-02	-8.316341e+00
3.172000e-05	-2.403887e-02	-8.391651e+00
3.173000e-05	3.251522e-02	-8.537997e+00
3.174000e-05	3.506974e-03	-8.663237e+00
3.175000e-05	-6.974786e-03	-8.811600e+00
3.176000e-05	1.310090e-02	-8.874862e+00
3.177000e-05	-1.182883e-02	-9.001051e+00
3.178000e-05	3.644669e-02	-9.084311e+00
3.179000e-05	-9.689364e-03	-9.159099e+00
3.180000e-05	1.860500e-02	-9.264463e+00
3.181000e-05	-7.329409e-03	-9.328995e+00
3.182000e-05	1.690370e-02	-9.465416e+00
3.183000e-05	6.562180e-03	-9.531497e+00
3.184000e-05	3.990575e-03	-9.675316e+00
3.185000e-05	5.850425e-03	-9.728945e+00
3.186000e-05	4.171882e-03	-9.854180e+00
3.187000e-05	2.073469e-02	-9.866493e+00
3.188000e-05	3.652490e-03	-9.990604e+00
3.189000e-05	9.950261e-03	-1.006381e+01
3.190000e-05	-4.458381e-03	-1.013803e+01
3.191000e-05	1.673553e-02	-1.024483e+01
3.192000e-05	8.009171e-03	-1.030892e+01
3.193000e-05	1.232652e-02	-1.043178e+01
3.194000e-05	5.082012e-03	-1.049484e+01
3.195000e-05	9.949782e-03	-1.056957e+01
3.196000e-05	1.319819e-02	-1.059313e+01
3.197000e-05	8.310677e-03	-1.066626e+01
3.198000e-05	8.888855e-03	-1.070742e+01
3.199000e-05	3.837123e-03	-1.079055e+01
3.200000e-05	1.632310e-02	-1.083221e+01
3.201000e-05	1.161694e-02	-1.087486e+01
3.202000e-05	1.354429e-02	-1.090694e+01
3.203000e-05	6.620578e-03	-1.099110e+01
3.204000e-05	9.498909e-03	-1.098310e+01
3.205000e-05	1.362903e-02	-1.103331e+01
3.206000e-05	1.377784e-02	-1.107789e+01
3.207000e-05	1.207467e-02	-1.111849e+01
3.208000e-05	9.814698e-03	-1.120170e+01
3.209000e-05	1.434521e-02	-1.122366e+01
3.210000e-05	1.556310e-02	-1.121431e+01
3.211000e-05	1.335026e-02	-1.120739e+01
3.212000e-05	1.038623e-02	-1.131786e+01
3.213000e-05	1.312064e-02	-1.132755e+01
3.214000e-05	1.745310e-02	-1.130997e+01
3.215000e-05	1.788255e-02	-1.139000e+01
3.216000e-05	1.500594e-02	-1.134001e+01
3.217000e-05	1.184053e-02	-1.139113e+01
3.218000e-05	1.620450e-02	-1.141226e+01
3.219000e-05	1.841448e-02	-1.141315e+01
3.220000e-05	1.913641e-02	-1.145381e+01
3.221000e-05	1.535624e-02	-1.146376e+01
3.222000e-05	1.808222e-02	-1.141621e+01
3.223000e-05	2.096588e-02	-1.147368e+01
3.224000e-05	2.199948e-02	-1.140333e+01
3.225000e-05	1.991907e-02	-1.139281e+01
3.226000e-05	1.839352e-02	-1.143321e+01
3.227000e-05	2.175200e-02	-1.133421e+01
3.228000e-05	2.367942e-02	-1.140217e+01
3.229000e-05	2.452988e-02	-1.136157e+01
3.230000e-05	2.205318e-02	-1.130907e+01
3.231000e-05	2.401734e-02	-1.129855e+01
3.232000e-05	2.675726e-02	-1.126432e+01
3.233000e-05	2.778993e-02	-1.123628e+01
3.234000e-05	2.612425e-02	-1.125221e+01
3.235000e-05	2.576717e-02	-1.116218e+01
3.236000e-05	2.757451e-02	-1.112947e+01
3.237000e-05	3.095678e-02	-1.111551e+01
3.238000e-05	3.074786e-02	-1.106331e+01
3.239000e-05	3.028416e-02	-1.100323e+01
3.240000e-05	3.185997e-02	-1.097897e+01
3.241000e-05	3.455399e-02	-1.089697e+01
3.242000e-05	3.651904e-02	-1.090581e+01
3.243000e-05	3.650871e-02	-1.084176e+01
3.244000e-05	3.659872e-02	-1.080965e+01
3.245000e-05	3.803014e-02	-1.077902e+01
3.246000e-05	4.189840e-02	-1.067539e+01
3.247000e-05	4.240242e-02	-1.063423e+01
3.248000e-05	4.069766e-02	-1.058163e+01
3.249000e-05	4.103913e-02	-1.055847e+01
3.250000e-05	4.201910e-02	-1.043226e+01
3.251000e-05	4.288592e-02	-1.039960e+01
3.252000e-05	3.995428e-02	-1.028539e+01
3.253000e-05	3.720400e-02	-1.021255e+01
3.254000e-05	3.528462e-02	-1.011792e+01
3.255000e-05	3.388113e-02	-1.004433e+01
3.256000e-05	3.177876e-02	-9.980597e+00
3.257000e-05	2.822013e-02	-9.874813e+00
3.258000e-05	2.470825e-02	-9.803652e+00
3.259000e-05	2.383772e-02	-9.768494e+00
3.260000e-05	2.251099e-02	-9.653788e+00
3.261000e-05	2.107416e-02	-9.579068e+00
3.262000e-05	1.708267e-02	-9.474336e+00
3.263000e-05	1.763565e-02	-9.369074e+00
3.264000e-05	1.525674e-02	-9.222761e+00
3.265000e-05	1.606383e-02	-9.126917e+00
3.266000e-05	1.166505e-02	-9.043686e+00
3.267000e-05	1.095740e-02	-8.958995e+00
3.268000e-05	1.037350e-02	-8.854761e+00
3.269000e-05	1.300607e-02	-8.779519e+00
3.270000e-05	1.057926e-02	-8.573234e+00
3.271000e-05	8.671718e-03	-8.515444e+00
3.272000e-05	6.680940e-03	-8.388575e+00
3.273000e-05	6.604340e-03	-8.294263e+00
3.274000e-05	6.291851e-03	-8.159024e+00
3.275000e-05	5.764755e-03	-8.063738e+00
3.276000e-05	4.565525e-03	-7.958992e+00
3.277000e-05	5.757978e-03	-7.780684e+00
3.278000e-05	6.260219e-03	-7.663133e+00
3.279000e-05	4.853561e-03	-7.526470e+00
3.280000e-05	2.650010e-03	-7.399476e+00
3.281000e-05	1.004778e-03	-7.254232e+00
3.282000e-05	2.052376e-03	-7.138347e+00
3.283000e-05	2.218450e-03	-6.971554e+00
3.284000e-05	3.061362e-03	-6.832261e+00
3.285000e-05	2.024105e-03	-6.707315e+00
3.286000e-05	2.495335e-03	-6.629598e+00
3.287000e-05	2.001693e-03	-6.484763e+00
3.288000e-05	1.095972e-03	-6.358425e+00
3.289000e-05	-6.673525e-04	-6.171550e+00
3.290000e-05	-1.929137e-03	-6.030678e+00
3.291000e-05	-4.814508e-04	-5.896263e+00
3.292000e-05	-7.102133e-04	-5.725446e+00
3.293000e-05	-2.857401e-04	-5.610555e+00
3.294000e-05	-3.892487e-04	-5.463862e+00
3.295000e-05	-1.676637e-03	-5.282134e+00
3.296000e-05	-2.031206e-03	-5.086241e+00
3.297000e-05	-1.909214e-03	-4.906873e+00
3.298000e-05	-3.473831e-03	-4.747768e+00
3.299000e-05	-3.695165e-03	-4.608976e+00
3.300000e-05	-2.992889e-03	-4.461656e+00
3.301000e-05	-3.544996e-03	-4.326867e+00
3.302000e-05	-2.598223e-03	-4.201376e+00
3.303000e-05	-2.664144e-03	-4.051705e+00
3.304000e-05	-3.669360e-03	-3.898362e+00
3.305000e-05	-3.891893e-03	-3.702263e+00
3.306000e-05	-3.610052e-03	-3.524897e+00
3.307000e-05	-4.808097e-03	-3.420079e+00
3.308000e-05	-5.647378e-03	-3.243083e+00
3.309000e-05	-5.269121e-03	-3.106392e+00
3.310000e-05	-5.777433e-03	-2.893211e+00
3.311000e-05	-4.334188e-03	-2.737421e+00
3.312000e-05	-5.071966e-03	-2.579478e+00
3.313000e-05	-4.331909e-03	-2.430108e+00
3.314000e-05	-5.388127e-03	-2.281238e+00
3.315000e-05	-6.026387e-03	-2.072635e+00
3.316000e-05	-6.290269e-03	-1.938265e+00
3.317000e-05	-5.315446e-03	-1.808472e+00
3.318000e-05	-6.419909e-03	-1.662028e+00
3.319000e-05	-6.720318e-03	-1.431637e+00
3.320000e-05	-7.207740e-03	-1.240027e+00
3.321000e-05	-6.027735e-03	-1.073179e+00
3.322000e-05	-5.345938e-03	-9.047619e-01
3.323000e-05	-6.659485e-03	-7.679484e-01
3.324000e-05	-7.070269e-03	-5.258721e-01
3.325000e-05	-7.532902e-03	-4.000224e-01
3.326000e-05	-7.357845e-03	-2.205304e-01
3.327000e-05	-7.096097e-03	-1.142095e-01
3.328000e-05	-3.438905e-03	4.413415e-02
3.329000e-05	7.097283e-04	2.862568e-01
3.330000e-05	-3.504393e-03	4.316028e-01
3.331000e-05	1.473471e-03	5.584686e-01
3.332000e-05	-2.921187e-03	7.183122e-01
3.333000e-05	-2.581568e-03	8.330791e-01
3.334000e-05	-3.847206e-03	1.053178e+00
3.335000e-05	5.863913e-03	1.234104e+00
3.336000e-05	4.677248e-02	1.411151e+00
3.337000e-05	6.718717e-02	1.687307e+00
3.338000e-05	-4.793273e-02	1.894762e+00
3.339000e-05	-3.427075e-02	2.002075e+00
3.340000e-05	-7.129669e-02	2.169394e+00
3.341000e-05	-6.039336e-02	2.263757e+00
3.342000e-05	1.266270e-01	2.381051e+00
3.343000e-05	-8.991556e-02	2.594625e+00
3.344000e-05	-6.876377e-02	2.768895e+00
3.345000e-05	1.841931e-01	2.866338e+00
3.346000e-05	-1.078787e-01	3.156313e+00
3.347000e-05	-8.501345e-03	3.180473e+00
3.348000e-05	6.953164e-02	3.361471e+00
3.349000e-05	-1.246691e-01	3.549021e+00
3.350000e-05	3.329030e-02	3.706312e+00
3.351000e-05	4.007039e-02	3.866207e+00
3.352000e-05	-3.974726e-02	3.992105e+00
3.353000e-05	5.880553e-02	4.168898e+00
3.354000e-05	-6.100983e-02	4.371071e+00
3.355000e-05	1.929972e-03	4.506888e+00
3.356000e-05	2.355002e-03	4.625233e+00
3.357000e-05	-2.583608e-02	4.802653e+00
3.358000e-05	1.734460e-02	5.063627e+00
3.359000e-05	-1.886213e-02	5.183104e+00
3.360000e-05	2.688239e-02	5.370523e+00
3.361000e-05	-2.726703e-02	5.465393e+00
3.362000e-05	-6.357027e-03	5.601629e+00
3.363000e-05	7.221035e-03	5.781524e+00
3.364000e-05	-5.082740e-02	5.989501e+00
3.365000e-05	3.586269e-02	6.077311e+00
3.366000e-05	-6.821321e-03	6.223128e+00
3.367000e-05	-8.328181e-03	6.368496e+00
3.368000e-05	-1.045583e-03	6.487740e+00
3.369000e-05	-2.581141e-02	6.644814e+00
3.370000e-05	9.891901e-03	6.804629e+00
3.371000e-05	-2.310983e-02	6.918493e+00
3.372000e-05	4.536784e-03	7.057282e+00
3.373000e-05	-2.309245e-02	7.169500e+00
3.374000e-05	5.621952e-03	7.289414e+00
3.375000e-05	4.969415e-03	7.477316e+00
3.376000e-05	-1.879084e-02	7.654732e+00
3.377000e-05	-9.174090e-03	7.781978e+00
3.378000e-05	-2.144937e-02	7.887067e+00
3.379000e-05	2.884261e-03	8.035237e+00
3.380000e-05	-6.165951e-03	8.143020e+00
3.381000e-05	-8.661334e-03	8.265890e+00
3.382000e-05	-1.357139e-02	8.392054e+00
3.383000e-05	-7.629607e-03	8.446835e+00
3.384000e-05	6.482250e-04	8.581078e+00
3.385000e-05	-1.505028e-02	8.655233e+00
3.386000e-05	-1.602035e-02	8.748972e+00
3.387000e-05	-1.627929e-02	8.866414e+00
3.388000e-05	-2.605459e-03	8.992627e+00
3.389000e-05	-4.695847e-03	9.077287e+00
3.390000e-05	-1.096546e-02	9.182577e+00
3.391000e-05	-1.486612e-02	9.305914e+00
3.392000e-05	-1.032455e-02	9.391177e+00
3.393000e-05	-7.103343e-03	9.495789e+00
3.394000e-05	-1.112564e-02	9.559525e+00
3.395000e-05	-1.409849e-02	9.655756e+00
3.396000e-05	-1.218545e-02	9.720043e+00
3.397000e-05	-6.439002e-03	9.834704e+00
3.398000e-05	-7.850959e-03	9.940095e+00
3.399000e-05	-1.456311e-02	1.000265e+01
3.400000e-05	-1.870517e-02	1.009687e+01
3.401000e-05	-1.363261e-02	1.019305e+01
3.402000e-05	-8.626596e-03	1.022428e+01
3.403000e-05	-1.076600e-02	1.030737e+01
3.404000e-05	-1.503376e-02	1.037007e+01
3.405000e-05	-1.583627e-02	1.044783e+01
3.406000e-05	-1.012143e-02	1.051947e+01
3.407000e-05	-1.172346e-02	1.055453e+01
3.408000e-05	-1.622360e-02	1.061523e+01
3.409000e-05	-2.112853e-02	1.073792e+01
3.410000e-05	-1.427946e-02	1.077110e+01
3.411000e-05	-9.629120e-03	1.081273e+01
3.412000e-05	-1.165845e-02	1.088632e+01
3.413000e-05	-1.925662e-02	1.091895e+01
3.414000e-05	-2.030085e-02	1.095105e+01
3.415000e-05	-1.558963e-02	1.097210e+01
3.416000e-05	-1.354214e-02	1.101416e+01
3.417000e-05	-1.821038e-02	1.111584e+01
3.418000e-05	-2.150362e-02	1.105644e+01
3.419000e-05	-1.911133e-02	1.114999e+01
3.420000e-05	-1.468068e-02	1.118112e+01
3.421000e-05	-1.596030e-02	1.118373e+01
3.422000e-05	-2.069820e-02	1.123423e+01
3.423000e-05	-2.256011e-02	1.121329e+01
3.424000e-05	-1.908430e-02	1.125734e+01
3.425000e-05	-1.681841e-02	1.127749e+01
3.426000e-05	-2.048536e-02	1.129691e+01
3.427000e-05	-2.393082e-02	1.134049e+01
3.428000e-05	-2.345179e-02	1.132017e+01
3.429000e-05	-2.068660e-02	1.132112e+01
3.430000e-05	-2.131640e-02	1.136157e+01
3.431000e-05	-2.497616e-02	1.133310e+01
3.432000e-05	-2.763982e-02	1.133157e+01
3.433000e-05	-2.566841e-02	1.136000e+01
3.434000e-05	-2.326950e-02	1.137158e+01
3.435000e-05	-2.480886e-02	1.133960e+01
3.436000e-05	-2.893990e-02	1.135950e+01
3.437000e-05	-2.977100e-02	1.130940e+01
3.438000e-05	-2.810623e-02	1.128797e+01
3.439000e-05	-2.806794e-02	1.130591e+01
3.440000e-05	-3.138510e-02	1.125432e+01
3.441000e-05	-3.373724e-02	1.124473e+01
3.442000e-05	-3.303630e-02	1.124366e+01
3.443000e-05	-3.151200e-02	1.118313e+01
3.444000e-05	-3.366410e-02	1.116055e+01
3.445000e-05	-3.587293e-02	1.111889e+01
3.446000e-05	-3.800718e-02	1.109636e+01
3.447000e-05	-3.677513e-02	1.102381e+01
3.448000e-05	-3.736345e-02	1.102166e+01
3.449000e-05	-4.037544e-02	1.099055e+01
3.450000e-05	-4.328434e-02	1.093792e+01
3.451000e-05	-4.264797e-02	1.092639e+01
3.452000e-05	-4.044230e-02	1.082371e+01
3.453000e-05	-4.314061e-02	1.078165e+01
3.454000e-05	-4.581627e-02	1.072947e+01
3.455000e-05	-4.975648e-02	1.062599e+01
3.456000e-05	-4.800378e-02	1.060318e+01
3.457000e-05	-4.912206e-02	1.053058e+01
3.458000e-05	-5.014489e-02	1.049641e+01
3.459000e-05	-5.181756e-02	1.043123e+01
3.460000e-05	-5.012134e-02	1.031997e+01
3.461000e-05	-4.680747e-02	1.026421e+01
3.462000e-05	-4.647829e-02	1.015161e+01
3.463000e-05	-4.506590e-02	1.012899e+01
3.464000e-05	-4.484487e-02	1.006481e+01
3.465000e-05	-4.043903e-02	1.000260e+01
3.466000e-05	-3.722737e-02	9.877842e+00
3.467000e-05	-3.543788e-02	9.813157e+00
3.468000e-05	-3.428631e-02	9.686968e+00
3.469000e-05	-3.266888e-02	9.612229e+00
3.470000e-05	-2.967230e-02	9.507371e+00
3.471000e-05	-2.788914e-02	9.472262e+00
3.472000e-05	-2.616966e-02	9.358994e+00
3.473000e-05	-2.576663e-02	9.266207e+00
3.474000e-05	-2.310375e-02	9.181098e+00
3.475000e-05	-2.182465e-02	9.046289e+00
3.476000e-05	-2.133186e-02	8.970028e+00
3.477000e-05	-2.157440e-02	8.863757e+00
3.478000e-05	-2.112452e-02	8.718890e+00
3.479000e-05	-1.987603e-02	8.603603e+00
3.480000e-05	-1.772999e-02	8.506943e+00
3.481000e-05	-1.752375e-02	8.433678e+00
3.482000e-05	-1.735463e-02	8.308843e+00
3.483000e-05	-1.657182e-02	8.214107e+00
3.484000e-05	-1.489041e-02	8.067290e+00
3.485000e-05	-1.455142e-02	7.957895e+00
3.486000e-05	-1.467395e-02	7.823155e+00
3.487000e-05	-1.452837e-02	7.684315e+00
3.488000e-05	-1.401730e-02	7.551550e+00
3.489000e-05	-1.200072e-02	7.383209e+00
3.490000e-05	-1.223917e-02	7.256312e+00
3.491000e-05	-1.356498e-02	7.138369e+00
3.492000e-05	-1.276493e-02	7.022178e+00
3.493000e-05	-1.213193e-02	6.885363e+00
3.494000e-05	-1.209353e-02	6.779024e+00
3.495000e-05	-1.165034e-02	6.620658e+00
3.496000e-05	-1.090517e-02	6.492335e+00
3.497000e-05	-1.010370e-02	6.328418e+00
3.498000e-05	-9.539022e-03	6.200502e+00
3.499000e-05	-1.151752e-02	6.063865e+00
3.500000e-05	-1.159414e-02	5.989547e+00
3.501000e-05	-9.840405e-03	5.811708e+00
3.502000e-05	-7.951103e-03	5.652629e+00
3.503000e-05	-9.401045e-03	5.465787e+00
3.504000e-05	-1.028412e-02	5.368474e+00
3.505000e-05	-9.493752e-03	5.211052e+00
3.506000e-05	-8.546483e-03	5.010498e+00
3.507000e-05	-7.908131e-03	4.830050e+00
3.508000e-05	-9.896847e-03	4.693759e+00
3.509000e-05	-9.403737e-03	4.485915e+00
3.510000e-05	-7.926032e-03	4.391025e+00
3.511000e-05	-6.940993e-03	4.190683e+00
3.512000e-05	-8.240583e-03	4.071135e+00
3.513000e-05	-7.585475e-03	3.886791e+00
3.514000e-05	-6.477529e-03	3.746369e+00
3.515000e-05	-6.603742e-03	3.580502e+00
3.516000e-05	-6.703150e-03	3.481711e+00
3.517000e-05	-7.153404e-03	3.250579e+00
3.518000e-05	-6.714411e-03	3.084761e+00
3.519000e-05	-6.430996e-03	2.998396e+00
3.520000e-05	-6.915699e-03	2.800974e+00
3.521000e-05	-7.132268e-03	2.632729e+00
3.522000e-05	-6.732107e-03	2.419604e+00
3.523000e-05	-5.605346e-03	2.275286e+00
3.524000e-05	-6.675238e-03	2.126868e+00
3.525000e-05	-5.467827e-03	1.989523e+00
3.526000e-05	-5.570033e-03	1.812683e+00
3.527000e-05	-4.566815e-03	1.692705e+00
3.528000e-05	-6.268315e-03	1.464259e+00
3.529000e-05	-5.839984e-03	1.335340e+00
3.530000e-05	-4.571736e-03	1.147344e+00
3.531000e-05	-3.991455e-03	9.043371e-01
3.532000e-05	-5.989501e-03	7.583948e-01
3.533000e-05	-5.129143e-03	5.790250e-01
3.534000e-05	-4.342683e-03	4.515317e-01
3.535000e-05	-2.899692e-03	2.952945e-01
3.536000e-05	-4.246567e-03	6.111067e-02
3.537000e-05	-5.522039e-03	-7.370677e-02
3.538000e-05	-5.236855e-04	-2.115789e-01
3.539000e-05	5.087209e-03	-3.994474e-01
3.540000e-05	-4.710731e-04	-4.853106e-01
3.541000e-05	2.047147e-03	-7.258670e-01
3.542000e-05	-1.110923e-03	-8.331328e-01
3.543000e-05	1.207687e-03	-1.010050e+00
3.544000e-05	1.149557e-03	-1.148366e+00
3.545000e-05	2.655486e-02	-1.326888e+00
3.546000e-05	1.121156e-01	-1.539491e+00
3.547000e-05	-3.830177e-02	-1.760046e+00
3.548000e-05	-1.793344e-02	-1.981551e+00
3.549000e-05	-7.644474e-02	-2.191469e+00
3.550000e-05	-6.662246e-02	-2.326916e+00
3.551000e-05	1.676184e-01	-2.335965e+00
3.552000e-05	-1.164059e-01	-2.527444e+00
3.553000e-05	-3.942049e-02	-2.769997e+00
3.554000e-05	1.957921e-01	-2.799051e+00
3.555000e-05	-1.795221e-01	-3.062654e+00
3.556000e-05	1.028971e-02	-3.253206e+00
3.557000e-05	1.147496e-01	-3.329016e+00
3.558000e-05	-1.851497e-01	-3.558969e+00
3.559000e-05	8.695552e-02	-3.644658e+00
3.560000e-05	4.501189e-02	-3.751605e+00
3.561000e-05	-7.583419e-02	-4.024682e+00
3.562000e-05	1.777362e-01	-4.157518e+00
3.563000e-05	-1.391881e-01	-4.316466e+00
3.564000e-05	1.812412e-02	-4.474239e+00
3.565000e-05	6.162040e-02	-4.549441e+00
3.566000e-05	-1.209859e-01	-4.771173e+00
3.567000e-05	1.357518e-01	-4.956338e+00
3.568000e-05	-7.372316e-02	-5.056338e+00
3.569000e-05	5.337847e-02	-5.223283e+00
3.570000e-05	1.889661e-02	-5.423653e+00
3.571000e-05	-6.525150e-02	-5.592682e+00
3.572000e-05	9.915537e-02	-5.718521e+00
3.573000e-05	-1.247866e-01	-5.886332e+00
3.574000e-05	9.095718e-02	-6.002578e+00
3.575000e-05	6.709296e-03	-6.139598e+00
3.576000e-05	-3.384585e-02	-6.339071e+00
3.577000e-05	8.001113e-02	-6.445684e+00
3.578000e-05	-9.565293e-02	-6.621628e+00
3.579000e-05	9.023502e-02	-6.748444e+00
3.580000e-05	-4.772830e-02	-6.876364e+00
3.581000e-05	2.088399e-02	-7.025304e+00
3.582000e-05	1.598155e-02	-7.212555e+00
3.583000e-05	-2.933796e-02	-7.315493e+00
3.584000e-05	6.984089e-02	-7.452724e+00
3.585000e-05	-6.033738e-02	-7.560655e+00
3.586000e-05	5.217392e-02	-7.708546e+00
3.587000e-05	-3.497972e-02	-7.894835e+00
3.588000e-05	2.597638e-02	-8.023604e+00
3.589000e-05	2.054674e-02	-8.096946e+00
3.590000e-05	-1.954535e-02	-8.245832e+00
3.591000e-05	3.481410e-02	-8.327921e+00
3.592000e-05	-2.819690e-02	-8.432811e+00
3.593000e-05	4.486317e-02	-8.562548e+00
3.594000e-05	-2.021689e-02	-8.696916e+00
3.595000e-05	1.617485e-02	-8.844682e+00
3.596000e-05	-3.269620e-03	-8.908867e+00
3.597000e-05	9.339459e-03	-9.021555e+00
3.598000e-05	2.202891e-02	-9.087361e+00
3.599000e-05	-6.015980e-03	-9.180604e+00
3.600000e-05	1.914083e-02	-9.306368e+00
3.601000e-05	-8.461606e-03	-9.383101e+00
3.602000e-05	1.915826e-02	-9.455887e+00
3.603000e-05	-4.144102e-03	-9.621681e+00
3.604000e-05	1.417281e-02	-9.698364e+00
3.605000e-05	2.925861e-03	-9.750025e+00
3.606000e-05	1.582057e-02	-9.863760e+00
3.607000e-05	1.274232e-02	-9.928919e+00
3.608000e-05	5.865676e-03	-1.003178e+01
3.609000e-05	6.979350e-03	-1.008692e+01
3.610000e-05	-2.265487e-04	-1.015313e+01
3.611000e-05	1.584504e-02	-1.023381e+01
3.612000e-05	5.927137e-03	-1.034852e+01
3.613000e-05	1.547765e-02	-1.045331e+01
3.614000e-05	4.745610e-03	-1.052844e+01
3.615000e-05	1.362094e-02	-1.058965e+01
3.616000e-05	7.625430e-03	-1.062218e+01
3.617000e-05	1.114167e-02	-1.067491e+01
3.618000e-05	6.070465e-03	-1.074850e+01
3.619000e-05	9.107618e-03	-1.079208e+01
3.620000e-05	1.448606e-02	-1.083376e+01
3.621000e-05	1.223220e-02	-1.090737e+01
3.622000e-05	1.202061e-02	-1.093904e+01
3.623000e-05	6.575771e-03	-1.097910e+01
3.624000e-05	1.039295e-02	-1.101330e+01
3.625000e-05	1.224669e-02	-1.105436e+01
3.626000e-05	1.395443e-02	-1.110692e+01
3.627000e-05	1.112207e-02	-1.113058e+01
3.628000e-05	1.179521e-02	-1.120318e+01
3.629000e-05	1.378184e-02	-1.120178e+01
3.630000e-05	1.353398e-02	-1.124429e+01
3.631000e-05	1.249663e-02	-1.126679e+01
3.632000e-05	1.148459e-02	-1.129989e+01
3.633000e-05	1.378252e-02	-1.126809e+01
3.634000e-05	1.595238e-02	-1.137852e+01
3.635000e-05	1.667416e-02	-1.136215e+01
3.636000e-05	1.489169e-02	-1.139215e+01
3.637000e-05	1.349744e-02	-1.144270e+01
3.638000e-05	1.625153e-02	-1.142368e+01
3.639000e-05	1.754177e-02	-1.140023e+01
3.640000e-05	1.765138e-02	-1.141373e+01
3.641000e-05	1.505816e-02	-1.143178e+01
3.642000e-05	1.839923e-02	-1.140373e+01
3.643000e-05	1.915129e-02	-1.142428e+01
3.644000e-05	2.105654e-02	-1.144331e+01
3.645000e-05	1.989987e-02	-1.137423e+01
3.646000e-05	1.916292e-02	-1.138216e+01
3.647000e-05	2.223585e-02	-1.139063e+01
3.648000e-05	2.328071e-02	-1.138268e+01
3.649000e-05	2.431067e-02	-1.135850e+01
3.650000e-05	2.231150e-02	-1.130753e+01
3.651000e-05	2.369584e-02	-1.125642e+01
3.652000e-05	2.632589e-02	-1.124631e+01
3.653000e-05	2.747259e-02	-1.122429e+01
3.654000e-05	2.714525e-02	-1.119568e+01
3.655000e-05	2.693663e-02	-1.113963e+01
3.656000e-05	2.897213e-02	-1.111847e+01
3.657000e-05	3.059839e-02	-1.111544e+01
3.658000e-05	3.159721e-02	-1.102433e+01
3.659000e-05	3.121702e-02	-1.095913e+01
3.660000e-05	3.131042e-02	-1.090954e+01
3.661000e-05	3.462494e-02	-1.091694e+01
3.662000e-05	3.601287e-02	-1.085429e+01
3.663000e-05	3.670544e-02	-1.081223e+01
3.664000e-05	3.707154e-02	-1.078157e+01
3.665000e-05	4.018772e-02	-1.070694e+01
3.666000e-05	4.192777e-02	-1.064376e+01
3.667000e-05	4.252108e-02	-1.061368e+01
3.668000e-05	4.311252e-02	-1.054908e+01
3.669000e-05	4.239450e-02	-1.047737e+01
3.670000e-05	4.170819e-02	-1.039216e+01
3.671000e-05	4.160381e-02	-1.031895e+01
3.672000e-05	3.987332e-02	-1.023526e+01
3.673000e-05	3.750385e-02	-1.015068e+01
3.674000e-05	3.484234e-02	-1.011594e+01
3.675000e-05	3.326347e-02	-1.004126e+01
3.676000e-05	3.061904e-02	-9.918471e+00
3.677000e-05	2.830829e-02	-9.835687e+00
3.678000e-05	2.466118e-02	-9.760577e+00
3.679000e-05	2.350804e-02	-9.707016e+00
3.680000e-05	2.188490e-02	-9.672187e+00
3.681000e-05	2.083984e-02	-9.548470e+00
3.682000e-05	1.774609e-02	-9.451787e+00
3.683000e-05	1.685644e-02	-9.318372e+00
3.684000e-05	1.448346e-02	-9.232258e+00
3.685000e-05	1.593349e-02	-9.105841e+00
3.686000e-05	1.312624e-02	-9.012234e+00
3.687000e-05	1.193077e-02	-8.915391e+00
3.688000e-05	1.001652e-02	-8.812181e+00
3.689000e-05	1.165092e-02	-8.708466e+00
3.690000e-05	9.420299e-03	-8.580129e+00
3.691000e-05	8.845217e-03	-8.454261e+00
3.692000e-05	5.330993e-03	-8.358920e+00
3.693000e-05	5.947175e-03	-8.263262e+00
3.694000e-05	4.889549e-03	-8.148020e+00
3.695000e-05	6.864333e-03	-8.043208e+00
3.696000e-05	5.818894e-03	-7.887365e+00
3.697000e-05	5.710936e-03	-7.767527e+00
3.698000e-05	4.747685e-03	-7.632154e+00
3.699000e-05	4.762842e-03	-7.464215e+00
3.700000e-05	2.807632e-03	-7.339971e+00
3.701000e-05	1.278640e-03	-7.252181e+00
3.702000e-05	3.941962e-04	-7.085317e+00
3.703000e-05	1.288777e-03	-6.948046e+00
3.704000e-05	3.153587e-03	-6.810625e+00
3.705000e-05	2.180166e-03	-6.684813e+00
3.706000e-05	1.687710e-03	-6.528500e+00
3.707000e-05	2.548764e-04	-6.432683e+00
3.708000e-05	-3.468949e-05	-6.275340e+00
3.709000e-05	-1.055917e-03	-6.145892e+00
3.710000e-05	-1.794629e-03	-5.988596e+00
3.711000e-05	-2.115748e-03	-5.842186e+00
3.712000e-05	-6.188648e-04	-5.695291e+00
3.713000e-05	-6.191619e-05	-5.599996e+00
3.714000e-05	-2.716407e-04	-5.420603e+00
3.715000e-05	-1.280554e-03	-5.180100e+00
3.716000e-05	-1.916108e-03	-5.092657e+00
3.717000e-05	-1.898594e-03	-4.814312e+00
3.718000e-05	-2.574468e-03	-4.682736e+00
3.719000e-05	-3.042201e-03	-4.537419e+00
3.720000e-05	-4.294836e-03	-4.410102e+00
3.721000e-05	-3.913453e-03	-4.283762e+00
3.722000e-05	-2.788749e-03	-4.126919e+00
3.723000e-05	-2.580323e-03	-4.010976e+00
3.724000e-05	-3.120233e-03	-3.852133e+00
3.725000e-05	-3.699677e-03	-3.631682e+00
3.726000e-05	-4.333740e-03	-3.505817e+00
3.727000e-05	-4.040578e-03	-3.368945e+00
3.728000e-05	-4.138428e-03	-3.221551e+00
3.729000e-05	-5.508983e-03	-3.033083e+00
3.730000e-05	-5.526349e-03	-2.842175e+00
3.731000e-05	-3.015799e-03	-2.675367e+00
3.732000e-05	-7.450404e-03	-2.508868e+00
3.733000e-05	-2.989000e-03	-2.409425e+00
3.734000e-05	-8.622290e-03	-2.211051e+00
3.735000e-05	-1.005707e-03	-2.021105e+00
3.736000e-05	-6.053840e-03	-1.903666e+00
3.737000e-05	-2.575039e-03	-1.756845e+00
3.738000e-05	-7.369882e-03	-1.598499e+00
3.739000e-05	-6.717306e-03	-1.319975e+00
3.740000e-05	-8.094042e-03	-1.187924e+00
3.741000e-05	-8.095520e-03	-1.050577e+00
3.742000e-05	-7.518667e-03	-8.310828e-01
3.743000e-05	-6.551137e-03	-7.168883e-01
3.744000e-05	-2.825565e-03	-5.228119e-01
3.745000e-05	-4.608702e-03	-3.564421e-01
3.746000e-05	-4.055347e-03	-1.479725e-01
3.747000e-05	-7.916134e-03	-5.057645e-02
3.748000e-05	-2.679826e-03	9.524092e-02
3.749000e-05	-9.711489e-04	3.383372e-01
3.750000e-05	-2.761130e-03	4.627066e-01
3.751000e-05	-1.119227e-03	6.110250e-01
3.752000e-05	-1.611630e-03	7.783661e-01
3.753000e-05	-1.464693e-03	8.947616e-01
3.754000e-05	-9.489082e-04	1.108292e+00
3.755000e-05	1.145825e-02	1.295686e+00
3.756000e-05	6.798917e-02	1.456211e+00
3.757000e-05	3.223687e-02	1.780497e+00
3.758000e-05	-5.439610e-02	1.928890e+00
3.759000e-05	-3.547857e-02	2.062661e+00
3.760000e-05	-9.501874e-02	2.200024e+00
3.761000e-05	-4.749294e-03	2.275836e+00
3.762000e-05	1.202507e-01	2.476187e+00
3.763000e-05	-1.640734e-01	2.728186e+00
3.764000e-05	6.738377e-02	2.759998e+00
3.765000e-05	1.085779e-01	2.989923e+00
3.766000e-05	-1.306379e-01	3.127891e+00
3.767000e-05	6.533124e-02	3.212055e+00
3.768000e-05	-4.128511e-03	3.445177e+00
3.769000e-05	-1.109697e-01	3.590503e+00
3.770000e-05	7.918396e-02	3.729391e+00
3.771000e-05	-9.955563e-03	3.948870e+00
3.772000e-05	-4.789948e-03	4.053705e+00
3.773000e-05	4.099859e-02	4.203702e+00
3.774000e-05	-7.806596e-02	4.412028e+00
3.775000e-05	3.182640e-02	4.579469e+00
3.776000e-05	-2.636143e-02	4.716362e+00
3.777000e-05	-5.045065e-04	4.823234e+00
3.778000e-05	-3.226564e-03	5.085283e+00
3.779000e-05	1.467340e-04	5.264741e+00
3.780000e-05	2.222707e-02	5.420600e+00
3.781000e-05	-3.885009e-02	5.517945e+00
3.782000e-05	1.618480e-02	5.654811e+00
3.783000e-05	-2.623056e-02	5.856704e+00
3.784000e-05	-2.683055e-02	6.001999e+00
3.785000e-05	3.727264e-02	6.127393e+00
3.786000e-05	-1.918794e-02	6.265662e+00
3.787000e-05	4.467984e-05	6.371603e+00
3.788000e-05	-1.383988e-02	6.539893e+00
3.789000e-05	-1.222327e-02	6.745839e+00
3.790000e-05	6.497147e-03	6.843236e+00
3.791000e-05	-2.098038e-02	6.980995e+00
3.792000e-05	7.162306e-04	7.085363e+00
3.793000e-05	-2.464876e-02	7.253654e+00
3.794000e-05	1.706486e-02	7.370046e+00
3.795000e-05	-3.928347e-03	7.557894e+00
3.796000e-05	-1.684194e-02	7.676837e+00
3.797000e-05	-1.137419e-02	7.833179e+00
3.798000e-05	-1.885906e-02	7.983049e+00
3.799000e-05	7.766620e-03	8.093759e+00
3.800000e-05	-1.075317e-02	8.203205e+00
3.801000e-05	-7.356730e-03	8.317866e+00
3.802000e-05	-1.520022e-02	8.412681e+00
3.803000e-05	-1.416398e-03	8.486541e+00
3.804000e-05	-2.116790e-03	8.611152e+00
3.805000e-05	-1.753546e-02	8.696387e+00
3.806000e-05	-1.441062e-02	8.812177e+00
3.807000e-05	-1.525387e-02	8.929894e+00
3.808000e-05	1.707492e-03	9.024754e+00
3.809000e-05	-8.681466e-03	9.129370e+00
3.810000e-05	-1.230604e-02	9.234734e+00
3.811000e-05	-1.486443e-02	9.348441e+00
3.812000e-05	-7.204046e-03	9.414653e+00
3.813000e-05	-6.737072e-03	9.456866e+00
3.814000e-05	-1.359850e-02	9.570648e+00
3.815000e-05	-1.440243e-02	9.675863e+00
3.816000e-05	-1.204730e-02	9.761649e+00
3.817000e-05	-4.300442e-03	9.836787e+00
3.818000e-05	-1.097180e-02	9.960473e+00
3.819000e-05	-1.519741e-02	1.005521e+01
3.820000e-05	-1.890618e-02	1.012592e+01
3.821000e-05	-1.142243e-02	1.017155e+01
3.822000e-05	-8.133653e-03	1.026531e+01
3.823000e-05	-1.276305e-02	1.033694e+01
3.824000e-05	-1.568407e-02	1.040310e+01
3.825000e-05	-1.451654e-02	1.048731e+01
3.826000e-05	-1.001160e-02	1.056012e+01
3.827000e-05	-1.283566e-02	1.061265e+01
3.828000e-05	-1.738390e-02	1.068641e+01
3.829000e-05	-1.943292e-02	1.075047e+01
3.830000e-05	-1.296737e-02	1.082070e+01
3.831000e-05	-1.116140e-02	1.087273e+01
3.832000e-05	-1.504492e-02	1.090889e+01
3.833000e-05	-1.980446e-02	1.092899e+01
3.834000e-05	-2.120973e-02	1.096105e+01
3.835000e-05	-1.449110e-02	1.103311e+01
3.836000e-05	-1.562091e-02	1.101378e+01
3.837000e-05	-1.800655e-02	1.109584e+01
3.838000e-05	-2.060745e-02	1.109794e+01
3.839000e-05	-1.814695e-02	1.114052e+01
3.840000e-05	-1.601824e-02	1.116063e+01
3.841000e-05	-1.852050e-02	1.119320e+01
3.842000e-05	-2.218568e-02	1.128276e+01
3.843000e-05	-2.319107e-02	1.120578e+01
3.844000e-05	-1.882646e-02	1.126589e+01
3.845000e-05	-1.814394e-02	1.126787e+01
3.846000e-05	-2.099739e-02	1.131749e+01
3.847000e-05	-2.430269e-02	1.128957e+01
3.848000e-05	-2.333529e-02	1.135797e+01
3.849000e-05	-2.135363e-02	1.131997e+01
3.850000e-05	-2.170791e-02	1.135107e+01
3.851000e-05	-2.525537e-02	1.133208e+01
3.852000e-05	-2.626785e-02	1.133257e+01
3.853000e-05	-2.417285e-02	1.139158e+01
3.854000e-05	-2.402010e-02	1.132952e+01
3.855000e-05	-2.688510e-02	1.135207e+01
3.856000e-05	-2.951804e-02	1.133057e+01
3.857000e-05	-2.876478e-02	1.130695e+01
3.858000e-05	-2.762078e-02	1.130739e+01
3.859000e-05	-2.909961e-02	1.128836e+01
3.860000e-05	-3.186796e-02	1.127434e+01
3.861000e-05	-3.337195e-02	1.123226e+01
3.862000e-05	-3.264358e-02	1.124323e+01
3.863000e-05	-3.238162e-02	1.117112e+01
3.864000e-05	-3.440914e-02	1.116894e+01
3.865000e-05	-3.618678e-02	1.110801e+01
3.866000e-05	-3.700331e-02	1.105634e+01
3.867000e-05	-3.568538e-02	1.103471e+01
3.868000e-05	-3.789267e-02	1.100163e+01
3.869000e-05	-4.031801e-02	1.096910e+01
3.870000e-05	-4.341879e-02	1.093799e+01
3.871000e-05	-4.088101e-02	1.088531e+01
3.872000e-05	-4.195681e-02	1.085421e+01
3.873000e-05	-4.206281e-02	1.077007e+01
3.874000e-05	-4.805332e-02	1.070787e+01
3.875000e-05	-4.814547e-02	1.062624e+01
3.876000e-05	-4.934250e-02	1.057218e+01
3.877000e-05	-4.999399e-02	1.051897e+01
3.878000e-05	-5.224300e-02	1.047589e+01
3.879000e-05	-4.913248e-02	1.042065e+01
3.880000e-05	-5.194512e-02	1.031639e+01
3.881000e-05	-4.477126e-02	1.023671e+01
3.882000e-05	-4.794662e-02	1.019013e+01
3.883000e-05	-4.150174e-02	1.013789e+01
3.884000e-05	-4.264065e-02	1.005424e+01
3.885000e-05	-3.735839e-02	9.959044e+00
3.886000e-05	-3.637451e-02	9.855335e+00
3.887000e-05	-3.738602e-02	9.803100e+00
3.888000e-05	-3.476714e-02	9.675889e+00
3.889000e-05	-3.428355e-02	9.600221e+00
3.890000e-05	-2.848463e-02	9.484793e+00
3.891000e-05	-2.594726e-02	9.421577e+00
3.892000e-05	-2.450820e-02	9.319870e+00
3.893000e-05	-2.409930e-02	9.223284e+00
3.894000e-05	-2.205044e-02	9.088971e+00
3.895000e-05	-2.428342e-02	8.995660e+00
3.896000e-05	-2.330346e-02	8.905967e+00
3.897000e-05	-2.458769e-02	8.781152e+00
3.898000e-05	-1.972710e-02	8.704840e+00
3.899000e-05	-1.787702e-02	8.589604e+00
3.900000e-05	-1.665208e-02	8.515341e+00
3.901000e-05	-1.608998e-02	8.391027e+00
3.902000e-05	-1.750169e-02	8.277290e+00
3.903000e-05	-1.680758e-02	8.150074e+00
3.904000e-05	-1.698579e-02	8.053229e+00
3.905000e-05	-1.584428e-02	7.897371e+00
3.906000e-05	-1.670741e-02	7.758544e+00
3.907000e-05	-1.291862e-02	7.673212e+00
3.908000e-05	-1.337759e-02	7.549545e+00
3.909000e-05	-1.240782e-02	7.421078e+00
3.910000e-05	-1.364752e-02	7.253754e+00
3.911000e-05	-1.247619e-02	7.126840e+00
3.912000e-05	-1.274389e-02	6.959473e+00
3.913000e-05	-1.078543e-02	6.853184e+00
3.914000e-05	-1.121143e-02	6.728946e+00
3.915000e-05	-1.246933e-02	6.610528e+00
3.916000e-05	-1.078985e-02	6.452579e+00
3.917000e-05	-1.131899e-02	6.285840e+00
3.918000e-05	-1.027688e-02	6.178494e+00
3.919000e-05	-1.112189e-02	6.053733e+00
3.920000e-05	-9.257706e-03	5.917370e+00
3.921000e-05	-1.003434e-02	5.769421e+00
3.922000e-05	-8.176672e-03	5.580001e+00
3.923000e-05	-9.668351e-03	5.442733e+00
3.924000e-05	-1.066292e-02	5.305367e+00
3.925000e-05	-8.667334e-03	5.178320e+00
3.926000e-05	-9.187662e-03	4.925845e+00
3.927000e-05	-5.982643e-03	4.779473e+00
3.928000e-05	-9.932084e-03	4.631652e+00
3.929000e-05	-7.707390e-03	4.504259e+00
3.930000e-05	-8.447692e-03	4.328472e+00
3.931000e-05	-6.374721e-03	4.186443e+00
3.932000e-05	-5.363150e-03	3.970550e+00
3.933000e-05	-6.882895e-03	3.813109e+00
3.934000e-05	-5.366649e-03	3.726261e+00
3.935000e-05	-8.868196e-03	3.559449e+00
3.936000e-05	-5.654355e-03	3.348549e+00
3.937000e-05	-1.123192e-02	3.211050e+00
3.938000e-05	-6.970614e-03	3.062084e+00
3.939000e-05	-7.379619e-03	2.904239e+00
3.940000e-05	-3.471255e-03	2.789974e+00
3.941000e-05	-3.039812e-03	2.597546e+00
3.942000e-05	-4.904602e-03	2.389474e+00
3.943000e-05	-6.127986e-03	2.211654e+00
3.944000e-05	-7.003787e-03	2.073737e+00
3.945000e-05	-8.116098e-03	1.927899e+00
3.946000e-05	-6.528923e-03	1.779494e+00
3.947000e-05	-6.544139e-03	1.610549e+00
3.948000e-05	-4.482887e-03	1.430603e+00
3.949000e-05	-3.023234e-03	1.243158e+00
3.950000e-05	-4.383119e-03	1.085283e+00
3.951000e-05	-3.787668e-03	8.641854e-01
3.952000e-05	-7.670193e-03	7.462682e-01
3.953000e-05	-5.348081e-03	5.589174e-01
3.954000e-05	-7.068848e-03	3.584764e-01
3.955000e-05	-4.656987e-03	2.404825e-01
3.956000e-05	-4.370665e-03	4.210277e-02
3.957000e-05	-3.668017e-03	-9.686579e-02
3.958000e-05	3.909408e-03	-2.541816e-01
3.959000e-05	3.701868e-03	-3.811014e-01
3.960000e-05	-1.168261e-04	-5.684513e-01
3.961000e-05	5.248996e-04	-7.893961e-01
3.962000e-05	-1.205403e-03	-9.152619e-01
3.963000e-05	-9.514563e-04	-1.002604e+00
3.964000e-05	3.312411e-03	-1.189950e+00
3.965000e-05	5.019047e-02	-1.380473e+00
3.966000e-05	9.022254e-02	-1.622054e+00
3.967000e-05	-5.366759e-02	-1.874158e+00
3.968000e-05	-1.265759e-02	-2.024638e+00
3.969000e-05	-1.121388e-01	-2.273308e+00
3.970000e-05	2.501897e-02	-2.336872e+00
3.971000e-05	1.179847e-01	-2.391046e+00
3.972000e-05	-1.929821e-01	-2.632128e+00
3.973000e-05	1.220732e-01	-2.768497e+00
3.974000e-05	1.204720e-01	-2.803128e+00
3.975000e-05	-1.998399e-01	-3.178392e+00
3.976000e-05	1.315094e-01	-3.273737e+00
3.977000e-05	1.047968e-02	-3.399978e+00
3.978000e-05	-1.694905e-01	-3.601024e+00
3.979000e-05	1.573286e-01	-3.664207e+00
3.980000e-05	-6.415459e-02	-3.885837e+00
3.981000e-05	2.411781e-02	-4.115738e+00
3.982000e-05	1.220718e-01	-4.159528e+00
3.983000e-05	-1.738594e-01	-4.360528e+00
3.984000e-05	1.149647e-01	-4.477288e+00
3.985000e-05	-3.698805e-02	-4.672809e+00
3.986000e-05	-3.844389e-02	-4.834729e+00
3.987000e-05	1.005733e-01	-4.948549e+00
3.988000e-05	-8.903551e-02	-5.116920e+00
3.989000e-05	1.036754e-01	-5.296811e+00
3.990000e-05	-5.992633e-02	-5.494410e+00
3.991000e-05	1.245952e-02	-5.675207e+00
3.992000e-05	4.637035e-02	-5.757499e+00
3.993000e-05	-1.060558e-01	-5.937445e+00
3.994000e-05	1.356067e-01	-6.042183e+00
3.995000e-05	-6.857061e-02	-6.201729e+00
3.996000e-05	4.049736e-02	-6.381575e+00
3.997000e-05	1.598694e-02	-6.506815e+00
3.998000e-05	-5.749222e-02	-6.644184e+00
3.999000e-05	8.910471e-02	-6.750598e+00
4.000000e-05	-8.099312e-02	-6.929423e+00
4.001000e-05	6.986172e-02	-7.127815e+00
4.002000e-05	-3.576019e-02	-7.223607e+00
4.003000e-05	2.883619e-02	-7.357499e+00
4.004000e-05	2.778084e-02	-7.466307e+00
4.005000e-05	-4.123410e-02	-7.655759e+00
4.006000e-05	5.304348e-02	-7.782146e+00
4.007000e-05	-5.300990e-02	-7.977419e+00
4.008000e-05	5.961165e-02	-8.042282e+00
4.009000e-05	-2.028334e-02	-8.168999e+00
4.010000e-05	1.485707e-02	-8.295365e+00
4.011000e-05	8.813166e-03	-8.319545e+00
4.012000e-05	-6.664045e-03	-8.516836e+00
4.013000e-05	3.717311e-02	-8.622601e+00
4.014000e-05	-2.622520e-02	-8.699443e+00
4.015000e-05	2.615380e-02	-8.834304e+00
4.016000e-05	-1.742936e-02	-8.958395e+00
4.017000e-05	2.886862e-02	-9.023655e+00
4.018000e-05	2.215686e-03	-9.139390e+00
4.019000e-05	5.731416e-03	-9.263207e+00
4.020000e-05	7.550633e-03	-9.320444e+00
4.021000e-05	1.593399e-03	-9.395283e+00
4.022000e-05	1.960681e-02	-9.498494e+00
4.023000e-05	-3.800796e-03	-9.644182e+00
4.024000e-05	1.507535e-02	-9.699466e+00
4.025000e-05	-2.022159e-03	-9.771627e+00
4.026000e-05	2.034779e-02	-9.906337e+00
4.027000e-05	3.598357e-03	-9.928100e+00
4.028000e-05	1.093108e-02	-1.008325e+01
4.029000e-05	3.042330e-04	-1.012039e+01
4.030000e-05	7.846181e-03	-1.021228e+01
4.031000e-05	1.274254e-02	-1.023632e+01
4.032000e-05	8.284034e-03	-1.040963e+01
4.033000e-05	1.057183e-02	-1.045581e+01
4.034000e-05	3.640930e-03	-1.050990e+01
4.035000e-05	1.472784e-02	-1.061160e+01
4.036000e-05	6.933746e-03	-1.066421e+01
4.037000e-05	1.256199e-02	-1.068736e+01
4.038000e-05	3.967494e-03	-1.075052e+01
4.039000e-05	1.219397e-02	-1.078218e+01
4.040000e-05	1.213258e-02	-1.082476e+01
4.041000e-05	1.336300e-02	-1.087802e+01
4.042000e-05	1.014006e-02	-1.094905e+01
4.043000e-05	5.737824e-03	-1.096060e+01
4.044000e-05	1.142281e-02	-1.103426e+01
4.045000e-05	1.265862e-02	-1.103533e+01
4.046000e-05	1.422582e-02	-1.108795e+01
4.047000e-05	1.067482e-02	-1.117962e+01
4.048000e-05	1.355150e-02	-1.120168e+01
4.049000e-05	1.402180e-02	-1.123473e+01
4.050000e-05	1.358596e-02	-1.128549e+01
4.051000e-05	1.124581e-02	-1.126691e+01
4.052000e-05	1.160349e-02	-1.130804e+01
4.053000e-05	1.535968e-02	-1.126804e+01
4.054000e-05	1.785418e-02	-1.139057e+01
4.055000e-05	1.711727e-02	-1.136058e+01
4.056000e-05	1.371126e-02	-1.137220e+01
4.057000e-05	1.590757e-02	-1.138413e+01
4.058000e-05	1.610839e-02	-1.142318e+01
4.059000e-05	1.767807e-02	-1.141323e+01
4.060000e-05	1.681214e-02	-1.141373e+01
4.061000e-05	1.717150e-02	-1.146376e+01
4.062000e-05	2.133642e-02	-1.145426e+01
4.063000e-05	2.171434e-02	-1.141270e+01
4.064000e-05	1.946337e-02	-1.142431e+01
4.065000e-05	1.753748e-02	-1.142428e+01
4.066000e-05	2.116874e-02	-1.140028e+01
4.067000e-05	2.536941e-02	-1.137118e+01
4.068000e-05	2.407625e-02	-1.141113e+01
4.069000e-05	2.256407e-02	-1.136943e+01
4.070000e-05	2.278500e-02	-1.128752e+01
4.071000e-05	2.673165e-02	-1.126786e+01
4.072000e-05	2.823237e-02	-1.123479e+01
4.073000e-05	2.709452e-02	-1.126580e+01
4.074000e-05	2.564722e-02	-1.118218e+01
4.075000e-05	2.762837e-02	-1.115055e+01
4.076000e-05	3.081352e-02	-1.109895e+01
4.077000e-05	3.081589e-02	-1.106389e+01
4.078000e-05	2.989461e-02	-1.101375e+01
4.079000e-05	2.945216e-02	-1.098106e+01
4.080000e-05	3.341672e-02	-1.093799e+01
4.081000e-05	3.689946e-02	-1.085734e+01
4.082000e-05	3.709573e-02	-1.084421e+01
4.083000e-05	3.582914e-02	-1.083060e+01
4.084000e-05	3.713843e-02	-1.076002e+01
4.085000e-05	4.076721e-02	-1.073544e+01
4.086000e-05	4.213818e-02	-1.065529e+01
4.087000e-05	4.280861e-02	-1.060015e+01
4.088000e-05	3.871666e-02	-1.054947e+01
4.089000e-05	4.275960e-02	-1.048536e+01
4.090000e-05	4.063575e-02	-1.040116e+01
4.091000e-05	4.430027e-02	-1.030652e+01
4.092000e-05	3.696268e-02	-1.025229e+01
4.093000e-05	3.790630e-02	-1.015108e+01
4.094000e-05	3.461524e-02	-1.007386e+01
4.095000e-05	3.302752e-02	-9.980674e+00
4.096000e-05	2.672607e-02	-9.907415e+00
4.097000e-05	2.212060e-02	-9.822232e+00
4.098000e-05	2.335338e-02	-9.758999e+00
4.099000e-05	2.395054e-02	-9.675367e+00
4.100000e-05	2.469860e-02	-9.631655e+00
4.101000e-05	2.080349e-02	-9.536414e+00
4.102000e-05	1.810818e-02	-9.393202e+00
4.103000e-05	1.558204e-02	-9.295816e+00
4.104000e-05	1.370500e-02	-9.200152e+00
4.105000e-05	1.180967e-02	-9.074787e+00
4.106000e-05	9.436848e-03	-9.001026e+00
4.107000e-05	1.191262e-02	-8.895788e+00
4.108000e-05	1.384190e-02	-8.810099e+00
4.109000e-05	1.440583e-02	-8.634840e+00
4.110000e-05	9.564104e-03	-8.507952e+00
4.111000e-05	6.457649e-03	-8.432204e+00
4.112000e-05	2.286011e-03	-8.348441e+00
4.113000e-05	4.504944e-03	-8.222632e+00
4.114000e-05	4.350036e-03	-8.115840e+00
4.115000e-05	7.474676e-03	-7.971652e+00
4.116000e-05	6.290477e-03	-7.857309e+00
4.117000e-05	9.745648e-03	-7.704347e+00
4.118000e-05	5.944102e-03	-7.569523e+00
4.119000e-05	5.232371e-03	-7.442734e+00
4.120000e-05	-1.650925e-04	-7.315917e+00
4.121000e-05	-1.177606e-03	-7.160053e+00
4.122000e-05	4.183766e-04	-7.064287e+00
4.123000e-05	1.743294e-03	-6.896896e+00
4.124000e-05	4.835520e-03	-6.790498e+00
4.125000e-05	3.073010e-03	-6.653310e+00
4.126000e-05	3.826121e-03	-6.515916e+00
4.127000e-05	8.299779e-04	-6.420524e+00
4.128000e-05	7.621012e-04	-6.233236e+00
4.129000e-05	-1.572292e-03	-6.083313e+00
4.130000e-05	-2.382356e-03	-5.977420e+00
4.131000e-05	-3.270053e-03	-5.781679e+00
4.132000e-05	6.514048e-04	-5.642783e+00
4.133000e-05	2.389823e-03	-5.515944e+00
4.134000e-05	1.934433e-03	-5.325994e+00
4.135000e-05	-2.086191e-03	-5.137420e+00
4.136000e-05	-3.469521e-03	-4.992076e+00
4.137000e-05	-2.616504e-03	-4.828608e+00
4.138000e-05	-2.890247e-03	-4.631178e+00
4.139000e-05	-2.533264e-03	-4.507313e+00
4.140000e-05	-5.549660e-03	-4.329524e+00
4.141000e-05	-2.487477e-03	-4.241234e+00
4.142000e-05	-2.101526e-03	-4.094840e+00
4.143000e-05	-1.792112e-03	-3.958471e+00
4.144000e-05	-3.688611e-03	-3.748525e+00
4.145000e-05	-5.378663e-03	-3.589575e+00
4.146000e-05	-4.485385e-03	-3.482708e+00
4.147000e-05	-3.860119e-03	-3.285843e+00
4.148000e-05	-4.169775e-03	-3.158396e+00
4.149000e-05	-6.434837e-03	-2.958448e+00
4.150000e-05	-5.327627e-03	-2.779478e+00
4.151000e-05	-5.164691e-03	-2.653234e+00
4.152000e-05	-3.899099e-03	-2.475838e+00
4.153000e-05	-5.442161e-03	-2.357924e+00
4.154000e-05	-5.823143e-03	-2.148494e+00
4.155000e-05	-5.773262e-03	-1.998974e+00
4.156000e-05	-5.424304e-03	-1.832604e+00
4.157000e-05	-6.552158e-03	-1.683761e+00
4.158000e-05	-8.109309e-03	-1.547874e+00
4.159000e-05	-7.975723e-03	-1.301764e+00
4.160000e-05	-5.487217e-03	-1.135769e+00
4.161000e-05	-4.225886e-03	-9.494221e-01
4.162000e-05	-5.341931e-03	-7.995290e-01
4.163000e-05	-6.400772e-03	-6.616354e-01
4.164000e-05	-7.219909e-03	-4.296278e-01
4.165000e-05	-6.448158e-03	-2.623369e-01
4.166000e-05	-7.984668e-03	-1.573897e-01
4.167000e-05	-6.224848e-03	4.055131e-02
4.168000e-05	-1.524976e-03	2.194749e-01
4.169000e-05	-9.673354e-04	3.609972e-01
4.170000e-05	-3.176788e-04	4.852134e-01
4.171000e-05	-1.240161e-03	6.631314e-01
4.172000e-05	-3.558361e-03	7.893962e-01
4.173000e-05	-3.357392e-03	9.988923e-01
4.174000e-05	8.839207e-06	1.159445e+00
4.175000e-05	2.250548e-02	1.338393e+00
4.176000e-05	8.143857e-02	1.548497e+00
4.177000e-05	-9.119327e-03	1.801583e+00
4.178000e-05	-4.425929e-02	1.969420e+00
4.179000e-05	-4.423705e-02	2.116312e+00
4.180000e-05	-9.601048e-02	2.202125e+00
4.181000e-05	6.000345e-02	2.298941e+00
4.182000e-05	4.987989e-02	2.499244e+00
4.183000e-05	-1.753815e-01	2.727388e+00
4.184000e-05	1.698306e-01	2.822030e+00
4.185000e-05	3.603844e-04	3.052630e+00
4.186000e-05	-1.015791e-01	3.178415e+00
4.187000e-05	1.031176e-01	3.253283e+00
4.188000e-05	-7.643903e-02	3.507339e+00
4.189000e-05	-5.613501e-02	3.643127e+00
4.190000e-05	8.784907e-02	3.832101e+00
4.191000e-05	-4.372351e-02	3.990467e+00
4.192000e-05	3.179273e-02	4.095761e+00
4.193000e-05	-2.613134e-03	4.316416e+00
4.194000e-05	-5.622465e-02	4.444159e+00
4.195000e-05	3.562451e-02	4.629125e+00
4.196000e-05	-3.799100e-02	4.748472e+00
4.197000e-05	2.033789e-02	4.907266e+00
4.198000e-05	-2.076232e-02	5.068944e+00
4.199000e-05	1.793245e-02	5.307839e+00
4.200000e-05	4.995097e-03	5.434181e+00
4.201000e-05	-3.613396e-02	5.599021e+00
4.202000e-05	2.420050e-02	5.687818e+00
4.203000e-05	-5.155023e-02	5.917263e+00
4.204000e-05	7.065221e-03	6.024708e+00
4.205000e-05	2.271260e-02	6.201520e+00
4.206000e-05	-1.886687e-02	6.297365e+00
4.207000e-05	6.379838e-03	6.425230e+00
4.208000e-05	-2.261199e-02	6.553051e+00
4.209000e-05	1.326372e-03	6.739496e+00
4.210000e-05	-9.623349e-03	6.885838e+00
4.211000e-05	-1.203409e-02	7.022599e+00
4.212000e-05	-9.226659e-03	7.125919e+00
4.213000e-05	-1.370802e-02	7.294257e+00
4.214000e-05	1.777327e-02	7.393700e+00
4.215000e-05	-1.347425e-02	7.571574e+00
4.216000e-05	-1.099474e-02	7.677869e+00
4.217000e-05	-1.668250e-02	7.856783e+00
4.218000e-05	-1.119010e-02	8.012553e+00
4.219000e-05	5.478185e-04	8.156891e+00
4.220000e-05	-1.465541e-02	8.235206e+00
4.221000e-05	-8.420039e-03	8.348919e+00
4.222000e-05	-1.108165e-02	8.443756e+00
4.223000e-05	2.591860e-03	8.539968e+00
4.224000e-05	-7.956409e-03	8.633679e+00
4.225000e-05	-1.808596e-02	8.677944e+00
4.226000e-05	-1.527016e-02	8.855758e+00
4.227000e-05	-1.150365e-02	8.932971e+00
4.228000e-05	-1.284011e-03	9.014307e+00
4.229000e-05	-1.214606e-02	9.171076e+00
4.230000e-05	-1.345708e-02	9.295781e+00
4.231000e-05	-1.283258e-02	9.339548e+00
4.232000e-05	-6.167343e-03	9.444235e+00
4.233000e-05	-9.376205e-03	9.509468e+00
4.234000e-05	-1.593620e-02	9.584231e+00
4.235000e-05	-1.375670e-02	9.707442e+00
4.236000e-05	-9.884725e-03	9.783201e+00
4.237000e-05	-6.439130e-03	9.886887e+00
4.238000e-05	-1.301259e-02	1.000152e+01
4.239000e-05	-1.732897e-02	1.007584e+01
4.240000e-05	-1.554051e-02	1.015944e+01
4.241000e-05	-8.877380e-03	1.019315e+01
4.242000e-05	-8.807672e-03	1.030531e+01
4.243000e-05	-1.465625e-02	1.035055e+01
4.244000e-05	-1.545534e-02	1.044326e+01
4.245000e-05	-1.345660e-02	1.050842e+01
4.246000e-05	-1.105707e-02	1.054108e+01
4.247000e-05	-1.560350e-02	1.065428e+01
4.248000e-05	-1.807269e-02	1.070734e+01
4.249000e-05	-1.697979e-02	1.076100e+01
4.250000e-05	-1.084236e-02	1.080220e+01
4.251000e-05	-1.043622e-02	1.087533e+01
4.252000e-05	-1.657967e-02	1.090794e+01
4.253000e-05	-1.985479e-02	1.094000e+01
4.254000e-05	-1.937980e-02	1.098210e+01
4.255000e-05	-1.410512e-02	1.101425e+01
4.256000e-05	-1.698393e-02	1.105441e+01
4.257000e-05	-1.811402e-02	1.106787e+01
4.258000e-05	-1.911550e-02	1.112857e+01
4.259000e-05	-1.627344e-02	1.115967e+01
4.260000e-05	-1.570425e-02	1.119163e+01
4.261000e-05	-2.056042e-02	1.115225e+01
4.262000e-05	-2.301617e-02	1.121374e+01
4.263000e-05	-2.290465e-02	1.128626e+01
4.264000e-05	-1.784844e-02	1.126689e+01
4.265000e-05	-1.820489e-02	1.128949e+01
4.266000e-05	-2.049851e-02	1.129549e+01
4.267000e-05	-2.271346e-02	1.132902e+01
4.268000e-05	-2.236591e-02	1.134050e+01
4.269000e-05	-2.180755e-02	1.136057e+01
4.270000e-05	-2.256704e-02	1.134909e+01
4.271000e-05	-2.461564e-02	1.134003e+01
4.272000e-05	-2.755447e-02	1.132208e+01
4.273000e-05	-2.481812e-02	1.137007e+01
4.274000e-05	-2.501674e-02	1.134852e+01
4.275000e-05	-2.632127e-02	1.133905e+01
4.276000e-05	-2.977155e-02	1.129997e+01
4.277000e-05	-2.928679e-02	1.129894e+01
4.278000e-05	-2.968153e-02	1.131894e+01
4.279000e-05	-2.979934e-02	1.127538e+01
4.280000e-05	-3.249902e-02	1.125478e+01
4.281000e-05	-3.343959e-02	1.124373e+01
4.282000e-05	-3.293793e-02	1.119265e+01
4.283000e-05	-3.137406e-02	1.118002e+01
4.284000e-05	-3.314192e-02	1.114792e+01
4.285000e-05	-3.599896e-02	1.109731e+01
4.286000e-05	-3.714170e-02	1.107576e+01
4.287000e-05	-3.626215e-02	1.101253e+01
4.288000e-05	-3.890374e-02	1.097063e+01
4.289000e-05	-3.880227e-02	1.094855e+01
4.290000e-05	-4.361784e-02	1.089642e+01
4.291000e-05	-4.201996e-02	1.085384e+01
4.292000e-05	-4.498964e-02	1.083171e+01
4.293000e-05	-4.329331e-02	1.075902e+01
4.294000e-05	-4.902729e-02	1.064697e+01
4.295000e-05	-4.840805e-02	1.060368e+01
4.296000e-05	-5.130556e-02	1.057052e+01
4.297000e-05	-4.882764e-02	1.052707e+01
4.298000e-05	-4.960319e-02	1.045470e+01
4.299000e-05	-4.963995e-02	1.035959e+01
4.300000e-05	-4.920201e-02	1.028629e+01
4.301000e-05	-4.726472e-02	1.022368e+01
4.302000e-05	-4.456220e-02	1.016952e+01
4.303000e-05	-4.510477e-02	1.007584e+01
4.304000e-05	-4.200702e-02	1.002416e+01
4.305000e-05	-4.106790e-02	9.917515e+00
4.306000e-05	-3.523249e-02	9.833735e+00
4.307000e-05	-3.388340e-02	9.740569e+00
4.308000e-05	-3.138151e-02	9.624260e+00
4.309000e-05	-3.137066e-02	9.558469e+00
4.310000e-05	-2.844172e-02	9.443786e+00
4.311000e-05	-2.729093e-02	9.390052e+00
4.312000e-05	-2.579990e-02	9.285839e+00
4.313000e-05	-2.509020e-02	9.211179e+00
4.314000e-05	-2.301349e-02	9.096812e+00
4.315000e-05	-2.153897e-02	9.002553e+00
4.316000e-05	-2.046910e-02	8.865863e+00
4.317000e-05	-1.955861e-02	8.740045e+00
4.318000e-05	-1.932488e-02	8.635212e+00
4.319000e-05	-1.832058e-02	8.587472e+00
4.320000e-05	-1.758601e-02	8.423185e+00
4.321000e-05	-1.695047e-02	8.388924e+00
4.322000e-05	-1.712600e-02	8.234289e+00
4.323000e-05	-1.676791e-02	8.146516e+00
4.324000e-05	-1.613969e-02	7.991626e+00
4.325000e-05	-1.525889e-02	7.874788e+00
4.326000e-05	-1.404437e-02	7.768043e+00
4.327000e-05	-1.213864e-02	7.643185e+00
4.328000e-05	-1.188297e-02	7.504792e+00
4.329000e-05	-1.314730e-02	7.327915e+00
4.330000e-05	-1.311157e-02	7.200599e+00
4.331000e-05	-1.226217e-02	7.063237e+00
4.332000e-05	-1.202568e-02	6.946969e+00
4.333000e-05	-1.203616e-02	6.813108e+00
4.334000e-05	-1.229452e-02	6.646366e+00
4.335000e-05	-1.071754e-02	6.536870e+00
4.336000e-05	-9.622116e-03	6.400549e+00
4.337000e-05	-1.026966e-02	6.255210e+00
4.338000e-05	-1.030365e-02	6.136969e+00
4.339000e-05	-1.104595e-02	6.011102e+00
4.340000e-05	-1.022430e-02	5.854765e+00
4.341000e-05	-9.958717e-03	5.685238e+00
4.342000e-05	-1.034776e-02	5.538497e+00
4.343000e-05	-9.767464e-03	5.412105e+00
4.344000e-05	-9.310479e-03	5.252158e+00
4.345000e-05	-7.963360e-03	5.073290e+00
4.346000e-05	-8.039270e-03	4.874231e+00
4.347000e-05	-7.841020e-03	4.726320e+00
4.348000e-05	-8.876377e-03	4.571080e+00
4.349000e-05	-8.241920e-03	4.442604e+00
4.350000e-05	-7.459545e-03	4.285317e+00
4.351000e-05	-7.797159e-03	4.054337e+00
4.352000e-05	-7.740796e-03	3.967847e+00
4.353000e-05	-7.813387e-03	3.759574e+00
4.354000e-05	-7.290179e-03	3.653108e+00
4.355000e-05	-6.802596e-03	3.526798e+00
4.356000e-05	-7.307385e-03	3.266790e+00
4.357000e-05	-6.489568e-03	3.169447e+00
4.358000e-05	-6.466453e-03	3.010549e+00
4.359000e-05	-5.890269e-03	2.852182e+00
4.360000e-05	-5.914499e-03	2.756867e+00
4.361000e-05	-6.797593e-03	2.495810e+00
4.362000e-05	-6.353275e-03	2.318370e+00
4.363000e-05	-5.755688e-03	2.229497e+00
4.364000e-05	-6.076145e-03	2.062135e+00
4.365000e-05	-5.820352e-03	1.913766e+00
4.366000e-05	-5.375273e-03	1.768388e+00
4.367000e-05	-6.136557e-03	1.568371e+00
4.368000e-05	-4.577787e-03	1.368947e+00
4.369000e-05	-4.490700e-03	1.210529e+00
4.370000e-05	-5.424046e-03	1.040553e+00
4.371000e-05	-6.191957e-03	8.205251e-01
4.372000e-05	-5.194746e-03	6.331316e-01
4.373000e-05	-4.541376e-03	5.062656e-01
4.374000e-05	-4.279709e-03	3.683961e-01
4.375000e-05	-4.950731e-03	1.368709e-01
4.376000e-05	-4.656028e-03	-1.098750e-03
4.377000e-05	-1.385085e-03	-1.678712e-01
4.378000e-05	5.645155e-03	-3.072919e-01
4.379000e-05	1.796703e-03	-4.210540e-01
4.380000e-05	9.848071e-04	-6.742803e-01
4.381000e-05	-2.456649e-04	-8.005013e-01
4.382000e-05	5.458459e-04	-9.678697e-01
4.383000e-05	-7.383229e-04	-1.056214e+00
4.384000e-05	9.179403e-03	-1.253177e+00
4.385000e-05	8.455657e-02	-1.461634e+00
4.386000e-05	3.312187e-02	-1.704187e+00
4.387000e-05	-4.423390e-02	-1.927838e+00
4.388000e-05	-2.585067e-02	-2.155916e+00
4.389000e-05	-1.243973e-01	-2.316313e+00
4.390000e-05	1.267050e-01	-2.337919e+00
4.391000e-05	2.179888e-02	-2.442730e+00
4.392000e-05	-1.818024e-01	-2.735267e+00
4.393000e-05	2.096626e-01	-2.779500e+00
4.394000e-05	-2.258233e-02	-2.875815e+00
4.395000e-05	-1.474390e-01	-3.201054e+00
4.396000e-05	1.822358e-01	-3.305786e+00
4.397000e-05	-9.827584e-02	-3.465208e+00
4.398000e-05	-7.490319e-02	-3.602578e+00
4.399000e-05	1.509825e-01	-3.666412e+00
4.400000e-05	-1.250229e-01	-3.970571e+00
4.401000e-05	1.283607e-01	-4.138467e+00
4.402000e-05	9.721448e-03	-4.253706e+00
4.403000e-05	-1.244153e-01	-4.421659e+00
4.404000e-05	1.381832e-01	-4.527387e+00
4.405000e-05	-1.168477e-01	-4.696317e+00
4.406000e-05	6.364337e-02	-4.864908e+00
4.407000e-05	2.224705e-02	-5.022101e+00
4.408000e-05	-4.865043e-02	-5.191606e+00
4.409000e-05	1.032816e-01	-5.310018e+00
4.410000e-05	-1.007743e-01	-5.559474e+00
4.411000e-05	8.457864e-02	-5.666288e+00
4.412000e-05	-4.216990e-02	-5.822630e+00
4.413000e-05	-3.174946e-02	-5.970546e+00
4.414000e-05	1.098911e-01	-6.065344e+00
4.415000e-05	-9.612372e-02	-6.295411e+00
4.416000e-05	9.169886e-02	-6.422655e+00
4.417000e-05	-5.708275e-02	-6.558521e+00
4.418000e-05	1.760058e-02	-6.666337e+00
4.419000e-05	4.091924e-02	-6.812676e+00
4.420000e-05	-5.986561e-02	-7.010599e+00
4.421000e-05	7.329491e-02	-7.138443e+00
4.422000e-05	-6.225347e-02	-7.275235e+00
4.423000e-05	7.243136e-02	-7.401151e+00
4.424000e-05	-2.503331e-02	-7.518442e+00
4.425000e-05	2.170288e-03	-7.674861e+00
4.426000e-05	1.955212e-02	-7.833254e+00
4.427000e-05	-3.372649e-02	-7.970521e+00
4.428000e-05	6.195984e-02	-8.086336e+00
4.429000e-05	-3.944611e-02	-8.231078e+00
4.430000e-05	3.973793e-02	-8.256838e+00
4.431000e-05	-1.751316e-02	-8.413133e+00
4.432000e-05	2.361610e-02	-8.530548e+00
4.433000e-05	1.138749e-02	-8.635283e+00
4.434000e-05	-1.542177e-02	-8.812573e+00
4.435000e-05	1.842011e-02	-8.855738e+00
4.436000e-05	-1.453590e-02	-8.990573e+00
4.437000e-05	3.708876e-02	-9.054807e+00
4.438000e-05	-8.756778e-03	-9.161549e+00
4.439000e-05	1.818600e-02	-9.285287e+00
4.440000e-05	-3.845725e-03	-9.311023e+00
4.441000e-05	1.217754e-02	-9.444784e+00
4.442000e-05	1.003811e-02	-9.549524e+00
4.443000e-05	2.074189e-03	-9.665811e+00
4.444000e-05	8.364508e-03	-9.718519e+00
4.445000e-05	1.541922e-03	-9.803178e+00
4.446000e-05	2.261226e-02	-9.895863e+00
4.447000e-05	3.040927e-03	-9.941548e+00
4.448000e-05	1.147588e-02	-1.005444e+01
4.449000e-05	-4.981141e-03	-1.014012e+01
4.450000e-05	1.554085e-02	-1.021431e+01
4.451000e-05	1.070595e-02	-1.030834e+01
4.452000e-05	1.257526e-02	-1.040271e+01
4.453000e-05	5.217967e-03	-1.047589e+01
4.454000e-05	6.837691e-03	-1.053002e+01
4.455000e-05	1.426168e-02	-1.057263e+01
4.456000e-05	8.781506e-03	-1.064426e+01
4.457000e-05	1.010928e-02	-1.073736e+01
4.458000e-05	2.958112e-03	-1.079052e+01
4.459000e-05	1.661799e-02	-1.084118e+01
4.460000e-05	1.362291e-02	-1.089491e+01
4.461000e-05	1.361005e-02	-1.087787e+01
4.462000e-05	5.480268e-03	-1.099060e+01
4.463000e-05	7.332754e-03	-1.099215e+01
4.464000e-05	1.287850e-02	-1.104273e+01
4.465000e-05	1.455260e-02	-1.109894e+01
4.466000e-05	1.214300e-02	-1.112892e+01
4.467000e-05	9.328758e-03	-1.114163e+01
4.468000e-05	1.431970e-02	-1.123372e+01
4.469000e-05	1.571344e-02	-1.123371e+01
4.470000e-05	1.404122e-02	-1.126531e+01
4.471000e-05	9.928434e-03	-1.130742e+01
4.472000e-05	1.178139e-02	-1.126802e+01
4.473000e-05	1.572038e-02	-1.132999e+01
4.474000e-05	1.784674e-02	-1.133160e+01
4.475000e-05	1.608007e-02	-1.137163e+01
4.476000e-05	1.318076e-02	-1.139265e+01
4.477000e-05	1.531125e-02	-1.142420e+01
4.478000e-05	1.729846e-02	-1.144171e+01
4.479000e-05	1.805371e-02	-1.141278e+01
4.480000e-05	1.575701e-02	-1.140329e+01
4.481000e-05	1.625091e-02	-1.141283e+01
4.482000e-05	1.974225e-02	-1.148686e+01
4.483000e-05	2.106176e-02	-1.145228e+01
4.484000e-05	2.077928e-02	-1.144476e+01
4.485000e-05	1.791650e-02	-1.144463e+01
4.486000e-05	2.049571e-02	-1.137278e+01
4.487000e-05	2.263247e-02	-1.142227e+01
4.488000e-05	2.425838e-02	-1.138853e+01
4.489000e-05	2.381386e-02	-1.133807e+01
4.490000e-05	2.351521e-02	-1.128639e+01
4.491000e-05	2.592311e-02	-1.130937e+01
4.492000e-05	2.688481e-02	-1.121291e+01
4.493000e-05	2.653083e-02	-1.121476e+01
4.494000e-05	2.503673e-02	-1.117115e+01
4.495000e-05	2.612947e-02	-1.111752e+01
4.496000e-05	2.961913e-02	-1.110547e+01
4.497000e-05	3.180997e-02	-1.106519e+01
4.498000e-05	3.186804e-02	-1.099370e+01
4.499000e-05	3.164072e-02	-1.096057e+01
4.500000e-05	3.399004e-02	-1.095852e+01
4.501000e-05	3.623735e-02	-1.086589e+01
4.502000e-05	3.677121e-02	-1.084323e+01
4.503000e-05	3.618776e-02	-1.079160e+01
4.504000e-05	3.697021e-02	-1.073905e+01
4.505000e-05	4.081978e-02	-1.065632e+01
4.506000e-05	4.285657e-02	-1.064423e+01
4.507000e-05	4.267493e-02	-1.056207e+01
4.508000e-05	4.199673e-02	-1.050700e+01
4.509000e-05	4.212683e-02	-1.048579e+01
4.510000e-05	4.208392e-02	-1.039015e+01
4.511000e-05	4.113441e-02	-1.030701e+01
4.512000e-05	3.766209e-02	-1.018323e+01
4.513000e-05	3.497750e-02	-1.011752e+01
4.514000e-05	3.365679e-02	-1.006431e+01
4.515000e-05	3.249376e-02	-9.939119e+00
4.516000e-05	2.919767e-02	-9.906391e+00
4.517000e-05	2.585314e-02	-9.812179e+00
4.518000e-05	2.390629e-02	-9.778996e+00
4.519000e-05	2.272519e-02	-9.665762e+00
4.520000e-05	2.177972e-02	-9.560026e+00
4.521000e-05	1.858944e-02	-9.444837e+00
4.522000e-05	1.751769e-02	-9.390149e+00
4.523000e-05	1.543008e-02	-9.265815e+00
4.524000e-05	1.555677e-02	-9.150049e+00
4.525000e-05	1.332951e-02	-9.024759e+00
4.526000e-05	1.074880e-02	-8.968069e+00
4.527000e-05	1.109807e-02	-8.844237e+00
4.528000e-05	1.158158e-02	-8.769049e+00
4.529000e-05	1.047550e-02	-8.613232e+00
4.530000e-05	1.054296e-02	-8.508445e+00
4.531000e-05	1.007452e-02	-8.410126e+00
4.532000e-05	5.113984e-03	-8.285340e+00
4.533000e-05	4.780992e-03	-8.171152e+00
4.534000e-05	5.524435e-03	-8.063761e+00
4.535000e-05	7.944301e-03	-7.919424e+00
4.536000e-05	4.595649e-03	-7.823682e+00
4.537000e-05	4.660373e-03	-7.673857e+00
4.538000e-05	4.511200e-03	-7.527372e+00
4.539000e-05	4.655738e-03	-7.430123e+00
4.540000e-05	2.468473e-03	-7.294786e+00
4.541000e-05	1.455036e-04	-7.177421e+00
4.542000e-05	1.160680e-03	-6.989630e+00
4.543000e-05	2.557025e-03	-6.873282e+00
4.544000e-05	4.098338e-03	-6.726419e+00
4.545000e-05	1.416437e-03	-6.612152e+00
4.546000e-05	7.672689e-04	-6.474737e+00
4.547000e-05	6.773074e-04	-6.398420e+00
4.548000e-05	1.266543e-03	-6.191107e+00
4.549000e-05	-3.608029e-04	-6.053179e+00
4.550000e-05	-1.789642e-03	-5.934340e+00
4.551000e-05	-2.105338e-03	-5.750026e+00
4.552000e-05	-2.809070e-04	-5.620655e+00
4.553000e-05	5.281784e-04	-5.494286e+00
4.554000e-05	-2.414425e-03	-5.273818e+00
4.555000e-05	-4.256562e-03	-5.115841e+00
4.556000e-05	-2.873118e-03	-4.936446e+00
4.557000e-05	-1.394653e-03	-4.726968e+00
4.558000e-05	-2.451596e-03	-4.601001e+00
4.559000e-05	-3.647000e-03	-4.443234e+00
4.560000e-05	-4.896163e-03	-4.345918e+00
4.561000e-05	-1.164604e-03	-4.220577e+00
4.562000e-05	-2.656445e-03	-4.051187e+00
4.563000e-05	-3.679676e-03	-3.935771e+00
4.564000e-05	-4.480484e-03	-3.705862e+00
4.565000e-05	-4.598983e-03	-3.547971e+00
4.566000e-05	-3.918972e-03	-3.412103e+00
4.567000e-05	-4.133195e-03	-3.262187e+00
4.568000e-05	-5.221499e-03	-3.106795e+00
4.569000e-05	-4.974466e-03	-2.883361e+00
4.570000e-05	-4.036207e-03	-2.757447e+00
4.571000e-05	-4.126045e-03	-2.600550e+00
4.572000e-05	-4.410921e-03	-2.440658e+00
4.573000e-05	-5.981754e-03	-2.304788e+00
4.574000e-05	-5.377445e-03	-2.093285e+00
4.575000e-05	-5.195871e-03	-1.928924e+00
4.576000e-05	-5.599298e-03	-1.788001e+00
4.577000e-05	-6.101757e-03	-1.652506e+00
4.578000e-05	-6.094391e-03	-1.483189e+00
4.579000e-05	-5.203354e-03	-1.241075e+00
4.580000e-05	-4.550632e-03	-1.082208e+00
4.581000e-05	-5.084056e-03	-9.242908e-01
4.582000e-05	-6.657858e-03	-7.994987e-01
4.583000e-05	-5.548838e-03	-5.680235e-01
4.584000e-05	-6.448338e-03	-4.295264e-01
4.585000e-05	-6.737810e-03	-2.516540e-01
4.586000e-05	-8.171121e-03	-7.376690e-02
4.587000e-05	-4.600411e-03	5.168045e-02
4.588000e-05	1.283622e-03	2.632029e-01
4.589000e-05	-2.701655e-03	4.110488e-01
4.590000e-05	8.468090e-04	5.288461e-01
4.591000e-05	-1.973683e-03	6.952357e-01
4.592000e-05	-1.892228e-03	8.021266e-01
4.593000e-05	-2.590186e-03	1.084230e+00
4.594000e-05	4.474423e-03	1.202053e+00
4.595000e-05	3.923173e-02	1.410997e+00
4.596000e-05	7.333502e-02	1.644711e+00
4.597000e-05	-3.933991e-02	1.843710e+00
4.598000e-05	-3.543131e-02	2.011575e+00
4.599000e-05	-6.317988e-02	2.158942e+00
4.600000e-05	-7.346591e-02	2.232629e+00
4.601000e-05	1.155716e-01	2.379575e+00
4.602000e-05	-5.282936e-02	2.601500e+00
4.603000e-05	-1.040968e-01	2.728965e+00
4.604000e-05	1.918584e-01	2.894259e+00
4.605000e-05	-8.964475e-02	3.105736e+00
4.606000e-05	-3.410255e-02	3.170001e+00
4.607000e-05	8.570388e-02	3.317947e+00
4.608000e-05	-1.183995e-01	3.577944e+00
4.609000e-05	1.146835e-02	3.694712e+00
4.610000e-05	5.705463e-02	3.843183e+00
4.611000e-05	-4.405834e-02	3.990526e+00
4.612000e-05	5.458085e-02	4.137396e+00
4.613000e-05	-5.004288e-02	4.350025e+00
4.614000e-05	-1.474035e-02	4.465261e+00
4.615000e-05	1.253301e-02	4.643662e+00
4.616000e-05	-3.033931e-02	4.802032e+00
4.617000e-05	1.988161e-02	4.992525e+00
4.618000e-05	-2.374757e-02	5.212024e+00
4.619000e-05	2.530923e-02	5.339417e+00
4.620000e-05	-1.776568e-02	5.485361e+00
4.621000e-05	-1.430621e-02	5.592103e+00
4.622000e-05	1.180965e-02	5.759446e+00
4.623000e-05	-5.636889e-02	5.949469e+00
4.624000e-05	3.062468e-02	6.066286e+00
4.625000e-05	2.272114e-04	6.202577e+00
4.626000e-05	-1.214905e-02	6.358994e+00
4.627000e-05	1.006883e-03	6.476809e+00
4.628000e-05	-2.547081e-02	6.614158e+00
4.629000e-05	1.011913e-02	6.811127e+00
4.630000e-05	-2.077821e-02	6.917394e+00
4.631000e-05	-7.113054e-04	7.055232e+00
4.632000e-05	-2.115523e-02	7.159019e+00
4.633000e-05	8.373183e-04	7.309469e+00
4.634000e-05	1.074740e-02	7.464754e+00
4.635000e-05	-1.824139e-02	7.614179e+00
4.636000e-05	-1.001241e-02	7.749470e+00
4.637000e-05	-2.227205e-02	7.919467e+00
4.638000e-05	5.546736e-05	8.034207e+00
4.639000e-05	-3.514475e-03	8.131024e+00
4.640000e-05	-8.117255e-03	8.264236e+00
4.641000e-05	-1.123564e-02	8.359547e+00
4.642000e-05	-8.058242e-03	8.475789e+00
4.643000e-05	1.595466e-03	8.570549e+00
4.644000e-05	-1.298325e-02	8.644683e+00
4.645000e-05	-1.787556e-02	8.747495e+00
4.646000e-05	-1.700877e-02	8.866939e+00
4.647000e-05	-4.124964e-03	8.962126e+00
4.648000e-05	-2.142158e-03	9.055832e+00
4.649000e-05	-1.047532e-02	9.162150e+00
4.650000e-05	-1.506375e-02	9.277940e+00
4.651000e-05	-1.143602e-02	9.350548e+00
4.652000e-05	-6.501497e-03	9.445837e+00
4.653000e-05	-1.084544e-02	9.549969e+00
4.654000e-05	-1.460546e-02	9.603734e+00
4.655000e-05	-1.360682e-02	9.729520e+00
4.656000e-05	-7.091705e-03	9.813153e+00
4.657000e-05	-6.871184e-03	9.918970e+00
4.658000e-05	-1.384127e-02	1.000171e+01
4.659000e-05	-1.916585e-02	1.011836e+01
4.660000e-05	-1.426508e-02	1.018005e+01
4.661000e-05	-9.031034e-03	1.023320e+01
4.662000e-05	-9.349702e-03	1.028536e+01
4.663000e-05	-1.617008e-02	1.037157e+01
4.664000e-05	-1.521415e-02	1.045434e+01
4.665000e-05	-1.321923e-02	1.052797e+01
4.666000e-05	-1.232969e-02	1.053198e+01
4.667000e-05	-1.690318e-02	1.064568e+01
4.668000e-05	-1.966391e-02	1.072789e+01
4.669000e-05	-1.392327e-02	1.078213e+01
4.670000e-05	-1.053260e-02	1.083176e+01
4.671000e-05	-1.212129e-02	1.086689e+01
4.672000e-05	-1.897431e-02	1.091852e+01
4.673000e-05	-2.020347e-02	1.096062e+01
4.674000e-05	-1.798466e-02	1.100373e+01
4.675000e-05	-1.481504e-02	1.101421e+01
4.676000e-05	-1.862794e-02	1.104329e+01
4.677000e-05	-1.931460e-02	1.112584e+01
4.678000e-05	-1.902469e-02	1.112006e+01
4.679000e-05	-1.629798e-02	1.113255e+01
4.680000e-05	-1.777067e-02	1.120110e+01
4.681000e-05	-2.165749e-02	1.119428e+01
4.682000e-05	-2.235577e-02	1.127378e+01
4.683000e-05	-2.074780e-02	1.122586e+01
4.684000e-05	-1.839434e-02	1.130846e+01
4.685000e-05	-2.030474e-02	1.129847e+01
4.686000e-05	-2.308726e-02	1.127802e+01
4.687000e-05	-2.444752e-02	1.132101e+01
4.688000e-05	-2.302463e-02	1.132945e+01
4.689000e-05	-2.203287e-02	1.133855e+01
4.690000e-05	-2.310772e-02	1.134162e+01
4.691000e-05	-2.543961e-02	1.136152e+01
4.692000e-05	-2.619832e-02	1.135112e+01
4.693000e-05	-2.450453e-02	1.132002e+01
4.694000e-05	-2.595917e-02	1.136005e+01
4.695000e-05	-2.858366e-02	1.134007e+01
4.696000e-05	-3.005511e-02	1.132850e+01
4.697000e-05	-2.937718e-02	1.131847e+01
4.698000e-05	-2.897406e-02	1.127851e+01
4.699000e-05	-2.881641e-02	1.127637e+01
4.700000e-05	-3.208074e-02	1.125486e+01
4.701000e-05	-3.305898e-02	1.123273e+01
4.702000e-05	-3.209033e-02	1.121062e+01
4.703000e-05	-3.142196e-02	1.114955e+01
4.704000e-05	-3.217511e-02	1.111901e+01
4.705000e-05	-3.791248e-02	1.107584e+01
4.706000e-05	-3.825207e-02	1.103524e+01
4.707000e-05	-3.769146e-02	1.101373e+01
4.708000e-05	-3.866159e-02	1.098055e+01
4.709000e-05	-3.962221e-02	1.093948e+01
4.710000e-05	-4.286239e-02	1.086839e+01
4.711000e-05	-4.037201e-02	1.086626e+01
4.712000e-05	-4.340848e-02	1.081118e+01
4.713000e-05	-4.498793e-02	1.075997e+01
4.714000e-05	-4.913284e-02	1.067691e+01
4.715000e-05	-4.803167e-02	1.061311e+01
4.716000e-05	-4.991228e-02	1.055052e+01
4.717000e-05	-4.894466e-02	1.049642e+01
4.718000e-05	-5.044298e-02	1.042271e+01
4.719000e-05	-5.086564e-02	1.035895e+01
4.720000e-05	-4.884817e-02	1.026529e+01
4.721000e-05	-4.653466e-02	1.019316e+01
4.722000e-05	-4.394497e-02	1.014742e+01
4.723000e-05	-4.311381e-02	1.009686e+01
4.724000e-05	-4.058282e-02	9.981055e+00
4.725000e-05	-3.953967e-02	9.875992e+00
4.726000e-05	-3.523989e-02	9.793182e+00
4.727000e-05	-3.438941e-02	9.696944e+00
4.728000e-05	-3.146287e-02	9.603725e+00
4.729000e-05	-3.071616e-02	9.558995e+00
4.730000e-05	-2.806037e-02	9.424282e+00
4.731000e-05	-2.567689e-02	9.379527e+00
4.732000e-05	-2.528477e-02	9.274307e+00
4.733000e-05	-2.375452e-02	9.210599e+00
4.734000e-05	-2.275765e-02	9.044262e+00
4.735000e-05	-2.183271e-02	8.929999e+00
4.736000e-05	-2.084773e-02	8.851783e+00
4.737000e-05	-2.056475e-02	8.739893e+00
4.738000e-05	-2.058453e-02	8.632206e+00
4.739000e-05	-1.853500e-02	8.537894e+00
4.740000e-05	-1.747089e-02	8.452131e+00
4.741000e-05	-1.714256e-02	8.338390e+00
4.742000e-05	-1.730135e-02	8.211605e+00
4.743000e-05	-1.589582e-02	8.047311e+00
4.744000e-05	-1.514950e-02	7.959499e+00
4.745000e-05	-1.460730e-02	7.874734e+00
4.746000e-05	-1.480218e-02	7.707392e+00
4.747000e-05	-1.410285e-02	7.581579e+00
4.748000e-05	-1.289559e-02	7.423211e+00
4.749000e-05	-1.217797e-02	7.285811e+00
4.750000e-05	-1.283848e-02	7.139495e+00
4.751000e-05	-1.294415e-02	7.001657e+00
4.752000e-05	-1.212257e-02	6.866740e+00
4.753000e-05	-1.175059e-02	6.810548e+00
4.754000e-05	-1.138404e-02	6.633183e+00
4.755000e-05	-1.158129e-02	6.495311e+00
4.756000e-05	-1.051002e-02	6.328421e+00
4.757000e-05	-1.068350e-02	6.201129e+00
4.758000e-05	-1.028975e-02	6.114413e+00
4.759000e-05	-1.081945e-02	6.010524e+00
4.760000e-05	-9.856089e-03	5.833207e+00
4.761000e-05	-9.361057e-03	5.661706e+00
4.762000e-05	-8.998071e-03	5.486841e+00
4.763000e-05	-7.941099e-03	5.339945e+00
4.764000e-05	-8.301094e-03	5.181052e+00
4.765000e-05	-9.865587e-03	5.021658e+00
4.766000e-05	-8.696513e-03	4.831678e+00
4.767000e-05	-7.491052e-03	4.654714e+00
4.768000e-05	-7.455406e-03	4.546318e+00
4.769000e-05	-8.428302e-03	4.430553e+00
4.770000e-05	-8.948950e-03	4.232081e+00
4.771000e-05	-7.394383e-03	4.083157e+00
4.772000e-05	-5.823080e-03	3.916292e+00
4.773000e-05	-6.275102e-03	3.767394e+00
4.774000e-05	-7.921842e-03	3.631605e+00
4.775000e-05	-6.951317e-03	3.453659e+00
4.776000e-05	-6.293596e-03	3.272132e+00
4.777000e-05	-4.934770e-03	3.104295e+00
4.778000e-05	-6.031132e-03	2.968519e+00
4.779000e-05	-6.389612e-03	2.841578e+00
4.780000e-05	-6.703421e-03	2.684709e+00
4.781000e-05	-5.277173e-03	2.492657e+00
4.782000e-05	-5.721428e-03	2.303240e+00
4.783000e-05	-6.114075e-03	2.127892e+00
4.784000e-05	-7.022265e-03	2.020551e+00
4.785000e-05	-4.790486e-03	1.853632e+00
4.786000e-05	-3.997380e-03	1.694705e+00
4.787000e-05	-5.967211e-03	1.504293e+00
4.788000e-05	-7.102934e-03	1.357342e+00
4.789000e-05	-6.365605e-03	1.158271e+00
4.790000e-05	-4.445218e-03	9.054184e-01
4.791000e-05	-3.643846e-03	7.678988e-01
4.792000e-05	-4.860323e-03	6.510753e-01
4.793000e-05	-5.034197e-03	4.526603e-01
4.794000e-05	-4.013166e-03	2.847145e-01
4.795000e-05	-3.310857e-03	4.326554e-02
4.796000e-05	-5.629560e-03	-4.115658e-02
4.797000e-05	-9.675570e-04	-2.105512e-01
4.798000e-05	2.792650e-03	-3.394435e-01
4.799000e-05	3.115002e-04	-4.732343e-01
4.800000e-05	3.611588e-03	-6.972857e-01
4.801000e-05	-1.168398e-03	-8.426291e-01
4.802000e-05	4.568660e-04	-9.694987e-01
4.803000e-05	-5.600151e-04	-1.159016e+00
4.804000e-05	2.046273e-02	-1.285388e+00
4.805000e-05	1.099246e-01	-1.536417e+00
4.806000e-05	-2.346778e-02	-1.778495e+00
4.807000e-05	-2.639453e-02	-1.990476e+00
4.808000e-05	-5.883883e-02	-2.167526e+00
4.809000e-05	-9.076546e-02	-2.326865e+00
4.810000e-05	1.704372e-01	-2.357947e+00
4.811000e-05	-8.858643e-02	-2.538316e+00
4.812000e-05	-8.678675e-02	-2.748448e+00
4.813000e-05	2.054367e-01	-2.799026e+00
4.814000e-05	-1.479043e-01	-3.001053e+00
4.815000e-05	-3.336802e-02	-3.233080e+00
4.816000e-05	1.451431e-01	-3.306413e+00
4.817000e-05	-1.732499e-01	-3.518340e+00
4.818000e-05	4.851661e-02	-3.622679e+00
4.819000e-05	7.589561e-02	-3.748600e+00
4.820000e-05	-1.045800e-01	-4.044230e+00
4.821000e-05	1.753588e-01	-4.127964e+00
4.822000e-05	-1.067064e-01	-4.316362e+00
4.823000e-05	-1.414786e-02	-4.444712e+00
4.824000e-05	9.120069e-02	-4.568497e+00
4.825000e-05	-1.305827e-01	-4.752026e+00
4.826000e-05	1.241511e-01	-4.896942e+00
4.827000e-05	-5.429750e-02	-5.044661e+00
4.828000e-05	2.472775e-02	-5.223708e+00
4.829000e-05	4.453082e-02	-5.411976e+00
4.830000e-05	-8.411979e-02	-5.582104e+00
4.831000e-05	1.067748e-01	-5.727916e+00
4.832000e-05	-1.090990e-01	-5.845284e+00
4.833000e-05	6.407857e-02	-6.001079e+00
4.834000e-05	3.505374e-02	-6.125941e+00
4.835000e-05	-5.770780e-02	-6.307469e+00
4.836000e-05	9.261087e-02	-6.434733e+00
4.837000e-05	-9.443636e-02	-6.601153e+00
4.838000e-05	7.862872e-02	-6.747992e+00
4.839000e-05	-2.893905e-02	-6.804737e+00
4.840000e-05	2.898551e-04	-6.985132e+00
4.841000e-05	3.557889e-02	-7.199045e+00
4.842000e-05	-4.235848e-02	-7.286964e+00
4.843000e-05	7.826557e-02	-7.442707e+00
4.844000e-05	-5.704955e-02	-7.559148e+00
4.845000e-05	4.486061e-02	-7.727467e+00
4.846000e-05	-2.422868e-02	-7.866308e+00
4.847000e-05	1.029570e-02	-8.033180e+00
4.848000e-05	3.046331e-02	-8.078415e+00
4.849000e-05	-2.845483e-02	-8.243754e+00
4.850000e-05	4.081204e-02	-8.306441e+00
4.851000e-05	-2.704844e-02	-8.412811e+00
4.852000e-05	4.433273e-02	-8.620100e+00
4.853000e-05	-1.379554e-02	-8.665340e+00
4.854000e-05	7.909686e-03	-8.823177e+00
4.855000e-05	2.170194e-03	-8.896969e+00
4.856000e-05	1.279022e-03	-8.993025e+00
4.857000e-05	2.702602e-02	-9.085840e+00
4.858000e-05	-9.960887e-03	-9.221650e+00
4.859000e-05	1.965310e-02	-9.294387e+00
4.860000e-05	-7.377794e-03	-9.362101e+00
4.861000e-05	2.162373e-02	-9.476936e+00
4.862000e-05	-1.703770e-03	-9.611203e+00
4.863000e-05	9.160037e-03	-9.696916e+00
4.864000e-05	2.601535e-03	-9.751524e+00
4.865000e-05	1.160241e-02	-9.855307e+00
4.866000e-05	1.540656e-02	-9.906965e+00
4.867000e-05	4.000269e-03	-1.003163e+01
4.868000e-05	7.660702e-03	-1.008634e+01
4.869000e-05	-1.392158e-03	-1.014115e+01
4.870000e-05	1.662190e-02	-1.022534e+01
4.871000e-05	5.512501e-03	-1.034805e+01
4.872000e-05	1.284237e-02	-1.042281e+01
4.873000e-05	4.372800e-03	-1.047642e+01
4.874000e-05	1.241799e-02	-1.058155e+01
4.875000e-05	9.579855e-03	-1.064266e+01
4.876000e-05	8.463436e-03	-1.064689e+01
4.877000e-05	6.866252e-03	-1.073797e+01
4.878000e-05	6.213363e-03	-1.079163e+01
4.879000e-05	1.524162e-02	-1.084330e+01
4.880000e-05	1.035007e-02	-1.087639e+01
4.881000e-05	1.294456e-02	-1.092997e+01
4.882000e-05	5.855528e-03	-1.094023e+01
4.883000e-05	1.131364e-02	-1.100368e+01
4.884000e-05	1.232999e-02	-1.102336e+01
4.885000e-05	1.374555e-02	-1.110804e+01
4.886000e-05	1.060874e-02	-1.114954e+01
4.887000e-05	1.084759e-02	-1.118116e+01
4.888000e-05	1.350472e-02	-1.119168e+01
4.889000e-05	1.437744e-02	-1.124423e+01
4.890000e-05	1.269229e-02	-1.124634e+01
4.891000e-05	1.050255e-02	-1.127587e+01
4.892000e-05	1.256013e-02	-1.130854e+01
4.893000e-05	1.623646e-02	-1.134105e+01
4.894000e-05	1.799011e-02	-1.134970e+01
4.895000e-05	1.436775e-02	-1.138468e+01
4.896000e-05	1.386045e-02	-1.138165e+01
4.897000e-05	1.568477e-02	-1.141423e+01
4.898000e-05	1.766649e-02	-1.140373e+01
4.899000e-05	1.805242e-02	-1.144481e+01
4.900000e-05	1.649497e-02	-1.140528e+01
4.901000e-05	1.900140e-02	-1.143436e+01
4.902000e-05	2.114500e-02	-1.144431e+01
4.903000e-05	2.050692e-02	-1.144531e+01
4.904000e-05	1.961317e-02	-1.138468e+01
4.905000e-05	1.883855e-02	-1.136176e+01
4.906000e-05	2.179445e-02	-1.133113e+01
4.907000e-05	2.493412e-02	-1.137162e+01
4.908000e-05	2.391242e-02	-1.142007e+01
4.909000e-05	2.320632e-02	-1.136104e+01
4.910000e-05	2.474583e-02	-1.123594e+01
4.911000e-05	2.685763e-02	-1.126541e+01
4.912000e-05	2.669801e-02	-1.125526e+01
4.913000e-05	2.665157e-02	-1.115271e+01
4.914000e-05	2.702592e-02	-1.118113e+01
4.915000e-05	2.997173e-02	-1.113562e+01
4.916000e-05	3.194582e-02	-1.108701e+01
4.917000e-05	3.058226e-02	-1.103476e+01
4.918000e-05	3.091740e-02	-1.101168e+01
4.919000e-05	3.240000e-02	-1.094908e+01
4.920000e-05	3.532771e-02	-1.091787e+01
4.921000e-05	3.515179e-02	-1.086484e+01
4.922000e-05	3.622969e-02	-1.084316e+01
4.923000e-05	3.665660e-02	-1.077868e+01
4.924000e-05	3.892439e-02	-1.073697e+01
4.925000e-05	4.322056e-02	-1.067484e+01
4.926000e-05	3.945938e-02	-1.060316e+01
4.927000e-05	4.394958e-02	-1.053108e+01
4.928000e-05	4.016455e-02	-1.050491e+01
4.929000e-05	4.639666e-02	-1.046471e+01
4.930000e-05	4.126429e-02	-1.034905e+01
4.931000e-05	4.143222e-02	-1.027541e+01
4.932000e-05	3.517331e-02	-1.018110e+01
4.933000e-05	3.448733e-02	-1.008647e+01
4.934000e-05	3.130551e-02	-1.004220e+01
4.935000e-05	3.039980e-02	-9.969097e+00
4.936000e-05	2.684706e-02	-9.875813e+00
4.937000e-05	2.796928e-02	-9.809554e+00
4.938000e-05	2.637165e-02	-9.697342e+00
4.939000e-05	2.325633e-02	-9.644206e+00
4.940000e-05	1.977613e-02	-9.578022e+00
4.941000e-05	1.484219e-02	-9.444310e+00
4.942000e-05	1.473132e-02	-9.339503e+00
4.943000e-05	1.208834e-02	-9.232756e+00
4.944000e-05	1.598679e-02	-9.107442e+00
4.945000e-05	1.316087e-02	-9.045208e+00
4.946000e-05	1.397297e-02	-8.916969e+00
4.947000e-05	1.156075e-02	-8.822659e+00
4.948000e-05	1.258489e-02	-8.716418e+00
4.949000e-05	9.154682e-03	-8.581082e+00
4.950000e-05	6.277125e-03	-8.456238e+00
4.951000e-05	3.308146e-03	-8.368919e+00
4.952000e-05	5.794922e-03	-8.223736e+00
4.953000e-05	7.329636e-03	-8.147900e+00
4.954000e-05	6.674900e-03	-8.033756e+00
4.955000e-05	5.710572e-03	-7.926994e+00
4.956000e-05	6.158732e-03	-7.779500e+00
4.957000e-05	6.600423e-03	-7.611702e+00
4.958000e-05	5.125097e-03	-7.504841e+00
4.959000e-05	9.989594e-04	-7.379099e+00
4.960000e-05	2.380638e-04	-7.251711e+00
4.961000e-05	8.922345e-04	-7.137867e+00
4.962000e-05	3.155808e-03	-6.960149e+00
4.963000e-05	2.791244e-03	-6.812077e+00
4.964000e-05	3.143050e-03	-6.724840e+00
4.965000e-05	2.827456e-03	-6.549075e+00
4.966000e-05	2.513566e-03	-6.451729e+00
4.967000e-05	1.340651e-03	-6.306869e+00
4.968000e-05	-1.126060e-03	-6.175399e+00
4.969000e-05	-1.848345e-03	-6.030551e+00
4.970000e-05	-3.394061e-03	-5.844211e+00
4.971000e-05	-1.375970e-04	-5.726316e+00
4.972000e-05	2.083737e-03	-5.580553e+00
4.973000e-05	6.134587e-04	-5.400659e+00
4.974000e-05	-1.753856e-03	-5.202106e+00
4.975000e-05	-1.743828e-03	-5.043737e+00
4.976000e-05	-8.454942e-04	-4.886771e+00
4.977000e-05	-1.230704e-03	-4.631204e+00
4.978000e-05	-3.607371e-03	-4.568526e+00
4.979000e-05	-4.329426e-03	-4.430580e+00
4.980000e-05	-3.873507e-03	-4.276262e+00
4.981000e-05	-1.540330e-03	-4.159999e+00
4.982000e-05	-2.926872e-03	-4.041628e+00
4.983000e-05	-3.507505e-03	-3.883163e+00
4.984000e-05	-2.852513e-03	-3.693154e+00
4.985000e-05	-3.520926e-03	-3.515919e+00
4.986000e-05	-3.458405e-03	-3.400051e+00
4.987000e-05	-5.097492e-03	-3.219582e+00
4.988000e-05	-6.815476e-03	-3.072663e+00
4.989000e-05	-5.755810e-03	-2.851207e+00
4.990000e-05	-3.617844e-03	-2.735841e+00
4.991000e-05	-4.340656e-03	-2.537847e+00
4.992000e-05	-4.989491e-03	-2.420503e+00
4.993000e-05	-5.749885e-03	-2.231659e+00
4.994000e-05	-5.173587e-03	-2.060680e+00
4.995000e-05	-5.218932e-03	-1.905266e+00
4.996000e-05	-5.817816e-03	-1.737895e+00
4.997000e-05	-7.412566e-03	-1.570475e+00
4.998000e-05	-7.133532e-03	-1.378023e+00
4.999000e-05	-6.255944e-03	-1.209496e+00
