# 260826_12:20:37.915463
t	CH1	CH2
0.000000e+00	-4.665416e-02	1.560801e+01
1.000000e-08	-4.784855e-02	1.554539e+01
2.000000e-08	-4.976181e-02	1.549468e+01
3.000000e-08	-4.918305e-02	1.543265e+01
4.000000e-08	-5.252957e-02	1.538994e+01
5.000000e-08	-5.575060e-02	1.533473e+01
6.000000e-08	-5.751296e-02	1.523170e+01
7.000000e-08	-6.104134e-02	1.521944e+01
8.000000e-08	-6.391580e-02	1.507373e+01
9.000000e-08	-6.854487e-02	1.500994e+01
1.000000e-07	-7.067205e-02	1.488273e+01
1.100000e-07	-7.283303e-02	1.481045e+01
1.200000e-07	-7.244733e-02	1.469471e+01
1.300000e-07	-7.184138e-02	1.458099e+01
1.400000e-07	-7.055347e-02	1.448365e+01
1.500000e-07	-6.571164e-02	1.434576e+01
1.600000e-07	-6.141119e-02	1.419052e+01
1.700000e-07	-5.690859e-02	1.404010e+01
1.800000e-07	-5.080817e-02	1.389571e+01
1.900000e-07	-4.630220e-02	1.379694e+01
2.000000e-07	-4.169808e-02	1.360952e+01
2.100000e-07	-4.075684e-02	1.347310e+01
2.200000e-07	-3.611560e-02	1.330420e+01
2.300000e-07	-3.584612e-02	1.312786e+01
2.400000e-07	-3.180161e-02	1.301846e+01
2.500000e-07	-3.092761e-02	1.282900e+01
2.600000e-07	-2.802368e-02	1.262062e+01
2.700000e-07	-2.780450e-02	1.251258e+01
2.800000e-07	-2.397372e-02	1.229418e+01
2.900000e-07	-2.409306e-02	1.213475e+01
3.000000e-07	-2.212230e-02	1.188325e+01
3.100000e-07	-2.293342e-02	1.165212e+01
3.200000e-07	-2.144343e-02	1.144217e+01
3.300000e-07	-2.045164e-02	1.123207e+01
3.400000e-07	-2.028533e-02	1.102112e+01
3.500000e-07	-1.791378e-02	1.079847e+01
3.600000e-07	-1.915915e-02	1.058947e+01
3.700000e-07	-1.694591e-02	1.036546e+01
3.800000e-07	-1.718837e-02	1.012476e+01
3.900000e-07	-1.541504e-02	9.923698e+00
4.000000e-07	-1.668882e-02	9.630053e+00
4.100000e-07	-1.569895e-02	9.366865e+00
4.200000e-07	-1.499789e-02	9.155364e+00
4.300000e-07	-1.397473e-02	8.932757e+00
4.400000e-07	-1.388465e-02	8.621703e+00
4.500000e-07	-1.391179e-02	8.441022e+00
4.600000e-07	-1.314604e-02	8.146939e+00
4.700000e-07	-1.295467e-02	7.892253e+00
4.800000e-07	-1.222404e-02	7.609593e+00
4.900000e-07	-1.279495e-02	7.284306e+00
5.000000e-07	-1.146630e-02	7.030654e+00
5.100000e-07	-1.186846e-02	6.788093e+00
5.200000e-07	-1.120479e-02	6.515736e+00
5.300000e-07	-1.167589e-02	6.230623e+00
5.400000e-07	-1.211156e-02	5.987964e+00
5.500000e-07	-1.118812e-02	5.663204e+00
5.600000e-07	-1.089779e-02	5.380021e+00
5.700000e-07	-1.113845e-02	5.104152e+00
5.800000e-07	-1.021412e-02	4.756385e+00
5.900000e-07	-1.051188e-02	4.512258e+00
6.000000e-07	-9.863979e-03	4.209546e+00
6.100000e-07	-9.675891e-03	3.885281e+00
6.200000e-07	-9.647337e-03	3.620525e+00
6.300000e-07	-9.881492e-03	3.334310e+00
6.400000e-07	-8.158371e-03	3.010551e+00
6.500000e-07	-9.336604e-03	2.777441e+00
6.600000e-07	-1.007780e-02	2.411073e+00
6.700000e-07	-1.013359e-02	2.116262e+00
6.800000e-07	-7.027902e-03	1.842150e+00
6.900000e-07	-7.451974e-03	1.524838e+00
7.000000e-07	-8.892919e-03	1.218549e+00
7.100000e-07	-1.011120e-02	8.321804e-01
7.200000e-07	-7.339207e-03	5.679685e-01
7.300000e-07	-5.506774e-03	3.128845e-01
7.400000e-07	-4.150586e-03	-1.053019e-02
7.500000e-07	1.990932e-03	-2.958456e-01
7.600000e-07	5.305530e-03	-5.905012e-01
7.700000e-07	-1.979734e-03	-8.446853e-01
7.800000e-07	3.770622e-03	-1.160344e+00
7.900000e-07	-2.184691e-03	-1.446114e+00
8.000000e-07	-1.150616e-03	-1.748872e+00
8.100000e-07	9.298403e-03	-1.959421e+00
8.200000e-07	6.758550e-02	-2.244009e+00
8.300000e-07	1.060102e-01	-2.560396e+00
8.400000e-07	-9.736425e-02	-3.001977e+00
8.500000e-07	4.383519e-03	-3.390401e+00
8.600000e-07	-3.892844e-02	-3.610453e+00
8.700000e-07	-4.226726e-02	-3.865510e+00
8.800000e-07	-1.142418e-01	-4.084212e+00
8.900000e-07	1.904335e-01	-4.242057e+00
9.000000e-07	-9.115352e-02	-4.561420e+00
9.100000e-07	2.687681e-02	-4.875679e+00
9.200000e-07	1.331513e-01	-5.088291e+00
9.300000e-07	-1.868888e-01	-5.568293e+00
9.400000e-07	1.845343e-01	-5.719871e+00
9.500000e-07	-1.796579e-01	-6.052607e+00
9.600000e-07	9.945358e-02	-6.420449e+00
9.700000e-07	1.918294e-02	-6.611951e+00
9.800000e-07	-6.925681e-02	-6.936844e+00
9.900000e-07	1.775870e-01	-7.233980e+00
1.000000e-06	-1.630403e-01	-7.466241e+00
1.010000e-06	1.373130e-01	-7.740401e+00
1.020000e-06	-1.113710e-01	-8.055110e+00
1.030000e-06	3.665882e-02	-8.368370e+00
1.040000e-06	5.284577e-02	-8.549422e+00
1.050000e-06	-9.266532e-02	-8.905158e+00
1.060000e-06	1.693369e-01	-9.117634e+00
1.070000e-06	-1.405815e-01	-9.317817e+00
1.080000e-06	1.257999e-01	-9.590423e+00
1.090000e-06	-9.877620e-02	-9.833526e+00
1.100000e-06	6.577644e-02	-1.007264e+01
1.110000e-06	-1.053122e-02	-1.026573e+01
1.120000e-06	-1.142931e-03	-1.054974e+01
1.130000e-06	6.029194e-02	-1.073674e+01
1.140000e-06	-6.334611e-02	-1.096892e+01
1.150000e-06	9.455460e-02	-1.115882e+01
1.160000e-06	-8.289269e-02	-1.140253e+01
1.170000e-06	8.429227e-02	-1.163205e+01
1.180000e-06	-6.349856e-02	-1.183508e+01
1.190000e-06	6.942716e-02	-1.209358e+01
1.200000e-06	-2.785151e-02	-1.223256e+01
1.210000e-06	4.053231e-02	-1.244061e+01
1.220000e-06	-7.098969e-03	-1.262202e+01
1.230000e-06	9.808007e-03	-1.278298e+01
1.240000e-06	1.681968e-02	-1.295897e+01
1.250000e-06	-7.940717e-03	-1.314844e+01
1.260000e-06	3.008405e-02	-1.329574e+01
1.270000e-06	-1.199541e-02	-1.347659e+01
1.280000e-06	4.163989e-02	-1.367412e+01
1.290000e-06	-1.046555e-02	-1.380288e+01
1.300000e-06	3.517223e-02	-1.395931e+01
1.310000e-06	-1.347190e-02	-1.412679e+01
1.320000e-06	2.851188e-02	-1.425413e+01
1.330000e-06	-4.203227e-03	-1.439082e+01
1.340000e-06	2.210588e-02	-1.455724e+01
1.350000e-06	6.575041e-03	-1.461208e+01
1.360000e-06	2.075516e-02	-1.470932e+01
1.370000e-06	1.531759e-02	-1.485413e+01
1.380000e-06	1.523940e-02	-1.497731e+01
1.390000e-06	1.547471e-02	-1.501365e+01
1.400000e-06	9.600207e-03	-1.510774e+01
1.410000e-06	1.842226e-02	-1.518995e+01
1.420000e-06	1.547332e-02	-1.530513e+01
1.430000e-06	2.134061e-02	-1.537934e+01
1.440000e-06	1.689275e-02	-1.542403e+01
1.450000e-06	2.060359e-02	-1.548616e+01
1.460000e-06	1.713289e-02	-1.554692e+01
1.470000e-06	1.886398e-02	-1.559252e+01
1.480000e-06	1.844411e-02	-1.563353e+01
1.490000e-06	2.261367e-02	-1.569308e+01
1.500000e-06	2.180874e-02	-1.569631e+01
1.510000e-06	2.666267e-02	-1.574731e+01
1.520000e-06	2.301545e-02	-1.578789e+01
1.530000e-06	2.610894e-02	-1.576947e+01
1.540000e-06	2.454833e-02	-1.574999e+01
1.550000e-06	2.737817e-02	-1.576939e+01
1.560000e-06	2.702878e-02	-1.576884e+01
1.570000e-06	3.144447e-02	-1.573846e+01
1.580000e-06	3.352541e-02	-1.572734e+01
1.590000e-06	3.557571e-02	-1.569481e+01
1.600000e-06	3.585369e-02	-1.570573e+01
1.610000e-06	3.556777e-02	-1.568355e+01
1.620000e-06	3.838960e-02	-1.560097e+01
1.630000e-06	3.958393e-02	-1.556994e+01
1.640000e-06	4.345722e-02	-1.546529e+01
1.650000e-06	4.394370e-02	-1.545511e+01
1.660000e-06	4.666814e-02	-1.542849e+01
1.670000e-06	4.906205e-02	-1.525623e+01
1.680000e-06	5.193721e-02	-1.523200e+01
1.690000e-06	5.463104e-02	-1.511834e+01
1.700000e-06	5.791191e-02	-1.505473e+01
1.710000e-06	6.070719e-02	-1.500089e+01
1.720000e-06	6.428908e-02	-1.490418e+01
1.730000e-06	6.450885e-02	-1.477897e+01
1.740000e-06	6.291216e-02	-1.466170e+01
1.750000e-06	6.000665e-02	-1.453679e+01
1.760000e-06	5.589287e-02	-1.438104e+01
1.770000e-06	5.146493e-02	-1.433226e+01
1.780000e-06	4.599019e-02	-1.416741e+01
1.790000e-06	4.089938e-02	-1.400090e+01
1.800000e-06	3.656888e-02	-1.385202e+01
1.810000e-06	3.407936e-02	-1.369428e+01
1.820000e-06	2.966600e-02	-1.353734e+01
1.830000e-06	2.522265e-02	-1.341046e+01
1.840000e-06	2.191797e-02	-1.325158e+01
1.850000e-06	2.122224e-02	-1.302216e+01
1.860000e-06	1.986131e-02	-1.293428e+01
1.870000e-06	1.749932e-02	-1.274524e+01
1.880000e-06	1.625504e-02	-1.253836e+01
1.890000e-06	1.513831e-02	-1.237934e+01
1.900000e-06	1.314279e-02	-1.217844e+01
1.910000e-06	1.240129e-02	-1.194639e+01
1.920000e-06	9.298236e-03	-1.178684e+01
1.930000e-06	8.587186e-03	-1.154573e+01
1.940000e-06	8.172406e-03	-1.131376e+01
1.950000e-06	7.822291e-03	-1.103210e+01
1.960000e-06	7.692634e-03	-1.090158e+01
1.970000e-06	5.508039e-03	-1.064207e+01
1.980000e-06	4.742834e-03	-1.042957e+01
1.990000e-06	3.987480e-03	-1.019936e+01
2.000000e-06	4.695342e-03	-9.885311e+00
2.010000e-06	3.858575e-03	-9.734285e+00
2.020000e-06	2.051974e-03	-9.492178e+00
2.030000e-06	1.028793e-03	-9.210469e+00
2.040000e-06	2.221117e-03	-8.978895e+00
2.050000e-06	1.895858e-03	-8.745812e+00
2.060000e-06	2.042015e-04	-8.451679e+00
2.070000e-06	-7.342892e-04	-8.220023e+00
2.080000e-06	-5.202368e-04	-7.957392e+00
2.090000e-06	-3.409264e-04	-7.723157e+00
2.100000e-06	-4.024414e-04	-7.389047e+00
2.110000e-06	-1.336129e-03	-7.115759e+00
2.120000e-06	-3.517980e-03	-6.840999e+00
2.130000e-06	-1.892795e-03	-6.597944e+00
2.140000e-06	-2.401606e-03	-6.304606e+00
2.150000e-06	-2.209285e-03	-6.009598e+00
2.160000e-06	-4.020319e-03	-5.735366e+00
2.170000e-06	-2.355606e-03	-5.451152e+00
2.180000e-06	-4.515316e-03	-5.117384e+00
2.190000e-06	-3.326777e-03	-4.840496e+00
2.200000e-06	-4.902951e-03	-4.485363e+00
2.210000e-06	-4.512834e-03	-4.273604e+00
2.220000e-06	-5.191781e-03	-4.009969e+00
2.230000e-06	-3.371123e-03	-3.632707e+00
2.240000e-06	-5.385350e-03	-3.420554e+00
2.250000e-06	-5.695097e-03	-3.093787e+00
2.260000e-06	-6.255012e-03	-2.789046e+00
2.270000e-06	-7.037488e-03	-2.535358e+00
2.280000e-06	-6.653490e-03	-2.176919e+00
2.290000e-06	-6.636191e-03	-1.894782e+00
2.300000e-06	-5.510154e-03	-1.629573e+00
2.310000e-06	-6.102113e-03	-1.272155e+00
2.320000e-06	-5.501077e-03	-9.479148e-01
2.330000e-06	-7.029537e-03	-6.512054e-01
2.340000e-06	-7.190583e-03	-3.383882e-01
2.350000e-06	-6.028002e-03	-7.216036e-02
2.360000e-06	4.450106e-03	2.427051e-01
2.370000e-06	-9.405841e-04	5.167634e-01
2.380000e-06	4.808536e-05	7.193986e-01
2.390000e-06	2.048793e-03	1.065634e+00
2.400000e-06	-2.827922e-04	1.368901e+00
2.410000e-06	-2.689208e-03	1.675314e+00
2.420000e-06	1.263761e-03	1.948372e+00
2.430000e-06	3.274878e-02	2.199949e+00
2.440000e-06	1.007758e-01	2.436163e+00
2.450000e-06	-2.125608e-02	2.865183e+00
2.460000e-06	-6.325709e-02	3.149046e+00
2.470000e-06	-1.714766e-02	3.465209e+00
2.480000e-06	-2.375912e-02	3.735741e+00
2.490000e-06	-6.583344e-02	3.970922e+00
2.500000e-06	-6.491307e-02	4.230899e+00
2.510000e-06	1.352624e-01	4.495859e+00
2.520000e-06	-5.119496e-02	4.792469e+00
2.530000e-06	-1.623412e-03	5.086608e+00
2.540000e-06	1.259452e-01	5.422978e+00
2.550000e-06	-1.472369e-01	5.655311e+00
2.560000e-06	8.370643e-02	5.939472e+00
2.570000e-06	-9.367184e-02	6.253154e+00
2.580000e-06	4.501549e-02	6.496787e+00
2.590000e-06	4.725204e-03	6.833129e+00
2.600000e-06	-3.976855e-02	7.075836e+00
2.610000e-06	6.856636e-02	7.403373e+00
2.620000e-06	-7.413332e-02	7.675689e+00
2.630000e-06	5.024748e-02	7.981469e+00
2.640000e-06	-8.233041e-02	8.254081e+00
2.650000e-06	3.765125e-02	8.505760e+00
2.660000e-06	-5.339967e-03	8.716867e+00
2.670000e-06	-2.245278e-02	8.951445e+00
2.680000e-06	4.691000e-02	9.232526e+00
2.690000e-06	-6.162102e-02	9.443237e+00
2.700000e-06	2.383350e-02	9.706311e+00
2.710000e-06	-4.376552e-02	1.000900e+01
2.720000e-06	2.433602e-02	1.020052e+01
2.730000e-06	-3.179285e-02	1.042260e+01
2.740000e-06	3.616032e-03	1.068366e+01
2.750000e-06	2.374639e-03	1.084456e+01
2.760000e-06	-2.280828e-02	1.108468e+01
2.770000e-06	1.046468e-02	1.130419e+01
2.780000e-06	-4.005159e-02	1.153638e+01
2.790000e-06	8.324210e-03	1.173986e+01
2.800000e-06	-2.732387e-02	1.193889e+01
2.810000e-06	1.474842e-02	1.214931e+01
2.820000e-06	-2.662287e-02	1.234739e+01
2.830000e-06	8.431905e-05	1.255573e+01
2.840000e-06	-1.873419e-02	1.272631e+01
2.850000e-06	-9.665442e-03	1.290423e+01
2.860000e-06	-1.552513e-02	1.304510e+01
2.870000e-06	-2.040978e-02	1.322205e+01
2.880000e-06	-7.042708e-03	1.340142e+01
2.890000e-06	-1.551032e-02	1.352879e+01
2.900000e-06	-1.831051e-03	1.368578e+01
2.910000e-06	-2.360519e-02	1.385262e+01
2.920000e-06	-1.160383e-02	1.400005e+01
2.930000e-06	-2.245959e-02	1.414842e+01
2.940000e-06	-1.133447e-02	1.430671e+01
2.950000e-06	-2.316650e-02	1.444255e+01
2.960000e-06	-1.781913e-02	1.456787e+01
2.970000e-06	-1.504021e-02	1.468465e+01
2.980000e-06	-1.330085e-02	1.476912e+01
2.990000e-06	-1.555977e-02	1.490268e+01
3.000000e-06	-2.600790e-02	1.493736e+01
3.010000e-06	-2.146116e-02	1.501418e+01
3.020000e-06	-2.475473e-02	1.514934e+01
3.030000e-06	-1.769464e-02	1.518057e+01
3.040000e-06	-2.375657e-02	1.525418e+01
3.050000e-06	-2.317645e-02	1.529789e+01
3.060000e-06	-2.305060e-02	1.541150e+01
3.070000e-06	-2.340075e-02	1.544460e+01
3.080000e-06	-2.690050e-02	1.546576e+01
3.090000e-06	-3.067497e-02	1.553786e+01
3.100000e-06	-2.754333e-02	1.557899e+01
3.110000e-06	-2.871680e-02	1.561097e+01
3.120000e-06	-2.607618e-02	1.562052e+01
3.130000e-06	-3.163699e-02	1.562210e+01
3.140000e-06	-3.175031e-02	1.566367e+01
3.150000e-06	-3.488913e-02	1.567315e+01
3.160000e-06	-3.458867e-02	1.564415e+01
3.170000e-06	-3.676782e-02	1.567168e+01
3.180000e-06	-4.007903e-02	1.564262e+01
3.190000e-06	-3.871518e-02	1.566250e+01
3.200000e-06	-4.143989e-02	1.559158e+01
3.210000e-06	-4.203915e-02	1.560044e+01
3.220000e-06	-4.696441e-02	1.553989e+01
3.230000e-06	-4.800050e-02	1.551633e+01
3.240000e-06	-4.891094e-02	1.549265e+01
3.250000e-06	-5.082479e-02	1.544204e+01
3.260000e-06	-5.293047e-02	1.535996e+01
3.270000e-06	-5.676107e-02	1.531328e+01
3.280000e-06	-5.689111e-02	1.522210e+01
3.290000e-06	-6.160307e-02	1.514684e+01
3.300000e-06	-6.426780e-02	1.506112e+01
3.310000e-06	-6.941615e-02	1.497796e+01
3.320000e-06	-7.175709e-02	1.486260e+01
3.330000e-06	-7.335614e-02	1.473742e+01
3.340000e-06	-7.326528e-02	1.466218e+01
3.350000e-06	-7.076086e-02	1.453738e+01
3.360000e-06	-7.009697e-02	1.445257e+01
3.370000e-06	-6.561456e-02	1.432590e+01
3.380000e-06	-6.221332e-02	1.418841e+01
3.390000e-06	-5.406508e-02	1.401152e+01
3.400000e-06	-5.110809e-02	1.388320e+01
3.410000e-06	-4.674188e-02	1.372581e+01
3.420000e-06	-4.219993e-02	1.358844e+01
3.430000e-06	-3.809816e-02	1.343162e+01
3.440000e-06	-3.455727e-02	1.329218e+01
3.450000e-06	-3.537142e-02	1.308586e+01
3.460000e-06	-3.220328e-02	1.294693e+01
3.470000e-06	-3.106849e-02	1.276684e+01
3.480000e-06	-2.564904e-02	1.258899e+01
3.490000e-06	-2.782581e-02	1.241944e+01
3.500000e-06	-2.460017e-02	1.226165e+01
3.510000e-06	-2.430583e-02	1.203313e+01
3.520000e-06	-2.182417e-02	1.184160e+01
3.530000e-06	-2.240268e-02	1.161002e+01
3.540000e-06	-2.254276e-02	1.142954e+01
3.550000e-06	-2.190294e-02	1.118744e+01
3.560000e-06	-2.020572e-02	1.097787e+01
3.570000e-06	-1.617634e-02	1.073684e+01
3.580000e-06	-1.818121e-02	1.056631e+01
3.590000e-06	-1.893591e-02	1.029526e+01
3.600000e-06	-1.734693e-02	1.006063e+01
3.610000e-06	-1.405534e-02	9.881595e+00
3.620000e-06	-1.528300e-02	9.568919e+00
3.630000e-06	-1.797648e-02	9.346914e+00
3.640000e-06	-1.630917e-02	9.084783e+00
3.650000e-06	-1.334919e-02	8.850203e+00
3.660000e-06	-1.160873e-02	8.598918e+00
3.670000e-06	-1.416911e-02	8.357390e+00
3.680000e-06	-1.476614e-02	8.113781e+00
3.690000e-06	-1.395932e-02	7.830523e+00
3.700000e-06	-1.050288e-02	7.555940e+00
3.710000e-06	-1.176874e-02	7.292226e+00
3.720000e-06	-1.360624e-02	7.019048e+00
3.730000e-06	-1.313522e-02	6.725311e+00
3.740000e-06	-1.031776e-02	6.440602e+00
3.750000e-06	-9.385024e-03	6.187922e+00
3.760000e-06	-1.217149e-02	5.915836e+00
3.770000e-06	-1.337164e-02	5.640533e+00
3.780000e-06	-1.115882e-02	5.356415e+00
3.790000e-06	-8.790792e-03	5.019120e+00
3.800000e-06	-9.248229e-03	4.714256e+00
3.810000e-06	-1.145826e-02	4.439098e+00
3.820000e-06	-1.152456e-02	4.103366e+00
3.830000e-06	-9.216736e-03	3.871122e+00
3.840000e-06	-9.104533e-03	3.558521e+00
3.850000e-06	-9.767633e-03	3.271153e+00
3.860000e-06	-1.059753e-02	2.967417e+00
3.870000e-06	-8.965648e-03	2.674856e+00
3.880000e-06	-6.996592e-03	2.357342e+00
3.890000e-06	-8.027757e-03	2.080704e+00
3.900000e-06	-8.914351e-03	1.776493e+00
3.910000e-06	-9.400773e-03	1.481683e+00
3.920000e-06	-7.749465e-03	1.135965e+00
3.930000e-06	-7.075745e-03	8.010713e-01
3.940000e-06	-8.196040e-03	5.043347e-01
3.950000e-06	-7.363026e-03	2.085488e-01
3.960000e-06	-4.509563e-03	-1.362092e-01
3.970000e-06	7.095595e-03	-3.693985e-01
3.980000e-06	9.326422e-04	-6.441877e-01
3.990000e-06	-6.405442e-04	-9.588444e-01
4.000000e-06	-7.806962e-04	-1.182435e+00
4.010000e-06	6.262014e-04	-1.526797e+00
4.020000e-06	-1.952407e-05	-1.769422e+00
4.030000e-06	1.764205e-02	-2.021453e+00
4.040000e-06	8.815070e-02	-2.297190e+00
4.050000e-06	6.384544e-02	-2.643011e+00
4.060000e-06	-9.237191e-02	-3.075692e+00
4.070000e-06	1.255940e-02	-3.412056e+00
4.080000e-06	-4.746131e-02	-3.613059e+00
4.090000e-06	-5.774354e-02	-3.908717e+00
4.100000e-06	-7.981033e-02	-4.114790e+00
4.110000e-06	2.059467e-01	-4.296715e+00
4.120000e-06	-1.661758e-01	-4.612429e+00
4.130000e-06	1.263089e-01	-4.937267e+00
4.140000e-06	2.794186e-02	-5.158927e+00
4.150000e-06	-1.180160e-01	-5.601979e+00
4.160000e-06	1.648545e-01	-5.799900e+00
4.170000e-06	-2.029598e-01	-6.128890e+00
4.180000e-06	1.733391e-01	-6.442499e+00
4.190000e-06	-7.299761e-02	-6.683534e+00
4.200000e-06	2.366172e-02	-6.970970e+00
4.210000e-06	1.104022e-01	-7.203582e+00
4.220000e-06	-1.435258e-01	-7.529297e+00
4.230000e-06	1.535199e-01	-7.864077e+00
4.240000e-06	-1.632225e-01	-8.138339e+00
4.250000e-06	1.179243e-01	-8.359819e+00
4.260000e-06	-3.506716e-02	-8.615023e+00
4.270000e-06	-1.082390e-02	-8.927365e+00
4.280000e-06	1.180095e-01	-9.138267e+00
4.290000e-06	-1.230477e-01	-9.381474e+00
4.300000e-06	1.321504e-01	-9.642131e+00
4.310000e-06	-1.325475e-01	-9.864678e+00
4.320000e-06	1.175473e-01	-1.009511e+01
4.330000e-06	-6.836394e-02	-1.038929e+01
4.340000e-06	6.411728e-02	-1.056992e+01
4.350000e-06	-1.738499e-03	-1.078040e+01
4.360000e-06	-1.106561e-02	-1.097190e+01
4.370000e-06	5.527674e-02	-1.124298e+01
4.380000e-06	-5.889857e-02	-1.145365e+01
4.390000e-06	7.296752e-02	-1.165576e+01
4.400000e-06	-6.381764e-02	-1.191631e+01
4.410000e-06	8.173098e-02	-1.212663e+01
4.420000e-06	-4.413541e-02	-1.228514e+01
4.430000e-06	6.207049e-02	-1.247463e+01
4.440000e-06	-3.342704e-02	-1.263566e+01
4.450000e-06	3.346377e-02	-1.286303e+01
4.460000e-06	-7.169513e-03	-1.301256e+01
4.470000e-06	1.605525e-02	-1.319010e+01
4.480000e-06	1.153697e-02	-1.333884e+01
4.490000e-06	3.674904e-03	-1.353726e+01
4.500000e-06	2.935880e-02	-1.366415e+01
4.510000e-06	-1.588621e-03	-1.384411e+01
4.520000e-06	2.994628e-02	-1.396997e+01
4.530000e-06	-1.179303e-02	-1.416984e+01
4.540000e-06	2.906510e-02	-1.430621e+01
4.550000e-06	-5.377264e-03	-1.439250e+01
4.560000e-06	2.825471e-02	-1.456739e+01
4.570000e-06	2.157907e-03	-1.462214e+01
4.580000e-06	2.501865e-02	-1.481037e+01
4.590000e-06	1.080218e-02	-1.487466e+01
4.600000e-06	1.975161e-02	-1.497944e+01
4.610000e-06	1.020340e-02	-1.509458e+01
4.620000e-06	1.315573e-02	-1.515890e+01
4.630000e-06	1.604634e-02	-1.525205e+01
4.640000e-06	1.833687e-02	-1.532571e+01
4.650000e-06	2.045536e-02	-1.539939e+01
4.660000e-06	1.730350e-02	-1.541315e+01
4.670000e-06	1.863816e-02	-1.547674e+01
4.680000e-06	1.904734e-02	-1.555889e+01
4.690000e-06	1.961495e-02	-1.562145e+01
4.700000e-06	1.877102e-02	-1.561163e+01
4.710000e-06	2.155892e-02	-1.568566e+01
4.720000e-06	2.285532e-02	-1.574518e+01
4.730000e-06	2.672016e-02	-1.576834e+01
4.740000e-06	2.319238e-02	-1.575894e+01
4.750000e-06	2.519267e-02	-1.577891e+01
4.760000e-06	2.439313e-02	-1.577949e+01
4.770000e-06	2.843272e-02	-1.579797e+01
4.780000e-06	2.813394e-02	-1.578997e+01
4.790000e-06	3.160958e-02	-1.574944e+01
4.800000e-06	3.211770e-02	-1.570936e+01
4.810000e-06	3.651341e-02	-1.569728e+01
4.820000e-06	3.718781e-02	-1.575566e+01
4.830000e-06	3.592431e-02	-1.565205e+01
4.840000e-06	3.654310e-02	-1.563160e+01
4.850000e-06	3.956159e-02	-1.554884e+01
4.860000e-06	4.414582e-02	-1.550729e+01
4.870000e-06	4.507930e-02	-1.546160e+01
4.880000e-06	4.668058e-02	-1.539839e+01
4.890000e-06	4.911633e-02	-1.533521e+01
4.900000e-06	5.370610e-02	-1.520145e+01
4.910000e-06	5.645046e-02	-1.512729e+01
4.920000e-06	5.819598e-02	-1.505260e+01
4.930000e-06	6.043467e-02	-1.497841e+01
4.940000e-06	6.376276e-02	-1.485263e+01
4.950000e-06	6.502291e-02	-1.479937e+01
4.960000e-06	6.365413e-02	-1.464257e+01
4.970000e-06	5.851933e-02	-1.448523e+01
4.980000e-06	5.464689e-02	-1.441889e+01
4.990000e-06	5.125568e-02	-1.426325e+01
5.000000e-06	4.605782e-02	-1.410573e+01
5.010000e-06	4.107289e-02	-1.392882e+01
5.020000e-06	3.550119e-02	-1.385947e+01
5.030000e-06	3.250745e-02	-1.365210e+01
5.040000e-06	2.895633e-02	-1.351576e+01
5.050000e-06	2.526989e-02	-1.335896e+01
5.060000e-06	2.117291e-02	-1.320889e+01
5.070000e-06	2.009774e-02	-1.303108e+01
5.080000e-06	2.021321e-02	-1.285312e+01
5.090000e-06	1.848740e-02	-1.271524e+01
5.100000e-06	1.631564e-02	-1.253478e+01
5.110000e-06	1.375174e-02	-1.234771e+01
5.120000e-06	1.314352e-02	-1.214441e+01
5.130000e-06	1.212039e-02	-1.192831e+01
5.140000e-06	1.040019e-02	-1.174686e+01
5.150000e-06	7.699940e-03	-1.145256e+01
5.160000e-06	7.412294e-03	-1.126205e+01
5.170000e-06	7.867318e-03	-1.101003e+01
5.180000e-06	7.548299e-03	-1.080942e+01
5.190000e-06	5.493266e-03	-1.059847e+01
5.200000e-06	3.989760e-03	-1.035689e+01
5.210000e-06	4.196988e-03	-1.013683e+01
5.220000e-06	4.062828e-03	-9.882704e+00
5.230000e-06	3.025006e-03	-9.662675e+00
5.240000e-06	1.985895e-03	-9.430448e+00
5.250000e-06	1.778686e-03	-9.157340e+00
5.260000e-06	2.466993e-03	-8.905367e+00
5.270000e-06	1.843286e-03	-8.711660e+00
5.280000e-06	2.056474e-05	-8.390548e+00
5.290000e-06	-8.476489e-04	-8.188421e+00
5.300000e-06	7.912009e-04	-7.901739e+00
5.310000e-06	3.967240e-04	-7.600474e+00
5.320000e-06	-9.501746e-04	-7.366811e+00
5.330000e-06	-2.223246e-03	-7.044629e+00
5.340000e-06	-2.329674e-03	-6.747970e+00
5.350000e-06	-1.561780e-03	-6.545337e+00
5.360000e-06	-2.992307e-03	-6.230603e+00
5.370000e-06	-3.841333e-03	-5.947441e+00
5.380000e-06	-4.318577e-03	-5.725128e+00
5.390000e-06	-2.446312e-03	-5.379920e+00
5.400000e-06	-5.236024e-03	-5.063728e+00
5.410000e-06	-2.781819e-03	-4.744340e+00
5.420000e-06	-4.817616e-03	-4.442229e+00
5.430000e-06	-3.914784e-03	-4.230500e+00
5.440000e-06	-5.668324e-03	-3.945840e+00
5.450000e-06	-3.014304e-03	-3.610599e+00
5.460000e-06	-6.448722e-03	-3.376312e+00
5.470000e-06	-5.876217e-03	-3.050128e+00
5.480000e-06	-7.705383e-03	-2.756941e+00
5.490000e-06	-6.604620e-03	-2.450106e+00
5.500000e-06	-7.012439e-03	-2.155344e+00
5.510000e-06	-5.283798e-03	-1.822130e+00
5.520000e-06	-6.762112e-03	-1.598946e+00
5.530000e-06	-5.779263e-03	-1.188073e+00
5.540000e-06	-6.675465e-03	-8.547080e-01
5.550000e-06	-6.621176e-03	-5.783962e-01
5.560000e-06	-7.175201e-03	-2.842606e-01
5.570000e-06	-4.843075e-03	-1.107121e-02
5.580000e-06	7.867663e-03	3.057155e-01
5.590000e-06	-6.119591e-03	5.494724e-01
5.600000e-06	4.203441e-03	8.231051e-01
5.610000e-06	-4.375825e-03	1.158872e+00
5.620000e-06	2.703394e-03	1.421975e+00
5.630000e-06	-7.412722e-03	1.758919e+00
5.640000e-06	1.467127e-02	1.989475e+00
5.650000e-06	3.775774e-02	2.234159e+00
5.660000e-06	1.090735e-01	2.559445e+00
5.670000e-06	-6.396427e-02	2.927816e+00
5.680000e-06	-4.021995e-02	3.211577e+00
5.690000e-06	-2.809607e-02	3.537868e+00
5.700000e-06	-2.221065e-02	3.789922e+00
5.710000e-06	-8.852471e-02	4.010054e+00
5.720000e-06	-2.763742e-02	4.284233e+00
5.730000e-06	1.513798e-01	4.527895e+00
5.740000e-06	-1.152668e-01	4.854085e+00
5.750000e-06	9.153883e-02	5.178344e+00
5.760000e-06	4.262603e-02	5.455709e+00
5.770000e-06	-1.114385e-01	5.740291e+00
5.780000e-06	7.092233e-02	6.003055e+00
5.790000e-06	-1.101507e-01	6.296763e+00
5.800000e-06	8.330797e-02	6.559445e+00
5.810000e-06	-3.696391e-02	6.905309e+00
5.820000e-06	4.439164e-03	7.158842e+00
5.830000e-06	3.664694e-02	7.443634e+00
5.840000e-06	-5.582731e-02	7.768767e+00
5.850000e-06	4.124938e-02	8.032555e+00
5.860000e-06	-8.822763e-02	8.306686e+00
5.870000e-06	5.350122e-02	8.518265e+00
5.880000e-06	-3.124434e-02	8.759399e+00
5.890000e-06	4.815261e-03	9.042502e+00
5.900000e-06	3.159992e-02	9.275182e+00
5.910000e-06	-5.850000e-02	9.498742e+00
5.920000e-06	2.700994e-02	9.800495e+00
5.930000e-06	-4.750326e-02	1.002098e+01
5.940000e-06	3.114323e-02	1.021557e+01
5.950000e-06	-4.525670e-02	1.049369e+01
5.960000e-06	1.772786e-02	1.067873e+01
5.970000e-06	-1.147762e-02	1.090581e+01
5.980000e-06	-8.203793e-03	1.109671e+01
5.990000e-06	1.175809e-03	1.135779e+01
6.000000e-06	-3.740315e-02	1.155893e+01
6.010000e-06	7.307079e-03	1.177944e+01
6.020000e-06	-2.726521e-02	1.197985e+01
6.030000e-06	1.603706e-02	1.219047e+01
6.040000e-06	-3.254250e-02	1.236894e+01
6.050000e-06	4.670144e-03	1.257839e+01
6.060000e-06	-2.145750e-02	1.274677e+01
6.070000e-06	-4.157877e-03	1.289674e+01
6.080000e-06	-2.004009e-02	1.309521e+01
6.090000e-06	-1.952158e-02	1.328510e+01
6.100000e-06	-9.119124e-03	1.340205e+01
6.110000e-06	-1.428989e-02	1.354094e+01
6.120000e-06	-3.610586e-03	1.375724e+01
6.130000e-06	-2.425651e-02	1.387418e+01
6.140000e-06	-1.119656e-02	1.401205e+01
6.150000e-06	-2.011847e-02	1.421049e+01
6.160000e-06	-9.656571e-03	1.433834e+01
6.170000e-06	-2.319167e-02	1.444460e+01
6.180000e-06	-1.976116e-02	1.456987e+01
6.190000e-06	-1.584994e-02	1.472518e+01
6.200000e-06	-1.528514e-02	1.481105e+01
6.210000e-06	-1.701853e-02	1.488521e+01
6.220000e-06	-2.555273e-02	1.497794e+01
6.230000e-06	-2.015747e-02	1.503266e+01
6.240000e-06	-2.117717e-02	1.512838e+01
6.250000e-06	-1.654169e-02	1.523247e+01
6.260000e-06	-2.383065e-02	1.527525e+01
6.270000e-06	-2.577697e-02	1.536881e+01
6.280000e-06	-2.422721e-02	1.542255e+01
6.290000e-06	-2.482782e-02	1.548465e+01
6.300000e-06	-2.691441e-02	1.551676e+01
6.310000e-06	-3.114976e-02	1.553879e+01
6.320000e-06	-2.717281e-02	1.561999e+01
6.330000e-06	-2.635058e-02	1.557210e+01
6.340000e-06	-2.595525e-02	1.562405e+01
6.350000e-06	-3.247734e-02	1.566260e+01
6.360000e-06	-3.530910e-02	1.568268e+01
6.370000e-06	-3.458397e-02	1.566368e+01
6.380000e-06	-3.514336e-02	1.566270e+01
6.390000e-06	-3.682536e-02	1.565365e+01
6.400000e-06	-4.120526e-02	1.566160e+01
6.410000e-06	-3.872085e-02	1.565360e+01
6.420000e-06	-3.990700e-02	1.562102e+01
6.430000e-06	-4.218378e-02	1.557940e+01
6.440000e-06	-4.825582e-02	1.553887e+01
6.450000e-06	-5.046952e-02	1.550476e+01
6.460000e-06	-4.913315e-02	1.545160e+01
6.470000e-06	-5.041271e-02	1.538994e+01
6.480000e-06	-5.351788e-02	1.534783e+01
6.490000e-06	-5.830131e-02	1.526220e+01
6.500000e-06	-5.796556e-02	1.520002e+01
6.510000e-06	-6.172583e-02	1.514832e+01
6.520000e-06	-6.353973e-02	1.502260e+01
6.530000e-06	-7.083656e-02	1.496579e+01
6.540000e-06	-7.238485e-02	1.485160e+01
6.550000e-06	-7.254347e-02	1.476831e+01
6.560000e-06	-7.294519e-02	1.464260e+01
6.570000e-06	-7.132573e-02	1.452718e+01
6.580000e-06	-7.129712e-02	1.439004e+01
6.590000e-06	-6.350056e-02	1.432378e+01
6.600000e-06	-5.963472e-02	1.414691e+01
6.610000e-06	-5.354876e-02	1.398997e+01
6.620000e-06	-5.148309e-02	1.384319e+01
6.630000e-06	-4.483131e-02	1.371573e+01
6.640000e-06	-4.029049e-02	1.354581e+01
6.650000e-06	-3.852327e-02	1.341900e+01
6.660000e-06	-3.615631e-02	1.324110e+01
6.670000e-06	-3.565090e-02	1.309515e+01
6.680000e-06	-3.124903e-02	1.294473e+01
6.690000e-06	-2.951781e-02	1.275579e+01
6.700000e-06	-2.709218e-02	1.257791e+01
6.710000e-06	-2.658865e-02	1.236889e+01
6.720000e-06	-2.486567e-02	1.222054e+01
6.730000e-06	-2.327218e-02	1.200152e+01
6.740000e-06	-2.205563e-02	1.179902e+01
6.750000e-06	-2.238017e-02	1.156799e+01
6.760000e-06	-2.280147e-02	1.135586e+01
6.770000e-06	-2.055328e-02	1.112633e+01
6.780000e-06	-1.974317e-02	1.095688e+01
6.790000e-06	-1.838253e-02	1.071476e+01
6.800000e-06	-1.786599e-02	1.049315e+01
6.810000e-06	-1.752329e-02	1.024105e+01
6.820000e-06	-1.648058e-02	1.002955e+01
6.830000e-06	-1.507926e-02	9.749416e+00
6.840000e-06	-1.507810e-02	9.493758e+00
6.850000e-06	-1.636492e-02	9.333257e+00
6.860000e-06	-1.441299e-02	9.071651e+00
6.870000e-06	-1.468637e-02	8.779974e+00
6.880000e-06	-1.409614e-02	8.567415e+00
6.890000e-06	-1.524993e-02	8.324707e+00
6.900000e-06	-1.217753e-02	8.022601e+00
6.910000e-06	-1.200271e-02	7.797493e+00
6.920000e-06	-1.172359e-02	7.513182e+00
6.930000e-06	-1.218325e-02	7.219520e+00
6.940000e-06	-1.290910e-02	6.947838e+00
6.950000e-06	-1.023033e-02	6.673732e+00
6.960000e-06	-1.533648e-02	6.418997e+00
6.970000e-06	-8.721520e-03	6.155386e+00
6.980000e-06	-1.693850e-02	5.904178e+00
6.990000e-06	-6.236323e-03	5.607991e+00
7.000000e-06	-1.377838e-02	5.285281e+00
7.010000e-06	-4.293997e-03	4.965286e+00
7.020000e-06	-1.297870e-02	4.660555e+00
7.030000e-06	-6.944479e-03	4.399467e+00
7.040000e-06	-1.042988e-02	4.061152e+00
7.050000e-06	-1.178748e-02	3.777967e+00
7.060000e-06	-1.292145e-02	3.516307e+00
7.070000e-06	-1.125212e-02	3.218544e+00
7.080000e-06	-7.663421e-03	2.934234e+00
7.090000e-06	-6.418392e-03	2.609150e+00
7.100000e-06	-5.775564e-03	2.294732e+00
7.110000e-06	-9.107480e-03	2.031075e+00
7.120000e-06	-7.163359e-03	1.744362e+00
7.130000e-06	-1.116940e-02	1.411020e+00
7.140000e-06	-8.589372e-03	1.061203e+00
7.150000e-06	-1.151724e-02	7.167409e-01
7.160000e-06	-5.902627e-03	4.616528e-01
7.170000e-06	-4.251698e-03	1.552887e-01
7.180000e-06	-2.559026e-04	-1.483207e-01
7.190000e-06	1.001369e-02	-3.899001e-01
7.200000e-06	-5.861458e-03	-6.771895e-01
7.210000e-06	2.369912e-03	-9.889261e-01
7.220000e-06	-4.122418e-03	-1.326215e+00
7.230000e-06	2.477257e-03	-1.578954e+00
7.240000e-06	-3.189532e-03	-1.832103e+00
7.250000e-06	2.710927e-02	-2.064660e+00
7.260000e-06	1.120885e-01	-2.378247e+00
7.270000e-06	1.209089e-02	-2.717813e+00
7.280000e-06	-7.244386e-02	-3.156949e+00
7.290000e-06	6.005219e-03	-3.454210e+00
7.300000e-06	-4.538727e-02	-3.664213e+00
7.310000e-06	-7.871216e-02	-3.989372e+00
7.320000e-06	-1.883062e-02	-4.168770e+00
7.330000e-06	1.834172e-01	-4.327845e+00
7.340000e-06	-1.899288e-01	-4.696717e+00
7.350000e-06	1.923918e-01	-4.936371e+00
7.360000e-06	-7.899212e-02	-5.235036e+00
7.370000e-06	-1.567271e-02	-5.644135e+00
7.380000e-06	8.786485e-02	-5.853055e+00
7.390000e-06	-1.845056e-01	-6.252054e+00
7.400000e-06	2.017972e-01	-6.474132e+00
7.410000e-06	-1.460398e-01	-6.709791e+00
7.420000e-06	1.147497e-01	-7.074106e+00
7.430000e-06	2.085495e-02	-7.305738e+00
7.440000e-06	-7.938913e-02	-7.644078e+00
7.450000e-06	1.238627e-01	-7.886233e+00
7.460000e-06	-1.732497e-01	-8.180472e+00
7.470000e-06	1.669689e-01	-8.391555e+00
7.480000e-06	-1.097362e-01	-8.675162e+00
7.490000e-06	7.855020e-02	-8.978495e+00
7.500000e-06	3.627412e-02	-9.138398e+00
7.510000e-06	-6.839053e-02	-9.434579e+00
7.520000e-06	9.887419e-02	-9.705711e+00
7.530000e-06	-1.220295e-01	-9.906192e+00
7.540000e-06	1.344638e-01	-1.013732e+01
7.550000e-06	-1.044486e-01	-1.039145e+01
7.560000e-06	1.133078e-01	-1.060303e+01
7.570000e-06	-5.874833e-02	-1.082358e+01
7.580000e-06	4.891967e-02	-1.104308e+01
7.590000e-06	5.353235e-06	-1.127660e+01
7.600000e-06	-1.690548e-02	-1.153574e+01
7.610000e-06	4.052573e-02	-1.169776e+01
7.620000e-06	-3.915037e-02	-1.194979e+01
7.630000e-06	7.077073e-02	-1.216629e+01
7.640000e-06	-4.263533e-02	-1.234674e+01
7.650000e-06	6.731598e-02	-1.251579e+01
7.660000e-06	-4.510273e-02	-1.272771e+01
7.670000e-06	5.107640e-02	-1.292403e+01
7.680000e-06	-2.737710e-02	-1.303308e+01
7.690000e-06	3.478048e-02	-1.318160e+01
7.700000e-06	-7.392647e-03	-1.338137e+01
7.710000e-06	2.413561e-02	-1.351842e+01
7.720000e-06	1.445126e-02	-1.372621e+01
7.730000e-06	1.151724e-02	-1.391518e+01
7.740000e-06	1.723069e-02	-1.402255e+01
7.750000e-06	-1.566393e-03	-1.420087e+01
7.760000e-06	2.308707e-02	-1.431726e+01
7.770000e-06	-3.360923e-03	-1.445415e+01
7.780000e-06	2.707317e-02	-1.456792e+01
7.790000e-06	1.107648e-03	-1.471571e+01
7.800000e-06	2.768557e-02	-1.479095e+01
7.810000e-06	7.070782e-03	-1.486521e+01
7.820000e-06	2.275336e-02	-1.505207e+01
7.830000e-06	6.887842e-03	-1.507566e+01
7.840000e-06	1.837001e-02	-1.518987e+01
7.850000e-06	1.373920e-02	-1.524168e+01
7.860000e-06	1.996164e-02	-1.534671e+01
7.870000e-06	1.824156e-02	-1.537089e+01
7.880000e-06	1.739082e-02	-1.542511e+01
7.890000e-06	1.711140e-02	-1.553779e+01
7.900000e-06	1.906189e-02	-1.555084e+01
7.910000e-06	1.876647e-02	-1.559257e+01
7.920000e-06	2.162860e-02	-1.566313e+01
7.930000e-06	2.304128e-02	-1.569365e+01
7.940000e-06	2.332250e-02	-1.573673e+01
7.950000e-06	2.414041e-02	-1.575834e+01
7.960000e-06	2.176294e-02	-1.577894e+01
7.970000e-06	2.329129e-02	-1.578594e+01
7.980000e-06	2.425226e-02	-1.580895e+01
7.990000e-06	2.974872e-02	-1.579802e+01
8.000000e-06	2.909545e-02	-1.575901e+01
8.010000e-06	3.412525e-02	-1.577839e+01
8.020000e-06	3.271120e-02	-1.574931e+01
8.030000e-06	3.587106e-02	-1.573481e+01
8.040000e-06	3.371550e-02	-1.566321e+01
8.050000e-06	3.579516e-02	-1.564250e+01
8.060000e-06	3.744556e-02	-1.556097e+01
8.070000e-06	4.088143e-02	-1.554738e+01
8.080000e-06	4.467640e-02	-1.547618e+01
8.090000e-06	4.602059e-02	-1.543058e+01
8.100000e-06	4.794769e-02	-1.537739e+01
8.110000e-06	4.885404e-02	-1.528370e+01
8.120000e-06	5.253201e-02	-1.519097e+01
8.130000e-06	5.581998e-02	-1.513471e+01
8.140000e-06	5.923587e-02	-1.502305e+01
8.150000e-06	6.164443e-02	-1.493634e+01
8.160000e-06	6.462743e-02	-1.485010e+01
8.170000e-06	6.541123e-02	-1.472735e+01
8.180000e-06	6.393860e-02	-1.465105e+01
8.190000e-06	5.863336e-02	-1.451471e+01
8.200000e-06	5.384686e-02	-1.436735e+01
8.210000e-06	4.900617e-02	-1.424202e+01
8.220000e-06	4.437789e-02	-1.412420e+01
8.230000e-06	3.988894e-02	-1.390725e+01
8.240000e-06	3.602704e-02	-1.377007e+01
8.250000e-06	3.213757e-02	-1.364010e+01
8.260000e-06	2.858374e-02	-1.348413e+01
8.270000e-06	2.547400e-02	-1.333638e+01
8.280000e-06	2.216152e-02	-1.315734e+01
8.290000e-06	1.908440e-02	-1.299949e+01
8.300000e-06	1.795851e-02	-1.282950e+01
8.310000e-06	1.640631e-02	-1.266255e+01
8.320000e-06	1.637217e-02	-1.248570e+01
8.330000e-06	1.384317e-02	-1.228373e+01
8.340000e-06	1.327074e-02	-1.210518e+01
8.350000e-06	1.164550e-02	-1.192468e+01
8.360000e-06	9.619530e-03	-1.168560e+01
8.370000e-06	9.612186e-03	-1.144150e+01
8.380000e-06	7.616113e-03	-1.120844e+01
8.390000e-06	7.121513e-03	-1.099634e+01
8.400000e-06	5.993999e-03	-1.075839e+01
8.410000e-06	5.769016e-03	-1.055739e+01
8.420000e-06	4.712648e-03	-1.030426e+01
8.430000e-06	5.037417e-03	-1.009361e+01
8.440000e-06	4.110053e-03	-9.841050e+00
8.450000e-06	3.264159e-03	-9.610023e+00
8.460000e-06	3.022643e-03	-9.369466e+00
8.470000e-06	1.723002e-03	-9.125785e+00
8.480000e-06	1.062475e-03	-8.893758e+00
8.490000e-06	6.847884e-04	-8.652576e+00
8.500000e-06	2.711921e-04	-8.396912e+00
8.510000e-06	-2.759128e-04	-8.135290e+00
8.520000e-06	-9.591627e-04	-7.871119e+00
8.530000e-06	-4.936534e-04	-7.556339e+00
8.540000e-06	-2.440563e-04	-7.283757e+00
8.550000e-06	-1.180828e-03	-7.018973e+00
8.560000e-06	-2.548498e-03	-6.725365e+00
8.570000e-06	-2.681057e-03	-6.472683e+00
8.580000e-06	-3.277781e-03	-6.188443e+00
8.590000e-06	-3.010015e-03	-5.925758e+00
8.600000e-06	-5.137649e-03	-5.649623e+00
8.610000e-06	-3.122262e-03	-5.345836e+00
8.620000e-06	-4.422472e-03	-5.010573e+00
8.630000e-06	-2.220455e-03	-4.663132e+00
8.640000e-06	-5.034437e-03	-4.421521e+00
8.650000e-06	-4.654958e-03	-4.187943e+00
8.660000e-06	-5.750763e-03	-3.860208e+00
8.670000e-06	-3.973894e-03	-3.568894e+00
8.680000e-06	-6.665908e-03	-3.313733e+00
8.690000e-06	-5.579245e-03	-2.986921e+00
8.700000e-06	-7.569164e-03	-2.693211e+00
8.710000e-06	-5.623539e-03	-2.408548e+00
8.720000e-06	-7.778780e-03	-2.072631e+00
8.730000e-06	-5.672520e-03	-1.777948e+00
8.740000e-06	-7.086505e-03	-1.503708e+00
8.750000e-06	-5.430997e-03	-1.125365e+00
8.760000e-06	-6.489094e-03	-8.425490e-01
8.770000e-06	-6.026348e-03	-5.242084e-01
8.780000e-06	-6.809304e-03	-2.616015e-01
8.790000e-06	-3.021644e-03	1.252788e-02
8.800000e-06	8.389798e-03	3.784172e-01
8.810000e-06	-6.908882e-03	6.215302e-01
8.820000e-06	4.431310e-03	8.432358e-01
8.830000e-06	-3.583440e-03	1.211030e+00
8.840000e-06	2.589214e-03	1.497166e+00
8.850000e-06	-6.045570e-03	1.841050e+00
8.860000e-06	1.678090e-02	2.032079e+00
8.870000e-06	5.228894e-02	2.276686e+00
8.880000e-06	9.338071e-02	2.644057e+00
8.890000e-06	-8.468774e-02	3.001474e+00
8.900000e-06	-2.184112e-02	3.256187e+00
8.910000e-06	-3.262473e-02	3.591028e+00
8.920000e-06	-2.378613e-02	3.831679e+00
8.930000e-06	-9.951118e-02	4.044609e+00
8.940000e-06	1.486379e-02	4.305791e+00
8.950000e-06	1.339118e-01	4.611604e+00
8.960000e-06	-1.494110e-01	4.907788e+00
8.970000e-06	1.604030e-01	5.230453e+00
8.980000e-06	-4.019787e-02	5.517791e+00
8.990000e-06	-5.056645e-02	5.790924e+00
9.000000e-06	4.160660e-02	6.065233e+00
9.010000e-06	-1.004159e-01	6.370797e+00
9.020000e-06	9.873296e-02	6.683108e+00
9.030000e-06	-7.169194e-02	6.938819e+00
9.040000e-06	4.790684e-02	7.179925e+00
9.050000e-06	-9.473206e-03	7.518286e+00
9.060000e-06	-2.188287e-02	7.811575e+00
9.070000e-06	1.537223e-02	8.116711e+00
9.080000e-06	-6.739486e-02	8.328466e+00
9.090000e-06	5.739600e-02	8.570394e+00
9.100000e-06	-5.174766e-02	8.823156e+00
9.110000e-06	3.068237e-02	9.064682e+00
9.120000e-06	3.658829e-03	9.317819e+00
9.130000e-06	-4.014734e-02	9.570969e+00
9.140000e-06	1.318417e-02	9.822525e+00
9.150000e-06	-3.607064e-02	1.006316e+01
9.160000e-06	2.832073e-02	1.027511e+01
9.170000e-06	-4.357244e-02	1.051519e+01
9.180000e-06	2.458652e-02	1.073789e+01
9.190000e-06	-2.721796e-02	1.093792e+01
9.200000e-06	4.004683e-03	1.114792e+01
9.210000e-06	-1.285271e-02	1.140992e+01
9.220000e-06	-2.627380e-02	1.162302e+01
9.230000e-06	-8.914671e-04	1.181160e+01
9.240000e-06	-1.743929e-02	1.198163e+01
9.250000e-06	9.569596e-03	1.225155e+01
9.260000e-06	-2.954185e-02	1.239147e+01
9.270000e-06	1.468413e-03	1.257247e+01
9.280000e-06	-2.349052e-02	1.273792e+01
9.290000e-06	-4.124392e-03	1.294836e+01
9.300000e-06	-2.191056e-02	1.313674e+01
9.310000e-06	-1.316668e-02	1.329408e+01
9.320000e-06	-1.193572e-02	1.343360e+01
9.330000e-06	-8.938107e-03	1.359995e+01
9.340000e-06	-7.478031e-03	1.371734e+01
9.350000e-06	-2.240309e-02	1.392519e+01
9.360000e-06	-1.541916e-02	1.406415e+01
9.370000e-06	-1.833534e-02	1.423047e+01
9.380000e-06	-1.401743e-02	1.435887e+01
9.390000e-06	-2.183161e-02	1.452526e+01
9.400000e-06	-1.877031e-02	1.463145e+01
9.410000e-06	-1.482169e-02	1.473626e+01
9.420000e-06	-1.486938e-02	1.486157e+01
9.430000e-06	-1.842882e-02	1.492563e+01
9.440000e-06	-2.512615e-02	1.494944e+01
9.450000e-06	-2.166773e-02	1.505628e+01
9.460000e-06	-2.007848e-02	1.513591e+01
9.470000e-06	-1.903344e-02	1.523108e+01
9.480000e-06	-2.264907e-02	1.529473e+01
9.490000e-06	-2.639446e-02	1.535931e+01
9.500000e-06	-2.313074e-02	1.543409e+01
9.510000e-06	-2.599736e-02	1.545360e+01
9.520000e-06	-2.717720e-02	1.548628e+01
9.530000e-06	-3.062097e-02	1.553791e+01
9.540000e-06	-2.816379e-02	1.555849e+01
9.550000e-06	-2.569011e-02	1.563100e+01
9.560000e-06	-2.716913e-02	1.566208e+01
9.570000e-06	-3.132544e-02	1.567210e+01
9.580000e-06	-3.580493e-02	1.564318e+01
9.590000e-06	-3.394124e-02	1.569265e+01
9.600000e-06	-3.657660e-02	1.568407e+01
9.610000e-06	-3.694253e-02	1.563212e+01
9.620000e-06	-4.121949e-02	1.567360e+01
9.630000e-06	-3.896816e-02	1.563158e+01
9.640000e-06	-4.087667e-02	1.560144e+01
9.650000e-06	-4.334386e-02	1.557894e+01
9.660000e-06	-4.848163e-02	1.551586e+01
9.670000e-06	-5.041213e-02	1.549573e+01
9.680000e-06	-4.935757e-02	1.545162e+01
9.690000e-06	-5.234533e-02	1.543044e+01
9.700000e-06	-5.396658e-02	1.532736e+01
9.710000e-06	-5.820390e-02	1.526167e+01
9.720000e-06	-5.891410e-02	1.521092e+01
9.730000e-06	-6.284604e-02	1.510621e+01
9.740000e-06	-6.546667e-02	1.505152e+01
9.750000e-06	-7.056907e-02	1.494631e+01
9.760000e-06	-7.293582e-02	1.482052e+01
9.770000e-06	-7.193204e-02	1.474586e+01
9.780000e-06	-7.316003e-02	1.461155e+01
9.790000e-06	-7.044059e-02	1.448431e+01
9.800000e-06	-7.089699e-02	1.438992e+01
9.810000e-06	-6.306291e-02	1.427213e+01
9.820000e-06	-6.011077e-02	1.409630e+01
9.830000e-06	-5.288380e-02	1.397839e+01
9.840000e-06	-5.098356e-02	1.383107e+01
9.850000e-06	-4.392734e-02	1.368273e+01
9.860000e-06	-4.063722e-02	1.352578e+01
9.870000e-06	-3.573926e-02	1.337691e+01
9.880000e-06	-3.631251e-02	1.318947e+01
9.890000e-06	-3.554812e-02	1.308163e+01
9.900000e-06	-3.200231e-02	1.288316e+01
9.910000e-06	-2.873735e-02	1.272368e+01
9.920000e-06	-2.670851e-02	1.254844e+01
9.930000e-06	-2.658041e-02	1.233789e+01
9.940000e-06	-2.672022e-02	1.216844e+01
9.950000e-06	-2.301100e-02	1.198886e+01
9.960000e-06	-2.047206e-02	1.174793e+01
9.970000e-06	-2.146527e-02	1.155526e+01
9.980000e-06	-2.381333e-02	1.131573e+01
9.990000e-06	-2.138317e-02	1.109473e+01
1.000000e-05	-1.815205e-02	1.090270e+01
1.001000e-05	-1.655524e-02	1.069165e+01
1.002000e-05	-1.865749e-02	1.044105e+01
1.003000e-05	-1.954179e-02	1.022957e+01
1.004000e-05	-1.699233e-02	9.988493e+00
1.005000e-05	-1.533640e-02	9.715285e+00
1.006000e-05	-1.509354e-02	9.481803e+00
1.007000e-05	-1.705204e-02	9.261178e+00
1.008000e-05	-1.506325e-02	9.071571e+00
1.009000e-05	-1.262472e-02	8.725890e+00
1.010000e-05	-1.195783e-02	8.514306e+00
1.011000e-05	-1.507514e-02	8.262203e+00
1.012000e-05	-1.427501e-02	7.979519e+00
1.013000e-05	-1.323156e-02	7.735315e+00
1.014000e-05	-1.165321e-02	7.470100e+00
1.015000e-05	-1.194040e-02	7.177440e+00
1.016000e-05	-1.282505e-02	6.914807e+00
1.017000e-05	-1.177411e-02	6.670053e+00
1.018000e-05	-1.090428e-02	6.365838e+00
1.019000e-05	-1.046584e-02	6.093734e+00
1.020000e-05	-1.218798e-02	5.817550e+00
1.021000e-05	-1.136415e-02	5.525834e+00
1.022000e-05	-1.033996e-02	5.251024e+00
1.023000e-05	-9.296146e-03	4.862681e+00
1.024000e-05	-1.079545e-02	4.607967e+00
1.025000e-05	-1.241312e-02	4.305836e+00
1.026000e-05	-1.018838e-02	4.010044e+00
1.027000e-05	-9.600402e-03	3.734836e+00
1.028000e-05	-8.681222e-03	3.491676e+00
1.029000e-05	-9.420166e-03	3.134812e+00
1.030000e-05	-9.439441e-03	2.852233e+00
1.031000e-05	-8.315084e-03	2.527336e+00
1.032000e-05	-8.513382e-03	2.249652e+00
1.033000e-05	-1.045019e-02	1.959966e+00
1.034000e-05	-1.046167e-02	1.701778e+00
1.035000e-05	-8.599539e-03	1.347944e+00
1.036000e-05	-7.516657e-03	1.038695e+00
1.037000e-05	-6.152973e-03	6.826817e-01
1.038000e-05	-6.638016e-03	4.305488e-01
1.039000e-05	-6.130865e-03	1.121817e-01
1.040000e-05	-2.978949e-03	-2.199763e-01
1.041000e-05	1.011829e-02	-3.921317e-01
1.042000e-05	-7.346295e-03	-7.904012e-01
1.043000e-05	4.175086e-03	-1.033557e+00
1.044000e-05	-2.654303e-03	-1.346371e+00
1.045000e-05	3.600120e-03	-1.641557e+00
1.046000e-05	4.197618e-04	-1.884237e+00
1.047000e-05	3.499745e-02	-2.126169e+00
1.048000e-05	1.278257e-01	-2.442054e+00
1.049000e-05	-4.292665e-02	-2.813481e+00
1.050000e-05	-4.195897e-02	-3.212581e+00
1.051000e-05	-9.102434e-03	-3.536838e+00
1.052000e-05	-4.081641e-02	-3.749720e+00
1.053000e-05	-1.048448e-01	-4.021530e+00
1.054000e-05	6.232435e-02	-4.178425e+00
1.055000e-05	1.092048e-01	-4.400478e+00
1.056000e-05	-1.725773e-01	-4.749952e+00
1.057000e-05	2.203091e-01	-5.010455e+00
1.058000e-05	-1.608176e-01	-5.378871e+00
1.059000e-05	8.726014e-02	-5.686188e+00
1.060000e-05	-1.541749e-02	-5.917237e+00
1.061000e-05	-1.061244e-01	-6.305657e+00
1.062000e-05	1.837179e-01	-6.506212e+00
1.063000e-05	-1.700393e-01	-6.802049e+00
1.064000e-05	1.801615e-01	-7.115684e+00
1.065000e-05	-7.073982e-02	-7.360395e+00
1.066000e-05	4.441202e-03	-7.695762e+00
1.067000e-05	5.527534e-02	-7.958845e+00
1.068000e-05	-1.315418e-01	-8.233605e+00
1.069000e-05	1.708379e-01	-8.455212e+00
1.070000e-05	-1.550047e-01	-8.740298e+00
1.071000e-05	1.488953e-01	-9.032024e+00
1.072000e-05	-4.809336e-02	-9.212105e+00
1.073000e-05	1.060835e-02	-9.496213e+00
1.074000e-05	3.556771e-02	-9.767770e+00
1.075000e-05	-7.562853e-02	-9.969869e+00
1.076000e-05	1.129459e-01	-1.013997e+01
1.077000e-05	-9.944332e-02	-1.047446e+01
1.078000e-05	1.294249e-01	-1.063258e+01
1.079000e-05	-9.613543e-02	-1.087414e+01
1.080000e-05	9.284642e-02	-1.110566e+01
1.081000e-05	-4.864188e-02	-1.128724e+01
1.082000e-05	3.451311e-02	-1.150787e+01
1.083000e-05	-3.341571e-03	-1.173989e+01
1.084000e-05	-9.472998e-04	-1.197057e+01
1.085000e-05	4.265208e-02	-1.216934e+01
1.086000e-05	-2.033518e-02	-1.238137e+01
1.087000e-05	5.318522e-02	-1.255781e+01
1.088000e-05	-4.124499e-02	-1.268784e+01
1.089000e-05	5.297066e-02	-1.293726e+01
1.090000e-05	-3.240573e-02	-1.310669e+01
1.091000e-05	4.655503e-02	-1.326361e+01
1.092000e-05	-2.205042e-02	-1.343147e+01
1.093000e-05	3.877822e-02	-1.355987e+01
1.094000e-05	-7.097287e-04	-1.374779e+01
1.095000e-05	2.679029e-02	-1.392681e+01
1.096000e-05	2.581281e-03	-1.405366e+01
1.097000e-05	9.348123e-03	-1.421197e+01
1.098000e-05	1.293012e-02	-1.432831e+01
1.099000e-05	7.552680e-03	-1.448460e+01
1.100000e-05	2.205502e-02	-1.461139e+01
1.101000e-05	5.852961e-03	-1.466671e+01
1.102000e-05	2.642076e-02	-1.480195e+01
1.103000e-05	8.497993e-03	-1.489829e+01
1.104000e-05	2.227866e-02	-1.500045e+01
1.105000e-05	2.702655e-03	-1.508824e+01
1.106000e-05	1.675392e-02	-1.518039e+01
1.107000e-05	1.259528e-02	-1.526565e+01
1.108000e-05	2.464681e-02	-1.535776e+01
1.109000e-05	1.890859e-02	-1.541190e+01
1.110000e-05	2.056736e-02	-1.547611e+01
1.111000e-05	1.650933e-02	-1.550679e+01
1.112000e-05	1.918778e-02	-1.560040e+01
1.113000e-05	1.595537e-02	-1.561200e+01
1.114000e-05	1.859614e-02	-1.565455e+01
1.115000e-05	1.945516e-02	-1.567526e+01
1.116000e-05	2.579896e-02	-1.571573e+01
1.117000e-05	2.808406e-02	-1.578734e+01
1.118000e-05	2.671375e-02	-1.579789e+01
1.119000e-05	2.469752e-02	-1.580082e+01
1.120000e-05	2.420097e-02	-1.578042e+01
1.121000e-05	2.695220e-02	-1.576792e+01
1.122000e-05	2.623403e-02	-1.578032e+01
1.123000e-05	3.047782e-02	-1.574934e+01
1.124000e-05	3.116403e-02	-1.576688e+01
1.125000e-05	3.826872e-02	-1.566523e+01
1.126000e-05	3.849716e-02	-1.568515e+01
1.127000e-05	3.949433e-02	-1.565257e+01
1.128000e-05	3.865579e-02	-1.559992e+01
1.129000e-05	4.104756e-02	-1.555779e+01
1.130000e-05	4.183020e-02	-1.550413e+01
1.131000e-05	4.339297e-02	-1.541099e+01
1.132000e-05	4.659158e-02	-1.533886e+01
1.133000e-05	4.918314e-02	-1.524323e+01
1.134000e-05	5.575939e-02	-1.519050e+01
1.135000e-05	5.854626e-02	-1.510821e+01
1.136000e-05	6.230388e-02	-1.501959e+01
1.137000e-05	6.193226e-02	-1.493623e+01
1.138000e-05	6.327405e-02	-1.484212e+01
1.139000e-05	6.347143e-02	-1.468676e+01
1.140000e-05	6.121073e-02	-1.457954e+01
1.141000e-05	5.729601e-02	-1.446210e+01
1.142000e-05	5.395162e-02	-1.434778e+01
1.143000e-05	4.978165e-02	-1.423102e+01
1.144000e-05	4.539738e-02	-1.407268e+01
1.145000e-05	4.015576e-02	-1.388826e+01
1.146000e-05	3.443203e-02	-1.379994e+01
1.147000e-05	2.942772e-02	-1.361047e+01
1.148000e-05	2.677840e-02	-1.347112e+01
1.149000e-05	2.470760e-02	-1.330318e+01
1.150000e-05	2.229167e-02	-1.312781e+01
1.151000e-05	2.077997e-02	-1.297896e+01
1.152000e-05	1.932534e-02	-1.277947e+01
1.153000e-05	1.708045e-02	-1.261150e+01
1.154000e-05	1.520781e-02	-1.245108e+01
1.155000e-05	1.268018e-02	-1.223210e+01
1.156000e-05	1.111509e-02	-1.203203e+01
1.157000e-05	1.015463e-02	-1.188117e+01
1.158000e-05	9.958449e-03	-1.162002e+01
1.159000e-05	9.642811e-03	-1.133884e+01
1.160000e-05	8.894652e-03	-1.114674e+01
1.161000e-05	7.703942e-03	-1.092579e+01
1.162000e-05	6.466516e-03	-1.071526e+01
1.163000e-05	5.220469e-03	-1.048419e+01
1.164000e-05	3.550970e-03	-1.026365e+01
1.165000e-05	2.407737e-03	-1.001150e+01
1.166000e-05	3.465819e-03	-9.809521e+00
1.167000e-05	3.478190e-03	-9.567439e+00
1.168000e-05	3.713193e-03	-9.315807e+00
1.169000e-05	1.974388e-03	-9.052173e+00
1.170000e-05	1.285369e-03	-8.849652e+00
1.171000e-05	1.052452e-03	-8.618391e+00
1.172000e-05	-6.157784e-05	-8.295290e+00
1.173000e-05	-8.938480e-04	-8.083703e+00
1.174000e-05	-1.738681e-03	-7.789447e+00
1.175000e-05	-1.941059e-03	-7.525759e+00
1.176000e-05	-4.675509e-04	-7.251595e+00
1.177000e-05	-1.169305e-03	-6.944711e+00
1.178000e-05	-2.485234e-03	-6.672104e+00
1.179000e-05	-2.237241e-03	-6.430093e+00
1.180000e-05	-2.513298e-03	-6.105863e+00
1.181000e-05	-3.467913e-03	-5.862629e+00
1.182000e-05	-4.688219e-03	-5.578045e+00
1.183000e-05	-4.337005e-03	-5.263129e+00
1.184000e-05	-4.837670e-03	-4.974916e+00
1.185000e-05	-3.658533e-03	-4.640076e+00
1.186000e-05	-5.724109e-03	-4.367019e+00
1.187000e-05	-4.039707e-03	-4.113708e+00
1.188000e-05	-4.845044e-03	-3.809475e+00
1.189000e-05	-2.793940e-03	-3.534761e+00
1.190000e-05	-6.897071e-03	-3.252102e+00
1.191000e-05	-5.512398e-03	-2.923787e+00
1.192000e-05	-8.290582e-03	-2.661099e+00
1.193000e-05	-5.518419e-03	-2.325417e+00
1.194000e-05	-9.278715e-03	-2.020623e+00
1.195000e-05	-5.495210e-03	-1.715360e+00
1.196000e-05	-7.709574e-03	-1.419197e+00
1.197000e-05	-4.528179e-03	-1.082685e+00
1.198000e-05	-7.273997e-03	-7.895723e-01
1.199000e-05	-5.813544e-03	-4.512554e-01
1.200000e-05	-7.331005e-03	-1.779926e-01
1.201000e-05	-4.598868e-04	1.377118e-01
1.202000e-05	6.430842e-03	4.115526e-01
1.203000e-05	-5.805121e-03	6.555590e-01
1.204000e-05	4.331749e-03	8.953446e-01
1.205000e-05	-3.224939e-03	1.243637e+00
1.206000e-05	2.596791e-03	1.560870e+00
1.207000e-05	-4.779707e-03	1.884658e+00
1.208000e-05	2.108389e-02	2.054133e+00
1.209000e-05	7.111057e-02	2.357892e+00
1.210000e-05	6.360933e-02	2.739822e+00
1.211000e-05	-9.190865e-02	3.034605e+00
1.212000e-05	-1.471567e-02	3.348368e+00
1.213000e-05	-3.135111e-02	3.663078e+00
1.214000e-05	-3.074062e-02	3.884234e+00
1.215000e-05	-1.026112e-01	4.085757e+00
1.216000e-05	6.080659e-02	4.390823e+00
1.217000e-05	9.169640e-02	4.655709e+00
1.218000e-05	-1.373126e-01	4.920892e+00
1.219000e-05	1.922248e-01	5.286161e+00
1.220000e-05	-1.144615e-01	5.580925e+00
1.221000e-05	1.306670e-02	5.842549e+00
1.222000e-05	-7.513189e-03	6.158941e+00
1.223000e-05	-6.262141e-02	6.412453e+00
1.224000e-05	8.665065e-02	6.686212e+00
1.225000e-05	-8.327711e-02	6.980471e+00
1.226000e-05	8.019560e-02	7.254736e+00
1.227000e-05	-4.900081e-02	7.591469e+00
1.228000e-05	1.308051e-02	7.853182e+00
1.229000e-05	-2.537294e-02	8.149390e+00
1.230000e-05	-3.343106e-02	8.380452e+00
1.231000e-05	4.632606e-02	8.602054e+00
1.232000e-05	-5.515646e-02	8.903737e+00
1.233000e-05	4.930878e-02	9.118766e+00
1.234000e-05	-2.657879e-02	9.360392e+00
1.235000e-05	-1.384500e-02	9.623028e+00
1.236000e-05	-8.286001e-03	9.873630e+00
1.237000e-05	-1.737602e-02	1.009521e+01
1.238000e-05	9.331041e-03	1.031671e+01
1.239000e-05	-3.270913e-02	1.055939e+01
1.240000e-05	2.574927e-02	1.081045e+01
1.241000e-05	-3.221874e-02	1.098150e+01
1.242000e-05	1.277909e-02	1.119955e+01
1.243000e-05	-2.706390e-02	1.138400e+01
1.244000e-05	-1.200532e-02	1.166370e+01
1.245000e-05	-1.376274e-02	1.186363e+01
1.246000e-05	-6.351281e-03	1.209621e+01
1.247000e-05	-2.787582e-03	1.225513e+01
1.248000e-05	-1.868408e-02	1.245310e+01
1.249000e-05	-2.751998e-03	1.260203e+01
1.250000e-05	-1.992659e-02	1.281097e+01
1.251000e-05	-7.236441e-03	1.297087e+01
1.252000e-05	-2.405563e-02	1.316989e+01
1.253000e-05	-1.073450e-02	1.334731e+01
1.254000e-05	-1.473533e-02	1.346568e+01
1.255000e-05	-4.937113e-03	1.362347e+01
1.256000e-05	-1.391864e-02	1.382992e+01
1.257000e-05	-1.669513e-02	1.392833e+01
1.258000e-05	-1.918652e-02	1.406573e+01
1.259000e-05	-1.489784e-02	1.425368e+01
1.260000e-05	-1.860562e-02	1.444089e+01
1.261000e-05	-2.022978e-02	1.452823e+01
1.262000e-05	-1.783791e-02	1.462052e+01
1.263000e-05	-1.472884e-02	1.473847e+01
1.264000e-05	-1.524158e-02	1.481352e+01
1.265000e-05	-2.204661e-02	1.489631e+01
1.266000e-05	-2.307378e-02	1.503137e+01
1.267000e-05	-2.362066e-02	1.508574e+01
1.268000e-05	-1.840656e-02	1.518034e+01
1.269000e-05	-2.124350e-02	1.524313e+01
1.270000e-05	-2.100064e-02	1.528526e+01
1.271000e-05	-2.547427e-02	1.538944e+01
1.272000e-05	-2.280138e-02	1.547307e+01
1.273000e-05	-2.641783e-02	1.549520e+01
1.274000e-05	-2.891922e-02	1.552778e+01
1.275000e-05	-3.052949e-02	1.557894e+01
1.276000e-05	-2.814215e-02	1.558850e+01
1.277000e-05	-2.558281e-02	1.561200e+01
1.278000e-05	-2.980330e-02	1.567255e+01
1.279000e-05	-3.063154e-02	1.563258e+01
1.280000e-05	-3.529528e-02	1.566463e+01
1.281000e-05	-3.317008e-02	1.565310e+01
1.282000e-05	-3.734953e-02	1.568363e+01
1.283000e-05	-3.792862e-02	1.566505e+01
1.284000e-05	-4.013426e-02	1.568162e+01
1.285000e-05	-3.959037e-02	1.563150e+01
1.286000e-05	-4.091790e-02	1.560149e+01
1.287000e-05	-4.556809e-02	1.556942e+01
1.288000e-05	-4.753837e-02	1.556726e+01
1.289000e-05	-5.018082e-02	1.550568e+01
1.290000e-05	-4.831934e-02	1.544355e+01
1.291000e-05	-5.155315e-02	1.533949e+01
1.292000e-05	-5.363224e-02	1.535578e+01
1.293000e-05	-5.777171e-02	1.528215e+01
1.294000e-05	-6.025572e-02	1.517930e+01
1.295000e-05	-6.458309e-02	1.506466e+01
1.296000e-05	-6.798392e-02	1.496952e+01
1.297000e-05	-6.961349e-02	1.492578e+01
1.298000e-05	-7.191881e-02	1.482104e+01
1.299000e-05	-7.254315e-02	1.468573e+01
1.300000e-05	-7.387583e-02	1.459891e+01
1.301000e-05	-6.991317e-02	1.449378e+01
1.302000e-05	-6.749936e-02	1.438937e+01
1.303000e-05	-6.342448e-02	1.426209e+01
1.304000e-05	-5.979660e-02	1.409573e+01
1.305000e-05	-5.187170e-02	1.395689e+01
1.306000e-05	-4.742226e-02	1.379096e+01
1.307000e-05	-4.414548e-02	1.365308e+01
1.308000e-05	-4.183399e-02	1.349268e+01
1.309000e-05	-3.541047e-02	1.331638e+01
1.310000e-05	-3.484491e-02	1.313784e+01
1.311000e-05	-3.312109e-02	1.304052e+01
1.312000e-05	-3.318822e-02	1.285102e+01
1.313000e-05	-2.926856e-02	1.265166e+01
1.314000e-05	-2.702689e-02	1.251523e+01
1.315000e-05	-2.487847e-02	1.230674e+01
1.316000e-05	-2.566066e-02	1.215636e+01
1.317000e-05	-2.282511e-02	1.193778e+01
1.318000e-05	-2.253390e-02	1.169431e+01
1.319000e-05	-2.109153e-02	1.151468e+01
1.320000e-05	-2.213553e-02	1.129420e+01
1.321000e-05	-2.212530e-02	1.109262e+01
1.322000e-05	-1.995961e-02	1.084015e+01
1.323000e-05	-1.808424e-02	1.064210e+01
1.324000e-05	-1.723117e-02	1.040900e+01
1.325000e-05	-1.899738e-02	1.017746e+01
1.326000e-05	-1.552517e-02	9.894862e+00
1.327000e-05	-1.542137e-02	9.673231e+00
1.328000e-05	-1.337459e-02	9.451549e+00
1.329000e-05	-1.620585e-02	9.158945e+00
1.330000e-05	-1.652411e-02	8.999963e+00
1.331000e-05	-1.547137e-02	8.704232e+00
1.332000e-05	-1.321075e-02	8.502553e+00
1.333000e-05	-1.205200e-02	8.219470e+00
1.334000e-05	-1.284281e-02	7.925336e+00
1.335000e-05	-1.134519e-02	7.702252e+00
1.336000e-05	-1.167994e-02	7.429448e+00
1.337000e-05	-1.196522e-02	7.085685e+00
1.338000e-05	-1.450634e-02	6.860624e+00
1.339000e-05	-1.126030e-02	6.587936e+00
1.340000e-05	-1.049364e-02	6.293232e+00
1.341000e-05	-9.707023e-03	6.041127e+00
1.342000e-05	-1.307941e-02	5.755961e+00
1.343000e-05	-1.086566e-02	5.480727e+00
1.344000e-05	-9.548312e-03	5.196389e+00
1.345000e-05	-8.375925e-03	4.820046e+00
1.346000e-05	-1.086480e-02	4.535336e+00
1.347000e-05	-1.243708e-02	4.261224e+00
1.348000e-05	-8.972658e-03	4.005442e+00
1.349000e-05	-8.018278e-03	3.672681e+00
1.350000e-05	-8.497675e-03	3.415894e+00
1.351000e-05	-1.058370e-02	3.062707e+00
1.352000e-05	-9.846191e-03	2.819995e+00
1.353000e-05	-7.684788e-03	2.483237e+00
1.354000e-05	-7.292891e-03	2.197494e+00
1.355000e-05	-9.525833e-03	1.923261e+00
1.356000e-05	-9.849027e-03	1.598547e+00
1.357000e-05	-7.607361e-03	1.294180e+00
1.358000e-05	-6.402024e-03	9.233346e-01
1.359000e-05	-6.359060e-03	6.405990e-01
1.360000e-05	-7.816618e-03	3.585211e-01
1.361000e-05	-5.447519e-03	1.955138e-02
1.362000e-05	7.263411e-05	-2.440579e-01
1.363000e-05	1.038505e-02	-4.847920e-01
1.364000e-05	-7.540450e-03	-8.125525e-01
1.365000e-05	3.878232e-03	-1.095217e+00
1.366000e-05	-3.490450e-03	-1.443461e+00
1.367000e-05	3.485258e-03	-1.675716e+00
1.368000e-05	3.912900e-03	-1.928871e+00
1.369000e-05	4.837780e-02	-2.149827e+00
1.370000e-05	1.290929e-01	-2.477193e+00
1.371000e-05	-8.192730e-02	-2.896292e+00
1.372000e-05	-1.252956e-02	-3.315763e+00
1.373000e-05	-2.743962e-02	-3.538846e+00
1.374000e-05	-3.926906e-02	-3.781474e+00
1.375000e-05	-1.223690e-01	-4.043629e+00
1.376000e-05	1.445468e-01	-4.211528e+00
1.377000e-05	9.955661e-03	-4.446263e+00
1.378000e-05	-8.938200e-02	-4.822982e+00
1.379000e-05	2.031722e-01	-5.023607e+00
1.380000e-05	-1.988544e-01	-5.451655e+00
1.381000e-05	1.639800e-01	-5.727245e+00
1.382000e-05	-1.191428e-01	-5.920401e+00
1.383000e-05	8.409711e-04	-6.348744e+00
1.384000e-05	1.119714e-01	-6.547895e+00
1.385000e-05	-1.427450e-01	-6.864259e+00
1.386000e-05	2.018280e-01	-7.149843e+00
1.387000e-05	-1.422115e-01	-7.433005e+00
1.388000e-05	8.667385e-02	-7.719417e+00
1.389000e-05	-3.432794e-02	-8.031523e+00
1.390000e-05	-5.122947e-02	-8.294639e+00
1.391000e-05	1.258810e-01	-8.497789e+00
1.392000e-05	-1.462593e-01	-8.800928e+00
1.393000e-05	1.838392e-01	-9.044632e+00
1.394000e-05	-1.143047e-01	-9.275190e+00
1.395000e-05	8.300367e-02	-9.559339e+00
1.396000e-05	-3.751298e-02	-9.779944e+00
1.397000e-05	-3.041665e-03	-1.000200e+01
1.398000e-05	5.631271e-02	-1.023250e+01
1.399000e-05	-6.301780e-02	-1.047566e+01
1.400000e-05	1.067482e-01	-1.069571e+01
1.401000e-05	-9.643184e-02	-1.091626e+01
1.402000e-05	1.112438e-01	-1.113876e+01
1.403000e-05	-7.862624e-02	-1.136939e+01
1.404000e-05	7.377900e-02	-1.157097e+01
1.405000e-05	-3.989236e-02	-1.183197e+01
1.406000e-05	3.921527e-02	-1.206303e+01
1.407000e-05	3.399222e-03	-1.220042e+01
1.408000e-05	5.807531e-03	-1.238145e+01
1.409000e-05	2.354660e-02	-1.258045e+01
1.410000e-05	-2.014148e-02	-1.283147e+01
1.411000e-05	4.282985e-02	-1.293939e+01
1.412000e-05	-2.282388e-02	-1.313881e+01
1.413000e-05	4.808631e-02	-1.327521e+01
1.414000e-05	-2.258893e-02	-1.344511e+01
1.415000e-05	4.398242e-02	-1.361000e+01
1.416000e-05	-1.362430e-02	-1.377980e+01
1.417000e-05	3.352997e-02	-1.395891e+01
1.418000e-05	-9.439821e-03	-1.411568e+01
1.419000e-05	2.363384e-02	-1.420357e+01
1.420000e-05	5.080096e-03	-1.435886e+01
1.421000e-05	1.922002e-02	-1.450671e+01
1.422000e-05	1.470488e-02	-1.462195e+01
1.423000e-05	1.231525e-02	-1.470884e+01
1.424000e-05	1.871165e-02	-1.482207e+01
1.425000e-05	8.870789e-03	-1.496734e+01
1.426000e-05	1.881550e-02	-1.504160e+01
1.427000e-05	6.969922e-03	-1.509676e+01
1.428000e-05	2.008585e-02	-1.519102e+01
1.429000e-05	1.699834e-02	-1.527370e+01
1.430000e-05	2.170619e-02	-1.536831e+01
1.431000e-05	1.680581e-02	-1.542245e+01
1.432000e-05	1.823193e-02	-1.547469e+01
1.433000e-05	1.523305e-02	-1.552726e+01
1.434000e-05	2.029481e-02	-1.557039e+01
1.435000e-05	1.728882e-02	-1.563157e+01
1.436000e-05	2.583474e-02	-1.565365e+01
1.437000e-05	2.091481e-02	-1.567479e+01
1.438000e-05	2.652828e-02	-1.571726e+01
1.439000e-05	2.056572e-02	-1.576834e+01
1.440000e-05	2.327116e-02	-1.575937e+01
1.441000e-05	2.369915e-02	-1.578894e+01
1.442000e-05	2.771047e-02	-1.577740e+01
1.443000e-05	3.076661e-02	-1.577857e+01
1.444000e-05	3.131850e-02	-1.577892e+01
1.445000e-05	3.399606e-02	-1.571676e+01
1.446000e-05	3.229756e-02	-1.573531e+01
1.447000e-05	3.392992e-02	-1.570473e+01
1.448000e-05	3.281692e-02	-1.566313e+01
1.449000e-05	3.688058e-02	-1.563203e+01
1.450000e-05	3.945363e-02	-1.557942e+01
1.451000e-05	4.589123e-02	-1.552777e+01
1.452000e-05	4.476944e-02	-1.548363e+01
1.453000e-05	4.749694e-02	-1.540050e+01
1.454000e-05	4.614214e-02	-1.535683e+01
1.455000e-05	4.995791e-02	-1.524305e+01
1.456000e-05	5.326069e-02	-1.516887e+01
1.457000e-05	5.681501e-02	-1.510518e+01
1.458000e-05	5.953558e-02	-1.500089e+01
1.459000e-05	6.350557e-02	-1.484523e+01
1.460000e-05	6.616529e-02	-1.474950e+01
1.461000e-05	6.446170e-02	-1.466476e+01
1.462000e-05	6.171730e-02	-1.459789e+01
1.463000e-05	5.659285e-02	-1.445112e+01
1.464000e-05	5.301333e-02	-1.428623e+01
1.465000e-05	4.736612e-02	-1.418947e+01
1.466000e-05	4.170474e-02	-1.406255e+01
1.467000e-05	3.716677e-02	-1.390411e+01
1.468000e-05	3.435867e-02	-1.370531e+01
1.469000e-05	3.161819e-02	-1.355940e+01
1.470000e-05	2.729595e-02	-1.345103e+01
1.471000e-05	2.407516e-02	-1.328260e+01
1.472000e-05	2.168025e-02	-1.307518e+01
1.473000e-05	2.111062e-02	-1.293638e+01
1.474000e-05	1.780384e-02	-1.274784e+01
1.475000e-05	1.563766e-02	-1.260897e+01
1.476000e-05	1.427672e-02	-1.244050e+01
1.477000e-05	1.357831e-02	-1.221103e+01
1.478000e-05	1.252380e-02	-1.200904e+01
1.479000e-05	1.129783e-02	-1.182895e+01
1.480000e-05	9.362814e-03	-1.155702e+01
1.481000e-05	8.964756e-03	-1.134528e+01
1.482000e-05	8.332384e-03	-1.110571e+01
1.483000e-05	7.949677e-03	-1.087368e+01
1.484000e-05	6.437059e-03	-1.067218e+01
1.485000e-05	5.301611e-03	-1.044262e+01
1.486000e-05	4.371927e-03	-1.020105e+01
1.487000e-05	3.920542e-03	-9.988920e+00
1.488000e-05	3.204148e-03	-9.775889e+00
1.489000e-05	2.679635e-03	-9.515210e+00
1.490000e-05	2.499702e-03	-9.242603e+00
1.491000e-05	1.879301e-03	-9.021053e+00
1.492000e-05	2.368661e-03	-8.788343e+00
1.493000e-05	7.478078e-04	-8.525240e+00
1.494000e-05	4.646389e-05	-8.263228e+00
1.495000e-05	-3.889351e-04	-8.019091e+00
1.496000e-05	-5.570957e-04	-7.747718e+00
1.497000e-05	-1.370362e-03	-7.441150e+00
1.498000e-05	-1.214130e-03	-7.147465e+00
1.499000e-05	-2.222642e-03	-6.893180e+00
1.500000e-05	-1.718433e-03	-6.629600e+00
1.501000e-05	-2.517806e-03	-6.346839e+00
1.502000e-05	-3.541198e-03	-6.062631e+00
1.503000e-05	-4.480746e-03	-5.789494e+00
1.504000e-05	-3.354606e-03	-5.485335e+00
1.505000e-05	-4.345341e-03	-5.168973e+00
1.506000e-05	-4.448501e-03	-4.881232e+00
1.507000e-05	-4.863091e-03	-4.546438e+00
1.508000e-05	-4.452576e-03	-4.315765e+00
1.509000e-05	-4.939934e-03	-4.092151e+00
1.510000e-05	-4.029591e-03	-3.744838e+00
1.511000e-05	-5.018184e-03	-3.451654e+00
1.512000e-05	-5.235013e-03	-3.188920e+00
1.513000e-05	-6.699461e-03	-2.842104e+00
1.514000e-05	-7.435326e-03	-2.566419e+00
1.515000e-05	-6.914855e-03	-2.292182e+00
1.516000e-05	-9.055043e-03	-1.957343e+00
1.517000e-05	-4.479441e-03	-1.713730e+00
1.518000e-05	-8.569093e-03	-1.374840e+00
1.519000e-05	-1.387061e-03	-1.029499e+00
1.520000e-05	-9.259939e-03	-7.463931e-01
1.521000e-05	-3.416743e-03	-4.089989e-01
1.522000e-05	-9.153714e-03	-1.357883e-01
1.523000e-05	2.493882e-03	1.909547e-01
1.524000e-05	-7.186497e-04	4.537068e-01
1.525000e-05	-2.177124e-03	7.082732e-01
1.526000e-05	3.353712e-03	1.013500e+00
1.527000e-05	2.198921e-04	1.327318e+00
1.528000e-05	2.495863e-03	1.643060e+00
1.529000e-05	-4.198410e-04	1.894738e+00
1.530000e-05	2.547691e-02	2.119317e+00
1.531000e-05	8.878334e-02	2.381603e+00
1.532000e-05	2.150503e-02	2.813051e+00
1.533000e-05	-8.259455e-02	3.086217e+00
1.534000e-05	-1.304281e-02	3.402529e+00
1.535000e-05	-2.898760e-02	3.675735e+00
1.536000e-05	-4.460124e-02	3.926768e+00
1.537000e-05	-9.173690e-02	4.150345e+00
1.538000e-05	1.065618e-01	4.443530e+00
1.539000e-05	2.176884e-02	4.768320e+00
1.540000e-05	-8.321665e-02	5.032471e+00
1.541000e-05	1.843197e-01	5.358871e+00
1.542000e-05	-1.523296e-01	5.582628e+00
1.543000e-05	6.207086e-02	5.917738e+00
1.544000e-05	-5.880262e-02	6.220024e+00
1.545000e-05	-7.361363e-03	6.454658e+00
1.546000e-05	5.213984e-02	6.779895e+00
1.547000e-05	-7.383576e-02	7.013600e+00
1.548000e-05	8.763668e-02	7.347841e+00
1.549000e-05	-7.031509e-02	7.634078e+00
1.550000e-05	4.392164e-02	7.888256e+00
1.551000e-05	-6.177256e-02	8.201955e+00
1.552000e-05	4.262636e-03	8.462083e+00
1.553000e-05	2.190705e-02	8.694634e+00
1.554000e-05	-4.435589e-02	8.918390e+00
1.555000e-05	5.641654e-02	9.190495e+00
1.556000e-05	-5.181951e-02	9.414128e+00
1.557000e-05	1.030975e-02	9.665157e+00
1.558000e-05	-2.878247e-02	9.907336e+00
1.559000e-05	7.590593e-03	1.016844e+01
1.560000e-05	-1.401834e-02	1.039042e+01
1.561000e-05	-1.675664e-02	1.062240e+01
1.562000e-05	1.659487e-02	1.082308e+01
1.563000e-05	-2.833140e-02	1.102208e+01
1.564000e-05	1.619492e-02	1.127410e+01
1.565000e-05	-3.803989e-02	1.150613e+01
1.566000e-05	6.311332e-05	1.171583e+01
1.567000e-05	-2.306003e-02	1.190573e+01
1.568000e-05	7.986956e-03	1.213731e+01
1.569000e-05	-1.829440e-02	1.232673e+01
1.570000e-05	-1.112172e-02	1.249715e+01
1.571000e-05	-1.116436e-02	1.266421e+01
1.572000e-05	-1.229637e-02	1.282413e+01
1.573000e-05	-9.372627e-03	1.302400e+01
1.574000e-05	-2.383719e-02	1.319887e+01
1.575000e-05	-8.729721e-03	1.337934e+01
1.576000e-05	-1.662045e-02	1.347631e+01
1.577000e-05	-1.313226e-03	1.370463e+01
1.578000e-05	-2.128962e-02	1.379157e+01
1.579000e-05	-1.527836e-02	1.395000e+01
1.580000e-05	-2.173441e-02	1.414581e+01
1.581000e-05	-9.604799e-03	1.432868e+01
1.582000e-05	-2.031996e-02	1.441312e+01
1.583000e-05	-2.047285e-02	1.455781e+01
1.584000e-05	-1.846690e-02	1.464155e+01
1.585000e-05	-1.402363e-02	1.474934e+01
1.586000e-05	-1.460596e-02	1.485458e+01
1.587000e-05	-2.403839e-02	1.495683e+01
1.588000e-05	-2.263721e-02	1.500148e+01
1.589000e-05	-2.410540e-02	1.508526e+01
1.590000e-05	-1.564520e-02	1.515049e+01
1.591000e-05	-2.330083e-02	1.526413e+01
1.592000e-05	-2.327645e-02	1.530526e+01
1.593000e-05	-2.606271e-02	1.538047e+01
1.594000e-05	-2.097005e-02	1.545204e+01
1.595000e-05	-2.519753e-02	1.550428e+01
1.596000e-05	-2.908922e-02	1.550679e+01
1.597000e-05	-2.966784e-02	1.561839e+01
1.598000e-05	-2.829392e-02	1.563002e+01
1.599000e-05	-2.533320e-02	1.560145e+01
1.600000e-05	-3.145859e-02	1.563307e+01
1.601000e-05	-3.218267e-02	1.561310e+01
1.602000e-05	-3.616904e-02	1.568315e+01
1.603000e-05	-3.222706e-02	1.565318e+01
1.604000e-05	-3.529105e-02	1.566405e+01
1.605000e-05	-3.893371e-02	1.567220e+01
1.606000e-05	-3.947236e-02	1.562410e+01
1.607000e-05	-4.033835e-02	1.563103e+01
1.608000e-05	-3.975982e-02	1.563195e+01
1.609000e-05	-4.594503e-02	1.555792e+01
1.610000e-05	-4.902937e-02	1.554574e+01
1.611000e-05	-5.018418e-02	1.549322e+01
1.612000e-05	-4.891927e-02	1.543160e+01
1.613000e-05	-5.165239e-02	1.540294e+01
1.614000e-05	-5.553681e-02	1.528478e+01
1.615000e-05	-5.867222e-02	1.524057e+01
1.616000e-05	-6.065818e-02	1.512934e+01
1.617000e-05	-6.205947e-02	1.510366e+01
1.618000e-05	-6.842918e-02	1.498839e+01
1.619000e-05	-7.181887e-02	1.492515e+01
1.620000e-05	-7.330726e-02	1.477962e+01
1.621000e-05	-7.167573e-02	1.471466e+01
1.622000e-05	-7.206509e-02	1.458844e+01
1.623000e-05	-7.044578e-02	1.446263e+01
1.624000e-05	-6.702432e-02	1.432629e+01
1.625000e-05	-6.144077e-02	1.424102e+01
1.626000e-05	-5.699553e-02	1.402468e+01
1.627000e-05	-5.189766e-02	1.391383e+01
1.628000e-05	-4.829656e-02	1.380784e+01
1.629000e-05	-4.249415e-02	1.358102e+01
1.630000e-05	-3.994919e-02	1.347215e+01
1.631000e-05	-3.566093e-02	1.328583e+01
1.632000e-05	-3.647498e-02	1.314679e+01
1.633000e-05	-3.288827e-02	1.298836e+01
1.634000e-05	-3.093828e-02	1.277852e+01
1.635000e-05	-2.694253e-02	1.266200e+01
1.636000e-05	-2.806410e-02	1.245115e+01
1.637000e-05	-2.548315e-02	1.227266e+01
1.638000e-05	-2.505808e-02	1.213258e+01
1.639000e-05	-2.219259e-02	1.186261e+01
1.640000e-05	-2.246095e-02	1.167212e+01
1.641000e-05	-2.189733e-02	1.147105e+01
1.642000e-05	-2.198841e-02	1.121002e+01
1.643000e-05	-2.044459e-02	1.101002e+01
1.644000e-05	-1.858187e-02	1.079102e+01
1.645000e-05	-1.896988e-02	1.058652e+01
1.646000e-05	-1.830099e-02	1.037639e+01
1.647000e-05	-1.883099e-02	1.009586e+01
1.648000e-05	-1.622517e-02	9.882202e+00
1.649000e-05	-1.655772e-02	9.621077e+00
1.650000e-05	-1.540004e-02	9.387945e+00
1.651000e-05	-1.489666e-02	9.125389e+00
1.652000e-05	-1.329174e-02	8.924161e+00
1.653000e-05	-1.336125e-02	8.661502e+00
1.654000e-05	-1.519251e-02	8.439577e+00
1.655000e-05	-1.409828e-02	8.166912e+00
1.656000e-05	-1.258964e-02	7.873205e+00
1.657000e-05	-1.112112e-02	7.639123e+00
1.658000e-05	-1.294392e-02	7.324840e+00
1.659000e-05	-1.238498e-02	7.061603e+00
1.660000e-05	-1.213444e-02	6.818041e+00
1.661000e-05	-9.901146e-03	6.524157e+00
1.662000e-05	-1.065742e-02	6.232124e+00
1.663000e-05	-1.188921e-02	5.978495e+00
1.664000e-05	-1.084238e-02	5.693232e+00
1.665000e-05	-1.010183e-02	5.431023e+00
1.666000e-05	-1.004503e-02	5.083689e+00
1.667000e-05	-1.111612e-02	4.747964e+00
1.668000e-05	-1.116941e-02	4.503806e+00
1.669000e-05	-9.944663e-03	4.189344e+00
1.670000e-05	-8.382407e-03	3.874658e+00
1.671000e-05	-9.467911e-03	3.649551e+00
1.672000e-05	-8.992892e-03	3.324810e+00
1.673000e-05	-9.182496e-03	3.030626e+00
1.674000e-05	-8.163383e-03	2.768440e+00
1.675000e-05	-8.374791e-03	2.431072e+00
1.676000e-05	-9.511355e-03	2.134263e+00
1.677000e-05	-8.705678e-03	1.852678e+00
1.678000e-05	-7.865105e-03	1.534766e+00
1.679000e-05	-7.298772e-03	1.249553e+00
1.680000e-05	-7.431672e-03	8.316543e-01
1.681000e-05	-7.757816e-03	5.689410e-01
1.682000e-05	-6.426503e-03	3.137643e-01
1.683000e-05	-3.853741e-03	-5.305495e-02
1.684000e-05	3.440957e-03	-3.057381e-01
1.685000e-05	5.633118e-03	-5.910511e-01
1.686000e-05	-4.446473e-03	-8.837356e-01
1.687000e-05	2.665117e-03	-1.137872e+00
1.688000e-05	-1.476768e-03	-1.474792e+00
1.689000e-05	-3.029532e-04	-1.727344e+00
1.690000e-05	8.074997e-03	-1.947945e+00
1.691000e-05	6.646145e-02	-2.213030e+00
1.692000e-05	1.103179e-01	-2.529851e+00
1.693000e-05	-9.861181e-02	-2.983531e+00
1.694000e-05	5.753695e-03	-3.389371e+00
1.695000e-05	-4.222736e-02	-3.589998e+00
1.696000e-05	-4.358441e-02	-3.914134e+00
1.697000e-05	-1.187723e-01	-4.055782e+00
1.698000e-05	1.936892e-01	-4.304606e+00
1.699000e-05	-9.677910e-02	-4.509317e+00
1.700000e-05	2.972485e-02	-4.874237e+00
1.701000e-05	1.378730e-01	-5.096288e+00
1.702000e-05	-1.934766e-01	-5.538322e+00
1.703000e-05	1.930824e-01	-5.749924e+00
1.704000e-05	-1.853155e-01	-6.034160e+00
1.705000e-05	1.051389e-01	-6.388474e+00
1.706000e-05	1.858238e-02	-6.601545e+00
1.707000e-05	-7.026457e-02	-6.899391e+00
1.708000e-05	1.819178e-01	-7.200500e+00
1.709000e-05	-1.687727e-01	-7.465287e+00
1.710000e-05	1.428868e-01	-7.828901e+00
1.711000e-05	-1.150525e-01	-8.024587e+00
1.712000e-05	3.872238e-02	-8.356820e+00
1.713000e-05	5.121940e-02	-8.529873e+00
1.714000e-05	-9.581140e-02	-8.863131e+00
1.715000e-05	1.753962e-01	-9.094708e+00
1.716000e-05	-1.443079e-01	-9.311864e+00
1.717000e-05	1.304199e-01	-9.600021e+00
1.718000e-05	-1.038776e-01	-9.853603e+00
1.719000e-05	6.874525e-02	-1.006268e+01
1.720000e-05	-1.140280e-02	-1.028473e+01
1.721000e-05	3.398908e-04	-1.052882e+01
1.722000e-05	6.066630e-02	-1.072774e+01
1.723000e-05	-6.484672e-02	-1.094740e+01
1.724000e-05	9.917453e-02	-1.114992e+01
1.725000e-05	-8.438439e-02	-1.140103e+01
1.726000e-05	8.825769e-02	-1.160313e+01
1.727000e-05	-6.612421e-02	-1.184365e+01
1.728000e-05	7.122005e-02	-1.206313e+01
1.729000e-05	-2.866245e-02	-1.227358e+01
1.730000e-05	4.226510e-02	-1.245363e+01
1.731000e-05	-7.053058e-03	-1.258202e+01
1.732000e-05	9.149023e-03	-1.284150e+01
1.733000e-05	1.898227e-02	-1.297092e+01
1.734000e-05	-6.125909e-03	-1.319935e+01
1.735000e-05	3.184828e-02	-1.326679e+01
1.736000e-05	-1.461065e-02	-1.347773e+01
1.737000e-05	4.179283e-02	-1.360305e+01
1.738000e-05	-1.112611e-02	-1.380300e+01
1.739000e-05	3.744111e-02	-1.397040e+01
1.740000e-05	-1.379270e-02	-1.411781e+01
1.741000e-05	3.068349e-02	-1.424318e+01
1.742000e-05	-3.762237e-03	-1.436895e+01
1.743000e-05	2.565551e-02	-1.453631e+01
1.744000e-05	5.729612e-03	-1.463263e+01
1.745000e-05	2.044522e-02	-1.473997e+01
1.746000e-05	1.515590e-02	-1.481255e+01
1.747000e-05	1.594221e-02	-1.499994e+01
1.748000e-05	1.514560e-02	-1.502358e+01
1.749000e-05	8.674225e-03	-1.512829e+01
1.750000e-05	1.963034e-02	-1.518202e+01
1.751000e-05	1.535477e-02	-1.529573e+01
1.752000e-05	2.316777e-02	-1.536684e+01
1.753000e-05	1.524721e-02	-1.543208e+01
1.754000e-05	1.900630e-02	-1.546319e+01
1.755000e-05	1.696915e-02	-1.556787e+01
1.756000e-05	1.973590e-02	-1.558089e+01
1.757000e-05	1.852184e-02	-1.566063e+01
1.758000e-05	2.267579e-02	-1.568570e+01
1.759000e-05	2.239386e-02	-1.572569e+01
1.760000e-05	2.630014e-02	-1.575728e+01
1.761000e-05	2.305264e-02	-1.571991e+01
1.762000e-05	2.384846e-02	-1.579834e+01
1.763000e-05	2.339342e-02	-1.576794e+01
1.764000e-05	2.777918e-02	-1.577989e+01
1.765000e-05	2.851164e-02	-1.577937e+01
1.766000e-05	3.142371e-02	-1.575842e+01
1.767000e-05	3.224772e-02	-1.577689e+01
1.768000e-05	3.432243e-02	-1.575578e+01
1.769000e-05	3.568094e-02	-1.570368e+01
1.770000e-05	3.486760e-02	-1.562265e+01
1.771000e-05	3.690204e-02	-1.563295e+01
1.772000e-05	3.936293e-02	-1.552992e+01
1.773000e-05	4.365263e-02	-1.549726e+01
1.774000e-05	4.496649e-02	-1.543205e+01
1.775000e-05	4.599576e-02	-1.541995e+01
1.776000e-05	4.798073e-02	-1.532273e+01
1.777000e-05	5.066757e-02	-1.521057e+01
1.778000e-05	5.471755e-02	-1.517787e+01
1.779000e-05	5.928192e-02	-1.506565e+01
1.780000e-05	6.142883e-02	-1.498846e+01
1.781000e-05	6.319066e-02	-1.488470e+01
1.782000e-05	6.411903e-02	-1.476942e+01
1.783000e-05	6.525569e-02	-1.464370e+01
1.784000e-05	6.090826e-02	-1.458733e+01
1.785000e-05	5.420005e-02	-1.443258e+01
1.786000e-05	5.099734e-02	-1.430718e+01
1.787000e-05	4.639084e-02	-1.413639e+01
1.788000e-05	4.427200e-02	-1.397102e+01
1.789000e-05	3.764828e-02	-1.385357e+01
1.790000e-05	3.386396e-02	-1.372421e+01
1.791000e-05	2.898506e-02	-1.355831e+01
1.792000e-05	2.711391e-02	-1.341800e+01
1.793000e-05	2.366718e-02	-1.324905e+01
1.794000e-05	2.053584e-02	-1.304410e+01
1.795000e-05	1.839679e-02	-1.285320e+01
1.796000e-05	1.978413e-02	-1.270634e+01
1.797000e-05	1.772392e-02	-1.254686e+01
1.798000e-05	1.625394e-02	-1.234834e+01
1.799000e-05	1.175535e-02	-1.219694e+01
1.800000e-05	1.203901e-02	-1.195789e+01
1.801000e-05	1.043310e-02	-1.177791e+01
1.802000e-05	1.046834e-02	-1.155329e+01
1.803000e-05	7.702016e-03	-1.129318e+01
1.804000e-05	6.718480e-03	-1.107258e+01
1.805000e-05	7.757237e-03	-1.082155e+01
1.806000e-05	6.736467e-03	-1.063105e+01
1.807000e-05	5.103382e-03	-1.040097e+01
1.808000e-05	3.449854e-03	-1.017794e+01
1.809000e-05	4.103200e-03	-9.927787e+00
1.810000e-05	3.967912e-03	-9.673785e+00
1.811000e-05	3.946483e-03	-9.452629e+00
1.812000e-05	1.906043e-03	-9.189017e+00
1.813000e-05	6.992791e-04	-8.978895e+00
1.814000e-05	1.288763e-03	-8.715740e+00
1.815000e-05	1.345996e-03	-8.492579e+00
1.816000e-05	3.221118e-04	-8.188573e+00
1.817000e-05	-8.818373e-04	-7.916995e+00
1.818000e-05	-1.015838e-03	-7.690701e+00
1.819000e-05	-7.601011e-04	-7.398020e+00
1.820000e-05	-6.360464e-04	-7.105309e+00
1.821000e-05	-2.180734e-03	-6.831999e+00
1.822000e-05	-3.280050e-03	-6.578920e+00
1.823000e-05	-3.285586e-03	-6.325860e+00
1.824000e-05	-2.859991e-03	-6.010499e+00
1.825000e-05	-3.472740e-03	-5.724391e+00
1.826000e-05	-3.683631e-03	-5.420679e+00
1.827000e-05	-6.938722e-03	-5.176841e+00
1.828000e-05	-4.811811e-03	-4.821550e+00
1.829000e-05	-4.050336e-03	-4.503787e+00
1.830000e-05	-4.285582e-03	-4.263731e+00
1.831000e-05	-5.848399e-03	-3.999494e+00
1.832000e-05	-4.955297e-03	-3.643153e+00
1.833000e-05	-4.947634e-03	-3.438525e+00
1.834000e-05	-5.267664e-03	-3.107868e+00
1.835000e-05	-5.775604e-03	-2.779473e+00
1.836000e-05	-8.684896e-03	-2.495336e+00
1.837000e-05	-7.902340e-03	-2.200073e+00
1.838000e-05	-6.239999e-03	-1.945812e+00
1.839000e-05	-5.715352e-03	-1.629600e+00
1.840000e-05	-7.258070e-03	-1.281728e+00
1.841000e-05	-6.535582e-03	-8.964609e-01
1.842000e-05	-6.454530e-03	-7.022054e-01
1.843000e-05	-6.039831e-03	-3.669172e-01
1.844000e-05	-6.994689e-03	-7.165784e-02
1.845000e-05	5.052524e-03	2.855802e-01
1.846000e-05	-2.379300e-03	5.053405e-01
1.847000e-05	1.142885e-03	7.898999e-01
1.848000e-05	1.281947e-03	1.074763e+00
1.849000e-05	-3.510473e-04	1.378867e+00
1.850000e-05	-2.546733e-03	1.706838e+00
1.851000e-05	4.066632e-03	1.938345e+00
1.852000e-05	3.032909e-02	2.159474e+00
1.853000e-05	1.037257e-01	2.485836e+00
1.854000e-05	-2.405301e-02	2.863657e+00
1.855000e-05	-5.994080e-02	3.147875e+00
1.856000e-05	-1.693857e-02	3.464638e+00
1.857000e-05	-2.365436e-02	3.747270e+00
1.858000e-05	-6.819270e-02	3.989021e+00
1.859000e-05	-6.804772e-02	4.201529e+00
1.860000e-05	1.395373e-01	4.494185e+00
1.861000e-05	-5.348558e-02	4.782026e+00
1.862000e-05	-1.090527e-03	5.074635e+00
1.863000e-05	1.282708e-01	5.413499e+00
1.864000e-05	-1.487125e-01	5.703714e+00
1.865000e-05	8.754645e-02	5.940896e+00
1.866000e-05	-9.791496e-02	6.253129e+00
1.867000e-05	4.527183e-02	6.528265e+00
1.868000e-05	5.516356e-03	6.813055e+00
1.869000e-05	-3.916565e-02	7.086389e+00
1.870000e-05	7.258404e-02	7.421425e+00
1.871000e-05	-7.513049e-02	7.706061e+00
1.872000e-05	5.249693e-02	7.980922e+00
1.873000e-05	-8.474955e-02	8.264532e+00
1.874000e-05	3.855598e-02	8.456662e+00
1.875000e-05	-5.732145e-03	8.708368e+00
1.876000e-05	-2.397345e-02	9.002396e+00
1.877000e-05	5.104085e-02	9.232082e+00
1.878000e-05	-6.292426e-02	9.455156e+00
1.879000e-05	2.637902e-02	9.725740e+00
1.880000e-05	-4.669969e-02	9.949397e+00
1.881000e-05	2.689996e-02	1.018087e+01
1.882000e-05	-3.312813e-02	1.042155e+01
1.883000e-05	4.541803e-03	1.065362e+01
1.884000e-05	2.256282e-03	1.088518e+01
1.885000e-05	-2.163378e-02	1.102473e+01
1.886000e-05	1.144255e-02	1.130473e+01
1.887000e-05	-4.108080e-02	1.151736e+01
1.888000e-05	8.488883e-03	1.174829e+01
1.889000e-05	-2.979490e-02	1.193077e+01
1.890000e-05	1.561576e-02	1.217741e+01
1.891000e-05	-2.819439e-02	1.232822e+01
1.892000e-05	9.419931e-04	1.251771e+01
1.893000e-05	-2.012768e-02	1.271664e+01
1.894000e-05	-9.610205e-03	1.286421e+01
1.895000e-05	-1.557770e-02	1.302305e+01
1.896000e-05	-2.018060e-02	1.321157e+01
1.897000e-05	-6.645560e-03	1.336043e+01
1.898000e-05	-1.676966e-02	1.352687e+01
1.899000e-05	-1.273534e-04	1.369671e+01
1.900000e-05	-2.486873e-02	1.382258e+01
1.901000e-05	-1.119919e-02	1.399302e+01
1.902000e-05	-2.343183e-02	1.418901e+01
1.903000e-05	-1.056974e-02	1.432678e+01
1.904000e-05	-2.300721e-02	1.445312e+01
1.905000e-05	-1.850259e-02	1.453839e+01
1.906000e-05	-1.622374e-02	1.464363e+01
1.907000e-05	-1.538848e-02	1.478787e+01
1.908000e-05	-1.497120e-02	1.485313e+01
1.909000e-05	-2.571060e-02	1.494789e+01
1.910000e-05	-2.090727e-02	1.502161e+01
1.911000e-05	-2.383233e-02	1.512731e+01
1.912000e-05	-1.688139e-02	1.519997e+01
1.913000e-05	-2.283433e-02	1.528468e+01
1.914000e-05	-2.210517e-02	1.533878e+01
1.915000e-05	-2.483292e-02	1.543002e+01
1.916000e-05	-2.360420e-02	1.544410e+01
1.917000e-05	-2.595218e-02	1.551666e+01
1.918000e-05	-3.028440e-02	1.551839e+01
1.919000e-05	-2.783562e-02	1.557799e+01
1.920000e-05	-2.764052e-02	1.561097e+01
1.921000e-05	-2.478670e-02	1.563157e+01
1.922000e-05	-3.212766e-02	1.565353e+01
1.923000e-05	-3.222429e-02	1.568368e+01
1.924000e-05	-3.460691e-02	1.567518e+01
1.925000e-05	-3.336403e-02	1.566358e+01
1.926000e-05	-3.728445e-02	1.566207e+01
1.927000e-05	-3.954427e-02	1.566363e+01
1.928000e-05	-3.824000e-02	1.565315e+01
1.929000e-05	-3.979553e-02	1.563203e+01
1.930000e-05	-4.119164e-02	1.559897e+01
1.931000e-05	-4.708146e-02	1.558846e+01
1.932000e-05	-4.913546e-02	1.550531e+01
1.933000e-05	-4.930347e-02	1.549467e+01
1.934000e-05	-4.932208e-02	1.541312e+01
1.935000e-05	-5.185334e-02	1.537946e+01
1.936000e-05	-5.708683e-02	1.530580e+01
1.937000e-05	-5.800338e-02	1.524152e+01
1.938000e-05	-6.124025e-02	1.514886e+01
1.939000e-05	-6.379987e-02	1.505410e+01
1.940000e-05	-6.921413e-02	1.495847e+01
1.941000e-05	-7.096768e-02	1.485318e+01
1.942000e-05	-7.276058e-02	1.476847e+01
1.943000e-05	-7.192412e-02	1.467208e+01
1.944000e-05	-7.073879e-02	1.455696e+01
1.945000e-05	-6.941730e-02	1.443247e+01
1.946000e-05	-6.519338e-02	1.429626e+01
1.947000e-05	-6.301319e-02	1.418849e+01
1.948000e-05	-5.615999e-02	1.403002e+01
1.949000e-05	-5.126228e-02	1.389478e+01
1.950000e-05	-4.573104e-02	1.375831e+01
1.951000e-05	-4.111126e-02	1.353992e+01
1.952000e-05	-3.956905e-02	1.344110e+01
1.953000e-05	-3.566601e-02	1.326308e+01
1.954000e-05	-3.529259e-02	1.310418e+01
1.955000e-05	-3.135951e-02	1.296583e+01
1.956000e-05	-3.141373e-02	1.273744e+01
1.957000e-05	-2.791356e-02	1.259952e+01
1.958000e-05	-2.699976e-02	1.242102e+01
1.959000e-05	-2.470015e-02	1.226062e+01
1.960000e-05	-2.458953e-02	1.207158e+01
1.961000e-05	-2.252034e-02	1.185265e+01
1.962000e-05	-2.244756e-02	1.162115e+01
1.963000e-05	-2.220606e-02	1.142007e+01
1.964000e-05	-2.103607e-02	1.116942e+01
1.965000e-05	-2.042358e-02	1.098886e+01
1.966000e-05	-1.879666e-02	1.073584e+01
1.967000e-05	-1.908349e-02	1.051678e+01
1.968000e-05	-1.724545e-02	1.030423e+01
1.969000e-05	-1.765597e-02	1.008215e+01
1.970000e-05	-1.581808e-02	9.841049e+00
1.971000e-05	-1.644235e-02	9.577940e+00
1.972000e-05	-1.549530e-02	9.347360e+00
1.973000e-05	-1.459339e-02	9.073386e+00
1.974000e-05	-1.480336e-02	8.851154e+00
1.975000e-05	-1.334356e-02	8.620073e+00
1.976000e-05	-1.363384e-02	8.325966e+00
1.977000e-05	-1.246421e-02	8.133182e+00
1.978000e-05	-1.334101e-02	7.810075e+00
1.979000e-05	-1.298267e-02	7.568890e+00
1.980000e-05	-1.257286e-02	7.291628e+00
1.981000e-05	-1.203930e-02	7.029919e+00
1.982000e-05	-1.199895e-02	6.705284e+00
1.983000e-05	-1.127776e-02	6.452578e+00
1.984000e-05	-1.082407e-02	6.198970e+00
1.985000e-05	-1.029631e-02	5.934286e+00
1.986000e-05	-1.020371e-02	5.631099e+00
1.987000e-05	-1.052630e-02	5.365893e+00
1.988000e-05	-9.869071e-03	5.042545e+00
1.989000e-05	-9.693876e-03	4.734258e+00
1.990000e-05	-9.637723e-03	4.440128e+00
1.991000e-05	-1.052912e-02	4.144288e+00
1.992000e-05	-9.165858e-03	3.821528e+00
1.993000e-05	-8.806790e-03	3.578519e+00
1.994000e-05	-8.935432e-03	3.271603e+00
1.995000e-05	-8.823450e-03	2.957392e+00
1.996000e-05	-9.606057e-03	2.722704e+00
1.997000e-05	-8.325359e-03	2.345994e+00
1.998000e-05	-8.753828e-03	2.062183e+00
1.999000e-05	-9.147459e-03	1.767420e+00
2.000000e-05	-8.279552e-03	1.453184e+00
2.001000e-05	-7.990440e-03	1.145892e+00
2.002000e-05	-7.292767e-03	7.700527e-01
2.003000e-05	-7.339448e-03	5.232559e-01
2.004000e-05	-5.844707e-03	2.291065e-01
2.005000e-05	-3.750184e-03	-1.056392e-01
2.006000e-05	6.216337e-03	-3.684222e-01
2.007000e-05	6.807587e-04	-6.437103e-01
2.008000e-05	-5.781474e-04	-9.083683e-01
2.009000e-05	-1.402931e-04	-1.191975e+00
2.010000e-05	-3.130282e-04	-1.528293e+00
2.011000e-05	-9.591913e-04	-1.779425e+00
2.012000e-05	1.693950e-02	-2.010576e+00
2.013000e-05	8.889618e-02	-2.326141e+00
2.014000e-05	6.551025e-02	-2.622088e+00
2.015000e-05	-9.417555e-02	-3.086216e+00
2.016000e-05	1.311104e-02	-3.422981e+00
2.017000e-05	-4.815006e-02	-3.623032e+00
2.018000e-05	-5.752038e-02	-3.907794e+00
2.019000e-05	-8.419349e-02	-4.086742e+00
2.020000e-05	2.107471e-01	-4.326736e+00
2.021000e-05	-1.717802e-01	-4.634054e+00
2.022000e-05	1.311529e-01	-4.925787e+00
2.023000e-05	2.915600e-02	-5.160425e+00
2.024000e-05	-1.210292e-01	-5.610876e+00
2.025000e-05	1.692106e-01	-5.800998e+00
2.026000e-05	-2.095163e-01	-6.129791e+00
2.027000e-05	1.786233e-01	-6.412481e+00
2.028000e-05	-7.839379e-02	-6.663585e+00
2.029000e-05	2.427661e-02	-7.000974e+00
2.030000e-05	1.124514e-01	-7.263653e+00
2.031000e-05	-1.463334e-01	-7.550445e+00
2.032000e-05	1.568139e-01	-7.883530e+00
2.033000e-05	-1.696111e-01	-8.088316e+00
2.034000e-05	1.221921e-01	-8.388374e+00
2.035000e-05	-3.606721e-02	-8.623002e+00
2.036000e-05	-1.087327e-02	-8.930863e+00
2.037000e-05	1.195061e-01	-9.116217e+00
2.038000e-05	-1.277687e-01	-9.402423e+00
2.039000e-05	1.360717e-01	-9.692533e+00
2.040000e-05	-1.363560e-01	-9.864061e+00
2.041000e-05	1.208933e-01	-1.011726e+01
2.042000e-05	-7.286006e-02	-1.034881e+01
2.043000e-05	6.707225e-02	-1.062050e+01
2.044000e-05	-2.105987e-03	-1.079190e+01
2.045000e-05	-9.760073e-03	-1.100297e+01
2.046000e-05	5.562731e-02	-1.120197e+01
2.047000e-05	-6.136032e-02	-1.143461e+01
2.048000e-05	7.630269e-02	-1.166418e+01
2.049000e-05	-6.578770e-02	-1.188726e+01
2.050000e-05	8.368944e-02	-1.210518e+01
2.051000e-05	-4.631480e-02	-1.227666e+01
2.052000e-05	6.381048e-02	-1.246168e+01
2.053000e-05	-3.391272e-02	-1.265658e+01
2.054000e-05	3.511958e-02	-1.282407e+01
2.055000e-05	-7.256543e-03	-1.301255e+01
2.056000e-05	1.662995e-02	-1.318040e+01
2.057000e-05	1.254607e-02	-1.334882e+01
2.058000e-05	2.650312e-03	-1.351829e+01
2.059000e-05	3.142293e-02	-1.370363e+01
2.060000e-05	-2.195222e-03	-1.382456e+01
2.061000e-05	3.116364e-02	-1.395997e+01
2.062000e-05	-1.321272e-02	-1.420874e+01
2.063000e-05	3.066342e-02	-1.425519e+01
2.064000e-05	-6.725618e-03	-1.440297e+01
2.065000e-05	3.040010e-02	-1.456831e+01
2.066000e-05	1.152397e-03	-1.466456e+01
2.067000e-05	2.527126e-02	-1.476794e+01
2.068000e-05	9.587730e-03	-1.488566e+01
2.069000e-05	2.069289e-02	-1.498042e+01
2.070000e-05	1.048990e-02	-1.504666e+01
2.071000e-05	1.268998e-02	-1.518942e+01
2.072000e-05	1.637751e-02	-1.522210e+01
2.073000e-05	1.752670e-02	-1.532771e+01
2.074000e-05	2.177323e-02	-1.534845e+01
2.075000e-05	1.650057e-02	-1.543058e+01
2.076000e-05	1.837534e-02	-1.545479e+01
2.077000e-05	1.756949e-02	-1.557637e+01
2.078000e-05	1.973366e-02	-1.558098e+01
2.079000e-05	1.896647e-02	-1.563262e+01
2.080000e-05	2.148781e-02	-1.568570e+01
2.081000e-05	2.244698e-02	-1.571478e+01
2.082000e-05	2.647871e-02	-1.573844e+01
2.083000e-05	2.398491e-02	-1.574892e+01
2.084000e-05	2.434618e-02	-1.579796e+01
2.085000e-05	2.360233e-02	-1.574942e+01
2.086000e-05	2.819572e-02	-1.576851e+01
2.087000e-05	2.772484e-02	-1.579896e+01
2.088000e-05	3.178647e-02	-1.577839e+01
2.089000e-05	3.145867e-02	-1.575481e+01
2.090000e-05	3.434679e-02	-1.573573e+01
2.091000e-05	3.535208e-02	-1.568579e+01
2.092000e-05	3.586955e-02	-1.568362e+01
2.093000e-05	3.752057e-02	-1.559095e+01
2.094000e-05	3.970921e-02	-1.553934e+01
2.095000e-05	4.385970e-02	-1.548673e+01
2.096000e-05	4.498193e-02	-1.545311e+01
2.097000e-05	4.723086e-02	-1.537894e+01
2.098000e-05	4.711026e-02	-1.528570e+01
2.099000e-05	5.192775e-02	-1.521300e+01
2.100000e-05	5.570470e-02	-1.517842e+01
2.101000e-05	5.895430e-02	-1.507413e+01
2.102000e-05	6.128019e-02	-1.492836e+01
2.103000e-05	6.361391e-02	-1.489263e+01
2.104000e-05	6.537466e-02	-1.472889e+01
2.105000e-05	6.403110e-02	-1.460912e+01
2.106000e-05	5.886246e-02	-1.453626e+01
2.107000e-05	5.405130e-02	-1.440087e+01
2.108000e-05	4.984512e-02	-1.427460e+01
2.109000e-05	4.524605e-02	-1.414626e+01
2.110000e-05	4.166060e-02	-1.395987e+01
2.111000e-05	3.645650e-02	-1.382957e+01
2.112000e-05	3.333350e-02	-1.362298e+01
2.113000e-05	2.941994e-02	-1.355619e+01
2.114000e-05	2.636952e-02	-1.337789e+01
2.115000e-05	2.334255e-02	-1.319050e+01
2.116000e-05	2.033209e-02	-1.303107e+01
2.117000e-05	1.965548e-02	-1.285166e+01
2.118000e-05	1.766981e-02	-1.270518e+01
2.119000e-05	1.711428e-02	-1.248474e+01
2.120000e-05	1.412161e-02	-1.236536e+01
2.121000e-05	1.276960e-02	-1.215628e+01
2.122000e-05	1.218806e-02	-1.193679e+01
2.123000e-05	1.146995e-02	-1.172676e+01
2.124000e-05	1.005453e-02	-1.145168e+01
2.125000e-05	7.901942e-03	-1.124215e+01
2.126000e-05	7.285490e-03	-1.104095e+01
2.127000e-05	7.433614e-03	-1.080005e+01
2.128000e-05	7.498359e-03	-1.060992e+01
2.129000e-05	4.352940e-03	-1.040742e+01
2.130000e-05	3.178079e-03	-1.012681e+01
2.131000e-05	4.302141e-03	-9.904155e+00
2.132000e-05	4.587438e-03	-9.663076e+00
2.133000e-05	3.450340e-03	-9.439525e+00
2.134000e-05	1.138922e-03	-9.168392e+00
2.135000e-05	2.053322e-03	-8.945307e+00
2.136000e-05	1.751096e-03	-8.684154e+00
2.137000e-05	1.911756e-03	-8.438450e+00
2.138000e-05	-4.633700e-04	-8.158421e+00
2.139000e-05	-1.277487e-03	-7.895808e+00
2.140000e-05	-1.599111e-03	-7.591471e+00
2.141000e-05	-2.694680e-04	-7.345382e+00
2.142000e-05	-6.647643e-04	-7.060633e+00
2.143000e-05	-2.629553e-03	-6.759919e+00
2.144000e-05	-2.991382e-03	-6.536283e+00
2.145000e-05	-2.162141e-03	-6.272174e+00
2.146000e-05	-2.008563e-03	-5.968341e+00
2.147000e-05	-5.580188e-03	-5.703333e+00
2.148000e-05	-3.558148e-03	-5.428897e+00
2.149000e-05	-4.798641e-03	-5.083182e+00
2.150000e-05	-2.906775e-03	-4.775285e+00
2.151000e-05	-9.200814e-03	-4.472704e+00
2.152000e-05	-4.988378e-03	-4.230577e+00
2.153000e-05	-4.478079e-03	-3.944338e+00
2.154000e-05	-1.372917e-03	-3.620551e+00
2.155000e-05	-9.005705e-03	-3.336940e+00
2.156000e-05	-6.174262e-03	-3.048257e+00
2.157000e-05	-7.521697e-03	-2.766415e+00
2.158000e-05	-5.024609e-03	-2.482644e+00
2.159000e-05	-8.982409e-03	-2.146286e+00
2.160000e-05	-7.256139e-03	-1.841558e+00
2.161000e-05	-8.623434e-03	-1.577447e+00
2.162000e-05	-4.607786e-03	-1.229997e+00
2.163000e-05	-5.793123e-03	-9.051896e-01
2.164000e-05	-6.387661e-03	-5.879687e-01
2.165000e-05	-8.423437e-03	-3.046633e-01
2.166000e-05	-4.422047e-03	-4.105007e-02
2.167000e-05	8.635262e-03	3.082693e-01
2.168000e-05	-5.585946e-03	5.504707e-01
2.169000e-05	1.827348e-03	7.619303e-01
2.170000e-05	-2.001024e-03	1.148368e+00
2.171000e-05	2.497571e-03	1.423002e+00
2.172000e-05	-5.059636e-03	1.766944e+00
2.173000e-05	1.040050e-02	1.989400e+00
2.174000e-05	3.773281e-02	2.222581e+00
2.175000e-05	1.084773e-01	2.549399e+00
2.176000e-05	-6.261291e-02	2.926820e+00
2.177000e-05	-3.820584e-02	3.220503e+00
2.178000e-05	-2.623910e-02	3.517266e+00
2.179000e-05	-2.020867e-02	3.749375e+00
2.180000e-05	-8.773249e-02	4.010005e+00
2.181000e-05	-3.077388e-02	4.334108e+00
2.182000e-05	1.518895e-01	4.579369e+00
2.183000e-05	-1.179347e-01	4.836758e+00
2.184000e-05	9.266784e-02	5.148842e+00
2.185000e-05	4.588076e-02	5.434163e+00
2.186000e-05	-1.112570e-01	5.768341e+00
2.187000e-05	7.791903e-02	6.032577e+00
2.188000e-05	-1.148447e-01	6.296637e+00
2.189000e-05	8.601080e-02	6.551023e+00
2.190000e-05	-4.034736e-02	6.875662e+00
2.191000e-05	4.984057e-03	7.158439e+00
2.192000e-05	3.597855e-02	7.515578e+00
2.193000e-05	-5.510538e-02	7.719816e+00
2.194000e-05	4.286816e-02	8.034553e+00
2.195000e-05	-8.832702e-02	8.317162e+00
2.196000e-05	5.717020e-02	8.538841e+00
2.197000e-05	-3.318746e-02	8.769899e+00
2.198000e-05	3.899129e-03	9.023074e+00
2.199000e-05	3.069467e-02	9.296137e+00
2.200000e-05	-5.895579e-02	9.536664e+00
2.201000e-05	2.740434e-02	9.739423e+00
2.202000e-05	-4.851049e-02	1.001103e+01
2.203000e-05	3.466478e-02	1.022202e+01
2.204000e-05	-4.434933e-02	1.049521e+01
2.205000e-05	1.939459e-02	1.065721e+01
2.206000e-05	-1.411747e-02	1.095686e+01
2.207000e-05	-9.631458e-03	1.109574e+01
2.208000e-05	4.514336e-04	1.131786e+01
2.209000e-05	-3.708877e-02	1.156941e+01
2.210000e-05	7.720650e-03	1.182234e+01
2.211000e-05	-2.715411e-02	1.199092e+01
2.212000e-05	1.660060e-02	1.220040e+01
2.213000e-05	-3.241463e-02	1.237889e+01
2.214000e-05	4.354141e-03	1.256940e+01
2.215000e-05	-2.367614e-02	1.271781e+01
2.216000e-05	-5.499151e-03	1.288679e+01
2.217000e-05	-1.947720e-02	1.305471e+01
2.218000e-05	-1.865368e-02	1.328410e+01
2.219000e-05	-8.687515e-03	1.338152e+01
2.220000e-05	-1.484614e-02	1.357897e+01
2.221000e-05	-3.653380e-03	1.372676e+01
2.222000e-05	-2.514092e-02	1.388571e+01
2.223000e-05	-1.124388e-02	1.401305e+01
2.224000e-05	-2.217051e-02	1.422992e+01
2.225000e-05	-1.124485e-02	1.433829e+01
2.226000e-05	-2.316068e-02	1.447470e+01
2.227000e-05	-1.921684e-02	1.457947e+01
2.228000e-05	-1.576244e-02	1.468616e+01
2.229000e-05	-1.607018e-02	1.484090e+01
2.230000e-05	-1.688772e-02	1.489471e+01
2.231000e-05	-2.509427e-02	1.496844e+01
2.232000e-05	-2.084670e-02	1.499366e+01
2.233000e-05	-2.310544e-02	1.517734e+01
2.234000e-05	-1.778214e-02	1.523050e+01
2.235000e-05	-2.288490e-02	1.528568e+01
2.236000e-05	-2.368460e-02	1.536632e+01
2.237000e-05	-2.392969e-02	1.540054e+01
2.238000e-05	-2.436743e-02	1.547323e+01
2.239000e-05	-2.685631e-02	1.549771e+01
2.240000e-05	-3.128864e-02	1.557679e+01
2.241000e-05	-2.754586e-02	1.554839e+01
2.242000e-05	-2.785456e-02	1.563199e+01
2.243000e-05	-2.677007e-02	1.564300e+01
2.244000e-05	-3.122993e-02	1.564262e+01
2.245000e-05	-3.289351e-02	1.567370e+01
2.246000e-05	-3.357447e-02	1.565315e+01
2.247000e-05	-3.469716e-02	1.566220e+01
2.248000e-05	-3.672559e-02	1.570313e+01
2.249000e-05	-4.006693e-02	1.564363e+01
2.250000e-05	-3.827664e-02	1.563153e+01
2.251000e-05	-4.084073e-02	1.565147e+01
2.252000e-05	-4.179799e-02	1.559841e+01
2.253000e-05	-4.733847e-02	1.555832e+01
2.254000e-05	-4.889584e-02	1.549568e+01
2.255000e-05	-4.808325e-02	1.547410e+01
2.256000e-05	-5.096598e-02	1.544047e+01
2.257000e-05	-5.240352e-02	1.533839e+01
2.258000e-05	-5.769742e-02	1.529365e+01
2.259000e-05	-5.792833e-02	1.519005e+01
2.260000e-05	-6.243757e-02	1.510782e+01
2.261000e-05	-6.556548e-02	1.503260e+01
2.262000e-05	-6.974673e-02	1.491889e+01
2.263000e-05	-7.198758e-02	1.482045e+01
2.264000e-05	-7.199055e-02	1.474781e+01
2.265000e-05	-7.246380e-02	1.466455e+01
2.266000e-05	-6.954212e-02	1.451544e+01
2.267000e-05	-7.018994e-02	1.444097e+01
2.268000e-05	-6.381064e-02	1.430568e+01
2.269000e-05	-6.124674e-02	1.415791e+01
2.270000e-05	-5.453414e-02	1.399050e+01
2.271000e-05	-5.121986e-02	1.382363e+01
2.272000e-05	-4.543866e-02	1.372528e+01
2.273000e-05	-4.098393e-02	1.354674e+01
2.274000e-05	-3.758617e-02	1.340800e+01
2.275000e-05	-3.604453e-02	1.328010e+01
2.276000e-05	-3.576653e-02	1.308370e+01
2.277000e-05	-3.181047e-02	1.291628e+01
2.278000e-05	-2.984771e-02	1.271684e+01
2.279000e-05	-2.747450e-02	1.256849e+01
2.280000e-05	-2.705162e-02	1.238791e+01
2.281000e-05	-2.585795e-02	1.220902e+01
2.282000e-05	-2.348258e-02	1.199999e+01
2.283000e-05	-2.253938e-02	1.178994e+01
2.284000e-05	-2.209295e-02	1.159937e+01
2.285000e-05	-2.308041e-02	1.139739e+01
2.286000e-05	-2.078845e-02	1.114691e+01
2.287000e-05	-1.951685e-02	1.093543e+01
2.288000e-05	-1.812945e-02	1.069426e+01
2.289000e-05	-1.939853e-02	1.049523e+01
2.290000e-05	-1.887628e-02	1.025212e+01
2.291000e-05	-1.766382e-02	9.999496e+00
2.292000e-05	-1.669658e-02	9.798416e+00
2.293000e-05	-1.572882e-02	9.544878e+00
2.294000e-05	-1.556060e-02	9.302757e+00
2.295000e-05	-1.459486e-02	9.071627e+00
2.296000e-05	-1.354204e-02	8.779471e+00
2.297000e-05	-1.347601e-02	8.568414e+00
2.298000e-05	-1.538582e-02	8.315285e+00
2.299000e-05	-1.354829e-02	8.032078e+00
2.300000e-05	-1.331234e-02	7.777492e+00
2.301000e-05	-1.187310e-02	7.514733e+00
2.302000e-05	-1.252672e-02	7.200097e+00
2.303000e-05	-1.154659e-02	6.955866e+00
2.304000e-05	-1.227785e-02	6.703262e+00
2.305000e-05	-1.162916e-02	6.400045e+00
2.306000e-05	-1.044905e-02	6.164840e+00
2.307000e-05	-1.181986e-02	5.873609e+00
2.308000e-05	-1.151230e-02	5.569391e+00
2.309000e-05	-9.695901e-03	5.293755e+00
2.310000e-05	-9.383263e-03	4.966365e+00
2.311000e-05	-1.045456e-02	4.631078e+00
2.312000e-05	-1.186549e-02	4.429942e+00
2.313000e-05	-9.658230e-03	4.061703e+00
2.314000e-05	-8.333414e-03	3.778390e+00
2.315000e-05	-7.254218e-03	3.515857e+00
2.316000e-05	-9.322083e-03	3.200023e+00
2.317000e-05	-9.276766e-03	2.923236e+00
2.318000e-05	-8.802179e-03	2.618131e+00
2.319000e-05	-7.462737e-03	2.303763e+00
2.320000e-05	-9.390961e-03	2.039575e+00
2.321000e-05	-9.083444e-03	1.713312e+00
2.322000e-05	-8.018549e-03	1.429522e+00
2.323000e-05	-7.306449e-03	1.082703e+00
2.324000e-05	-6.299267e-03	7.843659e-01
2.325000e-05	-6.635860e-03	4.731563e-01
2.326000e-05	-6.036191e-03	2.038849e-01
2.327000e-05	-3.548438e-03	-1.478697e-01
2.328000e-05	9.564361e-03	-4.004713e-01
2.329000e-05	-3.871356e-03	-6.963170e-01
2.330000e-05	2.962348e-03	-9.794737e-01
2.331000e-05	-3.455882e-03	-1.296217e+00
2.332000e-05	1.744356e-03	-1.561475e+00
2.333000e-05	-2.041552e-03	-1.824029e+00
2.334000e-05	2.629404e-02	-2.062109e+00
2.335000e-05	1.131766e-01	-2.378896e+00
2.336000e-05	1.146497e-02	-2.727246e+00
2.337000e-05	-7.218306e-02	-3.129925e+00
2.338000e-05	6.619969e-03	-3.464209e+00
2.339000e-05	-4.772243e-02	-3.643737e+00
2.340000e-05	-8.059807e-02	-3.998321e+00
2.341000e-05	-2.034192e-02	-4.137891e+00
2.342000e-05	1.907172e-01	-4.328794e+00
2.343000e-05	-1.972452e-01	-4.677788e+00
2.344000e-05	1.956582e-01	-4.948917e+00
2.345000e-05	-8.533455e-02	-5.255634e+00
2.346000e-05	-1.752371e-02	-5.652104e+00
2.347000e-05	8.760397e-02	-5.852059e+00
2.348000e-05	-1.910286e-01	-6.212947e+00
2.349000e-05	2.066889e-01	-6.464162e+00
2.350000e-05	-1.495430e-01	-6.719720e+00
2.351000e-05	1.194163e-01	-7.042081e+00
2.352000e-05	2.250214e-02	-7.295789e+00
2.353000e-05	-8.147125e-02	-7.644054e+00
2.354000e-05	1.263396e-01	-7.906709e+00
2.355000e-05	-1.775927e-01	-8.210922e+00
2.356000e-05	1.700066e-01	-8.423006e+00
2.357000e-05	-1.151935e-01	-8.665529e+00
2.358000e-05	8.033432e-02	-8.980371e+00
2.359000e-05	3.838482e-02	-9.191396e+00
2.360000e-05	-6.859487e-02	-9.454152e+00
2.361000e-05	1.017650e-01	-9.694714e+00
2.362000e-05	-1.267656e-01	-9.897187e+00
2.363000e-05	1.367269e-01	-1.017629e+01
2.364000e-05	-1.068499e-01	-1.037197e+01
2.365000e-05	1.156138e-01	-1.062203e+01
2.366000e-05	-6.129978e-02	-1.083251e+01
2.367000e-05	4.979373e-02	-1.103513e+01
2.368000e-05	1.197416e-03	-1.130411e+01
2.369000e-05	-1.644680e-02	-1.149721e+01
2.370000e-05	4.151646e-02	-1.166779e+01
2.371000e-05	-4.159795e-02	-1.195832e+01
2.372000e-05	7.275137e-02	-1.213576e+01
2.373000e-05	-4.302498e-02	-1.231839e+01
2.374000e-05	6.965478e-02	-1.249634e+01
2.375000e-05	-4.668711e-02	-1.272626e+01
2.376000e-05	5.265907e-02	-1.290568e+01
2.377000e-05	-2.642656e-02	-1.302411e+01
2.378000e-05	3.661028e-02	-1.321253e+01
2.379000e-05	-8.233688e-03	-1.336839e+01
2.380000e-05	2.280027e-02	-1.354884e+01
2.381000e-05	1.458393e-02	-1.368618e+01
2.382000e-05	1.226890e-02	-1.388564e+01
2.383000e-05	1.911587e-02	-1.401997e+01
2.384000e-05	-3.522754e-03	-1.415900e+01
2.385000e-05	2.417719e-02	-1.427736e+01
2.386000e-05	-1.358804e-03	-1.445455e+01
2.387000e-05	2.997282e-02	-1.456787e+01
2.388000e-05	1.082175e-03	-1.466716e+01
2.389000e-05	2.785886e-02	-1.480952e+01
2.390000e-05	7.080957e-03	-1.487571e+01
2.391000e-05	2.291729e-02	-1.496994e+01
2.392000e-05	6.346132e-03	-1.507511e+01
2.393000e-05	1.661998e-02	-1.517007e+01
2.394000e-05	1.521530e-02	-1.524308e+01
2.395000e-05	2.189160e-02	-1.533673e+01
2.396000e-05	1.981936e-02	-1.537943e+01
2.397000e-05	1.776810e-02	-1.546416e+01
2.398000e-05	1.621453e-02	-1.550776e+01
2.399000e-05	1.812898e-02	-1.556037e+01
2.400000e-05	1.791344e-02	-1.558992e+01
2.401000e-05	2.083194e-02	-1.564415e+01
2.402000e-05	2.182514e-02	-1.569421e+01
2.403000e-05	2.359745e-02	-1.572424e+01
2.404000e-05	2.588888e-02	-1.575932e+01
2.405000e-05	2.333200e-02	-1.575836e+01
2.406000e-05	2.397338e-02	-1.576689e+01
2.407000e-05	2.378592e-02	-1.577997e+01
2.408000e-05	2.942419e-02	-1.580951e+01
2.409000e-05	2.835549e-02	-1.578834e+01
2.410000e-05	3.240099e-02	-1.574986e+01
2.411000e-05	3.110575e-02	-1.573579e+01
2.412000e-05	3.457981e-02	-1.570626e+01
2.413000e-05	3.492316e-02	-1.568261e+01
2.414000e-05	3.601552e-02	-1.563260e+01
2.415000e-05	3.707732e-02	-1.560085e+01
2.416000e-05	4.097365e-02	-1.553892e+01
2.417000e-05	4.466765e-02	-1.548576e+01
2.418000e-05	4.533413e-02	-1.542310e+01
2.419000e-05	4.719688e-02	-1.535737e+01
2.420000e-05	4.790433e-02	-1.531518e+01
2.421000e-05	5.274313e-02	-1.517200e+01
2.422000e-05	5.566253e-02	-1.511931e+01
2.423000e-05	5.973798e-02	-1.507010e+01
2.424000e-05	6.079632e-02	-1.489776e+01
2.425000e-05	6.434522e-02	-1.485260e+01
2.426000e-05	6.526017e-02	-1.469681e+01
2.427000e-05	6.227124e-02	-1.463107e+01
2.428000e-05	5.683656e-02	-1.454471e+01
2.429000e-05	5.442782e-02	-1.435747e+01
2.430000e-05	5.052247e-02	-1.422112e+01
2.431000e-05	4.643563e-02	-1.410523e+01
2.432000e-05	3.851599e-02	-1.394584e+01
2.433000e-05	3.400253e-02	-1.382049e+01
2.434000e-05	3.118830e-02	-1.360005e+01
2.435000e-05	2.859171e-02	-1.348371e+01
2.436000e-05	2.499385e-02	-1.329781e+01
2.437000e-05	2.232274e-02	-1.317747e+01
2.438000e-05	2.079756e-02	-1.300002e+01
2.439000e-05	2.094667e-02	-1.283003e+01
2.440000e-05	1.874906e-02	-1.267313e+01
2.441000e-05	1.440747e-02	-1.249473e+01
2.442000e-05	1.158051e-02	-1.228420e+01
2.443000e-05	1.211216e-02	-1.207426e+01
2.444000e-05	1.256957e-02	-1.191321e+01
2.445000e-05	1.019638e-02	-1.169363e+01
2.446000e-05	8.728512e-03	-1.139955e+01
2.447000e-05	8.628977e-03	-1.116147e+01
2.448000e-05	1.016027e-02	-1.092792e+01
2.449000e-05	8.357498e-03	-1.075737e+01
2.450000e-05	5.615403e-03	-1.056936e+01
2.451000e-05	3.025983e-03	-1.029368e+01
2.452000e-05	4.234576e-03	-1.008158e+01
2.453000e-05	4.982740e-03	-9.822077e+00
2.454000e-05	3.028075e-03	-9.610572e+00
2.455000e-05	2.071046e-03	-9.368939e+00
2.456000e-05	1.525391e-03	-9.074738e+00
2.457000e-05	2.663211e-03	-8.854755e+00
2.458000e-05	2.261184e-03	-8.651579e+00
2.459000e-05	-2.978658e-04	-8.379394e+00
2.460000e-05	-9.085115e-04	-8.124838e+00
2.461000e-05	-4.623279e-04	-7.841028e+00
2.462000e-05	-7.115892e-04	-7.556861e+00
2.463000e-05	-2.390114e-03	-7.263282e+00
2.464000e-05	-2.684049e-03	-7.011045e+00
2.465000e-05	-2.395611e-03	-6.755763e+00
2.466000e-05	-1.157439e-03	-6.492279e+00
2.467000e-05	-2.027496e-03	-6.208946e+00
2.468000e-05	-3.510915e-03	-5.934913e+00
2.469000e-05	-4.923729e-03	-5.608050e+00
2.470000e-05	-2.935099e-03	-5.334288e+00
2.471000e-05	-6.029469e-03	-5.028099e+00
2.472000e-05	-4.588690e-03	-4.672733e+00
2.473000e-05	-6.637372e-03	-4.409051e+00
2.474000e-05	-3.968582e-03	-4.167444e+00
2.475000e-05	-4.805802e-03	-3.882331e+00
2.476000e-05	-2.973158e-03	-3.568894e+00
2.477000e-05	-8.192234e-03	-3.303312e+00
2.478000e-05	-5.458494e-03	-2.997941e+00
2.479000e-05	-7.416403e-03	-2.692687e+00
2.480000e-05	-6.251047e-03	-2.411521e+00
2.481000e-05	-1.067660e-02	-2.042658e+00
2.482000e-05	-5.957602e-03	-1.798497e+00
2.483000e-05	-5.523888e-03	-1.492264e+00
2.484000e-05	-4.414146e-03	-1.147789e+00
2.485000e-05	-8.968915e-03	-8.605528e-01
2.486000e-05	-7.983682e-03	-5.132883e-01
2.487000e-05	-6.437436e-03	-2.711054e-01
2.488000e-05	-2.763564e-03	2.260426e-02
2.489000e-05	8.176603e-03	3.683736e-01
2.490000e-05	-8.754740e-03	6.110526e-01
2.491000e-05	4.487222e-03	8.556093e-01
2.492000e-05	-3.001012e-03	1.230976e+00
2.493000e-05	2.088239e-03	1.445184e+00
2.494000e-05	-9.066793e-03	1.812505e+00
2.495000e-05	1.623653e-02	2.043005e+00
2.496000e-05	5.497876e-02	2.325311e+00
2.497000e-05	9.729504e-02	2.664033e+00
2.498000e-05	-8.755020e-02	2.969448e+00
2.499000e-05	-2.402547e-02	3.274734e+00
2.500000e-05	-3.156250e-02	3.599475e+00
2.501000e-05	-2.180819e-02	3.813556e+00
2.502000e-05	-1.033463e-01	4.032656e+00
2.503000e-05	1.192841e-02	4.316711e+00
2.504000e-05	1.390761e-01	4.601526e+00
2.505000e-05	-1.505364e-01	4.906866e+00
2.506000e-05	1.639575e-01	5.202003e+00
2.507000e-05	-4.406209e-02	5.528291e+00
2.508000e-05	-5.098222e-02	5.810970e+00
2.509000e-05	4.303042e-02	6.086288e+00
2.510000e-05	-1.011752e-01	6.338420e+00
2.511000e-05	1.006373e-01	6.622579e+00
2.512000e-05	-7.314088e-02	6.918740e+00
2.513000e-05	4.952292e-02	7.199950e+00
2.514000e-05	-8.293084e-03	7.528183e+00
2.515000e-05	-2.270268e-02	7.781629e+00
2.516000e-05	1.466003e-02	8.107287e+00
2.517000e-05	-7.134602e-02	8.389867e+00
2.518000e-05	6.181268e-02	8.590970e+00
2.519000e-05	-5.259546e-02	8.853627e+00
2.520000e-05	3.314698e-02	9.085160e+00
2.521000e-05	1.557007e-03	9.289339e+00
2.522000e-05	-3.760285e-02	9.508394e+00
2.523000e-05	1.354914e-02	9.781925e+00
2.524000e-05	-3.889983e-02	1.007611e+01
2.525000e-05	2.400083e-02	1.026568e+01
2.526000e-05	-4.413619e-02	1.051776e+01
2.527000e-05	2.700618e-02	1.074734e+01
2.528000e-05	-2.360307e-02	1.090892e+01
2.529000e-05	4.703046e-03	1.116034e+01
2.530000e-05	-1.163066e-02	1.139997e+01
2.531000e-05	-2.433817e-02	1.157245e+01
2.532000e-05	-1.714200e-03	1.184348e+01
2.533000e-05	-2.148283e-02	1.202158e+01
2.534000e-05	6.760975e-03	1.219253e+01
2.535000e-05	-2.910166e-02	1.242052e+01
2.536000e-05	4.086026e-03	1.260147e+01
2.537000e-05	-2.211054e-02	1.273829e+01
2.538000e-05	-4.208815e-03	1.295937e+01
2.539000e-05	-2.213952e-02	1.308674e+01
2.540000e-05	-1.356156e-02	1.328463e+01
2.541000e-05	-1.046199e-02	1.342561e+01
2.542000e-05	-1.173705e-02	1.362155e+01
2.543000e-05	-1.100154e-02	1.375041e+01
2.544000e-05	-2.277709e-02	1.390589e+01
2.545000e-05	-1.509330e-02	1.408370e+01
2.546000e-05	-1.715711e-02	1.419260e+01
2.547000e-05	-1.416876e-02	1.434739e+01
2.548000e-05	-2.097992e-02	1.452713e+01
2.549000e-05	-1.843822e-02	1.461147e+01
2.550000e-05	-1.330325e-02	1.469523e+01
2.551000e-05	-1.689202e-02	1.480158e+01
2.552000e-05	-2.060637e-02	1.488519e+01
2.553000e-05	-2.579468e-02	1.498940e+01
2.554000e-05	-2.286578e-02	1.507616e+01
2.555000e-05	-1.901959e-02	1.513889e+01
2.556000e-05	-1.943452e-02	1.523202e+01
2.557000e-05	-2.223059e-02	1.530511e+01
2.558000e-05	-2.531729e-02	1.537887e+01
2.559000e-05	-2.131968e-02	1.544297e+01
2.560000e-05	-2.603292e-02	1.545516e+01
2.561000e-05	-2.711345e-02	1.547584e+01
2.562000e-05	-3.179664e-02	1.557801e+01
2.563000e-05	-2.767569e-02	1.557052e+01
2.564000e-05	-2.594934e-02	1.560057e+01
2.565000e-05	-2.820309e-02	1.561108e+01
2.566000e-05	-3.165859e-02	1.570273e+01
2.567000e-05	-3.466492e-02	1.567465e+01
2.568000e-05	-3.173404e-02	1.569465e+01
2.569000e-05	-3.585041e-02	1.566463e+01
2.570000e-05	-3.728296e-02	1.567215e+01
2.571000e-05	-4.063269e-02	1.564260e+01
2.572000e-05	-3.763881e-02	1.564253e+01
2.573000e-05	-3.971115e-02	1.560055e+01
2.574000e-05	-4.316209e-02	1.555899e+01
2.575000e-05	-4.867885e-02	1.552929e+01
2.576000e-05	-5.038356e-02	1.551773e+01
2.577000e-05	-4.618194e-02	1.545413e+01
2.578000e-05	-4.977815e-02	1.537152e+01
2.579000e-05	-5.347717e-02	1.534679e+01
2.580000e-05	-5.879848e-02	1.530472e+01
2.581000e-05	-5.832715e-02	1.521095e+01
2.582000e-05	-6.222192e-02	1.509634e+01
2.583000e-05	-6.573791e-02	1.503052e+01
2.584000e-05	-7.142370e-02	1.494486e+01
2.585000e-05	-7.278268e-02	1.481155e+01
2.586000e-05	-7.008828e-02	1.473679e+01
2.587000e-05	-7.083143e-02	1.462008e+01
2.588000e-05	-7.000091e-02	1.447481e+01
2.589000e-05	-7.106791e-02	1.442045e+01
2.590000e-05	-6.172048e-02	1.423258e+01
2.591000e-05	-5.898278e-02	1.413576e+01
2.592000e-05	-5.255176e-02	1.396894e+01
2.593000e-05	-5.193567e-02	1.383217e+01
2.594000e-05	-4.458409e-02	1.365420e+01
2.595000e-05	-4.093953e-02	1.348573e+01
2.596000e-05	-3.610771e-02	1.338744e+01
2.597000e-05	-3.714656e-02	1.317042e+01
2.598000e-05	-3.424915e-02	1.306267e+01
2.599000e-05	-3.148599e-02	1.291528e+01
2.600000e-05	-2.778915e-02	1.269470e+01
2.601000e-05	-2.782443e-02	1.255438e+01
2.602000e-05	-2.681876e-02	1.235684e+01
2.603000e-05	-2.649146e-02	1.217844e+01
2.604000e-05	-2.162751e-02	1.193844e+01
2.605000e-05	-2.276901e-02	1.174589e+01
2.606000e-05	-2.230522e-02	1.152741e+01
2.607000e-05	-2.281777e-02	1.128633e+01
2.608000e-05	-2.011805e-02	1.110370e+01
2.609000e-05	-1.932640e-02	1.089478e+01
2.610000e-05	-1.897570e-02	1.068263e+01
2.611000e-05	-1.952424e-02	1.046210e+01
2.612000e-05	-1.926031e-02	1.019952e+01
2.613000e-05	-1.689893e-02	9.956341e+00
2.614000e-05	-1.695551e-02	9.737410e+00
2.615000e-05	-1.627459e-02	9.492203e+00
2.616000e-05	-1.683053e-02	9.242671e+00
2.617000e-05	-1.330329e-02	9.011065e+00
2.618000e-05	-1.418212e-02	8.736864e+00
2.619000e-05	-1.378329e-02	8.554237e+00
2.620000e-05	-1.559389e-02	8.263624e+00
2.621000e-05	-1.309205e-02	7.979443e+00
2.622000e-05	-1.273585e-02	7.726357e+00
2.623000e-05	-1.303706e-02	7.451671e+00
2.624000e-05	-1.271180e-02	7.148440e+00
2.625000e-05	-1.254250e-02	6.934786e+00
2.626000e-05	-1.082305e-02	6.640045e+00
2.627000e-05	-1.176075e-02	6.297362e+00
2.628000e-05	-1.143360e-02	6.095206e+00
2.629000e-05	-1.160644e-02	5.829975e+00
2.630000e-05	-1.055404e-02	5.515913e+00
2.631000e-05	-9.831571e-03	5.241648e+00
2.632000e-05	-1.027482e-02	4.861656e+00
2.633000e-05	-1.131800e-02	4.598469e+00
2.634000e-05	-1.081183e-02	4.314812e+00
2.635000e-05	-9.231272e-03	3.999496e+00
2.636000e-05	-8.949713e-03	3.715262e+00
2.637000e-05	-8.957807e-03	3.490152e+00
2.638000e-05	-9.357681e-03	3.125316e+00
2.639000e-05	-8.548665e-03	2.881555e+00
2.640000e-05	-7.802522e-03	2.566913e+00
2.641000e-05	-8.138258e-03	2.230105e+00
2.642000e-05	-9.805038e-03	1.978471e+00
2.643000e-05	-8.535798e-03	1.650749e+00
2.644000e-05	-8.404345e-03	1.354792e+00
2.645000e-05	-7.493640e-03	1.009545e+00
2.646000e-05	-7.732883e-03	6.922078e-01
2.647000e-05	-6.962927e-03	4.110476e-01
2.648000e-05	-4.708820e-03	5.220179e-02
2.649000e-05	-1.802319e-03	-1.998501e-01
2.650000e-05	1.116195e-02	-4.136077e-01
2.651000e-05	-7.040954e-03	-7.704461e-01
2.652000e-05	6.062072e-03	-1.032555e+00
2.653000e-05	-3.149984e-03	-1.387767e+00
2.654000e-05	2.647492e-03	-1.642580e+00
2.655000e-05	-1.731400e-03	-1.835642e+00
2.656000e-05	3.475374e-02	-2.137716e+00
2.657000e-05	1.295188e-01	-2.411983e+00
2.658000e-05	-4.335376e-02	-2.780979e+00
2.659000e-05	-4.166116e-02	-3.273133e+00
2.660000e-05	-8.226176e-03	-3.506740e+00
2.661000e-05	-4.198921e-02	-3.698843e+00
2.662000e-05	-1.058874e-01	-4.002453e+00
2.663000e-05	6.235273e-02	-4.159450e+00
2.664000e-05	1.107755e-01	-4.390433e+00
2.665000e-05	-1.771701e-01	-4.748972e+00
2.666000e-05	2.214669e-01	-4.989453e+00
2.667000e-05	-1.668324e-01	-5.348796e+00
2.668000e-05	9.376949e-02	-5.705634e+00
2.669000e-05	-1.672094e-02	-5.905665e+00
2.670000e-05	-1.083669e-01	-6.283013e+00
2.671000e-05	1.862596e-01	-6.445185e+00
2.672000e-05	-1.743623e-01	-6.762474e+00
2.673000e-05	1.827277e-01	-7.096166e+00
2.674000e-05	-7.381667e-02	-7.359516e+00
2.675000e-05	2.392272e-03	-7.737237e+00
2.676000e-05	5.634275e-02	-7.928296e+00
2.677000e-05	-1.341494e-01	-8.234059e+00
2.678000e-05	1.746768e-01	-8.485710e+00
2.679000e-05	-1.573170e-01	-8.758265e+00
2.680000e-05	1.525786e-01	-9.031576e+00
2.681000e-05	-5.024421e-02	-9.212105e+00
2.682000e-05	8.391979e-03	-9.526836e+00
2.683000e-05	3.629448e-02	-9.768762e+00
2.684000e-05	-7.836969e-02	-9.980445e+00
2.685000e-05	1.112903e-01	-1.015200e+01
2.686000e-05	-1.011163e-01	-1.045210e+01
2.687000e-05	1.292787e-01	-1.064411e+01
2.688000e-05	-9.459626e-02	-1.087719e+01
2.689000e-05	9.246351e-02	-1.108666e+01
2.690000e-05	-4.807846e-02	-1.133822e+01
2.691000e-05	3.285235e-02	-1.152784e+01
2.692000e-05	-1.455669e-03	-1.176831e+01
2.693000e-05	-1.669719e-03	-1.198042e+01
2.694000e-05	4.130928e-02	-1.217990e+01
2.695000e-05	-2.402244e-02	-1.232887e+01
2.696000e-05	5.229172e-02	-1.252734e+01
2.697000e-05	-4.221084e-02	-1.273879e+01
2.698000e-05	5.559002e-02	-1.289874e+01
2.699000e-05	-3.104078e-02	-1.311673e+01
2.700000e-05	5.034113e-02	-1.322416e+01
2.701000e-05	-1.876226e-02	-1.342200e+01
2.702000e-05	3.718191e-02	-1.357139e+01
2.703000e-05	-2.814228e-03	-1.374784e+01
2.704000e-05	2.260776e-02	-1.388736e+01
2.705000e-05	3.272781e-03	-1.406460e+01
2.706000e-05	1.038224e-02	-1.421297e+01
2.707000e-05	1.470423e-02	-1.431939e+01
2.708000e-05	9.274729e-03	-1.451468e+01
2.709000e-05	2.434511e-02	-1.458989e+01
2.710000e-05	7.809359e-03	-1.470826e+01
2.711000e-05	2.458814e-02	-1.479095e+01
2.712000e-05	7.142538e-03	-1.491679e+01
2.713000e-05	2.173790e-02	-1.499202e+01
2.714000e-05	3.532523e-03	-1.511821e+01
2.715000e-05	1.873273e-02	-1.517097e+01
2.716000e-05	1.461216e-02	-1.528318e+01
2.717000e-05	2.583545e-02	-1.536728e+01
2.718000e-05	1.781832e-02	-1.538995e+01
2.719000e-05	1.939488e-02	-1.543576e+01
2.720000e-05	1.514655e-02	-1.555686e+01
2.721000e-05	2.028584e-02	-1.556993e+01
2.722000e-05	1.565572e-02	-1.562097e+01
2.723000e-05	2.190956e-02	-1.564355e+01
2.724000e-05	1.977976e-02	-1.570371e+01
2.725000e-05	2.615161e-02	-1.568486e+01
2.726000e-05	2.500920e-02	-1.573731e+01
2.727000e-05	2.558494e-02	-1.575841e+01
2.728000e-05	2.358754e-02	-1.574692e+01
2.729000e-05	2.498173e-02	-1.578789e+01
2.730000e-05	2.807706e-02	-1.574945e+01
2.731000e-05	2.839038e-02	-1.576886e+01
2.732000e-05	3.327742e-02	-1.577786e+01
2.733000e-05	3.168842e-02	-1.576683e+01
2.734000e-05	3.628267e-02	-1.567576e+01
2.735000e-05	3.481088e-02	-1.569368e+01
2.736000e-05	3.732444e-02	-1.567355e+01
2.737000e-05	3.696166e-02	-1.557995e+01
2.738000e-05	4.125258e-02	-1.550784e+01
2.739000e-05	4.415211e-02	-1.548419e+01
2.740000e-05	4.613183e-02	-1.542999e+01
2.741000e-05	4.763969e-02	-1.534621e+01
2.742000e-05	4.891411e-02	-1.527421e+01
2.743000e-05	5.457536e-02	-1.518995e+01
2.744000e-05	5.623130e-02	-1.510718e+01
2.745000e-05	5.967141e-02	-1.502105e+01
2.746000e-05	6.228897e-02	-1.490628e+01
2.747000e-05	6.403074e-02	-1.485053e+01
2.748000e-05	6.465693e-02	-1.467719e+01
2.749000e-05	6.189012e-02	-1.460745e+01
2.750000e-05	5.740417e-02	-1.446416e+01
2.751000e-05	5.370397e-02	-1.434779e+01
2.752000e-05	4.890086e-02	-1.420050e+01
2.753000e-05	4.370307e-02	-1.404363e+01
2.754000e-05	3.884873e-02	-1.385621e+01
2.755000e-05	3.502111e-02	-1.374794e+01
2.756000e-05	3.182087e-02	-1.361947e+01
2.757000e-05	2.707733e-02	-1.347157e+01
2.758000e-05	2.492868e-02	-1.329478e+01
2.759000e-05	2.256276e-02	-1.311632e+01
2.760000e-05	2.105696e-02	-1.295841e+01
2.761000e-05	1.934673e-02	-1.279007e+01
2.762000e-05	1.767848e-02	-1.260110e+01
2.763000e-05	1.634258e-02	-1.245165e+01
2.764000e-05	1.386409e-02	-1.227150e+01
2.765000e-05	1.191746e-02	-1.204053e+01
2.766000e-05	1.188949e-02	-1.185163e+01
2.767000e-05	9.709214e-03	-1.164105e+01
2.768000e-05	9.526070e-03	-1.136991e+01
2.769000e-05	8.748216e-03	-1.115631e+01
2.770000e-05	8.982806e-03	-1.094526e+01
2.771000e-05	7.030702e-03	-1.072482e+01
2.772000e-05	6.090016e-03	-1.049584e+01
2.773000e-05	4.572139e-03	-1.028518e+01
2.774000e-05	4.081394e-03	-1.002898e+01
2.775000e-05	4.494561e-03	-9.809471e+00
2.776000e-05	3.507669e-03	-9.536966e+00
2.777000e-05	3.258510e-03	-9.365310e+00
2.778000e-05	2.088194e-03	-9.113252e+00
2.779000e-05	2.205315e-03	-8.811629e+00
2.780000e-05	1.281917e-03	-8.588490e+00
2.781000e-05	1.035499e-03	-8.343783e+00
2.782000e-05	-2.993247e-04	-8.084729e+00
2.783000e-05	-5.227288e-04	-7.817067e+00
2.784000e-05	-1.543565e-03	-7.465233e+00
2.785000e-05	-1.094821e-03	-7.241051e+00
2.786000e-05	-2.183189e-03	-6.917865e+00
2.787000e-05	-1.828069e-03	-6.674728e+00
2.788000e-05	-2.172210e-03	-6.391549e+00
2.789000e-05	-1.938724e-03	-6.115186e+00
2.790000e-05	-3.598309e-03	-5.870602e+00
2.791000e-05	-3.533789e-03	-5.589071e+00
2.792000e-05	-3.993241e-03	-5.252653e+00
2.793000e-05	-5.293562e-03	-4.935812e+00
2.794000e-05	-4.453099e-03	-4.619047e+00
2.795000e-05	-6.771320e-03	-4.377941e+00
2.796000e-05	-4.220742e-03	-4.113711e+00
2.797000e-05	-5.090016e-03	-3.797601e+00
2.798000e-05	-4.327937e-03	-3.524787e+00
2.799000e-05	-7.639532e-03	-3.261106e+00
2.800000e-05	-4.987966e-03	-2.944162e+00
2.801000e-05	-7.819323e-03	-2.629549e+00
2.802000e-05	-6.103910e-03	-2.355936e+00
2.803000e-05	-1.006167e-02	-2.030578e+00
2.804000e-05	-6.075556e-03	-1.735812e+00
2.805000e-05	-6.946934e-03	-1.459046e+00
2.806000e-05	-4.755933e-03	-1.081709e+00
2.807000e-05	-8.596086e-03	-8.194962e-01
2.808000e-05	-7.284228e-03	-4.621305e-01
2.809000e-05	-7.891015e-03	-1.885674e-01
2.810000e-05	3.592754e-04	1.067095e-01
2.811000e-05	6.224891e-03	4.209539e-01
2.812000e-05	-7.160196e-03	6.755842e-01
2.813000e-05	3.575890e-03	8.894184e-01
2.814000e-05	-3.298930e-03	1.232657e+00
2.815000e-05	1.692429e-03	1.588345e+00
2.816000e-05	-6.485448e-03	1.843630e+00
2.817000e-05	1.911816e-02	2.064712e+00
2.818000e-05	7.254542e-02	2.349841e+00
2.819000e-05	6.693219e-02	2.739321e+00
2.820000e-05	-9.240373e-02	3.063155e+00
2.821000e-05	-1.492988e-02	3.328816e+00
2.822000e-05	-3.238106e-02	3.644129e+00
2.823000e-05	-2.925234e-02	3.865211e+00
2.824000e-05	-1.037091e-01	4.086239e+00
2.825000e-05	5.993855e-02	4.359397e+00
2.826000e-05	9.162366e-02	4.675614e+00
2.827000e-05	-1.397548e-01	4.959490e+00
2.828000e-05	1.953303e-01	5.266142e+00
2.829000e-05	-1.159257e-01	5.571401e+00
2.830000e-05	1.321500e-02	5.814583e+00
2.831000e-05	-7.441389e-03	6.118295e+00
2.832000e-05	-6.232180e-02	6.381553e+00
2.833000e-05	8.852823e-02	6.686288e+00
2.834000e-05	-8.626039e-02	6.999470e+00
2.835000e-05	8.065430e-02	7.214136e+00
2.836000e-05	-4.831495e-02	7.619870e+00
2.837000e-05	1.649005e-02	7.874179e+00
2.838000e-05	-2.553548e-02	8.189343e+00
2.839000e-05	-3.401154e-02	8.400974e+00
2.840000e-05	4.643605e-02	8.612104e+00
2.841000e-05	-5.537850e-02	8.905683e+00
2.842000e-05	5.029394e-02	9.156792e+00
2.843000e-05	-2.757648e-02	9.360448e+00
2.844000e-05	-1.501499e-02	9.622154e+00
2.845000e-05	-7.765221e-03	9.864082e+00
2.846000e-05	-1.725192e-02	1.009573e+01
2.847000e-05	8.834692e-03	1.033826e+01
2.848000e-05	-3.329746e-02	1.056992e+01
2.849000e-05	2.689263e-02	1.078150e+01
2.850000e-05	-3.140948e-02	1.100995e+01
2.851000e-05	1.196367e-02	1.115952e+01
2.852000e-05	-2.762743e-02	1.143050e+01
2.853000e-05	-1.027080e-02	1.168358e+01
2.854000e-05	-1.218187e-02	1.186411e+01
2.855000e-05	-6.294737e-03	1.205410e+01
2.856000e-05	-4.215329e-03	1.228468e+01
2.857000e-05	-2.085480e-02	1.244413e+01
2.858000e-05	-2.774918e-03	1.263303e+01
2.859000e-05	-2.013786e-02	1.277100e+01
2.860000e-05	-7.600168e-03	1.298089e+01
2.861000e-05	-2.396578e-02	1.313935e+01
2.862000e-05	-9.957341e-03	1.337531e+01
2.863000e-05	-1.438565e-02	1.347618e+01
2.864000e-05	-5.643492e-03	1.363258e+01
2.865000e-05	-1.712013e-02	1.382302e+01
2.866000e-05	-1.905885e-02	1.393929e+01
2.867000e-05	-1.977672e-02	1.407373e+01
2.868000e-05	-1.365316e-02	1.424400e+01
2.869000e-05	-1.891798e-02	1.437997e+01
2.870000e-05	-2.150019e-02	1.448621e+01
2.871000e-05	-1.807670e-02	1.463153e+01
2.872000e-05	-1.380621e-02	1.474679e+01
2.873000e-05	-1.632961e-02	1.482205e+01
2.874000e-05	-2.303597e-02	1.492624e+01
2.875000e-05	-2.383032e-02	1.498952e+01
2.876000e-05	-2.375158e-02	1.510476e+01
2.877000e-05	-1.846025e-02	1.513939e+01
2.878000e-05	-2.242160e-02	1.522262e+01
2.879000e-05	-2.220393e-02	1.528671e+01
2.880000e-05	-2.627864e-02	1.538942e+01
2.881000e-05	-2.208996e-02	1.539260e+01
2.882000e-05	-2.693427e-02	1.547420e+01
2.883000e-05	-2.739327e-02	1.550726e+01
2.884000e-05	-3.067090e-02	1.559039e+01
2.885000e-05	-2.923852e-02	1.555052e+01
2.886000e-05	-2.597335e-02	1.563057e+01
2.887000e-05	-2.927204e-02	1.565210e+01
2.888000e-05	-3.124649e-02	1.565310e+01
2.889000e-05	-3.609829e-02	1.564417e+01
2.890000e-05	-3.220951e-02	1.566415e+01
2.891000e-05	-3.634483e-02	1.564615e+01
2.892000e-05	-3.803813e-02	1.565113e+01
2.893000e-05	-3.906448e-02	1.560302e+01
2.894000e-05	-3.941582e-02	1.561002e+01
2.895000e-05	-4.171373e-02	1.559002e+01
2.896000e-05	-4.531284e-02	1.556984e+01
2.897000e-05	-4.599780e-02	1.552644e+01
2.898000e-05	-4.952105e-02	1.547365e+01
2.899000e-05	-4.811396e-02	1.542252e+01
2.900000e-05	-5.223182e-02	1.538144e+01
2.901000e-05	-5.231175e-02	1.532731e+01
2.902000e-05	-5.809241e-02	1.524362e+01
2.903000e-05	-5.985957e-02	1.520992e+01
2.904000e-05	-6.364304e-02	1.511579e+01
2.905000e-05	-6.597856e-02	1.501955e+01
2.906000e-05	-6.964085e-02	1.489569e+01
2.907000e-05	-7.316586e-02	1.478147e+01
2.908000e-05	-7.252205e-02	1.471630e+01
2.909000e-05	-7.225916e-02	1.458952e+01
2.910000e-05	-6.870247e-02	1.448213e+01
2.911000e-05	-6.824840e-02	1.439834e+01
2.912000e-05	-6.307314e-02	1.422215e+01
2.913000e-05	-5.878274e-02	1.406365e+01
2.914000e-05	-5.201257e-02	1.395834e+01
2.915000e-05	-4.606795e-02	1.378099e+01
2.916000e-05	-4.337953e-02	1.365065e+01
2.917000e-05	-4.278642e-02	1.349421e+01
2.918000e-05	-3.695759e-02	1.333841e+01
2.919000e-05	-3.580225e-02	1.315540e+01
2.920000e-05	-2.991301e-02	1.304000e+01
2.921000e-05	-3.190435e-02	1.284208e+01
2.922000e-05	-2.842406e-02	1.268261e+01
2.923000e-05	-2.905418e-02	1.250531e+01
2.924000e-05	-2.400727e-02	1.229476e+01
2.925000e-05	-2.633501e-02	1.213636e+01
2.926000e-05	-2.341010e-02	1.189581e+01
2.927000e-05	-2.469068e-02	1.170523e+01
2.928000e-05	-1.992425e-02	1.148423e+01
2.929000e-05	-1.874896e-02	1.126261e+01
2.930000e-05	-1.935452e-02	1.104270e+01
2.931000e-05	-2.017963e-02	1.082117e+01
2.932000e-05	-2.084846e-02	1.064157e+01
2.933000e-05	-1.703678e-02	1.040055e+01
2.934000e-05	-1.867011e-02	1.017744e+01
2.935000e-05	-1.638338e-02	9.895309e+00
2.936000e-05	-1.852321e-02	9.682630e+00
2.937000e-05	-1.245547e-02	9.411574e+00
2.938000e-05	-1.594479e-02	9.179095e+00
2.939000e-05	-1.413361e-02	8.977962e+00
2.940000e-05	-1.756356e-02	8.683236e+00
2.941000e-05	-1.411776e-02	8.452751e+00
2.942000e-05	-1.309553e-02	8.230096e+00
2.943000e-05	-1.141592e-02	7.945385e+00
2.944000e-05	-1.258712e-02	7.703782e+00
2.945000e-05	-1.292790e-02	7.378922e+00
2.946000e-05	-1.166559e-02	7.125755e+00
2.947000e-05	-1.217486e-02	6.851627e+00
2.948000e-05	-1.188860e-02	6.566891e+00
2.949000e-05	-1.402387e-02	6.274832e+00
2.950000e-05	-1.072721e-02	6.050577e+00
2.951000e-05	-1.062938e-02	5.763308e+00
2.952000e-05	-9.132893e-03	5.462080e+00
2.953000e-05	-9.799353e-03	5.146411e+00
2.954000e-05	-1.032210e-02	4.789098e+00
2.955000e-05	-9.338353e-03	4.524838e+00
2.956000e-05	-1.099310e-02	4.263653e+00
2.957000e-05	-1.091893e-02	3.946862e+00
2.958000e-05	-1.054211e-02	3.663128e+00
2.959000e-05	-7.916584e-03	3.389444e+00
2.960000e-05	-7.382069e-03	3.062733e+00
2.961000e-05	-6.946197e-03	2.819554e+00
2.962000e-05	-7.110517e-03	2.463257e+00
2.963000e-05	-8.411794e-03	2.188019e+00
2.964000e-05	-8.444292e-03	1.925333e+00
2.965000e-05	-9.334931e-03	1.609494e+00
2.966000e-05	-8.830798e-03	1.281709e+00
2.967000e-05	-8.699171e-03	9.043846e-01
2.968000e-05	-6.278507e-03	6.305713e-01
2.969000e-05	-5.500528e-03	3.779447e-01
2.970000e-05	-3.498617e-03	7.022895e-02
2.971000e-05	1.011602e-04	-2.426104e-01
2.972000e-05	9.889683e-03	-4.463108e-01
2.973000e-05	-6.521617e-03	-7.915053e-01
2.974000e-05	6.035981e-03	-1.085114e+00
2.975000e-05	-3.601036e-03	-1.414026e+00
2.976000e-05	1.635721e-03	-1.686212e+00
2.977000e-05	2.166824e-03	-1.937317e+00
2.978000e-05	4.841903e-02	-2.160852e+00
2.979000e-05	1.318113e-01	-2.487716e+00
2.980000e-05	-8.244405e-02	-2.915183e+00
2.981000e-05	-1.321858e-02	-3.335232e+00
2.982000e-05	-2.797501e-02	-3.567870e+00
2.983000e-05	-3.538799e-02	-3.829853e+00
2.984000e-05	-1.263387e-01	-4.002629e+00
2.985000e-05	1.458822e-01	-4.228977e+00
2.986000e-05	8.800835e-03	-4.445636e+00
2.987000e-05	-8.897758e-02	-4.823553e+00
2.988000e-05	2.099602e-01	-5.024507e+00
2.989000e-05	-2.021282e-01	-5.405507e+00
2.990000e-05	1.661513e-01	-5.726788e+00
2.991000e-05	-1.220970e-01	-5.959424e+00
2.992000e-05	-1.478618e-03	-6.327764e+00
2.993000e-05	1.105341e-01	-6.527890e+00
2.994000e-05	-1.468906e-01	-6.844632e+00
2.995000e-05	2.051591e-01	-7.158295e+00
2.996000e-05	-1.396388e-01	-7.413581e+00
2.997000e-05	8.654838e-02	-7.750338e+00
2.998000e-05	-3.148247e-02	-8.002504e+00
2.999000e-05	-5.929610e-02	-8.304162e+00
3.000000e-05	1.327909e-01	-8.526813e+00
3.001000e-05	-1.544984e-01	-8.801953e+00
3.002000e-05	1.884374e-01	-9.052558e+00
3.003000e-05	-1.189652e-01	-9.265262e+00
3.004000e-05	8.482158e-02	-9.559335e+00
3.005000e-05	-3.830625e-02	-9.799915e+00
3.006000e-05	-5.556884e-03	-1.004355e+01
3.007000e-05	5.764930e-02	-1.023252e+01
3.008000e-05	-6.694716e-02	-1.051618e+01
3.009000e-05	1.124324e-01	-1.070616e+01
3.010000e-05	-9.866386e-02	-1.092773e+01
3.011000e-05	1.141413e-01	-1.112726e+01
3.012000e-05	-8.210762e-02	-1.139037e+01
3.013000e-05	7.221069e-02	-1.156947e+01
3.014000e-05	-4.319562e-02	-1.181192e+01
3.015000e-05	3.960239e-02	-1.205260e+01
3.016000e-05	1.336868e-03	-1.221295e+01
3.017000e-05	9.965177e-03	-1.239156e+01
3.018000e-05	2.417271e-02	-1.257092e+01
3.019000e-05	-1.673724e-02	-1.280090e+01
3.020000e-05	4.082776e-02	-1.293884e+01
3.021000e-05	-2.301849e-02	-1.309781e+01
3.022000e-05	4.452771e-02	-1.330423e+01
3.023000e-05	-2.314987e-02	-1.345208e+01
3.024000e-05	4.239991e-02	-1.359107e+01
3.025000e-05	-1.160993e-02	-1.378894e+01
3.026000e-05	3.451521e-02	-1.395789e+01
3.027000e-05	-5.860935e-03	-1.405518e+01
3.028000e-05	2.423100e-02	-1.422408e+01
3.029000e-05	6.280205e-03	-1.434990e+01
3.030000e-05	1.749579e-02	-1.452475e+01
3.031000e-05	1.294314e-02	-1.458137e+01
3.032000e-05	1.047154e-02	-1.472984e+01
3.033000e-05	1.926412e-02	-1.482205e+01
3.034000e-05	1.108344e-02	-1.494939e+01
3.035000e-05	2.004912e-02	-1.501402e+01
3.036000e-05	7.956515e-03	-1.511879e+01
3.037000e-05	2.052415e-02	-1.520144e+01
3.038000e-05	1.519665e-02	-1.526408e+01
3.039000e-05	2.301518e-02	-1.535836e+01
3.040000e-05	1.479800e-02	-1.540197e+01
3.041000e-05	1.798594e-02	-1.551509e+01
3.042000e-05	1.521333e-02	-1.552727e+01
3.043000e-05	2.059736e-02	-1.556147e+01
3.044000e-05	1.780250e-02	-1.563105e+01
3.045000e-05	2.353068e-02	-1.568418e+01
3.046000e-05	2.091562e-02	-1.569518e+01
3.047000e-05	2.707637e-02	-1.576486e+01
3.048000e-05	2.278971e-02	-1.574631e+01
3.049000e-05	2.386741e-02	-1.579694e+01
3.050000e-05	2.240294e-02	-1.580894e+01
3.051000e-05	2.533401e-02	-1.582047e+01
3.052000e-05	2.823657e-02	-1.581834e+01
3.053000e-05	3.061124e-02	-1.576739e+01
3.054000e-05	3.353096e-02	-1.573634e+01
3.055000e-05	3.264527e-02	-1.573536e+01
3.056000e-05	3.613392e-02	-1.566781e+01
3.057000e-05	3.445062e-02	-1.568315e+01
3.058000e-05	3.706476e-02	-1.563153e+01
3.059000e-05	3.771518e-02	-1.556100e+01
3.060000e-05	4.217380e-02	-1.550776e+01
3.061000e-05	4.454143e-02	-1.544516e+01
3.062000e-05	4.648406e-02	-1.542097e+01
3.063000e-05	4.781298e-02	-1.534681e+01
3.064000e-05	5.054293e-02	-1.524418e+01
3.065000e-05	5.351866e-02	-1.514944e+01
3.066000e-05	5.691978e-02	-1.509468e+01
3.067000e-05	5.934076e-02	-1.501094e+01
3.068000e-05	6.200675e-02	-1.492458e+01
3.069000e-05	6.405658e-02	-1.478900e+01
3.070000e-05	6.332725e-02	-1.468468e+01
3.071000e-05	6.156472e-02	-1.455834e+01
3.072000e-05	5.728746e-02	-1.446105e+01
3.073000e-05	5.201857e-02	-1.434624e+01
3.074000e-05	4.705051e-02	-1.420089e+01
3.075000e-05	4.171497e-02	-1.402302e+01
3.076000e-05	3.826916e-02	-1.387463e+01
3.077000e-05	3.268177e-02	-1.372584e+01
3.078000e-05	3.013941e-02	-1.359894e+01
3.079000e-05	2.646657e-02	-1.342205e+01
3.080000e-05	2.505363e-02	-1.327315e+01
3.081000e-05	2.164940e-02	-1.311470e+01
3.082000e-05	2.030549e-02	-1.294629e+01
3.083000e-05	1.875714e-02	-1.277739e+01
3.084000e-05	1.591688e-02	-1.261842e+01
3.085000e-05	1.461610e-02	-1.239802e+01
3.086000e-05	1.226144e-02	-1.219002e+01
3.087000e-05	1.209713e-02	-1.201847e+01
3.088000e-05	1.103251e-02	-1.179952e+01
3.089000e-05	1.086752e-02	-1.155934e+01
3.090000e-05	9.296805e-03	-1.131626e+01
3.091000e-05	9.204561e-03	-1.108421e+01
3.092000e-05	8.164470e-03	-1.090273e+01
3.093000e-05	6.600863e-03	-1.064310e+01
3.094000e-05	5.332429e-03	-1.048165e+01
3.095000e-05	4.420820e-03	-1.026105e+01
3.096000e-05	4.349060e-03	-9.968443e+00
3.097000e-05	4.469540e-03	-9.757916e+00
3.098000e-05	3.536642e-03	-9.523737e+00
3.099000e-05	3.386322e-03	-9.282683e+00
3.100000e-05	2.518006e-03	-9.029546e+00
3.101000e-05	1.687835e-03	-8.777465e+00
3.102000e-05	9.272794e-04	-8.525837e+00
3.103000e-05	6.989104e-04	-8.282678e+00
3.104000e-05	-1.979231e-04	-8.018599e+00
3.105000e-05	-1.010068e-03	-7.713838e+00
3.106000e-05	-6.529011e-04	-7.432150e+00
3.107000e-05	-3.973322e-04	-7.187937e+00
3.108000e-05	-1.324720e-03	-6.874254e+00
3.109000e-05	-1.373098e-03	-6.661574e+00
3.110000e-05	-2.308498e-03	-6.376394e+00
3.111000e-05	-2.744662e-03	-6.092702e+00
3.112000e-05	-3.419923e-03	-5.809571e+00
3.113000e-05	-2.844134e-03	-5.536811e+00
3.114000e-05	-4.155137e-03	-5.190449e+00
3.115000e-05	-4.460638e-03	-4.912757e+00
3.116000e-05	-4.883178e-03	-4.566871e+00
3.117000e-05	-4.853624e-03	-4.336315e+00
3.118000e-05	-4.823761e-03	-4.070631e+00
3.119000e-05	-5.092915e-03	-3.735288e+00
3.120000e-05	-4.632807e-03	-3.450628e+00
3.121000e-05	-6.870482e-03	-3.198446e+00
3.122000e-05	-5.041244e-03	-2.831075e+00
3.123000e-05	-7.798439e-03	-2.566896e+00
3.124000e-05	-5.959756e-03	-2.303185e+00
3.125000e-05	-7.820704e-03	-1.978018e+00
3.126000e-05	-5.133637e-03	-1.713231e+00
3.127000e-05	-8.859202e-03	-1.285868e+00
3.128000e-05	-6.303558e-03	-9.990501e-01
3.129000e-05	-6.919146e-03	-7.578658e-01
3.130000e-05	-5.263975e-03	-4.190725e-01
3.131000e-05	-8.048910e-03	-1.353934e-01
3.132000e-05	1.575248e-03	1.698985e-01
3.133000e-05	3.400974e-03	4.441290e-01
3.134000e-05	-2.536070e-03	7.478172e-01
3.135000e-05	3.040384e-03	1.012053e+00
3.136000e-05	-3.883288e-03	1.316716e+00
3.137000e-05	-7.155416e-04	1.623501e+00
3.138000e-05	-2.011351e-03	1.907264e+00
3.139000e-05	2.504979e-02	2.107288e+00
3.140000e-05	9.003570e-02	2.481033e+00
3.141000e-05	2.358871e-02	2.821424e+00
3.142000e-05	-8.046028e-02	3.145237e+00
3.143000e-05	-1.277372e-02	3.382451e+00
3.144000e-05	-2.959510e-02	3.736736e+00
3.145000e-05	-4.682446e-02	3.916738e+00
3.146000e-05	-9.189558e-02	4.109869e+00
3.147000e-05	1.060276e-01	4.424029e+00
3.148000e-05	2.428472e-02	4.736892e+00
3.149000e-05	-8.642974e-02	4.991998e+00
3.150000e-05	1.869286e-01	5.346818e+00
3.151000e-05	-1.538808e-01	5.642605e+00
3.152000e-05	6.394222e-02	5.904713e+00
3.153000e-05	-6.038870e-02	6.219975e+00
3.154000e-05	-7.993118e-03	6.413109e+00
3.155000e-05	5.344515e-02	6.748850e+00
3.156000e-05	-7.307815e-02	7.044579e+00
3.157000e-05	8.971442e-02	7.336819e+00
3.158000e-05	-7.272833e-02	7.643101e+00
3.159000e-05	4.445721e-02	7.885765e+00
3.160000e-05	-6.211895e-02	8.211496e+00
3.161000e-05	5.433582e-03	8.494609e+00
3.162000e-05	2.193662e-02	8.656184e+00
3.163000e-05	-4.478793e-02	8.927821e+00
3.164000e-05	5.883250e-02	9.168872e+00
3.165000e-05	-5.152464e-02	9.423578e+00
3.166000e-05	1.092272e-02	9.663156e+00
3.167000e-05	-2.987688e-02	9.917712e+00
3.168000e-05	7.642471e-03	1.010879e+01
3.169000e-05	-1.318979e-02	1.036955e+01
3.170000e-05	-1.572393e-02	1.059195e+01
3.171000e-05	1.789156e-02	1.083255e+01
3.172000e-05	-2.931864e-02	1.100158e+01
3.173000e-05	1.757607e-02	1.124461e+01
3.174000e-05	-3.798595e-02	1.146613e+01
3.175000e-05	1.822727e-03	1.170626e+01
3.176000e-05	-2.402216e-02	1.189672e+01
3.177000e-05	7.105422e-03	1.209521e+01
3.178000e-05	-1.856083e-02	1.228580e+01
3.179000e-05	-9.249305e-03	1.248471e+01
3.180000e-05	-1.119905e-02	1.265506e+01
3.181000e-05	-1.309613e-02	1.282212e+01
3.182000e-05	-1.084268e-02	1.301250e+01
3.183000e-05	-2.319537e-02	1.316900e+01
3.184000e-05	-7.732005e-03	1.334979e+01
3.185000e-05	-1.708097e-02	1.350874e+01
3.186000e-05	-1.824165e-03	1.364413e+01
3.187000e-05	-2.167132e-02	1.380202e+01
3.188000e-05	-1.364526e-02	1.396884e+01
3.189000e-05	-2.235048e-02	1.410726e+01
3.190000e-05	-1.103657e-02	1.427518e+01
3.191000e-05	-2.144429e-02	1.444149e+01
3.192000e-05	-1.975806e-02	1.450679e+01
3.193000e-05	-1.783333e-02	1.469308e+01
3.194000e-05	-1.410452e-02	1.474674e+01
3.195000e-05	-1.527301e-02	1.485316e+01
3.196000e-05	-2.518614e-02	1.489634e+01
3.197000e-05	-2.293118e-02	1.502197e+01
3.198000e-05	-2.507002e-02	1.505624e+01
3.199000e-05	-1.708494e-02	1.520994e+01
3.200000e-05	-2.286981e-02	1.522255e+01
3.201000e-05	-2.225750e-02	1.535728e+01
3.202000e-05	-2.553306e-02	1.536094e+01
3.203000e-05	-2.246952e-02	1.544263e+01
3.204000e-05	-2.636515e-02	1.548613e+01
3.205000e-05	-2.962774e-02	1.552786e+01
3.206000e-05	-2.965176e-02	1.553937e+01
3.207000e-05	-2.854898e-02	1.561047e+01
3.208000e-05	-2.493420e-02	1.560050e+01
3.209000e-05	-3.055715e-02	1.564155e+01
3.210000e-05	-3.346552e-02	1.566165e+01
3.211000e-05	-3.516634e-02	1.567315e+01
3.212000e-05	-3.353404e-02	1.568267e+01
3.213000e-05	-3.648085e-02	1.568315e+01
3.214000e-05	-3.919854e-02	1.565163e+01
3.215000e-05	-4.086227e-02	1.565410e+01
3.216000e-05	-3.793278e-02	1.566197e+01
3.217000e-05	-3.973004e-02	1.561160e+01
3.218000e-05	-4.313388e-02	1.554989e+01
3.219000e-05	-5.021952e-02	1.553824e+01
3.220000e-05	-4.896963e-02	1.545416e+01
3.221000e-05	-5.163187e-02	1.544197e+01
3.222000e-05	-5.121202e-02	1.538039e+01
3.223000e-05	-5.613625e-02	1.531674e+01
3.224000e-05	-5.601718e-02	1.525062e+01
3.225000e-05	-5.784464e-02	1.518937e+01
3.226000e-05	-6.026266e-02	1.506608e+01
3.227000e-05	-6.753166e-02	1.496787e+01
3.228000e-05	-7.381926e-02	1.490418e+01
3.229000e-05	-7.552143e-02	1.477994e+01
3.230000e-05	-7.344630e-02	1.468526e+01
3.231000e-05	-7.078856e-02	1.457047e+01
3.232000e-05	-6.970331e-02	1.447216e+01
3.233000e-05	-6.372052e-02	1.433678e+01
3.234000e-05	-6.021027e-02	1.420857e+01
3.235000e-05	-5.426945e-02	1.402160e+01
3.236000e-05	-5.320969e-02	1.389431e+01
3.237000e-05	-4.941189e-02	1.374794e+01
3.238000e-05	-4.568918e-02	1.359000e+01
3.239000e-05	-4.111661e-02	1.344160e+01
3.240000e-05	-3.551085e-02	1.330333e+01
3.241000e-05	-3.502680e-02	1.310636e+01
3.242000e-05	-2.986075e-02	1.297842e+01
3.243000e-05	-2.972963e-02	1.279855e+01
3.244000e-05	-2.647822e-02	1.262208e+01
3.245000e-05	-2.887961e-02	1.247221e+01
3.246000e-05	-2.682219e-02	1.229413e+01
3.247000e-05	-2.798961e-02	1.207325e+01
3.248000e-05	-2.238086e-02	1.188315e+01
3.249000e-05	-2.218055e-02	1.165168e+01
3.250000e-05	-2.076315e-02	1.144170e+01
3.251000e-05	-2.057990e-02	1.122145e+01
3.252000e-05	-2.014270e-02	1.099105e+01
3.253000e-05	-1.731327e-02	1.079947e+01
3.254000e-05	-1.992063e-02	1.057847e+01
3.255000e-05	-1.859021e-02	1.034644e+01
3.256000e-05	-1.997517e-02	1.012576e+01
3.257000e-05	-1.673178e-02	9.874227e+00
3.258000e-05	-1.721523e-02	9.610523e+00
3.259000e-05	-1.581455e-02	9.379941e+00
3.260000e-05	-1.566249e-02	9.146342e+00
3.261000e-05	-1.438196e-02	8.923257e+00
3.262000e-05	-1.343738e-02	8.630554e+00
3.263000e-05	-1.367646e-02	8.379997e+00
3.264000e-05	-1.392926e-02	8.154870e+00
3.265000e-05	-1.491039e-02	7.883733e+00
3.266000e-05	-1.201999e-02	7.589595e+00
3.267000e-05	-1.202409e-02	7.334811e+00
3.268000e-05	-1.156071e-02	7.032628e+00
3.269000e-05	-1.319275e-02	6.777969e+00
3.270000e-05	-1.170612e-02	6.524259e+00
3.271000e-05	-1.185062e-02	6.232180e+00
3.272000e-05	-1.049811e-02	6.007470e+00
3.273000e-05	-1.068528e-02	5.692336e+00
3.274000e-05	-1.014374e-02	5.387478e+00
3.275000e-05	-9.663415e-03	5.082281e+00
3.276000e-05	-9.623055e-03	4.778416e+00
3.277000e-05	-1.084164e-02	4.463258e+00
3.278000e-05	-1.153825e-02	4.208548e+00
3.279000e-05	-9.979896e-03	3.914329e+00
3.280000e-05	-9.291486e-03	3.631153e+00
3.281000e-05	-7.732085e-03	3.312311e+00
3.282000e-05	-7.742171e-03	3.029126e+00
3.283000e-05	-8.322668e-03	2.766517e+00
3.284000e-05	-7.860394e-03	2.419598e+00
3.285000e-05	-9.282028e-03	2.125816e+00
3.286000e-05	-8.942373e-03	1.851606e+00
3.287000e-05	-8.993474e-03	1.545892e+00
3.288000e-05	-6.941464e-03	1.249550e+00
3.289000e-05	-6.671664e-03	8.912054e-01
3.290000e-05	-6.973772e-03	5.979436e-01
3.291000e-05	-6.776487e-03	3.138069e-01
3.292000e-05	-3.809614e-03	7.440800e-03
3.293000e-05	3.965681e-03	-3.052646e-01
3.294000e-05	6.649912e-03	-5.813998e-01
3.295000e-05	-4.629482e-03	-8.952116e-01
3.296000e-05	3.086966e-03	-1.167776e+00
3.297000e-05	-7.804744e-04	-1.475208e+00
3.298000e-05	1.064241e-03	-1.697267e+00
3.299000e-05	8.785943e-03	-1.968848e+00
3.300000e-05	6.479555e-02	-2.184055e+00
3.301000e-05	1.100234e-01	-2.588925e+00
3.302000e-05	-9.925225e-02	-3.021997e+00
3.303000e-05	8.191589e-03	-3.370397e+00
3.304000e-05	-4.141700e-02	-3.580404e+00
3.305000e-05	-4.129922e-02	-3.863484e+00
3.306000e-05	-1.205547e-01	-4.065233e+00
3.307000e-05	1.964010e-01	-4.233682e+00
3.308000e-05	-9.983962e-02	-4.519766e+00
3.309000e-05	2.670908e-02	-4.885162e+00
3.310000e-05	1.396647e-01	-5.068787e+00
3.311000e-05	-1.954045e-01	-5.540719e+00
3.312000e-05	1.963195e-01	-5.738418e+00
3.313000e-05	-1.875205e-01	-6.036107e+00
3.314000e-05	1.087372e-01	-6.399921e+00
3.315000e-05	1.859569e-02	-6.641501e+00
3.316000e-05	-7.235786e-02	-6.907367e+00
3.317000e-05	1.822382e-01	-7.201500e+00
3.318000e-05	-1.714944e-01	-7.474741e+00
3.319000e-05	1.423495e-01	-7.810545e+00
3.320000e-05	-1.165441e-01	-8.055133e+00
3.321000e-05	3.936582e-02	-8.338318e+00
3.322000e-05	5.564261e-02	-8.580945e+00
3.323000e-05	-9.836553e-02	-8.902708e+00
3.324000e-05	1.767656e-01	-9.095233e+00
3.325000e-05	-1.481997e-01	-9.309891e+00
3.326000e-05	1.297811e-01	-9.590848e+00
3.327000e-05	-1.054489e-01	-9.831553e+00
3.328000e-05	6.877793e-02	-1.005325e+01
3.329000e-05	-1.090011e-02	-1.026624e+01
3.330000e-05	6.993162e-04	-1.054774e+01
3.331000e-05	6.362720e-02	-1.072781e+01
3.332000e-05	-6.703347e-02	-1.097935e+01
3.333000e-05	9.879085e-02	-1.115937e+01
3.334000e-05	-8.761113e-02	-1.138305e+01
3.335000e-05	8.798125e-02	-1.164202e+01
3.336000e-05	-6.823863e-02	-1.181763e+01
3.337000e-05	7.186385e-02	-1.207513e+01
3.338000e-05	-2.813086e-02	-1.222498e+01
3.339000e-05	4.428887e-02	-1.241203e+01
3.340000e-05	-6.975832e-03	-1.263205e+01
3.341000e-05	8.202573e-03	-1.281152e+01
3.342000e-05	1.745827e-02	-1.296887e+01
3.343000e-05	-6.624190e-03	-1.317097e+01
3.344000e-05	3.168581e-02	-1.330531e+01
3.345000e-05	-1.437826e-02	-1.346571e+01
3.346000e-05	4.379186e-02	-1.364453e+01
3.347000e-05	-1.022460e-02	-1.380248e+01
3.348000e-05	3.862886e-02	-1.395941e+01
3.349000e-05	-1.516242e-02	-1.407631e+01
3.350000e-05	3.001837e-02	-1.427263e+01
3.351000e-05	-4.723705e-03	-1.438047e+01
3.352000e-05	2.737758e-02	-1.454879e+01
3.353000e-05	6.685458e-03	-1.463205e+01
3.354000e-05	2.105593e-02	-1.474949e+01
3.355000e-05	1.599580e-02	-1.484360e+01
3.356000e-05	1.699023e-02	-1.494747e+01
3.357000e-05	1.502798e-02	-1.507253e+01
3.358000e-05	7.960442e-03	-1.510942e+01
3.359000e-05	1.839092e-02	-1.520207e+01
3.360000e-05	1.564215e-02	-1.531521e+01
3.361000e-05	2.364886e-02	-1.535841e+01
3.362000e-05	1.744531e-02	-1.544106e+01
3.363000e-05	2.131931e-02	-1.548866e+01
3.364000e-05	1.701007e-02	-1.553939e+01
3.365000e-05	1.872363e-02	-1.562052e+01
3.366000e-05	1.746155e-02	-1.563155e+01
3.367000e-05	2.210720e-02	-1.567414e+01
3.368000e-05	2.126803e-02	-1.569426e+01
3.369000e-05	2.529573e-02	-1.572631e+01
3.370000e-05	2.357187e-02	-1.571634e+01
3.371000e-05	2.713773e-02	-1.576992e+01
3.372000e-05	2.521220e-02	-1.576792e+01
3.373000e-05	2.754476e-02	-1.575797e+01
3.374000e-05	2.695159e-02	-1.578949e+01
3.375000e-05	3.068623e-02	-1.581846e+01
3.376000e-05	3.252494e-02	-1.576791e+01
3.377000e-05	3.379320e-02	-1.574626e+01
3.378000e-05	3.489911e-02	-1.569628e+01
3.379000e-05	3.501060e-02	-1.567363e+01
3.380000e-05	3.809099e-02	-1.560345e+01
3.381000e-05	3.943208e-02	-1.554997e+01
3.382000e-05	4.306838e-02	-1.551824e+01
3.383000e-05	4.331608e-02	-1.544260e+01
3.384000e-05	4.587344e-02	-1.540884e+01
3.385000e-05	4.860749e-02	-1.532531e+01
3.386000e-05	5.117657e-02	-1.525052e+01
3.387000e-05	5.430517e-02	-1.514934e+01
3.388000e-05	5.658191e-02	-1.508360e+01
3.389000e-05	6.062392e-02	-1.497891e+01
3.390000e-05	6.259973e-02	-1.488273e+01
3.391000e-05	6.421038e-02	-1.479887e+01
3.392000e-05	6.268340e-02	-1.467263e+01
3.393000e-05	6.081590e-02	-1.455686e+01
3.394000e-05	5.677470e-02	-1.442007e+01
3.395000e-05	5.187960e-02	-1.430526e+01
3.396000e-05	4.560808e-02	-1.417791e+01
3.397000e-05	4.063165e-02	-1.401000e+01
3.398000e-05	3.712768e-02	-1.383165e+01
3.399000e-05	3.303928e-02	-1.372568e+01
3.400000e-05	2.915257e-02	-1.354689e+01
3.401000e-05	2.613105e-02	-1.341049e+01
3.402000e-05	2.376250e-02	-1.322255e+01
3.403000e-05	2.114388e-02	-1.307165e+01
3.404000e-05	2.027641e-02	-1.289421e+01
3.405000e-05	1.802924e-02	-1.270781e+01
3.406000e-05	1.638742e-02	-1.253746e+01
3.407000e-05	1.477880e-02	-1.234687e+01
3.408000e-05	1.402947e-02	-1.209951e+01
3.409000e-05	1.196409e-02	-1.198689e+01
3.410000e-05	8.879477e-03	-1.175791e+01
3.411000e-05	8.787042e-03	-1.153278e+01
3.412000e-05	9.227523e-03	-1.128271e+01
3.413000e-05	9.475192e-03	-1.103316e+01
3.414000e-05	7.963714e-03	-1.085162e+01
3.415000e-05	5.659161e-03	-1.063213e+01
3.416000e-05	5.789871e-03	-1.040057e+01
3.417000e-05	4.869621e-03	-1.017844e+01
3.418000e-05	4.740150e-03	-9.935311e+00
3.419000e-05	2.299442e-03	-9.673861e+00
3.420000e-05	3.127022e-03	-9.483677e+00
3.421000e-05	2.989210e-03	-9.180551e+00
3.422000e-05	2.603294e-03	-8.979969e+00
3.423000e-05	1.443308e-03	-8.696366e+00
3.424000e-05	9.273886e-04	-8.480209e+00
3.425000e-05	5.910503e-04	-8.221072e+00
3.426000e-05	2.678401e-04	-7.957946e+00
3.427000e-05	-3.861465e-04	-7.664127e+00
3.428000e-05	-1.632816e-03	-7.379446e+00
3.429000e-05	-1.694187e-03	-7.115365e+00
3.430000e-05	-2.151640e-03	-6.850602e+00
3.431000e-05	-1.768527e-03	-6.559467e+00
3.432000e-05	-3.468581e-03	-6.324713e+00
3.433000e-05	-2.729517e-03	-5.978600e+00
3.434000e-05	-3.355497e-03	-5.748412e+00
3.435000e-05	-1.980343e-03	-5.432629e+00
3.436000e-05	-5.329606e-03	-5.126387e+00
3.437000e-05	-4.151110e-03	-4.829999e+00
3.438000e-05	-5.708911e-03	-4.514233e+00
3.439000e-05	-3.983751e-03	-4.262232e+00
3.440000e-05	-5.929956e-03	-4.009072e+00
3.441000e-05	-4.973086e-03	-3.672182e+00
3.442000e-05	-5.886498e-03	-3.420073e+00
3.443000e-05	-5.401236e-03	-3.136863e+00
3.444000e-05	-5.264951e-03	-2.818971e+00
3.445000e-05	-7.821609e-03	-2.513790e+00
3.446000e-05	-7.559210e-03	-2.227425e+00
3.447000e-05	-7.367666e-03	-1.913758e+00
3.448000e-05	-6.565980e-03	-1.650080e+00
3.449000e-05	-7.244164e-03	-1.272182e+00
3.450000e-05	-6.940659e-03	-9.873699e-01
3.451000e-05	-7.626737e-03	-6.912816e-01
3.452000e-05	-5.638702e-03	-3.658685e-01
3.453000e-05	-6.331957e-03	-6.118423e-02
3.454000e-05	5.139968e-03	2.550550e-01
3.455000e-05	-3.131567e-03	5.063157e-01
3.456000e-05	2.514830e-04	7.888674e-01
3.457000e-05	5.217124e-04	1.085264e+00
3.458000e-05	-2.413209e-03	1.369395e+00
3.459000e-05	-3.409460e-03	1.718691e+00
3.460000e-05	3.302139e-03	1.937768e+00
3.461000e-05	2.965219e-02	2.169977e+00
3.462000e-05	1.045205e-01	2.465738e+00
3.463000e-05	-2.353040e-02	2.823660e+00
3.464000e-05	-6.050529e-02	3.148845e+00
3.465000e-05	-1.840377e-02	3.486257e+00
3.466000e-05	-2.421505e-02	3.707341e+00
3.467000e-05	-6.913570e-02	3.969320e+00
3.468000e-05	-6.832513e-02	4.211025e+00
3.469000e-05	1.401341e-01	4.486212e+00
3.470000e-05	-5.408082e-02	4.811925e+00
3.471000e-05	-8.285796e-04	5.026158e+00
3.472000e-05	1.308169e-01	5.382498e+00
3.473000e-05	-1.507121e-01	5.655784e+00
3.474000e-05	8.757276e-02	5.950369e+00
3.475000e-05	-9.974281e-02	6.243158e+00
3.476000e-05	4.546458e-02	6.516816e+00
3.477000e-05	6.704161e-03	6.823079e+00
3.478000e-05	-3.948316e-02	7.074687e+00
3.479000e-05	7.288758e-02	7.381473e+00
3.480000e-05	-7.559055e-02	7.664687e+00
3.481000e-05	5.433859e-02	7.969974e+00
3.482000e-05	-8.622912e-02	8.283607e+00
3.483000e-05	3.977274e-02	8.465233e+00
3.484000e-05	-5.971403e-03	8.757295e+00
3.485000e-05	-2.335091e-02	8.970871e+00
3.486000e-05	5.187482e-02	9.272500e+00
3.487000e-05	-6.300795e-02	9.505082e+00
3.488000e-05	2.645526e-02	9.756817e+00
3.489000e-05	-4.652307e-02	9.939897e+00
3.490000e-05	2.671310e-02	1.019990e+01
3.491000e-05	-3.292797e-02	1.043356e+01
3.492000e-05	3.486690e-03	1.067260e+01
3.493000e-05	3.180121e-03	1.086521e+01
3.494000e-05	-2.122192e-02	1.107361e+01
3.495000e-05	1.218128e-02	1.127576e+01
3.496000e-05	-4.162471e-02	1.156621e+01
3.497000e-05	8.805305e-03	1.174734e+01
3.498000e-05	-2.963025e-02	1.193784e+01
3.499000e-05	1.612543e-02	1.212787e+01
3.500000e-05	-2.910610e-02	1.231631e+01
3.501000e-05	6.648305e-05	1.252736e+01
3.502000e-05	-1.993914e-02	1.267571e+01
3.503000e-05	-7.063393e-03	1.286373e+01
3.504000e-05	-1.573204e-02	1.302313e+01
3.505000e-05	-2.175269e-02	1.321250e+01
3.506000e-05	-6.839853e-03	1.339047e+01
3.507000e-05	-1.582539e-02	1.355842e+01
3.508000e-05	-9.850299e-04	1.370576e+01
3.509000e-05	-2.592446e-02	1.383403e+01
3.510000e-05	-1.221013e-02	1.398055e+01
3.511000e-05	-2.304630e-02	1.417046e+01
3.512000e-05	-9.932728e-03	1.430626e+01
3.513000e-05	-2.372415e-02	1.440507e+01
3.514000e-05	-1.883876e-02	1.455989e+01
3.515000e-05	-1.495244e-02	1.465263e+01
3.516000e-05	-1.482065e-02	1.475992e+01
3.517000e-05	-1.593439e-02	1.486416e+01
3.518000e-05	-2.739971e-02	1.495744e+01
3.519000e-05	-2.172660e-02	1.503358e+01
3.520000e-05	-2.459950e-02	1.508679e+01
3.521000e-05	-1.717218e-02	1.519107e+01
3.522000e-05	-2.444904e-02	1.525416e+01
3.523000e-05	-2.255770e-02	1.532834e+01
3.524000e-05	-2.331346e-02	1.542999e+01
3.525000e-05	-2.228463e-02	1.546213e+01
3.526000e-05	-2.698003e-02	1.546568e+01
3.527000e-05	-3.193616e-02	1.554831e+01
3.528000e-05	-2.856734e-02	1.558986e+01
3.529000e-05	-2.784099e-02	1.555005e+01
3.530000e-05	-2.657997e-02	1.561305e+01
3.531000e-05	-3.294048e-02	1.561215e+01
3.532000e-05	-3.206023e-02	1.563367e+01
3.533000e-05	-3.461758e-02	1.569170e+01
3.534000e-05	-3.402018e-02	1.566455e+01
3.535000e-05	-3.658987e-02	1.565313e+01
3.536000e-05	-3.880245e-02	1.562310e+01
3.537000e-05	-3.747356e-02	1.567117e+01
3.538000e-05	-4.134464e-02	1.562160e+01
3.539000e-05	-4.196459e-02	1.556952e+01
3.540000e-05	-4.698016e-02	1.555788e+01
3.541000e-05	-4.775967e-02	1.552627e+01
3.542000e-05	-4.964626e-02	1.546468e+01
3.543000e-05	-4.952522e-02	1.543207e+01
3.544000e-05	-5.159733e-02	1.536794e+01
3.545000e-05	-5.506600e-02	1.530270e+01
3.546000e-05	-5.668691e-02	1.524255e+01
3.547000e-05	-6.175593e-02	1.517794e+01
3.548000e-05	-6.334005e-02	1.504211e+01
3.549000e-05	-6.893309e-02	1.498981e+01
3.550000e-05	-7.179867e-02	1.485216e+01
3.551000e-05	-7.292475e-02	1.478939e+01
3.552000e-05	-7.184252e-02	1.466217e+01
3.553000e-05	-6.995478e-02	1.457636e+01
3.554000e-05	-6.921891e-02	1.444108e+01
3.555000e-05	-6.431892e-02	1.427621e+01
3.556000e-05	-6.105612e-02	1.419894e+01
3.557000e-05	-5.514566e-02	1.402047e+01
3.558000e-05	-5.023824e-02	1.386270e+01
3.559000e-05	-4.627461e-02	1.375731e+01
3.560000e-05	-4.192475e-02	1.355795e+01
3.561000e-05	-3.952190e-02	1.342157e+01
3.562000e-05	-3.579278e-02	1.326220e+01
3.563000e-05	-3.478396e-02	1.310529e+01
3.564000e-05	-3.010313e-02	1.292688e+01
3.565000e-05	-3.058844e-02	1.274689e+01
3.566000e-05	-2.705520e-02	1.258897e+01
3.567000e-05	-2.753986e-02	1.241053e+01
3.568000e-05	-2.408879e-02	1.224308e+01
3.569000e-05	-2.569955e-02	1.202110e+01
3.570000e-05	-2.319700e-02	1.183102e+01
3.571000e-05	-2.270426e-02	1.161947e+01
3.572000e-05	-2.213825e-02	1.143952e+01
3.573000e-05	-2.074485e-02	1.117046e+01
3.574000e-05	-2.058577e-02	1.100591e+01
3.575000e-05	-1.748393e-02	1.076789e+01
3.576000e-05	-1.822680e-02	1.054536e+01
3.577000e-05	-1.672080e-02	1.030315e+01
3.578000e-05	-1.817476e-02	1.008168e+01
3.579000e-05	-1.691478e-02	9.811569e+00
3.580000e-05	-1.689550e-02	9.528968e+00
3.581000e-05	-1.676216e-02	9.327838e+00
3.582000e-05	-1.568407e-02	9.143358e+00
3.583000e-05	-1.465160e-02	8.879650e+00
3.584000e-05	-1.393943e-02	8.588524e+00
3.585000e-05	-1.343104e-02	8.346435e+00
3.586000e-05	-1.292379e-02	8.133207e+00
3.587000e-05	-1.375670e-02	7.891100e+00
3.588000e-05	-1.314875e-02	7.565919e+00
3.589000e-05	-1.220448e-02	7.262654e+00
3.590000e-05	-1.368685e-02	6.999021e+00
3.591000e-05	-1.083733e-02	6.756314e+00
3.592000e-05	-1.416974e-02	6.480073e+00
3.593000e-05	-1.002386e-02	6.187469e+00
3.594000e-05	-1.230106e-02	5.935365e+00
3.595000e-05	-1.048817e-02	5.652148e+00
3.596000e-05	-8.936303e-03	5.348447e+00
3.597000e-05	-9.327881e-03	5.040548e+00
3.598000e-05	-9.115445e-03	4.714758e+00
3.599000e-05	-1.356288e-02	4.410625e+00
3.600000e-05	-1.060935e-02	4.143813e+00
3.601000e-05	-1.316333e-02	3.841524e+00
3.602000e-05	-8.255699e-03	3.568493e+00
3.603000e-05	-9.286704e-03	3.261606e+00
3.604000e-05	-5.485721e-03	2.977895e+00
3.605000e-05	-6.516584e-03	2.716286e+00
3.606000e-05	-6.618841e-03	2.357442e+00
3.607000e-05	-9.605165e-03	2.051157e+00
3.608000e-05	-1.001301e-02	1.796899e+00
3.609000e-05	-1.069764e-02	1.462683e+00
3.610000e-05	-7.575297e-03	1.174492e+00
3.611000e-05	-6.372668e-03	8.195249e-01
3.612000e-05	-5.414194e-03	5.242384e-01
3.613000e-05	-3.715714e-03	2.184976e-01
3.614000e-05	-3.400190e-03	-9.520944e-02
3.615000e-05	7.159878e-03	-3.593699e-01
3.616000e-05	-1.241542e-03	-6.361328e-01
3.617000e-05	3.415838e-04	-9.478156e-01
3.618000e-05	3.143452e-04	-1.192078e+00
3.619000e-05	1.325910e-03	-1.547798e+00
3.620000e-05	-4.631268e-04	-1.791896e+00
3.621000e-05	1.693835e-02	-1.990524e+00
3.622000e-05	8.900843e-02	-2.317663e+00
3.623000e-05	6.670266e-02	-2.645685e+00
3.624000e-05	-9.494366e-02	-3.105591e+00
3.625000e-05	1.372316e-02	-3.422052e+00
3.626000e-05	-4.788895e-02	-3.653557e+00
3.627000e-05	-5.465171e-02	-3.937766e+00
3.628000e-05	-8.629816e-02	-4.086767e+00
3.629000e-05	2.136196e-01	-4.336738e+00
3.630000e-05	-1.740487e-01	-4.584625e+00
3.631000e-05	1.332830e-01	-4.925290e+00
3.632000e-05	3.179416e-02	-5.171446e+00
3.633000e-05	-1.230171e-01	-5.590552e+00
3.634000e-05	1.725222e-01	-5.790949e+00
3.635000e-05	-2.117717e-01	-6.118846e+00
3.636000e-05	1.798522e-01	-6.410927e+00
3.637000e-05	-7.894274e-02	-6.664584e+00
3.638000e-05	2.269894e-02	-7.011400e+00
3.639000e-05	1.138898e-01	-7.271627e+00
3.640000e-05	-1.476809e-01	-7.591469e+00
3.641000e-05	1.578700e-01	-7.853504e+00
3.642000e-05	-1.704214e-01	-8.119387e+00
3.643000e-05	1.215497e-01	-8.370524e+00
3.644000e-05	-3.659047e-02	-8.601527e+00
3.645000e-05	-1.335307e-02	-8.909291e+00
3.646000e-05	1.216979e-01	-9.137295e+00
3.647000e-05	-1.297469e-01	-9.371899e+00
3.648000e-05	1.370185e-01	-9.623531e+00
3.649000e-05	-1.375999e-01	-9.845130e+00
3.650000e-05	1.210414e-01	-1.010469e+01
3.651000e-05	-7.352334e-02	-1.034781e+01
3.652000e-05	6.570199e-02	-1.058939e+01
3.653000e-05	-1.794100e-03	-1.079084e+01
3.654000e-05	-1.120404e-02	-1.100245e+01
3.655000e-05	5.721620e-02	-1.120199e+01
3.656000e-05	-6.343526e-02	-1.146613e+01
3.657000e-05	7.623650e-02	-1.166573e+01
3.658000e-05	-6.694662e-02	-1.189774e+01
3.659000e-05	8.377069e-02	-1.209526e+01
3.660000e-05	-4.683773e-02	-1.230818e+01
3.661000e-05	6.563725e-02	-1.248523e+01
3.662000e-05	-3.570261e-02	-1.268361e+01
3.663000e-05	3.525020e-02	-1.286257e+01
3.664000e-05	-9.284458e-03	-1.302100e+01
3.665000e-05	1.645013e-02	-1.319102e+01
3.666000e-05	1.199806e-02	-1.338639e+01
3.667000e-05	4.348061e-03	-1.348639e+01
3.668000e-05	3.230663e-02	-1.364418e+01
3.669000e-05	-1.921144e-03	-1.384453e+01
3.670000e-05	3.206413e-02	-1.402145e+01
3.671000e-05	-1.337136e-02	-1.414034e+01
3.672000e-05	2.963169e-02	-1.428418e+01
3.673000e-05	-8.560372e-03	-1.443202e+01
3.674000e-05	2.967427e-02	-1.455731e+01
3.675000e-05	1.931995e-03	-1.466603e+01
3.676000e-05	2.766378e-02	-1.476049e+01
3.677000e-05	1.196989e-02	-1.483421e+01
3.678000e-05	2.239158e-02	-1.500040e+01
3.679000e-05	1.077124e-02	-1.504409e+01
3.680000e-05	1.234990e-02	-1.510934e+01
3.681000e-05	1.497910e-02	-1.523363e+01
3.682000e-05	1.694318e-02	-1.532621e+01
3.683000e-05	2.160643e-02	-1.539889e+01
3.684000e-05	1.877850e-02	-1.540353e+01
3.685000e-05	2.084480e-02	-1.548581e+01
3.686000e-05	1.940880e-02	-1.551939e+01
3.687000e-05	2.103823e-02	-1.562103e+01
3.688000e-05	1.896484e-02	-1.565255e+01
3.689000e-05	2.140702e-02	-1.568473e+01
3.690000e-05	2.076341e-02	-1.572676e+01
3.691000e-05	2.573429e-02	-1.573731e+01
3.692000e-05	2.370404e-02	-1.573891e+01
3.693000e-05	2.647338e-02	-1.580789e+01
3.694000e-05	2.440787e-02	-1.578897e+01
3.695000e-05	2.872720e-02	-1.578844e+01
3.696000e-05	2.817758e-02	-1.577942e+01
3.697000e-05	3.277714e-02	-1.577749e+01
3.698000e-05	3.131563e-02	-1.574781e+01
3.699000e-05	3.404922e-02	-1.571581e+01
3.700000e-05	3.485860e-02	-1.570665e+01
3.701000e-05	3.735904e-02	-1.567258e+01
3.702000e-05	3.725697e-02	-1.559205e+01
3.703000e-05	3.987118e-02	-1.558989e+01
3.704000e-05	4.230778e-02	-1.549482e+01
3.705000e-05	4.567826e-02	-1.545108e+01
3.706000e-05	4.710679e-02	-1.541892e+01
3.707000e-05	4.770703e-02	-1.528473e+01
3.708000e-05	5.162724e-02	-1.521100e+01
3.709000e-05	5.528188e-02	-1.512834e+01
3.710000e-05	5.905355e-02	-1.506360e+01
3.711000e-05	6.145672e-02	-1.497842e+01
3.712000e-05	6.264385e-02	-1.485110e+01
3.713000e-05	6.411459e-02	-1.474737e+01
3.714000e-05	6.263840e-02	-1.464360e+01
3.715000e-05	5.927440e-02	-1.458533e+01
3.716000e-05	5.320054e-02	-1.438095e+01
3.717000e-05	5.020548e-02	-1.426318e+01
3.718000e-05	4.605806e-02	-1.411628e+01
3.719000e-05	4.217549e-02	-1.398835e+01
3.720000e-05	3.687240e-02	-1.383154e+01
3.721000e-05	3.103116e-02	-1.367228e+01
3.722000e-05	2.733223e-02	-1.351581e+01
3.723000e-05	2.467832e-02	-1.337797e+01
3.724000e-05	2.234827e-02	-1.315997e+01
3.725000e-05	2.051152e-02	-1.305058e+01
3.726000e-05	1.956019e-02	-1.287322e+01
3.727000e-05	1.897097e-02	-1.271519e+01
3.728000e-05	1.710545e-02	-1.253681e+01
3.729000e-05	1.470367e-02	-1.232574e+01
3.730000e-05	1.183038e-02	-1.209537e+01
3.731000e-05	1.107554e-02	-1.192636e+01
3.732000e-05	9.802834e-03	-1.167523e+01
3.733000e-05	9.781841e-03	-1.143266e+01
3.734000e-05	8.118911e-03	-1.122357e+01
3.735000e-05	7.095209e-03	-1.100950e+01
3.736000e-05	8.867547e-03	-1.078855e+01
3.737000e-05	7.785111e-03	-1.059000e+01
3.738000e-05	4.681176e-03	-1.034691e+01
3.739000e-05	3.422591e-03	-1.012636e+01
3.740000e-05	5.906870e-03	-9.884204e+00
3.741000e-05	5.357532e-03	-9.673104e+00
3.742000e-05	2.334050e-03	-9.391099e+00
3.743000e-05	-1.733781e-04	-9.166916e+00
3.744000e-05	2.915244e-03	-8.916341e+00
3.745000e-05	3.732685e-03	-8.682658e+00
3.746000e-05	1.265358e-03	-8.409926e+00
3.747000e-05	1.998791e-03	-8.147994e+00
3.748000e-05	-3.396443e-03	-7.924336e+00
3.749000e-05	2.349046e-03	-7.609596e+00
3.750000e-05	-1.984685e-03	-7.366415e+00
3.751000e-05	8.022699e-04	-7.081678e+00
3.752000e-05	-4.580375e-03	-6.807945e+00
3.753000e-05	5.321363e-04	-6.566340e+00
3.754000e-05	-2.422901e-03	-6.230654e+00
3.755000e-05	-1.423364e-03	-5.945891e+00
3.756000e-05	-6.390042e-03	-5.713788e+00
3.757000e-05	-3.739353e-03	-5.398394e+00
3.758000e-05	-4.036257e-03	-5.053156e+00
3.759000e-05	-6.687161e-04	-4.755845e+00
3.760000e-05	-3.505249e-03	-4.471604e+00
3.761000e-05	-4.866975e-03	-4.240603e+00
3.762000e-05	-4.874734e-03	-3.943965e+00
3.763000e-05	-4.071723e-03	-3.610598e+00
3.764000e-05	-7.482896e-03	-3.385868e+00
3.765000e-05	-8.134241e-03	-3.040103e+00
3.766000e-05	-6.764948e-03	-2.715916e+00
3.767000e-05	-4.572156e-03	-2.451131e+00
3.768000e-05	-5.641299e-03	-2.125866e+00
3.769000e-05	-6.550568e-03	-1.851703e+00
3.770000e-05	-7.874309e-03	-1.566994e+00
3.771000e-05	-6.259760e-03	-1.198574e+00
3.772000e-05	-6.704767e-03	-8.927844e-01
3.773000e-05	-7.337531e-03	-5.994425e-01
3.774000e-05	-8.311637e-03	-2.827842e-01
3.775000e-05	-4.590569e-03	-9.077766e-03
3.776000e-05	9.514916e-03	3.052120e-01
3.777000e-05	-4.613491e-03	5.583738e-01
3.778000e-05	2.427456e-03	7.914776e-01
3.779000e-05	-3.636721e-03	1.159770e+00
3.780000e-05	-8.260493e-04	1.392032e+00
3.781000e-05	-5.899292e-03	1.729871e+00
3.782000e-05	9.237937e-03	1.979900e+00
3.783000e-05	3.716659e-02	2.233076e+00
3.784000e-05	1.085118e-01	2.570952e+00
3.785000e-05	-6.223770e-02	2.918266e+00
3.786000e-05	-3.758430e-02	3.232449e+00
3.787000e-05	-2.524973e-02	3.538817e+00
3.788000e-05	-2.128322e-02	3.779425e+00
3.789000e-05	-9.048941e-02	4.001979e+00
3.790000e-05	-3.329969e-02	4.295106e+00
3.791000e-05	1.532145e-01	4.538895e+00
3.792000e-05	-1.202676e-01	4.846704e+00
3.793000e-05	9.370686e-02	5.157816e+00
3.794000e-05	4.615861e-02	5.493609e+00
3.795000e-05	-1.102342e-01	5.755291e+00
3.796000e-05	7.855490e-02	6.033580e+00
3.797000e-05	-1.172279e-01	6.305708e+00
3.798000e-05	8.450756e-02	6.600873e+00
3.799000e-05	-4.080283e-02	6.855684e+00
3.800000e-05	5.531179e-03	7.148341e+00
3.801000e-05	3.730566e-02	7.415107e+00
3.802000e-05	-5.388977e-02	7.726744e+00
3.803000e-05	4.355589e-02	8.034054e+00
3.804000e-05	-8.836589e-02	8.305765e+00
3.805000e-05	5.748604e-02	8.558941e+00
3.806000e-05	-3.387664e-02	8.761521e+00
3.807000e-05	3.612146e-03	9.013049e+00
3.808000e-05	3.330234e-02	9.276208e+00
3.809000e-05	-5.809355e-02	9.497815e+00
3.810000e-05	2.851356e-02	9.779918e+00
3.811000e-05	-4.898214e-02	1.002152e+01
3.812000e-05	3.410747e-02	1.023206e+01
3.813000e-05	-4.477232e-02	1.046473e+01
3.814000e-05	1.931686e-02	1.070578e+01
3.815000e-05	-1.394908e-02	1.091477e+01
3.816000e-05	-8.797615e-03	1.108729e+01
3.817000e-05	1.985243e-03	1.130826e+01
3.818000e-05	-3.648662e-02	1.160044e+01
3.819000e-05	8.621895e-03	1.179994e+01
3.820000e-05	-2.756261e-02	1.198042e+01
3.821000e-05	1.773751e-02	1.219990e+01
3.822000e-05	-3.235566e-02	1.235892e+01
3.823000e-05	4.505772e-03	1.255644e+01
3.824000e-05	-2.458855e-02	1.270729e+01
3.825000e-05	-5.339816e-03	1.288581e+01
3.826000e-05	-1.922548e-02	1.307669e+01
3.827000e-05	-1.800878e-02	1.324303e+01
3.828000e-05	-8.922988e-03	1.338193e+01
3.829000e-05	-1.450278e-02	1.356887e+01
3.830000e-05	-2.504797e-03	1.372526e+01
3.831000e-05	-2.508392e-02	1.386513e+01
3.832000e-05	-1.346775e-02	1.404400e+01
3.833000e-05	-2.322251e-02	1.419097e+01
3.834000e-05	-1.157192e-02	1.431534e+01
3.835000e-05	-2.268619e-02	1.448468e+01
3.836000e-05	-1.887800e-02	1.456942e+01
3.837000e-05	-1.529597e-02	1.471575e+01
3.838000e-05	-1.484400e-02	1.478087e+01
3.839000e-05	-1.586103e-02	1.488473e+01
3.840000e-05	-2.655068e-02	1.497887e+01
3.841000e-05	-2.254111e-02	1.504456e+01
3.842000e-05	-2.449166e-02	1.515786e+01
3.843000e-05	-1.823591e-02	1.519160e+01
3.844000e-05	-2.434378e-02	1.529325e+01
3.845000e-05	-2.489829e-02	1.535636e+01
3.846000e-05	-2.407203e-02	1.539049e+01
3.847000e-05	-2.451265e-02	1.544467e+01
3.848000e-05	-2.686980e-02	1.551673e+01
3.849000e-05	-3.063483e-02	1.556688e+01
3.850000e-05	-2.797686e-02	1.557889e+01
3.851000e-05	-2.794959e-02	1.559160e+01
3.852000e-05	-2.764740e-02	1.563255e+01
3.853000e-05	-3.246425e-02	1.566210e+01
3.854000e-05	-3.444991e-02	1.568313e+01
3.855000e-05	-3.379514e-02	1.568365e+01
3.856000e-05	-3.578895e-02	1.566513e+01
3.857000e-05	-3.705233e-02	1.564313e+01
3.858000e-05	-3.995027e-02	1.566260e+01
3.859000e-05	-3.761566e-02	1.561110e+01
3.860000e-05	-4.096541e-02	1.557107e+01
3.861000e-05	-4.269397e-02	1.556092e+01
3.862000e-05	-4.806008e-02	1.553744e+01
3.863000e-05	-4.970218e-02	1.550576e+01
3.864000e-05	-4.853639e-02	1.547463e+01
3.865000e-05	-5.112156e-02	1.539900e+01
3.866000e-05	-5.245882e-02	1.534838e+01
3.867000e-05	-5.670755e-02	1.527383e+01
3.868000e-05	-5.637755e-02	1.521010e+01
3.869000e-05	-6.194281e-02	1.511676e+01
3.870000e-05	-6.436477e-02	1.501965e+01
3.871000e-05	-6.971627e-02	1.492741e+01
3.872000e-05	-7.120904e-02	1.486260e+01
3.873000e-05	-7.296143e-02	1.470689e+01
3.874000e-05	-7.358930e-02	1.464070e+01
3.875000e-05	-7.057330e-02	1.451573e+01
3.876000e-05	-6.888038e-02	1.440810e+01
3.877000e-05	-6.267498e-02	1.426473e+01
3.878000e-05	-6.021966e-02	1.414741e+01
3.879000e-05	-5.398799e-02	1.397895e+01
3.880000e-05	-4.997320e-02	1.385415e+01
3.881000e-05	-4.417425e-02	1.372566e+01
3.882000e-05	-4.089293e-02	1.356736e+01
3.883000e-05	-3.875655e-02	1.340847e+01
3.884000e-05	-3.589394e-02	1.323207e+01
3.885000e-05	-3.492699e-02	1.307421e+01
3.886000e-05	-3.116485e-02	1.290473e+01
3.887000e-05	-3.006446e-02	1.272534e+01
3.888000e-05	-2.681397e-02	1.256939e+01
3.889000e-05	-2.602824e-02	1.236847e+01
3.890000e-05	-2.427180e-02	1.216052e+01
3.891000e-05	-2.353563e-02	1.202850e+01
3.892000e-05	-2.388868e-02	1.183042e+01
3.893000e-05	-2.346364e-02	1.156742e+01
3.894000e-05	-2.303671e-02	1.134796e+01
3.895000e-05	-1.945647e-02	1.113586e+01
3.896000e-05	-1.870801e-02	1.093581e+01
3.897000e-05	-1.915856e-02	1.071471e+01
3.898000e-05	-1.930954e-02	1.048320e+01
3.899000e-05	-1.779197e-02	1.025318e+01
3.900000e-05	-1.662962e-02	9.989521e+00
3.901000e-05	-1.661845e-02	9.778489e+00
3.902000e-05	-1.679450e-02	9.525310e+00
3.903000e-05	-1.722137e-02	9.314357e+00
3.904000e-05	-1.466083e-02	9.062127e+00
3.905000e-05	-1.443131e-02	8.819020e+00
3.906000e-05	-1.501850e-02	8.587916e+00
3.907000e-05	-1.495342e-02	8.344362e+00
3.908000e-05	-1.279624e-02	8.070074e+00
3.909000e-05	-1.193201e-02	7.787922e+00
3.910000e-05	-1.231749e-02	7.514757e+00
3.911000e-05	-1.329630e-02	7.200071e+00
3.912000e-05	-1.271588e-02	6.977391e+00
3.913000e-05	-1.186963e-02	6.674252e+00
3.914000e-05	-1.159224e-02	6.398498e+00
3.915000e-05	-1.167699e-02	6.155286e+00
3.916000e-05	-1.263987e-02	5.890656e+00
3.917000e-05	-9.353417e-03	5.587994e+00
3.918000e-05	-9.832981e-03	5.323783e+00
3.919000e-05	-9.495225e-03	4.953886e+00
3.920000e-05	-1.109474e-02	4.640178e+00
3.921000e-05	-1.003604e-02	4.357492e+00
3.922000e-05	-9.529873e-03	4.070629e+00
3.923000e-05	-9.676919e-03	3.769017e+00
3.924000e-05	-1.016286e-02	3.525288e+00
3.925000e-05	-9.643905e-03	3.229522e+00
3.926000e-05	-7.994720e-03	2.914233e+00
3.927000e-05	-7.646593e-03	2.630073e+00
3.928000e-05	-7.552557e-03	2.344236e+00
3.929000e-05	-7.846777e-03	2.040050e+00
3.930000e-05	-7.649893e-03	1.745809e+00
3.931000e-05	-7.185075e-03	1.440545e+00
3.932000e-05	-7.831846e-03	1.113236e+00
3.933000e-05	-7.518491e-03	7.268424e-01
3.934000e-05	-7.528700e-03	4.512065e-01
3.935000e-05	-5.004475e-03	1.472635e-01
3.936000e-05	-3.078403e-03	-1.183472e-01
3.937000e-05	1.061498e-02	-3.804539e-01
3.938000e-05	-3.257166e-03	-7.453206e-01
3.939000e-05	4.810192e-03	-9.803524e-01
3.940000e-05	-1.822761e-03	-1.255183e+00
3.941000e-05	2.708934e-03	-1.600527e+00
3.942000e-05	-1.842972e-03	-1.842581e+00
3.943000e-05	2.551063e-02	-2.083632e+00
3.944000e-05	1.134182e-01	-2.359400e+00
3.945000e-05	1.125313e-02	-2.727865e+00
3.946000e-05	-7.202647e-02	-3.170847e+00
3.947000e-05	8.135207e-03	-3.484183e+00
3.948000e-05	-4.537294e-02	-3.645711e+00
3.949000e-05	-7.845124e-02	-3.968372e+00
3.950000e-05	-2.068045e-02	-4.129343e+00
3.951000e-05	1.908711e-01	-4.329943e+00
3.952000e-05	-2.000537e-01	-4.678193e+00
3.953000e-05	1.978545e-01	-4.959395e+00
3.954000e-05	-8.724984e-02	-5.245159e+00
3.955000e-05	-1.939311e-02	-5.674605e+00
3.956000e-05	9.069567e-02	-5.823052e+00
3.957000e-05	-1.923862e-01	-6.162026e+00
3.958000e-05	2.087247e-01	-6.454107e+00
3.959000e-05	-1.513266e-01	-6.748643e+00
3.960000e-05	1.181843e-01	-7.044098e+00
3.961000e-05	2.039495e-02	-7.286711e+00
3.962000e-05	-8.217943e-02	-7.653578e+00
3.963000e-05	1.262687e-01	-7.876737e+00
3.964000e-05	-1.793139e-01	-8.191373e+00
3.965000e-05	1.708186e-01	-8.411576e+00
3.966000e-05	-1.151670e-01	-8.636133e+00
3.967000e-05	8.111195e-02	-8.959845e+00
3.968000e-05	3.856609e-02	-9.179375e+00
3.969000e-05	-7.021536e-02	-9.456080e+00
3.970000e-05	1.020144e-01	-9.694686e+00
3.971000e-05	-1.279427e-01	-9.927767e+00
3.972000e-05	1.375202e-01	-1.014832e+01
3.973000e-05	-1.092276e-01	-1.038147e+01
3.974000e-05	1.152955e-01	-1.062100e+01
3.975000e-05	-6.208769e-02	-1.086263e+01
3.976000e-05	5.003922e-02	-1.104313e+01
3.977000e-05	1.794147e-04	-1.126468e+01
3.978000e-05	-1.729569e-02	-1.146613e+01
3.979000e-05	4.321095e-02	-1.170624e+01
3.980000e-05	-4.180615e-02	-1.192886e+01
3.981000e-05	7.300750e-02	-1.215731e+01
3.982000e-05	-4.523456e-02	-1.236689e+01
3.983000e-05	6.898011e-02	-1.253626e+01
3.984000e-05	-4.836081e-02	-1.268776e+01
3.985000e-05	5.253691e-02	-1.286518e+01
3.986000e-05	-2.786551e-02	-1.302461e+01
3.987000e-05	3.647091e-02	-1.319348e+01
3.988000e-05	-7.542917e-03	-1.335037e+01
3.989000e-05	2.369220e-02	-1.355041e+01
3.990000e-05	1.482723e-02	-1.373621e+01
3.991000e-05	1.180970e-02	-1.387371e+01
3.992000e-05	1.869035e-02	-1.402200e+01
3.993000e-05	-3.517520e-03	-1.416992e+01
3.994000e-05	2.398229e-02	-1.428722e+01
3.995000e-05	-3.586239e-03	-1.445310e+01
3.996000e-05	2.951088e-02	-1.455842e+01
3.997000e-05	6.838824e-04	-1.467514e+01
3.998000e-05	2.928083e-02	-1.481202e+01
3.999000e-05	7.677421e-03	-1.489529e+01
4.000000e-05	2.429442e-02	-1.498102e+01
4.001000e-05	7.154675e-03	-1.505511e+01
4.002000e-05	1.816809e-02	-1.516947e+01
4.003000e-05	1.419034e-02	-1.522363e+01
4.004000e-05	2.047663e-02	-1.534776e+01
4.005000e-05	1.776204e-02	-1.540942e+01
4.006000e-05	1.920528e-02	-1.545353e+01
4.007000e-05	1.852321e-02	-1.551724e+01
4.008000e-05	1.979998e-02	-1.558087e+01
4.009000e-05	1.844824e-02	-1.561103e+01
4.010000e-05	2.046275e-02	-1.567361e+01
4.011000e-05	2.274479e-02	-1.569468e+01
4.012000e-05	2.440525e-02	-1.571578e+01
4.013000e-05	2.513162e-02	-1.576884e+01
4.014000e-05	2.259877e-02	-1.577789e+01
4.015000e-05	2.477675e-02	-1.574842e+01
4.016000e-05	2.412258e-02	-1.578099e+01
4.017000e-05	2.902073e-02	-1.577844e+01
4.018000e-05	2.733881e-02	-1.575934e+01
4.019000e-05	3.291901e-02	-1.575842e+01
4.020000e-05	3.251504e-02	-1.571684e+01
4.021000e-05	3.678990e-02	-1.570576e+01
4.022000e-05	3.451769e-02	-1.565421e+01
4.023000e-05	3.564553e-02	-1.563160e+01
4.024000e-05	3.718548e-02	-1.558150e+01
4.025000e-05	4.082817e-02	-1.550739e+01
4.026000e-05	4.330317e-02	-1.549513e+01
4.027000e-05	4.397967e-02	-1.543358e+01
4.028000e-05	4.712953e-02	-1.534531e+01
4.029000e-05	4.867887e-02	-1.529326e+01
4.030000e-05	5.324352e-02	-1.520102e+01
4.031000e-05	5.505799e-02	-1.514679e+01
4.032000e-05	5.847794e-02	-1.502157e+01
4.033000e-05	6.149692e-02	-1.497584e+01
4.034000e-05	6.326108e-02	-1.482312e+01
4.035000e-05	6.432248e-02	-1.471579e+01
4.036000e-05	6.242624e-02	-1.462000e+01
4.037000e-05	5.855222e-02	-1.450481e+01
4.038000e-05	5.399695e-02	-1.435887e+01
4.039000e-05	4.916082e-02	-1.425060e+01
4.040000e-05	4.355490e-02	-1.409323e+01
4.041000e-05	3.981425e-02	-1.394789e+01
4.042000e-05	3.589960e-02	-1.382947e+01
4.043000e-05	3.105533e-02	-1.364112e+01
4.044000e-05	2.707981e-02	-1.352471e+01
4.045000e-05	2.474554e-02	-1.333581e+01
4.046000e-05	2.183731e-02	-1.313739e+01
4.047000e-05	1.963716e-02	-1.299112e+01
4.048000e-05	1.856719e-02	-1.283157e+01
4.049000e-05	1.778774e-02	-1.266215e+01
4.050000e-05	1.580388e-02	-1.250461e+01
4.051000e-05	1.448592e-02	-1.226326e+01
4.052000e-05	1.249929e-02	-1.209268e+01
4.053000e-05	1.155162e-02	-1.190463e+01
4.054000e-05	9.870497e-03	-1.162325e+01
4.055000e-05	7.683583e-03	-1.137955e+01
4.056000e-05	6.741817e-03	-1.117957e+01
4.057000e-05	9.128680e-03	-1.099589e+01
4.058000e-05	8.947174e-03	-1.074482e+01
4.059000e-05	4.635964e-03	-1.056547e+01
4.060000e-05	4.058982e-03	-1.029523e+01
4.061000e-05	5.507891e-03	-1.011268e+01
4.062000e-05	4.967537e-03	-9.850677e+00
4.063000e-05	1.932186e-03	-9.600020e+00
4.064000e-05	1.454825e-03	-9.417892e+00
4.065000e-05	2.377750e-03	-9.136336e+00
4.066000e-05	4.602625e-03	-8.904256e+00
4.067000e-05	1.793130e-03	-8.642579e+00
4.068000e-05	-5.423214e-04	-8.357390e+00
4.069000e-05	-4.793730e-04	-8.096786e+00
4.070000e-05	1.379565e-03	-7.852174e+00
4.071000e-05	1.593011e-03	-7.577437e+00
4.072000e-05	-1.313845e-03	-7.253307e+00
4.073000e-05	-2.118730e-03	-7.000425e+00
4.074000e-05	-1.700627e-03	-6.755838e+00
4.075000e-05	-8.680762e-04	-6.453709e+00
4.076000e-05	-2.902667e-03	-6.208474e+00
4.077000e-05	-4.701753e-03	-5.904836e+00
4.078000e-05	-3.894620e-03	-5.641599e+00
4.079000e-05	-9.347691e-04	-5.323761e+00
4.080000e-05	-4.356167e-03	-5.040046e+00
4.081000e-05	-3.709247e-03	-4.692157e+00
4.082000e-05	-6.432962e-03	-4.419601e+00
4.083000e-05	-2.691276e-03	-4.188916e+00
4.084000e-05	-4.992901e-03	-3.851255e+00
4.085000e-05	-4.065686e-03	-3.569918e+00
4.086000e-05	-7.883879e-03	-3.293709e+00
4.087000e-05	-4.776642e-03	-2.987389e+00
4.088000e-05	-8.182827e-03	-2.693708e+00
4.089000e-05	-4.759239e-03	-2.407524e+00
4.090000e-05	-7.969534e-03	-2.062632e+00
4.091000e-05	-5.867804e-03	-1.819544e+00
4.092000e-05	-6.780268e-03	-1.495734e+00
4.093000e-05	-5.302281e-03	-1.114966e+00
4.094000e-05	-7.981646e-03	-8.721793e-01
4.095000e-05	-7.033772e-03	-4.949134e-01
4.096000e-05	-7.852980e-03	-2.505789e-01
4.097000e-05	-3.861275e-03	3.207519e-02
4.098000e-05	8.662259e-03	3.693210e-01
4.099000e-05	-7.490466e-03	6.125026e-01
4.100000e-05	5.609048e-03	8.436580e-01
4.101000e-05	-3.088690e-03	1.210426e+00
4.102000e-05	2.396368e-03	1.455161e+00
4.103000e-05	-6.932922e-03	1.820450e+00
4.104000e-05	1.523755e-02	2.011029e+00
4.105000e-05	5.169686e-02	2.315712e+00
4.106000e-05	9.504940e-02	2.623506e+00
4.107000e-05	-8.739680e-02	2.992977e+00
4.108000e-05	-2.236601e-02	3.254633e+00
4.109000e-05	-3.052500e-02	3.599949e+00
4.110000e-05	-2.094111e-02	3.842577e+00
4.111000e-05	-1.027139e-01	4.012636e+00
4.112000e-05	1.115961e-02	4.318192e+00
4.113000e-05	1.389606e-01	4.612478e+00
4.114000e-05	-1.527841e-01	4.866788e+00
4.115000e-05	1.648026e-01	5.212452e+00
4.116000e-05	-4.411516e-02	5.537791e+00
4.117000e-05	-5.030692e-02	5.731472e+00
4.118000e-05	4.529002e-02	6.085737e+00
4.119000e-05	-1.022917e-01	6.359372e+00
4.120000e-05	1.020308e-01	6.634128e+00
4.121000e-05	-7.497412e-02	6.938318e+00
4.122000e-05	5.108649e-02	7.211527e+00
4.123000e-05	-8.541317e-03	7.508337e+00
4.124000e-05	-2.082492e-02	7.782448e+00
4.125000e-05	1.300054e-02	8.125186e+00
4.126000e-05	-6.873000e-02	8.359445e+00
4.127000e-05	6.097251e-02	8.579920e+00
4.128000e-05	-5.063217e-02	8.784055e+00
4.129000e-05	3.127576e-02	9.076629e+00
4.130000e-05	3.998969e-03	9.358367e+00
4.131000e-05	-4.027649e-02	9.550419e+00
4.132000e-05	1.633243e-02	9.812421e+00
4.133000e-05	-3.774381e-02	1.005210e+01
4.134000e-05	2.719608e-02	1.026519e+01
4.135000e-05	-4.450757e-02	1.050731e+01
4.136000e-05	2.865928e-02	1.075731e+01
4.137000e-05	-2.593061e-02	1.091736e+01
4.138000e-05	4.629426e-03	1.115987e+01
4.139000e-05	-1.329579e-02	1.136049e+01
4.140000e-05	-2.506459e-02	1.160350e+01
4.141000e-05	1.157058e-03	1.181153e+01
4.142000e-05	-1.895137e-02	1.203100e+01
4.143000e-05	1.026456e-02	1.220305e+01
4.144000e-05	-2.916253e-02	1.238047e+01
4.145000e-05	4.203304e-03	1.257005e+01
4.146000e-05	-2.278820e-02	1.275042e+01
4.147000e-05	-6.022888e-03	1.294684e+01
4.148000e-05	-2.364859e-02	1.311629e+01
4.149000e-05	-1.250624e-02	1.328471e+01
4.150000e-05	-8.790774e-03	1.341303e+01
4.151000e-05	-1.010508e-02	1.360002e+01
4.152000e-05	-9.979688e-03	1.375589e+01
4.153000e-05	-2.162881e-02	1.389626e+01
4.154000e-05	-1.405677e-02	1.401516e+01
4.155000e-05	-1.830252e-02	1.421149e+01
4.156000e-05	-1.635090e-02	1.433841e+01
4.157000e-05	-2.294866e-02	1.452775e+01
4.158000e-05	-1.751445e-02	1.459892e+01
4.159000e-05	-1.341299e-02	1.471520e+01
4.160000e-05	-1.680012e-02	1.482200e+01
4.161000e-05	-2.098118e-02	1.491478e+01
4.162000e-05	-2.380844e-02	1.496944e+01
4.163000e-05	-2.112414e-02	1.507266e+01
4.164000e-05	-2.176380e-02	1.509699e+01
4.165000e-05	-2.216032e-02	1.527210e+01
4.166000e-05	-2.323611e-02	1.531628e+01
4.167000e-05	-2.446627e-02	1.537704e+01
4.168000e-05	-2.144432e-02	1.542155e+01
4.169000e-05	-2.754955e-02	1.545315e+01
4.170000e-05	-2.790495e-02	1.550674e+01
4.171000e-05	-3.041681e-02	1.552896e+01
4.172000e-05	-2.715362e-02	1.556032e+01
4.173000e-05	-2.714025e-02	1.564002e+01
4.174000e-05	-2.942141e-02	1.562310e+01
4.175000e-05	-3.214288e-02	1.568313e+01
4.176000e-05	-3.393080e-02	1.565368e+01
4.177000e-05	-3.296740e-02	1.568305e+01
4.178000e-05	-3.721625e-02	1.563318e+01
4.179000e-05	-3.788974e-02	1.564313e+01
4.180000e-05	-4.096195e-02	1.567218e+01
4.181000e-05	-3.769129e-02	1.564262e+01
4.182000e-05	-4.004441e-02	1.560052e+01
4.183000e-05	-4.429348e-02	1.557842e+01
4.184000e-05	-4.767509e-02	1.555836e+01
4.185000e-05	-4.937411e-02	1.551573e+01
4.186000e-05	-4.845103e-02	1.543360e+01
4.187000e-05	-5.200035e-02	1.537154e+01
4.188000e-05	-5.407108e-02	1.534629e+01
4.189000e-05	-5.758564e-02	1.528370e+01
4.190000e-05	-5.773922e-02	1.518897e+01
4.191000e-05	-6.194684e-02	1.508628e+01
4.192000e-05	-6.589684e-02	1.505205e+01
4.193000e-05	-7.011101e-02	1.492483e+01
4.194000e-05	-7.162828e-02	1.483152e+01
4.195000e-05	-7.154584e-02	1.473626e+01
4.196000e-05	-7.372037e-02	1.465107e+01
4.197000e-05	-7.066442e-02	1.453683e+01
4.198000e-05	-6.886372e-02	1.439945e+01
4.199000e-05	-6.158600e-02	1.423360e+01
4.200000e-05	-5.952246e-02	1.410531e+01
4.201000e-05	-5.266802e-02	1.398737e+01
4.202000e-05	-5.055958e-02	1.380965e+01
4.203000e-05	-4.376160e-02	1.368320e+01
4.204000e-05	-4.055090e-02	1.351429e+01
4.205000e-05	-3.756796e-02	1.334892e+01
4.206000e-05	-3.676416e-02	1.319057e+01
4.207000e-05	-3.333537e-02	1.304108e+01
4.208000e-05	-3.071534e-02	1.289263e+01
4.209000e-05	-2.962068e-02	1.269423e+01
4.210000e-05	-2.825474e-02	1.254536e+01
4.211000e-05	-2.596678e-02	1.233644e+01
4.212000e-05	-2.432255e-02	1.217644e+01
4.213000e-05	-2.230226e-02	1.194797e+01
4.214000e-05	-2.312164e-02	1.176691e+01
4.215000e-05	-2.175573e-02	1.151588e+01
4.216000e-05	-2.273835e-02	1.128578e+01
4.217000e-05	-1.978189e-02	1.110316e+01
4.218000e-05	-1.955551e-02	1.089370e+01
4.219000e-05	-1.959549e-02	1.068320e+01
4.220000e-05	-1.927795e-02	1.042010e+01
4.221000e-05	-1.861799e-02	1.023948e+01
4.222000e-05	-1.550361e-02	9.946941e+00
4.223000e-05	-1.706197e-02	9.714836e+00
4.224000e-05	-1.603613e-02	9.482204e+00
4.225000e-05	-1.702116e-02	9.261174e+00
4.226000e-05	-1.530207e-02	9.008070e+00
4.227000e-05	-1.476493e-02	8.766864e+00
4.228000e-05	-1.458941e-02	8.495311e+00
4.229000e-05	-1.507788e-02	8.261652e+00
4.230000e-05	-1.279943e-02	8.018944e+00
4.231000e-05	-1.329566e-02	7.735835e+00
4.232000e-05	-1.332305e-02	7.471128e+00
4.233000e-05	-1.334416e-02	7.176410e+00
4.234000e-05	-1.299194e-02	6.924811e+00
4.235000e-05	-1.135518e-02	6.629549e+00
4.236000e-05	-1.270811e-02	6.325892e+00
4.237000e-05	-1.109429e-02	6.073632e+00
4.238000e-05	-1.211048e-02	5.828549e+00
4.239000e-05	-1.234541e-02	5.504832e+00
4.240000e-05	-1.026957e-02	5.271124e+00
4.241000e-05	-1.258454e-02	4.891204e+00
4.242000e-05	-6.370956e-03	4.578974e+00
4.243000e-05	-1.094267e-02	4.326415e+00
4.244000e-05	-6.200076e-03	4.008996e+00
4.245000e-05	-1.172197e-02	3.725358e+00
4.246000e-05	-9.196275e-03	3.449653e+00
4.247000e-05	-1.459443e-02	3.146411e+00
4.248000e-05	-1.134265e-02	2.862654e+00
4.249000e-05	-8.213481e-03	2.523814e+00
4.250000e-05	-3.943782e-03	2.220126e+00
4.251000e-05	-5.131814e-03	1.957440e+00
4.252000e-05	-7.031395e-03	1.662129e+00
4.253000e-05	-7.494040e-03	1.336442e+00
4.254000e-05	-1.068894e-02	9.869975e-01
4.255000e-05	-8.858444e-03	7.017345e-01
4.256000e-05	-9.958993e-03	4.200725e-01
4.257000e-05	-5.054274e-03	8.178185e-02
4.258000e-05	-5.737816e-04	-2.014024e-01
4.259000e-05	1.563970e-02	-4.231330e-01
4.260000e-05	-4.906115e-03	-7.893759e-01
4.261000e-05	6.723061e-03	-1.004033e+00
4.262000e-05	-4.412048e-03	-1.328822e+00
4.263000e-05	2.788041e-03	-1.625007e+00
4.264000e-05	-2.807476e-03	-1.927189e+00
4.265000e-05	3.415477e-02	-2.089740e+00
4.266000e-05	1.312623e-01	-2.423582e+00
4.267000e-05	-4.116400e-02	-2.823504e+00
4.268000e-05	-4.026460e-02	-3.232556e+00
4.269000e-05	-7.981303e-03	-3.496766e+00
4.270000e-05	-4.095047e-02	-3.708869e+00
4.271000e-05	-1.054310e-01	-3.970599e+00
4.272000e-05	6.078277e-02	-4.139424e+00
4.273000e-05	1.142991e-01	-4.401477e+00
4.274000e-05	-1.794392e-01	-4.767798e+00
4.275000e-05	2.218336e-01	-5.000975e+00
4.276000e-05	-1.692848e-01	-5.340397e+00
4.277000e-05	9.433300e-02	-5.706231e+00
4.278000e-05	-1.722954e-02	-5.886661e+00
4.279000e-05	-1.116657e-01	-6.276110e+00
4.280000e-05	1.874480e-01	-6.495288e+00
4.281000e-05	-1.772521e-01	-6.781925e+00
4.282000e-05	1.852439e-01	-7.098738e+00
4.283000e-05	-7.370054e-02	-7.351919e+00
4.284000e-05	4.998463e-03	-7.696659e+00
4.285000e-05	5.717968e-02	-7.959344e+00
4.286000e-05	-1.349704e-01	-8.244003e+00
4.287000e-05	1.743346e-01	-8.493186e+00
4.288000e-05	-1.600438e-01	-8.738770e+00
4.289000e-05	1.532899e-01	-8.980973e+00
4.290000e-05	-5.071391e-02	-9.183555e+00
4.291000e-05	8.388470e-03	-9.516736e+00
4.292000e-05	3.727707e-02	-9.778871e+00
4.293000e-05	-7.869148e-02	-9.948896e+00
4.294000e-05	1.157341e-01	-1.016995e+01
4.295000e-05	-1.060559e-01	-1.044161e+01
4.296000e-05	1.327953e-01	-1.064366e+01
4.297000e-05	-9.972457e-02	-1.085579e+01
4.298000e-05	9.555607e-02	-1.106674e+01
4.299000e-05	-5.227515e-02	-1.131871e+01
4.300000e-05	3.469321e-02	-1.154837e+01
4.301000e-05	-2.589254e-03	-1.175944e+01
4.302000e-05	-1.818818e-03	-1.199145e+01
4.303000e-05	4.355339e-02	-1.214845e+01
4.304000e-05	-2.287232e-02	-1.235090e+01
4.305000e-05	5.541779e-02	-1.257982e+01
4.306000e-05	-4.288528e-02	-1.274787e+01
4.307000e-05	5.507561e-02	-1.291626e+01
4.308000e-05	-3.495045e-02	-1.306721e+01
4.309000e-05	4.882521e-02	-1.324466e+01
4.310000e-05	-2.161040e-02	-1.338105e+01
4.311000e-05	4.067251e-02	-1.357047e+01
4.312000e-05	-1.762051e-03	-1.375822e+01
4.313000e-05	2.710625e-02	-1.389679e+01
4.314000e-05	3.489459e-03	-1.405318e+01
4.315000e-05	9.546662e-03	-1.422097e+01
4.316000e-05	1.326164e-02	-1.433784e+01
4.317000e-05	6.940688e-03	-1.449463e+01
4.318000e-05	2.376017e-02	-1.456990e+01
4.319000e-05	6.384393e-03	-1.469631e+01
4.320000e-05	2.750379e-02	-1.481112e+01
4.321000e-05	5.845532e-03	-1.492676e+01
4.322000e-05	2.509979e-02	-1.503102e+01
4.323000e-05	3.426391e-03	-1.509829e+01
4.324000e-05	1.998674e-02	-1.519144e+01
4.325000e-05	1.248159e-02	-1.526410e+01
4.326000e-05	2.339961e-02	-1.535934e+01
4.327000e-05	2.006870e-02	-1.541242e+01
4.328000e-05	2.137109e-02	-1.551565e+01
4.329000e-05	1.893651e-02	-1.550788e+01
4.330000e-05	1.886770e-02	-1.556090e+01
4.331000e-05	1.840368e-02	-1.559158e+01
4.332000e-05	1.935694e-02	-1.560420e+01
4.333000e-05	2.049527e-02	-1.569426e+01
4.334000e-05	2.462437e-02	-1.569781e+01
4.335000e-05	2.678072e-02	-1.574734e+01
4.336000e-05	2.647612e-02	-1.579744e+01
4.337000e-05	2.625445e-02	-1.575794e+01
4.338000e-05	2.640191e-02	-1.574847e+01
4.339000e-05	2.705614e-02	-1.578989e+01
4.340000e-05	2.703807e-02	-1.579096e+01
4.341000e-05	3.109126e-02	-1.573732e+01
4.342000e-05	3.225008e-02	-1.572634e+01
4.343000e-05	3.640064e-02	-1.566571e+01
4.344000e-05	3.724026e-02	-1.566579e+01
4.345000e-05	3.741815e-02	-1.563212e+01
4.346000e-05	3.925569e-02	-1.558100e+01
4.347000e-05	3.960020e-02	-1.550882e+01
4.348000e-05	4.344917e-02	-1.548521e+01
4.349000e-05	4.396105e-02	-1.538002e+01
4.350000e-05	4.654797e-02	-1.534632e+01
4.351000e-05	4.929474e-02	-1.525573e+01
4.352000e-05	5.280913e-02	-1.516889e+01
4.353000e-05	5.765971e-02	-1.511383e+01
4.354000e-05	5.939133e-02	-1.502202e+01
4.355000e-05	6.263737e-02	-1.494536e+01
4.356000e-05	6.288872e-02	-1.483152e+01
4.357000e-05	6.448701e-02	-1.470376e+01
4.358000e-05	6.091985e-02	-1.455997e+01
4.359000e-05	5.785612e-02	-1.443271e+01
4.360000e-05	5.234539e-02	-1.432691e+01
4.361000e-05	4.805494e-02	-1.422950e+01
4.362000e-05	4.360710e-02	-1.407263e+01
4.363000e-05	3.843760e-02	-1.388676e+01
4.364000e-05	3.490058e-02	-1.375794e+01
4.365000e-05	3.054398e-02	-1.358050e+01
4.366000e-05	2.607171e-02	-1.346158e+01
4.367000e-05	2.282452e-02	-1.330528e+01
4.368000e-05	2.117545e-02	-1.311734e+01
4.369000e-05	2.000123e-02	-1.297937e+01
4.370000e-05	1.897005e-02	-1.276947e+01
4.371000e-05	1.615221e-02	-1.261057e+01
4.372000e-05	1.522720e-02	-1.241215e+01
4.373000e-05	1.419311e-02	-1.226068e+01
4.374000e-05	1.321277e-02	-1.206060e+01
4.375000e-05	1.155527e-02	-1.185259e+01
4.376000e-05	8.292715e-03	-1.161153e+01
4.377000e-05	8.495765e-03	-1.136749e+01
4.378000e-05	7.664516e-03	-1.116686e+01
4.379000e-05	8.571647e-03	-1.093536e+01
4.380000e-05	6.302099e-03	-1.070636e+01
4.381000e-05	5.696996e-03	-1.050378e+01
4.382000e-05	5.311139e-03	-1.026270e+01
4.383000e-05	5.313507e-03	-1.002992e+01
4.384000e-05	3.642152e-03	-9.778500e+00
4.385000e-05	2.592751e-03	-9.536440e+00
4.386000e-05	1.690695e-03	-9.314783e+00
4.387000e-05	2.948473e-03	-9.052608e+00
4.388000e-05	2.589675e-03	-8.891148e+00
4.389000e-05	1.222519e-03	-8.557491e+00
4.390000e-05	9.118408e-04	-8.346311e+00
4.391000e-05	5.062351e-04	-8.083754e+00
4.392000e-05	5.246224e-05	-7.808098e+00
4.393000e-05	-4.095101e-04	-7.472184e+00
4.394000e-05	-1.273757e-03	-7.230578e+00
4.395000e-05	-1.475747e-03	-6.967370e+00
4.396000e-05	-5.422030e-04	-6.692705e+00
4.397000e-05	-2.748592e-03	-6.408526e+00
4.398000e-05	-3.149165e-03	-6.175742e+00
4.399000e-05	-4.568712e-03	-5.852804e+00
4.400000e-05	-2.959155e-03	-5.566574e+00
4.401000e-05	-3.552858e-03	-5.282128e+00
4.402000e-05	-4.525617e-03	-4.934517e+00
4.403000e-05	-3.863563e-03	-4.651073e+00
4.404000e-05	-4.109562e-03	-4.357946e+00
4.405000e-05	-3.041406e-03	-4.094713e+00
4.406000e-05	-5.182460e-03	-3.818396e+00
4.407000e-05	-5.097725e-03	-3.535390e+00
4.408000e-05	-7.081578e-03	-3.212150e+00
4.409000e-05	-4.548028e-03	-2.952211e+00
4.410000e-05	-8.177758e-03	-2.640575e+00
4.411000e-05	-6.011258e-03	-2.337945e+00
4.412000e-05	-8.525230e-03	-2.000574e+00
4.413000e-05	-5.303309e-03	-1.746317e+00
4.414000e-05	-7.090812e-03	-1.471571e+00
4.415000e-05	-5.950825e-03	-1.043207e+00
4.416000e-05	-8.777398e-03	-8.090463e-01
4.417000e-05	-6.477994e-03	-4.726304e-01
4.418000e-05	-7.480389e-03	-1.779487e-01
4.419000e-05	-1.270233e-03	4.616177e-02
4.420000e-05	6.352105e-03	3.925301e-01
4.421000e-05	-6.165910e-03	6.551603e-01
4.422000e-05	4.459077e-03	9.383434e-01
4.423000e-05	-3.969797e-03	1.272109e+00
4.424000e-05	1.293804e-03	1.540369e+00
4.425000e-05	-6.927189e-03	1.864109e+00
4.426000e-05	2.040492e-02	2.034659e+00
4.427000e-05	7.149505e-02	2.315266e+00
4.428000e-05	6.544490e-02	2.708768e+00
4.429000e-05	-9.468115e-02	3.042554e+00
4.430000e-05	-1.455716e-02	3.316793e+00
4.431000e-05	-3.218226e-02	3.662629e+00
4.432000e-05	-2.868596e-02	3.905183e+00
4.433000e-05	-1.037368e-01	4.085788e+00
4.434000e-05	5.865722e-02	4.371472e+00
4.435000e-05	9.520627e-02	4.643663e+00
4.436000e-05	-1.435898e-01	4.977847e+00
4.437000e-05	1.979210e-01	5.274078e+00
4.438000e-05	-1.192275e-01	5.580475e+00
4.439000e-05	1.309127e-02	5.854555e+00
4.440000e-05	-6.123019e-03	6.128897e+00
4.441000e-05	-6.176690e-02	6.421998e+00
4.442000e-05	8.939415e-02	6.727738e+00
4.443000e-05	-8.796571e-02	6.989474e+00
4.444000e-05	8.064847e-02	7.233233e+00
4.445000e-05	-4.891768e-02	7.608442e+00
4.446000e-05	1.644919e-02	7.844158e+00
4.447000e-05	-2.620024e-02	8.137892e+00
4.448000e-05	-3.396065e-02	8.411497e+00
4.449000e-05	4.786437e-02	8.590999e+00
4.450000e-05	-5.418129e-02	8.895711e+00
4.451000e-05	5.065081e-02	9.109285e+00
4.452000e-05	-2.798169e-02	9.399944e+00
4.453000e-05	-1.456324e-02	9.612575e+00
4.454000e-05	-6.366334e-03	9.884628e+00
4.455000e-05	-1.549615e-02	1.006728e+01
4.456000e-05	9.202183e-03	1.029884e+01
4.457000e-05	-3.359204e-02	1.058889e+01
4.458000e-05	2.854864e-02	1.079102e+01
4.459000e-05	-3.140729e-02	1.097995e+01
4.460000e-05	1.250411e-02	1.123040e+01
4.461000e-05	-2.769237e-02	1.144403e+01
4.462000e-05	-1.008231e-02	1.167260e+01
4.463000e-05	-1.133314e-02	1.182561e+01
4.464000e-05	-5.759003e-03	1.207465e+01
4.465000e-05	-2.428395e-03	1.224368e+01
4.466000e-05	-2.073402e-02	1.246315e+01
4.467000e-05	-2.820166e-03	1.262153e+01
4.468000e-05	-1.953793e-02	1.281097e+01
4.469000e-05	-5.798387e-03	1.300852e+01
4.470000e-05	-2.523469e-02	1.314782e+01
4.471000e-05	-9.820985e-03	1.334573e+01
4.472000e-05	-1.179557e-02	1.348473e+01
4.473000e-05	-3.051005e-03	1.364258e+01
4.474000e-05	-1.671120e-02	1.375844e+01
4.475000e-05	-1.807168e-02	1.395784e+01
4.476000e-05	-1.975054e-02	1.407521e+01
4.477000e-05	-1.331900e-02	1.422262e+01
4.478000e-05	-1.863070e-02	1.440044e+01
4.479000e-05	-2.199155e-02	1.450719e+01
4.480000e-05	-1.945809e-02	1.465247e+01
4.481000e-05	-1.302038e-02	1.474572e+01
4.482000e-05	-1.344072e-02	1.481205e+01
4.483000e-05	-2.111990e-02	1.493681e+01
4.484000e-05	-2.465631e-02	1.500100e+01
4.485000e-05	-2.401262e-02	1.505529e+01
4.486000e-05	-1.781614e-02	1.515889e+01
4.487000e-05	-2.186358e-02	1.524218e+01
4.488000e-05	-2.459260e-02	1.532636e+01
4.489000e-05	-2.813398e-02	1.536897e+01
4.490000e-05	-2.061202e-02	1.544010e+01
4.491000e-05	-2.483496e-02	1.546460e+01
4.492000e-05	-2.890152e-02	1.550726e+01
4.493000e-05	-3.061670e-02	1.553786e+01
4.494000e-05	-2.662831e-02	1.559102e+01
4.495000e-05	-2.479286e-02	1.561205e+01
4.496000e-05	-3.258592e-02	1.567168e+01
4.497000e-05	-3.527906e-02	1.567412e+01
4.498000e-05	-3.735503e-02	1.570363e+01
4.499000e-05	-2.920991e-02	1.565368e+01
4.500000e-05	-3.282722e-02	1.569315e+01
4.501000e-05	-3.877545e-02	1.564263e+01
4.502000e-05	-4.180843e-02	1.565258e+01
4.503000e-05	-3.889045e-02	1.560218e+01
4.504000e-05	-4.029475e-02	1.560197e+01
4.505000e-05	-4.717865e-02	1.557794e+01
4.506000e-05	-5.053203e-02	1.552674e+01
4.507000e-05	-5.066453e-02	1.551271e+01
4.508000e-05	-4.576312e-02	1.545252e+01
4.509000e-05	-4.899762e-02	1.539044e+01
4.510000e-05	-5.380391e-02	1.534531e+01
4.511000e-05	-6.045547e-02	1.525260e+01
4.512000e-05	-6.049267e-02	1.520992e+01
4.513000e-05	-6.193212e-02	1.506423e+01
4.514000e-05	-6.730009e-02	1.498849e+01
4.515000e-05	-7.195530e-02	1.492428e+01
4.516000e-05	-7.181037e-02	1.478000e+01
4.517000e-05	-6.815574e-02	1.472571e+01
4.518000e-05	-7.064587e-02	1.457907e+01
4.519000e-05	-7.024425e-02	1.449323e+01
4.520000e-05	-7.076271e-02	1.436799e+01
4.521000e-05	-6.198451e-02	1.422105e+01
4.522000e-05	-5.752290e-02	1.408375e+01
4.523000e-05	-5.146221e-02	1.394886e+01
4.524000e-05	-4.961228e-02	1.381909e+01
4.525000e-05	-4.141136e-02	1.365012e+01
4.526000e-05	-3.881343e-02	1.349371e+01
4.527000e-05	-3.448499e-02	1.332693e+01
4.528000e-05	-3.751054e-02	1.314739e+01
4.529000e-05	-3.340297e-02	1.299954e+01
4.530000e-05	-3.245486e-02	1.284162e+01
4.531000e-05	-2.698947e-02	1.265213e+01
4.532000e-05	-2.713300e-02	1.248331e+01
4.533000e-05	-2.423376e-02	1.228481e+01
4.534000e-05	-2.443586e-02	1.215541e+01
4.535000e-05	-2.132978e-02	1.191531e+01
4.536000e-05	-2.266769e-02	1.166431e+01
4.537000e-05	-2.341695e-02	1.150365e+01
4.538000e-05	-2.322427e-02	1.129123e+01
4.539000e-05	-2.102764e-02	1.107213e+01
4.540000e-05	-1.834093e-02	1.087073e+01
4.541000e-05	-1.789012e-02	1.062057e+01
4.542000e-05	-1.727350e-02	1.037792e+01
4.543000e-05	-1.800135e-02	1.014736e+01
4.544000e-05	-1.529771e-02	9.954810e+00
4.545000e-05	-1.673574e-02	9.673131e+00
4.546000e-05	-1.598891e-02	9.420148e+00
4.547000e-05	-1.753638e-02	9.179019e+00
4.548000e-05	-1.513025e-02	8.936390e+00
4.549000e-05	-1.512602e-02	8.693730e+00
4.550000e-05	-1.421304e-02	8.492677e+00
4.551000e-05	-1.424210e-02	8.219970e+00
4.552000e-05	-1.353992e-02	7.935283e+00
4.553000e-05	-1.193797e-02	7.651206e+00
4.554000e-05	-1.247128e-02	7.377493e+00
4.555000e-05	-1.250325e-02	7.074285e+00
4.556000e-05	-1.291214e-02	6.861103e+00
4.557000e-05	-1.156523e-02	6.588370e+00
4.558000e-05	-1.221334e-02	6.283281e+00
4.559000e-05	-1.207541e-02	6.040600e+00
4.560000e-05	-1.197756e-02	5.724866e+00
4.561000e-05	-1.064383e-02	5.452656e+00
4.562000e-05	-1.042640e-02	5.136385e+00
4.563000e-05	-9.808508e-03	4.819545e+00
4.564000e-05	-1.020972e-02	4.536810e+00
4.565000e-05	-1.091320e-02	4.279104e+00
4.566000e-05	-1.029743e-02	3.956963e+00
4.567000e-05	-9.874293e-03	3.642133e+00
4.568000e-05	-1.027290e-02	3.387066e+00
4.569000e-05	-9.762854e-03	3.084280e+00
4.570000e-05	-9.236990e-03	2.828049e+00
4.571000e-05	-8.535732e-03	2.473683e+00
4.572000e-05	-7.619706e-03	2.187998e+00
4.573000e-05	-6.804798e-03	1.943887e+00
4.574000e-05	-8.315146e-03	1.588522e+00
4.575000e-05	-8.052162e-03	1.292755e+00
4.576000e-05	-8.400290e-03	9.353372e-01
4.577000e-05	-7.088974e-03	6.391291e-01
4.578000e-05	-6.991236e-03	3.434408e-01
4.579000e-05	-5.298786e-03	4.054902e-02
4.580000e-05	-1.572149e-05	-2.345802e-01
4.581000e-05	1.069493e-02	-4.887406e-01
4.582000e-05	-6.332872e-03	-7.920277e-01
4.583000e-05	5.450357e-03	-1.075163e+00
4.584000e-05	-3.093495e-03	-1.383577e+00
4.585000e-05	2.320031e-03	-1.684763e+00
4.586000e-05	3.119458e-03	-1.928341e+00
4.587000e-05	4.847798e-02	-2.161472e+00
4.588000e-05	1.326090e-01	-2.466260e+00
4.589000e-05	-8.324005e-02	-2.918212e+00
4.590000e-05	-1.308159e-02	-3.297266e+00
4.591000e-05	-2.567137e-02	-3.559345e+00
4.592000e-05	-3.628352e-02	-3.811425e+00
4.593000e-05	-1.240692e-01	-4.044678e+00
4.594000e-05	1.454532e-01	-4.172503e+00
4.595000e-05	1.220298e-02	-4.464186e+00
4.596000e-05	-9.313539e-02	-4.822555e+00
4.597000e-05	2.113323e-01	-5.002579e+00
4.598000e-05	-2.054149e-01	-5.463584e+00
4.599000e-05	1.707007e-01	-5.727240e+00
4.600000e-05	-1.235331e-01	-5.970448e+00
4.601000e-05	-2.189016e-04	-6.307293e+00
4.602000e-05	1.174413e-01	-6.537920e+00
4.603000e-05	-1.477175e-01	-6.836262e+00
4.604000e-05	2.065998e-01	-7.159291e+00
4.605000e-05	-1.437581e-01	-7.443125e+00
4.606000e-05	8.610500e-02	-7.708866e+00
4.607000e-05	-3.435907e-02	-8.021453e+00
4.608000e-05	-5.627901e-02	-8.285686e+00
4.609000e-05	1.328908e-01	-8.485788e+00
4.610000e-05	-1.526942e-01	-8.819470e+00
4.611000e-05	1.890065e-01	-9.043530e+00
4.612000e-05	-1.185059e-01	-9.224231e+00
4.613000e-05	8.377556e-02	-9.597795e+00
4.614000e-05	-3.889348e-02	-9.779925e+00
4.615000e-05	-7.192754e-03	-1.003260e+01
4.616000e-05	5.761813e-02	-1.019255e+01
4.617000e-05	-6.607849e-02	-1.048676e+01
4.618000e-05	1.131155e-01	-1.065619e+01
4.619000e-05	-9.898697e-02	-1.092682e+01
4.620000e-05	1.144742e-01	-1.112778e+01
4.621000e-05	-8.319950e-02	-1.136892e+01
4.622000e-05	7.266110e-02	-1.156040e+01
4.623000e-05	-4.483152e-02	-1.180152e+01
4.624000e-05	3.881202e-02	-1.204256e+01
4.625000e-05	2.079259e-03	-1.220245e+01
4.626000e-05	1.022883e-02	-1.244257e+01
4.627000e-05	2.506715e-02	-1.257897e+01
4.628000e-05	-2.001118e-02	-1.277042e+01
4.629000e-05	4.176141e-02	-1.293932e+01
4.630000e-05	-2.611209e-02	-1.315779e+01
4.631000e-05	4.532115e-02	-1.328531e+01
4.632000e-05	-2.469469e-02	-1.344460e+01
4.633000e-05	4.564839e-02	-1.356147e+01
4.634000e-05	-1.198819e-02	-1.377990e+01
4.635000e-05	3.709199e-02	-1.390639e+01
4.636000e-05	-9.410618e-03	-1.405366e+01
4.637000e-05	2.314976e-02	-1.424310e+01
4.638000e-05	1.786209e-03	-1.433934e+01
4.639000e-05	1.813783e-02	-1.456571e+01
4.640000e-05	1.329217e-02	-1.456947e+01
4.641000e-05	1.261843e-02	-1.470587e+01
4.642000e-05	2.094223e-02	-1.482310e+01
4.643000e-05	1.155008e-02	-1.495689e+01
4.644000e-05	2.096759e-02	-1.505115e+01
4.645000e-05	6.129149e-03	-1.509779e+01
4.646000e-05	1.950149e-02	-1.515997e+01
4.647000e-05	1.293829e-02	-1.525613e+01
4.648000e-05	2.395921e-02	-1.536836e+01
4.649000e-05	1.610462e-02	-1.545193e+01
4.650000e-05	2.152127e-02	-1.545579e+01
4.651000e-05	1.676758e-02	-1.553734e+01
4.652000e-05	2.167892e-02	-1.555152e+01
4.653000e-05	1.828947e-02	-1.562310e+01
4.654000e-05	2.326472e-02	-1.567468e+01
4.655000e-05	2.115900e-02	-1.567516e+01
4.656000e-05	2.620230e-02	-1.571684e+01
4.657000e-05	2.419225e-02	-1.578699e+01
4.658000e-05	2.514808e-02	-1.575694e+01
4.659000e-05	2.411819e-02	-1.581894e+01
4.660000e-05	2.636745e-02	-1.576994e+01
4.661000e-05	2.865317e-02	-1.572896e+01
4.662000e-05	3.068325e-02	-1.574732e+01
4.663000e-05	3.322939e-02	-1.574831e+01
4.664000e-05	3.336239e-02	-1.568631e+01
4.665000e-05	3.662031e-02	-1.576576e+01
4.666000e-05	3.569038e-02	-1.569368e+01
4.667000e-05	3.753089e-02	-1.561058e+01
4.668000e-05	3.822410e-02	-1.558044e+01
4.669000e-05	4.222841e-02	-1.552677e+01
4.670000e-05	4.392046e-02	-1.545213e+01
4.671000e-05	4.656686e-02	-1.541945e+01
4.672000e-05	4.784497e-02	-1.533634e+01
4.673000e-05	5.086520e-02	-1.525368e+01
4.674000e-05	5.458199e-02	-1.516892e+01
4.675000e-05	5.716152e-02	-1.507518e+01
4.676000e-05	5.995490e-02	-1.500049e+01
4.677000e-05	6.222296e-02	-1.488575e+01
4.678000e-05	6.354598e-02	-1.477097e+01
4.679000e-05	6.444588e-02	-1.470416e+01
4.680000e-05	6.125611e-02	-1.454842e+01
4.681000e-05	5.591360e-02	-1.447060e+01
4.682000e-05	5.213112e-02	-1.431483e+01
4.683000e-05	4.794167e-02	-1.416842e+01
4.684000e-05	4.323602e-02	-1.405322e+01
4.685000e-05	3.736980e-02	-1.387318e+01
4.686000e-05	3.331169e-02	-1.374579e+01
4.687000e-05	2.987082e-02	-1.357744e+01
4.688000e-05	2.757320e-02	-1.343210e+01
4.689000e-05	2.367729e-02	-1.328268e+01
4.690000e-05	2.084768e-02	-1.309368e+01
4.691000e-05	1.927440e-02	-1.290483e+01
4.692000e-05	1.873679e-02	-1.275792e+01
4.693000e-05	1.643029e-02	-1.256955e+01
4.694000e-05	1.434636e-02	-1.243799e+01
4.695000e-05	1.206475e-02	-1.219899e+01
4.696000e-05	1.222009e-02	-1.203950e+01
4.697000e-05	1.173760e-02	-1.184997e+01
4.698000e-05	9.887550e-03	-1.155736e+01
4.699000e-05	8.315859e-03	-1.133586e+01
4.700000e-05	6.597713e-03	-1.109371e+01
4.701000e-05	7.795189e-03	-1.087323e+01
4.702000e-05	7.132096e-03	-1.071273e+01
4.703000e-05	4.896227e-03	-1.047363e+01
4.704000e-05	3.344893e-03	-1.024050e+01
4.705000e-05	5.139954e-03	-9.966994e+00
4.706000e-05	5.237859e-03	-9.767414e+00
4.707000e-05	4.132785e-03	-9.544741e+00
4.708000e-05	1.611503e-03	-9.262158e+00
4.709000e-05	1.605624e-03	-9.009601e+00
4.710000e-05	2.747282e-03	-8.777998e+00
4.711000e-05	1.770200e-03	-8.545340e+00
4.712000e-05	4.313257e-04	-8.262632e+00
4.713000e-05	-1.564005e-03	-7.998650e+00
4.714000e-05	8.316623e-05	-7.734912e+00
4.715000e-05	1.263135e-04	-7.441552e+00
4.716000e-05	-1.289974e-03	-7.177975e+00
4.717000e-05	-1.898759e-03	-6.893159e+00
4.718000e-05	-1.881974e-03	-6.640673e+00
4.719000e-05	-1.567465e-03	-6.377319e+00
4.720000e-05	-2.696908e-03	-6.081733e+00
4.721000e-05	-4.024357e-03	-5.809549e+00
4.722000e-05	-3.491963e-03	-5.502889e+00
4.723000e-05	-3.028715e-03	-5.169474e+00
4.724000e-05	-3.226258e-03	-4.883781e+00
4.725000e-05	-4.129686e-03	-4.578470e+00
4.726000e-05	-5.855820e-03	-4.344366e+00
4.727000e-05	-4.790483e-03	-4.052183e+00
4.728000e-05	-4.456243e-03	-3.765889e+00
4.729000e-05	-3.982387e-03	-3.442629e+00
4.730000e-05	-7.102659e-03	-3.200049e+00
4.731000e-05	-5.423784e-03	-2.851104e+00
4.732000e-05	-8.233427e-03	-2.598042e+00
4.733000e-05	-5.819253e-03	-2.301263e+00
4.734000e-05	-9.035881e-03	-1.957867e+00
4.735000e-05	-5.628162e-03	-1.681783e+00
4.736000e-05	-7.587604e-03	-1.353942e+00
4.737000e-05	-5.606584e-03	-1.018576e+00
4.738000e-05	-8.866488e-03	-7.373170e-01
4.739000e-05	-6.061014e-03	-3.900986e-01
4.740000e-05	-7.194772e-03	-1.238382e-01
4.741000e-05	2.452814e-03	1.294199e-01
4.742000e-05	1.424848e-03	4.341090e-01
4.743000e-05	-3.730245e-03	7.372410e-01
4.744000e-05	3.418370e-03	9.944514e-01
4.745000e-05	-1.979380e-03	1.316191e+00
4.746000e-05	1.996226e-05	1.603529e+00
4.747000e-05	-3.844584e-03	1.886736e+00
4.748000e-05	2.294887e-02	2.117793e+00
4.749000e-05	9.021989e-02	2.403482e+00
4.750000e-05	2.327696e-02	2.781901e+00
4.751000e-05	-8.283567e-02	3.106791e+00
4.752000e-05	-1.409199e-02	3.411976e+00
4.753000e-05	-2.916609e-02	3.685210e+00
4.754000e-05	-4.537951e-02	3.938293e+00
4.755000e-05	-9.364890e-02	4.128346e+00
4.756000e-05	1.034712e-01	4.413080e+00
4.757000e-05	2.468155e-02	4.746346e+00
4.758000e-05	-8.766714e-02	5.044823e+00
4.759000e-05	1.895489e-01	5.339791e+00
4.760000e-05	-1.571222e-01	5.633080e+00
4.761000e-05	6.510928e-02	5.895685e+00
4.762000e-05	-6.046888e-02	6.182471e+00
4.763000e-05	-9.226039e-03	6.433681e+00
4.764000e-05	5.321141e-02	6.789924e+00
4.765000e-05	-7.555369e-02	7.042555e+00
4.766000e-05	9.003258e-02	7.327766e+00
4.767000e-05	-7.200257e-02	7.623529e+00
4.768000e-05	4.506847e-02	7.886736e+00
4.769000e-05	-6.388035e-02	8.222475e+00
4.770000e-05	5.074240e-03	8.452605e+00
4.771000e-05	2.241152e-02	8.654160e+00
4.772000e-05	-4.510137e-02	8.916793e+00
4.773000e-05	5.805416e-02	9.190869e+00
4.774000e-05	-5.168036e-02	9.431528e+00
4.775000e-05	1.174613e-02	9.664758e+00
4.776000e-05	-2.864119e-02	9.898214e+00
4.777000e-05	8.489243e-03	1.012833e+01
4.778000e-05	-1.407211e-02	1.038047e+01
4.779000e-05	-1.660998e-02	1.063095e+01
4.780000e-05	1.737643e-02	1.083250e+01
4.781000e-05	-2.950876e-02	1.101255e+01
4.782000e-05	1.668965e-02	1.123368e+01
4.783000e-05	-3.807637e-02	1.145463e+01
4.784000e-05	3.055895e-03	1.173623e+01
4.785000e-05	-2.268330e-02	1.193678e+01
4.786000e-05	7.732623e-03	1.209621e+01
4.787000e-05	-1.823467e-02	1.230616e+01
4.788000e-05	-8.950423e-03	1.247623e+01
4.789000e-05	-1.079668e-02	1.263311e+01
4.790000e-05	-1.349038e-02	1.283310e+01
4.791000e-05	-1.104618e-02	1.299197e+01
4.792000e-05	-2.295721e-02	1.316097e+01
4.793000e-05	-7.025514e-03	1.335728e+01
4.794000e-05	-1.562726e-02	1.349732e+01
4.795000e-05	-1.526290e-03	1.366311e+01
4.796000e-05	-2.208918e-02	1.378258e+01
4.797000e-05	-1.386721e-02	1.395094e+01
4.798000e-05	-2.195857e-02	1.407836e+01
4.799000e-05	-1.073907e-02	1.431466e+01
4.800000e-05	-2.181891e-02	1.442205e+01
4.801000e-05	-1.958736e-02	1.454629e+01
4.802000e-05	-1.753072e-02	1.464248e+01
4.803000e-05	-1.429061e-02	1.473836e+01
4.804000e-05	-1.555054e-02	1.484313e+01
4.805000e-05	-2.454975e-02	1.496684e+01
4.806000e-05	-2.189910e-02	1.500207e+01
4.807000e-05	-2.488007e-02	1.511679e+01
4.808000e-05	-1.686308e-02	1.516949e+01
4.809000e-05	-2.399125e-02	1.525462e+01
4.810000e-05	-2.259653e-02	1.531724e+01
4.811000e-05	-2.641756e-02	1.538047e+01
4.812000e-05	-2.197064e-02	1.542360e+01
4.813000e-05	-2.652372e-02	1.550566e+01
4.814000e-05	-3.049939e-02	1.553676e+01
4.815000e-05	-2.998714e-02	1.557897e+01
4.816000e-05	-2.864513e-02	1.557149e+01
4.817000e-05	-2.402670e-02	1.565155e+01
4.818000e-05	-3.159456e-02	1.561415e+01
4.819000e-05	-3.337010e-02	1.564375e+01
4.820000e-05	-3.714188e-02	1.566366e+01
4.821000e-05	-3.210096e-02	1.567368e+01
4.822000e-05	-3.624497e-02	1.565363e+01
4.823000e-05	-3.891769e-02	1.566260e+01
4.824000e-05	-4.042788e-02	1.564268e+01
4.825000e-05	-3.984530e-02	1.565012e+01
4.826000e-05	-3.991702e-02	1.561047e+01
4.827000e-05	-4.644061e-02	1.553890e+01
4.828000e-05	-4.892531e-02	1.553628e+01
4.829000e-05	-5.151834e-02	1.548613e+01
4.830000e-05	-4.750131e-02	1.544357e+01
4.831000e-05	-5.176463e-02	1.534897e+01
4.832000e-05	-5.700701e-02	1.531583e+01
4.833000e-05	-5.818366e-02	1.523265e+01
4.834000e-05	-6.077784e-02	1.513894e+01
4.835000e-05	-5.924397e-02	1.505561e+01
4.836000e-05	-6.803728e-02	1.498052e+01
4.837000e-05	-7.042170e-02	1.484318e+01
4.838000e-05	-7.574485e-02	1.479997e+01
4.839000e-05	-6.982739e-02	1.467368e+01
4.840000e-05	-7.458048e-02	1.457654e+01
4.841000e-05	-7.033874e-02	1.447265e+01
4.842000e-05	-6.838197e-02	1.433636e+01
4.843000e-05	-5.778636e-02	1.422000e+01
4.844000e-05	-5.322587e-02	1.406322e+01
4.845000e-05	-4.984089e-02	1.392581e+01
4.846000e-05	-4.927000e-02	1.374894e+01
4.847000e-05	-4.430674e-02	1.360107e+01
4.848000e-05	-4.058260e-02	1.348268e+01
4.849000e-05	-3.615464e-02	1.333483e+01
4.850000e-05	-3.682712e-02	1.311486e+01
4.851000e-05	-3.009449e-02	1.296749e+01
4.852000e-05	-3.033851e-02	1.279960e+01
4.853000e-05	-2.459600e-02	1.263252e+01
4.854000e-05	-2.831491e-02	1.244165e+01
4.855000e-05	-2.359740e-02	1.226363e+01
4.856000e-05	-2.591277e-02	1.206166e+01
4.857000e-05	-2.052267e-02	1.187275e+01
4.858000e-05	-2.321234e-02	1.166371e+01
4.859000e-05	-2.316965e-02	1.142268e+01
4.860000e-05	-2.370841e-02	1.118103e+01
4.861000e-05	-1.980558e-02	1.100053e+01
4.862000e-05	-1.815730e-02	1.077005e+01
4.863000e-05	-1.702517e-02	1.060990e+01
4.864000e-05	-1.697890e-02	1.033844e+01
4.865000e-05	-1.679953e-02	1.012631e+01
4.866000e-05	-1.458357e-02	9.851681e+00
4.867000e-05	-1.866341e-02	9.650573e+00
4.868000e-05	-1.821239e-02	9.389046e+00
4.869000e-05	-1.843384e-02	9.146864e+00
4.870000e-05	-1.266640e-02	8.893683e+00
4.871000e-05	-1.330217e-02	8.651128e+00
4.872000e-05	-1.242822e-02	8.421045e+00
4.873000e-05	-1.389065e-02	8.146910e+00
4.874000e-05	-1.360275e-02	7.882283e+00
4.875000e-05	-1.312168e-02	7.559045e+00
4.876000e-05	-1.428711e-02	7.325212e+00
4.877000e-05	-1.384624e-02	7.032654e+00
4.878000e-05	-1.321137e-02	6.769500e+00
4.879000e-05	-1.046564e-02	6.536210e+00
4.880000e-05	-1.092950e-02	6.249599e+00
4.881000e-05	-1.054776e-02	5.968394e+00
4.882000e-05	-1.258442e-02	5.692658e+00
4.883000e-05	-9.751611e-03	5.418996e+00
4.884000e-05	-1.068276e-02	5.102758e+00
4.885000e-05	-1.160529e-02	4.776939e+00
4.886000e-05	-1.292475e-02	4.484207e+00
4.887000e-05	-1.058301e-02	4.167998e+00
4.888000e-05	-8.113741e-03	3.874232e+00
4.889000e-05	-8.876537e-03	3.630570e+00
4.890000e-05	-9.582204e-03	3.343832e+00
4.891000e-05	-9.838838e-03	3.029650e+00
4.892000e-05	-7.862380e-03	2.767918e+00
4.893000e-05	-8.796004e-03	2.440025e+00
4.894000e-05	-9.934440e-03	2.135315e+00
4.895000e-05	-1.039393e-02	1.872154e+00
4.896000e-05	-8.057920e-03	1.515786e+00
4.897000e-05	-7.520803e-03	1.239600e+00
4.898000e-05	-7.281960e-03	8.526842e-01
4.899000e-05	-7.342067e-03	6.159686e-01
4.900000e-05	-5.911408e-03	2.952307e-01
4.901000e-05	-3.560960e-03	-4.305520e-02
4.902000e-05	3.257231e-03	-3.272430e-01
4.903000e-05	5.238037e-03	-6.108538e-01
4.904000e-05	-4.731720e-03	-8.540867e-01
4.905000e-05	3.972621e-03	-1.147841e+00
4.906000e-05	-9.825758e-04	-1.536162e+00
4.907000e-05	7.687558e-04	-1.728242e+00
4.908000e-05	8.602962e-03	-1.938370e+00
4.909000e-05	6.529408e-02	-2.244533e+00
4.910000e-05	1.127295e-01	-2.569423e+00
4.911000e-05	-9.987609e-02	-3.013350e+00
4.912000e-05	6.825473e-03	-3.349918e+00
4.913000e-05	-4.119004e-02	-3.568926e+00
4.914000e-05	-3.952191e-02	-3.894609e+00
4.915000e-05	-1.220307e-01	-4.094660e+00
4.916000e-05	1.991285e-01	-4.273581e+00
4.917000e-05	-9.879394e-02	-4.528421e+00
4.918000e-05	2.839576e-02	-4.874732e+00
4.919000e-05	1.445010e-01	-5.085763e+00
4.920000e-05	-1.964666e-01	-5.579793e+00
4.921000e-05	2.004716e-01	-5.758396e+00
4.922000e-05	-1.915640e-01	-6.044134e+00
4.923000e-05	1.102924e-01	-6.427421e+00
4.924000e-05	2.030260e-02	-6.571004e+00
4.925000e-05	-7.411088e-02	-6.927268e+00
4.926000e-05	1.834846e-01	-7.240527e+00
4.927000e-05	-1.713729e-01	-7.477136e+00
4.928000e-05	1.449845e-01	-7.791044e+00
4.929000e-05	-1.182044e-01	-8.105657e+00
4.930000e-05	3.758258e-02	-8.359320e+00
4.931000e-05	5.558774e-02	-8.558848e+00
4.932000e-05	-9.794782e-02	-8.855654e+00
4.933000e-05	1.793909e-01	-9.085713e+00
4.934000e-05	-1.491754e-01	-9.327267e+00
4.935000e-05	1.314803e-01	-9.631445e+00
4.936000e-05	-1.056950e-01	-9.842403e+00
4.937000e-05	6.970610e-02	-1.005359e+01
4.938000e-05	-1.127939e-02	-1.029571e+01
4.939000e-05	-1.195967e-03	-1.055642e+01
4.940000e-05	6.336738e-02	-1.072881e+01
4.941000e-05	-6.741373e-02	-1.097940e+01
4.942000e-05	9.917606e-02	-1.118947e+01
4.943000e-05	-8.886046e-02	-1.143303e+01
4.944000e-05	8.961463e-02	-1.163210e+01
4.945000e-05	-6.824477e-02	-1.184356e+01
4.946000e-05	7.182585e-02	-1.210313e+01
4.947000e-05	-2.904683e-02	-1.226363e+01
4.948000e-05	4.363554e-02	-1.243306e+01
4.949000e-05	-7.691976e-03	-1.260255e+01
4.950000e-05	6.528987e-03	-1.281050e+01
4.951000e-05	1.749092e-02	-1.298890e+01
4.952000e-05	-8.456238e-03	-1.316994e+01
4.953000e-05	3.251578e-02	-1.332534e+01
4.954000e-05	-1.548325e-02	-1.348428e+01
4.955000e-05	4.268151e-02	-1.363200e+01
4.956000e-05	-1.184133e-02	-1.379055e+01
4.957000e-05	3.936949e-02	-1.396939e+01
4.958000e-05	-1.522663e-02	-1.406677e+01
4.959000e-05	3.000245e-02	-1.427415e+01
4.960000e-05	-6.350077e-03	-1.436994e+01
4.961000e-05	2.574146e-02	-1.455631e+01
4.962000e-05	6.582258e-03	-1.462260e+01
4.963000e-05	1.980374e-02	-1.473882e+01
4.964000e-05	1.572170e-02	-1.484265e+01
4.965000e-05	1.610762e-02	-1.496847e+01
4.966000e-05	1.678092e-02	-1.503107e+01
4.967000e-05	8.837598e-03	-1.513086e+01
4.968000e-05	1.921009e-02	-1.522195e+01
4.969000e-05	1.474798e-02	-1.530583e+01
4.970000e-05	2.419735e-02	-1.537739e+01
4.971000e-05	1.649513e-02	-1.546405e+01
4.972000e-05	2.060958e-02	-1.548324e+01
4.973000e-05	1.640458e-02	-1.557892e+01
4.974000e-05	2.053806e-02	-1.559002e+01
4.975000e-05	1.880929e-02	-1.562257e+01
4.976000e-05	2.330901e-02	-1.567428e+01
4.977000e-05	2.137249e-02	-1.571583e+01
4.978000e-05	2.619574e-02	-1.574686e+01
4.979000e-05	2.442416e-02	-1.575896e+01
4.980000e-05	2.563883e-02	-1.577639e+01
4.981000e-05	2.410749e-02	-1.578039e+01
4.982000e-05	2.664024e-02	-1.576892e+01
4.983000e-05	2.842152e-02	-1.578697e+01
4.984000e-05	3.133184e-02	-1.576594e+01
4.985000e-05	3.312655e-02	-1.572628e+01
4.986000e-05	3.421606e-02	-1.572634e+01
4.987000e-05	3.576087e-02	-1.571323e+01
4.988000e-05	3.631930e-02	-1.567258e+01
4.989000e-05	3.804733e-02	-1.562159e+01
4.990000e-05	3.856982e-02	-1.556937e+01
4.991000e-05	4.212234e-02	-1.548684e+01
4.992000e-05	4.456930e-02	-1.545316e+01
4.993000e-05	4.792573e-02	-1.538007e+01
4.994000e-05	4.711090e-02	-1.534436e+01
4.995000e-05	4.990554e-02	-1.524112e+01
4.996000e-05	5.361584e-02	-1.514889e+01
4.997000e-05	5.894800e-02	-1.509273e+01
4.998000e-05	6.167077e-02	-1.497049e+01
4.999000e-05	6.221141e-02	-1.490315e+01
