# 260901_12:36:07.186048
t	CH1	CH2
0.000000e+00	-1.047181e-02	4.288367e+00
1.000000e-08	-8.029586e-03	4.266766e+00
2.000000e-08	-3.297853e-03	4.296341e+00
3.000000e-08	-2.816219e-03	4.334846e+00
4.000000e-08	-1.013603e-02	4.245240e+00
5.000000e-08	-9.541600e-03	4.255183e+00
6.000000e-08	-4.650150e-03	4.233107e+00
7.000000e-08	-9.983069e-04	4.243058e+00
8.000000e-08	-5.745112e-03	4.142505e+00
9.000000e-08	-1.063684e-02	4.146839e+00
1.000000e-07	-8.482926e-03	4.095363e+00
1.100000e-07	-3.488865e-03	4.074738e+00
1.200000e-07	-2.985041e-03	4.064661e+00
1.300000e-07	-8.618221e-03	4.051629e+00
1.400000e-07	-8.868097e-03	4.001053e+00
1.500000e-07	-4.799514e-03	3.991453e+00
1.600000e-07	-1.699279e-03	4.010501e+00
1.700000e-07	-6.137772e-03	3.959024e+00
1.800000e-07	-9.581654e-03	3.947890e+00
1.900000e-07	-7.777222e-03	3.914288e+00
2.000000e-07	-2.814592e-03	3.883634e+00
2.100000e-07	-3.036323e-03	3.821578e+00
2.200000e-07	-6.979692e-03	3.810500e+00
2.300000e-07	-7.908258e-03	3.746899e+00
2.400000e-07	-6.018869e-03	3.725795e+00
2.500000e-07	-2.190407e-03	3.673659e+00
2.600000e-07	-5.925938e-03	3.642630e+00
2.700000e-07	-7.962228e-03	3.590000e+00
2.800000e-07	-5.630218e-03	3.599003e+00
2.900000e-07	-2.535281e-03	3.557495e+00
3.000000e-07	-4.819582e-03	3.504263e+00
3.100000e-07	-7.949270e-03	3.381228e+00
3.200000e-07	-7.259223e-03	3.316385e+00
3.300000e-07	-3.602199e-03	3.213180e+00
3.400000e-07	-2.397243e-03	3.200500e+00
3.500000e-07	-5.605492e-03	3.189499e+00
3.600000e-07	-8.282320e-03	3.147340e+00
3.700000e-07	-5.576089e-03	3.052658e+00
3.800000e-07	-2.187520e-03	3.000002e+00
3.900000e-07	-3.573274e-03	2.947394e+00
4.000000e-07	-6.796024e-03	2.882759e+00
4.100000e-07	-6.651970e-03	2.822606e+00
4.200000e-07	-3.796946e-03	2.789000e+00
4.300000e-07	-3.461232e-03	2.748495e+00
4.400000e-07	-7.362269e-03	2.712838e+00
4.500000e-07	-7.957554e-03	2.530472e+00
4.600000e-07	-3.531530e-03	2.442658e+00
4.700000e-07	-1.269410e-03	2.430103e+00
4.800000e-07	-5.433288e-03	2.327465e+00
4.900000e-07	-8.404420e-03	2.265731e+00
5.000000e-07	-5.652416e-03	2.220055e+00
5.100000e-07	-2.816187e-03	2.118419e+00
5.200000e-07	-4.055895e-03	2.094258e+00
5.300000e-07	-7.713402e-03	2.020578e+00
5.400000e-07	-6.761406e-03	1.967970e+00
5.500000e-07	-2.986118e-03	1.895259e+00
5.600000e-07	-1.939612e-03	1.768603e+00
5.700000e-07	-5.544885e-03	1.695861e+00
5.800000e-07	-6.787581e-03	1.681211e+00
5.900000e-07	-4.158427e-03	1.528970e+00
6.000000e-07	-2.801677e-03	1.464257e+00
6.100000e-07	-3.764072e-03	1.359395e+00
6.200000e-07	-6.328165e-03	1.315391e+00
6.300000e-07	-6.776642e-03	1.252580e+00
6.400000e-07	-3.439585e-03	1.137919e+00
6.500000e-07	-2.738931e-03	1.024079e+00
6.600000e-07	-4.040905e-03	8.944408e-01
6.700000e-07	-5.171909e-03	8.216278e-01
6.800000e-07	-3.853524e-03	7.584462e-01
6.900000e-07	-3.236706e-03	7.252083e-01
7.000000e-07	-4.457658e-03	6.115751e-01
7.100000e-07	-5.144564e-03	5.558934e-01
7.200000e-07	-4.581553e-03	4.231305e-01
7.300000e-07	-3.692895e-03	3.990526e-01
7.400000e-07	-2.307792e-03	3.354146e-01
7.500000e-07	-2.937142e-03	2.310252e-01
7.600000e-07	-4.023621e-03	1.347358e-01
7.700000e-07	-3.645256e-03	1.147521e-02
7.800000e-07	-1.117895e-03	-4.258139e-02
7.900000e-07	-8.142734e-04	-1.277920e-01
8.000000e-07	-1.615194e-03	-1.989774e-01
8.100000e-07	-2.599604e-03	-2.616329e-01
8.200000e-07	-2.201600e-03	-3.564209e-01
8.300000e-07	-9.198460e-04	-3.999749e-01
8.400000e-07	-3.974276e-04	-4.636078e-01
8.500000e-07	9.338761e-03	-5.452944e-01
8.600000e-07	2.031825e-02	-7.105849e-01
8.700000e-07	5.448021e-03	-7.888749e-01
8.800000e-07	-4.482419e-02	-9.067445e-01
8.900000e-07	-4.720430e-02	-1.010925e+00
9.000000e-07	5.931967e-02	-9.689223e-01
9.100000e-07	7.440534e-03	-1.051000e+00
9.200000e-07	-1.555818e-02	-1.169396e+00
9.300000e-07	-3.630941e-02	-1.282734e+00
9.400000e-07	7.360293e-02	-1.315136e+00
9.500000e-07	-2.601211e-02	-1.410406e+00
9.600000e-07	-6.249020e-02	-1.558921e+00
9.700000e-07	2.677952e-02	-1.621552e+00
9.800000e-07	3.147864e-02	-1.671606e+00
9.900000e-07	-6.183200e-02	-1.749423e+00
1.000000e-06	7.290321e-03	-1.844160e+00
1.010000e-06	7.990516e-02	-1.893209e+00
1.020000e-06	-3.801298e-02	-1.958898e+00
1.030000e-06	-5.874617e-02	-2.030057e+00
1.040000e-06	4.679901e-02	-2.062609e+00
1.050000e-06	2.104294e-02	-2.170983e+00
1.060000e-06	-6.199401e-02	-2.355871e+00
1.070000e-06	2.951759e-02	-2.419475e+00
1.080000e-06	1.508232e-02	-2.431029e+00
1.090000e-06	-1.123054e-02	-2.536291e+00
1.100000e-06	7.550713e-03	-2.610422e+00
1.110000e-06	-6.577639e-03	-2.643583e+00
1.120000e-06	-2.430592e-02	-2.703843e+00
1.130000e-06	1.658380e-02	-2.777892e+00
1.140000e-06	1.096609e-02	-2.809030e+00
1.150000e-06	-1.259076e-02	-2.864215e+00
1.160000e-06	8.051184e-03	-2.937197e+00
1.170000e-06	-1.500878e-02	-3.053054e+00
1.180000e-06	4.693214e-03	-3.137871e+00
1.190000e-06	1.749707e-02	-3.167951e+00
1.200000e-06	-2.152395e-02	-3.212505e+00
1.210000e-06	-1.162725e-02	-3.294611e+00
1.220000e-06	2.510614e-02	-3.355343e+00
1.230000e-06	-1.966386e-03	-3.389002e+00
1.240000e-06	-1.017209e-02	-3.432004e+00
1.250000e-06	7.672395e-04	-3.493612e+00
1.260000e-06	-8.489431e-03	-3.556342e+00
1.270000e-06	8.477193e-03	-3.598451e+00
1.280000e-06	4.653508e-03	-3.589525e+00
1.290000e-06	-1.038640e-02	-3.611053e+00
1.300000e-06	-3.995187e-03	-3.653608e+00
1.310000e-06	8.650436e-03	-3.755367e+00
1.320000e-06	1.738818e-03	-3.871984e+00
1.330000e-06	-5.347922e-03	-3.874688e+00
1.340000e-06	-6.503330e-03	-3.966293e+00
1.350000e-06	-2.239134e-04	-3.967400e+00
1.360000e-06	7.389948e-03	-3.999474e+00
1.370000e-06	7.563070e-04	-4.020478e+00
1.380000e-06	-6.671329e-03	-4.042558e+00
1.390000e-06	-2.657709e-03	-4.042604e+00
1.400000e-06	5.625948e-03	-4.125764e+00
1.410000e-06	3.597311e-03	-4.146771e+00
1.420000e-06	-8.110005e-03	-4.155872e+00
1.430000e-06	-3.331158e-03	-4.198425e+00
1.440000e-06	4.037978e-04	-4.219550e+00
1.450000e-06	8.683682e-03	-4.210525e+00
1.460000e-06	-5.949399e-04	-4.222560e+00
1.470000e-06	-6.743334e-03	-4.262083e+00
1.480000e-06	-3.227392e-03	-4.245159e+00
1.490000e-06	3.324352e-03	-4.322265e+00
1.500000e-06	2.338164e-04	-4.315294e+00
1.510000e-06	-1.985131e-03	-4.346366e+00
1.520000e-06	-2.323082e-03	-4.354370e+00
1.530000e-06	3.217802e-03	-4.328397e+00
1.540000e-06	6.758757e-03	-4.357420e+00
1.550000e-06	-3.082508e-03	-4.347923e+00
1.560000e-06	-4.720772e-03	-4.387471e+00
1.570000e-06	-3.317396e-03	-4.377921e+00
1.580000e-06	4.260471e-03	-4.386949e+00
1.590000e-06	4.416397e-04	-4.379396e+00
1.600000e-06	-2.338242e-03	-4.398443e+00
1.610000e-06	-6.737799e-04	-4.346425e+00
1.620000e-06	3.494039e-03	-4.357395e+00
1.630000e-06	2.101321e-03	-4.356845e+00
1.640000e-06	-3.999060e-03	-4.366896e+00
1.650000e-06	-4.381438e-03	-4.284795e+00
1.660000e-06	-2.115190e-04	-4.346288e+00
1.670000e-06	3.611412e-03	-4.304735e+00
1.680000e-06	1.323752e-03	-4.312241e+00
1.690000e-06	-2.880188e-03	-4.283634e+00
1.700000e-06	-1.120771e-03	-4.241129e+00
1.710000e-06	2.539151e-03	-4.221650e+00
1.720000e-06	1.800255e-03	-4.158975e+00
1.730000e-06	-3.315544e-03	-4.218496e+00
1.740000e-06	-2.314822e-03	-4.186898e+00
1.750000e-06	3.017852e-04	-4.168318e+00
1.760000e-06	2.667009e-03	-4.105760e+00
1.770000e-06	-1.493856e-03	-4.092161e+00
1.780000e-06	-2.705158e-03	-4.043079e+00
1.790000e-06	-9.579685e-04	-4.000525e+00
1.800000e-06	2.284618e-03	-3.990525e+00
1.810000e-06	3.868493e-04	-3.988924e+00
1.820000e-06	-2.690592e-03	-3.966894e+00
1.830000e-06	-2.835292e-03	-3.903791e+00
1.840000e-06	-1.153143e-04	-3.912627e+00
1.850000e-06	6.592595e-04	-3.817401e+00
1.860000e-06	-2.412755e-03	-3.735862e+00
1.870000e-06	-2.651229e-03	-3.662709e+00
1.880000e-06	-1.089637e-03	-3.620028e+00
1.890000e-06	1.447095e-03	-3.608974e+00
1.900000e-06	3.860910e-04	-3.557343e+00
1.910000e-06	-1.814016e-03	-3.544242e+00
1.920000e-06	-3.052655e-03	-3.491159e+00
1.930000e-06	-2.137821e-03	-3.458475e+00
1.940000e-06	2.632875e-05	-3.377919e+00
1.950000e-06	-2.643746e-03	-3.343762e+00
1.960000e-06	-1.775584e-03	-3.231153e+00
1.970000e-06	-1.759983e-03	-3.190500e+00
1.980000e-06	1.649573e-04	-3.167922e+00
1.990000e-06	-7.254631e-04	-3.125263e+00
2.000000e-06	-2.359647e-03	-3.039003e+00
2.010000e-06	-3.512682e-03	-2.882766e+00
2.020000e-06	-1.905626e-03	-2.870655e+00
2.030000e-06	-1.395482e-03	-2.789476e+00
2.040000e-06	-2.416238e-03	-2.748918e+00
2.050000e-06	-3.306973e-03	-2.673211e+00
2.060000e-06	-1.874815e-03	-2.632630e+00
2.070000e-06	3.574083e-04	-2.557420e+00
2.080000e-06	-1.046920e-03	-2.492157e+00
2.090000e-06	-2.579470e-03	-2.401576e+00
2.100000e-06	-4.449850e-03	-2.367446e+00
2.110000e-06	-2.521962e-03	-2.316808e+00
2.120000e-06	-2.220709e-03	-2.229052e+00
2.130000e-06	-2.749841e-03	-2.102660e+00
2.140000e-06	-3.108502e-03	-2.031028e+00
2.150000e-06	-1.734048e-03	-1.967899e+00
2.160000e-06	-2.377941e-03	-1.914887e+00
2.170000e-06	-1.574254e-03	-1.820555e+00
2.180000e-06	-2.933441e-03	-1.746844e+00
2.190000e-06	-2.232111e-03	-1.714230e+00
2.200000e-06	-2.387387e-03	-1.601000e+00
2.210000e-06	-2.064860e-03	-1.546421e+00
2.220000e-06	-3.161192e-03	-1.412132e+00
2.230000e-06	-2.811014e-03	-1.427766e+00
2.240000e-06	-4.373845e-03	-1.230551e+00
2.250000e-06	-2.157394e-03	-1.126392e+00
2.260000e-06	-3.586752e-03	-1.082754e+00
2.270000e-06	-2.280197e-03	-9.799725e-01
2.280000e-06	-2.490571e-03	-9.043370e-01
2.290000e-06	-1.353089e-03	-8.316253e-01
2.300000e-06	-2.598645e-03	-7.494486e-01
2.310000e-06	-2.649339e-03	-6.853082e-01
2.320000e-06	-3.878635e-03	-5.974736e-01
2.330000e-06	-4.015839e-03	-5.136779e-01
2.340000e-06	-3.652133e-03	-3.704751e-01
2.350000e-06	-3.785205e-03	-3.348171e-01
2.360000e-06	-2.869482e-03	-2.336828e-01
2.370000e-06	-2.240171e-03	-1.684937e-01
2.380000e-06	-1.565942e-03	-1.247819e-01
2.390000e-06	-1.294393e-03	-4.255296e-02
2.400000e-06	-1.910606e-03	4.102769e-02
2.410000e-06	-1.526806e-03	1.047407e-01
2.420000e-06	-2.910369e-03	2.120249e-01
2.430000e-06	-2.500479e-03	3.172945e-01
2.440000e-06	-2.916850e-03	3.889276e-01
2.450000e-06	-4.810068e-06	4.625815e-01
2.460000e-06	1.079362e-02	5.153144e-01
2.470000e-06	2.117730e-02	6.025026e-01
2.480000e-06	6.484629e-03	7.358696e-01
2.490000e-06	-4.672656e-02	8.000264e-01
2.500000e-06	-5.694164e-02	8.316540e-01
2.510000e-06	4.029924e-02	9.041630e-01
2.520000e-06	2.665067e-02	1.012059e+00
2.530000e-06	-1.699788e-02	1.159000e+00
2.540000e-06	-5.545828e-02	1.200550e+00
2.550000e-06	7.139650e-02	1.285713e+00
2.560000e-06	-3.648636e-03	1.380026e+00
2.570000e-06	-5.645959e-02	1.442708e+00
2.580000e-06	1.314098e-03	1.528317e+00
2.590000e-06	2.197940e-02	1.676315e+00
2.600000e-06	-3.790437e-02	1.750451e+00
2.610000e-06	-1.070761e-02	1.821477e+00
2.620000e-06	6.747396e-02	1.854184e+00
2.630000e-06	-3.007998e-02	1.968449e+00
2.640000e-06	-5.368915e-02	2.031053e+00
2.650000e-06	2.659108e-02	2.065160e+00
2.660000e-06	2.180109e-02	2.157901e+00
2.670000e-06	-5.067913e-02	2.213108e+00
2.680000e-06	1.018311e-02	2.304742e+00
2.690000e-06	1.154313e-02	2.359472e+00
2.700000e-06	-3.453064e-03	2.400476e+00
2.710000e-06	-5.493615e-03	2.472688e+00
2.720000e-06	-6.177750e-03	2.587375e+00
2.730000e-06	-2.420980e-02	2.684745e+00
2.740000e-06	2.136148e-03	2.779450e+00
2.750000e-06	1.436551e-02	2.789476e+00
2.760000e-06	-1.029949e-02	2.862131e+00
2.770000e-06	-6.957345e-03	2.906272e+00
2.780000e-06	-1.553166e-02	2.979449e+00
2.790000e-06	7.740562e-03	3.040579e+00
2.800000e-06	4.823382e-03	3.085713e+00
2.810000e-06	-1.597718e-02	3.148344e+00
2.820000e-06	-1.951578e-02	3.169500e+00
2.830000e-06	1.427935e-02	3.241030e+00
2.840000e-06	4.905371e-03	3.224183e+00
2.850000e-06	-1.376549e-02	3.316767e+00
2.860000e-06	-1.113359e-02	3.422432e+00
2.870000e-06	-9.347762e-03	3.535318e+00
2.880000e-06	5.630358e-03	3.548399e+00
2.890000e-06	1.562759e-03	3.598999e+00
2.900000e-06	-1.038719e-02	3.610028e+00
2.910000e-06	-1.450020e-02	3.652130e+00
2.920000e-06	6.351362e-03	3.693763e+00
2.930000e-06	2.615440e-03	3.718396e+00
2.940000e-06	-1.246592e-02	3.779499e+00
2.950000e-06	-1.352269e-02	3.801004e+00
2.960000e-06	-4.500753e-03	3.852163e+00
2.970000e-06	5.606751e-03	3.875291e+00
2.980000e-06	-3.075767e-03	3.936266e+00
2.990000e-06	-1.205591e-02	3.988420e+00
3.000000e-06	-1.213446e-02	3.988948e+00
3.010000e-06	2.690662e-03	3.979975e+00
3.020000e-06	7.222682e-04	4.000504e+00
3.030000e-06	-8.878798e-03	4.022054e+00
3.040000e-06	-1.321977e-02	4.053232e+00
3.050000e-06	-4.530468e-03	4.114163e+00
3.060000e-06	3.827095e-03	4.106368e+00
3.070000e-06	-4.782160e-03	4.138319e+00
3.080000e-06	-1.167974e-02	4.179329e+00
3.090000e-06	-1.029283e-02	4.181000e+00
3.100000e-06	1.383285e-03	4.239557e+00
3.110000e-06	-3.191811e-03	4.185233e+00
3.120000e-06	-8.851439e-03	4.255236e+00
3.130000e-06	-1.003077e-02	4.265840e+00
3.140000e-06	-3.074008e-03	4.307793e+00
3.150000e-06	-1.132369e-04	4.338341e+00
3.160000e-06	-6.883651e-03	4.336892e+00
3.170000e-06	-1.124431e-02	4.346871e+00
3.180000e-06	-8.618065e-03	4.305315e+00
3.190000e-06	6.374759e-05	4.346767e+00
3.200000e-06	-3.705164e-03	4.317419e+00
3.210000e-06	-8.575294e-03	4.347396e+00
3.220000e-06	-9.950338e-03	4.316318e+00
3.230000e-06	-3.613418e-03	4.305317e+00
3.240000e-06	-1.630767e-03	4.277291e+00
3.250000e-06	-7.147607e-03	4.297190e+00
3.260000e-06	-1.051671e-02	4.293109e+00
3.270000e-06	-7.129671e-03	4.263583e+00
3.280000e-06	-8.399995e-04	4.222580e+00
3.290000e-06	-4.452368e-03	4.261046e+00
3.300000e-06	-9.235095e-03	4.150221e+00
3.310000e-06	-9.578192e-03	4.127317e+00
3.320000e-06	-3.585745e-03	4.053687e+00
3.330000e-06	-1.930208e-03	4.064835e+00
3.340000e-06	-7.762478e-03	4.052581e+00
3.350000e-06	-1.045268e-02	4.010058e+00
3.360000e-06	-6.487228e-03	4.010026e+00
3.370000e-06	-2.298816e-03	3.978499e+00
3.380000e-06	-4.253629e-03	3.969474e+00
3.390000e-06	-8.791486e-03	3.968845e+00
3.400000e-06	-8.573763e-03	3.906864e+00
3.410000e-06	-3.153126e-03	3.864717e+00
3.420000e-06	-2.631959e-03	3.823605e+00
3.430000e-06	-8.035653e-03	3.760605e+00
3.440000e-06	-1.005408e-02	3.770942e+00
3.450000e-06	-5.105962e-03	3.736843e+00
3.460000e-06	-9.424957e-04	3.666662e+00
3.470000e-06	-5.619792e-03	3.643129e+00
3.480000e-06	-9.850792e-03	3.610108e+00
3.490000e-06	-6.881548e-03	3.589998e+00
3.500000e-06	-2.614339e-03	3.568520e+00
3.510000e-06	-3.391525e-03	3.497792e+00
3.520000e-06	-8.072179e-03	3.463679e+00
3.530000e-06	-7.568629e-03	3.336794e+00
3.540000e-06	-3.323867e-03	3.262208e+00
3.550000e-06	-7.823669e-04	3.220553e+00
3.560000e-06	-6.071553e-03	3.189046e+00
3.570000e-06	-8.534563e-03	3.126841e+00
3.580000e-06	-7.342492e-03	3.084760e+00
3.590000e-06	-2.222132e-03	3.012129e+00
3.600000e-06	-3.886016e-03	2.968895e+00
3.610000e-06	-6.561271e-03	2.886361e+00
3.620000e-06	-6.692599e-03	2.852633e+00
3.630000e-06	-2.489930e-03	2.810501e+00
3.640000e-06	-3.167816e-03	2.769420e+00
3.650000e-06	-6.489286e-03	2.704891e+00
3.660000e-06	-7.468069e-03	2.591447e+00
3.670000e-06	-4.637558e-03	2.474261e+00
3.680000e-06	-3.542539e-03	2.411075e+00
3.690000e-06	-4.004718e-03	2.388974e+00
3.700000e-06	-4.821963e-03	2.315237e+00
3.710000e-06	-4.576854e-03	2.301629e+00
3.720000e-06	-3.233611e-03	2.166947e+00
3.730000e-06	-4.569554e-03	2.095784e+00
3.740000e-06	-7.494919e-03	2.023103e+00
3.750000e-06	-7.099726e-03	2.009523e+00
3.760000e-06	-4.622974e-03	1.925896e+00
3.770000e-06	-2.362123e-03	1.831603e+00
3.780000e-06	-4.074960e-03	1.736341e+00
3.790000e-06	-5.138681e-03	1.664336e+00
3.800000e-06	-5.774485e-03	1.639549e+00
3.810000e-06	-3.622243e-03	1.494667e+00
3.820000e-06	-4.641027e-03	1.411549e+00
3.830000e-06	-5.510476e-03	1.347416e+00
3.840000e-06	-6.969807e-03	1.223632e+00
3.850000e-06	-3.535120e-03	1.170024e+00
3.860000e-06	-2.228662e-03	1.056261e+00
3.870000e-06	-3.200911e-03	9.189677e-01
3.880000e-06	-6.052936e-03	8.636293e-01
3.890000e-06	-5.425093e-03	7.995487e-01
3.900000e-06	-4.057085e-03	7.262909e-01
3.910000e-06	-3.629788e-03	6.416542e-01
3.920000e-06	-4.359657e-03	5.664211e-01
3.930000e-06	-5.142801e-03	4.548119e-01
3.940000e-06	-3.298238e-03	4.000288e-01
3.950000e-06	-3.318084e-03	3.494462e-01
3.960000e-06	-4.486552e-03	2.537319e-01
3.970000e-06	-5.360895e-03	1.173622e-01
3.980000e-06	-3.604593e-03	4.165414e-02
3.990000e-06	-1.322696e-03	-1.055137e-02
4.000000e-06	-2.639159e-04	-1.037105e-01
4.010000e-06	-1.240650e-03	-1.788962e-01
4.020000e-06	-8.592481e-04	-2.715277e-01
4.030000e-06	-2.261843e-03	-3.172393e-01
4.040000e-06	-1.367737e-03	-3.494475e-01
4.050000e-06	-3.744236e-03	-4.304788e-01
4.060000e-06	4.609512e-03	-5.051630e-01
4.070000e-06	1.923053e-02	-6.204510e-01
4.080000e-06	2.217950e-02	-7.567222e-01
4.090000e-06	-3.288699e-02	-8.731379e-01
4.100000e-06	-5.726407e-02	-9.689511e-01
4.110000e-06	2.777723e-02	-9.778974e-01
4.120000e-06	3.317663e-02	-9.979711e-01
4.130000e-06	-3.621519e-03	-1.115743e+00
4.140000e-06	-5.154827e-02	-1.291585e+00
4.150000e-06	6.584628e-02	-1.303713e+00
4.160000e-06	2.843564e-02	-1.356291e+00
4.170000e-06	-6.960607e-02	-1.515789e+00
4.180000e-06	-1.025980e-02	-1.610976e+00
4.190000e-06	4.406834e-02	-1.652051e+00
4.200000e-06	-2.130675e-02	-1.737167e+00
4.210000e-06	-4.296684e-02	-1.821608e+00
4.220000e-06	8.502084e-02	-1.892655e+00
4.230000e-06	5.958411e-03	-1.956297e+00
4.240000e-06	-8.082020e-02	-2.011051e+00
4.250000e-06	2.480386e-02	-2.042133e+00
4.260000e-06	3.955347e-02	-2.168820e+00
4.270000e-06	-4.593102e-02	-2.292166e+00
4.280000e-06	-5.328049e-03	-2.358947e+00
4.290000e-06	3.568545e-02	-2.420553e+00
4.300000e-06	-9.369024e-03	-2.464737e+00
4.310000e-06	-3.656443e-03	-2.586896e+00
4.320000e-06	7.956660e-03	-2.610955e+00
4.330000e-06	-2.703980e-02	-2.704140e+00
4.340000e-06	2.825412e-03	-2.737896e+00
4.350000e-06	1.974951e-02	-2.799000e+00
4.360000e-06	-1.140347e-02	-2.842015e+00
4.370000e-06	6.402879e-03	-2.905837e+00
4.380000e-06	-8.060419e-03	-2.991003e+00
4.390000e-06	-7.838922e-03	-3.115764e+00
4.400000e-06	1.854354e-02	-3.210474e+00
4.410000e-06	-6.403705e-03	-3.240527e+00
4.420000e-06	-2.445347e-02	-3.264583e+00
4.430000e-06	1.993086e-02	-3.335763e+00
4.440000e-06	9.180621e-03	-3.367894e+00
4.450000e-06	-1.307676e-02	-3.430555e+00
4.460000e-06	1.202613e-03	-3.461130e+00
4.470000e-06	-8.919380e-03	-3.485712e+00
4.480000e-06	1.640534e-03	-3.589447e+00
4.490000e-06	9.894595e-03	-3.588499e+00
4.500000e-06	-5.573432e-03	-3.611050e+00
4.510000e-06	-9.033446e-03	-3.621034e+00
4.520000e-06	7.582843e-03	-3.676086e+00
4.530000e-06	2.242005e-03	-3.768977e+00
4.540000e-06	-1.872147e-03	-3.851636e+00
4.550000e-06	-7.903284e-03	-3.885692e+00
4.560000e-06	-2.906940e-03	-3.937423e+00
4.570000e-06	5.295203e-03	-3.979500e+00
4.580000e-06	3.267194e-03	-4.010951e+00
4.590000e-06	-4.564812e-03	-4.011528e+00
4.600000e-06	-7.083589e-03	-4.072559e+00
4.610000e-06	4.683981e-03	-4.114737e+00
4.620000e-06	4.867678e-03	-4.126941e+00
4.630000e-06	-2.900302e-03	-4.127871e+00
4.640000e-06	-5.908569e-03	-4.188949e+00
4.650000e-06	-3.368052e-04	-4.209926e+00
4.660000e-06	5.773796e-03	-4.201025e+00
4.670000e-06	2.503663e-03	-4.221555e+00
4.680000e-06	-6.635310e-03	-4.262086e+00
4.690000e-06	-4.785496e-03	-4.243231e+00
4.700000e-06	4.266607e-03	-4.295763e+00
4.710000e-06	1.441513e-03	-4.264770e+00
4.720000e-06	-9.441990e-04	-4.325769e+00
4.730000e-06	-3.786343e-03	-4.337341e+00
4.740000e-06	2.999848e-04	-4.327349e+00
4.750000e-06	4.927403e-03	-4.337874e+00
4.760000e-06	-1.017919e-03	-4.378396e+00
4.770000e-06	-4.912366e-03	-4.347372e+00
4.780000e-06	-2.353883e-03	-4.367874e+00
4.790000e-06	3.906255e-03	-4.359346e+00
4.800000e-06	3.066619e-03	-4.377396e+00
4.810000e-06	-2.432862e-03	-4.359445e+00
4.820000e-06	-3.926723e-03	-4.347920e+00
4.830000e-06	3.361804e-03	-4.357899e+00
4.840000e-06	2.750426e-03	-4.367347e+00
4.850000e-06	-4.268304e-03	-4.346920e+00
4.860000e-06	-4.455035e-03	-4.315820e+00
4.870000e-06	5.097398e-04	-4.314765e+00
4.880000e-06	4.350607e-03	-4.303239e+00
4.890000e-06	6.103154e-04	-4.255743e+00
4.900000e-06	-2.786051e-03	-4.253209e+00
4.910000e-06	-1.244245e-03	-4.221528e+00
4.920000e-06	3.222947e-03	-4.241104e+00
4.930000e-06	5.624433e-04	-4.210524e+00
4.940000e-06	-2.132059e-03	-4.198977e+00
4.950000e-06	-1.150806e-03	-4.189420e+00
4.960000e-06	1.579532e-03	-4.156417e+00
4.970000e-06	1.761494e-03	-4.136341e+00
4.980000e-06	-5.754555e-06	-4.072258e+00
4.990000e-06	-1.971469e-03	-4.053159e+00
5.000000e-06	-1.677141e-03	-4.009978e+00
5.010000e-06	1.590814e-03	-4.001025e+00
5.020000e-06	3.916435e-05	-3.999499e+00
5.030000e-06	-2.502493e-03	-3.988447e+00
5.040000e-06	-2.684231e-03	-3.917766e+00
5.050000e-06	6.976836e-04	-3.882712e+00
5.060000e-06	2.444868e-03	-3.809495e+00
5.070000e-06	-1.384799e-03	-3.727343e+00
5.080000e-06	-4.432407e-03	-3.662161e+00
5.090000e-06	-3.138937e-03	-3.630654e+00
5.100000e-06	7.186169e-04	-3.600523e+00
5.110000e-06	1.096169e-03	-3.589468e+00
5.120000e-06	-1.081026e-03	-3.514268e+00
5.130000e-06	-3.003922e-03	-3.473684e+00
5.140000e-06	-6.973129e-04	-3.390478e+00
5.150000e-06	1.446847e-03	-3.348950e+00
5.160000e-06	-1.497759e-03	-3.314763e+00
5.170000e-06	-4.742176e-03	-3.241660e+00
5.180000e-06	-3.421254e-03	-3.241578e+00
5.190000e-06	-9.994054e-04	-3.187873e+00
5.200000e-06	5.917001e-04	-3.134841e+00
5.210000e-06	-1.527414e-03	-3.061156e+00
5.220000e-06	-3.211485e-03	-2.915847e+00
5.230000e-06	-5.126618e-04	-2.870658e+00
5.240000e-06	3.472256e-04	-2.809999e+00
5.250000e-06	-2.696479e-03	-2.778445e+00
5.260000e-06	-3.897034e-03	-2.735813e+00
5.270000e-06	-4.279956e-03	-2.640578e+00
5.280000e-06	-6.145297e-04	-2.556975e+00
5.290000e-06	-1.245217e-03	-2.527236e+00
5.300000e-06	-1.267252e-03	-2.431085e+00
5.310000e-06	-2.405665e-03	-2.379050e+00
5.320000e-06	4.367598e-04	-2.315319e+00
5.330000e-06	-1.860335e-03	-2.260158e+00
5.340000e-06	-3.626657e-03	-2.125393e+00
5.350000e-06	-5.733241e-03	-2.032128e+00
5.360000e-06	-2.358326e-03	-1.987974e+00
5.370000e-06	-4.469507e-04	-1.935914e+00
5.380000e-06	-6.775901e-05	-1.871631e+00
5.390000e-06	-2.827088e-03	-1.778951e+00
5.400000e-06	-2.401422e-03	-1.705341e+00
5.410000e-06	-1.976523e-03	-1.631653e+00
5.420000e-06	-1.714577e-03	-1.588500e+00
5.430000e-06	-4.152833e-03	-1.525311e+00
5.440000e-06	-4.635661e-03	-1.355472e+00
5.450000e-06	-2.815522e-03	-1.273182e+00
5.460000e-06	-1.073391e-03	-1.168472e+00
5.470000e-06	-3.316676e-03	-1.105233e+00
5.480000e-06	-3.037908e-03	-1.030051e+00
5.490000e-06	-2.836434e-03	-9.368960e-01
5.500000e-06	-1.784582e-03	-8.721065e-01
5.510000e-06	-2.463425e-03	-7.779975e-01
5.520000e-06	-3.706130e-03	-7.658386e-01
5.530000e-06	-4.833958e-03	-6.001002e-01
5.540000e-06	-3.307114e-03	-5.247846e-01
5.550000e-06	-2.335289e-03	-4.205513e-01
5.560000e-06	-3.153216e-03	-3.474947e-01
5.570000e-06	-4.050032e-03	-2.737593e-01
5.580000e-06	-3.098411e-03	-1.800276e-01
5.590000e-06	-2.144523e-03	-1.163907e-01
5.600000e-06	-1.848120e-03	-4.015408e-02
5.610000e-06	-1.868699e-03	-9.473760e-03
5.620000e-06	-9.651607e-04	8.308264e-02
5.630000e-06	-1.725309e-03	1.198724e-01
5.640000e-06	-1.179130e-03	2.441593e-01
5.650000e-06	-3.201094e-03	3.589499e-01
5.660000e-06	-1.832821e-03	4.310289e-01
5.670000e-06	4.707590e-03	4.761357e-01
5.680000e-06	1.721084e-02	5.399711e-01
5.690000e-06	1.881893e-02	6.536868e-01
5.700000e-06	-3.351060e-02	7.999524e-01
5.710000e-06	-5.834676e-02	8.121278e-01
5.720000e-06	-2.552714e-03	8.716340e-01
5.730000e-06	5.646571e-02	9.708986e-01
5.740000e-06	-1.183474e-02	1.114322e+00
5.750000e-06	-6.040143e-02	1.231001e+00
5.760000e-06	2.822221e-02	1.244111e+00
5.770000e-06	4.206980e-02	1.369399e+00
5.780000e-06	-4.285049e-02	1.423709e+00
5.790000e-06	-3.431373e-02	1.515164e+00
5.800000e-06	3.617686e-02	1.622606e+00
5.810000e-06	-2.050688e-02	1.766895e+00
5.820000e-06	-3.885294e-02	1.761049e+00
5.830000e-06	5.607432e-02	1.863608e+00
5.840000e-06	1.477825e-02	1.948873e+00
5.850000e-06	-6.774753e-02	2.010028e+00
5.860000e-06	1.002351e-02	2.033629e+00
5.870000e-06	3.022350e-02	2.107842e+00
5.880000e-06	-2.792693e-02	2.231005e+00
5.890000e-06	-2.245618e-02	2.264113e+00
5.900000e-06	2.534910e-02	2.338847e+00
5.910000e-06	-1.450340e-03	2.410001e+00
5.920000e-06	-1.264040e-02	2.483082e+00
5.930000e-06	2.672585e-03	2.556792e+00
5.940000e-06	-2.613584e-02	2.634159e+00
5.950000e-06	-2.931919e-03	2.736870e+00
5.960000e-06	1.013557e-02	2.789472e+00
5.970000e-06	2.511399e-03	2.861133e+00
5.980000e-06	-1.042381e-02	2.894685e+00
5.990000e-06	-9.763464e-03	2.967950e+00
6.000000e-06	-4.499860e-03	3.001051e+00
6.010000e-06	8.210683e-03	3.033632e+00
6.020000e-06	-8.563541e-03	3.147791e+00
6.030000e-06	-2.351506e-02	3.178475e+00
6.040000e-06	7.844222e-03	3.210550e+00
6.050000e-06	9.472013e-03	3.223608e+00
6.060000e-06	-7.143337e-03	3.306616e+00
6.070000e-06	-1.393480e-02	3.409525e+00
6.080000e-06	-8.540120e-03	3.494139e+00
6.090000e-06	-3.288352e-03	3.557271e+00
6.100000e-06	4.037842e-03	3.608975e+00
6.110000e-06	-4.984619e-03	3.609503e+00
6.120000e-06	-1.452356e-02	3.641534e+00
6.130000e-06	8.482810e-06	3.663717e+00
6.140000e-06	4.339530e-03	3.728317e+00
6.150000e-06	-5.513078e-03	3.778972e+00
6.160000e-06	-1.526624e-02	3.791503e+00
6.170000e-06	-6.518896e-03	3.871579e+00
6.180000e-06	1.212599e-03	3.924634e+00
6.190000e-06	9.515842e-04	3.906818e+00
6.200000e-06	-9.094224e-03	3.978396e+00
6.210000e-06	-1.231311e-02	3.967975e+00
6.220000e-06	-4.266312e-04	3.981996e+00
6.230000e-06	1.503718e-03	4.040529e+00
6.240000e-06	-4.857771e-03	4.001578e+00
6.250000e-06	-1.415318e-02	4.032657e+00
6.260000e-06	-5.449093e-03	4.074183e+00
6.270000e-06	8.400439e-04	4.078312e+00
6.280000e-06	-1.189642e-04	4.119370e+00
6.290000e-06	-1.052848e-02	4.161577e+00
6.300000e-06	-1.204683e-02	4.170631e+00
6.310000e-06	-1.618176e-03	4.263107e+00
6.320000e-06	-5.398562e-04	4.282682e+00
6.330000e-06	-5.482091e-03	4.243565e+00
6.340000e-06	-1.033682e-02	4.314714e+00
6.350000e-06	-6.244517e-03	4.316266e+00
6.360000e-06	-5.695887e-04	4.296791e+00
6.370000e-06	-4.205768e-03	4.267345e+00
6.380000e-06	-1.079328e-02	4.337896e+00
6.390000e-06	-1.045624e-02	4.326866e+00
6.400000e-06	-2.466920e-03	4.326845e+00
6.410000e-06	-1.507669e-03	4.328342e+00
6.420000e-06	-6.239792e-03	4.346320e+00
6.430000e-06	-9.734284e-03	4.286871e+00
6.440000e-06	-5.266555e-03	4.306267e+00
6.450000e-06	-2.632710e-03	4.315188e+00
6.460000e-06	-6.151464e-03	4.325215e+00
6.470000e-06	-1.076845e-02	4.286158e+00
6.480000e-06	-6.911904e-03	4.282531e+00
6.490000e-06	-1.910766e-03	4.253110e+00
6.500000e-06	-2.909888e-03	4.202033e+00
6.510000e-06	-7.954692e-03	4.119580e+00
6.520000e-06	-1.072716e-02	4.097767e+00
6.530000e-06	-4.995010e-03	4.114712e+00
6.540000e-06	-3.304481e-03	4.062811e+00
6.550000e-06	-5.901386e-03	4.065088e+00
6.560000e-06	-8.723421e-03	4.031606e+00
6.570000e-06	-6.723033e-03	4.011501e+00
6.580000e-06	-4.260116e-03	3.990499e+00
6.590000e-06	-4.936979e-03	3.978026e+00
6.600000e-06	-8.569262e-03	3.988450e+00
6.610000e-06	-7.522652e-03	3.917368e+00
6.620000e-06	-3.635768e-03	3.893289e+00
6.630000e-06	-3.453890e-03	3.842637e+00
6.640000e-06	-6.213984e-03	3.833558e+00
6.650000e-06	-8.410526e-03	3.809019e+00
6.660000e-06	-5.842705e-03	3.768413e+00
6.670000e-06	-3.986415e-03	3.664286e+00
6.680000e-06	-5.773463e-03	3.652707e+00
6.690000e-06	-8.948206e-03	3.621129e+00
6.700000e-06	-6.560404e-03	3.609475e+00
6.710000e-06	-3.892139e-03	3.549498e+00
6.720000e-06	-2.124946e-03	3.486342e+00
6.730000e-06	-6.603280e-03	3.433662e+00
6.740000e-06	-7.885378e-03	3.368904e+00
6.750000e-06	-5.235977e-03	3.273761e+00
6.760000e-06	-1.882025e-03	3.210606e+00
6.770000e-06	-5.574728e-03	3.200474e+00
6.780000e-06	-8.073244e-03	3.177921e+00
6.790000e-06	-6.616945e-03	3.045890e+00
6.800000e-06	-2.919879e-03	3.013704e+00
6.810000e-06	-3.902944e-03	2.989000e+00
6.820000e-06	-6.825464e-03	2.945891e+00
6.830000e-06	-6.816537e-03	2.843233e+00
6.840000e-06	-3.934295e-03	2.801053e+00
6.850000e-06	-2.599092e-03	2.788497e+00
6.860000e-06	-5.262615e-03	2.776920e+00
6.870000e-06	-7.825615e-03	2.652581e+00
6.880000e-06	-6.377296e-03	2.538761e+00
6.890000e-06	-2.023626e-03	2.421580e+00
6.900000e-06	-4.023292e-03	2.399023e+00
6.910000e-06	-5.263551e-03	2.326844e+00
6.920000e-06	-5.694084e-03	2.273207e+00
6.930000e-06	-2.535652e-03	2.189025e+00
6.940000e-06	-3.787960e-03	2.135315e+00
6.950000e-06	-4.579579e-03	2.051579e+00
6.960000e-06	-7.256641e-03	2.040500e+00
6.970000e-06	-5.319150e-03	1.947445e+00
6.980000e-06	-3.000771e-03	1.852633e+00
6.990000e-06	-4.525583e-03	1.779918e+00
7.000000e-06	-6.162725e-03	1.687160e+00
7.010000e-06	-6.404847e-03	1.639212e+00
7.020000e-06	-3.313898e-03	1.528943e+00
7.030000e-06	-3.098673e-03	1.471678e+00
7.040000e-06	-3.987405e-03	1.369498e+00
7.050000e-06	-6.839414e-03	1.283333e+00
7.060000e-06	-4.805776e-03	1.200100e+00
7.070000e-06	-3.487171e-03	1.126418e+00
7.080000e-06	-3.410258e-03	1.019104e+00
7.090000e-06	-5.455371e-03	9.047619e-01
7.100000e-06	-4.200664e-03	8.294763e-01
7.110000e-06	-3.765685e-03	7.574661e-01
7.120000e-06	-2.232223e-03	6.642093e-01
7.130000e-06	-4.107318e-03	5.914988e-01
7.140000e-06	-5.706221e-03	5.047609e-01
7.150000e-06	-3.824268e-03	4.411514e-01
7.160000e-06	-2.567979e-03	3.690487e-01
7.170000e-06	-3.709750e-03	2.849670e-01
7.180000e-06	-5.515503e-03	1.474466e-01
7.190000e-06	-4.362298e-03	2.473035e-02
7.200000e-06	-2.506876e-03	-1.947630e-02
7.210000e-06	-1.416190e-03	-2.258426e-02
7.220000e-06	-1.763985e-03	-1.378183e-01
7.230000e-06	-7.844704e-04	-2.315037e-01
7.240000e-06	-1.258163e-03	-3.156369e-01
7.250000e-06	-8.114319e-04	-3.767958e-01
7.260000e-06	-2.758459e-03	-4.204751e-01
7.270000e-06	4.622177e-04	-4.931854e-01
7.280000e-06	1.369228e-02	-5.493733e-01
7.290000e-06	2.547063e-02	-6.646365e-01
7.300000e-06	-1.457159e-02	-8.710563e-01
7.310000e-06	-5.748881e-02	-9.673935e-01
7.320000e-06	-1.913814e-02	-9.994512e-01
7.330000e-06	6.232388e-02	-9.899697e-01
7.340000e-06	-6.457530e-03	-1.082082e+00
7.350000e-06	-3.620095e-02	-1.219981e+00
7.360000e-06	1.621517e-03	-1.264188e+00
7.370000e-06	6.121055e-02	-1.326234e+00
7.380000e-06	-5.315081e-02	-1.422031e+00
7.390000e-06	-4.451208e-02	-1.599928e+00
7.400000e-06	4.394935e-02	-1.641001e+00
7.410000e-06	1.213434e-02	-1.704687e+00
7.420000e-06	-6.455642e-02	-1.768481e+00
7.430000e-06	6.048158e-02	-1.853059e+00
7.440000e-06	5.223684e-02	-1.904137e+00
7.450000e-06	-7.024498e-02	-2.000447e+00
7.460000e-06	-1.623158e-02	-2.042531e+00
7.470000e-06	5.021932e-02	-2.124719e+00
7.480000e-06	-9.904817e-03	-2.252664e+00
7.490000e-06	-4.577166e-02	-2.329372e+00
7.500000e-06	4.387915e-02	-2.400451e+00
7.510000e-06	-1.493555e-03	-2.433084e+00
7.520000e-06	-1.074863e-02	-2.535767e+00
7.530000e-06	1.208902e-02	-2.630425e+00
7.540000e-06	-1.799880e-02	-2.684210e+00
7.550000e-06	-1.007171e-02	-2.756370e+00
7.560000e-06	2.296156e-02	-2.808898e+00
7.570000e-06	-4.211699e-04	-2.821600e+00
7.580000e-06	-4.605716e-03	-2.895687e+00
7.590000e-06	2.452498e-03	-2.996896e+00
7.600000e-06	-1.514857e-02	-3.053734e+00
7.610000e-06	1.342612e-02	-3.158872e+00
7.620000e-06	8.435888e-03	-3.210052e+00
7.630000e-06	-2.870346e-02	-3.232529e+00
7.640000e-06	5.737246e-03	-3.266267e+00
7.650000e-06	2.104597e-02	-3.377396e+00
7.660000e-06	-9.670990e-03	-3.400475e+00
7.670000e-06	-4.600280e-03	-3.452083e+00
7.680000e-06	-3.600365e-03	-3.464164e+00
7.690000e-06	-4.284400e-03	-3.556871e+00
7.700000e-06	1.152808e-02	-3.609451e+00
7.710000e-06	-1.004440e-03	-3.590504e+00
7.720000e-06	-1.197024e-02	-3.632054e+00
7.730000e-06	3.680816e-03	-3.672585e+00
7.740000e-06	6.441236e-03	-3.776791e+00
7.750000e-06	8.992972e-04	-3.872009e+00
7.760000e-06	-7.326434e-03	-3.923310e+00
7.770000e-06	-3.997998e-03	-3.945946e+00
7.780000e-06	2.216664e-03	-4.009447e+00
7.790000e-06	5.371328e-03	-3.989500e+00
7.800000e-06	-2.790974e-03	-4.031005e+00
7.810000e-06	-7.003360e-03	-4.042057e+00
7.820000e-06	8.015909e-04	-4.093641e+00
7.830000e-06	6.615856e-03	-4.084766e+00
7.840000e-06	-5.338944e-04	-4.156342e+00
7.850000e-06	-7.095474e-03	-4.188850e+00
7.860000e-06	-1.932910e-03	-4.189926e+00
7.870000e-06	2.250476e-03	-4.220480e+00
7.880000e-06	6.429653e-03	-4.230079e+00
7.890000e-06	-3.762231e-03	-4.232084e+00
7.900000e-06	-6.447967e-03	-4.263713e+00
7.910000e-06	2.621588e-03	-4.283738e+00
7.920000e-06	2.934375e-03	-4.344712e+00
7.930000e-06	-7.387233e-04	-4.327713e+00
7.940000e-06	-3.909668e-03	-4.344743e+00
7.950000e-06	-1.196835e-03	-4.346317e+00
7.960000e-06	4.124010e-03	-4.349370e+00
7.970000e-06	3.230776e-03	-4.356897e+00
7.980000e-06	-5.348425e-03	-4.318919e+00
7.990000e-06	-4.261941e-03	-4.336821e+00
8.000000e-06	1.476352e-03	-4.359395e+00
8.010000e-06	3.394404e-03	-4.368474e+00
8.020000e-06	1.026027e-04	-4.388471e+00
8.030000e-06	-3.955266e-03	-4.347316e+00
8.040000e-06	-1.699224e-05	-4.367424e+00
8.050000e-06	4.540278e-03	-4.338895e+00
8.060000e-06	7.425370e-04	-4.367322e+00
8.070000e-06	-3.546283e-03	-4.337367e+00
8.080000e-06	-3.482115e-03	-4.314320e+00
8.090000e-06	2.060904e-03	-4.335317e+00
8.100000e-06	3.346355e-03	-4.286186e+00
8.110000e-06	-1.032919e-03	-4.264187e+00
8.120000e-06	-4.347319e-03	-4.271133e+00
8.130000e-06	-2.032431e-04	-4.231583e+00
8.140000e-06	2.290668e-03	-4.211001e+00
8.150000e-06	6.227094e-04	-4.209977e+00
8.160000e-06	-2.936599e-03	-4.159450e+00
8.170000e-06	-1.676823e-03	-4.158924e+00
8.180000e-06	1.573077e-03	-4.154742e+00
8.190000e-06	2.176837e-03	-4.133682e+00
8.200000e-06	-1.089183e-03	-4.063638e+00
8.210000e-06	-2.970916e-03	-4.020580e+00
8.220000e-06	-4.116423e-04	-4.020028e+00
8.230000e-06	9.804065e-04	-4.000049e+00
8.240000e-06	2.852088e-04	-3.988897e+00
8.250000e-06	-2.133001e-03	-3.974397e+00
8.260000e-06	-7.665695e-04	-3.874713e+00
8.270000e-06	1.676467e-04	-3.822102e+00
8.280000e-06	1.437379e-04	-3.756921e+00
8.290000e-06	-2.804814e-03	-3.692739e+00
8.300000e-06	-3.322854e-03	-3.633205e+00
8.310000e-06	-4.027358e-04	-3.621578e+00
8.320000e-06	1.173972e-03	-3.568949e+00
8.330000e-06	-4.310212e-04	-3.547415e+00
8.340000e-06	-2.235646e-03	-3.483707e+00
8.350000e-06	-2.221306e-03	-3.441606e+00
8.360000e-06	5.026874e-04	-3.408453e+00
8.370000e-06	-7.280326e-04	-3.344868e+00
8.380000e-06	-2.557014e-03	-3.304336e+00
8.390000e-06	-3.111135e-03	-3.251076e+00
8.400000e-06	-9.507115e-04	-3.188999e+00
8.410000e-06	-9.882841e-04	-3.156841e+00
8.420000e-06	-1.702424e-03	-3.075233e+00
8.430000e-06	-2.843772e-03	-2.947526e+00
8.440000e-06	-2.541660e-03	-2.914681e+00
8.450000e-06	-1.412406e-04	-2.831051e+00
8.460000e-06	-1.527211e-03	-2.778971e+00
8.470000e-06	-2.903411e-03	-2.747336e+00
8.480000e-06	-3.475420e-03	-2.692682e+00
8.490000e-06	-2.153752e-03	-2.590980e+00
8.500000e-06	-9.577303e-04	-2.534287e+00
8.510000e-06	-1.641553e-03	-2.472655e+00
8.520000e-06	-3.674754e-03	-2.410099e+00
8.530000e-06	-1.854472e-03	-2.325947e+00
8.540000e-06	-1.641415e-03	-2.272285e+00
8.550000e-06	-1.893774e-03	-2.176441e+00
8.560000e-06	-4.125138e-03	-2.042108e+00
8.570000e-06	-2.268303e-03	-2.009028e+00
8.580000e-06	-1.687841e-03	-1.967396e+00
8.590000e-06	-5.061632e-04	-1.873259e+00
8.600000e-06	-2.857819e-03	-1.840025e+00
8.610000e-06	-4.060923e-03	-1.737389e+00
8.620000e-06	-2.375007e-03	-1.652080e+00
8.630000e-06	-1.647124e-03	-1.610475e+00
8.640000e-06	-1.665941e-03	-1.545916e+00
8.650000e-06	-4.702904e-03	-1.460123e+00
8.660000e-06	-3.262018e-03	-1.273783e+00
8.670000e-06	-3.099409e-03	-1.199549e+00
8.680000e-06	-1.324484e-03	-1.125318e+00
8.690000e-06	-3.905669e-03	-1.042105e+00
8.700000e-06	-2.670617e-03	-9.599459e-01
8.710000e-06	-2.124399e-03	-9.137869e-01
8.720000e-06	-1.771282e-03	-7.500014e-01
8.730000e-06	-3.815258e-03	-7.779184e-01
8.740000e-06	-3.147492e-03	-6.917081e-01
8.750000e-06	-4.104771e-03	-5.769148e-01
8.760000e-06	-2.349401e-03	-4.131053e-01
8.770000e-06	-4.592645e-03	-3.984712e-01
8.780000e-06	-2.686595e-03	-3.053407e-01
8.790000e-06	-2.700729e-03	-2.515526e-01
8.800000e-06	-1.311629e-03	-1.673984e-01
8.810000e-06	-2.325494e-03	-4.363146e-02
8.820000e-06	-1.989778e-03	-2.507203e-05
8.830000e-06	-2.836768e-03	3.210263e-02
8.840000e-06	-7.703417e-04	1.387184e-01
8.850000e-06	-2.124448e-03	2.132128e-01
8.860000e-06	-2.345593e-03	3.483460e-01
8.870000e-06	-2.694817e-03	4.004763e-01
8.880000e-06	1.789797e-03	4.431052e-01
8.890000e-06	1.453556e-02	5.168409e-01
8.900000e-06	2.225607e-02	6.236540e-01
8.910000e-06	-1.264790e-02	7.483723e-01
8.920000e-06	-5.453467e-02	8.114800e-01
8.930000e-06	-3.969268e-02	8.435539e-01
8.940000e-06	6.282152e-02	9.462893e-01
8.950000e-06	-1.228650e-03	1.065738e+00
8.960000e-06	-3.889211e-02	1.179975e+00
8.970000e-06	-2.850102e-02	1.233629e+00
8.980000e-06	6.877091e-02	1.348743e+00
8.990000e-06	-2.895053e-02	1.402163e+00
9.000000e-06	-5.823206e-02	1.475141e+00
9.010000e-06	2.597869e-02	1.550372e+00
9.020000e-06	7.671341e-05	1.695243e+00
9.030000e-06	-4.276568e-02	1.801000e+00
9.040000e-06	2.398997e-02	1.832657e+00
9.050000e-06	5.227767e-02	1.897840e+00
9.060000e-06	-5.851506e-02	2.010499e+00
9.070000e-06	-2.225315e-02	2.041600e+00
9.080000e-06	3.072047e-02	2.085763e+00
9.090000e-06	1.410495e-03	2.219951e+00
9.100000e-06	-4.817665e-02	2.252131e+00
9.110000e-06	2.707710e-02	2.285791e+00
9.120000e-06	1.912773e-03	2.369448e+00
9.130000e-06	-1.106969e-02	2.401580e+00
9.140000e-06	1.671963e-03	2.476084e+00
9.150000e-06	-1.770067e-02	2.570629e+00
9.160000e-06	-1.211194e-02	2.697798e+00
9.170000e-06	4.235647e-03	2.778995e+00
9.180000e-06	1.368134e-02	2.800576e+00
9.190000e-06	-1.425685e-02	2.884655e+00
9.200000e-06	-3.670975e-03	2.927318e+00
9.210000e-06	-1.560737e-02	2.978476e+00
9.220000e-06	1.034791e-02	3.041080e+00
9.230000e-06	-1.624030e-03	3.106311e+00
9.240000e-06	-2.248614e-02	3.159875e+00
9.250000e-06	-5.539482e-03	3.209975e+00
9.260000e-06	1.225407e-02	3.200555e+00
9.270000e-06	9.310057e-04	3.234212e+00
9.280000e-06	-1.662353e-02	3.348944e+00
9.290000e-06	-5.600223e-03	3.453612e+00
9.300000e-06	-9.635796e-03	3.497817e+00
9.310000e-06	6.671898e-03	3.568474e+00
9.320000e-06	-2.952043e-03	3.600003e+00
9.330000e-06	-1.271291e-02	3.601003e+00
9.340000e-06	-8.990080e-03	3.672110e+00
9.350000e-06	6.007287e-03	3.685195e+00
9.360000e-06	-6.789830e-04	3.758392e+00
9.370000e-06	-1.332851e-02	3.819475e+00
9.380000e-06	-9.153352e-03	3.880509e+00
9.390000e-06	-1.068869e-03	3.863735e+00
9.400000e-06	3.971892e-03	3.906367e+00
9.410000e-06	-7.597895e-03	3.926869e+00
9.420000e-06	-1.226095e-02	3.969972e+00
9.430000e-06	-8.062346e-03	3.999477e+00
9.440000e-06	4.426812e-03	3.989950e+00
9.450000e-06	-3.137056e-03	4.000529e+00
9.460000e-06	-1.306491e-02	4.022079e+00
9.470000e-06	-8.617467e-03	4.065238e+00
9.480000e-06	1.582400e-03	4.084763e+00
9.490000e-06	1.963280e-03	4.117924e+00
9.500000e-06	-9.919819e-03	4.150440e+00
9.510000e-06	-1.227364e-02	4.167974e+00
9.520000e-06	-4.924733e-03	4.191003e+00
9.530000e-06	-9.302631e-05	4.260684e+00
9.540000e-06	-4.340432e-03	4.293688e+00
9.550000e-06	-9.972233e-03	4.276709e+00
9.560000e-06	-6.094371e-03	4.315740e+00
9.570000e-06	-1.859422e-03	4.326147e+00
9.580000e-06	-2.188420e-03	4.318391e+00
9.590000e-06	-9.747638e-03	4.306341e+00
9.600000e-06	-9.552438e-03	4.349842e+00
9.610000e-06	-5.513995e-03	4.327342e+00
9.620000e-06	-1.370445e-03	4.328268e+00
9.630000e-06	-6.767558e-03	4.337397e+00
9.640000e-06	-9.197432e-03	4.348315e+00
9.650000e-06	-5.785140e-03	4.335240e+00
9.660000e-06	-2.023479e-03	4.327945e+00
9.670000e-06	-3.578623e-03	4.275817e+00
9.680000e-06	-9.174445e-03	4.313712e+00
9.690000e-06	-7.610680e-03	4.213708e+00
9.700000e-06	-4.901949e-03	4.252131e+00
9.710000e-06	-2.186633e-03	4.241079e+00
9.720000e-06	-6.998657e-03	4.140522e+00
9.730000e-06	-8.757632e-03	4.186877e+00
9.740000e-06	-6.898595e-03	4.076815e+00
9.750000e-06	-3.077008e-03	4.054690e+00
9.760000e-06	-4.315730e-03	4.044687e+00
9.770000e-06	-8.463850e-03	4.043105e+00
9.780000e-06	-8.798112e-03	4.001055e+00
9.790000e-06	-4.964259e-03	4.000499e+00
9.800000e-06	-3.455950e-03	3.999975e+00
9.810000e-06	-6.613860e-03	3.988972e+00
9.820000e-06	-9.229948e-03	3.955896e+00
9.830000e-06	-6.275462e-03	3.893763e+00
9.840000e-06	-2.800408e-03	3.893184e+00
9.850000e-06	-3.600359e-03	3.832655e+00
9.860000e-06	-7.887740e-03	3.779522e+00
9.870000e-06	-7.488249e-03	3.765920e+00
9.880000e-06	-4.711726e-03	3.726241e+00
9.890000e-06	-3.952211e-03	3.635158e+00
9.900000e-06	-6.922596e-03	3.651582e+00
9.910000e-06	-6.906258e-03	3.611023e+00
9.920000e-06	-5.895657e-03	3.570500e+00
9.930000e-06	-3.545797e-03	3.537492e+00
9.940000e-06	-7.160394e-03	3.477308e+00
9.950000e-06	-7.937293e-03	3.383127e+00
9.960000e-06	-6.435905e-03	3.344837e+00
9.970000e-06	-2.136779e-03	3.223104e+00
9.980000e-06	-3.790573e-03	3.210575e+00
9.990000e-06	-6.788031e-03	3.168450e+00
1.000000e-05	-8.500897e-03	3.125841e+00
1.001000e-05	-3.827856e-03	3.063654e+00
1.002000e-05	-4.355179e-03	3.031025e+00
1.003000e-05	-5.083149e-03	2.948443e+00
1.004000e-05	-7.823826e-03	2.863785e+00
1.005000e-05	-3.873681e-03	2.853054e+00
1.006000e-05	-2.063207e-03	2.790076e+00
1.007000e-05	-3.860958e-03	2.766945e+00
1.008000e-05	-6.885714e-03	2.695737e+00
1.009000e-05	-7.814851e-03	2.567527e+00
1.010000e-05	-4.380177e-03	2.463182e+00
1.011000e-05	-3.912675e-03	2.389575e+00
1.012000e-05	-5.667039e-03	2.367420e+00
1.013000e-05	-6.674270e-03	2.283663e+00
1.014000e-05	-4.028050e-03	2.221578e+00
1.015000e-05	-1.425672e-03	2.135891e+00
1.016000e-05	-3.318812e-03	2.064234e+00
1.017000e-05	-6.618285e-03	2.001579e+00
1.018000e-05	-5.389704e-03	2.008896e+00
1.019000e-05	-4.218622e-03	1.895313e+00
1.020000e-05	-5.233930e-03	1.811021e+00
1.021000e-05	-6.350952e-03	1.694769e+00
1.022000e-05	-4.659239e-03	1.642730e+00
1.023000e-05	-2.252606e-03	1.548940e+00
1.024000e-05	-2.730848e-03	1.494685e+00
1.025000e-05	-4.707100e-03	1.381474e+00
1.026000e-05	-6.096582e-03	1.336390e+00
1.027000e-05	-4.851389e-03	1.232580e+00
1.028000e-05	-4.643240e-03	1.117947e+00
1.029000e-05	-4.993681e-03	1.072759e+00
1.030000e-05	-5.316307e-03	9.784208e-01
1.031000e-05	-5.083336e-03	8.306504e-01
1.032000e-05	-1.311324e-03	7.784724e-01
1.033000e-05	-3.351384e-03	6.767145e-01
1.034000e-05	-4.469878e-03	6.015515e-01
1.035000e-05	-7.985276e-03	5.673710e-01
1.036000e-05	-4.548119e-03	4.336554e-01
1.037000e-05	-3.447026e-03	4.285750e-01
1.038000e-05	-2.711059e-03	3.053174e-01
1.039000e-05	-4.725150e-03	2.026279e-01
1.040000e-05	-4.197121e-03	9.423700e-02
1.041000e-05	-2.982539e-03	3.102371e-02
1.042000e-05	-2.336684e-03	-3.202894e-02
1.043000e-05	-3.986421e-03	-1.256671e-01
1.044000e-05	-1.584798e-03	-2.294247e-01
1.045000e-05	-1.142133e-03	-2.526114e-01
1.046000e-05	-1.044693e-03	-3.674158e-01
1.047000e-05	-8.792453e-04	-4.094998e-01
1.048000e-05	-3.004516e-03	-4.215788e-01
1.049000e-05	9.803891e-03	-5.662895e-01
1.050000e-05	2.142055e-02	-6.619764e-01
1.051000e-05	6.063825e-03	-7.908998e-01
1.052000e-05	-4.898860e-02	-9.067432e-01
1.053000e-05	-4.792184e-02	-9.984974e-01
1.054000e-05	5.939154e-02	-1.008967e+00
1.055000e-05	1.235751e-02	-1.042004e+00
1.056000e-05	-1.594337e-02	-1.147420e+00
1.057000e-05	-4.074166e-02	-1.271584e+00
1.058000e-05	7.586500e-02	-1.302707e+00
1.059000e-05	-2.419338e-02	-1.359306e+00
1.060000e-05	-6.427818e-02	-1.567376e+00
1.061000e-05	2.231342e-02	-1.600503e+00
1.062000e-05	3.187351e-02	-1.642552e+00
1.063000e-05	-5.542617e-02	-1.738350e+00
1.064000e-05	2.194595e-03	-1.853078e+00
1.065000e-05	7.906019e-02	-1.896111e+00
1.066000e-05	-3.356982e-02	-1.966896e+00
1.067000e-05	-6.098275e-02	-2.020561e+00
1.068000e-05	4.615331e-02	-2.073559e+00
1.069000e-05	1.907880e-02	-2.180827e+00
1.070000e-05	-6.073409e-02	-2.316846e+00
1.071000e-05	2.883194e-02	-2.388925e+00
1.072000e-05	1.796901e-02	-2.432056e+00
1.073000e-05	-1.166712e-02	-2.535736e+00
1.074000e-05	4.837130e-03	-2.568974e+00
1.075000e-05	-5.407039e-03	-2.662084e+00
1.076000e-05	-2.386484e-02	-2.727287e+00
1.077000e-05	1.604556e-02	-2.757273e+00
1.078000e-05	1.140260e-02	-2.810001e+00
1.079000e-05	-1.277060e-02	-2.843582e+00
1.080000e-05	9.382175e-03	-2.966688e+00
1.081000e-05	-1.388895e-02	-3.004085e+00
1.082000e-05	2.749848e-03	-3.187343e+00
1.083000e-05	1.682219e-02	-3.199475e+00
1.084000e-05	-2.132304e-02	-3.211056e+00
1.085000e-05	-1.147221e-02	-3.272138e+00
1.086000e-05	2.527147e-02	-3.346271e+00
1.087000e-05	1.689758e-04	-3.388922e+00
1.088000e-05	-1.146974e-02	-3.411003e+00
1.089000e-05	1.665708e-03	-3.483509e+00
1.090000e-05	-8.633024e-03	-3.555896e+00
1.091000e-05	7.748983e-03	-3.589397e+00
1.092000e-05	3.414178e-03	-3.588926e+00
1.093000e-05	-1.030640e-02	-3.620531e+00
1.094000e-05	-3.147465e-03	-3.702613e+00
1.095000e-05	1.065357e-02	-3.717788e+00
1.096000e-05	2.088695e-03	-3.810401e+00
1.097000e-05	-5.473261e-03	-3.904731e+00
1.098000e-05	-6.155685e-03	-3.926744e+00
1.099000e-05	-6.276422e-05	-3.977920e+00
1.100000e-05	6.453455e-03	-3.999451e+00
1.101000e-05	-2.064960e-03	-4.000526e+00
1.102000e-05	-5.644690e-03	-4.032054e+00
1.103000e-05	-3.852621e-03	-4.043109e+00
1.104000e-05	9.222891e-03	-4.105210e+00
1.105000e-05	8.232757e-04	-4.155296e+00
1.106000e-05	-6.242439e-03	-4.158470e+00
1.107000e-05	-5.583943e-03	-4.199998e+00
1.108000e-05	2.510322e-03	-4.209480e+00
1.109000e-05	5.808426e-03	-4.219075e+00
1.110000e-05	-8.906307e-04	-4.221582e+00
1.111000e-05	-7.992517e-03	-4.243059e+00
1.112000e-05	-8.160972e-04	-4.251713e+00
1.113000e-05	4.601358e-03	-4.286740e+00
1.114000e-05	2.572960e-04	-4.335741e+00
1.115000e-05	-3.777470e-03	-4.305938e+00
1.116000e-05	-2.756552e-03	-4.316794e+00
1.117000e-05	2.821181e-03	-4.327346e+00
1.118000e-05	4.335664e-03	-4.368372e+00
1.119000e-05	-2.807909e-03	-4.386872e+00
1.120000e-05	-5.028963e-03	-4.338420e+00
1.121000e-05	4.122748e-04	-4.397872e+00
1.122000e-05	3.755973e-03	-4.359470e+00
1.123000e-05	1.212923e-03	-4.347922e+00
1.124000e-05	-3.690812e-03	-4.387942e+00
1.125000e-05	-2.188911e-03	-4.368322e+00
1.126000e-05	2.900607e-03	-4.387346e+00
1.127000e-05	1.773112e-03	-4.307367e+00
1.128000e-05	-2.770696e-03	-4.326320e+00
1.129000e-05	-3.037202e-03	-4.315292e+00
1.130000e-05	1.132922e-03	-4.315243e+00
1.131000e-05	4.026107e-03	-4.246691e+00
1.132000e-05	-8.706203e-04	-4.303741e+00
1.133000e-05	-3.782557e-03	-4.281663e+00
1.134000e-05	-1.243015e-03	-4.253082e+00
1.135000e-05	2.635255e-03	-4.231104e+00
1.136000e-05	1.120010e-03	-4.189001e+00
1.137000e-05	-2.915996e-03	-4.197975e+00
1.138000e-05	-1.111118e-03	-4.189372e+00
1.139000e-05	2.141808e-03	-4.156420e+00
1.140000e-05	2.021085e-03	-4.075267e+00
1.141000e-05	-2.299823e-03	-4.062737e+00
1.142000e-05	-3.359285e-03	-4.053080e+00
1.143000e-05	8.614535e-04	-4.020554e+00
1.144000e-05	2.847005e-03	-3.980001e+00
1.145000e-05	2.317323e-04	-3.968974e+00
1.146000e-05	-2.246522e-03	-3.956420e+00
1.147000e-05	-1.560665e-03	-3.906139e+00
1.148000e-05	1.435438e-03	-3.863111e+00
1.149000e-05	7.188324e-04	-3.749444e+00
1.150000e-05	-2.374704e-03	-3.752738e+00
1.151000e-05	-2.849357e-03	-3.652660e+00
1.152000e-05	3.016674e-04	-3.600055e+00
1.153000e-05	1.212567e-03	-3.589500e+00
1.154000e-05	-6.524966e-04	-3.546897e+00
1.155000e-05	-3.410284e-03	-3.464792e+00
1.156000e-05	-1.687328e-03	-3.472087e+00
1.157000e-05	-4.578882e-04	-3.429553e+00
1.158000e-05	5.526584e-05	-3.369371e+00
1.159000e-05	-2.036261e-03	-3.315666e+00
1.160000e-05	-2.761644e-03	-3.222628e+00
1.161000e-05	-6.475760e-04	-3.199050e+00
1.162000e-05	2.292242e-04	-3.206895e+00
1.163000e-05	-2.114118e-03	-3.123816e+00
1.164000e-05	-3.084365e-03	-2.991575e+00
1.165000e-05	-2.767417e-03	-2.924313e+00
1.166000e-05	-7.898896e-04	-2.851080e+00
1.167000e-05	-4.405286e-04	-2.809501e+00
1.168000e-05	-3.566577e-03	-2.757918e+00
1.169000e-05	-2.825423e-03	-2.673213e+00
1.170000e-05	-2.351414e-03	-2.612575e+00
1.171000e-05	5.384677e-04	-2.575871e+00
1.172000e-05	-2.345429e-03	-2.483731e+00
1.173000e-05	-3.898734e-03	-2.449950e+00
1.174000e-05	-3.464126e-03	-2.388946e+00
1.175000e-05	-1.138848e-03	-2.314765e+00
1.176000e-05	-1.348169e-03	-2.209447e+00
1.177000e-05	-3.634932e-03	-2.153763e+00
1.178000e-05	-4.623292e-03	-2.001076e+00
1.179000e-05	-2.378473e-03	-1.959470e+00
1.180000e-05	-1.137814e-03	-1.914813e+00
1.181000e-05	-1.950848e-03	-1.821075e+00
1.182000e-05	-4.946214e-03	-1.767445e+00
1.183000e-05	-3.113251e-03	-1.722808e+00
1.184000e-05	2.781335e-04	-1.611026e+00
1.185000e-05	-6.339284e-04	-1.568417e+00
1.186000e-05	-4.029105e-03	-1.512609e+00
1.187000e-05	-5.430612e-03	-1.376887e+00
1.188000e-05	-3.863276e-03	-1.209526e+00
1.189000e-05	-1.783464e-03	-1.167917e+00
1.190000e-05	-3.862836e-03	-1.064682e+00
1.191000e-05	-3.811079e-03	-1.009051e+00
1.192000e-05	-2.762269e-03	-9.443107e-01
1.193000e-05	1.381776e-05	-8.411777e-01
1.194000e-05	-1.933930e-03	-7.789738e-01
1.195000e-05	-4.915452e-03	-7.038421e-01
1.196000e-05	-4.410113e-03	-5.790261e-01
1.197000e-05	-3.534344e-03	-4.827379e-01
1.198000e-05	-2.800766e-03	-4.095263e-01
1.199000e-05	-4.300651e-03	-3.373422e-01
1.200000e-05	-3.973246e-03	-2.727078e-01
1.201000e-05	-2.216070e-03	-1.594475e-01
1.202000e-05	-1.077817e-03	-1.242620e-01
1.203000e-05	-2.732948e-03	-4.105283e-02
1.204000e-05	-1.813379e-03	4.157757e-02
1.205000e-05	-2.725650e-03	1.132382e-01
1.206000e-05	-1.887354e-03	2.100239e-01
1.207000e-05	-1.727518e-03	3.253392e-01
1.208000e-05	-2.679739e-03	3.795000e-01
1.209000e-05	-1.708010e-03	4.215539e-01
1.210000e-05	1.050943e-02	5.072683e-01
1.211000e-05	2.270316e-02	6.009812e-01
1.212000e-05	7.426699e-03	7.262920e-01
1.213000e-05	-4.794512e-02	7.995039e-01
1.214000e-05	-5.639080e-02	8.220751e-01
1.215000e-05	3.750558e-02	9.251642e-01
1.216000e-05	3.099511e-02	1.052075e+00
1.217000e-05	-1.750985e-02	1.168900e+00
1.218000e-05	-5.556624e-02	1.220501e+00
1.219000e-05	7.068077e-02	1.305689e+00
1.220000e-05	3.451208e-03	1.421055e+00
1.221000e-05	-5.466545e-02	1.424613e+00
1.222000e-05	-4.725056e-03	1.555845e+00
1.223000e-05	2.405191e-02	1.626739e+00
1.224000e-05	-3.484920e-02	1.778449e+00
1.225000e-05	-1.472838e-02	1.770501e+00
1.226000e-05	6.591098e-02	1.855187e+00
1.227000e-05	-2.662790e-02	1.958949e+00
1.228000e-05	-5.447016e-02	2.020001e+00
1.229000e-05	2.817252e-02	2.084108e+00
1.230000e-05	2.065165e-02	2.138371e+00
1.231000e-05	-4.874927e-02	2.212057e+00
1.232000e-05	5.869601e-03	2.295261e+00
1.233000e-05	1.482778e-02	2.338917e+00
1.234000e-05	-2.791114e-03	2.400005e+00
1.235000e-05	-7.379669e-03	2.462609e+00
1.236000e-05	-4.578659e-03	2.547944e+00
1.237000e-05	-2.547783e-02	2.656214e+00
1.238000e-05	2.080614e-03	2.759449e+00
1.239000e-05	1.295381e-02	2.800049e+00
1.240000e-05	-1.009436e-02	2.843053e+00
1.241000e-05	-7.021906e-03	2.895817e+00
1.242000e-05	-1.581105e-02	2.978972e+00
1.243000e-05	5.012370e-03	3.021555e+00
1.244000e-05	4.429027e-03	3.065685e+00
1.245000e-05	-1.524277e-02	3.158321e+00
1.246000e-05	-1.952098e-02	3.169501e+00
1.247000e-05	1.386771e-02	3.221528e+00
1.248000e-05	4.951542e-03	3.264659e+00
1.249000e-05	-1.318557e-02	3.296790e+00
1.250000e-05	-1.151366e-02	3.380082e+00
1.251000e-05	-9.842780e-03	3.517242e+00
1.252000e-05	3.133739e-03	3.589397e+00
1.253000e-05	1.451500e-03	3.600475e+00
1.254000e-05	-9.785919e-03	3.600057e+00
1.255000e-05	-1.476686e-02	3.641605e+00
1.256000e-05	4.696723e-03	3.705790e+00
1.257000e-05	3.311881e-03	3.766921e+00
1.258000e-05	-1.060827e-02	3.799551e+00
1.259000e-05	-1.418310e-02	3.821027e+00
1.260000e-05	-5.185188e-03	3.863688e+00
1.261000e-05	4.368613e-03	3.887812e+00
1.262000e-05	-2.326817e-03	3.948393e+00
1.263000e-05	-1.042714e-02	3.986972e+00
1.264000e-05	-1.166652e-02	3.988424e+00
1.265000e-05	2.974359e-03	3.999976e+00
1.266000e-05	1.122235e-03	4.000501e+00
1.267000e-05	-8.877623e-03	4.050559e+00
1.268000e-05	-1.382325e-02	4.043135e+00
1.269000e-05	-3.698946e-03	4.124688e+00
1.270000e-05	3.956742e-03	4.116396e+00
1.271000e-05	-2.717832e-03	4.146746e+00
1.272000e-05	-1.164155e-02	4.191429e+00
1.273000e-05	-1.087702e-02	4.210551e+00
1.274000e-05	4.028974e-04	4.212021e+00
1.275000e-05	-5.350246e-04	4.243708e+00
1.276000e-05	-8.066203e-03	4.253741e+00
1.277000e-05	-1.044062e-02	4.326289e+00
1.278000e-05	-4.007424e-03	4.356888e+00
1.279000e-05	1.707759e-03	4.346313e+00
1.280000e-05	-7.267075e-03	4.307417e+00
1.281000e-05	-1.109516e-02	4.345869e+00
1.282000e-05	-8.928081e-03	4.346842e+00
1.283000e-05	7.481636e-04	4.327845e+00
1.284000e-05	-1.359336e-03	4.376866e+00
1.285000e-05	-8.931859e-03	4.345895e+00
1.286000e-05	-1.086902e-02	4.306341e+00
1.287000e-05	-6.111713e-03	4.276890e+00
1.288000e-05	-2.576959e-03	4.317843e+00
1.289000e-05	-8.418819e-03	4.276291e+00
1.290000e-05	-9.067826e-03	4.295237e+00
1.291000e-05	-4.759165e-03	4.234033e+00
1.292000e-05	7.438393e-04	4.231658e+00
1.293000e-05	-3.690404e-03	4.179124e+00
1.294000e-05	-1.100975e-02	4.157896e+00
1.295000e-05	-1.088185e-02	4.136761e+00
1.296000e-05	-5.746585e-03	4.118234e+00
1.297000e-05	-2.732970e-03	4.025639e+00
1.298000e-05	-7.206219e-03	4.062751e+00
1.299000e-05	-6.795517e-03	4.032075e+00
1.300000e-05	-5.635243e-03	4.011001e+00
1.301000e-05	-2.179522e-03	3.999501e+00
1.302000e-05	-7.417239e-03	3.979000e+00
1.303000e-05	-9.578654e-03	3.959895e+00
1.304000e-05	-9.509011e-03	3.934764e+00
1.305000e-05	-3.176560e-03	3.885308e+00
1.306000e-05	-4.211556e-03	3.842185e+00
1.307000e-05	-6.883758e-03	3.791051e+00
1.308000e-05	-8.227698e-03	3.786375e+00
1.309000e-05	-4.207731e-03	3.747791e+00
1.310000e-05	-2.185037e-03	3.693712e+00
1.311000e-05	-6.787093e-03	3.633182e+00
1.312000e-05	-9.117441e-03	3.610550e+00
1.313000e-05	-7.471151e-03	3.600000e+00
1.314000e-05	-2.981183e-03	3.558449e+00
1.315000e-05	-2.639709e-03	3.535268e+00
1.316000e-05	-6.295045e-03	3.442761e+00
1.317000e-05	-7.392582e-03	3.317921e+00
1.318000e-05	-4.583037e-03	3.264154e+00
1.319000e-05	-2.581133e-03	3.230577e+00
1.320000e-05	-7.625855e-03	3.189024e+00
1.321000e-05	-8.595463e-03	3.167871e+00
1.322000e-05	-6.552035e-03	3.104786e+00
1.323000e-05	-1.884896e-03	3.042101e+00
1.324000e-05	-2.649804e-03	2.988896e+00
1.325000e-05	-4.892108e-03	2.896392e+00
1.326000e-05	-6.185087e-03	2.842127e+00
1.327000e-05	-3.781568e-03	2.820476e+00
1.328000e-05	-4.588740e-03	2.779496e+00
1.329000e-05	-6.655671e-03	2.738267e+00
1.330000e-05	-7.147243e-03	2.581482e+00
1.331000e-05	-5.022864e-03	2.485935e+00
1.332000e-05	-2.625268e-03	2.422551e+00
1.333000e-05	-3.355219e-03	2.368947e+00
1.334000e-05	-5.849904e-03	2.283865e+00
1.335000e-05	-6.148571e-03	2.232102e+00
1.336000e-05	-3.848435e-03	2.148421e+00
1.337000e-05	-3.220010e-03	2.084338e+00
1.338000e-05	-6.263528e-03	2.032130e+00
1.339000e-05	-5.836899e-03	1.978499e+00
1.340000e-05	-4.785268e-03	1.967866e+00
1.341000e-05	-2.180722e-03	1.881749e+00
1.342000e-05	-4.326923e-03	1.726543e+00
1.343000e-05	-5.268898e-03	1.693254e+00
1.344000e-05	-6.679214e-03	1.570580e+00
1.345000e-05	-3.250348e-03	1.496859e+00
1.346000e-05	-3.497783e-03	1.381625e+00
1.347000e-05	-4.729608e-03	1.347440e+00
1.348000e-05	-5.564858e-03	1.293205e+00
1.349000e-05	-3.301206e-03	1.150528e+00
1.350000e-05	-3.718141e-03	1.124332e+00
1.351000e-05	-4.336385e-03	1.030572e+00
1.352000e-05	-6.055610e-03	8.431779e-01
1.353000e-05	-4.618200e-03	7.799988e-01
1.354000e-05	-2.812518e-03	7.353934e-01
1.355000e-05	-3.901426e-03	6.731304e-01
1.356000e-05	-5.039851e-03	5.465213e-01
1.357000e-05	-4.907673e-03	4.828344e-01
1.358000e-05	-3.340368e-03	4.205501e-01
1.359000e-05	-2.457075e-03	3.989463e-01
1.360000e-05	-5.004603e-03	2.542107e-01
1.361000e-05	-4.805294e-03	1.390159e-01
1.362000e-05	-4.428144e-03	3.202790e-02
1.363000e-05	-1.189769e-03	-1.152631e-02
1.364000e-05	-7.841643e-04	-5.521051e-02
1.365000e-05	-2.631993e-03	-1.973496e-01
1.366000e-05	-3.208281e-03	-2.305551e-01
1.367000e-05	-9.864403e-04	-3.157957e-01
1.368000e-05	4.107271e-05	-3.784486e-01
1.369000e-05	-3.451921e-03	-4.410264e-01
1.370000e-05	2.887878e-03	-5.275665e-01
1.371000e-05	1.986359e-02	-5.904563e-01
1.372000e-05	2.312213e-02	-7.572956e-01
1.373000e-05	-3.099402e-02	-8.851654e-01
1.374000e-05	-5.815685e-02	-9.794237e-01
1.375000e-05	2.132103e-02	-9.585011e-01
1.376000e-05	3.604007e-02	-9.988460e-01
1.377000e-05	-4.454152e-03	-1.106214e+00
1.378000e-05	-4.958444e-02	-1.242056e+00
1.379000e-05	6.068408e-02	-1.285259e+00
1.380000e-05	3.347278e-02	-1.357815e+00
1.381000e-05	-6.901781e-02	-1.486289e+00
1.382000e-05	-1.512650e-02	-1.600504e+00
1.383000e-05	4.431106e-02	-1.632106e+00
1.384000e-05	-1.860184e-02	-1.715668e+00
1.385000e-05	-4.463550e-02	-1.811029e+00
1.386000e-05	8.479817e-02	-1.902108e+00
1.387000e-05	8.630334e-03	-1.956271e+00
1.388000e-05	-8.156638e-02	-1.988928e+00
1.389000e-05	2.017918e-02	-2.064158e+00
1.390000e-05	4.020794e-02	-2.137317e+00
1.391000e-05	-3.986113e-02	-2.253216e+00
1.392000e-05	-9.528310e-03	-2.368472e+00
1.393000e-05	3.652777e-02	-2.420003e+00
1.394000e-05	-9.310750e-03	-2.474262e+00
1.395000e-05	-4.064578e-03	-2.547893e+00
1.396000e-05	6.370841e-03	-2.631530e+00
1.397000e-05	-2.689474e-02	-2.674268e+00
1.398000e-05	2.927600e-03	-2.727899e+00
1.399000e-05	2.090179e-02	-2.799000e+00
1.400000e-05	-8.902775e-03	-2.832085e+00
1.401000e-05	5.218086e-03	-2.905137e+00
1.402000e-05	-6.534640e-03	-2.959972e+00
1.403000e-05	-8.470764e-03	-3.147269e+00
1.404000e-05	1.913814e-02	-3.168346e+00
1.405000e-05	-5.672519e-03	-3.200004e+00
1.406000e-05	-2.501742e-02	-3.233084e+00
1.407000e-05	2.070026e-02	-3.306243e+00
1.408000e-05	1.251972e-02	-3.348442e+00
1.409000e-05	-1.376039e-02	-3.429529e+00
1.410000e-05	-3.581511e-04	-3.462104e+00
1.411000e-05	-8.038958e-03	-3.496288e+00
1.412000e-05	1.745424e-03	-3.567897e+00
1.413000e-05	8.763470e-03	-3.599450e+00
1.414000e-05	-6.052936e-03	-3.600527e+00
1.415000e-05	-1.042203e-02	-3.622530e+00
1.416000e-05	8.157523e-03	-3.703711e+00
1.417000e-05	3.437720e-03	-3.758925e+00
1.418000e-05	-1.598950e-03	-3.794608e+00
1.419000e-05	-7.434982e-03	-3.945266e+00
1.420000e-05	-2.794981e-03	-3.927346e+00
1.421000e-05	5.536719e-03	-3.979449e+00
1.422000e-05	3.441857e-03	-4.010525e+00
1.423000e-05	-4.243835e-03	-4.010528e+00
1.424000e-05	-6.538292e-03	-4.022080e+00
1.425000e-05	4.372531e-03	-4.084614e+00
1.426000e-05	5.012670e-03	-4.145820e+00
1.427000e-05	-3.592412e-03	-4.148820e+00
1.428000e-05	-6.115496e-03	-4.179423e+00
1.429000e-05	-1.065432e-03	-4.180473e+00
1.430000e-05	5.195039e-03	-4.210478e+00
1.431000e-05	2.967569e-03	-4.231084e+00
1.432000e-05	-4.809306e-03	-4.273586e+00
1.433000e-05	-5.440528e-03	-4.233158e+00
1.434000e-05	2.738927e-03	-4.293713e+00
1.435000e-05	1.529976e-03	-4.304718e+00
1.436000e-05	-1.816110e-04	-4.325840e+00
1.437000e-05	-4.065441e-03	-4.345313e+00
1.438000e-05	-6.298512e-04	-4.346847e+00
1.439000e-05	4.832159e-03	-4.368344e+00
1.440000e-05	1.044814e-03	-4.367893e+00
1.441000e-05	-5.303591e-03	-4.368395e+00
1.442000e-05	-2.979399e-03	-4.358422e+00
1.443000e-05	1.896607e-03	-4.387397e+00
1.444000e-05	2.753766e-03	-4.378869e+00
1.445000e-05	-6.899441e-04	-4.349949e+00
1.446000e-05	-3.931350e-03	-4.388894e+00
1.447000e-05	1.213781e-03	-4.367869e+00
1.448000e-05	2.750767e-03	-4.346840e+00
1.449000e-05	-8.958343e-04	-4.357345e+00
1.450000e-05	-3.918193e-03	-4.335842e+00
1.451000e-05	-2.037794e-03	-4.307320e+00
1.452000e-05	3.285396e-03	-4.334689e+00
1.453000e-05	2.304630e-03	-4.293287e+00
1.454000e-05	-1.736722e-03	-4.303113e+00
1.455000e-05	-3.283823e-03	-4.240582e+00
1.456000e-05	1.801525e-03	-4.241007e+00
1.457000e-05	1.882907e-03	-4.201076e+00
1.458000e-05	-5.590404e-04	-4.197999e+00
1.459000e-05	-3.229787e-03	-4.179451e+00
1.460000e-05	-1.256756e-05	-4.167923e+00
1.461000e-05	2.125234e-03	-4.096916e+00
1.462000e-05	1.347556e-03	-4.092737e+00
1.463000e-05	-2.686042e-03	-4.062133e+00
1.464000e-05	-1.738105e-03	-4.021028e+00
1.465000e-05	1.023185e-03	-4.000604e+00
1.466000e-05	1.462523e-03	-3.991000e+00
1.467000e-05	-1.251596e-03	-3.967921e+00
1.468000e-05	-2.461567e-03	-3.946812e+00
1.469000e-05	-6.948397e-04	-3.872634e+00
1.470000e-05	1.625249e-03	-3.791003e+00
1.471000e-05	-2.758823e-04	-3.748817e+00
1.472000e-05	-2.626521e-03	-3.654184e+00
1.473000e-05	-1.644519e-03	-3.621578e+00
1.474000e-05	9.474087e-04	-3.590001e+00
1.475000e-05	2.315523e-04	-3.598973e+00
1.476000e-05	-1.625242e-03	-3.543875e+00
1.477000e-05	-2.768829e-03	-3.473657e+00
1.478000e-05	-1.705667e-03	-3.461554e+00
1.479000e-05	1.001003e-03	-3.368500e+00
1.480000e-05	-8.723645e-04	-3.315316e+00
1.481000e-05	-1.970618e-03	-3.245107e+00
1.482000e-05	-1.366297e-03	-3.220551e+00
1.483000e-05	-9.778072e-04	-3.169972e+00
1.484000e-05	-2.167061e-03	-3.125317e+00
1.485000e-05	-3.033290e-03	-3.070680e+00
1.486000e-05	-2.681489e-03	-2.986974e+00
1.487000e-05	5.279310e-04	-2.832230e+00
1.488000e-05	-5.210878e-04	-2.810030e+00
1.489000e-05	-2.222722e-03	-2.779420e+00
1.490000e-05	-3.229959e-03	-2.705838e+00
1.491000e-05	-1.931777e-03	-2.632608e+00
1.492000e-05	-1.984058e-03	-2.578449e+00
1.493000e-05	-2.479020e-03	-2.503338e+00
1.494000e-05	-3.126920e-03	-2.451130e+00
1.495000e-05	-2.261484e-03	-2.389500e+00
1.496000e-05	-9.943969e-04	-2.347394e+00
1.497000e-05	-1.680171e-03	-2.232059e+00
1.498000e-05	-3.645780e-03	-2.155942e+00
1.499000e-05	-3.922527e-03	-2.030606e+00
1.500000e-05	-2.036004e-03	-1.968949e+00
1.501000e-05	-1.073369e-03	-1.935920e+00
1.502000e-05	-2.144376e-03	-1.881558e+00
1.503000e-05	-3.745980e-03	-1.788974e+00
1.504000e-05	-3.823305e-03	-1.726212e+00
1.505000e-05	-2.057616e-03	-1.630604e+00
1.506000e-05	-9.564890e-04	-1.597501e+00
1.507000e-05	-2.751620e-03	-1.525263e+00
1.508000e-05	-3.217747e-03	-1.361325e+00
1.509000e-05	-3.048149e-03	-1.222707e+00
1.510000e-05	-2.720512e-03	-1.169997e+00
1.511000e-05	-2.914874e-03	-1.114218e+00
1.512000e-05	-4.344251e-03	-9.995538e-01
1.513000e-05	-2.630256e-03	-9.452921e-01
1.514000e-05	-1.683025e-03	-9.121815e-01
1.515000e-05	-2.150269e-03	-8.095013e-01
1.516000e-05	-4.012183e-03	-7.268123e-01
1.517000e-05	-4.271275e-03	-6.995590e-01
1.518000e-05	-4.185939e-03	-4.957382e-01
1.519000e-05	-2.830159e-03	-4.300526e-01
1.520000e-05	-3.686450e-03	-3.689438e-01
1.521000e-05	-4.301029e-03	-2.937119e-01
1.522000e-05	-3.155988e-03	-1.796001e-01
1.523000e-05	-1.915258e-03	-1.258447e-01
1.524000e-05	-1.189992e-03	-6.165396e-02
1.525000e-05	-1.602736e-03	9.526217e-04
1.526000e-05	-1.293269e-03	9.410526e-02
1.527000e-05	-1.581493e-03	1.689185e-01
1.528000e-05	-1.319742e-03	2.762118e-01
1.529000e-05	-3.485154e-03	3.674237e-01
1.530000e-05	-2.594195e-03	4.310575e-01
1.531000e-05	4.932230e-03	4.926605e-01
1.532000e-05	1.871964e-02	5.584223e-01
1.533000e-05	1.953717e-02	6.741118e-01
1.534000e-05	-3.170903e-02	7.795274e-01
1.535000e-05	-5.859007e-02	8.705789e-01
1.536000e-05	-6.323687e-03	8.626068e-01
1.537000e-05	5.875067e-02	9.388470e-01
1.538000e-05	-1.561019e-02	1.138872e+00
1.539000e-05	-5.346614e-02	1.219975e+00
1.540000e-05	2.222279e-02	1.241612e+00
1.541000e-05	4.921700e-02	1.389421e+00
1.542000e-05	-4.131145e-02	1.422033e+00
1.543000e-05	-3.740005e-02	1.506259e+00
1.544000e-05	3.548602e-02	1.611955e+00
1.545000e-05	-2.153985e-02	1.796948e+00
1.546000e-05	-3.892467e-02	1.820500e+00
1.547000e-05	5.377783e-02	1.832707e+00
1.548000e-05	1.898522e-02	1.978892e+00
1.549000e-05	-6.673855e-02	2.010004e+00
1.550000e-05	7.129643e-03	2.053079e+00
1.551000e-05	2.778531e-02	2.087340e+00
1.552000e-05	-2.386727e-02	2.190483e+00
1.553000e-05	-2.566936e-02	2.263134e+00
1.554000e-05	2.647137e-02	2.349420e+00
1.555000e-05	-2.461790e-03	2.399474e+00
1.556000e-05	-1.184827e-02	2.421578e+00
1.557000e-05	1.980939e-03	2.517795e+00
1.558000e-05	-2.577404e-02	2.624159e+00
1.559000e-05	-3.612195e-03	2.728846e+00
1.560000e-05	9.633871e-03	2.779975e+00
1.561000e-05	4.188232e-03	2.841555e+00
1.562000e-05	-1.196410e-02	2.895788e+00
1.563000e-05	-1.048500e-02	2.957950e+00
1.564000e-05	-6.572669e-03	3.031579e+00
1.565000e-05	9.165478e-03	3.053158e+00
1.566000e-05	-6.511368e-03	3.144812e+00
1.567000e-05	-2.424792e-02	3.208900e+00
1.568000e-05	6.096266e-03	3.201526e+00
1.569000e-05	9.229623e-03	3.232055e+00
1.570000e-05	-6.558685e-03	3.274888e+00
1.571000e-05	-1.400280e-02	3.400506e+00
1.572000e-05	-9.098211e-03	3.477116e+00
1.573000e-05	-4.166021e-03	3.577369e+00
1.574000e-05	5.044560e-03	3.599498e+00
1.575000e-05	-3.603994e-03	3.611025e+00
1.576000e-05	-1.537440e-02	3.630626e+00
1.577000e-05	-2.357046e-03	3.654738e+00
1.578000e-05	2.585678e-03	3.737916e+00
1.579000e-05	-4.717063e-03	3.778921e+00
1.580000e-05	-1.489817e-02	3.780024e+00
1.581000e-05	-7.159467e-03	3.843608e+00
1.582000e-05	3.857385e-04	3.896137e+00
1.583000e-05	1.679969e-03	3.915843e+00
1.584000e-05	-8.013982e-03	3.948821e+00
1.585000e-05	-1.332362e-02	3.948974e+00
1.586000e-05	-2.858690e-03	3.989521e+00
1.587000e-05	2.085247e-03	4.000028e+00
1.588000e-05	-3.745800e-03	4.012026e+00
1.589000e-05	-1.336515e-02	4.041558e+00
1.590000e-05	-6.481194e-03	4.032812e+00
1.591000e-05	1.555075e-04	4.095338e+00
1.592000e-05	-3.729844e-04	4.168341e+00
1.593000e-05	-9.925818e-03	4.178403e+00
1.594000e-05	-1.131627e-02	4.219102e+00
1.595000e-05	-3.169642e-03	4.289553e+00
1.596000e-05	-1.369624e-03	4.264134e+00
1.597000e-05	-4.406943e-03	4.297714e+00
1.598000e-05	-9.890183e-03	4.307234e+00
1.599000e-05	-5.997165e-03	4.316288e+00
1.600000e-05	-2.296705e-04	4.275818e+00
1.601000e-05	-2.383240e-03	4.348869e+00
1.602000e-05	-9.196670e-03	4.338421e+00
1.603000e-05	-1.067347e-02	4.316895e+00
1.604000e-05	-2.726839e-03	4.366745e+00
1.605000e-05	-2.686499e-03	4.327874e+00
1.606000e-05	-5.182226e-03	4.307444e+00
1.607000e-05	-9.674099e-03	4.277412e+00
1.608000e-05	-4.582705e-03	4.308766e+00
1.609000e-05	-2.728178e-03	4.274364e+00
1.610000e-05	-5.152498e-03	4.275314e+00
1.611000e-05	-1.088580e-02	4.294192e+00
1.612000e-05	-7.866868e-03	4.275705e+00
1.613000e-05	-3.462427e-03	4.203178e+00
1.614000e-05	-2.473728e-03	4.233003e+00
1.615000e-05	-6.468822e-03	4.150627e+00
1.616000e-05	-9.289189e-03	4.157987e+00
1.617000e-05	-3.351443e-03	4.064787e+00
1.618000e-05	-4.562360e-03	4.093761e+00
1.619000e-05	-5.499914e-03	4.046658e+00
1.620000e-05	-1.005440e-02	4.011578e+00
1.621000e-05	-5.973296e-03	4.001551e+00
1.622000e-05	-3.825591e-03	3.989550e+00
1.623000e-05	-3.902418e-03	3.990499e+00
1.624000e-05	-7.589800e-03	3.977472e+00
1.625000e-05	-6.551943e-03	3.935365e+00
1.626000e-05	-6.042638e-03	3.873739e+00
1.627000e-05	-5.354834e-03	3.852657e+00
1.628000e-05	-7.432837e-03	3.812603e+00
1.629000e-05	-7.144074e-03	3.768024e+00
1.630000e-05	-4.699951e-03	3.757791e+00
1.631000e-05	-2.775533e-03	3.701836e+00
1.632000e-05	-4.743026e-03	3.643681e+00
1.633000e-05	-7.504948e-03	3.640604e+00
1.634000e-05	-7.511115e-03	3.590024e+00
1.635000e-05	-6.069291e-03	3.569496e+00
1.636000e-05	-3.475986e-03	3.515892e+00
1.637000e-05	-7.418809e-03	3.496765e+00
1.638000e-05	-5.488889e-03	3.349018e+00
1.639000e-05	-5.772867e-03	3.264283e+00
1.640000e-05	-2.341775e-03	3.212603e+00
1.641000e-05	-5.396832e-03	3.200501e+00
1.642000e-05	-6.733586e-03	3.178446e+00
1.643000e-05	-8.170600e-03	3.104737e+00
1.644000e-05	-4.398924e-03	3.062604e+00
1.645000e-05	-4.648968e-03	2.990075e+00
1.646000e-05	-4.689738e-03	2.915390e+00
1.647000e-05	-7.021143e-03	2.853235e+00
1.648000e-05	-3.731077e-03	2.831550e+00
1.649000e-05	-3.890458e-03	2.790026e+00
1.650000e-05	-4.519577e-03	2.698866e+00
1.651000e-05	-6.952475e-03	2.662075e+00
1.652000e-05	-6.219451e-03	2.475266e+00
1.653000e-05	-3.729335e-03	2.442607e+00
1.654000e-05	-3.516451e-03	2.368500e+00
1.655000e-05	-5.178052e-03	2.356363e+00
1.656000e-05	-6.508081e-03	2.274259e+00
1.657000e-05	-3.715855e-03	2.179548e+00
1.658000e-05	-3.521463e-03	2.126386e+00
1.659000e-05	-4.136502e-03	2.042657e+00
1.660000e-05	-6.590246e-03	2.008997e+00
1.661000e-05	-5.146138e-03	1.937417e+00
1.662000e-05	-2.189849e-03	1.894168e+00
1.663000e-05	-2.959620e-03	1.779519e+00
1.664000e-05	-6.468655e-03	1.725839e+00
1.665000e-05	-6.289161e-03	1.662128e+00
1.666000e-05	-3.568661e-03	1.527960e+00
1.667000e-05	-2.193541e-03	1.462703e+00
1.668000e-05	-3.964121e-03	1.366499e+00
1.669000e-05	-5.537331e-03	1.314309e+00
1.670000e-05	-3.342801e-03	1.190524e+00
1.671000e-05	-1.751501e-03	1.146970e+00
1.672000e-05	-5.179799e-03	1.032182e+00
1.673000e-05	-7.990047e-03	8.723880e-01
1.674000e-05	-4.036571e-03	8.100250e-01
1.675000e-05	-1.618965e-03	7.264175e-01
1.676000e-05	-2.896844e-03	6.847071e-01
1.677000e-05	-5.672945e-03	6.165265e-01
1.678000e-05	-4.759756e-03	4.858593e-01
1.679000e-05	-2.398623e-03	4.130804e-01
1.680000e-05	-3.449847e-03	3.989724e-01
1.681000e-05	-5.433274e-03	2.843144e-01
1.682000e-05	-5.578273e-03	2.105502e-01
1.683000e-05	-2.176133e-03	7.417811e-02
1.684000e-05	-2.693555e-04	-1.945136e-02
1.685000e-05	-2.136488e-03	-7.263645e-02
1.686000e-05	-3.763454e-03	-1.062895e-01
1.687000e-05	-1.912816e-03	-2.410287e-01
1.688000e-05	-1.707691e-03	-2.841880e-01
1.689000e-05	-1.673985e-03	-3.577734e-01
1.690000e-05	-3.860556e-03	-3.995026e-01
1.691000e-05	9.839998e-05	-4.931066e-01
1.692000e-05	1.518247e-02	-5.694222e-01
1.693000e-05	2.530432e-02	-7.061403e-01
1.694000e-05	-1.439393e-02	-8.225039e-01
1.695000e-05	-5.823882e-02	-9.173460e-01
1.696000e-05	-2.248307e-02	-9.698775e-01
1.697000e-05	6.347709e-02	-9.903985e-01
1.698000e-05	-7.258792e-03	-1.072060e+00
1.699000e-05	-3.551234e-02	-1.180458e+00
1.700000e-05	-5.206695e-03	-1.292710e+00
1.701000e-05	6.335497e-02	-1.324659e+00
1.702000e-05	-5.178198e-02	-1.422960e+00
1.703000e-05	-4.764600e-02	-1.569978e+00
1.704000e-05	4.238586e-02	-1.620503e+00
1.705000e-05	1.232961e-02	-1.673637e+00
1.706000e-05	-6.296112e-02	-1.781425e+00
1.707000e-05	5.294630e-02	-1.872230e+00
1.708000e-05	5.413297e-02	-1.935186e+00
1.709000e-05	-6.631255e-02	-1.988422e+00
1.710000e-05	-2.031256e-02	-2.021604e+00
1.711000e-05	4.992317e-02	-2.124664e+00
1.712000e-05	-7.421967e-03	-2.229587e+00
1.713000e-05	-4.917598e-02	-2.378372e+00
1.714000e-05	4.221310e-02	-2.400425e+00
1.715000e-05	6.634867e-04	-2.434609e+00
1.716000e-05	-1.049667e-02	-2.507292e+00
1.717000e-05	9.942412e-03	-2.589950e+00
1.718000e-05	-1.765180e-02	-2.683134e+00
1.719000e-05	-1.149833e-02	-2.728765e+00
1.720000e-05	2.267215e-02	-2.768851e+00
1.721000e-05	6.816223e-05	-2.831530e+00
1.722000e-05	-5.974002e-03	-2.915142e+00
1.723000e-05	3.387218e-03	-2.928876e+00
1.724000e-05	-1.492264e-02	-3.065665e+00
1.725000e-05	1.168177e-02	-3.148422e+00
1.726000e-05	8.200031e-03	-3.199526e+00
1.727000e-05	-2.824631e-02	-3.242008e+00
1.728000e-05	4.902642e-03	-3.295138e+00
1.729000e-05	2.249178e-02	-3.318323e+00
1.730000e-05	-8.028580e-03	-3.390002e+00
1.731000e-05	-6.531023e-03	-3.431533e+00
1.732000e-05	-1.667972e-03	-3.506163e+00
1.733000e-05	-4.825260e-03	-3.547395e+00
1.734000e-05	1.189232e-02	-3.568976e+00
1.735000e-05	-1.346191e-03	-3.591029e+00
1.736000e-05	-1.126291e-02	-3.650529e+00
1.737000e-05	3.055605e-03	-3.694685e+00
1.738000e-05	7.004859e-03	-3.759343e+00
1.739000e-05	1.539059e-04	-3.802404e+00
1.740000e-05	-7.699428e-03	-3.835112e+00
1.741000e-05	-3.919040e-03	-3.906445e+00
1.742000e-05	3.621525e-03	-3.989399e+00
1.743000e-05	6.309533e-03	-3.998976e+00
1.744000e-05	-3.517196e-03	-4.031029e+00
1.745000e-05	-7.755553e-03	-4.052107e+00
1.746000e-05	-3.214826e-05	-4.074662e+00
1.747000e-05	7.445165e-03	-4.075216e+00
1.748000e-05	-8.871798e-04	-4.146796e+00
1.749000e-05	-6.937156e-03	-4.138448e+00
1.750000e-05	-1.622460e-03	-4.198378e+00
1.751000e-05	3.521480e-03	-4.200001e+00
1.752000e-05	5.442922e-03	-4.229505e+00
1.753000e-05	-3.550656e-03	-4.213055e+00
1.754000e-05	-6.671143e-03	-4.233711e+00
1.755000e-05	1.029573e-03	-4.303636e+00
1.756000e-05	3.441619e-03	-4.273766e+00
1.757000e-05	1.186784e-04	-4.296266e+00
1.758000e-05	-3.793632e-03	-4.326195e+00
1.759000e-05	-2.498679e-03	-4.357770e+00
1.760000e-05	2.962920e-03	-4.357369e+00
1.761000e-05	2.703590e-03	-4.327847e+00
1.762000e-05	-3.446855e-03	-4.357849e+00
1.763000e-05	-4.472262e-03	-4.379371e+00
1.764000e-05	1.377519e-03	-4.377320e+00
1.765000e-05	3.119927e-03	-4.339426e+00
1.766000e-05	-2.978073e-04	-4.398868e+00
1.767000e-05	-4.292241e-03	-4.378472e+00
1.768000e-05	-1.126509e-03	-4.348897e+00
1.769000e-05	3.590498e-03	-4.329320e+00
1.770000e-05	2.190847e-03	-4.355895e+00
1.771000e-05	-2.998807e-03	-4.336818e+00
1.772000e-05	-2.986987e-03	-4.317295e+00
1.773000e-05	1.176311e-03	-4.355812e+00
1.774000e-05	2.563118e-03	-4.315714e+00
1.775000e-05	-7.609926e-04	-4.273257e+00
1.776000e-05	-3.661369e-03	-4.264632e+00
1.777000e-05	-3.348633e-04	-4.232628e+00
1.778000e-05	3.975797e-03	-4.212025e+00
1.779000e-05	1.403091e-03	-4.209478e+00
1.780000e-05	-3.049863e-03	-4.179476e+00
1.781000e-05	-2.719971e-03	-4.168391e+00
1.782000e-05	9.524992e-04	-4.125842e+00
1.783000e-05	4.273693e-03	-4.125213e+00
1.784000e-05	-1.769383e-04	-4.082607e+00
1.785000e-05	-3.001088e-03	-4.022151e+00
1.786000e-05	4.008909e-04	-4.001976e+00
1.787000e-05	1.421866e-03	-3.992025e+00
1.788000e-05	-1.267294e-04	-3.958997e+00
1.789000e-05	-3.968082e-03	-3.948368e+00
1.790000e-05	-2.002927e-03	-3.894688e+00
1.791000e-05	1.778631e-03	-3.891234e+00
1.792000e-05	2.933176e-03	-3.715846e+00
1.793000e-05	4.770619e-04	-3.706408e+00
1.794000e-05	-2.779028e-03	-3.641609e+00
1.795000e-05	-1.512374e-04	-3.610528e+00
1.796000e-05	5.279726e-04	-3.589497e+00
1.797000e-05	2.365746e-04	-3.556896e+00
1.798000e-05	-4.594542e-03	-3.484292e+00
1.799000e-05	-3.042233e-03	-3.451608e+00
1.800000e-05	6.082406e-04	-3.400502e+00
1.801000e-05	3.802577e-03	-3.316797e+00
1.802000e-05	2.288816e-04	-3.274238e+00
1.803000e-05	-2.884271e-03	-3.230504e+00
1.804000e-05	-2.323391e-03	-3.209500e+00
1.805000e-05	-1.006441e-03	-3.107425e+00
1.806000e-05	-5.470526e-04	-3.083213e+00
1.807000e-05	-3.967958e-03	-2.968397e+00
1.808000e-05	-4.713033e-03	-2.905184e+00
1.809000e-05	4.574986e-04	-2.831077e+00
1.810000e-05	2.252603e-03	-2.809500e+00
1.811000e-05	-1.133186e-03	-2.746318e+00
1.812000e-05	-3.914192e-03	-2.672658e+00
1.813000e-05	-2.909555e-03	-2.578502e+00
1.814000e-05	-1.119369e-03	-2.527341e+00
1.815000e-05	-1.833328e-03	-2.442081e+00
1.816000e-05	-4.556787e-03	-2.389503e+00
1.817000e-05	-3.013184e-03	-2.347870e+00
1.818000e-05	-5.854685e-04	-2.280656e+00
1.819000e-05	6.516199e-04	-2.178999e+00
1.820000e-05	-1.852772e-03	-2.054157e+00
1.821000e-05	-4.105079e-03	-2.030575e+00
1.822000e-05	-3.456812e-03	-1.965367e+00
1.823000e-05	-2.547607e-03	-1.875709e+00
1.824000e-05	-2.880498e-03	-1.799051e+00
1.825000e-05	-3.972965e-03	-1.766817e+00
1.826000e-05	-2.623502e-03	-1.653132e+00
1.827000e-05	-6.422594e-04	-1.569476e+00
1.828000e-05	-9.279704e-04	-1.554420e+00
1.829000e-05	-4.136047e-03	-1.419550e+00
1.830000e-05	-3.841678e-03	-1.304858e+00
1.831000e-05	-3.946931e-03	-1.201073e+00
1.832000e-05	-2.487120e-03	-1.135287e+00
1.833000e-05	-4.685577e-03	-1.033154e+00
1.834000e-05	-2.382755e-03	-9.574724e-01
1.835000e-05	-1.722042e-03	-9.151632e-01
1.836000e-05	-8.080464e-04	-8.710514e-01
1.837000e-05	-4.100904e-03	-7.374187e-01
1.838000e-05	-4.509642e-03	-7.132316e-01
1.839000e-05	-5.937662e-03	-5.869197e-01
1.840000e-05	-3.805840e-03	-4.311015e-01
1.841000e-05	-3.375912e-03	-3.789736e-01
1.842000e-05	-3.727285e-03	-3.353170e-01
1.843000e-05	-3.020810e-03	-2.511288e-01
1.844000e-05	-1.761059e-03	-1.673936e-01
1.845000e-05	-9.439555e-04	-1.026830e-01
1.846000e-05	-2.695847e-03	-9.577566e-03
1.847000e-05	-2.152972e-03	3.367901e-02
1.848000e-05	-2.655776e-03	8.684334e-02
1.849000e-05	-1.014098e-03	2.830341e-01
1.850000e-05	-2.270184e-03	3.153658e-01
1.851000e-05	-2.640314e-03	4.110274e-01
1.852000e-05	1.073439e-03	4.546340e-01
1.853000e-05	1.481874e-02	5.688959e-01
1.854000e-05	2.305960e-02	6.630590e-01
1.855000e-05	-1.094832e-02	7.384446e-01
1.856000e-05	-5.659894e-02	8.005501e-01
1.857000e-05	-4.070836e-02	8.636251e-01
1.858000e-05	6.086365e-02	9.457457e-01
1.859000e-05	2.170377e-03	1.074213e+00
1.860000e-05	-3.597828e-02	1.191522e+00
1.861000e-05	-3.294608e-02	1.251626e+00
1.862000e-05	6.919801e-02	1.337817e+00
1.863000e-05	-2.876197e-02	1.431982e+00
1.864000e-05	-5.721059e-02	1.475266e+00
1.865000e-05	2.265460e-02	1.589425e+00
1.866000e-05	7.620907e-04	1.698367e+00
1.867000e-05	-4.031361e-02	1.799049e+00
1.868000e-05	1.992726e-02	1.841650e+00
1.869000e-05	5.291230e-02	1.896192e+00
1.870000e-05	-5.687831e-02	1.978478e+00
1.871000e-05	-2.319683e-02	2.053553e+00
1.872000e-05	3.285802e-02	2.095162e+00
1.873000e-05	2.182699e-03	2.159474e+00
1.874000e-05	-5.192981e-02	2.232159e+00
1.875000e-05	2.566164e-02	2.285745e+00
1.876000e-05	2.933490e-03	2.379500e+00
1.877000e-05	-7.605780e-03	2.431005e+00
1.878000e-05	1.586340e-04	2.485163e+00
1.879000e-05	-1.519793e-02	2.583056e+00
1.880000e-05	-1.348356e-02	2.727370e+00
1.881000e-05	7.126043e-03	2.768950e+00
1.882000e-05	1.158203e-02	2.801528e+00
1.883000e-05	-1.791888e-02	2.873637e+00
1.884000e-05	-4.419140e-03	2.957298e+00
1.885000e-05	-1.379522e-02	3.030528e+00
1.886000e-05	9.580034e-03	3.021080e+00
1.887000e-05	-3.346887e-03	3.096687e+00
1.888000e-05	-2.187205e-02	3.197396e+00
1.889000e-05	-8.543796e-03	3.190551e+00
1.890000e-05	1.502021e-02	3.261053e+00
1.891000e-05	4.348224e-04	3.263684e+00
1.892000e-05	-1.585259e-02	3.349425e+00
1.893000e-05	-8.787045e-03	3.454735e+00
1.894000e-05	-7.532133e-03	3.527845e+00
1.895000e-05	5.280470e-03	3.578421e+00
1.896000e-05	-3.078165e-03	3.599976e+00
1.897000e-05	-1.386180e-02	3.640603e+00
1.898000e-05	-9.990033e-03	3.643157e+00
1.899000e-05	6.319562e-03	3.745792e+00
1.900000e-05	8.281302e-04	3.736401e+00
1.901000e-05	-1.259043e-02	3.820475e+00
1.902000e-05	-1.029218e-02	3.835080e+00
1.903000e-05	-3.306507e-03	3.884159e+00
1.904000e-05	3.394208e-03	3.884215e+00
1.905000e-05	-6.120074e-03	3.939897e+00
1.906000e-05	-1.331320e-02	3.967949e+00
1.907000e-05	-8.764674e-03	3.989950e+00
1.908000e-05	4.336497e-03	4.019526e+00
1.909000e-05	6.677503e-04	4.021003e+00
1.910000e-05	-1.117532e-02	4.031683e+00
1.911000e-05	-9.706094e-03	4.053661e+00
1.912000e-05	-1.917490e-03	4.065713e+00
1.913000e-05	2.032548e-03	4.177268e+00
1.914000e-05	-9.203759e-03	4.178949e+00
1.915000e-05	-1.253801e-02	4.197478e+00
1.916000e-05	-6.192425e-03	4.189457e+00
1.917000e-05	2.931760e-03	4.239632e+00
1.918000e-05	-2.116139e-03	4.244262e+00
1.919000e-05	-1.033680e-02	4.334760e+00
1.920000e-05	-8.154818e-03	4.275217e+00
1.921000e-05	-1.286771e-03	4.326269e+00
1.922000e-05	-9.080722e-04	4.347392e+00
1.923000e-05	-1.040683e-02	4.327389e+00
1.924000e-05	-1.087409e-02	4.346441e+00
1.925000e-05	-4.418379e-03	4.306841e+00
1.926000e-05	1.953977e-03	4.348769e+00
1.927000e-05	-4.554006e-03	4.356919e+00
1.928000e-05	-1.090612e-02	4.325845e+00
1.929000e-05	-8.274959e-03	4.316343e+00
1.930000e-05	-2.065193e-03	4.296695e+00
1.931000e-05	-3.603839e-03	4.276365e+00
1.932000e-05	-9.549145e-03	4.276813e+00
1.933000e-05	-9.131902e-03	4.264334e+00
1.934000e-05	-1.882984e-03	4.291706e+00
1.935000e-05	-5.393968e-05	4.272056e+00
1.936000e-05	-6.354315e-03	4.209503e+00
1.937000e-05	-1.177229e-02	4.128896e+00
1.938000e-05	-7.977171e-03	4.134688e+00
1.939000e-05	-3.494431e-03	4.072708e+00
1.940000e-05	-3.302676e-03	4.063163e+00
1.941000e-05	-8.786042e-03	4.032580e+00
1.942000e-05	-7.170219e-03	4.020051e+00
1.943000e-05	-3.580940e-03	4.011051e+00
1.944000e-05	-2.666024e-03	4.010000e+00
1.945000e-05	-8.012055e-03	3.987922e+00
1.946000e-05	-1.049576e-02	3.978395e+00
1.947000e-05	-6.750959e-03	3.876213e+00
1.948000e-05	-3.633476e-03	3.884763e+00
1.949000e-05	-4.383881e-03	3.842607e+00
1.950000e-05	-8.695881e-03	3.770003e+00
1.951000e-05	-6.963976e-03	3.757349e+00
1.952000e-05	-3.951918e-03	3.705841e+00
1.953000e-05	-2.778501e-03	3.704241e+00
1.954000e-05	-8.388370e-03	3.641105e+00
1.955000e-05	-7.845909e-03	3.600025e+00
1.956000e-05	-5.049951e-03	3.569998e+00
1.957000e-05	-3.571033e-03	3.547970e+00
1.958000e-05	-7.149240e-03	3.475266e+00
1.959000e-05	-7.695023e-03	3.442178e+00
1.960000e-05	-5.313982e-03	3.325313e+00
1.961000e-05	-2.693082e-03	3.250129e+00
1.962000e-05	-3.823889e-03	3.219575e+00
1.963000e-05	-8.125434e-03	3.168474e+00
1.964000e-05	-7.670678e-03	3.125942e+00
1.965000e-05	-5.273999e-03	3.053206e+00
1.966000e-05	-2.685659e-03	3.009052e+00
1.967000e-05	-4.617500e-03	2.978922e+00
1.968000e-05	-7.235416e-03	2.902709e+00
1.969000e-05	-5.501221e-03	2.861579e+00
1.970000e-05	-3.063607e-03	2.799000e+00
1.971000e-05	-4.911223e-03	2.778964e+00
1.972000e-05	-7.042433e-03	2.685361e+00
1.973000e-05	-6.448551e-03	2.560525e+00
1.974000e-05	-3.453942e-03	2.464234e+00
1.975000e-05	-2.262192e-03	2.420052e+00
1.976000e-05	-5.045478e-03	2.378397e+00
1.977000e-05	-7.441025e-03	2.273758e+00
1.978000e-05	-4.546112e-03	2.220574e+00
1.979000e-05	-3.409055e-03	2.147945e+00
1.980000e-05	-3.166729e-03	2.102234e+00
1.981000e-05	-5.901468e-03	2.020549e+00
1.982000e-05	-5.090987e-03	1.978898e+00
1.983000e-05	-3.331110e-03	1.875813e+00
1.984000e-05	-3.144974e-03	1.829524e+00
1.985000e-05	-5.553327e-03	1.725892e+00
1.986000e-05	-6.126374e-03	1.655258e+00
1.987000e-05	-4.202469e-03	1.599996e+00
1.988000e-05	-2.005490e-03	1.464706e+00
1.989000e-05	-2.654294e-03	1.398976e+00
1.990000e-05	-5.350940e-03	1.326415e+00
1.991000e-05	-5.005395e-03	1.262582e+00
1.992000e-05	-2.631997e-03	1.128524e+00
1.993000e-05	-3.094926e-03	1.042311e+00
1.994000e-05	-4.186752e-03	9.260133e-01
1.995000e-05	-5.305296e-03	8.326041e-01
1.996000e-05	-3.530279e-03	7.684711e-01
1.997000e-05	-3.172674e-03	7.157867e-01
1.998000e-05	-3.889768e-03	5.910780e-01
1.999000e-05	-4.721576e-03	5.284411e-01
2.000000e-05	-4.277936e-03	4.636569e-01
2.001000e-05	-1.894637e-03	3.794738e-01
2.002000e-05	-2.952619e-03	3.063984e-01
2.003000e-05	-4.072992e-03	2.202028e-01
2.004000e-05	-5.762609e-03	1.643347e-01
2.005000e-05	-3.060509e-03	1.062402e-02
2.006000e-05	-3.061542e-03	-6.305644e-02
2.007000e-05	-7.718211e-04	-9.471452e-02
2.008000e-05	-7.418519e-04	-2.085236e-01
2.009000e-05	-1.599362e-03	-2.735789e-01
2.010000e-05	-1.038342e-03	-3.373195e-01
2.011000e-05	-1.942631e-03	-3.894750e-01
2.012000e-05	-2.463851e-03	-4.425301e-01
2.013000e-05	7.987096e-03	-5.342942e-01
2.014000e-05	2.136654e-02	-6.610552e-01
2.015000e-05	7.586262e-03	-7.909472e-01
2.016000e-05	-4.574174e-02	-9.147383e-01
2.017000e-05	-4.728723e-02	-9.389487e-01
2.018000e-05	5.399582e-02	-1.009471e+00
2.019000e-05	1.375314e-02	-1.020327e+00
2.020000e-05	-1.511538e-02	-1.156867e+00
2.021000e-05	-4.016939e-02	-1.233243e+00
2.022000e-05	7.710557e-02	-1.362658e+00
2.023000e-05	-1.864719e-02	-1.380323e+00
2.024000e-05	-6.457944e-02	-1.567374e+00
2.025000e-05	1.920624e-02	-1.640005e+00
2.026000e-05	3.015090e-02	-1.643079e+00
2.027000e-05	-5.142676e-02	-1.757346e+00
2.028000e-05	-4.471437e-03	-1.871056e+00
2.029000e-05	8.237912e-02	-1.904204e+00
2.030000e-05	-2.935230e-02	-1.947398e+00
2.031000e-05	-6.351601e-02	-2.040480e+00
2.032000e-05	4.266829e-02	-2.144108e+00
2.033000e-05	1.918568e-02	-2.201527e+00
2.034000e-05	-5.637378e-02	-2.326818e+00
2.035000e-05	2.430066e-02	-2.390425e+00
2.036000e-05	1.799314e-02	-2.431506e+00
2.037000e-05	-1.116729e-02	-2.533717e+00
2.038000e-05	3.947319e-03	-2.568425e+00
2.039000e-05	-4.565689e-03	-2.623557e+00
2.040000e-05	-2.502022e-02	-2.716767e+00
2.041000e-05	1.319061e-02	-2.778870e+00
2.042000e-05	1.229797e-02	-2.801000e+00
2.043000e-05	-1.153963e-02	-2.854658e+00
2.044000e-05	9.035883e-03	-2.944837e+00
2.045000e-05	-1.444513e-02	-3.030584e+00
2.046000e-05	1.829261e-03	-3.135849e+00
2.047000e-05	1.699080e-02	-3.189472e+00
2.048000e-05	-1.789898e-02	-3.221529e+00
2.049000e-05	-1.319648e-02	-3.244614e+00
2.050000e-05	2.514291e-02	-3.337338e+00
2.051000e-05	7.084884e-04	-3.389925e+00
2.052000e-05	-1.103085e-02	-3.412054e+00
2.053000e-05	1.702651e-03	-3.464134e+00
2.054000e-05	-9.699160e-03	-3.495865e+00
2.055000e-05	8.799848e-03	-3.559449e+00
2.056000e-05	5.070390e-03	-3.599525e+00
2.057000e-05	-8.748023e-03	-3.621075e+00
2.058000e-05	-4.906804e-03	-3.651629e+00
2.059000e-05	9.950192e-03	-3.746739e+00
2.060000e-05	2.182151e-03	-3.790030e+00
2.061000e-05	-4.640087e-03	-3.874664e+00
2.062000e-05	-4.678560e-03	-3.956339e+00
2.063000e-05	5.390615e-04	-3.979370e+00
2.064000e-05	8.034782e-03	-3.977975e+00
2.065000e-05	-6.861698e-04	-4.000475e+00
2.066000e-05	-6.172076e-03	-4.031033e+00
2.067000e-05	-4.188653e-03	-4.033634e+00
2.068000e-05	6.571747e-03	-4.115787e+00
2.069000e-05	2.102553e-03	-4.125840e+00
2.070000e-05	-5.832275e-03	-4.176394e+00
2.071000e-05	-3.714653e-03	-4.159874e+00
2.072000e-05	1.273592e-03	-4.189475e+00
2.073000e-05	5.369269e-03	-4.221028e+00
2.074000e-05	-1.832495e-03	-4.280078e+00
2.075000e-05	-6.562596e-03	-4.231710e+00
2.076000e-05	-2.050326e-03	-4.282613e+00
2.077000e-05	5.529356e-03	-4.274288e+00
2.078000e-05	1.230698e-03	-4.325741e+00
2.079000e-05	-2.951679e-03	-4.296243e+00
2.080000e-05	-3.652475e-03	-4.348392e+00
2.081000e-05	6.025871e-04	-4.368272e+00
2.082000e-05	4.394940e-03	-4.368369e+00
2.083000e-05	-3.784998e-03	-4.326925e+00
2.084000e-05	-6.154340e-03	-4.358421e+00
2.085000e-05	-8.923675e-04	-4.367922e+00
2.086000e-05	6.031094e-03	-4.387924e+00
2.087000e-05	1.243993e-03	-4.368424e+00
2.088000e-05	-4.677802e-03	-4.369472e+00
2.089000e-05	-4.515537e-03	-4.317899e+00
2.090000e-05	2.525589e-03	-4.357897e+00
2.091000e-05	2.773472e-03	-4.366318e+00
2.092000e-05	-3.120912e-03	-4.334840e+00
2.093000e-05	-3.552089e-03	-4.316293e+00
2.094000e-05	1.901031e-04	-4.314290e+00
2.095000e-05	5.129198e-03	-4.297238e+00
2.096000e-05	7.676581e-04	-4.324708e+00
2.097000e-05	-4.079589e-03	-4.274188e+00
2.098000e-05	-3.699578e-03	-4.210583e+00
2.099000e-05	1.898153e-03	-4.242559e+00
2.100000e-05	1.866166e-03	-4.221023e+00
2.101000e-05	-1.426777e-03	-4.189451e+00
2.102000e-05	-3.440201e-03	-4.187421e+00
2.103000e-05	5.527640e-04	-4.146319e+00
2.104000e-05	3.857316e-03	-4.095266e+00
2.105000e-05	5.155066e-04	-4.072637e+00
2.106000e-05	-3.457066e-03	-4.061060e+00
2.107000e-05	-2.615017e-03	-4.000603e+00
2.108000e-05	2.590207e-03	-4.020502e+00
2.109000e-05	2.146923e-03	-3.999450e+00
2.110000e-05	-2.298757e-03	-3.967946e+00
2.111000e-05	-2.476731e-03	-3.876238e+00
2.112000e-05	1.535484e-04	-3.860212e+00
2.113000e-05	2.468063e-03	-3.780855e+00
2.114000e-05	-1.819559e-03	-3.686840e+00
2.115000e-05	-2.539725e-03	-3.652207e+00
2.116000e-05	-8.849921e-04	-3.611003e+00
2.117000e-05	2.424316e-03	-3.599975e+00
2.118000e-05	3.754480e-04	-3.566921e+00
2.119000e-05	-3.112326e-03	-3.514841e+00
2.120000e-05	-2.670996e-03	-3.444105e+00
2.121000e-05	9.736360e-04	-3.419606e+00
2.122000e-05	1.026777e-03	-3.368371e+00
2.123000e-05	-8.670625e-04	-3.294187e+00
2.124000e-05	-3.151031e-03	-3.243132e+00
2.125000e-05	-5.593959e-04	-3.200529e+00
2.126000e-05	1.470362e-04	-3.166347e+00
2.127000e-05	-1.076010e-03	-3.085837e+00
2.128000e-05	-3.355107e-03	-3.021027e+00
2.129000e-05	-2.253490e-03	-2.935889e+00
2.130000e-05	2.223648e-04	-2.831103e+00
2.131000e-05	-6.280551e-05	-2.799976e+00
2.132000e-05	-2.158553e-03	-2.727872e+00
2.133000e-05	-5.072838e-03	-2.704184e+00
2.134000e-05	-1.308320e-03	-2.632600e+00
2.135000e-05	-1.303643e-03	-2.568366e+00
2.136000e-05	-1.091154e-03	-2.463590e+00
2.137000e-05	-2.613396e-03	-2.431057e+00
2.138000e-05	-7.027627e-04	-2.369450e+00
2.139000e-05	-3.230514e-04	-2.313786e+00
2.140000e-05	-1.736105e-03	-2.191077e+00
2.141000e-05	-4.926762e-03	-2.074259e+00
2.142000e-05	-4.960673e-03	-2.000604e+00
2.143000e-05	-2.883257e-03	-1.948922e+00
2.144000e-05	-1.661033e-03	-1.895839e+00
2.145000e-05	-1.086800e-03	-1.821578e+00
2.146000e-05	-2.353715e-03	-1.748921e+00
2.147000e-05	-1.176475e-03	-1.675209e+00
2.148000e-05	-2.006808e-03	-1.641004e+00
2.149000e-05	-2.127648e-03	-1.567471e+00
2.150000e-05	-5.595510e-03	-1.463659e+00
2.151000e-05	-4.690767e-03	-1.326340e+00
2.152000e-05	-5.056339e-03	-1.222151e+00
2.153000e-05	-1.236157e-03	-1.146896e+00
2.154000e-05	-2.012401e-03	-1.053780e+00
2.155000e-05	-7.341051e-04	-9.995512e-01
2.156000e-05	-1.974755e-03	-8.949369e-01
2.157000e-05	-1.270508e-03	-8.620752e-01
2.158000e-05	-4.380074e-03	-7.598974e-01
2.159000e-05	-6.030540e-03	-7.168643e-01
2.160000e-05	-6.422422e-03	-5.894748e-01
2.161000e-05	-4.262066e-03	-4.928104e-01
2.162000e-05	-1.698108e-03	-3.905238e-01
2.163000e-05	-1.214137e-03	-3.283711e-01
2.164000e-05	-2.076084e-03	-2.726829e-01
2.165000e-05	-2.717958e-03	-1.975461e-01
2.166000e-05	-2.664063e-03	-1.073332e-01
2.167000e-05	-3.808169e-03	-4.208134e-02
2.168000e-05	-3.394163e-03	2.102875e-02
2.169000e-05	-2.338120e-03	1.062380e-01
2.170000e-05	-7.278954e-04	1.980497e-01
2.171000e-05	-3.356890e-04	2.848406e-01
2.172000e-05	-6.499613e-04	3.794749e-01
2.173000e-05	-6.802761e-04	4.320278e-01
2.174000e-05	9.383447e-03	5.257367e-01
2.175000e-05	2.080363e-02	6.105251e-01
2.176000e-05	8.596462e-03	7.162935e-01
2.177000e-05	-4.790073e-02	8.000253e-01
2.178000e-05	-5.529209e-02	8.415053e-01
2.179000e-05	3.229185e-02	8.541577e-01
2.180000e-05	3.817713e-02	1.010078e+00
2.181000e-05	-1.710359e-02	1.127922e+00
2.182000e-05	-5.183798e-02	1.231053e+00
2.183000e-05	6.598427e-02	1.274189e+00
2.184000e-05	1.005067e-02	1.379579e+00
2.185000e-05	-5.227627e-02	1.455561e+00
2.186000e-05	-6.356084e-03	1.519295e+00
2.187000e-05	2.795755e-02	1.665113e+00
2.188000e-05	-3.160270e-02	1.748579e+00
2.189000e-05	-1.744252e-02	1.822052e+00
2.190000e-05	6.380356e-02	1.854212e+00
2.191000e-05	-2.402567e-02	1.989499e+00
2.192000e-05	-5.560914e-02	2.010525e+00
2.193000e-05	2.682617e-02	2.082659e+00
2.194000e-05	2.039930e-02	2.147871e+00
2.195000e-05	-4.220826e-02	2.240530e+00
2.196000e-05	2.295957e-03	2.284792e+00
2.197000e-05	1.554449e-02	2.358921e+00
2.198000e-05	-2.956121e-03	2.401532e+00
2.199000e-05	-8.211645e-03	2.462185e+00
2.200000e-05	-4.967722e-03	2.532876e+00
2.201000e-05	-2.545704e-02	2.716767e+00
2.202000e-05	1.526904e-03	2.758397e+00
2.203000e-05	1.325196e-02	2.822001e+00
2.204000e-05	-6.474207e-03	2.862056e+00
2.205000e-05	-6.423554e-03	2.915243e+00
2.206000e-05	-1.570267e-02	2.989424e+00
2.207000e-05	3.662064e-03	3.032478e+00
2.208000e-05	4.448651e-03	3.074690e+00
2.209000e-05	-1.479016e-02	3.157370e+00
2.210000e-05	-2.185772e-02	3.179950e+00
2.211000e-05	1.236304e-02	3.210574e+00
2.212000e-05	5.139060e-03	3.254710e+00
2.213000e-05	-1.202292e-02	3.295867e+00
2.214000e-05	-1.238421e-02	3.392608e+00
2.215000e-05	-1.022472e-02	3.515294e+00
2.216000e-05	2.636259e-03	3.558322e+00
2.217000e-05	1.894348e-03	3.599449e+00
2.218000e-05	-8.672098e-03	3.590479e+00
2.219000e-05	-1.654662e-02	3.651084e+00
2.220000e-05	4.199600e-03	3.737191e+00
2.221000e-05	2.974205e-03	3.787845e+00
2.222000e-05	-8.758370e-03	3.760976e+00
2.223000e-05	-1.490554e-02	3.801555e+00
2.224000e-05	-5.162823e-03	3.845206e+00
2.225000e-05	4.698350e-03	3.903793e+00
2.226000e-05	-1.443781e-03	3.925351e+00
2.227000e-05	-1.168821e-02	3.967374e+00
2.228000e-05	-1.237221e-02	3.958949e+00
2.229000e-05	1.766069e-03	3.979000e+00
2.230000e-05	5.453280e-04	4.000029e+00
2.231000e-05	-8.425447e-03	4.022530e+00
2.232000e-05	-1.439305e-02	4.033180e+00
2.233000e-05	-3.682307e-03	4.083263e+00
2.234000e-05	4.253277e-03	4.088341e+00
2.235000e-05	-2.725683e-03	4.117895e+00
2.236000e-05	-1.244237e-02	4.170045e+00
2.237000e-05	-1.068756e-02	4.240498e+00
2.238000e-05	4.566140e-04	4.242130e+00
2.239000e-05	-1.586008e-03	4.283759e+00
2.240000e-05	-7.322180e-03	4.272735e+00
2.241000e-05	-1.135888e-02	4.294709e+00
2.242000e-05	-4.755798e-03	4.286346e+00
2.243000e-05	8.699765e-04	4.286892e+00
2.244000e-05	-5.333553e-03	4.328764e+00
2.245000e-05	-1.064109e-02	4.336390e+00
2.246000e-05	-8.547722e-03	4.378346e+00
2.247000e-05	-2.741472e-04	4.337941e+00
2.248000e-05	-1.523628e-03	4.347917e+00
2.249000e-05	-7.946347e-03	4.367950e+00
2.250000e-05	-1.054422e-02	4.325842e+00
2.251000e-05	-4.033908e-03	4.334792e+00
2.252000e-05	-1.174645e-03	4.306317e+00
2.253000e-05	-6.831539e-03	4.365168e+00
2.254000e-05	-9.793116e-03	4.274834e+00
2.255000e-05	-6.324762e-03	4.241712e+00
2.256000e-05	-1.391503e-03	4.254109e+00
2.257000e-05	-3.961482e-03	4.191005e+00
2.258000e-05	-8.375509e-03	4.189374e+00
2.259000e-05	-9.495946e-03	4.098293e+00
2.260000e-05	-3.690535e-03	4.112138e+00
2.261000e-05	-3.015361e-03	4.043212e+00
2.262000e-05	-6.804774e-03	4.042610e+00
2.263000e-05	-9.566992e-03	4.010653e+00
2.264000e-05	-6.434340e-03	4.009578e+00
2.265000e-05	-2.317962e-03	3.980024e+00
2.266000e-05	-4.394131e-03	3.999497e+00
2.267000e-05	-9.403166e-03	3.938945e+00
2.268000e-05	-9.530314e-03	3.927313e+00
2.269000e-05	-3.717832e-03	3.894335e+00
2.270000e-05	-2.048948e-03	3.834081e+00
2.271000e-05	-8.167823e-03	3.800055e+00
2.272000e-05	-9.978456e-03	3.758397e+00
2.273000e-05	-6.395498e-03	3.755821e+00
2.274000e-05	-9.185865e-04	3.682734e+00
2.275000e-05	-5.908107e-03	3.673132e+00
2.276000e-05	-8.765393e-03	3.621055e+00
2.277000e-05	-7.856437e-03	3.599026e+00
2.278000e-05	-2.703370e-03	3.568495e+00
2.279000e-05	-3.769442e-03	3.545793e+00
2.280000e-05	-7.355943e-03	3.441214e+00
2.281000e-05	-8.798985e-03	3.326848e+00
2.282000e-05	-5.258631e-03	3.272679e+00
2.283000e-05	-1.569627e-03	3.211053e+00
2.284000e-05	-5.833394e-03	3.179425e+00
2.285000e-05	-8.591509e-03	3.147467e+00
2.286000e-05	-7.328364e-03	3.083736e+00
2.287000e-05	-2.274627e-03	3.001553e+00
2.288000e-05	-3.254145e-03	2.998495e+00
2.289000e-05	-7.311357e-03	2.925311e+00
2.290000e-05	-7.649908e-03	2.873608e+00
2.291000e-05	-4.199818e-03	2.830578e+00
2.292000e-05	-2.680909e-03	2.778970e+00
2.293000e-05	-4.939331e-03	2.746366e+00
2.294000e-05	-7.395613e-03	2.671528e+00
2.295000e-05	-5.342663e-03	2.504815e+00
2.296000e-05	-2.534085e-03	2.422080e+00
2.297000e-05	-4.075619e-03	2.378446e+00
2.298000e-05	-6.377395e-03	2.326839e+00
2.299000e-05	-6.379784e-03	2.270077e+00
2.300000e-05	-3.788090e-03	2.188447e+00
2.301000e-05	-2.998238e-03	2.064813e+00
2.302000e-05	-5.227972e-03	2.050578e+00
2.303000e-05	-6.683997e-03	1.979446e+00
2.304000e-05	-4.548950e-03	1.915342e+00
2.305000e-05	-2.239657e-03	1.864079e+00
2.306000e-05	-3.448936e-03	1.758840e+00
2.307000e-05	-5.068358e-03	1.684289e+00
2.308000e-05	-5.009014e-03	1.609554e+00
2.309000e-05	-3.508369e-03	1.545991e+00
2.310000e-05	-3.561351e-03	1.432604e+00
2.311000e-05	-5.158161e-03	1.316871e+00
2.312000e-05	-4.846396e-03	1.290732e+00
2.313000e-05	-3.940624e-03	1.188023e+00
2.314000e-05	-4.057817e-03	1.113856e+00
2.315000e-05	-2.968625e-03	9.785502e-01
2.316000e-05	-3.449000e-03	8.527854e-01
2.317000e-05	-4.289409e-03	8.100263e-01
2.318000e-05	-4.728648e-03	7.558922e-01
2.319000e-05	-4.028599e-03	6.721292e-01
2.320000e-05	-4.174629e-03	5.788713e-01
2.321000e-05	-3.584917e-03	4.933056e-01
2.322000e-05	-2.827972e-03	4.000251e-01
2.323000e-05	-3.051465e-03	3.574737e-01
2.324000e-05	-4.222262e-03	2.437345e-01
2.325000e-05	-4.729080e-03	1.495148e-01
2.326000e-05	-2.685341e-03	3.215403e-02
2.327000e-05	-1.961625e-03	-2.152756e-02
2.328000e-05	-1.217102e-03	-6.363658e-02
2.329000e-05	-9.011590e-04	-1.682935e-01
2.330000e-05	-6.323630e-04	-2.599828e-01
2.331000e-05	-2.695970e-03	-3.367406e-01
2.332000e-05	-2.691392e-03	-3.594472e-01
2.333000e-05	-3.493897e-03	-4.400038e-01
2.334000e-05	4.889078e-03	-5.041366e-01
2.335000e-05	2.004255e-02	-5.704499e-01
2.336000e-05	2.261506e-02	-7.372433e-01
2.337000e-05	-2.954963e-02	-8.440840e-01
2.338000e-05	-5.470002e-02	-9.698724e-01
2.339000e-05	1.340456e-02	-9.699448e-01
2.340000e-05	4.117027e-02	-9.999222e-01
2.341000e-05	-1.034375e-02	-1.156166e+00
2.342000e-05	-4.496752e-02	-1.245109e+00
2.343000e-05	5.356078e-02	-1.314258e+00
2.344000e-05	3.646812e-02	-1.316217e+00
2.345000e-05	-6.908384e-02	-1.514215e+00
2.346000e-05	-1.930036e-02	-1.631028e+00
2.347000e-05	4.629200e-02	-1.631551e+00
2.348000e-05	-1.425941e-02	-1.705764e+00
2.349000e-05	-4.698453e-02	-1.822054e+00
2.350000e-05	8.105683e-02	-1.853112e+00
2.351000e-05	1.245446e-02	-1.936219e+00
2.352000e-05	-7.885526e-02	-1.999505e+00
2.353000e-05	1.660692e-02	-2.093129e+00
2.354000e-05	3.843443e-02	-2.126368e+00
2.355000e-05	-3.444125e-02	-2.316612e+00
2.356000e-05	-1.566301e-02	-2.399424e+00
2.357000e-05	3.915208e-02	-2.430453e+00
2.358000e-05	-9.268961e-03	-2.475159e+00
2.359000e-05	-5.217592e-03	-2.577846e+00
2.360000e-05	5.541235e-03	-2.621505e+00
2.361000e-05	-2.698638e-02	-2.715738e+00
2.362000e-05	1.191190e-03	-2.738419e+00
2.363000e-05	2.029186e-02	-2.779997e+00
2.364000e-05	-7.619481e-03	-2.842608e+00
2.365000e-05	3.877368e-03	-2.915768e+00
2.366000e-05	-4.991658e-03	-2.970874e+00
2.367000e-05	-8.428695e-03	-3.115292e+00
2.368000e-05	1.822281e-02	-3.138472e+00
2.369000e-05	-5.074338e-03	-3.211000e+00
2.370000e-05	-2.505923e-02	-3.232609e+00
2.371000e-05	1.749702e-02	-3.296264e+00
2.372000e-05	1.416713e-02	-3.368448e+00
2.373000e-05	-1.318973e-02	-3.401030e+00
2.374000e-05	-7.735838e-04	-3.432581e+00
2.375000e-05	-6.715864e-03	-3.505741e+00
2.376000e-05	1.121485e-03	-3.589850e+00
2.377000e-05	1.003453e-02	-3.579976e+00
2.378000e-05	-5.829405e-03	-3.611001e+00
2.379000e-05	-1.058674e-02	-3.631553e+00
2.380000e-05	7.940248e-03	-3.695236e+00
2.381000e-05	4.284839e-03	-3.719469e+00
2.382000e-05	-6.454944e-04	-3.871534e+00
2.383000e-05	-9.027688e-03	-3.905318e+00
2.384000e-05	-2.166982e-03	-3.999446e+00
2.385000e-05	6.628434e-03	-3.988497e+00
2.386000e-05	4.490197e-03	-4.000500e+00
2.387000e-05	-4.837242e-03	-4.032609e+00
2.388000e-05	-6.886606e-03	-4.043160e+00
2.389000e-05	4.490696e-03	-4.063691e+00
2.390000e-05	5.653981e-03	-4.116266e+00
2.391000e-05	-3.617683e-03	-4.176846e+00
2.392000e-05	-7.902302e-03	-4.169421e+00
2.393000e-05	-1.266586e-03	-4.199501e+00
2.394000e-05	5.832918e-03	-4.220526e+00
2.395000e-05	4.260415e-03	-4.240532e+00
2.396000e-05	-5.799588e-03	-4.242082e+00
2.397000e-05	-4.939683e-03	-4.253109e+00
2.398000e-05	3.771321e-03	-4.234783e+00
2.399000e-05	2.409113e-03	-4.316163e+00
2.400000e-05	-1.704787e-03	-4.304863e+00
2.401000e-05	-4.891481e-03	-4.316793e+00
2.402000e-05	-8.198155e-04	-4.317367e+00
2.403000e-05	5.384221e-03	-4.388893e+00
2.404000e-05	2.813984e-04	-4.368374e+00
2.405000e-05	-4.768949e-03	-4.377422e+00
2.406000e-05	-4.310125e-03	-4.378397e+00
2.407000e-05	2.538475e-03	-4.368921e+00
2.408000e-05	2.500468e-03	-4.389400e+00
2.409000e-05	-9.130372e-04	-4.399374e+00
2.410000e-05	-5.156852e-03	-4.358496e+00
2.411000e-05	3.837891e-04	-4.375924e+00
2.412000e-05	2.360615e-03	-4.366296e+00
2.413000e-05	-4.610106e-04	-4.357268e+00
2.414000e-05	-4.775198e-03	-4.336369e+00
2.415000e-05	-3.474376e-03	-4.336838e+00
2.416000e-05	3.179264e-03	-4.294241e+00
2.417000e-05	2.699286e-03	-4.283666e+00
2.418000e-05	-1.662737e-03	-4.244687e+00
2.419000e-05	-4.190580e-03	-4.261631e+00
2.420000e-05	2.111818e-04	-4.231577e+00
2.421000e-05	2.031810e-03	-4.210529e+00
2.422000e-05	-1.298103e-03	-4.189948e+00
2.423000e-05	-4.653182e-03	-4.188474e+00
2.424000e-05	-1.775951e-03	-4.176373e+00
2.425000e-05	1.809602e-03	-4.145841e+00
2.426000e-05	2.164724e-03	-4.043691e+00
2.427000e-05	-1.846991e-03	-4.052582e+00
2.428000e-05	-3.574268e-03	-4.041603e+00
2.429000e-05	2.112652e-04	-3.990050e+00
2.430000e-05	1.841910e-03	-3.998974e+00
2.431000e-05	-5.349965e-04	-3.948450e+00
2.432000e-05	-3.434094e-03	-3.946767e+00
2.433000e-05	-8.793404e-04	-3.902661e+00
2.434000e-05	1.989160e-03	-3.879999e+00
2.435000e-05	9.315390e-04	-3.726396e+00
2.436000e-05	-2.195185e-03	-3.662737e+00
2.437000e-05	-2.546782e-03	-3.631576e+00
2.438000e-05	1.065225e-03	-3.600500e+00
2.439000e-05	1.472660e-03	-3.588373e+00
2.440000e-05	-3.500180e-04	-3.546245e+00
2.441000e-05	-3.628925e-03	-3.503733e+00
2.442000e-05	-1.594128e-03	-3.412057e+00
2.443000e-05	3.748004e-04	-3.379475e+00
2.444000e-05	-2.852235e-04	-3.316744e+00
2.445000e-05	-1.800475e-03	-3.251656e+00
2.446000e-05	-2.233468e-03	-3.221526e+00
2.447000e-05	5.390047e-04	-3.199474e+00
2.448000e-05	4.655785e-04	-3.096392e+00
2.449000e-05	-1.106635e-03	-3.033053e+00
2.450000e-05	-3.293359e-03	-2.996321e+00
2.451000e-05	-2.607827e-03	-2.842627e+00
2.452000e-05	3.936153e-04	-2.821053e+00
2.453000e-05	-4.579588e-04	-2.779022e+00
2.454000e-05	-3.013427e-03	-2.736365e+00
2.455000e-05	-3.828632e-03	-2.621053e+00
2.456000e-05	-1.222323e-03	-2.568425e+00
2.457000e-05	9.710702e-04	-2.504786e+00
2.458000e-05	-1.963271e-03	-2.423103e+00
2.459000e-05	-4.189043e-03	-2.380373e+00
2.460000e-05	-3.252249e-03	-2.376417e+00
2.461000e-05	-1.769264e-04	-2.251704e+00
2.462000e-05	-1.203943e-03	-2.106264e+00
2.463000e-05	-4.102820e-03	-2.081628e+00
2.464000e-05	-3.588553e-03	-2.007996e+00
2.465000e-05	-1.376799e-03	-1.924363e+00
2.466000e-05	7.713162e-04	-1.873179e+00
2.467000e-05	-2.029020e-03	-1.797474e+00
2.468000e-05	-4.121546e-03	-1.754838e+00
2.469000e-05	-2.909029e-03	-1.652602e+00
2.470000e-05	-9.343345e-04	-1.587999e+00
2.471000e-05	-1.807434e-03	-1.523416e+00
2.472000e-05	-4.924490e-03	-1.398023e+00
2.473000e-05	-5.427171e-03	-1.253153e+00
2.474000e-05	-2.293684e-03	-1.198472e+00
2.475000e-05	-1.147748e-03	-1.115760e+00
2.476000e-05	-2.398838e-03	-1.040159e+00
2.477000e-05	-3.494959e-03	-9.388922e-01
2.478000e-05	-3.744351e-03	-8.926554e-01
2.479000e-05	-7.128939e-04	-8.205250e-01
2.480000e-05	-3.218946e-03	-7.478984e-01
2.481000e-05	-5.313675e-03	-6.511265e-01
2.482000e-05	-5.726567e-03	-5.363168e-01
2.483000e-05	-1.634861e-03	-4.325276e-01
2.484000e-05	-7.072173e-04	-3.489224e-01
2.485000e-05	-3.395083e-03	-3.067606e-01
2.486000e-05	-4.190452e-03	-2.415513e-01
2.487000e-05	-2.606515e-03	-2.105250e-01
2.488000e-05	-1.189168e-03	3.601778e-10
2.489000e-05	-2.713602e-03	9.973813e-03
2.490000e-05	-2.790971e-03	5.313269e-02
2.491000e-05	-2.628908e-03	1.798972e-01
2.492000e-05	-4.167762e-04	2.761120e-01
2.493000e-05	-8.475071e-04	3.579237e-01
2.494000e-05	-1.980646e-03	4.405526e-01
2.495000e-05	3.478544e-03	4.542630e-01
2.496000e-05	1.809856e-02	5.899473e-01
2.497000e-05	1.993900e-02	6.841118e-01
2.498000e-05	-3.021786e-02	8.093976e-01
2.499000e-05	-5.729576e-02	8.220776e-01
2.500000e-05	-9.705231e-03	8.521840e-01
2.501000e-05	6.296179e-02	9.519022e-01
2.502000e-05	-1.874006e-02	1.085766e+00
2.503000e-05	-4.842254e-02	1.209475e+00
2.504000e-05	1.268225e-02	1.263606e+00
2.505000e-05	5.114850e-02	1.358847e+00
2.506000e-05	-3.850136e-02	1.453608e+00
2.507000e-05	-3.926295e-02	1.516319e+00
2.508000e-05	3.456245e-02	1.609480e+00
2.509000e-05	-2.053818e-02	1.737874e+00
2.510000e-05	-3.477072e-02	1.778971e+00
2.511000e-05	5.014715e-02	1.822058e+00
2.512000e-05	2.166493e-02	1.948345e+00
2.513000e-05	-6.687361e-02	1.999977e+00
2.514000e-05	4.624773e-03	2.042583e+00
2.515000e-05	2.842574e-02	2.125767e+00
2.516000e-05	-1.815969e-02	2.200980e+00
2.517000e-05	-3.107152e-02	2.293207e+00
2.518000e-05	2.843576e-02	2.316845e+00
2.519000e-05	-1.898200e-03	2.410476e+00
2.520000e-05	-9.593920e-03	2.423029e+00
2.521000e-05	-2.490645e-05	2.516196e+00
2.522000e-05	-2.572226e-02	2.642659e+00
2.523000e-05	-3.412539e-03	2.768270e+00
2.524000e-05	9.602679e-03	2.800025e+00
2.525000e-05	5.830041e-03	2.802604e+00
2.526000e-05	-1.474426e-02	2.894719e+00
2.527000e-05	-8.185201e-03	2.947872e+00
2.528000e-05	-6.252653e-03	3.020549e+00
2.529000e-05	1.149117e-02	3.032533e+00
2.530000e-05	-8.761990e-03	3.134868e+00
2.531000e-05	-2.500890e-02	3.189921e+00
2.532000e-05	2.475926e-03	3.200501e+00
2.533000e-05	1.105942e-02	3.231056e+00
2.534000e-05	-6.112183e-03	3.334763e+00
2.535000e-05	-1.513086e-02	3.410475e+00
2.536000e-05	-8.081495e-03	3.503191e+00
2.537000e-05	-4.421912e-03	3.528746e+00
2.538000e-05	6.104815e-03	3.558974e+00
2.539000e-05	-5.755213e-03	3.600024e+00
2.540000e-05	-1.609930e-02	3.633106e+00
2.541000e-05	-2.857442e-03	3.664162e+00
2.542000e-05	5.687500e-03	3.726343e+00
2.543000e-05	-5.133532e-03	3.757972e+00
2.544000e-05	-1.633583e-02	3.821029e+00
2.545000e-05	-8.183406e-03	3.833078e+00
2.546000e-05	1.683518e-03	3.894313e+00
2.547000e-05	2.831108e-03	3.905767e+00
2.548000e-05	-9.759959e-03	3.945946e+00
2.549000e-05	-1.353716e-02	3.989972e+00
2.550000e-05	-2.504073e-03	3.968474e+00
2.551000e-05	2.145627e-03	3.989526e+00
2.552000e-05	-5.035928e-03	4.021205e+00
2.553000e-05	-1.529804e-02	4.023130e+00
2.554000e-05	-7.050050e-03	4.056306e+00
2.555000e-05	1.764689e-03	4.094269e+00
2.556000e-05	-3.584260e-05	4.119773e+00
2.557000e-05	-1.090256e-02	4.169347e+00
2.558000e-05	-1.234107e-02	4.209919e+00
2.559000e-05	-1.961213e-03	4.193058e+00
2.560000e-05	7.423820e-04	4.252206e+00
2.561000e-05	-5.803352e-03	4.273588e+00
2.562000e-05	-1.257427e-02	4.256240e+00
2.563000e-05	-5.194752e-03	4.307813e+00
2.564000e-05	-4.008819e-04	4.346788e+00
2.565000e-05	-2.011026e-03	4.328271e+00
2.566000e-05	-1.095703e-02	4.358343e+00
2.567000e-05	-9.594419e-03	4.356315e+00
2.568000e-05	-2.253325e-03	4.338291e+00
2.569000e-05	-6.835727e-04	4.288344e+00
2.570000e-05	-6.392858e-03	4.317371e+00
2.571000e-05	-1.065154e-02	4.337316e+00
2.572000e-05	-5.671269e-03	4.335766e+00
2.573000e-05	-1.175824e-03	4.326739e+00
2.574000e-05	-4.603016e-03	4.304813e+00
2.575000e-05	-1.090113e-02	4.285733e+00
2.576000e-05	-8.472008e-03	4.253207e+00
2.577000e-05	-1.509955e-03	4.215005e+00
2.578000e-05	-6.429685e-04	4.262003e+00
2.579000e-05	-7.900799e-03	4.160495e+00
2.580000e-05	-1.109926e-02	4.167971e+00
2.581000e-05	-4.973231e-03	4.084288e+00
2.582000e-05	-1.248488e-03	4.072732e+00
2.583000e-05	-4.892153e-03	4.061533e+00
2.584000e-05	-9.713387e-03	4.051579e+00
2.585000e-05	-8.110868e-03	4.029551e+00
2.586000e-05	-2.706191e-03	3.979500e+00
2.587000e-05	-3.399678e-03	3.999473e+00
2.588000e-05	-7.714893e-03	3.966950e+00
2.589000e-05	-9.420008e-03	3.898393e+00
2.590000e-05	-5.807422e-03	3.923763e+00
2.591000e-05	-2.368462e-03	3.852687e+00
2.592000e-05	-4.435436e-03	3.863134e+00
2.593000e-05	-8.804325e-03	3.789499e+00
2.594000e-05	-8.672711e-03	3.726901e+00
2.595000e-05	-4.923221e-03	3.694809e+00
2.596000e-05	-3.172222e-03	3.653680e+00
2.597000e-05	-5.736507e-03	3.652104e+00
2.598000e-05	-7.114918e-03	3.580050e+00
2.599000e-05	-6.891692e-03	3.557948e+00
2.600000e-05	-3.410516e-03	3.536894e+00
2.601000e-05	-5.463727e-03	3.454807e+00
2.602000e-05	-7.932524e-03	3.351101e+00
2.603000e-05	-7.408986e-03	3.255335e+00
2.604000e-05	-4.071940e-03	3.242034e+00
2.605000e-05	-3.408058e-03	3.209525e+00
2.606000e-05	-6.324326e-03	3.178422e+00
2.607000e-05	-8.707214e-03	3.125214e+00
2.608000e-05	-5.503834e-03	3.062603e+00
2.609000e-05	-4.289794e-03	2.951524e+00
2.610000e-05	-4.358119e-03	2.956891e+00
2.611000e-05	-7.100046e-03	2.903207e+00
2.612000e-05	-5.013462e-03	2.812028e+00
2.613000e-05	-4.805956e-03	2.780001e+00
2.614000e-05	-4.624224e-03	2.747444e+00
2.615000e-05	-6.466692e-03	2.696210e+00
2.616000e-05	-6.251672e-03	2.508394e+00
2.617000e-05	-4.955263e-03	2.442132e+00
2.618000e-05	-3.253497e-03	2.379001e+00
2.619000e-05	-3.785832e-03	2.317890e+00
2.620000e-05	-5.128982e-03	2.273131e+00
2.621000e-05	-5.936130e-03	2.190000e+00
2.622000e-05	-3.942611e-03	2.106393e+00
2.623000e-05	-4.196906e-03	2.042157e+00
2.624000e-05	-4.943458e-03	1.990999e+00
2.625000e-05	-5.418722e-03	1.938421e+00
2.626000e-05	-4.760000e-03	1.862281e+00
2.627000e-05	-2.953594e-03	1.768948e+00
2.628000e-05	-3.536221e-03	1.705759e+00
2.629000e-05	-4.669733e-03	1.591185e+00
2.630000e-05	-4.194818e-03	1.538917e+00
2.631000e-05	-3.430876e-03	1.491707e+00
2.632000e-05	-3.662634e-03	1.397949e+00
2.633000e-05	-4.649885e-03	1.274184e+00
2.634000e-05	-5.211655e-03	1.221554e+00
2.635000e-05	-3.836255e-03	1.126891e+00
2.636000e-05	-2.903412e-03	1.020123e+00
2.637000e-05	-3.998309e-03	8.863118e-01
2.638000e-05	-4.404932e-03	8.000750e-01
2.639000e-05	-4.068476e-03	7.479462e-01
2.640000e-05	-3.107648e-03	6.653068e-01
2.641000e-05	-2.891826e-03	5.980000e-01
2.642000e-05	-4.141525e-03	5.568433e-01
2.643000e-05	-3.621793e-03	4.636303e-01
2.644000e-05	-3.775755e-03	3.784963e-01
2.645000e-05	-3.218998e-03	3.072184e-01
2.646000e-05	-3.567742e-03	2.300277e-01
2.647000e-05	-3.272149e-03	6.365666e-02
2.648000e-05	-2.813478e-03	-9.973803e-03
2.649000e-05	-1.266718e-03	-1.031065e-01
2.650000e-05	-1.276319e-03	-1.663195e-01
2.651000e-05	-1.437276e-03	-2.000262e-01
2.652000e-05	-2.793953e-03	-2.747090e-01
2.653000e-05	-1.551285e-03	-3.378985e-01
2.654000e-05	-2.310972e-03	-4.299512e-01
2.655000e-05	1.947664e-04	-4.516876e-01
2.656000e-05	1.351434e-02	-5.673207e-01
2.657000e-05	2.354333e-02	-7.041915e-01
2.658000e-05	-1.176063e-02	-8.099501e-01
2.659000e-05	-5.480658e-02	-9.568935e-01
2.660000e-05	-2.488386e-02	-9.894500e-01
2.661000e-05	6.388262e-02	-1.018895e+00
2.662000e-05	-7.905389e-03	-1.064030e+00
2.663000e-05	-3.177779e-02	-1.208932e+00
2.664000e-05	-9.975265e-03	-1.324259e+00
2.665000e-05	6.289811e-02	-1.355737e+00
2.666000e-05	-5.068062e-02	-1.424059e+00
2.667000e-05	-4.752958e-02	-1.560453e+00
2.668000e-05	4.284484e-02	-1.621053e+00
2.669000e-05	1.135763e-02	-1.694634e+00
2.670000e-05	-6.222814e-02	-1.770954e+00
2.671000e-05	4.400755e-02	-1.825632e+00
2.672000e-05	5.654212e-02	-1.904812e+00
2.673000e-05	-5.965374e-02	-2.010000e+00
2.674000e-05	-2.664754e-02	-2.041601e+00
2.675000e-05	4.788033e-02	-2.115314e+00
2.676000e-05	-4.990620e-03	-2.192509e+00
2.677000e-05	-4.964895e-02	-2.366925e+00
2.678000e-05	4.242260e-02	-2.400476e+00
2.679000e-05	-1.258672e-04	-2.483084e+00
2.680000e-05	-8.996387e-03	-2.545340e+00
2.681000e-05	8.964026e-03	-2.609449e+00
2.682000e-05	-1.545036e-02	-2.693116e+00
2.683000e-05	-1.345802e-02	-2.746793e+00
2.684000e-05	1.885746e-02	-2.809972e+00
2.685000e-05	2.033700e-03	-2.821576e+00
2.686000e-05	-5.819242e-03	-2.884158e+00
2.687000e-05	4.104252e-03	-2.968821e+00
2.688000e-05	-1.619423e-02	-3.044117e+00
2.689000e-05	1.114615e-02	-3.147899e+00
2.690000e-05	9.371613e-03	-3.189999e+00
2.691000e-05	-2.601469e-02	-3.231558e+00
2.692000e-05	1.627812e-03	-3.294186e+00
2.693000e-05	2.173963e-02	-3.356895e+00
2.694000e-05	-7.781230e-03	-3.399023e+00
2.695000e-05	-6.569955e-03	-3.452104e+00
2.696000e-05	-1.420382e-03	-3.494262e+00
2.697000e-05	-5.493869e-03	-3.576324e+00
2.698000e-05	1.097807e-02	-3.579923e+00
2.699000e-05	8.093124e-04	-3.589977e+00
2.700000e-05	-9.978211e-03	-3.631578e+00
2.701000e-05	1.078610e-03	-3.664661e+00
2.702000e-05	7.097465e-03	-3.749847e+00
2.703000e-05	3.045841e-04	-3.838504e+00
2.704000e-05	-5.575087e-03	-3.906168e+00
2.705000e-05	-4.875358e-03	-3.915893e+00
2.706000e-05	2.175756e-03	-3.948924e+00
2.707000e-05	5.871336e-03	-3.988976e+00
2.708000e-05	-5.634844e-04	-4.031054e+00
2.709000e-05	-5.339332e-03	-4.040155e+00
2.710000e-05	-4.906226e-04	-4.053659e+00
2.711000e-05	6.112955e-03	-4.114718e+00
2.712000e-05	-2.020848e-04	-4.136391e+00
2.713000e-05	-6.524000e-03	-4.158319e+00
2.714000e-05	-2.423206e-03	-4.209451e+00
2.715000e-05	1.556236e-03	-4.210526e+00
2.716000e-05	5.646580e-03	-4.220404e+00
2.717000e-05	-2.085510e-03	-4.241055e+00
2.718000e-05	-6.332889e-03	-4.282112e+00
2.719000e-05	3.670399e-04	-4.294162e+00
2.720000e-05	2.794005e-03	-4.272738e+00
2.721000e-05	2.811477e-04	-4.325246e+00
2.722000e-05	-3.076142e-03	-4.307392e+00
2.723000e-05	-1.933467e-03	-4.336841e+00
2.724000e-05	2.602575e-03	-4.357370e+00
2.725000e-05	3.836630e-03	-4.369422e+00
2.726000e-05	-4.330148e-03	-4.377874e+00
2.727000e-05	-4.695780e-03	-4.367997e+00
2.728000e-05	-4.373078e-04	-4.379445e+00
2.729000e-05	3.462150e-03	-4.376424e+00
2.730000e-05	3.600492e-04	-4.366948e+00
2.731000e-05	-3.940713e-03	-4.377920e+00
2.732000e-05	-1.544225e-03	-4.358447e+00
2.733000e-05	2.648181e-03	-4.368821e+00
2.734000e-05	7.066015e-04	-4.325292e+00
2.735000e-05	-4.506115e-03	-4.367818e+00
2.736000e-05	-3.178624e-03	-4.297791e+00
2.737000e-05	-5.499446e-05	-4.314741e+00
2.738000e-05	3.044191e-03	-4.304739e+00
2.739000e-05	-2.245990e-04	-4.281686e+00
2.740000e-05	-2.916809e-03	-4.243158e+00
2.741000e-05	-5.236455e-04	-4.251079e+00
2.742000e-05	1.503795e-03	-4.220053e+00
2.743000e-05	3.885194e-04	-4.210002e+00
2.744000e-05	-3.690542e-03	-4.178924e+00
2.745000e-05	-2.856513e-03	-4.178419e+00
2.746000e-05	5.137934e-04	-4.125871e+00
2.747000e-05	2.319881e-03	-4.112762e+00
2.748000e-05	-8.901274e-04	-4.082709e+00
2.749000e-05	-2.583313e-03	-4.091602e+00
2.750000e-05	-5.636134e-05	-4.000005e+00
2.751000e-05	9.228231e-04	-3.988951e+00
2.752000e-05	-3.489130e-04	-3.988973e+00
2.753000e-05	-3.843144e-03	-3.946368e+00
2.754000e-05	-7.535936e-04	-3.954316e+00
2.755000e-05	1.324450e-03	-3.861553e+00
2.756000e-05	1.166556e-03	-3.716873e+00
2.757000e-05	-1.695631e-03	-3.654282e+00
2.758000e-05	-2.395091e-03	-3.651655e+00
2.759000e-05	-7.666536e-04	-3.599503e+00
2.760000e-05	-4.773125e-04	-3.609425e+00
2.761000e-05	-4.623646e-04	-3.536422e+00
2.762000e-05	-2.538705e-03	-3.515786e+00
2.763000e-05	-8.267573e-04	-3.452107e+00
2.764000e-05	-3.166378e-04	-3.387974e+00
2.765000e-05	-3.740273e-04	-3.357319e+00
2.766000e-05	-3.109435e-03	-3.302735e+00
2.767000e-05	-3.062216e-03	-3.231580e+00
2.768000e-05	-1.066705e-03	-3.190974e+00
2.769000e-05	1.021936e-03	-3.126944e+00
2.770000e-05	-1.046207e-03	-3.103711e+00
2.771000e-05	-2.617531e-03	-2.989476e+00
2.772000e-05	-1.409347e-03	-2.843238e+00
2.773000e-05	-7.033579e-04	-2.841549e+00
2.774000e-05	-1.354512e-03	-2.799474e+00
2.775000e-05	-2.605126e-03	-2.736415e+00
2.776000e-05	-3.081294e-03	-2.641684e+00
2.777000e-05	-8.063075e-04	-2.600998e+00
2.778000e-05	-9.670062e-04	-2.525841e+00
2.779000e-05	-2.076610e-03	-2.452109e+00
2.780000e-05	-3.727621e-03	-2.409578e+00
2.781000e-05	-2.127671e-03	-2.369422e+00
2.782000e-05	-4.819025e-04	-2.262713e+00
2.783000e-05	-2.176393e-03	-2.195439e+00
2.784000e-05	-3.784369e-03	-2.073080e+00
2.785000e-05	-3.165613e-03	-2.029526e+00
2.786000e-05	-1.912953e-03	-1.927946e+00
2.787000e-05	-1.329638e-03	-1.913207e+00
2.788000e-05	-2.154497e-03	-1.841026e+00
2.789000e-05	-5.150944e-03	-1.756418e+00
2.790000e-05	-1.344456e-03	-1.672184e+00
2.791000e-05	-1.892723e-03	-1.588950e+00
2.792000e-05	-1.110473e-03	-1.526821e+00
2.793000e-05	-5.195908e-03	-1.458050e+00
2.794000e-05	-3.273323e-03	-1.281787e+00
2.795000e-05	-4.261578e-03	-1.189099e+00
2.796000e-05	-2.234726e-03	-1.174817e+00
2.797000e-05	-4.705618e-03	-1.060655e+00
2.798000e-05	-3.058567e-03	-9.693987e-01
2.799000e-05	-2.914534e-03	-8.937344e-01
2.800000e-05	-4.277762e-04	-8.100750e-01
2.801000e-05	-3.486265e-03	-7.773948e-01
2.802000e-05	-4.937198e-03	-6.747855e-01
2.803000e-05	-4.732510e-03	-5.883886e-01
2.804000e-05	-3.112264e-03	-4.526055e-01
2.805000e-05	-2.728912e-03	-3.790251e-01
2.806000e-05	-4.389277e-03	-3.358145e-01
2.807000e-05	-4.940549e-03	-2.315776e-01
2.808000e-05	-3.644093e-03	-1.873685e-01
2.809000e-05	-4.055290e-04	-1.246320e-01
2.810000e-05	-1.513909e-03	-2.957500e-02
2.811000e-05	-2.026051e-03	3.107757e-02
2.812000e-05	-3.255017e-03	1.453632e-01
2.813000e-05	-2.052988e-03	2.227326e-01
2.814000e-05	-1.484276e-03	3.373723e-01
2.815000e-05	-2.980464e-03	4.200013e-01
2.816000e-05	-3.754422e-04	4.031076e-01
2.817000e-05	1.443701e-02	5.377944e-01
2.818000e-05	2.330223e-02	6.536090e-01
2.819000e-05	-6.944884e-03	7.578235e-01
2.820000e-05	-5.630582e-02	8.305527e-01
2.821000e-05	-4.133255e-02	8.711038e-01
2.822000e-05	5.520219e-02	9.262432e-01
2.823000e-05	7.737455e-03	1.023211e+00
2.824000e-05	-3.268122e-02	1.189422e+00
2.825000e-05	-3.838846e-02	1.222075e+00
2.826000e-05	6.723164e-02	1.296267e+00
2.827000e-05	-3.084895e-02	1.391603e+00
2.828000e-05	-5.418966e-02	1.453807e+00
2.829000e-05	1.937513e-02	1.599875e+00
2.830000e-05	2.929177e-03	1.707265e+00
2.831000e-05	-3.551243e-02	1.771450e+00
2.832000e-05	1.629281e-02	1.852053e+00
2.833000e-05	5.574890e-02	1.906292e+00
2.834000e-05	-5.356534e-02	1.988999e+00
2.835000e-05	-2.919433e-02	2.011526e+00
2.836000e-05	3.281713e-02	2.084691e+00
2.837000e-05	4.252704e-03	2.168950e+00
2.838000e-05	-4.754865e-02	2.223579e+00
2.839000e-05	2.174813e-02	2.316738e+00
2.840000e-05	4.284492e-03	2.379478e+00
2.841000e-05	-3.600381e-03	2.431528e+00
2.842000e-05	2.471003e-04	2.496257e+00
2.843000e-05	-1.408733e-02	2.601524e+00
2.844000e-05	-1.618903e-02	2.725871e+00
2.845000e-05	4.746384e-03	2.779449e+00
2.846000e-05	1.266217e-02	2.801029e+00
2.847000e-05	-1.676959e-02	2.852709e+00
2.848000e-05	-4.152617e-03	2.927347e+00
2.849000e-05	-1.542719e-02	3.019924e+00
2.850000e-05	1.288031e-02	3.052056e+00
2.851000e-05	-1.367274e-03	3.084712e+00
2.852000e-05	-2.123530e-02	3.138295e+00
2.853000e-05	-1.201506e-02	3.170529e+00
2.854000e-05	1.378160e-02	3.220128e+00
2.855000e-05	5.910314e-04	3.283662e+00
2.856000e-05	-1.611555e-02	3.318370e+00
2.857000e-05	-9.379638e-03	3.452555e+00
2.858000e-05	-8.349158e-03	3.526340e+00
2.859000e-05	5.709853e-03	3.578474e+00
2.860000e-05	-3.269056e-03	3.589950e+00
2.861000e-05	-1.315366e-02	3.631053e+00
2.862000e-05	-1.132887e-02	3.663212e+00
2.863000e-05	7.175586e-03	3.725867e+00
2.864000e-05	1.426653e-04	3.778901e+00
2.865000e-05	-1.373640e-02	3.790474e+00
2.866000e-05	-1.215626e-02	3.821580e+00
2.867000e-05	-3.205057e-03	3.853656e+00
2.868000e-05	3.846864e-03	3.876841e+00
2.869000e-05	-6.622606e-03	3.987373e+00
2.870000e-05	-1.271192e-02	3.997997e+00
2.871000e-05	-6.772906e-03	3.979397e+00
2.872000e-05	3.815138e-03	3.999979e+00
2.873000e-05	-1.887794e-03	4.001081e+00
2.874000e-05	-1.395793e-02	4.021051e+00
2.875000e-05	-1.100616e-02	4.053233e+00
2.876000e-05	-1.950290e-03	4.055271e+00
2.877000e-05	3.434549e-03	4.107371e+00
2.878000e-05	-7.652857e-03	4.176346e+00
2.879000e-05	-1.231492e-02	4.198007e+00
2.880000e-05	-7.275875e-03	4.190453e+00
2.881000e-05	1.847343e-03	4.232559e+00
2.882000e-05	-2.958806e-03	4.313183e+00
2.883000e-05	-9.995007e-03	4.264638e+00
2.884000e-05	-8.876824e-03	4.345791e+00
2.885000e-05	-1.868874e-03	4.285818e+00
2.886000e-05	-2.146108e-04	4.334868e+00
2.887000e-05	-8.291357e-03	4.336865e+00
2.888000e-05	-1.185418e-02	4.315369e+00
2.889000e-05	-6.447888e-03	4.318666e+00
2.890000e-05	9.293161e-04	4.358367e+00
2.891000e-05	-3.483203e-03	4.327392e+00
2.892000e-05	-8.317316e-03	4.288295e+00
2.893000e-05	-7.233345e-03	4.326269e+00
2.894000e-05	-3.115434e-03	4.316341e+00
2.895000e-05	-2.987337e-03	4.346336e+00
2.896000e-05	-1.001865e-02	4.304862e+00
2.897000e-05	-1.047625e-02	4.255207e+00
2.898000e-05	-5.252217e-03	4.234006e+00
2.899000e-05	4.122166e-04	4.210528e+00
2.900000e-05	-4.371928e-03	4.209650e+00
2.901000e-05	-9.641365e-03	4.157896e+00
2.902000e-05	-8.293351e-03	4.055346e+00
2.903000e-05	-3.118247e-03	4.123310e+00
2.904000e-05	-2.699454e-03	4.083713e+00
2.905000e-05	-8.743519e-03	4.061653e+00
2.906000e-05	-8.480263e-03	4.041079e+00
2.907000e-05	-4.969593e-03	4.000502e+00
2.908000e-05	-1.891209e-03	3.980000e+00
2.909000e-05	-6.255512e-03	4.000449e+00
2.910000e-05	-9.279276e-03	3.926395e+00
2.911000e-05	-7.062292e-03	3.887814e+00
2.912000e-05	-2.442231e-03	3.884234e+00
2.913000e-05	-3.466100e-03	3.862078e+00
2.914000e-05	-9.322027e-03	3.829024e+00
2.915000e-05	-8.275514e-03	3.739868e+00
2.916000e-05	-5.253876e-03	3.725738e+00
2.917000e-05	-2.662925e-03	3.713710e+00
2.918000e-05	-6.734410e-03	3.651703e+00
2.919000e-05	-8.369253e-03	3.631028e+00
2.920000e-05	-5.392429e-03	3.589996e+00
2.921000e-05	-2.664179e-03	3.549295e+00
2.922000e-05	-4.669950e-03	3.504789e+00
2.923000e-05	-8.106499e-03	3.410677e+00
2.924000e-05	-7.061611e-03	3.289367e+00
2.925000e-05	-3.028291e-03	3.262079e+00
2.926000e-05	-3.551160e-03	3.210529e+00
2.927000e-05	-7.041234e-03	3.189499e+00
2.928000e-05	-8.876800e-03	3.126892e+00
2.929000e-05	-6.102933e-03	3.103184e+00
2.930000e-05	-3.176131e-03	3.001054e+00
2.931000e-05	-5.444337e-03	2.948472e+00
2.932000e-05	-7.278345e-03	2.895260e+00
2.933000e-05	-5.733357e-03	2.832632e+00
2.934000e-05	-2.600538e-03	2.799576e+00
2.935000e-05	-3.759579e-03	2.768971e+00
2.936000e-05	-6.710120e-03	2.664288e+00
2.937000e-05	-7.231936e-03	2.579521e+00
2.938000e-05	-4.658118e-03	2.473709e+00
2.939000e-05	-3.687130e-03	2.421605e+00
2.940000e-05	-4.991774e-03	2.346423e+00
2.941000e-05	-5.349102e-03	2.264209e+00
2.942000e-05	-3.425193e-03	2.220530e+00
2.943000e-05	-3.705915e-03	2.147442e+00
2.944000e-05	-5.536792e-03	2.084636e+00
2.945000e-05	-6.607561e-03	2.042604e+00
2.946000e-05	-4.420047e-03	1.979419e+00
2.947000e-05	-4.442087e-03	1.884816e+00
2.948000e-05	-4.757157e-03	1.788550e+00
2.949000e-05	-5.980210e-03	1.716890e+00
2.950000e-05	-3.908197e-03	1.643283e+00
2.951000e-05	-3.421085e-03	1.578419e+00
2.952000e-05	-3.822898e-03	1.466159e+00
2.953000e-05	-4.858457e-03	1.388024e+00
2.954000e-05	-4.380098e-03	1.307865e+00
2.955000e-05	-4.153140e-03	1.243157e+00
2.956000e-05	-4.244352e-03	1.177943e+00
2.957000e-05	-4.202598e-03	1.064762e+00
2.958000e-05	-3.900109e-03	9.964185e-01
2.959000e-05	-3.061868e-03	8.440527e-01
2.960000e-05	-4.157714e-03	7.979988e-01
2.961000e-05	-4.014936e-03	6.663645e-01
2.962000e-05	-3.881395e-03	6.026014e-01
2.963000e-05	-3.378746e-03	5.669411e-01
2.964000e-05	-4.915836e-03	4.836604e-01
2.965000e-05	-4.231382e-03	4.195250e-01
2.966000e-05	-3.208933e-03	3.168874e-01
2.967000e-05	-2.310052e-03	2.732305e-01
2.968000e-05	-5.291023e-03	9.633618e-02
2.969000e-05	-3.296742e-03	2.105383e-02
2.970000e-05	-3.008485e-03	-4.255769e-02
2.971000e-05	1.515852e-03	-1.063131e-01
2.972000e-05	-9.874253e-04	-2.199486e-01
2.973000e-05	-4.845473e-04	-2.411314e-01
2.974000e-05	-2.432729e-03	-3.463434e-01
2.975000e-05	-1.902578e-03	-3.980249e-01
2.976000e-05	-2.335962e-03	-4.315801e-01
2.977000e-05	7.116426e-03	-5.657170e-01
2.978000e-05	2.138922e-02	-6.210590e-01
2.979000e-05	9.646650e-03	-8.013685e-01
2.980000e-05	-4.477237e-02	-8.957158e-01
2.981000e-05	-4.452709e-02	-9.884749e-01
2.982000e-05	4.757258e-02	-9.789497e-01
2.983000e-05	1.789054e-02	-1.060399e+00
2.984000e-05	-1.277474e-02	-1.138820e+00
2.985000e-05	-3.817092e-02	-1.263260e+00
2.986000e-05	7.690480e-02	-1.334214e+00
2.987000e-05	-1.265234e-02	-1.369403e+00
2.988000e-05	-6.292270e-02	-1.558400e+00
2.989000e-05	1.512265e-02	-1.610500e+00
2.990000e-05	2.752010e-02	-1.642078e+00
2.991000e-05	-4.612818e-02	-1.739825e+00
2.992000e-05	-1.060005e-02	-1.842132e+00
2.993000e-05	8.327654e-02	-1.874659e+00
2.994000e-05	-2.446528e-02	-1.958397e+00
2.995000e-05	-6.405308e-02	-2.001031e+00
2.996000e-05	4.117578e-02	-2.063633e+00
2.997000e-05	1.837385e-02	-2.161471e+00
2.998000e-05	-5.253323e-02	-2.317796e+00
2.999000e-05	1.786376e-02	-2.379425e+00
3.000000e-05	2.090549e-02	-2.451554e+00
3.001000e-05	-1.014929e-02	-2.506214e+00
3.002000e-05	2.735659e-03	-2.578396e+00
3.003000e-05	-2.724673e-03	-2.621580e+00
3.004000e-05	-2.385692e-02	-2.747267e+00
3.005000e-05	1.256381e-02	-2.757346e+00
3.006000e-05	1.337788e-02	-2.810497e+00
3.007000e-05	-1.206166e-02	-2.853660e+00
3.008000e-05	7.891313e-03	-2.936368e+00
3.009000e-05	-1.420192e-02	-3.012430e+00
3.010000e-05	1.708142e-03	-3.147897e+00
3.011000e-05	1.712812e-02	-3.158999e+00
3.012000e-05	-1.659084e-02	-3.231030e+00
3.013000e-05	-1.415480e-02	-3.253138e+00
3.014000e-05	2.562667e-02	-3.346291e+00
3.015000e-05	2.515710e-03	-3.339375e+00
3.016000e-05	-1.125697e-02	-3.431555e+00
3.017000e-05	6.105868e-04	-3.473134e+00
3.018000e-05	-8.635889e-03	-3.526244e+00
3.019000e-05	8.219677e-03	-3.589421e+00
3.020000e-05	5.465101e-03	-3.588999e+00
3.021000e-05	-7.609044e-03	-3.631003e+00
3.022000e-05	-5.839025e-03	-3.662179e+00
3.023000e-05	1.076468e-02	-3.775699e+00
3.024000e-05	1.617624e-03	-3.818932e+00
3.025000e-05	-4.328509e-03	-3.834739e+00
3.026000e-05	-7.039229e-03	-3.915840e+00
3.027000e-05	5.266281e-04	-3.969972e+00
3.028000e-05	7.586693e-03	-3.999977e+00
3.029000e-05	4.200083e-04	-4.009503e+00
3.030000e-05	-6.193941e-03	-4.050554e+00
3.031000e-05	-4.595841e-03	-4.052608e+00
3.032000e-05	8.973816e-03	-4.105289e+00
3.033000e-05	2.124149e-03	-4.165792e+00
3.034000e-05	-5.088794e-03	-4.146320e+00
3.035000e-05	-4.611372e-03	-4.169498e+00
3.036000e-05	1.964824e-03	-4.230478e+00
3.037000e-05	5.968544e-03	-4.201953e+00
3.038000e-05	2.854925e-04	-4.262580e+00
3.039000e-05	-7.240022e-03	-4.242630e+00
3.040000e-05	-2.075444e-03	-4.234185e+00
3.041000e-05	4.439601e-03	-4.283780e+00
3.042000e-05	8.190622e-04	-4.285771e+00
3.043000e-05	-2.846087e-03	-4.306265e+00
3.044000e-05	-3.657770e-03	-4.347266e+00
3.045000e-05	1.919138e-03	-4.338322e+00
3.046000e-05	4.813009e-03	-4.338268e+00
3.047000e-05	-3.611371e-03	-4.378374e+00
3.048000e-05	-5.573693e-03	-4.387344e+00
3.049000e-05	-1.006087e-03	-4.367395e+00
3.050000e-05	4.510672e-03	-4.387346e+00
3.051000e-05	1.746156e-03	-4.397420e+00
3.052000e-05	-5.219359e-03	-4.357469e+00
3.053000e-05	-2.581257e-03	-4.358922e+00
3.054000e-05	2.193494e-03	-4.346921e+00
3.055000e-05	2.305134e-03	-4.364840e+00
3.056000e-05	-3.013086e-03	-4.347922e+00
3.057000e-05	-3.516654e-03	-4.347766e+00
3.058000e-05	-1.443341e-04	-4.324291e+00
3.059000e-05	2.715920e-03	-4.325237e+00
3.060000e-05	-2.480015e-04	-4.264612e+00
3.061000e-05	-3.816756e-03	-4.253158e+00
3.062000e-05	-1.804086e-03	-4.242534e+00
3.063000e-05	1.650333e-03	-4.250155e+00
3.064000e-05	4.438649e-04	-4.230554e+00
3.065000e-05	-1.736553e-03	-4.198500e+00
3.066000e-05	-2.502283e-03	-4.177899e+00
3.067000e-05	1.502170e-04	-4.136396e+00
3.068000e-05	1.280099e-03	-4.104213e+00
3.069000e-05	-3.758188e-04	-4.087163e+00
3.070000e-05	-2.719719e-03	-4.051183e+00
3.071000e-05	-1.220422e-03	-4.010556e+00
3.072000e-05	1.441269e-03	-4.000003e+00
3.073000e-05	1.590503e-04	-3.978974e+00
3.074000e-05	-2.689887e-03	-3.977842e+00
3.075000e-05	-1.333261e-03	-3.914242e+00
3.076000e-05	7.900658e-05	-3.872662e+00
3.077000e-05	8.530548e-04	-3.759497e+00
3.078000e-05	-2.227500e-03	-3.695791e+00
3.079000e-05	-3.348841e-03	-3.653160e+00
3.080000e-05	-2.736497e-04	-3.650028e+00
3.081000e-05	2.076541e-03	-3.608551e+00
3.082000e-05	3.908773e-04	-3.548947e+00
3.083000e-05	-2.111163e-03	-3.535837e+00
3.084000e-05	-1.940049e-03	-3.444133e+00
3.085000e-05	-1.222246e-04	-3.411053e+00
3.086000e-05	2.109860e-04	-3.347946e+00
3.087000e-05	-1.693805e-03	-3.306312e+00
3.088000e-05	-2.826157e-03	-3.262658e+00
3.089000e-05	-3.462341e-04	-3.211003e+00
3.090000e-05	1.080451e-03	-3.168397e+00
3.091000e-05	-6.034428e-04	-3.104812e+00
3.092000e-05	-2.851568e-03	-3.022958e+00
3.093000e-05	-2.006434e-03	-2.946838e+00
3.094000e-05	7.858825e-05	-2.852576e+00
3.095000e-05	-4.803717e-04	-2.769476e+00
3.096000e-05	-2.604581e-03	-2.768371e+00
3.097000e-05	-2.913802e-03	-2.715207e+00
3.098000e-05	-1.110765e-03	-2.621575e+00
3.099000e-05	-2.446986e-04	-2.567241e+00
3.100000e-05	-2.367381e-03	-2.471636e+00
3.101000e-05	-3.435088e-03	-2.451028e+00
3.102000e-05	-2.448851e-03	-2.379525e+00
3.103000e-05	4.760597e-04	-2.317262e+00
3.104000e-05	-7.856839e-04	-2.220479e+00
3.105000e-05	-3.752493e-03	-2.104760e+00
3.106000e-05	-3.225476e-03	-2.021078e+00
3.107000e-05	-2.181135e-03	-1.958996e+00
3.108000e-05	-2.118407e-03	-1.915737e+00
3.109000e-05	-2.400554e-03	-1.820528e+00
3.110000e-05	-4.397768e-03	-1.757947e+00
3.111000e-05	-2.333339e-03	-1.694712e+00
3.112000e-05	-1.453581e-03	-1.610574e+00
3.113000e-05	-1.440797e-03	-1.547867e+00
3.114000e-05	-4.381005e-03	-1.494813e+00
3.115000e-05	-3.824716e-03	-1.376313e+00
3.116000e-05	-3.783169e-03	-1.211650e+00
3.117000e-05	-1.812874e-03	-1.157921e+00
3.118000e-05	-4.714733e-03	-1.073734e+00
3.119000e-05	-4.090079e-03	-9.894975e-01
3.120000e-05	-3.404091e-03	-9.062909e-01
3.121000e-05	-7.036387e-04	-8.706528e-01
3.122000e-05	-3.718251e-03	-7.694725e-01
3.123000e-05	-3.986070e-03	-7.263371e-01
3.124000e-05	-4.783091e-03	-6.185477e-01
3.125000e-05	-2.980406e-03	-5.132080e-01
3.126000e-05	-3.357990e-03	-3.905275e-01
3.127000e-05	-3.804771e-03	-3.474436e-01
3.128000e-05	-4.329595e-03	-2.626557e-01
3.129000e-05	-3.220393e-03	-1.989998e-01
3.130000e-05	-1.849411e-03	-1.057632e-01
3.131000e-05	-2.287339e-03	-3.107764e-02
3.132000e-05	-2.827282e-03	1.105126e-02
3.133000e-05	-1.004337e-03	5.365933e-02
3.134000e-05	-1.091790e-03	1.994813e-01
3.135000e-05	-1.403320e-03	2.863606e-01
3.136000e-05	-2.964202e-03	3.499462e-01
3.137000e-05	-1.917620e-03	4.316064e-01
3.138000e-05	9.464557e-03	5.257107e-01
3.139000e-05	2.230061e-02	6.114736e-01
3.140000e-05	1.021907e-02	7.062684e-01
3.141000e-05	-4.633870e-02	8.305003e-01
3.142000e-05	-5.208973e-02	8.600776e-01
3.143000e-05	2.296270e-02	9.041593e-01
3.144000e-05	4.164081e-02	1.012052e+00
3.145000e-05	-2.157779e-02	1.146421e+00
3.146000e-05	-4.586240e-02	1.221000e+00
3.147000e-05	6.109269e-02	1.284164e+00
3.148000e-05	1.644964e-02	1.379974e+00
3.149000e-05	-4.903632e-02	1.461758e+00
3.150000e-05	-1.128100e-02	1.518691e+00
3.151000e-05	2.947195e-02	1.634172e+00
3.152000e-05	-3.154805e-02	1.788925e+00
3.153000e-05	-1.940088e-02	1.811575e+00
3.154000e-05	6.126443e-02	1.874187e+00
3.155000e-05	-1.711430e-02	1.996896e+00
3.156000e-05	-5.495860e-02	2.011026e+00
3.157000e-05	2.565969e-02	2.064634e+00
3.158000e-05	1.701343e-02	2.148395e+00
3.159000e-05	-3.820099e-02	2.221556e+00
3.160000e-05	-1.866791e-03	2.315213e+00
3.161000e-05	1.849888e-02	2.358897e+00
3.162000e-05	-2.689122e-03	2.421002e+00
3.163000e-05	-9.077955e-03	2.442653e+00
3.164000e-05	-2.500458e-03	2.547848e+00
3.165000e-05	-2.474739e-02	2.626692e+00
3.166000e-05	2.500062e-03	2.789997e+00
3.167000e-05	1.100907e-02	2.801025e+00
3.168000e-05	-4.122547e-03	2.841030e+00
3.169000e-05	-9.200801e-03	2.906187e+00
3.170000e-05	-1.373490e-02	2.968500e+00
3.171000e-05	3.509176e-03	3.010529e+00
3.172000e-05	7.052071e-03	3.073110e+00
3.173000e-05	-1.452421e-02	3.108394e+00
3.174000e-05	-2.087138e-02	3.189901e+00
3.175000e-05	1.284412e-02	3.201654e+00
3.176000e-05	5.730041e-03	3.222608e+00
3.177000e-05	-1.013580e-02	3.298346e+00
3.178000e-05	-1.381808e-02	3.422531e+00
3.179000e-05	-9.306860e-03	3.525818e+00
3.180000e-05	5.662597e-04	3.577423e+00
3.181000e-05	2.882058e-03	3.598474e+00
3.182000e-05	-7.808994e-03	3.590505e+00
3.183000e-05	-1.495786e-02	3.643605e+00
3.184000e-05	3.658447e-03	3.697264e+00
3.185000e-05	2.242425e-03	3.737343e+00
3.186000e-05	-8.424950e-03	3.780450e+00
3.187000e-05	-1.425696e-02	3.799576e+00
3.188000e-05	-5.932178e-03	3.853611e+00
3.189000e-05	2.517129e-03	3.924835e+00
3.190000e-05	-2.180745e-03	3.946842e+00
3.191000e-05	-1.138071e-02	3.968421e+00
3.192000e-05	-1.247888e-02	3.987949e+00
3.193000e-05	8.117562e-04	3.999498e+00
3.194000e-05	1.116321e-03	4.032601e+00
3.195000e-05	-7.805501e-03	4.011525e+00
3.196000e-05	-1.326623e-02	4.052130e+00
3.197000e-05	-4.012899e-03	4.093721e+00
3.198000e-05	1.443421e-03	4.105291e+00
3.199000e-05	-4.386415e-03	4.198376e+00
3.200000e-05	-1.199271e-02	4.167874e+00
3.201000e-05	-8.241949e-03	4.218456e+00
3.202000e-05	-1.097664e-04	4.213628e+00
3.203000e-05	-2.526584e-03	4.206664e+00
3.204000e-05	-8.273351e-03	4.233763e+00
3.205000e-05	-1.056795e-02	4.306716e+00
3.206000e-05	-3.794181e-03	4.266764e+00
3.207000e-05	-5.465249e-05	4.335390e+00
3.208000e-05	-6.117449e-03	4.308271e+00
3.209000e-05	-1.140290e-02	4.318316e+00
3.210000e-05	-7.512417e-03	4.304970e+00
3.211000e-05	-1.385482e-03	4.316846e+00
3.212000e-05	-3.605151e-03	4.326894e+00
3.213000e-05	-8.285879e-03	4.286847e+00
3.214000e-05	-9.285812e-03	4.316271e+00
3.215000e-05	-2.286337e-03	4.305867e+00
3.216000e-05	-1.571930e-03	4.346793e+00
3.217000e-05	-7.742830e-03	4.274762e+00
3.218000e-05	-1.083818e-02	4.275157e+00
3.219000e-05	-5.224786e-03	4.262083e+00
3.220000e-05	-7.406160e-04	4.234208e+00
3.221000e-05	-4.452076e-03	4.172530e+00
3.222000e-05	-8.694102e-03	4.180495e+00
3.223000e-05	-9.112491e-03	4.145388e+00
3.224000e-05	-2.748741e-03	4.015287e+00
3.225000e-05	-2.910449e-03	4.092731e+00
3.226000e-05	-7.059388e-03	4.040712e+00
3.227000e-05	-8.645628e-03	4.032076e+00
3.228000e-05	-5.187535e-03	4.010599e+00
3.229000e-05	-2.255522e-03	3.990000e+00
3.230000e-05	-5.326235e-03	3.988474e+00
3.231000e-05	-8.897358e-03	3.966946e+00
3.232000e-05	-7.661291e-03	3.925337e+00
3.233000e-05	-3.117219e-03	3.895387e+00
3.234000e-05	-3.564310e-03	3.873205e+00
3.235000e-05	-7.309381e-03	3.822499e+00
3.236000e-05	-7.466428e-03	3.748476e+00
3.237000e-05	-5.776327e-03	3.726366e+00
3.238000e-05	-3.047843e-03	3.714261e+00
3.239000e-05	-6.523246e-03	3.645182e+00
3.240000e-05	-7.869244e-03	3.641579e+00
3.241000e-05	-6.872599e-03	3.599475e+00
3.242000e-05	-4.010788e-03	3.558946e+00
3.243000e-05	-4.427363e-03	3.524371e+00
3.244000e-05	-6.605454e-03	3.461654e+00
3.245000e-05	-7.401875e-03	3.408871e+00
3.246000e-05	-4.353616e-03	3.304681e+00
3.247000e-05	-3.343202e-03	3.231550e+00
3.248000e-05	-5.545891e-03	3.198550e+00
3.249000e-05	-8.430306e-03	3.137946e+00
3.250000e-05	-7.237704e-03	3.084262e+00
3.251000e-05	-4.647224e-03	3.042580e+00
3.252000e-05	-4.637211e-03	2.987975e+00
3.253000e-05	-6.189605e-03	2.916861e+00
3.254000e-05	-6.259713e-03	2.863104e+00
3.255000e-05	-4.795683e-03	2.791550e+00
3.256000e-05	-3.448351e-03	2.779996e+00
3.257000e-05	-6.032021e-03	2.676895e+00
3.258000e-05	-7.287326e-03	2.613180e+00
3.259000e-05	-5.732074e-03	2.505113e+00
3.260000e-05	-3.263285e-03	2.440105e+00
3.261000e-05	-3.850689e-03	2.377894e+00
3.262000e-05	-7.099275e-03	2.335839e+00
3.263000e-05	-6.630791e-03	2.232103e+00
3.264000e-05	-2.554380e-03	2.168922e+00
3.265000e-05	-2.594550e-03	2.085264e+00
3.266000e-05	-7.149020e-03	2.041634e+00
3.267000e-05	-6.053086e-03	1.970000e+00
3.268000e-05	-2.552000e-03	1.947867e+00
3.269000e-05	-1.762811e-03	1.831679e+00
3.270000e-05	-5.313653e-03	1.787460e+00
3.271000e-05	-7.824410e-03	1.693739e+00
3.272000e-05	-5.383761e-03	1.611552e+00
3.273000e-05	-2.749591e-03	1.496864e+00
3.274000e-05	-2.902003e-03	1.419599e+00
3.275000e-05	-4.851550e-03	1.346994e+00
3.276000e-05	-4.510741e-03	1.323760e+00
3.277000e-05	-3.136809e-03	1.177049e+00
3.278000e-05	-2.412632e-03	1.126340e+00
3.279000e-05	-5.705324e-03	1.000472e+00
3.280000e-05	-6.996184e-03	8.932330e-01
3.281000e-05	-4.337686e-03	7.999990e-01
3.282000e-05	-1.493922e-03	7.568934e-01
3.283000e-05	-2.472489e-03	6.327292e-01
3.284000e-05	-3.721424e-03	5.789985e-01
3.285000e-05	-5.657078e-03	5.061858e-01
3.286000e-05	-2.287839e-03	4.305501e-01
3.287000e-05	-2.953130e-03	3.984724e-01
3.288000e-05	-4.120669e-03	2.832344e-01
3.289000e-05	-5.878163e-03	1.678973e-01
3.290000e-05	-3.282813e-03	5.420535e-02
3.291000e-05	-1.149494e-03	-1.050144e-02
3.292000e-05	5.140950e-04	-8.368789e-02
3.293000e-05	-2.187981e-03	-1.478435e-01
3.294000e-05	-8.047772e-04	-2.421026e-01
3.295000e-05	-1.112091e-03	-3.158382e-01
3.296000e-05	1.733726e-04	-3.788749e-01
3.297000e-05	-2.884841e-03	-4.125051e-01
3.298000e-05	3.400501e-03	-4.831865e-01
3.299000e-05	1.881303e-02	-6.074536e-01
3.300000e-05	2.389402e-02	-7.262420e-01
3.301000e-05	-2.870651e-02	-8.740841e-01
3.302000e-05	-5.354541e-02	-9.688949e-01
3.303000e-05	5.618954e-03	-9.888949e-01
3.304000e-05	4.921505e-02	-9.879459e-01
3.305000e-05	-1.503849e-02	-1.105088e+00
3.306000e-05	-3.907958e-02	-1.233033e+00
3.307000e-05	4.223750e-02	-1.293638e+00
3.308000e-05	4.180826e-02	-1.327188e+00
3.309000e-05	-6.726658e-02	-1.514691e+00
3.310000e-05	-2.191750e-02	-1.601055e+00
3.311000e-05	4.538488e-02	-1.661551e+00
3.312000e-05	-1.119146e-02	-1.726267e+00
3.313000e-05	-4.610675e-02	-1.852003e+00
3.314000e-05	8.031529e-02	-1.883583e+00
3.315000e-05	1.526216e-02	-1.946243e+00
3.316000e-05	-7.618851e-02	-2.030526e+00
3.317000e-05	1.306760e-02	-2.042007e+00
3.318000e-05	3.726203e-02	-2.167323e+00
3.319000e-05	-2.734125e-02	-2.283216e+00
3.320000e-05	-2.206510e-02	-2.369425e+00
3.321000e-05	4.012549e-02	-2.420576e+00
3.322000e-05	-8.316833e-03	-2.483584e+00
3.323000e-05	-5.565214e-03	-2.505846e+00
3.324000e-05	4.744399e-03	-2.630403e+00
3.325000e-05	-2.489005e-02	-2.705291e+00
3.326000e-05	1.333888e-03	-2.767842e+00
3.327000e-05	2.123546e-02	-2.789425e+00
3.328000e-05	-5.604421e-03	-2.832106e+00
3.329000e-05	1.316030e-03	-2.905689e+00
3.330000e-05	-3.922292e-03	-3.018854e+00
3.331000e-05	-8.599530e-03	-3.076191e+00
3.332000e-05	1.675067e-02	-3.178471e+00
3.333000e-05	-4.170299e-03	-3.209478e+00
3.334000e-05	-2.511766e-02	-3.273038e+00
3.335000e-05	1.602498e-02	-3.304687e+00
3.336000e-05	1.435894e-02	-3.359446e+00
3.337000e-05	-1.202394e-02	-3.420553e+00
3.338000e-05	-2.904682e-03	-3.473003e+00
3.339000e-05	-6.685409e-03	-3.526263e+00
3.340000e-05	1.264000e-03	-3.548424e+00
3.341000e-05	1.003717e-02	-3.598499e+00
3.342000e-05	-4.925460e-03	-3.602001e+00
3.343000e-05	-9.442842e-03	-3.620603e+00
3.344000e-05	6.904438e-03	-3.714616e+00
3.345000e-05	4.570692e-03	-3.779804e+00
3.346000e-05	-1.551317e-03	-3.822538e+00
3.347000e-05	-7.328502e-03	-3.937265e+00
3.348000e-05	-2.434638e-03	-3.967346e+00
3.349000e-05	5.929715e-03	-3.989500e+00
3.350000e-05	4.666362e-03	-4.009500e+00
3.351000e-05	-4.357709e-03	-4.000033e+00
3.352000e-05	-6.406081e-03	-4.051555e+00
3.353000e-05	4.709149e-03	-4.085218e+00
3.354000e-05	6.108866e-03	-4.104264e+00
3.355000e-05	-2.215603e-03	-4.127293e+00
3.356000e-05	-6.822679e-03	-4.169398e+00
3.357000e-05	2.910466e-04	-4.198949e+00
3.358000e-05	5.597267e-03	-4.231100e+00
3.359000e-05	3.955530e-03	-4.230632e+00
3.360000e-05	-5.038127e-03	-4.263513e+00
3.361000e-05	-4.754158e-03	-4.283113e+00
3.362000e-05	3.611660e-03	-4.293213e+00
3.363000e-05	2.470737e-03	-4.334266e+00
3.364000e-05	-1.044009e-03	-4.324844e+00
3.365000e-05	-4.218722e-03	-4.306340e+00
3.366000e-05	-7.116866e-04	-4.346820e+00
3.367000e-05	4.997104e-03	-4.358373e+00
3.368000e-05	8.840224e-04	-4.377442e+00
3.369000e-05	-5.164743e-03	-4.367897e+00
3.370000e-05	-3.358311e-03	-4.348420e+00
3.371000e-05	2.023830e-03	-4.398371e+00
3.372000e-05	3.062967e-03	-4.388399e+00
3.373000e-05	-1.208679e-03	-4.368922e+00
3.374000e-05	-4.419578e-03	-4.357296e+00
3.375000e-05	1.105470e-03	-4.368447e+00
3.376000e-05	2.736888e-03	-4.357816e+00
3.377000e-05	-1.228866e-03	-4.296868e+00
3.378000e-05	-4.235476e-03	-4.347817e+00
3.379000e-05	-1.291651e-04	-4.325297e+00
3.380000e-05	2.853905e-03	-4.285166e+00
3.381000e-05	1.016119e-03	-4.275136e+00
3.382000e-05	-3.254569e-03	-4.232136e+00
3.383000e-05	-3.562481e-03	-4.272658e+00
3.384000e-05	7.061711e-04	-4.231052e+00
3.385000e-05	2.281377e-03	-4.200479e+00
3.386000e-05	-7.722314e-04	-4.190003e+00
3.387000e-05	-2.738470e-03	-4.198401e+00
3.388000e-05	-7.523954e-04	-4.148870e+00
3.389000e-05	1.568112e-03	-4.136363e+00
3.390000e-05	7.351407e-05	-4.093713e+00
3.391000e-05	-3.547243e-03	-4.072162e+00
3.392000e-05	-2.895820e-03	-4.021078e+00
3.393000e-05	1.474655e-03	-4.000503e+00
3.394000e-05	2.419905e-03	-4.000000e+00
3.395000e-05	-1.444702e-03	-3.968974e+00
3.396000e-05	-3.964864e-03	-3.925868e+00
3.397000e-05	1.793211e-04	-3.921661e+00
3.398000e-05	2.046666e-03	-3.819458e+00
3.399000e-05	-6.207847e-04	-3.695866e+00
3.400000e-05	-3.035824e-03	-3.703238e+00
3.401000e-05	-3.067669e-03	-3.612653e+00
3.402000e-05	1.743834e-03	-3.590024e+00
3.403000e-05	2.499946e-04	-3.568950e+00
3.404000e-05	-1.736099e-03	-3.534318e+00
3.405000e-05	-3.365498e-03	-3.463611e+00
3.406000e-05	-4.857665e-04	-3.440578e+00
3.407000e-05	1.810235e-03	-3.369396e+00
3.408000e-05	-1.317272e-03	-3.314418e+00
3.409000e-05	-3.550683e-03	-3.284607e+00
3.410000e-05	-1.981943e-03	-3.241653e+00
3.411000e-05	9.874985e-04	-3.187973e+00
3.412000e-05	-6.596518e-04	-3.136341e+00
3.413000e-05	-2.956631e-03	-3.063679e+00
3.414000e-05	-2.609429e-03	-2.966393e+00
3.415000e-05	2.285114e-04	-2.894130e+00
3.416000e-05	4.099254e-07	-2.810551e+00
3.417000e-05	-2.585090e-03	-2.778920e+00
3.418000e-05	-3.075466e-03	-2.685318e+00
3.419000e-05	-1.607178e-03	-2.602084e+00
3.420000e-05	-1.625502e-05	-2.628872e+00
3.421000e-05	-1.646722e-03	-2.504811e+00
3.422000e-05	-4.174404e-03	-2.451579e+00
3.423000e-05	-2.900754e-03	-2.398474e+00
3.424000e-05	-6.670847e-04	-2.347296e+00
3.425000e-05	-6.750924e-04	-2.241131e+00
3.426000e-05	-3.217292e-03	-2.106298e+00
3.427000e-05	-3.874078e-03	-2.070058e+00
3.428000e-05	-5.805811e-04	-1.999499e+00
3.429000e-05	-1.662174e-03	-1.925888e+00
3.430000e-05	-1.813610e-03	-1.862684e+00
3.431000e-05	-4.245760e-03	-1.799000e+00
3.432000e-05	-3.103856e-03	-1.725789e+00
3.433000e-05	-1.592159e-03	-1.642603e+00
3.434000e-05	-2.075669e-04	-1.589973e+00
3.435000e-05	-4.268192e-03	-1.513267e+00
3.436000e-05	-4.425994e-03	-1.369053e+00
3.437000e-05	-3.557834e-03	-1.293080e+00
3.438000e-05	-1.984401e-03	-1.196999e+00
3.439000e-05	-4.293011e-03	-1.114787e+00
3.440000e-05	-3.984298e-03	-1.040075e+00
3.441000e-05	-2.726085e-03	-9.574448e-01
3.442000e-05	-5.770632e-04	-8.631578e-01
3.443000e-05	-2.679878e-03	-7.886012e-01
3.444000e-05	-5.079417e-03	-7.463885e-01
3.445000e-05	-5.239039e-03	-6.510304e-01
3.446000e-05	-3.911163e-03	-5.353158e-01
3.447000e-05	-2.589586e-03	-4.021302e-01
3.448000e-05	-4.103169e-03	-3.673999e-01
3.449000e-05	-4.414236e-03	-2.752630e-01
3.450000e-05	-2.651961e-03	-2.215262e-01
3.451000e-05	-7.700804e-04	-1.478921e-01
3.452000e-05	-2.039499e-03	-4.268397e-02
3.453000e-05	-3.828819e-03	-1.002506e-02
3.454000e-05	-3.571379e-03	7.318026e-02
3.455000e-05	-1.965712e-03	1.368448e-01
3.456000e-05	-1.078530e-03	2.747107e-01
3.457000e-05	-2.708543e-03	3.893998e-01
3.458000e-05	-2.186507e-03	4.200266e-01
3.459000e-05	4.392755e-03	5.047567e-01
3.460000e-05	1.897790e-02	5.593936e-01
3.461000e-05	1.926358e-02	6.916895e-01
3.462000e-05	-3.019593e-02	8.009237e-01
3.463000e-05	-5.692741e-02	8.110515e-01
3.464000e-05	-1.306733e-02	8.816541e-01
3.465000e-05	6.346067e-02	9.498235e-01
3.466000e-05	-2.358638e-02	1.096893e+00
3.467000e-05	-4.231401e-02	1.201528e+00
3.468000e-05	4.483818e-03	1.263080e+00
3.469000e-05	5.582440e-02	1.376921e+00
3.470000e-05	-3.868993e-02	1.492505e+00
3.471000e-05	-4.165301e-02	1.506761e+00
3.472000e-05	3.293208e-02	1.632138e+00
3.473000e-05	-2.052767e-02	1.757896e+00
3.474000e-05	-3.276834e-02	1.801524e+00
3.475000e-05	4.463113e-02	1.862530e+00
3.476000e-05	2.661268e-02	1.917920e+00
3.477000e-05	-6.313442e-02	2.000478e+00
3.478000e-05	3.568841e-03	2.072580e+00
3.479000e-05	2.469665e-02	2.126767e+00
3.480000e-05	-1.464981e-02	2.230028e+00
3.481000e-05	-3.406874e-02	2.273108e+00
3.482000e-05	3.331511e-02	2.336867e+00
3.483000e-05	-4.131243e-03	2.410500e+00
3.484000e-05	-9.445237e-03	2.451083e+00
3.485000e-05	-2.840681e-03	2.476313e+00
3.486000e-05	-2.214255e-02	2.644132e+00
3.487000e-05	-4.189051e-03	2.718897e+00
3.488000e-05	9.821758e-03	2.788451e+00
3.489000e-05	8.540962e-03	2.821026e+00
3.490000e-05	-1.215834e-02	2.873190e+00
3.491000e-05	-4.753291e-03	2.947398e+00
3.492000e-05	-1.063891e-02	3.020005e+00
3.493000e-05	9.462499e-03	3.043053e+00
3.494000e-05	-1.020043e-02	3.127268e+00
3.495000e-05	-2.099770e-02	3.169474e+00
3.496000e-05	2.313048e-03	3.210505e+00
3.497000e-05	1.256774e-02	3.231582e+00
3.498000e-05	-4.889836e-03	3.284190e+00
3.499000e-05	-1.403289e-02	3.350479e+00
3.500000e-05	-8.027988e-03	3.455737e+00
3.501000e-05	-5.868393e-03	3.537847e+00
3.502000e-05	3.117590e-03	3.599475e+00
3.503000e-05	-5.592147e-03	3.610527e+00
3.504000e-05	-1.465117e-02	3.601579e+00
3.505000e-05	-2.069749e-03	3.685164e+00
3.506000e-05	5.648579e-03	3.735391e+00
3.507000e-05	-3.802020e-03	3.739372e+00
3.508000e-05	-1.506587e-02	3.810475e+00
3.509000e-05	-7.868551e-03	3.863005e+00
3.510000e-05	-1.201374e-03	3.884762e+00
3.511000e-05	1.255240e-03	3.936320e+00
3.512000e-05	-8.730031e-03	3.967420e+00
3.513000e-05	-1.242876e-02	3.969449e+00
3.514000e-05	-2.545840e-03	3.998970e+00
3.515000e-05	2.517316e-03	4.020528e+00
3.516000e-05	-4.835467e-03	4.032575e+00
3.517000e-05	-1.401750e-02	4.041130e+00
3.518000e-05	-7.309801e-03	4.065762e+00
3.519000e-05	-1.377289e-03	4.093765e+00
3.520000e-05	8.445916e-04	4.115843e+00
3.521000e-05	-9.481813e-03	4.177901e+00
3.522000e-05	-1.028184e-02	4.201571e+00
3.523000e-05	-3.904730e-03	4.160995e+00
3.524000e-05	-5.778356e-05	4.264262e+00
3.525000e-05	-4.426213e-03	4.245631e+00
3.526000e-05	-1.154190e-02	4.255283e+00
3.527000e-05	-6.399575e-03	4.345787e+00
3.528000e-05	-1.612198e-03	4.287387e+00
3.529000e-05	-1.010623e-03	4.318371e+00
3.530000e-05	-9.826877e-03	4.326441e+00
3.531000e-05	-9.954568e-03	4.336841e+00
3.532000e-05	-3.956926e-03	4.336362e+00
3.533000e-05	-6.907075e-04	4.337393e+00
3.534000e-05	-6.554506e-03	4.317866e+00
3.535000e-05	-1.046923e-02	4.306864e+00
3.536000e-05	-5.774386e-03	4.316366e+00
3.537000e-05	-1.410105e-03	4.274789e+00
3.538000e-05	-2.949067e-03	4.315763e+00
3.539000e-05	-9.352838e-03	4.294887e+00
3.540000e-05	-8.755241e-03	4.213703e+00
3.541000e-05	-2.939133e-03	4.232607e+00
3.542000e-05	-1.400647e-03	4.201634e+00
3.543000e-05	-6.944984e-03	4.178475e+00
3.544000e-05	-1.070530e-02	4.095970e+00
3.545000e-05	-6.452612e-03	4.084791e+00
3.546000e-05	-2.150023e-03	4.084690e+00
3.547000e-05	-3.609117e-03	4.033759e+00
3.548000e-05	-9.248901e-03	4.010603e+00
3.549000e-05	-7.583532e-03	4.002550e+00
3.550000e-05	-3.498832e-03	4.000053e+00
3.551000e-05	-2.337609e-03	3.989500e+00
3.552000e-05	-7.223374e-03	3.978424e+00
3.553000e-05	-9.692113e-03	3.927342e+00
3.554000e-05	-6.108174e-03	3.874262e+00
3.555000e-05	-1.966580e-03	3.892286e+00
3.556000e-05	-4.340679e-03	3.801109e+00
3.557000e-05	-8.049012e-03	3.799525e+00
3.558000e-05	-7.494537e-03	3.737370e+00
3.559000e-05	-4.138344e-03	3.665162e+00
3.560000e-05	-3.649237e-03	3.693082e+00
3.561000e-05	-6.772326e-03	3.621054e+00
3.562000e-05	-8.632844e-03	3.570551e+00
3.563000e-05	-5.880677e-03	3.599471e+00
3.564000e-05	-3.536232e-03	3.537896e+00
3.565000e-05	-5.991944e-03	3.433806e+00
3.566000e-05	-7.898855e-03	3.400026e+00
3.567000e-05	-7.395150e-03	3.294334e+00
3.568000e-05	-3.117181e-03	3.272607e+00
3.569000e-05	-3.758082e-03	3.200500e+00
3.570000e-05	-6.976009e-03	3.159499e+00
3.571000e-05	-8.464461e-03	3.075288e+00
3.572000e-05	-4.551322e-03	3.041207e+00
3.573000e-05	-3.357899e-03	2.988975e+00
3.574000e-05	-4.753892e-03	2.947395e+00
3.575000e-05	-8.819728e-03	2.873737e+00
3.576000e-05	-5.291607e-03	2.840075e+00
3.577000e-05	-4.088230e-03	2.799999e+00
3.578000e-05	-3.281450e-03	2.727418e+00
3.579000e-05	-7.508621e-03	2.650760e+00
3.580000e-05	-6.560998e-03	2.545889e+00
3.581000e-05	-5.359060e-03	2.462130e+00
3.582000e-05	-3.009191e-03	2.390099e+00
3.583000e-05	-6.228343e-03	2.356842e+00
3.584000e-05	-7.018209e-03	2.264203e+00
3.585000e-05	-5.716171e-03	2.220550e+00
3.586000e-05	-2.149132e-03	2.125362e+00
3.587000e-05	-5.206885e-03	2.071655e+00
3.588000e-05	-6.266255e-03	1.990526e+00
3.589000e-05	-6.626448e-03	1.957519e+00
3.590000e-05	-3.363220e-03	1.905733e+00
3.591000e-05	-3.379400e-03	1.779025e+00
3.592000e-05	-3.798205e-03	1.745287e+00
3.593000e-05	-7.217444e-03	1.642082e+00
3.594000e-05	-3.697634e-03	1.538919e+00
3.595000e-05	-2.721196e-03	1.443157e+00
3.596000e-05	-4.369098e-03	1.348899e+00
3.597000e-05	-6.768816e-03	1.285284e+00
3.598000e-05	-5.223236e-03	1.230605e+00
3.599000e-05	-3.061779e-03	1.117444e+00
3.600000e-05	-2.362803e-03	1.041629e+00
3.601000e-05	-5.319201e-03	8.548357e-01
3.602000e-05	-5.470271e-03	8.005264e-01
3.603000e-05	-4.531069e-03	7.479211e-01
3.604000e-05	-3.031555e-03	6.652630e-01
3.605000e-05	-3.736349e-03	5.995238e-01
3.606000e-05	-5.047873e-03	5.378170e-01
3.607000e-05	-4.546844e-03	4.726027e-01
3.608000e-05	-2.927928e-03	3.980461e-01
3.609000e-05	-2.944672e-03	3.337883e-01
3.610000e-05	-4.224045e-03	2.106252e-01
3.611000e-05	-3.952350e-03	8.378412e-02
3.612000e-05	-2.915892e-03	-1.945237e-02
3.613000e-05	-5.789878e-04	-6.463150e-02
3.614000e-05	-1.392892e-03	-1.167655e-01
3.615000e-05	-1.617221e-03	-1.904050e-01
3.616000e-05	-1.852324e-03	-2.931079e-01
3.617000e-05	3.573730e-05	-3.478973e-01
3.618000e-05	-9.220122e-04	-4.099774e-01
3.619000e-05	-1.850064e-04	-4.630575e-01
3.620000e-05	1.299210e-02	-5.792433e-01
3.621000e-05	2.376452e-02	-6.856617e-01
3.622000e-05	-9.393488e-03	-8.425524e-01
3.623000e-05	-5.668581e-02	-9.263447e-01
3.624000e-05	-2.822711e-02	-9.784750e-01
3.625000e-05	6.460017e-02	-1.000871e+00
3.626000e-05	-6.649450e-03	-1.041480e+00
3.627000e-05	-2.863273e-02	-1.221076e+00
3.628000e-05	-1.456185e-02	-1.252139e+00
3.629000e-05	6.295389e-02	-1.313637e+00
3.630000e-05	-4.947271e-02	-1.402536e+00
3.631000e-05	-4.623241e-02	-1.569950e+00
3.632000e-05	4.087928e-02	-1.631001e+00
3.633000e-05	8.995570e-03	-1.683158e+00
3.634000e-05	-5.750581e-02	-1.789450e+00
3.635000e-05	3.607202e-02	-1.873706e+00
3.636000e-05	5.768701e-02	-1.895188e+00
3.637000e-05	-5.559293e-02	-1.999424e+00
3.638000e-05	-3.108407e-02	-2.042004e+00
3.639000e-05	4.694192e-02	-2.104114e+00
3.640000e-05	-2.474905e-03	-2.233480e+00
3.641000e-05	-4.950378e-02	-2.357896e+00
3.642000e-05	3.841746e-02	-2.410975e+00
3.643000e-05	4.966375e-04	-2.433658e+00
3.644000e-05	-8.017142e-03	-2.545348e+00
3.645000e-05	7.189954e-03	-2.600924e+00
3.646000e-05	-1.421119e-02	-2.694188e+00
3.647000e-05	-1.405378e-02	-2.706843e+00
3.648000e-05	1.886393e-02	-2.798375e+00
3.649000e-05	4.116980e-03	-2.811056e+00
3.650000e-05	-7.296821e-03	-2.904117e+00
3.651000e-05	3.610272e-03	-2.926896e+00
3.652000e-05	-1.805462e-02	-3.063089e+00
3.653000e-05	1.065577e-02	-3.156972e+00
3.654000e-05	9.900331e-03	-3.200000e+00
3.655000e-05	-2.496684e-02	-3.209978e+00
3.656000e-05	-2.147315e-03	-3.254615e+00
3.657000e-05	2.242711e-02	-3.376795e+00
3.658000e-05	-5.388797e-03	-3.358501e+00
3.659000e-05	-5.779692e-03	-3.452081e+00
3.660000e-05	-1.485528e-03	-3.474661e+00
3.661000e-05	-7.217465e-03	-3.537821e+00
3.662000e-05	1.044946e-02	-3.569447e+00
3.663000e-05	1.517327e-03	-3.630025e+00
3.664000e-05	-1.014717e-02	-3.613106e+00
3.665000e-05	-1.302497e-03	-3.682617e+00
3.666000e-05	8.246729e-03	-3.697272e+00
3.667000e-05	3.592918e-03	-3.853484e+00
3.668000e-05	-5.516933e-03	-3.853238e+00
3.669000e-05	-6.201363e-03	-3.967792e+00
3.670000e-05	7.272514e-04	-3.979900e+00
3.671000e-05	8.001298e-03	-4.000499e+00
3.672000e-05	-3.864624e-04	-4.020506e+00
3.673000e-05	-8.002987e-03	-4.050527e+00
3.674000e-05	-1.637818e-03	-4.044609e+00
3.675000e-05	7.592609e-03	-4.114166e+00
3.676000e-05	2.056996e-03	-4.148292e+00
3.677000e-05	-6.784485e-03	-4.189447e+00
3.678000e-05	-3.788669e-03	-4.199874e+00
3.679000e-05	2.990333e-03	-4.200953e+00
3.680000e-05	7.377889e-03	-4.240980e+00
3.681000e-05	-1.291383e-03	-4.242554e+00
3.682000e-05	-6.619111e-03	-4.244582e+00
3.683000e-05	3.773956e-04	-4.252713e+00
3.684000e-05	4.134201e-03	-4.315167e+00
3.685000e-05	5.150544e-04	-4.336792e+00
3.686000e-05	-3.347674e-03	-4.347192e+00
3.687000e-05	-2.897130e-03	-4.336871e+00
3.688000e-05	3.265140e-03	-4.357922e+00
3.689000e-05	5.631313e-03	-4.338422e+00
3.690000e-05	-4.029656e-03	-4.349370e+00
3.691000e-05	-4.005930e-03	-4.337869e+00
3.692000e-05	-2.987515e-04	-4.367449e+00
3.693000e-05	3.466149e-03	-4.377421e+00
3.694000e-05	-7.989889e-06	-4.386947e+00
3.695000e-05	-4.699955e-03	-4.328446e+00
3.696000e-05	-3.815930e-04	-4.387870e+00
3.697000e-05	3.110545e-03	-4.318844e+00
3.698000e-05	1.962316e-03	-4.387321e+00
3.699000e-05	-4.288654e-03	-4.338365e+00
3.700000e-05	-3.221707e-03	-4.347820e+00
3.701000e-05	-6.079823e-05	-4.264767e+00
3.702000e-05	3.059244e-03	-4.295663e+00
3.703000e-05	-1.013522e-03	-4.272161e+00
3.704000e-05	-2.815066e-03	-4.252184e+00
3.705000e-05	-3.117412e-04	-4.240558e+00
3.706000e-05	3.763581e-03	-4.211053e+00
3.707000e-05	7.499033e-04	-4.209425e+00
3.708000e-05	-3.855965e-03	-4.179499e+00
3.709000e-05	-3.894872e-03	-4.167321e+00
3.710000e-05	3.891054e-04	-4.147419e+00
3.711000e-05	3.478650e-03	-4.053761e+00
3.712000e-05	-1.032716e-04	-4.073136e+00
3.713000e-05	-3.298396e-03	-4.041158e+00
3.714000e-05	-7.215783e-04	-4.040001e+00
3.715000e-05	2.628567e-03	-3.999974e+00
3.716000e-05	-7.520677e-04	-3.998922e+00
3.717000e-05	-4.345484e-03	-3.944391e+00
3.718000e-05	-4.194856e-03	-3.903688e+00
3.719000e-05	1.083219e-03	-3.833257e+00
3.720000e-05	3.086379e-03	-3.785948e+00
3.721000e-05	5.501291e-04	-3.745217e+00
3.722000e-05	-3.474774e-03	-3.622158e+00
3.723000e-05	7.310275e-05	-3.610502e+00
3.724000e-05	-2.235409e-04	-3.578948e+00
3.725000e-05	-6.895812e-04	-3.548869e+00
3.726000e-05	-4.875630e-03	-3.535716e+00
3.727000e-05	-2.706574e-03	-3.461604e+00
3.728000e-05	2.058483e-03	-3.388976e+00
3.729000e-05	2.555936e-03	-3.348319e+00
3.730000e-05	-1.328118e-03	-3.293237e+00
3.731000e-05	-3.432146e-03	-3.232580e+00
3.732000e-05	-1.448499e-03	-3.189976e+00
3.733000e-05	-3.093640e-04	-3.166941e+00
3.734000e-05	-1.836588e-03	-3.112181e+00
3.735000e-05	-4.655872e-03	-2.971049e+00
3.736000e-05	-3.032107e-03	-2.935264e+00
3.737000e-05	9.956642e-04	-2.821029e+00
3.738000e-05	1.119454e-03	-2.799950e+00
3.739000e-05	-1.791651e-03	-2.735812e+00
3.740000e-05	-3.812899e-03	-2.654210e+00
3.741000e-05	-1.646969e-03	-2.609049e+00
3.742000e-05	-7.717071e-04	-2.515866e+00
3.743000e-05	-2.893236e-03	-2.484234e+00
3.744000e-05	-4.846482e-03	-2.409976e+00
3.745000e-05	-1.748182e-03	-2.357969e+00
3.746000e-05	2.074700e-04	-2.302762e+00
3.747000e-05	-4.454098e-04	-2.228970e+00
3.748000e-05	-3.725530e-03	-2.073214e+00
3.749000e-05	-3.752412e-03	-2.009527e+00
3.750000e-05	-2.281973e-03	-1.956896e+00
3.751000e-05	-2.101780e-03	-1.903733e+00
3.752000e-05	-3.501179e-03	-1.799005e+00
3.753000e-05	-3.818980e-03	-1.727818e+00
3.754000e-05	-1.535058e-03	-1.672159e+00
3.755000e-05	-1.313954e-04	-1.620028e+00
3.756000e-05	-1.107803e-03	-1.537446e+00
3.757000e-05	-4.845325e-03	-1.440648e+00
3.758000e-05	-4.396380e-03	-1.313809e+00
3.759000e-05	-4.429442e-03	-1.221528e+00
3.760000e-05	-2.195129e-03	-1.106391e+00
3.761000e-05	-3.618683e-03	-1.081204e+00
3.762000e-05	-1.858078e-03	-9.589985e-01
3.763000e-05	-2.345752e-03	-8.833105e-01
3.764000e-05	-1.392890e-03	-7.916250e-01
3.765000e-05	-2.967893e-03	-7.583724e-01
3.766000e-05	-5.546908e-03	-6.947581e-01
3.767000e-05	-6.325153e-03	-5.859687e-01
3.768000e-05	-3.976898e-03	-4.617313e-01
3.769000e-05	-2.477773e-03	-3.789776e-01
3.770000e-05	-1.951356e-03	-3.163670e-01
3.771000e-05	-3.840834e-03	-2.611303e-01
3.772000e-05	-3.167671e-03	-1.474474e-01
3.773000e-05	-2.507737e-03	-9.513642e-02
3.774000e-05	-2.527298e-03	-3.005144e-02
3.775000e-05	-3.186932e-03	3.110257e-02
3.776000e-05	-3.628871e-03	1.062146e-01
3.777000e-05	-2.522713e-03	2.815852e-01
3.778000e-05	-7.762757e-04	3.088446e-01
3.779000e-05	-2.633056e-03	3.900238e-01
3.780000e-05	-1.165289e-03	4.442053e-01
3.781000e-05	1.217462e-02	5.367672e-01
3.782000e-05	2.199510e-02	6.425552e-01
3.783000e-05	-5.332668e-03	7.293411e-01
3.784000e-05	-5.560711e-02	8.120514e-01
3.785000e-05	-4.044904e-02	8.320552e-01
3.786000e-05	4.993669e-02	9.243368e-01
3.787000e-05	1.192097e-02	1.082710e+00
3.788000e-05	-3.116354e-02	1.199875e+00
3.789000e-05	-4.070757e-02	1.232029e+00
3.790000e-05	6.724439e-02	1.306818e+00
3.791000e-05	-3.024786e-02	1.391127e+00
3.792000e-05	-5.142508e-02	1.493710e+00
3.793000e-05	1.372231e-02	1.598316e+00
3.794000e-05	4.102727e-03	1.695321e+00
3.795000e-05	-3.405572e-02	1.789999e+00
3.796000e-05	1.123776e-02	1.811078e+00
3.797000e-05	5.445790e-02	1.906766e+00
3.798000e-05	-4.902831e-02	1.988999e+00
3.799000e-05	-3.064981e-02	2.042028e+00
3.800000e-05	3.302295e-02	2.114683e+00
3.801000e-05	5.217804e-03	2.158974e+00
3.802000e-05	-4.532415e-02	2.222128e+00
3.803000e-05	2.014946e-02	2.307767e+00
3.804000e-05	2.702981e-03	2.370028e+00
3.805000e-05	-3.760405e-03	2.422029e+00
3.806000e-05	-3.808207e-03	2.485688e+00
3.807000e-05	-1.121455e-02	2.589949e+00
3.808000e-05	-1.580282e-02	2.708366e+00
3.809000e-05	5.747338e-03	2.759472e+00
3.810000e-05	1.135791e-02	2.811028e+00
3.811000e-05	-1.406275e-02	2.864710e+00
3.812000e-05	-4.235723e-03	2.938394e+00
3.813000e-05	-1.669502e-02	2.979028e+00
3.814000e-05	1.026331e-02	3.042528e+00
3.815000e-05	-1.667002e-03	3.085311e+00
3.816000e-05	-1.771429e-02	3.178846e+00
3.817000e-05	-1.208322e-02	3.199976e+00
3.818000e-05	1.576478e-02	3.191053e+00
3.819000e-05	-7.022226e-05	3.244655e+00
3.820000e-05	-1.395626e-02	3.368843e+00
3.821000e-05	-9.111853e-03	3.462557e+00
3.822000e-05	-9.526831e-03	3.506341e+00
3.823000e-05	5.622436e-03	3.568497e+00
3.824000e-05	-2.440495e-03	3.600525e+00
3.825000e-05	-1.151390e-02	3.611002e+00
3.826000e-05	-1.221985e-02	3.643705e+00
3.827000e-05	6.427961e-03	3.726318e+00
3.828000e-05	-1.906099e-04	3.728423e+00
3.829000e-05	-1.160985e-02	3.780475e+00
3.830000e-05	-1.134767e-02	3.852552e+00
3.831000e-05	-3.259743e-03	3.823184e+00
3.832000e-05	4.456535e-03	3.917796e+00
3.833000e-05	-6.201775e-03	3.977288e+00
3.834000e-05	-1.314475e-02	3.988449e+00
3.835000e-05	-1.018327e-02	3.979946e+00
3.836000e-05	3.587767e-03	4.010451e+00
3.837000e-05	-1.332781e-03	4.030526e+00
3.838000e-05	-1.138054e-02	4.051555e+00
3.839000e-05	-1.158594e-02	4.053689e+00
3.840000e-05	-1.492196e-03	4.126417e+00
3.841000e-05	4.053769e-03	4.127290e+00
3.842000e-05	-7.563310e-03	4.139439e+00
3.843000e-05	-1.445315e-02	4.181424e+00
3.844000e-05	-8.613023e-03	4.212401e+00
3.845000e-05	2.161517e-03	4.231134e+00
3.846000e-05	-2.152996e-03	4.284733e+00
3.847000e-05	-1.068357e-02	4.334612e+00
3.848000e-05	-9.691257e-03	4.335817e+00
3.849000e-05	-9.430688e-04	4.327843e+00
3.850000e-05	1.397124e-03	4.346321e+00
3.851000e-05	-8.802134e-03	4.366916e+00
3.852000e-05	-1.337593e-02	4.307919e+00
3.853000e-05	-7.076915e-03	4.336766e+00
3.854000e-05	1.292538e-03	4.347296e+00
3.855000e-05	-3.800612e-03	4.357345e+00
3.856000e-05	-1.042202e-02	4.345370e+00
3.857000e-05	-8.765502e-03	4.327366e+00
3.858000e-05	-1.898681e-03	4.287817e+00
3.859000e-05	-1.504924e-03	4.286311e+00
3.860000e-05	-8.767147e-03	4.326792e+00
3.861000e-05	-1.058066e-02	4.244812e+00
3.862000e-05	-4.700070e-03	4.231158e+00
3.863000e-05	8.688563e-04	4.252131e+00
3.864000e-05	-4.843403e-03	4.243005e+00
3.865000e-05	-1.023926e-02	4.167996e+00
3.866000e-05	-7.981923e-03	4.117869e+00
3.867000e-05	-3.312625e-03	4.064262e+00
3.868000e-05	-2.580206e-03	4.023686e+00
3.869000e-05	-8.324653e-03	4.013156e+00
3.870000e-05	-8.353729e-03	4.061053e+00
3.871000e-05	-4.636100e-03	4.010025e+00
3.872000e-05	-1.623775e-05	3.978976e+00
3.873000e-05	-6.359939e-03	3.979469e+00
3.874000e-05	-8.980674e-03	3.947893e+00
3.875000e-05	-8.130409e-03	3.906763e+00
3.876000e-05	-2.533790e-03	3.874289e+00
3.877000e-05	-3.710807e-03	3.841153e+00
3.878000e-05	-7.001515e-03	3.801454e+00
3.879000e-05	-7.491690e-03	3.769469e+00
3.880000e-05	-4.474907e-03	3.706788e+00
3.881000e-05	-1.564574e-03	3.664259e+00
3.882000e-05	-5.664185e-03	3.652634e+00
3.883000e-05	-8.516476e-03	3.619501e+00
3.884000e-05	-7.469384e-03	3.569903e+00
3.885000e-05	-3.188285e-03	3.507324e+00
3.886000e-05	-3.154963e-03	3.485387e+00
3.887000e-05	-6.814000e-03	3.419179e+00
3.888000e-05	-7.603690e-03	3.287863e+00
3.889000e-05	-3.363524e-03	3.241678e+00
3.890000e-05	-3.221783e-03	3.210550e+00
3.891000e-05	-6.339854e-03	3.180500e+00
3.892000e-05	-9.248943e-03	3.135345e+00
3.893000e-05	-5.750318e-03	3.094312e+00
3.894000e-05	-9.557529e-04	3.041025e+00
3.895000e-05	-2.991448e-03	2.938997e+00
3.896000e-05	-8.426034e-03	2.874763e+00
3.897000e-05	-7.784529e-03	2.842054e+00
3.898000e-05	-2.753737e-03	2.820501e+00
3.899000e-05	-2.391357e-03	2.757946e+00
3.900000e-05	-6.611566e-03	2.702242e+00
3.901000e-05	-8.627450e-03	2.609395e+00
3.902000e-05	-5.027294e-03	2.483708e+00
3.903000e-05	-2.074393e-03	2.440129e+00
3.904000e-05	-3.921697e-03	2.368345e+00
3.905000e-05	-8.717980e-03	2.324738e+00
3.906000e-05	-7.056149e-03	2.221051e+00
3.907000e-05	-3.039687e-03	2.148397e+00
3.908000e-05	-1.107147e-03	2.104234e+00
3.909000e-05	-6.153774e-03	1.990076e+00
3.910000e-05	-8.057872e-03	1.988494e+00
3.911000e-05	-4.754668e-03	1.914312e+00
3.912000e-05	-1.550796e-03	1.842022e+00
3.913000e-05	-4.024746e-03	1.746341e+00
3.914000e-05	-6.814777e-03	1.662233e+00
3.915000e-05	-5.541205e-03	1.569526e+00
3.916000e-05	-2.564428e-03	1.503233e+00
3.917000e-05	-3.037759e-03	1.389100e+00
3.918000e-05	-6.105048e-03	1.356341e+00
3.919000e-05	-6.763364e-03	1.231156e+00
3.920000e-05	-3.585782e-03	1.137920e+00
3.921000e-05	-1.661519e-03	1.073108e+00
3.922000e-05	-3.215966e-03	9.373959e-01
3.923000e-05	-5.722396e-03	8.105791e-01
3.924000e-05	-5.603597e-03	7.800448e-01
3.925000e-05	-3.011602e-03	6.768634e-01
3.926000e-05	-2.831471e-03	6.716502e-01
3.927000e-05	-5.064926e-03	5.379410e-01
3.928000e-05	-5.292667e-03	4.946805e-01
3.929000e-05	-3.124924e-03	4.100276e-01
3.930000e-05	-1.333842e-03	3.464198e-01
3.931000e-05	-3.811796e-03	2.711842e-01
3.932000e-05	-5.193367e-03	1.163897e-01
3.933000e-05	-4.133880e-03	2.158033e-02
3.934000e-05	-1.614118e-03	-4.155258e-02
3.935000e-05	-1.891129e-04	-1.152880e-01
3.936000e-05	-1.076184e-03	-1.799511e-01
3.937000e-05	-1.895272e-03	-2.526879e-01
3.938000e-05	-2.964702e-03	-3.078445e-01
3.939000e-05	-1.198791e-03	-3.885012e-01
3.940000e-05	-3.711271e-03	-4.326327e-01
3.941000e-05	8.264383e-03	-5.067143e-01
3.942000e-05	2.270572e-02	-6.420777e-01
3.943000e-05	1.376527e-02	-7.704235e-01
3.944000e-05	-4.425307e-02	-8.961920e-01
3.945000e-05	-4.290771e-02	-9.894750e-01
3.946000e-05	3.922117e-02	-9.898749e-01
3.947000e-05	2.070957e-02	-1.020425e+00
3.948000e-05	-1.045194e-02	-1.137771e+00
3.949000e-05	-3.756058e-02	-1.251736e+00
3.950000e-05	7.589177e-02	-1.284634e+00
3.951000e-05	-5.552774e-03	-1.387826e+00
3.952000e-05	-5.990438e-02	-1.547796e+00
3.953000e-05	1.163412e-02	-1.620528e+00
3.954000e-05	2.529302e-02	-1.642579e+00
3.955000e-05	-4.124422e-02	-1.717371e+00
3.956000e-05	-1.420530e-02	-1.811530e+00
3.957000e-05	8.307596e-02	-1.884185e+00
3.958000e-05	-2.106544e-02	-1.937347e+00
3.959000e-05	-6.468893e-02	-2.031525e+00
3.960000e-05	4.066095e-02	-2.063631e+00
3.961000e-05	1.710949e-02	-2.209930e+00
3.962000e-05	-4.658561e-02	-2.335692e+00
3.963000e-05	1.257627e-02	-2.409422e+00
3.964000e-05	2.157524e-02	-2.442027e+00
3.965000e-05	-8.020489e-03	-2.505163e+00
3.966000e-05	9.429956e-04	-2.547325e+00
3.967000e-05	-2.920756e-03	-2.640508e+00
3.968000e-05	-2.425553e-02	-2.705367e+00
3.969000e-05	1.087576e-02	-2.798821e+00
3.970000e-05	1.308017e-02	-2.811450e+00
3.971000e-05	-1.010943e-02	-2.881090e+00
3.972000e-05	5.525131e-03	-2.945291e+00
3.973000e-05	-1.223786e-02	-3.020431e+00
3.974000e-05	8.226487e-05	-3.136796e+00
3.975000e-05	1.703177e-02	-3.179476e+00
3.976000e-05	-1.539675e-02	-3.231051e+00
3.977000e-05	-1.466825e-02	-3.252608e+00
3.978000e-05	2.530809e-02	-3.355768e+00
3.979000e-05	2.788433e-03	-3.367925e+00
3.980000e-05	-1.278949e-02	-3.430979e+00
3.981000e-05	-2.817330e-03	-3.444605e+00
3.982000e-05	-8.038924e-03	-3.506192e+00
3.983000e-05	6.462888e-03	-3.578946e+00
3.984000e-05	7.723647e-03	-3.599925e+00
3.985000e-05	-6.204296e-03	-3.610553e+00
3.986000e-05	-4.923189e-03	-3.643106e+00
3.987000e-05	9.171293e-03	-3.745241e+00
3.988000e-05	-7.247759e-04	-3.821406e+00
3.989000e-05	-4.805892e-03	-3.894089e+00
3.990000e-05	-8.522367e-03	-3.936770e+00
3.991000e-05	3.052468e-04	-3.969447e+00
3.992000e-05	8.378882e-03	-3.969451e+00
3.993000e-05	3.701279e-03	-3.999501e+00
3.994000e-05	-5.076729e-03	-4.022054e+00
3.995000e-05	-4.235419e-03	-4.052659e+00
3.996000e-05	5.494539e-03	-4.085736e+00
3.997000e-05	2.022403e-03	-4.124365e+00
3.998000e-05	-6.565141e-03	-4.177947e+00
3.999000e-05	-4.655384e-03	-4.158447e+00
4.000000e-05	1.908711e-03	-4.210000e+00
4.001000e-05	9.180732e-03	-4.231028e+00
4.002000e-05	1.664142e-03	-4.231079e+00
4.003000e-05	-5.530324e-03	-4.213132e+00
4.004000e-05	-3.589215e-03	-4.291662e+00
4.005000e-05	3.739980e-03	-4.283259e+00
4.006000e-05	7.713103e-04	-4.305218e+00
4.007000e-05	-1.130660e-03	-4.337343e+00
4.008000e-05	-2.968490e-03	-4.337317e+00
4.009000e-05	1.086616e-03	-4.337470e+00
4.010000e-05	6.620265e-03	-4.355370e+00
4.011000e-05	-2.275450e-03	-4.347898e+00
4.012000e-05	-4.426056e-03	-4.338369e+00
4.013000e-05	-3.504723e-03	-4.347399e+00
4.014000e-05	5.459632e-03	-4.358924e+00
4.015000e-05	2.082186e-03	-4.357370e+00
4.016000e-05	-1.688049e-03	-4.378449e+00
4.017000e-05	-5.305637e-03	-4.337370e+00
4.018000e-05	2.419819e-03	-4.367922e+00
4.019000e-05	1.327585e-03	-4.346397e+00
4.020000e-05	-1.434687e-03	-4.344865e+00
4.021000e-05	-4.219577e-03	-4.357318e+00
4.022000e-05	2.437726e-04	-4.333768e+00
4.023000e-05	4.206359e-03	-4.253689e+00
4.024000e-05	1.695982e-03	-4.254687e+00
4.025000e-05	-2.803500e-03	-4.253712e+00
4.026000e-05	-4.707823e-03	-4.242505e+00
4.027000e-05	5.128436e-04	-4.221030e+00
4.028000e-05	1.554097e-03	-4.230528e+00
4.029000e-05	-4.361045e-04	-4.199502e+00
4.030000e-05	-2.431567e-03	-4.169371e+00
4.031000e-05	-3.638848e-05	-4.116920e+00
4.032000e-05	3.033045e-03	-4.124288e+00
4.033000e-05	7.866868e-04	-4.103233e+00
4.034000e-05	-4.042268e-03	-4.031157e+00
4.035000e-05	-2.468962e-03	-4.020051e+00
4.036000e-05	1.105768e-03	-4.000525e+00
4.037000e-05	1.672215e-03	-3.979475e+00
4.038000e-05	-3.020636e-03	-3.967947e+00
4.039000e-05	-3.225001e-03	-3.883793e+00
4.040000e-05	-3.565366e-04	-3.901717e+00
4.041000e-05	1.663786e-03	-3.779452e+00
4.042000e-05	-1.498085e-03	-3.734895e+00
4.043000e-05	-2.489476e-03	-3.682159e+00
4.044000e-05	-3.618479e-04	-3.610025e+00
4.045000e-05	2.176912e-03	-3.599975e+00
4.046000e-05	-7.980107e-04	-3.568947e+00
4.047000e-05	-2.450489e-03	-3.545317e+00
4.048000e-05	-2.671531e-03	-3.462732e+00
4.049000e-05	2.176885e-04	-3.409101e+00
4.050000e-05	9.035005e-04	-3.368370e+00
4.051000e-05	-1.624750e-03	-3.335338e+00
4.052000e-05	-3.087768e-03	-3.234109e+00
4.053000e-05	-8.514628e-04	-3.210503e+00
4.054000e-05	2.375233e-04	-3.188471e+00
4.055000e-05	-1.514902e-03	-3.135265e+00
4.056000e-05	-3.306017e-03	-3.012604e+00
4.057000e-05	-3.358179e-03	-2.872837e+00
4.058000e-05	-9.320821e-04	-2.851656e+00
4.059000e-05	-5.283276e-04	-2.819999e+00
4.060000e-05	-1.287883e-03	-2.736892e+00
4.061000e-05	-1.366757e-03	-2.705841e+00
4.062000e-05	-5.609358e-04	-2.611128e+00
4.063000e-05	-1.380228e-03	-2.558372e+00
4.064000e-05	-1.942275e-03	-2.493763e+00
4.065000e-05	-2.140404e-03	-2.440579e+00
4.066000e-05	-2.866998e-03	-2.348449e+00
4.067000e-05	-1.691677e-03	-2.305236e+00
4.068000e-05	-1.693386e-03	-2.190026e+00
4.069000e-05	-2.438626e-03	-2.105790e+00
4.070000e-05	-2.864244e-03	-2.020079e+00
4.071000e-05	-1.848112e-03	-1.968949e+00
4.072000e-05	-1.893407e-03	-1.895811e+00
4.073000e-05	-1.527395e-03	-1.852654e+00
4.074000e-05	-2.670185e-03	-1.758948e+00
4.075000e-05	-2.028464e-03	-1.704762e+00
4.076000e-05	-2.899633e-03	-1.611603e+00
4.077000e-05	-1.108223e-03	-1.539895e+00
4.078000e-05	-3.074215e-03	-1.523234e+00
4.079000e-05	-3.076753e-03	-1.335842e+00
4.080000e-05	-4.778973e-03	-1.261628e+00
4.081000e-05	-2.383564e-03	-1.129467e+00
4.082000e-05	-2.658897e-03	-1.084282e+00
4.083000e-05	-2.331491e-03	-1.019524e+00
4.084000e-05	-3.594919e-03	-9.053158e-01
4.085000e-05	-1.993606e-03	-8.536091e-01
4.086000e-05	-3.395625e-03	-7.779225e-01
4.087000e-05	-3.422062e-03	-7.157884e-01
4.088000e-05	-5.330697e-03	-6.080475e-01
4.089000e-05	-5.058554e-03	-4.647293e-01
4.090000e-05	-3.271515e-03	-3.805488e-01
4.091000e-05	-3.014756e-03	-3.368922e-01
4.092000e-05	-3.708429e-03	-2.736605e-01
4.093000e-05	-2.626437e-03	-1.985751e-01
4.094000e-05	-1.679346e-03	-8.538836e-02
4.095000e-05	-2.515845e-03	-5.207646e-02
4.096000e-05	-2.298581e-03	1.005000e-02
4.097000e-05	-3.071903e-03	7.415546e-02
4.098000e-05	-2.528217e-03	1.693574e-01
4.099000e-05	-2.529441e-03	2.973169e-01
4.100000e-05	-2.081102e-03	3.593698e-01
4.101000e-05	-2.192614e-03	4.315539e-01
4.102000e-05	9.354521e-03	5.147168e-01
4.103000e-05	2.186925e-02	5.615487e-01
4.104000e-05	1.182157e-02	7.057158e-01
4.105000e-05	-4.668864e-02	7.700238e-01
4.106000e-05	-5.124758e-02	8.120789e-01
4.107000e-05	1.684545e-02	8.827104e-01
4.108000e-05	4.701177e-02	1.040973e+00
4.109000e-05	-2.616902e-02	1.157872e+00
4.110000e-05	-4.211879e-02	1.210503e+00
4.111000e-05	5.390408e-02	1.284236e+00
4.112000e-05	2.100539e-02	1.359477e+00
4.113000e-05	-4.480896e-02	1.483165e+00
4.114000e-05	-1.453935e-02	1.496239e+00
4.115000e-05	2.994877e-02	1.672209e+00
4.116000e-05	-3.370108e-02	1.748950e+00
4.117000e-05	-2.076595e-02	1.799474e+00
4.118000e-05	6.062082e-02	1.913088e+00
4.119000e-05	-1.440790e-02	1.938449e+00
4.120000e-05	-5.642196e-02	2.001025e+00
4.121000e-05	2.510609e-02	2.062688e+00
4.122000e-05	1.790026e-02	2.126871e+00
4.123000e-05	-3.231128e-02	2.221555e+00
4.124000e-05	-9.091755e-03	2.275713e+00
4.125000e-05	1.882841e-02	2.358446e+00
4.126000e-05	-2.879464e-03	2.409525e+00
4.127000e-05	-7.584436e-03	2.442082e+00
4.128000e-05	-3.008804e-03	2.566905e+00
4.129000e-05	-2.692380e-02	2.695313e+00
4.130000e-05	2.072422e-03	2.778449e+00
4.131000e-05	1.000363e-02	2.820000e+00
4.132000e-05	-2.652343e-03	2.821681e+00
4.133000e-05	-9.103202e-03	2.925841e+00
4.134000e-05	-1.149335e-02	2.980472e+00
4.135000e-05	1.819703e-03	3.030603e+00
4.136000e-05	5.887332e-03	3.073158e+00
4.137000e-05	-1.168002e-02	3.116819e+00
4.138000e-05	-2.110375e-02	3.199999e+00
4.139000e-05	1.252483e-02	3.220028e+00
4.140000e-05	4.990756e-03	3.243604e+00
4.141000e-05	-9.548484e-03	3.284265e+00
4.142000e-05	-1.435421e-02	3.402080e+00
4.143000e-05	-7.919296e-03	3.504218e+00
4.144000e-05	4.221777e-04	3.567399e+00
4.145000e-05	2.758981e-03	3.590000e+00
4.146000e-05	-7.960133e-03	3.630050e+00
4.147000e-05	-1.473800e-02	3.632534e+00
4.148000e-05	2.508223e-03	3.714272e+00
4.149000e-05	2.262262e-03	3.727318e+00
4.150000e-05	-9.282765e-03	3.779504e+00
4.151000e-05	-1.485379e-02	3.799026e+00
4.152000e-05	-4.761772e-03	3.853603e+00
4.153000e-05	4.029396e-03	3.876765e+00
4.154000e-05	-1.047933e-03	3.926343e+00
4.155000e-05	-1.100630e-02	3.968346e+00
4.156000e-05	-1.237270e-02	3.979947e+00
4.157000e-05	8.526457e-04	3.989524e+00
4.158000e-05	3.672369e-04	4.020499e+00
4.159000e-05	-9.097940e-03	4.022053e+00
4.160000e-05	-1.428596e-02	4.034183e+00
4.161000e-05	-3.593619e-03	4.066267e+00
4.162000e-05	3.031025e-03	4.114716e+00
4.163000e-05	-2.908517e-03	4.098421e+00
4.164000e-05	-1.246892e-02	4.179497e+00
4.165000e-05	-1.015046e-02	4.180053e+00
4.166000e-05	-2.631777e-05	4.221730e+00
4.167000e-05	-2.109836e-03	4.253204e+00
4.168000e-05	-8.430119e-03	4.286215e+00
4.169000e-05	-1.178535e-02	4.256338e+00
4.170000e-05	-2.638784e-03	4.334815e+00
4.171000e-05	3.280956e-04	4.337367e+00
4.172000e-05	-6.316768e-03	4.375391e+00
4.173000e-05	-1.177667e-02	4.356368e+00
4.174000e-05	-6.221924e-03	4.346365e+00
4.175000e-05	9.036567e-05	4.326438e+00
4.176000e-05	-3.769075e-03	4.346896e+00
4.177000e-05	-9.711837e-03	4.357896e+00
4.178000e-05	-1.057697e-02	4.337392e+00
4.179000e-05	-2.143748e-03	4.295868e+00
4.180000e-05	-2.256866e-03	4.305768e+00
4.181000e-05	-7.843596e-03	4.314836e+00
4.182000e-05	-1.015674e-02	4.224263e+00
4.183000e-05	-4.767163e-03	4.224211e+00
4.184000e-05	-6.512973e-04	4.221234e+00
4.185000e-05	-4.286877e-03	4.198524e+00
4.186000e-05	-9.308751e-03	4.148003e+00
4.187000e-05	-9.064125e-03	4.177817e+00
4.188000e-05	-3.230597e-03	4.074334e+00
4.189000e-05	-2.518592e-03	4.053759e+00
4.190000e-05	-6.744721e-03	4.032233e+00
4.191000e-05	-8.262043e-03	4.030579e+00
4.192000e-05	-5.336334e-03	4.020550e+00
4.193000e-05	-2.701607e-03	3.989977e+00
4.194000e-05	-4.556872e-03	3.998970e+00
4.195000e-05	-8.543665e-03	3.957447e+00
4.196000e-05	-8.314074e-03	3.938813e+00
4.197000e-05	-3.965644e-03	3.915211e+00
4.198000e-05	-2.380210e-03	3.822155e+00
4.199000e-05	-6.357219e-03	3.821075e+00
4.200000e-05	-8.873454e-03	3.798901e+00
4.201000e-05	-5.281921e-03	3.685392e+00
4.202000e-05	-2.505382e-03	3.654741e+00
4.203000e-05	-3.608728e-03	3.670634e+00
4.204000e-05	-7.615545e-03	3.621079e+00
4.205000e-05	-7.936918e-03	3.599473e+00
4.206000e-05	-4.197975e-03	3.597947e+00
4.207000e-05	-2.397152e-03	3.515844e+00
4.208000e-05	-6.509246e-03	3.463079e+00
4.209000e-05	-8.264537e-03	3.377455e+00
4.210000e-05	-6.926311e-03	3.273233e+00
4.211000e-05	-8.153676e-04	3.220555e+00
4.212000e-05	-4.335111e-03	3.200524e+00
4.213000e-05	-7.570083e-03	3.166346e+00
4.214000e-05	-7.945008e-03	3.085714e+00
4.215000e-05	-2.444629e-03	3.012629e+00
4.216000e-05	-2.904849e-03	2.988021e+00
4.217000e-05	-6.604001e-03	2.915415e+00
4.218000e-05	-8.927348e-03	2.864183e+00
4.219000e-05	-4.762894e-03	2.820577e+00
4.220000e-05	-1.808738e-03	2.778472e+00
4.221000e-05	-4.907809e-03	2.724743e+00
4.222000e-05	-7.342243e-03	2.600685e+00
4.223000e-05	-7.253874e-03	2.503893e+00
4.224000e-05	-2.658413e-03	2.441129e+00
4.225000e-05	-3.062469e-03	2.379451e+00
4.226000e-05	-6.480980e-03	2.274313e+00
4.227000e-05	-8.230534e-03	2.271182e+00
4.228000e-05	-4.068846e-03	2.178975e+00
4.229000e-05	-3.354490e-03	2.125365e+00
4.230000e-05	-5.941010e-03	2.071104e+00
4.231000e-05	-7.449229e-03	1.999023e+00
4.232000e-05	-5.200525e-03	1.946366e+00
4.233000e-05	-1.880168e-03	1.824229e+00
4.234000e-05	-3.104487e-03	1.797442e+00
4.235000e-05	-5.913143e-03	1.674760e+00
4.236000e-05	-6.788424e-03	1.641005e+00
4.237000e-05	-4.094517e-03	1.536915e+00
4.238000e-05	-3.518316e-03	1.420629e+00
4.239000e-05	-5.260126e-03	1.346918e+00
4.240000e-05	-6.756730e-03	1.283308e+00
4.241000e-05	-4.184884e-03	1.188548e+00
4.242000e-05	-2.344916e-03	1.126390e+00
4.243000e-05	-3.131093e-03	9.985688e-01
4.244000e-05	-4.733209e-03	8.836592e-01
4.245000e-05	-4.686208e-03	7.490500e-01
4.246000e-05	-4.391319e-03	7.174161e-01
4.247000e-05	-3.074553e-03	6.516554e-01
4.248000e-05	-4.692890e-03	5.685499e-01
4.249000e-05	-4.677513e-03	5.043358e-01
4.250000e-05	-4.276487e-03	4.505541e-01
4.251000e-05	-3.288852e-03	3.790199e-01
4.252000e-05	-3.615508e-03	2.642859e-01
4.253000e-05	-4.217639e-03	1.584911e-01
4.254000e-05	-2.960154e-03	6.208014e-02
4.255000e-05	-2.270229e-03	-1.147506e-02
4.256000e-05	1.917891e-05	-6.361302e-02
4.257000e-05	-1.551167e-03	-1.473960e-01
4.258000e-05	-3.063724e-03	-2.419552e-01
4.259000e-05	-2.990706e-03	-2.942657e-01
4.260000e-05	-1.170815e-03	-3.489235e-01
4.261000e-05	-1.249064e-03	-4.020050e-01
4.262000e-05	4.091404e-03	-5.051392e-01
4.263000e-05	1.957332e-02	-5.893226e-01
4.264000e-05	2.293212e-02	-7.552433e-01
4.265000e-05	-2.663991e-02	-8.421054e-01
4.266000e-05	-5.193347e-02	-9.494460e-01
4.267000e-05	6.696694e-05	-9.789237e-01
4.268000e-05	5.338718e-02	-9.894224e-01
4.269000e-05	-2.086958e-02	-1.073668e+00
4.270000e-05	-3.107252e-02	-1.222480e+00
4.271000e-05	3.355573e-02	-1.283783e+00
4.272000e-05	4.128609e-02	-1.296689e+00
4.273000e-05	-6.699455e-02	-1.485215e+00
4.274000e-05	-2.359617e-02	-1.580025e+00
4.275000e-05	4.701996e-02	-1.632028e+00
4.276000e-05	-9.220989e-03	-1.717213e+00
4.277000e-05	-4.428353e-02	-1.819526e+00
4.278000e-05	7.706469e-02	-1.841634e+00
4.279000e-05	1.755316e-02	-1.928239e+00
4.280000e-05	-7.124163e-02	-2.010999e+00
4.281000e-05	7.628198e-03	-2.073081e+00
4.282000e-05	3.674663e-02	-2.137214e+00
4.283000e-05	-2.218276e-02	-2.325089e+00
4.284000e-05	-2.639332e-02	-2.378400e+00
4.285000e-05	3.941182e-02	-2.439529e+00
4.286000e-05	-8.624396e-03	-2.504187e+00
4.287000e-05	-4.597819e-03	-2.537871e+00
4.288000e-05	3.679301e-03	-2.630475e+00
4.289000e-05	-2.212861e-02	-2.685237e+00
4.290000e-05	-5.728618e-04	-2.757842e+00
4.291000e-05	1.880166e-02	-2.808975e+00
4.292000e-05	-4.152586e-03	-2.864555e+00
4.293000e-05	5.204154e-04	-2.916162e+00
4.294000e-05	-2.449037e-03	-3.000430e+00
4.295000e-05	-1.040177e-02	-3.126635e+00
4.296000e-05	1.513660e-02	-3.149375e+00
4.297000e-05	-3.008636e-03	-3.200051e+00
4.298000e-05	-2.373738e-02	-3.241584e+00
4.299000e-05	1.331801e-02	-3.263708e+00
4.300000e-05	1.309264e-02	-3.349300e+00
4.301000e-05	-1.204123e-02	-3.410026e+00
4.302000e-05	-2.738006e-03	-3.432579e+00
4.303000e-05	-4.027796e-03	-3.495214e+00
4.304000e-05	1.320408e-04	-3.569447e+00
4.305000e-05	8.468064e-03	-3.608500e+00
4.306000e-05	-4.092965e-03	-3.600003e+00
4.307000e-05	-8.967244e-03	-3.652027e+00
4.308000e-05	5.230021e-03	-3.734739e+00
4.309000e-05	3.137228e-03	-3.766969e+00
4.310000e-05	-1.524482e-03	-3.882688e+00
4.311000e-05	-6.782970e-03	-3.905242e+00
4.312000e-05	-1.627622e-03	-3.978873e+00
4.313000e-05	4.553297e-03	-3.968949e+00
4.314000e-05	3.728890e-03	-4.000501e+00
4.315000e-05	-4.244321e-03	-4.000531e+00
4.316000e-05	-5.186273e-03	-4.042582e+00
4.317000e-05	2.321550e-03	-4.114188e+00
4.318000e-05	5.742007e-03	-4.105771e+00
4.319000e-05	-3.233374e-03	-4.168294e+00
4.320000e-05	-5.535990e-03	-4.177422e+00
4.321000e-05	-1.273777e-04	-4.209475e+00
4.322000e-05	4.678447e-03	-4.211051e+00
4.323000e-05	3.827940e-03	-4.200527e+00
4.324000e-05	-3.566587e-03	-4.252687e+00
4.325000e-05	-3.762455e-03	-4.273129e+00
4.326000e-05	2.602156e-03	-4.274210e+00
4.327000e-05	9.861780e-04	-4.325315e+00
4.328000e-05	-7.152601e-04	-4.325267e+00
4.329000e-05	-3.936948e-03	-4.345868e+00
4.330000e-05	1.112034e-04	-4.336345e+00
4.331000e-05	2.921243e-03	-4.367371e+00
4.332000e-05	7.847929e-04	-4.355897e+00
4.333000e-05	-4.909780e-03	-4.328920e+00
4.334000e-05	-2.098659e-03	-4.367949e+00
4.335000e-05	3.051528e-03	-4.377447e+00
4.336000e-05	2.505116e-03	-4.327449e+00
4.337000e-05	-2.734123e-04	-4.377871e+00
4.338000e-05	-3.055070e-03	-4.347396e+00
4.339000e-05	1.162699e-04	-4.348399e+00
4.340000e-05	1.772486e-03	-4.337874e+00
4.341000e-05	-1.282101e-03	-4.346697e+00
4.342000e-05	-4.827507e-03	-4.335815e+00
4.343000e-05	-7.076840e-04	-4.294267e+00
4.344000e-05	2.706117e-03	-4.275213e+00
4.345000e-05	3.061515e-03	-4.264815e+00
4.346000e-05	-1.503826e-03	-4.281682e+00
4.347000e-05	-3.792735e-03	-4.232659e+00
4.348000e-05	4.335739e-05	-4.221106e+00
4.349000e-05	1.470800e-03	-4.242028e+00
4.350000e-05	-9.770449e-04	-4.188524e+00
4.351000e-05	-3.981674e-03	-4.178925e+00
4.352000e-05	-1.155958e-03	-4.135915e+00
4.353000e-05	3.342399e-03	-4.114288e+00
4.354000e-05	3.163349e-03	-4.084162e+00
4.355000e-05	-8.973640e-04	-4.061562e+00
4.356000e-05	-3.387475e-03	-4.021105e+00
4.357000e-05	-5.918736e-05	-3.990103e+00
4.358000e-05	6.633668e-04	-4.000525e+00
4.359000e-05	-2.221975e-03	-3.958445e+00
4.360000e-05	-5.113675e-03	-3.925367e+00
4.361000e-05	1.484337e-04	-3.874686e+00
4.362000e-05	2.260459e-03	-3.821630e+00
4.363000e-05	1.631712e-03	-3.734688e+00
4.364000e-05	-2.685986e-03	-3.683642e+00
4.365000e-05	-3.088894e-03	-3.601079e+00
4.366000e-05	-1.419704e-03	-3.618977e+00
4.367000e-05	5.458236e-04	-3.568946e+00
4.368000e-05	-2.704652e-03	-3.567316e+00
4.369000e-05	-3.600973e-03	-3.494712e+00
4.370000e-05	-3.412823e-04	-3.422057e+00
4.371000e-05	2.398376e-03	-3.389546e+00
4.372000e-05	-5.571028e-04	-3.346317e+00
4.373000e-05	-3.242212e-03	-3.252736e+00
4.374000e-05	-4.181874e-03	-3.220503e+00
4.375000e-05	2.655135e-04	-3.178450e+00
4.376000e-05	1.151434e-04	-3.128343e+00
4.377000e-05	-1.391224e-03	-3.123707e+00
4.378000e-05	-3.509370e-03	-2.975949e+00
4.379000e-05	-6.536614e-04	-2.842609e+00
4.380000e-05	-3.578945e-05	-2.801478e+00
4.381000e-05	-1.697229e-03	-2.758946e+00
4.382000e-05	-3.132930e-03	-2.726894e+00
4.383000e-05	-2.524090e-03	-2.671179e+00
4.384000e-05	1.205919e-04	-2.549474e+00
4.385000e-05	-6.049711e-04	-2.484786e+00
4.386000e-05	-2.192806e-03	-2.461575e+00
4.387000e-05	-4.217292e-03	-2.390026e+00
4.388000e-05	-6.119016e-04	-2.346349e+00
4.389000e-05	-1.830684e-04	-2.222603e+00
4.390000e-05	-1.495978e-03	-2.137338e+00
4.391000e-05	-4.856473e-03	-2.052205e+00
4.392000e-05	-2.584007e-03	-1.989023e+00
4.393000e-05	-1.250479e-03	-1.935420e+00
4.394000e-05	5.422440e-04	-1.842712e+00
4.395000e-05	-3.104329e-03	-1.768523e+00
4.396000e-05	-2.715939e-03	-1.725792e+00
4.397000e-05	-1.621604e-03	-1.621159e+00
4.398000e-05	2.735095e-04	-1.578449e+00
4.399000e-05	-2.622227e-03	-1.504791e+00
4.400000e-05	-5.210224e-03	-1.429944e+00
4.401000e-05	-4.714132e-03	-1.321785e+00
4.402000e-05	-2.334532e-03	-1.168945e+00
4.403000e-05	-1.404114e-03	-1.144336e+00
4.404000e-05	-1.625232e-03	-1.001481e+00
4.405000e-05	-1.628370e-03	-9.569187e-01
4.406000e-05	-1.723413e-03	-8.426604e-01
4.407000e-05	-2.407321e-03	-8.294988e-01
4.408000e-05	-3.770205e-03	-7.878459e-01
4.409000e-05	-5.049968e-03	-6.611542e-01
4.410000e-05	-5.331493e-03	-5.462334e-01
4.411000e-05	-3.030037e-03	-4.610765e-01
4.412000e-05	-3.087556e-03	-3.584462e-01
4.413000e-05	-2.903758e-03	-3.142118e-01
4.414000e-05	-3.867898e-03	-2.280512e-01
4.415000e-05	-1.250420e-03	-1.663683e-01
4.416000e-05	-1.542069e-03	-8.315796e-02
4.417000e-05	-1.906119e-03	2.049993e-02
4.418000e-05	-2.676617e-03	8.458532e-02
4.419000e-05	-3.113317e-03	1.573734e-01
4.420000e-05	-1.780919e-03	2.461639e-01
4.421000e-05	-3.354738e-03	3.568947e-01
4.422000e-05	-3.419266e-03	4.210764e-01
4.423000e-05	3.562959e-03	4.741805e-01
4.424000e-05	1.905961e-02	5.768933e-01
4.425000e-05	2.020825e-02	6.731843e-01
4.426000e-05	-2.921703e-02	7.589249e-01
4.427000e-05	-5.822030e-02	8.005790e-01
4.428000e-05	-1.606474e-02	8.631303e-01
4.429000e-05	6.382594e-02	9.198722e-01
4.430000e-05	-2.490585e-02	1.136240e+00
4.431000e-05	-4.058885e-02	1.189475e+00
4.432000e-05	-1.086353e-03	1.243553e+00
4.433000e-05	5.704530e-02	1.316970e+00
4.434000e-05	-3.748575e-02	1.454034e+00
4.435000e-05	-4.150125e-02	1.474240e+00
4.436000e-05	3.070048e-02	1.621480e+00
4.437000e-05	-2.058388e-02	1.717396e+00
4.438000e-05	-2.989807e-02	1.839450e+00
4.439000e-05	4.050454e-02	1.822081e+00
4.440000e-05	2.682061e-02	1.907872e+00
4.441000e-05	-6.091797e-02	2.000476e+00
4.442000e-05	-2.895037e-04	2.042604e+00
4.443000e-05	2.459645e-02	2.116772e+00
4.444000e-05	-1.178718e-02	2.211003e+00
4.445000e-05	-3.641511e-02	2.253679e+00
4.446000e-05	3.093093e-02	2.317844e+00
4.447000e-05	-3.952867e-03	2.391026e+00
4.448000e-05	-6.927784e-03	2.451079e+00
4.449000e-05	-2.580656e-03	2.507282e+00
4.450000e-05	-2.149940e-02	2.593607e+00
4.451000e-05	-3.803261e-03	2.698370e+00
4.452000e-05	7.320054e-03	2.789000e+00
4.453000e-05	8.940304e-03	2.802030e+00
4.454000e-05	-1.489875e-02	2.875267e+00
4.455000e-05	-4.877242e-03	2.957825e+00
4.456000e-05	-1.139672e-02	2.992027e+00
4.457000e-05	1.081456e-02	3.061132e+00
4.458000e-05	-8.602937e-03	3.125867e+00
4.459000e-05	-2.114751e-02	3.178921e+00
4.460000e-05	-3.503874e-04	3.220551e+00
4.461000e-05	1.123863e-02	3.231105e+00
4.462000e-05	-4.842773e-03	3.306192e+00
4.463000e-05	-1.568061e-02	3.388374e+00
4.464000e-05	-6.383384e-03	3.484689e+00
4.465000e-05	-5.007076e-03	3.537346e+00
4.466000e-05	6.571142e-03	3.589924e+00
4.467000e-05	-5.862243e-03	3.610076e+00
4.468000e-05	-1.325908e-02	3.621079e+00
4.469000e-05	-4.935010e-03	3.685138e+00
4.470000e-05	4.683694e-03	3.715840e+00
4.471000e-05	-4.852798e-03	3.768876e+00
4.472000e-05	-1.495579e-02	3.781022e+00
4.473000e-05	-8.045234e-03	3.822180e+00
4.474000e-05	6.266007e-05	3.914137e+00
4.475000e-05	2.795352e-03	3.905867e+00
4.476000e-05	-8.371204e-03	3.938399e+00
4.477000e-05	-1.305463e-02	3.969447e+00
4.478000e-05	-3.841744e-03	3.979950e+00
4.479000e-05	2.509734e-03	4.031526e+00
4.480000e-05	-4.390309e-03	4.001031e+00
4.481000e-05	-1.548209e-02	4.032580e+00
4.482000e-05	-6.689912e-03	4.084113e+00
4.483000e-05	1.621938e-04	4.034764e+00
4.484000e-05	1.919306e-03	4.097820e+00
4.485000e-05	-1.041757e-02	4.150355e+00
4.486000e-05	-1.071292e-02	4.160947e+00
4.487000e-05	-4.542326e-03	4.182557e+00
4.488000e-05	-2.422005e-04	4.202756e+00
4.489000e-05	-6.061520e-03	4.324688e+00
4.490000e-05	-1.155991e-02	4.316235e+00
4.491000e-05	-6.974746e-03	4.336867e+00
4.492000e-05	-5.078274e-04	4.286820e+00
4.493000e-05	-1.405259e-03	4.298395e+00
4.494000e-05	-1.051910e-02	4.346869e+00
4.495000e-05	-9.589440e-03	4.347321e+00
4.496000e-05	-3.989468e-03	4.347395e+00
4.497000e-05	-1.494837e-03	4.297843e+00
4.498000e-05	-7.416839e-03	4.348770e+00
4.499000e-05	-1.134556e-02	4.326817e+00
4.500000e-05	-5.875853e-03	4.327191e+00
4.501000e-05	-2.162416e-03	4.295818e+00
4.502000e-05	-4.475740e-03	4.294795e+00
4.503000e-05	-1.001523e-02	4.334813e+00
4.504000e-05	-8.035281e-03	4.214704e+00
4.505000e-05	-2.631446e-03	4.245150e+00
4.506000e-05	-9.062130e-04	4.214030e+00
4.507000e-05	-6.907571e-03	4.180049e+00
4.508000e-05	-9.795839e-03	4.076315e+00
4.509000e-05	-5.551057e-03	4.095742e+00
4.510000e-05	-4.006233e-03	4.024168e+00
4.511000e-05	-4.828318e-03	4.082662e+00
4.512000e-05	-9.739376e-03	4.011155e+00
4.513000e-05	-6.652641e-03	4.021029e+00
4.514000e-05	-3.732090e-03	4.000004e+00
4.515000e-05	-2.116738e-03	3.999075e+00
4.516000e-05	-6.202086e-03	3.978972e+00
4.517000e-05	-8.164662e-03	3.957366e+00
4.518000e-05	-5.768155e-03	3.864739e+00
4.519000e-05	-3.847155e-03	3.843162e+00
4.520000e-05	-4.934435e-03	3.852529e+00
4.521000e-05	-8.618509e-03	3.800049e+00
4.522000e-05	-7.089121e-03	3.746397e+00
4.523000e-05	-4.191803e-03	3.735837e+00
4.524000e-05	-2.342959e-03	3.692635e+00
4.525000e-05	-5.528372e-03	3.642603e+00
4.526000e-05	-6.727041e-03	3.589526e+00
4.527000e-05	-5.800842e-03	3.568495e+00
4.528000e-05	-4.328195e-03	3.537918e+00
4.529000e-05	-5.696953e-03	3.494262e+00
4.530000e-05	-7.015358e-03	3.407500e+00
4.531000e-05	-5.302085e-03	3.295835e+00
4.532000e-05	-5.253193e-03	3.232657e+00
4.533000e-05	-2.676077e-03	3.210025e+00
4.534000e-05	-5.423537e-03	3.146944e+00
4.535000e-05	-6.997322e-03	3.095363e+00
4.536000e-05	-6.516411e-03	3.054655e+00
4.537000e-05	-3.471816e-03	2.999529e+00
4.538000e-05	-3.653798e-03	2.937968e+00
4.539000e-05	-6.494943e-03	2.883258e+00
4.540000e-05	-6.999399e-03	2.842680e+00
4.541000e-05	-4.534625e-03	2.789501e+00
4.542000e-05	-3.541909e-03	2.737944e+00
4.543000e-05	-6.074907e-03	2.663662e+00
4.544000e-05	-6.312794e-03	2.527470e+00
4.545000e-05	-5.743774e-03	2.442683e+00
4.546000e-05	-2.898656e-03	2.389525e+00
4.547000e-05	-3.482594e-03	2.346894e+00
4.548000e-05	-5.675112e-03	2.244733e+00
4.549000e-05	-5.917106e-03	2.199576e+00
4.550000e-05	-4.553942e-03	2.126890e+00
4.551000e-05	-3.730831e-03	2.054153e+00
4.552000e-05	-5.985415e-03	1.991524e+00
4.553000e-05	-5.436500e-03	1.958969e+00
4.554000e-05	-4.276856e-03	1.834304e+00
4.555000e-05	-3.320806e-03	1.790471e+00
4.556000e-05	-4.574187e-03	1.684264e+00
4.557000e-05	-5.704671e-03	1.661232e+00
4.558000e-05	-4.993959e-03	1.538447e+00
4.559000e-05	-3.783593e-03	1.454659e+00
4.560000e-05	-4.167786e-03	1.359995e+00
4.561000e-05	-4.299376e-03	1.275763e+00
4.562000e-05	-6.190270e-03	1.231575e+00
4.563000e-05	-4.259953e-03	1.115942e+00
4.564000e-05	-3.746630e-03	1.005108e+00
4.565000e-05	-3.588598e-03	8.742644e-01
4.566000e-05	-5.060715e-03	8.115788e-01
4.567000e-05	-4.054121e-03	7.578712e-01
4.568000e-05	-3.028513e-03	6.647832e-01
4.569000e-05	-3.319541e-03	6.200752e-01
4.570000e-05	-4.159232e-03	5.068359e-01
4.571000e-05	-4.009952e-03	4.206802e-01
4.572000e-05	-3.825569e-03	3.994488e-01
4.573000e-05	-2.907593e-03	3.038372e-01
4.574000e-05	-3.925422e-03	2.195451e-01
4.575000e-05	-3.522978e-03	8.428185e-02
4.576000e-05	-2.234514e-03	9.002569e-03
4.577000e-05	-1.377741e-03	-4.260519e-02
4.578000e-05	-1.973917e-04	-1.377908e-01
4.579000e-05	-3.542851e-04	-2.099762e-01
4.580000e-05	-2.057404e-03	-2.936606e-01
4.581000e-05	-2.521411e-03	-3.568184e-01
4.582000e-05	-2.973595e-03	-3.894775e-01
4.583000e-05	7.153612e-05	-4.731616e-01
4.584000e-05	1.462458e-02	-5.462736e-01
4.585000e-05	2.367652e-02	-6.826381e-01
4.586000e-05	-7.284098e-03	-8.309724e-01
4.587000e-05	-5.541335e-02	-9.362685e-01
4.588000e-05	-2.812801e-02	-9.884750e-01
4.589000e-05	6.231419e-02	-9.792947e-01
4.590000e-05	-4.173289e-03	-1.021586e+00
4.591000e-05	-2.738149e-02	-1.210001e+00
4.592000e-05	-1.642492e-02	-1.293212e+00
4.593000e-05	5.987657e-02	-1.315082e+00
4.594000e-05	-4.869480e-02	-1.421934e+00
4.595000e-05	-4.590186e-02	-1.568448e+00
4.596000e-05	4.081037e-02	-1.641028e+00
4.597000e-05	6.727874e-03	-1.663159e+00
4.598000e-05	-5.362196e-02	-1.777898e+00
4.599000e-05	2.788400e-02	-1.822557e+00
4.600000e-05	5.852895e-02	-1.905689e+00
4.601000e-05	-4.985156e-02	-1.978899e+00
4.602000e-05	-3.355779e-02	-2.042110e+00
4.603000e-05	4.490130e-02	-2.113159e+00
4.604000e-05	-1.728907e-03	-2.221584e+00
4.605000e-05	-4.620510e-02	-2.346371e+00
4.606000e-05	3.625464e-02	-2.400475e+00
4.607000e-05	8.018797e-04	-2.431612e+00
4.608000e-05	-6.551336e-03	-2.516317e+00
4.609000e-05	5.518985e-03	-2.578900e+00
4.610000e-05	-1.342507e-02	-2.661684e+00
4.611000e-05	-1.403397e-02	-2.685815e+00
4.612000e-05	1.576362e-02	-2.748894e+00
4.613000e-05	2.689478e-03	-2.790030e+00
4.614000e-05	-6.950232e-03	-2.875614e+00
4.615000e-05	6.123022e-03	-2.956742e+00
4.616000e-05	-1.794924e-02	-3.044684e+00
4.617000e-05	9.425091e-03	-3.157845e+00
4.618000e-05	9.553977e-03	-3.209375e+00
4.619000e-05	-2.227277e-02	-3.241531e+00
4.620000e-05	-3.672601e-03	-3.273657e+00
4.621000e-05	2.203646e-02	-3.355848e+00
4.622000e-05	-7.328493e-03	-3.378975e+00
4.623000e-05	-9.172369e-03	-3.400608e+00
4.624000e-05	-1.621729e-04	-3.483185e+00
4.625000e-05	-6.194675e-03	-3.546867e+00
4.626000e-05	9.431534e-03	-3.569474e+00
4.627000e-05	1.104950e-03	-3.589976e+00
4.628000e-05	-9.555390e-03	-3.640530e+00
4.629000e-05	9.469913e-04	-3.673615e+00
4.630000e-05	6.710984e-03	-3.775840e+00
4.631000e-05	-7.280983e-04	-3.801456e+00
4.632000e-05	-6.680750e-03	-3.854712e+00
4.633000e-05	-2.864632e-03	-3.917821e+00
4.634000e-05	1.303133e-03	-3.998896e+00
4.635000e-05	7.989207e-03	-4.010000e+00
4.636000e-05	-1.837646e-03	-4.041980e+00
4.637000e-05	-6.990822e-03	-4.060582e+00
4.638000e-05	-1.760101e-03	-4.053134e+00
4.639000e-05	5.606136e-03	-4.126811e+00
4.640000e-05	-1.132242e-03	-4.115820e+00
4.641000e-05	-5.892251e-03	-4.188396e+00
4.642000e-05	-1.904723e-03	-4.188351e+00
4.643000e-05	3.943038e-03	-4.180999e+00
4.644000e-05	5.709926e-03	-4.220555e+00
4.645000e-05	-3.393720e-03	-4.241563e+00
4.646000e-05	-5.653950e-03	-4.271660e+00
4.647000e-05	-6.080786e-04	-4.304692e+00
4.648000e-05	3.588345e-03	-4.273190e+00
4.649000e-05	2.637899e-04	-4.294716e+00
4.650000e-05	-2.337522e-03	-4.357318e+00
4.651000e-05	-1.425618e-03	-4.297446e+00
4.652000e-05	2.465654e-03	-4.368272e+00
4.653000e-05	3.427669e-03	-4.367395e+00
4.654000e-05	-5.555926e-03	-4.346874e+00
4.655000e-05	-4.419229e-03	-4.357397e+00
4.656000e-05	-2.202107e-04	-4.366897e+00
4.657000e-05	3.860231e-03	-4.368820e+00
4.658000e-05	1.273894e-03	-4.378398e+00
4.659000e-05	-2.816086e-03	-4.348921e+00
4.660000e-05	-1.027206e-03	-4.328871e+00
4.661000e-05	2.386107e-03	-4.377370e+00
4.662000e-05	7.492719e-04	-4.335372e+00
4.663000e-05	-3.895507e-03	-4.347316e+00
4.664000e-05	-2.506849e-03	-4.357144e+00
4.665000e-05	6.975817e-04	-4.294737e+00
4.666000e-05	3.798080e-03	-4.274641e+00
4.667000e-05	-2.514689e-04	-4.264112e+00
4.668000e-05	-2.632827e-03	-4.262107e+00
4.669000e-05	-2.023673e-03	-4.241707e+00
4.670000e-05	2.453179e-03	-4.241079e+00
4.671000e-05	-9.585283e-04	-4.200003e+00
4.672000e-05	-3.093647e-03	-4.189477e+00
4.673000e-05	-2.574395e-03	-4.167423e+00
4.674000e-05	7.171683e-04	-4.147393e+00
4.675000e-05	2.751641e-03	-4.113717e+00
4.676000e-05	-5.160567e-05	-4.073663e+00
4.677000e-05	-2.613200e-03	-4.051604e+00
4.678000e-05	-3.123633e-04	-4.001028e+00
4.679000e-05	1.113058e-03	-4.010024e+00
4.680000e-05	-5.670797e-04	-3.957947e+00
4.681000e-05	-2.858410e-03	-3.938346e+00
4.682000e-05	-2.539935e-03	-3.895713e+00
4.683000e-05	6.951315e-04	-3.842104e+00
4.684000e-05	5.500634e-04	-3.795948e+00
4.685000e-05	-1.684901e-03	-3.685210e+00
4.686000e-05	-2.898055e-03	-3.612079e+00
4.687000e-05	1.484844e-04	-3.600026e+00
4.688000e-05	5.501991e-04	-3.566949e+00
4.689000e-05	-1.168986e-03	-3.557369e+00
4.690000e-05	-3.413630e-03	-3.475746e+00
4.691000e-05	-1.997141e-03	-3.432082e+00
4.692000e-05	-6.817402e-04	-3.408949e+00
4.693000e-05	7.855039e-04	-3.366823e+00
4.694000e-05	-2.645645e-03	-3.294213e+00
4.695000e-05	-2.161405e-03	-3.231657e+00
4.696000e-05	-1.228791e-03	-3.189975e+00
4.697000e-05	6.939933e-04	-3.137866e+00
4.698000e-05	-1.139836e-03	-3.102762e+00
4.699000e-05	-3.274775e-03	-2.999525e+00
4.700000e-05	-1.855178e-03	-2.903265e+00
4.701000e-05	-4.834151e-04	-2.830605e+00
4.702000e-05	-9.982151e-04	-2.808049e+00
4.703000e-05	-2.601264e-03	-2.746818e+00
4.704000e-05	-3.300991e-03	-2.663137e+00
4.705000e-05	-1.035957e-03	-2.620079e+00
4.706000e-05	-3.198917e-04	-2.545392e+00
4.707000e-05	-1.865218e-03	-2.472710e+00
4.708000e-05	-2.282006e-03	-2.430578e+00
4.709000e-05	-2.019814e-03	-2.368426e+00
4.710000e-05	-2.201446e-04	-2.294865e+00
4.711000e-05	-1.620994e-03	-2.188472e+00
4.712000e-05	-3.353070e-03	-2.092615e+00
4.713000e-05	-2.684194e-03	-2.020025e+00
4.714000e-05	-1.827386e-03	-1.948398e+00
4.715000e-05	-1.130380e-03	-1.934785e+00
4.716000e-05	-2.849849e-03	-1.810029e+00
4.717000e-05	-3.136706e-03	-1.758371e+00
4.718000e-05	-1.179615e-03	-1.673208e+00
4.719000e-05	-1.282771e-03	-1.600028e+00
4.720000e-05	-1.691844e-03	-1.547342e+00
4.721000e-05	-4.565290e-03	-1.479584e+00
4.722000e-05	-3.506893e-03	-1.284387e+00
4.723000e-05	-3.550715e-03	-1.200504e+00
4.724000e-05	-1.601251e-03	-1.156342e+00
4.725000e-05	-3.753317e-03	-1.031578e+00
4.726000e-05	-1.470027e-03	-9.790487e-01
4.727000e-05	-1.235642e-03	-9.162631e-01
4.728000e-05	-2.727242e-04	-8.310814e-01
4.729000e-05	-2.616139e-03	-7.679711e-01
4.730000e-05	-4.649529e-03	-7.351644e-01
4.731000e-05	-5.337223e-03	-5.374211e-01
4.732000e-05	-4.264050e-03	-4.731552e-01
4.733000e-05	-2.927299e-03	-4.003976e-01
4.734000e-05	-4.158912e-03	-3.248184e-01
4.735000e-05	-4.191181e-03	-3.021554e-01
4.736000e-05	-1.220473e-03	-1.784709e-01
4.737000e-05	-1.129133e-03	-7.473653e-02
4.738000e-05	-3.316588e-03	-2.157883e-02
4.739000e-05	-2.502296e-03	3.257894e-02
4.740000e-05	-1.318805e-03	1.466656e-01
4.741000e-05	-8.814235e-04	2.140804e-01
4.742000e-05	-3.145435e-03	3.267959e-01
4.743000e-05	-3.650979e-03	3.999461e-01
4.744000e-05	-4.359268e-04	4.441553e-01
4.745000e-05	1.405999e-02	5.172911e-01
4.746000e-05	2.284192e-02	6.425290e-01
4.747000e-05	-4.147251e-03	7.188698e-01
4.748000e-05	-5.709228e-02	7.905764e-01
4.749000e-05	-3.770526e-02	8.730777e-01
4.750000e-05	4.661496e-02	9.563142e-01
4.751000e-05	1.448530e-02	1.034036e+00
4.752000e-05	-3.044951e-02	1.179947e+00
4.753000e-05	-4.095290e-02	1.210605e+00
4.754000e-05	6.682322e-02	1.316814e+00
4.755000e-05	-2.886327e-02	1.391028e+00
4.756000e-05	-4.993955e-02	1.464831e+00
4.757000e-05	1.126111e-02	1.570394e+00
4.758000e-05	7.031755e-03	1.686216e+00
4.759000e-05	-3.142019e-02	1.798946e+00
4.760000e-05	7.670996e-03	1.832458e+00
4.761000e-05	5.200505e-02	1.894742e+00
4.762000e-05	-4.499702e-02	1.978974e+00
4.763000e-05	-3.399940e-02	2.021554e+00
4.764000e-05	3.232033e-02	2.105613e+00
4.765000e-05	3.243687e-03	2.180926e+00
4.766000e-05	-4.264093e-02	2.214077e+00
4.767000e-05	1.801166e-02	2.285789e+00
4.768000e-05	4.638074e-03	2.378924e+00
4.769000e-05	-1.984323e-03	2.410524e+00
4.770000e-05	-5.530646e-03	2.478083e+00
4.771000e-05	-9.934510e-03	2.588451e+00
4.772000e-05	-1.720493e-02	2.716815e+00
4.773000e-05	5.118566e-03	2.789425e+00
4.774000e-05	9.744054e-03	2.821550e+00
4.775000e-05	-1.249701e-02	2.873605e+00
4.776000e-05	-6.412036e-03	2.966840e+00
4.777000e-05	-1.630206e-02	2.960973e+00
4.778000e-05	1.070236e-02	3.030528e+00
4.779000e-05	4.945011e-04	3.072712e+00
4.780000e-05	-1.767386e-02	3.147797e+00
4.781000e-05	-1.411062e-02	3.209001e+00
4.782000e-05	1.557737e-02	3.200604e+00
4.783000e-05	1.178168e-04	3.262553e+00
4.784000e-05	-1.312905e-02	3.307820e+00
4.785000e-05	-9.993177e-03	3.482584e+00
4.786000e-05	-8.572929e-03	3.517818e+00
4.787000e-05	5.904972e-03	3.577896e+00
4.788000e-05	-6.749021e-04	3.599499e+00
4.789000e-05	-1.145949e-02	3.620528e+00
4.790000e-05	-1.195000e-02	3.664078e+00
4.791000e-05	6.227874e-03	3.705716e+00
4.792000e-05	-2.730364e-04	3.747421e+00
4.793000e-05	-1.240369e-02	3.778947e+00
4.794000e-05	-1.265400e-02	3.821555e+00
4.795000e-05	-2.810221e-03	3.843639e+00
4.796000e-05	4.420539e-03	3.896243e+00
4.797000e-05	-4.993679e-03	3.957295e+00
4.798000e-05	-1.263414e-02	3.958469e+00
4.799000e-05	-1.018397e-02	3.979025e+00
4.800000e-05	4.631162e-03	3.999497e+00
4.801000e-05	-1.300023e-03	4.009975e+00
4.802000e-05	-1.168239e-02	4.031630e+00
4.803000e-05	-1.337421e-02	4.052783e+00
4.804000e-05	-2.082535e-03	4.085811e+00
4.805000e-05	2.411444e-03	4.116669e+00
4.806000e-05	-7.574748e-03	4.139445e+00
4.807000e-05	-1.295995e-02	4.210449e+00
4.808000e-05	-8.010495e-03	4.200549e+00
4.809000e-05	1.109725e-03	4.231604e+00
4.810000e-05	-1.437096e-03	4.253136e+00
4.811000e-05	-9.806657e-03	4.296210e+00
4.812000e-05	-1.080512e-02	4.275716e+00
4.813000e-05	-4.617306e-03	4.326288e+00
4.814000e-05	-5.479988e-04	4.336792e+00
4.815000e-05	-8.934006e-03	4.317871e+00
4.816000e-05	-1.116074e-02	4.308940e+00
4.817000e-05	-6.379167e-03	4.335365e+00
4.818000e-05	2.181842e-03	4.346419e+00
4.819000e-05	-3.844517e-03	4.317420e+00
4.820000e-05	-9.510712e-03	4.336838e+00
4.821000e-05	-1.112530e-02	4.298313e+00
4.822000e-05	-4.117827e-03	4.316917e+00
4.823000e-05	-3.602545e-03	4.297366e+00
4.824000e-05	-8.852681e-03	4.313240e+00
4.825000e-05	-9.120244e-03	4.232633e+00
4.826000e-05	-4.320055e-03	4.220611e+00
4.827000e-05	-3.187683e-05	4.139623e+00
4.828000e-05	-4.962519e-03	4.190494e+00
4.829000e-05	-1.076876e-02	4.146742e+00
4.830000e-05	-1.031061e-02	4.105319e+00
4.831000e-05	-3.658469e-03	4.103814e+00
4.832000e-05	-2.447005e-03	4.093710e+00
4.833000e-05	-6.808784e-03	4.052183e+00
4.834000e-05	-7.942415e-03	4.021029e+00
4.835000e-05	-5.322111e-03	4.010525e+00
4.836000e-05	-2.290633e-03	3.990025e+00
4.837000e-05	-7.815156e-03	3.998446e+00
4.838000e-05	-1.069060e-02	3.927368e+00
4.839000e-05	-7.902585e-03	3.884216e+00
4.840000e-05	-3.417760e-04	3.862707e+00
4.841000e-05	-4.996212e-04	3.853730e+00
4.842000e-05	-7.103518e-03	3.780480e+00
4.843000e-05	-9.178679e-03	3.748421e+00
4.844000e-05	-6.033153e-03	3.713841e+00
4.845000e-05	-3.358804e-03	3.653289e+00
4.846000e-05	-7.217831e-03	3.633208e+00
4.847000e-05	-9.064687e-03	3.579528e+00
4.848000e-05	-4.405108e-03	3.568974e+00
4.849000e-05	7.313521e-04	3.537394e+00
4.850000e-05	-1.864267e-03	3.495337e+00
4.851000e-05	-8.994791e-03	3.411559e+00
4.852000e-05	-9.145558e-03	3.296913e+00
4.853000e-05	-5.919844e-03	3.262158e+00
4.854000e-05	-3.372819e-03	3.210528e+00
4.855000e-05	-6.329380e-03	3.178424e+00
4.856000e-05	-7.421742e-03	3.106443e+00
4.857000e-05	-4.061924e-03	3.063109e+00
4.858000e-05	1.279349e-04	3.011551e+00
4.859000e-05	-2.461036e-03	2.947449e+00
4.860000e-05	-7.954723e-03	2.873736e+00
4.861000e-05	-9.029265e-03	2.822158e+00
4.862000e-05	-4.862742e-03	2.810500e+00
4.863000e-05	-3.919935e-03	2.758970e+00
4.864000e-05	-5.565967e-03	2.705788e+00
4.865000e-05	-6.788570e-03	2.589979e+00
4.866000e-05	-4.169628e-03	2.485258e+00
4.867000e-05	-2.744432e-04	2.420979e+00
4.868000e-05	-3.813319e-03	2.358470e+00
4.869000e-05	-7.770626e-03	2.245761e+00
4.870000e-05	-7.811352e-03	2.220628e+00
4.871000e-05	-4.660277e-03	2.137942e+00
4.872000e-05	-3.862147e-03	2.083684e+00
4.873000e-05	-5.967507e-03	2.010555e+00
4.874000e-05	-5.937331e-03	1.957974e+00
4.875000e-05	-3.322105e-03	1.936864e+00
4.876000e-05	-1.234704e-03	1.840553e+00
4.877000e-05	-3.995197e-03	1.745313e+00
4.878000e-05	-7.439303e-03	1.652708e+00
4.879000e-05	-7.053839e-03	1.569478e+00
4.880000e-05	-3.145221e-03	1.507213e+00
4.881000e-05	-3.361723e-03	1.411049e+00
4.882000e-05	-5.173794e-03	1.307313e+00
4.883000e-05	-6.589277e-03	1.221657e+00
4.884000e-05	-3.364635e-03	1.159469e+00
4.885000e-05	-2.917814e-03	1.062809e+00
4.886000e-05	-4.333258e-03	9.363972e-01
4.887000e-05	-6.867558e-03	8.121040e-01
4.888000e-05	-5.075845e-03	7.689963e-01
4.889000e-05	-2.152365e-03	7.453658e-01
4.890000e-05	-2.403312e-03	6.326252e-01
4.891000e-05	-4.674991e-03	5.574134e-01
4.892000e-05	-4.814990e-03	4.732066e-01
4.893000e-05	-3.132971e-03	4.210764e-01
4.894000e-05	-2.127928e-03	3.064449e-01
4.895000e-05	-4.766091e-03	2.626027e-01
4.896000e-05	-5.172455e-03	9.630951e-02
4.897000e-05	-3.352751e-03	2.107652e-02
4.898000e-05	-2.891157e-04	-2.208132e-02
4.899000e-05	-5.860526e-04	-6.368940e-02
4.900000e-05	-1.605774e-03	-2.189224e-01
4.901000e-05	-1.800676e-03	-2.635828e-01
4.902000e-05	-1.281318e-03	-3.268407e-01
4.903000e-05	-1.387445e-03	-4.099500e-01
4.904000e-05	-2.721483e-03	-4.706038e-01
4.905000e-05	6.716715e-03	-5.466868e-01
4.906000e-05	2.299131e-02	-6.399542e-01
4.907000e-05	1.315967e-02	-7.668984e-01
4.908000e-05	-4.398537e-02	-9.046920e-01
4.909000e-05	-4.114329e-02	-9.689512e-01
4.910000e-05	3.622653e-02	-9.799697e-01
4.911000e-05	2.458439e-02	-9.710274e-01
4.912000e-05	-1.166580e-02	-1.146794e+00
4.913000e-05	-3.347324e-02	-1.262166e+00
4.914000e-05	7.225676e-02	-1.296211e+00
4.915000e-05	-1.160886e-03	-1.397773e+00
4.916000e-05	-6.032923e-02	-1.536896e+00
4.917000e-05	8.085975e-03	-1.610026e+00
4.918000e-05	2.649520e-02	-1.642631e+00
4.919000e-05	-3.670354e-02	-1.737322e+00
4.920000e-05	-1.504451e-02	-1.830035e+00
4.921000e-05	8.164242e-02	-1.875709e+00
4.922000e-05	-2.042571e-02	-1.967342e+00
4.923000e-05	-6.482724e-02	-2.010004e+00
4.924000e-05	3.757475e-02	-2.092709e+00
4.925000e-05	1.590703e-02	-2.188930e+00
4.926000e-05	-4.044265e-02	-2.346743e+00
4.927000e-05	8.288389e-03	-2.368451e+00
4.928000e-05	2.517783e-02	-2.431478e+00
4.929000e-05	-7.368876e-03	-2.465236e+00
4.930000e-05	1.214661e-03	-2.587796e+00
4.931000e-05	-3.741324e-03	-2.611079e+00
4.932000e-05	-2.272554e-02	-2.716338e+00
4.933000e-05	8.319849e-03	-2.758347e+00
4.934000e-05	1.284022e-02	-2.801525e+00
4.935000e-05	-8.777042e-03	-2.841109e+00
4.936000e-05	6.215688e-03	-2.914742e+00
4.937000e-05	-1.099350e-02	-3.009906e+00
4.938000e-05	1.324176e-03	-3.096214e+00
4.939000e-05	1.562633e-02	-3.179976e+00
4.940000e-05	-1.390747e-02	-3.242028e+00
4.941000e-05	-1.608985e-02	-3.283084e+00
4.942000e-05	2.247693e-02	-3.345744e+00
4.943000e-05	4.403278e-03	-3.377928e+00
4.944000e-05	-1.190469e-02	-3.422529e+00
4.945000e-05	-1.852555e-03	-3.452589e+00
4.946000e-05	-7.810373e-03	-3.535737e+00
4.947000e-05	6.321700e-03	-3.568925e+00
4.948000e-05	5.266681e-03	-3.600001e+00
4.949000e-05	-8.054763e-03	-3.631004e+00
4.950000e-05	-6.643150e-03	-3.694033e+00
4.951000e-05	9.757937e-03	-3.715712e+00
4.952000e-05	1.549407e-03	-3.818982e+00
4.953000e-05	-3.238049e-03	-3.892606e+00
4.954000e-05	-7.350115e-03	-3.924739e+00
4.955000e-05	-1.649453e-04	-3.948846e+00
4.956000e-05	7.835346e-03	-3.979975e+00
4.957000e-05	8.998304e-04	-4.000553e+00
4.958000e-05	-7.310647e-03	-4.061554e+00
4.959000e-05	-4.665492e-03	-4.082561e+00
4.960000e-05	8.024950e-03	-4.085190e+00
4.961000e-05	3.518459e-03	-4.105366e+00
4.962000e-05	-5.128617e-03	-4.177949e+00
4.963000e-05	-6.373765e-03	-4.199951e+00
4.964000e-05	1.190930e-03	-4.190050e+00
4.965000e-05	5.760508e-03	-4.200028e+00
4.966000e-05	-4.501630e-04	-4.212528e+00
4.967000e-05	-6.125712e-03	-4.242159e+00
4.968000e-05	-3.280067e-03	-4.263636e+00
4.969000e-05	5.233303e-03	-4.283142e+00
4.970000e-05	1.969375e-03	-4.316767e+00
4.971000e-05	-1.387947e-03	-4.345216e+00
4.972000e-05	-3.928416e-03	-4.345792e+00
4.973000e-05	1.104237e-03	-4.327897e+00
4.974000e-05	3.997873e-03	-4.316370e+00
4.975000e-05	-1.174449e-03	-4.369872e+00
4.976000e-05	-5.173381e-03	-4.367847e+00
4.977000e-05	-1.431290e-03	-4.346397e+00
4.978000e-05	3.752226e-03	-4.388867e+00
4.979000e-05	1.658175e-03	-4.376324e+00
4.980000e-05	-2.167538e-03	-4.358844e+00
4.981000e-05	-3.165290e-03	-4.378845e+00
4.982000e-05	1.377563e-03	-4.338396e+00
4.983000e-05	2.152511e-03	-4.368370e+00
4.984000e-05	-1.757477e-03	-4.368367e+00
4.985000e-05	-3.703444e-03	-4.336268e+00
4.986000e-05	-1.301799e-04	-4.306288e+00
4.987000e-05	3.081793e-03	-4.313141e+00
4.988000e-05	1.679397e-03	-4.303612e+00
4.989000e-05	-2.047336e-03	-4.242658e+00
4.990000e-05	-2.384666e-03	-4.243132e+00
4.991000e-05	1.325511e-03	-4.241081e+00
4.992000e-05	1.403360e-03	-4.209478e+00
4.993000e-05	-4.084086e-04	-4.180471e+00
4.994000e-05	-3.028646e-03	-4.168900e+00
4.995000e-05	-1.504582e-03	-4.146873e+00
4.996000e-05	2.037820e-03	-4.126792e+00
4.997000e-05	1.839170e-05	-4.032104e+00
4.998000e-05	-3.474786e-03	-4.092157e+00
4.999000e-05	-2.968907e-03	-3.990078e+00
