# 260826_12:11:25.437714
t	CH1	CH2
0.000000e+00	-3.705424e-02	1.007281e+01
1.000000e-08	-4.130945e-02	1.004208e+01
2.000000e-08	-4.459485e-02	9.980546e+00
3.000000e-08	-4.589195e-02	9.956896e+00
4.000000e-08	-4.211247e-02	9.862230e+00
5.000000e-08	-4.397513e-02	9.776545e+00
6.000000e-08	-4.819025e-02	9.712912e+00
7.000000e-08	-5.175023e-02	9.579150e+00
8.000000e-08	-5.035480e-02	9.525894e+00
9.000000e-08	-4.943307e-02	9.472210e+00
1.000000e-07	-5.308727e-02	9.408554e+00
1.100000e-07	-5.519804e-02	9.303363e+00
1.200000e-07	-5.468536e-02	9.231629e+00
1.300000e-07	-5.029227e-02	9.176843e+00
1.400000e-07	-4.708847e-02	9.079158e+00
1.500000e-07	-4.733519e-02	8.874415e+00
1.600000e-07	-4.729483e-02	8.788628e+00
1.700000e-07	-4.525994e-02	8.723837e+00
1.800000e-07	-4.034627e-02	8.589481e+00
1.900000e-07	-3.793333e-02	8.494741e+00
2.000000e-07	-3.646850e-02	8.420051e+00
2.100000e-07	-3.596728e-02	8.323765e+00
2.200000e-07	-3.088979e-02	8.186549e+00
2.300000e-07	-2.905495e-02	8.018560e+00
2.400000e-07	-2.616920e-02	7.962861e+00
2.500000e-07	-2.905018e-02	7.769096e+00
2.600000e-07	-2.565262e-02	7.669653e+00
2.700000e-07	-2.442603e-02	7.532261e+00
2.800000e-07	-2.163184e-02	7.324390e+00
2.900000e-07	-2.141859e-02	7.156444e+00
3.000000e-07	-2.106806e-02	7.060604e+00
3.100000e-07	-2.066773e-02	6.872313e+00
3.200000e-07	-2.002575e-02	6.764873e+00
3.300000e-07	-1.934383e-02	6.546524e+00
3.400000e-07	-1.938387e-02	6.388553e+00
3.500000e-07	-1.772582e-02	6.241659e+00
3.600000e-07	-1.693871e-02	6.103292e+00
3.700000e-07	-1.453544e-02	6.006925e+00
3.800000e-07	-1.570120e-02	5.846480e+00
3.900000e-07	-1.558789e-02	5.607526e+00
4.000000e-07	-1.451034e-02	5.430132e+00
4.100000e-07	-1.377288e-02	5.260760e+00
4.200000e-07	-1.407535e-02	5.081134e+00
4.300000e-07	-1.264789e-02	4.870081e+00
4.400000e-07	-1.255473e-02	4.682237e+00
4.500000e-07	-1.209915e-02	4.472761e+00
4.600000e-07	-1.185779e-02	4.355894e+00
4.700000e-07	-9.690670e-03	4.092842e+00
4.800000e-07	-1.138099e-02	3.955396e+00
4.900000e-07	-1.216686e-02	3.787020e+00
5.000000e-07	-1.223480e-02	3.588503e+00
5.100000e-07	-1.007571e-02	3.454052e+00
5.200000e-07	-8.792686e-03	3.177974e+00
5.300000e-07	-9.212237e-03	3.030606e+00
5.400000e-07	-1.236370e-02	2.849679e+00
5.500000e-07	-1.028537e-02	2.690340e+00
5.600000e-07	-7.541353e-03	2.438082e+00
5.700000e-07	-5.562365e-03	2.259180e+00
5.800000e-07	-9.397884e-03	2.061684e+00
5.900000e-07	-8.992344e-03	1.882218e+00
6.000000e-07	-7.669640e-03	1.691183e+00
6.100000e-07	-5.838442e-03	1.451810e+00
6.200000e-07	-7.695744e-03	1.261109e+00
6.300000e-07	-7.655163e-03	1.048106e+00
6.400000e-07	-7.962533e-03	8.165275e-01
6.500000e-07	-5.905873e-03	6.085542e-01
6.600000e-07	-5.012613e-03	4.596528e-01
6.700000e-07	-5.431664e-03	2.896144e-01
6.800000e-07	-7.049925e-03	1.905379e-02
6.900000e-07	-5.315583e-04	-1.703684e-01
7.000000e-07	6.527815e-03	-3.383419e-01
7.100000e-07	-2.216175e-03	-4.162066e-01
7.200000e-07	1.533876e-03	-7.678083e-01
7.300000e-07	-2.705906e-03	-8.862356e-01
7.400000e-07	1.710038e-03	-1.076608e+00
7.500000e-07	8.910550e-05	-1.224653e+00
7.600000e-07	2.919321e-02	-1.506707e+00
7.700000e-07	1.190483e-01	-1.646154e+00
7.800000e-07	-3.929700e-02	-1.940266e+00
7.900000e-07	-2.203462e-02	-2.245507e+00
8.000000e-07	-7.576990e-02	-2.442603e+00
8.100000e-07	-8.571667e-02	-2.525370e+00
8.200000e-07	1.923535e-01	-2.581021e+00
8.300000e-07	-1.353593e-01	-2.802971e+00
8.400000e-07	-1.866921e-02	-3.126261e+00
8.500000e-07	2.155661e-01	-3.180470e+00
8.600000e-07	-1.799181e-01	-3.403899e+00
8.700000e-07	4.881717e-02	-3.580475e+00
8.800000e-07	1.015795e-01	-3.691814e+00
8.900000e-07	-1.964003e-01	-3.982944e+00
9.000000e-07	1.217783e-01	-4.149896e+00
9.100000e-07	-6.309789e-03	-4.268212e+00
9.200000e-07	-3.610757e-02	-4.507866e+00
9.300000e-07	1.769028e-01	-4.675180e+00
9.400000e-07	-1.734478e-01	-4.876685e+00
9.500000e-07	8.715920e-02	-5.075659e+00
9.600000e-07	7.360433e-03	-5.194648e+00
9.700000e-07	-7.942999e-02	-5.518659e+00
9.800000e-07	1.315667e-01	-5.634202e+00
9.900000e-07	-9.980499e-02	-5.823605e+00
1.000000e-06	1.077770e-01	-5.959470e+00
1.010000e-06	-4.167966e-02	-6.090344e+00
1.020000e-06	-1.246776e-02	-6.357894e+00
1.030000e-06	8.236545e-02	-6.485233e+00
1.040000e-06	-1.273648e-01	-6.634153e+00
1.050000e-06	1.357739e-01	-6.769995e+00
1.060000e-06	-4.663887e-02	-6.889863e+00
1.070000e-06	2.478281e-02	-7.147795e+00
1.080000e-06	4.320314e-02	-7.264202e+00
1.090000e-06	-6.956187e-02	-7.401075e+00
1.100000e-06	9.858659e-02	-7.518366e+00
1.110000e-06	-6.943713e-02	-7.657309e+00
1.120000e-06	6.320313e-02	-7.875254e+00
1.130000e-06	-2.537363e-02	-7.992550e+00
1.140000e-06	2.130039e-02	-8.116291e+00
1.150000e-06	4.452783e-02	-8.234103e+00
1.160000e-06	-3.525946e-02	-8.358371e+00
1.170000e-06	5.556769e-02	-8.423760e+00
1.180000e-06	-4.533781e-02	-8.561651e+00
1.190000e-06	5.447546e-02	-8.728990e+00
1.200000e-06	-4.507708e-03	-8.831654e+00
1.210000e-06	1.699715e-02	-8.947942e+00
1.220000e-06	1.354547e-02	-9.023253e+00
1.230000e-06	-2.133317e-04	-9.138368e+00
1.240000e-06	3.633976e-02	-9.230629e+00
1.250000e-06	-7.388994e-03	-9.368263e+00
1.260000e-06	2.456809e-02	-9.412000e+00
1.270000e-06	-8.093985e-03	-9.485837e+00
1.280000e-06	2.630716e-02	-9.612682e+00
1.290000e-06	1.327557e-02	-9.674237e+00
1.300000e-06	1.553846e-02	-9.777446e+00
1.310000e-06	1.383696e-02	-9.821080e+00
1.320000e-06	7.757710e-03	-9.885784e+00
1.330000e-06	2.146024e-02	-9.936314e+00
1.340000e-06	8.698031e-03	-9.960099e+00
1.350000e-06	1.820414e-02	-1.004265e+01
1.360000e-06	6.548386e-03	-1.010439e+01
1.370000e-06	2.372445e-02	-1.010794e+01
1.380000e-06	1.798380e-02	-1.018955e+01
1.390000e-06	1.910880e-02	-1.024113e+01
1.400000e-06	1.237813e-02	-1.025528e+01
1.410000e-06	1.181613e-02	-1.032696e+01
1.420000e-06	2.057391e-02	-1.033802e+01
1.430000e-06	1.822900e-02	-1.036915e+01
1.440000e-06	1.854859e-02	-1.045208e+01
1.450000e-06	1.470732e-02	-1.042270e+01
1.460000e-06	1.998696e-02	-1.045169e+01
1.470000e-06	2.152404e-02	-1.045276e+01
1.480000e-06	2.348809e-02	-1.047274e+01
1.490000e-06	1.827546e-02	-1.048376e+01
1.500000e-06	2.051438e-02	-1.046368e+01
1.510000e-06	2.423612e-02	-1.045278e+01
1.520000e-06	2.382285e-02	-1.044218e+01
1.530000e-06	2.344094e-02	-1.043326e+01
1.540000e-06	2.088876e-02	-1.044118e+01
1.550000e-06	2.356091e-02	-1.040013e+01
1.560000e-06	2.876901e-02	-1.038797e+01
1.570000e-06	2.942406e-02	-1.032597e+01
1.580000e-06	2.753946e-02	-1.030387e+01
1.590000e-06	2.829701e-02	-1.027025e+01
1.600000e-06	3.111867e-02	-1.018868e+01
1.610000e-06	3.110024e-02	-1.015846e+01
1.620000e-06	2.941654e-02	-1.009379e+01
1.630000e-06	2.840224e-02	-1.003171e+01
1.640000e-06	3.536426e-02	-9.978549e+00
1.650000e-06	3.800870e-02	-9.915845e+00
1.660000e-06	4.002987e-02	-9.852260e+00
1.670000e-06	3.703365e-02	-9.801080e+00
1.680000e-06	4.017656e-02	-9.747494e+00
1.690000e-06	3.993288e-02	-9.673738e+00
1.700000e-06	4.371694e-02	-9.598981e+00
1.710000e-06	3.874633e-02	-9.545971e+00
1.720000e-06	4.213215e-02	-9.460705e+00
1.730000e-06	4.229812e-02	-9.334920e+00
1.740000e-06	4.727294e-02	-9.240757e+00
1.750000e-06	4.349304e-02	-9.135421e+00
1.760000e-06	4.136923e-02	-9.070708e+00
1.770000e-06	3.541635e-02	-8.934845e+00
1.780000e-06	3.423980e-02	-8.851111e+00
1.790000e-06	3.284486e-02	-8.766020e+00
1.800000e-06	2.784648e-02	-8.659206e+00
1.810000e-06	2.711664e-02	-8.452891e+00
1.820000e-06	2.502346e-02	-8.367999e+00
1.830000e-06	2.644464e-02	-8.272838e+00
1.840000e-06	2.261564e-02	-8.154520e+00
1.850000e-06	1.888905e-02	-8.040785e+00
1.860000e-06	1.602313e-02	-7.953446e+00
1.870000e-06	1.458997e-02	-7.757470e+00
1.880000e-06	1.567455e-02	-7.567049e+00
1.890000e-06	1.260438e-02	-7.460258e+00
1.900000e-06	1.124207e-02	-7.292366e+00
1.910000e-06	1.005665e-02	-7.168549e+00
1.920000e-06	1.116510e-02	-7.018653e+00
1.930000e-06	1.013423e-02	-6.820684e+00
1.940000e-06	7.916378e-03	-6.693790e+00
1.950000e-06	6.049054e-03	-6.585517e+00
1.960000e-06	7.471022e-03	-6.410655e+00
1.970000e-06	6.080210e-03	-6.219708e+00
1.980000e-06	6.089056e-03	-5.989186e+00
1.990000e-06	4.226716e-03	-5.853768e+00
2.000000e-06	3.269266e-03	-5.775496e+00
2.010000e-06	3.869262e-03	-5.577127e+00
2.020000e-06	3.572069e-03	-5.368529e+00
2.030000e-06	1.826910e-03	-5.187048e+00
2.040000e-06	-2.638804e-04	-4.988625e+00
2.050000e-06	1.140590e-03	-4.724950e+00
2.060000e-06	-3.925990e-04	-4.570600e+00
2.070000e-06	1.788455e-03	-4.409657e+00
2.080000e-06	-2.191266e-03	-4.273213e+00
2.090000e-06	2.797775e-04	-4.104840e+00
2.100000e-06	-1.491895e-03	-3.935517e+00
2.110000e-06	4.361320e-04	-3.694393e+00
2.120000e-06	-2.700310e-03	-3.534922e+00
2.130000e-06	-1.059062e-03	-3.334524e+00
2.140000e-06	-3.779866e-03	-3.199126e+00
2.150000e-06	-3.337249e-03	-2.976045e+00
2.160000e-06	-4.602410e-03	-2.797576e+00
2.170000e-06	-3.783265e-03	-2.616125e+00
2.180000e-06	-5.628091e-03	-2.418053e+00
2.190000e-06	-4.091330e-03	-2.206555e+00
2.200000e-06	-4.159756e-03	-2.017604e+00
2.210000e-06	-3.286188e-03	-1.830583e+00
2.220000e-06	-6.040465e-03	-1.639755e+00
2.230000e-06	-5.092364e-03	-1.416182e+00
2.240000e-06	-6.749893e-03	-1.175875e+00
2.250000e-06	-6.675627e-03	-1.007024e+00
2.260000e-06	-8.855274e-03	-8.085039e-01
2.270000e-06	-6.556185e-03	-5.755001e-01
2.280000e-06	-5.803996e-03	-3.950026e-01
2.290000e-06	-4.624475e-03	-1.874789e-01
2.300000e-06	-2.625880e-03	1.044594e-02
2.310000e-06	3.886604e-03	1.904459e-01
2.320000e-06	-4.444891e-03	4.009211e-01
2.330000e-06	-3.189166e-04	5.482433e-01
2.340000e-06	-4.054718e-03	7.272157e-01
2.350000e-06	-3.666251e-03	8.771766e-01
2.360000e-06	-4.418942e-03	1.138210e+00
2.370000e-06	5.359574e-03	1.338211e+00
2.380000e-06	4.671474e-02	1.560266e+00
2.390000e-06	8.043990e-02	1.802474e+00
2.400000e-06	-4.676178e-02	2.012475e+00
2.410000e-06	-4.225857e-02	2.220897e+00
2.420000e-06	-5.576562e-02	2.399395e+00
2.430000e-06	-1.022591e-01	2.445657e+00
2.440000e-06	1.285248e-01	2.687132e+00
2.450000e-06	-4.109164e-02	2.906187e+00
2.460000e-06	-1.342962e-01	3.052000e+00
2.470000e-06	2.053905e-01	3.212997e+00
2.480000e-06	-9.203694e-02	3.465632e+00
2.490000e-06	-3.944127e-02	3.611001e+00
2.500000e-06	8.894321e-02	3.718266e+00
2.510000e-06	-1.298572e-01	3.958793e+00
2.520000e-06	1.823434e-02	4.150312e+00
2.530000e-06	3.985520e-02	4.370942e+00
2.540000e-06	-4.285733e-02	4.519336e+00
2.550000e-06	6.010359e-02	4.737211e+00
2.560000e-06	-5.974874e-02	4.936768e+00
2.570000e-06	-4.884766e-03	5.149291e+00
2.580000e-06	2.515880e-03	5.360241e+00
2.590000e-06	-2.934782e-02	5.507792e+00
2.600000e-06	1.313936e-02	5.675104e+00
2.610000e-06	-2.611096e-02	5.896058e+00
2.620000e-06	3.319172e-02	6.044079e+00
2.630000e-06	-3.791321e-02	6.159894e+00
2.640000e-06	-9.245348e-03	6.329290e+00
2.650000e-06	6.701032e-03	6.486185e+00
2.660000e-06	-5.872299e-02	6.686134e+00
2.670000e-06	3.067483e-02	6.812152e+00
2.680000e-06	-8.357091e-03	6.989873e+00
2.690000e-06	-1.183074e-02	7.148265e+00
2.700000e-06	-8.975862e-03	7.235149e+00
2.710000e-06	-2.540322e-02	7.422975e+00
2.720000e-06	4.399246e-03	7.599395e+00
2.730000e-06	-2.710165e-02	7.726837e+00
2.740000e-06	-4.496566e-04	7.894729e+00
2.750000e-06	-2.878814e-02	8.013577e+00
2.760000e-06	-1.379386e-03	8.188392e+00
2.770000e-06	1.222481e-03	8.265183e+00
2.780000e-06	-2.023966e-02	8.359972e+00
2.790000e-06	-1.530691e-02	8.476208e+00
2.800000e-06	-2.942550e-02	8.611028e+00
2.810000e-06	-4.424558e-03	8.734187e+00
2.820000e-06	-1.197260e-02	8.801969e+00
2.830000e-06	-1.400520e-02	8.843732e+00
2.840000e-06	-1.952946e-02	9.019921e+00
2.850000e-06	-1.443850e-02	9.138308e+00
2.860000e-06	-8.791748e-03	9.221103e+00
2.870000e-06	-1.721117e-02	9.314732e+00
2.880000e-06	-2.276337e-02	9.369445e+00
2.890000e-06	-2.312152e-02	9.463658e+00
2.900000e-06	-1.145344e-02	9.567290e+00
2.910000e-06	-1.124550e-02	9.583101e+00
2.920000e-06	-1.955306e-02	9.723760e+00
2.930000e-06	-2.162997e-02	9.778445e+00
2.940000e-06	-2.034622e-02	9.822256e+00
2.950000e-06	-1.782410e-02	9.926833e+00
2.960000e-06	-2.005868e-02	9.968449e+00
2.970000e-06	-2.421892e-02	1.004206e+01
2.980000e-06	-2.335784e-02	1.008326e+01
2.990000e-06	-1.767364e-02	1.013577e+01
3.000000e-06	-1.616382e-02	1.013799e+01
3.010000e-06	-2.148991e-02	1.021842e+01
3.020000e-06	-2.901712e-02	1.027055e+01
3.030000e-06	-2.588697e-02	1.028328e+01
3.040000e-06	-2.171609e-02	1.029269e+01
3.050000e-06	-2.012432e-02	1.029679e+01
3.060000e-06	-2.709530e-02	1.032474e+01
3.070000e-06	-2.719884e-02	1.032531e+01
3.080000e-06	-2.628911e-02	1.032632e+01
3.090000e-06	-2.305538e-02	1.032684e+01
3.100000e-06	-2.724577e-02	1.034740e+01
3.110000e-06	-3.233228e-02	1.033747e+01
3.120000e-06	-3.178744e-02	1.032642e+01
3.130000e-06	-2.756099e-02	1.031482e+01
3.140000e-06	-2.732581e-02	1.032632e+01
3.150000e-06	-3.242366e-02	1.033436e+01
3.160000e-06	-3.630855e-02	1.028529e+01
3.170000e-06	-3.596281e-02	1.029276e+01
3.180000e-06	-3.300594e-02	1.022270e+01
3.190000e-06	-3.375854e-02	1.024008e+01
3.200000e-06	-3.755574e-02	1.017702e+01
3.210000e-06	-3.842414e-02	1.012694e+01
3.220000e-06	-3.798104e-02	1.011381e+01
3.230000e-06	-3.821081e-02	1.009321e+01
3.240000e-06	-4.249807e-02	9.990604e+00
3.250000e-06	-4.512310e-02	9.979395e+00
3.260000e-06	-4.497478e-02	9.903816e+00
3.270000e-06	-4.235692e-02	9.840704e+00
3.280000e-06	-4.453334e-02	9.755946e+00
3.290000e-06	-5.002303e-02	9.662687e+00
3.300000e-06	-5.136639e-02	9.548516e+00
3.310000e-06	-5.129613e-02	9.494789e+00
3.320000e-06	-5.084209e-02	9.431631e+00
3.330000e-06	-5.345048e-02	9.345416e+00
3.340000e-06	-5.523072e-02	9.304258e+00
3.350000e-06	-5.239923e-02	9.207626e+00
3.360000e-06	-4.936338e-02	9.112791e+00
3.370000e-06	-4.855019e-02	9.006001e+00
3.380000e-06	-4.803034e-02	8.842758e+00
3.390000e-06	-4.774122e-02	8.757924e+00
3.400000e-06	-4.213857e-02	8.683760e+00
3.410000e-06	-3.849198e-02	8.567447e+00
3.420000e-06	-3.612491e-02	8.452261e+00
3.430000e-06	-3.735405e-02	8.366997e+00
3.440000e-06	-3.431346e-02	8.261132e+00
3.450000e-06	-3.159662e-02	8.083814e+00
3.460000e-06	-2.786058e-02	8.007499e+00
3.470000e-06	-2.876929e-02	7.870135e+00
3.480000e-06	-2.795259e-02	7.714767e+00
3.490000e-06	-2.565390e-02	7.607975e+00
3.500000e-06	-2.211600e-02	7.410179e+00
3.510000e-06	-2.073072e-02	7.250662e+00
3.520000e-06	-2.139621e-02	7.134820e+00
3.530000e-06	-2.234720e-02	6.976946e+00
3.540000e-06	-2.023289e-02	6.819630e+00
3.550000e-06	-1.885860e-02	6.712163e+00
3.560000e-06	-1.879787e-02	6.512919e+00
3.570000e-06	-1.906000e-02	6.375444e+00
3.580000e-06	-1.865943e-02	6.208552e+00
3.590000e-06	-1.624032e-02	6.020732e+00
3.600000e-06	-1.469857e-02	5.923840e+00
3.610000e-06	-1.597443e-02	5.691318e+00
3.620000e-06	-1.568568e-02	5.553395e+00
3.630000e-06	-1.427774e-02	5.366527e+00
3.640000e-06	-1.358495e-02	5.175127e+00
3.650000e-06	-1.287382e-02	4.933869e+00
3.660000e-06	-1.402906e-02	4.787471e+00
3.670000e-06	-1.352779e-02	4.597551e+00
3.680000e-06	-1.094978e-02	4.430105e+00
3.690000e-06	-1.087250e-02	4.249609e+00
3.700000e-06	-1.050840e-02	4.011578e+00
3.710000e-06	-1.181551e-02	3.862710e+00
3.720000e-06	-1.135275e-02	3.694763e+00
3.730000e-06	-1.023113e-02	3.544871e+00
3.740000e-06	-9.995371e-03	3.322342e+00
3.750000e-06	-1.077602e-02	3.163868e+00
3.760000e-06	-1.118150e-02	2.955875e+00
3.770000e-06	-9.354078e-03	2.797000e+00
3.780000e-06	-8.676272e-03	2.584020e+00
3.790000e-06	-8.306516e-03	2.415944e+00
3.800000e-06	-8.991166e-03	2.155900e+00
3.810000e-06	-7.170294e-03	2.008526e+00
3.820000e-06	-8.009385e-03	1.778052e+00
3.830000e-06	-6.903044e-03	1.608526e+00
3.840000e-06	-7.857407e-03	1.356950e+00
3.850000e-06	-7.542335e-03	1.194430e+00
3.860000e-06	-6.651629e-03	9.053430e-01
3.870000e-06	-6.563848e-03	7.543423e-01
3.880000e-06	-7.708886e-03	5.237924e-01
3.890000e-06	-5.841212e-03	3.959011e-01
3.900000e-06	-4.533895e-03	1.449210e-01
3.910000e-06	-3.959149e-03	-6.617904e-02
3.920000e-06	3.191929e-03	-2.130766e-01
3.930000e-06	-6.374703e-04	-3.805000e-01
3.940000e-06	-6.328197e-04	-5.730488e-01
3.950000e-06	1.653314e-03	-7.915725e-01
3.960000e-06	4.218454e-04	-9.504963e-01
3.970000e-06	-1.423193e-03	-1.107313e+00
3.980000e-06	4.502932e-03	-1.299797e+00
3.990000e-06	7.522911e-02	-1.578469e+00
4.000000e-06	7.181235e-02	-1.750916e+00
4.010000e-06	-6.211270e-02	-2.065576e+00
4.020000e-06	-1.392341e-02	-2.328845e+00
4.030000e-06	-1.307325e-01	-2.515290e+00
4.040000e-06	7.225067e-02	-2.558342e+00
4.050000e-06	1.022364e-01	-2.606176e+00
4.060000e-06	-2.069267e-01	-2.940816e+00
4.070000e-06	1.550688e-01	-3.109420e+00
4.080000e-06	4.466713e-02	-3.234702e+00
4.090000e-06	-1.920781e-01	-3.528316e+00
4.100000e-06	1.800064e-01	-3.611626e+00
4.110000e-06	-7.219800e-02	-3.866601e+00
4.120000e-06	-1.059433e-01	-4.105263e+00
4.130000e-06	1.652657e-01	-4.161976e+00
4.140000e-06	-1.294284e-01	-4.374071e+00
4.150000e-06	1.285053e-01	-4.611476e+00
4.160000e-06	2.825715e-02	-4.780912e+00
4.170000e-06	-1.338378e-01	-5.000497e+00
4.180000e-06	1.534872e-01	-5.119390e+00
4.190000e-06	-1.253120e-01	-5.379891e+00
4.200000e-06	6.748384e-02	-5.569468e+00
4.210000e-06	2.122135e-02	-5.697291e+00
4.220000e-06	-4.174364e-02	-5.905711e+00
4.230000e-06	1.151716e-01	-6.023098e+00
4.240000e-06	-1.162335e-01	-6.256049e+00
4.250000e-06	1.014792e-01	-6.371500e+00
4.260000e-06	-4.835123e-02	-6.528813e+00
4.270000e-06	-2.615584e-02	-6.727289e+00
4.280000e-06	1.173355e-01	-6.783154e+00
4.290000e-06	-9.395322e-02	-7.033478e+00
4.300000e-06	1.041589e-01	-7.159075e+00
4.310000e-06	-6.289318e-02	-7.318860e+00
4.320000e-06	3.131886e-02	-7.453159e+00
4.330000e-06	3.362055e-02	-7.582646e+00
4.340000e-06	-4.397841e-02	-7.799549e+00
4.350000e-06	7.142042e-02	-7.927767e+00
4.360000e-06	-5.910704e-02	-8.065183e+00
4.370000e-06	8.293229e-02	-8.168495e+00
4.380000e-06	-2.845614e-02	-8.296686e+00
4.390000e-06	2.209666e-02	-8.380077e+00
4.400000e-06	1.112199e-02	-8.507891e+00
4.410000e-06	-1.727286e-02	-8.674661e+00
4.420000e-06	5.579332e-02	-8.810501e+00
4.430000e-06	-2.389862e-02	-8.885312e+00
4.440000e-06	4.123827e-02	-8.988951e+00
4.450000e-06	-1.389723e-02	-9.085785e+00
4.460000e-06	3.397906e-02	-9.159372e+00
4.470000e-06	9.922464e-03	-9.263254e+00
4.480000e-06	4.442094e-03	-9.359920e+00
4.490000e-06	1.328147e-02	-9.456257e+00
4.500000e-06	3.211779e-04	-9.528448e+00
4.510000e-06	3.446738e-02	-9.643208e+00
4.520000e-06	2.595207e-03	-9.706340e+00
4.530000e-06	2.216965e-02	-9.799971e+00
4.540000e-06	3.994214e-03	-9.852087e+00
4.550000e-06	2.075044e-02	-9.875790e+00
4.560000e-06	1.412470e-02	-9.958500e+00
4.570000e-06	1.201011e-02	-9.971601e+00
4.580000e-06	1.243897e-02	-1.005268e+01
4.590000e-06	1.429040e-02	-1.009634e+01
4.600000e-06	2.609354e-02	-1.014950e+01
4.610000e-06	1.430209e-02	-1.022212e+01
4.620000e-06	1.746829e-02	-1.025363e+01
4.630000e-06	7.454966e-03	-1.026584e+01
4.640000e-06	2.076189e-02	-1.037697e+01
4.650000e-06	2.060326e-02	-1.035897e+01
4.660000e-06	1.830936e-02	-1.039045e+01
4.670000e-06	1.543659e-02	-1.042315e+01
4.680000e-06	1.764660e-02	-1.042271e+01
4.690000e-06	2.246043e-02	-1.047328e+01
4.700000e-06	2.059209e-02	-1.043223e+01
4.710000e-06	1.979177e-02	-1.045276e+01
4.720000e-06	1.669655e-02	-1.045421e+01
4.730000e-06	2.420524e-02	-1.047274e+01
4.740000e-06	2.530285e-02	-1.048376e+01
4.750000e-06	2.499279e-02	-1.043373e+01
4.760000e-06	2.215776e-02	-1.046216e+01
4.770000e-06	2.214431e-02	-1.043918e+01
4.780000e-06	2.691806e-02	-1.038956e+01
4.790000e-06	2.771326e-02	-1.037747e+01
4.800000e-06	2.727586e-02	-1.034702e+01
4.810000e-06	2.705776e-02	-1.028233e+01
4.820000e-06	2.973220e-02	-1.018073e+01
4.830000e-06	3.311173e-02	-1.015707e+01
4.840000e-06	3.066463e-02	-1.007742e+01
4.850000e-06	3.021155e-02	-1.004289e+01
4.860000e-06	3.043718e-02	-9.999658e+00
4.870000e-06	3.536902e-02	-9.958042e+00
4.880000e-06	3.839042e-02	-9.905340e+00
4.890000e-06	3.897870e-02	-9.881759e+00
4.900000e-06	3.778850e-02	-9.807055e+00
4.910000e-06	3.856751e-02	-9.665389e+00
4.920000e-06	4.222038e-02	-9.632708e+00
4.930000e-06	4.470711e-02	-9.580125e+00
4.940000e-06	4.302558e-02	-9.534440e+00
4.950000e-06	4.048137e-02	-9.399678e+00
4.960000e-06	4.310303e-02	-9.303316e+00
4.970000e-06	4.440441e-02	-9.177550e+00
4.980000e-06	4.267452e-02	-9.104338e+00
4.990000e-06	3.704269e-02	-8.950108e+00
5.000000e-06	3.595275e-02	-8.903842e+00
5.010000e-06	3.495310e-02	-8.771082e+00
5.020000e-06	3.399371e-02	-8.693916e+00
5.030000e-06	2.936802e-02	-8.577522e+00
5.040000e-06	2.535959e-02	-8.430762e+00
5.050000e-06	2.381653e-02	-8.364423e+00
5.060000e-06	2.361961e-02	-8.210259e+00
5.070000e-06	2.003210e-02	-8.115339e+00
5.080000e-06	1.715747e-02	-7.998104e+00
5.090000e-06	1.483927e-02	-7.861708e+00
5.100000e-06	1.646612e-02	-7.612362e+00
5.110000e-06	1.592997e-02	-7.563443e+00
5.120000e-06	1.303201e-02	-7.397525e+00
5.130000e-06	1.076980e-02	-7.230236e+00
5.140000e-06	9.554822e-03	-7.116270e+00
5.150000e-06	1.064717e-02	-6.896449e+00
5.160000e-06	9.110834e-03	-6.767550e+00
5.170000e-06	7.133539e-03	-6.661133e+00
5.180000e-06	5.911624e-03	-6.475288e+00
5.190000e-06	6.307033e-03	-6.395494e+00
5.200000e-06	6.116808e-03	-6.176046e+00
5.210000e-06	5.416926e-03	-5.957521e+00
5.220000e-06	4.872751e-03	-5.851209e+00
5.230000e-06	3.000679e-03	-5.693687e+00
5.240000e-06	2.794793e-03	-5.512939e+00
5.250000e-06	3.282962e-03	-5.291913e+00
5.260000e-06	1.747044e-04	-5.102367e+00
5.270000e-06	9.661929e-04	-4.911939e+00
5.280000e-06	-2.349716e-03	-4.653286e+00
5.290000e-06	2.379392e-03	-4.525392e+00
5.300000e-06	1.209092e-03	-4.378023e+00
5.310000e-06	1.440552e-03	-4.218628e+00
5.320000e-06	-2.174058e-04	-4.041755e+00
5.330000e-06	-1.827504e-03	-3.872288e+00
5.340000e-06	-1.849975e-03	-3.630158e+00
5.350000e-06	-3.886504e-03	-3.482786e+00
5.360000e-06	-2.315017e-03	-3.301264e+00
5.370000e-06	-3.668651e-03	-3.142947e+00
5.380000e-06	-2.015252e-03	-2.861259e+00
5.390000e-06	-4.540387e-03	-2.682845e+00
5.400000e-06	-1.879342e-03	-2.482919e+00
5.410000e-06	-7.179220e-03	-2.355399e+00
5.420000e-06	-3.736248e-03	-2.081866e+00
5.430000e-06	-7.629793e-03	-1.954847e+00
5.440000e-06	-3.589566e-03	-1.735475e+00
5.450000e-06	-6.295443e-03	-1.534474e+00
5.460000e-06	-4.257796e-03	-1.282291e+00
5.470000e-06	-7.866505e-03	-1.082234e+00
5.480000e-06	-5.757506e-03	-9.348420e-01
5.490000e-06	-7.295344e-03	-6.923971e-01
5.500000e-06	-5.916615e-03	-4.427571e-01
5.510000e-06	-6.056701e-03	-2.928143e-01
5.520000e-06	-5.993342e-03	-1.233708e-01
5.530000e-06	6.049622e-04	4.507884e-02
5.540000e-06	1.135285e-03	2.872067e-01
5.550000e-06	-3.443466e-03	4.356291e-01
5.560000e-06	-1.558915e-03	6.025240e-01
5.570000e-06	-3.979482e-03	7.814736e-01
5.580000e-06	-4.058727e-03	9.438235e-01
5.590000e-06	-3.002247e-03	1.214449e+00
5.600000e-06	1.390462e-02	1.402897e+00
5.610000e-06	7.786594e-02	1.656607e+00
5.620000e-06	2.998003e-02	1.927659e+00
5.630000e-06	-5.847047e-02	2.097158e+00
5.640000e-06	-3.428462e-02	2.284604e+00
5.650000e-06	-9.903121e-02	2.411448e+00
5.660000e-06	-2.491145e-02	2.540810e+00
5.670000e-06	1.458019e-01	2.770366e+00
5.680000e-06	-1.768252e-01	2.948790e+00
5.690000e-06	6.290883e-02	3.117207e+00
5.700000e-06	1.130565e-01	3.278212e+00
5.710000e-06	-1.464287e-01	3.537842e+00
5.720000e-06	7.794271e-02	3.623080e+00
5.730000e-06	-1.656759e-02	3.855083e+00
5.740000e-06	-1.055818e-01	4.033073e+00
5.750000e-06	7.729124e-02	4.245105e+00
5.760000e-06	-2.753805e-02	4.444058e+00
5.770000e-06	5.422629e-03	4.632999e+00
5.780000e-06	3.182172e-02	4.793494e+00
5.790000e-06	-8.091125e-02	5.024450e+00
5.800000e-06	3.564781e-02	5.233077e+00
5.810000e-06	-3.547951e-02	5.442595e+00
5.820000e-06	8.462009e-03	5.560596e+00
5.830000e-06	-2.096485e-02	5.759941e+00
5.840000e-06	8.650987e-03	5.927845e+00
5.850000e-06	1.378139e-02	6.096213e+00
5.860000e-06	-5.031196e-02	6.305109e+00
5.870000e-06	2.492135e-02	6.400975e+00
5.880000e-06	-4.181677e-02	6.561792e+00
5.890000e-06	-2.136173e-02	6.766341e+00
5.900000e-06	2.986443e-02	6.886262e+00
5.910000e-06	-2.151955e-02	7.044103e+00
5.920000e-06	-4.531463e-03	7.128441e+00
5.930000e-06	-2.322413e-02	7.316785e+00
5.940000e-06	-1.010335e-02	7.515180e+00
5.950000e-06	-4.835142e-03	7.643576e+00
5.960000e-06	-2.087453e-02	7.798987e+00
5.970000e-06	-5.929746e-03	7.918364e+00
5.980000e-06	-2.831733e-02	8.104660e+00
5.990000e-06	1.261500e-02	8.232025e+00
6.000000e-06	-1.364888e-02	8.326761e+00
6.010000e-06	-1.695715e-02	8.431604e+00
6.020000e-06	-2.196725e-02	8.525764e+00
6.030000e-06	-2.218506e-02	8.622582e+00
6.040000e-06	-1.092694e-03	8.736865e+00
6.050000e-06	-1.671633e-02	8.782652e+00
6.060000e-06	-1.358832e-02	8.927287e+00
6.070000e-06	-2.088447e-02	9.082606e+00
6.080000e-06	-9.053959e-03	9.149996e+00
6.090000e-06	-1.077127e-02	9.272683e+00
6.100000e-06	-2.192357e-02	9.317290e+00
6.110000e-06	-2.347594e-02	9.411526e+00
6.120000e-06	-2.076077e-02	9.516235e+00
6.130000e-06	-7.127675e-03	9.557893e+00
6.140000e-06	-1.657766e-02	9.671634e+00
6.150000e-06	-1.988274e-02	9.716865e+00
6.160000e-06	-2.199475e-02	9.810473e+00
6.170000e-06	-1.707193e-02	9.884654e+00
6.180000e-06	-1.654336e-02	9.967845e+00
6.190000e-06	-2.472285e-02	1.003007e+01
6.200000e-06	-2.317037e-02	1.003213e+01
6.210000e-06	-2.297986e-02	1.008318e+01
6.220000e-06	-1.351296e-02	1.010632e+01
6.230000e-06	-2.104055e-02	1.017896e+01
6.240000e-06	-2.422913e-02	1.021103e+01
6.250000e-06	-2.852679e-02	1.024053e+01
6.260000e-06	-2.056229e-02	1.031411e+01
6.270000e-06	-1.902022e-02	1.027431e+01
6.280000e-06	-2.411008e-02	1.031379e+01
6.290000e-06	-2.929527e-02	1.033584e+01
6.300000e-06	-2.872997e-02	1.031574e+01
6.310000e-06	-2.452287e-02	1.036639e+01
6.320000e-06	-2.421480e-02	1.032581e+01
6.330000e-06	-2.925976e-02	1.035690e+01
6.340000e-06	-3.268783e-02	1.035647e+01
6.350000e-06	-2.718804e-02	1.032642e+01
6.360000e-06	-2.687508e-02	1.035589e+01
6.370000e-06	-3.006410e-02	1.033531e+01
6.380000e-06	-3.676963e-02	1.034474e+01
6.390000e-06	-3.741633e-02	1.029424e+01
6.400000e-06	-3.350530e-02	1.027266e+01
6.410000e-06	-3.209863e-02	1.026361e+01
6.420000e-06	-3.558123e-02	1.018758e+01
6.430000e-06	-3.732892e-02	1.011792e+01
6.440000e-06	-3.905787e-02	1.012486e+01
6.450000e-06	-3.596955e-02	1.009276e+01
6.460000e-06	-4.143515e-02	1.006115e+01
6.470000e-06	-4.220812e-02	9.979073e+00
6.480000e-06	-4.525020e-02	9.936392e+00
6.490000e-06	-4.123964e-02	9.901608e+00
6.500000e-06	-4.314015e-02	9.805979e+00
6.510000e-06	-4.661580e-02	9.714790e+00
6.520000e-06	-5.173651e-02	9.650582e+00
6.530000e-06	-5.399374e-02	9.555916e+00
6.540000e-06	-5.178720e-02	9.442784e+00
6.550000e-06	-4.993148e-02	9.410054e+00
6.560000e-06	-5.052736e-02	9.313815e+00
6.570000e-06	-5.391175e-02	9.271133e+00
6.580000e-06	-5.013396e-02	9.175941e+00
6.590000e-06	-4.996974e-02	9.050659e+00
6.600000e-06	-4.851500e-02	8.924990e+00
6.610000e-06	-5.031916e-02	8.819225e+00
6.620000e-06	-4.617664e-02	8.724341e+00
6.630000e-06	-4.007021e-02	8.630107e+00
6.640000e-06	-3.557958e-02	8.514340e+00
6.650000e-06	-3.252552e-02	8.409651e+00
6.660000e-06	-3.525225e-02	8.304793e+00
6.670000e-06	-3.282966e-02	8.198574e+00
6.680000e-06	-3.357640e-02	8.018655e+00
6.690000e-06	-2.903236e-02	7.954761e+00
6.700000e-06	-3.063662e-02	7.809628e+00
6.710000e-06	-2.559664e-02	7.680264e+00
6.720000e-06	-2.459804e-02	7.534420e+00
6.730000e-06	-1.901295e-02	7.375945e+00
6.740000e-06	-2.054838e-02	7.188003e+00
6.750000e-06	-2.039075e-02	7.019685e+00
6.760000e-06	-2.299211e-02	6.923263e+00
6.770000e-06	-2.103218e-02	6.777023e+00
6.780000e-06	-2.066591e-02	6.658554e+00
6.790000e-06	-1.959056e-02	6.399080e+00
6.800000e-06	-1.811621e-02	6.252688e+00
6.810000e-06	-1.654272e-02	6.164370e+00
6.820000e-06	-1.337067e-02	6.007028e+00
6.830000e-06	-1.464435e-02	5.877607e+00
6.840000e-06	-1.569069e-02	5.627204e+00
6.850000e-06	-1.669154e-02	5.463659e+00
6.860000e-06	-1.435352e-02	5.271717e+00
6.870000e-06	-1.397774e-02	5.111666e+00
6.880000e-06	-1.354303e-02	4.862207e+00
6.890000e-06	-1.285527e-02	4.690785e+00
6.900000e-06	-1.135093e-02	4.515367e+00
6.910000e-06	-1.138545e-02	4.397449e+00
6.920000e-06	-1.169939e-02	4.124942e+00
6.930000e-06	-1.120655e-02	3.966497e+00
6.940000e-06	-1.247920e-02	3.807026e+00
6.950000e-06	-1.157222e-02	3.629609e+00
6.960000e-06	-1.008892e-02	3.438758e+00
6.970000e-06	-1.050551e-02	3.219554e+00
6.980000e-06	-9.458653e-03	3.060660e+00
6.990000e-06	-9.326946e-03	2.873263e+00
7.000000e-06	-1.083659e-02	2.760791e+00
7.010000e-06	-9.300611e-03	2.462183e+00
7.020000e-06	-7.705204e-03	2.271234e+00
7.030000e-06	-7.099648e-03	2.083714e+00
7.040000e-06	-7.770768e-03	1.934349e+00
7.050000e-06	-8.701688e-03	1.713390e+00
7.060000e-06	-6.872852e-03	1.503343e+00
7.070000e-06	-6.828992e-03	1.312238e+00
7.080000e-06	-6.780260e-03	1.140789e+00
7.090000e-06	-7.586337e-03	8.206054e-01
7.100000e-06	-7.808308e-03	6.596805e-01
7.110000e-06	-6.239777e-03	4.521853e-01
7.120000e-06	-5.259615e-03	3.116654e-01
7.130000e-06	-4.456290e-03	5.165538e-02
7.140000e-06	-2.888525e-03	-9.684194e-02
7.150000e-06	5.799651e-03	-2.878144e-01
7.160000e-06	-1.330383e-03	-4.282291e-01
7.170000e-06	1.652439e-03	-6.971344e-01
7.180000e-06	-3.697053e-03	-8.956317e-01
7.190000e-06	2.094795e-03	-1.053600e+00
7.200000e-06	3.245353e-04	-1.174974e+00
7.210000e-06	1.958894e-02	-1.445057e+00
7.220000e-06	1.158688e-01	-1.624026e+00
7.230000e-06	-1.468424e-02	-1.878710e+00
7.240000e-06	-3.311912e-02	-2.142495e+00
7.250000e-06	-5.264799e-02	-2.383030e+00
7.260000e-06	-1.209714e-01	-2.516917e+00
7.270000e-06	1.853421e-01	-2.569444e+00
7.280000e-06	-7.321171e-02	-2.770818e+00
7.290000e-06	-1.045107e-01	-3.075632e+00
7.300000e-06	2.302923e-01	-3.160919e+00
7.310000e-06	-1.406712e-01	-3.350842e+00
7.320000e-06	-2.009807e-02	-3.569925e+00
7.330000e-06	1.593153e-01	-3.667166e+00
7.340000e-06	-1.883470e-01	-3.949768e+00
7.350000e-06	7.055362e-02	-4.097841e+00
7.360000e-06	5.377922e-02	-4.256283e+00
7.370000e-06	-9.004902e-02	-4.486667e+00
7.380000e-06	1.927335e-01	-4.672554e+00
7.390000e-06	-1.441788e-01	-4.855625e+00
7.400000e-06	2.891198e-02	-5.056157e+00
7.410000e-06	6.462511e-02	-5.211049e+00
7.420000e-06	-1.188030e-01	-5.485661e+00
7.430000e-06	1.433913e-01	-5.653075e+00
7.440000e-06	-8.861009e-02	-5.780975e+00
7.450000e-06	7.305348e-02	-5.957868e+00
7.460000e-06	5.846414e-03	-6.048258e+00
7.470000e-06	-5.653891e-02	-6.318766e+00
7.480000e-06	1.144885e-01	-6.434057e+00
7.490000e-06	-1.318287e-01	-6.623496e+00
7.500000e-06	1.065170e-01	-6.747945e+00
7.510000e-06	-3.364214e-03	-6.889333e+00
7.520000e-06	-1.672718e-02	-7.108762e+00
7.530000e-06	7.743182e-02	-7.183133e+00
7.540000e-06	-9.054024e-02	-7.369469e+00
7.550000e-06	9.828488e-02	-7.477266e+00
7.560000e-06	-5.395008e-02	-7.616704e+00
7.570000e-06	4.015921e-02	-7.875580e+00
7.580000e-06	2.777944e-03	-7.989976e+00
7.590000e-06	-8.631669e-03	-8.106814e+00
7.600000e-06	6.703805e-02	-8.190654e+00
7.610000e-06	-4.771106e-02	-8.357941e+00
7.620000e-06	5.868707e-02	-8.414754e+00
7.630000e-06	-3.944642e-02	-8.592549e+00
7.640000e-06	3.903550e-02	-8.746866e+00
7.650000e-06	1.349852e-02	-8.803104e+00
7.660000e-06	3.494467e-03	-8.927842e+00
7.670000e-06	2.657046e-02	-9.031571e+00
7.680000e-06	-1.035631e-02	-9.106341e+00
7.690000e-06	4.311792e-02	-9.181501e+00
7.700000e-06	-8.056679e-03	-9.315916e+00
7.710000e-06	2.202060e-02	-9.381625e+00
7.720000e-06	-4.673273e-03	-9.486315e+00
7.730000e-06	2.181363e-02	-9.600653e+00
7.740000e-06	2.017363e-02	-9.665261e+00
7.750000e-06	8.987368e-03	-9.736418e+00
7.760000e-06	1.805088e-02	-9.801527e+00
7.770000e-06	4.040978e-03	-9.875259e+00
7.780000e-06	2.438329e-02	-9.926339e+00
7.790000e-06	9.001885e-03	-9.940474e+00
7.800000e-06	1.606268e-02	-9.992710e+00
7.810000e-06	7.847902e-03	-1.010389e+01
7.820000e-06	2.213663e-02	-1.013537e+01
7.830000e-06	2.070655e-02	-1.010957e+01
7.840000e-06	1.601381e-02	-1.021113e+01
7.850000e-06	1.251377e-02	-1.030425e+01
7.860000e-06	1.114335e-02	-1.029674e+01
7.870000e-06	2.259217e-02	-1.034003e+01
7.880000e-06	1.820083e-02	-1.035757e+01
7.890000e-06	1.871854e-02	-1.041068e+01
7.900000e-06	1.560427e-02	-1.042213e+01
7.910000e-06	2.023482e-02	-1.043368e+01
7.920000e-06	2.044723e-02	-1.046316e+01
7.930000e-06	2.180924e-02	-1.047276e+01
7.940000e-06	1.809859e-02	-1.046376e+01
7.950000e-06	1.956658e-02	-1.045368e+01
7.960000e-06	2.544110e-02	-1.046276e+01
7.970000e-06	2.441114e-02	-1.048376e+01
7.980000e-06	2.505017e-02	-1.042276e+01
7.990000e-06	2.075934e-02	-1.039268e+01
8.000000e-06	2.357646e-02	-1.042061e+01
8.010000e-06	2.679025e-02	-1.038908e+01
8.020000e-06	2.887254e-02	-1.031845e+01
8.030000e-06	2.729199e-02	-1.028484e+01
8.040000e-06	2.681488e-02	-1.028068e+01
8.050000e-06	3.060087e-02	-1.019019e+01
8.060000e-06	3.270548e-02	-1.013838e+01
8.070000e-06	3.123849e-02	-1.004592e+01
8.080000e-06	3.143161e-02	-1.005071e+01
8.090000e-06	3.196031e-02	-9.969626e+00
8.100000e-06	3.690649e-02	-9.956945e+00
8.110000e-06	3.745509e-02	-9.893809e+00
8.120000e-06	3.721520e-02	-9.800157e+00
8.130000e-06	3.846818e-02	-9.757945e+00
8.140000e-06	4.077634e-02	-9.663286e+00
8.150000e-06	4.450669e-02	-9.631632e+00
8.160000e-06	4.438366e-02	-9.556474e+00
8.170000e-06	4.168562e-02	-9.472336e+00
8.180000e-06	4.230207e-02	-9.345444e+00
8.190000e-06	4.354722e-02	-9.220135e+00
8.200000e-06	4.292905e-02	-9.157522e+00
8.210000e-06	3.889693e-02	-9.052185e+00
8.220000e-06	3.616087e-02	-8.975997e+00
8.230000e-06	3.514802e-02	-8.842286e+00
8.240000e-06	3.491064e-02	-8.757499e+00
8.250000e-06	3.263527e-02	-8.680733e+00
8.260000e-06	2.764419e-02	-8.502869e+00
8.270000e-06	2.516253e-02	-8.380604e+00
8.280000e-06	2.309883e-02	-8.293363e+00
8.290000e-06	2.221814e-02	-8.148600e+00
8.300000e-06	1.947473e-02	-8.061186e+00
8.310000e-06	1.683312e-02	-7.965445e+00
8.320000e-06	1.524332e-02	-7.746528e+00
8.330000e-06	1.480439e-02	-7.598080e+00
8.340000e-06	1.456240e-02	-7.452285e+00
8.350000e-06	1.333102e-02	-7.314966e+00
8.360000e-06	1.098708e-02	-7.176052e+00
8.370000e-06	1.027544e-02	-7.038634e+00
8.380000e-06	9.239093e-03	-6.841186e+00
8.390000e-06	7.706018e-03	-6.684416e+00
8.400000e-06	6.226769e-03	-6.606473e+00
8.410000e-06	5.764857e-03	-6.439130e+00
8.420000e-06	6.022193e-03	-6.311311e+00
8.430000e-06	6.691625e-03	-6.053312e+00
8.440000e-06	6.322088e-03	-5.944365e+00
8.450000e-06	3.743481e-03	-5.756449e+00
8.460000e-06	2.728799e-03	-5.607679e+00
8.470000e-06	2.803462e-03	-5.448108e+00
8.480000e-06	3.342514e-03	-5.179125e+00
8.490000e-06	1.193638e-03	-4.988653e+00
8.500000e-06	4.095057e-04	-4.806654e+00
8.510000e-06	-6.332712e-04	-4.589130e+00
8.520000e-06	1.870078e-03	-4.462256e+00
8.530000e-06	1.301029e-04	-4.303292e+00
8.540000e-06	-3.955716e-04	-4.136441e+00
8.550000e-06	-1.417511e-03	-3.966997e+00
8.560000e-06	-1.250853e-03	-3.756049e+00
8.570000e-06	-1.127750e-03	-3.576529e+00
8.580000e-06	-1.137733e-03	-3.378103e+00
8.590000e-06	-3.447558e-03	-3.219133e+00
8.600000e-06	-4.503552e-03	-3.018108e+00
8.610000e-06	-2.931087e-03	-2.798555e+00
8.620000e-06	-4.516777e-03	-2.589683e+00
8.630000e-06	-4.961586e-03	-2.420078e+00
8.640000e-06	-6.055160e-03	-2.267213e+00
8.650000e-06	-3.809795e-03	-2.018657e+00
8.660000e-06	-3.582840e-03	-1.861212e+00
8.670000e-06	-3.655861e-03	-1.644238e+00
8.680000e-06	-6.114958e-03	-1.482261e+00
8.690000e-06	-6.732495e-03	-1.178580e+00
8.700000e-06	-7.597406e-03	-1.009030e+00
8.710000e-06	-7.024965e-03	-7.991565e-01
8.720000e-06	-7.868317e-03	-6.300554e-01
8.730000e-06	-5.863210e-03	-3.790289e-01
8.740000e-06	-5.125023e-03	-2.301278e-01
8.750000e-06	-2.889975e-03	-3.108663e-02
8.760000e-06	4.410741e-03	1.418146e-01
8.770000e-06	-3.574940e-03	3.797673e-01
8.780000e-06	-2.367753e-03	5.387894e-01
8.790000e-06	-3.292767e-03	6.967356e-01
8.800000e-06	-2.873193e-03	8.746489e-01
8.810000e-06	-4.666087e-03	1.147654e+00
8.820000e-06	2.173359e-03	1.337209e+00
8.830000e-06	3.439574e-02	1.478632e+00
8.840000e-06	8.966158e-02	1.782343e+00
8.850000e-06	-3.226510e-02	2.001394e+00
8.860000e-06	-4.751525e-02	2.170371e+00
8.870000e-06	-4.528511e-02	2.358793e+00
8.880000e-06	-1.106245e-01	2.483079e+00
8.890000e-06	9.287580e-02	2.634603e+00
8.900000e-06	2.185579e-02	2.905154e+00
8.910000e-06	-1.815640e-01	3.012522e+00
8.920000e-06	1.907058e-01	3.199916e+00
8.930000e-06	-4.377136e-02	3.454480e+00
8.940000e-06	-8.290580e-02	3.588473e+00
8.950000e-06	1.059818e-01	3.689710e+00
8.960000e-06	-1.142214e-01	3.948744e+00
8.970000e-06	-1.605548e-02	4.138255e+00
8.980000e-06	6.360790e-02	4.379297e+00
8.990000e-06	-5.065474e-02	4.517758e+00
9.000000e-06	5.116025e-02	4.696684e+00
9.010000e-06	-3.799547e-02	4.886657e+00
9.020000e-06	-2.995024e-02	5.149216e+00
9.030000e-06	1.790546e-02	5.327815e+00
9.040000e-06	-3.936540e-02	5.556308e+00
9.050000e-06	2.037245e-02	5.664628e+00
9.060000e-06	-3.112015e-02	5.895552e+00
9.070000e-06	3.607561e-02	6.032599e+00
9.080000e-06	-2.625844e-02	6.179920e+00
9.090000e-06	-2.625081e-02	6.295817e+00
9.100000e-06	1.648160e-02	6.485557e+00
9.110000e-06	-6.290834e-02	6.665709e+00
9.120000e-06	2.140143e-02	6.811052e+00
9.130000e-06	3.169196e-03	6.969842e+00
9.140000e-06	-1.538347e-02	7.115182e+00
9.150000e-06	-4.614279e-03	7.201500e+00
9.160000e-06	-2.727378e-02	7.421972e+00
9.170000e-06	2.901609e-03	7.540415e+00
9.180000e-06	-2.403919e-02	7.706688e+00
9.190000e-06	-4.703219e-03	7.895152e+00
9.200000e-06	-2.309314e-02	7.982500e+00
9.210000e-06	-7.842369e-03	8.166336e+00
9.220000e-06	6.880381e-03	8.224631e+00
9.230000e-06	-2.121291e-02	8.389945e+00
9.240000e-06	-1.481337e-02	8.453156e+00
9.250000e-06	-2.795639e-02	8.560920e+00
9.260000e-06	-7.550727e-03	8.704262e+00
9.270000e-06	-8.035416e-03	8.749866e+00
9.280000e-06	-1.496554e-02	8.875156e+00
9.290000e-06	-1.777814e-02	9.010021e+00
9.300000e-06	-1.666879e-02	9.085311e+00
9.310000e-06	-7.930489e-03	9.220526e+00
9.320000e-06	-1.735785e-02	9.274733e+00
9.330000e-06	-2.390023e-02	9.367868e+00
9.340000e-06	-2.324634e-02	9.473706e+00
9.350000e-06	-1.352953e-02	9.525265e+00
9.360000e-06	-9.126678e-03	9.591024e+00
9.370000e-06	-1.953693e-02	9.705231e+00
9.380000e-06	-2.126378e-02	9.818415e+00
9.390000e-06	-1.926736e-02	9.861079e+00
9.400000e-06	-1.627543e-02	9.906237e+00
9.410000e-06	-2.019292e-02	9.998421e+00
9.420000e-06	-2.635771e-02	1.005110e+01
9.430000e-06	-2.380918e-02	1.007326e+01
9.440000e-06	-1.781023e-02	1.011779e+01
9.450000e-06	-1.544643e-02	1.013687e+01
9.460000e-06	-2.165617e-02	1.017900e+01
9.470000e-06	-2.804872e-02	1.020258e+01
9.480000e-06	-2.488547e-02	1.027365e+01
9.490000e-06	-2.027160e-02	1.030271e+01
9.500000e-06	-2.140768e-02	1.029419e+01
9.510000e-06	-2.864776e-02	1.033576e+01
9.520000e-06	-2.811800e-02	1.035536e+01
9.530000e-06	-2.581084e-02	1.032537e+01
9.540000e-06	-2.277001e-02	1.033636e+01
9.550000e-06	-2.611169e-02	1.034589e+01
9.560000e-06	-3.266594e-02	1.033642e+01
9.570000e-06	-2.905839e-02	1.034679e+01
9.580000e-06	-2.745844e-02	1.031792e+01
9.590000e-06	-2.826884e-02	1.034487e+01
9.600000e-06	-3.303526e-02	1.031681e+01
9.610000e-06	-3.597999e-02	1.031431e+01
9.620000e-06	-3.584024e-02	1.030424e+01
9.630000e-06	-3.238403e-02	1.025218e+01
9.640000e-06	-3.383228e-02	1.024163e+01
9.650000e-06	-3.739169e-02	1.019755e+01
9.660000e-06	-3.828789e-02	1.016587e+01
9.670000e-06	-3.641238e-02	1.012331e+01
9.680000e-06	-3.744413e-02	1.003423e+01
9.690000e-06	-4.182208e-02	1.003060e+01
9.700000e-06	-4.432293e-02	1.000045e+01
9.710000e-06	-4.508221e-02	9.903838e+00
9.720000e-06	-4.289803e-02	9.849203e+00
9.730000e-06	-4.503692e-02	9.755948e+00
9.740000e-06	-4.908323e-02	9.692211e+00
9.750000e-06	-5.059710e-02	9.588956e+00
9.760000e-06	-4.911545e-02	9.524292e+00
9.770000e-06	-4.981350e-02	9.481232e+00
9.780000e-06	-5.319715e-02	9.378471e+00
9.790000e-06	-5.526251e-02	9.283786e+00
9.800000e-06	-5.329024e-02	9.210007e+00
9.810000e-06	-5.037888e-02	9.143942e+00
9.820000e-06	-4.885973e-02	8.988578e+00
9.830000e-06	-4.903624e-02	8.862840e+00
9.840000e-06	-4.612767e-02	8.778450e+00
9.850000e-06	-4.212523e-02	8.672340e+00
9.860000e-06	-3.791330e-02	8.576425e+00
9.870000e-06	-3.780164e-02	8.442261e+00
9.880000e-06	-3.682438e-02	8.398503e+00
9.890000e-06	-3.589746e-02	8.290761e+00
9.900000e-06	-2.841133e-02	8.106440e+00
9.910000e-06	-2.926061e-02	7.997446e+00
9.920000e-06	-2.961636e-02	7.891337e+00
9.930000e-06	-2.918081e-02	7.735894e+00
9.940000e-06	-2.305078e-02	7.609531e+00
9.950000e-06	-2.298132e-02	7.459658e+00
9.960000e-06	-2.335657e-02	7.262841e+00
9.970000e-06	-2.324293e-02	7.154366e+00
9.980000e-06	-2.032216e-02	6.987549e+00
9.990000e-06	-1.871096e-02	6.860686e+00
1.000000e-05	-1.923232e-02	6.733791e+00
1.001000e-05	-2.062082e-02	6.533416e+00
1.002000e-05	-2.013113e-02	6.387394e+00
1.003000e-05	-1.651793e-02	6.219528e+00
1.004000e-05	-1.564534e-02	6.063182e+00
1.005000e-05	-1.640149e-02	5.942841e+00
1.006000e-05	-1.751616e-02	5.745024e+00
1.007000e-05	-1.534810e-02	5.575947e+00
1.008000e-05	-1.307490e-02	5.378075e+00
1.009000e-05	-1.331896e-02	5.258025e+00
1.010000e-05	-1.423992e-02	5.037577e+00
1.011000e-05	-1.492511e-02	4.785499e+00
1.012000e-05	-1.197679e-02	4.609579e+00
1.013000e-05	-1.106987e-02	4.442133e+00
1.014000e-05	-1.142571e-02	4.291762e+00
1.015000e-05	-1.270549e-02	4.070714e+00
1.016000e-05	-1.144390e-02	3.892266e+00
1.017000e-05	-1.148121e-02	3.743347e+00
1.018000e-05	-9.558702e-03	3.567046e+00
1.019000e-05	-1.077969e-02	3.385318e+00
1.020000e-05	-1.036062e-02	3.174396e+00
1.021000e-05	-9.729457e-03	2.945950e+00
1.022000e-05	-1.015944e-02	2.819101e+00
1.023000e-05	-9.497996e-03	2.687048e+00
1.024000e-05	-7.454551e-03	2.365500e+00
1.025000e-05	-8.783675e-03	2.196928e+00
1.026000e-05	-8.349305e-03	2.039551e+00
1.027000e-05	-7.953873e-03	1.838233e+00
1.028000e-05	-6.175510e-03	1.648079e+00
1.029000e-05	-6.842632e-03	1.448128e+00
1.030000e-05	-7.063192e-03	1.217604e+00
1.031000e-05	-6.543455e-03	9.834522e-01
1.032000e-05	-5.879586e-03	7.639209e-01
1.033000e-05	-6.171032e-03	5.749974e-01
1.034000e-05	-6.489002e-03	3.874512e-01
1.035000e-05	-6.057657e-03	1.560237e-01
1.036000e-05	-6.464118e-03	-3.454753e-02
1.037000e-05	2.581134e-03	-2.039738e-01
1.038000e-05	3.024966e-03	-3.708974e-01
1.039000e-05	-5.572138e-04	-5.608710e-01
1.040000e-05	1.985802e-03	-7.914198e-01
1.041000e-05	-6.815835e-04	-9.487657e-01
1.042000e-05	4.527438e-04	-1.076288e+00
1.043000e-05	1.623548e-03	-1.307687e+00
1.044000e-05	5.497476e-02	-1.527238e+00
1.045000e-05	9.558749e-02	-1.738808e+00
1.046000e-05	-6.241955e-02	-2.004574e+00
1.047000e-05	-1.033129e-02	-2.317687e+00
1.048000e-05	-1.124009e-01	-2.465209e+00
1.049000e-05	1.179323e-02	-2.537389e+00
1.050000e-05	1.531800e-01	-2.601575e+00
1.051000e-05	-1.958409e-01	-2.868712e+00
1.052000e-05	1.130878e-01	-3.107788e+00
1.053000e-05	1.234131e-01	-3.223074e+00
1.054000e-05	-2.081375e-01	-3.476159e+00
1.055000e-05	1.488536e-01	-3.612050e+00
1.056000e-05	-1.070389e-02	-3.763471e+00
1.057000e-05	-1.574897e-01	-4.044658e+00
1.058000e-05	1.690656e-01	-4.180423e+00
1.059000e-05	-9.910837e-02	-4.362918e+00
1.060000e-05	6.990215e-02	-4.589898e+00
1.061000e-05	9.571848e-02	-4.677838e+00
1.062000e-05	-1.709006e-01	-4.969421e+00
1.063000e-05	1.464117e-01	-5.117786e+00
1.064000e-05	-8.827210e-02	-5.320688e+00
1.065000e-05	1.252001e-02	-5.558893e+00
1.066000e-05	7.149638e-02	-5.687159e+00
1.067000e-05	-7.722901e-02	-5.875708e+00
1.068000e-05	1.275950e-01	-6.001525e+00
1.069000e-05	-1.017092e-01	-6.163475e+00
1.070000e-05	6.871495e-02	-6.401026e+00
1.071000e-05	2.508921e-03	-6.489237e+00
1.072000e-05	-7.665538e-02	-6.706712e+00
1.073000e-05	1.398498e-01	-6.770129e+00
1.074000e-05	-9.224459e-02	-6.984072e+00
1.075000e-05	8.437667e-02	-7.169000e+00
1.076000e-05	-2.742788e-02	-7.276287e+00
1.077000e-05	-9.743942e-03	-7.432630e+00
1.078000e-05	6.731427e-02	-7.538370e+00
1.079000e-05	-6.362144e-02	-7.740370e+00
1.080000e-05	8.096788e-02	-7.886712e+00
1.081000e-05	-5.806729e-02	-8.033105e+00
1.082000e-05	6.660447e-02	-8.138843e+00
1.083000e-05	-5.102610e-03	-8.275184e+00
1.084000e-05	-1.529618e-03	-8.380448e+00
1.085000e-05	3.123394e-02	-8.456839e+00
1.086000e-05	-3.446478e-02	-8.624633e+00
1.087000e-05	6.268940e-02	-8.760474e+00
1.088000e-05	-2.128229e-02	-8.886234e+00
1.089000e-05	3.607198e-02	-8.950945e+00
1.090000e-05	-7.466835e-03	-9.073682e+00
1.091000e-05	2.195152e-02	-9.167916e+00
1.092000e-05	2.167153e-02	-9.221733e+00
1.093000e-05	-1.696283e-03	-9.349469e+00
1.094000e-05	1.863643e-02	-9.431652e+00
1.095000e-05	-6.288778e-03	-9.529894e+00
1.096000e-05	3.464882e-02	-9.632677e+00
1.097000e-05	5.349622e-03	-9.706811e+00
1.098000e-05	2.119342e-02	-9.731024e+00
1.099000e-05	6.146766e-03	-9.823608e+00
1.100000e-05	1.542614e-02	-9.905288e+00
1.101000e-05	1.817025e-02	-9.928416e+00
1.102000e-05	1.110591e-02	-1.000058e+01
1.103000e-05	1.476771e-02	-1.003321e+01
1.104000e-05	9.628895e-03	-1.005644e+01
1.105000e-05	2.621462e-02	-1.011104e+01
1.106000e-05	1.533417e-02	-1.021012e+01
1.107000e-05	1.849059e-02	-1.024263e+01
1.108000e-05	8.092135e-03	-1.025527e+01
1.109000e-05	1.687844e-02	-1.029739e+01
1.110000e-05	2.168713e-02	-1.036890e+01
1.111000e-05	1.946959e-02	-1.041158e+01
1.112000e-05	1.727136e-02	-1.044111e+01
1.113000e-05	1.542561e-02	-1.044363e+01
1.114000e-05	2.096224e-02	-1.041416e+01
1.115000e-05	2.104953e-02	-1.049321e+01
1.116000e-05	2.085593e-02	-1.046478e+01
1.117000e-05	1.591844e-02	-1.048326e+01
1.118000e-05	2.248838e-02	-1.047476e+01
1.119000e-05	2.629681e-02	-1.047329e+01
1.120000e-05	2.613339e-02	-1.043368e+01
1.121000e-05	2.316931e-02	-1.041218e+01
1.122000e-05	2.127821e-02	-1.044071e+01
1.123000e-05	2.552390e-02	-1.041065e+01
1.124000e-05	2.768877e-02	-1.038902e+01
1.125000e-05	2.755689e-02	-1.032542e+01
1.126000e-05	2.634010e-02	-1.028176e+01
1.127000e-05	2.870146e-02	-1.023221e+01
1.128000e-05	3.308728e-02	-1.020960e+01
1.129000e-05	3.139013e-02	-1.012744e+01
1.130000e-05	3.074070e-02	-1.011379e+01
1.131000e-05	2.994224e-02	-1.001018e+01
1.132000e-05	3.402180e-02	-9.978021e+00
1.133000e-05	3.774987e-02	-9.904315e+00
1.134000e-05	3.631553e-02	-9.882709e+00
1.135000e-05	3.672781e-02	-9.799603e+00
1.136000e-05	3.936211e-02	-9.735893e+00
1.137000e-05	4.279009e-02	-9.631731e+00
1.138000e-05	4.474315e-02	-9.579027e+00
1.139000e-05	4.172447e-02	-9.525391e+00
1.140000e-05	4.046078e-02	-9.460059e+00
1.141000e-05	4.377148e-02	-9.255442e+00
1.142000e-05	4.510977e-02	-9.198624e+00
1.143000e-05	4.156393e-02	-9.114791e+00
1.144000e-05	3.613657e-02	-9.038630e+00
1.145000e-05	3.496584e-02	-8.896343e+00
1.146000e-05	3.554074e-02	-8.832629e+00
1.147000e-05	3.453332e-02	-8.695421e+00
1.148000e-05	2.919800e-02	-8.546152e+00
1.149000e-05	2.541532e-02	-8.452736e+00
1.150000e-05	2.454691e-02	-8.356895e+00
1.151000e-05	2.468228e-02	-8.260682e+00
1.152000e-05	2.160822e-02	-8.145343e+00
1.153000e-05	1.636401e-02	-7.989527e+00
1.154000e-05	1.606813e-02	-7.911813e+00
1.155000e-05	1.634836e-02	-7.672367e+00
1.156000e-05	1.604676e-02	-7.546022e+00
1.157000e-05	1.314891e-02	-7.399128e+00
1.158000e-05	1.106425e-02	-7.291157e+00
1.159000e-05	1.115720e-02	-7.155493e+00
1.160000e-05	1.094948e-02	-6.964546e+00
1.161000e-05	8.936680e-03	-6.778554e+00
1.162000e-05	7.435383e-03	-6.621740e+00
1.163000e-05	5.977203e-03	-6.493337e+00
1.164000e-05	6.651736e-03	-6.376002e+00
1.165000e-05	6.902772e-03	-6.197578e+00
1.166000e-05	4.839510e-03	-6.008078e+00
1.167000e-05	3.703549e-03	-5.851238e+00
1.168000e-05	3.994997e-03	-5.712412e+00
1.169000e-05	4.577636e-03	-5.525970e+00
1.170000e-05	3.695128e-03	-5.302969e+00
1.171000e-05	2.199672e-03	-5.135444e+00
1.172000e-05	6.226911e-05	-4.976496e+00
1.173000e-05	1.250527e-03	-4.704318e+00
1.174000e-05	7.381524e-05	-4.554896e+00
1.175000e-05	1.016266e-03	-4.398200e+00
1.176000e-05	-2.878485e-03	-4.219182e+00
1.177000e-05	2.290143e-04	-4.032733e+00
1.178000e-05	-1.835653e-03	-3.930768e+00
1.179000e-05	8.738735e-04	-3.661789e+00
1.180000e-05	-2.960636e-03	-3.463342e+00
1.181000e-05	-6.490772e-04	-3.274416e+00
1.182000e-05	-4.507416e-03	-3.165874e+00
1.183000e-05	-2.010454e-03	-2.893345e+00
1.184000e-05	-4.460313e-03	-2.773874e+00
1.185000e-05	-4.237406e-03	-2.555026e+00
1.186000e-05	-7.383770e-03	-2.377524e+00
1.187000e-05	-2.727711e-03	-2.113925e+00
1.188000e-05	-4.164403e-03	-1.974874e+00
1.189000e-05	-3.179659e-03	-1.776503e+00
1.190000e-05	-5.592499e-03	-1.608076e+00
1.191000e-05	-6.396946e-03	-1.325018e+00
1.192000e-05	-7.336471e-03	-1.133343e+00
1.193000e-05	-6.542967e-03	-9.243710e-01
1.194000e-05	-8.048705e-03	-7.744199e-01
1.195000e-05	-7.303660e-03	-5.038658e-01
1.196000e-05	-5.999394e-03	-3.352922e-01
1.197000e-05	-5.066554e-03	-1.259473e-01
1.198000e-05	-8.021499e-05	1.495013e-02
1.199000e-05	1.805060e-03	2.765340e-01
1.200000e-05	-4.352349e-03	4.320026e-01
1.201000e-05	-1.521306e-03	6.019975e-01
1.202000e-05	-3.387366e-03	7.594723e-01
1.203000e-05	-2.607231e-03	9.992396e-01
1.204000e-05	-4.788415e-03	1.171044e+00
1.205000e-05	9.866401e-03	1.348793e+00
1.206000e-05	6.667342e-02	1.574976e+00
1.207000e-05	5.243416e-02	1.856157e+00
1.208000e-05	-5.869118e-02	2.064103e+00
1.209000e-05	-3.734858e-02	2.264052e+00
1.210000e-05	-8.202354e-02	2.409976e+00
1.211000e-05	-6.059366e-02	2.498237e+00
1.212000e-05	1.553961e-01	2.719217e+00
1.213000e-05	-1.392859e-01	2.907792e+00
1.214000e-05	-1.072308e-02	3.054705e+00
1.215000e-05	1.706719e-01	3.257129e+00
1.216000e-05	-1.390625e-01	3.537713e+00
1.217000e-05	3.938178e-02	3.621525e+00
1.218000e-05	2.677714e-02	3.822448e+00
1.219000e-05	-1.238597e-01	4.001850e+00
1.220000e-05	6.253131e-02	4.261371e+00
1.221000e-05	-4.180629e-03	4.442529e+00
1.222000e-05	-1.460260e-02	4.581871e+00
1.223000e-05	4.850686e-02	4.749470e+00
1.224000e-05	-8.401671e-02	5.010920e+00
1.225000e-05	2.804091e-02	5.232051e+00
1.226000e-05	-2.154485e-02	5.412499e+00
1.227000e-05	-7.514387e-03	5.578842e+00
1.228000e-05	-1.038791e-02	5.736813e+00
1.229000e-05	-5.474927e-03	5.927790e+00
1.230000e-05	2.775032e-02	6.094657e+00
1.231000e-05	-4.862587e-02	6.263603e+00
1.232000e-05	1.645643e-02	6.369894e+00
1.233000e-05	-2.503560e-02	6.550291e+00
1.234000e-05	-3.912784e-02	6.727265e+00
1.235000e-05	3.496644e-02	6.884658e+00
1.236000e-05	-2.101430e-02	7.032477e+00
1.237000e-05	-8.754063e-03	7.137872e+00
1.238000e-05	-1.742857e-02	7.287132e+00
1.239000e-05	-1.294702e-02	7.474128e+00
1.240000e-05	2.932578e-03	7.611024e+00
1.241000e-05	-2.452996e-02	7.778891e+00
1.242000e-05	-4.805358e-03	7.917312e+00
1.243000e-05	-3.200837e-02	8.044684e+00
1.244000e-05	7.436499e-03	8.191022e+00
1.245000e-05	-7.976080e-03	8.286238e+00
1.246000e-05	-2.002404e-02	8.382075e+00
1.247000e-05	-1.659790e-02	8.496237e+00
1.248000e-05	-2.263688e-02	8.601574e+00
1.249000e-05	7.344826e-04	8.725265e+00
1.250000e-05	-1.705791e-02	8.809097e+00
1.251000e-05	-1.606807e-02	8.885839e+00
1.252000e-05	-2.227394e-02	9.021078e+00
1.253000e-05	-1.125628e-02	9.158394e+00
1.254000e-05	-8.347720e-03	9.253130e+00
1.255000e-05	-2.077844e-02	9.314286e+00
1.256000e-05	-2.233793e-02	9.380974e+00
1.257000e-05	-2.155198e-02	9.493735e+00
1.258000e-05	-7.429510e-03	9.587846e+00
1.259000e-05	-1.685110e-02	9.672129e+00
1.260000e-05	-2.099023e-02	9.715261e+00
1.261000e-05	-2.224132e-02	9.790019e+00
1.262000e-05	-1.612924e-02	9.833733e+00
1.263000e-05	-1.709167e-02	9.946341e+00
1.264000e-05	-2.245463e-02	1.000949e+01
1.265000e-05	-2.479476e-02	1.005221e+01
1.266000e-05	-2.213457e-02	1.007381e+01
1.267000e-05	-1.448281e-02	1.010684e+01
1.268000e-05	-2.025831e-02	1.019700e+01
1.269000e-05	-2.625036e-02	1.019110e+01
1.270000e-05	-2.888635e-02	1.023112e+01
1.271000e-05	-2.223046e-02	1.028258e+01
1.272000e-05	-1.869498e-02	1.028426e+01
1.273000e-05	-2.358777e-02	1.031584e+01
1.274000e-05	-2.848573e-02	1.031584e+01
1.275000e-05	-2.745862e-02	1.034584e+01
1.276000e-05	-2.401507e-02	1.033642e+01
1.277000e-05	-2.532158e-02	1.032587e+01
1.278000e-05	-2.985381e-02	1.033697e+01
1.279000e-05	-3.383968e-02	1.034689e+01
1.280000e-05	-2.811378e-02	1.036632e+01
1.281000e-05	-2.610618e-02	1.033684e+01
1.282000e-05	-2.921582e-02	1.033529e+01
1.283000e-05	-3.498926e-02	1.031376e+01
1.284000e-05	-3.645484e-02	1.030424e+01
1.285000e-05	-3.416035e-02	1.028224e+01
1.286000e-05	-3.321306e-02	1.023118e+01
1.287000e-05	-3.595176e-02	1.018011e+01
1.288000e-05	-3.893529e-02	1.017900e+01
1.289000e-05	-3.619581e-02	1.012589e+01
1.290000e-05	-3.580015e-02	1.008379e+01
1.291000e-05	-3.830860e-02	1.004271e+01
1.292000e-05	-4.394670e-02	1.002057e+01
1.293000e-05	-4.533220e-02	9.916371e+00
1.294000e-05	-4.377069e-02	9.931190e+00
1.295000e-05	-4.398337e-02	9.808601e+00
1.296000e-05	-4.666099e-02	9.706419e+00
1.297000e-05	-5.091070e-02	9.610684e+00
1.298000e-05	-4.956995e-02	9.576890e+00
1.299000e-05	-4.880408e-02	9.503261e+00
1.300000e-05	-5.134338e-02	9.380033e+00
1.301000e-05	-5.401510e-02	9.324342e+00
1.302000e-05	-5.520838e-02	9.251633e+00
1.303000e-05	-5.138545e-02	9.198970e+00
1.304000e-05	-4.769081e-02	9.071733e+00
1.305000e-05	-4.778493e-02	8.944899e+00
1.306000e-05	-4.844747e-02	8.821633e+00
1.307000e-05	-4.559312e-02	8.745416e+00
1.308000e-05	-3.836810e-02	8.629712e+00
1.309000e-05	-3.722434e-02	8.546416e+00
1.310000e-05	-3.663435e-02	8.449632e+00
1.311000e-05	-3.918976e-02	8.365969e+00
1.312000e-05	-3.245755e-02	8.297603e+00
1.313000e-05	-3.016416e-02	8.051684e+00
1.314000e-05	-2.639497e-02	7.934442e+00
1.315000e-05	-3.025483e-02	7.800551e+00
1.316000e-05	-2.642112e-02	7.721712e+00
1.317000e-05	-2.510174e-02	7.585346e+00
1.318000e-05	-2.025426e-02	7.327571e+00
1.319000e-05	-2.434596e-02	7.210130e+00
1.320000e-05	-2.160249e-02	7.081687e+00
1.321000e-05	-1.982964e-02	6.944318e+00
1.322000e-05	-1.851487e-02	6.787525e+00
1.323000e-05	-2.068921e-02	6.658654e+00
1.324000e-05	-1.887760e-02	6.439784e+00
1.325000e-05	-1.821556e-02	6.314338e+00
1.326000e-05	-1.761759e-02	6.136950e+00
1.327000e-05	-1.690902e-02	6.000104e+00
1.328000e-05	-1.712306e-02	5.888752e+00
1.329000e-05	-1.447847e-02	5.660209e+00
1.330000e-05	-1.423548e-02	5.513738e+00
1.331000e-05	-1.366943e-02	5.313867e+00
1.332000e-05	-1.366398e-02	5.123366e+00
1.333000e-05	-1.382764e-02	4.892861e+00
1.334000e-05	-1.293343e-02	4.703365e+00
1.335000e-05	-1.205790e-02	4.564444e+00
1.336000e-05	-1.260180e-02	4.388050e+00
1.337000e-05	-1.178243e-02	4.204981e+00
1.338000e-05	-1.205449e-02	3.988024e+00
1.339000e-05	-1.068575e-02	3.810128e+00
1.340000e-05	-1.034080e-02	3.670658e+00
1.341000e-05	-9.552363e-03	3.492262e+00
1.342000e-05	-9.593324e-03	3.239685e+00
1.343000e-05	-1.089313e-02	3.103259e+00
1.344000e-05	-1.006462e-02	2.903762e+00
1.345000e-05	-1.041074e-02	2.765900e+00
1.346000e-05	-9.203341e-03	2.532812e+00
1.347000e-05	-8.755171e-03	2.283266e+00
1.348000e-05	-7.691132e-03	2.124338e+00
1.349000e-05	-7.479949e-03	1.946896e+00
1.350000e-05	-6.668334e-03	1.742422e+00
1.351000e-05	-6.362486e-03	1.525845e+00
1.352000e-05	-6.360380e-03	1.352795e+00
1.353000e-05	-7.283413e-03	1.133766e+00
1.354000e-05	-6.987526e-03	8.417817e-01
1.355000e-05	-7.020483e-03	7.012433e-01
1.356000e-05	-6.816744e-03	4.827381e-01
1.357000e-05	-5.735677e-03	3.438897e-01
1.358000e-05	-5.292076e-03	9.136044e-02
1.359000e-05	-2.901448e-03	-1.172621e-01
1.360000e-05	5.339862e-03	-2.761805e-01
1.361000e-05	-1.660013e-03	-4.331015e-01
1.362000e-05	1.630155e-03	-6.572066e-01
1.363000e-05	-1.823842e-03	-8.556290e-01
1.364000e-05	4.304646e-04	-1.013499e+00
1.365000e-05	-1.265026e-03	-1.159974e+00
1.366000e-05	1.348884e-02	-1.393472e+00
1.367000e-05	1.068482e-01	-1.561522e+00
1.368000e-05	1.490494e-02	-1.836128e+00
1.369000e-05	-4.804247e-02	-2.111363e+00
1.370000e-05	-3.183017e-02	-2.392524e+00
1.371000e-05	-1.358234e-01	-2.546738e+00
1.372000e-05	1.583850e-01	-2.578894e+00
1.373000e-05	-9.462313e-03	-2.708290e+00
1.374000e-05	-1.790224e-01	-2.995030e+00
1.375000e-05	2.160064e-01	-3.177447e+00
1.376000e-05	-8.072494e-02	-3.330312e+00
1.377000e-05	-9.369771e-02	-3.578894e+00
1.378000e-05	1.875341e-01	-3.615181e+00
1.379000e-05	-1.594580e-01	-3.908713e+00
1.380000e-05	9.587020e-03	-4.126712e+00
1.381000e-05	1.084031e-01	-4.253649e+00
1.382000e-05	-1.279955e-01	-4.464707e+00
1.383000e-05	1.850837e-01	-4.614654e+00
1.384000e-05	-8.758711e-02	-4.793994e+00
1.385000e-05	-3.120416e-02	-5.032180e+00
1.386000e-05	1.101914e-01	-5.149946e+00
1.387000e-05	-1.440115e-01	-5.404032e+00
1.388000e-05	1.308108e-01	-5.579575e+00
1.389000e-05	-5.562478e-02	-5.789916e+00
1.390000e-05	3.267157e-02	-5.948341e+00
1.391000e-05	5.175960e-02	-6.025154e+00
1.392000e-05	-9.246468e-02	-6.256263e+00
1.393000e-05	1.271537e-01	-6.442102e+00
1.394000e-05	-1.144415e-01	-6.572000e+00
1.395000e-05	6.107117e-02	-6.757867e+00
1.396000e-05	4.188309e-02	-6.866237e+00
1.397000e-05	-5.451946e-02	-7.106686e+00
1.398000e-05	1.024026e-01	-7.182150e+00
1.399000e-05	-9.369138e-02	-7.319892e+00
1.400000e-05	8.220288e-02	-7.505287e+00
1.401000e-05	-2.721113e-02	-7.623780e+00
1.402000e-05	1.024753e-02	-7.825504e+00
1.403000e-05	3.477122e-02	-7.938392e+00
1.404000e-05	-3.605685e-02	-8.095787e+00
1.405000e-05	7.953370e-02	-8.210474e+00
1.406000e-05	-4.945647e-02	-8.298315e+00
1.407000e-05	5.279050e-02	-8.393128e+00
1.408000e-05	-2.476495e-02	-8.549865e+00
1.409000e-05	1.849025e-02	-8.726266e+00
1.410000e-05	2.948870e-02	-8.843550e+00
1.411000e-05	-8.849135e-03	-8.906790e+00
1.412000e-05	3.669823e-02	-8.960576e+00
1.413000e-05	-1.580109e-02	-9.105739e+00
1.414000e-05	4.233490e-02	-9.200548e+00
1.415000e-05	-3.904347e-03	-9.234791e+00
1.416000e-05	1.743540e-02	-9.390549e+00
1.417000e-05	1.594429e-03	-9.485236e+00
1.418000e-05	1.236625e-02	-9.620997e+00
1.419000e-05	2.560129e-02	-9.663710e+00
1.420000e-05	5.856641e-03	-9.716866e+00
1.421000e-05	2.179927e-02	-9.819525e+00
1.422000e-05	2.977887e-03	-9.882759e+00
1.423000e-05	2.426448e-02	-9.905891e+00
1.424000e-05	1.002232e-02	-9.958470e+00
1.425000e-05	1.640264e-02	-9.991727e+00
1.426000e-05	9.013715e-03	-1.004518e+01
1.427000e-05	1.801736e-02	-1.005794e+01
1.428000e-05	2.290237e-02	-1.017804e+01
1.429000e-05	1.582143e-02	-1.023155e+01
1.430000e-05	1.657879e-02	-1.028468e+01
1.431000e-05	9.008214e-03	-1.031492e+01
1.432000e-05	2.198376e-02	-1.032897e+01
1.433000e-05	1.921233e-02	-1.038905e+01
1.434000e-05	1.955676e-02	-1.041068e+01
1.435000e-05	1.517045e-02	-1.042158e+01
1.436000e-05	1.867267e-02	-1.043223e+01
1.437000e-05	2.140730e-02	-1.047171e+01
1.438000e-05	2.153371e-02	-1.049361e+01
1.439000e-05	1.853366e-02	-1.049373e+01
1.440000e-05	1.824573e-02	-1.046226e+01
1.441000e-05	2.527310e-02	-1.044473e+01
1.442000e-05	2.575435e-02	-1.046171e+01
1.443000e-05	2.563425e-02	-1.045123e+01
1.444000e-05	2.211444e-02	-1.043063e+01
1.445000e-05	2.226154e-02	-1.043115e+01
1.446000e-05	2.783831e-02	-1.038805e+01
1.447000e-05	2.849720e-02	-1.035944e+01
1.448000e-05	2.633546e-02	-1.030686e+01
1.449000e-05	2.572736e-02	-1.028018e+01
1.450000e-05	3.100027e-02	-1.020973e+01
1.451000e-05	3.330428e-02	-1.017804e+01
1.452000e-05	3.085621e-02	-1.010441e+01
1.453000e-05	2.933055e-02	-1.007418e+01
1.454000e-05	3.061808e-02	-1.003913e+01
1.455000e-05	3.737140e-02	-9.935420e+00
1.456000e-05	3.813328e-02	-9.903288e+00
1.457000e-05	3.633325e-02	-9.850703e+00
1.458000e-05	3.680210e-02	-9.787995e+00
1.459000e-05	4.009799e-02	-9.683790e+00
1.460000e-05	4.524518e-02	-9.632633e+00
1.461000e-05	4.420563e-02	-9.547023e+00
1.462000e-05	4.048828e-02	-9.483865e+00
1.463000e-05	4.038574e-02	-9.387546e+00
1.464000e-05	4.507724e-02	-9.220784e+00
1.465000e-05	4.546518e-02	-9.167469e+00
1.466000e-05	4.008280e-02	-9.061260e+00
1.467000e-05	3.415986e-02	-8.988024e+00
1.468000e-05	3.458697e-02	-8.852760e+00
1.469000e-05	3.620837e-02	-8.788550e+00
1.470000e-05	3.288866e-02	-8.701361e+00
1.471000e-05	2.632937e-02	-8.565469e+00
1.472000e-05	2.436605e-02	-8.399606e+00
1.473000e-05	2.484832e-02	-8.324341e+00
1.474000e-05	2.453709e-02	-8.240552e+00
1.475000e-05	1.991321e-02	-8.093285e+00
1.476000e-05	1.485235e-02	-7.933975e+00
1.477000e-05	1.467165e-02	-7.787603e+00
1.478000e-05	1.667072e-02	-7.599782e+00
1.479000e-05	1.588450e-02	-7.513814e+00
1.480000e-05	1.198089e-02	-7.315850e+00
1.481000e-05	9.794025e-03	-7.219630e+00
1.482000e-05	1.116366e-02	-7.093333e+00
1.483000e-05	1.204908e-02	-6.871342e+00
1.484000e-05	8.460106e-03	-6.735494e+00
1.485000e-05	4.988339e-03	-6.588656e+00
1.486000e-05	5.472468e-03	-6.450710e+00
1.487000e-05	7.303288e-03	-6.313390e+00
1.488000e-05	6.541551e-03	-6.102346e+00
1.489000e-05	4.926224e-03	-5.934901e+00
1.490000e-05	4.577561e-03	-5.796600e+00
1.491000e-05	3.660046e-03	-5.640709e+00
1.492000e-05	3.745060e-03	-5.501689e+00
1.493000e-05	3.568489e-03	-5.240236e+00
1.494000e-05	1.601198e-03	-5.030188e+00
1.495000e-05	-7.080764e-05	-4.899635e+00
1.496000e-05	3.210472e-04	-4.619682e+00
1.497000e-05	1.309608e-03	-4.482241e+00
1.498000e-05	9.105041e-04	-4.334892e+00
1.499000e-05	-8.524116e-04	-4.147000e+00
1.500000e-05	-6.762715e-04	-4.017579e+00
1.501000e-05	-1.428232e-03	-3.797583e+00
1.502000e-05	-7.928193e-04	-3.617150e+00
1.503000e-05	-9.172131e-04	-3.439634e+00
1.504000e-05	-2.268124e-03	-3.260684e+00
1.505000e-05	-3.986847e-03	-3.070138e+00
1.506000e-05	-2.680377e-03	-2.840629e+00
1.507000e-05	-4.867889e-03	-2.652239e+00
1.508000e-05	-3.783385e-03	-2.449732e+00
1.509000e-05	-5.606096e-03	-2.313215e+00
1.510000e-05	-3.023016e-03	-2.020687e+00
1.511000e-05	-4.412050e-03	-1.880314e+00
1.512000e-05	-3.206411e-03	-1.711839e+00
1.513000e-05	-6.503266e-03	-1.504819e+00
1.514000e-05	-6.526128e-03	-1.221154e+00
1.515000e-05	-8.390249e-03	-1.060607e+00
1.516000e-05	-6.302078e-03	-8.716816e-01
1.517000e-05	-8.190033e-03	-6.598094e-01
1.518000e-05	-6.941762e-03	-4.286038e-01
1.519000e-05	-6.404913e-03	-2.407105e-01
1.520000e-05	-3.246740e-03	-1.007618e-01
1.521000e-05	2.683425e-03	8.723556e-02
1.522000e-05	-1.645390e-03	3.492934e-01
1.523000e-05	-9.160711e-04	5.167344e-01
1.524000e-05	-2.857567e-03	7.066077e-01
1.525000e-05	-4.146195e-03	8.530528e-01
1.526000e-05	-3.934505e-03	1.034479e+00
1.527000e-05	1.636623e-03	1.286154e+00
1.528000e-05	2.280644e-02	1.426078e+00
1.529000e-05	8.773282e-02	1.718713e+00
1.530000e-05	-9.435338e-03	1.969767e+00
1.531000e-05	-4.967322e-02	2.129291e+00
1.532000e-05	-3.858651e-02	2.338341e+00
1.533000e-05	-1.147382e-01	2.421628e+00
1.534000e-05	4.900794e-02	2.592948e+00
1.535000e-05	8.125245e-02	2.814024e+00
1.536000e-05	-1.984794e-01	2.981020e+00
1.537000e-05	1.592007e-01	3.138738e+00
1.538000e-05	8.232741e-03	3.411447e+00
1.539000e-05	-1.172439e-01	3.569797e+00
1.540000e-05	1.105851e-01	3.666130e+00
1.541000e-05	-8.527801e-02	3.976713e+00
1.542000e-05	-5.346070e-02	4.068132e+00
1.543000e-05	7.761727e-02	4.328711e+00
1.544000e-05	-4.716166e-02	4.495711e+00
1.545000e-05	3.693696e-02	4.654553e+00
1.546000e-05	-1.230503e-02	4.853652e+00
1.547000e-05	-5.590008e-02	5.087683e+00
1.548000e-05	2.997017e-02	5.336659e+00
1.549000e-05	-4.191459e-02	5.486679e+00
1.550000e-05	2.110883e-02	5.611449e+00
1.551000e-05	-3.488876e-02	5.843524e+00
1.552000e-05	2.807758e-02	5.999874e+00
1.553000e-05	-1.014191e-02	6.148345e+00
1.554000e-05	-3.733982e-02	6.297736e+00
1.555000e-05	2.748095e-02	6.432176e+00
1.556000e-05	-6.138505e-02	6.652529e+00
1.557000e-05	9.168419e-03	6.750895e+00
1.558000e-05	1.353624e-02	6.948792e+00
1.559000e-05	-1.949219e-02	7.066653e+00
1.560000e-05	-4.514423e-03	7.190446e+00
1.561000e-05	-2.900763e-02	7.348416e+00
1.562000e-05	-1.915731e-04	7.557837e+00
1.563000e-05	-1.540624e-02	7.656133e+00
1.564000e-05	-1.012037e-02	7.799499e+00
1.565000e-05	-1.660943e-02	8.011467e+00
1.566000e-05	-1.739655e-02	8.116813e+00
1.567000e-05	1.016927e-02	8.243129e+00
1.568000e-05	-1.950883e-02	8.337340e+00
1.569000e-05	-1.557493e-02	8.442681e+00
1.570000e-05	-2.636716e-02	8.576865e+00
1.571000e-05	-1.234990e-02	8.645204e+00
1.572000e-05	-4.064484e-03	8.736815e+00
1.573000e-05	-1.549614e-02	8.831650e+00
1.574000e-05	-1.673702e-02	8.970467e+00
1.575000e-05	-1.935195e-02	9.065736e+00
1.576000e-05	-8.079944e-03	9.211473e+00
1.577000e-05	-1.454435e-02	9.294206e+00
1.578000e-05	-2.320919e-02	9.338845e+00
1.579000e-05	-2.339785e-02	9.491628e+00
1.580000e-05	-1.711303e-02	9.514766e+00
1.581000e-05	-7.737481e-03	9.569020e+00
1.582000e-05	-1.995483e-02	9.635283e+00
1.583000e-05	-2.142376e-02	9.788439e+00
1.584000e-05	-2.168994e-02	9.831529e+00
1.585000e-05	-1.558766e-02	9.904184e+00
1.586000e-05	-1.824652e-02	9.939320e+00
1.587000e-05	-2.543009e-02	1.002150e+01
1.588000e-05	-2.402519e-02	1.006268e+01
1.589000e-05	-1.965294e-02	1.009571e+01
1.590000e-05	-1.449936e-02	1.016734e+01
1.591000e-05	-2.264799e-02	1.019044e+01
1.592000e-05	-2.787156e-02	1.020108e+01
1.593000e-05	-2.671122e-02	1.027165e+01
1.594000e-05	-2.030149e-02	1.025371e+01
1.595000e-05	-1.891120e-02	1.028523e+01
1.596000e-05	-2.698949e-02	1.030374e+01
1.597000e-05	-2.869998e-02	1.033684e+01
1.598000e-05	-2.671989e-02	1.031581e+01
1.599000e-05	-2.364056e-02	1.031484e+01
1.600000e-05	-2.658306e-02	1.035589e+01
1.601000e-05	-3.309567e-02	1.035737e+01
1.602000e-05	-3.147958e-02	1.034789e+01
1.603000e-05	-2.636799e-02	1.032582e+01
1.604000e-05	-2.693147e-02	1.032739e+01
1.605000e-05	-3.240027e-02	1.032627e+01
1.606000e-05	-3.605769e-02	1.031486e+01
1.607000e-05	-3.616825e-02	1.028364e+01
1.608000e-05	-3.302803e-02	1.026261e+01
1.609000e-05	-3.450301e-02	1.020963e+01
1.610000e-05	-3.808365e-02	1.020903e+01
1.611000e-05	-3.838330e-02	1.013894e+01
1.612000e-05	-3.609104e-02	1.011329e+01
1.613000e-05	-3.716505e-02	1.007221e+01
1.614000e-05	-4.128465e-02	1.003216e+01
1.615000e-05	-4.419315e-02	9.989001e+00
1.616000e-05	-4.458920e-02	9.936367e+00
1.617000e-05	-4.207419e-02	9.842657e+00
1.618000e-05	-4.556012e-02	9.768443e+00
1.619000e-05	-4.981295e-02	9.653863e+00
1.620000e-05	-5.139992e-02	9.620124e+00
1.621000e-05	-4.814042e-02	9.516365e+00
1.622000e-05	-4.899063e-02	9.490211e+00
1.623000e-05	-5.226926e-02	9.388572e+00
1.624000e-05	-5.313219e-02	9.283265e+00
1.625000e-05	-5.380133e-02	9.221632e+00
1.626000e-05	-5.155265e-02	9.166346e+00
1.627000e-05	-4.988339e-02	9.039575e+00
1.628000e-05	-4.854425e-02	8.905861e+00
1.629000e-05	-4.712788e-02	8.800075e+00
1.630000e-05	-4.268432e-02	8.694289e+00
1.631000e-05	-3.974806e-02	8.577998e+00
1.632000e-05	-3.721585e-02	8.523239e+00
1.633000e-05	-3.527115e-02	8.428951e+00
1.634000e-05	-3.396006e-02	8.340762e+00
1.635000e-05	-3.018662e-02	8.155342e+00
1.636000e-05	-2.980942e-02	8.027654e+00
1.637000e-05	-2.772591e-02	7.853236e+00
1.638000e-05	-3.018397e-02	7.787948e+00
1.639000e-05	-2.692421e-02	7.619660e+00
1.640000e-05	-2.290260e-02	7.531238e+00
1.641000e-05	-2.033451e-02	7.343315e+00
1.642000e-05	-2.245420e-02	7.147395e+00
1.643000e-05	-2.136453e-02	7.009104e+00
1.644000e-05	-1.968086e-02	6.840734e+00
1.645000e-05	-1.859015e-02	6.785345e+00
1.646000e-05	-1.966118e-02	6.555920e+00
1.647000e-05	-2.081314e-02	6.368046e+00
1.648000e-05	-1.881941e-02	6.260654e+00
1.649000e-05	-1.621909e-02	6.052836e+00
1.650000e-05	-1.381409e-02	5.985048e+00
1.651000e-05	-1.876274e-02	5.715026e+00
1.652000e-05	-1.652740e-02	5.576976e+00
1.653000e-05	-1.276481e-02	5.419074e+00
1.654000e-05	-1.137255e-02	5.250637e+00
1.655000e-05	-1.540074e-02	5.038632e+00
1.656000e-05	-1.622010e-02	4.820604e+00
1.657000e-05	-1.336309e-02	4.660160e+00
1.658000e-05	-1.084647e-02	4.472188e+00
1.659000e-05	-1.055233e-02	4.372896e+00
1.660000e-05	-1.260345e-02	4.111761e+00
1.661000e-05	-1.304250e-02	3.952842e+00
1.662000e-05	-1.028595e-02	3.775371e+00
1.663000e-05	-8.106176e-03	3.585526e+00
1.664000e-05	-1.073104e-02	3.428574e+00
1.665000e-05	-1.140641e-02	3.167023e+00
1.666000e-05	-1.187998e-02	3.019553e+00
1.667000e-05	-9.992109e-03	2.820656e+00
1.668000e-05	-1.083934e-02	2.671108e+00
1.669000e-05	-8.954429e-03	2.418578e+00
1.670000e-05	-9.715346e-03	2.230629e+00
1.671000e-05	-6.463829e-03	2.069709e+00
1.672000e-05	-5.636909e-03	1.849767e+00
1.673000e-05	-5.621398e-03	1.671234e+00
1.674000e-05	-7.760751e-03	1.442113e+00
1.675000e-05	-8.243378e-03	1.261179e+00
1.676000e-05	-7.636922e-03	1.048054e+00
1.677000e-05	-7.330040e-03	8.085012e-01
1.678000e-05	-7.432215e-03	6.064264e-01
1.679000e-05	-6.731524e-03	4.306065e-01
1.680000e-05	-3.720595e-03	2.271352e-01
1.681000e-05	-2.440105e-03	7.951177e-03
1.682000e-05	2.111519e-03	-1.703974e-01
1.683000e-05	3.587426e-03	-3.493684e-01
1.684000e-05	-3.688914e-03	-4.888143e-01
1.685000e-05	1.894387e-03	-7.493198e-01
1.686000e-05	-2.098998e-03	-9.082368e-01
1.687000e-05	4.762803e-04	-1.055687e+00
1.688000e-05	3.885377e-04	-1.296557e+00
1.689000e-05	4.009001e-02	-1.527161e+00
1.690000e-05	1.158551e-01	-1.667734e+00
1.691000e-05	-5.103031e-02	-1.971942e+00
1.692000e-05	-1.645394e-02	-2.227584e+00
1.693000e-05	-9.135194e-02	-2.453231e+00
1.694000e-05	-4.921894e-02	-2.567920e+00
1.695000e-05	1.832888e-01	-2.562071e+00
1.696000e-05	-1.672493e-01	-2.875526e+00
1.697000e-05	4.489812e-02	-3.117240e+00
1.698000e-05	1.905106e-01	-3.202497e+00
1.699000e-05	-1.996752e-01	-3.435000e+00
1.700000e-05	9.495123e-02	-3.589974e+00
1.701000e-05	5.473766e-02	-3.741292e+00
1.702000e-05	-1.899969e-01	-4.031551e+00
1.703000e-05	1.484207e-01	-4.149469e+00
1.704000e-05	-4.926629e-02	-4.300790e+00
1.705000e-05	8.420757e-03	-4.560892e+00
1.706000e-05	1.500478e-01	-4.626309e+00
1.707000e-05	-1.796739e-01	-4.918291e+00
1.708000e-05	1.175945e-01	-5.075762e+00
1.709000e-05	-3.448642e-02	-5.277184e+00
1.710000e-05	-4.262275e-02	-5.497868e+00
1.711000e-05	1.098968e-01	-5.664205e+00
1.712000e-05	-9.632481e-02	-5.844633e+00
1.713000e-05	1.212506e-01	-5.960972e+00
1.714000e-05	-7.082799e-02	-6.113896e+00
1.715000e-05	2.432876e-02	-6.379943e+00
1.716000e-05	5.258669e-02	-6.444786e+00
1.717000e-05	-1.133770e-01	-6.664658e+00
1.718000e-05	1.439487e-01	-6.769396e+00
1.719000e-05	-7.225202e-02	-6.949317e+00
1.720000e-05	5.172723e-02	-7.119494e+00
1.721000e-05	1.260518e-02	-7.224708e+00
1.722000e-05	-4.738203e-02	-7.422550e+00
1.723000e-05	9.008359e-02	-7.518842e+00
1.724000e-05	-7.009037e-02	-7.688335e+00
1.725000e-05	7.625172e-02	-7.875212e+00
1.726000e-05	-4.321158e-02	-8.011054e+00
1.727000e-05	4.192592e-02	-8.127316e+00
1.728000e-05	2.381630e-02	-8.233630e+00
1.729000e-05	-2.315690e-02	-8.339521e+00
1.730000e-05	4.667068e-02	-8.476186e+00
1.731000e-05	-4.671776e-02	-8.641052e+00
1.732000e-05	6.045572e-02	-8.767895e+00
1.733000e-05	-1.285381e-02	-8.842709e+00
1.734000e-05	2.802729e-02	-8.948892e+00
1.735000e-05	4.196840e-03	-9.021208e+00
1.736000e-05	9.746369e-03	-9.118316e+00
1.737000e-05	3.171495e-02	-9.214129e+00
1.738000e-05	-6.990619e-03	-9.288419e+00
1.739000e-05	2.229824e-02	-9.402527e+00
1.740000e-05	-6.843739e-03	-9.546841e+00
1.741000e-05	3.040955e-02	-9.572128e+00
1.742000e-05	8.977233e-03	-9.676308e+00
1.743000e-05	1.786341e-02	-9.748392e+00
1.744000e-05	1.168614e-02	-9.791634e+00
1.745000e-05	1.243065e-02	-9.904712e+00
1.746000e-05	2.020762e-02	-9.917343e+00
1.747000e-05	9.407872e-03	-9.970972e+00
1.748000e-05	1.614257e-02	-1.001418e+01
1.749000e-05	8.387346e-03	-1.009479e+01
1.750000e-05	2.543257e-02	-1.009744e+01
1.751000e-05	1.719059e-02	-1.019055e+01
1.752000e-05	1.834808e-02	-1.024221e+01
1.753000e-05	1.060022e-02	-1.029486e+01
1.754000e-05	1.499418e-02	-1.030690e+01
1.755000e-05	2.148839e-02	-1.035000e+01
1.756000e-05	1.883334e-02	-1.040057e+01
1.757000e-05	1.771603e-02	-1.037111e+01
1.758000e-05	1.640121e-02	-1.042218e+01
1.759000e-05	2.116393e-02	-1.045226e+01
1.760000e-05	2.115308e-02	-1.048426e+01
1.761000e-05	2.167274e-02	-1.047376e+01
1.762000e-05	1.557174e-02	-1.047321e+01
1.763000e-05	2.169999e-02	-1.044224e+01
1.764000e-05	2.450459e-02	-1.046321e+01
1.765000e-05	2.527943e-02	-1.045171e+01
1.766000e-05	2.459225e-02	-1.043171e+01
1.767000e-05	2.200698e-02	-1.042058e+01
1.768000e-05	2.465232e-02	-1.042112e+01
1.769000e-05	2.690673e-02	-1.038954e+01
1.770000e-05	2.760739e-02	-1.032695e+01
1.771000e-05	2.657777e-02	-1.029331e+01
1.772000e-05	2.775177e-02	-1.022308e+01
1.773000e-05	3.175926e-02	-1.018903e+01
1.774000e-05	3.214479e-02	-1.009652e+01
1.775000e-05	3.075671e-02	-1.007429e+01
1.776000e-05	2.979060e-02	-1.003225e+01
1.777000e-05	3.280066e-02	-9.987947e+00
1.778000e-05	3.759645e-02	-9.925418e+00
1.779000e-05	3.706525e-02	-9.861686e+00
1.780000e-05	3.768100e-02	-9.830127e+00
1.781000e-05	3.847615e-02	-9.725919e+00
1.782000e-05	4.145894e-02	-9.653736e+00
1.783000e-05	4.331459e-02	-9.600077e+00
1.784000e-05	4.205538e-02	-9.545494e+00
1.785000e-05	4.192889e-02	-9.450206e+00
1.786000e-05	4.319377e-02	-9.304394e+00
1.787000e-05	4.426769e-02	-9.180127e+00
1.788000e-05	4.276729e-02	-9.125417e+00
1.789000e-05	3.752732e-02	-9.030155e+00
1.790000e-05	3.448120e-02	-8.924895e+00
1.791000e-05	3.477550e-02	-8.790657e+00
1.792000e-05	3.439186e-02	-8.765419e+00
1.793000e-05	3.001623e-02	-8.619608e+00
1.794000e-05	2.673517e-02	-8.472787e+00
1.795000e-05	2.447274e-02	-8.368024e+00
1.796000e-05	2.392707e-02	-8.282262e+00
1.797000e-05	2.114768e-02	-8.155994e+00
1.798000e-05	1.708783e-02	-8.031210e+00
1.799000e-05	1.559436e-02	-7.889892e+00
1.800000e-05	1.548694e-02	-7.714895e+00
1.801000e-05	1.697943e-02	-7.597100e+00
1.802000e-05	1.491639e-02	-7.408709e+00
1.803000e-05	1.192999e-02	-7.313263e+00
1.804000e-05	1.066457e-02	-7.167998e+00
1.805000e-05	1.018562e-02	-6.966755e+00
1.806000e-05	8.339675e-03	-6.790134e+00
1.807000e-05	6.902174e-03	-6.672813e+00
1.808000e-05	5.489836e-03	-6.524945e+00
1.809000e-05	6.669717e-03	-6.368125e+00
1.810000e-05	7.776434e-03	-6.249103e+00
1.811000e-05	6.709224e-03	-6.008759e+00
1.812000e-05	5.113434e-03	-5.891313e+00
1.813000e-05	3.583554e-03	-5.724869e+00
1.814000e-05	4.138508e-03	-5.566575e+00
1.815000e-05	2.676128e-03	-5.345523e+00
1.816000e-05	2.036666e-03	-5.154468e+00
1.817000e-05	8.547010e-04	-4.956599e+00
1.818000e-05	2.059698e-03	-4.695546e+00
1.819000e-05	1.421969e-03	-4.577624e+00
1.820000e-05	2.535150e-03	-4.408633e+00
1.821000e-05	-1.836060e-03	-4.250786e+00
1.822000e-05	-1.539350e-03	-4.103340e+00
1.823000e-05	-1.864905e-03	-3.933898e+00
1.824000e-05	-1.509196e-03	-3.702792e+00
1.825000e-05	-2.094053e-03	-3.504441e+00
1.826000e-05	-5.555479e-04	-3.365871e+00
1.827000e-05	-1.731426e-03	-3.160074e+00
1.828000e-05	-1.441634e-03	-2.914475e+00
1.829000e-05	-3.451787e-03	-2.787997e+00
1.830000e-05	-5.010088e-03	-2.597030e+00
1.831000e-05	-7.037204e-03	-2.398553e+00
1.832000e-05	-4.999432e-03	-2.137022e+00
1.833000e-05	-4.530562e-03	-1.986504e+00
1.834000e-05	-3.609648e-03	-1.800577e+00
1.835000e-05	-4.861661e-03	-1.600130e+00
1.836000e-05	-4.361823e-03	-1.386009e+00
1.837000e-05	-6.020590e-03	-1.145472e+00
1.838000e-05	-6.471829e-03	-9.559725e-01
1.839000e-05	-8.833122e-03	-7.770027e-01
1.840000e-05	-8.272583e-03	-5.534257e-01
1.841000e-05	-6.728544e-03	-3.754474e-01
1.842000e-05	-5.820188e-03	-2.064787e-01
1.843000e-05	-2.175519e-03	-1.747900e-02
1.844000e-05	5.093468e-03	2.124487e-01
1.845000e-05	-3.492976e-03	4.430238e-01
1.846000e-05	2.512117e-04	5.893972e-01
1.847000e-05	-4.908099e-03	7.393169e-01
1.848000e-05	-2.987851e-03	8.876316e-01
1.849000e-05	-5.008018e-03	1.130260e+00
1.850000e-05	6.831807e-03	1.338267e+00
1.851000e-05	5.239774e-02	1.600272e+00
1.852000e-05	7.064750e-02	1.874096e+00
1.853000e-05	-5.274940e-02	2.024575e+00
1.854000e-05	-3.828614e-02	2.252054e+00
1.855000e-05	-6.639671e-02	2.369922e+00
1.856000e-05	-8.783658e-02	2.517632e+00
1.857000e-05	1.448290e-01	2.727112e+00
1.858000e-05	-8.365069e-02	2.918257e+00
1.859000e-05	-8.367767e-02	3.023050e+00
1.860000e-05	2.014693e-01	3.213472e+00
1.861000e-05	-1.169090e-01	3.505162e+00
1.862000e-05	-5.438918e-03	3.620074e+00
1.863000e-05	6.588464e-02	3.761816e+00
1.864000e-05	-1.313295e-01	3.979394e+00
1.865000e-05	3.824670e-02	4.159894e+00
1.866000e-05	2.066883e-02	4.399995e+00
1.867000e-05	-3.092857e-02	4.601368e+00
1.868000e-05	5.865945e-02	4.717262e+00
1.869000e-05	-7.172275e-02	4.929317e+00
1.870000e-05	1.004950e-02	5.160969e+00
1.871000e-05	-8.464875e-03	5.391894e+00
1.872000e-05	-1.932906e-02	5.557241e+00
1.873000e-05	4.261698e-03	5.676206e+00
1.874000e-05	-1.684948e-02	5.896659e+00
1.875000e-05	3.123608e-02	6.094179e+00
1.876000e-05	-4.413985e-02	6.221004e+00
1.877000e-05	3.146925e-03	6.348345e+00
1.878000e-05	-4.957108e-03	6.508288e+00
1.879000e-05	-5.173379e-02	6.716213e+00
1.880000e-05	3.542577e-02	6.863657e+00
1.881000e-05	-1.437947e-02	6.991896e+00
1.882000e-05	-9.323077e-03	7.137213e+00
1.883000e-05	-1.293526e-02	7.253603e+00
1.884000e-05	-2.220611e-02	7.413504e+00
1.885000e-05	3.276714e-03	7.580973e+00
1.886000e-05	-2.644430e-02	7.747768e+00
1.887000e-05	3.475856e-04	7.865707e+00
1.888000e-05	-2.929074e-02	8.064599e+00
1.889000e-05	4.624266e-03	8.191425e+00
1.890000e-05	-3.484764e-03	8.285763e+00
1.891000e-05	-2.146364e-02	8.371075e+00
1.892000e-05	-1.655834e-02	8.486309e+00
1.893000e-05	-2.762685e-02	8.580524e+00
1.894000e-05	-8.949534e-04	8.686263e+00
1.895000e-05	-1.341950e-02	8.770416e+00
1.896000e-05	-1.305372e-02	8.884731e+00
1.897000e-05	-2.048851e-02	8.993005e+00
1.898000e-05	-1.206383e-02	9.147916e+00
1.899000e-05	-9.244307e-03	9.232128e+00
1.900000e-05	-2.027592e-02	9.305712e+00
1.901000e-05	-2.389884e-02	9.420569e+00
1.902000e-05	-2.326881e-02	9.462659e+00
1.903000e-05	-9.949831e-03	9.547319e+00
1.904000e-05	-1.291414e-02	9.591028e+00
1.905000e-05	-1.952167e-02	9.715292e+00
1.906000e-05	-2.126930e-02	9.758525e+00
1.907000e-05	-1.785711e-02	9.843155e+00
1.908000e-05	-1.671126e-02	9.928791e+00
1.909000e-05	-2.172711e-02	1.000795e+01
1.910000e-05	-2.525359e-02	1.002320e+01
1.911000e-05	-2.297855e-02	1.009316e+01
1.912000e-05	-1.546310e-02	1.010628e+01
1.913000e-05	-1.852210e-02	1.012634e+01
1.914000e-05	-2.468182e-02	1.018948e+01
1.915000e-05	-2.822938e-02	1.026218e+01
1.916000e-05	-2.355900e-02	1.029208e+01
1.917000e-05	-2.006375e-02	1.029469e+01
1.918000e-05	-2.206981e-02	1.027529e+01
1.919000e-05	-2.921416e-02	1.031479e+01
1.920000e-05	-2.689021e-02	1.031586e+01
1.921000e-05	-2.472682e-02	1.030739e+01
1.922000e-05	-2.442860e-02	1.034591e+01
1.923000e-05	-2.906920e-02	1.036792e+01
1.924000e-05	-3.329841e-02	1.036639e+01
1.925000e-05	-2.857808e-02	1.033734e+01
1.926000e-05	-2.619245e-02	1.030636e+01
1.927000e-05	-2.951229e-02	1.033534e+01
1.928000e-05	-3.431955e-02	1.029471e+01
1.929000e-05	-3.553673e-02	1.029326e+01
1.930000e-05	-3.427452e-02	1.026416e+01
1.931000e-05	-3.408491e-02	1.025110e+01
1.932000e-05	-3.653486e-02	1.024998e+01
1.933000e-05	-3.831308e-02	1.018750e+01
1.934000e-05	-3.792592e-02	1.011534e+01
1.935000e-05	-3.628302e-02	1.010374e+01
1.936000e-05	-3.790799e-02	1.008221e+01
1.937000e-05	-4.241888e-02	1.000166e+01
1.938000e-05	-4.355216e-02	9.938895e+00
1.939000e-05	-4.369804e-02	9.893283e+00
1.940000e-05	-4.282730e-02	9.820130e+00
1.941000e-05	-4.682486e-02	9.755399e+00
1.942000e-05	-5.003913e-02	9.680132e+00
1.943000e-05	-5.000022e-02	9.555924e+00
1.944000e-05	-4.919331e-02	9.494265e+00
1.945000e-05	-5.171808e-02	9.419556e+00
1.946000e-05	-5.408196e-02	9.375418e+00
1.947000e-05	-5.464430e-02	9.291134e+00
1.948000e-05	-5.018139e-02	9.199575e+00
1.949000e-05	-4.960824e-02	9.131763e+00
1.950000e-05	-4.816128e-02	9.046972e+00
1.951000e-05	-4.850076e-02	8.830654e+00
1.952000e-05	-4.513188e-02	8.766393e+00
1.953000e-05	-4.066329e-02	8.651635e+00
1.954000e-05	-3.890820e-02	8.556918e+00
1.955000e-05	-3.710588e-02	8.443136e+00
1.956000e-05	-3.652261e-02	8.376973e+00
1.957000e-05	-3.236147e-02	8.239557e+00
1.958000e-05	-2.997308e-02	8.043241e+00
1.959000e-05	-2.810095e-02	7.995546e+00
1.960000e-05	-2.946633e-02	7.860679e+00
1.961000e-05	-2.746413e-02	7.713365e+00
1.962000e-05	-2.565130e-02	7.545497e+00
1.963000e-05	-2.218385e-02	7.448079e+00
1.964000e-05	-2.316571e-02	7.191108e+00
1.965000e-05	-2.092570e-02	7.092813e+00
1.966000e-05	-2.064873e-02	6.955395e+00
1.967000e-05	-1.779712e-02	6.818632e+00
1.968000e-05	-1.991617e-02	6.670712e+00
1.969000e-05	-2.198143e-02	6.472213e+00
1.970000e-05	-2.008418e-02	6.334316e+00
1.971000e-05	-1.609659e-02	6.155950e+00
1.972000e-05	-1.546636e-02	6.019679e+00
1.973000e-05	-1.726865e-02	5.912788e+00
1.974000e-05	-1.811493e-02	5.672713e+00
1.975000e-05	-1.616448e-02	5.523892e+00
1.976000e-05	-1.164747e-02	5.336446e+00
1.977000e-05	-1.298838e-02	5.164920e+00
1.978000e-05	-1.617123e-02	4.922870e+00
1.979000e-05	-1.595402e-02	4.745346e+00
1.980000e-05	-1.077963e-02	4.566925e+00
1.981000e-05	-9.446871e-03	4.418555e+00
1.982000e-05	-1.210266e-02	4.237132e+00
1.983000e-05	-1.479881e-02	4.009578e+00
1.984000e-05	-1.136423e-02	3.880233e+00
1.985000e-05	-9.781066e-03	3.703758e+00
1.986000e-05	-8.382370e-03	3.521820e+00
1.987000e-05	-1.219752e-02	3.282236e+00
1.988000e-05	-1.175248e-02	3.112820e+00
1.989000e-05	-9.596392e-03	2.944769e+00
1.990000e-05	-7.945986e-03	2.775472e+00
1.991000e-05	-9.275816e-03	2.523319e+00
1.992000e-05	-1.259395e-02	2.333367e+00
1.993000e-05	-9.122153e-03	2.174920e+00
1.994000e-05	-8.019062e-03	2.006450e+00
1.995000e-05	-2.513126e-03	1.755526e+00
1.996000e-05	-8.405917e-03	1.614795e+00
1.997000e-05	-6.272716e-03	1.365947e+00
1.998000e-05	-7.654253e-03	1.163971e+00
1.999000e-05	-5.905542e-03	9.018382e-01
2.000000e-05	-9.585999e-03	7.237644e-01
2.001000e-05	-7.766936e-03	5.333170e-01
2.002000e-05	-7.231616e-03	3.648474e-01
2.003000e-05	-1.172972e-03	9.378815e-02
2.004000e-05	-1.943514e-03	-1.056580e-01
2.005000e-05	4.649742e-03	-2.251054e-01
2.006000e-05	-7.047377e-04	-3.925752e-01
2.007000e-05	-2.266449e-04	-6.950064e-01
2.008000e-05	-1.318168e-04	-7.835800e-01
2.009000e-05	-1.606555e-04	-1.020896e+00
2.010000e-05	-1.407676e-03	-1.130320e+00
2.011000e-05	8.363116e-03	-1.379942e+00
2.012000e-05	9.141846e-02	-1.590420e+00
2.013000e-05	4.890565e-02	-1.761973e+00
2.014000e-05	-5.689977e-02	-2.078229e+00
2.015000e-05	-2.020394e-02	-2.351396e+00
2.016000e-05	-1.379685e-01	-2.537686e+00
2.017000e-05	1.132685e-01	-2.527872e+00
2.018000e-05	5.832915e-02	-2.655679e+00
2.019000e-05	-2.044781e-01	-3.012996e+00
2.020000e-05	1.852329e-01	-3.169292e+00
2.021000e-05	-1.241007e-02	-3.276658e+00
2.022000e-05	-1.579198e-01	-3.538238e+00
2.023000e-05	1.917405e-01	-3.633577e+00
2.024000e-05	-1.139603e-01	-3.857130e+00
2.025000e-05	-5.930536e-02	-4.086288e+00
2.026000e-05	1.480386e-01	-4.243099e+00
2.027000e-05	-1.366957e-01	-4.382678e+00
2.028000e-05	1.596341e-01	-4.581972e+00
2.029000e-05	-1.989979e-02	-4.771387e+00
2.030000e-05	-9.566782e-02	-5.001575e+00
2.031000e-05	1.413482e-01	-5.109441e+00
2.032000e-05	-1.397389e-01	-5.362492e+00
2.033000e-05	9.844727e-02	-5.588922e+00
2.034000e-05	-1.383531e-02	-5.707841e+00
2.035000e-05	-1.234655e-02	-5.897236e+00
2.036000e-05	9.305410e-02	-6.033630e+00
2.037000e-05	-1.119552e-01	-6.256207e+00
2.038000e-05	1.183335e-01	-6.432052e+00
2.039000e-05	-8.093262e-02	-6.559865e+00
2.040000e-05	1.072183e-02	-6.727292e+00
2.041000e-05	8.939183e-02	-6.804127e+00
2.042000e-05	-8.138717e-02	-7.053610e+00
2.043000e-05	1.083711e-01	-7.192049e+00
2.044000e-05	-8.172064e-02	-7.338862e+00
2.045000e-05	5.503240e-02	-7.454709e+00
2.046000e-05	8.263133e-03	-7.592029e+00
2.047000e-05	-2.200789e-02	-7.793529e+00
2.048000e-05	5.960639e-02	-7.908845e+00
2.049000e-05	-5.254202e-02	-8.066234e+00
2.050000e-05	8.519135e-02	-8.169996e+00
2.051000e-05	-3.962266e-02	-8.277786e+00
2.052000e-05	3.483485e-02	-8.431575e+00
2.053000e-05	-6.160167e-03	-8.509389e+00
2.054000e-05	-4.465951e-03	-8.705112e+00
2.055000e-05	4.661328e-02	-8.791099e+00
2.056000e-05	-1.807488e-02	-8.886788e+00
2.057000e-05	4.259151e-02	-8.938524e+00
2.058000e-05	-1.521373e-02	-9.086737e+00
2.059000e-05	3.830472e-02	-9.179449e+00
2.060000e-05	3.927414e-03	-9.253234e+00
2.061000e-05	8.083536e-03	-9.391021e+00
2.062000e-05	7.941002e-03	-9.473787e+00
2.063000e-05	3.755862e-03	-9.579423e+00
2.064000e-05	3.369758e-02	-9.664158e+00
2.065000e-05	3.550040e-03	-9.717839e+00
2.066000e-05	2.515032e-02	-9.779599e+00
2.067000e-05	1.591844e-03	-9.844156e+00
2.068000e-05	2.276221e-02	-9.895268e+00
2.069000e-05	9.960617e-03	-9.947945e+00
2.070000e-05	1.413864e-02	-9.990578e+00
2.071000e-05	1.136117e-02	-1.004415e+01
2.072000e-05	1.703318e-02	-1.011689e+01
2.073000e-05	2.574536e-02	-1.016799e+01
2.074000e-05	1.407797e-02	-1.020213e+01
2.075000e-05	1.801660e-02	-1.026221e+01
2.076000e-05	8.997771e-03	-1.031529e+01
2.077000e-05	2.085654e-02	-1.032740e+01
2.078000e-05	1.894826e-02	-1.038945e+01
2.079000e-05	1.867863e-02	-1.039115e+01
2.080000e-05	1.701871e-02	-1.042266e+01
2.081000e-05	1.827661e-02	-1.046116e+01
2.082000e-05	2.180958e-02	-1.046168e+01
2.083000e-05	2.045235e-02	-1.046224e+01
2.084000e-05	1.997004e-02	-1.046323e+01
2.085000e-05	1.736208e-02	-1.048421e+01
2.086000e-05	2.390527e-02	-1.049318e+01
2.087000e-05	2.424778e-02	-1.044373e+01
2.088000e-05	2.568874e-02	-1.043171e+01
2.089000e-05	2.327300e-02	-1.045168e+01
2.090000e-05	2.318782e-02	-1.038160e+01
2.091000e-05	2.446848e-02	-1.039765e+01
2.092000e-05	2.697078e-02	-1.034799e+01
2.093000e-05	3.004204e-02	-1.033686e+01
2.094000e-05	2.777138e-02	-1.025173e+01
2.095000e-05	2.822069e-02	-1.025968e+01
2.096000e-05	3.059836e-02	-1.016752e+01
2.097000e-05	3.274992e-02	-1.013444e+01
2.098000e-05	3.159145e-02	-1.006379e+01
2.099000e-05	3.073534e-02	-1.002116e+01
2.100000e-05	3.396595e-02	-9.936949e+00
2.101000e-05	3.757591e-02	-9.914239e+00
2.102000e-05	3.713066e-02	-9.862609e+00
2.103000e-05	3.840627e-02	-9.768600e+00
2.104000e-05	3.819836e-02	-9.694362e+00
2.105000e-05	4.201184e-02	-9.619632e+00
2.106000e-05	4.402886e-02	-9.597575e+00
2.107000e-05	4.391423e-02	-9.502364e+00
2.108000e-05	4.238583e-02	-9.417105e+00
2.109000e-05	4.317567e-02	-9.231339e+00
2.110000e-05	4.339847e-02	-9.166998e+00
2.111000e-05	4.203277e-02	-9.094262e+00
2.112000e-05	3.693782e-02	-8.987475e+00
2.113000e-05	3.460439e-02	-8.873787e+00
2.114000e-05	3.291097e-02	-8.779553e+00
2.115000e-05	3.135685e-02	-8.712889e+00
2.116000e-05	3.008213e-02	-8.545544e+00
2.117000e-05	2.647982e-02	-8.418057e+00
2.118000e-05	2.334025e-02	-8.325445e+00
2.119000e-05	2.216448e-02	-8.179100e+00
2.120000e-05	2.107982e-02	-8.073391e+00
2.121000e-05	1.854191e-02	-8.007478e+00
2.122000e-05	1.494170e-02	-7.800705e+00
2.123000e-05	1.306585e-02	-7.640630e+00
2.124000e-05	1.388661e-02	-7.543866e+00
2.125000e-05	1.357849e-02	-7.364976e+00
2.126000e-05	1.261376e-02	-7.240184e+00
2.127000e-05	9.623217e-03	-7.084290e+00
2.128000e-05	1.022998e-02	-6.923865e+00
2.129000e-05	9.247441e-03	-6.747497e+00
2.130000e-05	8.152928e-03	-6.621083e+00
2.131000e-05	6.360020e-03	-6.471663e+00
2.132000e-05	4.946286e-03	-6.344441e+00
2.133000e-05	6.010761e-03	-6.106420e+00
2.134000e-05	5.398770e-03	-5.965424e+00
2.135000e-05	4.878484e-03	-5.810154e+00
2.136000e-05	3.009026e-03	-5.622735e+00
2.137000e-05	3.584815e-03	-5.492840e+00
2.138000e-05	3.760783e-03	-5.250857e+00
2.139000e-05	3.082226e-03	-5.040758e+00
2.140000e-05	1.211673e-03	-4.902813e+00
2.141000e-05	5.740696e-04	-4.631158e+00
2.142000e-05	7.331626e-04	-4.513815e+00
2.143000e-05	1.643847e-03	-4.355396e+00
2.144000e-05	-2.064443e-03	-4.178575e+00
2.145000e-05	-8.430569e-04	-3.999628e+00
2.146000e-05	-2.662690e-03	-3.828659e+00
2.147000e-05	1.852319e-03	-3.609582e+00
2.148000e-05	-2.300132e-03	-3.420208e+00
2.149000e-05	-1.321515e-03	-3.282239e+00
2.150000e-05	-4.279714e-03	-3.102337e+00
2.151000e-05	-1.207944e-03	-2.861257e+00
2.152000e-05	-5.462578e-03	-2.692266e+00
2.153000e-05	-4.056530e-03	-2.493265e+00
2.154000e-05	-8.130844e-03	-2.344441e+00
2.155000e-05	-2.536703e-03	-2.100812e+00
2.156000e-05	-4.023097e-03	-1.884267e+00
2.157000e-05	-2.534537e-03	-1.753797e+00
2.158000e-05	-6.961182e-03	-1.563971e+00
2.159000e-05	-5.294318e-03	-1.271313e+00
2.160000e-05	-7.306391e-03	-1.051233e+00
2.161000e-05	-6.854229e-03	-8.718118e-01
2.162000e-05	-8.844764e-03	-6.927422e-01
2.163000e-05	-7.676710e-03	-4.126357e-01
2.164000e-05	-5.813251e-03	-2.707606e-01
2.165000e-05	-4.699456e-03	-9.181945e-02
2.166000e-05	1.834671e-03	9.615523e-02
2.167000e-05	-5.264633e-04	3.071356e-01
2.168000e-05	-2.804505e-03	4.556079e-01
2.169000e-05	-8.730213e-04	6.635014e-01
2.170000e-05	-4.185156e-03	7.994976e-01
2.171000e-05	-4.234386e-03	1.042452e+00
2.172000e-05	-2.999098e-03	1.271631e+00
2.173000e-05	1.723351e-02	1.421946e+00
2.174000e-05	8.485110e-02	1.708055e+00
2.175000e-05	1.243032e-02	1.928712e+00
2.176000e-05	-5.692993e-02	2.099711e+00
2.177000e-05	-3.645793e-02	2.307636e+00
2.178000e-05	-1.058599e-01	2.431601e+00
2.179000e-05	6.147635e-03	2.602895e+00
2.180000e-05	1.219656e-01	2.791369e+00
2.181000e-05	-1.924759e-01	2.989920e+00
2.182000e-05	1.096186e-01	3.086712e+00
2.183000e-05	6.657655e-02	3.349262e+00
2.184000e-05	-1.381795e-01	3.538866e+00
2.185000e-05	9.463111e-02	3.672658e+00
2.186000e-05	-4.801214e-02	3.896108e+00
2.187000e-05	-8.485050e-02	4.044177e+00
2.188000e-05	8.090580e-02	4.285008e+00
2.189000e-05	-3.964323e-02	4.505130e+00
2.190000e-05	1.884897e-02	4.613550e+00
2.191000e-05	1.581214e-02	4.832971e+00
2.192000e-05	-7.162577e-02	5.074058e+00
2.193000e-05	3.562610e-02	5.266708e+00
2.194000e-05	-4.154123e-02	5.433129e+00
2.195000e-05	1.298046e-02	5.580472e+00
2.196000e-05	-2.790596e-02	5.810898e+00
2.197000e-05	1.914506e-02	5.970367e+00
2.198000e-05	5.061719e-03	6.158241e+00
2.199000e-05	-4.547285e-02	6.295729e+00
2.200000e-05	3.048135e-02	6.393502e+00
2.201000e-05	-4.971918e-02	6.550997e+00
2.202000e-05	-8.136851e-03	6.761393e+00
2.203000e-05	2.214680e-02	6.915713e+00
2.204000e-05	-2.165515e-02	7.054680e+00
2.205000e-05	-3.958416e-03	7.177495e+00
2.206000e-05	-2.513748e-02	7.328835e+00
2.207000e-05	-4.844078e-03	7.505735e+00
2.208000e-05	-8.615720e-03	7.653079e+00
2.209000e-05	-1.531974e-02	7.769449e+00
2.210000e-05	-8.649283e-03	7.977843e+00
2.211000e-05	-2.426632e-02	8.135811e+00
2.212000e-05	1.113057e-02	8.212604e+00
2.213000e-05	-1.748772e-02	8.336290e+00
2.214000e-05	-1.638991e-02	8.452577e+00
2.215000e-05	-2.235584e-02	8.548391e+00
2.216000e-05	-1.823848e-02	8.642154e+00
2.217000e-05	-2.157146e-03	8.727438e+00
2.218000e-05	-1.683940e-02	8.841572e+00
2.219000e-05	-1.242244e-02	8.969940e+00
2.220000e-05	-1.996425e-02	9.073708e+00
2.221000e-05	-8.701609e-03	9.190949e+00
2.222000e-05	-1.356086e-02	9.245157e+00
2.223000e-05	-2.230990e-02	9.318317e+00
2.224000e-05	-2.346011e-02	9.410002e+00
2.225000e-05	-1.949663e-02	9.494236e+00
2.226000e-05	-8.026212e-03	9.577449e+00
2.227000e-05	-1.815725e-02	9.654133e+00
2.228000e-05	-1.898961e-02	9.726266e+00
2.229000e-05	-2.063308e-02	9.799575e+00
2.230000e-05	-1.681205e-02	9.884186e+00
2.231000e-05	-1.874371e-02	9.969469e+00
2.232000e-05	-2.500333e-02	1.002153e+01
2.233000e-05	-2.398479e-02	1.004213e+01
2.234000e-05	-2.053395e-02	1.009574e+01
2.235000e-05	-1.493778e-02	1.010631e+01
2.236000e-05	-2.261129e-02	1.016989e+01
2.237000e-05	-2.649126e-02	1.017948e+01
2.238000e-05	-2.651294e-02	1.023210e+01
2.239000e-05	-2.196615e-02	1.026316e+01
2.240000e-05	-2.092199e-02	1.027321e+01
2.241000e-05	-2.536901e-02	1.032626e+01
2.242000e-05	-2.658881e-02	1.031582e+01
2.243000e-05	-2.651536e-02	1.031587e+01
2.244000e-05	-2.530534e-02	1.032684e+01
2.245000e-05	-2.619985e-02	1.032734e+01
2.246000e-05	-3.234717e-02	1.034592e+01
2.247000e-05	-3.189581e-02	1.036637e+01
2.248000e-05	-2.796619e-02	1.031839e+01
2.249000e-05	-2.664926e-02	1.032534e+01
2.250000e-05	-3.086700e-02	1.031629e+01
2.251000e-05	-3.456581e-02	1.032482e+01
2.252000e-05	-3.618207e-02	1.030374e+01
2.253000e-05	-3.567405e-02	1.027371e+01
2.254000e-05	-3.452880e-02	1.023113e+01
2.255000e-05	-3.722244e-02	1.021055e+01
2.256000e-05	-3.818295e-02	1.014642e+01
2.257000e-05	-3.664937e-02	1.012631e+01
2.258000e-05	-3.727325e-02	1.007421e+01
2.259000e-05	-3.927184e-02	1.005213e+01
2.260000e-05	-4.332415e-02	9.989603e+00
2.261000e-05	-4.452201e-02	9.935292e+00
2.262000e-05	-4.257781e-02	9.871106e+00
2.263000e-05	-4.441979e-02	9.796049e+00
2.264000e-05	-4.796953e-02	9.662860e+00
2.265000e-05	-5.091014e-02	9.579633e+00
2.266000e-05	-4.972338e-02	9.557468e+00
2.267000e-05	-4.948859e-02	9.503706e+00
2.268000e-05	-5.160984e-02	9.368475e+00
2.269000e-05	-5.413718e-02	9.334315e+00
2.270000e-05	-5.402153e-02	9.212104e+00
2.271000e-05	-4.946394e-02	9.166998e+00
2.272000e-05	-4.790803e-02	9.061633e+00
2.273000e-05	-4.829806e-02	8.945763e+00
2.274000e-05	-4.743847e-02	8.789149e+00
2.275000e-05	-4.357822e-02	8.713765e+00
2.276000e-05	-3.805380e-02	8.618579e+00
2.277000e-05	-3.875107e-02	8.542762e+00
2.278000e-05	-3.608562e-02	8.418603e+00
2.279000e-05	-3.522146e-02	8.325240e+00
2.280000e-05	-2.819916e-02	8.167545e+00
2.281000e-05	-3.068403e-02	8.049156e+00
2.282000e-05	-2.827848e-02	7.902843e+00
2.283000e-05	-3.062018e-02	7.805923e+00
2.284000e-05	-2.435286e-02	7.660733e+00
2.285000e-05	-2.464083e-02	7.523339e+00
2.286000e-05	-2.215649e-02	7.323417e+00
2.287000e-05	-2.411541e-02	7.175898e+00
2.288000e-05	-2.064879e-02	7.049684e+00
2.289000e-05	-1.951172e-02	6.872237e+00
2.290000e-05	-1.842751e-02	6.766898e+00
2.291000e-05	-1.870867e-02	6.596074e+00
2.292000e-05	-2.009309e-02	6.398029e+00
2.293000e-05	-1.791493e-02	6.251216e+00
2.294000e-05	-1.936535e-02	6.123815e+00
2.295000e-05	-1.609911e-02	5.977499e+00
2.296000e-05	-1.495515e-02	5.829053e+00
2.297000e-05	-1.502251e-02	5.618055e+00
2.298000e-05	-1.709229e-02	5.451158e+00
2.299000e-05	-1.384806e-02	5.301736e+00
2.300000e-05	-1.389589e-02	5.051261e+00
2.301000e-05	-1.226913e-02	4.809634e+00
2.302000e-05	-1.510488e-02	4.671183e+00
2.303000e-05	-1.364918e-02	4.522810e+00
2.304000e-05	-1.194876e-02	4.386924e+00
2.305000e-05	-1.050338e-02	4.123341e+00
2.306000e-05	-1.176469e-02	3.956820e+00
2.307000e-05	-1.224853e-02	3.776478e+00
2.308000e-05	-1.088250e-02	3.618028e+00
2.309000e-05	-9.454194e-03	3.436604e+00
2.310000e-05	-1.047273e-02	3.238503e+00
2.311000e-05	-1.023656e-02	3.039578e+00
2.312000e-05	-9.552472e-03	2.882158e+00
2.313000e-05	-8.722960e-03	2.731264e+00
2.314000e-05	-1.070604e-02	2.429132e+00
2.315000e-05	-1.100179e-02	2.271155e+00
2.316000e-05	-8.804690e-03	2.081736e+00
2.317000e-05	-6.996919e-03	1.942741e+00
2.318000e-05	-6.960946e-03	1.691759e+00
2.319000e-05	-8.379160e-03	1.450286e+00
2.320000e-05	-6.583673e-03	1.302234e+00
2.321000e-05	-6.324525e-03	1.057236e+00
2.322000e-05	-5.490060e-03	7.995528e-01
2.323000e-05	-6.910665e-03	6.505815e-01
2.324000e-05	-7.718802e-03	4.401303e-01
2.325000e-05	-4.869531e-03	2.676142e-01
2.326000e-05	-4.146654e-03	3.803406e-02
2.327000e-05	-5.090417e-04	-1.389395e-01
2.328000e-05	4.228892e-03	-3.092646e-01
2.329000e-05	-3.482042e-03	-5.057369e-01
2.330000e-05	3.785863e-03	-7.272910e-01
2.331000e-05	-2.974905e-04	-8.757592e-01
2.332000e-05	2.217151e-03	-1.023158e+00
2.333000e-05	-1.678407e-03	-1.173077e+00
2.334000e-05	2.575428e-02	-1.476033e+00
2.335000e-05	1.197255e-01	-1.635627e+00
2.336000e-05	-3.288427e-02	-1.897762e+00
2.337000e-05	-2.558493e-02	-2.224525e+00
2.338000e-05	-6.806416e-02	-2.434150e+00
2.339000e-05	-9.439987e-02	-2.527364e+00
2.340000e-05	1.939161e-01	-2.571397e+00
2.341000e-05	-1.171599e-01	-2.792426e+00
2.342000e-05	-4.243493e-02	-3.075263e+00
2.343000e-05	2.235190e-01	-3.160499e+00
2.344000e-05	-1.672018e-01	-3.362947e+00
2.345000e-05	3.206169e-02	-3.619974e+00
2.346000e-05	1.181883e-01	-3.700287e+00
2.347000e-05	-1.954952e-01	-3.980994e+00
2.348000e-05	1.080041e-01	-4.118894e+00
2.349000e-05	1.163918e-02	-4.307213e+00
2.350000e-05	-5.187810e-02	-4.538291e+00
2.351000e-05	1.832101e-01	-4.652601e+00
2.352000e-05	-1.667563e-01	-4.856162e+00
2.353000e-05	7.231469e-02	-5.075634e+00
2.354000e-05	2.418118e-02	-5.254499e+00
2.355000e-05	-9.265224e-02	-5.516759e+00
2.356000e-05	1.337601e-01	-5.613652e+00
2.357000e-05	-9.670286e-02	-5.802026e+00
2.358000e-05	9.851686e-02	-5.948870e+00
2.359000e-05	-2.829584e-02	-6.109462e+00
2.360000e-05	-2.459513e-02	-6.339941e+00
2.361000e-05	9.271813e-02	-6.456129e+00
2.362000e-05	-1.294465e-01	-6.634051e+00
2.363000e-05	1.275224e-01	-6.769973e+00
2.364000e-05	-3.762381e-02	-6.918812e+00
2.365000e-05	1.147023e-02	-7.117916e+00
2.366000e-05	5.274234e-02	-7.244228e+00
2.367000e-05	-7.552111e-02	-7.381522e+00
2.368000e-05	1.014818e-01	-7.497864e+00
2.369000e-05	-6.534469e-02	-7.655836e+00
2.370000e-05	5.678407e-02	-7.873207e+00
2.371000e-05	-1.785565e-02	-8.012052e+00
2.372000e-05	1.371146e-02	-8.108363e+00
2.373000e-05	5.152538e-02	-8.213601e+00
2.374000e-05	-4.098550e-02	-8.349390e+00
2.375000e-05	5.545048e-02	-8.453683e+00
2.376000e-05	-4.513145e-02	-8.622574e+00
2.377000e-05	5.180423e-02	-8.696796e+00
2.378000e-05	-4.274949e-04	-8.833607e+00
2.379000e-05	1.335085e-02	-8.946871e+00
2.380000e-05	1.593836e-02	-9.043654e+00
2.381000e-05	-9.627615e-04	-9.138291e+00
2.382000e-05	4.057038e-02	-9.211026e+00
2.383000e-05	-9.208195e-03	-9.328336e+00
2.384000e-05	2.196755e-02	-9.372625e+00
2.385000e-05	-7.161411e-03	-9.556794e+00
2.386000e-05	2.745739e-02	-9.581102e+00
2.387000e-05	1.628853e-02	-9.654311e+00
2.388000e-05	1.184014e-02	-9.767919e+00
2.389000e-05	1.463974e-02	-9.812051e+00
2.390000e-05	9.047051e-03	-9.873712e+00
2.391000e-05	2.507108e-02	-9.917365e+00
2.392000e-05	9.019061e-03	-9.971025e+00
2.393000e-05	1.522513e-02	-1.003173e+01
2.394000e-05	7.363917e-03	-1.006478e+01
2.395000e-05	2.452028e-02	-1.014641e+01
2.396000e-05	1.931161e-02	-1.017998e+01
2.397000e-05	1.609858e-02	-1.018971e+01
2.398000e-05	1.108493e-02	-1.027531e+01
2.399000e-05	1.310779e-02	-1.033592e+01
2.400000e-05	2.488146e-02	-1.034645e+01
2.401000e-05	1.924867e-02	-1.042107e+01
2.402000e-05	1.739444e-02	-1.039165e+01
2.403000e-05	1.490990e-02	-1.043366e+01
2.404000e-05	2.197736e-02	-1.045158e+01
2.405000e-05	2.169958e-02	-1.045373e+01
2.406000e-05	2.137274e-02	-1.047426e+01
2.407000e-05	1.574237e-02	-1.046116e+01
2.408000e-05	2.027068e-02	-1.043323e+01
2.409000e-05	2.535727e-02	-1.046118e+01
2.410000e-05	2.663937e-02	-1.039276e+01
2.411000e-05	2.580316e-02	-1.039323e+01
2.412000e-05	2.189726e-02	-1.038063e+01
2.413000e-05	2.401622e-02	-1.038058e+01
2.414000e-05	2.825959e-02	-1.038707e+01
2.415000e-05	2.784099e-02	-1.035743e+01
2.416000e-05	2.615745e-02	-1.027289e+01
2.417000e-05	2.687916e-02	-1.025213e+01
2.418000e-05	3.145488e-02	-1.017007e+01
2.419000e-05	3.332605e-02	-1.013800e+01
2.420000e-05	3.114671e-02	-1.008586e+01
2.421000e-05	3.000514e-02	-1.006118e+01
2.422000e-05	3.301447e-02	-9.996951e+00
2.423000e-05	3.788528e-02	-9.905869e+00
2.424000e-05	3.711805e-02	-9.883737e+00
2.425000e-05	3.648164e-02	-9.809128e+00
2.426000e-05	3.726887e-02	-9.735920e+00
2.427000e-05	4.149827e-02	-9.702811e+00
2.428000e-05	4.482339e-02	-9.610656e+00
2.429000e-05	4.269222e-02	-9.565445e+00
2.430000e-05	4.180651e-02	-9.492706e+00
2.431000e-05	4.265607e-02	-9.326546e+00
2.432000e-05	4.536243e-02	-9.219308e+00
2.433000e-05	4.391470e-02	-9.144917e+00
2.434000e-05	3.842263e-02	-9.042684e+00
2.435000e-05	3.528220e-02	-8.956446e+00
2.436000e-05	3.394548e-02	-8.850208e+00
2.437000e-05	3.398805e-02	-8.735973e+00
2.438000e-05	3.065336e-02	-8.632178e+00
2.439000e-05	2.614135e-02	-8.473389e+00
2.440000e-05	2.520674e-02	-8.368628e+00
2.441000e-05	2.507791e-02	-8.301788e+00
2.442000e-05	2.316244e-02	-8.169002e+00
2.443000e-05	1.882356e-02	-8.061185e+00
2.444000e-05	1.571230e-02	-7.933373e+00
2.445000e-05	1.489142e-02	-7.714545e+00
2.446000e-05	1.700048e-02	-7.608554e+00
2.447000e-05	1.371134e-02	-7.440712e+00
2.448000e-05	1.169505e-02	-7.334464e+00
2.449000e-05	1.015103e-02	-7.197521e+00
2.450000e-05	1.101148e-02	-7.018655e+00
2.451000e-05	1.071186e-02	-6.810711e+00
2.452000e-05	8.486498e-03	-6.715286e+00
2.453000e-05	5.411657e-03	-6.547000e+00
2.454000e-05	6.975260e-03	-6.419129e+00
2.455000e-05	7.542699e-03	-6.300711e+00
2.456000e-05	5.740870e-03	-6.072186e+00
2.457000e-05	4.147572e-03	-5.892315e+00
2.458000e-05	2.658659e-03	-5.786995e+00
2.459000e-05	4.299451e-03	-5.578127e+00
2.460000e-05	4.409273e-03	-5.474574e+00
2.461000e-05	3.783743e-03	-5.175075e+00
2.462000e-05	1.027686e-03	-5.018531e+00
2.463000e-05	1.545996e-03	-4.766453e+00
2.464000e-05	1.112228e-03	-4.620075e+00
2.465000e-05	1.440061e-03	-4.411680e+00
2.466000e-05	-2.290347e-03	-4.262737e+00
2.467000e-05	-1.289839e-03	-4.103315e+00
2.468000e-05	-5.283285e-04	-3.957926e+00
2.469000e-05	-4.048629e-04	-3.704391e+00
2.470000e-05	-2.625376e-04	-3.555869e+00
2.471000e-05	-1.747499e-03	-3.384998e+00
2.472000e-05	-4.202631e-03	-3.248578e+00
2.473000e-05	-2.134958e-03	-2.985077e+00
2.474000e-05	-1.647854e-03	-2.788548e+00
2.475000e-05	-4.282818e-03	-2.629580e+00
2.476000e-05	-6.609094e-03	-2.440657e+00
2.477000e-05	-5.551891e-03	-2.228705e+00
2.478000e-05	-3.268995e-03	-2.019055e+00
2.479000e-05	-3.090158e-03	-1.840709e+00
2.480000e-05	-4.683681e-03	-1.651158e+00
2.481000e-05	-6.164019e-03	-1.438208e+00
2.482000e-05	-6.202377e-03	-1.206974e+00
2.483000e-05	-6.742045e-03	-9.660039e-01
2.484000e-05	-6.930932e-03	-8.096039e-01
2.485000e-05	-8.918154e-03	-6.171503e-01
2.486000e-05	-6.832934e-03	-3.874737e-01
2.487000e-05	-5.865609e-03	-2.406538e-01
2.488000e-05	-2.642177e-03	1.502635e-03
2.489000e-05	3.077592e-03	1.698696e-01
2.490000e-05	-4.358376e-03	3.824461e-01
2.491000e-05	-2.004465e-03	5.392158e-01
2.492000e-05	-1.516445e-03	7.278119e-01
2.493000e-05	-4.326452e-03	8.852577e-01
2.494000e-05	-2.130391e-03	1.119287e+00
2.495000e-05	2.628214e-03	1.326839e+00
2.496000e-05	4.286539e-02	1.501263e+00
2.497000e-05	8.006705e-02	1.791395e+00
2.498000e-05	-4.262493e-02	2.012451e+00
2.499000e-05	-4.647796e-02	2.221399e+00
2.500000e-05	-5.362340e-02	2.358417e+00
2.501000e-05	-1.052172e-01	2.434182e+00
2.502000e-05	1.208512e-01	2.705153e+00
2.503000e-05	-2.142071e-02	2.853582e+00
2.504000e-05	-1.468091e-01	3.021999e+00
2.505000e-05	2.012316e-01	3.191447e+00
2.506000e-05	-7.986654e-02	3.454509e+00
2.507000e-05	-5.408775e-02	3.601449e+00
2.508000e-05	9.102893e-02	3.718362e+00
2.509000e-05	-1.233180e-01	3.929268e+00
2.510000e-05	8.309031e-03	4.098756e+00
2.511000e-05	4.798567e-02	4.390471e+00
2.512000e-05	-4.455395e-02	4.518812e+00
2.513000e-05	5.824777e-02	4.676787e+00
2.514000e-05	-5.455243e-02	4.850736e+00
2.515000e-05	-1.317600e-02	5.128790e+00
2.516000e-05	4.718214e-03	5.348791e+00
2.517000e-05	-3.328750e-02	5.498236e+00
2.518000e-05	1.366176e-02	5.673658e+00
2.519000e-05	-2.639526e-02	5.935630e+00
2.520000e-05	3.464608e-02	6.042679e+00
2.521000e-05	-3.325901e-02	6.210421e+00
2.522000e-05	-1.362474e-02	6.348315e+00
2.523000e-05	1.220476e-02	6.515730e+00
2.524000e-05	-5.909946e-02	6.675108e+00
2.525000e-05	2.825436e-02	6.842499e+00
2.526000e-05	-7.372052e-03	6.980446e+00
2.527000e-05	-1.366797e-02	7.147292e+00
2.528000e-05	-8.588744e-03	7.211505e+00
2.529000e-05	-2.473883e-02	7.402471e+00
2.530000e-05	4.466209e-03	7.559894e+00
2.531000e-05	-2.472538e-02	7.726237e+00
2.532000e-05	-1.184166e-03	7.842634e+00
2.533000e-05	-2.616907e-02	8.032478e+00
2.534000e-05	-3.516683e-03	8.138871e+00
2.535000e-05	2.428121e-03	8.263608e+00
2.536000e-05	-2.186182e-02	8.420397e+00
2.537000e-05	-1.422644e-02	8.485155e+00
2.538000e-05	-2.714207e-02	8.590470e+00
2.539000e-05	-4.530938e-03	8.724661e+00
2.540000e-05	-1.096817e-02	8.738946e+00
2.541000e-05	-1.423861e-02	8.872779e+00
2.542000e-05	-1.834619e-02	8.989449e+00
2.543000e-05	-1.485549e-02	9.117239e+00
2.544000e-05	-8.636551e-03	9.212000e+00
2.545000e-05	-1.858564e-02	9.285762e+00
2.546000e-05	-2.322070e-02	9.359994e+00
2.547000e-05	-2.269694e-02	9.454210e+00
2.548000e-05	-1.239694e-02	9.537412e+00
2.549000e-05	-1.212802e-02	9.632119e+00
2.550000e-05	-1.961179e-02	9.683662e+00
2.551000e-05	-2.131738e-02	9.780994e+00
2.552000e-05	-1.840933e-02	9.823100e+00
2.553000e-05	-1.630237e-02	9.906791e+00
2.554000e-05	-2.016170e-02	9.977445e+00
2.555000e-05	-2.489508e-02	1.003161e+01
2.556000e-05	-2.301202e-02	1.006373e+01
2.557000e-05	-1.799899e-02	1.010526e+01
2.558000e-05	-1.785765e-02	1.015889e+01
2.559000e-05	-2.519828e-02	1.021002e+01
2.560000e-05	-2.894359e-02	1.025208e+01
2.561000e-05	-2.507729e-02	1.026355e+01
2.562000e-05	-2.008717e-02	1.028423e+01
2.563000e-05	-2.121752e-02	1.030376e+01
2.564000e-05	-2.703425e-02	1.032624e+01
2.565000e-05	-2.544553e-02	1.033631e+01
2.566000e-05	-2.685145e-02	1.035531e+01
2.567000e-05	-2.571731e-02	1.035691e+01
2.568000e-05	-2.849776e-02	1.033832e+01
2.569000e-05	-3.239055e-02	1.031842e+01
2.570000e-05	-3.057900e-02	1.033582e+01
2.571000e-05	-2.875178e-02	1.033631e+01
2.572000e-05	-2.761972e-02	1.033529e+01
2.573000e-05	-3.019245e-02	1.031779e+01
2.574000e-05	-3.489690e-02	1.029371e+01
2.575000e-05	-3.619442e-02	1.028416e+01
2.576000e-05	-3.542659e-02	1.027118e+01
2.577000e-05	-3.584556e-02	1.017953e+01
2.578000e-05	-3.867798e-02	1.017847e+01
2.579000e-05	-3.814911e-02	1.014537e+01
2.580000e-05	-3.654173e-02	1.012429e+01
2.581000e-05	-3.664138e-02	1.006271e+01
2.582000e-05	-4.025011e-02	1.005211e+01
2.583000e-05	-4.326215e-02	9.949467e+00
2.584000e-05	-4.474948e-02	9.903713e+00
2.585000e-05	-4.345924e-02	9.809703e+00
2.586000e-05	-4.542099e-02	9.768470e+00
2.587000e-05	-4.961283e-02	9.652211e+00
2.588000e-05	-5.073474e-02	9.568474e+00
2.589000e-05	-5.034317e-02	9.494841e+00
2.590000e-05	-5.125548e-02	9.421654e+00
2.591000e-05	-5.277665e-02	9.364923e+00
2.592000e-05	-5.334198e-02	9.281811e+00
2.593000e-05	-5.218905e-02	9.210551e+00
2.594000e-05	-4.933179e-02	9.134367e+00
2.595000e-05	-4.881781e-02	8.998071e+00
2.596000e-05	-4.857046e-02	8.852288e+00
2.597000e-05	-4.729728e-02	8.777400e+00
2.598000e-05	-4.290115e-02	8.703237e+00
2.599000e-05	-3.775843e-02	8.575944e+00
2.600000e-05	-3.509421e-02	8.472686e+00
2.601000e-05	-3.697552e-02	8.387473e+00
2.602000e-05	-3.424052e-02	8.270708e+00
2.603000e-05	-3.006462e-02	8.114843e+00
2.604000e-05	-2.544262e-02	7.999026e+00
2.605000e-05	-2.857877e-02	7.871159e+00
2.606000e-05	-2.911820e-02	7.744893e+00
2.607000e-05	-2.747702e-02	7.598001e+00
2.608000e-05	-2.221310e-02	7.460580e+00
2.609000e-05	-2.221698e-02	7.290782e+00
2.610000e-05	-2.163912e-02	7.154368e+00
2.611000e-05	-2.253147e-02	6.976499e+00
2.612000e-05	-1.833088e-02	6.810680e+00
2.613000e-05	-1.686381e-02	6.762712e+00
2.614000e-05	-1.829639e-02	6.480892e+00
2.615000e-05	-2.036398e-02	6.375441e+00
2.616000e-05	-1.892604e-02	6.217530e+00
2.617000e-05	-1.739499e-02	6.060683e+00
2.618000e-05	-1.624547e-02	5.964364e+00
2.619000e-05	-1.706459e-02	5.753394e+00
2.620000e-05	-1.639572e-02	5.594870e+00
2.621000e-05	-1.305405e-02	5.385401e+00
2.622000e-05	-1.200041e-02	5.206073e+00
2.623000e-05	-1.370531e-02	4.957445e+00
2.624000e-05	-1.500454e-02	4.766470e+00
2.625000e-05	-1.452508e-02	4.609080e+00
2.626000e-05	-1.193080e-02	4.420132e+00
2.627000e-05	-1.106443e-02	4.310640e+00
2.628000e-05	-1.237053e-02	4.039205e+00
2.629000e-05	-1.214995e-02	3.903236e+00
2.630000e-05	-1.140262e-02	3.723339e+00
2.631000e-05	-8.465359e-03	3.574475e+00
2.632000e-05	-1.033516e-02	3.302788e+00
2.633000e-05	-1.086799e-02	3.164819e+00
2.634000e-05	-1.037576e-02	2.965972e+00
2.635000e-05	-9.786952e-03	2.786527e+00
2.636000e-05	-8.097317e-03	2.615528e+00
2.637000e-05	-9.490564e-03	2.375347e+00
2.638000e-05	-1.018413e-02	2.164996e+00
2.639000e-05	-9.536235e-03	2.019424e+00
2.640000e-05	-7.215953e-03	1.809133e+00
2.641000e-05	-6.697326e-03	1.606001e+00
2.642000e-05	-6.714173e-03	1.436474e+00
2.643000e-05	-7.396410e-03	1.205550e+00
2.644000e-05	-6.998851e-03	9.549485e-01
2.645000e-05	-6.101413e-03	7.434174e-01
2.646000e-05	-6.126180e-03	5.538472e-01
2.647000e-05	-6.810315e-03	3.858999e-01
2.648000e-05	-5.049331e-03	1.739213e-01
2.649000e-05	-4.275186e-03	-3.552897e-02
2.650000e-05	3.672321e-03	-2.340515e-01
2.651000e-05	2.344438e-03	-3.909975e-01
2.652000e-05	-3.225613e-04	-5.524724e-01
2.653000e-05	1.116809e-03	-7.724737e-01
2.654000e-05	5.605089e-05	-9.693910e-01
2.655000e-05	-6.541592e-04	-1.118286e+00
2.656000e-05	4.785044e-03	-1.290812e+00
2.657000e-05	6.816157e-02	-1.569370e+00
2.658000e-05	7.718774e-02	-1.711915e+00
2.659000e-05	-6.204451e-02	-2.026201e+00
2.660000e-05	-1.126753e-02	-2.339389e+00
2.661000e-05	-1.246583e-01	-2.486734e+00
2.662000e-05	5.685198e-02	-2.527942e+00
2.663000e-05	1.174869e-01	-2.654028e+00
2.664000e-05	-2.073437e-01	-2.902837e+00
2.665000e-05	1.400473e-01	-3.117861e+00
2.666000e-05	6.936736e-02	-3.205603e+00
2.667000e-05	-1.987997e-01	-3.496712e+00
2.668000e-05	1.717270e-01	-3.601527e+00
2.669000e-05	-5.594152e-02	-3.846954e+00
2.670000e-05	-1.219807e-01	-4.065132e+00
2.671000e-05	1.675444e-01	-4.160499e+00
2.672000e-05	-1.230690e-01	-4.371020e+00
2.673000e-05	1.113641e-01	-4.610972e+00
2.674000e-05	5.021661e-02	-4.698987e+00
2.675000e-05	-1.430480e-01	-4.981869e+00
2.676000e-05	1.509262e-01	-5.087291e+00
2.677000e-05	-1.156131e-01	-5.360318e+00
2.678000e-05	5.170340e-02	-5.579419e+00
2.679000e-05	3.537587e-02	-5.637763e+00
2.680000e-05	-5.136285e-02	-5.886734e+00
2.681000e-05	1.172010e-01	-6.001525e+00
2.682000e-05	-1.133073e-01	-6.224575e+00
2.683000e-05	9.303917e-02	-6.371474e+00
2.684000e-05	-3.462144e-02	-6.540337e+00
2.685000e-05	-4.207381e-02	-6.684787e+00
2.686000e-05	1.241689e-01	-6.833049e+00
2.687000e-05	-9.284087e-02	-7.032532e+00
2.688000e-05	9.808940e-02	-7.190599e+00
2.689000e-05	-5.557418e-02	-7.275783e+00
2.690000e-05	1.746974e-02	-7.443709e+00
2.691000e-05	4.268453e-02	-7.580523e+00
2.692000e-05	-4.793734e-02	-7.770950e+00
2.693000e-05	7.570348e-02	-7.908342e+00
2.694000e-05	-5.726883e-02	-8.054628e+00
2.695000e-05	7.837515e-02	-8.118994e+00
2.696000e-05	-2.099220e-02	-8.295186e+00
2.697000e-05	1.316961e-02	-8.370552e+00
2.698000e-05	1.360010e-02	-8.506338e+00
2.699000e-05	-2.583970e-02	-8.666109e+00
2.700000e-05	5.730663e-02	-8.751473e+00
2.701000e-05	-2.180758e-02	-8.856159e+00
2.702000e-05	4.344552e-02	-8.949021e+00
2.703000e-05	-1.029595e-02	-9.074709e+00
2.704000e-05	3.164368e-02	-9.169368e+00
2.705000e-05	1.224728e-02	-9.263778e+00
2.706000e-05	1.215703e-03	-9.340417e+00
2.707000e-05	1.221884e-02	-9.453733e+00
2.708000e-05	-2.891759e-03	-9.507996e+00
2.709000e-05	3.470466e-02	-9.654081e+00
2.710000e-05	5.243782e-03	-9.696811e+00
2.711000e-05	2.499626e-02	-9.769523e+00
2.712000e-05	5.419420e-03	-9.843158e+00
2.713000e-05	1.900713e-02	-9.905787e+00
2.714000e-05	1.436125e-02	-9.928417e+00
2.715000e-05	1.074105e-02	-1.002010e+01
2.716000e-05	1.289637e-02	-1.007473e+01
2.717000e-05	1.215183e-02	-1.011734e+01
2.718000e-05	2.653839e-02	-1.012782e+01
2.719000e-05	1.581287e-02	-1.018108e+01
2.720000e-05	1.902827e-02	-1.025320e+01
2.721000e-05	8.839838e-03	-1.026536e+01
2.722000e-05	1.832068e-02	-1.033799e+01
2.723000e-05	2.011445e-02	-1.038060e+01
2.724000e-05	1.797642e-02	-1.040108e+01
2.725000e-05	1.724688e-02	-1.040063e+01
2.726000e-05	1.923843e-02	-1.042168e+01
2.727000e-05	2.288383e-02	-1.046423e+01
2.728000e-05	2.085693e-02	-1.041271e+01
2.729000e-05	1.885606e-02	-1.048268e+01
2.730000e-05	1.656778e-02	-1.046526e+01
2.731000e-05	2.373336e-02	-1.046273e+01
2.732000e-05	2.467062e-02	-1.046321e+01
2.733000e-05	2.436781e-02	-1.040218e+01
2.734000e-05	2.357098e-02	-1.046266e+01
2.735000e-05	2.374522e-02	-1.040217e+01
2.736000e-05	2.752456e-02	-1.035938e+01
2.737000e-05	2.787792e-02	-1.038002e+01
2.738000e-05	2.748570e-02	-1.031744e+01
2.739000e-05	2.577939e-02	-1.029428e+01
2.740000e-05	2.816364e-02	-1.024113e+01
2.741000e-05	3.165974e-02	-1.020953e+01
2.742000e-05	3.210971e-02	-1.010439e+01
2.743000e-05	3.033449e-02	-1.005474e+01
2.744000e-05	3.098598e-02	-1.000064e+01
2.745000e-05	3.550561e-02	-9.975951e+00
2.746000e-05	3.750690e-02	-9.915365e+00
2.747000e-05	3.664157e-02	-9.833209e+00
2.748000e-05	3.723214e-02	-9.758572e+00
2.749000e-05	3.795002e-02	-9.714812e+00
2.750000e-05	4.144280e-02	-9.641660e+00
2.751000e-05	4.337530e-02	-9.589530e+00
2.752000e-05	4.076553e-02	-9.474839e+00
2.753000e-05	4.242192e-02	-9.379152e+00
2.754000e-05	4.271550e-02	-9.272817e+00
2.755000e-05	4.722324e-02	-9.178576e+00
2.756000e-05	4.184104e-02	-9.073341e+00
2.757000e-05	3.852918e-02	-8.998531e+00
2.758000e-05	3.376434e-02	-8.923392e+00
2.759000e-05	3.395885e-02	-8.801132e+00
2.760000e-05	2.961059e-02	-8.714344e+00
2.761000e-05	2.834771e-02	-8.577052e+00
2.762000e-05	2.434574e-02	-8.462308e+00
2.763000e-05	2.727872e-02	-8.355395e+00
2.764000e-05	2.505640e-02	-8.231182e+00
2.765000e-05	2.291531e-02	-8.134813e+00
2.766000e-05	1.799431e-02	-7.978626e+00
2.767000e-05	1.461732e-02	-7.888786e+00
2.768000e-05	1.378837e-02	-7.642739e+00
2.769000e-05	1.323818e-02	-7.545395e+00
2.770000e-05	1.208390e-02	-7.358025e+00
2.771000e-05	1.093505e-02	-7.272681e+00
2.772000e-05	1.261858e-02	-7.124416e+00
2.773000e-05	1.223817e-02	-6.925445e+00
2.774000e-05	1.065565e-02	-6.778475e+00
2.775000e-05	6.050669e-03	-6.601735e+00
2.776000e-05	5.218440e-03	-6.494366e+00
2.777000e-05	4.765193e-03	-6.376920e+00
2.778000e-05	5.111760e-03	-6.155599e+00
2.779000e-05	5.422744e-03	-5.978578e+00
2.780000e-05	3.668964e-03	-5.840132e+00
2.781000e-05	5.488084e-03	-5.681267e+00
2.782000e-05	5.140759e-03	-5.544372e+00
2.783000e-05	4.170058e-03	-5.262820e+00
2.784000e-05	8.188907e-04	-5.123392e+00
2.785000e-05	1.101960e-03	-4.923422e+00
2.786000e-05	7.882398e-04	-4.682238e+00
2.787000e-05	1.667462e-03	-4.545345e+00
2.788000e-05	8.902398e-04	-4.365900e+00
2.789000e-05	-1.741431e-03	-4.228553e+00
2.790000e-05	-9.540699e-05	-4.010258e+00
2.791000e-05	-2.180907e-03	-3.880813e+00
2.792000e-05	-5.410465e-04	-3.640234e+00
2.793000e-05	-2.414700e-03	-3.462237e+00
2.794000e-05	-1.423965e-03	-3.293269e+00
2.795000e-05	-3.342639e-03	-3.163895e+00
2.796000e-05	-1.515246e-03	-2.882818e+00
2.797000e-05	-4.727709e-03	-2.723367e+00
2.798000e-05	-3.772865e-03	-2.535895e+00
2.799000e-05	-6.425479e-03	-2.386975e+00
2.800000e-05	-2.677169e-03	-2.121917e+00
2.801000e-05	-4.162837e-03	-1.954420e+00
2.802000e-05	-4.440509e-03	-1.767895e+00
2.803000e-05	-5.872828e-03	-1.577048e+00
2.804000e-05	-4.906491e-03	-1.252818e+00
2.805000e-05	-6.041306e-03	-1.103316e+00
2.806000e-05	-6.961660e-03	-9.137671e-01
2.807000e-05	-7.691191e-03	-7.559459e-01
2.808000e-05	-8.932146e-03	-4.913631e-01
2.809000e-05	-6.764569e-03	-3.048410e-01
2.810000e-05	-3.852495e-03	-1.252423e-01
2.811000e-05	4.198502e-04	4.360009e-02
2.812000e-05	-8.976897e-04	3.061329e-01
2.813000e-05	-5.082778e-03	5.155264e-01
2.814000e-05	1.830758e-03	5.920975e-01
2.815000e-05	-8.335380e-04	7.598948e-01
2.816000e-05	-4.292790e-03	9.528434e-01
2.817000e-05	-5.597250e-03	1.223445e+00
2.818000e-05	1.170914e-02	1.381447e+00
2.819000e-05	7.612789e-02	1.644528e+00
2.820000e-05	3.711665e-02	1.917710e+00
2.821000e-05	-6.064991e-02	2.116185e+00
2.822000e-05	-3.732003e-02	2.286154e+00
2.823000e-05	-9.325606e-02	2.411473e+00
2.824000e-05	-3.312152e-02	2.540334e+00
2.825000e-05	1.463354e-01	2.768341e+00
2.826000e-05	-1.635915e-01	2.978767e+00
2.827000e-05	4.278700e-02	3.076183e+00
2.828000e-05	1.306999e-01	3.327738e+00
2.829000e-05	-1.440846e-01	3.536242e+00
2.830000e-05	6.453977e-02	3.623026e+00
2.831000e-05	-5.894132e-03	3.844999e+00
2.832000e-05	-1.088365e-01	4.002523e+00
2.833000e-05	7.398834e-02	4.232554e+00
2.834000e-05	-2.232542e-02	4.454104e+00
2.835000e-05	-1.473295e-03	4.611070e+00
2.836000e-05	3.853869e-02	4.782471e+00
2.837000e-05	-8.054411e-02	5.030945e+00
2.838000e-05	3.230318e-02	5.233025e+00
2.839000e-05	-3.371302e-02	5.422600e+00
2.840000e-05	2.542330e-03	5.610396e+00
2.841000e-05	-1.724076e-02	5.747891e+00
2.842000e-05	6.858216e-03	5.959411e+00
2.843000e-05	1.674371e-02	6.096713e+00
2.844000e-05	-5.137543e-02	6.243680e+00
2.845000e-05	2.395305e-02	6.400396e+00
2.846000e-05	-3.413500e-02	6.520967e+00
2.847000e-05	-2.577831e-02	6.738241e+00
2.848000e-05	2.981722e-02	6.927259e+00
2.849000e-05	-2.125741e-02	7.021580e+00
2.850000e-05	-4.869708e-03	7.169369e+00
2.851000e-05	-2.038229e-02	7.316783e+00
2.852000e-05	-1.280462e-02	7.447187e+00
2.853000e-05	-4.446939e-03	7.642576e+00
2.854000e-05	-2.112384e-02	7.748540e+00
2.855000e-05	-2.315186e-03	7.947315e+00
2.856000e-05	-2.790936e-02	8.084708e+00
2.857000e-05	1.001404e-02	8.202546e+00
2.858000e-05	-1.293188e-02	8.317787e+00
2.859000e-05	-1.758130e-02	8.441548e+00
2.860000e-05	-1.976555e-02	8.507840e+00
2.861000e-05	-2.285540e-02	8.642553e+00
2.862000e-05	-1.964629e-03	8.726761e+00
2.863000e-05	-1.542966e-02	8.819424e+00
2.864000e-05	-1.236148e-02	8.897338e+00
2.865000e-05	-1.860175e-02	9.072104e+00
2.866000e-05	-1.017289e-02	9.169418e+00
2.867000e-05	-1.088827e-02	9.234183e+00
2.868000e-05	-2.239711e-02	9.316315e+00
2.869000e-05	-2.275185e-02	9.441022e+00
2.870000e-05	-2.379831e-02	9.473788e+00
2.871000e-05	-9.188432e-03	9.548894e+00
2.872000e-05	-1.792171e-02	9.631655e+00
2.873000e-05	-1.673743e-02	9.734341e+00
2.874000e-05	-1.981292e-02	9.809553e+00
2.875000e-05	-1.562351e-02	9.873208e+00
2.876000e-05	-1.755696e-02	9.926915e+00
2.877000e-05	-2.420842e-02	9.979923e+00
2.878000e-05	-2.588511e-02	1.005313e+01
2.879000e-05	-2.336406e-02	1.007431e+01
2.880000e-05	-1.508526e-02	1.012482e+01
2.881000e-05	-2.018918e-02	1.016890e+01
2.882000e-05	-2.414836e-02	1.021110e+01
2.883000e-05	-2.766829e-02	1.024258e+01
2.884000e-05	-2.199962e-02	1.026368e+01
2.885000e-05	-2.180367e-02	1.030373e+01
2.886000e-05	-2.451450e-02	1.031526e+01
2.887000e-05	-2.967273e-02	1.031531e+01
2.888000e-05	-2.633996e-02	1.032631e+01
2.889000e-05	-2.419868e-02	1.030684e+01
2.890000e-05	-2.520326e-02	1.035842e+01
2.891000e-05	-2.967621e-02	1.032642e+01
2.892000e-05	-3.192833e-02	1.036737e+01
2.893000e-05	-2.859543e-02	1.034542e+01
2.894000e-05	-2.795809e-02	1.033689e+01
2.895000e-05	-3.006010e-02	1.031584e+01
2.896000e-05	-3.403492e-02	1.032429e+01
2.897000e-05	-3.791118e-02	1.029476e+01
2.898000e-05	-3.396249e-02	1.021176e+01
2.899000e-05	-3.210546e-02	1.022118e+01
2.900000e-05	-3.647644e-02	1.016105e+01
2.901000e-05	-4.255455e-02	1.018640e+01
2.902000e-05	-3.796933e-02	1.011592e+01
2.903000e-05	-3.499261e-02	1.008324e+01
2.904000e-05	-3.865217e-02	1.005261e+01
2.905000e-05	-4.541329e-02	9.989029e+00
2.906000e-05	-4.579290e-02	9.926369e+00
2.907000e-05	-4.112871e-02	9.862262e+00
2.908000e-05	-4.106738e-02	9.788574e+00
2.909000e-05	-4.691474e-02	9.715441e+00
2.910000e-05	-5.300102e-02	9.590108e+00
2.911000e-05	-5.236855e-02	9.556970e+00
2.912000e-05	-4.952282e-02	9.462735e+00
2.913000e-05	-5.035293e-02	9.409003e+00
2.914000e-05	-5.472504e-02	9.335816e+00
2.915000e-05	-5.525026e-02	9.261188e+00
2.916000e-05	-4.962927e-02	9.148430e+00
2.917000e-05	-4.602881e-02	9.084258e+00
2.918000e-05	-4.795193e-02	8.954396e+00
2.919000e-05	-4.931779e-02	8.811054e+00
2.920000e-05	-4.666386e-02	8.744892e+00
2.921000e-05	-3.854287e-02	8.660157e+00
2.922000e-05	-3.665329e-02	8.544315e+00
2.923000e-05	-3.564189e-02	8.431079e+00
2.924000e-05	-3.666368e-02	8.364389e+00
2.925000e-05	-2.991076e-02	8.257503e+00
2.926000e-05	-2.937468e-02	8.050733e+00
2.927000e-05	-2.780143e-02	7.994391e+00
2.928000e-05	-3.074888e-02	7.788549e+00
2.929000e-05	-2.717289e-02	7.681761e+00
2.930000e-05	-2.370303e-02	7.565771e+00
2.931000e-05	-2.028351e-02	7.405967e+00
2.932000e-05	-2.266199e-02	7.207078e+00
2.933000e-05	-2.225294e-02	7.052254e+00
2.934000e-05	-2.113830e-02	6.902815e+00
2.935000e-05	-1.813633e-02	6.797046e+00
2.936000e-05	-1.946730e-02	6.628574e+00
2.937000e-05	-2.024507e-02	6.428159e+00
2.938000e-05	-1.937258e-02	6.312740e+00
2.939000e-05	-1.671180e-02	6.166466e+00
2.940000e-05	-1.483517e-02	6.007548e+00
2.941000e-05	-1.603010e-02	5.831137e+00
2.942000e-05	-1.698890e-02	5.648231e+00
2.943000e-05	-1.618678e-02	5.502714e+00
2.944000e-05	-1.408203e-02	5.304812e+00
2.945000e-05	-1.513233e-02	5.132841e+00
2.946000e-05	-1.488025e-02	4.841332e+00
2.947000e-05	-1.410540e-02	4.702766e+00
2.948000e-05	-1.131670e-02	4.554842e+00
2.949000e-05	-1.134512e-02	4.385996e+00
2.950000e-05	-1.192087e-02	4.164054e+00
2.951000e-05	-1.267126e-02	3.977374e+00
2.952000e-05	-1.204984e-02	3.816051e+00
2.953000e-05	-1.075994e-02	3.629632e+00
2.954000e-05	-1.042187e-02	3.488632e+00
2.955000e-05	-1.197434e-02	3.209182e+00
2.956000e-05	-1.107201e-02	3.041637e+00
2.957000e-05	-8.421530e-03	2.881262e+00
2.958000e-05	-8.043963e-03	2.713840e+00
2.959000e-05	-9.366411e-03	2.450166e+00
2.960000e-05	-1.099287e-02	2.302786e+00
2.961000e-05	-9.483523e-03	2.123209e+00
2.962000e-05	-7.018525e-03	1.934319e+00
2.963000e-05	-7.674815e-03	1.701791e+00
2.964000e-05	-8.492256e-03	1.493311e+00
2.965000e-05	-6.766541e-03	1.313312e+00
2.966000e-05	-6.174384e-03	1.110767e+00
2.967000e-05	-4.861493e-03	8.606056e-01
2.968000e-05	-7.029121e-03	6.502315e-01
2.969000e-05	-7.682131e-03	4.816593e-01
2.970000e-05	-5.423636e-03	2.912172e-01
2.971000e-05	-2.845778e-03	6.058025e-02
2.972000e-05	-1.713052e-03	-1.193170e-01
2.973000e-05	4.353786e-03	-3.177581e-01
2.974000e-05	-2.901173e-03	-4.356051e-01
2.975000e-05	3.409571e-03	-6.551108e-01
2.976000e-05	4.558399e-04	-8.551578e-01
2.977000e-05	1.542372e-03	-1.004075e+00
2.978000e-05	-2.747022e-03	-1.182522e+00
2.979000e-05	1.725690e-02	-1.384028e+00
2.980000e-05	1.160326e-01	-1.633549e+00
2.981000e-05	-6.115010e-03	-1.857109e+00
2.982000e-05	-3.758457e-02	-2.162946e+00
2.983000e-05	-4.689331e-02	-2.421051e+00
2.984000e-05	-1.247503e-01	-2.498387e+00
2.985000e-05	1.781314e-01	-2.578970e+00
2.986000e-05	-5.603396e-02	-2.781289e+00
2.987000e-05	-1.259444e-01	-3.053553e+00
2.988000e-05	2.273660e-01	-3.149995e+00
2.989000e-05	-1.201555e-01	-3.349891e+00
2.990000e-05	-3.906682e-02	-3.578946e+00
2.991000e-05	1.637445e-01	-3.656703e+00
2.992000e-05	-1.800937e-01	-3.940318e+00
2.993000e-05	5.105357e-02	-4.118293e+00
2.994000e-05	7.008755e-02	-4.275681e+00
2.995000e-05	-9.986015e-02	-4.537234e+00
2.996000e-05	1.911653e-01	-4.664131e+00
2.997000e-05	-1.274732e-01	-4.833605e+00
2.998000e-05	1.322675e-02	-5.045108e+00
2.999000e-05	7.852084e-02	-5.203919e+00
3.000000e-05	-1.276711e-01	-5.455658e+00
3.001000e-05	1.366220e-01	-5.592501e+00
3.002000e-05	-7.875392e-02	-5.781022e+00
3.003000e-05	6.274734e-02	-5.948892e+00
3.004000e-05	1.898596e-02	-6.057331e+00
3.005000e-05	-6.619443e-02	-6.298261e+00
3.006000e-05	1.176406e-01	-6.445633e+00
3.007000e-05	-1.264283e-01	-6.634049e+00
3.008000e-05	9.384606e-02	-6.728395e+00
3.009000e-05	8.691022e-03	-6.844833e+00
3.010000e-05	-2.865085e-02	-7.106916e+00
3.011000e-05	8.369168e-02	-7.183703e+00
3.012000e-05	-9.136843e-02	-7.350495e+00
3.013000e-05	9.427616e-02	-7.516787e+00
3.014000e-05	-4.611388e-02	-7.645680e+00
3.015000e-05	3.115982e-02	-7.842658e+00
3.016000e-05	1.169777e-02	-7.969473e+00
3.017000e-05	-1.647802e-02	-8.105838e+00
3.018000e-05	7.031392e-02	-8.211075e+00
3.019000e-05	-4.858615e-02	-8.308314e+00
3.020000e-05	5.652757e-02	-8.404129e+00
3.021000e-05	-3.633356e-02	-8.549541e+00
3.022000e-05	3.146066e-02	-8.697367e+00
3.023000e-05	1.627775e-02	-8.822653e+00
3.024000e-05	-9.618111e-05	-8.908366e+00
3.025000e-05	2.921973e-02	-8.991076e+00
3.026000e-05	-1.232191e-02	-9.108811e+00
3.027000e-05	4.237972e-02	-9.190077e+00
3.028000e-05	-6.310372e-03	-9.285784e+00
3.029000e-05	2.204995e-02	-9.371628e+00
3.030000e-05	-2.839135e-03	-9.485663e+00
3.031000e-05	1.704005e-02	-9.599602e+00
3.032000e-05	1.984551e-02	-9.655708e+00
3.033000e-05	8.281449e-03	-9.736866e+00
3.034000e-05	1.997732e-02	-9.791602e+00
3.035000e-05	3.569132e-03	-9.864259e+00
3.036000e-05	2.397693e-02	-9.936441e+00
3.037000e-05	9.857695e-03	-9.979072e+00
3.038000e-05	1.902572e-02	-1.004363e+01
3.039000e-05	8.316448e-03	-1.003483e+01
3.040000e-05	2.029715e-02	-1.014787e+01
3.041000e-05	1.881626e-02	-1.018852e+01
3.042000e-05	1.642893e-02	-1.021273e+01
3.043000e-05	1.637933e-02	-1.025573e+01
3.044000e-05	1.219780e-02	-1.033679e+01
3.045000e-05	2.015490e-02	-1.035905e+01
3.046000e-05	1.932501e-02	-1.033945e+01
3.047000e-05	2.137787e-02	-1.041013e+01
3.048000e-05	1.803802e-02	-1.038166e+01
3.049000e-05	1.854176e-02	-1.045116e+01
3.050000e-05	2.014076e-02	-1.046323e+01
3.051000e-05	2.139426e-02	-1.043519e+01
3.052000e-05	1.980291e-02	-1.044323e+01
3.053000e-05	1.884406e-02	-1.046274e+01
3.054000e-05	2.380895e-02	-1.045381e+01
3.055000e-05	2.450311e-02	-1.046320e+01
3.056000e-05	2.676786e-02	-1.043220e+01
3.057000e-05	2.380038e-02	-1.044166e+01
3.058000e-05	2.333083e-02	-1.039960e+01
3.059000e-05	2.631761e-02	-1.037955e+01
3.060000e-05	2.846965e-02	-1.033745e+01
3.061000e-05	2.852691e-02	-1.030427e+01
3.062000e-05	2.721412e-02	-1.027026e+01
3.063000e-05	2.976734e-02	-1.019260e+01
3.064000e-05	3.093261e-02	-1.016797e+01
3.065000e-05	3.157584e-02	-1.006687e+01
3.066000e-05	3.212706e-02	-1.004324e+01
3.067000e-05	3.283318e-02	-9.970629e+00
3.068000e-05	3.631024e-02	-9.935919e+00
3.069000e-05	3.654542e-02	-9.884738e+00
3.070000e-05	3.737229e-02	-9.801704e+00
3.071000e-05	3.778938e-02	-9.767974e+00
3.072000e-05	3.978397e-02	-9.713788e+00
3.073000e-05	4.274514e-02	-9.600133e+00
3.074000e-05	4.293051e-02	-9.567970e+00
3.075000e-05	4.372136e-02	-9.493288e+00
3.076000e-05	4.290458e-02	-9.375998e+00
3.077000e-05	4.360558e-02	-9.241109e+00
3.078000e-05	4.242059e-02	-9.147445e+00
3.079000e-05	4.044739e-02	-9.072734e+00
3.080000e-05	3.600827e-02	-8.977021e+00
3.081000e-05	3.318906e-02	-8.872261e+00
3.082000e-05	3.248820e-02	-8.768974e+00
3.083000e-05	3.116361e-02	-8.672334e+00
3.084000e-05	2.808428e-02	-8.484469e+00
3.085000e-05	2.513172e-02	-8.378003e+00
3.086000e-05	2.249547e-02	-8.314363e+00
3.087000e-05	2.274280e-02	-8.198448e+00
3.088000e-05	2.078280e-02	-8.072287e+00
3.089000e-05	1.777464e-02	-7.935519e+00
3.090000e-05	1.411958e-02	-7.747525e+00
3.091000e-05	1.402377e-02	-7.627710e+00
3.092000e-05	1.343522e-02	-7.502785e+00
3.093000e-05	1.265420e-02	-7.294941e+00
3.094000e-05	1.114820e-02	-7.158127e+00
3.095000e-05	9.994846e-03	-7.030764e+00
3.096000e-05	1.013850e-02	-6.871309e+00
3.097000e-05	9.136854e-03	-6.725944e+00
3.098000e-05	8.004842e-03	-6.538549e+00
3.099000e-05	5.983724e-03	-6.409183e+00
3.100000e-05	4.367092e-03	-6.294288e+00
3.101000e-05	6.632976e-03	-6.041788e+00
3.102000e-05	3.404181e-03	-5.944492e+00
3.103000e-05	4.886266e-03	-5.756946e+00
3.104000e-05	1.016261e-03	-5.558203e+00
3.105000e-05	5.309675e-03	-5.439184e+00
3.106000e-05	3.038173e-03	-5.190129e+00
3.107000e-05	5.351185e-03	-5.029153e+00
3.108000e-05	1.771505e-03	-4.847685e+00
3.109000e-05	7.875096e-04	-4.579083e+00
3.110000e-05	-3.863402e-04	-4.461157e+00
3.111000e-05	-1.990487e-03	-4.323317e+00
3.112000e-05	-2.016363e-03	-4.106523e+00
3.113000e-05	-6.788213e-04	-3.978026e+00
3.114000e-05	2.185509e-05	-3.778000e+00
3.115000e-05	-1.181619e-03	-3.557000e+00
3.116000e-05	1.030511e-03	-3.384605e+00
3.117000e-05	-7.132081e-04	-3.230162e+00
3.118000e-05	-3.783987e-03	-3.040688e+00
3.119000e-05	-6.044250e-03	-2.810128e+00
3.120000e-05	-5.607524e-03	-2.651211e+00
3.121000e-05	-4.536304e-03	-2.411134e+00
3.122000e-05	-3.767959e-03	-2.290787e+00
3.123000e-05	-3.574586e-03	-2.030679e+00
3.124000e-05	-3.451024e-03	-1.852233e+00
3.125000e-05	-3.690393e-03	-1.702266e+00
3.126000e-05	-4.496771e-03	-1.502841e+00
3.127000e-05	-6.303410e-03	-1.207603e+00
3.128000e-05	-9.712262e-03	-1.028604e+00
3.129000e-05	-8.980685e-03	-8.095804e-01
3.130000e-05	-7.963919e-03	-6.181341e-01
3.131000e-05	-5.087103e-03	-4.080788e-01
3.132000e-05	-5.866324e-03	-2.405840e-01
3.133000e-05	-4.136804e-03	-7.068295e-02
3.134000e-05	4.004275e-03	1.397106e-01
3.135000e-05	-1.784072e-03	3.584184e-01
3.136000e-05	-2.571025e-03	5.282593e-01
3.137000e-05	-6.143556e-03	6.756568e-01
3.138000e-05	-2.666313e-03	8.526025e-01
3.139000e-05	-2.384178e-03	1.065656e+00
3.140000e-05	2.821239e-03	1.338183e+00
3.141000e-05	2.834377e-02	1.468099e+00
3.142000e-05	8.687475e-02	1.760316e+00
3.143000e-05	-2.426795e-02	1.989920e+00
3.144000e-05	-4.842193e-02	2.169342e+00
3.145000e-05	-4.545526e-02	2.378288e+00
3.146000e-05	-1.143708e-01	2.442128e+00
3.147000e-05	8.019360e-02	2.614574e+00
3.148000e-05	4.042531e-02	2.834151e+00
3.149000e-05	-1.846166e-01	2.990394e+00
3.150000e-05	1.804913e-01	3.178842e+00
3.151000e-05	-3.089317e-02	3.451973e+00
3.152000e-05	-9.074103e-02	3.600422e+00
3.153000e-05	1.085141e-01	3.687684e+00
3.154000e-05	-1.056311e-01	3.959363e+00
3.155000e-05	-2.923741e-02	4.115229e+00
3.156000e-05	6.419475e-02	4.319761e+00
3.157000e-05	-4.802981e-02	4.505784e+00
3.158000e-05	5.045524e-02	4.665655e+00
3.159000e-05	-2.952538e-02	4.846679e+00
3.160000e-05	-3.948449e-02	5.067758e+00
3.161000e-05	2.006786e-02	5.318236e+00
3.162000e-05	-3.837707e-02	5.505236e+00
3.163000e-05	1.748989e-02	5.603503e+00
3.164000e-05	-3.411405e-02	5.845525e+00
3.165000e-05	3.042179e-02	6.010999e+00
3.166000e-05	-1.907214e-02	6.171894e+00
3.167000e-05	-2.635728e-02	6.315788e+00
3.168000e-05	2.309198e-02	6.473128e+00
3.169000e-05	-6.271920e-02	6.675075e+00
3.170000e-05	1.816734e-02	6.801550e+00
3.171000e-05	5.469767e-03	6.958365e+00
3.172000e-05	-1.609943e-02	7.096186e+00
3.173000e-05	-7.058167e-03	7.200449e+00
3.174000e-05	-2.876465e-02	7.398968e+00
3.175000e-05	2.888361e-03	7.528316e+00
3.176000e-05	-1.848507e-02	7.735707e+00
3.177000e-05	-5.583117e-03	7.814004e+00
3.178000e-05	-2.058026e-02	8.000099e+00
3.179000e-05	-1.092017e-02	8.138842e+00
3.180000e-05	8.117345e-03	8.223679e+00
3.181000e-05	-1.999167e-02	8.357467e+00
3.182000e-05	-1.567139e-02	8.443608e+00
3.183000e-05	-2.775771e-02	8.608918e+00
3.184000e-05	-8.748193e-03	8.674632e+00
3.185000e-05	-5.699916e-03	8.748891e+00
3.186000e-05	-1.561899e-02	8.842580e+00
3.187000e-05	-1.695759e-02	8.948442e+00
3.188000e-05	-1.755699e-02	9.116212e+00
3.189000e-05	-7.225264e-03	9.201052e+00
3.190000e-05	-1.447847e-02	9.283733e+00
3.191000e-05	-2.358084e-02	9.347341e+00
3.192000e-05	-2.401297e-02	9.471553e+00
3.193000e-05	-1.501295e-02	9.485837e+00
3.194000e-05	-1.019110e-02	9.610444e+00
3.195000e-05	-1.895846e-02	9.683730e+00
3.196000e-05	-2.226185e-02	9.738345e+00
3.197000e-05	-1.952577e-02	9.830576e+00
3.198000e-05	-1.599986e-02	9.875287e+00
3.199000e-05	-1.779239e-02	9.968344e+00
3.200000e-05	-2.531885e-02	9.992074e+00
3.201000e-05	-2.283533e-02	1.008363e+01
3.202000e-05	-1.945531e-02	1.010473e+01
3.203000e-05	-1.612288e-02	1.016844e+01
3.204000e-05	-2.400408e-02	1.022809e+01
3.205000e-05	-2.899164e-02	1.020960e+01
3.206000e-05	-2.660342e-02	1.022206e+01
3.207000e-05	-1.942293e-02	1.028473e+01
3.208000e-05	-2.090168e-02	1.028473e+01
3.209000e-05	-2.848964e-02	1.029584e+01
3.210000e-05	-2.729018e-02	1.034582e+01
3.211000e-05	-2.484063e-02	1.035592e+01
3.212000e-05	-2.306886e-02	1.033681e+01
3.213000e-05	-2.864314e-02	1.033737e+01
3.214000e-05	-3.386540e-02	1.035789e+01
3.215000e-05	-3.259407e-02	1.034639e+01
3.216000e-05	-2.626320e-02	1.032629e+01
3.217000e-05	-2.451371e-02	1.035581e+01
3.218000e-05	-3.199873e-02	1.032477e+01
3.219000e-05	-3.719044e-02	1.032431e+01
3.220000e-05	-3.664270e-02	1.032371e+01
3.221000e-05	-3.146650e-02	1.026161e+01
3.222000e-05	-3.401003e-02	1.022116e+01
3.223000e-05	-4.106403e-02	1.020910e+01
3.224000e-05	-4.111062e-02	1.013592e+01
3.225000e-05	-3.550755e-02	1.013434e+01
3.226000e-05	-3.472672e-02	1.006269e+01
3.227000e-05	-4.135426e-02	1.003158e+01
3.228000e-05	-4.537768e-02	9.958471e+00
3.229000e-05	-4.531762e-02	9.934362e+00
3.230000e-05	-3.972799e-02	9.869732e+00
3.231000e-05	-4.308334e-02	9.827572e+00
3.232000e-05	-4.988130e-02	9.653758e+00
3.233000e-05	-5.250505e-02	9.589121e+00
3.234000e-05	-4.985171e-02	9.523840e+00
3.235000e-05	-4.915827e-02	9.462135e+00
3.236000e-05	-5.307476e-02	9.357945e+00
3.237000e-05	-5.517752e-02	9.304240e+00
3.238000e-05	-5.319911e-02	9.220530e+00
3.239000e-05	-4.833431e-02	9.174841e+00
3.240000e-05	-4.788411e-02	9.000151e+00
3.241000e-05	-4.876119e-02	8.882337e+00
3.242000e-05	-4.937618e-02	8.778373e+00
3.243000e-05	-4.160756e-02	8.672738e+00
3.244000e-05	-3.662808e-02	8.597473e+00
3.245000e-05	-3.747594e-02	8.493262e+00
3.246000e-05	-3.764562e-02	8.398023e+00
3.247000e-05	-3.338320e-02	8.301683e+00
3.248000e-05	-2.842106e-02	8.156370e+00
3.249000e-05	-2.796677e-02	7.998104e+00
3.250000e-05	-2.862918e-02	7.871763e+00
3.251000e-05	-2.845560e-02	7.744896e+00
3.252000e-05	-2.560150e-02	7.650129e+00
3.253000e-05	-2.382908e-02	7.441612e+00
3.254000e-05	-2.308283e-02	7.303333e+00
3.255000e-05	-2.281110e-02	7.175846e+00
3.256000e-05	-2.121968e-02	6.988050e+00
3.257000e-05	-1.832440e-02	6.840683e+00
3.258000e-05	-1.813354e-02	6.693946e+00
3.259000e-05	-1.913330e-02	6.543373e+00
3.260000e-05	-1.925989e-02	6.376420e+00
3.261000e-05	-1.722873e-02	6.218628e+00
3.262000e-05	-1.614677e-02	6.072759e+00
3.263000e-05	-1.719076e-02	5.925922e+00
3.264000e-05	-1.855056e-02	5.755875e+00
3.265000e-05	-1.671335e-02	5.555996e+00
3.266000e-05	-1.406914e-02	5.408629e+00
3.267000e-05	-1.303219e-02	5.208054e+00
3.268000e-05	-1.324068e-02	5.048004e+00
3.269000e-05	-1.411516e-02	4.805548e+00
3.270000e-05	-1.258455e-02	4.599058e+00
3.271000e-05	-1.159732e-02	4.451680e+00
3.272000e-05	-1.278012e-02	4.341293e+00
3.273000e-05	-1.445006e-02	4.059790e+00
3.274000e-05	-1.361585e-02	3.924795e+00
3.275000e-05	-1.183061e-02	3.743820e+00
3.276000e-05	-9.303346e-03	3.575972e+00
3.277000e-05	-1.009263e-02	3.386325e+00
3.278000e-05	-9.615031e-03	3.165396e+00
3.279000e-05	-9.735583e-03	2.976925e+00
3.280000e-05	-8.315360e-03	2.827559e+00
3.281000e-05	-9.218075e-03	2.650086e+00
3.282000e-05	-1.013414e-02	2.377003e+00
3.283000e-05	-1.125475e-02	2.218054e+00
3.284000e-05	-1.059167e-02	2.019055e+00
3.285000e-05	-6.898330e-03	1.840262e+00
3.286000e-05	-4.955863e-03	1.629604e+00
3.287000e-05	-7.047999e-03	1.420080e+00
3.288000e-05	-8.133204e-03	1.239107e+00
3.289000e-05	-7.402660e-03	1.004521e+00
3.290000e-05	-6.018238e-03	7.769699e-01
3.291000e-05	-7.776470e-03	5.774725e-01
3.292000e-05	-6.872259e-03	4.194764e-01
3.293000e-05	-6.895885e-03	2.254223e-01
3.294000e-05	-3.948199e-03	-4.352389e-02
3.295000e-05	4.475282e-03	-2.025013e-01
3.296000e-05	4.541951e-03	-3.703674e-01
3.297000e-05	-4.088448e-03	-5.504433e-01
3.298000e-05	7.075525e-04	-7.893961e-01
3.299000e-05	-1.113931e-03	-8.883171e-01
3.300000e-05	1.323068e-03	-1.088209e+00
3.301000e-05	9.066115e-04	-1.296731e+00
3.302000e-05	5.039257e-02	-1.498737e+00
3.303000e-05	1.025113e-01	-1.729186e+00
3.304000e-05	-5.732449e-02	-1.985021e+00
3.305000e-05	-1.281021e-02	-2.306685e+00
3.306000e-05	-1.071632e-01	-2.465758e+00
3.307000e-05	-6.361059e-03	-2.557370e+00
3.308000e-05	1.619522e-01	-2.592026e+00
3.309000e-05	-1.868150e-01	-2.878732e+00
3.310000e-05	9.038052e-02	-3.148819e+00
3.311000e-05	1.434534e-01	-3.192497e+00
3.312000e-05	-2.039240e-01	-3.455155e+00
3.313000e-05	1.304884e-01	-3.580503e+00
3.314000e-05	5.974961e-03	-3.800371e+00
3.315000e-05	-1.687719e-01	-4.044055e+00
3.316000e-05	1.620994e-01	-4.168948e+00
3.317000e-05	-8.360637e-02	-4.330821e+00
3.318000e-05	5.317463e-02	-4.570021e+00
3.319000e-05	1.134728e-01	-4.696783e+00
3.320000e-05	-1.714874e-01	-4.958894e+00
3.321000e-05	1.381496e-01	-5.085785e+00
3.322000e-05	-7.063383e-02	-5.259286e+00
3.323000e-05	-3.064812e-03	-5.518296e+00
3.324000e-05	8.028118e-02	-5.655208e+00
3.325000e-05	-8.122276e-02	-5.856181e+00
3.326000e-05	1.255806e-01	-6.010492e+00
3.327000e-05	-9.253211e-02	-6.181523e+00
3.328000e-05	5.299627e-02	-6.370023e+00
3.329000e-05	1.550548e-02	-6.518289e+00
3.330000e-05	-8.469718e-02	-6.664732e+00
3.331000e-05	1.413905e-01	-6.801050e+00
3.332000e-05	-8.614408e-02	-6.932922e+00
3.333000e-05	7.283957e-02	-7.188471e+00
3.334000e-05	-1.634529e-02	-7.256259e+00
3.335000e-05	-2.052239e-02	-7.432552e+00
3.336000e-05	7.302341e-02	-7.540871e+00
3.337000e-05	-6.630323e-02	-7.729890e+00
3.338000e-05	7.816289e-02	-7.875766e+00
3.339000e-05	-5.260202e-02	-8.024683e+00
3.340000e-05	6.048458e-02	-8.147865e+00
3.341000e-05	3.289003e-03	-8.245733e+00
3.342000e-05	-7.898918e-03	-8.399922e+00
3.343000e-05	3.513708e-02	-8.486813e+00
3.344000e-05	-3.827419e-02	-8.623007e+00
3.345000e-05	5.959624e-02	-8.748995e+00
3.346000e-05	-2.091870e-02	-8.855739e+00
3.347000e-05	3.233430e-02	-8.949492e+00
3.348000e-05	-3.205530e-03	-9.065137e+00
3.349000e-05	2.009411e-02	-9.137394e+00
3.350000e-05	2.523416e-02	-9.212179e+00
3.351000e-05	-3.680356e-03	-9.299445e+00
3.352000e-05	1.953956e-02	-9.422580e+00
3.353000e-05	-7.053102e-03	-9.547870e+00
3.354000e-05	3.283871e-02	-9.633131e+00
3.355000e-05	5.989561e-03	-9.684235e+00
3.356000e-05	1.856629e-02	-9.738597e+00
3.357000e-05	8.267873e-03	-9.850677e+00
3.358000e-05	1.586056e-02	-9.916263e+00
3.359000e-05	1.894386e-02	-9.917947e+00
3.360000e-05	1.023709e-02	-9.990547e+00
3.361000e-05	1.422684e-02	-1.008366e+01
3.362000e-05	8.695982e-03	-1.009636e+01
3.363000e-05	2.691422e-02	-1.018589e+01
3.364000e-05	1.552385e-02	-1.016910e+01
3.365000e-05	1.822678e-02	-1.026215e+01
3.366000e-05	7.422170e-03	-1.030684e+01
3.367000e-05	1.792988e-02	-1.034787e+01
3.368000e-05	2.259089e-02	-1.037802e+01
3.369000e-05	1.935986e-02	-1.039010e+01
3.370000e-05	1.745530e-02	-1.041213e+01
3.371000e-05	1.657530e-02	-1.043215e+01
3.372000e-05	2.272937e-02	-1.042273e+01
3.373000e-05	2.170351e-02	-1.046168e+01
3.374000e-05	1.997851e-02	-1.044373e+01
3.375000e-05	1.500382e-02	-1.044218e+01
3.376000e-05	2.250436e-02	-1.048426e+01
3.377000e-05	2.552046e-02	-1.046373e+01
3.378000e-05	2.597004e-02	-1.043271e+01
3.379000e-05	2.300686e-02	-1.044073e+01
3.380000e-05	2.245287e-02	-1.040016e+01
3.381000e-05	2.740485e-02	-1.037863e+01
3.382000e-05	2.866854e-02	-1.028795e+01
3.383000e-05	2.800915e-02	-1.032589e+01
3.384000e-05	2.596477e-02	-1.028326e+01
3.385000e-05	2.805938e-02	-1.021213e+01
3.386000e-05	3.309115e-02	-1.022012e+01
3.387000e-05	3.186674e-02	-1.010647e+01
3.388000e-05	2.967311e-02	-1.010176e+01
3.389000e-05	3.098380e-02	-1.002013e+01
3.390000e-05	3.567448e-02	-9.957471e+00
3.391000e-05	3.803358e-02	-9.893837e+00
3.392000e-05	3.740284e-02	-9.873781e+00
3.393000e-05	3.638119e-02	-9.788607e+00
3.394000e-05	3.822166e-02	-9.745394e+00
3.395000e-05	4.162086e-02	-9.682735e+00
3.396000e-05	4.352147e-02	-9.600579e+00
3.397000e-05	4.250137e-02	-9.495793e+00
3.398000e-05	4.163722e-02	-9.409631e+00
3.399000e-05	4.378144e-02	-9.343766e+00
3.400000e-05	4.565339e-02	-9.190054e+00
3.401000e-05	4.296927e-02	-9.114342e+00
3.402000e-05	3.891092e-02	-8.989630e+00
3.403000e-05	3.433923e-02	-8.915893e+00
3.404000e-05	3.325672e-02	-8.820658e+00
3.405000e-05	3.234881e-02	-8.764420e+00
3.406000e-05	2.917153e-02	-8.647128e+00
3.407000e-05	2.566007e-02	-8.462737e+00
3.408000e-05	2.452464e-02	-8.377448e+00
3.409000e-05	2.387942e-02	-8.210758e+00
3.410000e-05	2.210066e-02	-8.144370e+00
3.411000e-05	1.851653e-02	-8.030655e+00
3.412000e-05	1.560656e-02	-7.881839e+00
3.413000e-05	1.575148e-02	-7.693787e+00
3.414000e-05	1.595594e-02	-7.556421e+00
3.415000e-05	1.323251e-02	-7.399063e+00
3.416000e-05	1.081333e-02	-7.281233e+00
3.417000e-05	9.763935e-03	-7.145901e+00
3.418000e-05	1.134581e-02	-6.975525e+00
3.419000e-05	1.001999e-02	-6.769549e+00
3.420000e-05	7.506287e-03	-6.642737e+00
3.421000e-05	5.724814e-03	-6.514942e+00
3.422000e-05	6.301255e-03	-6.387049e+00
3.423000e-05	6.528121e-03	-6.198078e+00
3.424000e-05	5.410761e-03	-6.037630e+00
3.425000e-05	3.805586e-03	-5.861162e+00
3.426000e-05	2.839099e-03	-5.705265e+00
3.427000e-05	4.237032e-03	-5.536422e+00
3.428000e-05	3.915664e-03	-5.291971e+00
3.429000e-05	3.089902e-03	-5.124419e+00
3.430000e-05	1.711254e-03	-4.975470e+00
3.431000e-05	2.102400e-03	-4.714868e+00
3.432000e-05	1.969119e-03	-4.546446e+00
3.433000e-05	2.022720e-03	-4.399050e+00
3.434000e-05	-1.460037e-03	-4.239232e+00
3.435000e-05	-7.330475e-04	-4.082716e+00
3.436000e-05	-2.156872e-03	-3.912713e+00
3.437000e-05	-2.964391e-04	-3.702786e+00
3.438000e-05	-2.138931e-03	-3.533313e+00
3.439000e-05	-5.075564e-04	-3.343245e+00
3.440000e-05	-2.999797e-03	-3.154951e+00
3.441000e-05	-1.211221e-03	-2.893895e+00
3.442000e-05	-3.906582e-03	-2.745894e+00
3.443000e-05	-3.482494e-03	-2.556473e+00
3.444000e-05	-6.545747e-03	-2.418052e+00
3.445000e-05	-3.217176e-03	-2.136550e+00
3.446000e-05	-4.103194e-03	-1.967475e+00
3.447000e-05	-3.305881e-03	-1.778554e+00
3.448000e-05	-5.478228e-03	-1.588605e+00
3.449000e-05	-4.466339e-03	-1.325442e+00
3.450000e-05	-6.345648e-03	-1.164396e+00
3.451000e-05	-6.877453e-03	-9.449224e-01
3.452000e-05	-8.419657e-03	-7.769712e-01
3.453000e-05	-7.260890e-03	-5.133432e-01
3.454000e-05	-6.770206e-03	-3.452947e-01
3.455000e-05	-5.895237e-03	-1.348724e-01
3.456000e-05	-2.115826e-03	3.140377e-02
3.457000e-05	2.603951e-03	2.449536e-01
3.458000e-05	-3.409577e-03	4.145526e-01
3.459000e-05	1.141397e-04	5.828722e-01
3.460000e-05	-3.819925e-03	7.384459e-01
3.461000e-05	-2.884379e-03	9.092617e-01
3.462000e-05	-4.359295e-03	1.169945e+00
3.463000e-05	9.155078e-03	1.359866e+00
3.464000e-05	6.286259e-02	1.583966e+00
3.465000e-05	5.662807e-02	1.866155e+00
3.466000e-05	-5.862768e-02	2.044603e+00
3.467000e-05	-3.889723e-02	2.213055e+00
3.468000e-05	-7.851908e-02	2.400420e+00
3.469000e-05	-6.858918e-02	2.516714e+00
3.470000e-05	1.502395e-01	2.739309e+00
3.471000e-05	-1.192517e-01	2.907263e+00
3.472000e-05	-3.057271e-02	3.024580e+00
3.473000e-05	1.778389e-01	3.237127e+00
3.474000e-05	-1.325613e-01	3.486766e+00
3.475000e-05	2.436785e-02	3.643024e+00
3.476000e-05	3.559492e-02	3.811500e+00
3.477000e-05	-1.259977e-01	4.000928e+00
3.478000e-05	5.516787e-02	4.201921e+00
3.479000e-05	2.560111e-03	4.411525e+00
3.480000e-05	-1.893451e-02	4.568421e+00
3.481000e-05	5.313560e-02	4.768890e+00
3.482000e-05	-7.869442e-02	4.979870e+00
3.483000e-05	2.134100e-02	5.212019e+00
3.484000e-05	-2.041627e-02	5.421846e+00
3.485000e-05	-1.046312e-02	5.578864e+00
3.486000e-05	-5.333187e-03	5.707238e+00
3.487000e-05	-6.939690e-03	5.916713e+00
3.488000e-05	2.525321e-02	6.105186e+00
3.489000e-05	-4.780113e-02	6.234050e+00
3.490000e-05	1.199099e-02	6.371395e+00
3.491000e-05	-1.674156e-02	6.559415e+00
3.492000e-05	-4.135740e-02	6.748237e+00
3.493000e-05	3.569099e-02	6.884107e+00
3.494000e-05	-1.760700e-02	6.981074e+00
3.495000e-05	-7.519574e-03	7.157344e+00
3.496000e-05	-1.720928e-02	7.303256e+00
3.497000e-05	-1.810626e-02	7.433054e+00
3.498000e-05	4.256001e-04	7.633020e+00
3.499000e-05	-2.449632e-02	7.740387e+00
3.500000e-05	-5.053484e-04	7.905632e+00
3.501000e-05	-2.908027e-02	8.036154e+00
3.502000e-05	8.441890e-03	8.198997e+00
3.503000e-05	-7.449111e-03	8.295711e+00
3.504000e-05	-1.908492e-02	8.420003e+00
3.505000e-05	-1.830917e-02	8.515264e+00
3.506000e-05	-2.597948e-02	8.612024e+00
3.507000e-05	-4.747483e-04	8.683810e+00
3.508000e-05	-1.492851e-02	8.769473e+00
3.509000e-05	-1.287726e-02	8.907763e+00
3.510000e-05	-2.070086e-02	9.072479e+00
3.511000e-05	-1.074841e-02	9.117342e+00
3.512000e-05	-9.162160e-03	9.252582e+00
3.513000e-05	-1.993914e-02	9.335785e+00
3.514000e-05	-2.337151e-02	9.381469e+00
3.515000e-05	-2.224032e-02	9.504236e+00
3.516000e-05	-8.347727e-03	9.537893e+00
3.517000e-05	-1.604696e-02	9.621030e+00
3.518000e-05	-2.159332e-02	9.696260e+00
3.519000e-05	-2.249733e-02	9.830425e+00
3.520000e-05	-1.615542e-02	9.833634e+00
3.521000e-05	-1.389083e-02	9.906293e+00
3.522000e-05	-2.171139e-02	1.000952e+01
3.523000e-05	-2.589212e-02	1.003311e+01
3.524000e-05	-2.269994e-02	1.007421e+01
3.525000e-05	-1.519458e-02	1.013524e+01
3.526000e-05	-2.021519e-02	1.016744e+01
3.527000e-05	-2.659593e-02	1.021800e+01
3.528000e-05	-2.961300e-02	1.024163e+01
3.529000e-05	-2.284418e-02	1.026266e+01
3.530000e-05	-1.876392e-02	1.029571e+01
3.531000e-05	-2.394877e-02	1.029376e+01
3.532000e-05	-2.940947e-02	1.030531e+01
3.533000e-05	-2.787800e-02	1.031674e+01
3.534000e-05	-2.389746e-02	1.031689e+01
3.535000e-05	-2.513363e-02	1.036689e+01
3.536000e-05	-3.105472e-02	1.033934e+01
3.537000e-05	-3.549513e-02	1.033584e+01
3.538000e-05	-2.755586e-02	1.032536e+01
3.539000e-05	-2.616667e-02	1.032487e+01
3.540000e-05	-2.877405e-02	1.032589e+01
3.541000e-05	-3.470268e-02	1.031534e+01
3.542000e-05	-3.605996e-02	1.028424e+01
3.543000e-05	-3.395673e-02	1.028426e+01
3.544000e-05	-3.389882e-02	1.022114e+01
3.545000e-05	-3.758936e-02	1.020008e+01
3.546000e-05	-4.093377e-02	1.019700e+01
3.547000e-05	-3.801667e-02	1.015631e+01
3.548000e-05	-3.646698e-02	1.011474e+01
3.549000e-05	-3.898913e-02	1.005176e+01
3.550000e-05	-4.378817e-02	1.002863e+01
3.551000e-05	-4.485215e-02	9.926321e+00
3.552000e-05	-4.227691e-02	9.901233e+00
3.553000e-05	-4.196747e-02	9.809105e+00
3.554000e-05	-4.701559e-02	9.725841e+00
3.555000e-05	-5.109903e-02	9.651158e+00
3.556000e-05	-5.113590e-02	9.555921e+00
3.557000e-05	-4.916163e-02	9.502786e+00
3.558000e-05	-5.159926e-02	9.409626e+00
3.559000e-05	-5.582734e-02	9.385340e+00
3.560000e-05	-5.484450e-02	9.271287e+00
3.561000e-05	-4.910261e-02	9.189548e+00
3.562000e-05	-4.749482e-02	9.073762e+00
3.563000e-05	-4.835920e-02	8.967396e+00
3.564000e-05	-4.800251e-02	8.860684e+00
3.565000e-05	-4.472646e-02	8.754419e+00
3.566000e-05	-3.968979e-02	8.670132e+00
3.567000e-05	-3.936027e-02	8.545466e+00
3.568000e-05	-3.736224e-02	8.410611e+00
3.569000e-05	-3.700235e-02	8.366395e+00
3.570000e-05	-2.852483e-02	8.247578e+00
3.571000e-05	-2.886592e-02	8.081716e+00
3.572000e-05	-2.745346e-02	7.984942e+00
3.573000e-05	-3.010330e-02	7.810153e+00
3.574000e-05	-2.579772e-02	7.762789e+00
3.575000e-05	-2.472874e-02	7.567400e+00
3.576000e-05	-2.272477e-02	7.407471e+00
3.577000e-05	-2.515407e-02	7.198552e+00
3.578000e-05	-2.176189e-02	7.102811e+00
3.579000e-05	-2.019899e-02	6.933841e+00
3.580000e-05	-1.737724e-02	6.797528e+00
3.581000e-05	-1.913733e-02	6.660634e+00
3.582000e-05	-1.899503e-02	6.450733e+00
3.583000e-05	-1.791253e-02	6.344368e+00
3.584000e-05	-1.555257e-02	6.185423e+00
3.585000e-05	-1.592892e-02	6.019680e+00
3.586000e-05	-1.870988e-02	5.908163e+00
3.587000e-05	-1.754567e-02	5.650233e+00
3.588000e-05	-1.561747e-02	5.482811e+00
3.589000e-05	-1.247707e-02	5.324891e+00
3.590000e-05	-1.369301e-02	5.143819e+00
3.591000e-05	-1.426512e-02	4.903291e+00
3.592000e-05	-1.395562e-02	4.744340e+00
3.593000e-05	-1.139189e-02	4.564945e+00
3.594000e-05	-1.165304e-02	4.398025e+00
3.595000e-05	-1.305125e-02	4.196597e+00
3.596000e-05	-1.365823e-02	3.998124e+00
3.597000e-05	-1.191485e-02	3.838080e+00
3.598000e-05	-9.943923e-03	3.639713e+00
3.599000e-05	-9.176492e-03	3.501816e+00
3.600000e-05	-1.157246e-02	3.242709e+00
3.601000e-05	-1.103656e-02	3.103236e+00
3.602000e-05	-9.775467e-03	2.943340e+00
3.603000e-05	-8.409285e-03	2.763922e+00
3.604000e-05	-8.604914e-03	2.533867e+00
3.605000e-05	-1.030577e-02	2.323317e+00
3.606000e-05	-9.569247e-03	2.115315e+00
3.607000e-05	-8.205534e-03	1.925346e+00
3.608000e-05	-7.325474e-03	1.794850e+00
3.609000e-05	-8.623871e-03	1.553421e+00
3.610000e-05	-8.928877e-03	1.345318e+00
3.611000e-05	-6.123911e-03	1.174245e+00
3.612000e-05	-4.626468e-03	9.116644e-01
3.613000e-05	-5.465518e-03	7.022893e-01
3.614000e-05	-7.385135e-03	5.132593e-01
3.615000e-05	-6.297576e-03	3.412959e-01
3.616000e-05	-4.985300e-03	6.280925e-02
3.617000e-05	-3.140107e-03	-1.166629e-01
3.618000e-05	3.890633e-03	-2.661328e-01
3.619000e-05	-2.488312e-03	-3.946238e-01
3.620000e-05	1.527920e-03	-6.460078e-01
3.621000e-05	7.320899e-04	-8.336065e-01
3.622000e-05	1.346373e-03	-9.914000e-01
3.623000e-05	-2.080758e-03	-1.169445e+00
3.624000e-05	1.106116e-02	-1.391046e+00
3.625000e-05	1.025403e-01	-1.580925e+00
3.626000e-05	2.598907e-02	-1.842979e+00
3.627000e-05	-5.087138e-02	-2.138765e+00
3.628000e-05	-2.946263e-02	-2.359472e+00
3.629000e-05	-1.358563e-01	-2.518312e+00
3.630000e-05	1.437194e-01	-2.547421e+00
3.631000e-05	1.065538e-02	-2.688587e+00
3.632000e-05	-1.816920e-01	-3.023054e+00
3.633000e-05	2.065318e-01	-3.167916e+00
3.634000e-05	-5.844482e-02	-3.308211e+00
3.635000e-05	-1.104870e-01	-3.558869e+00
3.636000e-05	1.885750e-01	-3.614604e+00
3.637000e-05	-1.455322e-01	-3.887807e+00
3.638000e-05	-1.253629e-02	-4.136783e+00
3.639000e-05	1.200814e-01	-4.195602e+00
3.640000e-05	-1.282905e-01	-4.404109e+00
3.641000e-05	1.784571e-01	-4.600095e+00
3.642000e-05	-6.598016e-02	-4.814993e+00
3.643000e-05	-5.047554e-02	-5.023103e+00
3.644000e-05	1.201771e-01	-5.129892e+00
3.645000e-05	-1.405307e-01	-5.392574e+00
3.646000e-05	1.185775e-01	-5.600524e+00
3.647000e-05	-4.352520e-02	-5.749867e+00
3.648000e-05	1.993498e-02	-5.937815e+00
3.649000e-05	6.387500e-02	-6.044629e+00
3.650000e-05	-9.838106e-02	-6.245234e+00
3.651000e-05	1.219953e-01	-6.403054e+00
3.652000e-05	-1.022449e-01	-6.592942e+00
3.653000e-05	4.825330e-02	-6.748315e+00
3.654000e-05	5.637607e-02	-6.855533e+00
3.655000e-05	-6.445921e-02	-7.066203e+00
3.656000e-05	1.022344e-01	-7.172550e+00
3.657000e-05	-8.780187e-02	-7.369420e+00
3.658000e-05	7.403160e-02	-7.445658e+00
3.659000e-05	-1.803916e-02	-7.654604e+00
3.660000e-05	-4.989684e-04	-7.803155e+00
3.661000e-05	4.212686e-02	-7.978917e+00
3.662000e-05	-3.830001e-02	-8.094808e+00
3.663000e-05	8.186618e-02	-8.151549e+00
3.664000e-05	-4.853609e-02	-8.309289e+00
3.665000e-05	4.630431e-02	-8.433554e+00
3.666000e-05	-1.841299e-02	-8.550965e+00
3.667000e-05	1.230712e-02	-8.695810e+00
3.668000e-05	3.156910e-02	-8.781579e+00
3.669000e-05	-1.469457e-02	-8.898314e+00
3.670000e-05	3.829824e-02	-8.980598e+00
3.671000e-05	-1.383896e-02	-9.107337e+00
3.672000e-05	4.072891e-02	-9.190525e+00
3.673000e-05	-2.985622e-03	-9.265337e+00
3.674000e-05	1.562141e-02	-9.369520e+00
3.675000e-05	5.300790e-03	-9.495782e+00
3.676000e-05	1.088228e-02	-9.599475e+00
3.677000e-05	2.585383e-02	-9.674256e+00
3.678000e-05	2.921316e-03	-9.736388e+00
3.679000e-05	2.213480e-02	-9.802447e+00
3.680000e-05	3.642230e-03	-9.862733e+00
3.681000e-05	2.338832e-02	-9.905292e+00
3.682000e-05	9.550058e-03	-9.958470e+00
3.683000e-05	1.467434e-02	-1.002213e+01
3.684000e-05	1.192603e-02	-1.005374e+01
3.685000e-05	1.817581e-02	-1.011694e+01
3.686000e-05	2.254197e-02	-1.011942e+01
3.687000e-05	1.391868e-02	-1.025958e+01
3.688000e-05	1.537602e-02	-1.026278e+01
3.689000e-05	8.816471e-03	-1.032534e+01
3.690000e-05	2.170256e-02	-1.034799e+01
3.691000e-05	2.024105e-02	-1.040050e+01
3.692000e-05	2.093533e-02	-1.041045e+01
3.693000e-05	1.661196e-02	-1.042058e+01
3.694000e-05	1.979011e-02	-1.043266e+01
3.695000e-05	2.187002e-02	-1.047323e+01
3.696000e-05	2.169194e-02	-1.048321e+01
3.697000e-05	1.759870e-02	-1.048376e+01
3.698000e-05	1.642927e-02	-1.046423e+01
3.699000e-05	2.504585e-02	-1.044574e+01
3.700000e-05	2.536343e-02	-1.048373e+01
3.701000e-05	2.600810e-02	-1.040321e+01
3.702000e-05	2.147997e-02	-1.046318e+01
3.703000e-05	2.345245e-02	-1.038898e+01
3.704000e-05	2.879878e-02	-1.039762e+01
3.705000e-05	2.921699e-02	-1.035608e+01
3.706000e-05	2.705262e-02	-1.027584e+01
3.707000e-05	2.569757e-02	-1.027136e+01
3.708000e-05	3.053563e-02	-1.021171e+01
3.709000e-05	3.320203e-02	-1.015700e+01
3.710000e-05	3.070387e-02	-1.013644e+01
3.711000e-05	3.022244e-02	-1.004231e+01
3.712000e-05	3.117717e-02	-1.001003e+01
3.713000e-05	3.778457e-02	-9.945971e+00
3.714000e-05	3.815732e-02	-9.914286e+00
3.715000e-05	3.583203e-02	-9.872230e+00
3.716000e-05	3.749098e-02	-9.757028e+00
3.717000e-05	4.023966e-02	-9.694764e+00
3.718000e-05	4.299166e-02	-9.631134e+00
3.719000e-05	4.197862e-02	-9.546502e+00
3.720000e-05	4.077786e-02	-9.484836e+00
3.721000e-05	4.303230e-02	-9.389099e+00
3.722000e-05	4.571143e-02	-9.293287e+00
3.723000e-05	4.442863e-02	-9.147021e+00
3.724000e-05	3.958098e-02	-9.043262e+00
3.725000e-05	3.563795e-02	-8.998124e+00
3.726000e-05	3.575419e-02	-8.882236e+00
3.727000e-05	3.427150e-02	-8.777604e+00
3.728000e-05	2.989144e-02	-8.691162e+00
3.729000e-05	2.610849e-02	-8.555443e+00
3.730000e-05	2.455113e-02	-8.409559e+00
3.731000e-05	2.460751e-02	-8.313818e+00
3.732000e-05	2.318095e-02	-8.208106e+00
3.733000e-05	1.980618e-02	-8.082791e+00
3.734000e-05	1.747697e-02	-7.946974e+00
3.735000e-05	1.622917e-02	-7.811726e+00
3.736000e-05	1.664019e-02	-7.591883e+00
3.737000e-05	1.363565e-02	-7.523862e+00
3.738000e-05	1.065838e-02	-7.356996e+00
3.739000e-05	9.756203e-03	-7.221178e+00
3.740000e-05	1.117317e-02	-7.062788e+00
3.741000e-05	1.136764e-02	-6.883388e+00
3.742000e-05	8.647299e-03	-6.756949e+00
3.743000e-05	6.532409e-03	-6.607605e+00
3.744000e-05	7.400405e-03	-6.491255e+00
3.745000e-05	6.492928e-03	-6.345392e+00
3.746000e-05	5.351724e-03	-6.123844e+00
3.747000e-05	2.992294e-03	-5.966447e+00
3.748000e-05	4.771775e-03	-5.779105e+00
3.749000e-05	5.005947e-03	-5.620133e+00
3.750000e-05	3.227948e-03	-5.493870e+00
3.751000e-05	2.402423e-03	-5.210259e+00
3.752000e-05	1.360972e-03	-5.048711e+00
3.753000e-05	3.155263e-03	-4.841207e+00
3.754000e-05	2.793418e-03	-4.628735e+00
3.755000e-05	1.600704e-03	-4.492761e+00
3.756000e-05	-6.827981e-04	-4.334367e+00
3.757000e-05	-1.210604e-03	-4.187050e+00
3.758000e-05	-1.534838e-04	-3.989575e+00
3.759000e-05	-9.924331e-04	-3.799660e+00
3.760000e-05	-1.316591e-03	-3.579104e+00
3.761000e-05	-2.997521e-03	-3.400155e+00
3.762000e-05	4.814584e-04	-3.291732e+00
3.763000e-05	-3.404913e-03	-3.050241e+00
3.764000e-05	-8.376602e-04	-2.811731e+00
3.765000e-05	-6.118670e-03	-2.649757e+00
3.766000e-05	-3.049093e-03	-2.503257e+00
3.767000e-05	-4.489337e-03	-2.313295e+00
3.768000e-05	-1.757936e-03	-2.061163e+00
3.769000e-05	-5.001135e-03	-1.892788e+00
3.770000e-05	-5.142514e-03	-1.684316e+00
3.771000e-05	-5.400698e-03	-1.491442e+00
3.772000e-05	-6.066217e-03	-1.229609e+00
3.773000e-05	-7.160455e-03	-9.802077e-01
3.774000e-05	-7.328142e-03	-8.712329e-01
3.775000e-05	-5.958050e-03	-6.707880e-01
3.776000e-05	-4.423497e-03	-4.206801e-01
3.777000e-05	-3.866428e-03	-2.412829e-01
3.778000e-05	-5.964456e-03	-7.321258e-02
3.779000e-05	-4.667261e-04	1.377115e-01
3.780000e-05	-3.592758e-03	3.372419e-01
3.781000e-05	-1.638080e-03	4.951130e-01
3.782000e-05	-1.583703e-03	6.966265e-01
3.783000e-05	-2.545715e-03	8.409999e-01
3.784000e-05	-2.229547e-03	1.062984e+00
3.785000e-05	1.240376e-03	1.264578e+00
3.786000e-05	2.306287e-02	1.424024e+00
3.787000e-05	8.559791e-02	1.719757e+00
3.788000e-05	-5.748708e-03	1.958817e+00
3.789000e-05	-5.540419e-02	2.158791e+00
3.790000e-05	-3.849380e-02	2.337184e+00
3.791000e-05	-1.107438e-01	2.442031e+00
3.792000e-05	3.723468e-02	2.591371e+00
3.793000e-05	9.075859e-02	2.801996e+00
3.794000e-05	-1.944689e-01	2.979370e+00
3.795000e-05	1.411073e-01	3.138265e+00
3.796000e-05	2.578470e-02	3.379341e+00
3.797000e-05	-1.226442e-01	3.558346e+00
3.798000e-05	1.018812e-01	3.654632e+00
3.799000e-05	-7.375231e-02	3.895133e+00
3.800000e-05	-6.271639e-02	4.054182e+00
3.801000e-05	7.689197e-02	4.296681e+00
3.802000e-05	-4.460765e-02	4.516707e+00
3.803000e-05	3.271027e-02	4.663579e+00
3.804000e-05	-2.595603e-03	4.824077e+00
3.805000e-05	-6.019618e-02	5.075658e+00
3.806000e-05	2.869254e-02	5.317157e+00
3.807000e-05	-4.249065e-02	5.485130e+00
3.808000e-05	1.693064e-02	5.631526e+00
3.809000e-05	-3.132890e-02	5.821375e+00
3.810000e-05	2.504779e-02	5.970469e+00
3.811000e-05	-7.205425e-03	6.137317e+00
3.812000e-05	-4.088139e-02	6.294137e+00
3.813000e-05	2.872072e-02	6.422102e+00
3.814000e-05	-5.703562e-02	6.612626e+00
3.815000e-05	3.579235e-03	6.809448e+00
3.816000e-05	1.869415e-02	6.948287e+00
3.817000e-05	-1.780296e-02	7.055158e+00
3.818000e-05	-5.468207e-03	7.189869e+00
3.819000e-05	-2.959425e-02	7.327788e+00
3.820000e-05	-3.711319e-03	7.556215e+00
3.821000e-05	-1.258227e-02	7.674632e+00
3.822000e-05	-1.110371e-02	7.831975e+00
3.823000e-05	-1.391112e-02	8.000945e+00
3.824000e-05	-1.871898e-02	8.147286e+00
3.825000e-05	1.207415e-02	8.241653e+00
3.826000e-05	-1.787847e-02	8.346919e+00
3.827000e-05	-1.565669e-02	8.413103e+00
3.828000e-05	-2.641159e-02	8.517844e+00
3.829000e-05	-1.473096e-02	8.683154e+00
3.830000e-05	-1.893355e-03	8.727315e+00
3.831000e-05	-1.559212e-02	8.831629e+00
3.832000e-05	-1.553558e-02	8.956916e+00
3.833000e-05	-1.939373e-02	9.045207e+00
3.834000e-05	-6.827350e-03	9.169973e+00
3.835000e-05	-1.231371e-02	9.293236e+00
3.836000e-05	-2.253941e-02	9.327370e+00
3.837000e-05	-2.400281e-02	9.443101e+00
3.838000e-05	-1.770546e-02	9.467287e+00
3.839000e-05	-8.010184e-03	9.610520e+00
3.840000e-05	-1.855162e-02	9.682736e+00
3.841000e-05	-2.197155e-02	9.756889e+00
3.842000e-05	-2.161271e-02	9.822625e+00
3.843000e-05	-1.437299e-02	9.916761e+00
3.844000e-05	-1.581890e-02	9.947844e+00
3.845000e-05	-2.396548e-02	1.000958e+01
3.846000e-05	-2.416842e-02	1.007371e+01
3.847000e-05	-2.018496e-02	1.008574e+01
3.848000e-05	-1.526203e-02	1.014681e+01
3.849000e-05	-2.236877e-02	1.016852e+01
3.850000e-05	-2.858692e-02	1.021000e+01
3.851000e-05	-2.806404e-02	1.022316e+01
3.852000e-05	-2.117342e-02	1.027165e+01
3.853000e-05	-1.915987e-02	1.030419e+01
3.854000e-05	-2.637726e-02	1.031526e+01
3.855000e-05	-2.864188e-02	1.031629e+01
3.856000e-05	-2.638409e-02	1.033584e+01
3.857000e-05	-2.354308e-02	1.034592e+01
3.858000e-05	-2.657135e-02	1.033836e+01
3.859000e-05	-3.340682e-02	1.034534e+01
3.860000e-05	-3.285725e-02	1.032587e+01
3.861000e-05	-2.833183e-02	1.029689e+01
3.862000e-05	-2.642842e-02	1.033489e+01
3.863000e-05	-3.027991e-02	1.033584e+01
3.864000e-05	-3.563541e-02	1.032476e+01
3.865000e-05	-3.607777e-02	1.029271e+01
3.866000e-05	-3.340714e-02	1.028261e+01
3.867000e-05	-3.434997e-02	1.027061e+01
3.868000e-05	-3.919446e-02	1.017755e+01
3.869000e-05	-4.093475e-02	1.013744e+01
3.870000e-05	-3.746803e-02	1.012432e+01
3.871000e-05	-3.817027e-02	1.007269e+01
3.872000e-05	-4.031991e-02	1.003113e+01
3.873000e-05	-4.460126e-02	9.978523e+00
3.874000e-05	-4.254390e-02	9.946793e+00
3.875000e-05	-4.016633e-02	9.851204e+00
3.876000e-05	-4.225493e-02	9.767900e+00
3.877000e-05	-4.761480e-02	9.733315e+00
3.878000e-05	-5.228868e-02	9.608999e+00
3.879000e-05	-5.427089e-02	9.514340e+00
3.880000e-05	-5.128411e-02	9.461632e+00
3.881000e-05	-5.289318e-02	9.366420e+00
3.882000e-05	-5.271758e-02	9.314838e+00
3.883000e-05	-5.281630e-02	9.200505e+00
3.884000e-05	-4.845026e-02	9.155918e+00
3.885000e-05	-4.721944e-02	9.058099e+00
3.886000e-05	-4.717761e-02	8.923368e+00
3.887000e-05	-4.850821e-02	8.797951e+00
3.888000e-05	-4.537331e-02	8.734339e+00
3.889000e-05	-3.948571e-02	8.618454e+00
3.890000e-05	-3.848177e-02	8.502814e+00
3.891000e-05	-3.500574e-02	8.389054e+00
3.892000e-05	-3.475886e-02	8.332237e+00
3.893000e-05	-2.773170e-02	8.186891e+00
3.894000e-05	-2.861396e-02	8.037009e+00
3.895000e-05	-2.634464e-02	7.943794e+00
3.896000e-05	-2.875768e-02	7.766498e+00
3.897000e-05	-2.668488e-02	7.661084e+00
3.898000e-05	-2.543695e-02	7.512763e+00
3.899000e-05	-2.249097e-02	7.322942e+00
3.900000e-05	-2.288847e-02	7.166949e+00
3.901000e-05	-2.083706e-02	7.019077e+00
3.902000e-05	-1.982058e-02	6.891684e+00
3.903000e-05	-1.833630e-02	6.764446e+00
3.904000e-05	-1.794861e-02	6.545471e+00
3.905000e-05	-1.823377e-02	6.398001e+00
3.906000e-05	-1.715265e-02	6.270107e+00
3.907000e-05	-1.742792e-02	6.062312e+00
3.908000e-05	-1.597621e-02	5.964902e+00
3.909000e-05	-1.700638e-02	5.823578e+00
3.910000e-05	-1.588857e-02	5.597025e+00
3.911000e-05	-1.550447e-02	5.419130e+00
3.912000e-05	-1.450651e-02	5.281657e+00
3.913000e-05	-1.309834e-02	5.048182e+00
3.914000e-05	-1.434217e-02	4.829129e+00
3.915000e-05	-1.205472e-02	4.629680e+00
3.916000e-05	-1.120668e-02	4.502211e+00
3.917000e-05	-1.163926e-02	4.344392e+00
3.918000e-05	-1.338080e-02	4.091808e+00
3.919000e-05	-1.325008e-02	3.944792e+00
3.920000e-05	-1.128084e-02	3.754396e+00
3.921000e-05	-1.021924e-02	3.609029e+00
3.922000e-05	-1.150434e-02	3.376051e+00
3.923000e-05	-1.092532e-02	3.197526e+00
3.924000e-05	-9.981712e-03	3.018550e+00
3.925000e-05	-8.048988e-03	2.822180e+00
3.926000e-05	-8.950329e-03	2.709207e+00
3.927000e-05	-9.966809e-03	2.408533e+00
3.928000e-05	-1.031796e-02	2.219604e+00
3.929000e-05	-9.226896e-03	2.050708e+00
3.930000e-05	-7.542446e-03	1.901139e+00
3.931000e-05	-8.712467e-03	1.630155e+00
3.932000e-05	-8.708410e-03	1.430210e+00
3.933000e-05	-7.049962e-03	1.260111e+00
3.934000e-05	-5.968961e-03	1.047127e+00
3.935000e-05	-6.019241e-03	7.974276e-01
3.936000e-05	-6.339234e-03	6.190789e-01
3.937000e-05	-6.486228e-03	3.995289e-01
3.938000e-05	-5.226059e-03	2.461577e-01
3.939000e-05	-5.268595e-03	2.892504e-02
3.940000e-05	1.327521e-05	-1.712936e-01
3.941000e-05	3.116796e-03	-3.478683e-01
3.942000e-05	-3.054771e-03	-4.803831e-01
3.943000e-05	2.290728e-03	-7.384145e-01
3.944000e-05	-5.374052e-04	-8.777357e-01
3.945000e-05	2.800098e-04	-1.066129e+00
3.946000e-05	2.453965e-04	-1.236057e+00
3.947000e-05	3.545805e-02	-1.486711e+00
3.948000e-05	1.157431e-01	-1.676732e+00
3.949000e-05	-4.601750e-02	-1.950367e+00
3.950000e-05	-1.994643e-02	-2.276133e+00
3.951000e-05	-8.363647e-02	-2.464709e+00
3.952000e-05	-6.011745e-02	-2.564918e+00
3.953000e-05	1.861875e-01	-2.560572e+00
3.954000e-05	-1.486796e-01	-2.824179e+00
3.955000e-05	1.605259e-02	-3.137812e+00
3.956000e-05	1.964465e-01	-3.192447e+00
3.957000e-05	-1.883203e-01	-3.424052e+00
3.958000e-05	7.452779e-02	-3.598949e+00
3.959000e-05	7.469906e-02	-3.739866e+00
3.960000e-05	-1.899799e-01	-4.004080e+00
3.961000e-05	1.354641e-01	-4.168921e+00
3.962000e-05	-3.180117e-02	-4.289815e+00
3.963000e-05	-9.451316e-03	-4.577868e+00
3.964000e-05	1.582583e-01	-4.655834e+00
3.965000e-05	-1.736266e-01	-4.908735e+00
3.966000e-05	1.035083e-01	-5.065787e+00
3.967000e-05	-1.478148e-02	-5.255558e+00
3.968000e-05	-5.817381e-02	-5.516866e+00
3.969000e-05	1.162207e-01	-5.635625e+00
3.970000e-05	-9.187088e-02	-5.823104e+00
3.971000e-05	1.120157e-01	-5.977921e+00
3.972000e-05	-5.852960e-02	-6.129889e+00
3.973000e-05	8.488716e-03	-6.359367e+00
3.974000e-05	6.253270e-02	-6.474683e+00
3.975000e-05	-1.156717e-01	-6.655158e+00
3.976000e-05	1.378584e-01	-6.798473e+00
3.977000e-05	-5.911169e-02	-6.889517e+00
3.978000e-05	3.983743e-02	-7.138444e+00
3.979000e-05	2.574730e-02	-7.244706e+00
3.980000e-05	-5.765736e-02	-7.413028e+00
3.981000e-05	9.064171e-02	-7.539416e+00
3.982000e-05	-7.235593e-02	-7.687288e+00
3.983000e-05	6.992030e-02	-7.856264e+00
3.984000e-05	-3.412796e-02	-8.001629e+00
3.985000e-05	3.581910e-02	-8.126317e+00
3.986000e-05	3.209378e-02	-8.243681e+00
3.987000e-05	-2.605916e-02	-8.369897e+00
3.988000e-05	4.857247e-02	-8.445662e+00
3.989000e-05	-4.678138e-02	-8.592600e+00
3.990000e-05	5.438536e-02	-8.748389e+00
3.991000e-05	-1.195132e-02	-8.863235e+00
3.992000e-05	2.239320e-02	-8.948372e+00
3.993000e-05	6.961802e-03	-9.033183e+00
3.994000e-05	9.095159e-03	-9.129343e+00
3.995000e-05	3.487165e-02	-9.212651e+00
3.996000e-05	-6.525586e-03	-9.297392e+00
3.997000e-05	2.111258e-02	-9.443029e+00
3.998000e-05	-8.088333e-03	-9.508289e+00
3.999000e-05	2.955472e-02	-9.622129e+00
4.000000e-05	1.101595e-02	-9.685286e+00
4.001000e-05	1.466614e-02	-9.748998e+00
4.002000e-05	1.083351e-02	-9.823203e+00
4.003000e-05	1.102419e-02	-9.873284e+00
4.004000e-05	2.337801e-02	-9.918316e+00
4.005000e-05	9.751358e-03	-1.000053e+01
4.006000e-05	1.503788e-02	-1.001226e+01
4.007000e-05	8.322031e-03	-1.007584e+01
4.008000e-05	2.537289e-02	-1.016740e+01
4.009000e-05	1.851121e-02	-1.018255e+01
4.010000e-05	1.568217e-02	-1.021271e+01
4.011000e-05	9.413587e-03	-1.023529e+01
4.012000e-05	1.469855e-02	-1.034895e+01
4.013000e-05	2.318715e-02	-1.037845e+01
4.014000e-05	2.153893e-02	-1.040060e+01
4.015000e-05	1.871747e-02	-1.039008e+01
4.016000e-05	1.811378e-02	-1.042063e+01
4.017000e-05	2.207673e-02	-1.044021e+01
4.018000e-05	2.207786e-02	-1.043421e+01
4.019000e-05	1.889991e-02	-1.045321e+01
4.020000e-05	1.479712e-02	-1.045374e+01
4.021000e-05	1.986196e-02	-1.048271e+01
4.022000e-05	2.726968e-02	-1.045271e+01
4.023000e-05	2.677063e-02	-1.047373e+01
4.024000e-05	2.609227e-02	-1.041120e+01
4.025000e-05	2.168931e-02	-1.048113e+01
4.026000e-05	2.578526e-02	-1.036865e+01
4.027000e-05	2.769080e-02	-1.039945e+01
4.028000e-05	2.705151e-02	-1.034692e+01
4.029000e-05	2.609479e-02	-1.029539e+01
4.030000e-05	2.851064e-02	-1.023173e+01
4.031000e-05	3.313620e-02	-1.017810e+01
4.032000e-05	3.309896e-02	-1.012544e+01
4.033000e-05	3.146526e-02	-1.005441e+01
4.034000e-05	3.009123e-02	-1.005266e+01
4.035000e-05	3.379415e-02	-9.957598e+00
4.036000e-05	3.747823e-02	-9.925868e+00
4.037000e-05	3.676150e-02	-9.893787e+00
4.038000e-05	3.679668e-02	-9.847682e+00
4.039000e-05	3.819462e-02	-9.714870e+00
4.040000e-05	4.205054e-02	-9.652761e+00
4.041000e-05	4.440108e-02	-9.620557e+00
4.042000e-05	4.208198e-02	-9.565473e+00
4.043000e-05	4.164001e-02	-9.462781e+00
4.044000e-05	4.307994e-02	-9.325864e+00
4.045000e-05	4.449395e-02	-9.190158e+00
4.046000e-05	4.229378e-02	-9.116891e+00
4.047000e-05	3.656629e-02	-9.022235e+00
4.048000e-05	3.554010e-02	-8.924916e+00
4.049000e-05	3.714617e-02	-8.861737e+00
4.050000e-05	3.480969e-02	-8.755924e+00
4.051000e-05	2.714515e-02	-8.630181e+00
4.052000e-05	2.469799e-02	-8.491762e+00
4.053000e-05	2.439858e-02	-8.396549e+00
4.054000e-05	2.397391e-02	-8.273262e+00
4.055000e-05	2.044897e-02	-8.176946e+00
4.056000e-05	1.626904e-02	-8.010658e+00
4.057000e-05	1.721441e-02	-7.953866e+00
4.058000e-05	1.800372e-02	-7.724968e+00
4.059000e-05	1.739088e-02	-7.586998e+00
4.060000e-05	1.248777e-02	-7.430207e+00
4.061000e-05	8.530980e-03	-7.304265e+00
4.062000e-05	9.654433e-03	-7.167970e+00
4.063000e-05	1.049846e-02	-7.047557e+00
4.064000e-05	8.866404e-03	-6.849181e+00
4.065000e-05	6.548149e-03	-6.703315e+00
4.066000e-05	7.147806e-03	-6.536471e+00
4.067000e-05	8.774232e-03	-6.398602e+00
4.068000e-05	7.831783e-03	-6.239136e+00
4.069000e-05	4.006349e-03	-6.039183e+00
4.070000e-05	1.787506e-03	-5.862761e+00
4.071000e-05	2.758761e-03	-5.735422e+00
4.072000e-05	4.664905e-03	-5.586126e+00
4.073000e-05	3.359069e-03	-5.357005e+00
4.074000e-05	2.489222e-03	-5.166500e+00
4.075000e-05	2.084505e-03	-5.008024e+00
4.076000e-05	3.798063e-03	-4.714996e+00
4.077000e-05	2.546095e-03	-4.596550e+00
4.078000e-05	1.112453e-03	-4.421128e+00
4.079000e-05	-1.824381e-03	-4.271184e+00
4.080000e-05	-9.680368e-04	-4.104295e+00
4.081000e-05	-3.285585e-04	-3.954947e+00
4.082000e-05	-4.536149e-04	-3.703917e+00
4.083000e-05	-2.187300e-03	-3.503919e+00
4.084000e-05	-1.494237e-03	-3.326444e+00
4.085000e-05	-2.642102e-03	-3.178104e+00
4.086000e-05	-1.739539e-03	-2.995028e+00
4.087000e-05	-3.458877e-03	-2.777024e+00
4.088000e-05	-4.807875e-03	-2.608199e+00
4.089000e-05	-4.505489e-03	-2.410103e+00
4.090000e-05	-2.011355e-03	-2.227153e+00
4.091000e-05	-2.367909e-03	-1.957051e+00
4.092000e-05	-4.074457e-03	-1.839155e+00
4.093000e-05	-5.616622e-03	-1.609133e+00
4.094000e-05	-5.894377e-03	-1.435154e+00
4.095000e-05	-6.427462e-03	-1.165446e+00
4.096000e-05	-7.103054e-03	-9.879749e-01
4.097000e-05	-7.475660e-03	-7.871052e-01
4.098000e-05	-6.786474e-03	-5.565962e-01
4.099000e-05	-4.479669e-03	-3.769986e-01
4.100000e-05	-5.178751e-03	-1.680001e-01
4.101000e-05	-3.185382e-03	9.211974e-04
4.102000e-05	2.170779e-03	2.234499e-01
4.103000e-05	-4.830710e-03	4.219974e-01
4.104000e-05	-7.599641e-05	5.602923e-01
4.105000e-05	-4.388132e-03	7.477417e-01
4.106000e-05	-2.799804e-03	8.772081e-01
4.107000e-05	-2.696346e-03	1.201796e+00
4.108000e-05	8.527973e-03	1.339264e+00
4.109000e-05	5.161480e-02	1.570867e+00
4.110000e-05	7.199713e-02	1.863576e+00
4.111000e-05	-5.171539e-02	2.034554e+00
4.112000e-05	-4.194468e-02	2.202996e+00
4.113000e-05	-6.407258e-02	2.389922e+00
4.114000e-05	-9.220356e-02	2.514634e+00
4.115000e-05	1.334982e-01	2.716655e+00
4.116000e-05	-6.392997e-02	2.905685e+00
4.117000e-05	-9.990325e-02	3.021078e+00
4.118000e-05	1.967473e-01	3.221451e+00
4.119000e-05	-1.046852e-01	3.486082e+00
4.120000e-05	-2.068071e-02	3.580473e+00
4.121000e-05	7.175566e-02	3.750387e+00
4.122000e-05	-1.269585e-01	3.969894e+00
4.123000e-05	2.763428e-02	4.128343e+00
4.124000e-05	2.736776e-02	4.381451e+00
4.125000e-05	-3.561676e-02	4.560291e+00
4.126000e-05	5.835944e-02	4.708266e+00
4.127000e-05	-6.531982e-02	4.908738e+00
4.128000e-05	1.506981e-03	5.179365e+00
4.129000e-05	-4.564119e-03	5.370395e+00
4.130000e-05	-2.282896e-02	5.527787e+00
4.131000e-05	6.448317e-03	5.675682e+00
4.132000e-05	-2.018975e-02	5.886682e+00
4.133000e-05	2.950726e-02	6.064158e+00
4.134000e-05	-4.051131e-02	6.202027e+00
4.135000e-05	-1.983617e-03	6.337938e+00
4.136000e-05	8.361417e-05	6.486309e+00
4.137000e-05	-5.389308e-02	6.706088e+00
4.138000e-05	3.309802e-02	6.821049e+00
4.139000e-05	-1.055547e-02	7.019918e+00
4.140000e-05	-9.993741e-03	7.117290e+00
4.141000e-05	-1.248568e-02	7.262154e+00
4.142000e-05	-2.405982e-02	7.422501e+00
4.143000e-05	2.346342e-03	7.569948e+00
4.144000e-05	-2.462953e-02	7.716808e+00
4.145000e-05	-1.675206e-03	7.884258e+00
4.146000e-05	-2.788789e-02	8.044028e+00
4.147000e-05	1.742827e-03	8.199371e+00
4.148000e-05	-6.984836e-04	8.272161e+00
4.149000e-05	-1.964603e-02	8.370449e+00
4.150000e-05	-1.601125e-02	8.495738e+00
4.151000e-05	-2.815439e-02	8.601498e+00
4.152000e-05	-2.142509e-03	8.675687e+00
4.153000e-05	-1.269360e-02	8.767942e+00
4.154000e-05	-1.313214e-02	8.875261e+00
4.155000e-05	-1.973405e-02	9.021522e+00
4.156000e-05	-1.345677e-02	9.187410e+00
4.157000e-05	-6.707655e-03	9.212579e+00
4.158000e-05	-1.765629e-02	9.274736e+00
4.159000e-05	-2.376496e-02	9.389998e+00
4.160000e-05	-2.404846e-02	9.473656e+00
4.161000e-05	-9.587260e-03	9.548391e+00
4.162000e-05	-1.311362e-02	9.620500e+00
4.163000e-05	-2.147396e-02	9.704711e+00
4.164000e-05	-2.367151e-02	9.808449e+00
4.165000e-05	-1.686827e-02	9.872659e+00
4.166000e-05	-1.427717e-02	9.905266e+00
4.167000e-05	-1.947969e-02	9.978999e+00
4.168000e-05	-2.539525e-02	1.001163e+01
4.169000e-05	-2.305164e-02	1.010368e+01
4.170000e-05	-1.543518e-02	1.010529e+01
4.171000e-05	-1.753901e-02	1.011639e+01
4.172000e-05	-2.637169e-02	1.018952e+01
4.173000e-05	-3.023596e-02	1.017158e+01
4.174000e-05	-2.524266e-02	1.024066e+01
4.175000e-05	-1.957009e-02	1.026426e+01
4.176000e-05	-2.177436e-02	1.030374e+01
4.177000e-05	-2.897726e-02	1.029531e+01
4.178000e-05	-2.736788e-02	1.031486e+01
4.179000e-05	-2.419592e-02	1.033687e+01
4.180000e-05	-2.287706e-02	1.033539e+01
4.181000e-05	-3.023514e-02	1.032687e+01
4.182000e-05	-3.478626e-02	1.031692e+01
4.183000e-05	-3.000570e-02	1.033784e+01
4.184000e-05	-2.687799e-02	1.034637e+01
4.185000e-05	-2.814414e-02	1.031581e+01
4.186000e-05	-3.299604e-02	1.028476e+01
4.187000e-05	-3.614404e-02	1.031376e+01
4.188000e-05	-3.501643e-02	1.027471e+01
4.189000e-05	-3.311079e-02	1.023118e+01
4.190000e-05	-3.604444e-02	1.023100e+01
4.191000e-05	-3.990828e-02	1.015705e+01
4.192000e-05	-3.910313e-02	1.013599e+01
4.193000e-05	-3.767851e-02	1.011524e+01
4.194000e-05	-3.823282e-02	1.007316e+01
4.195000e-05	-4.328499e-02	1.004166e+01
4.196000e-05	-4.423734e-02	9.985922e+00
4.197000e-05	-4.391248e-02	9.893285e+00
4.198000e-05	-4.132240e-02	9.789603e+00
4.199000e-05	-4.492693e-02	9.776970e+00
4.200000e-05	-4.989779e-02	9.671227e+00
4.201000e-05	-5.140894e-02	9.577874e+00
4.202000e-05	-5.079219e-02	9.505267e+00
4.203000e-05	-5.171764e-02	9.451079e+00
4.204000e-05	-5.432528e-02	9.345444e+00
4.205000e-05	-5.571115e-02	9.262188e+00
4.206000e-05	-5.174639e-02	9.177971e+00
4.207000e-05	-4.759495e-02	9.132812e+00
4.208000e-05	-4.650668e-02	9.025474e+00
4.209000e-05	-4.798010e-02	8.871682e+00
4.210000e-05	-4.703637e-02	8.766499e+00
4.211000e-05	-4.171712e-02	8.651736e+00
4.212000e-05	-3.853838e-02	8.543895e+00
4.213000e-05	-3.598052e-02	8.462206e+00
4.214000e-05	-3.691253e-02	8.376942e+00
4.215000e-05	-3.197476e-02	8.249158e+00
4.216000e-05	-2.926174e-02	8.070466e+00
4.217000e-05	-2.609643e-02	8.036946e+00
4.218000e-05	-2.804129e-02	7.848182e+00
4.219000e-05	-2.668962e-02	7.702818e+00
4.220000e-05	-2.596762e-02	7.606474e+00
4.221000e-05	-2.220454e-02	7.407103e+00
4.222000e-05	-2.203523e-02	7.249107e+00
4.223000e-05	-2.169906e-02	7.135763e+00
4.224000e-05	-2.207473e-02	6.955949e+00
4.225000e-05	-1.943331e-02	6.810607e+00
4.226000e-05	-1.921959e-02	6.701788e+00
4.227000e-05	-1.819160e-02	6.460763e+00
4.228000e-05	-1.798345e-02	6.345395e+00
4.229000e-05	-1.695961e-02	6.188025e+00
4.230000e-05	-1.457566e-02	6.050185e+00
4.231000e-05	-1.527741e-02	5.941793e+00
4.232000e-05	-1.567057e-02	5.682739e+00
4.233000e-05	-1.713247e-02	5.523396e+00
4.234000e-05	-1.537615e-02	5.363897e+00
4.235000e-05	-1.484144e-02	5.155446e+00
4.236000e-05	-1.270457e-02	4.943366e+00
4.237000e-05	-1.394094e-02	4.765324e+00
4.238000e-05	-1.293834e-02	4.597972e+00
4.239000e-05	-1.213818e-02	4.408533e+00
4.240000e-05	-1.061160e-02	4.258112e+00
4.241000e-05	-1.210110e-02	3.999078e+00
4.242000e-05	-1.198072e-02	3.861234e+00
4.243000e-05	-1.254045e-02	3.662660e+00
4.244000e-05	-1.020273e-02	3.543840e+00
4.245000e-05	-9.834716e-03	3.301713e+00
4.246000e-05	-9.904642e-03	3.113338e+00
4.247000e-05	-1.134636e-02	2.935867e+00
4.248000e-05	-9.610184e-03	2.786971e+00
4.249000e-05	-7.858847e-03	2.553896e+00
4.250000e-05	-8.358631e-03	2.333821e+00
4.251000e-05	-8.962430e-03	2.155894e+00
4.252000e-05	-1.005974e-02	2.008027e+00
4.253000e-05	-8.785947e-03	1.785003e+00
4.254000e-05	-8.472073e-03	1.564917e+00
4.255000e-05	-8.188122e-03	1.386425e+00
4.256000e-05	-8.871645e-03	1.164451e+00
4.257000e-05	-7.218681e-03	8.827608e-01
4.258000e-05	-5.399868e-03	7.227659e-01
4.259000e-05	-4.650077e-03	5.143184e-01
4.260000e-05	-5.963033e-03	3.664212e-01
4.261000e-05	-6.134800e-03	1.227632e-01
4.262000e-05	-5.251529e-03	-6.573042e-02
4.263000e-05	4.114348e-03	-2.657090e-01
4.264000e-05	4.740392e-04	-4.010976e-01
4.265000e-05	-1.125419e-03	-6.145562e-01
4.266000e-05	-3.865110e-05	-8.245038e-01
4.267000e-05	1.245506e-03	-9.610200e-01
4.268000e-05	1.132275e-04	-1.140342e+00
4.269000e-05	6.649871e-03	-1.341370e+00
4.270000e-05	8.144213e-02	-1.591366e+00
4.271000e-05	5.724721e-02	-1.751421e+00
4.272000e-05	-5.806460e-02	-2.067757e+00
4.273000e-05	-1.750550e-02	-2.369494e+00
4.274000e-05	-1.328201e-01	-2.505266e+00
4.275000e-05	9.412281e-02	-2.577820e+00
4.276000e-05	7.666240e-02	-2.656680e+00
4.277000e-05	-2.050142e-01	-2.980916e+00
4.278000e-05	1.703796e-01	-3.127394e+00
4.279000e-05	1.382928e-02	-3.235659e+00
4.280000e-05	-1.661554e-01	-3.548316e+00
4.281000e-05	1.846695e-01	-3.614154e+00
4.282000e-05	-9.462265e-02	-3.856108e+00
4.283000e-05	-7.863615e-02	-4.075730e+00
4.284000e-05	1.501733e-01	-4.203474e+00
4.285000e-05	-1.296953e-01	-4.443582e+00
4.286000e-05	1.433594e-01	-4.570646e+00
4.287000e-05	2.528772e-03	-4.771341e+00
4.288000e-05	-1.072885e-01	-5.041454e+00
4.289000e-05	1.429116e-01	-5.099866e+00
4.290000e-05	-1.279649e-01	-5.342471e+00
4.291000e-05	8.299339e-02	-5.610594e+00
4.292000e-05	1.533988e-03	-5.707368e+00
4.293000e-05	-2.305034e-02	-5.896784e+00
4.294000e-05	9.688638e-02	-6.043602e+00
4.295000e-05	-1.100266e-01	-6.257158e+00
4.296000e-05	1.088918e-01	-6.402554e+00
4.297000e-05	-6.607737e-02	-6.519415e+00
4.298000e-05	-4.835264e-03	-6.707313e+00
4.299000e-05	9.927564e-02	-6.823625e+00
4.300000e-05	-8.199956e-02	-7.054129e+00
4.301000e-05	1.030789e-01	-7.209602e+00
4.302000e-05	-7.240206e-02	-7.318312e+00
4.303000e-05	4.156998e-02	-7.435689e+00
4.304000e-05	1.802610e-02	-7.590974e+00
4.305000e-05	-2.957603e-02	-7.753073e+00
4.306000e-05	6.346428e-02	-7.926292e+00
4.307000e-05	-5.324179e-02	-8.056734e+00
4.308000e-05	8.149949e-02	-8.159571e+00
4.309000e-05	-3.242750e-02	-8.277739e+00
4.310000e-05	3.001993e-02	-8.421006e+00
4.311000e-05	1.148829e-03	-8.548890e+00
4.312000e-05	-1.069102e-02	-8.673731e+00
4.313000e-05	4.843277e-02	-8.770954e+00
4.314000e-05	-2.049548e-02	-8.895863e+00
4.315000e-05	3.843665e-02	-8.999575e+00
4.316000e-05	-1.707355e-02	-9.074633e+00
4.317000e-05	3.601730e-02	-9.180047e+00
4.318000e-05	7.608752e-03	-9.254857e+00
4.319000e-05	9.778768e-03	-9.409998e+00
4.320000e-05	1.064698e-02	-9.454207e+00
4.321000e-05	2.270282e-03	-9.580448e+00
4.322000e-05	3.149839e-02	-9.643653e+00
4.323000e-05	3.085880e-03	-9.725817e+00
4.324000e-05	2.070026e-02	-9.760069e+00
4.325000e-05	3.040760e-03	-9.832734e+00
4.326000e-05	2.059049e-02	-9.915813e+00
4.327000e-05	1.347820e-02	-9.968346e+00
4.328000e-05	1.350504e-02	-1.002123e+01
4.329000e-05	1.112239e-02	-1.007576e+01
4.330000e-05	1.329986e-02	-1.011582e+01
4.331000e-05	2.510268e-02	-1.017852e+01
4.332000e-05	1.501955e-02	-1.020310e+01
4.333000e-05	1.793196e-02	-1.023370e+01
4.334000e-05	7.878456e-03	-1.034486e+01
4.335000e-05	1.917089e-02	-1.032847e+01
4.336000e-05	1.964419e-02	-1.037008e+01
4.337000e-05	2.025842e-02	-1.043163e+01
4.338000e-05	1.743500e-02	-1.041118e+01
4.339000e-05	1.840202e-02	-1.045316e+01
4.340000e-05	2.322694e-02	-1.044366e+01
4.341000e-05	2.203437e-02	-1.049323e+01
4.342000e-05	1.991691e-02	-1.046571e+01
4.343000e-05	1.595967e-02	-1.046426e+01
4.344000e-05	2.331555e-02	-1.048226e+01
4.345000e-05	2.476576e-02	-1.045320e+01
4.346000e-05	2.564415e-02	-1.044271e+01
4.347000e-05	2.297090e-02	-1.041266e+01
4.348000e-05	2.208026e-02	-1.040115e+01
4.349000e-05	2.714949e-02	-1.039910e+01
4.350000e-05	2.905358e-02	-1.037840e+01
4.351000e-05	2.879564e-02	-1.032339e+01
4.352000e-05	2.642439e-02	-1.026476e+01
4.353000e-05	2.896339e-02	-1.021913e+01
4.354000e-05	3.212099e-02	-1.016808e+01
4.355000e-05	3.132364e-02	-1.010644e+01
4.356000e-05	3.065728e-02	-1.007324e+01
4.357000e-05	3.039987e-02	-1.000965e+01
4.358000e-05	3.647663e-02	-9.947496e+00
4.359000e-05	3.776933e-02	-9.874338e+00
4.360000e-05	3.760237e-02	-9.841256e+00
4.361000e-05	3.712849e-02	-9.778500e+00
4.362000e-05	3.906336e-02	-9.724368e+00
4.363000e-05	4.225200e-02	-9.641732e+00
4.364000e-05	4.313500e-02	-9.577002e+00
4.365000e-05	4.143650e-02	-9.512311e+00
4.366000e-05	4.154630e-02	-9.398124e+00
4.367000e-05	4.412347e-02	-9.283863e+00
4.368000e-05	4.442006e-02	-9.167554e+00
4.369000e-05	4.177404e-02	-9.094288e+00
4.370000e-05	3.776219e-02	-8.978551e+00
4.371000e-05	3.447029e-02	-8.923864e+00
4.372000e-05	3.455735e-02	-8.779556e+00
4.373000e-05	3.159684e-02	-8.693340e+00
4.374000e-05	2.712391e-02	-8.546628e+00
4.375000e-05	2.456004e-02	-8.410360e+00
4.376000e-05	2.295149e-02	-8.355472e+00
4.377000e-05	2.284401e-02	-8.229184e+00
4.378000e-05	2.078697e-02	-8.105391e+00
4.379000e-05	1.743912e-02	-7.977028e+00
4.380000e-05	1.514843e-02	-7.871228e+00
4.381000e-05	1.519008e-02	-7.652790e+00
4.382000e-05	1.457241e-02	-7.515865e+00
4.383000e-05	1.225613e-02	-7.358099e+00
4.384000e-05	9.838947e-03	-7.239183e+00
4.385000e-05	9.491847e-03	-7.114892e+00
4.386000e-05	9.610282e-03	-6.903796e+00
4.387000e-05	8.948923e-03	-6.775926e+00
4.388000e-05	6.223635e-03	-6.630655e+00
4.389000e-05	6.205880e-03	-6.452809e+00
4.390000e-05	7.017068e-03	-6.325971e+00
4.391000e-05	7.219879e-03	-6.136447e+00
4.392000e-05	4.955970e-03	-5.987452e+00
4.393000e-05	3.611337e-03	-5.819605e+00
4.394000e-05	2.049788e-03	-5.681257e+00
4.395000e-05	3.763015e-03	-5.473943e+00
4.396000e-05	3.577745e-03	-5.253162e+00
4.397000e-05	2.360299e-03	-5.073787e+00
4.398000e-05	5.329706e-04	-4.913338e+00
4.399000e-05	2.225785e-03	-4.650662e+00
4.400000e-05	3.897495e-03	-4.503317e+00
4.401000e-05	2.027066e-03	-4.386950e+00
4.402000e-05	-4.801176e-03	-4.208525e+00
4.403000e-05	-1.314307e-03	-4.040658e+00
4.404000e-05	5.636504e-04	-3.870238e+00
4.405000e-05	5.456529e-04	-3.599682e+00
4.406000e-05	-4.597642e-03	-3.460232e+00
4.407000e-05	-4.060577e-03	-3.291739e+00
4.408000e-05	-1.882347e-03	-3.132915e+00
4.409000e-05	1.294567e-03	-2.862714e+00
4.410000e-05	-3.703976e-03	-2.672843e+00
4.411000e-05	-4.591652e-03	-2.512815e+00
4.412000e-05	-7.824354e-03	-2.335346e+00
4.413000e-05	-5.537940e-04	-2.072817e+00
4.414000e-05	-2.611281e-03	-1.903845e+00
4.415000e-05	-4.195115e-03	-1.745894e+00
4.416000e-05	-8.312918e-03	-1.513945e+00
4.417000e-05	-3.951395e-03	-1.271792e+00
4.418000e-05	-5.235153e-03	-1.072261e+00
4.419000e-05	-5.760224e-03	-8.532682e-01
4.420000e-05	-9.266120e-03	-7.138697e-01
4.421000e-05	-7.485363e-03	-4.502354e-01
4.422000e-05	-3.919883e-03	-2.937869e-01
4.423000e-05	-3.208557e-03	-9.191697e-02
4.424000e-05	4.855448e-05	3.507529e-02
4.425000e-05	-1.727346e-03	3.267905e-01
4.426000e-05	-3.494484e-03	4.251316e-01
4.427000e-05	1.806810e-04	6.439289e-01
4.428000e-05	-2.882723e-03	8.004498e-01
4.429000e-05	-4.490782e-03	9.729946e-01
4.430000e-05	-2.915785e-03	1.203579e+00
4.431000e-05	1.831677e-02	1.410999e+00
4.432000e-05	8.204247e-02	1.676080e+00
4.433000e-05	1.949331e-02	1.917712e+00
4.434000e-05	-5.953282e-02	2.096737e+00
4.435000e-05	-3.652185e-02	2.275659e+00
4.436000e-05	-1.011764e-01	2.422000e+00
4.437000e-05	-6.488806e-03	2.579892e+00
4.438000e-05	1.248906e-01	2.791397e+00
4.439000e-05	-1.812912e-01	2.979293e+00
4.440000e-05	8.257713e-02	3.076760e+00
4.441000e-05	8.913858e-02	3.350816e+00
4.442000e-05	-1.377881e-01	3.538791e+00
4.443000e-05	8.122046e-02	3.674131e+00
4.444000e-05	-3.475998e-02	3.854605e+00
4.445000e-05	-9.072301e-02	4.023627e+00
4.446000e-05	7.676847e-02	4.226153e+00
4.447000e-05	-3.384965e-02	4.483680e+00
4.448000e-05	1.135276e-02	4.631569e+00
4.449000e-05	2.262993e-02	4.822823e+00
4.450000e-05	-7.219701e-02	5.053053e+00
4.451000e-05	3.255043e-02	5.225607e+00
4.452000e-05	-3.755778e-02	5.452579e+00
4.453000e-05	8.969814e-03	5.580892e+00
4.454000e-05	-2.359903e-02	5.769396e+00
4.455000e-05	1.461641e-02	5.949871e+00
4.456000e-05	6.139330e-03	6.126790e+00
4.457000e-05	-4.777669e-02	6.235136e+00
4.458000e-05	2.724692e-02	6.391448e+00
4.459000e-05	-4.379021e-02	6.561875e+00
4.460000e-05	-1.306842e-02	6.739320e+00
4.461000e-05	2.620319e-02	6.915736e+00
4.462000e-05	-2.025709e-02	7.063131e+00
4.463000e-05	-4.012927e-03	7.169367e+00
4.464000e-05	-2.411430e-02	7.276737e+00
4.465000e-05	-8.941562e-03	7.495230e+00
4.466000e-05	-8.802248e-03	7.643628e+00
4.467000e-05	-1.736312e-02	7.780996e+00
4.468000e-05	-7.224853e-03	7.950258e+00
4.469000e-05	-2.500173e-02	8.114754e+00
4.470000e-05	1.207174e-02	8.251028e+00
4.471000e-05	-1.473995e-02	8.338286e+00
4.472000e-05	-1.547496e-02	8.431602e+00
4.473000e-05	-2.165356e-02	8.547789e+00
4.474000e-05	-1.873530e-02	8.662582e+00
4.475000e-05	-1.527616e-03	8.736736e+00
4.476000e-05	-1.724560e-02	8.852049e+00
4.477000e-05	-1.302539e-02	8.947817e+00
4.478000e-05	-1.847622e-02	9.085080e+00
4.479000e-05	-8.396123e-03	9.198451e+00
4.480000e-05	-1.156992e-02	9.243128e+00
4.481000e-05	-2.150860e-02	9.326337e+00
4.482000e-05	-2.217047e-02	9.411477e+00
4.483000e-05	-1.893482e-02	9.464735e+00
4.484000e-05	-8.869607e-03	9.588971e+00
4.485000e-05	-1.876543e-02	9.644129e+00
4.486000e-05	-2.081273e-02	9.756342e+00
4.487000e-05	-2.060701e-02	9.789999e+00
4.488000e-05	-1.470560e-02	9.864731e+00
4.489000e-05	-1.755106e-02	9.987889e+00
4.490000e-05	-2.515702e-02	1.002000e+01
4.491000e-05	-2.263979e-02	1.007361e+01
4.492000e-05	-1.758389e-02	1.007426e+01
4.493000e-05	-1.498422e-02	1.010621e+01
4.494000e-05	-2.434296e-02	1.014842e+01
4.495000e-05	-2.890324e-02	1.017950e+01
4.496000e-05	-2.681487e-02	1.023165e+01
4.497000e-05	-2.116822e-02	1.025281e+01
4.498000e-05	-2.072542e-02	1.027428e+01
4.499000e-05	-2.736604e-02	1.031476e+01
4.500000e-05	-2.738498e-02	1.033679e+01
4.501000e-05	-2.540510e-02	1.032634e+01
4.502000e-05	-2.299862e-02	1.034629e+01
4.503000e-05	-2.694711e-02	1.031637e+01
4.504000e-05	-3.293921e-02	1.037586e+01
4.505000e-05	-3.291135e-02	1.033742e+01
4.506000e-05	-2.717623e-02	1.031487e+01
4.507000e-05	-2.787212e-02	1.031527e+01
4.508000e-05	-3.220857e-02	1.034579e+01
4.509000e-05	-3.537105e-02	1.030426e+01
4.510000e-05	-3.529411e-02	1.030476e+01
4.511000e-05	-3.257218e-02	1.026368e+01
4.512000e-05	-3.452542e-02	1.029016e+01
4.513000e-05	-3.830586e-02	1.021850e+01
4.514000e-05	-3.914739e-02	1.015737e+01
4.515000e-05	-3.715686e-02	1.015434e+01
4.516000e-05	-3.842116e-02	1.010281e+01
4.517000e-05	-4.076613e-02	1.004166e+01
4.518000e-05	-4.351299e-02	1.000960e+01
4.519000e-05	-4.496080e-02	9.955840e+00
4.520000e-05	-4.281123e-02	9.822208e+00
4.521000e-05	-4.420145e-02	9.818050e+00
4.522000e-05	-4.699736e-02	9.724812e+00
4.523000e-05	-5.049985e-02	9.639133e+00
4.524000e-05	-5.005859e-02	9.555416e+00
4.525000e-05	-5.009484e-02	9.483714e+00
4.526000e-05	-5.226062e-02	9.399528e+00
4.527000e-05	-5.481171e-02	9.334862e+00
4.528000e-05	-5.524150e-02	9.281734e+00
4.529000e-05	-5.179021e-02	9.176996e+00
4.530000e-05	-4.943552e-02	9.068585e+00
4.531000e-05	-4.798368e-02	8.954287e+00
4.532000e-05	-4.667852e-02	8.798054e+00
4.533000e-05	-4.410381e-02	8.744866e+00
4.534000e-05	-3.808443e-02	8.619080e+00
4.535000e-05	-3.736819e-02	8.545764e+00
4.536000e-05	-3.582432e-02	8.408053e+00
4.537000e-05	-3.547260e-02	8.354289e+00
4.538000e-05	-3.091229e-02	8.198401e+00
4.539000e-05	-3.017172e-02	8.030728e+00
4.540000e-05	-2.616594e-02	7.933316e+00
4.541000e-05	-2.820755e-02	7.757505e+00
4.542000e-05	-2.605844e-02	7.691183e+00
4.543000e-05	-2.417426e-02	7.532846e+00
4.544000e-05	-1.957543e-02	7.375821e+00
4.545000e-05	-2.345391e-02	7.175974e+00
4.546000e-05	-2.296966e-02	7.059655e+00
4.547000e-05	-2.249751e-02	6.903786e+00
4.548000e-05	-1.834861e-02	6.776495e+00
4.549000e-05	-1.866531e-02	6.615548e+00
4.550000e-05	-1.898221e-02	6.399155e+00
4.551000e-05	-1.857658e-02	6.253237e+00
4.552000e-05	-1.519273e-02	6.123391e+00
4.553000e-05	-1.432462e-02	5.978474e+00
4.554000e-05	-1.648573e-02	5.889029e+00
4.555000e-05	-1.696914e-02	5.609629e+00
4.556000e-05	-1.601199e-02	5.471183e+00
4.557000e-05	-1.377099e-02	5.281288e+00
4.558000e-05	-1.398509e-02	5.101261e+00
4.559000e-05	-1.525206e-02	4.849607e+00
4.560000e-05	-1.358154e-02	4.722262e+00
4.561000e-05	-1.227997e-02	4.493266e+00
4.562000e-05	-1.076148e-02	4.355396e+00
4.563000e-05	-1.186442e-02	4.144865e+00
4.564000e-05	-1.288792e-02	3.974850e+00
4.565000e-05	-1.304965e-02	3.788028e+00
4.566000e-05	-1.112679e-02	3.630505e+00
4.567000e-05	-1.049522e-02	3.448207e+00
4.568000e-05	-1.145319e-02	3.208632e+00
4.569000e-05	-1.062300e-02	3.069684e+00
4.570000e-05	-9.404244e-03	2.861183e+00
4.571000e-05	-7.906483e-03	2.743738e+00
4.572000e-05	-8.606465e-03	2.450639e+00
4.573000e-05	-1.043021e-02	2.251208e+00
4.574000e-05	-9.619703e-03	2.082684e+00
4.575000e-05	-9.406763e-03	1.912317e+00
4.576000e-05	-8.063549e-03	1.702282e+00
4.577000e-05	-8.496597e-03	1.512288e+00
4.578000e-05	-8.031384e-03	1.312736e+00
4.579000e-05	-8.491505e-03	1.111113e+00
4.580000e-05	-5.028765e-03	8.390763e-01
4.581000e-05	-6.727302e-03	6.406828e-01
4.582000e-05	-5.901605e-03	4.616303e-01
4.583000e-05	-6.249461e-03	3.082142e-01
4.584000e-05	-4.739703e-03	2.953268e-02
4.585000e-05	-2.549960e-05	-1.368158e-01
4.586000e-05	5.072521e-03	-3.178407e-01
4.587000e-05	-2.087904e-03	-4.772316e-01
4.588000e-05	9.247501e-04	-6.998108e-01
4.589000e-05	-1.258722e-03	-8.561580e-01
4.590000e-05	-5.674773e-04	-1.004178e+00
4.591000e-05	-1.403898e-03	-1.211575e+00
4.592000e-05	2.343609e-02	-1.466632e+00
4.593000e-05	1.176299e-01	-1.636106e+00
4.594000e-05	-2.183742e-02	-1.867734e+00
4.595000e-05	-2.823048e-02	-2.245525e+00
4.596000e-05	-6.125100e-02	-2.434104e+00
4.597000e-05	-1.019873e-01	-2.516793e+00
4.598000e-05	1.850344e-01	-2.516894e+00
4.599000e-05	-9.577001e-02	-2.762921e+00
4.600000e-05	-6.408166e-02	-3.077289e+00
4.601000e-05	2.223472e-01	-3.149970e+00
4.602000e-05	-1.494144e-01	-3.391967e+00
4.603000e-05	9.319297e-03	-3.580398e+00
4.604000e-05	1.325537e-01	-3.688261e+00
4.605000e-05	-1.873404e-01	-3.981448e+00
4.606000e-05	8.728831e-02	-4.127395e+00
4.607000e-05	2.669484e-02	-4.259183e+00
4.608000e-05	-6.515538e-02	-4.507864e+00
4.609000e-05	1.810576e-01	-4.644731e+00
4.610000e-05	-1.517247e-01	-4.845559e+00
4.611000e-05	4.978791e-02	-5.054658e+00
4.612000e-05	4.249347e-02	-5.201550e+00
4.613000e-05	-9.722387e-02	-5.496133e+00
4.614000e-05	1.330323e-01	-5.603083e+00
4.615000e-05	-8.699999e-02	-5.803000e+00
4.616000e-05	8.430496e-02	-5.970394e+00
4.617000e-05	-1.532161e-02	-6.077733e+00
4.618000e-05	-3.568304e-02	-6.327444e+00
4.619000e-05	9.732380e-02	-6.443713e+00
4.620000e-05	-1.260661e-01	-6.613048e+00
4.621000e-05	1.149229e-01	-6.758395e+00
4.622000e-05	-1.958421e-02	-6.907761e+00
4.623000e-05	5.088123e-04	-7.107712e+00
4.624000e-05	6.102274e-02	-7.253208e+00
4.625000e-05	-8.050677e-02	-7.371999e+00
4.626000e-05	9.497938e-02	-7.547813e+00
4.627000e-05	-5.864947e-02	-7.636234e+00
4.628000e-05	4.758285e-02	-7.853707e+00
4.629000e-05	-9.892273e-03	-7.961021e+00
4.630000e-05	3.830762e-03	-8.108337e+00
4.631000e-05	5.667208e-02	-8.214078e+00
4.632000e-05	-3.800628e-02	-8.368838e+00
4.633000e-05	5.672712e-02	-8.462732e+00
4.634000e-05	-4.244817e-02	-8.590550e+00
4.635000e-05	4.233827e-02	-8.718891e+00
4.636000e-05	2.745421e-03	-8.852157e+00
4.637000e-05	8.209241e-03	-8.916392e+00
4.638000e-05	1.637628e-02	-9.011629e+00
4.639000e-05	-3.634479e-03	-9.116819e+00
4.640000e-05	4.117963e-02	-9.222153e+00
4.641000e-05	-4.058299e-03	-9.276913e+00
4.642000e-05	2.180256e-02	-9.401524e+00
4.643000e-05	-6.386526e-03	-9.506266e+00
4.644000e-05	2.109402e-02	-9.579952e+00
4.645000e-05	1.564163e-02	-9.713710e+00
4.646000e-05	1.177987e-02	-9.746896e+00
4.647000e-05	1.514503e-02	-9.820626e+00
4.648000e-05	8.222363e-03	-9.883734e+00
4.649000e-05	2.284524e-02	-9.936913e+00
4.650000e-05	1.171259e-02	-9.959975e+00
4.651000e-05	1.523373e-02	-1.004321e+01
4.652000e-05	5.597166e-03	-1.005633e+01
4.653000e-05	2.120997e-02	-1.013744e+01
4.654000e-05	2.065229e-02	-1.016057e+01
4.655000e-05	1.736275e-02	-1.021110e+01
4.656000e-05	1.122213e-02	-1.027533e+01
4.657000e-05	1.146685e-02	-1.031627e+01
4.658000e-05	2.274997e-02	-1.038752e+01
4.659000e-05	2.062967e-02	-1.038898e+01
4.660000e-05	1.796268e-02	-1.045160e+01
4.661000e-05	1.508137e-02	-1.042058e+01
4.662000e-05	2.046291e-02	-1.045421e+01
4.663000e-05	2.280934e-02	-1.043371e+01
4.664000e-05	2.210663e-02	-1.046476e+01
4.665000e-05	1.677885e-02	-1.045273e+01
4.666000e-05	1.845773e-02	-1.049271e+01
4.667000e-05	2.586263e-02	-1.046224e+01
4.668000e-05	2.624604e-02	-1.047318e+01
4.669000e-05	2.416199e-02	-1.045068e+01
4.670000e-05	2.004666e-02	-1.042168e+01
4.671000e-05	2.317675e-02	-1.042005e+01
4.672000e-05	2.981937e-02	-1.038908e+01
4.673000e-05	2.968687e-02	-1.030645e+01
4.674000e-05	2.747894e-02	-1.030486e+01
4.675000e-05	2.708917e-02	-1.024226e+01
4.676000e-05	3.178394e-02	-1.019763e+01
4.677000e-05	3.277286e-02	-1.013795e+01
4.678000e-05	3.056792e-02	-1.011539e+01
4.679000e-05	2.906264e-02	-1.006213e+01
4.680000e-05	3.182527e-02	-9.968571e+00
4.681000e-05	3.801362e-02	-9.915893e+00
4.682000e-05	3.811610e-02	-9.894760e+00
4.683000e-05	3.799766e-02	-9.840583e+00
4.684000e-05	3.741454e-02	-9.736423e+00
4.685000e-05	4.119382e-02	-9.674337e+00
4.686000e-05	4.392028e-02	-9.620106e+00
4.687000e-05	4.221444e-02	-9.555918e+00
4.688000e-05	3.932909e-02	-9.490261e+00
4.689000e-05	4.195007e-02	-9.317447e+00
4.690000e-05	4.375815e-02	-9.231158e+00
4.691000e-05	4.398243e-02	-9.136496e+00
4.692000e-05	4.161302e-02	-9.042733e+00
4.693000e-05	3.736848e-02	-8.935942e+00
4.694000e-05	3.312449e-02	-8.832162e+00
4.695000e-05	3.284278e-02	-8.756375e+00
4.696000e-05	3.063746e-02	-8.620232e+00
4.697000e-05	2.702467e-02	-8.523339e+00
4.698000e-05	2.271299e-02	-8.408500e+00
4.699000e-05	2.187726e-02	-8.313316e+00
4.700000e-05	2.262839e-02	-8.117000e+00
4.701000e-05	2.080998e-02	-8.081680e+00
4.702000e-05	1.767430e-02	-7.936413e+00
4.703000e-05	1.436595e-02	-7.743501e+00
4.704000e-05	1.392079e-02	-7.589050e+00
4.705000e-05	1.391918e-02	-7.441209e+00
4.706000e-05	1.288298e-02	-7.345343e+00
4.707000e-05	9.878436e-03	-7.177052e+00
4.708000e-05	8.448908e-03	-7.039684e+00
4.709000e-05	9.264522e-03	-6.800284e+00
4.710000e-05	8.626801e-03	-6.723892e+00
4.711000e-05	7.467862e-03	-6.577974e+00
4.712000e-05	5.666531e-03	-6.391080e+00
4.713000e-05	5.438391e-03	-6.271340e+00
4.714000e-05	6.029258e-03	-6.042760e+00
4.715000e-05	4.794043e-03	-5.883842e+00
4.716000e-05	3.009837e-03	-5.775999e+00
4.717000e-05	1.919459e-03	-5.600106e+00
4.718000e-05	3.139302e-03	-5.417656e+00
4.719000e-05	3.574484e-03	-5.187578e+00
4.720000e-05	1.224607e-03	-5.008578e+00
4.721000e-05	1.922182e-03	-4.808601e+00
4.722000e-05	8.999277e-04	-4.599031e+00
4.723000e-05	2.702927e-03	-4.431158e+00
4.724000e-05	-1.205375e-03	-4.273788e+00
4.725000e-05	-8.160339e-04	-4.142895e+00
4.726000e-05	-8.268187e-04	-3.977100e+00
4.727000e-05	-1.073506e-03	-3.744947e+00
4.728000e-05	-3.131018e-03	-3.555474e+00
4.729000e-05	-2.410804e-03	-3.378527e+00
4.730000e-05	-3.074783e-03	-3.210105e+00
4.731000e-05	-2.409164e-03	-2.997030e+00
4.732000e-05	-2.114084e-03	-2.786581e+00
4.733000e-05	-3.380809e-03	-2.636626e+00
4.734000e-05	-4.999104e-03	-2.400632e+00
4.735000e-05	-3.884632e-03	-2.250163e+00
4.736000e-05	-2.783950e-03	-2.010104e+00
4.737000e-05	-3.169139e-03	-1.821683e+00
4.738000e-05	-5.091008e-03	-1.680685e+00
4.739000e-05	-6.037862e-03	-1.450136e+00
4.740000e-05	-6.830413e-03	-1.178201e+00
4.741000e-05	-6.802154e-03	-9.885778e-01
4.742000e-05	-7.709822e-03	-8.191327e-01
4.743000e-05	-7.058933e-03	-6.065726e-01
4.744000e-05	-5.314472e-03	-4.180276e-01
4.745000e-05	-4.663430e-03	-1.891564e-01
4.746000e-05	-3.067052e-03	-5.015663e-02
4.747000e-05	2.500072e-03	1.228408e-01
4.748000e-05	-4.410762e-03	3.803986e-01
4.749000e-05	-1.561674e-03	5.482870e-01
4.750000e-05	-3.181601e-03	7.277381e-01
4.751000e-05	-2.865784e-03	8.945539e-01
4.752000e-05	-4.591103e-03	1.097238e+00
4.753000e-05	4.155201e-03	1.307161e+00
4.754000e-05	3.975868e-02	1.499188e+00
4.755000e-05	8.289859e-02	1.760767e+00
4.756000e-05	-3.583631e-02	1.980945e+00
4.757000e-05	-4.643739e-02	2.201769e+00
4.758000e-05	-5.270761e-02	2.368341e+00
4.759000e-05	-1.049392e-01	2.502679e+00
4.760000e-05	1.017576e-01	2.635558e+00
4.761000e-05	-3.809340e-03	2.865159e+00
4.762000e-05	-1.539249e-01	3.011971e+00
4.763000e-05	1.942404e-01	3.170417e+00
4.764000e-05	-5.970546e-02	3.485027e+00
4.765000e-05	-6.019027e-02	3.589473e+00
4.766000e-05	9.271293e-02	3.738813e+00
4.767000e-05	-1.170820e-01	3.939266e+00
4.768000e-05	-5.751309e-03	4.117261e+00
4.769000e-05	4.980269e-02	4.388389e+00
4.770000e-05	-4.579745e-02	4.546263e+00
4.771000e-05	5.412969e-02	4.696686e+00
4.772000e-05	-4.291712e-02	4.906611e+00
4.773000e-05	-2.044298e-02	5.138236e+00
4.774000e-05	1.227451e-02	5.349237e+00
4.775000e-05	-3.514568e-02	5.486241e+00
4.776000e-05	1.235543e-02	5.625678e+00
4.777000e-05	-3.018091e-02	5.854109e+00
4.778000e-05	3.025516e-02	6.032054e+00
4.779000e-05	-2.957277e-02	6.199974e+00
4.780000e-05	-1.685985e-02	6.307341e+00
4.781000e-05	1.574302e-02	6.476154e+00
4.782000e-05	-5.710987e-02	6.654582e+00
4.783000e-05	2.651851e-02	6.803575e+00
4.784000e-05	-2.286778e-03	6.959940e+00
4.785000e-05	-1.491098e-02	7.106788e+00
4.786000e-05	-1.016958e-02	7.211522e+00
4.787000e-05	-2.547833e-02	7.392396e+00
4.788000e-05	8.285075e-04	7.518417e+00
4.789000e-05	-2.304439e-02	7.696235e+00
4.790000e-05	-3.195572e-03	7.853655e+00
4.791000e-05	-2.092138e-02	7.991046e+00
4.792000e-05	-6.135529e-03	8.147368e+00
4.793000e-05	3.183417e-03	8.284633e+00
4.794000e-05	-2.029721e-02	8.360396e+00
4.795000e-05	-1.398957e-02	8.455185e+00
4.796000e-05	-2.749781e-02	8.569872e+00
4.797000e-05	-7.976472e-03	8.664186e+00
4.798000e-05	-8.905147e-03	8.758892e+00
4.799000e-05	-1.283031e-02	8.886127e+00
4.800000e-05	-1.537733e-02	8.981920e+00
4.801000e-05	-1.507124e-02	9.115262e+00
4.802000e-05	-8.160814e-03	9.230473e+00
4.803000e-05	-1.770639e-02	9.275184e+00
4.804000e-05	-2.362621e-02	9.389294e+00
4.805000e-05	-2.329112e-02	9.434203e+00
4.806000e-05	-1.280681e-02	9.546817e+00
4.807000e-05	-1.013475e-02	9.609002e+00
4.808000e-05	-1.929077e-02	9.703787e+00
4.809000e-05	-2.058166e-02	9.758466e+00
4.810000e-05	-1.894456e-02	9.872004e+00
4.811000e-05	-1.689712e-02	9.926813e+00
4.812000e-05	-2.029480e-02	9.979945e+00
4.813000e-05	-2.510510e-02	1.004258e+01
4.814000e-05	-2.276351e-02	1.004321e+01
4.815000e-05	-1.659583e-02	1.011521e+01
4.816000e-05	-1.467971e-02	1.014932e+01
4.817000e-05	-2.235650e-02	1.020952e+01
4.818000e-05	-2.756645e-02	1.024112e+01
4.819000e-05	-2.735313e-02	1.026255e+01
4.820000e-05	-2.241327e-02	1.028316e+01
4.821000e-05	-2.286257e-02	1.030524e+01
4.822000e-05	-2.803419e-02	1.031631e+01
4.823000e-05	-2.824668e-02	1.032481e+01
4.824000e-05	-2.314910e-02	1.036531e+01
4.825000e-05	-2.224520e-02	1.035539e+01
4.826000e-05	-2.691536e-02	1.034679e+01
4.827000e-05	-3.396829e-02	1.034735e+01
4.828000e-05	-3.098775e-02	1.033689e+01
4.829000e-05	-2.928834e-02	1.035589e+01
4.830000e-05	-2.919770e-02	1.033579e+01
4.831000e-05	-3.375343e-02	1.031534e+01
4.832000e-05	-3.413300e-02	1.032481e+01
4.833000e-05	-3.457922e-02	1.023378e+01
4.834000e-05	-3.322921e-02	1.025121e+01
4.835000e-05	-3.511275e-02	1.021213e+01
4.836000e-05	-3.818247e-02	1.018750e+01
4.837000e-05	-3.946673e-02	1.013542e+01
4.838000e-05	-3.876585e-02	1.012431e+01
4.839000e-05	-3.997274e-02	1.006320e+01
4.840000e-05	-4.178099e-02	1.002168e+01
4.841000e-05	-4.284777e-02	9.978945e+00
4.842000e-05	-4.370629e-02	9.904290e+00
4.843000e-05	-4.276873e-02	9.840625e+00
4.844000e-05	-4.508487e-02	9.766869e+00
4.845000e-05	-4.874431e-02	9.661687e+00
4.846000e-05	-5.094245e-02	9.597500e+00
4.847000e-05	-5.014907e-02	9.554315e+00
4.848000e-05	-5.104709e-02	9.432082e+00
4.849000e-05	-5.355571e-02	9.385515e+00
4.850000e-05	-5.433523e-02	9.272711e+00
4.851000e-05	-5.246102e-02	9.200101e+00
4.852000e-05	-5.061211e-02	9.114868e+00
4.853000e-05	-4.911075e-02	9.007046e+00
4.854000e-05	-4.808773e-02	8.861688e+00
4.855000e-05	-4.589320e-02	8.796966e+00
4.856000e-05	-4.144507e-02	8.663288e+00
4.857000e-05	-3.862903e-02	8.587429e+00
4.858000e-05	-3.630226e-02	8.472185e+00
4.859000e-05	-3.690386e-02	8.387998e+00
4.860000e-05	-3.497799e-02	8.261282e+00
4.861000e-05	-2.911387e-02	8.163300e+00
4.862000e-05	-2.667431e-02	7.969551e+00
4.863000e-05	-2.904968e-02	7.902756e+00
4.864000e-05	-2.724141e-02	7.754919e+00
4.865000e-05	-2.448818e-02	7.649078e+00
4.866000e-05	-2.069697e-02	7.491181e+00
4.867000e-05	-2.279730e-02	7.232238e+00
4.868000e-05	-2.394580e-02	7.146917e+00
4.869000e-05	-2.267644e-02	7.016949e+00
4.870000e-05	-1.930687e-02	6.829704e+00
4.871000e-05	-1.762691e-02	6.721238e+00
4.872000e-05	-1.772630e-02	6.514367e+00
4.873000e-05	-1.898092e-02	6.345370e+00
4.874000e-05	-1.668415e-02	6.186627e+00
4.875000e-05	-1.488528e-02	6.082209e+00
4.876000e-05	-1.471469e-02	5.933396e+00
4.877000e-05	-1.676065e-02	5.725896e+00
4.878000e-05	-1.650324e-02	5.584918e+00
4.879000e-05	-1.373807e-02	5.378455e+00
4.880000e-05	-1.295822e-02	5.237549e+00
4.881000e-05	-1.375117e-02	5.005496e+00
4.882000e-05	-1.536673e-02	4.787498e+00
4.883000e-05	-1.276538e-02	4.608630e+00
4.884000e-05	-1.158943e-02	4.471107e+00
4.885000e-05	-1.123307e-02	4.292210e+00
4.886000e-05	-1.189246e-02	4.080211e+00
4.887000e-05	-1.229347e-02	3.892789e+00
4.888000e-05	-1.154230e-02	3.713843e+00
4.889000e-05	-9.933840e-03	3.575450e+00
4.890000e-05	-1.055588e-02	3.323343e+00
4.891000e-05	-1.118667e-02	3.163796e+00
4.892000e-05	-1.105504e-02	2.965950e+00
4.893000e-05	-8.966457e-03	2.808049e+00
4.894000e-05	-8.287694e-03	2.624978e+00
4.895000e-05	-8.169032e-03	2.385375e+00
4.896000e-05	-9.802392e-03	2.197547e+00
4.897000e-05	-9.478620e-03	2.029051e+00
4.898000e-05	-7.917817e-03	1.798575e+00
4.899000e-05	-8.859415e-03	1.616499e+00
4.900000e-05	-8.430126e-03	1.407553e+00
4.901000e-05	-8.594247e-03	1.179554e+00
4.902000e-05	-6.476730e-03	9.838445e-01
4.903000e-05	-5.723335e-03	7.558722e-01
4.904000e-05	-6.683343e-03	5.738460e-01
4.905000e-05	-6.701761e-03	3.880237e-01
4.906000e-05	-3.738185e-03	2.245199e-01
4.907000e-05	-4.110133e-03	-5.127651e-03
4.908000e-05	7.898917e-04	-2.135527e-01
4.909000e-05	3.554583e-05	-3.824699e-01
4.910000e-05	-3.621494e-04	-5.633985e-01
4.911000e-05	2.251132e-03	-7.709250e-01
4.912000e-05	-1.711905e-03	-9.403684e-01
4.913000e-05	-7.187204e-04	-1.067288e+00
4.914000e-05	3.176336e-03	-1.317736e+00
4.915000e-05	6.428967e-02	-1.539816e+00
4.916000e-05	8.438006e-02	-1.750292e+00
4.917000e-05	-5.994356e-02	-2.003576e+00
4.918000e-05	-1.400315e-02	-2.338239e+00
4.919000e-05	-1.186596e-01	-2.514754e+00
4.920000e-05	3.622564e-02	-2.537370e+00
4.921000e-05	1.285595e-01	-2.624574e+00
4.922000e-05	-1.996468e-01	-2.899313e+00
4.923000e-05	1.215047e-01	-3.137912e+00
4.924000e-05	9.007116e-02	-3.214079e+00
4.925000e-05	-1.926847e-01	-3.496234e+00
4.926000e-05	1.543421e-01	-3.611503e+00
4.927000e-05	-3.567465e-02	-3.812001e+00
4.928000e-05	-1.330703e-01	-4.054580e+00
4.929000e-05	1.613005e-01	-4.200999e+00
4.930000e-05	-1.076222e-01	-4.390400e+00
4.931000e-05	8.893061e-02	-4.582474e+00
4.932000e-05	6.819360e-02	-4.738262e+00
4.933000e-05	-1.460319e-01	-4.970865e+00
4.934000e-05	1.438923e-01	-5.107316e+00
4.935000e-05	-9.505584e-02	-5.350380e+00
4.936000e-05	3.194211e-02	-5.576918e+00
4.937000e-05	4.964345e-02	-5.687260e+00
4.938000e-05	-5.614943e-02	-5.885732e+00
4.939000e-05	1.161280e-01	-6.001070e+00
4.940000e-05	-1.023562e-01	-6.194599e+00
4.941000e-05	7.904546e-02	-6.400999e+00
4.942000e-05	-1.818566e-02	-6.507839e+00
4.943000e-05	-5.387151e-02	-6.694758e+00
4.944000e-05	1.255449e-01	-6.782574e+00
4.945000e-05	-8.734799e-02	-7.015054e+00
4.946000e-05	8.882315e-02	-7.170420e+00
4.947000e-05	-3.980110e-02	-7.286236e+00
4.948000e-05	6.499402e-03	-7.443205e+00
4.949000e-05	5.036033e-02	-7.540420e+00
4.950000e-05	-5.214344e-02	-7.779971e+00
4.951000e-05	7.387011e-02	-7.905912e+00
4.952000e-05	-5.410113e-02	-8.054679e+00
4.953000e-05	6.943468e-02	-8.137921e+00
4.954000e-05	-1.273468e-02	-8.294259e+00
4.955000e-05	8.514928e-03	-8.400550e+00
4.956000e-05	2.240367e-02	-8.466940e+00
4.957000e-05	-2.645255e-02	-8.674107e+00
4.958000e-05	5.679110e-02	-8.791073e+00
4.959000e-05	-2.242942e-02	-8.886283e+00
4.960000e-05	3.695699e-02	-8.968446e+00
4.961000e-05	-1.005383e-02	-9.075704e+00
4.962000e-05	2.541735e-02	-9.168449e+00
4.963000e-05	1.644188e-02	-9.233755e+00
4.964000e-05	1.363705e-03	-9.359470e+00
4.965000e-05	1.496273e-02	-9.444204e+00
4.966000e-05	-2.271644e-03	-9.528498e+00
4.967000e-05	3.397836e-02	-9.623655e+00
4.968000e-05	5.627628e-03	-9.697265e+00
4.969000e-05	2.005028e-02	-9.770475e+00
4.970000e-05	4.505005e-03	-9.843205e+00
4.971000e-05	1.646235e-02	-9.905713e+00
4.972000e-05	1.673747e-02	-9.948893e+00
4.973000e-05	1.097036e-02	-9.999601e+00
4.974000e-05	1.288918e-02	-1.004271e+01
4.975000e-05	1.084825e-02	-1.011686e+01
4.976000e-05	2.598858e-02	-1.015792e+01
4.977000e-05	1.617937e-02	-1.022055e+01
4.978000e-05	1.746700e-02	-1.024471e+01
4.979000e-05	7.692713e-03	-1.028483e+01
4.980000e-05	1.783123e-02	-1.034692e+01
4.981000e-05	2.091093e-02	-1.037045e+01
4.982000e-05	1.999782e-02	-1.043210e+01
4.983000e-05	1.688745e-02	-1.044108e+01
4.984000e-05	1.754377e-02	-1.045269e+01
4.985000e-05	2.257455e-02	-1.046369e+01
4.986000e-05	2.216755e-02	-1.045325e+01
4.987000e-05	2.027518e-02	-1.045323e+01
4.988000e-05	1.590456e-02	-1.049273e+01
4.989000e-05	2.269038e-02	-1.046366e+01
4.990000e-05	2.547523e-02	-1.047226e+01
4.991000e-05	2.592809e-02	-1.044226e+01
4.992000e-05	2.296787e-02	-1.044263e+01
4.993000e-05	2.153396e-02	-1.038115e+01
4.994000e-05	2.628692e-02	-1.035115e+01
4.995000e-05	2.968630e-02	-1.032855e+01
4.996000e-05	2.870315e-02	-1.036646e+01
4.997000e-05	2.676150e-02	-1.030476e+01
4.998000e-05	2.983331e-02	-1.021013e+01
4.999000e-05	3.330989e-02	-1.015953e+01
