# 260826_12:10:49.011539
t	CH1	CH2
0.000000e+00	-2.574548e-02	1.005314e+01
1.000000e-08	-3.006966e-02	1.004010e+01
2.000000e-08	-3.261289e-02	1.000045e+01
3.000000e-08	-3.375043e-02	9.907841e+00
4.000000e-08	-3.013147e-02	9.834155e+00
5.000000e-08	-3.145118e-02	9.739371e+00
6.000000e-08	-3.453602e-02	9.653109e+00
7.000000e-08	-3.630572e-02	9.580448e+00
8.000000e-08	-3.412337e-02	9.505892e+00
9.000000e-08	-3.167938e-02	9.442079e+00
1.000000e-07	-3.583898e-02	9.368947e+00
1.100000e-07	-3.858627e-02	9.305231e+00
1.200000e-07	-4.066732e-02	9.211052e+00
1.300000e-07	-3.672170e-02	9.148864e+00
1.400000e-07	-3.797301e-02	9.020475e+00
1.500000e-07	-4.073615e-02	8.886231e+00
1.600000e-07	-4.186584e-02	8.779474e+00
1.700000e-07	-4.017331e-02	8.695687e+00
1.800000e-07	-3.623656e-02	8.578973e+00
1.900000e-07	-3.883873e-02	8.475233e+00
2.000000e-07	-3.964377e-02	8.419946e+00
2.100000e-07	-4.062064e-02	8.255261e+00
2.200000e-07	-3.402270e-02	8.127335e+00
2.300000e-07	-3.438727e-02	7.981002e+00
2.400000e-07	-3.431942e-02	7.884257e+00
2.500000e-07	-3.462685e-02	7.728866e+00
2.600000e-07	-3.015701e-02	7.632054e+00
2.700000e-07	-2.743285e-02	7.445081e+00
2.800000e-07	-2.790087e-02	7.277203e+00
2.900000e-07	-2.813127e-02	7.117366e+00
3.000000e-07	-2.615865e-02	6.991596e+00
3.100000e-07	-2.399334e-02	6.854649e+00
3.200000e-07	-2.231065e-02	6.738836e+00
3.300000e-07	-2.390347e-02	6.537233e+00
3.400000e-07	-2.233298e-02	6.358916e+00
3.500000e-07	-1.940315e-02	6.243048e+00
3.600000e-07	-1.713483e-02	6.065132e+00
3.700000e-07	-1.859075e-02	5.968915e+00
3.800000e-07	-1.894723e-02	5.688786e+00
3.900000e-07	-1.845788e-02	5.558441e+00
4.000000e-07	-1.632411e-02	5.370024e+00
4.100000e-07	-1.535465e-02	5.202127e+00
4.200000e-07	-1.694950e-02	4.963942e+00
4.300000e-07	-1.578233e-02	4.759439e+00
4.400000e-07	-1.328358e-02	4.611046e+00
4.500000e-07	-1.118589e-02	4.455101e+00
4.600000e-07	-1.187304e-02	4.296204e+00
4.700000e-07	-1.309939e-02	4.071573e+00
4.800000e-07	-1.336266e-02	3.936309e+00
4.900000e-07	-1.171099e-02	3.708360e+00
5.000000e-07	-1.150811e-02	3.598990e+00
5.100000e-07	-1.112821e-02	3.317365e+00
5.200000e-07	-1.182170e-02	3.180390e+00
5.300000e-07	-9.753124e-03	2.959917e+00
5.400000e-07	-9.464352e-03	2.810499e+00
5.500000e-07	-8.515201e-03	2.622020e+00
5.600000e-07	-9.925484e-03	2.360520e+00
5.700000e-07	-9.333414e-03	2.190469e+00
5.800000e-07	-8.159780e-03	2.011549e+00
5.900000e-07	-8.580218e-03	1.824049e+00
6.000000e-07	-9.851210e-03	1.594048e+00
6.100000e-07	-7.443556e-03	1.411519e+00
6.200000e-07	-6.618995e-03	1.191995e+00
6.300000e-07	-6.825964e-03	9.783660e-01
6.400000e-07	-7.713688e-03	7.489148e-01
6.500000e-07	-6.876904e-03	5.598901e-01
6.600000e-07	-5.867098e-03	4.010175e-01
6.700000e-07	-4.570483e-03	1.593399e-01
6.800000e-07	-5.705936e-03	-4.060876e-02
6.900000e-07	1.476666e-03	-2.189324e-01
7.000000e-07	3.029197e-03	-3.790046e-01
7.100000e-07	-2.202292e-03	-5.754086e-01
7.200000e-07	1.962053e-03	-8.090238e-01
7.300000e-07	-1.061790e-03	-9.464284e-01
7.400000e-07	2.641442e-04	-1.112768e+00
7.500000e-07	2.559442e-03	-1.303725e+00
7.600000e-07	5.713541e-02	-1.526776e+00
7.700000e-07	1.010178e-01	-1.744802e+00
7.800000e-07	-7.524308e-02	-2.028085e+00
7.900000e-07	-5.521571e-03	-2.365897e+00
8.000000e-07	-1.260732e-01	-2.511691e+00
8.100000e-07	3.209001e-02	-2.539347e+00
8.200000e-07	1.471939e-01	-2.610010e+00
8.300000e-07	-2.268820e-01	-2.961353e+00
8.400000e-07	1.462093e-01	-3.157875e+00
8.500000e-07	1.166839e-01	-3.220510e+00
8.600000e-07	-2.172553e-01	-3.531296e+00
8.700000e-07	1.852050e-01	-3.620035e+00
8.800000e-07	-3.550572e-02	-3.788964e+00
8.900000e-07	-1.568740e-01	-4.039690e+00
9.000000e-07	1.911136e-01	-4.209453e+00
9.100000e-07	-1.280536e-01	-4.417408e+00
9.200000e-07	9.556386e-02	-4.646562e+00
9.300000e-07	8.175271e-02	-4.725302e+00
9.400000e-07	-1.809395e-01	-5.015455e+00
9.500000e-07	1.719242e-01	-5.125896e+00
9.600000e-07	-1.163748e-01	-5.384377e+00
9.700000e-07	3.516622e-02	-5.597454e+00
9.800000e-07	5.927160e-02	-5.702769e+00
9.900000e-07	-8.209087e-02	-5.922769e+00
1.000000e-06	1.441124e-01	-5.980531e+00
1.010000e-06	-1.293064e-01	-6.298488e+00
1.020000e-06	9.387355e-02	-6.409505e+00
1.030000e-06	-1.580799e-02	-6.535247e+00
1.040000e-06	-7.409954e-02	-6.753294e+00
1.050000e-06	1.521524e-01	-6.819506e+00
1.060000e-06	-1.183451e-01	-7.048086e+00
1.070000e-06	1.084438e-01	-7.171004e+00
1.080000e-06	-5.198630e-02	-7.303217e+00
1.090000e-06	4.584754e-03	-7.493194e+00
1.100000e-06	6.372408e-02	-7.568431e+00
1.110000e-06	-7.379141e-02	-7.799006e+00
1.120000e-06	9.121193e-02	-7.944802e+00
1.130000e-06	-7.682120e-02	-8.072168e+00
1.140000e-06	8.450664e-02	-8.187403e+00
1.150000e-06	-2.212363e-02	-8.314193e+00
1.160000e-06	7.614287e-03	-8.418483e+00
1.170000e-06	2.714216e-02	-8.555273e+00
1.180000e-06	-3.895795e-02	-8.672169e+00
1.190000e-06	6.790159e-02	-8.808930e+00
1.200000e-06	-3.602077e-02	-8.923222e+00
1.210000e-06	4.347272e-02	-9.030029e+00
1.220000e-06	-1.981839e-02	-9.113190e+00
1.230000e-06	2.868705e-02	-9.198477e+00
1.240000e-06	1.599316e-02	-9.281639e+00
1.250000e-06	-2.090562e-03	-9.407934e+00
1.260000e-06	1.686941e-02	-9.483743e+00
1.270000e-06	-1.075058e-02	-9.627503e+00
1.280000e-06	3.619449e-02	-9.702164e+00
1.290000e-06	-3.123734e-03	-9.736351e+00
1.300000e-06	2.109462e-02	-9.800004e+00
1.310000e-06	2.274533e-04	-9.881690e+00
1.320000e-06	1.706639e-02	-9.924896e+00
1.330000e-06	1.456071e-02	-9.969903e+00
1.340000e-06	8.319468e-03	-1.006258e+01
1.350000e-06	1.075143e-02	-1.011419e+01
1.360000e-06	6.727329e-03	-1.012595e+01
1.370000e-06	2.592826e-02	-1.017953e+01
1.380000e-06	9.213348e-03	-1.025509e+01
1.390000e-06	1.481281e-02	-1.029434e+01
1.400000e-06	3.259561e-03	-1.031830e+01
1.410000e-06	1.665364e-02	-1.035795e+01
1.420000e-06	1.872025e-02	-1.042252e+01
1.430000e-06	1.478458e-02	-1.044106e+01
1.440000e-06	1.142654e-02	-1.047366e+01
1.450000e-06	1.285663e-02	-1.048219e+01
1.460000e-06	1.879524e-02	-1.048514e+01
1.470000e-06	1.592535e-02	-1.050431e+01
1.480000e-06	1.590073e-02	-1.052477e+01
1.490000e-06	8.695193e-03	-1.051524e+01
1.500000e-06	1.860264e-02	-1.052527e+01
1.510000e-06	1.989700e-02	-1.050331e+01
1.520000e-06	2.085541e-02	-1.051472e+01
1.530000e-06	1.574150e-02	-1.047416e+01
1.540000e-06	1.385079e-02	-1.050318e+01
1.550000e-06	2.097220e-02	-1.044203e+01
1.560000e-06	2.199900e-02	-1.041208e+01
1.570000e-06	1.863902e-02	-1.034747e+01
1.580000e-06	1.663731e-02	-1.035880e+01
1.590000e-06	2.114382e-02	-1.029481e+01
1.600000e-06	2.477309e-02	-1.024353e+01
1.610000e-06	2.173731e-02	-1.019085e+01
1.620000e-06	1.944800e-02	-1.013729e+01
1.630000e-06	1.855453e-02	-1.008213e+01
1.640000e-06	2.411048e-02	-1.001150e+01
1.650000e-06	2.683979e-02	-9.948394e+00
1.660000e-06	2.342758e-02	-9.935762e+00
1.670000e-06	2.210279e-02	-9.842580e+00
1.680000e-06	2.425820e-02	-9.749345e+00
1.690000e-06	2.866576e-02	-9.694287e+00
1.700000e-06	2.763343e-02	-9.622081e+00
1.710000e-06	2.456590e-02	-9.568421e+00
1.720000e-06	2.493872e-02	-9.485614e+00
1.730000e-06	2.997032e-02	-9.358393e+00
1.740000e-06	3.147595e-02	-9.233029e+00
1.750000e-06	3.001666e-02	-9.148396e+00
1.760000e-06	2.699284e-02	-9.055658e+00
1.770000e-06	2.856562e-02	-8.949343e+00
1.780000e-06	3.184853e-02	-8.874156e+00
1.790000e-06	3.225006e-02	-8.778499e+00
1.800000e-06	2.805442e-02	-8.635086e+00
1.810000e-06	2.727118e-02	-8.546289e+00
1.820000e-06	2.969925e-02	-8.360523e+00
1.830000e-06	3.039422e-02	-8.295736e+00
1.840000e-06	2.650893e-02	-8.149969e+00
1.850000e-06	2.204384e-02	-8.042106e+00
1.860000e-06	2.174983e-02	-7.898891e+00
1.870000e-06	2.360893e-02	-7.738886e+00
1.880000e-06	2.268977e-02	-7.560470e+00
1.890000e-06	1.787141e-02	-7.453731e+00
1.900000e-06	1.543922e-02	-7.307758e+00
1.910000e-06	1.597407e-02	-7.219971e+00
1.920000e-06	1.702641e-02	-7.022596e+00
1.930000e-06	1.303960e-02	-6.862125e+00
1.940000e-06	9.686715e-03	-6.665733e+00
1.950000e-06	1.038291e-02	-6.528912e+00
1.960000e-06	1.189391e-02	-6.378525e+00
1.970000e-06	1.130727e-02	-6.265579e+00
1.980000e-06	8.165338e-03	-6.033103e+00
1.990000e-06	5.442889e-03	-5.915736e+00
2.000000e-06	5.692370e-03	-5.697242e+00
2.010000e-06	6.700631e-03	-5.590970e+00
2.020000e-06	5.996562e-03	-5.359965e+00
2.030000e-06	2.711814e-03	-5.141896e+00
2.040000e-06	2.166259e-03	-5.020471e+00
2.050000e-06	3.956957e-03	-4.721437e+00
2.060000e-06	4.216952e-03	-4.580520e+00
2.070000e-06	2.585244e-03	-4.402526e+00
2.080000e-06	-1.681043e-03	-4.263104e+00
2.090000e-06	9.405568e-04	-4.116285e+00
2.100000e-06	-1.999286e-04	-3.928340e+00
2.110000e-06	1.128159e-03	-3.687381e+00
2.120000e-06	-1.891562e-03	-3.548864e+00
2.130000e-06	-1.161337e-03	-3.338441e+00
2.140000e-06	-2.158634e-03	-3.189999e+00
2.150000e-06	6.077904e-04	-2.960940e+00
2.160000e-06	-4.169140e-03	-2.768420e+00
2.170000e-06	-2.821692e-03	-2.630466e+00
2.180000e-06	-5.692730e-03	-2.401544e+00
2.190000e-06	-1.591682e-03	-2.172472e+00
2.200000e-06	-3.983715e-03	-1.979997e+00
2.210000e-06	-2.796155e-03	-1.793021e+00
2.220000e-06	-6.355027e-03	-1.613104e+00
2.230000e-06	-4.215986e-03	-1.422068e+00
2.240000e-06	-5.612479e-03	-1.159913e+00
2.250000e-06	-4.915136e-03	-9.594912e-01
2.260000e-06	-7.723983e-03	-7.914473e-01
2.270000e-06	-6.869417e-03	-5.299137e-01
2.280000e-06	-5.175057e-03	-3.693672e-01
2.290000e-06	-3.541219e-03	-1.609689e-01
2.300000e-06	-4.933826e-04	-2.094644e-02
2.310000e-06	1.653077e-03	2.684324e-01
2.320000e-06	-5.331262e-03	4.089813e-01
2.330000e-06	1.032740e-03	5.788545e-01
2.340000e-06	-3.065320e-03	7.274946e-01
2.350000e-06	-2.808521e-03	8.726679e-01
2.360000e-06	-4.141191e-03	1.166901e+00
2.370000e-06	1.259925e-02	1.366369e+00
2.380000e-06	7.181549e-02	1.557978e+00
2.390000e-06	5.063579e-02	1.841087e+00
2.400000e-06	-6.643034e-02	2.049608e+00
2.410000e-06	-3.575971e-02	2.240030e+00
2.420000e-06	-8.843054e-02	2.367951e+00
2.430000e-06	-4.503901e-02	2.464113e+00
2.440000e-06	1.644360e-01	2.731845e+00
2.450000e-06	-1.733098e-01	2.894720e+00
2.460000e-06	2.185263e-02	3.041058e+00
2.470000e-06	1.627430e-01	3.228065e+00
2.480000e-06	-1.581162e-01	3.534240e+00
2.490000e-06	6.546691e-02	3.599558e+00
2.500000e-06	1.031553e-02	3.756906e+00
2.510000e-06	-1.275777e-01	3.957479e+00
2.520000e-06	7.838903e-02	4.168330e+00
2.530000e-06	-1.734597e-02	4.409980e+00
2.540000e-06	-8.396296e-03	4.556930e+00
2.550000e-06	5.211017e-02	4.765303e+00
2.560000e-06	-8.583991e-02	4.955928e+00
2.570000e-06	4.170581e-02	5.217009e+00
2.580000e-06	-3.636854e-02	5.396953e+00
2.590000e-06	3.121021e-03	5.567372e+00
2.600000e-06	-1.473531e-02	5.762742e+00
2.610000e-06	-1.446529e-03	5.933248e+00
2.620000e-06	2.628401e-02	6.082163e+00
2.630000e-06	-5.473728e-02	6.230085e+00
2.640000e-06	2.663757e-02	6.387002e+00
2.650000e-06	-2.881897e-02	6.504869e+00
2.660000e-06	-2.926528e-02	6.703821e+00
2.670000e-06	3.702746e-02	6.851638e+00
2.680000e-06	-2.395400e-02	7.018109e+00
2.690000e-06	-2.263112e-03	7.167347e+00
2.700000e-06	-2.070291e-02	7.221639e+00
2.710000e-06	-1.210375e-02	7.420510e+00
2.720000e-06	1.052191e-03	7.587581e+00
2.730000e-06	-2.337605e-02	7.735348e+00
2.740000e-06	2.199554e-03	7.881619e+00
2.750000e-06	-3.042954e-02	8.099665e+00
2.760000e-06	1.502617e-02	8.157873e+00
2.770000e-06	-1.191369e-02	8.302242e+00
2.780000e-06	-1.756892e-02	8.389058e+00
2.790000e-06	-1.664872e-02	8.493715e+00
2.800000e-06	-2.240773e-02	8.619588e+00
2.810000e-06	3.967370e-03	8.663691e+00
2.820000e-06	-1.561183e-02	8.819928e+00
2.830000e-06	-9.773058e-03	8.893744e+00
2.840000e-06	-2.030409e-02	9.040559e+00
2.850000e-06	-7.706045e-03	9.187374e+00
2.860000e-06	-8.272842e-03	9.220632e+00
2.870000e-06	-2.001597e-02	9.305268e+00
2.880000e-06	-2.003057e-02	9.398955e+00
2.890000e-06	-1.946824e-02	9.443761e+00
2.900000e-06	-4.002687e-03	9.567349e+00
2.910000e-06	-1.450381e-02	9.619956e+00
2.920000e-06	-1.709004e-02	9.696191e+00
2.930000e-06	-1.944954e-02	9.806404e+00
2.940000e-06	-1.368779e-02	9.842164e+00
2.950000e-06	-1.409837e-02	9.926794e+00
2.960000e-06	-2.063279e-02	1.000998e+01
2.970000e-06	-2.160926e-02	1.004161e+01
2.980000e-06	-1.768812e-02	1.007419e+01
2.990000e-06	-1.003759e-02	1.010477e+01
3.000000e-06	-1.745175e-02	1.011735e+01
3.010000e-06	-2.212524e-02	1.017045e+01
3.020000e-06	-2.479597e-02	1.020106e+01
3.030000e-06	-1.815226e-02	1.028368e+01
3.040000e-06	-1.661539e-02	1.027422e+01
3.050000e-06	-2.126185e-02	1.030474e+01
3.060000e-06	-2.478388e-02	1.031482e+01
3.070000e-06	-2.104672e-02	1.031529e+01
3.080000e-06	-1.761320e-02	1.032732e+01
3.090000e-06	-2.096959e-02	1.035640e+01
3.100000e-06	-2.407886e-02	1.034732e+01
3.110000e-06	-3.030519e-02	1.034740e+01
3.120000e-06	-2.147938e-02	1.033684e+01
3.130000e-06	-2.074130e-02	1.032637e+01
3.140000e-06	-2.434220e-02	1.032779e+01
3.150000e-06	-2.743775e-02	1.030479e+01
3.160000e-06	-2.797317e-02	1.030576e+01
3.170000e-06	-2.416855e-02	1.027214e+01
3.180000e-06	-2.671584e-02	1.026261e+01
3.190000e-06	-2.824902e-02	1.021148e+01
3.200000e-06	-3.181924e-02	1.016897e+01
3.210000e-06	-2.822644e-02	1.011732e+01
3.220000e-06	-2.849983e-02	1.009321e+01
3.230000e-06	-2.935374e-02	1.007268e+01
3.240000e-06	-3.305549e-02	1.000150e+01
3.250000e-06	-3.218214e-02	9.997397e+00
3.260000e-06	-3.033529e-02	9.854763e+00
3.270000e-06	-2.940787e-02	9.810105e+00
3.280000e-06	-3.406344e-02	9.705813e+00
3.290000e-06	-3.616993e-02	9.621104e+00
3.300000e-06	-3.441470e-02	9.579395e+00
3.310000e-06	-3.347231e-02	9.505690e+00
3.320000e-06	-3.532040e-02	9.423528e+00
3.330000e-06	-3.899794e-02	9.326814e+00
3.340000e-06	-3.909605e-02	9.274130e+00
3.350000e-06	-3.741388e-02	9.210450e+00
3.360000e-06	-3.665648e-02	9.076814e+00
3.370000e-06	-3.849246e-02	8.956396e+00
3.380000e-06	-4.183544e-02	8.833125e+00
3.390000e-06	-4.010178e-02	8.717840e+00
3.400000e-06	-3.897474e-02	8.663555e+00
3.410000e-06	-3.837776e-02	8.538865e+00
3.420000e-06	-4.044435e-02	8.443602e+00
3.430000e-06	-3.971086e-02	8.328815e+00
3.440000e-06	-3.823407e-02	8.221051e+00
3.450000e-06	-3.314174e-02	8.064207e+00
3.460000e-06	-3.537417e-02	7.947918e+00
3.470000e-06	-3.318578e-02	7.810553e+00
3.480000e-06	-3.368791e-02	7.696161e+00
3.490000e-06	-2.921889e-02	7.557421e+00
3.500000e-06	-2.909422e-02	7.350950e+00
3.510000e-06	-2.727940e-02	7.211021e+00
3.520000e-06	-2.740308e-02	7.074659e+00
3.530000e-06	-2.457599e-02	6.938341e+00
3.540000e-06	-2.278761e-02	6.809525e+00
3.550000e-06	-2.318421e-02	6.634600e+00
3.560000e-06	-2.250810e-02	6.464182e+00
3.570000e-06	-2.209564e-02	6.295762e+00
3.580000e-06	-1.893798e-02	6.149916e+00
3.590000e-06	-1.956985e-02	6.011004e+00
3.600000e-06	-1.935320e-02	5.875679e+00
3.610000e-06	-1.892602e-02	5.625174e+00
3.620000e-06	-1.595554e-02	5.495236e+00
3.630000e-06	-1.585002e-02	5.339290e+00
3.640000e-06	-1.532959e-02	5.118260e+00
3.650000e-06	-1.735715e-02	4.885734e+00
3.660000e-06	-1.477687e-02	4.727288e+00
3.670000e-06	-1.352442e-02	4.558338e+00
3.680000e-06	-1.199884e-02	4.410948e+00
3.690000e-06	-1.373438e-02	4.223442e+00
3.700000e-06	-1.314468e-02	3.979994e+00
3.710000e-06	-1.335398e-02	3.802545e+00
3.720000e-06	-1.122102e-02	3.634579e+00
3.730000e-06	-1.127802e-02	3.486727e+00
3.740000e-06	-1.202698e-02	3.244102e+00
3.750000e-06	-1.171792e-02	3.096157e+00
3.760000e-06	-9.537613e-03	2.908256e+00
3.770000e-06	-9.261243e-03	2.768938e+00
3.780000e-06	-9.190027e-03	2.468708e+00
3.790000e-06	-1.066354e-02	2.285712e+00
3.800000e-06	-8.619637e-03	2.087311e+00
3.810000e-06	-7.563233e-03	1.948965e+00
3.820000e-06	-7.823212e-03	1.687339e+00
3.830000e-06	-9.369447e-03	1.537333e+00
3.840000e-06	-8.339271e-03	1.338408e+00
3.850000e-06	-7.492169e-03	1.127252e+00
3.860000e-06	-7.264387e-03	8.440254e-01
3.870000e-06	-7.523650e-03	6.657067e-01
3.880000e-06	-6.760740e-03	4.946805e-01
3.890000e-06	-6.043269e-03	2.979059e-01
3.900000e-06	-4.474674e-03	5.462302e-02
3.910000e-06	-3.485657e-03	-1.327456e-01
3.920000e-06	5.007992e-03	-3.027655e-01
3.930000e-06	-2.003579e-03	-4.201089e-01
3.940000e-06	2.138017e-03	-7.021916e-01
3.950000e-06	-1.183178e-03	-8.406379e-01
3.960000e-06	3.412424e-04	-1.009106e+00
3.970000e-06	-3.076729e-03	-1.197432e+00
3.980000e-06	1.204769e-02	-1.396162e+00
3.990000e-06	1.114794e-01	-1.609005e+00
4.000000e-06	8.694275e-03	-1.881040e+00
4.010000e-06	-4.854997e-02	-2.162855e+00
4.020000e-06	-3.415952e-02	-2.438555e+00
4.030000e-06	-1.419161e-01	-2.515317e+00
4.040000e-06	1.891983e-01	-2.568971e+00
4.050000e-06	-3.831302e-02	-2.723777e+00
4.060000e-06	-1.600991e-01	-3.110216e+00
4.070000e-06	2.434971e-01	-3.179926e+00
4.080000e-06	-1.097168e-01	-3.323776e+00
4.090000e-06	-8.205847e-02	-3.586976e+00
4.100000e-06	1.929684e-01	-3.652167e+00
4.110000e-06	-1.917892e-01	-3.954901e+00
4.120000e-06	2.927787e-02	-4.145847e+00
4.130000e-06	1.043294e-01	-4.262141e+00
4.140000e-06	-1.429801e-01	-4.501685e+00
4.150000e-06	2.138736e-01	-4.660661e+00
4.160000e-06	-1.140412e-01	-4.859064e+00
4.170000e-06	-1.039007e-02	-5.080610e+00
4.180000e-06	1.085299e-01	-5.198930e+00
4.190000e-06	-1.580485e-01	-5.510743e+00
4.200000e-06	1.555328e-01	-5.630133e+00
4.210000e-06	-8.626755e-02	-5.787055e+00
4.220000e-06	5.453733e-02	-5.966825e+00
4.230000e-06	4.365939e-02	-6.082664e+00
4.240000e-06	-1.009370e-01	-6.321849e+00
4.250000e-06	1.440091e-01	-6.450609e+00
4.260000e-06	-1.436946e-01	-6.598434e+00
4.270000e-06	8.889899e-02	-6.786901e+00
4.280000e-06	2.795274e-02	-6.881543e+00
4.290000e-06	-5.528759e-02	-7.155197e+00
4.300000e-06	1.083838e-01	-7.242114e+00
4.310000e-06	-1.142881e-01	-7.396930e+00
4.320000e-06	1.062172e-01	-7.535296e+00
4.330000e-06	-4.808322e-02	-7.680193e+00
4.340000e-06	2.252245e-02	-7.871667e+00
4.350000e-06	2.436962e-02	-7.997482e+00
4.360000e-06	-3.762813e-02	-8.143195e+00
4.370000e-06	8.849607e-02	-8.222031e+00
4.380000e-06	-6.662065e-02	-8.336374e+00
4.390000e-06	6.668401e-02	-8.452162e+00
4.400000e-06	-4.146598e-02	-8.627987e+00
4.410000e-06	2.835199e-02	-8.766449e+00
4.420000e-06	2.081865e-02	-8.840655e+00
4.430000e-06	-1.249944e-02	-8.956375e+00
4.440000e-06	3.523417e-02	-9.041110e+00
4.450000e-06	-2.236020e-02	-9.135848e+00
4.460000e-06	5.045895e-02	-9.240060e+00
4.470000e-06	-1.413412e-02	-9.344769e+00
4.480000e-06	2.163598e-02	-9.462064e+00
4.490000e-06	-6.489443e-03	-9.536322e+00
4.500000e-06	1.439940e-02	-9.629159e+00
4.510000e-06	2.134486e-02	-9.714241e+00
4.520000e-06	2.133962e-03	-9.780404e+00
4.530000e-06	2.075627e-02	-9.851611e+00
4.540000e-06	-1.059311e-03	-9.912793e+00
4.550000e-06	2.386720e-02	-9.946346e+00
4.560000e-06	4.379377e-03	-1.000098e+01
4.570000e-06	1.572971e-02	-1.008359e+01
4.580000e-06	4.455968e-03	-1.010425e+01
4.590000e-06	1.768020e-02	-1.022788e+01
4.600000e-06	1.843712e-02	-1.025856e+01
4.610000e-06	1.215185e-02	-1.025314e+01
4.620000e-06	1.244610e-02	-1.029720e+01
4.630000e-06	4.976799e-03	-1.035890e+01
4.640000e-06	1.873225e-02	-1.040900e+01
4.650000e-06	1.456458e-02	-1.038051e+01
4.660000e-06	1.610206e-02	-1.048211e+01
4.670000e-06	1.078297e-02	-1.048414e+01
4.680000e-06	1.612442e-02	-1.048426e+01
4.690000e-06	1.640900e-02	-1.051667e+01
4.700000e-06	1.824560e-02	-1.048424e+01
4.710000e-06	1.328121e-02	-1.052524e+01
4.720000e-06	1.170902e-02	-1.051477e+01
4.730000e-06	1.970176e-02	-1.050477e+01
4.740000e-06	1.783593e-02	-1.050524e+01
4.750000e-06	2.015577e-02	-1.052321e+01
4.760000e-06	1.587155e-02	-1.046369e+01
4.770000e-06	1.706415e-02	-1.049316e+01
4.780000e-06	2.102279e-02	-1.043261e+01
4.790000e-06	2.071922e-02	-1.041950e+01
4.800000e-06	1.944089e-02	-1.035937e+01
4.810000e-06	1.833395e-02	-1.034674e+01
4.820000e-06	2.088159e-02	-1.024466e+01
4.830000e-06	2.296799e-02	-1.024396e+01
4.840000e-06	2.256609e-02	-1.014940e+01
4.850000e-06	2.083408e-02	-1.011474e+01
4.860000e-06	2.095177e-02	-1.004105e+01
4.870000e-06	2.502988e-02	-1.000097e+01
4.880000e-06	2.452490e-02	-9.947814e+00
4.890000e-06	2.413812e-02	-9.892787e+00
4.900000e-06	2.284292e-02	-9.811021e+00
4.910000e-06	2.535995e-02	-9.726841e+00
4.920000e-06	2.769565e-02	-9.675132e+00
4.930000e-06	2.706894e-02	-9.631075e+00
4.940000e-06	2.538520e-02	-9.516788e+00
4.950000e-06	2.683036e-02	-9.443981e+00
4.960000e-06	2.908045e-02	-9.306686e+00
4.970000e-06	3.073043e-02	-9.221048e+00
4.980000e-06	2.943120e-02	-9.096791e+00
4.990000e-06	2.919396e-02	-9.023580e+00
5.000000e-06	3.024022e-02	-8.927263e+00
5.010000e-06	3.146147e-02	-8.811053e+00
5.020000e-06	2.991141e-02	-8.717867e+00
5.030000e-06	2.825027e-02	-8.551075e+00
5.040000e-06	2.792983e-02	-8.452182e+00
5.050000e-06	2.931832e-02	-8.339420e+00
5.060000e-06	2.878792e-02	-8.224050e+00
5.070000e-06	2.542033e-02	-8.088284e+00
5.080000e-06	2.335205e-02	-8.000497e+00
5.090000e-06	2.149172e-02	-7.873581e+00
5.100000e-06	2.156617e-02	-7.684209e+00
5.110000e-06	1.992950e-02	-7.539291e+00
5.120000e-06	1.774593e-02	-7.391422e+00
5.130000e-06	1.731182e-02	-7.235152e+00
5.140000e-06	1.650189e-02	-7.138842e+00
5.150000e-06	1.582112e-02	-6.919311e+00
5.160000e-06	1.275957e-02	-6.770470e+00
5.170000e-06	1.038260e-02	-6.653128e+00
5.180000e-06	1.033669e-02	-6.474713e+00
5.190000e-06	1.006770e-02	-6.356893e+00
5.200000e-06	9.244888e-03	-6.169414e+00
5.210000e-06	6.596121e-03	-5.959544e+00
5.220000e-06	6.061050e-03	-5.834129e+00
5.230000e-06	7.692288e-03	-5.666205e+00
5.240000e-06	5.910737e-03	-5.507359e+00
5.250000e-06	6.133082e-03	-5.266780e+00
5.260000e-06	2.905554e-03	-5.077259e+00
5.270000e-06	3.562625e-03	-4.896788e+00
5.280000e-06	1.880065e-03	-4.655179e+00
5.290000e-06	2.935897e-03	-4.538263e+00
5.300000e-06	-5.894752e-04	-4.351445e+00
5.310000e-06	1.831559e-03	-4.180449e+00
5.320000e-06	7.409406e-04	-4.033124e+00
5.330000e-06	2.854961e-03	-3.846178e+00
5.340000e-06	-2.542260e-03	-3.643074e+00
5.350000e-06	7.856237e-04	-3.465203e+00
5.360000e-06	-4.768888e-03	-3.292733e+00
5.370000e-06	-1.653644e-03	-3.137807e+00
5.380000e-06	-1.422676e-03	-2.857178e+00
5.390000e-06	-2.645837e-03	-2.677784e+00
5.400000e-06	-2.516692e-03	-2.507754e+00
5.410000e-06	-4.118873e-03	-2.348387e+00
5.420000e-06	-2.345377e-03	-2.077659e+00
5.430000e-06	-4.450893e-03	-1.938268e+00
5.440000e-06	-4.508989e-03	-1.717813e+00
5.450000e-06	-5.362191e-03	-1.538992e+00
5.460000e-06	-5.005219e-03	-1.276178e+00
5.470000e-06	-5.555967e-03	-1.045229e+00
5.480000e-06	-4.751115e-03	-9.167743e-01
5.490000e-06	-6.449058e-03	-7.167582e-01
5.500000e-06	-5.397545e-03	-4.456754e-01
5.510000e-06	-6.411881e-03	-2.657094e-01
5.520000e-06	-4.757823e-03	-7.725709e-02
5.530000e-06	1.599428e-03	9.214046e-02
5.540000e-06	-1.767272e-04	3.028968e-01
5.550000e-06	-2.119179e-03	4.531607e-01
5.560000e-06	-1.010700e-03	6.601128e-01
5.570000e-06	-2.826620e-03	8.089811e-01
5.580000e-06	-3.807184e-03	1.047034e+00
5.590000e-06	8.051491e-04	1.249559e+00
5.600000e-06	2.588542e-02	1.399531e+00
5.610000e-06	9.440411e-02	1.711219e+00
5.620000e-06	-1.850994e-02	1.944771e+00
5.630000e-06	-5.227754e-02	2.123242e+00
5.640000e-06	-3.970875e-02	2.316768e+00
5.650000e-06	-1.194562e-01	2.429501e+00
5.660000e-06	7.539688e-02	2.555847e+00
5.670000e-06	6.172797e-02	2.789031e+00
5.680000e-06	-2.033564e-01	2.957922e+00
5.690000e-06	2.044494e-01	3.123196e+00
5.700000e-06	-2.161222e-02	3.424806e+00
5.710000e-06	-1.108411e-01	3.557422e+00
5.720000e-06	1.257286e-01	3.671087e+00
5.730000e-06	-1.077255e-01	3.902642e+00
5.740000e-06	-3.733510e-02	4.011093e+00
5.750000e-06	8.058009e-02	4.312292e+00
5.760000e-06	-5.917718e-02	4.502217e+00
5.770000e-06	4.973115e-02	4.617710e+00
5.780000e-06	-2.069846e-02	4.808609e+00
5.790000e-06	-4.780789e-02	5.059189e+00
5.800000e-06	2.820779e-02	5.301743e+00
5.810000e-06	-4.593649e-02	5.451613e+00
5.820000e-06	3.100613e-02	5.598985e+00
5.830000e-06	-3.941254e-02	5.806554e+00
5.840000e-06	3.709704e-02	5.977450e+00
5.850000e-06	-1.740014e-02	6.164297e+00
5.860000e-06	-3.453485e-02	6.292243e+00
5.870000e-06	3.273724e-02	6.418057e+00
5.880000e-06	-6.938880e-02	6.649480e+00
5.890000e-06	1.841324e-02	6.775428e+00
5.900000e-06	1.168302e-02	6.934268e+00
5.910000e-06	-1.500503e-02	7.110140e+00
5.920000e-06	-5.432291e-04	7.186951e+00
5.930000e-06	-3.080357e-02	7.364324e+00
5.940000e-06	4.281068e-03	7.532373e+00
5.950000e-06	-1.847928e-02	7.681138e+00
5.960000e-06	-4.268045e-03	7.827960e+00
5.970000e-06	-1.809141e-02	7.956956e+00
5.980000e-06	-1.332946e-02	8.104821e+00
5.990000e-06	1.305284e-02	8.199535e+00
6.000000e-06	-1.914548e-02	8.337822e+00
6.010000e-06	-1.002456e-02	8.440632e+00
6.020000e-06	-2.659118e-02	8.546349e+00
6.030000e-06	-9.878022e-03	8.662136e+00
6.040000e-06	-4.184061e-03	8.745299e+00
6.050000e-06	-1.285677e-02	8.820081e+00
6.060000e-06	-1.295235e-02	8.935301e+00
6.070000e-06	-1.746613e-02	9.122791e+00
6.080000e-06	-4.607205e-03	9.179948e+00
6.090000e-06	-1.220378e-02	9.252137e+00
6.100000e-06	-1.918545e-02	9.354821e+00
6.110000e-06	-2.203084e-02	9.431558e+00
6.120000e-06	-1.490776e-02	9.463770e+00
6.130000e-06	-6.707082e-03	9.607951e+00
6.140000e-06	-1.646298e-02	9.662161e+00
6.150000e-06	-1.816497e-02	9.776745e+00
6.160000e-06	-1.773014e-02	9.819482e+00
6.170000e-06	-1.251114e-02	9.913796e+00
6.180000e-06	-1.441091e-02	9.957978e+00
6.190000e-06	-2.196552e-02	1.003103e+01
6.200000e-06	-2.062522e-02	1.007061e+01
6.210000e-06	-1.663553e-02	1.008219e+01
6.220000e-06	-1.175294e-02	1.016627e+01
6.230000e-06	-1.911888e-02	1.015740e+01
6.240000e-06	-2.421368e-02	1.021895e+01
6.250000e-06	-2.307528e-02	1.026213e+01
6.260000e-06	-1.671512e-02	1.029269e+01
6.270000e-06	-1.614556e-02	1.031434e+01
6.280000e-06	-2.302564e-02	1.028482e+01
6.290000e-06	-2.326336e-02	1.033827e+01
6.300000e-06	-2.146859e-02	1.031784e+01
6.310000e-06	-1.954628e-02	1.034785e+01
6.320000e-06	-2.085346e-02	1.036940e+01
6.330000e-06	-2.793413e-02	1.031784e+01
6.340000e-06	-2.636630e-02	1.033685e+01
6.350000e-06	-2.130579e-02	1.032687e+01
6.360000e-06	-2.080074e-02	1.031899e+01
6.370000e-06	-2.620397e-02	1.035739e+01
6.380000e-06	-2.858499e-02	1.032572e+01
6.390000e-06	-2.800985e-02	1.026271e+01
6.400000e-06	-2.530159e-02	1.028363e+01
6.410000e-06	-2.649275e-02	1.023308e+01
6.420000e-06	-2.966960e-02	1.019848e+01
6.430000e-06	-3.040884e-02	1.013877e+01
6.440000e-06	-2.774901e-02	1.014579e+01
6.450000e-06	-2.704114e-02	1.006366e+01
6.460000e-06	-3.048110e-02	1.003208e+01
6.470000e-06	-3.318903e-02	9.968974e+00
6.480000e-06	-3.273674e-02	9.966771e+00
6.490000e-06	-2.932674e-02	9.852104e+00
6.500000e-06	-3.109596e-02	9.789952e+00
6.510000e-06	-3.452814e-02	9.714211e+00
6.520000e-06	-3.548816e-02	9.620976e+00
6.530000e-06	-3.426381e-02	9.546293e+00
6.540000e-06	-3.238306e-02	9.483708e+00
6.550000e-06	-3.730946e-02	9.371399e+00
6.560000e-06	-3.855053e-02	9.316736e+00
6.570000e-06	-3.967654e-02	9.231528e+00
6.580000e-06	-3.555814e-02	9.148346e+00
6.590000e-06	-3.696842e-02	9.062607e+00
6.600000e-06	-3.991962e-02	8.894791e+00
6.610000e-06	-4.087627e-02	8.819470e+00
6.620000e-06	-4.012837e-02	8.715762e+00
6.630000e-06	-3.730225e-02	8.561973e+00
6.640000e-06	-3.972620e-02	8.504615e+00
6.650000e-06	-3.951778e-02	8.401924e+00
6.660000e-06	-4.005014e-02	8.285236e+00
6.670000e-06	-3.530813e-02	8.161892e+00
6.680000e-06	-3.365502e-02	8.002003e+00
6.690000e-06	-3.367378e-02	7.918108e+00
6.700000e-06	-3.443299e-02	7.748844e+00
6.710000e-06	-3.087606e-02	7.623077e+00
6.720000e-06	-2.887667e-02	7.494712e+00
6.730000e-06	-2.785454e-02	7.317182e+00
6.740000e-06	-2.859531e-02	7.168916e+00
6.750000e-06	-2.553829e-02	7.043049e+00
6.760000e-06	-2.276565e-02	6.854629e+00
6.770000e-06	-2.188079e-02	6.798971e+00
6.780000e-06	-2.217519e-02	6.529921e+00
6.790000e-06	-2.312217e-02	6.369945e+00
6.800000e-06	-2.084242e-02	6.223600e+00
6.810000e-06	-1.867736e-02	6.046238e+00
6.820000e-06	-1.845520e-02	5.948894e+00
6.830000e-06	-1.936350e-02	5.769915e+00
6.840000e-06	-1.733637e-02	5.581471e+00
6.850000e-06	-1.678525e-02	5.403049e+00
6.860000e-06	-1.489092e-02	5.242603e+00
6.870000e-06	-1.554544e-02	5.024944e+00
6.880000e-06	-1.515512e-02	4.820975e+00
6.890000e-06	-1.464533e-02	4.663550e+00
6.900000e-06	-1.226182e-02	4.496131e+00
6.910000e-06	-1.284567e-02	4.347813e+00
6.920000e-06	-1.295364e-02	4.066685e+00
6.930000e-06	-1.382389e-02	3.938863e+00
6.940000e-06	-1.165475e-02	3.768890e+00
6.950000e-06	-1.099712e-02	3.600473e+00
6.960000e-06	-9.482723e-03	3.384065e+00
6.970000e-06	-1.195342e-02	3.168895e+00
6.980000e-06	-1.153933e-02	3.001448e+00
6.990000e-06	-1.135293e-02	2.853099e+00
7.000000e-06	-9.728209e-03	2.626173e+00
7.010000e-06	-9.898599e-03	2.391446e+00
7.020000e-06	-9.928711e-03	2.193598e+00
7.030000e-06	-8.772823e-03	2.022575e+00
7.040000e-06	-7.475714e-03	1.874202e+00
7.050000e-06	-7.640785e-03	1.604622e+00
7.060000e-06	-7.475533e-03	1.434102e+00
7.070000e-06	-8.471233e-03	1.243098e+00
7.080000e-06	-7.195395e-03	9.810938e-01
7.090000e-06	-7.918526e-03	7.594186e-01
7.100000e-06	-5.541723e-03	5.809963e-01
7.110000e-06	-6.344330e-03	4.010438e-01
7.120000e-06	-6.731360e-03	2.050701e-01
7.130000e-06	-6.860625e-03	-4.900644e-02
7.140000e-06	1.461901e-03	-2.199061e-01
7.150000e-06	5.500466e-03	-3.868960e-01
7.160000e-06	-3.228590e-03	-5.358481e-01
7.170000e-06	1.630501e-03	-7.968521e-01
7.180000e-06	-2.163192e-03	-9.342720e-01
7.190000e-06	1.973698e-03	-1.102646e+00
7.200000e-06	5.406113e-04	-1.332268e+00
7.210000e-06	3.806845e-02	-1.540719e+00
7.220000e-06	1.198498e-01	-1.693117e+00
7.230000e-06	-6.464387e-02	-1.956934e+00
7.240000e-06	-9.301097e-03	-2.340190e+00
7.250000e-06	-1.004645e-01	-2.471187e+00
7.260000e-06	-3.758279e-02	-2.547349e+00
7.270000e-06	1.895779e-01	-2.580454e+00
7.280000e-06	-1.990381e-01	-2.840245e+00
7.290000e-06	6.014349e-02	-3.154846e+00
7.300000e-06	1.717726e-01	-3.190506e+00
7.310000e-06	-2.260985e-01	-3.460615e+00
7.320000e-06	1.278339e-01	-3.600029e+00
7.330000e-06	4.362922e-02	-3.794880e+00
7.340000e-06	-1.936394e-01	-4.008588e+00
7.350000e-06	1.759600e-01	-4.188002e+00
7.360000e-06	-7.516541e-02	-4.355898e+00
7.370000e-06	2.512532e-02	-4.607156e+00
7.380000e-06	1.494938e-01	-4.654095e+00
7.390000e-06	-2.043533e-01	-4.984451e+00
7.400000e-06	1.479897e-01	-5.123723e+00
7.410000e-06	-6.022211e-02	-5.294672e+00
7.420000e-06	-2.869952e-02	-5.576000e+00
7.430000e-06	1.110035e-01	-5.722667e+00
7.440000e-06	-1.136614e-01	-5.912142e+00
7.450000e-06	1.432933e-01	-6.008526e+00
7.460000e-06	-9.769363e-02	-6.187430e+00
7.470000e-06	4.362316e-02	-6.399055e+00
7.480000e-06	4.435495e-02	-6.523697e+00
7.490000e-06	-1.223605e-01	-6.703742e+00
7.500000e-06	1.642668e-01	-6.799004e+00
7.510000e-06	-1.005314e-01	-7.016982e+00
7.520000e-06	7.452104e-02	-7.207529e+00
7.530000e-06	-4.483666e-03	-7.262689e+00
7.540000e-06	-4.523124e-02	-7.450139e+00
7.550000e-06	9.627544e-02	-7.576953e+00
7.560000e-06	-8.836336e-02	-7.715882e+00
7.570000e-06	9.312397e-02	-7.954267e+00
7.580000e-06	-6.395693e-02	-8.030685e+00
7.590000e-06	5.731732e-02	-8.196951e+00
7.600000e-06	1.081400e-02	-8.272688e+00
7.610000e-06	-2.070538e-02	-8.398554e+00
7.620000e-06	4.933411e-02	-8.535769e+00
7.630000e-06	-5.555787e-02	-8.661090e+00
7.640000e-06	7.121583e-02	-8.797927e+00
7.650000e-06	-2.762138e-02	-8.902817e+00
7.660000e-06	3.427216e-02	-8.988981e+00
7.670000e-06	-6.186164e-03	-9.093166e+00
7.680000e-06	1.219768e-02	-9.197972e+00
7.690000e-06	2.826615e-02	-9.242113e+00
7.700000e-06	-1.079543e-02	-9.428480e+00
7.710000e-06	2.355866e-02	-9.474239e+00
7.720000e-06	-1.553481e-02	-9.556452e+00
7.730000e-06	3.463798e-02	-9.652084e+00
7.740000e-06	1.562927e-03	-9.715323e+00
7.750000e-06	1.826585e-02	-9.789005e+00
7.760000e-06	4.543984e-03	-9.854114e+00
7.770000e-06	1.106207e-02	-9.965350e+00
7.780000e-06	1.800998e-02	-9.977925e+00
7.790000e-06	5.891194e-03	-1.002053e+01
7.800000e-06	1.316401e-02	-1.009366e+01
7.810000e-06	3.077731e-03	-1.013590e+01
7.820000e-06	2.458464e-02	-1.016948e+01
7.830000e-06	1.145265e-02	-1.023164e+01
7.840000e-06	1.710724e-02	-1.032477e+01
7.850000e-06	4.650057e-03	-1.030730e+01
7.860000e-06	1.293972e-02	-1.037838e+01
7.870000e-06	1.889536e-02	-1.038050e+01
7.880000e-06	1.515090e-02	-1.044111e+01
7.890000e-06	1.302528e-02	-1.048261e+01
7.900000e-06	1.136938e-02	-1.047311e+01
7.910000e-06	1.788858e-02	-1.048324e+01
7.920000e-06	1.670523e-02	-1.047469e+01
7.930000e-06	1.741031e-02	-1.050274e+01
7.940000e-06	1.024262e-02	-1.049632e+01
7.950000e-06	1.781120e-02	-1.053574e+01
7.960000e-06	1.886869e-02	-1.051477e+01
7.970000e-06	1.908085e-02	-1.049324e+01
7.980000e-06	1.783831e-02	-1.047526e+01
7.990000e-06	1.568486e-02	-1.047214e+01
8.000000e-06	1.818591e-02	-1.045346e+01
8.010000e-06	2.030154e-02	-1.044104e+01
8.020000e-06	1.977023e-02	-1.042097e+01
8.030000e-06	1.912776e-02	-1.033740e+01
8.040000e-06	2.097887e-02	-1.030714e+01
8.050000e-06	2.366568e-02	-1.024004e+01
8.060000e-06	2.249470e-02	-1.020898e+01
8.070000e-06	2.062999e-02	-1.013544e+01
8.080000e-06	2.072457e-02	-1.004323e+01
8.090000e-06	2.330331e-02	-1.001105e+01
8.100000e-06	2.546887e-02	-9.981420e+00
8.110000e-06	2.329861e-02	-9.865319e+00
8.120000e-06	2.312812e-02	-9.843110e+00
8.130000e-06	2.439030e-02	-9.768970e+00
8.140000e-06	2.685613e-02	-9.726738e+00
8.150000e-06	2.672306e-02	-9.642128e+00
8.160000e-06	2.550282e-02	-9.549449e+00
8.170000e-06	2.612179e-02	-9.515667e+00
8.180000e-06	2.902034e-02	-9.400846e+00
8.190000e-06	3.147483e-02	-9.253187e+00
8.200000e-06	2.998610e-02	-9.148416e+00
8.210000e-06	2.759819e-02	-9.064688e+00
8.220000e-06	2.847931e-02	-8.990021e+00
8.230000e-06	3.058983e-02	-8.915733e+00
8.240000e-06	3.189104e-02	-8.739396e+00
8.250000e-06	2.937056e-02	-8.665236e+00
8.260000e-06	2.904427e-02	-8.538267e+00
8.270000e-06	2.976422e-02	-8.420025e+00
8.280000e-06	2.919832e-02	-8.305739e+00
8.290000e-06	2.702504e-02	-8.190000e+00
8.300000e-06	2.436578e-02	-8.074661e+00
8.310000e-06	2.215717e-02	-7.939948e+00
8.320000e-06	2.159967e-02	-7.801401e+00
8.330000e-06	2.119917e-02	-7.612502e+00
8.340000e-06	1.889034e-02	-7.476205e+00
8.350000e-06	1.762049e-02	-7.338338e+00
8.360000e-06	1.706438e-02	-7.201545e+00
8.370000e-06	1.613505e-02	-7.026152e+00
8.380000e-06	1.364816e-02	-6.855178e+00
8.390000e-06	1.220602e-02	-6.696291e+00
8.400000e-06	1.091118e-02	-6.590447e+00
8.410000e-06	1.060215e-02	-6.423604e+00
8.420000e-06	1.007567e-02	-6.306106e+00
8.430000e-06	7.825554e-03	-6.095756e+00
8.440000e-06	6.533061e-03	-5.956710e+00
8.450000e-06	6.408357e-03	-5.750367e+00
8.460000e-06	7.082181e-03	-5.652124e+00
8.470000e-06	5.510723e-03	-5.424074e+00
8.480000e-06	3.860813e-03	-5.181496e+00
8.490000e-06	2.938938e-03	-5.032524e+00
8.500000e-06	3.642990e-03	-4.813941e+00
8.510000e-06	2.640134e-03	-4.582125e+00
8.520000e-06	3.271719e-03	-4.433550e+00
8.530000e-06	-1.420143e-03	-4.337734e+00
8.540000e-06	1.460347e-03	-4.168736e+00
8.550000e-06	-8.685326e-04	-3.988492e+00
8.560000e-06	2.457537e-03	-3.739812e+00
8.570000e-06	-2.067423e-03	-3.579467e+00
8.580000e-06	3.945208e-04	-3.381545e+00
8.590000e-06	-3.498507e-03	-3.192501e+00
8.600000e-06	2.078158e-04	-3.023151e+00
8.610000e-06	-4.327274e-03	-2.779971e+00
8.620000e-06	-2.684804e-03	-2.613577e+00
8.630000e-06	-6.983575e-03	-2.413525e+00
8.640000e-06	-1.054681e-03	-2.244127e+00
8.650000e-06	-2.729749e-03	-2.001075e+00
8.660000e-06	-1.356990e-03	-1.843046e+00
8.670000e-06	-5.828688e-03	-1.615050e+00
8.680000e-06	-3.446752e-03	-1.444620e+00
8.690000e-06	-6.705226e-03	-1.202446e+00
8.700000e-06	-5.153309e-03	-9.919965e-01
8.710000e-06	-7.950623e-03	-8.119950e-01
8.720000e-06	-7.074402e-03	-6.119226e-01
8.730000e-06	-3.715980e-03	-3.719186e-01
8.740000e-06	-5.285390e-03	-2.010452e-01
8.750000e-06	-6.768629e-04	-1.307401e-02
8.760000e-06	2.223857e-04	1.878801e-01
8.770000e-06	-3.236132e-03	3.884499e-01
8.780000e-06	-1.953571e-04	5.553721e-01
8.790000e-06	-1.341209e-03	7.248406e-01
8.800000e-06	-3.161060e-03	8.416957e-01
8.810000e-06	-2.796818e-03	1.121323e+00
8.820000e-06	8.390494e-03	1.323896e+00
8.830000e-06	5.650772e-02	1.514253e+00
8.840000e-06	7.000082e-02	1.828558e+00
8.850000e-06	-6.391654e-02	2.018031e+00
8.860000e-06	-3.828788e-02	2.198455e+00
8.870000e-06	-6.906196e-02	2.366950e+00
8.880000e-06	-7.795088e-02	2.451034e+00
8.890000e-06	1.638589e-01	2.672743e+00
8.900000e-06	-1.184525e-01	2.871692e+00
8.910000e-06	-6.253075e-02	3.010106e+00
8.920000e-06	1.953700e-01	3.217556e+00
8.930000e-06	-1.462006e-01	3.450710e+00
8.940000e-06	1.519357e-02	3.588953e+00
8.950000e-06	5.970972e-02	3.745375e+00
8.960000e-06	-1.414243e-01	3.954452e+00
8.970000e-06	5.984741e-02	4.104844e+00
8.980000e-06	1.226501e-02	4.416530e+00
8.990000e-06	-2.841969e-02	4.535823e+00
9.000000e-06	6.130325e-02	4.732298e+00
9.010000e-06	-8.221216e-02	4.935397e+00
9.020000e-06	2.264694e-02	5.135351e+00
9.030000e-06	-2.121952e-02	5.326397e+00
9.040000e-06	-1.261735e-02	5.526343e+00
9.050000e-06	2.242353e-03	5.672115e+00
9.060000e-06	-1.594428e-02	5.902696e+00
9.070000e-06	3.717645e-02	6.040610e+00
9.080000e-06	-5.014939e-02	6.227479e+00
9.090000e-06	9.766763e-03	6.326371e+00
9.100000e-06	-7.480699e-03	6.492715e+00
9.110000e-06	-4.948444e-02	6.732740e+00
9.120000e-06	3.998732e-02	6.829132e+00
9.130000e-06	-2.023820e-02	6.986905e+00
9.140000e-06	-2.657271e-03	7.145319e+00
9.150000e-06	-1.573830e-02	7.221064e+00
9.160000e-06	-1.986626e-02	7.438457e+00
9.170000e-06	6.788764e-03	7.607501e+00
9.180000e-06	-2.482102e-02	7.714321e+00
9.190000e-06	6.363621e-03	7.851567e+00
9.200000e-06	-3.334278e-02	8.070687e+00
9.210000e-06	8.993784e-03	8.146448e+00
9.220000e-06	-4.977341e-03	8.292167e+00
9.230000e-06	-1.713732e-02	8.399004e+00
9.240000e-06	-1.381689e-02	8.483741e+00
9.250000e-06	-2.807223e-02	8.618501e+00
9.260000e-06	2.667407e-03	8.674242e+00
9.270000e-06	-1.215371e-02	8.777401e+00
9.280000e-06	-8.408485e-03	8.842633e+00
9.290000e-06	-1.960918e-02	9.018455e+00
9.300000e-06	-1.042384e-02	9.146873e+00
9.310000e-06	-5.975033e-03	9.229534e+00
9.320000e-06	-1.712292e-02	9.313219e+00
9.330000e-06	-2.071149e-02	9.388475e+00
9.340000e-06	-2.179703e-02	9.471213e+00
9.350000e-06	-6.908455e-03	9.576272e+00
9.360000e-06	-1.030108e-02	9.579008e+00
9.370000e-06	-1.553284e-02	9.742789e+00
9.380000e-06	-1.922452e-02	9.726370e+00
9.390000e-06	-1.503987e-02	9.871113e+00
9.400000e-06	-1.396217e-02	9.914241e+00
9.410000e-06	-1.868199e-02	1.002995e+01
9.420000e-06	-2.146305e-02	1.001006e+01
9.430000e-06	-2.007213e-02	1.008264e+01
9.440000e-06	-1.287624e-02	1.009429e+01
9.450000e-06	-1.335773e-02	1.013727e+01
9.460000e-06	-1.977619e-02	1.017890e+01
9.470000e-06	-2.709696e-02	1.021103e+01
9.480000e-06	-2.051603e-02	1.025171e+01
9.490000e-06	-1.591551e-02	1.029233e+01
9.500000e-06	-1.686765e-02	1.030527e+01
9.510000e-06	-2.439858e-02	1.031482e+01
9.520000e-06	-2.435839e-02	1.032382e+01
9.530000e-06	-1.946999e-02	1.031627e+01
9.540000e-06	-1.910840e-02	1.033587e+01
9.550000e-06	-2.176328e-02	1.033795e+01
9.560000e-06	-3.015588e-02	1.033782e+01
9.570000e-06	-2.475932e-02	1.031683e+01
9.580000e-06	-2.021670e-02	1.033682e+01
9.590000e-06	-2.010857e-02	1.032537e+01
9.600000e-06	-2.677662e-02	1.031627e+01
9.610000e-06	-3.003229e-02	1.031374e+01
9.620000e-06	-2.780197e-02	1.027321e+01
9.630000e-06	-2.562251e-02	1.024208e+01
9.640000e-06	-2.653160e-02	1.023058e+01
9.650000e-06	-3.109682e-02	1.017900e+01
9.660000e-06	-2.945910e-02	1.013787e+01
9.670000e-06	-2.756576e-02	1.009431e+01
9.680000e-06	-2.719144e-02	1.006363e+01
9.690000e-06	-3.172166e-02	1.002203e+01
9.700000e-06	-3.373201e-02	9.960945e+00
9.710000e-06	-3.309075e-02	9.877762e+00
9.720000e-06	-2.928063e-02	9.811006e+00
9.730000e-06	-3.182588e-02	9.737865e+00
9.740000e-06	-3.594839e-02	9.630159e+00
9.750000e-06	-3.641930e-02	9.559399e+00
9.760000e-06	-3.382153e-02	9.505242e+00
9.770000e-06	-3.287329e-02	9.422107e+00
9.780000e-06	-3.673097e-02	9.357397e+00
9.790000e-06	-3.947659e-02	9.273184e+00
9.800000e-06	-3.937974e-02	9.210951e+00
9.810000e-06	-3.671318e-02	9.098863e+00
9.820000e-06	-3.765798e-02	8.981496e+00
9.830000e-06	-4.231880e-02	8.862732e+00
9.840000e-06	-4.201295e-02	8.737872e+00
9.850000e-06	-4.061582e-02	8.652183e+00
9.860000e-06	-3.573682e-02	8.550942e+00
9.870000e-06	-3.951396e-02	8.462606e+00
9.880000e-06	-3.904518e-02	8.318448e+00
9.890000e-06	-3.990102e-02	8.225050e+00
9.900000e-06	-3.312230e-02	8.075780e+00
9.910000e-06	-3.408707e-02	7.940974e+00
9.920000e-06	-3.295919e-02	7.842556e+00
9.930000e-06	-3.532719e-02	7.726789e+00
9.940000e-06	-3.066263e-02	7.599921e+00
9.950000e-06	-2.910550e-02	7.403049e+00
9.960000e-06	-2.611939e-02	7.242575e+00
9.970000e-06	-2.712949e-02	7.116812e+00
9.980000e-06	-2.407944e-02	6.960417e+00
9.990000e-06	-2.341399e-02	6.781525e+00
1.000000e-05	-2.115801e-02	6.665712e+00
1.001000e-05	-2.236435e-02	6.456207e+00
1.002000e-05	-2.262865e-02	6.346863e+00
1.003000e-05	-2.126296e-02	6.161421e+00
1.004000e-05	-1.908882e-02	6.045603e+00
1.005000e-05	-1.814502e-02	5.856789e+00
1.006000e-05	-1.816104e-02	5.656182e+00
1.007000e-05	-1.652994e-02	5.527785e+00
1.008000e-05	-1.593783e-02	5.348890e+00
1.009000e-05	-1.429759e-02	5.168937e+00
1.010000e-05	-1.577022e-02	4.958913e+00
1.011000e-05	-1.501003e-02	4.728386e+00
1.012000e-05	-1.460545e-02	4.570970e+00
1.013000e-05	-1.326985e-02	4.392050e+00
1.014000e-05	-1.300162e-02	4.214153e+00
1.015000e-05	-1.277348e-02	3.991071e+00
1.016000e-05	-1.329446e-02	3.834628e+00
1.017000e-05	-1.163077e-02	3.665206e+00
1.018000e-05	-1.028596e-02	3.558840e+00
1.019000e-05	-1.034026e-02	3.248629e+00
1.020000e-05	-1.122945e-02	3.116311e+00
1.021000e-05	-1.195211e-02	2.906861e+00
1.022000e-05	-9.978870e-03	2.749946e+00
1.023000e-05	-9.006571e-03	2.538361e+00
1.024000e-05	-1.037929e-02	2.317860e+00
1.025000e-05	-1.062019e-02	2.128915e+00
1.026000e-05	-9.634103e-03	1.989545e+00
1.027000e-05	-7.424376e-03	1.748960e+00
1.028000e-05	-6.271430e-03	1.548840e+00
1.029000e-05	-7.559835e-03	1.338916e+00
1.030000e-05	-8.218697e-03	1.199442e+00
1.031000e-05	-6.428975e-03	8.963070e-01
1.032000e-05	-6.268095e-03	7.168594e-01
1.033000e-05	-7.170904e-03	5.182359e-01
1.034000e-05	-7.669497e-03	3.489134e-01
1.035000e-05	-5.895424e-03	8.815842e-02
1.036000e-05	-3.855065e-03	-8.166656e-02
1.037000e-05	5.823070e-03	-2.716589e-01
1.038000e-05	3.237634e-04	-4.105301e-01
1.039000e-05	-1.789535e-03	-6.496385e-01
1.040000e-05	-3.243377e-04	-8.406576e-01
1.041000e-05	1.914921e-03	-1.008952e+00
1.042000e-05	7.722772e-05	-1.176402e+00
1.043000e-05	6.721077e-03	-1.407455e+00
1.044000e-05	8.967778e-02	-1.568475e+00
1.045000e-05	4.648226e-02	-1.815934e+00
1.046000e-05	-6.251433e-02	-2.111246e+00
1.047000e-05	-1.775371e-02	-2.407456e+00
1.048000e-05	-1.468157e-01	-2.515346e+00
1.049000e-05	1.398724e-01	-2.556873e+00
1.050000e-05	3.973570e-02	-2.681165e+00
1.051000e-05	-2.074056e-01	-3.028055e+00
1.052000e-05	2.239172e-01	-3.177446e+00
1.053000e-05	-3.174824e-02	-3.282171e+00
1.054000e-05	-1.544576e-01	-3.574948e+00
1.055000e-05	2.106849e-01	-3.611584e+00
1.056000e-05	-1.455930e-01	-3.902392e+00
1.057000e-05	-4.755641e-02	-4.134319e+00
1.058000e-05	1.543986e-01	-4.241533e+00
1.059000e-05	-1.600508e-01	-4.470615e+00
1.060000e-05	1.875389e-01	-4.591631e+00
1.061000e-05	-4.435160e-02	-4.817934e+00
1.062000e-05	-8.486532e-02	-5.058535e+00
1.063000e-05	1.482466e-01	-5.176405e+00
1.064000e-05	-1.627344e-01	-5.409037e+00
1.065000e-05	1.269384e-01	-5.600031e+00
1.066000e-05	-3.877401e-02	-5.784904e+00
1.067000e-05	-2.957241e-05	-5.957399e+00
1.068000e-05	9.502606e-02	-6.020063e+00
1.069000e-05	-1.283678e-01	-6.321773e+00
1.070000e-05	1.430838e-01	-6.421633e+00
1.071000e-05	-1.095806e-01	-6.618404e+00
1.072000e-05	2.841418e-02	-6.765375e+00
1.073000e-05	8.359607e-02	-6.842114e+00
1.074000e-05	-9.252559e-02	-7.121697e+00
1.075000e-05	1.239866e-01	-7.230085e+00
1.076000e-05	-1.065517e-01	-7.385873e+00
1.077000e-05	7.631037e-02	-7.524718e+00
1.078000e-05	-6.728262e-03	-7.631114e+00
1.079000e-05	-1.625923e-02	-7.841061e+00
1.080000e-05	5.788821e-02	-7.976402e+00
1.081000e-05	-6.420859e-02	-8.144244e+00
1.082000e-05	1.000337e-01	-8.218980e+00
1.083000e-05	-6.007223e-02	-8.354799e+00
1.084000e-05	4.938803e-02	-8.422059e+00
1.085000e-05	-1.925034e-02	-8.598857e+00
1.086000e-05	1.345023e-03	-8.755273e+00
1.087000e-05	4.364636e-02	-8.810058e+00
1.088000e-05	-2.601687e-02	-8.934796e+00
1.089000e-05	4.559666e-02	-9.029554e+00
1.090000e-05	-2.657330e-02	-9.114821e+00
1.091000e-05	4.622954e-02	-9.180032e+00
1.092000e-05	-7.011138e-03	-9.325769e+00
1.093000e-05	1.230789e-02	-9.388431e+00
1.094000e-05	1.742758e-03	-9.506273e+00
1.095000e-05	4.345454e-03	-9.599503e+00
1.096000e-05	2.950495e-02	-9.693640e+00
1.097000e-05	-1.363309e-03	-9.777397e+00
1.098000e-05	2.382630e-02	-9.821558e+00
1.099000e-05	-1.959065e-03	-9.882717e+00
1.100000e-05	2.281947e-02	-9.937347e+00
1.101000e-05	6.631555e-03	-9.988452e+00
1.102000e-05	1.248929e-02	-1.005369e+01
1.103000e-05	6.424158e-03	-1.009372e+01
1.104000e-05	1.406720e-02	-1.016688e+01
1.105000e-05	2.082168e-02	-1.021988e+01
1.106000e-05	9.473418e-03	-1.023466e+01
1.107000e-05	1.412286e-02	-1.035732e+01
1.108000e-05	3.270364e-03	-1.037748e+01
1.109000e-05	1.938302e-02	-1.041096e+01
1.110000e-05	1.616064e-02	-1.038056e+01
1.111000e-05	1.654873e-02	-1.044311e+01
1.112000e-05	1.128637e-02	-1.049321e+01
1.113000e-05	1.534137e-02	-1.047414e+01
1.114000e-05	1.605633e-02	-1.046579e+01
1.115000e-05	1.468057e-02	-1.048374e+01
1.116000e-05	1.420825e-02	-1.051574e+01
1.117000e-05	1.172461e-02	-1.052324e+01
1.118000e-05	2.035368e-02	-1.051434e+01
1.119000e-05	1.836846e-02	-1.050466e+01
1.120000e-05	2.014257e-02	-1.047316e+01
1.121000e-05	1.666751e-02	-1.047461e+01
1.122000e-05	1.715823e-02	-1.046161e+01
1.123000e-05	1.975080e-02	-1.043205e+01
1.124000e-05	1.994574e-02	-1.041246e+01
1.125000e-05	1.900914e-02	-1.037745e+01
1.126000e-05	1.919031e-02	-1.034830e+01
1.127000e-05	2.236306e-02	-1.024316e+01
1.128000e-05	2.287088e-02	-1.021200e+01
1.129000e-05	2.143061e-02	-1.019883e+01
1.130000e-05	2.122321e-02	-1.011629e+01
1.131000e-05	2.142360e-02	-1.008353e+01
1.132000e-05	2.556933e-02	-9.990952e+00
1.133000e-05	2.401717e-02	-9.937318e+00
1.134000e-05	2.329015e-02	-9.874712e+00
1.135000e-05	2.270534e-02	-9.832029e+00
1.136000e-05	2.511308e-02	-9.747420e+00
1.137000e-05	2.706847e-02	-9.675212e+00
1.138000e-05	2.660533e-02	-9.621603e+00
1.139000e-05	2.559485e-02	-9.558869e+00
1.140000e-05	2.702280e-02	-9.475158e+00
1.141000e-05	2.995885e-02	-9.308238e+00
1.142000e-05	3.039238e-02	-9.213056e+00
1.143000e-05	2.898286e-02	-9.117393e+00
1.144000e-05	2.728287e-02	-9.042531e+00
1.145000e-05	2.971786e-02	-8.937841e+00
1.146000e-05	3.066802e-02	-8.832558e+00
1.147000e-05	2.986328e-02	-8.719345e+00
1.148000e-05	2.863576e-02	-8.622155e+00
1.149000e-05	2.978522e-02	-8.476637e+00
1.150000e-05	2.963331e-02	-8.368869e+00
1.151000e-05	2.787432e-02	-8.245659e+00
1.152000e-05	2.529023e-02	-8.139339e+00
1.153000e-05	2.434271e-02	-8.022054e+00
1.154000e-05	2.232109e-02	-7.896736e+00
1.155000e-05	2.145418e-02	-7.698738e+00
1.156000e-05	1.915323e-02	-7.550367e+00
1.157000e-05	1.855530e-02	-7.421605e+00
1.158000e-05	1.663677e-02	-7.277258e+00
1.159000e-05	1.693829e-02	-7.148266e+00
1.160000e-05	1.512611e-02	-6.949865e+00
1.161000e-05	1.313399e-02	-6.791498e+00
1.162000e-05	1.176761e-02	-6.655129e+00
1.163000e-05	1.137677e-02	-6.527311e+00
1.164000e-05	1.000238e-02	-6.362445e+00
1.165000e-05	8.690702e-03	-6.182021e+00
1.166000e-05	7.425584e-03	-5.992471e+00
1.167000e-05	7.127426e-03	-5.864629e+00
1.168000e-05	7.192054e-03	-5.704730e+00
1.169000e-05	5.625652e-03	-5.509367e+00
1.170000e-05	5.089281e-03	-5.298811e+00
1.171000e-05	3.708130e-03	-5.107787e+00
1.172000e-05	4.844220e-03	-4.968912e+00
1.173000e-05	2.232420e-03	-4.669237e+00
1.174000e-05	3.049815e-03	-4.549441e+00
1.175000e-05	-6.268587e-04	-4.380995e+00
1.176000e-05	1.067586e-03	-4.232050e+00
1.177000e-05	1.228035e-03	-4.035703e+00
1.178000e-05	5.706695e-04	-3.897206e+00
1.179000e-05	-4.795931e-04	-3.614577e+00
1.180000e-05	1.057130e-03	-3.516808e+00
1.181000e-05	-4.259096e-05	-3.287261e+00
1.182000e-05	-1.549976e-03	-3.138363e+00
1.183000e-05	-2.760827e-03	-2.868232e+00
1.184000e-05	-5.027904e-03	-2.689312e+00
1.185000e-05	-4.202628e-03	-2.558912e+00
1.186000e-05	-3.222804e-03	-2.358944e+00
1.187000e-05	-3.159578e-03	-2.079336e+00
1.188000e-05	-3.065670e-03	-1.968861e+00
1.189000e-05	-2.817234e-03	-1.770966e+00
1.190000e-05	-4.074034e-03	-1.589996e+00
1.191000e-05	-5.005999e-03	-1.299258e+00
1.192000e-05	-6.952099e-03	-1.085762e+00
1.193000e-05	-6.830586e-03	-8.772843e-01
1.194000e-05	-7.303311e-03	-7.393847e-01
1.195000e-05	-4.583886e-03	-4.786807e-01
1.196000e-05	-4.835785e-03	-3.188082e-01
1.197000e-05	-5.513148e-03	-1.093396e-01
1.198000e-05	4.620247e-04	4.113169e-02
1.199000e-05	1.783474e-03	3.111868e-01
1.200000e-05	-2.659842e-03	4.601091e-01
1.201000e-05	6.053548e-04	5.970102e-01
1.202000e-05	-4.575390e-03	7.994524e-01
1.203000e-05	-2.741767e-03	9.449198e-01
1.204000e-05	-2.136762e-03	1.188505e+00
1.205000e-05	1.873952e-02	1.398458e+00
1.206000e-05	8.820902e-02	1.680187e+00
1.207000e-05	7.642348e-03	1.962247e+00
1.208000e-05	-5.832268e-02	2.101717e+00
1.209000e-05	-3.506070e-02	2.250714e+00
1.210000e-05	-1.135862e-01	2.390001e+00
1.211000e-05	2.897082e-02	2.524204e+00
1.212000e-05	1.156697e-01	2.775928e+00
1.213000e-05	-2.147291e-01	2.956872e+00
1.214000e-05	1.475111e-01	3.092163e+00
1.215000e-05	4.748310e-02	3.304847e+00
1.216000e-05	-1.399771e-01	3.545344e+00
1.217000e-05	1.146517e-01	3.601533e+00
1.218000e-05	-6.804354e-02	3.879689e+00
1.219000e-05	-7.520548e-02	4.010055e+00
1.220000e-05	9.043551e-02	4.270563e+00
1.221000e-05	-5.071015e-02	4.480638e+00
1.222000e-05	2.960932e-02	4.609027e+00
1.223000e-05	9.345679e-03	4.776555e+00
1.224000e-05	-6.848396e-02	5.048014e+00
1.225000e-05	4.051231e-02	5.250110e+00
1.226000e-05	-4.914192e-02	5.431656e+00
1.227000e-05	2.341046e-02	5.575925e+00
1.228000e-05	-3.380160e-02	5.765403e+00
1.229000e-05	2.669702e-02	5.954900e+00
1.230000e-05	3.915878e-04	6.114242e+00
1.231000e-05	-4.695925e-02	6.270160e+00
1.232000e-05	3.666144e-02	6.387955e+00
1.233000e-05	-5.720978e-02	6.616479e+00
1.234000e-05	3.004257e-03	6.767925e+00
1.235000e-05	2.055439e-02	6.903339e+00
1.236000e-05	-2.290373e-02	7.081182e+00
1.237000e-05	5.457484e-05	7.166398e+00
1.238000e-05	-2.731627e-02	7.312217e+00
1.239000e-05	-3.942509e-04	7.494741e+00
1.240000e-05	-1.116165e-02	7.649661e+00
1.241000e-05	-1.139620e-02	7.757451e+00
1.242000e-05	-8.733281e-03	7.935798e+00
1.243000e-05	-2.129977e-02	8.104269e+00
1.244000e-05	1.520193e-02	8.218029e+00
1.245000e-05	-1.912313e-02	8.344246e+00
1.246000e-05	-1.274900e-02	8.411079e+00
1.247000e-05	-2.161098e-02	8.515271e+00
1.248000e-05	-1.492237e-02	8.591105e+00
1.249000e-05	-1.851661e-04	8.754321e+00
1.250000e-05	-1.564671e-02	8.817478e+00
1.251000e-05	-9.539725e-03	8.944723e+00
1.252000e-05	-1.773450e-02	9.081188e+00
1.253000e-05	-5.808016e-03	9.198475e+00
1.254000e-05	-1.225421e-02	9.242134e+00
1.255000e-05	-2.064968e-02	9.325343e+00
1.256000e-05	-2.001957e-02	9.440033e+00
1.257000e-05	-1.741282e-02	9.512737e+00
1.258000e-05	-5.920857e-03	9.597376e+00
1.259000e-05	-1.607299e-02	9.630558e+00
1.260000e-05	-1.521770e-02	9.736313e+00
1.261000e-05	-1.748608e-02	9.828101e+00
1.262000e-05	-1.343239e-02	9.904740e+00
1.263000e-05	-1.564542e-02	9.958350e+00
1.264000e-05	-2.195447e-02	9.988926e+00
1.265000e-05	-2.001065e-02	1.008163e+01
1.266000e-05	-1.669493e-02	1.009274e+01
1.267000e-05	-1.105617e-02	1.012477e+01
1.268000e-05	-1.854165e-02	1.016795e+01
1.269000e-05	-2.306068e-02	1.020848e+01
1.270000e-05	-2.376486e-02	1.021005e+01
1.271000e-05	-1.810812e-02	1.024163e+01
1.272000e-05	-1.525300e-02	1.027374e+01
1.273000e-05	-2.162855e-02	1.030477e+01
1.274000e-05	-2.322854e-02	1.031724e+01
1.275000e-05	-2.077877e-02	1.035534e+01
1.276000e-05	-1.900337e-02	1.032684e+01
1.277000e-05	-2.148243e-02	1.036579e+01
1.278000e-05	-2.672396e-02	1.033782e+01
1.279000e-05	-2.804759e-02	1.035685e+01
1.280000e-05	-2.055507e-02	1.033885e+01
1.281000e-05	-1.978688e-02	1.032629e+01
1.282000e-05	-2.443588e-02	1.031582e+01
1.283000e-05	-2.827568e-02	1.029424e+01
1.284000e-05	-2.910469e-02	1.030516e+01
1.285000e-05	-2.587014e-02	1.027367e+01
1.286000e-05	-2.743759e-02	1.023308e+01
1.287000e-05	-2.888082e-02	1.022048e+01
1.288000e-05	-3.153734e-02	1.015992e+01
1.289000e-05	-2.734236e-02	1.013684e+01
1.290000e-05	-2.610659e-02	1.008324e+01
1.291000e-05	-2.951564e-02	1.003366e+01
1.292000e-05	-3.254095e-02	9.990001e+00
1.293000e-05	-3.368074e-02	9.896870e+00
1.294000e-05	-2.982192e-02	9.854727e+00
1.295000e-05	-3.080390e-02	9.799877e+00
1.296000e-05	-3.520745e-02	9.704764e+00
1.297000e-05	-3.634385e-02	9.611453e+00
1.298000e-05	-3.518869e-02	9.538820e+00
1.299000e-05	-3.315610e-02	9.484132e+00
1.300000e-05	-3.584110e-02	9.391446e+00
1.301000e-05	-3.866011e-02	9.336340e+00
1.302000e-05	-3.856287e-02	9.232131e+00
1.303000e-05	-3.613000e-02	9.160473e+00
1.304000e-05	-3.741642e-02	9.056234e+00
1.305000e-05	-4.023282e-02	8.957341e+00
1.306000e-05	-4.220262e-02	8.861026e+00
1.307000e-05	-4.040497e-02	8.737236e+00
1.308000e-05	-3.960991e-02	8.621454e+00
1.309000e-05	-3.748935e-02	8.496864e+00
1.310000e-05	-4.099452e-02	8.391550e+00
1.311000e-05	-3.894412e-02	8.317737e+00
1.312000e-05	-3.693288e-02	8.139893e+00
1.313000e-05	-3.318044e-02	8.062182e+00
1.314000e-05	-3.210007e-02	7.897839e+00
1.315000e-05	-3.306741e-02	7.779020e+00
1.316000e-05	-3.122458e-02	7.654105e+00
1.317000e-05	-3.012405e-02	7.488312e+00
1.318000e-05	-2.826825e-02	7.318843e+00
1.319000e-05	-3.035476e-02	7.178974e+00
1.320000e-05	-2.842578e-02	7.043630e+00
1.321000e-05	-2.626845e-02	6.886158e+00
1.322000e-05	-2.098692e-02	6.789920e+00
1.323000e-05	-1.937403e-02	6.590371e+00
1.324000e-05	-1.877107e-02	6.382545e+00
1.325000e-05	-2.066064e-02	6.283206e+00
1.326000e-05	-2.018690e-02	6.116833e+00
1.327000e-05	-2.140807e-02	5.970496e+00
1.328000e-05	-2.282715e-02	5.791872e+00
1.329000e-05	-2.101213e-02	5.591500e+00
1.330000e-05	-1.751123e-02	5.463125e+00
1.331000e-05	-1.244510e-02	5.275706e+00
1.332000e-05	-1.090654e-02	5.054157e+00
1.333000e-05	-1.125303e-02	4.814650e+00
1.334000e-05	-1.493612e-02	4.663680e+00
1.335000e-05	-1.523015e-02	4.527361e+00
1.336000e-05	-1.528772e-02	4.389419e+00
1.337000e-05	-1.534117e-02	4.138791e+00
1.338000e-05	-1.491593e-02	3.958890e+00
1.339000e-05	-1.221637e-02	3.789991e+00
1.340000e-05	-9.260806e-03	3.601545e+00
1.341000e-05	-7.093940e-03	3.395624e+00
1.342000e-05	-9.390918e-03	3.192546e+00
1.343000e-05	-1.111061e-02	3.012579e+00
1.344000e-05	-1.260027e-02	2.854154e+00
1.345000e-05	-1.092588e-02	2.667850e+00
1.346000e-05	-1.115345e-02	2.433646e+00
1.347000e-05	-1.069695e-02	2.243574e+00
1.348000e-05	-8.681847e-03	2.063680e+00
1.349000e-05	-6.911637e-03	1.937311e+00
1.350000e-05	-5.769171e-03	1.668232e+00
1.351000e-05	-7.677188e-03	1.465650e+00
1.352000e-05	-8.904518e-03	1.284729e+00
1.353000e-05	-8.374753e-03	1.024801e+00
1.354000e-05	-7.603813e-03	8.120714e-01
1.355000e-05	-6.865571e-03	6.040678e-01
1.356000e-05	-6.868146e-03	4.321253e-01
1.357000e-05	-5.393043e-03	2.356718e-01
1.358000e-05	-4.785566e-03	2.199526e-02
1.359000e-05	-3.576919e-04	-1.568996e-01
1.360000e-05	5.338796e-03	-3.658707e-01
1.361000e-05	-4.149100e-03	-4.927216e-01
1.362000e-05	2.042747e-03	-7.543723e-01
1.363000e-05	-2.019440e-03	-9.227241e-01
1.364000e-05	2.162718e-03	-1.072689e+00
1.365000e-05	-1.791511e-03	-1.231061e+00
1.366000e-05	2.621108e-02	-1.492640e+00
1.367000e-05	1.272602e-01	-1.631092e+00
1.368000e-05	-4.425658e-02	-1.955752e+00
1.369000e-05	-2.173980e-02	-2.290090e+00
1.370000e-05	-7.496271e-02	-2.442559e+00
1.371000e-05	-9.138777e-02	-2.527846e+00
1.372000e-05	2.066908e-01	-2.589401e+00
1.373000e-05	-1.447153e-01	-2.818035e+00
1.374000e-05	-3.333179e-02	-3.114298e+00
1.375000e-05	2.137856e-01	-3.178954e+00
1.376000e-05	-2.101171e-01	-3.437982e+00
1.377000e-05	5.478780e-02	-3.629530e+00
1.378000e-05	1.139857e-01	-3.673751e+00
1.379000e-05	-2.115642e-01	-3.990034e+00
1.380000e-05	1.355467e-01	-4.178447e+00
1.381000e-05	-8.506053e-03	-4.312698e+00
1.382000e-05	-4.905496e-02	-4.554355e+00
1.383000e-05	1.925002e-01	-4.663617e+00
1.384000e-05	-1.944682e-01	-4.964645e+00
1.385000e-05	1.008627e-01	-5.102814e+00
1.386000e-05	5.630742e-03	-5.240991e+00
1.387000e-05	-9.137242e-02	-5.585397e+00
1.388000e-05	1.446590e-01	-5.631642e+00
1.389000e-05	-1.222132e-01	-5.861065e+00
1.390000e-05	1.242717e-01	-5.998402e+00
1.391000e-05	-4.945509e-02	-6.164222e+00
1.392000e-05	-1.514112e-02	-6.357925e+00
1.393000e-05	9.756669e-02	-6.494644e+00
1.394000e-05	-1.491268e-01	-6.692143e+00
1.395000e-05	1.525380e-01	-6.767976e+00
1.396000e-05	-6.388587e-02	-6.933276e+00
1.397000e-05	2.767080e-02	-7.178451e+00
1.398000e-05	4.511149e-02	-7.271663e+00
1.399000e-05	-8.362346e-02	-7.399515e+00
1.400000e-05	1.143076e-01	-7.545821e+00
1.401000e-05	-8.735019e-02	-7.684397e+00
1.402000e-05	7.747952e-02	-7.944248e+00
1.403000e-05	-3.593482e-02	-8.048533e+00
1.404000e-05	2.319477e-02	-8.177374e+00
1.405000e-05	4.422318e-02	-8.232088e+00
1.406000e-05	-4.623037e-02	-8.408378e+00
1.407000e-05	6.441380e-02	-8.474118e+00
1.408000e-05	-5.964745e-02	-8.650616e+00
1.409000e-05	6.094186e-02	-8.787902e+00
1.410000e-05	-1.437459e-02	-8.874137e+00
1.411000e-05	1.885922e-02	-8.998477e+00
1.412000e-05	1.153112e-02	-9.070637e+00
1.413000e-05	-2.699525e-03	-9.177376e+00
1.414000e-05	4.105162e-02	-9.240184e+00
1.415000e-05	-1.661408e-02	-9.355811e+00
1.416000e-05	2.574042e-02	-9.441589e+00
1.417000e-05	-1.557038e-02	-9.546876e+00
1.418000e-05	2.817742e-02	-9.652085e+00
1.419000e-05	7.324123e-03	-9.716298e+00
1.420000e-05	1.226352e-02	-9.789029e+00
1.421000e-05	1.225144e-02	-9.862588e+00
1.422000e-05	6.039984e-03	-9.916321e+00
1.423000e-05	2.317057e-02	-9.957326e+00
1.424000e-05	4.046931e-03	-1.003153e+01
1.425000e-05	1.413060e-02	-1.009424e+01
1.426000e-05	2.870746e-03	-1.013427e+01
1.427000e-05	2.250176e-02	-1.015896e+01
1.428000e-05	1.366832e-02	-1.026109e+01
1.429000e-05	1.476397e-02	-1.030366e+01
1.430000e-05	7.320678e-03	-1.034779e+01
1.431000e-05	9.461959e-03	-1.037793e+01
1.432000e-05	1.928342e-02	-1.041048e+01
1.433000e-05	1.487717e-02	-1.044053e+01
1.434000e-05	1.440847e-02	-1.050259e+01
1.435000e-05	1.117142e-02	-1.044411e+01
1.436000e-05	1.771305e-02	-1.048409e+01
1.437000e-05	1.694331e-02	-1.048326e+01
1.438000e-05	1.718559e-02	-1.049474e+01
1.439000e-05	9.556958e-03	-1.051632e+01
1.440000e-05	1.481397e-02	-1.050574e+01
1.441000e-05	2.012391e-02	-1.051677e+01
1.442000e-05	1.986406e-02	-1.050521e+01
1.443000e-05	1.904167e-02	-1.047519e+01
1.444000e-05	1.559832e-02	-1.047374e+01
1.445000e-05	1.819174e-02	-1.046313e+01
1.446000e-05	2.131517e-02	-1.043098e+01
1.447000e-05	2.001169e-02	-1.040895e+01
1.448000e-05	1.862688e-02	-1.035042e+01
1.449000e-05	1.959135e-02	-1.034674e+01
1.450000e-05	2.209236e-02	-1.024219e+01
1.451000e-05	2.335201e-02	-1.022196e+01
1.452000e-05	2.075411e-02	-1.012627e+01
1.453000e-05	2.062618e-02	-1.007276e+01
1.454000e-05	2.306066e-02	-1.004095e+01
1.455000e-05	2.667044e-02	-9.968446e+00
1.456000e-05	2.441703e-02	-9.924815e+00
1.457000e-05	2.254787e-02	-9.882613e+00
1.458000e-05	2.318518e-02	-9.810424e+00
1.459000e-05	2.540325e-02	-9.705813e+00
1.460000e-05	2.710090e-02	-9.652133e+00
1.461000e-05	2.544148e-02	-9.561001e+00
1.462000e-05	2.602163e-02	-9.517192e+00
1.463000e-05	2.794672e-02	-9.401026e+00
1.464000e-05	3.132476e-02	-9.303733e+00
1.465000e-05	3.023421e-02	-9.180450e+00
1.466000e-05	2.804725e-02	-9.094687e+00
1.467000e-05	2.790521e-02	-9.003997e+00
1.468000e-05	2.981399e-02	-8.875738e+00
1.469000e-05	3.138418e-02	-8.800525e+00
1.470000e-05	2.963509e-02	-8.706213e+00
1.471000e-05	2.811077e-02	-8.538392e+00
1.472000e-05	2.861171e-02	-8.413554e+00
1.473000e-05	2.931965e-02	-8.327366e+00
1.474000e-05	2.742243e-02	-8.232075e+00
1.475000e-05	2.390618e-02	-8.075188e+00
1.476000e-05	2.360481e-02	-7.929449e+00
1.477000e-05	2.252043e-02	-7.820480e+00
1.478000e-05	2.174345e-02	-7.652554e+00
1.479000e-05	1.794361e-02	-7.486686e+00
1.480000e-05	1.714086e-02	-7.317846e+00
1.481000e-05	1.632224e-02	-7.203074e+00
1.482000e-05	1.689345e-02	-7.105182e+00
1.483000e-05	1.368004e-02	-6.856283e+00
1.484000e-05	1.193918e-02	-6.747844e+00
1.485000e-05	1.027208e-02	-6.611999e+00
1.486000e-05	1.131936e-02	-6.435154e+00
1.487000e-05	1.011290e-02	-6.317214e+00
1.488000e-05	7.774807e-03	-6.118186e+00
1.489000e-05	5.988598e-03	-5.927869e+00
1.490000e-05	6.004940e-03	-5.770524e+00
1.491000e-05	6.587154e-03	-5.623076e+00
1.492000e-05	4.964245e-03	-5.414529e+00
1.493000e-05	4.811275e-03	-5.241503e+00
1.494000e-05	3.411124e-03	-5.045078e+00
1.495000e-05	4.471804e-03	-4.815102e+00
1.496000e-05	2.348580e-03	-4.653027e+00
1.497000e-05	2.489299e-03	-4.477205e+00
1.498000e-05	-1.147705e-03	-4.337290e+00
1.499000e-05	2.037989e-03	-4.139467e+00
1.500000e-05	-1.387414e-03	-4.001922e+00
1.501000e-05	1.684715e-03	-3.782445e+00
1.502000e-05	-1.468954e-03	-3.590944e+00
1.503000e-05	1.317284e-03	-3.392998e+00
1.504000e-05	-2.584640e-03	-3.223600e+00
1.505000e-05	-2.188592e-04	-3.025579e+00
1.506000e-05	-4.280040e-03	-2.810975e+00
1.507000e-05	-2.546766e-03	-2.654628e+00
1.508000e-05	-5.662481e-03	-2.446677e+00
1.509000e-05	-1.731966e-03	-2.275756e+00
1.510000e-05	-4.368060e-03	-2.053602e+00
1.511000e-05	-1.336962e-03	-1.856583e+00
1.512000e-05	-4.419810e-03	-1.656205e+00
1.513000e-05	-2.658572e-03	-1.486782e+00
1.514000e-05	-5.830241e-03	-1.202550e+00
1.515000e-05	-5.632171e-03	-1.041047e+00
1.516000e-05	-7.473660e-03	-8.530241e-01
1.517000e-05	-6.840322e-03	-6.550465e-01
1.518000e-05	-5.384996e-03	-4.324726e-01
1.519000e-05	-5.541306e-03	-2.335754e-01
1.520000e-05	-2.598733e-03	-5.557671e-02
1.521000e-05	3.615918e-03	1.443428e-01
1.522000e-05	-3.302345e-03	3.869512e-01
1.523000e-05	5.982018e-05	5.048445e-01
1.524000e-05	-8.462219e-04	7.521381e-01
1.525000e-05	-2.174220e-03	8.016064e-01
1.526000e-05	-3.649030e-03	1.100196e+00
1.527000e-05	4.114846e-03	1.292112e+00
1.528000e-05	4.298408e-02	1.473693e+00
1.529000e-05	8.520667e-02	1.756376e+00
1.530000e-05	-5.068507e-02	1.986478e+00
1.531000e-05	-4.247370e-02	2.155852e+00
1.532000e-05	-5.516203e-02	2.334877e+00
1.533000e-05	-1.031940e-01	2.419657e+00
1.534000e-05	1.395928e-01	2.668009e+00
1.535000e-05	-5.206338e-02	2.870589e+00
1.536000e-05	-1.360398e-01	3.009501e+00
1.537000e-05	2.126150e-01	3.164903e+00
1.538000e-05	-1.102580e-01	3.430133e+00
1.539000e-05	-3.540862e-02	3.578002e+00
1.540000e-05	9.722786e-02	3.732216e+00
1.541000e-05	-1.409981e-01	3.944348e+00
1.542000e-05	2.844661e-02	4.101722e+00
1.543000e-05	3.893477e-02	4.354451e+00
1.544000e-05	-4.709506e-02	4.516741e+00
1.545000e-05	6.223468e-02	4.691243e+00
1.546000e-05	-6.309737e-02	4.873171e+00
1.547000e-05	5.692228e-04	5.142665e+00
1.548000e-05	-6.287083e-04	5.343798e+00
1.549000e-05	-2.814345e-02	5.493263e+00
1.550000e-05	1.660825e-02	5.619558e+00
1.551000e-05	-3.071999e-02	5.850187e+00
1.552000e-05	3.899552e-02	6.010558e+00
1.553000e-05	-4.286943e-02	6.186427e+00
1.554000e-05	-7.372413e-03	6.334242e+00
1.555000e-05	1.364684e-02	6.461164e+00
1.556000e-05	-6.064658e-02	6.661636e+00
1.557000e-05	3.869379e-02	6.787454e+00
1.558000e-05	-1.115662e-02	6.965828e+00
1.559000e-05	-9.167807e-03	7.102693e+00
1.560000e-05	-1.038881e-02	7.210959e+00
1.561000e-05	-2.512449e-02	7.368435e+00
1.562000e-05	7.905939e-03	7.535350e+00
1.563000e-05	-2.658421e-02	7.723215e+00
1.564000e-05	4.761448e-03	7.860110e+00
1.565000e-05	-2.810161e-02	8.028982e+00
1.566000e-05	3.638512e-03	8.135349e+00
1.567000e-05	1.892454e-03	8.291139e+00
1.568000e-05	-2.028103e-02	8.356951e+00
1.569000e-05	-1.234543e-02	8.473665e+00
1.570000e-05	-2.688776e-02	8.557957e+00
1.571000e-05	-6.541675e-04	8.702692e+00
1.572000e-05	-1.026527e-02	8.726922e+00
1.573000e-05	-1.108311e-02	8.891638e+00
1.574000e-05	-1.706214e-02	8.965953e+00
1.575000e-05	-1.117957e-02	9.104270e+00
1.576000e-05	-5.805391e-03	9.211000e+00
1.577000e-05	-1.656156e-02	9.272690e+00
1.578000e-05	-2.041527e-02	9.388327e+00
1.579000e-05	-2.041016e-02	9.451563e+00
1.580000e-05	-9.256956e-03	9.555294e+00
1.581000e-05	-1.176001e-02	9.602477e+00
1.582000e-05	-1.754645e-02	9.653740e+00
1.583000e-05	-1.733135e-02	9.787373e+00
1.584000e-05	-1.386943e-02	9.852039e+00
1.585000e-05	-1.359492e-02	9.902717e+00
1.586000e-05	-1.866107e-02	1.000937e+01
1.587000e-05	-2.190566e-02	1.003158e+01
1.588000e-05	-1.826140e-02	1.005113e+01
1.589000e-05	-1.345141e-02	1.010374e+01
1.590000e-05	-1.580772e-02	1.015537e+01
1.591000e-05	-2.248087e-02	1.021997e+01
1.592000e-05	-2.332009e-02	1.023006e+01
1.593000e-05	-1.814507e-02	1.024211e+01
1.594000e-05	-1.616020e-02	1.027414e+01
1.595000e-05	-1.978603e-02	1.031524e+01
1.596000e-05	-2.461672e-02	1.029584e+01
1.597000e-05	-2.162449e-02	1.034587e+01
1.598000e-05	-2.026263e-02	1.033729e+01
1.599000e-05	-2.157403e-02	1.034832e+01
1.600000e-05	-2.335703e-02	1.035695e+01
1.601000e-05	-2.761346e-02	1.036632e+01
1.602000e-05	-2.208405e-02	1.032882e+01
1.603000e-05	-2.082240e-02	1.031589e+01
1.604000e-05	-2.315280e-02	1.031724e+01
1.605000e-05	-2.866149e-02	1.029531e+01
1.606000e-05	-2.699786e-02	1.032421e+01
1.607000e-05	-2.609426e-02	1.026473e+01
1.608000e-05	-2.636047e-02	1.023316e+01
1.609000e-05	-2.892749e-02	1.023015e+01
1.610000e-05	-3.106633e-02	1.018048e+01
1.611000e-05	-2.818143e-02	1.015932e+01
1.612000e-05	-2.720880e-02	1.008526e+01
1.613000e-05	-2.915040e-02	1.005416e+01
1.614000e-05	-3.373171e-02	1.000203e+01
1.615000e-05	-3.242333e-02	9.978448e+00
1.616000e-05	-3.089618e-02	9.886838e+00
1.617000e-05	-2.935421e-02	9.863100e+00
1.618000e-05	-3.344351e-02	9.766773e+00
1.619000e-05	-3.544064e-02	9.662583e+00
1.620000e-05	-3.516444e-02	9.579451e+00
1.621000e-05	-3.349355e-02	9.516289e+00
1.622000e-05	-3.539947e-02	9.421579e+00
1.623000e-05	-3.957277e-02	9.357943e+00
1.624000e-05	-3.844961e-02	9.274184e+00
1.625000e-05	-3.653124e-02	9.181025e+00
1.626000e-05	-3.524120e-02	9.135814e+00
1.627000e-05	-3.840250e-02	9.022000e+00
1.628000e-05	-4.217240e-02	8.885207e+00
1.629000e-05	-4.035101e-02	8.758446e+00
1.630000e-05	-3.967749e-02	8.704657e+00
1.631000e-05	-3.799703e-02	8.528972e+00
1.632000e-05	-4.157676e-02	8.484657e+00
1.633000e-05	-3.929554e-02	8.349445e+00
1.634000e-05	-3.779790e-02	8.244182e+00
1.635000e-05	-3.276451e-02	8.107839e+00
1.636000e-05	-3.505107e-02	7.989971e+00
1.637000e-05	-3.349500e-02	7.834605e+00
1.638000e-05	-3.452662e-02	7.727770e+00
1.639000e-05	-3.042656e-02	7.601101e+00
1.640000e-05	-2.914823e-02	7.404080e+00
1.641000e-05	-2.739303e-02	7.253629e+00
1.642000e-05	-2.910831e-02	7.127761e+00
1.643000e-05	-2.666900e-02	6.970494e+00
1.644000e-05	-2.314129e-02	6.814630e+00
1.645000e-05	-2.056887e-02	6.705760e+00
1.646000e-05	-2.250151e-02	6.505783e+00
1.647000e-05	-2.295622e-02	6.358964e+00
1.648000e-05	-2.056218e-02	6.181497e+00
1.649000e-05	-1.866813e-02	6.055102e+00
1.650000e-05	-1.934050e-02	5.917860e+00
1.651000e-05	-2.010978e-02	5.717762e+00
1.652000e-05	-1.851093e-02	5.538389e+00
1.653000e-05	-1.554799e-02	5.400470e+00
1.654000e-05	-1.353603e-02	5.181520e+00
1.655000e-05	-1.537384e-02	4.959895e+00
1.656000e-05	-1.634416e-02	4.780394e+00
1.657000e-05	-1.369973e-02	4.592491e+00
1.658000e-05	-1.204599e-02	4.414603e+00
1.659000e-05	-1.199962e-02	4.304753e+00
1.660000e-05	-1.429853e-02	4.045553e+00
1.661000e-05	-1.381861e-02	3.865282e+00
1.662000e-05	-1.138191e-02	3.698307e+00
1.663000e-05	-1.008157e-02	3.559939e+00
1.664000e-05	-1.106823e-02	3.289258e+00
1.665000e-05	-1.201165e-02	3.138890e+00
1.666000e-05	-1.060862e-02	2.929916e+00
1.667000e-05	-9.708931e-03	2.790020e+00
1.668000e-05	-9.896029e-03	2.581893e+00
1.669000e-05	-9.953421e-03	2.348966e+00
1.670000e-05	-1.080273e-02	2.178440e+00
1.671000e-05	-8.527230e-03	1.990997e+00
1.672000e-05	-7.987266e-03	1.813070e+00
1.673000e-05	-7.828530e-03	1.611494e+00
1.674000e-05	-8.906100e-03	1.371566e+00
1.675000e-05	-8.080963e-03	1.160966e+00
1.676000e-05	-6.462858e-03	9.003334e-01
1.677000e-05	-6.701667e-03	7.473633e-01
1.678000e-05	-7.313127e-03	5.298109e-01
1.679000e-05	-6.910199e-03	3.904674e-01
1.680000e-05	-5.629946e-03	1.783359e-01
1.681000e-05	-5.206312e-03	-6.065914e-02
1.682000e-05	2.762346e-03	-2.500865e-01
1.683000e-05	2.291439e-03	-4.090025e-01
1.684000e-05	-1.783066e-03	-6.150085e-01
1.685000e-05	2.200223e-03	-8.195047e-01
1.686000e-05	-3.674670e-04	-9.869470e-01
1.687000e-05	-8.722343e-04	-1.105922e+00
1.688000e-05	2.908099e-03	-1.405803e+00
1.689000e-05	6.948375e-02	-1.595473e+00
1.690000e-05	8.127891e-02	-1.786378e+00
1.691000e-05	-7.053830e-02	-2.049098e+00
1.692000e-05	-8.731088e-03	-2.386402e+00
1.693000e-05	-1.355159e-01	-2.512216e+00
1.694000e-05	7.713278e-02	-2.577922e+00
1.695000e-05	1.070128e-01	-2.651014e+00
1.696000e-05	-2.255065e-01	-3.004830e+00
1.697000e-05	1.916159e-01	-3.137373e+00
1.698000e-05	6.017653e-02	-3.258542e+00
1.699000e-05	-1.940778e-01	-3.533897e+00
1.700000e-05	2.061155e-01	-3.609555e+00
1.701000e-05	-8.240173e-02	-3.850085e+00
1.702000e-05	-1.177806e-01	-4.083192e+00
1.703000e-05	1.827217e-01	-4.200529e+00
1.704000e-05	-1.481038e-01	-4.417988e+00
1.705000e-05	1.364180e-01	-4.611131e+00
1.706000e-05	3.132141e-02	-4.763225e+00
1.707000e-05	-1.491626e-01	-5.038431e+00
1.708000e-05	1.677761e-01	-5.155301e+00
1.709000e-05	-1.403710e-01	-5.364309e+00
1.710000e-05	7.592448e-02	-5.598952e+00
1.711000e-05	1.871026e-02	-5.724793e+00
1.712000e-05	-5.024686e-02	-5.944323e+00
1.713000e-05	1.294361e-01	-6.000033e+00
1.714000e-05	-1.348675e-01	-6.281664e+00
1.715000e-05	1.184516e-01	-6.440603e+00
1.716000e-05	-5.561853e-02	-6.556379e+00
1.717000e-05	-3.322246e-02	-6.745797e+00
1.718000e-05	1.289158e-01	-6.822611e+00
1.719000e-05	-1.125106e-01	-7.099018e+00
1.720000e-05	1.201751e-01	-7.201530e+00
1.721000e-05	-7.805592e-02	-7.345172e+00
1.722000e-05	3.426649e-02	-7.502718e+00
1.723000e-05	3.505939e-02	-7.588957e+00
1.724000e-05	-5.194163e-02	-7.869011e+00
1.725000e-05	8.340164e-02	-7.976323e+00
1.726000e-05	-7.725582e-02	-8.114693e+00
1.727000e-05	9.355119e-02	-8.189478e+00
1.728000e-05	-3.974304e-02	-8.335273e+00
1.729000e-05	2.844340e-02	-8.439908e+00
1.730000e-05	7.840791e-03	-8.515329e+00
1.731000e-05	-2.601589e-02	-8.714722e+00
1.732000e-05	5.973058e-02	-8.798531e+00
1.733000e-05	-3.368883e-02	-8.925242e+00
1.734000e-05	4.775945e-02	-9.010530e+00
1.735000e-05	-2.481840e-02	-9.153241e+00
1.736000e-05	3.635014e-02	-9.200478e+00
1.737000e-05	7.103297e-03	-9.272692e+00
1.738000e-05	4.973230e-03	-9.387983e+00
1.739000e-05	1.022034e-02	-9.504744e+00
1.740000e-05	-6.197884e-03	-9.578953e+00
1.741000e-05	3.352790e-02	-9.672161e+00
1.742000e-05	-2.304137e-03	-9.776350e+00
1.743000e-05	2.346871e-02	-9.821056e+00
1.744000e-05	-2.519600e-03	-9.914664e+00
1.745000e-05	1.962775e-02	-9.916298e+00
1.746000e-05	1.073287e-02	-9.999954e+00
1.747000e-05	1.116234e-02	-1.004311e+01
1.748000e-05	8.990795e-03	-1.007324e+01
1.749000e-05	8.472358e-03	-1.018635e+01
1.750000e-05	2.351298e-02	-1.022696e+01
1.751000e-05	1.027633e-02	-1.026214e+01
1.752000e-05	1.607258e-02	-1.032527e+01
1.753000e-05	2.763003e-03	-1.035035e+01
1.754000e-05	1.689029e-02	-1.039000e+01
1.755000e-05	1.587358e-02	-1.042196e+01
1.756000e-05	1.635574e-02	-1.047266e+01
1.757000e-05	1.179183e-02	-1.045259e+01
1.758000e-05	1.283791e-02	-1.048374e+01
1.759000e-05	1.808318e-02	-1.049571e+01
1.760000e-05	1.700549e-02	-1.046472e+01
1.761000e-05	1.562592e-02	-1.049524e+01
1.762000e-05	9.734920e-03	-1.051571e+01
1.763000e-05	1.861531e-02	-1.050476e+01
1.764000e-05	1.903006e-02	-1.052422e+01
1.765000e-05	2.047798e-02	-1.051419e+01
1.766000e-05	1.664018e-02	-1.046514e+01
1.767000e-05	1.534152e-02	-1.048466e+01
1.768000e-05	1.856733e-02	-1.042216e+01
1.769000e-05	2.205193e-02	-1.041851e+01
1.770000e-05	2.206700e-02	-1.039000e+01
1.771000e-05	1.814654e-02	-1.034634e+01
1.772000e-05	2.027534e-02	-1.028666e+01
1.773000e-05	2.255914e-02	-1.024251e+01
1.774000e-05	2.232292e-02	-1.018045e+01
1.775000e-05	2.065508e-02	-1.009529e+01
1.776000e-05	2.104452e-02	-1.008313e+01
1.777000e-05	2.372347e-02	-1.002003e+01
1.778000e-05	2.632439e-02	-9.928372e+00
1.779000e-05	2.429426e-02	-9.905739e+00
1.780000e-05	2.272826e-02	-9.842505e+00
1.781000e-05	2.434207e-02	-9.757349e+00
1.782000e-05	2.678495e-02	-9.674187e+00
1.783000e-05	2.731120e-02	-9.632529e+00
1.784000e-05	2.640350e-02	-9.570424e+00
1.785000e-05	2.564888e-02	-9.454163e+00
1.786000e-05	2.889246e-02	-9.331322e+00
1.787000e-05	3.047931e-02	-9.243626e+00
1.788000e-05	3.013969e-02	-9.157420e+00
1.789000e-05	2.758399e-02	-9.033656e+00
1.790000e-05	2.875050e-02	-8.929394e+00
1.791000e-05	3.131969e-02	-8.844082e+00
1.792000e-05	3.186766e-02	-8.758950e+00
1.793000e-05	2.846374e-02	-8.613633e+00
1.794000e-05	2.712012e-02	-8.514710e+00
1.795000e-05	2.838966e-02	-8.390924e+00
1.796000e-05	2.860533e-02	-8.285207e+00
1.797000e-05	2.727650e-02	-8.138917e+00
1.798000e-05	2.437441e-02	-8.043081e+00
1.799000e-05	2.246185e-02	-7.897245e+00
1.800000e-05	2.141125e-02	-7.729760e+00
1.801000e-05	1.970338e-02	-7.581522e+00
1.802000e-05	1.774833e-02	-7.442579e+00
1.803000e-05	1.686344e-02	-7.286207e+00
1.804000e-05	1.700128e-02	-7.180471e+00
1.805000e-05	1.574751e-02	-6.981470e+00
1.806000e-05	1.273856e-02	-6.841075e+00
1.807000e-05	1.153312e-02	-6.697209e+00
1.808000e-05	1.092110e-02	-6.530315e+00
1.809000e-05	1.000133e-02	-6.371072e+00
1.810000e-05	8.492214e-03	-6.205603e+00
1.811000e-05	7.037191e-03	-6.033575e+00
1.812000e-05	6.255295e-03	-5.875283e+00
1.813000e-05	6.601552e-03	-5.698265e+00
1.814000e-05	5.265189e-03	-5.579971e+00
1.815000e-05	5.188422e-03	-5.371493e+00
1.816000e-05	3.033345e-03	-5.157895e+00
1.817000e-05	3.544654e-03	-4.990963e+00
1.818000e-05	2.617366e-03	-4.729310e+00
1.819000e-05	2.729246e-03	-4.569893e+00
1.820000e-05	1.309346e-03	-4.402974e+00
1.821000e-05	1.073227e-03	-4.255129e+00
1.822000e-05	1.155699e-03	-4.075285e+00
1.823000e-05	-4.367641e-04	-3.957316e+00
1.824000e-05	9.400226e-05	-3.675234e+00
1.825000e-05	-1.024575e-03	-3.486863e+00
1.826000e-05	3.945584e-04	-3.328415e+00
1.827000e-05	-1.775900e-03	-3.170896e+00
1.828000e-05	-1.882353e-03	-2.901411e+00
1.829000e-05	-4.446445e-03	-2.748941e+00
1.830000e-05	-2.701078e-03	-2.560439e+00
1.831000e-05	-4.276552e-03	-2.361022e+00
1.832000e-05	-1.354485e-03	-2.160811e+00
1.833000e-05	-3.994773e-03	-1.960371e+00
1.834000e-05	-2.551913e-03	-1.770468e+00
1.835000e-05	-5.337124e-03	-1.591999e+00
1.836000e-05	-4.092422e-03	-1.329340e+00
1.837000e-05	-6.557767e-03	-1.120262e+00
1.838000e-05	-5.767634e-03	-9.083147e-01
1.839000e-05	-7.615210e-03	-7.484175e-01
1.840000e-05	-5.082693e-03	-4.699098e-01
1.841000e-05	-5.093994e-03	-3.689134e-01
1.842000e-05	-5.047443e-03	-1.609197e-01
1.843000e-05	-3.630262e-04	3.950256e-02
1.844000e-05	2.497313e-03	2.390850e-01
1.845000e-05	-4.022328e-03	4.195551e-01
1.846000e-05	7.767238e-04	5.874775e-01
1.847000e-05	-4.220967e-03	7.669276e-01
1.848000e-05	-2.142732e-03	9.127210e-01
1.849000e-05	-2.716172e-03	1.206974e+00
1.850000e-05	1.485850e-02	1.357972e+00
1.851000e-05	7.854200e-02	1.616484e+00
1.852000e-05	3.348710e-02	1.880712e+00
1.853000e-05	-6.353102e-02	2.051637e+00
1.854000e-05	-3.394727e-02	2.269087e+00
1.855000e-05	-9.974233e-02	2.418451e+00
1.856000e-05	-1.802244e-02	2.502764e+00
1.857000e-05	1.500231e-01	2.755374e+00
1.858000e-05	-1.963939e-01	2.902872e+00
1.859000e-05	7.254985e-02	3.030583e+00
1.860000e-05	1.166241e-01	3.281666e+00
1.861000e-05	-1.528337e-01	3.512767e+00
1.862000e-05	8.879045e-02	3.609034e+00
1.863000e-05	-2.107291e-02	3.837635e+00
1.864000e-05	-1.099825e-01	4.008480e+00
1.865000e-05	8.502564e-02	4.208935e+00
1.866000e-05	-3.253869e-02	4.420080e+00
1.867000e-05	1.006403e-02	4.596427e+00
1.868000e-05	3.445590e-02	4.765450e+00
1.869000e-05	-8.261615e-02	4.974959e+00
1.870000e-05	4.272048e-02	5.227934e+00
1.871000e-05	-4.104891e-02	5.398980e+00
1.872000e-05	1.340561e-02	5.557375e+00
1.873000e-05	-2.568594e-02	5.725196e+00
1.874000e-05	1.093081e-02	5.975396e+00
1.875000e-05	1.650880e-02	6.112141e+00
1.876000e-05	-5.138236e-02	6.252558e+00
1.877000e-05	3.056176e-02	6.398426e+00
1.878000e-05	-4.265898e-02	6.515278e+00
1.879000e-05	-1.802810e-02	6.734820e+00
1.880000e-05	3.351768e-02	6.872718e+00
1.881000e-05	-2.325694e-02	7.090483e+00
1.882000e-05	-1.334360e-03	7.135797e+00
1.883000e-05	-2.449956e-02	7.232139e+00
1.884000e-05	-6.833393e-03	7.481042e+00
1.885000e-05	-2.691991e-03	7.600560e+00
1.886000e-05	-1.949801e-02	7.785475e+00
1.887000e-05	-2.190103e-03	7.943794e+00
1.888000e-05	-2.860232e-02	8.112190e+00
1.889000e-05	1.548390e-02	8.167506e+00
1.890000e-05	-1.423776e-02	8.335847e+00
1.891000e-05	-1.295599e-02	8.398536e+00
1.892000e-05	-1.847660e-02	8.504794e+00
1.893000e-05	-2.098075e-02	8.649075e+00
1.894000e-05	2.057091e-03	8.724267e+00
1.895000e-05	-1.461299e-02	8.789429e+00
1.896000e-05	-9.329953e-03	8.904816e+00
1.897000e-05	-1.961641e-02	9.051561e+00
1.898000e-05	-6.181237e-03	9.147473e+00
1.899000e-05	-8.757521e-03	9.261133e+00
1.900000e-05	-1.902810e-02	9.333218e+00
1.901000e-05	-1.958023e-02	9.380429e+00
1.902000e-05	-1.895632e-02	9.472791e+00
1.903000e-05	-4.619641e-03	9.545875e+00
1.904000e-05	-1.456571e-02	9.640605e+00
1.905000e-05	-1.601923e-02	9.723720e+00
1.906000e-05	-1.918424e-02	9.777404e+00
1.907000e-05	-1.422714e-02	9.912138e+00
1.908000e-05	-1.466297e-02	9.936797e+00
1.909000e-05	-1.988694e-02	1.001995e+01
1.910000e-05	-2.039411e-02	1.004111e+01
1.911000e-05	-1.775369e-02	1.006469e+01
1.912000e-05	-1.075279e-02	1.013481e+01
1.913000e-05	-1.755335e-02	1.016785e+01
1.914000e-05	-2.233687e-02	1.019850e+01
1.915000e-05	-2.523041e-02	1.022103e+01
1.916000e-05	-1.841460e-02	1.028219e+01
1.917000e-05	-1.614246e-02	1.027367e+01
1.918000e-05	-2.150290e-02	1.028419e+01
1.919000e-05	-2.392204e-02	1.031532e+01
1.920000e-05	-2.154231e-02	1.036679e+01
1.921000e-05	-1.851663e-02	1.035584e+01
1.922000e-05	-2.087924e-02	1.030837e+01
1.923000e-05	-2.466101e-02	1.034734e+01
1.924000e-05	-2.884621e-02	1.033885e+01
1.925000e-05	-2.167261e-02	1.036787e+01
1.926000e-05	-2.195749e-02	1.033732e+01
1.927000e-05	-2.379998e-02	1.030574e+01
1.928000e-05	-2.874618e-02	1.033534e+01
1.929000e-05	-2.736775e-02	1.032424e+01
1.930000e-05	-2.588045e-02	1.026464e+01
1.931000e-05	-2.635882e-02	1.025158e+01
1.932000e-05	-2.882080e-02	1.024105e+01
1.933000e-05	-3.096323e-02	1.016939e+01
1.934000e-05	-2.696670e-02	1.012774e+01
1.935000e-05	-2.694469e-02	1.008531e+01
1.936000e-05	-2.930773e-02	1.005216e+01
1.937000e-05	-3.557790e-02	1.001150e+01
1.938000e-05	-3.397211e-02	9.938820e+00
1.939000e-05	-3.215968e-02	9.895712e+00
1.940000e-05	-2.863466e-02	9.801052e+00
1.941000e-05	-3.324115e-02	9.766345e+00
1.942000e-05	-3.455317e-02	9.632530e+00
1.943000e-05	-3.354584e-02	9.529421e+00
1.944000e-05	-3.267144e-02	9.487214e+00
1.945000e-05	-3.632049e-02	9.401499e+00
1.946000e-05	-4.034232e-02	9.335789e+00
1.947000e-05	-4.109533e-02	9.263580e+00
1.948000e-05	-3.752123e-02	9.179497e+00
1.949000e-05	-3.570033e-02	9.077237e+00
1.950000e-05	-3.860354e-02	8.978391e+00
1.951000e-05	-3.969641e-02	8.802550e+00
1.952000e-05	-4.071402e-02	8.758316e+00
1.953000e-05	-3.763957e-02	8.642102e+00
1.954000e-05	-3.908087e-02	8.538740e+00
1.955000e-05	-4.104800e-02	8.432078e+00
1.956000e-05	-3.980714e-02	8.318315e+00
1.957000e-05	-3.649761e-02	8.182451e+00
1.958000e-05	-3.212641e-02	8.074630e+00
1.959000e-05	-3.471109e-02	7.958216e+00
1.960000e-05	-3.263231e-02	7.791103e+00
1.961000e-05	-3.408608e-02	7.685209e+00
1.962000e-05	-2.870996e-02	7.507938e+00
1.963000e-05	-2.914453e-02	7.360373e+00
1.964000e-05	-2.736367e-02	7.180997e+00
1.965000e-05	-2.855434e-02	7.054057e+00
1.966000e-05	-2.278027e-02	6.927290e+00
1.967000e-05	-2.343081e-02	6.780495e+00
1.968000e-05	-2.145762e-02	6.582928e+00
1.969000e-05	-2.370829e-02	6.411600e+00
1.970000e-05	-2.186633e-02	6.306157e+00
1.971000e-05	-1.919953e-02	6.139261e+00
1.972000e-05	-1.910897e-02	6.020021e+00
1.973000e-05	-1.831101e-02	5.854775e+00
1.974000e-05	-1.966371e-02	5.621604e+00
1.975000e-05	-1.618454e-02	5.495203e+00
1.976000e-05	-1.465130e-02	5.258183e+00
1.977000e-05	-1.447280e-02	5.105288e+00
1.978000e-05	-1.667857e-02	4.845058e+00
1.979000e-05	-1.566845e-02	4.686709e+00
1.980000e-05	-1.400331e-02	4.507439e+00
1.981000e-05	-1.262077e-02	4.380471e+00
1.982000e-05	-1.281486e-02	4.141466e+00
1.983000e-05	-1.351357e-02	3.991020e+00
1.984000e-05	-1.222572e-02	3.791542e+00
1.985000e-05	-1.080308e-02	3.643554e+00
1.986000e-05	-1.006081e-02	3.466657e+00
1.987000e-05	-1.205086e-02	3.223575e+00
1.988000e-05	-1.166936e-02	3.066632e+00
1.989000e-05	-1.149724e-02	2.867180e+00
1.990000e-05	-9.262813e-03	2.747835e+00
1.991000e-05	-8.878311e-03	2.454602e+00
1.992000e-05	-1.017973e-02	2.255132e+00
1.993000e-05	-9.508585e-03	2.065334e+00
1.994000e-05	-9.298997e-03	1.918411e+00
1.995000e-05	-7.417737e-03	1.718238e+00
1.996000e-05	-9.709473e-03	1.517258e+00
1.997000e-05	-7.680437e-03	1.297331e+00
1.998000e-05	-8.148552e-03	1.086253e+00
1.999000e-05	-5.887286e-03	8.225452e-01
2.000000e-05	-6.892196e-03	6.257055e-01
2.001000e-05	-7.433089e-03	4.646291e-01
2.002000e-05	-7.513691e-03	3.168032e-01
2.003000e-05	-5.580212e-03	8.404909e-02
2.004000e-05	-3.182071e-03	-1.163719e-01
2.005000e-05	5.232432e-03	-3.232431e-01
2.006000e-05	-3.507232e-03	-4.410338e-01
2.007000e-05	2.085679e-03	-7.637948e-01
2.008000e-05	-1.660082e-03	-8.606379e-01
2.009000e-05	1.575315e-03	-1.070559e+00
2.010000e-05	-2.035095e-03	-1.210505e+00
2.011000e-05	1.649998e-02	-1.419188e+00
2.012000e-05	1.201781e-01	-1.649513e+00
2.013000e-05	-1.508603e-02	-1.861744e+00
2.014000e-05	-3.660244e-02	-2.218458e+00
2.015000e-05	-4.950404e-02	-2.429584e+00
2.016000e-05	-1.264687e-01	-2.536898e+00
2.017000e-05	2.034590e-01	-2.558403e+00
2.018000e-05	-8.180988e-02	-2.776331e+00
2.019000e-05	-1.211645e-01	-3.102292e+00
2.020000e-05	2.374431e-01	-3.188449e+00
2.021000e-05	-1.573595e-01	-3.365328e+00
2.022000e-05	-2.655141e-02	-3.578554e+00
2.023000e-05	1.693161e-01	-3.652138e+00
2.024000e-05	-2.079066e-01	-3.955406e+00
2.025000e-05	7.382829e-02	-4.165371e+00
2.026000e-05	5.979628e-02	-4.273718e+00
2.027000e-05	-1.098202e-01	-4.542771e+00
2.028000e-05	2.091822e-01	-4.622109e+00
2.029000e-05	-1.495663e-01	-4.861144e+00
2.030000e-05	3.526135e-02	-5.060638e+00
2.031000e-05	6.741968e-02	-5.227986e+00
2.032000e-05	-1.359550e-01	-5.551668e+00
2.033000e-05	1.564057e-01	-5.621030e+00
2.034000e-05	-1.050766e-01	-5.807984e+00
2.035000e-05	8.536441e-02	-5.975926e+00
2.036000e-05	5.781225e-03	-6.102722e+00
2.037000e-05	-6.839414e-02	-6.354351e+00
2.038000e-05	1.308234e-01	-6.483136e+00
2.039000e-05	-1.515773e-01	-6.627014e+00
2.040000e-05	1.183417e-01	-6.778399e+00
2.041000e-05	-1.279833e-02	-6.884591e+00
2.042000e-05	-2.024220e-02	-7.166374e+00
2.043000e-05	8.608565e-02	-7.252111e+00
2.044000e-05	-1.062167e-01	-7.388505e+00
2.045000e-05	1.110935e-01	-7.524822e+00
2.046000e-05	-6.730260e-02	-7.713643e+00
2.047000e-05	4.762616e-02	-7.872740e+00
2.048000e-05	3.508618e-04	-7.999554e+00
2.049000e-05	-1.461782e-02	-8.154847e+00
2.050000e-05	7.149477e-02	-8.251034e+00
2.051000e-05	-6.079556e-02	-8.356874e+00
2.052000e-05	6.905439e-02	-8.431686e+00
2.053000e-05	-5.100558e-02	-8.639035e+00
2.054000e-05	4.366764e-02	-8.757401e+00
2.055000e-05	6.195838e-03	-8.833010e+00
2.056000e-05	1.374326e-03	-8.985898e+00
2.057000e-05	2.571398e-02	-9.051189e+00
2.058000e-05	-1.632192e-02	-9.145851e+00
2.059000e-05	4.604906e-02	-9.230107e+00
2.060000e-05	-1.640111e-02	-9.327301e+00
2.061000e-05	2.476507e-02	-9.431088e+00
2.062000e-05	-9.901508e-03	-9.545799e+00
2.063000e-05	2.128317e-02	-9.652109e+00
2.064000e-05	1.573876e-02	-9.684719e+00
2.065000e-05	6.264950e-03	-9.817926e+00
2.066000e-05	1.711817e-02	-9.831057e+00
2.067000e-05	9.429808e-04	-9.933266e+00
2.068000e-05	2.318092e-02	-9.957349e+00
2.069000e-05	3.324743e-03	-1.001049e+01
2.070000e-05	1.593661e-02	-1.005374e+01
2.071000e-05	3.182666e-03	-1.010435e+01
2.072000e-05	2.052548e-02	-1.019740e+01
2.073000e-05	1.589059e-02	-1.026254e+01
2.074000e-05	1.409566e-02	-1.026364e+01
2.075000e-05	1.034298e-02	-1.034432e+01
2.076000e-05	7.091771e-03	-1.035987e+01
2.077000e-05	1.903213e-02	-1.042946e+01
2.078000e-05	1.385911e-02	-1.045406e+01
2.079000e-05	1.507230e-02	-1.045303e+01
2.080000e-05	1.037902e-02	-1.050364e+01
2.081000e-05	1.679906e-02	-1.050421e+01
2.082000e-05	1.645069e-02	-1.047427e+01
2.083000e-05	1.781348e-02	-1.047272e+01
2.084000e-05	1.148537e-02	-1.050627e+01
2.085000e-05	1.418974e-02	-1.050472e+01
2.086000e-05	1.980141e-02	-1.049772e+01
2.087000e-05	1.924357e-02	-1.050516e+01
2.088000e-05	1.922022e-02	-1.047376e+01
2.089000e-05	1.492313e-02	-1.046314e+01
2.090000e-05	1.700130e-02	-1.047266e+01
2.091000e-05	2.058076e-02	-1.045053e+01
2.092000e-05	2.134506e-02	-1.041108e+01
2.093000e-05	1.991378e-02	-1.035895e+01
2.094000e-05	1.979819e-02	-1.032632e+01
2.095000e-05	2.218224e-02	-1.027414e+01
2.096000e-05	2.306935e-02	-1.019106e+01
2.097000e-05	2.092558e-02	-1.014892e+01
2.098000e-05	2.009970e-02	-1.011774e+01
2.099000e-05	2.176274e-02	-1.004298e+01
2.100000e-05	2.656593e-02	-9.971401e+00
2.101000e-05	2.493246e-02	-9.936842e+00
2.102000e-05	2.302098e-02	-9.863257e+00
2.103000e-05	2.296773e-02	-9.801450e+00
2.104000e-05	2.537551e-02	-9.696918e+00
2.105000e-05	2.823155e-02	-9.663654e+00
2.106000e-05	2.721218e-02	-9.611078e+00
2.107000e-05	2.509677e-02	-9.559345e+00
2.108000e-05	2.734514e-02	-9.432555e+00
2.109000e-05	3.130924e-02	-9.306785e+00
2.110000e-05	3.074103e-02	-9.219926e+00
2.111000e-05	2.888127e-02	-9.097713e+00
2.112000e-05	2.801626e-02	-9.011001e+00
2.113000e-05	3.010450e-02	-8.945313e+00
2.114000e-05	3.195437e-02	-8.772580e+00
2.115000e-05	2.982095e-02	-8.727837e+00
2.116000e-05	2.750997e-02	-8.609499e+00
2.117000e-05	2.751252e-02	-8.424127e+00
2.118000e-05	2.881981e-02	-8.328395e+00
2.119000e-05	2.852420e-02	-8.243000e+00
2.120000e-05	2.612265e-02	-8.115762e+00
2.121000e-05	2.277433e-02	-8.001548e+00
2.122000e-05	2.119025e-02	-7.842530e+00
2.123000e-05	2.104926e-02	-7.645684e+00
2.124000e-05	1.915170e-02	-7.527289e+00
2.125000e-05	1.673902e-02	-7.369869e+00
2.126000e-05	1.582924e-02	-7.234080e+00
2.127000e-05	1.620013e-02	-7.126786e+00
2.128000e-05	1.526511e-02	-6.897832e+00
2.129000e-05	1.247181e-02	-6.778946e+00
2.130000e-05	1.059259e-02	-6.613051e+00
2.131000e-05	1.008555e-02	-6.476157e+00
2.132000e-05	1.023175e-02	-6.296364e+00
2.133000e-05	8.963396e-03	-6.119410e+00
2.134000e-05	6.049832e-03	-5.970369e+00
2.135000e-05	5.626955e-03	-5.821528e+00
2.136000e-05	5.983667e-03	-5.695105e+00
2.137000e-05	6.255167e-03	-5.516209e+00
2.138000e-05	5.233056e-03	-5.236652e+00
2.139000e-05	2.893269e-03	-5.076733e+00
2.140000e-05	3.905122e-03	-4.856556e+00
2.141000e-05	2.468768e-03	-4.645658e+00
2.142000e-05	3.390245e-03	-4.517736e+00
2.143000e-05	-1.067071e-03	-4.369316e+00
2.144000e-05	5.317077e-04	-4.179945e+00
2.145000e-05	-3.330818e-04	-3.983655e+00
2.146000e-05	2.490424e-03	-3.824021e+00
2.147000e-05	-1.088713e-03	-3.582024e+00
2.148000e-05	-2.257761e-04	-3.443652e+00
2.149000e-05	-2.997922e-03	-3.255179e+00
2.150000e-05	-3.031448e-04	-3.085684e+00
2.151000e-05	-2.290991e-03	-2.815053e+00
2.152000e-05	-3.194036e-03	-2.706282e+00
2.153000e-05	-5.645240e-03	-2.476683e+00
2.154000e-05	-2.243648e-03	-2.256332e+00
2.155000e-05	-3.229270e-03	-2.065202e+00
2.156000e-05	-2.298544e-03	-1.896733e+00
2.157000e-05	-5.508420e-03	-1.728734e+00
2.158000e-05	-4.352727e-03	-1.548433e+00
2.159000e-05	-4.988709e-03	-1.277099e+00
2.160000e-05	-5.148842e-03	-1.054674e+00
2.161000e-05	-7.728204e-03	-8.566531e-01
2.162000e-05	-7.802481e-03	-6.772793e-01
2.163000e-05	-4.816560e-03	-4.319703e-01
2.164000e-05	-3.516794e-03	-2.646780e-01
2.165000e-05	-3.165665e-03	-6.620559e-02
2.166000e-05	3.176654e-04	9.224679e-02
2.167000e-05	-3.895828e-03	3.647708e-01
2.168000e-05	3.783757e-04	4.942680e-01
2.169000e-05	1.576252e-03	6.516830e-01
2.170000e-05	-2.263989e-03	8.000050e-01
2.171000e-05	-5.298301e-03	1.029136e+00
2.172000e-05	4.566706e-04	1.259587e+00
2.173000e-05	3.305655e-02	1.440089e+00
2.174000e-05	9.330336e-02	1.782804e+00
2.175000e-05	-3.338519e-02	1.975426e+00
2.176000e-05	-4.783763e-02	2.174298e+00
2.177000e-05	-4.301911e-02	2.333368e+00
2.178000e-05	-1.137499e-01	2.421006e+00
2.179000e-05	1.016652e-01	2.567457e+00
2.180000e-05	1.434826e-02	2.827481e+00
2.181000e-05	-1.810731e-01	2.978478e+00
2.182000e-05	2.114388e-01	3.153872e+00
2.183000e-05	-5.912430e-02	3.395380e+00
2.184000e-05	-8.155105e-02	3.576400e+00
2.185000e-05	1.149279e-01	3.652168e+00
2.186000e-05	-1.225922e-01	3.884742e+00
2.187000e-05	-9.841660e-03	4.030538e+00
2.188000e-05	6.463762e-02	4.343723e+00
2.189000e-05	-5.733982e-02	4.512664e+00
2.190000e-05	5.635255e-02	4.621634e+00
2.191000e-05	-3.824297e-02	4.849542e+00
2.192000e-05	-2.602170e-02	5.070839e+00
2.193000e-05	1.624505e-02	5.273144e+00
2.194000e-05	-4.021263e-02	5.541639e+00
2.195000e-05	2.409422e-02	5.599106e+00
2.196000e-05	-3.634782e-02	5.800566e+00
2.197000e-05	3.934423e-02	5.988007e+00
2.198000e-05	-2.785895e-02	6.176401e+00
2.199000e-05	-2.491362e-02	6.284162e+00
2.200000e-05	2.785566e-02	6.421538e+00
2.201000e-05	-6.609724e-02	6.631061e+00
2.202000e-05	2.776601e-02	6.768453e+00
2.203000e-05	-8.501308e-04	6.964371e+00
2.204000e-05	-1.341882e-02	7.072713e+00
2.205000e-05	-3.864337e-03	7.215454e+00
2.206000e-05	-2.788513e-02	7.366876e+00
2.207000e-05	6.017315e-03	7.542847e+00
2.208000e-05	-2.225750e-02	7.692215e+00
2.209000e-05	1.627410e-03	7.836988e+00
2.210000e-05	-2.208715e-02	8.008955e+00
2.211000e-05	-7.811421e-03	8.114295e+00
2.212000e-05	7.240916e-03	8.260610e+00
2.213000e-05	-2.039467e-02	8.367474e+00
2.214000e-05	-1.106568e-02	8.441633e+00
2.215000e-05	-2.626436e-02	8.557848e+00
2.216000e-05	-4.903158e-03	8.681111e+00
2.217000e-05	-5.513936e-03	8.736900e+00
2.218000e-05	-1.150866e-02	8.800634e+00
2.219000e-05	-1.470501e-02	8.973797e+00
2.220000e-05	-1.488712e-02	9.113694e+00
2.221000e-05	-5.503198e-03	9.200556e+00
2.222000e-05	-1.354031e-02	9.252663e+00
2.223000e-05	-1.997063e-02	9.347820e+00
2.224000e-05	-2.046929e-02	9.400681e+00
2.225000e-05	-1.148202e-02	9.524294e+00
2.226000e-05	-7.441961e-03	9.588901e+00
2.227000e-05	-1.684545e-02	9.681589e+00
2.228000e-05	-1.833088e-02	9.744798e+00
2.229000e-05	-1.650399e-02	9.839031e+00
2.230000e-05	-1.353711e-02	9.915695e+00
2.231000e-05	-1.601709e-02	9.948927e+00
2.232000e-05	-2.153035e-02	1.001098e+01
2.233000e-05	-1.982494e-02	1.005111e+01
2.234000e-05	-1.487970e-02	1.010622e+01
2.235000e-05	-1.305043e-02	1.013582e+01
2.236000e-05	-1.913451e-02	1.019792e+01
2.237000e-05	-2.409354e-02	1.020051e+01
2.238000e-05	-2.140732e-02	1.027111e+01
2.239000e-05	-1.739633e-02	1.027216e+01
2.240000e-05	-1.645327e-02	1.031471e+01
2.241000e-05	-2.390516e-02	1.033382e+01
2.242000e-05	-2.254440e-02	1.032729e+01
2.243000e-05	-2.075128e-02	1.033777e+01
2.244000e-05	-2.022392e-02	1.033777e+01
2.245000e-05	-2.173680e-02	1.032630e+01
2.246000e-05	-2.791129e-02	1.035582e+01
2.247000e-05	-2.500959e-02	1.032734e+01
2.248000e-05	-2.118249e-02	1.033834e+01
2.249000e-05	-2.114650e-02	1.034737e+01
2.250000e-05	-2.669857e-02	1.032432e+01
2.251000e-05	-2.827918e-02	1.027722e+01
2.252000e-05	-2.786294e-02	1.028419e+01
2.253000e-05	-2.555761e-02	1.028316e+01
2.254000e-05	-2.733677e-02	1.023208e+01
2.255000e-05	-2.996763e-02	1.021182e+01
2.256000e-05	-2.966009e-02	1.014782e+01
2.257000e-05	-2.820461e-02	1.010674e+01
2.258000e-05	-2.746044e-02	1.008613e+01
2.259000e-05	-3.120427e-02	1.002160e+01
2.260000e-05	-3.384504e-02	9.969970e+00
2.261000e-05	-3.334067e-02	9.916792e+00
2.262000e-05	-3.073820e-02	9.853613e+00
2.263000e-05	-3.165629e-02	9.778946e+00
2.264000e-05	-3.515071e-02	9.695111e+00
2.265000e-05	-3.640757e-02	9.611424e+00
2.266000e-05	-3.432564e-02	9.527292e+00
2.267000e-05	-3.278080e-02	9.452186e+00
2.268000e-05	-3.751415e-02	9.368943e+00
2.269000e-05	-3.876430e-02	9.325785e+00
2.270000e-05	-4.011348e-02	9.241601e+00
2.271000e-05	-3.605059e-02	9.125867e+00
2.272000e-05	-3.771540e-02	9.023080e+00
2.273000e-05	-4.097919e-02	8.933661e+00
2.274000e-05	-4.156745e-02	8.789500e+00
2.275000e-05	-4.012617e-02	8.695261e+00
2.276000e-05	-3.728753e-02	8.600448e+00
2.277000e-05	-3.955093e-02	8.476234e+00
2.278000e-05	-3.964752e-02	8.390445e+00
2.279000e-05	-3.981521e-02	8.284736e+00
2.280000e-05	-3.390071e-02	8.159342e+00
2.281000e-05	-3.431987e-02	8.012999e+00
2.282000e-05	-3.218448e-02	7.884285e+00
2.283000e-05	-3.482305e-02	7.778368e+00
2.284000e-05	-3.035844e-02	7.612047e+00
2.285000e-05	-2.958984e-02	7.504183e+00
2.286000e-05	-2.803266e-02	7.277182e+00
2.287000e-05	-2.794465e-02	7.167821e+00
2.288000e-05	-2.615982e-02	6.992049e+00
2.289000e-05	-2.409380e-02	6.843582e+00
2.290000e-05	-1.997209e-02	6.727921e+00
2.291000e-05	-2.115801e-02	6.519309e+00
2.292000e-05	-2.222877e-02	6.410545e+00
2.293000e-05	-2.207944e-02	6.192102e+00
2.294000e-05	-2.018078e-02	6.085659e+00
2.295000e-05	-1.870998e-02	5.958941e+00
2.296000e-05	-1.760868e-02	5.760066e+00
2.297000e-05	-1.804430e-02	5.578466e+00
2.298000e-05	-1.579926e-02	5.392070e+00
2.299000e-05	-1.422140e-02	5.252550e+00
2.300000e-05	-1.454276e-02	5.021999e+00
2.301000e-05	-1.501462e-02	4.792995e+00
2.302000e-05	-1.543503e-02	4.613075e+00
2.303000e-05	-1.288985e-02	4.445129e+00
2.304000e-05	-1.228983e-02	4.338858e+00
2.305000e-05	-1.272090e-02	4.025606e+00
2.306000e-05	-1.406659e-02	3.906787e+00
2.307000e-05	-1.268920e-02	3.717337e+00
2.308000e-05	-1.100241e-02	3.580945e+00
2.309000e-05	-1.010395e-02	3.372266e+00
2.310000e-05	-9.957003e-03	3.159891e+00
2.311000e-05	-1.080987e-02	2.980519e+00
2.312000e-05	-1.100318e-02	2.792001e+00
2.313000e-05	-1.051035e-02	2.595178e+00
2.314000e-05	-9.693973e-03	2.361444e+00
2.315000e-05	-1.089064e-02	2.201495e+00
2.316000e-05	-9.315437e-03	1.992999e+00
2.317000e-05	-8.619042e-03	1.816019e+00
2.318000e-05	-7.426610e-03	1.591670e+00
2.319000e-05	-7.812690e-03	1.382020e+00
2.320000e-05	-7.639247e-03	1.192671e+00
2.321000e-05	-8.427538e-03	9.319399e-01
2.322000e-05	-7.464296e-03	7.694698e-01
2.323000e-05	-6.983602e-03	5.499162e-01
2.324000e-05	-6.154801e-03	3.800201e-01
2.325000e-05	-5.836630e-03	1.500423e-01
2.326000e-05	-5.341715e-03	-5.008518e-02
2.327000e-05	6.119118e-04	-2.385050e-01
2.328000e-05	2.908601e-03	-3.879521e-01
2.329000e-05	-3.350244e-03	-5.548809e-01
2.330000e-05	1.032800e-03	-7.849499e-01
2.331000e-05	-8.212815e-05	-9.673969e-01
2.332000e-05	7.131196e-04	-1.091717e+00
2.333000e-05	2.646451e-03	-1.332197e+00
2.334000e-05	4.894061e-02	-1.535376e+00
2.335000e-05	1.059545e-01	-1.742793e+00
2.336000e-05	-7.268851e-02	-1.987989e+00
2.337000e-05	-7.973902e-03	-2.314345e+00
2.338000e-05	-1.161240e-01	-2.491741e+00
2.339000e-05	9.574187e-03	-2.549919e+00
2.340000e-05	1.625573e-01	-2.638458e+00
2.341000e-05	-2.156137e-01	-2.901199e+00
2.342000e-05	1.193685e-01	-3.186473e+00
2.343000e-05	1.383779e-01	-3.190911e+00
2.344000e-05	-2.135588e-01	-3.492817e+00
2.345000e-05	1.647435e-01	-3.610504e+00
2.346000e-05	-7.612495e-03	-3.836930e+00
2.347000e-05	-1.685098e-01	-4.069690e+00
2.348000e-05	1.864292e-01	-4.199401e+00
2.349000e-05	-1.092951e-01	-4.365900e+00
2.350000e-05	7.311017e-02	-4.626552e+00
2.351000e-05	1.011709e-01	-4.727693e+00
2.352000e-05	-1.865442e-01	-4.974901e+00
2.353000e-05	1.596232e-01	-5.124319e+00
2.354000e-05	-9.442058e-02	-5.333697e+00
2.355000e-05	1.617865e-02	-5.596472e+00
2.356000e-05	7.612895e-02	-5.691763e+00
2.357000e-05	-8.989527e-02	-5.902167e+00
2.358000e-05	1.413809e-01	-5.999928e+00
2.359000e-05	-1.185235e-01	-6.248939e+00
2.360000e-05	7.584981e-02	-6.419001e+00
2.361000e-05	3.778121e-03	-6.525248e+00
2.362000e-05	-8.762967e-02	-6.725220e+00
2.363000e-05	1.551323e-01	-6.789980e+00
2.364000e-05	-1.105950e-01	-7.030483e+00
2.365000e-05	9.725459e-02	-7.228529e+00
2.366000e-05	-3.584404e-02	-7.323241e+00
2.367000e-05	-1.128259e-02	-7.462211e+00
2.368000e-05	7.282807e-02	-7.607881e+00
2.369000e-05	-7.706731e-02	-7.798437e+00
2.370000e-05	9.244883e-02	-7.954348e+00
2.371000e-05	-7.297302e-02	-8.082214e+00
2.372000e-05	7.480559e-02	-8.158477e+00
2.373000e-05	-1.201247e-02	-8.323291e+00
2.374000e-05	-1.071119e-03	-8.408507e+00
2.375000e-05	3.317253e-02	-8.544222e+00
2.376000e-05	-4.445058e-02	-8.705193e+00
2.377000e-05	6.828854e-02	-8.808980e+00
2.378000e-05	-3.236137e-02	-8.913295e+00
2.379000e-05	4.101762e-02	-9.010030e+00
2.380000e-05	-1.589300e-02	-9.124768e+00
2.381000e-05	2.296475e-02	-9.207451e+00
2.382000e-05	1.901735e-02	-9.233711e+00
2.383000e-05	-4.274354e-03	-9.378479e+00
2.384000e-05	1.903558e-02	-9.504641e+00
2.385000e-05	-1.165911e-02	-9.588829e+00
2.386000e-05	3.613352e-02	-9.652638e+00
2.387000e-05	-1.731735e-03	-9.775346e+00
2.388000e-05	2.048297e-02	-9.830507e+00
2.389000e-05	1.655221e-03	-9.874214e+00
2.390000e-05	1.602461e-02	-9.955821e+00
2.391000e-05	1.608050e-02	-9.968902e+00
2.392000e-05	6.915427e-03	-1.004156e+01
2.393000e-05	9.985065e-03	-1.005326e+01
2.394000e-05	4.851984e-03	-1.015582e+01
2.395000e-05	2.519437e-02	-1.015943e+01
2.396000e-05	1.059957e-02	-1.027364e+01
2.397000e-05	1.578385e-02	-1.032324e+01
2.398000e-05	3.425779e-03	-1.033683e+01
2.399000e-05	1.436816e-02	-1.038950e+01
2.400000e-05	1.914410e-02	-1.046008e+01
2.401000e-05	1.432764e-02	-1.043211e+01
2.402000e-05	1.228263e-02	-1.047364e+01
2.403000e-05	1.164119e-02	-1.048319e+01
2.404000e-05	1.955996e-02	-1.048572e+01
2.405000e-05	1.770774e-02	-1.049427e+01
2.406000e-05	1.665191e-02	-1.047522e+01
2.407000e-05	8.846261e-03	-1.052529e+01
2.408000e-05	1.720711e-02	-1.052479e+01
2.409000e-05	1.947977e-02	-1.053569e+01
2.410000e-05	1.953808e-02	-1.049416e+01
2.411000e-05	1.556607e-02	-1.046314e+01
2.412000e-05	1.533071e-02	-1.045316e+01
2.413000e-05	2.115609e-02	-1.043221e+01
2.414000e-05	2.296114e-02	-1.039153e+01
2.415000e-05	2.137187e-02	-1.040001e+01
2.416000e-05	1.552620e-02	-1.033732e+01
2.417000e-05	2.000776e-02	-1.030619e+01
2.418000e-05	2.164598e-02	-1.027311e+01
2.419000e-05	2.336079e-02	-1.022098e+01
2.420000e-05	2.021036e-02	-1.017672e+01
2.421000e-05	2.121226e-02	-1.004266e+01
2.422000e-05	2.511293e-02	-1.000105e+01
2.423000e-05	2.665057e-02	-9.948422e+00
2.424000e-05	2.331980e-02	-9.916691e+00
2.425000e-05	2.077756e-02	-9.842630e+00
2.426000e-05	2.294733e-02	-9.759345e+00
2.427000e-05	2.717873e-02	-9.695192e+00
2.428000e-05	2.860350e-02	-9.622577e+00
2.429000e-05	2.633896e-02	-9.568948e+00
2.430000e-05	2.564717e-02	-9.474215e+00
2.431000e-05	2.879558e-02	-9.372446e+00
2.432000e-05	3.178327e-02	-9.243659e+00
2.433000e-05	2.936285e-02	-9.208343e+00
2.434000e-05	2.667581e-02	-9.095114e+00
2.435000e-05	2.763567e-02	-8.960418e+00
2.436000e-05	3.108824e-02	-8.873684e+00
2.437000e-05	3.226242e-02	-8.758897e+00
2.438000e-05	2.952285e-02	-8.646063e+00
2.439000e-05	2.812912e-02	-8.487266e+00
2.440000e-05	2.810224e-02	-8.401548e+00
2.441000e-05	2.883900e-02	-8.316188e+00
2.442000e-05	2.565563e-02	-8.181421e+00
2.443000e-05	2.366355e-02	-8.054082e+00
2.444000e-05	2.225789e-02	-7.946788e+00
2.445000e-05	2.255136e-02	-7.824371e+00
2.446000e-05	2.092897e-02	-7.590526e+00
2.447000e-05	1.857239e-02	-7.464682e+00
2.448000e-05	1.782222e-02	-7.287333e+00
2.449000e-05	1.652318e-02	-7.151025e+00
2.450000e-05	1.451711e-02	-7.042101e+00
2.451000e-05	1.195064e-02	-6.843628e+00
2.452000e-05	1.072274e-02	-6.726187e+00
2.453000e-05	1.195157e-02	-6.580442e+00
2.454000e-05	1.168018e-02	-6.391099e+00
2.455000e-05	9.754104e-03	-6.247753e+00
2.456000e-05	6.532355e-03	-6.043606e+00
2.457000e-05	5.826841e-03	-5.928209e+00
2.458000e-05	5.784694e-03	-5.767417e+00
2.459000e-05	5.358705e-03	-5.560524e+00
2.460000e-05	5.357111e-03	-5.352446e+00
2.461000e-05	3.212298e-03	-5.161371e+00
2.462000e-05	3.813596e-03	-4.991500e+00
2.463000e-05	3.901323e-03	-4.763995e+00
2.464000e-05	2.305791e-03	-4.611446e+00
2.465000e-05	7.555174e-04	-4.432051e+00
2.466000e-05	-9.466635e-05	-4.266678e+00
2.467000e-05	2.043127e-03	-4.138240e+00
2.468000e-05	-5.689675e-04	-3.929865e+00
2.469000e-05	1.337924e-03	-3.709286e+00
2.470000e-05	-1.270619e-03	-3.548812e+00
2.471000e-05	1.009091e-03	-3.359892e+00
2.472000e-05	-2.501413e-03	-3.170995e+00
2.473000e-05	-1.005487e-03	-2.941391e+00
2.474000e-05	-6.387003e-03	-2.760497e+00
2.475000e-05	-3.242435e-03	-2.572473e+00
2.476000e-05	-5.031508e-03	-2.402075e+00
2.477000e-05	-1.071378e-03	-2.172527e+00
2.478000e-05	-4.085171e-03	-1.971494e+00
2.479000e-05	-1.971408e-03	-1.834121e+00
2.480000e-05	-4.295296e-03	-1.633604e+00
2.481000e-05	-3.322000e-03	-1.404619e+00
2.482000e-05	-6.666598e-03	-1.149992e+00
2.483000e-05	-6.491970e-03	-9.899187e-01
2.484000e-05	-7.528455e-03	-7.615163e-01
2.485000e-05	-5.106281e-03	-5.203851e-01
2.486000e-05	-4.969690e-03	-3.904911e-01
2.487000e-05	-4.586461e-03	-2.025251e-01
2.488000e-05	-1.365848e-03	6.318923e-06
2.489000e-05	3.373615e-03	2.280051e-01
2.490000e-05	-4.383655e-03	3.999776e-01
2.491000e-05	8.039196e-04	5.349009e-01
2.492000e-05	-3.951988e-03	7.647948e-01
2.493000e-05	-2.635689e-03	8.720628e-01
2.494000e-05	-3.237927e-03	1.144876e+00
2.495000e-05	1.120109e-02	1.334323e+00
2.496000e-05	6.585774e-02	1.544373e+00
2.497000e-05	5.607303e-02	1.830011e+00
2.498000e-05	-6.317991e-02	2.029561e+00
2.499000e-05	-3.585193e-02	2.210003e+00
2.500000e-05	-8.286034e-02	2.366925e+00
2.501000e-05	-5.670885e-02	2.463657e+00
2.502000e-05	1.614767e-01	2.712344e+00
2.503000e-05	-1.522662e-01	2.883187e+00
2.504000e-05	-8.419817e-03	3.009058e+00
2.505000e-05	1.716232e-01	3.218060e+00
2.506000e-05	-1.499333e-01	3.491768e+00
2.507000e-05	4.672638e-02	3.630453e+00
2.508000e-05	2.866856e-02	3.785877e+00
2.509000e-05	-1.340488e-01	3.987950e+00
2.510000e-05	7.199884e-02	4.178320e+00
2.511000e-05	-9.496436e-03	4.418527e+00
2.512000e-05	-1.053633e-02	4.515872e+00
2.513000e-05	5.219825e-02	4.744822e+00
2.514000e-05	-8.210754e-02	4.946399e+00
2.515000e-05	3.266360e-02	5.165452e+00
2.516000e-05	-3.012629e-02	5.376903e+00
2.517000e-05	-2.670053e-03	5.574322e+00
2.518000e-05	-1.129853e-02	5.673139e+00
2.519000e-05	-7.404425e-03	5.934773e+00
2.520000e-05	2.893935e-02	6.031089e+00
2.521000e-05	-4.958545e-02	6.229507e+00
2.522000e-05	2.126741e-02	6.386921e+00
2.523000e-05	-2.064236e-02	6.522671e+00
2.524000e-05	-3.780245e-02	6.703797e+00
2.525000e-05	3.788577e-02	6.830708e+00
2.526000e-05	-2.395593e-02	6.959530e+00
2.527000e-05	-3.002179e-03	7.103847e+00
2.528000e-05	-1.957448e-02	7.230634e+00
2.529000e-05	-1.324539e-02	7.450031e+00
2.530000e-05	4.543609e-03	7.575424e+00
2.531000e-05	-2.272720e-02	7.714898e+00
2.532000e-05	2.362017e-03	7.912238e+00
2.533000e-05	-3.191300e-02	8.071113e+00
2.534000e-05	1.188727e-02	8.138425e+00
2.535000e-05	-1.027298e-02	8.313740e+00
2.536000e-05	-1.579911e-02	8.398554e+00
2.537000e-05	-1.457764e-02	8.504267e+00
2.538000e-05	-2.291789e-02	8.618955e+00
2.539000e-05	2.940698e-03	8.704317e+00
2.540000e-05	-1.325341e-02	8.799401e+00
2.541000e-05	-1.008595e-02	8.893120e+00
2.542000e-05	-1.947027e-02	9.039037e+00
2.543000e-05	-7.874463e-03	9.166902e+00
2.544000e-05	-7.560611e-03	9.229556e+00
2.545000e-05	-1.803802e-02	9.302766e+00
2.546000e-05	-1.929425e-02	9.378501e+00
2.547000e-05	-1.964704e-02	9.461610e+00
2.548000e-05	-5.864307e-03	9.556871e+00
2.549000e-05	-1.396881e-02	9.590457e+00
2.550000e-05	-1.744741e-02	9.714216e+00
2.551000e-05	-1.857031e-02	9.795902e+00
2.552000e-05	-1.295504e-02	9.862666e+00
2.553000e-05	-1.289994e-02	9.936843e+00
2.554000e-05	-1.862597e-02	9.969425e+00
2.555000e-05	-2.096654e-02	1.002061e+01
2.556000e-05	-1.892888e-02	1.009371e+01
2.557000e-05	-1.218966e-02	1.013432e+01
2.558000e-05	-1.674931e-02	1.016832e+01
2.559000e-05	-2.151048e-02	1.019000e+01
2.560000e-05	-2.455252e-02	1.022203e+01
2.561000e-05	-1.852958e-02	1.026409e+01
2.562000e-05	-1.491749e-02	1.028416e+01
2.563000e-05	-1.958525e-02	1.030466e+01
2.564000e-05	-2.417050e-02	1.031677e+01
2.565000e-05	-2.221259e-02	1.033537e+01
2.566000e-05	-1.954279e-02	1.031534e+01
2.567000e-05	-2.069607e-02	1.033582e+01
2.568000e-05	-2.339377e-02	1.034787e+01
2.569000e-05	-2.950002e-02	1.032884e+01
2.570000e-05	-2.157519e-02	1.031830e+01
2.571000e-05	-2.101778e-02	1.034729e+01
2.572000e-05	-2.360116e-02	1.031729e+01
2.573000e-05	-2.717364e-02	1.031629e+01
2.574000e-05	-2.809052e-02	1.030524e+01
2.575000e-05	-2.567073e-02	1.024366e+01
2.576000e-05	-2.614049e-02	1.026273e+01
2.577000e-05	-2.833455e-02	1.019253e+01
2.578000e-05	-3.153558e-02	1.016000e+01
2.579000e-05	-2.814046e-02	1.013737e+01
2.580000e-05	-2.793601e-02	1.008529e+01
2.581000e-05	-2.953107e-02	1.003264e+01
2.582000e-05	-3.302536e-02	1.001153e+01
2.583000e-05	-3.279536e-02	9.949451e+00
2.584000e-05	-3.101109e-02	9.924663e+00
2.585000e-05	-2.953612e-02	9.832000e+00
2.586000e-05	-3.386218e-02	9.756868e+00
2.587000e-05	-3.596087e-02	9.673109e+00
2.588000e-05	-3.513508e-02	9.570896e+00
2.589000e-05	-3.280483e-02	9.505262e+00
2.590000e-05	-3.573442e-02	9.401579e+00
2.591000e-05	-3.907709e-02	9.336871e+00
2.592000e-05	-3.924019e-02	9.283658e+00
2.593000e-05	-3.662724e-02	9.190922e+00
2.594000e-05	-3.583842e-02	9.107830e+00
2.595000e-05	-3.845201e-02	8.958446e+00
2.596000e-05	-4.198618e-02	8.862653e+00
2.597000e-05	-4.141483e-02	8.737842e+00
2.598000e-05	-3.873853e-02	8.632079e+00
2.599000e-05	-3.771475e-02	8.538443e+00
2.600000e-05	-4.078733e-02	8.483603e+00
2.601000e-05	-3.838212e-02	8.368845e+00
2.602000e-05	-3.839606e-02	8.251954e+00
2.603000e-05	-3.244886e-02	8.067182e+00
2.604000e-05	-3.539413e-02	7.969416e+00
2.605000e-05	-3.341582e-02	7.822524e+00
2.606000e-05	-3.424419e-02	7.725709e+00
2.607000e-05	-2.904705e-02	7.548971e+00
2.608000e-05	-2.893389e-02	7.410524e+00
2.609000e-05	-2.778653e-02	7.233528e+00
2.610000e-05	-2.820810e-02	7.117786e+00
2.611000e-05	-2.398302e-02	6.918366e+00
2.612000e-05	-2.327924e-02	6.812024e+00
2.613000e-05	-2.181948e-02	6.655128e+00
2.614000e-05	-2.298383e-02	6.453130e+00
2.615000e-05	-2.096061e-02	6.327811e+00
2.616000e-05	-1.797354e-02	6.178920e+00
2.617000e-05	-1.878060e-02	6.002600e+00
2.618000e-05	-1.971587e-02	5.875651e+00
2.619000e-05	-1.957967e-02	5.675656e+00
2.620000e-05	-1.716727e-02	5.475682e+00
2.621000e-05	-1.600979e-02	5.328415e+00
2.622000e-05	-1.590170e-02	5.138916e+00
2.623000e-05	-1.564927e-02	4.924704e+00
2.624000e-05	-1.428509e-02	4.738833e+00
2.625000e-05	-1.266417e-02	4.548893e+00
2.626000e-05	-1.290228e-02	4.380021e+00
2.627000e-05	-1.400768e-02	4.202446e+00
2.628000e-05	-1.424129e-02	3.993001e+00
2.629000e-05	-1.238297e-02	3.804097e+00
2.630000e-05	-1.175028e-02	3.645100e+00
2.631000e-05	-1.093261e-02	3.497279e+00
2.632000e-05	-1.196279e-02	3.244603e+00
2.633000e-05	-1.051214e-02	3.096681e+00
2.634000e-05	-1.021836e-02	2.897883e+00
2.635000e-05	-9.300626e-03	2.768945e+00
2.636000e-05	-9.915963e-03	2.487609e+00
2.637000e-05	-1.026704e-02	2.268185e+00
2.638000e-05	-9.550928e-03	2.116832e+00
2.639000e-05	-8.752984e-03	1.958489e+00
2.640000e-05	-9.622083e-03	1.718815e+00
2.641000e-05	-9.323208e-03	1.558839e+00
2.642000e-05	-7.847328e-03	1.327812e+00
2.643000e-05	-6.077205e-03	1.149335e+00
2.644000e-05	-7.123218e-03	8.950530e-01
2.645000e-05	-7.947847e-03	6.767820e-01
2.646000e-05	-6.975154e-03	4.775542e-01
2.647000e-05	-6.417219e-03	3.389059e-01
2.648000e-05	-4.769059e-03	4.613191e-02
2.649000e-05	-4.682036e-03	-1.226668e-01
2.650000e-05	4.084950e-03	-3.021906e-01
2.651000e-05	-1.164667e-03	-4.314840e-01
2.652000e-05	1.841463e-03	-6.516906e-01
2.653000e-05	-4.823613e-04	-8.615588e-01
2.654000e-05	-7.343660e-04	-1.049527e+00
2.655000e-05	-2.484381e-03	-1.158402e+00
2.656000e-05	1.146649e-02	-1.358509e+00
2.657000e-05	1.039740e-01	-1.619508e+00
2.658000e-05	2.076383e-02	-1.838612e+00
2.659000e-05	-5.329754e-02	-2.124879e+00
2.660000e-05	-3.028776e-02	-2.407960e+00
2.661000e-05	-1.403626e-01	-2.586845e+00
2.662000e-05	1.712787e-01	-2.578871e+00
2.663000e-05	-1.062884e-02	-2.722345e+00
2.664000e-05	-1.752062e-01	-3.078083e+00
2.665000e-05	2.275546e-01	-3.188926e+00
2.666000e-05	-8.376597e-02	-3.323276e+00
2.667000e-05	-1.057738e-01	-3.556450e+00
2.668000e-05	1.925728e-01	-3.622059e+00
2.669000e-05	-1.744343e-01	-3.954376e+00
2.670000e-05	3.474616e-03	-4.144875e+00
2.671000e-05	1.198229e-01	-4.242064e+00
2.672000e-05	-1.459773e-01	-4.490744e+00
2.673000e-05	2.010679e-01	-4.622104e+00
2.674000e-05	-8.902565e-02	-4.836513e+00
2.675000e-05	-3.396941e-02	-5.079589e+00
2.676000e-05	1.187246e-01	-5.177357e+00
2.677000e-05	-1.570773e-01	-5.510636e+00
2.678000e-05	1.430397e-01	-5.641031e+00
2.679000e-05	-6.811189e-02	-5.785926e+00
2.680000e-05	3.824906e-02	-5.966372e+00
2.681000e-05	5.977380e-02	-6.092142e+00
2.682000e-05	-1.091933e-01	-6.343799e+00
2.683000e-05	1.421193e-01	-6.452136e+00
2.684000e-05	-1.308291e-01	-6.608957e+00
2.685000e-05	6.812556e-02	-6.765950e+00
2.686000e-05	4.557239e-02	-6.873065e+00
2.687000e-05	-6.474137e-02	-7.113294e+00
2.688000e-05	1.120071e-01	-7.231034e+00
2.689000e-05	-1.099332e-01	-7.395951e+00
2.690000e-05	9.447617e-02	-7.502796e+00
2.691000e-05	-3.413037e-02	-7.682660e+00
2.692000e-05	9.883400e-03	-7.881667e+00
2.693000e-05	3.701384e-02	-7.988401e+00
2.694000e-05	-4.585559e-02	-8.124823e+00
2.695000e-05	9.021105e-02	-8.199556e+00
2.696000e-05	-6.298744e-02	-8.365824e+00
2.697000e-05	6.171639e-02	-8.423512e+00
2.698000e-05	-3.457561e-02	-8.618407e+00
2.699000e-05	1.914761e-02	-8.725822e+00
2.700000e-05	2.896027e-02	-8.831604e+00
2.701000e-05	-1.470261e-02	-8.935370e+00
2.702000e-05	3.794758e-02	-9.051062e+00
2.703000e-05	-2.424833e-02	-9.135297e+00
2.704000e-05	4.772084e-02	-9.219980e+00
2.705000e-05	-1.163263e-02	-9.334301e+00
2.706000e-05	1.931821e-02	-9.424085e+00
2.707000e-05	-3.423388e-03	-9.506270e+00
2.708000e-05	9.580337e-03	-9.602603e+00
2.709000e-05	2.395575e-02	-9.693716e+00
2.710000e-05	8.965747e-04	-9.737377e+00
2.711000e-05	2.255993e-02	-9.822505e+00
2.712000e-05	-2.837878e-03	-9.894690e+00
2.713000e-05	2.379640e-02	-9.966846e+00
2.714000e-05	4.889196e-03	-9.999550e+00
2.715000e-05	1.511583e-02	-1.005208e+01
2.716000e-05	3.943330e-03	-1.011522e+01
2.717000e-05	1.606567e-02	-1.021643e+01
2.718000e-05	1.852393e-02	-1.018901e+01
2.719000e-05	1.256335e-02	-1.029412e+01
2.720000e-05	1.326041e-02	-1.032677e+01
2.721000e-05	5.414799e-03	-1.038895e+01
2.722000e-05	1.757699e-02	-1.039950e+01
2.723000e-05	1.430632e-02	-1.040253e+01
2.724000e-05	1.799062e-02	-1.042408e+01
2.725000e-05	1.175089e-02	-1.048366e+01
2.726000e-05	1.418512e-02	-1.050324e+01
2.727000e-05	1.637388e-02	-1.051364e+01
2.728000e-05	1.872235e-02	-1.050324e+01
2.729000e-05	1.505114e-02	-1.049529e+01
2.730000e-05	1.093060e-02	-1.052569e+01
2.731000e-05	1.907714e-02	-1.051424e+01
2.732000e-05	1.891608e-02	-1.050519e+01
2.733000e-05	2.119330e-02	-1.048481e+01
2.734000e-05	1.574258e-02	-1.047359e+01
2.735000e-05	1.608769e-02	-1.049311e+01
2.736000e-05	2.006211e-02	-1.045255e+01
2.737000e-05	2.205857e-02	-1.042253e+01
2.738000e-05	2.043229e-02	-1.033937e+01
2.739000e-05	1.855945e-02	-1.033684e+01
2.740000e-05	2.174340e-02	-1.027579e+01
2.741000e-05	2.412981e-02	-1.022306e+01
2.742000e-05	2.279078e-02	-1.015939e+01
2.743000e-05	2.070972e-02	-1.013624e+01
2.744000e-05	2.049166e-02	-1.006161e+01
2.745000e-05	2.490791e-02	-9.959952e+00
2.746000e-05	2.590212e-02	-9.918771e+00
2.747000e-05	2.468214e-02	-9.915208e+00
2.748000e-05	2.284195e-02	-9.801525e+00
2.749000e-05	2.454800e-02	-9.718296e+00
2.750000e-05	2.776963e-02	-9.683238e+00
2.751000e-05	2.762692e-02	-9.611575e+00
2.752000e-05	2.585700e-02	-9.548294e+00
2.753000e-05	2.643981e-02	-9.403959e+00
2.754000e-05	2.978406e-02	-9.327266e+00
2.755000e-05	3.087631e-02	-9.222551e+00
2.756000e-05	3.000658e-02	-9.118238e+00
2.757000e-05	2.870146e-02	-9.033028e+00
2.758000e-05	2.945351e-02	-8.947765e+00
2.759000e-05	3.060218e-02	-8.812104e+00
2.760000e-05	3.135195e-02	-8.726791e+00
2.761000e-05	3.010045e-02	-8.584524e+00
2.762000e-05	2.751224e-02	-8.475232e+00
2.763000e-05	2.842465e-02	-8.348370e+00
2.764000e-05	2.816705e-02	-8.256132e+00
2.765000e-05	2.637536e-02	-8.138814e+00
2.766000e-05	2.329791e-02	-8.051526e+00
2.767000e-05	2.122303e-02	-7.866658e+00
2.768000e-05	2.187568e-02	-7.686763e+00
2.769000e-05	2.069204e-02	-7.549317e+00
2.770000e-05	1.877522e-02	-7.412019e+00
2.771000e-05	1.666049e-02	-7.265128e+00
2.772000e-05	1.591498e-02	-7.136844e+00
2.773000e-05	1.451409e-02	-6.939864e+00
2.774000e-05	1.290197e-02	-6.769470e+00
2.775000e-05	1.074337e-02	-6.632579e+00
2.776000e-05	1.052092e-02	-6.506709e+00
2.777000e-05	1.023936e-02	-6.369920e+00
2.778000e-05	9.619929e-03	-6.191301e+00
2.779000e-05	6.911480e-03	-5.960472e+00
2.780000e-05	5.487388e-03	-5.832580e+00
2.781000e-05	5.583126e-03	-5.685157e+00
2.782000e-05	4.487405e-03	-5.507842e+00
2.783000e-05	5.291421e-03	-5.288106e+00
2.784000e-05	3.087059e-03	-5.097834e+00
2.785000e-05	3.756753e-03	-4.887865e+00
2.786000e-05	1.868144e-03	-4.704607e+00
2.787000e-05	2.977386e-03	-4.517787e+00
2.788000e-05	9.848730e-04	-4.379896e+00
2.789000e-05	7.149230e-04	-4.211503e+00
2.790000e-05	1.034769e-03	-4.054629e+00
2.791000e-05	6.923854e-04	-3.877234e+00
2.792000e-05	-6.840163e-04	-3.612578e+00
2.793000e-05	-2.241261e-04	-3.455180e+00
2.794000e-05	-1.169446e-03	-3.304688e+00
2.795000e-05	-1.567860e-03	-3.137861e+00
2.796000e-05	-1.596210e-03	-2.877129e+00
2.797000e-05	-5.155780e-03	-2.717836e+00
2.798000e-05	-3.473624e-03	-2.507786e+00
2.799000e-05	-2.825816e-03	-2.338916e+00
2.800000e-05	-2.049113e-03	-2.088760e+00
2.801000e-05	-4.063305e-03	-1.936313e+00
2.802000e-05	-2.933217e-03	-1.738341e+00
2.803000e-05	-4.225306e-03	-1.559891e+00
2.804000e-05	-5.354808e-03	-1.238129e+00
2.805000e-05	-8.144467e-03	-1.086261e+00
2.806000e-05	-5.514452e-03	-8.667094e-01
2.807000e-05	-8.597058e-03	-7.468834e-01
2.808000e-05	-3.212262e-03	-4.460780e-01
2.809000e-05	-6.376547e-03	-2.872369e-01
2.810000e-05	-3.767827e-03	-6.778317e-02
2.811000e-05	1.114865e-03	6.104020e-02
2.812000e-05	1.560371e-03	3.217418e-01
2.813000e-05	-2.188569e-03	4.816603e-01
2.814000e-05	-1.928351e-03	6.306317e-01
2.815000e-05	-4.270473e-03	7.980499e-01
2.816000e-05	-3.798183e-03	1.005907e+00
2.817000e-05	-3.562708e-04	1.228056e+00
2.818000e-05	2.545996e-02	1.418008e+00
2.819000e-05	9.222154e-02	1.740267e+00
2.820000e-05	-7.116748e-03	1.953823e+00
2.821000e-05	-5.301347e-02	2.113167e+00
2.822000e-05	-3.929113e-02	2.281289e+00
2.823000e-05	-1.179244e-01	2.398978e+00
2.824000e-05	5.549931e-02	2.563952e+00
2.825000e-05	7.644100e-02	2.806926e+00
2.826000e-05	-2.002268e-01	2.965946e+00
2.827000e-05	1.815905e-01	3.123194e+00
2.828000e-05	2.795533e-03	3.374353e+00
2.829000e-05	-1.175719e-01	3.545894e+00
2.830000e-05	1.196147e-01	3.640613e+00
2.831000e-05	-9.353766e-02	3.890093e+00
2.832000e-05	-5.184623e-02	4.070563e+00
2.833000e-05	7.795657e-02	4.301113e+00
2.834000e-05	-5.464661e-02	4.512640e+00
2.835000e-05	4.288066e-02	4.651107e+00
2.836000e-05	-8.857340e-03	4.828955e+00
2.837000e-05	-5.260517e-02	5.040189e+00
2.838000e-05	3.124938e-02	5.282618e+00
2.839000e-05	-4.571262e-02	5.460161e+00
2.840000e-05	2.539929e-02	5.597556e+00
2.841000e-05	-3.853276e-02	5.767962e+00
2.842000e-05	3.078472e-02	5.965476e+00
2.843000e-05	-1.101160e-02	6.124795e+00
2.844000e-05	-3.661678e-02	6.262097e+00
2.845000e-05	3.577800e-02	6.429506e+00
2.846000e-05	-6.360335e-02	6.596530e+00
2.847000e-05	1.362182e-02	6.787950e+00
2.848000e-05	1.088698e-02	6.924817e+00
2.849000e-05	-1.748258e-02	7.042160e+00
2.850000e-05	-3.462423e-03	7.177102e+00
2.851000e-05	-2.891029e-02	7.342776e+00
2.852000e-05	1.707811e-03	7.503693e+00
2.853000e-05	-1.355296e-02	7.701135e+00
2.854000e-05	-4.806105e-03	7.796054e+00
2.855000e-05	-1.451952e-02	7.956826e+00
2.856000e-05	-1.558848e-02	8.135769e+00
2.857000e-05	1.211592e-02	8.230633e+00
2.858000e-05	-1.990387e-02	8.356372e+00
2.859000e-05	-1.301380e-02	8.452031e+00
2.860000e-05	-2.478147e-02	8.534896e+00
2.861000e-05	-1.170261e-02	8.651661e+00
2.862000e-05	-4.247043e-04	8.734844e+00
2.863000e-05	-1.182926e-02	8.801083e+00
2.864000e-05	-1.173234e-02	8.944302e+00
2.865000e-05	-1.732445e-02	9.103214e+00
2.866000e-05	-4.696026e-03	9.188500e+00
2.867000e-05	-1.356731e-02	9.252609e+00
2.868000e-05	-2.102007e-02	9.325343e+00
2.869000e-05	-2.200576e-02	9.431530e+00
2.870000e-05	-1.426444e-02	9.513245e+00
2.871000e-05	-3.561185e-03	9.558926e+00
2.872000e-05	-1.552715e-02	9.629536e+00
2.873000e-05	-1.639160e-02	9.736849e+00
2.874000e-05	-1.846797e-02	9.819558e+00
2.875000e-05	-1.343922e-02	9.914641e+00
2.876000e-05	-1.611022e-02	9.947500e+00
2.877000e-05	-2.127574e-02	1.001895e+01
2.878000e-05	-2.000486e-02	1.006159e+01
2.879000e-05	-1.632559e-02	1.010427e+01
2.880000e-05	-1.107709e-02	1.015534e+01
2.881000e-05	-1.856763e-02	1.021845e+01
2.882000e-05	-2.312337e-02	1.018051e+01
2.883000e-05	-2.282874e-02	1.025103e+01
2.884000e-05	-1.723663e-02	1.025269e+01
2.885000e-05	-1.510701e-02	1.027422e+01
2.886000e-05	-2.202617e-02	1.029627e+01
2.887000e-05	-2.386481e-02	1.032527e+01
2.888000e-05	-2.150841e-02	1.033587e+01
2.889000e-05	-1.971236e-02	1.033885e+01
2.890000e-05	-2.039739e-02	1.039835e+01
2.891000e-05	-2.608120e-02	1.034732e+01
2.892000e-05	-2.715722e-02	1.032584e+01
2.893000e-05	-2.120005e-02	1.031730e+01
2.894000e-05	-2.136743e-02	1.030574e+01
2.895000e-05	-2.563014e-02	1.032574e+01
2.896000e-05	-2.872744e-02	1.029524e+01
2.897000e-05	-2.841767e-02	1.030371e+01
2.898000e-05	-2.490631e-02	1.027263e+01
2.899000e-05	-2.642615e-02	1.027213e+01
2.900000e-05	-2.861798e-02	1.019094e+01
2.901000e-05	-3.019406e-02	1.014940e+01
2.902000e-05	-2.873647e-02	1.013689e+01
2.903000e-05	-2.784621e-02	1.006476e+01
2.904000e-05	-3.127775e-02	1.005208e+01
2.905000e-05	-3.317953e-02	9.990501e+00
2.906000e-05	-3.202443e-02	9.947867e+00
2.907000e-05	-2.956089e-02	9.864183e+00
2.908000e-05	-3.114661e-02	9.820498e+00
2.909000e-05	-3.446160e-02	9.664735e+00
2.910000e-05	-3.563121e-02	9.602150e+00
2.911000e-05	-3.327706e-02	9.557841e+00
2.912000e-05	-3.333392e-02	9.494558e+00
2.913000e-05	-3.683467e-02	9.399526e+00
2.914000e-05	-3.828628e-02	9.286288e+00
2.915000e-05	-3.926212e-02	9.272128e+00
2.916000e-05	-3.645755e-02	9.139396e+00
2.917000e-05	-3.978262e-02	9.064630e+00
2.918000e-05	-4.060042e-02	8.997691e+00
2.919000e-05	-4.075226e-02	8.791498e+00
2.920000e-05	-3.889781e-02	8.688312e+00
2.921000e-05	-3.630697e-02	8.611527e+00
2.922000e-05	-3.865937e-02	8.517210e+00
2.923000e-05	-4.012726e-02	8.372025e+00
2.924000e-05	-4.019074e-02	8.317760e+00
2.925000e-05	-3.584173e-02	8.158495e+00
2.926000e-05	-3.515610e-02	8.032473e+00
2.927000e-05	-3.481060e-02	7.936283e+00
2.928000e-05	-3.329861e-02	7.769944e+00
2.929000e-05	-3.054682e-02	7.614625e+00
2.930000e-05	-2.842020e-02	7.468764e+00
2.931000e-05	-2.751750e-02	7.338739e+00
2.932000e-05	-2.788572e-02	7.168496e+00
2.933000e-05	-2.657390e-02	7.023028e+00
2.934000e-05	-2.379130e-02	6.886133e+00
2.935000e-05	-2.296657e-02	6.738892e+00
2.936000e-05	-2.286548e-02	6.571517e+00
2.937000e-05	-2.203872e-02	6.390974e+00
2.938000e-05	-1.982324e-02	6.233605e+00
2.939000e-05	-1.793362e-02	6.096310e+00
2.940000e-05	-1.811233e-02	5.949419e+00
2.941000e-05	-1.911587e-02	5.772998e+00
2.942000e-05	-1.824420e-02	5.571495e+00
2.943000e-05	-1.629274e-02	5.404525e+00
2.944000e-05	-1.503855e-02	5.256625e+00
2.945000e-05	-1.511290e-02	5.056127e+00
2.946000e-05	-1.633495e-02	4.832499e+00
2.947000e-05	-1.442220e-02	4.665647e+00
2.948000e-05	-1.191994e-02	4.496657e+00
2.949000e-05	-1.278769e-02	4.318391e+00
2.950000e-05	-1.254473e-02	4.098782e+00
2.951000e-05	-1.330443e-02	3.928334e+00
2.952000e-05	-1.155758e-02	3.780392e+00
2.953000e-05	-1.126706e-02	3.591024e+00
2.954000e-05	-1.083421e-02	3.363470e+00
2.955000e-05	-1.197979e-02	3.181444e+00
2.956000e-05	-1.075639e-02	3.041995e+00
2.957000e-05	-1.045298e-02	2.834603e+00
2.958000e-05	-8.870611e-03	2.664277e+00
2.959000e-05	-1.075087e-02	2.411045e+00
2.960000e-05	-8.770446e-03	2.214149e+00
2.961000e-05	-1.074741e-02	2.024124e+00
2.962000e-05	-7.973953e-03	1.887329e+00
2.963000e-05	-9.684066e-03	1.614606e+00
2.964000e-05	-7.920719e-03	1.414128e+00
2.965000e-05	-7.379490e-03	1.233553e+00
2.966000e-05	-7.172718e-03	1.012092e+00
2.967000e-05	-5.372294e-03	7.710451e-01
2.968000e-05	-8.055451e-03	5.835251e-01
2.969000e-05	-7.352921e-03	4.015465e-01
2.970000e-05	-8.523760e-03	2.131437e-01
2.971000e-05	-5.569503e-03	3.096888e-02
2.972000e-05	-8.508640e-04	-1.870047e-01
2.973000e-05	6.160521e-03	-3.759222e-01
2.974000e-05	-2.539567e-03	-5.337732e-01
2.975000e-05	4.874391e-03	-7.553733e-01
2.976000e-05	-1.862013e-03	-9.152668e-01
2.977000e-05	-2.191545e-05	-1.092643e+00
2.978000e-05	-3.311377e-03	-1.231689e+00
2.979000e-05	3.355140e-02	-1.520596e+00
2.980000e-05	1.224191e-01	-1.691192e+00
2.981000e-05	-5.626931e-02	-1.985957e+00
2.982000e-05	-1.423457e-02	-2.331267e+00
2.983000e-05	-9.262683e-02	-2.500687e+00
2.984000e-05	-5.139970e-02	-2.597395e+00
2.985000e-05	1.902400e-01	-2.578979e+00
2.986000e-05	-1.791791e-01	-2.849069e+00
2.987000e-05	3.096788e-02	-3.123867e+00
2.988000e-05	1.846081e-01	-3.219478e+00
2.989000e-05	-2.140019e-01	-3.429065e+00
2.990000e-05	1.020177e-01	-3.619528e+00
2.991000e-05	6.500881e-02	-3.785802e+00
2.992000e-05	-1.947330e-01	-4.029033e+00
2.993000e-05	1.596640e-01	-4.168001e+00
2.994000e-05	-5.221234e-02	-4.324872e+00
2.995000e-05	1.725171e-03	-4.586405e+00
2.996000e-05	1.612789e-01	-4.693165e+00
2.997000e-05	-1.951140e-01	-4.933744e+00
2.998000e-05	1.284663e-01	-5.085316e+00
2.999000e-05	-3.638772e-02	-5.279147e+00
3.000000e-05	-4.783721e-02	-5.566397e+00
3.001000e-05	1.191654e-01	-5.691614e+00
3.002000e-05	-1.114715e-01	-5.879639e+00
3.003000e-05	1.345563e-01	-5.987452e+00
3.004000e-05	-8.100602e-02	-6.195905e+00
3.005000e-05	2.381026e-02	-6.406930e+00
3.006000e-05	5.908241e-02	-6.512714e+00
3.007000e-05	-1.283017e-01	-6.672693e+00
3.008000e-05	1.581761e-01	-6.798930e+00
3.009000e-05	-8.500456e-02	-7.016330e+00
3.010000e-05	5.866632e-02	-7.206925e+00
3.011000e-05	1.107839e-02	-7.303747e+00
3.012000e-05	-5.529142e-02	-7.459481e+00
3.013000e-05	9.953685e-02	-7.535873e+00
3.014000e-05	-8.577830e-02	-7.796306e+00
3.015000e-05	8.578961e-02	-7.915298e+00
3.016000e-05	-5.274678e-02	-8.030535e+00
3.017000e-05	4.588279e-02	-8.187401e+00
3.018000e-05	2.242295e-02	-8.283089e+00
3.019000e-05	-2.729507e-02	-8.367429e+00
3.020000e-05	5.273100e-02	-8.534742e+00
3.021000e-05	-5.642189e-02	-8.711563e+00
3.022000e-05	6.571645e-02	-8.777481e+00
3.023000e-05	-2.293372e-02	-8.884667e+00
3.024000e-05	3.004021e-02	-8.997451e+00
3.025000e-05	-2.001969e-03	-9.112239e+00
3.026000e-05	8.040605e-03	-9.156926e+00
3.027000e-05	3.208448e-02	-9.233037e+00
3.028000e-05	-1.120345e-02	-9.375403e+00
3.029000e-05	2.372419e-02	-9.480192e+00
3.030000e-05	-1.538426e-02	-9.567379e+00
3.031000e-05	3.239169e-02	-9.661709e+00
3.032000e-05	3.861112e-03	-9.726793e+00
3.033000e-05	1.639020e-02	-9.829530e+00
3.034000e-05	6.504956e-03	-9.862639e+00
3.035000e-05	9.113266e-03	-9.944766e+00
3.036000e-05	1.979809e-02	-9.957450e+00
3.037000e-05	5.795687e-03	-1.001156e+01
3.038000e-05	1.378428e-02	-1.008367e+01
3.039000e-05	2.901161e-03	-1.012485e+01
3.040000e-05	2.374305e-02	-1.017751e+01
3.041000e-05	1.201953e-02	-1.028411e+01
3.042000e-05	1.543000e-02	-1.030284e+01
3.043000e-05	5.250608e-03	-1.033580e+01
3.044000e-05	1.145600e-02	-1.038985e+01
3.045000e-05	1.812610e-02	-1.041201e+01
3.046000e-05	1.562577e-02	-1.045161e+01
3.047000e-05	1.327386e-02	-1.047266e+01
3.048000e-05	1.089136e-02	-1.049369e+01
3.049000e-05	1.745443e-02	-1.049384e+01
3.050000e-05	1.642695e-02	-1.051474e+01
3.051000e-05	1.704707e-02	-1.051330e+01
3.052000e-05	9.852696e-03	-1.050574e+01
3.053000e-05	1.590820e-02	-1.051622e+01
3.054000e-05	1.943189e-02	-1.050622e+01
3.055000e-05	2.000434e-02	-1.050472e+01
3.056000e-05	1.799503e-02	-1.045516e+01
3.057000e-05	1.565042e-02	-1.049261e+01
3.058000e-05	1.865360e-02	-1.042215e+01
3.059000e-05	2.117508e-02	-1.041156e+01
3.060000e-05	2.039671e-02	-1.041050e+01
3.061000e-05	1.887435e-02	-1.033940e+01
3.062000e-05	2.072378e-02	-1.027776e+01
3.063000e-05	2.191907e-02	-1.025411e+01
3.064000e-05	2.233724e-02	-1.022100e+01
3.065000e-05	2.166393e-02	-1.012740e+01
3.066000e-05	2.139912e-02	-1.003521e+01
3.067000e-05	2.228310e-02	-1.001150e+01
3.068000e-05	2.508707e-02	-9.957393e+00
3.069000e-05	2.440772e-02	-9.926266e+00
3.070000e-05	2.413144e-02	-9.893655e+00
3.071000e-05	2.461767e-02	-9.800471e+00
3.072000e-05	2.627327e-02	-9.736763e+00
3.073000e-05	2.718535e-02	-9.643134e+00
3.074000e-05	2.603214e-02	-9.548900e+00
3.075000e-05	2.699136e-02	-9.506761e+00
3.076000e-05	2.807962e-02	-9.391524e+00
3.077000e-05	2.990811e-02	-9.295657e+00
3.078000e-05	2.969510e-02	-9.159946e+00
3.079000e-05	2.920689e-02	-9.094138e+00
3.080000e-05	2.969487e-02	-8.980975e+00
3.081000e-05	3.009185e-02	-8.865733e+00
3.082000e-05	3.121856e-02	-8.788924e+00
3.083000e-05	3.007465e-02	-8.715313e+00
3.084000e-05	2.961289e-02	-8.538316e+00
3.085000e-05	2.854982e-02	-8.442025e+00
3.086000e-05	2.821043e-02	-8.328763e+00
3.087000e-05	2.676567e-02	-8.169974e+00
3.088000e-05	2.487918e-02	-8.086257e+00
3.089000e-05	2.326389e-02	-7.955896e+00
3.090000e-05	2.163894e-02	-7.811479e+00
3.091000e-05	2.167807e-02	-7.600976e+00
3.092000e-05	2.022168e-02	-7.496184e+00
3.093000e-05	1.735465e-02	-7.318342e+00
3.094000e-05	1.570057e-02	-7.211523e+00
3.095000e-05	1.442513e-02	-7.055684e+00
3.096000e-05	1.283930e-02	-6.837231e+00
3.097000e-05	1.248815e-02	-6.727366e+00
3.098000e-05	1.216848e-02	-6.610449e+00
3.099000e-05	1.063144e-02	-6.445028e+00
3.100000e-05	9.807714e-03	-6.296285e+00
3.101000e-05	7.036426e-03	-6.077732e+00
3.102000e-05	6.399668e-03	-5.896860e+00
3.103000e-05	6.342626e-03	-5.790445e+00
3.104000e-05	7.088709e-03	-5.602025e+00
3.105000e-05	4.261711e-03	-5.423650e+00
3.106000e-05	3.701428e-03	-5.212050e+00
3.107000e-05	3.034548e-03	-5.042026e+00
3.108000e-05	4.818209e-03	-4.834199e+00
3.109000e-05	5.296031e-04	-4.601524e+00
3.110000e-05	2.429070e-03	-4.464055e+00
3.111000e-05	-7.474739e-04	-4.316811e+00
3.112000e-05	2.743623e-03	-4.128366e+00
3.113000e-05	-1.641278e-03	-3.970969e+00
3.114000e-05	1.462051e-03	-3.771892e+00
3.115000e-05	-2.067928e-03	-3.570420e+00
3.116000e-05	8.703544e-04	-3.390546e+00
3.117000e-05	-1.682114e-03	-3.204599e+00
3.118000e-05	-6.175046e-04	-3.013074e+00
3.119000e-05	-4.906711e-03	-2.791970e+00
3.120000e-05	-2.104597e-03	-2.603074e+00
3.121000e-05	-5.480482e-03	-2.424577e+00
3.122000e-05	-1.373647e-03	-2.225279e+00
3.123000e-05	-5.531355e-03	-2.011550e+00
3.124000e-05	-2.452599e-03	-1.844575e+00
3.125000e-05	-4.408315e-03	-1.675157e+00
3.126000e-05	-2.365065e-03	-1.455304e+00
3.127000e-05	-6.333586e-03	-1.192594e+00
3.128000e-05	-5.778739e-03	-1.002569e+00
3.129000e-05	-7.521350e-03	-8.130491e-01
3.130000e-05	-5.472593e-03	-6.225740e-01
3.131000e-05	-5.032207e-03	-3.720461e-01
3.132000e-05	-4.771226e-03	-2.030715e-01
3.133000e-05	-2.124422e-03	-1.262369e-02
3.134000e-05	4.202357e-03	1.852994e-01
3.135000e-05	-3.312035e-03	4.069011e-01
3.136000e-05	-5.932660e-06	5.142721e-01
3.137000e-05	-2.944831e-03	7.037933e-01
3.138000e-05	-1.416156e-03	8.510628e-01
3.139000e-05	-2.935492e-03	1.113293e+00
3.140000e-05	6.654806e-03	1.293721e+00
3.141000e-05	5.207511e-02	1.522696e+00
3.142000e-05	7.511625e-02	1.795459e+00
3.143000e-05	-5.598304e-02	2.008504e+00
3.144000e-05	-3.933302e-02	2.196454e+00
3.145000e-05	-6.672833e-02	2.407424e+00
3.146000e-05	-8.442355e-02	2.451535e+00
3.147000e-05	1.517956e-01	2.691116e+00
3.148000e-05	-9.427665e-02	2.872213e+00
3.149000e-05	-8.575932e-02	3.039480e+00
3.150000e-05	1.940957e-01	3.178979e+00
3.151000e-05	-1.271303e-01	3.490737e+00
3.152000e-05	-2.162160e-04	3.587426e+00
3.153000e-05	6.741585e-02	3.744824e+00
3.154000e-05	-1.391532e-01	3.996427e+00
3.155000e-05	4.602670e-02	4.092770e+00
3.156000e-05	2.064378e-02	4.395405e+00
3.157000e-05	-3.320683e-02	4.555292e+00
3.158000e-05	6.077669e-02	4.724214e+00
3.159000e-05	-7.295503e-02	4.905672e+00
3.160000e-05	1.531262e-02	5.153848e+00
3.161000e-05	-1.434187e-02	5.344823e+00
3.162000e-05	-1.786295e-02	5.543246e+00
3.163000e-05	5.250378e-03	5.672137e+00
3.164000e-05	-1.973223e-02	5.872667e+00
3.165000e-05	3.592607e-02	6.009035e+00
3.166000e-05	-4.767988e-02	6.187926e+00
3.167000e-05	4.155864e-03	6.324275e+00
3.168000e-05	-8.755933e-04	6.501692e+00
3.169000e-05	-5.148906e-02	6.710713e+00
3.170000e-05	3.737651e-02	6.819506e+00
3.171000e-05	-1.674408e-02	6.996880e+00
3.172000e-05	-5.210967e-03	7.103218e+00
3.173000e-05	-1.258767e-02	7.239559e+00
3.174000e-05	-2.106417e-02	7.396460e+00
3.175000e-05	5.066095e-03	7.574852e+00
3.176000e-05	-2.577564e-02	7.744798e+00
3.177000e-05	4.447602e-03	7.841114e+00
3.178000e-05	-2.980089e-02	8.050107e+00
3.179000e-05	7.251858e-03	8.166898e+00
3.180000e-05	-2.499698e-03	8.275238e+00
3.181000e-05	-1.920755e-02	8.386978e+00
3.182000e-05	-1.315558e-02	8.492186e+00
3.183000e-05	-2.450399e-02	8.567475e+00
3.184000e-05	1.609501e-03	8.683140e+00
3.185000e-05	-1.314020e-02	8.787375e+00
3.186000e-05	-1.112030e-02	8.841135e+00
3.187000e-05	-1.828063e-02	9.039506e+00
3.188000e-05	-8.733292e-03	9.175822e+00
3.189000e-05	-6.668203e-03	9.251078e+00
3.190000e-05	-1.764355e-02	9.293188e+00
3.191000e-05	-1.978405e-02	9.388400e+00
3.192000e-05	-2.017993e-02	9.492662e+00
3.193000e-05	-7.171063e-03	9.525817e+00
3.194000e-05	-1.216583e-02	9.620455e+00
3.195000e-05	-1.748243e-02	9.682160e+00
3.196000e-05	-1.853737e-02	9.819446e+00
3.197000e-05	-1.332728e-02	9.829608e+00
3.198000e-05	-1.288715e-02	9.915743e+00
3.199000e-05	-1.842726e-02	9.947952e+00
3.200000e-05	-2.220289e-02	1.004203e+01
3.201000e-05	-1.915880e-02	1.008419e+01
3.202000e-05	-1.214191e-02	1.011421e+01
3.203000e-05	-1.538568e-02	1.014737e+01
3.204000e-05	-2.205041e-02	1.021995e+01
3.205000e-05	-2.383739e-02	1.026113e+01
3.206000e-05	-1.933450e-02	1.027158e+01
3.207000e-05	-1.542914e-02	1.027314e+01
3.208000e-05	-1.927136e-02	1.031527e+01
3.209000e-05	-2.452036e-02	1.028572e+01
3.210000e-05	-2.175249e-02	1.032584e+01
3.211000e-05	-1.913588e-02	1.035780e+01
3.212000e-05	-2.068653e-02	1.033684e+01
3.213000e-05	-2.239472e-02	1.033785e+01
3.214000e-05	-2.902859e-02	1.031792e+01
3.215000e-05	-2.342273e-02	1.033732e+01
3.216000e-05	-2.042683e-02	1.032684e+01
3.217000e-05	-2.159090e-02	1.034674e+01
3.218000e-05	-2.667713e-02	1.034724e+01
3.219000e-05	-2.798014e-02	1.031472e+01
3.220000e-05	-2.644798e-02	1.030374e+01
3.221000e-05	-2.589479e-02	1.023351e+01
3.222000e-05	-2.795902e-02	1.021208e+01
3.223000e-05	-3.226691e-02	1.018003e+01
3.224000e-05	-2.937728e-02	1.016979e+01
3.225000e-05	-2.588675e-02	1.010674e+01
3.226000e-05	-2.784428e-02	1.006311e+01
3.227000e-05	-3.372518e-02	1.000108e+01
3.228000e-05	-3.403274e-02	9.968897e+00
3.229000e-05	-3.173385e-02	9.886763e+00
3.230000e-05	-2.950021e-02	9.822556e+00
3.231000e-05	-3.331711e-02	9.768343e+00
3.232000e-05	-3.648391e-02	9.673635e+00
3.233000e-05	-3.574802e-02	9.570001e+00
3.234000e-05	-3.298344e-02	9.516764e+00
3.235000e-05	-3.331191e-02	9.432009e+00
3.236000e-05	-3.929448e-02	9.378417e+00
3.237000e-05	-4.032150e-02	9.294661e+00
3.238000e-05	-3.870819e-02	9.200504e+00
3.239000e-05	-3.473627e-02	9.115268e+00
3.240000e-05	-3.827657e-02	9.041445e+00
3.241000e-05	-4.201331e-02	8.843636e+00
3.242000e-05	-4.160150e-02	8.788924e+00
3.243000e-05	-3.933843e-02	8.684657e+00
3.244000e-05	-3.643920e-02	8.570424e+00
3.245000e-05	-4.109375e-02	8.464632e+00
3.246000e-05	-3.984530e-02	8.360444e+00
3.247000e-05	-3.941299e-02	8.214204e+00
3.248000e-05	-3.215698e-02	8.086788e+00
3.249000e-05	-3.560395e-02	7.989494e+00
3.250000e-05	-3.225484e-02	7.853630e+00
3.251000e-05	-3.614843e-02	7.727291e+00
3.252000e-05	-2.870303e-02	7.569447e+00
3.253000e-05	-2.856020e-02	7.444051e+00
3.254000e-05	-2.633449e-02	7.263129e+00
3.255000e-05	-3.031194e-02	7.117813e+00
3.256000e-05	-2.412042e-02	6.980367e+00
3.257000e-05	-2.482523e-02	6.812550e+00
3.258000e-05	-1.961127e-02	6.694688e+00
3.259000e-05	-2.341209e-02	6.527684e+00
3.260000e-05	-2.073120e-02	6.317842e+00
3.261000e-05	-1.904018e-02	6.180443e+00
3.262000e-05	-1.710548e-02	6.043078e+00
3.263000e-05	-1.800108e-02	5.926239e+00
3.264000e-05	-2.026309e-02	5.708207e+00
3.265000e-05	-1.816759e-02	5.527837e+00
3.266000e-05	-1.729172e-02	5.358915e+00
3.267000e-05	-1.375772e-02	5.179941e+00
3.268000e-05	-1.515973e-02	4.999310e+00
3.269000e-05	-1.362739e-02	4.757441e+00
3.270000e-05	-1.360167e-02	4.569970e+00
3.271000e-05	-1.133357e-02	4.423028e+00
3.272000e-05	-1.364993e-02	4.254154e+00
3.273000e-05	-1.367041e-02	4.002046e+00
3.274000e-05	-1.496860e-02	3.864629e+00
3.275000e-05	-1.224223e-02	3.664234e+00
3.276000e-05	-1.031257e-02	3.556936e+00
3.277000e-05	-9.440719e-03	3.297761e+00
3.278000e-05	-1.003078e-02	3.097737e+00
3.279000e-05	-9.625304e-03	2.907817e+00
3.280000e-05	-9.371708e-03	2.790421e+00
3.281000e-05	-9.995020e-03	2.569264e+00
3.282000e-05	-9.488032e-03	2.349266e+00
3.283000e-05	-1.172047e-02	2.127887e+00
3.284000e-05	-9.004486e-03	1.980569e+00
3.285000e-05	-8.979564e-03	1.749940e+00
3.286000e-05	-7.708867e-03	1.540970e+00
3.287000e-05	-6.904524e-03	1.370467e+00
3.288000e-05	-7.301394e-03	1.158870e+00
3.289000e-05	-7.329088e-03	8.962274e-01
3.290000e-05	-7.348823e-03	7.269085e-01
3.291000e-05	-7.666679e-03	5.282619e-01
3.292000e-05	-7.140729e-03	3.589161e-01
3.293000e-05	-5.274850e-03	9.780979e-02
3.294000e-05	-5.132949e-03	-1.111415e-01
3.295000e-05	4.150152e-03	-2.626379e-01
3.296000e-05	1.260803e-03	-4.090551e-01
3.297000e-05	-6.601844e-04	-6.801101e-01
3.298000e-05	-4.989623e-04	-8.410338e-01
3.299000e-05	-1.414308e-04	-9.969011e-01
3.300000e-05	-2.354703e-03	-1.156351e+00
3.301000e-05	6.005349e-03	-1.355882e+00
3.302000e-05	8.348673e-02	-1.577954e+00
3.303000e-05	5.605515e-02	-1.837957e+00
3.304000e-05	-6.422018e-02	-2.111693e+00
3.305000e-05	-1.598795e-02	-2.417929e+00
3.306000e-05	-1.405800e-01	-2.544370e+00
3.307000e-05	1.163629e-01	-2.567894e+00
3.308000e-05	5.950146e-02	-2.694192e+00
3.309000e-05	-2.019539e-01	-3.004580e+00
3.310000e-05	2.062461e-01	-3.178974e+00
3.311000e-05	-2.934227e-03	-3.262118e+00
3.312000e-05	-1.656580e-01	-3.574922e+00
3.313000e-05	2.011325e-01	-3.613057e+00
3.314000e-05	-1.211450e-01	-3.951790e+00
3.315000e-05	-6.742606e-02	-4.103317e+00
3.316000e-05	1.590253e-01	-4.251505e+00
3.317000e-05	-1.523544e-01	-4.458611e+00
3.318000e-05	1.645726e-01	-4.620104e+00
3.319000e-05	-1.951531e-02	-4.758384e+00
3.320000e-05	-1.050270e-01	-5.008133e+00
3.321000e-05	1.493375e-01	-5.176350e+00
3.322000e-05	-1.496010e-01	-5.396504e+00
3.323000e-05	1.081441e-01	-5.609507e+00
3.324000e-05	-1.793818e-02	-5.755852e+00
3.325000e-05	-1.463160e-02	-5.944846e+00
3.326000e-05	1.014576e-01	-6.001585e+00
3.327000e-05	-1.282854e-01	-6.252242e+00
3.328000e-05	1.326687e-01	-6.460610e+00
3.329000e-05	-8.965907e-02	-6.556376e+00
3.330000e-05	9.823122e-03	-6.755823e+00
3.331000e-05	9.639366e-02	-6.801637e+00
3.332000e-05	-9.505571e-02	-7.121143e+00
3.333000e-05	1.182741e-01	-7.220482e+00
3.334000e-05	-9.454716e-02	-7.345800e+00
3.335000e-05	6.089990e-02	-7.504767e+00
3.336000e-05	6.550041e-03	-7.630405e+00
3.337000e-05	-2.665337e-02	-7.888139e+00
3.338000e-05	6.492522e-02	-7.976378e+00
3.339000e-05	-6.575408e-02	-8.114245e+00
3.340000e-05	9.471915e-02	-8.229605e+00
3.341000e-05	-5.131501e-02	-8.324897e+00
3.342000e-05	4.264168e-02	-8.432556e+00
3.343000e-05	-1.054156e-02	-8.577400e+00
3.344000e-05	-4.299324e-03	-8.764346e+00
3.345000e-05	4.756250e-02	-8.839555e+00
3.346000e-05	-2.782408e-02	-8.934822e+00
3.347000e-05	4.337362e-02	-9.020107e+00
3.348000e-05	-2.480369e-02	-9.115294e+00
3.349000e-05	4.236135e-02	-9.199027e+00
3.350000e-05	-2.788313e-03	-9.293687e+00
3.351000e-05	9.449135e-03	-9.379455e+00
3.352000e-05	5.268853e-03	-9.504343e+00
3.353000e-05	2.125144e-03	-9.620006e+00
3.354000e-05	3.053140e-02	-9.693213e+00
3.355000e-05	-1.442020e-03	-9.746897e+00
3.356000e-05	2.107936e-02	-9.820558e+00
3.357000e-05	-1.617504e-03	-9.884164e+00
3.358000e-05	2.009307e-02	-9.947371e+00
3.359000e-05	8.905582e-03	-9.960455e+00
3.360000e-05	1.078560e-02	-1.006271e+01
3.361000e-05	9.103854e-03	-1.008377e+01
3.362000e-05	1.239994e-02	-1.017693e+01
3.363000e-05	2.418996e-02	-1.020098e+01
3.364000e-05	8.265392e-03	-1.028254e+01
3.365000e-05	1.365622e-02	-1.034585e+01
3.366000e-05	1.044904e-03	-1.036692e+01
3.367000e-05	1.950605e-02	-1.037150e+01
3.368000e-05	1.527823e-02	-1.042100e+01
3.369000e-05	1.712417e-02	-1.046263e+01
3.370000e-05	1.114407e-02	-1.051164e+01
3.371000e-05	1.502062e-02	-1.052521e+01
3.372000e-05	1.907115e-02	-1.050474e+01
3.373000e-05	1.588939e-02	-1.052627e+01
3.374000e-05	1.400226e-02	-1.050321e+01
3.375000e-05	8.989890e-03	-1.050477e+01
3.376000e-05	2.051665e-02	-1.050574e+01
3.377000e-05	1.786772e-02	-1.051579e+01
3.378000e-05	2.081758e-02	-1.052269e+01
3.379000e-05	1.621413e-02	-1.048266e+01
3.380000e-05	1.744174e-02	-1.044366e+01
3.381000e-05	2.107161e-02	-1.047266e+01
3.382000e-05	2.127808e-02	-1.042945e+01
3.383000e-05	2.001377e-02	-1.037035e+01
3.384000e-05	1.755429e-02	-1.034729e+01
3.385000e-05	2.153522e-02	-1.028474e+01
3.386000e-05	2.280208e-02	-1.022413e+01
3.387000e-05	2.378944e-02	-1.015093e+01
3.388000e-05	2.099543e-02	-1.014828e+01
3.389000e-05	2.174600e-02	-9.994109e+00
3.390000e-05	2.456573e-02	-9.979400e+00
3.391000e-05	2.480220e-02	-9.956821e+00
3.392000e-05	2.319095e-02	-9.895666e+00
3.393000e-05	2.384182e-02	-9.821052e+00
3.394000e-05	2.497560e-02	-9.748849e+00
3.395000e-05	2.804588e-02	-9.696288e+00
3.396000e-05	2.812754e-02	-9.601477e+00
3.397000e-05	2.546129e-02	-9.590891e+00
3.398000e-05	2.598123e-02	-9.454658e+00
3.399000e-05	2.914824e-02	-9.379421e+00
3.400000e-05	3.099015e-02	-9.242580e+00
3.401000e-05	3.010697e-02	-9.107318e+00
3.402000e-05	2.861082e-02	-9.052584e+00
3.403000e-05	2.960426e-02	-8.947865e+00
3.404000e-05	3.157914e-02	-8.821131e+00
3.405000e-05	3.112458e-02	-8.729396e+00
3.406000e-05	2.770645e-02	-8.652057e+00
3.407000e-05	2.711046e-02	-8.465635e+00
3.408000e-05	2.806482e-02	-8.360470e+00
3.409000e-05	2.987813e-02	-8.265660e+00
3.410000e-05	2.697495e-02	-8.118891e+00
3.411000e-05	2.407490e-02	-8.062603e+00
3.412000e-05	2.156893e-02	-7.926707e+00
3.413000e-05	2.194029e-02	-7.718309e+00
3.414000e-05	2.014318e-02	-7.547993e+00
3.415000e-05	1.761859e-02	-7.433500e+00
3.416000e-05	1.583460e-02	-7.264686e+00
3.417000e-05	1.631656e-02	-7.139971e+00
3.418000e-05	1.538512e-02	-7.030547e+00
3.419000e-05	1.337693e-02	-6.792078e+00
3.420000e-05	1.061281e-02	-6.645132e+00
3.421000e-05	1.036559e-02	-6.507792e+00
3.422000e-05	9.330081e-03	-6.389472e+00
3.423000e-05	9.422290e-03	-6.213476e+00
3.424000e-05	7.367917e-03	-5.991123e+00
3.425000e-05	6.046716e-03	-5.885575e+00
3.426000e-05	5.355231e-03	-5.726289e+00
3.427000e-05	5.263942e-03	-5.559895e+00
3.428000e-05	5.959687e-03	-5.331312e+00
3.429000e-05	3.082893e-03	-5.138419e+00
3.430000e-05	3.331659e-03	-4.940869e+00
3.431000e-05	1.671340e-03	-4.748786e+00
3.432000e-05	3.582050e-03	-4.569418e+00
3.433000e-05	1.604267e-03	-4.371498e+00
3.434000e-05	8.487632e-04	-4.255102e+00
3.435000e-05	5.170642e-05	-4.027708e+00
3.436000e-05	9.540958e-05	-3.897216e+00
3.437000e-05	1.567829e-05	-3.646652e+00
3.438000e-05	-8.667220e-04	-3.506758e+00
3.439000e-05	-9.342217e-04	-3.338762e+00
3.440000e-05	-2.612288e-03	-3.129421e+00
3.441000e-05	-4.694602e-04	-2.908315e+00
3.442000e-05	-3.089672e-03	-2.729465e+00
3.443000e-05	-3.563338e-03	-2.548888e+00
3.444000e-05	-5.907189e-03	-2.369495e+00
3.445000e-05	-1.004559e-03	-2.120865e+00
3.446000e-05	-2.789814e-03	-1.969890e+00
3.447000e-05	-1.552050e-03	-1.760519e+00
3.448000e-05	-7.059355e-03	-1.581546e+00
3.449000e-05	-6.807629e-03	-1.340313e+00
3.450000e-05	-6.095280e-03	-1.139285e+00
3.451000e-05	-3.103768e-03	-9.287643e-01
3.452000e-05	-6.091639e-03	-7.393386e-01
3.453000e-05	-6.667699e-03	-4.882107e-01
3.454000e-05	-5.479362e-03	-3.082634e-01
3.455000e-05	-3.954495e-03	-1.388657e-01
3.456000e-05	7.969510e-04	2.953139e-02
3.457000e-05	1.001471e-03	3.007393e-01
3.458000e-05	-4.287998e-03	4.410542e-01
3.459000e-05	2.051025e-03	6.060273e-01
3.460000e-05	-2.881140e-03	7.764735e-01
3.461000e-05	-2.347370e-03	9.727736e-01
3.462000e-05	-2.666042e-03	1.215478e+00
3.463000e-05	1.841744e-02	1.355978e+00
3.464000e-05	8.554663e-02	1.648011e+00
3.465000e-05	1.675110e-02	1.921764e+00
3.466000e-05	-6.050797e-02	2.090164e+00
3.467000e-05	-3.657853e-02	2.272108e+00
3.468000e-05	-1.068190e-01	2.398530e+00
3.469000e-05	1.336904e-02	2.534772e+00
3.470000e-05	1.230359e-01	2.773427e+00
3.471000e-05	-1.999237e-01	2.945244e+00
3.472000e-05	1.224529e-01	3.071690e+00
3.473000e-05	6.878567e-02	3.342345e+00
3.474000e-05	-1.387284e-01	3.544769e+00
3.475000e-05	1.016669e-01	3.670480e+00
3.476000e-05	-5.228587e-02	3.849510e+00
3.477000e-05	-8.746502e-02	4.040533e+00
3.478000e-05	8.641301e-02	4.240061e+00
3.479000e-05	-4.333522e-02	4.450611e+00
3.480000e-05	2.323729e-02	4.617902e+00
3.481000e-05	1.678673e-02	4.796480e+00
3.482000e-05	-6.756986e-02	4.989954e+00
3.483000e-05	3.885873e-02	5.229008e+00
3.484000e-05	-4.528216e-02	5.408584e+00
3.485000e-05	1.571647e-02	5.557425e+00
3.486000e-05	-3.111015e-02	5.754351e+00
3.487000e-05	2.014479e-02	5.966872e+00
3.488000e-05	7.432020e-03	6.133219e+00
3.489000e-05	-4.641615e-02	6.261608e+00
3.490000e-05	3.454017e-02	6.406948e+00
3.491000e-05	-5.168850e-02	6.545325e+00
3.492000e-05	-5.433523e-03	6.756326e+00
3.493000e-05	2.218741e-02	6.902215e+00
3.494000e-05	-2.333756e-02	7.028560e+00
3.495000e-05	-8.793165e-04	7.198422e+00
3.496000e-05	-2.418222e-02	7.283147e+00
3.497000e-05	-1.599146e-03	7.521162e+00
3.498000e-05	-8.133510e-03	7.651079e+00
3.499000e-05	-1.340902e-02	7.777478e+00
3.500000e-05	-8.611048e-03	7.962249e+00
3.501000e-05	-2.489245e-02	8.083164e+00
3.502000e-05	1.420299e-02	8.230957e+00
3.503000e-05	-1.778438e-02	8.303817e+00
3.504000e-05	-1.149956e-02	8.420557e+00
3.505000e-05	-1.938983e-02	8.533745e+00
3.506000e-05	-1.594173e-02	8.651058e+00
3.507000e-05	-2.610833e-04	8.726222e+00
3.508000e-05	-1.634930e-02	8.838478e+00
3.509000e-05	-1.149259e-02	8.934246e+00
3.510000e-05	-1.892560e-02	9.081140e+00
3.511000e-05	-5.312120e-03	9.158400e+00
3.512000e-05	-9.834270e-03	9.281059e+00
3.513000e-05	-1.768852e-02	9.334745e+00
3.514000e-05	-1.917919e-02	9.409078e+00
3.515000e-05	-1.685586e-02	9.482715e+00
3.516000e-05	-6.679347e-03	9.606378e+00
3.517000e-05	-1.727980e-02	9.673011e+00
3.518000e-05	-1.706302e-02	9.722820e+00
3.519000e-05	-1.766961e-02	9.798433e+00
3.520000e-05	-1.383539e-02	9.915211e+00
3.521000e-05	-1.363630e-02	9.967347e+00
3.522000e-05	-1.944917e-02	1.002948e+01
3.523000e-05	-1.921498e-02	1.006146e+01
3.524000e-05	-1.709626e-02	1.012421e+01
3.525000e-05	-1.200244e-02	1.014827e+01
3.526000e-05	-1.922108e-02	1.019830e+01
3.527000e-05	-2.237996e-02	1.023003e+01
3.528000e-05	-2.409861e-02	1.019151e+01
3.529000e-05	-1.826121e-02	1.025166e+01
3.530000e-05	-1.538074e-02	1.028469e+01
3.531000e-05	-2.133023e-02	1.030377e+01
3.532000e-05	-2.228521e-02	1.032527e+01
3.533000e-05	-2.107539e-02	1.031674e+01
3.534000e-05	-1.955316e-02	1.034685e+01
3.535000e-05	-2.153139e-02	1.034837e+01
3.536000e-05	-2.530950e-02	1.033732e+01
3.537000e-05	-2.792814e-02	1.037745e+01
3.538000e-05	-2.142085e-02	1.034730e+01
3.539000e-05	-2.132085e-02	1.034689e+01
3.540000e-05	-2.432802e-02	1.031577e+01
3.541000e-05	-2.730352e-02	1.031627e+01
3.542000e-05	-2.829898e-02	1.029514e+01
3.543000e-05	-2.545893e-02	1.027316e+01
3.544000e-05	-2.721530e-02	1.024261e+01
3.545000e-05	-2.893390e-02	1.022147e+01
3.546000e-05	-3.076877e-02	1.016087e+01
3.547000e-05	-2.873097e-02	1.013634e+01
3.548000e-05	-2.863740e-02	1.006371e+01
3.549000e-05	-3.031165e-02	1.004110e+01
3.550000e-05	-3.271086e-02	9.989426e+00
3.551000e-05	-3.195796e-02	9.938770e+00
3.552000e-05	-3.063565e-02	9.905189e+00
3.553000e-05	-3.118577e-02	9.821424e+00
3.554000e-05	-3.435050e-02	9.696212e+00
3.555000e-05	-3.589846e-02	9.643528e+00
3.556000e-05	-3.530501e-02	9.567319e+00
3.557000e-05	-3.338764e-02	9.483710e+00
3.558000e-05	-3.619727e-02	9.370949e+00
3.559000e-05	-3.820675e-02	9.316288e+00
3.560000e-05	-3.937223e-02	9.233055e+00
3.561000e-05	-3.688547e-02	9.149871e+00
3.562000e-05	-3.783170e-02	9.054183e+00
3.563000e-05	-3.964327e-02	8.938265e+00
3.564000e-05	-4.155363e-02	8.811501e+00
3.565000e-05	-4.022470e-02	8.718316e+00
3.566000e-05	-3.780592e-02	8.603002e+00
3.567000e-05	-3.883166e-02	8.536812e+00
3.568000e-05	-4.129822e-02	8.410506e+00
3.569000e-05	-4.016064e-02	8.297366e+00
3.570000e-05	-3.589793e-02	8.179903e+00
3.571000e-05	-3.221578e-02	8.012604e+00
3.572000e-05	-3.335147e-02	7.969237e+00
3.573000e-05	-3.478097e-02	7.801000e+00
3.574000e-05	-3.261924e-02	7.673582e+00
3.575000e-05	-2.906151e-02	7.537815e+00
3.576000e-05	-2.843027e-02	7.370292e+00
3.577000e-05	-2.809703e-02	7.189946e+00
3.578000e-05	-2.760827e-02	7.063729e+00
3.579000e-05	-2.305629e-02	6.885736e+00
3.580000e-05	-2.066626e-02	6.799945e+00
3.581000e-05	-2.140289e-02	6.601975e+00
3.582000e-05	-2.316205e-02	6.412049e+00
3.583000e-05	-2.280758e-02	6.295632e+00
3.584000e-05	-1.878457e-02	6.088212e+00
3.585000e-05	-1.762643e-02	5.999422e+00
3.586000e-05	-1.780665e-02	5.792024e+00
3.587000e-05	-1.963334e-02	5.582049e+00
3.588000e-05	-1.590577e-02	5.455130e+00
3.589000e-05	-1.446333e-02	5.265683e+00
3.590000e-05	-1.365499e-02	5.086754e+00
3.591000e-05	-1.703161e-02	4.862677e+00
3.592000e-05	-1.533187e-02	4.664679e+00
3.593000e-05	-1.393646e-02	4.527314e+00
3.594000e-05	-1.119418e-02	4.359941e+00
3.595000e-05	-1.192967e-02	4.168416e+00
3.596000e-05	-1.278041e-02	3.977420e+00
3.597000e-05	-1.234491e-02	3.770992e+00
3.598000e-05	-1.138132e-02	3.591577e+00
3.599000e-05	-1.030144e-02	3.442599e+00
3.600000e-05	-1.224219e-02	3.202525e+00
3.601000e-05	-1.165040e-02	3.043576e+00
3.602000e-05	-1.134285e-02	2.894682e+00
3.603000e-05	-7.989935e-03	2.706907e+00
3.604000e-05	-8.375927e-03	2.435079e+00
3.605000e-05	-8.722411e-03	2.253655e+00
3.606000e-05	-1.027956e-02	2.046183e+00
3.607000e-05	-9.305137e-03	1.877778e+00
3.608000e-05	-8.952203e-03	1.666232e+00
3.609000e-05	-8.388012e-03	1.474778e+00
3.610000e-05	-9.213524e-03	1.316231e+00
3.611000e-05	-6.824934e-03	1.033750e+00
3.612000e-05	-5.982577e-03	8.145215e-01
3.613000e-05	-5.528012e-03	6.435978e-01
3.614000e-05	-6.784979e-03	4.151279e-01
3.615000e-05	-5.604752e-03	2.655768e-01
3.616000e-05	-6.246662e-03	2.349782e-02
3.617000e-05	-2.619607e-03	-1.663785e-01
3.618000e-05	3.674310e-03	-3.433707e-01
3.619000e-05	-3.608633e-03	-4.820929e-01
3.620000e-05	3.223101e-03	-7.338971e-01
3.621000e-05	-1.220192e-03	-8.921120e-01
3.622000e-05	1.617901e-03	-1.072162e+00
3.623000e-05	-1.324331e-03	-1.290090e+00
3.624000e-05	2.422657e-02	-1.471238e+00
3.625000e-05	1.222835e-01	-1.650585e+00
3.626000e-05	-3.435923e-02	-1.914696e+00
3.627000e-05	-2.940083e-02	-2.205711e+00
3.628000e-05	-6.685708e-02	-2.470113e+00
3.629000e-05	-9.827477e-02	-2.567899e+00
3.630000e-05	1.992500e-01	-2.577897e+00
3.631000e-05	-1.226224e-01	-2.786457e+00
3.632000e-05	-6.360737e-02	-3.134323e+00
3.633000e-05	2.169385e-01	-3.178400e+00
3.634000e-05	-1.868466e-01	-3.406006e+00
3.635000e-05	2.652349e-02	-3.597500e+00
3.636000e-05	1.299549e-01	-3.723624e+00
3.637000e-05	-2.035896e-01	-3.976006e+00
3.638000e-05	1.120658e-01	-4.177353e+00
3.639000e-05	1.418082e-02	-4.323721e+00
3.640000e-05	-6.730010e-02	-4.574796e+00
3.641000e-05	1.922434e-01	-4.682639e+00
3.642000e-05	-1.727905e-01	-4.910669e+00
3.643000e-05	7.631154e-02	-5.103688e+00
3.644000e-05	2.538772e-02	-5.209509e+00
3.645000e-05	-9.922381e-02	-5.523772e+00
3.646000e-05	1.447560e-01	-5.651113e+00
3.647000e-05	-1.108056e-01	-5.829036e+00
3.648000e-05	1.061782e-01	-5.968450e+00
3.649000e-05	-3.348156e-02	-6.126171e+00
3.650000e-05	-3.094864e-02	-6.388375e+00
3.651000e-05	1.049889e-01	-6.482713e+00
3.652000e-05	-1.436409e-01	-6.642086e+00
3.653000e-05	1.379063e-01	-6.756450e+00
3.654000e-05	-4.361005e-02	-6.965726e+00
3.655000e-05	1.330723e-02	-7.176372e+00
3.656000e-05	5.597979e-02	-7.251609e+00
3.657000e-05	-8.697955e-02	-7.428034e+00
3.658000e-05	1.076081e-01	-7.575799e+00
3.659000e-05	-7.721923e-02	-7.743122e+00
3.660000e-05	6.577505e-02	-7.913717e+00
3.661000e-05	-2.296654e-02	-8.020531e+00
3.662000e-05	1.146697e-02	-8.175824e+00
3.663000e-05	5.119931e-02	-8.250635e+00
3.664000e-05	-4.708717e-02	-8.377952e+00
3.665000e-05	6.464523e-02	-8.492715e+00
3.666000e-05	-5.420380e-02	-8.660116e+00
3.667000e-05	5.366082e-02	-8.787426e+00
3.668000e-05	-7.839062e-03	-8.882065e+00
3.669000e-05	1.300056e-02	-8.966477e+00
3.670000e-05	1.459375e-02	-9.082715e+00
3.671000e-05	-6.452890e-03	-9.166424e+00
3.672000e-05	3.951340e-02	-9.241106e+00
3.673000e-05	-1.502383e-02	-9.326371e+00
3.674000e-05	2.577969e-02	-9.462615e+00
3.675000e-05	-1.159398e-02	-9.546847e+00
3.676000e-05	2.610304e-02	-9.641507e+00
3.677000e-05	9.676707e-03	-9.695718e+00
3.678000e-05	1.032853e-02	-9.758905e+00
3.679000e-05	1.263760e-02	-9.881587e+00
3.680000e-05	4.133601e-03	-9.895742e+00
3.681000e-05	2.139858e-02	-9.967396e+00
3.682000e-05	4.416156e-03	-9.981057e+00
3.683000e-05	1.592147e-02	-1.007316e+01
3.684000e-05	3.293893e-03	-1.014474e+01
3.685000e-05	2.260408e-02	-1.021738e+01
3.686000e-05	1.380442e-02	-1.021054e+01
3.687000e-05	1.372840e-02	-1.031414e+01
3.688000e-05	7.042750e-03	-1.035687e+01
3.689000e-05	8.851112e-03	-1.038943e+01
3.690000e-05	1.781622e-02	-1.040045e+01
3.691000e-05	1.429514e-02	-1.044061e+01
3.692000e-05	1.447056e-02	-1.043314e+01
3.693000e-05	1.177009e-02	-1.048316e+01
3.694000e-05	1.799645e-02	-1.046476e+01
3.695000e-05	1.597264e-02	-1.048424e+01
3.696000e-05	1.753965e-02	-1.050429e+01
3.697000e-05	1.054568e-02	-1.052477e+01
3.698000e-05	1.435987e-02	-1.050374e+01
3.699000e-05	1.945989e-02	-1.049529e+01
3.700000e-05	1.845311e-02	-1.052574e+01
3.701000e-05	1.843885e-02	-1.048469e+01
3.702000e-05	1.513342e-02	-1.042307e+01
3.703000e-05	1.943599e-02	-1.049116e+01
3.704000e-05	2.142864e-02	-1.039203e+01
3.705000e-05	2.110185e-02	-1.041945e+01
3.706000e-05	1.783457e-02	-1.035930e+01
3.707000e-05	2.056736e-02	-1.029729e+01
3.708000e-05	2.253147e-02	-1.025359e+01
3.709000e-05	2.352256e-02	-1.022193e+01
3.710000e-05	2.015794e-02	-1.012782e+01
3.711000e-05	2.029018e-02	-1.005421e+01
3.712000e-05	2.215400e-02	-1.003196e+01
3.713000e-05	2.667577e-02	-9.968371e+00
3.714000e-05	2.539543e-02	-9.917344e+00
3.715000e-05	2.323254e-02	-9.874633e+00
3.716000e-05	2.456759e-02	-9.780896e+00
3.717000e-05	2.637377e-02	-9.726316e+00
3.718000e-05	2.789341e-02	-9.654107e+00
3.719000e-05	2.470124e-02	-9.579549e+00
3.720000e-05	2.514091e-02	-9.496740e+00
3.721000e-05	2.801618e-02	-9.421529e+00
3.722000e-05	3.154912e-02	-9.284235e+00
3.723000e-05	3.135242e-02	-9.182499e+00
3.724000e-05	2.927893e-02	-9.086764e+00
3.725000e-05	2.800438e-02	-9.011001e+00
3.726000e-05	3.108053e-02	-8.897189e+00
3.727000e-05	3.175347e-02	-8.791071e+00
3.728000e-05	2.969369e-02	-8.676239e+00
3.729000e-05	2.620870e-02	-8.551422e+00
3.730000e-05	2.808949e-02	-8.433599e+00
3.731000e-05	3.006057e-02	-8.317818e+00
3.732000e-05	2.913797e-02	-8.190051e+00
3.733000e-05	2.413053e-02	-8.096712e+00
3.734000e-05	2.211259e-02	-7.949968e+00
3.735000e-05	2.239898e-02	-7.852454e+00
3.736000e-05	2.411555e-02	-7.634655e+00
3.737000e-05	1.953916e-02	-7.506761e+00
3.738000e-05	1.612073e-02	-7.358396e+00
3.739000e-05	1.425607e-02	-7.223025e+00
3.740000e-05	1.624208e-02	-7.074788e+00
3.741000e-05	1.519660e-02	-6.916261e+00
3.742000e-05	1.195150e-02	-6.747994e+00
3.743000e-05	1.045033e-02	-6.613975e+00
3.744000e-05	1.064180e-02	-6.464182e+00
3.745000e-05	1.043898e-02	-6.327739e+00
3.746000e-05	8.380033e-03	-6.108865e+00
3.747000e-05	5.854218e-03	-5.949442e+00
3.748000e-05	4.891468e-03	-5.761524e+00
3.749000e-05	5.325229e-03	-5.634126e+00
3.750000e-05	5.287250e-03	-5.495661e+00
3.751000e-05	4.462253e-03	-5.233150e+00
3.752000e-05	1.841278e-03	-5.045628e+00
3.753000e-05	3.784080e-03	-4.855106e+00
3.754000e-05	3.271678e-03	-4.633576e+00
3.755000e-05	4.579275e-03	-4.475762e+00
3.756000e-05	-8.401737e-04	-4.318388e+00
3.757000e-05	1.256656e-03	-4.180945e+00
3.758000e-05	-1.429300e-03	-3.970045e+00
3.759000e-05	1.265733e-03	-3.794525e+00
3.760000e-05	-2.190303e-03	-3.601974e+00
3.761000e-05	-7.346522e-04	-3.423574e+00
3.762000e-05	-3.220529e-03	-3.234554e+00
3.763000e-05	1.047617e-04	-3.015632e+00
3.764000e-05	-2.307405e-03	-2.833030e+00
3.765000e-05	-6.808362e-04	-2.664179e+00
3.766000e-05	-5.369845e-03	-2.434602e+00
3.767000e-05	-3.148312e-03	-2.287232e+00
3.768000e-05	-4.797829e-03	-2.034026e+00
3.769000e-05	-1.247186e-03	-1.884684e+00
3.770000e-05	-4.391802e-03	-1.687284e+00
3.771000e-05	-5.157774e-03	-1.479337e+00
3.772000e-05	-7.119069e-03	-1.212153e+00
3.773000e-05	-5.098199e-03	-1.034103e+00
3.774000e-05	-5.222749e-03	-8.235803e-01
3.775000e-05	-5.086085e-03	-6.357280e-01
3.776000e-05	-5.482830e-03	-4.120489e-01
3.777000e-05	-5.265251e-03	-2.240514e-01
3.778000e-05	-2.507412e-03	-4.460296e-02
3.779000e-05	2.652715e-03	1.743483e-01
3.780000e-05	-3.211428e-03	3.758984e-01
3.781000e-05	-8.640431e-04	5.332916e-01
3.782000e-05	-1.557154e-03	7.038128e-01
3.783000e-05	-2.154368e-03	8.215063e-01
3.784000e-05	-2.393312e-03	1.069163e+00
3.785000e-05	3.937212e-03	1.262115e+00
3.786000e-05	4.110151e-02	1.470589e+00
3.787000e-05	8.644165e-02	1.794351e+00
3.788000e-05	-4.203322e-02	1.995952e+00
3.789000e-05	-4.407204e-02	2.166400e+00
3.790000e-05	-5.408028e-02	2.355872e+00
3.791000e-05	-1.053724e-01	2.450080e+00
3.792000e-05	1.235965e-01	2.638960e+00
3.793000e-05	-2.837398e-02	2.870013e+00
3.794000e-05	-1.439429e-01	2.988006e+00
3.795000e-05	2.016422e-01	3.185354e+00
3.796000e-05	-8.779709e-02	3.447009e+00
3.797000e-05	-4.672344e-02	3.567977e+00
3.798000e-05	9.767209e-02	3.713241e+00
3.799000e-05	-1.319936e-01	3.973251e+00
3.800000e-05	1.200378e-02	4.092669e+00
3.801000e-05	4.688843e-02	4.332847e+00
3.802000e-05	-4.573825e-02	4.503716e+00
3.803000e-05	5.916330e-02	4.692089e+00
3.804000e-05	-5.477210e-02	4.872686e+00
3.805000e-05	-9.618067e-03	5.122239e+00
3.806000e-05	5.131776e-03	5.313221e+00
3.807000e-05	-2.978715e-02	5.524813e+00
3.808000e-05	1.563228e-02	5.658979e+00
3.809000e-05	-3.214547e-02	5.861036e+00
3.810000e-05	3.805386e-02	6.019505e+00
3.811000e-05	-3.604270e-02	6.196350e+00
3.812000e-05	-1.401104e-02	6.294792e+00
3.813000e-05	1.472626e-02	6.481088e+00
3.814000e-05	-6.123664e-02	6.682138e+00
3.815000e-05	3.466407e-02	6.817480e+00
3.816000e-05	-6.008600e-03	7.015875e+00
3.817000e-05	-1.048014e-02	7.113236e+00
3.818000e-05	-8.783221e-03	7.229479e+00
3.819000e-05	-2.539013e-02	7.377001e+00
3.820000e-05	6.053011e-03	7.545228e+00
3.821000e-05	-2.481794e-02	7.703694e+00
3.822000e-05	1.406474e-03	7.840159e+00
3.823000e-05	-2.615420e-02	8.058510e+00
3.824000e-05	-2.841155e-04	8.125777e+00
3.825000e-05	4.425224e-03	8.270585e+00
3.826000e-05	-2.023732e-02	8.398346e+00
3.827000e-05	-1.173657e-02	8.442087e+00
3.828000e-05	-2.724366e-02	8.607379e+00
3.829000e-05	-2.242246e-03	8.672088e+00
3.830000e-05	-8.520871e-03	8.754850e+00
3.831000e-05	-1.212319e-02	8.881060e+00
3.832000e-05	-1.707750e-02	8.996355e+00
3.833000e-05	-1.243622e-02	9.123768e+00
3.834000e-05	-4.020729e-03	9.198977e+00
3.835000e-05	-1.438560e-02	9.252667e+00
3.836000e-05	-2.006958e-02	9.357322e+00
3.837000e-05	-2.063581e-02	9.461581e+00
3.838000e-05	-9.806206e-03	9.536342e+00
3.839000e-05	-9.813930e-03	9.598903e+00
3.840000e-05	-1.739245e-02	9.650613e+00
3.841000e-05	-1.963798e-02	9.754872e+00
3.842000e-05	-1.519479e-02	9.860910e+00
3.843000e-05	-1.249134e-02	9.933266e+00
3.844000e-05	-1.678218e-02	9.957497e+00
3.845000e-05	-2.195849e-02	1.002953e+01
3.846000e-05	-1.900862e-02	1.011211e+01
3.847000e-05	-1.293899e-02	1.012319e+01
3.848000e-05	-1.300745e-02	1.015684e+01
3.849000e-05	-2.045662e-02	1.019897e+01
3.850000e-05	-2.527213e-02	1.021998e+01
3.851000e-05	-2.116277e-02	1.026166e+01
3.852000e-05	-1.669060e-02	1.025209e+01
3.853000e-05	-1.683467e-02	1.030429e+01
3.854000e-05	-2.419086e-02	1.034479e+01
3.855000e-05	-2.164009e-02	1.032579e+01
3.856000e-05	-1.845297e-02	1.032732e+01
3.857000e-05	-1.951647e-02	1.035477e+01
3.858000e-05	-2.209688e-02	1.034834e+01
3.859000e-05	-2.932334e-02	1.035685e+01
3.860000e-05	-2.489911e-02	1.032629e+01
3.861000e-05	-2.133692e-02	1.031634e+01
3.862000e-05	-2.215588e-02	1.033726e+01
3.863000e-05	-2.653841e-02	1.032577e+01
3.864000e-05	-2.788285e-02	1.033536e+01
3.865000e-05	-2.637398e-02	1.027361e+01
3.866000e-05	-2.451443e-02	1.026259e+01
3.867000e-05	-2.754271e-02	1.022105e+01
3.868000e-05	-3.135782e-02	1.018002e+01
3.869000e-05	-3.046475e-02	1.013779e+01
3.870000e-05	-2.749634e-02	1.011479e+01
3.871000e-05	-2.728333e-02	1.008318e+01
3.872000e-05	-3.316840e-02	1.002158e+01
3.873000e-05	-3.427517e-02	9.969449e+00
3.874000e-05	-3.160463e-02	9.897266e+00
3.875000e-05	-2.837484e-02	9.793487e+00
3.876000e-05	-3.134333e-02	9.758920e+00
3.877000e-05	-3.642041e-02	9.695111e+00
3.878000e-05	-3.584524e-02	9.559973e+00
3.879000e-05	-3.382509e-02	9.496742e+00
3.880000e-05	-3.402632e-02	9.442057e+00
3.881000e-05	-3.930834e-02	9.367923e+00
3.882000e-05	-4.074833e-02	9.275336e+00
3.883000e-05	-3.919736e-02	9.233025e+00
3.884000e-05	-3.467070e-02	9.145841e+00
3.885000e-05	-3.750723e-02	9.004574e+00
3.886000e-05	-4.071160e-02	8.896184e+00
3.887000e-05	-4.180540e-02	8.758894e+00
3.888000e-05	-3.963165e-02	8.703808e+00
3.889000e-05	-3.699517e-02	8.599000e+00
3.890000e-05	-4.095956e-02	8.475187e+00
3.891000e-05	-4.036027e-02	8.379448e+00
3.892000e-05	-4.053176e-02	8.295657e+00
3.893000e-05	-3.338671e-02	8.148263e+00
3.894000e-05	-3.471324e-02	8.000947e+00
3.895000e-05	-3.211127e-02	7.895630e+00
3.896000e-05	-3.468406e-02	7.737389e+00
3.897000e-05	-2.863926e-02	7.611950e+00
3.898000e-05	-2.927186e-02	7.435609e+00
3.899000e-05	-2.781663e-02	7.256157e+00
3.900000e-05	-2.941006e-02	7.118367e+00
3.901000e-05	-2.539448e-02	7.010494e+00
3.902000e-05	-2.419555e-02	6.843075e+00
3.903000e-05	-2.096969e-02	6.707292e+00
3.904000e-05	-2.234205e-02	6.477309e+00
3.905000e-05	-2.154823e-02	6.357920e+00
3.906000e-05	-1.963376e-02	6.242474e+00
3.907000e-05	-1.772189e-02	6.054130e+00
3.908000e-05	-1.773765e-02	5.948341e+00
3.909000e-05	-2.005052e-02	5.710788e+00
3.910000e-05	-1.822102e-02	5.566916e+00
3.911000e-05	-1.639575e-02	5.411474e+00
3.912000e-05	-1.432002e-02	5.202995e+00
3.913000e-05	-1.599689e-02	4.941918e+00
3.914000e-05	-1.562263e-02	4.758969e+00
3.915000e-05	-1.356420e-02	4.592450e+00
3.916000e-05	-1.065501e-02	4.413629e+00
3.917000e-05	-1.181957e-02	4.287286e+00
3.918000e-05	-1.269961e-02	4.023576e+00
3.919000e-05	-1.376763e-02	3.865757e+00
3.920000e-05	-1.217129e-02	3.727837e+00
3.921000e-05	-1.201479e-02	3.547964e+00
3.922000e-05	-1.083298e-02	3.307787e+00
3.923000e-05	-1.172820e-02	3.167390e+00
3.924000e-05	-1.016051e-02	2.979541e+00
3.925000e-05	-8.907906e-03	2.801020e+00
3.926000e-05	-8.141047e-03	2.573417e+00
3.927000e-05	-9.304855e-03	2.390944e+00
3.928000e-05	-9.685473e-03	2.171968e+00
3.929000e-05	-9.822313e-03	1.981045e+00
3.930000e-05	-8.674752e-03	1.835571e+00
3.931000e-05	-8.709159e-03	1.592020e+00
3.932000e-05	-9.355369e-03	1.390491e+00
3.933000e-05	-8.029073e-03	1.191467e+00
3.934000e-05	-7.405906e-03	9.382836e-01
3.935000e-05	-6.335951e-03	7.578648e-01
3.936000e-05	-6.628966e-03	5.488886e-01
3.937000e-05	-5.968274e-03	3.509425e-01
3.938000e-05	-5.115399e-03	1.408396e-01
3.939000e-05	-6.008316e-03	-5.058900e-02
3.940000e-05	1.609275e-03	-2.491074e-01
3.941000e-05	1.647437e-03	-4.080287e-01
3.942000e-05	-3.038485e-03	-5.969822e-01
3.943000e-05	1.048993e-03	-7.890561e-01
3.944000e-05	-1.472640e-03	-9.874246e-01
3.945000e-05	4.633632e-04	-1.103751e+00
3.946000e-05	3.065966e-03	-1.326303e+00
3.947000e-05	6.412487e-02	-1.576475e+00
3.948000e-05	8.715551e-02	-1.754803e+00
3.949000e-05	-6.830741e-02	-2.028530e+00
3.950000e-05	-1.144962e-02	-2.363426e+00
3.951000e-05	-1.268827e-01	-2.492292e+00
3.952000e-05	5.281415e-02	-2.567895e+00
3.953000e-05	1.203003e-01	-2.629038e+00
3.954000e-05	-2.104777e-01	-2.942800e+00
3.955000e-05	1.613130e-01	-3.186495e+00
3.956000e-05	8.389551e-02	-3.250535e+00
3.957000e-05	-1.941656e-01	-3.502794e+00
3.958000e-05	1.847526e-01	-3.630504e+00
3.959000e-05	-5.574009e-02	-3.848138e+00
3.960000e-05	-1.300275e-01	-4.101638e+00
3.961000e-05	1.765186e-01	-4.198879e+00
3.962000e-05	-1.298193e-01	-4.427454e+00
3.963000e-05	1.128305e-01	-4.639507e+00
3.964000e-05	5.103232e-02	-4.703724e+00
3.965000e-05	-1.561762e-01	-4.985481e+00
3.966000e-05	1.599153e-01	-5.136399e+00
3.967000e-05	-1.191507e-01	-5.396907e+00
3.968000e-05	5.572089e-02	-5.577478e+00
3.969000e-05	3.519552e-02	-5.723773e+00
3.970000e-05	-5.867796e-02	-5.933692e+00
3.971000e-05	1.281528e-01	-6.010555e+00
3.972000e-05	-1.247713e-01	-6.249188e+00
3.973000e-05	1.008992e-01	-6.412031e+00
3.974000e-05	-3.659564e-02	-6.545727e+00
3.975000e-05	-4.826545e-02	-6.734796e+00
3.976000e-05	1.320892e-01	-6.809531e+00
3.977000e-05	-1.061902e-01	-7.069116e+00
3.978000e-05	1.083570e-01	-7.191555e+00
3.979000e-05	-6.002033e-02	-7.325271e+00
3.980000e-05	2.088892e-02	-7.472217e+00
3.981000e-05	4.509204e-02	-7.598429e+00
3.982000e-05	-5.851316e-02	-7.819580e+00
3.983000e-05	8.033967e-02	-7.927448e+00
3.984000e-05	-7.172541e-02	-8.092639e+00
3.985000e-05	8.436419e-02	-8.218002e+00
3.986000e-05	-2.870784e-02	-8.343722e+00
3.987000e-05	1.929047e-02	-8.440480e+00
3.988000e-05	1.697627e-02	-8.524875e+00
3.989000e-05	-2.789281e-02	-8.723144e+00
3.990000e-05	6.106542e-02	-8.808477e+00
3.991000e-05	-3.344114e-02	-8.924769e+00
3.992000e-05	4.192746e-02	-8.979505e+00
3.993000e-05	-2.140298e-02	-9.134215e+00
3.994000e-05	3.227788e-02	-9.187976e+00
3.995000e-05	9.836840e-03	-9.223717e+00
3.996000e-05	2.608849e-03	-9.408956e+00
3.997000e-05	1.538416e-02	-9.495744e+00
3.998000e-05	-4.667721e-03	-9.598429e+00
3.999000e-05	3.339324e-02	-9.692187e+00
4.000000e-05	-3.770570e-03	-9.735271e+00
4.001000e-05	2.060263e-02	-9.810480e+00
4.002000e-05	-1.812707e-03	-9.882664e+00
4.003000e-05	1.794446e-02	-9.946798e+00
4.004000e-05	1.227992e-02	-9.958452e+00
4.005000e-05	1.071077e-02	-1.010206e+01
4.006000e-05	1.095447e-02	-1.011264e+01
4.007000e-05	8.919528e-03	-1.017588e+01
4.008000e-05	2.342326e-02	-1.020041e+01
4.009000e-05	9.505604e-03	-1.025114e+01
4.010000e-05	1.401609e-02	-1.031525e+01
4.011000e-05	2.948107e-03	-1.033880e+01
4.012000e-05	1.587113e-02	-1.038843e+01
4.013000e-05	1.669501e-02	-1.041153e+01
4.014000e-05	1.560248e-02	-1.046309e+01
4.015000e-05	1.269184e-02	-1.049261e+01
4.016000e-05	1.297431e-02	-1.049306e+01
4.017000e-05	1.769700e-02	-1.051419e+01
4.018000e-05	1.583933e-02	-1.049369e+01
4.019000e-05	1.612154e-02	-1.051484e+01
4.020000e-05	9.196023e-03	-1.047527e+01
4.021000e-05	1.913935e-02	-1.048674e+01
4.022000e-05	1.893236e-02	-1.049472e+01
4.023000e-05	1.997599e-02	-1.049419e+01
4.024000e-05	1.636333e-02	-1.045268e+01
4.025000e-05	1.450380e-02	-1.048264e+01
4.026000e-05	1.880568e-02	-1.043208e+01
4.027000e-05	2.199981e-02	-1.041148e+01
4.028000e-05	2.156075e-02	-1.039040e+01
4.029000e-05	1.955672e-02	-1.033892e+01
4.030000e-05	2.158549e-02	-1.028624e+01
4.031000e-05	2.225882e-02	-1.021154e+01
4.032000e-05	2.230122e-02	-1.018095e+01
4.033000e-05	1.973785e-02	-1.013574e+01
4.034000e-05	1.973267e-02	-1.006353e+01
4.035000e-05	2.338129e-02	-9.982052e+00
4.036000e-05	2.643516e-02	-9.948395e+00
4.037000e-05	2.468635e-02	-9.894212e+00
4.038000e-05	2.528372e-02	-9.850529e+00
4.039000e-05	2.448991e-02	-9.758394e+00
4.040000e-05	2.739166e-02	-9.694683e+00
4.041000e-05	2.718201e-02	-9.612533e+00
4.042000e-05	2.534773e-02	-9.549269e+00
4.043000e-05	2.468965e-02	-9.465687e+00
4.044000e-05	2.803150e-02	-9.379844e+00
4.045000e-05	3.192441e-02	-9.232058e+00
4.046000e-05	3.148638e-02	-9.157317e+00
4.047000e-05	2.922111e-02	-9.062155e+00
4.048000e-05	2.943433e-02	-8.979815e+00
4.049000e-05	3.167200e-02	-8.842107e+00
4.050000e-05	3.163701e-02	-8.778925e+00
4.051000e-05	2.844434e-02	-8.641189e+00
4.052000e-05	2.691278e-02	-8.507786e+00
4.053000e-05	2.734792e-02	-8.399950e+00
4.054000e-05	2.820262e-02	-8.286262e+00
4.055000e-05	2.770879e-02	-8.181370e+00
4.056000e-05	2.447062e-02	-8.073654e+00
4.057000e-05	2.296531e-02	-7.937768e+00
4.058000e-05	2.241091e-02	-7.739337e+00
4.059000e-05	2.197362e-02	-7.550926e+00
4.060000e-05	1.905678e-02	-7.464125e+00
4.061000e-05	1.648654e-02	-7.337340e+00
4.062000e-05	1.446456e-02	-7.161925e+00
4.063000e-05	1.460971e-02	-7.004600e+00
4.064000e-05	1.377512e-02	-6.832571e+00
4.065000e-05	1.158988e-02	-6.685213e+00
4.066000e-05	1.035061e-02	-6.568342e+00
4.067000e-05	9.971476e-03	-6.402546e+00
4.068000e-05	1.049097e-02	-6.253580e+00
4.069000e-05	8.785847e-03	-6.024078e+00
4.070000e-05	5.747195e-03	-5.864309e+00
4.071000e-05	4.712729e-03	-5.757816e+00
4.072000e-05	4.443509e-03	-5.549947e+00
4.073000e-05	4.745148e-03	-5.380990e+00
4.074000e-05	3.899418e-03	-5.169894e+00
4.075000e-05	2.967837e-03	-4.970500e+00
4.076000e-05	2.267132e-03	-4.750837e+00
4.077000e-05	2.649752e-03	-4.560420e+00
4.078000e-05	3.422713e-03	-4.402578e+00
4.079000e-05	1.980028e-03	-4.255682e+00
4.080000e-05	5.890499e-04	-4.077287e+00
4.081000e-05	-2.587574e-03	-3.958413e+00
4.082000e-05	1.045582e-03	-3.698737e+00
4.083000e-05	-3.241954e-04	-3.518915e+00
4.084000e-05	-5.391914e-04	-3.320364e+00
4.085000e-05	-4.925766e-03	-3.190470e+00
4.086000e-05	-1.088154e-03	-2.950386e+00
4.087000e-05	-3.541485e-03	-2.749971e+00
4.088000e-05	-1.284626e-04	-2.582945e+00
4.089000e-05	-5.613189e-03	-2.420473e+00
4.090000e-05	-2.035880e-03	-2.212897e+00
4.091000e-05	-4.704439e-03	-2.001444e+00
4.092000e-05	-1.409029e-03	-1.801548e+00
4.093000e-05	-5.203498e-03	-1.572053e+00
4.094000e-05	-5.012502e-03	-1.402841e+00
4.095000e-05	-8.399965e-03	-1.138289e+00
4.096000e-05	-4.681789e-03	-9.300135e-01
4.097000e-05	-5.336724e-03	-7.824950e-01
4.098000e-05	-5.241961e-03	-5.308386e-01
4.099000e-05	-4.681547e-03	-3.589134e-01
4.100000e-05	-5.051598e-03	-1.604435e-01
4.101000e-05	1.287957e-03	2.945737e-02
4.102000e-05	2.478800e-03	2.490814e-01
4.103000e-05	-5.006372e-03	3.900338e-01
4.104000e-05	-1.154708e-03	5.664247e-01
4.105000e-05	-3.629401e-03	7.663960e-01
4.106000e-05	-2.173376e-03	9.427943e-01
4.107000e-05	-1.511933e-03	1.185325e+00
4.108000e-05	1.416163e-02	1.357372e+00
4.109000e-05	7.535373e-02	1.594985e+00
4.110000e-05	4.108684e-02	1.871164e+00
4.111000e-05	-6.174437e-02	2.061107e+00
4.112000e-05	-3.730450e-02	2.240560e+00
4.113000e-05	-9.536124e-02	2.398447e+00
4.114000e-05	-2.824312e-02	2.512240e+00
4.115000e-05	1.476345e-01	2.704346e+00
4.116000e-05	-1.739572e-01	2.924293e+00
4.117000e-05	4.663280e-02	3.061110e+00
4.118000e-05	1.325987e-01	3.261087e+00
4.119000e-05	-1.456247e-01	3.534289e+00
4.120000e-05	7.265417e-02	3.621053e+00
4.121000e-05	-7.090076e-03	3.806950e+00
4.122000e-05	-1.130247e-01	3.997954e+00
4.123000e-05	7.787428e-02	4.147834e+00
4.124000e-05	-2.070882e-02	4.438529e+00
4.125000e-05	9.068086e-04	4.567402e+00
4.126000e-05	3.710874e-02	4.745497e+00
4.127000e-05	-7.940145e-02	4.996426e+00
4.128000e-05	3.778384e-02	5.199506e+00
4.129000e-05	-3.474288e-02	5.366981e+00
4.130000e-05	7.340682e-03	5.555918e+00
4.131000e-05	-1.883776e-02	5.704317e+00
4.132000e-05	5.208491e-03	5.954246e+00
4.133000e-05	1.995995e-02	6.082641e+00
4.134000e-05	-5.187559e-02	6.288535e+00
4.135000e-05	2.297906e-02	6.376976e+00
4.136000e-05	-3.563143e-02	6.535696e+00
4.137000e-05	-2.254827e-02	6.733319e+00
4.138000e-05	3.408419e-02	6.832214e+00
4.139000e-05	-2.087183e-02	6.999527e+00
4.140000e-05	-1.736799e-03	7.136895e+00
4.141000e-05	-2.182061e-02	7.261092e+00
4.142000e-05	-9.424843e-03	7.480189e+00
4.143000e-05	-1.571482e-03	7.596526e+00
4.144000e-05	-2.186910e-02	7.746351e+00
4.145000e-05	-3.461622e-03	7.943192e+00
4.146000e-05	-2.649064e-02	8.081165e+00
4.147000e-05	1.505231e-02	8.189380e+00
4.148000e-05	-1.227978e-02	8.323218e+00
4.149000e-05	-1.613587e-02	8.400004e+00
4.150000e-05	-1.793932e-02	8.474695e+00
4.151000e-05	-2.030573e-02	8.598980e+00
4.152000e-05	3.433069e-03	8.713691e+00
4.153000e-05	-1.662767e-02	8.808405e+00
4.154000e-05	-1.181862e-02	8.892193e+00
4.155000e-05	-1.963400e-02	9.041614e+00
4.156000e-05	-5.732429e-03	9.174877e+00
4.157000e-05	-8.711704e-03	9.269655e+00
4.158000e-05	-1.912090e-02	9.304371e+00
4.159000e-05	-1.993034e-02	9.378506e+00
4.160000e-05	-1.692145e-02	9.523765e+00
4.161000e-05	-3.966916e-03	9.556448e+00
4.162000e-05	-1.552872e-02	9.599505e+00
4.163000e-05	-1.877139e-02	9.724666e+00
4.164000e-05	-1.955563e-02	9.797475e+00
4.165000e-05	-1.245167e-02	9.883242e+00
4.166000e-05	-1.252884e-02	9.907346e+00
4.167000e-05	-2.052057e-02	9.977975e+00
4.168000e-05	-2.196382e-02	1.004158e+01
4.169000e-05	-1.680655e-02	1.005269e+01
4.170000e-05	-8.936826e-03	1.013629e+01
4.171000e-05	-1.648519e-02	1.015880e+01
4.172000e-05	-2.362955e-02	1.018945e+01
4.173000e-05	-2.557653e-02	1.023113e+01
4.174000e-05	-1.842702e-02	1.029364e+01
4.175000e-05	-1.422298e-02	1.030274e+01
4.176000e-05	-2.128891e-02	1.030477e+01
4.177000e-05	-2.427287e-02	1.030577e+01
4.178000e-05	-2.112964e-02	1.032634e+01
4.179000e-05	-1.660037e-02	1.032680e+01
4.180000e-05	-2.070956e-02	1.035742e+01
4.181000e-05	-2.536995e-02	1.036690e+01
4.182000e-05	-2.968253e-02	1.032887e+01
4.183000e-05	-2.127444e-02	1.034737e+01
4.184000e-05	-1.991865e-02	1.031732e+01
4.185000e-05	-2.451471e-02	1.031437e+01
4.186000e-05	-2.902164e-02	1.029621e+01
4.187000e-05	-2.872329e-02	1.030422e+01
4.188000e-05	-2.426409e-02	1.030371e+01
4.189000e-05	-2.490723e-02	1.026159e+01
4.190000e-05	-2.838069e-02	1.023055e+01
4.191000e-05	-3.170054e-02	1.023887e+01
4.192000e-05	-2.742848e-02	1.013687e+01
4.193000e-05	-2.698795e-02	1.010369e+01
4.194000e-05	-3.063099e-02	1.007113e+01
4.195000e-05	-3.590683e-02	1.001103e+01
4.196000e-05	-3.405392e-02	9.948893e+00
4.197000e-05	-2.929420e-02	9.894183e+00
4.198000e-05	-2.879696e-02	9.819604e+00
4.199000e-05	-3.398427e-02	9.767767e+00
4.200000e-05	-3.688545e-02	9.662629e+00
4.201000e-05	-3.352265e-02	9.538873e+00
4.202000e-05	-3.275823e-02	9.505288e+00
4.203000e-05	-3.562236e-02	9.442476e+00
4.204000e-05	-4.105110e-02	9.314793e+00
4.205000e-05	-4.123144e-02	9.274154e+00
4.206000e-05	-3.711765e-02	9.199949e+00
4.207000e-05	-3.615281e-02	9.105783e+00
4.208000e-05	-3.963334e-02	8.958821e+00
4.209000e-05	-4.112583e-02	8.841604e+00
4.210000e-05	-3.969539e-02	8.797316e+00
4.211000e-05	-3.697487e-02	8.652582e+00
4.212000e-05	-3.867427e-02	8.528341e+00
4.213000e-05	-4.146561e-02	8.442603e+00
4.214000e-05	-4.021658e-02	8.338393e+00
4.215000e-05	-3.742943e-02	8.231525e+00
4.216000e-05	-3.280482e-02	8.043604e+00
4.217000e-05	-3.612213e-02	7.970288e+00
4.218000e-05	-3.374995e-02	7.832525e+00
4.219000e-05	-3.300328e-02	7.694182e+00
4.220000e-05	-2.752602e-02	7.567487e+00
4.221000e-05	-2.847296e-02	7.368919e+00
4.222000e-05	-2.835451e-02	7.211546e+00
4.223000e-05	-2.867551e-02	7.116208e+00
4.224000e-05	-2.358532e-02	6.948338e+00
4.225000e-05	-2.260332e-02	6.810525e+00
4.226000e-05	-2.161805e-02	6.604574e+00
4.227000e-05	-2.380425e-02	6.423599e+00
4.228000e-05	-2.096990e-02	6.295261e+00
4.229000e-05	-1.803197e-02	6.128366e+00
4.230000e-05	-1.792015e-02	6.003524e+00
4.231000e-05	-1.850120e-02	5.855704e+00
4.232000e-05	-1.978300e-02	5.634628e+00
4.233000e-05	-1.561290e-02	5.507134e+00
4.234000e-05	-1.483041e-02	5.317287e+00
4.235000e-05	-1.498626e-02	5.137235e+00
4.236000e-05	-1.674991e-02	4.866754e+00
4.237000e-05	-1.575747e-02	4.717232e+00
4.238000e-05	-1.245140e-02	4.548786e+00
4.239000e-05	-1.132317e-02	4.389471e+00
4.240000e-05	-1.270641e-02	4.191491e+00
4.241000e-05	-1.343237e-02	3.979925e+00
4.242000e-05	-1.116243e-02	3.792101e+00
4.243000e-05	-1.095043e-02	3.633579e+00
4.244000e-05	-1.121165e-02	3.505708e+00
4.245000e-05	-1.289393e-02	3.233099e+00
4.246000e-05	-1.045155e-02	3.055182e+00
4.247000e-05	-1.104540e-02	2.887132e+00
4.248000e-05	-8.861095e-03	2.716361e+00
4.249000e-05	-9.522947e-03	2.476683e+00
4.250000e-05	-8.569312e-03	2.266158e+00
4.251000e-05	-8.354161e-03	2.086286e+00
4.252000e-05	-7.912763e-03	1.929465e+00
4.253000e-05	-8.226059e-03	1.707841e+00
4.254000e-05	-9.072941e-03	1.505782e+00
4.255000e-05	-8.761911e-03	1.298761e+00
4.256000e-05	-7.868831e-03	1.125830e+00
4.257000e-05	-7.156472e-03	7.961265e-01
4.258000e-05	-6.646347e-03	6.857529e-01
4.259000e-05	-5.752060e-03	4.650832e-01
4.260000e-05	-5.169172e-03	2.778570e-01
4.261000e-05	-4.931539e-03	5.510021e-02
4.262000e-05	-3.670788e-03	-1.457944e-01
4.263000e-05	3.941113e-03	-3.142656e-01
4.264000e-05	-1.270842e-03	-4.415578e-01
4.265000e-05	1.298134e-03	-7.038442e-01
4.266000e-05	-2.988676e-03	-8.406917e-01
4.267000e-05	7.849260e-04	-1.069110e+00
4.268000e-05	-8.457989e-04	-1.186461e+00
4.269000e-05	1.744034e-02	-1.481586e+00
4.270000e-05	1.129781e-01	-1.639506e+00
4.271000e-05	-2.781456e-03	-1.889144e+00
4.272000e-05	-4.157176e-02	-2.196902e+00
4.273000e-05	-4.439400e-02	-2.419559e+00
4.274000e-05	-1.262970e-01	-2.564871e+00
4.275000e-05	1.847811e-01	-2.567325e+00
4.276000e-05	-5.759882e-02	-2.742723e+00
4.277000e-05	-1.353729e-01	-3.120170e+00
4.278000e-05	2.226869e-01	-3.178950e+00
4.279000e-05	-1.278998e-01	-3.385798e+00
4.280000e-05	-5.067940e-02	-3.589425e+00
4.281000e-05	1.696790e-01	-3.693018e+00
4.282000e-05	-1.896579e-01	-3.973950e+00
4.283000e-05	5.069803e-02	-4.145318e+00
4.284000e-05	7.719879e-02	-4.262087e+00
4.285000e-05	-1.161676e-01	-4.501746e+00
4.286000e-05	1.977627e-01	-4.632640e+00
4.287000e-05	-1.265337e-01	-4.820086e+00
4.288000e-05	1.325906e-02	-5.082584e+00
4.289000e-05	8.084452e-02	-5.208557e+00
4.290000e-05	-1.334196e-01	-5.500319e+00
4.291000e-05	1.467187e-01	-5.641504e+00
4.292000e-05	-8.540964e-02	-5.807431e+00
4.293000e-05	6.835845e-02	-5.966874e+00
4.294000e-05	1.972134e-02	-6.102647e+00
4.295000e-05	-7.981159e-02	-6.345924e+00
4.296000e-05	1.259353e-01	-6.471585e+00
4.297000e-05	-1.390724e-01	-6.629030e+00
4.298000e-05	9.896051e-02	-6.766876e+00
4.299000e-05	1.014623e-02	-6.912668e+00
4.300000e-05	-3.052123e-02	-7.154346e+00
4.301000e-05	9.213838e-02	-7.231136e+00
4.302000e-05	-1.018528e-01	-7.387432e+00
4.303000e-05	1.007143e-01	-7.514796e+00
4.304000e-05	-5.663087e-02	-7.673193e+00
4.305000e-05	3.351852e-02	-7.903298e+00
4.306000e-05	1.167373e-02	-7.979056e+00
4.307000e-05	-2.088713e-02	-8.135298e+00
4.308000e-05	7.405685e-02	-8.262081e+00
4.309000e-05	-5.569988e-02	-8.387351e+00
4.310000e-05	6.547846e-02	-8.402189e+00
4.311000e-05	-4.240506e-02	-8.629407e+00
4.312000e-05	3.277714e-02	-8.736850e+00
4.313000e-05	1.158864e-02	-8.842115e+00
4.314000e-05	-2.697084e-03	-8.955825e+00
4.315000e-05	2.868873e-02	-9.041634e+00
4.316000e-05	-1.610998e-02	-9.156947e+00
4.317000e-05	4.363520e-02	-9.261531e+00
4.318000e-05	-1.324642e-02	-9.346373e+00
4.319000e-05	2.214090e-02	-9.462165e+00
4.320000e-05	-6.133202e-03	-9.564297e+00
4.321000e-05	1.564842e-02	-9.632582e+00
4.322000e-05	1.766943e-02	-9.713772e+00
4.323000e-05	5.405755e-03	-9.778001e+00
4.324000e-05	1.929858e-02	-9.870059e+00
4.325000e-05	2.570127e-04	-9.885165e+00
4.326000e-05	2.159015e-02	-9.957898e+00
4.327000e-05	3.712113e-03	-1.001995e+01
4.328000e-05	1.489096e-02	-1.007379e+01
4.329000e-05	4.990841e-03	-1.013480e+01
4.330000e-05	1.878154e-02	-1.021653e+01
4.331000e-05	1.644511e-02	-1.026261e+01
4.332000e-05	1.302209e-02	-1.025426e+01
4.333000e-05	1.099825e-02	-1.031522e+01
4.334000e-05	6.621086e-03	-1.036998e+01
4.335000e-05	1.754338e-02	-1.039003e+01
4.336000e-05	1.415812e-02	-1.046103e+01
4.337000e-05	1.612008e-02	-1.046216e+01
4.338000e-05	1.058214e-02	-1.047374e+01
4.339000e-05	1.642067e-02	-1.049266e+01
4.340000e-05	1.577228e-02	-1.048474e+01
4.341000e-05	1.825333e-02	-1.050625e+01
4.342000e-05	1.288332e-02	-1.049527e+01
4.343000e-05	1.365955e-02	-1.051529e+01
4.344000e-05	1.965672e-02	-1.051479e+01
4.345000e-05	1.793484e-02	-1.051422e+01
4.346000e-05	1.854863e-02	-1.048519e+01
4.347000e-05	1.459002e-02	-1.049374e+01
4.348000e-05	1.723800e-02	-1.045213e+01
4.349000e-05	1.993047e-02	-1.043106e+01
4.350000e-05	2.092204e-02	-1.039050e+01
4.351000e-05	2.039363e-02	-1.035885e+01
4.352000e-05	2.043665e-02	-1.033719e+01
4.353000e-05	2.259880e-02	-1.025266e+01
4.354000e-05	2.305229e-02	-1.022148e+01
4.355000e-05	2.067067e-02	-1.017842e+01
4.356000e-05	1.995140e-02	-1.008616e+01
4.357000e-05	2.099647e-02	-1.004208e+01
4.358000e-05	2.497206e-02	-9.949447e+00
4.359000e-05	2.532158e-02	-9.956393e+00
4.360000e-05	2.526132e-02	-9.863160e+00
4.361000e-05	2.516035e-02	-9.801503e+00
4.362000e-05	2.545052e-02	-9.747270e+00
4.363000e-05	2.687838e-02	-9.683684e+00
4.364000e-05	2.555058e-02	-9.620979e+00
4.365000e-05	2.465004e-02	-9.526768e+00
4.366000e-05	2.648142e-02	-9.401584e+00
4.367000e-05	3.008722e-02	-9.306763e+00
4.368000e-05	3.138169e-02	-9.192602e+00
4.369000e-05	3.057360e-02	-9.107738e+00
4.370000e-05	2.951806e-02	-9.031105e+00
4.371000e-05	3.028088e-02	-8.927313e+00
4.372000e-05	3.185204e-02	-8.811501e+00
4.373000e-05	3.052464e-02	-8.698784e+00
4.374000e-05	2.745871e-02	-8.572025e+00
4.375000e-05	2.718822e-02	-8.444659e+00
4.376000e-05	2.887501e-02	-8.338817e+00
4.377000e-05	2.846685e-02	-8.224084e+00
4.378000e-05	2.477405e-02	-8.135238e+00
4.379000e-05	2.269647e-02	-7.992500e+00
4.380000e-05	2.250492e-02	-7.883630e+00
4.381000e-05	2.367555e-02	-7.665254e+00
4.382000e-05	1.982476e-02	-7.508867e+00
4.383000e-05	1.686024e-02	-7.371076e+00
4.384000e-05	1.479397e-02	-7.253180e+00
4.385000e-05	1.591551e-02	-7.108420e+00
4.386000e-05	1.513127e-02	-6.929816e+00
4.387000e-05	1.317700e-02	-6.798947e+00
4.388000e-05	9.960919e-03	-6.614053e+00
4.389000e-05	1.060169e-02	-6.484208e+00
4.390000e-05	1.057599e-02	-6.349391e+00
4.391000e-05	8.476354e-03	-6.114063e+00
4.392000e-05	6.216383e-03	-5.979445e+00
4.393000e-05	5.451797e-03	-5.852525e+00
4.394000e-05	6.928163e-03	-5.685658e+00
4.395000e-05	6.370120e-03	-5.496734e+00
4.396000e-05	4.823510e-03	-5.285306e+00
4.397000e-05	1.937420e-03	-5.086233e+00
4.398000e-05	1.944384e-03	-4.918761e+00
4.399000e-05	1.597128e-03	-4.664679e+00
4.400000e-05	3.350137e-03	-4.498261e+00
4.401000e-05	-3.000074e-04	-4.358870e+00
4.402000e-05	1.919990e-03	-4.192000e+00
4.403000e-05	1.497496e-03	-4.044528e+00
4.404000e-05	3.067481e-03	-3.874175e+00
4.405000e-05	-1.654641e-03	-3.612524e+00
4.406000e-05	-1.842325e-03	-3.446104e+00
4.407000e-05	-4.397598e-03	-3.265678e+00
4.408000e-05	-2.059097e-03	-3.087731e+00
4.409000e-05	-2.208817e-03	-2.856104e+00
4.410000e-05	-2.472081e-03	-2.705733e+00
4.411000e-05	-4.062448e-03	-2.507236e+00
4.412000e-05	-1.696083e-03	-2.278892e+00
4.413000e-05	-1.659832e-03	-2.066207e+00
4.414000e-05	-2.841366e-03	-1.896762e+00
4.415000e-05	-5.497812e-03	-1.737766e+00
4.416000e-05	-5.614495e-03	-1.549411e+00
4.417000e-05	-7.105785e-03	-1.267254e+00
4.418000e-05	-5.407820e-03	-1.037080e+00
4.419000e-05	-6.011136e-03	-8.771818e-01
4.420000e-05	-6.776213e-03	-6.382365e-01
4.421000e-05	-5.026110e-03	-4.366265e-01
4.422000e-05	-3.598157e-03	-2.362054e-01
4.423000e-05	-2.825885e-03	-5.680791e-02
4.424000e-05	1.734954e-03	6.208571e-02
4.425000e-05	-2.356528e-03	3.533431e-01
4.426000e-05	-1.574112e-03	4.821905e-01
4.427000e-05	-1.226240e-03	6.701080e-01
4.428000e-05	-3.132201e-03	7.990061e-01
4.429000e-05	-3.207490e-03	1.046531e+00
4.430000e-05	1.102086e-03	1.269560e+00
4.431000e-05	3.171047e-02	1.438488e+00
4.432000e-05	9.109813e-02	1.743221e+00
4.433000e-05	-2.204753e-02	1.983872e+00
4.434000e-05	-4.949003e-02	2.142843e+00
4.435000e-05	-4.365595e-02	2.342817e+00
4.436000e-05	-1.117435e-01	2.409054e+00
4.437000e-05	8.465654e-02	2.636428e+00
4.438000e-05	3.217039e-02	2.807981e+00
4.439000e-05	-1.783023e-01	2.985447e+00
4.440000e-05	1.898623e-01	3.155718e+00
4.441000e-05	-3.656760e-02	3.423528e+00
4.442000e-05	-8.952880e-02	3.575801e+00
4.443000e-05	1.112239e-01	3.682165e+00
4.444000e-05	-1.084761e-01	3.912719e+00
4.445000e-05	-2.299346e-02	4.080583e+00
4.446000e-05	6.658501e-02	4.311197e+00
4.447000e-05	-5.278662e-02	4.503691e+00
4.448000e-05	4.851930e-02	4.640013e+00
4.449000e-05	-2.924845e-02	4.830036e+00
4.450000e-05	-3.433120e-02	5.080664e+00
4.451000e-05	2.059714e-02	5.283167e+00
4.452000e-05	-3.804827e-02	5.471111e+00
4.453000e-05	2.253145e-02	5.598530e+00
4.454000e-05	-3.585787e-02	5.797082e+00
4.455000e-05	3.456962e-02	5.997452e+00
4.456000e-05	-2.292119e-02	6.153798e+00
4.457000e-05	-2.859599e-02	6.323190e+00
4.458000e-05	2.625865e-02	6.459010e+00
4.459000e-05	-6.249489e-02	6.598507e+00
4.460000e-05	2.241885e-02	6.777526e+00
4.461000e-05	5.088928e-03	6.943869e+00
4.462000e-05	-1.448978e-02	7.072088e+00
4.463000e-05	-4.315285e-03	7.186976e+00
4.464000e-05	-2.743770e-02	7.355325e+00
4.465000e-05	4.385882e-03	7.544748e+00
4.466000e-05	-1.940818e-02	7.632737e+00
4.467000e-05	-3.500800e-03	7.838534e+00
4.468000e-05	-2.045176e-02	8.007479e+00
4.469000e-05	-9.571562e-03	8.075296e+00
4.470000e-05	9.071180e-03	8.239607e+00
4.471000e-05	-1.912901e-02	8.365824e+00
4.472000e-05	-1.209238e-02	8.452109e+00
4.473000e-05	-2.504069e-02	8.575824e+00
4.474000e-05	-7.071997e-03	8.671636e+00
4.475000e-05	-4.647205e-03	8.736796e+00
4.476000e-05	-1.387518e-02	8.819033e+00
4.477000e-05	-1.529615e-02	8.977321e+00
4.478000e-05	-1.562464e-02	9.074168e+00
4.479000e-05	-5.084027e-03	9.209004e+00
4.480000e-05	-1.279245e-02	9.253637e+00
4.481000e-05	-1.985422e-02	9.327296e+00
4.482000e-05	-2.026401e-02	9.449534e+00
4.483000e-05	-1.152953e-02	9.485266e+00
4.484000e-05	-6.733628e-03	9.567899e+00
4.485000e-05	-1.695835e-02	9.651614e+00
4.486000e-05	-1.869923e-02	9.755841e+00
4.487000e-05	-1.713712e-02	9.820005e+00
4.488000e-05	-1.251803e-02	9.884740e+00
4.489000e-05	-1.595556e-02	9.966427e+00
4.490000e-05	-2.201970e-02	9.999554e+00
4.491000e-05	-2.058993e-02	1.007161e+01
4.492000e-05	-1.353588e-02	1.013419e+01
4.493000e-05	-1.056231e-02	1.012679e+01
4.494000e-05	-1.899431e-02	1.018897e+01
4.495000e-05	-2.499348e-02	1.022203e+01
4.496000e-05	-2.262589e-02	1.024156e+01
4.497000e-05	-1.684403e-02	1.025218e+01
4.498000e-05	-1.571559e-02	1.032411e+01
4.499000e-05	-2.357739e-02	1.030377e+01
4.500000e-05	-2.270708e-02	1.032529e+01
4.501000e-05	-2.005289e-02	1.033580e+01
4.502000e-05	-1.817240e-02	1.035937e+01
4.503000e-05	-2.070970e-02	1.030730e+01
4.504000e-05	-2.771738e-02	1.035640e+01
4.505000e-05	-2.696945e-02	1.032732e+01
4.506000e-05	-2.072539e-02	1.035732e+01
4.507000e-05	-1.998020e-02	1.030682e+01
4.508000e-05	-2.531581e-02	1.033684e+01
4.509000e-05	-2.896505e-02	1.031629e+01
4.510000e-05	-2.850686e-02	1.031519e+01
4.511000e-05	-2.492706e-02	1.027216e+01
4.512000e-05	-2.647780e-02	1.025105e+01
4.513000e-05	-2.920248e-02	1.020003e+01
4.514000e-05	-3.061247e-02	1.014885e+01
4.515000e-05	-2.783123e-02	1.010579e+01
4.516000e-05	-2.699199e-02	1.008321e+01
4.517000e-05	-3.208600e-02	1.003155e+01
4.518000e-05	-3.459622e-02	9.998897e+00
4.519000e-05	-3.404177e-02	9.917817e+00
4.520000e-05	-2.986704e-02	9.831604e+00
4.521000e-05	-3.075379e-02	9.789997e+00
4.522000e-05	-3.483555e-02	9.713186e+00
4.523000e-05	-3.573715e-02	9.590452e+00
4.524000e-05	-3.368300e-02	9.557319e+00
4.525000e-05	-3.286371e-02	9.443084e+00
4.526000e-05	-3.686391e-02	9.410400e+00
4.527000e-05	-3.987638e-02	9.286210e+00
4.528000e-05	-4.090197e-02	9.231080e+00
4.529000e-05	-3.666217e-02	9.137368e+00
4.530000e-05	-3.845460e-02	9.024032e+00
4.531000e-05	-4.132751e-02	8.895762e+00
4.532000e-05	-4.160484e-02	8.790020e+00
4.533000e-05	-4.019473e-02	8.705740e+00
4.534000e-05	-3.643606e-02	8.613478e+00
4.535000e-05	-3.956640e-02	8.485687e+00
4.536000e-05	-4.043562e-02	8.380049e+00
4.537000e-05	-4.060804e-02	8.337682e+00
4.538000e-05	-3.527466e-02	8.147095e+00
4.539000e-05	-3.489879e-02	7.971451e+00
4.540000e-05	-3.355488e-02	7.914682e+00
4.541000e-05	-3.523378e-02	7.759417e+00
4.542000e-05	-3.094481e-02	7.613031e+00
4.543000e-05	-2.853169e-02	7.435189e+00
4.544000e-05	-2.687251e-02	7.298157e+00
4.545000e-05	-2.817772e-02	7.158893e+00
4.546000e-05	-2.556088e-02	7.041528e+00
4.547000e-05	-2.468364e-02	6.875207e+00
4.548000e-05	-2.200056e-02	6.758367e+00
4.549000e-05	-2.335498e-02	6.548313e+00
4.550000e-05	-2.277695e-02	6.390445e+00
4.551000e-05	-2.083733e-02	6.231578e+00
4.552000e-05	-1.809042e-02	6.086183e+00
4.553000e-05	-1.705279e-02	5.967896e+00
4.554000e-05	-1.821428e-02	5.751315e+00
4.555000e-05	-1.700648e-02	5.590447e+00
4.556000e-05	-1.580194e-02	5.413048e+00
4.557000e-05	-1.461945e-02	5.214050e+00
4.558000e-05	-1.721721e-02	5.032046e+00
4.559000e-05	-1.628015e-02	4.769047e+00
4.560000e-05	-1.425591e-02	4.632051e+00
4.561000e-05	-1.101461e-02	4.466204e+00
4.562000e-05	-1.169321e-02	4.346408e+00
4.563000e-05	-1.172072e-02	4.054733e+00
4.564000e-05	-1.324162e-02	3.916836e+00
4.565000e-05	-1.189327e-02	3.768291e+00
4.566000e-05	-1.259519e-02	3.579945e+00
4.567000e-05	-1.109964e-02	3.388467e+00
4.568000e-05	-1.205858e-02	3.159946e+00
4.569000e-05	-1.065887e-02	2.999020e+00
4.570000e-05	-9.200407e-03	2.813549e+00
4.571000e-05	-8.457917e-03	2.625654e+00
4.572000e-05	-9.301601e-03	2.371448e+00
4.573000e-05	-1.006206e-02	2.192020e+00
4.574000e-05	-9.285474e-03	2.023501e+00
4.575000e-05	-8.397352e-03	1.855125e+00
4.576000e-05	-8.438753e-03	1.642523e+00
4.577000e-05	-7.761776e-03	1.443624e+00
4.578000e-05	-7.583792e-03	1.233545e+00
4.579000e-05	-7.324668e-03	1.000939e+00
4.580000e-05	-6.606528e-03	7.694675e-01
4.581000e-05	-7.186933e-03	5.808413e-01
4.582000e-05	-6.805052e-03	3.899964e-01
4.583000e-05	-6.629600e-03	2.005689e-01
4.584000e-05	-4.814232e-03	-3.953013e-02
4.585000e-05	6.398355e-04	-2.074799e-01
4.586000e-05	3.802267e-03	-3.779509e-01
4.587000e-05	-3.837345e-03	-5.548733e-01
4.588000e-05	1.485086e-03	-7.974521e-01
4.589000e-05	-1.995929e-03	-9.453469e-01
4.590000e-05	-2.504973e-04	-1.122690e+00
4.591000e-05	1.938617e-04	-1.311193e+00
4.592000e-05	4.604848e-02	-1.524394e+00
4.593000e-05	1.083458e-01	-1.692669e+00
4.594000e-05	-6.113765e-02	-1.996987e+00
4.595000e-05	-1.332086e-02	-2.302347e+00
4.596000e-05	-1.065998e-01	-2.522714e+00
4.597000e-05	-9.735482e-03	-2.538397e+00
4.598000e-05	1.633560e-01	-2.638003e+00
4.599000e-05	-1.969428e-01	-2.891218e+00
4.600000e-05	9.336778e-02	-3.155397e+00
4.601000e-05	1.471137e-01	-3.210529e+00
4.602000e-05	-2.031886e-01	-3.489664e+00
4.603000e-05	1.400016e-01	-3.620526e+00
4.604000e-05	1.374279e-02	-3.806435e+00
4.605000e-05	-1.695698e-01	-4.081134e+00
4.606000e-05	1.672215e-01	-4.178454e+00
4.607000e-05	-8.603733e-02	-4.356350e+00
4.608000e-05	4.810651e-02	-4.566504e+00
4.609000e-05	1.166543e-01	-4.735693e+00
4.610000e-05	-1.801023e-01	-4.963401e+00
4.611000e-05	1.422453e-01	-5.125792e+00
4.612000e-05	-7.189737e-02	-5.352747e+00
4.613000e-05	-4.653412e-03	-5.576448e+00
4.614000e-05	8.426045e-02	-5.693684e+00
4.615000e-05	-9.022107e-02	-5.892642e+00
4.616000e-05	1.336530e-01	-6.009453e+00
4.617000e-05	-1.015212e-01	-6.208532e+00
4.618000e-05	5.751860e-02	-6.407055e+00
4.619000e-05	1.946751e-02	-6.514794e+00
4.620000e-05	-9.509894e-02	-6.713244e+00
4.621000e-05	1.484971e-01	-6.800084e+00
4.622000e-05	-9.587361e-02	-6.997983e+00
4.623000e-05	8.098990e-02	-7.189402e+00
4.624000e-05	-1.967121e-02	-7.303268e+00
4.625000e-05	-2.315250e-02	-7.462660e+00
4.626000e-05	7.776661e-02	-7.617931e+00
4.627000e-05	-7.447331e-02	-7.816453e+00
4.628000e-05	8.478108e-02	-7.987347e+00
4.629000e-05	-6.173487e-02	-8.071064e+00
4.630000e-05	6.296559e-02	-8.169426e+00
4.631000e-05	6.424210e-05	-8.302768e+00
4.632000e-05	-8.324244e-03	-8.378554e+00
4.633000e-05	3.821765e-02	-8.514271e+00
4.634000e-05	-4.393598e-02	-8.691121e+00
4.635000e-05	6.533093e-02	-8.808528e+00
4.636000e-05	-2.645167e-02	-8.884193e+00
4.637000e-05	3.555378e-02	-9.019956e+00
4.638000e-05	-1.009221e-02	-9.082266e+00
4.639000e-05	1.700235e-02	-9.178428e+00
4.640000e-05	2.290836e-02	-9.261688e+00
4.641000e-05	-5.631472e-03	-9.408001e+00
4.642000e-05	1.928727e-02	-9.473637e+00
4.643000e-05	-1.173301e-02	-9.608926e+00
4.644000e-05	3.253323e-02	-9.643608e+00
4.645000e-05	1.626186e-03	-9.746295e+00
4.646000e-05	1.942842e-02	-9.780028e+00
4.647000e-05	3.274224e-03	-9.862136e+00
4.648000e-05	1.265314e-02	-9.925243e+00
4.649000e-05	1.642654e-02	-9.977900e+00
4.650000e-05	7.645068e-03	-1.003068e+01
4.651000e-05	1.173748e-02	-1.006529e+01
4.652000e-05	5.006688e-03	-1.012592e+01
4.653000e-05	2.376303e-02	-1.018893e+01
4.654000e-05	1.248578e-02	-1.022313e+01
4.655000e-05	1.658085e-02	-1.029477e+01
4.656000e-05	4.737607e-03	-1.035532e+01
4.657000e-05	1.363483e-02	-1.039998e+01
4.658000e-05	1.597433e-02	-1.041998e+01
4.659000e-05	1.452729e-02	-1.044159e+01
4.660000e-05	1.184413e-02	-1.047271e+01
4.661000e-05	1.226457e-02	-1.049219e+01
4.662000e-05	1.820746e-02	-1.050376e+01
4.663000e-05	1.746476e-02	-1.049426e+01
4.664000e-05	1.696269e-02	-1.049422e+01
4.665000e-05	9.631880e-03	-1.054474e+01
4.666000e-05	1.607162e-02	-1.051424e+01
4.667000e-05	1.861176e-02	-1.051427e+01
4.668000e-05	1.976955e-02	-1.048424e+01
4.669000e-05	1.728975e-02	-1.048469e+01
4.670000e-05	1.596324e-02	-1.048264e+01
4.671000e-05	1.953843e-02	-1.044268e+01
4.672000e-05	2.060439e-02	-1.041158e+01
4.673000e-05	2.063591e-02	-1.040045e+01
4.674000e-05	1.854156e-02	-1.030840e+01
4.675000e-05	2.086343e-02	-1.030619e+01
4.676000e-05	2.391407e-02	-1.025304e+01
4.677000e-05	2.290312e-02	-1.023140e+01
4.678000e-05	2.118194e-02	-1.013682e+01
4.679000e-05	1.991254e-02	-1.005411e+01
4.680000e-05	2.320603e-02	-1.001105e+01
4.681000e-05	2.633888e-02	-9.959346e+00
4.682000e-05	2.403257e-02	-9.895217e+00
4.683000e-05	2.375924e-02	-9.852581e+00
4.684000e-05	2.508961e-02	-9.740421e+00
4.685000e-05	2.695060e-02	-9.725191e+00
4.686000e-05	2.776445e-02	-9.641104e+00
4.687000e-05	2.581011e-02	-9.568525e+00
4.688000e-05	2.614846e-02	-9.467763e+00
4.689000e-05	2.810043e-02	-9.379397e+00
4.690000e-05	3.110454e-02	-9.243155e+00
4.691000e-05	3.173229e-02	-9.159999e+00
4.692000e-05	2.885746e-02	-9.065688e+00
4.693000e-05	2.904474e-02	-8.978950e+00
4.694000e-05	3.092688e-02	-8.866685e+00
4.695000e-05	3.234720e-02	-8.780499e+00
4.696000e-05	3.003989e-02	-8.697137e+00
4.697000e-05	2.843962e-02	-8.527818e+00
4.698000e-05	2.778310e-02	-8.411528e+00
4.699000e-05	2.819896e-02	-8.295316e+00
4.700000e-05	2.764267e-02	-8.172472e+00
4.701000e-05	2.411538e-02	-8.094655e+00
4.702000e-05	2.295076e-02	-7.937894e+00
4.703000e-05	2.137762e-02	-7.761621e+00
4.704000e-05	2.214203e-02	-7.622479e+00
4.705000e-05	2.032467e-02	-7.444686e+00
4.706000e-05	1.850276e-02	-7.338363e+00
4.707000e-05	1.519845e-02	-7.210523e+00
4.708000e-05	1.539656e-02	-7.044104e+00
4.709000e-05	1.419700e-02	-6.834133e+00
4.710000e-05	1.153372e-02	-6.736267e+00
4.711000e-05	1.009185e-02	-6.570888e+00
4.712000e-05	9.148321e-03	-6.433076e+00
4.713000e-05	1.070219e-02	-6.275632e+00
4.714000e-05	8.848177e-03	-6.046656e+00
4.715000e-05	6.274779e-03	-5.906341e+00
4.716000e-05	5.214879e-03	-5.769365e+00
4.717000e-05	5.236357e-03	-5.623074e+00
4.718000e-05	6.450908e-03	-5.422600e+00
4.719000e-05	3.635654e-03	-5.181999e+00
4.720000e-05	1.566254e-03	-4.994050e+00
4.721000e-05	2.286247e-03	-4.793493e+00
4.722000e-05	2.921937e-03	-4.609571e+00
4.723000e-05	3.105787e-03	-4.463608e+00
4.724000e-05	-3.824020e-04	-4.275807e+00
4.725000e-05	1.053604e-03	-4.108839e+00
4.726000e-05	-5.345206e-04	-3.990417e+00
4.727000e-05	9.578082e-04	-3.741341e+00
4.728000e-05	-8.655447e-04	-3.559894e+00
4.729000e-05	8.964668e-04	-3.371467e+00
4.730000e-05	-3.289172e-03	-3.192999e+00
4.731000e-05	-1.875249e-03	-2.982000e+00
4.732000e-05	-4.985527e-03	-2.761969e+00
4.733000e-05	-1.760446e-03	-2.592526e+00
4.734000e-05	-5.259115e-03	-2.413602e+00
4.735000e-05	-7.855144e-04	-2.213651e+00
4.736000e-05	-4.161459e-03	-2.003522e+00
4.737000e-05	-2.159521e-03	-1.825574e+00
4.738000e-05	-5.279481e-03	-1.645054e+00
4.739000e-05	-3.448739e-03	-1.455003e+00
4.740000e-05	-6.829016e-03	-1.172369e+00
4.741000e-05	-6.420936e-03	-9.809938e-01
4.742000e-05	-6.365391e-03	-7.935464e-01
4.743000e-05	-4.958389e-03	-5.514201e-01
4.744000e-05	-5.682534e-03	-3.509711e-01
4.745000e-05	-5.150154e-03	-2.229977e-01
4.746000e-05	-8.771278e-04	-2.051453e-03
4.747000e-05	3.761182e-03	1.769762e-01
4.748000e-05	-4.825246e-03	3.769787e-01
4.749000e-05	2.526572e-04	5.563996e-01
4.750000e-05	-3.623329e-03	7.442669e-01
4.751000e-05	-1.930188e-03	8.721141e-01
4.752000e-05	-2.889982e-03	1.154344e+00
4.753000e-05	9.041010e-03	1.322322e+00
4.754000e-05	6.224792e-02	1.523350e+00
4.755000e-05	6.103751e-02	1.816510e+00
4.756000e-05	-5.813540e-02	2.028531e+00
4.757000e-05	-3.679666e-02	2.177005e+00
4.758000e-05	-7.774650e-02	2.376499e+00
4.759000e-05	-6.149809e-02	2.452589e+00
4.760000e-05	1.488297e-01	2.712240e+00
4.761000e-05	-1.297491e-01	2.922209e+00
4.762000e-05	-2.952478e-02	3.040033e+00
4.763000e-05	1.721881e-01	3.237486e+00
4.764000e-05	-1.342648e-01	3.490667e+00
4.765000e-05	2.985043e-02	3.608975e+00
4.766000e-05	3.651235e-02	3.745400e+00
4.767000e-05	-1.275275e-01	3.964897e+00
4.768000e-05	5.967341e-02	4.144327e+00
4.769000e-05	1.748953e-03	4.404475e+00
4.770000e-05	-1.955931e-02	4.556923e+00
4.771000e-05	5.217666e-02	4.752772e+00
4.772000e-05	-7.476427e-02	4.975296e+00
4.773000e-05	2.435860e-02	5.165401e+00
4.774000e-05	-2.433334e-02	5.386897e+00
4.775000e-05	-6.351214e-03	5.523792e+00
4.776000e-05	-5.279011e-03	5.682689e+00
4.777000e-05	-8.836661e-03	5.882243e+00
4.778000e-05	2.838190e-02	6.070536e+00
4.779000e-05	-4.880087e-02	6.237980e+00
4.780000e-05	1.233798e-02	6.365297e+00
4.781000e-05	-1.508580e-02	6.531197e+00
4.782000e-05	-4.006633e-02	6.702292e+00
4.783000e-05	3.584596e-02	6.829534e+00
4.784000e-05	-1.797363e-02	7.007504e+00
4.785000e-05	-3.307932e-03	7.153797e+00
4.786000e-05	-1.704265e-02	7.251061e+00
4.787000e-05	-1.602797e-02	7.428660e+00
4.788000e-05	2.564741e-03	7.557978e+00
4.789000e-05	-2.437638e-02	7.745371e+00
4.790000e-05	1.416659e-03	7.883215e+00
4.791000e-05	-2.979714e-02	8.069660e+00
4.792000e-05	9.217284e-03	8.157427e+00
4.793000e-05	-6.801147e-03	8.312742e+00
4.794000e-05	-1.666301e-02	8.397955e+00
4.795000e-05	-1.476292e-02	8.494217e+00
4.796000e-05	-2.389126e-02	8.578553e+00
4.797000e-05	1.501201e-03	8.703164e+00
4.798000e-05	-1.267252e-02	8.737449e+00
4.799000e-05	-1.055572e-02	8.850615e+00
4.800000e-05	-2.021274e-02	9.030005e+00
4.801000e-05	-8.718230e-03	9.165846e+00
4.802000e-05	-6.534883e-03	9.260506e+00
4.803000e-05	-1.894541e-02	9.314766e+00
4.804000e-05	-2.062341e-02	9.387923e+00
4.805000e-05	-1.914054e-02	9.490713e+00
4.806000e-05	-3.299847e-03	9.556722e+00
4.807000e-05	-1.251141e-02	9.609080e+00
4.808000e-05	-1.781757e-02	9.743292e+00
4.809000e-05	-2.019523e-02	9.806479e+00
4.810000e-05	-1.439893e-02	9.851638e+00
4.811000e-05	-1.328419e-02	9.927344e+00
4.812000e-05	-1.881309e-02	9.989376e+00
4.813000e-05	-2.259456e-02	1.006051e+01
4.814000e-05	-1.805860e-02	1.008319e+01
4.815000e-05	-1.035914e-02	1.012430e+01
4.816000e-05	-1.447538e-02	1.014584e+01
4.817000e-05	-2.197674e-02	1.018843e+01
4.818000e-05	-2.519904e-02	1.020013e+01
4.819000e-05	-1.832449e-02	1.029116e+01
4.820000e-05	-1.525099e-02	1.027269e+01
4.821000e-05	-1.933447e-02	1.027279e+01
4.822000e-05	-2.590889e-02	1.033527e+01
4.823000e-05	-2.169974e-02	1.036679e+01
4.824000e-05	-1.858369e-02	1.032574e+01
4.825000e-05	-1.869919e-02	1.037887e+01
4.826000e-05	-2.349815e-02	1.035677e+01
4.827000e-05	-2.882592e-02	1.034640e+01
4.828000e-05	-2.202512e-02	1.034479e+01
4.829000e-05	-1.952202e-02	1.032587e+01
4.830000e-05	-2.241355e-02	1.034679e+01
4.831000e-05	-2.795404e-02	1.027484e+01
4.832000e-05	-2.941055e-02	1.030469e+01
4.833000e-05	-2.670139e-02	1.027376e+01
4.834000e-05	-2.546424e-02	1.024161e+01
4.835000e-05	-2.759721e-02	1.019103e+01
4.836000e-05	-3.083205e-02	1.017847e+01
4.837000e-05	-2.885329e-02	1.012789e+01
4.838000e-05	-2.628644e-02	1.009526e+01
4.839000e-05	-2.841502e-02	1.008371e+01
4.840000e-05	-3.325046e-02	1.000098e+01
4.841000e-05	-3.437612e-02	9.948373e+00
4.842000e-05	-3.201133e-02	9.884737e+00
4.843000e-05	-2.999237e-02	9.793131e+00
4.844000e-05	-3.312408e-02	9.765243e+00
4.845000e-05	-3.562088e-02	9.683661e+00
4.846000e-05	-3.430831e-02	9.568846e+00
4.847000e-05	-3.251854e-02	9.516337e+00
4.848000e-05	-3.387252e-02	9.440577e+00
4.849000e-05	-3.928920e-02	9.347822e+00
4.850000e-05	-4.139061e-02	9.254734e+00
4.851000e-05	-3.953336e-02	9.210976e+00
4.852000e-05	-3.657749e-02	9.097263e+00
4.853000e-05	-3.788809e-02	8.940372e+00
4.854000e-05	-4.098837e-02	8.873156e+00
4.855000e-05	-4.030774e-02	8.748920e+00
4.856000e-05	-3.946384e-02	8.674607e+00
4.857000e-05	-3.684220e-02	8.547419e+00
4.858000e-05	-4.175784e-02	8.463683e+00
4.859000e-05	-3.968718e-02	8.338840e+00
4.860000e-05	-3.991135e-02	8.202028e+00
4.861000e-05	-3.255500e-02	8.125188e+00
4.862000e-05	-3.472199e-02	7.988941e+00
4.863000e-05	-3.191261e-02	7.843607e+00
4.864000e-05	-3.459270e-02	7.726341e+00
4.865000e-05	-2.885750e-02	7.549869e+00
4.866000e-05	-2.949623e-02	7.413497e+00
4.867000e-05	-2.730079e-02	7.242530e+00
4.868000e-05	-2.923870e-02	7.076736e+00
4.869000e-05	-2.444673e-02	6.958421e+00
4.870000e-05	-2.367153e-02	6.832548e+00
4.871000e-05	-2.092257e-02	6.715129e+00
4.872000e-05	-2.253762e-02	6.467187e+00
4.873000e-05	-2.176846e-02	6.307289e+00
4.874000e-05	-1.932632e-02	6.180966e+00
4.875000e-05	-1.869633e-02	6.022553e+00
4.876000e-05	-1.768068e-02	5.866828e+00
4.877000e-05	-1.916833e-02	5.665730e+00
4.878000e-05	-1.631244e-02	5.537788e+00
4.879000e-05	-1.450805e-02	5.346842e+00
4.880000e-05	-1.423156e-02	5.180442e+00
4.881000e-05	-1.622759e-02	4.898657e+00
4.882000e-05	-1.480778e-02	4.749842e+00
4.883000e-05	-1.536840e-02	4.560442e+00
4.884000e-05	-1.141700e-02	4.401574e+00
4.885000e-05	-1.594263e-02	4.243574e+00
4.886000e-05	-1.114763e-02	3.991973e+00
4.887000e-05	-1.213578e-02	3.844100e+00
4.888000e-05	-7.298536e-03	3.674607e+00
4.889000e-05	-1.085162e-02	3.487761e+00
4.890000e-05	-1.169097e-02	3.235104e+00
4.891000e-05	-1.347981e-02	3.096236e+00
4.892000e-05	-1.138031e-02	2.957813e+00
4.893000e-05	-1.037265e-02	2.750920e+00
4.894000e-05	-9.547518e-03	2.498187e+00
4.895000e-05	-8.268616e-03	2.299315e+00
4.896000e-05	-7.434669e-03	2.138338e+00
4.897000e-05	-5.671006e-03	1.970441e+00
4.898000e-05	-9.373038e-03	1.739841e+00
4.899000e-05	-9.483018e-03	1.549436e+00
4.900000e-05	-1.070178e-02	1.359438e+00
4.901000e-05	-7.229852e-03	1.178434e+00
4.902000e-05	-8.596259e-03	8.961780e-01
4.903000e-05	-5.287734e-03	6.856572e-01
4.904000e-05	-6.148821e-03	4.772571e-01
4.905000e-05	-4.360397e-03	3.383860e-01
4.906000e-05	-5.577103e-03	8.620441e-02
4.907000e-05	-4.672283e-03	-9.073933e-02
4.908000e-05	3.381084e-03	-3.016353e-01
4.909000e-05	-1.430614e-03	-4.700616e-01
4.910000e-05	5.242943e-04	-7.006867e-01
4.911000e-05	-6.377324e-04	-8.320853e-01
4.912000e-05	1.470188e-03	-1.000554e+00
4.913000e-05	-1.656047e-03	-1.186854e+00
4.914000e-05	1.010209e-02	-1.397976e+00
4.915000e-05	9.519825e-02	-1.578476e+00
4.916000e-05	3.067409e-02	-1.819010e+00
4.917000e-05	-5.480959e-02	-2.133273e+00
4.918000e-05	-2.799524e-02	-2.398033e+00
4.919000e-05	-1.347822e-01	-2.545345e+00
4.920000e-05	1.474979e-01	-2.567399e+00
4.921000e-05	1.167154e-02	-2.694219e+00
4.922000e-05	-1.756609e-01	-3.038209e+00
4.923000e-05	2.082492e-01	-3.158498e+00
4.924000e-05	-5.859061e-02	-3.303219e+00
4.925000e-05	-1.191101e-01	-3.565475e+00
4.926000e-05	1.869466e-01	-3.671565e+00
4.927000e-05	-1.510802e-01	-3.953896e+00
4.928000e-05	-1.758435e-02	-4.133869e+00
4.929000e-05	1.246770e-01	-4.282087e+00
4.930000e-05	-1.373091e-01	-4.479193e+00
4.931000e-05	1.800426e-01	-4.633086e+00
4.932000e-05	-6.455358e-02	-4.808857e+00
4.933000e-05	-5.631782e-02	-5.049662e+00
4.934000e-05	1.211321e-01	-5.166936e+00
4.935000e-05	-1.437969e-01	-5.478562e+00
4.936000e-05	1.250863e-01	-5.609480e+00
4.937000e-05	-4.897699e-02	-5.775878e+00
4.938000e-05	2.104607e-02	-5.955872e+00
4.939000e-05	6.779696e-02	-6.051513e+00
4.940000e-05	-1.059659e-01	-6.343767e+00
4.941000e-05	1.311005e-01	-6.460610e+00
4.942000e-05	-1.130546e-01	-6.597954e+00
4.943000e-05	4.595103e-02	-6.754351e+00
4.944000e-05	5.959724e-02	-6.861664e+00
4.945000e-05	-6.744879e-02	-7.101668e+00
4.946000e-05	1.075190e-01	-7.210535e+00
4.947000e-05	-9.837030e-02	-7.364929e+00
4.948000e-05	7.990442e-02	-7.465217e+00
4.949000e-05	-1.843757e-02	-7.631089e+00
4.950000e-05	-8.740042e-04	-7.871138e+00
4.951000e-05	3.977252e-02	-7.967851e+00
4.952000e-05	-4.832738e-02	-8.134268e+00
4.953000e-05	8.664633e-02	-8.238056e+00
4.954000e-05	-5.214703e-02	-8.336350e+00
4.955000e-05	5.285329e-02	-8.450588e+00
4.956000e-05	-2.344142e-02	-8.605931e+00
4.957000e-05	1.151268e-02	-8.694295e+00
4.958000e-05	3.381150e-02	-8.821058e+00
4.959000e-05	-1.833673e-02	-8.946776e+00
4.960000e-05	3.546668e-02	-9.029562e+00
4.961000e-05	-2.272891e-02	-9.144720e+00
4.962000e-05	4.583971e-02	-9.200555e+00
4.963000e-05	-4.523113e-03	-9.331698e+00
4.964000e-05	1.417156e-02	-9.448585e+00
4.965000e-05	-1.837804e-03	-9.526375e+00
4.966000e-05	7.889704e-03	-9.600486e+00
4.967000e-05	2.642220e-02	-9.682687e+00
4.968000e-05	4.820143e-04	-9.796401e+00
4.969000e-05	1.915959e-02	-9.840881e+00
4.970000e-05	-1.429054e-03	-9.893192e+00
4.971000e-05	2.393817e-02	-9.956398e+00
4.972000e-05	8.190620e-03	-1.001945e+01
4.973000e-05	1.183228e-02	-1.004218e+01
4.974000e-05	3.029403e-03	-1.011384e+01
4.975000e-05	1.473218e-02	-1.018835e+01
4.976000e-05	2.081079e-02	-1.023801e+01
4.977000e-05	1.247470e-02	-1.030267e+01
4.978000e-05	1.131579e-02	-1.030577e+01
4.979000e-05	4.213648e-03	-1.034690e+01
4.980000e-05	1.878193e-02	-1.041953e+01
4.981000e-05	1.558215e-02	-1.042956e+01
4.982000e-05	1.429201e-02	-1.045258e+01
4.983000e-05	9.129855e-03	-1.049266e+01
4.984000e-05	1.540873e-02	-1.050319e+01
4.985000e-05	1.786391e-02	-1.046426e+01
4.986000e-05	1.855049e-02	-1.048421e+01
4.987000e-05	1.247308e-02	-1.052577e+01
4.988000e-05	1.102058e-02	-1.049379e+01
4.989000e-05	1.960067e-02	-1.051584e+01
4.990000e-05	1.932625e-02	-1.048514e+01
4.991000e-05	1.887432e-02	-1.049522e+01
4.992000e-05	1.434909e-02	-1.046369e+01
4.993000e-05	1.630892e-02	-1.045311e+01
4.994000e-05	2.183287e-02	-1.046108e+01
4.995000e-05	2.161811e-02	-1.040005e+01
4.996000e-05	1.889737e-02	-1.036850e+01
4.997000e-05	1.716161e-02	-1.032772e+01
4.998000e-05	2.187616e-02	-1.027466e+01
4.999000e-05	2.294728e-02	-1.023208e+01
