# 260901_12:15:36.976263
t	CH1	CH2
0.000000e+00	-2.017785e-02	1.285181e+01
1.000000e-08	-2.020885e-02	1.287687e+01
2.000000e-08	-2.437655e-02	1.288579e+01
3.000000e-08	-2.359002e-02	1.289577e+01
4.000000e-08	-2.428158e-02	1.288489e+01
5.000000e-08	-2.293261e-02	1.291435e+01
6.000000e-08	-2.614430e-02	1.288684e+01
7.000000e-08	-2.820748e-02	1.286379e+01
8.000000e-08	-2.572929e-02	1.284618e+01
9.000000e-08	-2.460764e-02	1.284218e+01
1.000000e-07	-2.453016e-02	1.280108e+01
1.100000e-07	-2.856686e-02	1.276850e+01
1.200000e-07	-2.718430e-02	1.275642e+01
1.300000e-07	-2.723639e-02	1.267572e+01
1.400000e-07	-2.517718e-02	1.264266e+01
1.500000e-07	-2.921168e-02	1.258955e+01
1.600000e-07	-2.918885e-02	1.256576e+01
1.700000e-07	-2.916782e-02	1.247264e+01
1.800000e-07	-2.764315e-02	1.239800e+01
1.900000e-07	-2.907267e-02	1.233279e+01
2.000000e-07	-3.115350e-02	1.223693e+01
2.100000e-07	-3.117926e-02	1.213571e+01
2.200000e-07	-3.274281e-02	1.208893e+01
2.300000e-07	-3.223650e-02	1.198529e+01
2.400000e-07	-3.465914e-02	1.185682e+01
2.500000e-07	-3.389590e-02	1.178363e+01
2.600000e-07	-3.425807e-02	1.166737e+01
2.700000e-07	-3.221095e-02	1.152853e+01
2.800000e-07	-3.415113e-02	1.142419e+01
2.900000e-07	-3.235040e-02	1.134745e+01
3.000000e-07	-3.431316e-02	1.121008e+01
3.100000e-07	-3.037504e-02	1.108208e+01
3.200000e-07	-3.181520e-02	1.095539e+01
3.300000e-07	-2.961725e-02	1.081945e+01
3.400000e-07	-2.978995e-02	1.070208e+01
3.500000e-07	-2.752503e-02	1.054316e+01
3.600000e-07	-2.644114e-02	1.039423e+01
3.700000e-07	-2.539263e-02	1.024574e+01
3.800000e-07	-2.556615e-02	1.006374e+01
3.900000e-07	-2.361912e-02	9.927342e+00
4.000000e-07	-2.187425e-02	9.744740e+00
4.100000e-07	-2.202776e-02	9.587876e+00
4.200000e-07	-2.247873e-02	9.409423e+00
4.300000e-07	-1.960594e-02	9.249923e+00
4.400000e-07	-1.779754e-02	9.107821e+00
4.500000e-07	-1.930358e-02	8.888924e+00
4.600000e-07	-1.912710e-02	8.716720e+00
4.700000e-07	-1.691421e-02	8.516847e+00
4.800000e-07	-1.491139e-02	8.324690e+00
4.900000e-07	-1.667773e-02	8.163662e+00
5.000000e-07	-1.616429e-02	7.894108e+00
5.100000e-07	-1.525459e-02	7.762161e+00
5.200000e-07	-1.447231e-02	7.530554e+00
5.300000e-07	-1.496833e-02	7.330525e+00
5.400000e-07	-1.441954e-02	7.117849e+00
5.500000e-07	-1.389966e-02	6.907767e+00
5.600000e-07	-1.384479e-02	6.712188e+00
5.700000e-07	-1.183751e-02	6.499508e+00
5.800000e-07	-1.269788e-02	6.247369e+00
5.900000e-07	-1.101728e-02	6.057215e+00
6.000000e-07	-1.116160e-02	5.792557e+00
6.100000e-07	-1.049926e-02	5.608925e+00
6.200000e-07	-1.047920e-02	5.376792e+00
6.300000e-07	-9.863071e-03	5.145262e+00
6.400000e-07	-9.536375e-03	4.883110e+00
6.500000e-07	-9.739300e-03	4.697397e+00
6.600000e-07	-9.490747e-03	4.383556e+00
6.700000e-07	-9.223547e-03	4.147366e+00
6.800000e-07	-9.060912e-03	3.934188e+00
6.900000e-07	-9.531978e-03	3.710530e+00
7.000000e-07	-8.654136e-03	3.466845e+00
7.100000e-07	-7.093884e-03	3.234107e+00
7.200000e-07	-7.273503e-03	3.021405e+00
7.300000e-07	-6.593820e-03	2.715763e+00
7.400000e-07	-7.955314e-03	2.482608e+00
7.500000e-07	-7.444060e-03	2.270026e+00
7.600000e-07	-6.688699e-03	1.993638e+00
7.700000e-07	-6.772233e-03	1.731033e+00
7.800000e-07	-6.047663e-03	1.516372e+00
7.900000e-07	-5.864288e-03	1.282033e+00
8.000000e-07	-5.352183e-03	9.568670e-01
8.100000e-07	-5.019627e-03	7.000048e-01
8.200000e-07	-5.430168e-03	4.758433e-01
8.300000e-07	-3.958342e-03	2.442093e-01
8.400000e-07	-3.439134e-03	-3.004658e-02
8.500000e-07	3.561118e-03	-2.457556e-01
8.600000e-07	8.485592e-04	-4.448660e-01
8.700000e-07	-2.839660e-03	-6.806780e-01
8.800000e-07	-4.213692e-04	-9.131318e-01
8.900000e-07	-2.524564e-03	-1.228439e+00
9.000000e-07	-4.938508e-04	-1.420579e+00
9.100000e-07	1.089052e-02	-1.614284e+00
9.200000e-07	4.225892e-02	-1.771609e+00
9.300000e-07	6.853154e-02	-2.179053e+00
9.400000e-07	-7.345685e-02	-2.467421e+00
9.500000e-07	-1.513467e-02	-2.769523e+00
9.600000e-07	-1.898159e-02	-2.960103e+00
9.700000e-07	-3.025481e-02	-3.180653e+00
9.800000e-07	-7.917091e-02	-3.414258e+00
9.900000e-07	1.297104e-01	-3.512630e+00
1.000000e-06	-1.624369e-02	-3.743212e+00
1.010000e-06	-5.566336e-02	-4.029070e+00
1.020000e-06	1.179371e-01	-4.240499e+00
1.030000e-06	-1.399895e-01	-4.484886e+00
1.040000e-06	1.196945e-01	-4.780206e+00
1.050000e-06	-1.070999e-01	-4.974212e+00
1.060000e-06	2.808964e-02	-5.209943e+00
1.070000e-06	8.014872e-02	-5.430498e+00
1.080000e-06	-1.071923e-01	-5.717311e+00
1.090000e-06	1.368873e-01	-5.897368e+00
1.100000e-06	-9.932680e-02	-6.149597e+00
1.110000e-06	4.959202e-02	-6.395362e+00
1.120000e-06	-1.748497e-02	-6.626438e+00
1.130000e-06	-3.858667e-02	-6.883657e+00
1.140000e-06	1.058672e-01	-7.073286e+00
1.150000e-06	-1.011725e-01	-7.285266e+00
1.160000e-06	9.979366e-02	-7.486949e+00
1.170000e-06	-5.197116e-02	-7.720047e+00
1.180000e-06	1.769884e-02	-7.910658e+00
1.190000e-06	-1.900891e-03	-8.093132e+00
1.200000e-06	-1.288200e-02	-8.252306e+00
1.210000e-06	5.568614e-02	-8.506240e+00
1.220000e-06	-5.266977e-02	-8.685834e+00
1.230000e-06	7.138692e-02	-8.866809e+00
1.240000e-06	-5.906817e-02	-9.025836e+00
1.250000e-06	5.849101e-02	-9.247419e+00
1.260000e-06	-3.717683e-02	-9.375761e+00
1.270000e-06	3.506585e-02	-9.573415e+00
1.280000e-06	-1.236083e-02	-9.714736e+00
1.290000e-06	1.458841e-02	-9.914867e+00
1.300000e-06	1.683737e-02	-1.009465e+01
1.310000e-06	-1.307276e-02	-1.025324e+01
1.320000e-06	3.305057e-02	-1.041368e+01
1.330000e-06	-2.503230e-02	-1.057421e+01
1.340000e-06	4.079614e-02	-1.070106e+01
1.350000e-06	-2.106004e-02	-1.087857e+01
1.360000e-06	3.141002e-02	-1.100492e+01
1.370000e-06	-1.264979e-02	-1.111476e+01
1.380000e-06	2.885534e-02	-1.125108e+01
1.390000e-06	-3.191838e-03	-1.139892e+01
1.400000e-06	1.718550e-02	-1.149634e+01
1.410000e-06	6.618720e-03	-1.158263e+01
1.420000e-06	5.821344e-03	-1.173797e+01
1.430000e-06	1.755964e-02	-1.179379e+01
1.440000e-06	2.603486e-03	-1.194853e+01
1.450000e-06	1.733496e-02	-1.203677e+01
1.460000e-06	1.813966e-03	-1.213113e+01
1.470000e-06	2.438626e-02	-1.220687e+01
1.480000e-06	5.484783e-04	-1.232215e+01
1.490000e-06	1.760493e-02	-1.240685e+01
1.500000e-06	3.450809e-03	-1.247953e+01
1.510000e-06	1.822993e-02	-1.252577e+01
1.520000e-06	1.200450e-02	-1.256692e+01
1.530000e-06	1.653471e-02	-1.267063e+01
1.540000e-06	1.298556e-02	-1.269586e+01
1.550000e-06	1.253882e-02	-1.275795e+01
1.560000e-06	1.499298e-02	-1.277098e+01
1.570000e-06	1.335759e-02	-1.286258e+01
1.580000e-06	1.462864e-02	-1.284566e+01
1.590000e-06	1.320767e-02	-1.288379e+01
1.600000e-06	1.885802e-02	-1.291687e+01
1.610000e-06	1.452100e-02	-1.292842e+01
1.620000e-06	1.791953e-02	-1.291795e+01
1.630000e-06	1.330335e-02	-1.292805e+01
1.640000e-06	1.799457e-02	-1.298952e+01
1.650000e-06	1.662839e-02	-1.296795e+01
1.660000e-06	1.866663e-02	-1.292952e+01
1.670000e-06	1.803980e-02	-1.295902e+01
1.680000e-06	1.770089e-02	-1.291934e+01
1.690000e-06	2.035952e-02	-1.292579e+01
1.700000e-06	2.005500e-02	-1.286474e+01
1.710000e-06	2.070408e-02	-1.286301e+01
1.720000e-06	1.889219e-02	-1.282053e+01
1.730000e-06	2.103458e-02	-1.275897e+01
1.740000e-06	2.146806e-02	-1.273637e+01
1.750000e-06	2.196921e-02	-1.270421e+01
1.760000e-06	1.898385e-02	-1.266950e+01
1.770000e-06	2.049965e-02	-1.254739e+01
1.780000e-06	2.052783e-02	-1.243164e+01
1.790000e-06	2.346010e-02	-1.242782e+01
1.800000e-06	2.168524e-02	-1.234429e+01
1.810000e-06	2.419154e-02	-1.221988e+01
1.820000e-06	2.334933e-02	-1.219274e+01
1.830000e-06	2.572927e-02	-1.206896e+01
1.840000e-06	2.546178e-02	-1.201573e+01
1.850000e-06	2.563706e-02	-1.187602e+01
1.860000e-06	2.504909e-02	-1.177155e+01
1.870000e-06	2.558563e-02	-1.163786e+01
1.880000e-06	2.563331e-02	-1.159900e+01
1.890000e-06	2.442290e-02	-1.144161e+01
1.900000e-06	2.486609e-02	-1.132834e+01
1.910000e-06	2.368455e-02	-1.122895e+01
1.920000e-06	2.397808e-02	-1.102111e+01
1.930000e-06	2.332122e-02	-1.095522e+01
1.940000e-06	2.003115e-02	-1.082644e+01
1.950000e-06	1.877990e-02	-1.065942e+01
1.960000e-06	1.875811e-02	-1.055050e+01
1.970000e-06	1.746211e-02	-1.036208e+01
1.980000e-06	1.628974e-02	-1.022208e+01
1.990000e-06	1.555323e-02	-1.003003e+01
2.000000e-06	1.468514e-02	-9.841528e+00
2.010000e-06	1.367514e-02	-9.672032e+00
2.020000e-06	1.327865e-02	-9.504056e+00
2.030000e-06	1.169685e-02	-9.364159e+00
2.040000e-06	1.117890e-02	-9.143683e+00
2.050000e-06	1.025732e-02	-8.983638e+00
2.060000e-06	9.172216e-03	-8.801606e+00
2.070000e-06	8.995338e-03	-8.632579e+00
2.080000e-06	6.306028e-03	-8.481655e+00
2.090000e-06	7.244792e-03	-8.250505e+00
2.100000e-06	7.549446e-03	-8.128950e+00
2.110000e-06	6.302024e-03	-7.888924e+00
2.120000e-06	4.983936e-03	-7.638369e+00
2.130000e-06	6.168799e-03	-7.464716e+00
2.140000e-06	6.399230e-03	-7.245110e+00
2.150000e-06	5.540873e-03	-7.064682e+00
2.160000e-06	1.384251e-03	-6.829478e+00
2.170000e-06	3.284942e-03	-6.597763e+00
2.180000e-06	3.144555e-03	-6.362635e+00
2.190000e-06	3.166036e-03	-6.122027e+00
2.200000e-06	1.231206e-03	-5.940367e+00
2.210000e-06	2.220883e-04	-5.746266e+00
2.220000e-06	8.459889e-04	-5.483158e+00
2.230000e-06	1.927939e-03	-5.278848e+00
2.240000e-06	1.394034e-03	-5.045845e+00
2.250000e-06	-8.605059e-05	-4.774134e+00
2.260000e-06	-8.402921e-04	-4.569318e+00
2.270000e-06	-1.701015e-03	-4.293610e+00
2.280000e-06	-3.988540e-04	-4.008366e+00
2.290000e-06	-3.014778e-03	-3.826870e+00
2.300000e-06	-1.351576e-03	-3.605264e+00
2.310000e-06	-1.914103e-03	-3.361477e+00
2.320000e-06	-9.194901e-05	-3.126395e+00
2.330000e-06	-1.621306e-03	-2.833633e+00
2.340000e-06	-2.095350e-03	-2.609951e+00
2.350000e-06	-3.727971e-03	-2.375259e+00
2.360000e-06	-3.022976e-03	-2.143006e+00
2.370000e-06	-5.197477e-03	-1.900344e+00
2.380000e-06	-5.859964e-03	-1.695609e+00
2.390000e-06	-5.287753e-03	-1.420474e+00
2.400000e-06	-3.895423e-03	-1.102564e+00
2.410000e-06	-4.041548e-03	-8.498734e-01
2.420000e-06	-2.265363e-03	-6.136879e-01
2.430000e-06	-3.653207e-03	-3.608947e-01
2.440000e-06	-1.863178e-03	-1.377895e-01
2.450000e-06	2.604007e-03	1.064172e-01
2.460000e-06	2.080011e-03	3.420802e-01
2.470000e-06	-4.062838e-03	5.818107e-01
2.480000e-06	2.500776e-04	7.547671e-01
2.490000e-06	-3.423121e-03	1.049681e+00
2.500000e-06	1.665874e-04	1.304315e+00
2.510000e-06	-1.396446e-03	1.578028e+00
2.520000e-06	1.866027e-02	1.708050e+00
2.530000e-06	4.666741e-02	1.962158e+00
2.540000e-06	3.906627e-02	2.238420e+00
2.550000e-06	-7.594036e-02	2.544787e+00
2.560000e-06	-2.998820e-02	2.830003e+00
2.570000e-06	-3.255601e-02	3.043728e+00
2.580000e-06	-7.537172e-03	3.264791e+00
2.590000e-06	-7.929048e-02	3.413814e+00
2.600000e-06	3.072317e-02	3.608765e+00
2.610000e-06	9.386225e-02	3.840205e+00
2.620000e-06	-1.087802e-01	4.095737e+00
2.630000e-06	1.151524e-01	4.303887e+00
2.640000e-06	-3.392275e-02	4.634290e+00
2.650000e-06	-5.484716e-02	4.866370e+00
2.660000e-06	2.227755e-02	5.130575e+00
2.670000e-06	-4.514406e-02	5.304338e+00
2.680000e-06	5.631610e-02	5.514392e+00
2.690000e-06	-5.201090e-02	5.779600e+00
2.700000e-06	2.504270e-02	5.981683e+00
2.710000e-06	-4.840430e-03	6.222364e+00
2.720000e-06	-3.396337e-02	6.467075e+00
2.730000e-06	1.680415e-02	6.692237e+00
2.740000e-06	-4.739299e-02	6.966471e+00
2.750000e-06	3.895466e-02	7.157625e+00
2.760000e-06	-3.075328e-02	7.370532e+00
2.770000e-06	6.311893e-03	7.521101e+00
2.780000e-06	4.715346e-03	7.741758e+00
2.790000e-06	-4.434009e-02	7.943237e+00
2.800000e-06	1.429627e-02	8.154416e+00
2.810000e-06	-2.318833e-02	8.335790e+00
2.820000e-06	1.601882e-02	8.525395e+00
2.830000e-06	-3.379242e-02	8.717524e+00
2.840000e-06	6.233896e-03	8.877047e+00
2.850000e-06	-9.772733e-03	9.036424e+00
2.860000e-06	-1.262099e-02	9.269527e+00
2.870000e-06	-5.856701e-03	9.437073e+00
2.880000e-06	-2.604393e-02	9.628424e+00
2.890000e-06	5.565936e-03	9.776947e+00
2.900000e-06	-1.965629e-02	9.935894e+00
2.910000e-06	2.722506e-03	1.013639e+01
2.920000e-06	-2.664501e-02	1.025592e+01
2.930000e-06	-3.015882e-03	1.039429e+01
2.940000e-06	-1.568411e-02	1.060434e+01
2.950000e-06	-7.356565e-03	1.067066e+01
2.960000e-06	-1.710231e-02	1.084948e+01
2.970000e-06	-1.885813e-02	1.097595e+01
2.980000e-06	-4.827723e-03	1.111574e+01
2.990000e-06	-1.594356e-02	1.122021e+01
3.000000e-06	-1.026894e-02	1.132843e+01
3.010000e-06	-2.258430e-02	1.145339e+01
3.020000e-06	-9.978368e-03	1.158918e+01
3.030000e-06	-1.558398e-02	1.167845e+01
3.040000e-06	-1.189982e-02	1.178361e+01
3.050000e-06	-2.148935e-02	1.191847e+01
3.060000e-06	-1.878056e-02	1.197179e+01
3.070000e-06	-1.241303e-02	1.208110e+01
3.080000e-06	-1.515588e-02	1.218634e+01
3.090000e-06	-1.741562e-02	1.226898e+01
3.100000e-06	-2.184824e-02	1.239384e+01
3.110000e-06	-1.401579e-02	1.246013e+01
3.120000e-06	-1.666328e-02	1.251626e+01
3.130000e-06	-1.777960e-02	1.257705e+01
3.140000e-06	-2.352962e-02	1.262951e+01
3.150000e-06	-2.164820e-02	1.267434e+01
3.160000e-06	-1.862552e-02	1.268492e+01
3.170000e-06	-1.984470e-02	1.273758e+01
3.180000e-06	-2.194829e-02	1.281105e+01
3.190000e-06	-2.410299e-02	1.282060e+01
3.200000e-06	-1.965800e-02	1.285273e+01
3.210000e-06	-2.081979e-02	1.287486e+01
3.220000e-06	-2.300773e-02	1.287532e+01
3.230000e-06	-2.568393e-02	1.287579e+01
3.240000e-06	-2.330134e-02	1.291677e+01
3.250000e-06	-2.178215e-02	1.287632e+01
3.260000e-06	-2.411964e-02	1.286534e+01
3.270000e-06	-2.552465e-02	1.287587e+01
3.280000e-06	-2.740136e-02	1.285323e+01
3.290000e-06	-2.550023e-02	1.283419e+01
3.300000e-06	-2.705059e-02	1.283214e+01
3.310000e-06	-2.805386e-02	1.283050e+01
3.320000e-06	-2.860629e-02	1.273808e+01
3.330000e-06	-2.731065e-02	1.271591e+01
3.340000e-06	-2.423246e-02	1.268321e+01
3.350000e-06	-2.781232e-02	1.261061e+01
3.360000e-06	-2.798718e-02	1.258838e+01
3.370000e-06	-3.081661e-02	1.256311e+01
3.380000e-06	-2.816777e-02	1.244165e+01
3.390000e-06	-3.007404e-02	1.236582e+01
3.400000e-06	-2.991286e-02	1.226013e+01
3.410000e-06	-3.236128e-02	1.218789e+01
3.420000e-06	-3.212989e-02	1.212108e+01
3.430000e-06	-2.913835e-02	1.200784e+01
3.440000e-06	-3.310471e-02	1.193061e+01
3.450000e-06	-3.430964e-02	1.185479e+01
3.460000e-06	-3.578970e-02	1.170895e+01
3.470000e-06	-3.277491e-02	1.163426e+01
3.480000e-06	-3.422816e-02	1.146534e+01
3.490000e-06	-3.323758e-02	1.138858e+01
3.500000e-06	-3.429036e-02	1.131224e+01
3.510000e-06	-3.076116e-02	1.116629e+01
3.520000e-06	-3.038345e-02	1.103053e+01
3.530000e-06	-3.067851e-02	1.092208e+01
3.540000e-06	-3.075218e-02	1.075526e+01
3.550000e-06	-2.886452e-02	1.060792e+01
3.560000e-06	-2.612683e-02	1.048695e+01
3.570000e-06	-2.543244e-02	1.034900e+01
3.580000e-06	-2.455739e-02	1.016905e+01
3.590000e-06	-2.384623e-02	9.969604e+00
3.600000e-06	-2.484136e-02	9.842005e+00
3.610000e-06	-2.247577e-02	9.651005e+00
3.620000e-06	-2.077818e-02	9.553712e+00
3.630000e-06	-1.907154e-02	9.331133e+00
3.640000e-06	-2.066913e-02	9.173587e+00
3.650000e-06	-1.895102e-02	8.982057e+00
3.660000e-06	-1.796821e-02	8.833158e+00
3.670000e-06	-1.699987e-02	8.621056e+00
3.680000e-06	-1.743525e-02	8.439504e+00
3.690000e-06	-1.793136e-02	8.210048e+00
3.700000e-06	-1.603593e-02	8.040073e+00
3.710000e-06	-1.401226e-02	7.858373e+00
3.720000e-06	-1.489228e-02	7.656740e+00
3.730000e-06	-1.431755e-02	7.465794e+00
3.740000e-06	-1.422682e-02	7.223731e+00
3.750000e-06	-1.195966e-02	7.020633e+00
3.760000e-06	-1.198087e-02	6.829501e+00
3.770000e-06	-1.422517e-02	6.568370e+00
3.780000e-06	-1.315589e-02	6.342686e+00
3.790000e-06	-1.275146e-02	6.130505e+00
3.800000e-06	-1.107821e-02	5.888524e+00
3.810000e-06	-1.163900e-02	5.695168e+00
3.820000e-06	-1.151434e-02	5.471107e+00
3.830000e-06	-8.477978e-03	5.290554e+00
3.840000e-06	-7.768344e-03	5.079321e+00
3.850000e-06	-9.855783e-03	4.835164e+00
3.860000e-06	-1.214220e-02	4.520527e+00
3.870000e-06	-9.471688e-03	4.271693e+00
3.880000e-06	-8.147392e-03	4.031526e+00
3.890000e-06	-8.601205e-03	3.827923e+00
3.900000e-06	-1.050528e-02	3.512684e+00
3.910000e-06	-9.060736e-03	3.331075e+00
3.920000e-06	-5.972105e-03	3.098367e+00
3.930000e-06	-6.341069e-03	2.822013e+00
3.940000e-06	-7.455096e-03	2.609397e+00
3.950000e-06	-8.821047e-03	2.376789e+00
3.960000e-06	-7.616676e-03	2.113056e+00
3.970000e-06	-5.785962e-03	1.866341e+00
3.980000e-06	-5.681431e-03	1.685188e+00
3.990000e-06	-6.692061e-03	1.377450e+00
4.000000e-06	-7.281653e-03	1.114659e+00
4.010000e-06	-4.553253e-03	8.484972e-01
4.020000e-06	-3.843904e-03	6.136340e-01
4.030000e-06	-4.297786e-03	3.514737e-01
4.040000e-06	-4.609629e-03	1.367155e-01
4.050000e-06	4.955821e-04	-1.559687e-01
4.060000e-06	7.318004e-03	-3.205265e-01
4.070000e-06	-4.522319e-03	-6.052882e-01
4.080000e-06	1.500382e-03	-8.578938e-01
4.090000e-06	-4.772284e-03	-1.069527e+00
4.100000e-06	-5.250516e-04	-1.337366e+00
4.110000e-06	8.244623e-04	-1.517442e+00
4.120000e-06	2.444246e-02	-1.738994e+00
4.130000e-06	7.320108e-02	-2.001031e+00
4.140000e-06	-8.164851e-03	-2.310047e+00
4.150000e-06	-5.416298e-02	-2.628574e+00
4.160000e-06	-1.027140e-02	-2.925794e+00
4.170000e-06	-2.030796e-02	-3.085893e+00
4.180000e-06	-6.054311e-02	-3.216843e+00
4.190000e-06	-5.063061e-03	-3.478395e+00
4.200000e-06	1.368085e-01	-3.658314e+00
4.210000e-06	-1.398690e-01	-3.840577e+00
4.220000e-06	1.481513e-01	-4.125295e+00
4.230000e-06	-4.020062e-02	-4.347369e+00
4.240000e-06	-4.255221e-02	-4.665887e+00
4.250000e-06	6.197957e-02	-4.876843e+00
4.260000e-06	-1.056353e-01	-5.101629e+00
4.270000e-06	1.444554e-01	-5.342711e+00
4.280000e-06	-8.319860e-02	-5.537415e+00
4.290000e-06	4.667842e-02	-5.840607e+00
4.300000e-06	4.707408e-02	-5.993182e+00
4.310000e-06	-9.607187e-02	-6.297492e+00
4.320000e-06	8.938729e-02	-6.511504e+00
4.330000e-06	-9.778968e-02	-6.734818e+00
4.340000e-06	9.293286e-02	-7.028525e+00
4.350000e-06	-3.452991e-02	-7.221070e+00
4.360000e-06	8.611525e-03	-7.392207e+00
4.370000e-06	6.302738e-02	-7.623657e+00
4.380000e-06	-8.398056e-02	-7.846369e+00
4.390000e-06	7.079302e-02	-8.017286e+00
4.400000e-06	-6.774589e-02	-8.198018e+00
4.410000e-06	8.094027e-02	-8.428048e+00
4.420000e-06	-5.002781e-02	-8.586949e+00
4.430000e-06	4.513971e-02	-8.741681e+00
4.440000e-06	-1.037908e-02	-8.920574e+00
4.450000e-06	-1.628614e-03	-9.153685e+00
4.460000e-06	2.983358e-02	-9.301077e+00
4.470000e-06	-3.676588e-02	-9.481658e+00
4.480000e-06	5.478331e-02	-9.638476e+00
4.490000e-06	-4.275869e-02	-9.832053e+00
4.500000e-06	5.749168e-02	-9.998473e+00
4.510000e-06	-3.562792e-02	-1.017950e+01
4.520000e-06	4.179321e-02	-1.030992e+01
4.530000e-06	-2.361479e-02	-1.050547e+01
4.540000e-06	2.324038e-02	-1.067697e+01
4.550000e-06	3.985835e-03	-1.075458e+01
4.560000e-06	2.738775e-03	-1.094328e+01
4.570000e-06	1.799441e-02	-1.105048e+01
4.580000e-06	-3.053364e-03	-1.122792e+01
4.590000e-06	2.679129e-02	-1.134624e+01
4.600000e-06	-9.072323e-03	-1.144260e+01
4.610000e-06	2.614072e-02	-1.154944e+01
4.620000e-06	-1.248224e-02	-1.166529e+01
4.630000e-06	2.936901e-02	-1.176111e+01
4.640000e-06	-2.937966e-03	-1.186637e+01
4.650000e-06	1.909656e-02	-1.196121e+01
4.660000e-06	4.943471e-03	-1.203889e+01
4.670000e-06	1.470301e-02	-1.216383e+01
4.680000e-06	1.273013e-02	-1.224950e+01
4.690000e-06	9.220152e-03	-1.235426e+01
4.700000e-06	1.371380e-02	-1.240647e+01
4.710000e-06	4.467188e-03	-1.249371e+01
4.720000e-06	2.145692e-02	-1.258587e+01
4.730000e-06	8.785135e-03	-1.262002e+01
4.740000e-06	1.819333e-02	-1.269228e+01
4.750000e-06	8.188041e-03	-1.273689e+01
4.760000e-06	1.771741e-02	-1.275805e+01
4.770000e-06	1.221608e-02	-1.281055e+01
4.780000e-06	1.582126e-02	-1.281408e+01
4.790000e-06	1.236719e-02	-1.287621e+01
4.800000e-06	1.648279e-02	-1.288639e+01
4.810000e-06	1.705594e-02	-1.292639e+01
4.820000e-06	1.638957e-02	-1.293847e+01
4.830000e-06	1.527442e-02	-1.295647e+01
4.840000e-06	1.463417e-02	-1.294995e+01
4.850000e-06	1.872821e-02	-1.296047e+01
4.860000e-06	1.921481e-02	-1.298805e+01
4.870000e-06	1.936284e-02	-1.294987e+01
4.880000e-06	1.790324e-02	-1.295750e+01
4.890000e-06	1.973401e-02	-1.293734e+01
4.900000e-06	1.980812e-02	-1.290631e+01
4.910000e-06	1.874803e-02	-1.286421e+01
4.920000e-06	1.817920e-02	-1.283368e+01
4.930000e-06	2.004382e-02	-1.279003e+01
4.940000e-06	2.145575e-02	-1.276690e+01
4.950000e-06	2.272821e-02	-1.273578e+01
4.960000e-06	1.985631e-02	-1.269061e+01
4.970000e-06	1.984629e-02	-1.258902e+01
4.980000e-06	2.184011e-02	-1.254427e+01
4.990000e-06	2.172695e-02	-1.244005e+01
5.000000e-06	2.127383e-02	-1.240379e+01
5.010000e-06	2.212420e-02	-1.234211e+01
5.020000e-06	2.347374e-02	-1.222636e+01
5.030000e-06	2.650384e-02	-1.213163e+01
5.040000e-06	2.441655e-02	-1.202582e+01
5.050000e-06	2.435295e-02	-1.191058e+01
5.060000e-06	2.591143e-02	-1.182571e+01
5.070000e-06	2.786669e-02	-1.168900e+01
5.080000e-06	2.612121e-02	-1.166208e+01
5.090000e-06	2.411109e-02	-1.148629e+01
5.100000e-06	2.326996e-02	-1.138048e+01
5.110000e-06	2.452831e-02	-1.128324e+01
5.120000e-06	2.320073e-02	-1.117671e+01
5.130000e-06	2.245232e-02	-1.101847e+01
5.140000e-06	1.961689e-02	-1.094210e+01
5.150000e-06	2.082285e-02	-1.076261e+01
5.160000e-06	2.083701e-02	-1.061536e+01
5.170000e-06	1.843294e-02	-1.048532e+01
5.180000e-06	1.355892e-02	-1.028779e+01
5.190000e-06	1.454557e-02	-1.015547e+01
5.200000e-06	1.753066e-02	-9.915742e+00
5.210000e-06	1.581036e-02	-9.746291e+00
5.220000e-06	1.156546e-02	-9.587241e+00
5.230000e-06	8.912045e-03	-9.459470e+00
5.240000e-06	1.211637e-02	-9.239952e+00
5.250000e-06	1.259263e-02	-9.079369e+00
5.260000e-06	1.082015e-02	-8.908420e+00
5.270000e-06	6.981210e-03	-8.726266e+00
5.280000e-06	8.029420e-03	-8.567348e+00
5.290000e-06	8.508419e-03	-8.318310e+00
5.300000e-06	8.341730e-03	-8.174738e+00
5.310000e-06	3.458956e-03	-7.994659e+00
5.320000e-06	3.876820e-03	-7.794111e+00
5.330000e-06	5.741473e-03	-7.593054e+00
5.340000e-06	6.634663e-03	-7.379899e+00
5.350000e-06	4.631476e-03	-7.148446e+00
5.360000e-06	2.123879e-03	-6.949292e+00
5.370000e-06	3.930135e-03	-6.691109e+00
5.380000e-06	4.517579e-03	-6.499945e+00
5.390000e-06	3.279030e-03	-6.288245e+00
5.400000e-06	7.642055e-05	-6.054161e+00
5.410000e-06	1.338815e-04	-5.812055e+00
5.420000e-06	2.241846e-03	-5.599951e+00
5.430000e-06	3.491540e-03	-5.376165e+00
5.440000e-06	1.362800e-04	-5.133085e+00
5.450000e-06	-7.608982e-04	-4.880973e+00
5.460000e-06	-9.488926e-04	-4.683191e+00
5.470000e-06	1.500554e-03	-4.411552e+00
5.480000e-06	-1.658735e-04	-4.123213e+00
5.490000e-06	-1.125300e-03	-3.912109e+00
5.500000e-06	-2.576457e-03	-3.730000e+00
5.510000e-06	-1.027588e-03	-3.459421e+00
5.520000e-06	-2.266814e-03	-3.223559e+00
5.530000e-06	-2.673180e-03	-2.989949e+00
5.540000e-06	-4.577288e-03	-2.759392e+00
5.550000e-06	-1.728306e-03	-2.473505e+00
5.560000e-06	-3.052205e-03	-2.238394e+00
5.570000e-06	-1.397189e-03	-2.025309e+00
5.580000e-06	-6.562065e-03	-1.741401e+00
5.590000e-06	-3.502145e-03	-1.536841e+00
5.600000e-06	-4.870608e-03	-1.274125e+00
5.610000e-06	-2.591238e-03	-1.006238e+00
5.620000e-06	-6.098491e-03	-7.741051e-01
5.630000e-06	-3.357304e-03	-4.788197e-01
5.640000e-06	-3.788447e-03	-2.241078e-01
5.650000e-06	1.479423e-03	-3.099994e-02
5.660000e-06	4.968624e-03	2.343355e-01
5.670000e-06	-5.022738e-03	4.754698e-01
5.680000e-06	2.485252e-03	6.689988e-01
5.690000e-06	-2.076097e-03	9.013108e-01
5.700000e-06	-4.881017e-04	1.186396e+00
5.710000e-06	-4.751358e-03	1.463266e+00
5.720000e-06	9.398496e-03	1.654838e+00
5.730000e-06	2.717050e-02	1.855861e+00
5.740000e-06	6.620047e-02	2.088973e+00
5.750000e-06	-3.727502e-02	2.426942e+00
5.760000e-06	-5.107971e-02	2.694257e+00
5.770000e-06	-3.179417e-02	2.873390e+00
5.780000e-06	-1.554998e-02	3.120098e+00
5.790000e-06	-3.752839e-02	3.312103e+00
5.800000e-06	-5.607533e-02	3.491205e+00
5.810000e-06	1.026286e-01	3.765261e+00
5.820000e-06	-1.456926e-02	3.998996e+00
5.830000e-06	-2.597492e-02	4.200477e+00
5.840000e-06	1.042007e-01	4.475786e+00
5.850000e-06	-1.208357e-01	4.750726e+00
5.860000e-06	3.425698e-02	4.951734e+00
5.870000e-06	-4.171571e-02	5.236971e+00
5.880000e-06	1.722719e-02	5.418976e+00
5.890000e-06	1.467813e-02	5.643760e+00
5.900000e-06	-3.956229e-02	5.875469e+00
5.910000e-06	4.986740e-02	6.118998e+00
5.920000e-06	-6.765449e-02	6.322785e+00
5.930000e-06	3.504529e-02	6.584312e+00
5.940000e-06	-4.441535e-02	6.838552e+00
5.950000e-06	-1.550767e-03	7.081283e+00
5.960000e-06	1.549865e-02	7.305811e+00
5.970000e-06	-2.164405e-02	7.475869e+00
5.980000e-06	2.295553e-02	7.625843e+00
5.990000e-06	-4.494365e-02	7.868022e+00
6.000000e-06	4.110448e-03	8.049078e+00
6.010000e-06	-1.446406e-02	8.221051e+00
6.020000e-06	-5.816092e-04	8.451733e+00
6.030000e-06	-7.817991e-03	8.651705e+00
6.040000e-06	-2.024010e-02	8.783262e+00
6.050000e-06	9.416142e-03	8.982707e+00
6.060000e-06	-2.359866e-02	9.174211e+00
6.070000e-06	4.877646e-03	9.362130e+00
6.080000e-06	-3.033200e-02	9.523262e+00
6.090000e-06	-9.739398e-04	9.672686e+00
6.100000e-06	-1.474110e-02	9.912658e+00
6.110000e-06	-5.411971e-04	9.993207e+00
6.120000e-06	-1.568554e-02	1.021168e+01
6.130000e-06	-1.957543e-02	1.035111e+01
6.140000e-06	-5.010986e-03	1.046958e+01
6.150000e-06	-1.301116e-02	1.063802e+01
6.160000e-06	-9.508531e-03	1.077576e+01
6.170000e-06	-2.440675e-02	1.093519e+01
6.180000e-06	-3.672593e-03	1.107008e+01
6.190000e-06	-1.410639e-02	1.115850e+01
6.200000e-06	-8.014768e-03	1.128481e+01
6.210000e-06	-2.047654e-02	1.139218e+01
6.220000e-06	-1.563778e-02	1.154905e+01
6.230000e-06	-1.492864e-02	1.170476e+01
6.240000e-06	-1.279499e-02	1.174008e+01
6.250000e-06	-1.867524e-02	1.183747e+01
6.260000e-06	-1.935799e-02	1.195326e+01
6.270000e-06	-1.147062e-02	1.204900e+01
6.280000e-06	-1.289622e-02	1.211368e+01
6.290000e-06	-1.679290e-02	1.222992e+01
6.300000e-06	-2.379567e-02	1.231168e+01
6.310000e-06	-1.814438e-02	1.241800e+01
6.320000e-06	-1.547725e-02	1.250121e+01
6.330000e-06	-1.507721e-02	1.251682e+01
6.340000e-06	-2.180128e-02	1.259857e+01
6.350000e-06	-2.030926e-02	1.263265e+01
6.360000e-06	-1.946292e-02	1.266324e+01
6.370000e-06	-1.763531e-02	1.275845e+01
6.380000e-06	-2.211121e-02	1.276697e+01
6.390000e-06	-2.581054e-02	1.281911e+01
6.400000e-06	-2.104461e-02	1.283366e+01
6.410000e-06	-1.927989e-02	1.286321e+01
6.420000e-06	-2.057226e-02	1.282631e+01
6.430000e-06	-2.685640e-02	1.289486e+01
6.440000e-06	-2.493921e-02	1.283634e+01
6.450000e-06	-2.227280e-02	1.289490e+01
6.460000e-06	-2.246241e-02	1.287719e+01
6.470000e-06	-2.550640e-02	1.285492e+01
6.480000e-06	-2.788475e-02	1.288526e+01
6.490000e-06	-2.407246e-02	1.283574e+01
6.500000e-06	-2.420329e-02	1.281318e+01
6.510000e-06	-2.646830e-02	1.278195e+01
6.520000e-06	-3.054353e-02	1.281945e+01
6.530000e-06	-2.779272e-02	1.274585e+01
6.540000e-06	-2.688986e-02	1.269327e+01
6.550000e-06	-2.532765e-02	1.268271e+01
6.560000e-06	-2.974789e-02	1.258045e+01
6.570000e-06	-2.926364e-02	1.255529e+01
6.580000e-06	-2.809125e-02	1.246058e+01
6.590000e-06	-2.739049e-02	1.239757e+01
6.600000e-06	-3.020439e-02	1.235421e+01
6.610000e-06	-3.134910e-02	1.220750e+01
6.620000e-06	-3.107627e-02	1.217366e+01
6.630000e-06	-3.063648e-02	1.203793e+01
6.640000e-06	-3.178568e-02	1.193476e+01
6.650000e-06	-3.445563e-02	1.185939e+01
6.660000e-06	-3.450891e-02	1.175161e+01
6.670000e-06	-3.210226e-02	1.164742e+01
6.680000e-06	-3.178782e-02	1.158053e+01
6.690000e-06	-3.576431e-02	1.142168e+01
6.700000e-06	-3.460506e-02	1.135740e+01
6.710000e-06	-3.347994e-02	1.122055e+01
6.720000e-06	-2.768632e-02	1.110206e+01
6.730000e-06	-3.148695e-02	1.097632e+01
6.740000e-06	-3.368133e-02	1.082742e+01
6.750000e-06	-3.152579e-02	1.064050e+01
6.760000e-06	-2.347124e-02	1.057161e+01
6.770000e-06	-2.278040e-02	1.039424e+01
6.780000e-06	-2.590852e-02	1.026432e+01
6.790000e-06	-2.741208e-02	1.005481e+01
6.800000e-06	-2.250912e-02	9.887366e+00
6.810000e-06	-1.927410e-02	9.736717e+00
6.820000e-06	-2.253188e-02	9.568394e+00
6.830000e-06	-2.418952e-02	9.458971e+00
6.840000e-06	-2.153091e-02	9.248472e+00
6.850000e-06	-1.647280e-02	9.089966e+00
6.860000e-06	-1.765015e-02	8.896371e+00
6.870000e-06	-1.860141e-02	8.706294e+00
6.880000e-06	-1.951312e-02	8.517315e+00
6.890000e-06	-1.476930e-02	8.323661e+00
6.900000e-06	-1.465412e-02	8.154217e+00
6.910000e-06	-1.641753e-02	7.916187e+00
6.920000e-06	-1.857686e-02	7.742007e+00
6.930000e-06	-1.423483e-02	7.521525e+00
6.940000e-06	-1.233970e-02	7.321003e+00
6.950000e-06	-1.224530e-02	7.167872e+00
6.960000e-06	-1.420003e-02	6.895310e+00
6.970000e-06	-1.311935e-02	6.721609e+00
6.980000e-06	-1.090135e-02	6.461482e+00
6.990000e-06	-1.052827e-02	6.207842e+00
7.000000e-06	-1.227555e-02	6.043192e+00
7.010000e-06	-1.369367e-02	5.801055e+00
7.020000e-06	-1.100263e-02	5.609922e+00
7.030000e-06	-9.106693e-03	5.396264e+00
7.040000e-06	-9.845529e-03	5.145689e+00
7.050000e-06	-1.207862e-02	4.929532e+00
7.060000e-06	-1.062735e-02	4.678891e+00
7.070000e-06	-8.171819e-03	4.392484e+00
7.080000e-06	-7.626632e-03	4.136762e+00
7.090000e-06	-8.833006e-03	3.924162e+00
7.100000e-06	-9.950847e-03	3.702503e+00
7.110000e-06	-8.132464e-03	3.414188e+00
7.120000e-06	-7.524491e-03	3.232110e+00
7.130000e-06	-7.614216e-03	2.961926e+00
7.140000e-06	-8.627488e-03	2.725818e+00
7.150000e-06	-8.761704e-03	2.522032e+00
7.160000e-06	-5.789809e-03	2.276748e+00
7.170000e-06	-5.500822e-03	1.952657e+00
7.180000e-06	-7.142347e-03	1.740506e+00
7.190000e-06	-6.990033e-03	1.469766e+00
7.200000e-06	-6.115879e-03	1.251951e+00
7.210000e-06	-5.398407e-03	9.762633e-01
7.220000e-06	-5.162216e-03	6.715038e-01
7.230000e-06	-5.560093e-03	4.362932e-01
7.240000e-06	-4.812858e-03	2.322603e-01
7.250000e-06	-1.972075e-03	-4.212526e-02
7.260000e-06	4.309756e-03	-2.742868e-01
7.270000e-06	1.407959e-03	-4.565172e-01
7.280000e-06	-3.351747e-03	-7.216041e-01
7.290000e-06	1.810464e-04	-9.027344e-01
7.300000e-06	-2.450619e-03	-1.220046e+00
7.310000e-06	-9.829051e-04	-1.412654e+00
7.320000e-06	9.054135e-03	-1.634261e+00
7.330000e-06	4.424401e-02	-1.843208e+00
7.340000e-06	6.727700e-02	-2.129525e+00
7.350000e-06	-7.310605e-02	-2.490574e+00
7.360000e-06	-9.872465e-03	-2.788471e+00
7.370000e-06	-3.477837e-02	-2.979578e+00
7.380000e-06	-1.423078e-02	-3.141630e+00
7.390000e-06	-7.859393e-02	-3.402258e+00
7.400000e-06	1.227380e-01	-3.573603e+00
7.410000e-06	-1.087117e-02	-3.773257e+00
7.420000e-06	-4.235768e-02	-3.999645e+00
7.430000e-06	1.112384e-01	-4.230482e+00
7.440000e-06	-1.310823e-01	-4.504944e+00
7.450000e-06	1.054110e-01	-4.792204e+00
7.460000e-06	-9.219535e-02	-4.992810e+00
7.470000e-06	2.350700e-02	-5.239996e+00
7.480000e-06	7.071925e-02	-5.419525e+00
7.490000e-06	-8.386100e-02	-5.737441e+00
7.500000e-06	1.327570e-01	-5.887443e+00
7.510000e-06	-1.114778e-01	-6.181631e+00
7.520000e-06	5.297261e-02	-6.426389e+00
7.530000e-06	-8.476681e-03	-6.627019e+00
7.540000e-06	-3.832680e-02	-6.923685e+00
7.550000e-06	7.693470e-02	-7.084261e+00
7.560000e-06	-7.380863e-02	-7.314815e+00
7.570000e-06	1.048448e-01	-7.478446e+00
7.580000e-06	-7.348098e-02	-7.740049e+00
7.590000e-06	3.895527e-02	-7.922156e+00
7.600000e-06	-1.317304e-02	-8.102553e+00
7.610000e-06	-6.181617e-03	-8.343814e+00
7.620000e-06	4.857834e-02	-8.453315e+00
7.630000e-06	-4.569319e-02	-8.666314e+00
7.640000e-06	6.773343e-02	-8.874412e+00
7.650000e-06	-6.728142e-02	-9.087444e+00
7.660000e-06	7.452963e-02	-9.216418e+00
7.670000e-06	-4.916888e-02	-9.386364e+00
7.680000e-06	4.204699e-02	-9.565838e+00
7.690000e-06	-1.671596e-02	-9.714812e+00
7.700000e-06	1.616252e-02	-9.896791e+00
7.710000e-06	2.237749e-02	-1.008376e+01
7.720000e-06	-1.842240e-02	-1.026476e+01
7.730000e-06	2.945127e-02	-1.041163e+01
7.740000e-06	-2.227273e-02	-1.060324e+01
7.750000e-06	4.241768e-02	-1.069058e+01
7.760000e-06	-2.649751e-02	-1.088000e+01
7.770000e-06	3.785865e-02	-1.096650e+01
7.780000e-06	-1.613042e-02	-1.112424e+01
7.790000e-06	2.833210e-02	-1.123163e+01
7.800000e-06	-7.021618e-04	-1.138842e+01
7.810000e-06	1.413784e-02	-1.150429e+01
7.820000e-06	2.555275e-03	-1.157063e+01
7.830000e-06	8.129837e-03	-1.173893e+01
7.840000e-06	1.794942e-02	-1.181429e+01
7.850000e-06	3.541936e-04	-1.193108e+01
7.860000e-06	1.921460e-02	-1.201784e+01
7.870000e-06	-2.724733e-05	-1.213213e+01
7.880000e-06	2.425848e-02	-1.224489e+01
7.890000e-06	3.197074e-03	-1.229226e+01
7.900000e-06	1.630314e-02	-1.236434e+01
7.910000e-06	3.762440e-03	-1.247103e+01
7.920000e-06	1.863633e-02	-1.255574e+01
7.930000e-06	1.207745e-02	-1.258755e+01
7.940000e-06	1.589667e-02	-1.268110e+01
7.950000e-06	1.021023e-02	-1.271431e+01
7.960000e-06	1.207129e-02	-1.274654e+01
7.970000e-06	1.641044e-02	-1.278050e+01
7.980000e-06	1.450315e-02	-1.281258e+01
7.990000e-06	1.403255e-02	-1.283513e+01
8.000000e-06	1.367959e-02	-1.287579e+01
8.010000e-06	1.968973e-02	-1.290684e+01
8.020000e-06	1.675480e-02	-1.292689e+01
8.030000e-06	1.673946e-02	-1.294999e+01
8.040000e-06	1.321959e-02	-1.296952e+01
8.050000e-06	1.737636e-02	-1.299902e+01
8.060000e-06	1.746923e-02	-1.299860e+01
8.070000e-06	1.919239e-02	-1.297992e+01
8.080000e-06	1.737501e-02	-1.292850e+01
8.090000e-06	1.941474e-02	-1.292794e+01
8.100000e-06	2.041454e-02	-1.289792e+01
8.110000e-06	2.068760e-02	-1.289286e+01
8.120000e-06	1.766756e-02	-1.288216e+01
8.130000e-06	1.837212e-02	-1.283155e+01
8.140000e-06	2.008773e-02	-1.275943e+01
8.150000e-06	2.147135e-02	-1.272792e+01
8.160000e-06	2.154823e-02	-1.268376e+01
8.170000e-06	1.948695e-02	-1.263790e+01
8.180000e-06	2.171155e-02	-1.253584e+01
8.190000e-06	2.179504e-02	-1.247314e+01
8.200000e-06	2.414172e-02	-1.241895e+01
8.210000e-06	2.210691e-02	-1.236416e+01
8.220000e-06	2.258401e-02	-1.228755e+01
8.230000e-06	2.362503e-02	-1.219429e+01
8.240000e-06	2.527472e-02	-1.205999e+01
8.250000e-06	2.514916e-02	-1.200313e+01
8.260000e-06	2.506530e-02	-1.187739e+01
8.270000e-06	2.649087e-02	-1.174048e+01
8.280000e-06	2.683936e-02	-1.167474e+01
8.290000e-06	2.640978e-02	-1.156090e+01
8.300000e-06	2.514462e-02	-1.145153e+01
8.310000e-06	2.375849e-02	-1.133889e+01
8.320000e-06	2.414893e-02	-1.121645e+01
8.330000e-06	2.345842e-02	-1.110159e+01
8.340000e-06	2.148049e-02	-1.097524e+01
8.350000e-06	1.957090e-02	-1.080579e+01
8.360000e-06	1.901678e-02	-1.066945e+01
8.370000e-06	1.817224e-02	-1.051058e+01
8.380000e-06	1.781107e-02	-1.037155e+01
8.390000e-06	1.562677e-02	-1.018366e+01
8.400000e-06	1.589234e-02	-9.991551e+00
8.410000e-06	1.491169e-02	-9.822628e+00
8.420000e-06	1.418101e-02	-9.702502e+00
8.430000e-06	1.122903e-02	-9.533631e+00
8.440000e-06	1.088901e-02	-9.341113e+00
8.450000e-06	9.665289e-03	-9.164531e+00
8.460000e-06	1.029422e-02	-8.983207e+00
8.470000e-06	9.424778e-03	-8.792531e+00
8.480000e-06	8.785205e-03	-8.581552e+00
8.490000e-06	7.851320e-03	-8.490578e+00
8.500000e-06	6.934903e-03	-8.231003e+00
8.510000e-06	7.518612e-03	-8.057498e+00
8.520000e-06	5.524479e-03	-7.879470e+00
8.530000e-06	4.652755e-03	-7.696868e+00
8.540000e-06	4.508184e-03	-7.476287e+00
8.550000e-06	3.640863e-03	-7.245129e+00
8.560000e-06	3.948048e-03	-7.074628e+00
8.570000e-06	2.981400e-03	-6.838874e+00
8.580000e-06	2.635537e-03	-6.574717e+00
8.590000e-06	3.327753e-03	-6.364210e+00
8.600000e-06	3.240026e-03	-6.101480e+00
8.610000e-06	2.664799e-03	-5.917819e+00
8.620000e-06	1.061367e-03	-5.725738e+00
8.630000e-06	1.635097e-03	-5.454633e+00
8.640000e-06	1.424482e-03	-5.240974e+00
8.650000e-06	7.606775e-04	-5.016242e+00
8.660000e-06	-6.565092e-04	-4.783659e+00
8.670000e-06	-3.625615e-04	-4.519941e+00
8.680000e-06	-4.432631e-04	-4.286608e+00
8.690000e-06	-1.327099e-04	-3.987422e+00
8.700000e-06	-1.722450e-03	-3.787237e+00
8.710000e-06	-5.974153e-04	-3.606113e+00
8.720000e-06	-1.377136e-03	-3.329433e+00
8.730000e-06	-1.091106e-03	-3.125814e+00
8.740000e-06	-2.768624e-03	-2.894109e+00
8.750000e-06	-2.450188e-03	-2.629422e+00
8.760000e-06	-3.538140e-03	-2.386261e+00
8.770000e-06	-1.618080e-03	-2.143508e+00
8.780000e-06	-3.435995e-03	-1.917220e+00
8.790000e-06	-4.005096e-03	-1.614633e+00
8.800000e-06	-4.359630e-03	-1.401026e+00
8.810000e-06	-3.364731e-03	-1.105032e+00
8.820000e-06	-2.999433e-03	-8.698433e-01
8.830000e-06	-4.100741e-03	-6.162117e-01
8.840000e-06	-3.899585e-03	-3.599974e-01
8.850000e-06	-2.596145e-03	-1.477895e-01
8.860000e-06	1.749401e-03	1.968387e-01
8.870000e-06	1.727185e-03	3.511265e-01
8.880000e-06	-2.934948e-03	5.627593e-01
8.890000e-06	1.345176e-04	8.074410e-01
8.900000e-06	-2.607043e-03	1.051082e+00
8.910000e-06	3.534965e-04	1.292838e+00
8.920000e-06	-2.089631e-03	1.548026e+00
8.930000e-06	1.866416e-02	1.759024e+00
8.940000e-06	5.025944e-02	1.982683e+00
8.950000e-06	3.406981e-02	2.288047e+00
8.960000e-06	-7.603712e-02	2.585891e+00
8.970000e-06	-2.450790e-02	2.770546e+00
8.980000e-06	-3.961896e-02	3.063311e+00
8.990000e-06	-6.656986e-03	3.245314e+00
9.000000e-06	-7.086845e-02	3.435865e+00
9.010000e-06	1.139294e-02	3.666868e+00
9.020000e-06	1.083509e-01	3.890706e+00
9.030000e-06	-9.875094e-02	4.114816e+00
9.040000e-06	1.051370e-01	4.284391e+00
9.050000e-06	-4.815155e-02	4.634261e+00
9.060000e-06	-3.984045e-02	4.836842e+00
9.070000e-06	2.129504e-02	5.109529e+00
9.080000e-06	-5.589732e-02	5.314287e+00
9.090000e-06	6.176499e-02	5.544839e+00
9.100000e-06	-4.536227e-02	5.781628e+00
9.110000e-06	2.923832e-02	5.991713e+00
9.120000e-06	-1.823740e-02	6.255895e+00
9.130000e-06	-1.903947e-02	6.498627e+00
9.140000e-06	9.040556e-03	6.684704e+00
9.150000e-06	-5.447727e-02	6.955922e+00
9.160000e-06	3.685409e-02	7.188605e+00
9.170000e-06	-1.892436e-02	7.391156e+00
9.180000e-06	2.219858e-03	7.571077e+00
9.190000e-06	-4.466870e-03	7.762712e+00
9.200000e-06	-3.130325e-02	7.954763e+00
9.210000e-06	8.767836e-03	8.154364e+00
9.220000e-06	-2.813370e-02	8.364846e+00
9.230000e-06	2.139145e-02	8.567443e+00
9.240000e-06	-3.445878e-02	8.768973e+00
9.250000e-06	4.872568e-03	8.896996e+00
9.260000e-06	-1.060296e-02	9.067952e+00
9.270000e-06	-9.274820e-03	9.257048e+00
9.280000e-06	-9.391399e-03	9.487923e+00
9.290000e-06	-2.572080e-02	9.606996e+00
9.300000e-06	6.810134e-03	9.777974e+00
9.310000e-06	-1.888138e-02	9.957945e+00
9.320000e-06	4.433083e-03	1.010495e+01
9.330000e-06	-3.315216e-02	1.027442e+01
9.340000e-06	-1.990697e-04	1.044426e+01
9.350000e-06	-1.718510e-02	1.061231e+01
9.360000e-06	-9.124596e-03	1.069060e+01
9.370000e-06	-1.586295e-02	1.087753e+01
9.380000e-06	-1.864254e-02	1.100795e+01
9.390000e-06	-4.684704e-03	1.109521e+01
9.400000e-06	-1.431069e-02	1.123110e+01
9.410000e-06	-7.370400e-03	1.140747e+01
9.420000e-06	-2.444073e-02	1.147481e+01
9.430000e-06	-1.160064e-02	1.160271e+01
9.440000e-06	-1.147613e-02	1.170692e+01
9.450000e-06	-1.582005e-02	1.182473e+01
9.460000e-06	-2.147282e-02	1.186801e+01
9.470000e-06	-1.943337e-02	1.202332e+01
9.480000e-06	-1.372973e-02	1.210018e+01
9.490000e-06	-1.414443e-02	1.221437e+01
9.500000e-06	-1.769820e-02	1.227900e+01
9.510000e-06	-2.301326e-02	1.234639e+01
9.520000e-06	-1.215722e-02	1.248008e+01
9.530000e-06	-1.560675e-02	1.251277e+01
9.540000e-06	-1.627058e-02	1.257753e+01
9.550000e-06	-2.322750e-02	1.260965e+01
9.560000e-06	-2.308410e-02	1.264321e+01
9.570000e-06	-2.028525e-02	1.268689e+01
9.580000e-06	-2.208281e-02	1.275647e+01
9.590000e-06	-2.050080e-02	1.278855e+01
9.600000e-06	-2.221245e-02	1.283216e+01
9.610000e-06	-1.668189e-02	1.279321e+01
9.620000e-06	-2.022499e-02	1.286471e+01
9.630000e-06	-2.315579e-02	1.287584e+01
9.640000e-06	-2.573816e-02	1.286334e+01
9.650000e-06	-2.669453e-02	1.291587e+01
9.660000e-06	-2.542096e-02	1.286479e+01
9.670000e-06	-2.730149e-02	1.289537e+01
9.680000e-06	-2.244970e-02	1.288376e+01
9.690000e-06	-2.383366e-02	1.285429e+01
9.700000e-06	-2.326359e-02	1.283419e+01
9.710000e-06	-2.749041e-02	1.282121e+01
9.720000e-06	-2.731984e-02	1.278855e+01
9.730000e-06	-2.885984e-02	1.277757e+01
9.740000e-06	-2.782135e-02	1.270533e+01
9.750000e-06	-2.850982e-02	1.267283e+01
9.760000e-06	-2.763368e-02	1.260108e+01
9.770000e-06	-2.711976e-02	1.259847e+01
9.780000e-06	-2.860202e-02	1.251374e+01
9.790000e-06	-2.797693e-02	1.246100e+01
9.800000e-06	-3.081482e-02	1.240545e+01
9.810000e-06	-3.022198e-02	1.226108e+01
9.820000e-06	-3.226485e-02	1.217724e+01
9.830000e-06	-3.202085e-02	1.212216e+01
9.840000e-06	-3.187108e-02	1.202579e+01
9.850000e-06	-3.335127e-02	1.194111e+01
9.860000e-06	-3.342080e-02	1.183524e+01
9.870000e-06	-3.414277e-02	1.170843e+01
9.880000e-06	-3.374348e-02	1.164224e+01
9.890000e-06	-3.486827e-02	1.149587e+01
9.900000e-06	-3.246505e-02	1.136906e+01
9.910000e-06	-3.221386e-02	1.127369e+01
9.920000e-06	-3.079415e-02	1.115529e+01
9.930000e-06	-3.168151e-02	1.100945e+01
9.940000e-06	-3.077466e-02	1.088271e+01
9.950000e-06	-2.969406e-02	1.076321e+01
9.960000e-06	-2.843569e-02	1.061687e+01
9.970000e-06	-2.635746e-02	1.048742e+01
9.980000e-06	-2.719704e-02	1.030950e+01
9.990000e-06	-2.421132e-02	1.018060e+01
1.000000e-05	-2.406381e-02	1.001003e+01
1.001000e-05	-2.119755e-02	9.840655e+00
1.002000e-05	-2.244380e-02	9.671053e+00
1.003000e-05	-2.151504e-02	9.522682e+00
1.004000e-05	-2.055600e-02	9.364233e+00
1.005000e-05	-1.888577e-02	9.185187e+00
1.006000e-05	-1.860875e-02	8.992187e+00
1.007000e-05	-1.996576e-02	8.841083e+00
1.008000e-05	-1.843998e-02	8.621006e+00
1.009000e-05	-1.576870e-02	8.439505e+00
1.010000e-05	-1.493802e-02	8.239425e+00
1.011000e-05	-1.662477e-02	8.049973e+00
1.012000e-05	-1.647860e-02	7.829425e+00
1.013000e-05	-1.381571e-02	7.635792e+00
1.014000e-05	-1.197541e-02	7.465816e+00
1.015000e-05	-1.425166e-02	7.224683e+00
1.016000e-05	-1.473754e-02	7.010031e+00
1.017000e-05	-1.369548e-02	6.808501e+00
1.018000e-05	-1.160016e-02	6.587418e+00
1.019000e-05	-1.067551e-02	6.392738e+00
1.020000e-05	-1.154383e-02	6.131029e+00
1.021000e-05	-1.119780e-02	5.909429e+00
1.022000e-05	-1.075599e-02	5.705720e+00
1.023000e-05	-9.214518e-03	5.462059e+00
1.024000e-05	-1.055309e-02	5.250029e+00
1.025000e-05	-1.163180e-02	5.067870e+00
1.026000e-05	-1.041890e-02	4.814763e+00
1.027000e-05	-8.566152e-03	4.530023e+00
1.028000e-05	-8.050664e-03	4.262634e+00
1.029000e-05	-9.424679e-03	3.999501e+00
1.030000e-05	-8.909008e-03	3.798365e+00
1.031000e-05	-7.908457e-03	3.502133e+00
1.032000e-05	-7.897103e-03	3.351425e+00
1.033000e-05	-7.830392e-03	3.098866e+00
1.034000e-05	-9.461075e-03	2.851139e+00
1.035000e-05	-6.654331e-03	2.548399e+00
1.036000e-05	-6.400051e-03	2.366390e+00
1.037000e-05	-6.711549e-03	2.078505e+00
1.038000e-05	-7.469504e-03	1.875290e+00
1.039000e-05	-7.320834e-03	1.666212e+00
1.040000e-05	-6.573567e-03	1.379424e+00
1.041000e-05	-6.060877e-03	1.133687e+00
1.042000e-05	-5.790619e-03	8.578697e-01
1.043000e-05	-4.478525e-03	5.736078e-01
1.044000e-05	-3.768506e-03	3.414737e-01
1.045000e-05	-2.939801e-03	9.406666e-02
1.046000e-05	-1.281459e-03	-1.389137e-01
1.047000e-05	4.632069e-03	-3.995762e-01
1.048000e-05	-5.279547e-03	-6.343131e-01
1.049000e-05	2.545643e-03	-8.474912e-01
1.050000e-05	-2.787528e-03	-1.059598e+00
1.051000e-05	3.177291e-04	-1.377942e+00
1.052000e-05	-1.427210e-03	-1.557817e+00
1.053000e-05	2.851291e-02	-1.709419e+00
1.054000e-05	7.556884e-02	-2.010630e+00
1.055000e-05	-1.351115e-02	-2.288099e+00
1.056000e-05	-5.099061e-02	-2.620073e+00
1.057000e-05	-1.268174e-02	-2.926363e+00
1.058000e-05	-2.364382e-02	-3.096790e+00
1.059000e-05	-4.520626e-02	-3.286415e+00
1.060000e-05	-1.928970e-02	-3.498421e+00
1.061000e-05	1.300858e-01	-3.675842e+00
1.062000e-05	-1.195213e-01	-3.881129e+00
1.063000e-05	1.388428e-01	-4.127390e+00
1.064000e-05	-6.134492e-02	-4.386421e+00
1.065000e-05	-2.665504e-02	-4.665355e+00
1.066000e-05	6.798145e-02	-4.857368e+00
1.067000e-05	-1.185510e-01	-5.123729e+00
1.068000e-05	1.420065e-01	-5.354736e+00
1.069000e-05	-8.050765e-02	-5.606919e+00
1.070000e-05	6.667766e-02	-5.832231e+00
1.071000e-05	1.107535e-02	-6.064205e+00
1.072000e-05	-6.796197e-02	-6.339572e+00
1.073000e-05	8.495728e-02	-6.510151e+00
1.074000e-05	-1.049370e-01	-6.755440e+00
1.075000e-05	8.852553e-02	-6.999023e+00
1.076000e-05	-3.060461e-02	-7.169575e+00
1.077000e-05	2.392800e-02	-7.382228e+00
1.078000e-05	3.384451e-02	-7.592156e+00
1.079000e-05	-6.194591e-02	-7.815892e+00
1.080000e-05	7.195465e-02	-8.007842e+00
1.081000e-05	-8.310822e-02	-8.189390e+00
1.082000e-05	9.560694e-02	-8.418999e+00
1.083000e-05	-5.504786e-02	-8.609100e+00
1.084000e-05	4.727110e-02	-8.781099e+00
1.085000e-05	-1.309321e-02	-8.971627e+00
1.086000e-05	1.556676e-03	-9.182761e+00
1.087000e-05	3.070664e-02	-9.361026e+00
1.088000e-05	-4.217787e-02	-9.491152e+00
1.089000e-05	5.899578e-02	-9.659025e+00
1.090000e-05	-4.652221e-02	-9.838053e+00
1.091000e-05	6.536721e-02	-1.002005e+01
1.092000e-05	-4.057488e-02	-1.018002e+01
1.093000e-05	4.119746e-02	-1.033108e+01
1.094000e-05	-1.752610e-02	-1.051694e+01
1.095000e-05	2.174592e-02	-1.069847e+01
1.096000e-05	2.567627e-04	-1.079424e+01
1.097000e-05	5.226276e-03	-1.095288e+01
1.098000e-05	1.366047e-02	-1.105945e+01
1.099000e-05	-3.011693e-03	-1.122845e+01
1.100000e-05	3.115036e-02	-1.131576e+01
1.101000e-05	-1.255578e-02	-1.142218e+01
1.102000e-05	2.757877e-02	-1.154797e+01
1.103000e-05	-8.624431e-03	-1.173634e+01
1.104000e-05	2.718565e-02	-1.176311e+01
1.105000e-05	-6.584946e-03	-1.188684e+01
1.106000e-05	2.033944e-02	-1.196371e+01
1.107000e-05	2.128857e-03	-1.206942e+01
1.108000e-05	1.806931e-02	-1.220426e+01
1.109000e-05	1.140227e-02	-1.226898e+01
1.110000e-05	9.430138e-03	-1.234631e+01
1.111000e-05	1.256964e-02	-1.239789e+01
1.112000e-05	8.894517e-03	-1.252271e+01
1.113000e-05	1.855276e-02	-1.254625e+01
1.114000e-05	9.226835e-03	-1.263955e+01
1.115000e-05	1.672875e-02	-1.269216e+01
1.116000e-05	7.541934e-03	-1.274737e+01
1.117000e-05	1.629888e-02	-1.277848e+01
1.118000e-05	9.465103e-03	-1.284103e+01
1.119000e-05	1.648631e-02	-1.285363e+01
1.120000e-05	1.360945e-02	-1.289331e+01
1.121000e-05	1.865437e-02	-1.289586e+01
1.122000e-05	1.709657e-02	-1.295837e+01
1.123000e-05	1.795204e-02	-1.295992e+01
1.124000e-05	1.540264e-02	-1.295793e+01
1.125000e-05	1.430289e-02	-1.297107e+01
1.126000e-05	1.695547e-02	-1.298997e+01
1.127000e-05	1.679579e-02	-1.294843e+01
1.128000e-05	1.935557e-02	-1.295897e+01
1.129000e-05	1.904488e-02	-1.294995e+01
1.130000e-05	2.035698e-02	-1.290834e+01
1.131000e-05	1.931878e-02	-1.288631e+01
1.132000e-05	1.811993e-02	-1.285573e+01
1.133000e-05	1.858491e-02	-1.281308e+01
1.134000e-05	1.914452e-02	-1.280103e+01
1.135000e-05	2.155568e-02	-1.275839e+01
1.136000e-05	2.146423e-02	-1.269482e+01
1.137000e-05	2.041867e-02	-1.269205e+01
1.138000e-05	2.074223e-02	-1.257737e+01
1.139000e-05	2.170954e-02	-1.252574e+01
1.140000e-05	2.009421e-02	-1.247056e+01
1.141000e-05	2.199946e-02	-1.235729e+01
1.142000e-05	2.418723e-02	-1.226155e+01
1.143000e-05	2.588070e-02	-1.215631e+01
1.144000e-05	2.433697e-02	-1.211160e+01
1.145000e-05	2.484215e-02	-1.204639e+01
1.146000e-05	2.391712e-02	-1.193097e+01
1.147000e-05	2.505378e-02	-1.185328e+01
1.148000e-05	2.532389e-02	-1.169897e+01
1.149000e-05	2.573029e-02	-1.163416e+01
1.150000e-05	2.508955e-02	-1.150679e+01
1.151000e-05	2.582395e-02	-1.137052e+01
1.152000e-05	2.572735e-02	-1.130369e+01
1.153000e-05	2.402746e-02	-1.116531e+01
1.154000e-05	2.212029e-02	-1.100745e+01
1.155000e-05	2.082355e-02	-1.090155e+01
1.156000e-05	2.039228e-02	-1.073406e+01
1.157000e-05	1.903760e-02	-1.061474e+01
1.158000e-05	1.699138e-02	-1.046519e+01
1.159000e-05	1.586566e-02	-1.027842e+01
1.160000e-05	1.619499e-02	-1.008579e+01
1.161000e-05	1.506355e-02	-9.956313e+00
1.162000e-05	1.537624e-02	-9.756817e+00
1.163000e-05	1.206959e-02	-9.615344e+00
1.164000e-05	1.126605e-02	-9.437920e+00
1.165000e-05	1.055533e-02	-9.249373e+00
1.166000e-05	1.036978e-02	-9.089343e+00
1.167000e-05	8.237930e-03	-8.888920e+00
1.168000e-05	8.636128e-03	-8.707792e+00
1.169000e-05	8.301056e-03	-8.537366e+00
1.170000e-05	8.729250e-03	-8.337766e+00
1.171000e-05	7.184161e-03	-8.163210e+00
1.172000e-05	6.346704e-03	-7.945187e+00
1.173000e-05	5.119923e-03	-7.823261e+00
1.174000e-05	5.363438e-03	-7.542081e+00
1.175000e-05	4.747307e-03	-7.349048e+00
1.176000e-05	3.832517e-03	-7.178845e+00
1.177000e-05	2.831357e-03	-6.897867e+00
1.178000e-05	3.141652e-03	-6.672105e+00
1.179000e-05	3.504886e-03	-6.459900e+00
1.180000e-05	3.506350e-03	-6.257340e+00
1.181000e-05	1.729221e-03	-6.033136e+00
1.182000e-05	2.676359e-03	-5.862632e+00
1.183000e-05	1.827979e-03	-5.579949e+00
1.184000e-05	2.080392e-03	-5.395170e+00
1.185000e-05	1.125864e-03	-5.123130e+00
1.186000e-05	6.913407e-05	-4.910505e+00
1.187000e-05	-3.177524e-04	-4.645239e+00
1.188000e-05	-1.669836e-04	-4.421949e+00
1.189000e-05	-1.015267e-03	-4.163164e+00
1.190000e-05	-4.370385e-04	-3.913080e+00
1.191000e-05	-2.499368e-03	-3.701496e+00
1.192000e-05	5.328607e-05	-3.499242e+00
1.193000e-05	-2.202012e-03	-3.223559e+00
1.194000e-05	-4.775594e-04	-2.999900e+00
1.195000e-05	-2.533584e-03	-2.718336e+00
1.196000e-05	-2.185136e-03	-2.492000e+00
1.197000e-05	-4.186257e-03	-2.227401e+00
1.198000e-05	-3.140513e-03	-1.956237e+00
1.199000e-05	-5.508230e-03	-1.759949e+00
1.200000e-05	-2.195702e-03	-1.537290e+00
1.201000e-05	-4.522187e-03	-1.253576e+00
1.202000e-05	1.221302e-04	-9.443119e-01
1.203000e-05	-3.822156e-03	-7.025014e-01
1.204000e-05	-2.429006e-03	-4.987470e-01
1.205000e-05	-4.887836e-03	-2.226540e-01
1.206000e-05	-1.005044e-03	8.997687e-03
1.207000e-05	3.213204e-03	2.734118e-01
1.208000e-05	-5.218042e-03	4.964936e-01
1.209000e-05	2.337674e-03	6.800502e-01
1.210000e-05	-1.062378e-03	9.547906e-01
1.211000e-05	3.596947e-04	1.186398e+00
1.212000e-05	-3.550827e-03	1.471233e+00
1.213000e-05	8.088418e-03	1.634766e+00
1.214000e-05	2.908753e-02	1.836867e+00
1.215000e-05	6.907396e-02	2.118048e+00
1.216000e-05	-4.099086e-02	2.407550e+00
1.217000e-05	-4.840883e-02	2.671182e+00
1.218000e-05	-2.850177e-02	2.884911e+00
1.219000e-05	-2.533905e-02	3.129575e+00
1.220000e-05	-3.516736e-02	3.361178e+00
1.221000e-05	-5.300191e-02	3.509575e+00
1.222000e-05	9.897151e-02	3.784360e+00
1.223000e-05	-3.337551e-03	4.008501e+00
1.224000e-05	-2.773387e-02	4.209027e+00
1.225000e-05	7.807925e-02	4.486240e+00
1.226000e-05	-9.176089e-02	4.741181e+00
1.227000e-05	2.895451e-02	4.920212e+00
1.228000e-05	-5.569052e-02	5.216450e+00
1.229000e-05	2.044838e-02	5.450526e+00
1.230000e-05	2.469206e-02	5.684261e+00
1.231000e-05	-4.578906e-02	5.916445e+00
1.232000e-05	4.770841e-02	6.109025e+00
1.233000e-05	-5.703276e-02	6.383735e+00
1.234000e-05	2.952380e-02	6.625919e+00
1.235000e-05	-5.463700e-02	6.828177e+00
1.236000e-05	1.167064e-02	7.082290e+00
1.237000e-05	1.578493e-02	7.286837e+00
1.238000e-05	-3.273775e-02	7.466371e+00
1.239000e-05	2.467602e-02	7.645341e+00
1.240000e-05	-4.277129e-02	7.838496e+00
1.241000e-05	8.326414e-03	8.048579e+00
1.242000e-05	-2.533118e-02	8.230052e+00
1.243000e-05	1.033879e-02	8.441178e+00
1.244000e-05	-1.406238e-02	8.662735e+00
1.245000e-05	-1.680674e-02	8.833738e+00
1.246000e-05	8.493309e-03	8.982710e+00
1.247000e-05	-2.326497e-02	9.184762e+00
1.248000e-05	4.071435e-03	9.325716e+00
1.249000e-05	-3.181677e-02	9.552736e+00
1.250000e-05	1.965674e-03	9.703208e+00
1.251000e-05	-1.466888e-02	9.862236e+00
1.252000e-05	1.659978e-03	1.004169e+01
1.253000e-05	-1.861320e-02	1.020215e+01
1.254000e-05	-1.463538e-02	1.035060e+01
1.255000e-05	-6.619164e-03	1.049958e+01
1.256000e-05	-1.446366e-02	1.067847e+01
1.257000e-05	-9.755564e-03	1.081484e+01
1.258000e-05	-2.449045e-02	1.092431e+01
1.259000e-05	-5.580898e-03	1.104163e+01
1.260000e-05	-1.342262e-02	1.121795e+01
1.261000e-05	-5.924733e-03	1.130333e+01
1.262000e-05	-2.169146e-02	1.139116e+01
1.263000e-05	-1.262198e-02	1.151955e+01
1.264000e-05	-1.369908e-02	1.162127e+01
1.265000e-05	-1.252526e-02	1.175263e+01
1.266000e-05	-1.834136e-02	1.186687e+01
1.267000e-05	-2.022650e-02	1.196321e+01
1.268000e-05	-1.407715e-02	1.204592e+01
1.269000e-05	-1.406469e-02	1.213309e+01
1.270000e-05	-1.502101e-02	1.222995e+01
1.271000e-05	-2.532738e-02	1.230181e+01
1.272000e-05	-1.570560e-02	1.239757e+01
1.273000e-05	-1.775704e-02	1.248158e+01
1.274000e-05	-1.151298e-02	1.254700e+01
1.275000e-05	-2.179483e-02	1.262998e+01
1.276000e-05	-1.838775e-02	1.265069e+01
1.277000e-05	-2.215015e-02	1.270429e+01
1.278000e-05	-1.934385e-02	1.273494e+01
1.279000e-05	-2.496158e-02	1.278898e+01
1.280000e-05	-2.333857e-02	1.283055e+01
1.281000e-05	-2.137409e-02	1.284066e+01
1.282000e-05	-1.679203e-02	1.289319e+01
1.283000e-05	-1.853779e-02	1.289537e+01
1.284000e-05	-2.506242e-02	1.288639e+01
1.285000e-05	-2.444363e-02	1.291482e+01
1.286000e-05	-2.705781e-02	1.286627e+01
1.287000e-05	-2.333977e-02	1.289536e+01
1.288000e-05	-2.764875e-02	1.293485e+01
1.289000e-05	-2.664482e-02	1.282481e+01
1.290000e-05	-2.423860e-02	1.290284e+01
1.291000e-05	-2.318566e-02	1.284308e+01
1.292000e-05	-2.596883e-02	1.277163e+01
1.293000e-05	-2.924487e-02	1.273855e+01
1.294000e-05	-2.865006e-02	1.272642e+01
1.295000e-05	-2.722473e-02	1.269327e+01
1.296000e-05	-2.771038e-02	1.265111e+01
1.297000e-05	-2.918986e-02	1.257900e+01
1.298000e-05	-3.004629e-02	1.255484e+01
1.299000e-05	-2.883215e-02	1.247213e+01
1.300000e-05	-2.808973e-02	1.242950e+01
1.301000e-05	-3.053906e-02	1.234381e+01
1.302000e-05	-3.238193e-02	1.222798e+01
1.303000e-05	-3.050962e-02	1.216324e+01
1.304000e-05	-2.863886e-02	1.206047e+01
1.305000e-05	-3.351859e-02	1.197316e+01
1.306000e-05	-3.466225e-02	1.189790e+01
1.307000e-05	-3.475704e-02	1.178213e+01
1.308000e-05	-3.365283e-02	1.168682e+01
1.309000e-05	-3.194409e-02	1.159010e+01
1.310000e-05	-3.485831e-02	1.145311e+01
1.311000e-05	-3.397431e-02	1.131584e+01
1.312000e-05	-3.346667e-02	1.126903e+01
1.313000e-05	-2.862166e-02	1.108108e+01
1.314000e-05	-3.304414e-02	1.095677e+01
1.315000e-05	-2.959911e-02	1.082690e+01
1.316000e-05	-3.059039e-02	1.071000e+01
1.317000e-05	-2.520037e-02	1.055217e+01
1.318000e-05	-2.687983e-02	1.038316e+01
1.319000e-05	-2.606502e-02	1.023481e+01
1.320000e-05	-2.624198e-02	1.009369e+01
1.321000e-05	-2.277500e-02	9.926370e+00
1.322000e-05	-2.090748e-02	9.745317e+00
1.323000e-05	-2.066138e-02	9.576347e+00
1.324000e-05	-2.140026e-02	9.408950e+00
1.325000e-05	-1.970218e-02	9.257899e+00
1.326000e-05	-1.765729e-02	9.087941e+00
1.327000e-05	-1.868842e-02	8.868875e+00
1.328000e-05	-1.820126e-02	8.736317e+00
1.329000e-05	-1.889818e-02	8.525796e+00
1.330000e-05	-1.555235e-02	8.314713e+00
1.331000e-05	-1.624112e-02	8.144240e+00
1.332000e-05	-1.510470e-02	7.923662e+00
1.333000e-05	-1.622980e-02	7.771582e+00
1.334000e-05	-1.453319e-02	7.521003e+00
1.335000e-05	-1.233329e-02	7.360000e+00
1.336000e-05	-1.329715e-02	7.138000e+00
1.337000e-05	-1.397401e-02	6.924790e+00
1.338000e-05	-1.494089e-02	6.722633e+00
1.339000e-05	-1.273231e-02	6.460473e+00
1.340000e-05	-1.273428e-02	6.257291e+00
1.341000e-05	-1.053358e-02	6.025260e+00
1.342000e-05	-1.028344e-02	5.802079e+00
1.343000e-05	-9.578891e-03	5.576848e+00
1.344000e-05	-1.093203e-02	5.386818e+00
1.345000e-05	-9.513337e-03	5.084763e+00
1.346000e-05	-1.087169e-02	4.921578e+00
1.347000e-05	-1.006955e-02	4.668891e+00
1.348000e-05	-1.095008e-02	4.401030e+00
1.349000e-05	-8.751801e-03	4.108715e+00
1.350000e-05	-9.050665e-03	3.902609e+00
1.351000e-05	-8.284505e-03	3.690451e+00
1.352000e-05	-8.346968e-03	3.415839e+00
1.353000e-05	-7.374034e-03	3.222182e+00
1.354000e-05	-6.532035e-03	2.990976e+00
1.355000e-05	-7.604945e-03	2.705764e+00
1.356000e-05	-7.786549e-03	2.471634e+00
1.357000e-05	-7.636688e-03	2.208949e+00
1.358000e-05	-7.223880e-03	1.972636e+00
1.359000e-05	-6.638200e-03	1.731453e+00
1.360000e-05	-7.772179e-03	1.507798e+00
1.361000e-05	-6.540546e-03	1.261507e+00
1.362000e-05	-5.166408e-03	9.763421e-01
1.363000e-05	-4.290871e-03	6.914487e-01
1.364000e-05	-4.409193e-03	4.652920e-01
1.365000e-05	-5.340805e-03	2.447077e-01
1.366000e-05	-3.236559e-03	-3.157920e-02
1.367000e-05	3.802550e-03	-2.647620e-01
1.368000e-05	3.440740e-04	-4.979137e-01
1.369000e-05	-2.223335e-03	-7.515803e-01
1.370000e-05	-1.758931e-03	-9.542332e-01
1.371000e-05	-1.845025e-03	-1.189070e+00
1.372000e-05	-9.743699e-04	-1.452630e+00
1.373000e-05	7.711959e-03	-1.652186e+00
1.374000e-05	5.157858e-02	-1.842785e+00
1.375000e-05	6.609352e-02	-2.120648e+00
1.376000e-05	-7.579308e-02	-2.489595e+00
1.377000e-05	-3.913286e-03	-2.799049e+00
1.378000e-05	-4.357220e-02	-3.009653e+00
1.379000e-05	-1.551651e-02	-3.162657e+00
1.380000e-05	-7.545704e-02	-3.426859e+00
1.381000e-05	1.167908e-01	-3.553132e+00
1.382000e-05	-9.358928e-03	-3.784807e+00
1.383000e-05	-3.117220e-02	-4.031024e+00
1.384000e-05	8.641580e-02	-4.249479e+00
1.385000e-05	-1.091559e-01	-4.538390e+00
1.386000e-05	1.172326e-01	-4.780509e+00
1.387000e-05	-1.172704e-01	-5.014287e+00
1.388000e-05	3.695709e-02	-5.240000e+00
1.389000e-05	7.485135e-02	-5.438529e+00
1.390000e-05	-8.203270e-02	-5.775337e+00
1.391000e-05	1.178998e-01	-5.907447e+00
1.392000e-05	-1.029766e-01	-6.200178e+00
1.393000e-05	6.559778e-02	-6.413817e+00
1.394000e-05	-3.919923e-02	-6.627418e+00
1.395000e-05	-1.420127e-02	-6.934229e+00
1.396000e-05	8.162128e-02	-7.124614e+00
1.397000e-05	-8.229821e-02	-7.285289e+00
1.398000e-05	1.036944e-01	-7.508399e+00
1.399000e-05	-7.756388e-02	-7.730031e+00
1.400000e-05	5.146663e-02	-7.971656e+00
1.401000e-05	-3.188700e-02	-8.122153e+00
1.402000e-05	5.534699e-03	-8.342782e+00
1.403000e-05	4.876469e-02	-8.504891e+00
1.404000e-05	-5.050173e-02	-8.696338e+00
1.405000e-05	7.879710e-02	-8.865317e+00
1.406000e-05	-7.378590e-02	-9.086343e+00
1.407000e-05	7.287304e-02	-9.285844e+00
1.408000e-05	-4.881641e-02	-9.395288e+00
1.409000e-05	4.008351e-02	-9.606817e+00
1.410000e-05	-1.312852e-02	-9.714340e+00
1.411000e-05	1.330514e-02	-9.936916e+00
1.412000e-05	1.908215e-02	-1.008278e+01
1.413000e-05	-1.426594e-02	-1.023684e+01
1.414000e-05	3.555037e-02	-1.043176e+01
1.415000e-05	-2.459928e-02	-1.057371e+01
1.416000e-05	3.958092e-02	-1.071051e+01
1.417000e-05	-2.084080e-02	-1.085857e+01
1.418000e-05	3.179513e-02	-1.101789e+01
1.419000e-05	-1.405244e-02	-1.113478e+01
1.420000e-05	2.718301e-02	-1.127108e+01
1.421000e-05	-4.749483e-03	-1.136850e+01
1.422000e-05	1.913982e-02	-1.153531e+01
1.423000e-05	5.207786e-03	-1.163223e+01
1.424000e-05	7.220788e-03	-1.172797e+01
1.425000e-05	1.431921e-02	-1.183316e+01
1.426000e-05	2.884159e-03	-1.198003e+01
1.427000e-05	1.808598e-02	-1.202536e+01
1.428000e-05	1.453727e-03	-1.210160e+01
1.429000e-05	2.187600e-02	-1.222682e+01
1.430000e-05	1.250789e-03	-1.235073e+01
1.431000e-05	1.881946e-02	-1.239642e+01
1.432000e-05	5.123893e-03	-1.248060e+01
1.433000e-05	1.907426e-02	-1.251534e+01
1.434000e-05	9.190909e-03	-1.260645e+01
1.435000e-05	1.687317e-02	-1.267216e+01
1.436000e-05	1.231719e-02	-1.274469e+01
1.437000e-05	1.457936e-02	-1.277539e+01
1.438000e-05	1.150275e-02	-1.279100e+01
1.439000e-05	1.058809e-02	-1.283415e+01
1.440000e-05	1.480592e-02	-1.289366e+01
1.441000e-05	1.668660e-02	-1.289571e+01
1.442000e-05	1.855656e-02	-1.294584e+01
1.443000e-05	1.565660e-02	-1.296849e+01
1.444000e-05	1.762442e-02	-1.295839e+01
1.445000e-05	1.498503e-02	-1.295907e+01
1.446000e-05	1.845432e-02	-1.294900e+01
1.447000e-05	1.625651e-02	-1.296945e+01
1.448000e-05	1.849471e-02	-1.295795e+01
1.449000e-05	1.922130e-02	-1.294839e+01
1.450000e-05	1.978635e-02	-1.295791e+01
1.451000e-05	1.942861e-02	-1.292684e+01
1.452000e-05	1.831153e-02	-1.288371e+01
1.453000e-05	1.992707e-02	-1.287418e+01
1.454000e-05	1.977353e-02	-1.284148e+01
1.455000e-05	2.147270e-02	-1.277947e+01
1.456000e-05	2.041662e-02	-1.274682e+01
1.457000e-05	2.071570e-02	-1.271378e+01
1.458000e-05	2.056557e-02	-1.259998e+01
1.459000e-05	2.104091e-02	-1.257584e+01
1.460000e-05	2.153239e-02	-1.248313e+01
1.461000e-05	2.217089e-02	-1.241400e+01
1.462000e-05	2.274539e-02	-1.231366e+01
1.463000e-05	2.485258e-02	-1.226995e+01
1.464000e-05	2.422005e-02	-1.213514e+01
1.465000e-05	2.532495e-02	-1.207895e+01
1.466000e-05	2.520750e-02	-1.201368e+01
1.467000e-05	2.502976e-02	-1.184686e+01
1.468000e-05	2.642248e-02	-1.176156e+01
1.469000e-05	2.463779e-02	-1.168626e+01
1.470000e-05	2.454278e-02	-1.154997e+01
1.471000e-05	2.509327e-02	-1.145318e+01
1.472000e-05	2.847515e-02	-1.135532e+01
1.473000e-05	2.263908e-02	-1.122995e+01
1.474000e-05	2.087371e-02	-1.107200e+01
1.475000e-05	2.247952e-02	-1.094626e+01
1.476000e-05	2.413229e-02	-1.081679e+01
1.477000e-05	2.002386e-02	-1.066945e+01
1.478000e-05	1.483175e-02	-1.056156e+01
1.479000e-05	1.577591e-02	-1.036298e+01
1.480000e-05	1.846332e-02	-1.019101e+01
1.481000e-05	1.696566e-02	-1.003898e+01
1.482000e-05	1.333331e-02	-9.821048e+00
1.483000e-05	1.179778e-02	-9.671551e+00
1.484000e-05	1.391871e-02	-9.481553e+00
1.485000e-05	1.433118e-02	-9.343678e+00
1.486000e-05	8.919801e-03	-9.193207e+00
1.487000e-05	8.839965e-03	-8.952633e+00
1.488000e-05	5.094910e-03	-8.780604e+00
1.489000e-05	1.139374e-02	-8.620584e+00
1.490000e-05	6.290796e-03	-8.442007e+00
1.491000e-05	6.887995e-03	-8.220474e+00
1.492000e-05	5.013917e-03	-8.067945e+00
1.493000e-05	8.796605e-03	-7.888421e+00
1.494000e-05	9.192388e-03	-7.647743e+00
1.495000e-05	4.097073e-03	-7.465738e+00
1.496000e-05	2.254594e-03	-7.272183e+00
1.497000e-05	-2.055030e-04	-7.061557e+00
1.498000e-05	4.070276e-03	-6.820871e+00
1.499000e-05	2.528860e-03	-6.535238e+00
1.500000e-05	2.944960e-03	-6.382036e+00
1.501000e-05	2.991911e-03	-6.171453e+00
1.502000e-05	4.574893e-03	-5.907770e+00
1.503000e-05	2.352038e-03	-5.733737e+00
1.504000e-05	4.045400e-04	-5.484107e+00
1.505000e-05	-2.971427e-03	-5.269400e+00
1.506000e-05	-2.451139e-04	-5.025717e+00
1.507000e-05	6.707402e-04	-4.773633e+00
1.508000e-05	7.423415e-04	-4.519895e+00
1.509000e-05	-1.326863e-03	-4.253054e+00
1.510000e-05	-5.885038e-04	-3.999322e+00
1.511000e-05	2.002945e-04	-3.798290e+00
1.512000e-05	-7.223112e-04	-3.592583e+00
1.513000e-05	-2.430984e-03	-3.330450e+00
1.514000e-05	-5.353760e-03	-3.105843e+00
1.515000e-05	-1.236577e-03	-2.864059e+00
1.516000e-05	-1.451702e-03	-2.630348e+00
1.517000e-05	-2.118817e-03	-2.356711e+00
1.518000e-05	-3.473677e-03	-2.171027e+00
1.519000e-05	-4.364255e-03	-1.856767e+00
1.520000e-05	-3.771836e-03	-1.644082e+00
1.521000e-05	-4.458870e-03	-1.390400e+00
1.522000e-05	-4.564235e-03	-1.072578e+00
1.523000e-05	-4.455679e-03	-8.388934e-01
1.524000e-05	-2.299795e-03	-5.952328e-01
1.525000e-05	-1.318112e-03	-3.383711e-01
1.526000e-05	-1.090631e-03	-1.356870e-01
1.527000e-05	2.261385e-03	1.073710e-01
1.528000e-05	-7.467871e-04	3.921064e-01
1.529000e-05	-2.585394e-03	5.942354e-01
1.530000e-05	2.408078e-04	8.473134e-01
1.531000e-05	-3.757461e-03	1.072150e+00
1.532000e-05	-8.504951e-04	1.295267e+00
1.533000e-05	-2.216390e-03	1.549626e+00
1.534000e-05	1.833941e-02	1.760574e+00
1.535000e-05	5.442474e-02	1.972708e+00
1.536000e-05	3.282169e-02	2.300005e+00
1.537000e-05	-7.569626e-02	2.555315e+00
1.538000e-05	-1.980613e-02	2.829078e+00
1.539000e-05	-4.219911e-02	3.063761e+00
1.540000e-05	-2.108832e-02	3.255367e+00
1.541000e-05	-6.147780e-02	3.446417e+00
1.542000e-05	2.404779e-02	3.657442e+00
1.543000e-05	9.107855e-02	3.892732e+00
1.544000e-05	-8.304405e-02	4.125319e+00
1.545000e-05	9.002047e-02	4.317992e+00
1.546000e-05	-3.225657e-02	4.615866e+00
1.547000e-05	-4.017599e-02	4.875842e+00
1.548000e-05	7.103681e-03	5.123127e+00
1.549000e-05	-4.975089e-02	5.344312e+00
1.550000e-05	7.276164e-02	5.555393e+00
1.551000e-05	-6.292418e-02	5.821636e+00
1.552000e-05	3.101854e-02	6.001687e+00
1.553000e-05	-8.673354e-03	6.245416e+00
1.554000e-05	-2.609914e-02	6.508051e+00
1.555000e-05	1.755034e-03	6.732286e+00
1.556000e-05	-4.143608e-02	6.967446e+00
1.557000e-05	4.250436e-02	7.179674e+00
1.558000e-05	-3.618185e-02	7.373678e+00
1.559000e-05	1.568207e-02	7.591108e+00
1.560000e-05	-1.001806e-02	7.772233e+00
1.561000e-05	-3.216635e-02	7.984233e+00
1.562000e-05	7.443086e-03	8.164865e+00
1.563000e-05	-2.447053e-02	8.336970e+00
1.564000e-05	1.777766e-02	8.586970e+00
1.565000e-05	-3.494641e-02	8.738999e+00
1.566000e-05	8.564257e-03	8.919526e+00
1.567000e-05	-1.459291e-02	9.099024e+00
1.568000e-05	-7.376690e-03	9.248023e+00
1.569000e-05	-1.078494e-02	9.427077e+00
1.570000e-05	-2.352454e-02	9.597472e+00
1.571000e-05	7.360506e-03	9.757946e+00
1.572000e-05	-2.304068e-02	9.957945e+00
1.573000e-05	3.073653e-03	1.012704e+01
1.574000e-05	-2.777982e-02	1.024629e+01
1.575000e-05	-1.986287e-03	1.045642e+01
1.576000e-05	-1.746068e-02	1.059483e+01
1.577000e-05	-5.835162e-03	1.074208e+01
1.578000e-05	-1.755256e-02	1.089805e+01
1.579000e-05	-1.653787e-02	1.100640e+01
1.580000e-05	-4.659280e-03	1.116426e+01
1.581000e-05	-1.620663e-02	1.127023e+01
1.582000e-05	-1.058928e-02	1.137792e+01
1.583000e-05	-2.184491e-02	1.149582e+01
1.584000e-05	-1.169682e-02	1.164121e+01
1.585000e-05	-1.452793e-02	1.169802e+01
1.586000e-05	-1.360118e-02	1.183424e+01
1.587000e-05	-1.715261e-02	1.187952e+01
1.588000e-05	-1.620783e-02	1.199429e+01
1.589000e-05	-1.091669e-02	1.208863e+01
1.590000e-05	-1.819652e-02	1.219429e+01
1.591000e-05	-1.841303e-02	1.228055e+01
1.592000e-05	-2.615443e-02	1.237534e+01
1.593000e-05	-1.559796e-02	1.248003e+01
1.594000e-05	-1.738110e-02	1.250576e+01
1.595000e-05	-1.425690e-02	1.256700e+01
1.596000e-05	-1.843764e-02	1.261966e+01
1.597000e-05	-1.878004e-02	1.267476e+01
1.598000e-05	-1.920663e-02	1.272484e+01
1.599000e-05	-2.408574e-02	1.277750e+01
1.600000e-05	-2.438724e-02	1.281205e+01
1.601000e-05	-2.482778e-02	1.285166e+01
1.602000e-05	-1.782238e-02	1.288166e+01
1.603000e-05	-1.798493e-02	1.291431e+01
1.604000e-05	-1.997005e-02	1.290682e+01
1.605000e-05	-2.362027e-02	1.292434e+01
1.606000e-05	-2.423213e-02	1.290529e+01
1.607000e-05	-2.489820e-02	1.292636e+01
1.608000e-05	-2.637377e-02	1.287534e+01
1.609000e-05	-2.596184e-02	1.285681e+01
1.610000e-05	-2.670065e-02	1.289484e+01
1.611000e-05	-2.442590e-02	1.283419e+01
1.612000e-05	-2.552429e-02	1.280323e+01
1.613000e-05	-2.744379e-02	1.283098e+01
1.614000e-05	-2.856458e-02	1.277738e+01
1.615000e-05	-2.705650e-02	1.273435e+01
1.616000e-05	-2.743587e-02	1.270226e+01
1.617000e-05	-2.784710e-02	1.262061e+01
1.618000e-05	-2.891787e-02	1.259745e+01
1.619000e-05	-2.999511e-02	1.250569e+01
1.620000e-05	-2.906751e-02	1.246055e+01
1.621000e-05	-3.047314e-02	1.240739e+01
1.622000e-05	-3.076551e-02	1.229908e+01
1.623000e-05	-3.209383e-02	1.219687e+01
1.624000e-05	-3.365258e-02	1.210858e+01
1.625000e-05	-3.225627e-02	1.203439e+01
1.626000e-05	-3.381448e-02	1.196058e+01
1.627000e-05	-3.112546e-02	1.181376e+01
1.628000e-05	-3.449916e-02	1.174895e+01
1.629000e-05	-3.454423e-02	1.163374e+01
1.630000e-05	-3.542726e-02	1.150640e+01
1.631000e-05	-3.102025e-02	1.137998e+01
1.632000e-05	-3.203627e-02	1.128326e+01
1.633000e-05	-3.230851e-02	1.113632e+01
1.634000e-05	-3.276409e-02	1.104950e+01
1.635000e-05	-2.926755e-02	1.089364e+01
1.636000e-05	-2.689953e-02	1.075364e+01
1.637000e-05	-2.847111e-02	1.060729e+01
1.638000e-05	-2.780230e-02	1.048797e+01
1.639000e-05	-2.691944e-02	1.033895e+01
1.640000e-05	-2.373612e-02	1.015958e+01
1.641000e-05	-2.374742e-02	1.001053e+01
1.642000e-05	-2.339565e-02	9.840556e+00
1.643000e-05	-2.261425e-02	9.631007e+00
1.644000e-05	-2.031034e-02	9.492709e+00
1.645000e-05	-1.812117e-02	9.314656e+00
1.646000e-05	-1.906900e-02	9.153187e+00
1.647000e-05	-1.901807e-02	8.952580e+00
1.648000e-05	-1.843588e-02	8.801137e+00
1.649000e-05	-1.618282e-02	8.602507e+00
1.650000e-05	-1.742038e-02	8.397997e+00
1.651000e-05	-1.665892e-02	8.210500e+00
1.652000e-05	-1.750128e-02	8.038445e+00
1.653000e-05	-1.385754e-02	7.807299e+00
1.654000e-05	-1.399530e-02	7.625767e+00
1.655000e-05	-1.371778e-02	7.454762e+00
1.656000e-05	-1.421868e-02	7.213661e+00
1.657000e-05	-1.322746e-02	7.029609e+00
1.658000e-05	-1.241689e-02	6.819447e+00
1.659000e-05	-1.271935e-02	6.576890e+00
1.660000e-05	-1.252328e-02	6.372061e+00
1.661000e-05	-1.222711e-02	6.130029e+00
1.662000e-05	-1.114790e-02	5.898367e+00
1.663000e-05	-1.031268e-02	5.665718e+00
1.664000e-05	-1.074061e-02	5.472581e+00
1.665000e-05	-1.026486e-02	5.280549e+00
1.666000e-05	-9.768632e-03	5.068267e+00
1.667000e-05	-9.473616e-03	4.773185e+00
1.668000e-05	-9.242182e-03	4.509979e+00
1.669000e-05	-9.662155e-03	4.263084e+00
1.670000e-05	-9.538767e-03	4.039900e+00
1.671000e-05	-9.562984e-03	3.788392e+00
1.672000e-05	-7.490513e-03	3.521608e+00
1.673000e-05	-8.124130e-03	3.288924e+00
1.674000e-05	-7.893672e-03	3.058813e+00
1.675000e-05	-8.022246e-03	2.834079e+00
1.676000e-05	-6.056356e-03	2.569352e+00
1.677000e-05	-7.005734e-03	2.397841e+00
1.678000e-05	-6.459085e-03	2.110025e+00
1.679000e-05	-7.976821e-03	1.856866e+00
1.680000e-05	-7.058889e-03	1.624287e+00
1.681000e-05	-6.946123e-03	1.379870e+00
1.682000e-05	-6.569198e-03	1.085184e+00
1.683000e-05	-6.342703e-03	8.477946e-01
1.684000e-05	-5.939984e-03	5.545555e-01
1.685000e-05	-4.306231e-03	3.414511e-01
1.686000e-05	-3.254278e-03	2.414427e-02
1.687000e-05	-7.033323e-05	-1.889199e-01
1.688000e-05	5.761190e-03	-3.900491e-01
1.689000e-05	-5.100614e-03	-6.537882e-01
1.690000e-05	2.392868e-03	-8.588925e-01
1.691000e-05	-4.166422e-03	-1.081075e+00
1.692000e-05	-1.848931e-03	-1.357891e+00
1.693000e-05	-2.059090e-03	-1.546894e+00
1.694000e-05	2.622737e-02	-1.759020e+00
1.695000e-05	8.245301e-02	-1.980107e+00
1.696000e-05	-1.698145e-02	-2.280053e+00
1.697000e-05	-4.593986e-02	-2.630504e+00
1.698000e-05	-5.581073e-03	-2.927865e+00
1.699000e-05	-4.657885e-02	-3.126870e+00
1.700000e-05	-4.438360e-02	-3.287893e+00
1.701000e-05	2.389463e-03	-3.488946e+00
1.702000e-05	1.034402e-01	-3.636893e+00
1.703000e-05	-9.687142e-02	-3.902627e+00
1.704000e-05	1.221744e-01	-4.145388e+00
1.705000e-05	-5.415308e-02	-4.419890e+00
1.706000e-05	-1.919173e-02	-4.655861e+00
1.707000e-05	5.155257e-02	-4.905871e+00
1.708000e-05	-1.170961e-01	-5.162232e+00
1.709000e-05	1.633297e-01	-5.324760e+00
1.710000e-05	-1.058841e-01	-5.617424e+00
1.711000e-05	7.015985e-02	-5.841683e+00
1.712000e-05	1.967122e-02	-6.044261e+00
1.713000e-05	-6.841955e-02	-6.327452e+00
1.714000e-05	7.206663e-02	-6.540177e+00
1.715000e-05	-1.027421e-01	-6.787769e+00
1.716000e-05	1.149748e-01	-7.031545e+00
1.717000e-05	-6.476100e-02	-7.198098e+00
1.718000e-05	4.089249e-02	-7.483180e+00
1.719000e-05	3.482579e-02	-7.612714e+00
1.720000e-05	-6.710225e-02	-7.857369e+00
1.721000e-05	7.276671e-02	-7.977943e+00
1.722000e-05	-8.382572e-02	-8.217491e+00
1.723000e-05	9.851632e-02	-8.417999e+00
1.724000e-05	-5.940106e-02	-8.620575e+00
1.725000e-05	5.264584e-02	-8.772130e+00
1.726000e-05	-1.511157e-02	-8.960680e+00
1.727000e-05	-2.837117e-03	-9.152736e+00
1.728000e-05	3.543583e-02	-9.340682e+00
1.729000e-05	-4.366169e-02	-9.523174e+00
1.730000e-05	6.054764e-02	-9.650524e+00
1.731000e-05	-4.456431e-02	-9.828025e+00
1.732000e-05	5.517824e-02	-1.000053e+01
1.733000e-05	-3.074294e-02	-1.017813e+01
1.734000e-05	3.674771e-02	-1.036102e+01
1.735000e-05	-2.141931e-02	-1.053750e+01
1.736000e-05	2.537451e-02	-1.069787e+01
1.737000e-05	1.651421e-03	-1.079627e+01
1.738000e-05	7.076513e-03	-1.096386e+01
1.739000e-05	1.424343e-02	-1.104005e+01
1.740000e-05	2.342450e-04	-1.121752e+01
1.741000e-05	2.347117e-02	-1.133489e+01
1.742000e-05	-7.334437e-03	-1.147363e+01
1.743000e-05	2.457537e-02	-1.155044e+01
1.744000e-05	-1.170095e-02	-1.169489e+01
1.745000e-05	2.696211e-02	-1.178110e+01
1.746000e-05	-5.998634e-03	-1.190739e+01
1.747000e-05	2.179692e-02	-1.200321e+01
1.748000e-05	2.359093e-03	-1.206900e+01
1.749000e-05	1.776339e-02	-1.219584e+01
1.750000e-05	9.071394e-03	-1.225852e+01
1.751000e-05	1.078663e-02	-1.232381e+01
1.752000e-05	9.042566e-03	-1.242743e+01
1.753000e-05	8.229098e-03	-1.251275e+01
1.754000e-05	1.807226e-02	-1.256682e+01
1.755000e-05	1.108442e-02	-1.263965e+01
1.756000e-05	1.864131e-02	-1.269126e+01
1.757000e-05	8.976557e-03	-1.275592e+01
1.758000e-05	1.619627e-02	-1.277900e+01
1.759000e-05	1.028679e-02	-1.281106e+01
1.760000e-05	1.642766e-02	-1.285468e+01
1.761000e-05	1.046655e-02	-1.289481e+01
1.762000e-05	1.711098e-02	-1.290574e+01
1.763000e-05	1.627907e-02	-1.295534e+01
1.764000e-05	1.701165e-02	-1.291892e+01
1.765000e-05	1.458824e-02	-1.297895e+01
1.766000e-05	1.555845e-02	-1.297007e+01
1.767000e-05	1.915250e-02	-1.299003e+01
1.768000e-05	1.766830e-02	-1.297894e+01
1.769000e-05	1.961887e-02	-1.297955e+01
1.770000e-05	1.795062e-02	-1.296902e+01
1.771000e-05	1.999156e-02	-1.291692e+01
1.772000e-05	1.868945e-02	-1.288679e+01
1.773000e-05	1.964637e-02	-1.288376e+01
1.774000e-05	1.849098e-02	-1.283313e+01
1.775000e-05	2.008468e-02	-1.278995e+01
1.776000e-05	2.265035e-02	-1.274895e+01
1.777000e-05	2.272887e-02	-1.275434e+01
1.778000e-05	2.110826e-02	-1.265265e+01
1.779000e-05	1.952760e-02	-1.259689e+01
1.780000e-05	2.040966e-02	-1.253427e+01
1.781000e-05	2.172345e-02	-1.244002e+01
1.782000e-05	2.210250e-02	-1.241440e+01
1.783000e-05	2.243278e-02	-1.232203e+01
1.784000e-05	2.471942e-02	-1.221579e+01
1.785000e-05	2.596100e-02	-1.211258e+01
1.786000e-05	2.699489e-02	-1.202694e+01
1.787000e-05	2.488316e-02	-1.195155e+01
1.788000e-05	2.553721e-02	-1.183316e+01
1.789000e-05	2.627036e-02	-1.170790e+01
1.790000e-05	2.703644e-02	-1.161213e+01
1.791000e-05	2.388992e-02	-1.148523e+01
1.792000e-05	2.427679e-02	-1.138997e+01
1.793000e-05	2.339958e-02	-1.127258e+01
1.794000e-05	2.416643e-02	-1.112624e+01
1.795000e-05	2.263772e-02	-1.100892e+01
1.796000e-05	2.081568e-02	-1.089105e+01
1.797000e-05	2.062751e-02	-1.073318e+01
1.798000e-05	1.973969e-02	-1.061167e+01
1.799000e-05	1.759858e-02	-1.045531e+01
1.800000e-05	1.666298e-02	-1.022877e+01
1.801000e-05	1.639622e-02	-1.015579e+01
1.802000e-05	1.530190e-02	-9.885261e+00
1.803000e-05	1.321585e-02	-9.776815e+00
1.804000e-05	1.191358e-02	-9.545342e+00
1.805000e-05	1.244375e-02	-9.406394e+00
1.806000e-05	1.198692e-02	-9.267948e+00
1.807000e-05	1.012853e-02	-9.048373e+00
1.808000e-05	8.537521e-03	-8.897820e+00
1.809000e-05	8.616708e-03	-8.676366e+00
1.810000e-05	8.232252e-03	-8.567845e+00
1.811000e-05	7.827180e-03	-8.347240e+00
1.812000e-05	4.542512e-03	-8.124791e+00
1.813000e-05	5.368761e-03	-7.933757e+00
1.814000e-05	5.449395e-03	-7.773185e+00
1.815000e-05	5.556624e-03	-7.561529e+00
1.816000e-05	5.184127e-03	-7.380349e+00
1.817000e-05	3.839371e-03	-7.158844e+00
1.818000e-05	3.975050e-03	-6.927293e+00
1.819000e-05	3.470666e-03	-6.702032e+00
1.820000e-05	2.215357e-03	-6.419875e+00
1.821000e-05	1.825054e-03	-6.278341e+00
1.822000e-05	1.284849e-03	-6.043636e+00
1.823000e-05	1.639068e-03	-5.791506e+00
1.824000e-05	1.932455e-03	-5.598400e+00
1.825000e-05	3.033911e-04	-5.396190e+00
1.826000e-05	9.454959e-04	-5.125132e+00
1.827000e-05	9.048353e-04	-4.900325e+00
1.828000e-05	5.464541e-05	-4.675666e+00
1.829000e-05	3.072845e-04	-4.361452e+00
1.830000e-05	-9.871406e-05	-4.135111e+00
1.831000e-05	-1.441799e-03	-3.933654e+00
1.832000e-05	-1.541839e-03	-3.701553e+00
1.833000e-05	-1.950895e-03	-3.467237e+00
1.834000e-05	-2.429682e-03	-3.222582e+00
1.835000e-05	-1.283711e-03	-2.930949e+00
1.836000e-05	-2.153759e-03	-2.726865e+00
1.837000e-05	-3.243873e-03	-2.481479e+00
1.838000e-05	-2.219696e-03	-2.239275e+00
1.839000e-05	-1.404457e-03	-1.994732e+00
1.840000e-05	-4.027074e-03	-1.708972e+00
1.841000e-05	-4.879334e-03	-1.507813e+00
1.842000e-05	-6.274915e-03	-1.272025e+00
1.843000e-05	-2.484374e-03	-9.771844e-01
1.844000e-05	-3.153597e-03	-7.418763e-01
1.845000e-05	-3.609189e-03	-4.171672e-01
1.846000e-05	-4.498881e-03	-2.221852e-01
1.847000e-05	-1.881609e-05	9.552822e-03
1.848000e-05	6.552359e-03	2.554155e-01
1.849000e-05	-4.821279e-03	4.760436e-01
1.850000e-05	1.587770e-03	7.111251e-01
1.851000e-05	-2.480889e-03	9.641885e-01
1.852000e-05	-4.297954e-04	1.188469e+00
1.853000e-05	-4.102050e-03	1.483787e+00
1.854000e-05	6.573226e-03	1.676813e+00
1.855000e-05	2.614088e-02	1.855390e+00
1.856000e-05	7.510016e-02	2.109604e+00
1.857000e-05	-4.250778e-02	2.438546e+00
1.858000e-05	-4.313843e-02	2.713232e+00
1.859000e-05	-2.625532e-02	2.935341e+00
1.860000e-05	-4.030911e-02	3.158054e+00
1.861000e-05	-3.887913e-02	3.331103e+00
1.862000e-05	-2.840496e-02	3.521554e+00
1.863000e-05	8.180692e-02	3.775289e+00
1.864000e-05	-1.468224e-02	4.021000e+00
1.865000e-05	-9.162833e-03	4.240650e+00
1.866000e-05	7.593267e-02	4.494315e+00
1.867000e-05	-9.587099e-02	4.770811e+00
1.868000e-05	2.788537e-02	4.962231e+00
1.869000e-05	-5.467675e-02	5.217974e+00
1.870000e-05	2.954079e-02	5.429025e+00
1.871000e-05	1.103687e-02	5.662182e+00
1.872000e-05	-4.041556e-02	5.926900e+00
1.873000e-05	5.620597e-02	6.117499e+00
1.874000e-05	-7.079213e-02	6.381728e+00
1.875000e-05	2.869913e-02	6.637418e+00
1.876000e-05	-4.591961e-02	6.829603e+00
1.877000e-05	1.344745e-02	7.103237e+00
1.878000e-05	1.079665e-03	7.274890e+00
1.879000e-05	-1.850289e-02	7.435343e+00
1.880000e-05	2.877183e-02	7.666866e+00
1.881000e-05	-5.470591e-02	7.858650e+00
1.882000e-05	1.399233e-02	8.089078e+00
1.883000e-05	-2.842906e-02	8.281628e+00
1.884000e-05	8.436170e-03	8.462629e+00
1.885000e-05	-1.507887e-02	8.652281e+00
1.886000e-05	-1.256874e-02	8.864311e+00
1.887000e-05	3.837937e-03	8.992187e+00
1.888000e-05	-2.176830e-02	9.225815e+00
1.889000e-05	3.848982e-03	9.353287e+00
1.890000e-05	-3.064154e-02	9.563335e+00
1.891000e-05	3.154311e-03	9.732206e+00
1.892000e-05	-1.897853e-02	9.892758e+00
1.893000e-05	1.097294e-03	1.003213e+01
1.894000e-05	-1.644739e-02	1.026121e+01
1.895000e-05	-1.567399e-02	1.036056e+01
1.896000e-05	-9.288050e-03	1.052103e+01
1.897000e-05	-1.139415e-02	1.065792e+01
1.898000e-05	-1.113251e-02	1.082679e+01
1.899000e-05	-2.146040e-02	1.093374e+01
1.900000e-05	-5.043692e-03	1.105215e+01
1.901000e-05	-1.540905e-02	1.120049e+01
1.902000e-05	-7.421363e-03	1.132281e+01
1.903000e-05	-2.014461e-02	1.141265e+01
1.904000e-05	-1.435064e-02	1.154607e+01
1.905000e-05	-1.676562e-02	1.164584e+01
1.906000e-05	-1.103426e-02	1.177010e+01
1.907000e-05	-1.813634e-02	1.188687e+01
1.908000e-05	-1.848053e-02	1.199115e+01
1.909000e-05	-1.367474e-02	1.206992e+01
1.910000e-05	-1.367872e-02	1.213223e+01
1.911000e-05	-1.532892e-02	1.222842e+01
1.912000e-05	-2.228746e-02	1.232228e+01
1.913000e-05	-1.656010e-02	1.240807e+01
1.914000e-05	-1.934579e-02	1.249268e+01
1.915000e-05	-1.454437e-02	1.255582e+01
1.916000e-05	-2.175929e-02	1.261855e+01
1.917000e-05	-1.929427e-02	1.266171e+01
1.918000e-05	-2.104741e-02	1.271444e+01
1.919000e-05	-1.915101e-02	1.273834e+01
1.920000e-05	-2.070161e-02	1.281913e+01
1.921000e-05	-2.412978e-02	1.281865e+01
1.922000e-05	-2.079723e-02	1.282364e+01
1.923000e-05	-2.121393e-02	1.290221e+01
1.924000e-05	-1.945428e-02	1.286582e+01
1.925000e-05	-2.664697e-02	1.291341e+01
1.926000e-05	-2.326603e-02	1.287686e+01
1.927000e-05	-2.513895e-02	1.289680e+01
1.928000e-05	-2.234583e-02	1.289541e+01
1.929000e-05	-2.543389e-02	1.290577e+01
1.930000e-05	-2.647981e-02	1.289574e+01
1.931000e-05	-2.526013e-02	1.284469e+01
1.932000e-05	-2.574305e-02	1.282223e+01
1.933000e-05	-2.708883e-02	1.285160e+01
1.934000e-05	-2.995260e-02	1.275900e+01
1.935000e-05	-2.819425e-02	1.272642e+01
1.936000e-05	-2.701418e-02	1.266481e+01
1.937000e-05	-2.626849e-02	1.269114e+01
1.938000e-05	-2.721459e-02	1.259793e+01
1.939000e-05	-3.198568e-02	1.254677e+01
1.940000e-05	-2.767359e-02	1.249263e+01
1.941000e-05	-3.093499e-02	1.238647e+01
1.942000e-05	-2.721026e-02	1.236517e+01
1.943000e-05	-3.344529e-02	1.224892e+01
1.944000e-05	-3.025047e-02	1.215274e+01
1.945000e-05	-3.069755e-02	1.208957e+01
1.946000e-05	-3.318700e-02	1.198376e+01
1.947000e-05	-3.781828e-02	1.187739e+01
1.948000e-05	-3.519473e-02	1.176155e+01
1.949000e-05	-3.441783e-02	1.166629e+01
1.950000e-05	-2.939215e-02	1.157905e+01
1.951000e-05	-3.314009e-02	1.144411e+01
1.952000e-05	-3.304962e-02	1.135542e+01
1.953000e-05	-3.273516e-02	1.124053e+01
1.954000e-05	-3.281351e-02	1.110216e+01
1.955000e-05	-3.148512e-02	1.096681e+01
1.956000e-05	-3.280876e-02	1.082689e+01
1.957000e-05	-2.921358e-02	1.066098e+01
1.958000e-05	-2.575560e-02	1.055261e+01
1.959000e-05	-2.364202e-02	1.040173e+01
1.960000e-05	-2.404739e-02	1.025374e+01
1.961000e-05	-2.576520e-02	1.011329e+01
1.962000e-05	-2.510566e-02	9.934766e+00
1.963000e-05	-2.287351e-02	9.745866e+00
1.964000e-05	-2.129619e-02	9.596375e+00
1.965000e-05	-2.259768e-02	9.425925e+00
1.966000e-05	-2.047743e-02	9.238019e+00
1.967000e-05	-1.829720e-02	9.035896e+00
1.968000e-05	-1.464065e-02	8.878394e+00
1.969000e-05	-1.748493e-02	8.665788e+00
1.970000e-05	-1.862994e-02	8.495816e+00
1.971000e-05	-1.786195e-02	8.303737e+00
1.972000e-05	-1.458805e-02	8.175234e+00
1.973000e-05	-1.545343e-02	7.943113e+00
1.974000e-05	-1.636379e-02	7.730606e+00
1.975000e-05	-1.657256e-02	7.500000e+00
1.976000e-05	-1.116404e-02	7.308977e+00
1.977000e-05	-1.357318e-02	7.118368e+00
1.978000e-05	-1.246449e-02	6.876260e+00
1.979000e-05	-1.559912e-02	6.713632e+00
1.980000e-05	-1.136951e-02	6.467928e+00
1.981000e-05	-9.561324e-03	6.236813e+00
1.982000e-05	-9.587264e-03	6.033661e+00
1.983000e-05	-1.074712e-02	5.792001e+00
1.984000e-05	-1.290480e-02	5.579417e+00
1.985000e-05	-8.745280e-03	5.355790e+00
1.986000e-05	-1.323066e-02	5.116181e+00
1.987000e-05	-1.024905e-02	4.878949e+00
1.988000e-05	-1.171924e-02	4.707820e+00
1.989000e-05	-6.499819e-03	4.370502e+00
1.990000e-05	-5.265211e-03	4.164743e+00
1.991000e-05	-7.350159e-03	3.902612e+00
1.992000e-05	-9.568724e-03	3.678351e+00
1.993000e-05	-1.054637e-02	3.395712e+00
1.994000e-05	-1.008466e-02	3.171633e+00
1.995000e-05	-7.507958e-03	2.939475e+00
1.996000e-05	-8.311296e-03	2.695186e+00
1.997000e-05	-7.290305e-03	2.472007e+00
1.998000e-05	-4.192977e-03	2.228297e+00
1.999000e-05	-5.355281e-03	1.962134e+00
2.000000e-05	-5.549088e-03	1.739950e+00
2.001000e-05	-8.973643e-03	1.487171e+00
2.002000e-05	-5.955221e-03	1.211475e+00
2.003000e-05	-5.820106e-03	9.558605e-01
2.004000e-05	-4.294089e-03	6.904486e-01
2.005000e-05	-6.373657e-03	4.358156e-01
2.006000e-05	-3.834968e-03	1.936627e-01
2.007000e-05	-2.066574e-03	-8.112796e-02
2.008000e-05	4.091251e-03	-2.652370e-01
2.009000e-05	-8.569177e-04	-5.078912e-01
2.010000e-05	-1.986574e-03	-7.707043e-01
2.011000e-05	1.004544e-04	-9.637883e-01
2.012000e-05	-1.454703e-03	-1.259373e+00
2.013000e-05	-1.384224e-03	-1.442159e+00
2.014000e-05	5.073179e-03	-1.653782e+00
2.015000e-05	5.003584e-02	-1.814212e+00
2.016000e-05	6.943462e-02	-2.150652e+00
2.017000e-05	-7.512690e-02	-2.490125e+00
2.018000e-05	1.710474e-03	-2.816996e+00
2.019000e-05	-5.263487e-02	-3.011204e+00
2.020000e-05	-3.070151e-02	-3.182577e+00
2.021000e-05	-4.827137e-02	-3.383237e+00
2.022000e-05	1.146361e-01	-3.591654e+00
2.023000e-05	-2.716099e-02	-3.804285e+00
2.024000e-05	-7.839646e-03	-4.059897e+00
2.025000e-05	9.403080e-02	-4.211175e+00
2.026000e-05	-1.263861e-01	-4.535392e+00
2.027000e-05	1.244194e-01	-4.772634e+00
2.028000e-05	-1.280522e-01	-5.035737e+00
2.029000e-05	5.433287e-02	-5.211048e+00
2.030000e-05	6.010864e-02	-5.420550e+00
2.031000e-05	-7.812976e-02	-5.754410e+00
2.032000e-05	1.372426e-01	-5.935973e+00
2.033000e-05	-1.227832e-01	-6.200679e+00
2.034000e-05	6.286922e-02	-6.446965e+00
2.035000e-05	-3.312219e-02	-6.627418e+00
2.036000e-05	-5.917513e-03	-6.896232e+00
2.037000e-05	6.345335e-02	-7.094283e+00
2.038000e-05	-7.948769e-02	-7.307815e+00
2.039000e-05	1.268268e-01	-7.559020e+00
2.040000e-05	-9.664514e-02	-7.739480e+00
2.041000e-05	5.390207e-02	-7.943204e+00
2.042000e-05	-2.563660e-02	-8.142736e+00
2.043000e-05	-1.973450e-03	-8.305767e+00
2.044000e-05	5.415450e-02	-8.545243e+00
2.045000e-05	-5.092110e-02	-8.714811e+00
2.046000e-05	7.571981e-02	-8.884388e+00
2.047000e-05	-7.126426e-02	-9.095870e+00
2.048000e-05	7.395267e-02	-9.258473e+00
2.049000e-05	-4.661087e-02	-9.396895e+00
2.050000e-05	3.902254e-02	-9.586915e+00
2.051000e-05	-1.270600e-02	-9.773737e+00
2.052000e-05	1.279546e-02	-9.907365e+00
2.053000e-05	2.130810e-02	-1.011576e+01
2.054000e-05	-1.099630e-02	-1.030487e+01
2.055000e-05	2.096420e-02	-1.042474e+01
2.056000e-05	-1.377561e-02	-1.058184e+01
2.057000e-05	3.270491e-02	-1.074201e+01
2.058000e-05	-1.926899e-02	-1.089047e+01
2.059000e-05	3.538005e-02	-1.099839e+01
2.060000e-05	-1.591443e-02	-1.114276e+01
2.061000e-05	3.023616e-02	-1.127163e+01
2.062000e-05	-3.524768e-03	-1.138797e+01
2.063000e-05	2.026737e-02	-1.152786e+01
2.064000e-05	-2.245604e-03	-1.163268e+01
2.065000e-05	1.429895e-02	-1.174850e+01
2.066000e-05	9.161968e-03	-1.184421e+01
2.067000e-05	6.498632e-03	-1.193960e+01
2.068000e-05	1.358176e-02	-1.202489e+01
2.069000e-05	6.447987e-03	-1.213063e+01
2.070000e-05	2.174620e-02	-1.220734e+01
2.071000e-05	5.432612e-03	-1.229221e+01
2.072000e-05	1.430704e-02	-1.238637e+01
2.073000e-05	1.343097e-03	-1.247005e+01
2.074000e-05	1.474410e-02	-1.254479e+01
2.075000e-05	9.655778e-03	-1.259894e+01
2.076000e-05	1.704215e-02	-1.269113e+01
2.077000e-05	1.311487e-02	-1.271526e+01
2.078000e-05	1.640090e-02	-1.275650e+01
2.079000e-05	1.516142e-02	-1.276905e+01
2.080000e-05	1.388548e-02	-1.281415e+01
2.081000e-05	1.092382e-02	-1.287268e+01
2.082000e-05	1.284129e-02	-1.290481e+01
2.083000e-05	1.664553e-02	-1.292737e+01
2.084000e-05	1.634865e-02	-1.295892e+01
2.085000e-05	1.772747e-02	-1.297840e+01
2.086000e-05	1.359165e-02	-1.299002e+01
2.087000e-05	1.816688e-02	-1.297913e+01
2.088000e-05	1.771704e-02	-1.297992e+01
2.089000e-05	2.020439e-02	-1.298057e+01
2.090000e-05	1.765999e-02	-1.296807e+01
2.091000e-05	1.969060e-02	-1.291794e+01
2.092000e-05	2.055509e-02	-1.293634e+01
2.093000e-05	1.883088e-02	-1.290724e+01
2.094000e-05	1.789878e-02	-1.285266e+01
2.095000e-05	1.845103e-02	-1.282353e+01
2.096000e-05	2.237095e-02	-1.276993e+01
2.097000e-05	2.368483e-02	-1.274689e+01
2.098000e-05	2.090793e-02	-1.270319e+01
2.099000e-05	2.244718e-02	-1.261897e+01
2.100000e-05	1.860957e-02	-1.257679e+01
2.101000e-05	2.275889e-02	-1.250218e+01
2.102000e-05	1.884534e-02	-1.243887e+01
2.103000e-05	2.118216e-02	-1.232331e+01
2.104000e-05	2.506043e-02	-1.225850e+01
2.105000e-05	2.861935e-02	-1.216464e+01
2.106000e-05	2.901790e-02	-1.206948e+01
2.107000e-05	2.317174e-02	-1.199268e+01
2.108000e-05	2.434559e-02	-1.184631e+01
2.109000e-05	2.356371e-02	-1.179111e+01
2.110000e-05	2.486537e-02	-1.168532e+01
2.111000e-05	2.524768e-02	-1.157997e+01
2.112000e-05	2.485261e-02	-1.141060e+01
2.113000e-05	2.866647e-02	-1.130581e+01
2.114000e-05	2.673482e-02	-1.120052e+01
2.115000e-05	2.398194e-02	-1.108208e+01
2.116000e-05	1.931039e-02	-1.093428e+01
2.117000e-05	1.762450e-02	-1.077834e+01
2.118000e-05	1.828855e-02	-1.065787e+01
2.119000e-05	1.857103e-02	-1.050097e+01
2.120000e-05	1.654886e-02	-1.037995e+01
2.121000e-05	1.737186e-02	-1.015158e+01
2.122000e-05	1.730764e-02	-1.001155e+01
2.123000e-05	1.819747e-02	-9.850580e+00
2.124000e-05	1.375222e-02	-9.630954e+00
2.125000e-05	1.169721e-02	-9.502078e+00
2.126000e-05	8.677621e-03	-9.322632e+00
2.127000e-05	1.008869e-02	-9.183633e+00
2.128000e-05	8.585877e-03	-8.962703e+00
2.129000e-05	8.512086e-03	-8.810105e+00
2.130000e-05	9.377035e-03	-8.622003e+00
2.131000e-05	9.039475e-03	-8.462604e+00
2.132000e-05	9.463995e-03	-8.211551e+00
2.133000e-05	6.379314e-03	-8.100419e+00
2.134000e-05	4.590151e-03	-7.867972e+00
2.135000e-05	3.392792e-03	-7.657816e+00
2.136000e-05	3.847106e-03	-7.455213e+00
2.137000e-05	3.121947e-03	-7.243728e+00
2.138000e-05	3.658564e-03	-7.093552e+00
2.139000e-05	3.802471e-03	-6.808371e+00
2.140000e-05	4.125244e-03	-6.575816e+00
2.141000e-05	3.340769e-03	-6.343033e+00
2.142000e-05	1.725244e-03	-6.150974e+00
2.143000e-05	1.356301e-03	-5.877340e+00
2.144000e-05	5.941757e-04	-5.734764e+00
2.145000e-05	9.865268e-04	-5.473683e+00
2.146000e-05	2.776824e-04	-5.229444e+00
2.147000e-05	5.472809e-04	-5.017289e+00
2.148000e-05	-7.418521e-04	-4.782654e+00
2.149000e-05	7.476351e-04	-4.507445e+00
2.150000e-05	-1.168935e-03	-4.263585e+00
2.151000e-05	-6.281893e-04	-3.968847e+00
2.152000e-05	-2.117346e-03	-3.785741e+00
2.153000e-05	-6.056446e-04	-3.564111e+00
2.154000e-05	-1.414177e-03	-3.300926e+00
2.155000e-05	-1.237859e-03	-3.055790e+00
2.156000e-05	-3.148180e-03	-2.852678e+00
2.157000e-05	-2.288181e-03	-2.638771e+00
2.158000e-05	-3.346044e-03	-2.364208e+00
2.159000e-05	-2.802693e-03	-2.141056e+00
2.160000e-05	-4.053745e-03	-1.878210e+00
2.161000e-05	-3.761563e-03	-1.633158e+00
2.162000e-05	-4.146836e-03	-1.391399e+00
2.163000e-05	-2.972555e-03	-1.082083e+00
2.164000e-05	-3.522797e-03	-8.283209e-01
2.165000e-05	-4.020312e-03	-6.042127e-01
2.166000e-05	-5.229395e-03	-3.394209e-01
2.167000e-05	-1.893620e-03	-1.267346e-01
2.168000e-05	4.989431e-03	1.178999e-01
2.169000e-05	1.300880e-03	4.111028e-01
2.170000e-05	-3.160663e-03	5.913082e-01
2.171000e-05	1.196933e-03	7.752947e-01
2.172000e-05	-1.083935e-03	1.041580e+00
2.173000e-05	-1.340473e-04	1.305416e+00
2.174000e-05	-2.868314e-03	1.590028e+00
2.175000e-05	1.513095e-02	1.749025e+00
2.176000e-05	5.335550e-02	2.020658e+00
2.177000e-05	3.901823e-02	2.260629e+00
2.178000e-05	-7.447861e-02	2.576344e+00
2.179000e-05	-2.176538e-02	2.820024e+00
2.180000e-05	-4.897944e-02	3.104313e+00
2.181000e-05	-2.451108e-02	3.235837e+00
2.182000e-05	-4.767173e-02	3.456915e+00
2.183000e-05	3.253184e-02	3.626871e+00
2.184000e-05	5.756186e-02	3.901684e+00
2.185000e-05	-6.140861e-02	4.135341e+00
2.186000e-05	1.059009e-01	4.286843e+00
2.187000e-05	-6.447115e-02	4.623339e+00
2.188000e-05	-2.464139e-02	4.847919e+00
2.189000e-05	9.143564e-03	5.122629e+00
2.190000e-05	-5.723070e-02	5.363313e+00
2.191000e-05	7.335881e-02	5.546316e+00
2.192000e-05	-5.341814e-02	5.798653e+00
2.193000e-05	3.399113e-02	6.011761e+00
2.194000e-05	-2.226948e-02	6.225395e+00
2.195000e-05	-2.184020e-02	6.480599e+00
2.196000e-05	1.135712e-02	6.702736e+00
2.197000e-05	-4.946254e-02	6.966021e+00
2.198000e-05	3.928380e-02	7.189580e+00
2.199000e-05	-3.325564e-02	7.380653e+00
2.200000e-05	2.265494e-02	7.531103e+00
2.201000e-05	-1.646753e-02	7.772288e+00
2.202000e-05	-2.906691e-02	7.983787e+00
2.203000e-05	7.777450e-03	8.166344e+00
2.204000e-05	-2.803355e-02	8.354414e+00
2.205000e-05	2.033491e-02	8.547351e+00
2.206000e-05	-3.467855e-02	8.757973e+00
2.207000e-05	8.468487e-03	8.918975e+00
2.208000e-05	-1.926094e-02	9.087099e+00
2.209000e-05	-4.717426e-03	9.328050e+00
2.210000e-05	-1.164600e-02	9.460024e+00
2.211000e-05	-2.264314e-02	9.618525e+00
2.212000e-05	2.471419e-03	9.777441e+00
2.213000e-05	-1.809765e-02	9.947995e+00
2.214000e-05	4.456455e-03	1.014592e+01
2.215000e-05	-2.751030e-02	1.030644e+01
2.216000e-05	-3.439422e-03	1.043632e+01
2.217000e-05	-1.655381e-02	1.059431e+01
2.218000e-05	-8.206083e-03	1.072269e+01
2.219000e-05	-1.707333e-02	1.085908e+01
2.220000e-05	-1.488570e-02	1.101647e+01
2.221000e-05	-9.164307e-03	1.112429e+01
2.222000e-05	-1.371188e-02	1.127018e+01
2.223000e-05	-1.010889e-02	1.136792e+01
2.224000e-05	-2.102136e-02	1.148477e+01
2.225000e-05	-1.213884e-02	1.163061e+01
2.226000e-05	-1.539174e-02	1.172842e+01
2.227000e-05	-1.269995e-02	1.185424e+01
2.228000e-05	-1.968802e-02	1.191010e+01
2.229000e-05	-1.569635e-02	1.205379e+01
2.230000e-05	-1.339753e-02	1.208001e+01
2.231000e-05	-1.449139e-02	1.217479e+01
2.232000e-05	-1.775597e-02	1.224760e+01
2.233000e-05	-2.094116e-02	1.240437e+01
2.234000e-05	-1.568132e-02	1.244108e+01
2.235000e-05	-1.713057e-02	1.252284e+01
2.236000e-05	-1.668064e-02	1.259795e+01
2.237000e-05	-2.111809e-02	1.261063e+01
2.238000e-05	-2.093705e-02	1.264371e+01
2.239000e-05	-1.994334e-02	1.274335e+01
2.240000e-05	-2.001156e-02	1.273789e+01
2.241000e-05	-2.240602e-02	1.279003e+01
2.242000e-05	-2.280450e-02	1.286350e+01
2.243000e-05	-1.952758e-02	1.286361e+01
2.244000e-05	-2.024112e-02	1.285479e+01
2.245000e-05	-2.284222e-02	1.289387e+01
2.246000e-05	-2.352484e-02	1.288674e+01
2.247000e-05	-2.479309e-02	1.293739e+01
2.248000e-05	-2.476015e-02	1.287584e+01
2.249000e-05	-2.323099e-02	1.292679e+01
2.250000e-05	-2.494457e-02	1.287579e+01
2.251000e-05	-2.558140e-02	1.288279e+01
2.252000e-05	-2.680743e-02	1.282373e+01
2.253000e-05	-2.599420e-02	1.279226e+01
2.254000e-05	-2.688797e-02	1.283148e+01
2.255000e-05	-2.764886e-02	1.275848e+01
2.256000e-05	-2.842027e-02	1.270589e+01
2.257000e-05	-2.648096e-02	1.269329e+01
2.258000e-05	-2.760180e-02	1.264155e+01
2.259000e-05	-2.965829e-02	1.256790e+01
2.260000e-05	-3.018781e-02	1.249371e+01
2.261000e-05	-2.728510e-02	1.244958e+01
2.262000e-05	-2.903889e-02	1.237829e+01
2.263000e-05	-3.211610e-02	1.226158e+01
2.264000e-05	-3.145360e-02	1.218474e+01
2.265000e-05	-3.230820e-02	1.208955e+01
2.266000e-05	-3.165068e-02	1.205682e+01
2.267000e-05	-3.515920e-02	1.191908e+01
2.268000e-05	-3.511335e-02	1.181429e+01
2.269000e-05	-3.490409e-02	1.173847e+01
2.270000e-05	-3.335227e-02	1.164218e+01
2.271000e-05	-3.387242e-02	1.151634e+01
2.272000e-05	-3.415688e-02	1.137100e+01
2.273000e-05	-3.225594e-02	1.126266e+01
2.274000e-05	-3.199775e-02	1.113534e+01
2.275000e-05	-3.027804e-02	1.104992e+01
2.276000e-05	-3.295905e-02	1.091165e+01
2.277000e-05	-2.946588e-02	1.075324e+01
2.278000e-05	-2.834971e-02	1.064540e+01
2.279000e-05	-2.460187e-02	1.048847e+01
2.280000e-05	-2.580030e-02	1.028845e+01
2.281000e-05	-2.458590e-02	1.016048e+01
2.282000e-05	-2.307080e-02	9.991499e+00
2.283000e-05	-2.256238e-02	9.809157e+00
2.284000e-05	-2.206512e-02	9.611578e+00
2.285000e-05	-2.248257e-02	9.502681e+00
2.286000e-05	-2.112875e-02	9.332607e+00
2.287000e-05	-1.922396e-02	9.172210e+00
2.288000e-05	-1.764437e-02	8.972133e+00
2.289000e-05	-1.654731e-02	8.813636e+00
2.290000e-05	-1.790330e-02	8.618503e+00
2.291000e-05	-1.692245e-02	8.400553e+00
2.292000e-05	-1.598216e-02	8.198450e+00
2.293000e-05	-1.418153e-02	8.029997e+00
2.294000e-05	-1.586142e-02	7.818419e+00
2.295000e-05	-1.479549e-02	7.635264e+00
2.296000e-05	-1.383236e-02	7.475311e+00
2.297000e-05	-1.264556e-02	7.213236e+00
2.298000e-05	-1.452338e-02	7.023474e+00
2.299000e-05	-1.291549e-02	6.798952e+00
2.300000e-05	-1.292554e-02	6.526215e+00
2.301000e-05	-1.057003e-02	6.312057e+00
2.302000e-05	-1.141629e-02	6.100476e+00
2.303000e-05	-1.185011e-02	5.898870e+00
2.304000e-05	-1.116261e-02	5.667166e+00
2.305000e-05	-1.027731e-02	5.462134e+00
2.306000e-05	-9.059846e-03	5.240500e+00
2.307000e-05	-9.781916e-03	5.027721e+00
2.308000e-05	-1.014535e-02	4.763634e+00
2.309000e-05	-9.516972e-03	4.500001e+00
2.310000e-05	-7.993129e-03	4.232088e+00
2.311000e-05	-8.360298e-03	4.019449e+00
2.312000e-05	-9.324787e-03	3.769871e+00
2.313000e-05	-9.161362e-03	3.572082e+00
2.314000e-05	-7.903595e-03	3.268345e+00
2.315000e-05	-7.102227e-03	3.076767e+00
2.316000e-05	-8.305494e-03	2.820532e+00
2.317000e-05	-8.863400e-03	2.577846e+00
2.318000e-05	-7.913451e-03	2.324287e+00
2.319000e-05	-6.211375e-03	2.059926e+00
2.320000e-05	-7.457416e-03	1.835843e+00
2.321000e-05	-6.916728e-03	1.605262e+00
2.322000e-05	-6.412860e-03	1.359869e+00
2.323000e-05	-5.290917e-03	1.104706e+00
2.324000e-05	-5.232500e-03	8.067472e-01
2.325000e-05	-5.506852e-03	5.941565e-01
2.326000e-05	-5.112112e-03	3.299477e-01
2.327000e-05	-5.440449e-03	3.308808e-02
2.328000e-05	6.851163e-04	-1.805200e-01
2.329000e-05	7.367027e-03	-3.515740e-01
2.330000e-05	-5.551818e-03	-6.163395e-01
2.331000e-05	1.051581e-03	-8.579214e-01
2.332000e-05	-5.082576e-03	-1.081603e+00
2.333000e-05	-2.209618e-04	-1.365946e+00
2.334000e-05	-1.246801e-03	-1.538391e+00
2.335000e-05	2.133977e-02	-1.748525e+00
2.336000e-05	8.719117e-02	-1.990181e+00
2.337000e-05	-1.669780e-02	-2.319576e+00
2.338000e-05	-4.491676e-02	-2.692575e+00
2.339000e-05	-1.537694e-02	-2.946839e+00
2.340000e-05	-5.023591e-02	-3.137366e+00
2.341000e-05	-3.610548e-02	-3.339866e+00
2.342000e-05	2.154688e-02	-3.489495e+00
2.343000e-05	7.578472e-02	-3.656393e+00
2.344000e-05	-9.666680e-02	-3.953704e+00
2.345000e-05	1.552464e-01	-4.134865e+00
2.346000e-05	-9.746167e-02	-4.387944e+00
2.347000e-05	-2.597817e-04	-4.696390e+00
2.348000e-05	5.432944e-02	-4.886419e+00
2.349000e-05	-1.190948e-01	-5.132306e+00
2.350000e-05	1.524678e-01	-5.363757e+00
2.351000e-05	-9.844684e-02	-5.587868e+00
2.352000e-05	8.376908e-02	-5.872724e+00
2.353000e-05	5.426381e-03	-6.063265e+00
2.354000e-05	-7.572435e-02	-6.309523e+00
2.355000e-05	9.202623e-02	-6.572078e+00
2.356000e-05	-1.106162e-01	-6.785490e+00
2.357000e-05	1.083160e-01	-7.049100e+00
2.358000e-05	-5.904436e-02	-7.210023e+00
2.359000e-05	4.549703e-02	-7.443231e+00
2.360000e-05	3.253378e-02	-7.583761e+00
2.361000e-05	-7.052211e-02	-7.836443e+00
2.362000e-05	8.087397e-02	-8.037867e+00
2.363000e-05	-9.368846e-02	-8.218073e+00
2.364000e-05	1.016557e-01	-8.419028e+00
2.365000e-05	-5.400505e-02	-8.630475e+00
2.366000e-05	4.770843e-02	-8.781529e+00
2.367000e-05	-1.565836e-02	-8.950503e+00
2.368000e-05	4.353522e-04	-9.191207e+00
2.369000e-05	3.229110e-02	-9.330605e+00
2.370000e-05	-3.279056e-02	-9.522606e+00
2.371000e-05	4.691954e-02	-9.680549e+00
2.372000e-05	-3.641554e-02	-9.841122e+00
2.373000e-05	5.545674e-02	-1.002000e+01
2.374000e-05	-2.922849e-02	-1.018955e+01
2.375000e-05	3.348638e-02	-1.034950e+01
2.376000e-05	-2.083263e-02	-1.054754e+01
2.377000e-05	2.843988e-02	-1.068653e+01
2.378000e-05	-4.196353e-03	-1.079526e+01
2.379000e-05	1.535967e-02	-1.095273e+01
2.380000e-05	4.815980e-03	-1.104005e+01
2.381000e-05	3.712583e-03	-1.122600e+01
2.382000e-05	2.470287e-02	-1.131479e+01
2.383000e-05	-6.861031e-03	-1.145213e+01
2.384000e-05	2.353318e-02	-1.157992e+01
2.385000e-05	-9.913748e-03	-1.168479e+01
2.386000e-05	2.881260e-02	-1.179306e+01
2.387000e-05	-4.079970e-03	-1.186544e+01
2.388000e-05	2.236508e-02	-1.201076e+01
2.389000e-05	-2.855478e-03	-1.210897e+01
2.390000e-05	1.958987e-02	-1.225521e+01
2.391000e-05	1.090953e-02	-1.224952e+01
2.392000e-05	1.119288e-02	-1.235281e+01
2.393000e-05	8.791670e-03	-1.241952e+01
2.394000e-05	8.681437e-03	-1.252376e+01
2.395000e-05	2.014108e-02	-1.256639e+01
2.396000e-05	1.125599e-02	-1.266963e+01
2.397000e-05	1.609458e-02	-1.271279e+01
2.398000e-05	5.670088e-03	-1.275532e+01
2.399000e-05	1.787286e-02	-1.277945e+01
2.400000e-05	1.089806e-02	-1.280252e+01
2.401000e-05	1.783012e-02	-1.285371e+01
2.402000e-05	1.049818e-02	-1.287529e+01
2.403000e-05	1.849184e-02	-1.287581e+01
2.404000e-05	1.653216e-02	-1.294639e+01
2.405000e-05	1.824435e-02	-1.296002e+01
2.406000e-05	1.369047e-02	-1.298747e+01
2.407000e-05	1.318003e-02	-1.295102e+01
2.408000e-05	1.921259e-02	-1.296802e+01
2.409000e-05	1.757382e-02	-1.298807e+01
2.410000e-05	2.003947e-02	-1.299853e+01
2.411000e-05	1.633362e-02	-1.295850e+01
2.412000e-05	2.035098e-02	-1.291587e+01
2.413000e-05	2.040038e-02	-1.287576e+01
2.414000e-05	2.095951e-02	-1.283618e+01
2.415000e-05	1.730862e-02	-1.286255e+01
2.416000e-05	1.920890e-02	-1.278995e+01
2.417000e-05	2.183300e-02	-1.277592e+01
2.418000e-05	2.240633e-02	-1.272584e+01
2.419000e-05	2.011755e-02	-1.263216e+01
2.420000e-05	2.009374e-02	-1.256692e+01
2.421000e-05	2.033672e-02	-1.250327e+01
2.422000e-05	2.432054e-02	-1.245048e+01
2.423000e-05	2.251446e-02	-1.236479e+01
2.424000e-05	2.255262e-02	-1.228313e+01
2.425000e-05	2.330082e-02	-1.222544e+01
2.426000e-05	2.508125e-02	-1.211156e+01
2.427000e-05	2.662847e-02	-1.199481e+01
2.428000e-05	2.639763e-02	-1.194005e+01
2.429000e-05	2.515379e-02	-1.184524e+01
2.430000e-05	2.462361e-02	-1.171837e+01
2.431000e-05	2.907207e-02	-1.162315e+01
2.432000e-05	2.212324e-02	-1.147523e+01
2.433000e-05	2.707885e-02	-1.138945e+01
2.434000e-05	2.105478e-02	-1.128116e+01
2.435000e-05	2.808995e-02	-1.114569e+01
2.436000e-05	2.275413e-02	-1.098690e+01
2.437000e-05	2.285673e-02	-1.091152e+01
2.438000e-05	1.882213e-02	-1.070313e+01
2.439000e-05	1.784672e-02	-1.063432e+01
2.440000e-05	1.658585e-02	-1.042676e+01
2.441000e-05	1.556304e-02	-1.027585e+01
2.442000e-05	1.377591e-02	-1.014732e+01
2.443000e-05	1.730582e-02	-9.894739e+00
2.444000e-05	1.721123e-02	-9.725789e+00
2.445000e-05	1.584844e-02	-9.555691e+00
2.446000e-05	1.225529e-02	-9.426817e+00
2.447000e-05	7.353616e-03	-9.256395e+00
2.448000e-05	8.401218e-03	-9.067844e+00
2.449000e-05	8.260343e-03	-8.888394e+00
2.450000e-05	9.381601e-03	-8.685866e+00
2.451000e-05	8.233546e-03	-8.545790e+00
2.452000e-05	9.475448e-03	-8.325765e+00
2.453000e-05	9.572717e-03	-8.154215e+00
2.454000e-05	6.343415e-03	-7.941632e+00
2.455000e-05	4.651134e-03	-7.723109e+00
2.456000e-05	1.648946e-03	-7.512002e+00
2.457000e-05	4.463139e-03	-7.339345e+00
2.458000e-05	3.681951e-03	-7.137869e+00
2.459000e-05	4.402079e-03	-6.876787e+00
2.460000e-05	3.323787e-03	-6.711077e+00
2.461000e-05	4.140526e-03	-6.437870e+00
2.462000e-05	3.018336e-03	-6.248440e+00
2.463000e-05	1.652158e-03	-5.992161e+00
2.464000e-05	2.048312e-04	-5.800603e+00
2.465000e-05	1.990414e-04	-5.589471e+00
2.466000e-05	5.116793e-04	-5.384167e+00
2.467000e-05	5.892007e-04	-5.142705e+00
2.468000e-05	-3.575179e-04	-4.909997e+00
2.469000e-05	-6.333086e-04	-4.644689e+00
2.470000e-05	1.461235e-04	-4.410944e+00
2.471000e-05	6.312252e-05	-4.102139e+00
2.472000e-05	-2.005912e-03	-3.872054e+00
2.473000e-05	-2.464144e-03	-3.670929e+00
2.474000e-05	-1.698222e-03	-3.438343e+00
2.475000e-05	-2.671765e-03	-3.211482e+00
2.476000e-05	-1.406511e-03	-2.939499e+00
2.477000e-05	-3.312739e-03	-2.727289e+00
2.478000e-05	-1.778955e-03	-2.470475e+00
2.479000e-05	-2.132450e-03	-2.247765e+00
2.480000e-05	-2.602692e-03	-2.003634e+00
2.481000e-05	-4.016466e-03	-1.717370e+00
2.482000e-05	-4.365406e-03	-1.526792e+00
2.483000e-05	-4.160538e-03	-1.250580e+00
2.484000e-05	-1.914481e-03	-9.342118e-01
2.485000e-05	-4.069060e-03	-7.189537e-01
2.486000e-05	-3.918179e-03	-4.662670e-01
2.487000e-05	-4.196823e-03	-2.536091e-01
2.488000e-05	7.387803e-04	2.110433e-02
2.489000e-05	5.354259e-03	2.953397e-01
2.490000e-05	-4.961147e-03	4.683949e-01
2.491000e-05	2.124383e-03	6.591265e-01
2.492000e-05	-3.136121e-04	9.963384e-01
2.493000e-05	-1.487538e-04	1.168520e+00
2.494000e-05	-3.871505e-03	1.495208e+00
2.495000e-05	5.751133e-03	1.684815e+00
2.496000e-05	2.797236e-02	1.887916e+00
2.497000e-05	7.663959e-02	2.139524e+00
2.498000e-05	-4.153478e-02	2.437478e+00
2.499000e-05	-5.117787e-02	2.713758e+00
2.500000e-05	-2.968811e-02	2.964794e+00
2.501000e-05	-2.951003e-02	3.169103e+00
2.502000e-05	-4.647904e-02	3.383708e+00
2.503000e-05	-1.753018e-02	3.530958e+00
2.504000e-05	6.927191e-02	3.814289e+00
2.505000e-05	-7.175127e-03	4.028599e+00
2.506000e-05	8.770027e-03	4.201602e+00
2.507000e-05	5.814435e-02	4.507419e+00
2.508000e-05	-1.044181e-01	4.782632e+00
2.509000e-05	5.537659e-02	5.002158e+00
2.510000e-05	-7.365789e-02	5.238028e+00
2.511000e-05	2.643710e-02	5.431056e+00
2.512000e-05	2.806416e-02	5.714211e+00
2.513000e-05	-4.934989e-02	5.936446e+00
2.514000e-05	4.853879e-02	6.131075e+00
2.515000e-05	-6.784910e-02	6.363760e+00
2.516000e-05	4.091666e-02	6.596842e+00
2.517000e-05	-5.991756e-02	6.851102e+00
2.518000e-05	2.332729e-02	7.114215e+00
2.519000e-05	4.831825e-03	7.274870e+00
2.520000e-05	-2.407104e-02	7.466419e+00
2.521000e-05	2.504579e-02	7.676891e+00
2.522000e-05	-5.312550e-02	7.847549e+00
2.523000e-05	9.914930e-03	8.090130e+00
2.524000e-05	-2.655612e-02	8.292632e+00
2.525000e-05	1.343567e-02	8.472156e+00
2.526000e-05	-1.185095e-02	8.643262e+00
2.527000e-05	-1.071113e-02	8.865214e+00
2.528000e-05	1.327061e-04	9.053736e+00
2.529000e-05	-2.213260e-02	9.213863e+00
2.530000e-05	1.793324e-03	9.394889e+00
2.531000e-05	-3.230889e-02	9.533261e+00
2.532000e-05	-9.588374e-04	9.692706e+00
2.533000e-05	-1.390261e-02	9.930810e+00
2.534000e-05	2.166363e-03	1.005176e+01
2.535000e-05	-1.796000e-02	1.024268e+01
2.536000e-05	-1.100903e-02	1.033058e+01
2.537000e-05	-1.230711e-02	1.053113e+01
2.538000e-05	-1.140722e-02	1.069745e+01
2.539000e-05	-1.174923e-02	1.080584e+01
2.540000e-05	-2.095191e-02	1.097381e+01
2.541000e-05	-9.358923e-03	1.104260e+01
2.542000e-05	-1.307903e-02	1.119807e+01
2.543000e-05	-6.275198e-03	1.129381e+01
2.544000e-05	-2.135528e-02	1.143371e+01
2.545000e-05	-1.241544e-02	1.155803e+01
2.546000e-05	-1.693190e-02	1.166481e+01
2.547000e-05	-1.032418e-02	1.177063e+01
2.548000e-05	-1.852970e-02	1.186692e+01
2.549000e-05	-1.608744e-02	1.201069e+01
2.550000e-05	-1.892977e-02	1.207750e+01
2.551000e-05	-1.523058e-02	1.216326e+01
2.552000e-05	-1.399975e-02	1.225747e+01
2.553000e-05	-1.911700e-02	1.235419e+01
2.554000e-05	-1.750052e-02	1.242803e+01
2.555000e-05	-1.953382e-02	1.247229e+01
2.556000e-05	-1.327024e-02	1.259729e+01
2.557000e-05	-1.985384e-02	1.256898e+01
2.558000e-05	-1.923508e-02	1.265066e+01
2.559000e-05	-2.348578e-02	1.268484e+01
2.560000e-05	-1.881429e-02	1.276705e+01
2.561000e-05	-2.158080e-02	1.276895e+01
2.562000e-05	-2.213089e-02	1.281266e+01
2.563000e-05	-2.253198e-02	1.284168e+01
2.564000e-05	-2.060084e-02	1.284579e+01
2.565000e-05	-1.983924e-02	1.287491e+01
2.566000e-05	-2.338323e-02	1.289429e+01
2.567000e-05	-2.376501e-02	1.290649e+01
2.568000e-05	-2.551188e-02	1.291636e+01
2.569000e-05	-2.314108e-02	1.287477e+01
2.570000e-05	-2.480169e-02	1.288577e+01
2.571000e-05	-2.641572e-02	1.291631e+01
2.572000e-05	-2.576841e-02	1.288229e+01
2.573000e-05	-2.629148e-02	1.288211e+01
2.574000e-05	-2.480815e-02	1.280068e+01
2.575000e-05	-2.763525e-02	1.277745e+01
2.576000e-05	-2.736138e-02	1.276642e+01
2.577000e-05	-2.944195e-02	1.267529e+01
2.578000e-05	-2.671751e-02	1.263264e+01
2.579000e-05	-2.887586e-02	1.259000e+01
2.580000e-05	-2.878411e-02	1.256631e+01
2.581000e-05	-3.057719e-02	1.244111e+01
2.582000e-05	-2.912046e-02	1.242642e+01
2.583000e-05	-2.916054e-02	1.229078e+01
2.584000e-05	-2.847557e-02	1.224897e+01
2.585000e-05	-3.197639e-02	1.212421e+01
2.586000e-05	-3.067568e-02	1.205697e+01
2.587000e-05	-3.297080e-02	1.199276e+01
2.588000e-05	-3.407077e-02	1.186844e+01
2.589000e-05	-3.478268e-02	1.176165e+01
2.590000e-05	-3.675299e-02	1.164579e+01
2.591000e-05	-3.255600e-02	1.156045e+01
2.592000e-05	-3.263627e-02	1.143168e+01
2.593000e-05	-3.135839e-02	1.131634e+01
2.594000e-05	-3.476692e-02	1.117900e+01
2.595000e-05	-3.300650e-02	1.104206e+01
2.596000e-05	-3.190130e-02	1.097541e+01
2.597000e-05	-2.942982e-02	1.078742e+01
2.598000e-05	-3.063200e-02	1.066848e+01
2.599000e-05	-2.825641e-02	1.054406e+01
2.600000e-05	-2.666906e-02	1.039326e+01
2.601000e-05	-2.278699e-02	1.024529e+01
2.602000e-05	-2.447615e-02	1.008422e+01
2.603000e-05	-2.477402e-02	9.915288e+00
2.604000e-05	-2.321781e-02	9.754765e+00
2.605000e-05	-2.034377e-02	9.606871e+00
2.606000e-05	-1.977451e-02	9.436868e+00
2.607000e-05	-2.194152e-02	9.238349e+00
2.608000e-05	-2.026116e-02	9.028869e+00
2.609000e-05	-1.920838e-02	8.875896e+00
2.610000e-05	-1.552478e-02	8.656791e+00
2.611000e-05	-1.765230e-02	8.474267e+00
2.612000e-05	-1.692032e-02	8.295161e+00
2.613000e-05	-1.589385e-02	8.155188e+00
2.614000e-05	-1.362324e-02	7.923684e+00
2.615000e-05	-1.443638e-02	7.721029e+00
2.616000e-05	-1.567532e-02	7.509429e+00
2.617000e-05	-1.478061e-02	7.359521e+00
2.618000e-05	-1.247281e-02	7.117796e+00
2.619000e-05	-1.216369e-02	6.935287e+00
2.620000e-05	-1.220475e-02	6.663112e+00
2.621000e-05	-1.106081e-02	6.457376e+00
2.622000e-05	-1.217819e-02	6.197811e+00
2.623000e-05	-9.996058e-03	6.023686e+00
2.624000e-05	-1.170885e-02	5.780082e+00
2.625000e-05	-1.124078e-02	5.537894e+00
2.626000e-05	-1.110699e-02	5.336791e+00
2.627000e-05	-9.300165e-03	5.144660e+00
2.628000e-05	-8.387545e-03	4.848475e+00
2.629000e-05	-9.671605e-03	4.626367e+00
2.630000e-05	-8.995985e-03	4.391954e+00
2.631000e-05	-8.594730e-03	4.144767e+00
2.632000e-05	-7.841653e-03	3.913159e+00
2.633000e-05	-8.237813e-03	3.670049e+00
2.634000e-05	-8.102941e-03	3.385763e+00
2.635000e-05	-8.748617e-03	3.202553e+00
2.636000e-05	-7.681329e-03	2.949900e+00
2.637000e-05	-7.642435e-03	2.655162e+00
2.638000e-05	-8.808155e-03	2.463057e+00
2.639000e-05	-7.010407e-03	2.206850e+00
2.640000e-05	-6.855462e-03	1.972606e+00
2.641000e-05	-5.906116e-03	1.709499e+00
2.642000e-05	-5.773869e-03	1.495291e+00
2.643000e-05	-6.269097e-03	1.200505e+00
2.644000e-05	-5.929847e-03	9.477957e-01
2.645000e-05	-5.217253e-03	6.593673e-01
2.646000e-05	-4.431904e-03	4.358145e-01
2.647000e-05	-4.944601e-03	1.535075e-01
2.648000e-05	-3.464119e-03	-5.057551e-02
2.649000e-05	4.840572e-03	-3.143358e-01
2.650000e-05	4.180051e-04	-5.364437e-01
2.651000e-05	-4.192660e-04	-7.236302e-01
2.652000e-05	-7.713125e-04	-9.641870e-01
2.653000e-05	-2.554567e-03	-1.228571e+00
2.654000e-05	-3.086019e-03	-1.432629e+00
2.655000e-05	7.924081e-03	-1.643311e+00
2.656000e-05	4.696845e-02	-1.843711e+00
2.657000e-05	7.383834e-02	-2.173152e+00
2.658000e-05	-8.418719e-02	-2.500082e+00
2.659000e-05	-2.815550e-03	-2.830074e+00
2.660000e-05	-3.785208e-02	-3.030725e+00
2.661000e-05	-4.241530e-02	-3.192132e+00
2.662000e-05	-4.393043e-02	-3.433812e+00
2.663000e-05	1.185247e-01	-3.552208e+00
2.664000e-05	-4.881847e-02	-3.823809e+00
2.665000e-05	1.965030e-02	-4.040521e+00
2.666000e-05	8.128294e-02	-4.261124e+00
2.667000e-05	-1.473838e-01	-4.558349e+00
2.668000e-05	1.582801e-01	-4.801660e+00
2.669000e-05	-1.426024e-01	-5.013813e+00
2.670000e-05	4.244399e-02	-5.270450e+00
2.671000e-05	7.335946e-02	-5.470577e+00
2.672000e-05	-7.691266e-02	-5.766366e+00
2.673000e-05	1.250825e-01	-5.938469e+00
2.674000e-05	-1.200086e-01	-6.210154e+00
2.675000e-05	7.641258e-02	-6.435792e+00
2.676000e-05	-4.574430e-02	-6.636868e+00
2.677000e-05	-8.788566e-03	-6.922756e+00
2.678000e-05	7.776670e-02	-7.072337e+00
2.679000e-05	-8.591704e-02	-7.275366e+00
2.680000e-05	1.199710e-01	-7.529497e+00
2.681000e-05	-9.047929e-02	-7.770078e+00
2.682000e-05	5.181179e-02	-7.984604e+00
2.683000e-05	-2.472770e-02	-8.132181e+00
2.684000e-05	-5.388911e-04	-8.354261e+00
2.685000e-05	5.099428e-02	-8.514284e+00
2.686000e-05	-4.519216e-02	-8.706289e+00
2.687000e-05	7.038701e-02	-8.877443e+00
2.688000e-05	-6.635653e-02	-9.126444e+00
2.689000e-05	6.934690e-02	-9.268443e+00
2.690000e-05	-4.313171e-02	-9.405840e+00
2.691000e-05	3.538025e-02	-9.626890e+00
2.692000e-05	-1.473989e-02	-9.735337e+00
2.693000e-05	2.301313e-02	-9.965366e+00
2.694000e-05	9.044504e-03	-1.010626e+01
2.695000e-05	-7.876957e-04	-1.033639e+01
2.696000e-05	1.951707e-02	-1.045331e+01
2.697000e-05	-1.392683e-02	-1.062481e+01
2.698000e-05	3.466995e-02	-1.075158e+01
2.699000e-05	-1.915066e-02	-1.087897e+01
2.700000e-05	3.240192e-02	-1.098647e+01
2.701000e-05	-1.943857e-02	-1.113379e+01
2.702000e-05	3.504709e-02	-1.128111e+01
2.703000e-05	-8.813805e-03	-1.140000e+01
2.704000e-05	2.406658e-02	-1.152634e+01
2.705000e-05	-2.265817e-03	-1.164268e+01
2.706000e-05	1.357256e-02	-1.174702e+01
2.707000e-05	1.186637e-02	-1.183366e+01
2.708000e-05	3.170726e-03	-1.194963e+01
2.709000e-05	1.542959e-02	-1.208686e+01
2.710000e-05	2.997678e-03	-1.213373e+01
2.711000e-05	2.227568e-02	-1.223592e+01
2.712000e-05	3.923661e-03	-1.234015e+01
2.713000e-05	2.059289e-02	-1.237940e+01
2.714000e-05	2.533194e-03	-1.246005e+01
2.715000e-05	1.691138e-02	-1.255476e+01
2.716000e-05	8.600851e-03	-1.257742e+01
2.717000e-05	1.786147e-02	-1.264165e+01
2.718000e-05	9.189391e-03	-1.270526e+01
2.719000e-05	1.323486e-02	-1.276742e+01
2.720000e-05	1.303292e-02	-1.278195e+01
2.721000e-05	1.553550e-02	-1.282260e+01
2.722000e-05	1.684794e-02	-1.290373e+01
2.723000e-05	1.326632e-02	-1.292541e+01
2.724000e-05	1.653951e-02	-1.292779e+01
2.725000e-05	1.383957e-02	-1.294800e+01
2.726000e-05	1.907555e-02	-1.296945e+01
2.727000e-05	1.246567e-02	-1.296750e+01
2.728000e-05	1.793751e-02	-1.293907e+01
2.729000e-05	1.691916e-02	-1.293895e+01
2.730000e-05	2.044999e-02	-1.296897e+01
2.731000e-05	1.796325e-02	-1.290847e+01
2.732000e-05	1.784795e-02	-1.295789e+01
2.733000e-05	1.901081e-02	-1.290687e+01
2.734000e-05	1.926259e-02	-1.286568e+01
2.735000e-05	1.992326e-02	-1.285268e+01
2.736000e-05	1.918906e-02	-1.284255e+01
2.737000e-05	2.089924e-02	-1.278892e+01
2.738000e-05	2.165728e-02	-1.273634e+01
2.739000e-05	2.200614e-02	-1.272423e+01
2.740000e-05	1.944208e-02	-1.263795e+01
2.741000e-05	2.086723e-02	-1.258674e+01
2.742000e-05	2.111901e-02	-1.248163e+01
2.743000e-05	2.399199e-02	-1.241687e+01
2.744000e-05	2.217724e-02	-1.232469e+01
2.745000e-05	2.492842e-02	-1.224147e+01
2.746000e-05	2.313399e-02	-1.216261e+01
2.747000e-05	2.615204e-02	-1.207797e+01
2.748000e-05	2.448411e-02	-1.198273e+01
2.749000e-05	2.475430e-02	-1.184736e+01
2.750000e-05	2.530205e-02	-1.177053e+01
2.751000e-05	2.678982e-02	-1.166531e+01
2.752000e-05	2.743638e-02	-1.158645e+01
2.753000e-05	2.559260e-02	-1.143113e+01
2.754000e-05	2.584586e-02	-1.134589e+01
2.755000e-05	2.411818e-02	-1.119950e+01
2.756000e-05	2.361270e-02	-1.106955e+01
2.757000e-05	2.059818e-02	-1.095319e+01
2.758000e-05	1.888618e-02	-1.076731e+01
2.759000e-05	2.006024e-02	-1.061900e+01
2.760000e-05	1.932859e-02	-1.049895e+01
2.761000e-05	1.745671e-02	-1.034103e+01
2.762000e-05	1.570738e-02	-1.018205e+01
2.763000e-05	1.546489e-02	-1.000113e+01
2.764000e-05	1.555157e-02	-9.768503e+00
2.765000e-05	1.349036e-02	-9.680550e+00
2.766000e-05	1.166348e-02	-9.471529e+00
2.767000e-05	1.032574e-02	-9.312582e+00
2.768000e-05	1.152796e-02	-9.102682e+00
2.769000e-05	1.009584e-02	-8.951582e+00
2.770000e-05	8.349348e-03	-8.770575e+00
2.771000e-05	8.769794e-03	-8.592027e+00
2.772000e-05	7.890889e-03	-8.421603e+00
2.773000e-05	8.234765e-03	-8.228900e+00
2.774000e-05	6.443047e-03	-8.048995e+00
2.775000e-05	5.763932e-03	-7.837921e+00
2.776000e-05	3.765055e-03	-7.676770e+00
2.777000e-05	4.299162e-03	-7.474184e+00
2.778000e-05	3.353518e-03	-7.244179e+00
2.779000e-05	3.999020e-03	-7.011673e+00
2.780000e-05	2.063615e-03	-6.838921e+00
2.781000e-05	2.781770e-03	-6.564235e+00
2.782000e-05	2.458303e-03	-6.340182e+00
2.783000e-05	3.481920e-03	-6.109478e+00
2.784000e-05	1.665099e-03	-5.877891e+00
2.785000e-05	1.132666e-03	-5.695212e+00
2.786000e-05	2.741038e-04	-5.462455e+00
2.787000e-05	1.112840e-03	-5.207818e+00
2.788000e-05	-8.190559e-05	-4.997141e+00
2.789000e-05	-5.751253e-04	-4.764183e+00
2.790000e-05	-1.089256e-03	-4.497267e+00
2.791000e-05	-6.195960e-04	-4.233005e+00
2.792000e-05	-6.107924e-04	-3.966818e+00
2.793000e-05	-2.132388e-03	-3.767742e+00
2.794000e-05	-1.850598e-03	-3.564583e+00
2.795000e-05	-2.970950e-03	-3.330351e+00
2.796000e-05	-1.698143e-03	-3.086742e+00
2.797000e-05	-2.083068e-03	-2.842959e+00
2.798000e-05	-1.588446e-03	-2.610319e+00
2.799000e-05	-4.923934e-03	-2.344532e+00
2.800000e-05	-2.954745e-03	-2.111953e+00
2.801000e-05	-3.998359e-03	-1.856290e+00
2.802000e-05	-4.406001e-03	-1.654058e+00
2.803000e-05	-4.591303e-03	-1.400971e+00
2.804000e-05	-3.154779e-03	-1.051428e+00
2.805000e-05	-2.253355e-03	-8.073924e-01
2.806000e-05	-2.812911e-03	-6.260615e-01
2.807000e-05	-4.284442e-03	-3.299209e-01
2.808000e-05	-3.564104e-03	-1.057393e-01
2.809000e-05	2.596936e-03	9.639880e-02
2.810000e-05	4.822178e-04	3.917030e-01
2.811000e-05	-1.586044e-03	6.037120e-01
2.812000e-05	1.609299e-03	8.358421e-01
2.813000e-05	-2.300423e-03	1.092155e+00
2.814000e-05	-3.837414e-04	1.306017e+00
2.815000e-05	-5.424311e-04	1.571100e+00
2.816000e-05	1.540361e-02	1.770077e+00
2.817000e-05	5.397408e-02	2.002165e+00
2.818000e-05	3.590541e-02	2.310028e+00
2.819000e-05	-7.769156e-02	2.556390e+00
2.820000e-05	-2.631232e-02	2.830077e+00
2.821000e-05	-2.780932e-02	3.085336e+00
2.822000e-05	-3.850457e-02	3.275316e+00
2.823000e-05	-5.292166e-02	3.436820e+00
2.824000e-05	3.874078e-02	3.658072e+00
2.825000e-05	6.480032e-02	3.912182e+00
2.826000e-05	-7.405246e-02	4.135890e+00
2.827000e-05	1.110436e-01	4.407418e+00
2.828000e-05	-7.541265e-02	4.674891e+00
2.829000e-05	-5.300837e-03	4.836446e+00
2.830000e-05	2.213913e-03	5.152204e+00
2.831000e-05	-6.850005e-02	5.345812e+00
2.832000e-05	9.112515e-02	5.566440e+00
2.833000e-05	-6.419927e-02	5.840132e+00
2.834000e-05	3.066704e-02	6.001258e+00
2.835000e-05	-1.275653e-02	6.225944e+00
2.836000e-05	-1.963722e-02	6.509099e+00
2.837000e-05	-7.370129e-03	6.765758e+00
2.838000e-05	-3.870647e-02	6.978494e+00
2.839000e-05	4.158923e-02	7.220604e+00
2.840000e-05	-4.153070e-02	7.372733e+00
2.841000e-05	2.197924e-02	7.591653e+00
2.842000e-05	-7.904889e-03	7.802837e+00
2.843000e-05	-3.272582e-02	7.993712e+00
2.844000e-05	8.077059e-03	8.165871e+00
2.845000e-05	-2.514780e-02	8.376448e+00
2.846000e-05	1.444846e-02	8.586972e+00
2.847000e-05	-3.102868e-02	8.758501e+00
2.848000e-05	7.817572e-03	8.968548e+00
2.849000e-05	-1.892538e-02	9.127043e+00
2.850000e-05	-3.951683e-03	9.297548e+00
2.851000e-05	-1.266734e-02	9.480525e+00
2.852000e-05	-2.190450e-02	9.677970e+00
2.853000e-05	3.547158e-03	9.807995e+00
2.854000e-05	-1.954166e-02	9.966391e+00
2.855000e-05	-2.633328e-04	1.014700e+01
2.856000e-05	-2.262657e-02	1.031795e+01
2.857000e-05	-5.773962e-03	1.048639e+01
2.858000e-05	-1.812329e-02	1.060429e+01
2.859000e-05	-6.633061e-03	1.075063e+01
2.860000e-05	-1.757502e-02	1.088018e+01
2.861000e-05	-1.424942e-02	1.101742e+01
2.862000e-05	-7.847613e-03	1.116466e+01
2.863000e-05	-1.345892e-02	1.128273e+01
2.864000e-05	-1.136334e-02	1.139000e+01
2.865000e-05	-1.984234e-02	1.152587e+01
2.866000e-05	-1.181336e-02	1.162116e+01
2.867000e-05	-1.730193e-02	1.169890e+01
2.868000e-05	-1.326271e-02	1.180373e+01
2.869000e-05	-1.986664e-02	1.193866e+01
2.870000e-05	-1.683336e-02	1.205487e+01
2.871000e-05	-1.399331e-02	1.212015e+01
2.872000e-05	-1.514376e-02	1.219484e+01
2.873000e-05	-1.833334e-02	1.233108e+01
2.874000e-05	-2.094419e-02	1.236484e+01
2.875000e-05	-1.674167e-02	1.245161e+01
2.876000e-05	-1.552062e-02	1.250479e+01
2.877000e-05	-1.778973e-02	1.259740e+01
2.878000e-05	-2.036659e-02	1.265110e+01
2.879000e-05	-2.077134e-02	1.271326e+01
2.880000e-05	-2.002658e-02	1.274644e+01
2.881000e-05	-2.000232e-02	1.277750e+01
2.882000e-05	-2.262682e-02	1.279855e+01
2.883000e-05	-2.384722e-02	1.284218e+01
2.884000e-05	-2.041749e-02	1.288414e+01
2.885000e-05	-1.845416e-02	1.289734e+01
2.886000e-05	-2.118098e-02	1.292634e+01
2.887000e-05	-2.550875e-02	1.290532e+01
2.888000e-05	-2.663457e-02	1.288544e+01
2.889000e-05	-2.256626e-02	1.291632e+01
2.890000e-05	-2.342212e-02	1.291387e+01
2.891000e-05	-2.472235e-02	1.290537e+01
2.892000e-05	-2.687484e-02	1.283431e+01
2.893000e-05	-2.513828e-02	1.286123e+01
2.894000e-05	-2.482861e-02	1.282968e+01
2.895000e-05	-2.651706e-02	1.280148e+01
2.896000e-05	-2.943301e-02	1.279795e+01
2.897000e-05	-2.977408e-02	1.271536e+01
2.898000e-05	-2.615551e-02	1.265224e+01
2.899000e-05	-2.721760e-02	1.263905e+01
2.900000e-05	-2.896279e-02	1.256694e+01
2.901000e-05	-3.059830e-02	1.248481e+01
2.902000e-05	-2.906485e-02	1.248113e+01
2.903000e-05	-2.766584e-02	1.236432e+01
2.904000e-05	-2.962430e-02	1.230115e+01
2.905000e-05	-3.321244e-02	1.220477e+01
2.906000e-05	-3.319314e-02	1.208256e+01
2.907000e-05	-3.165072e-02	1.202704e+01
2.908000e-05	-3.181243e-02	1.187961e+01
2.909000e-05	-3.332604e-02	1.182518e+01
2.910000e-05	-3.550793e-02	1.167994e+01
2.911000e-05	-3.376501e-02	1.162068e+01
2.912000e-05	-3.230413e-02	1.150632e+01
2.913000e-05	-3.321557e-02	1.136998e+01
2.914000e-05	-3.444964e-02	1.127316e+01
2.915000e-05	-3.408391e-02	1.114479e+01
2.916000e-05	-2.973071e-02	1.100842e+01
2.917000e-05	-2.974580e-02	1.091158e+01
2.918000e-05	-3.116257e-02	1.072281e+01
2.919000e-05	-3.123829e-02	1.061635e+01
2.920000e-05	-2.591071e-02	1.045739e+01
2.921000e-05	-2.419343e-02	1.029792e+01
2.922000e-05	-2.389457e-02	1.019000e+01
2.923000e-05	-2.503732e-02	9.988976e+00
2.924000e-05	-2.273818e-02	9.829478e+00
2.925000e-05	-2.030519e-02	9.610077e+00
2.926000e-05	-2.018904e-02	9.512157e+00
2.927000e-05	-2.122042e-02	9.323108e+00
2.928000e-05	-2.222223e-02	9.133137e+00
2.929000e-05	-1.724593e-02	8.950679e+00
2.930000e-05	-1.769170e-02	8.771578e+00
2.931000e-05	-1.675275e-02	8.529557e+00
2.932000e-05	-1.852761e-02	8.398474e+00
2.933000e-05	-1.594026e-02	8.228376e+00
2.934000e-05	-1.458355e-02	8.009370e+00
2.935000e-05	-1.494800e-02	7.815368e+00
2.936000e-05	-1.519490e-02	7.575712e+00
2.937000e-05	-1.457755e-02	7.423689e+00
2.938000e-05	-1.260776e-02	7.194234e+00
2.939000e-05	-1.240481e-02	7.010600e+00
2.940000e-05	-1.350872e-02	6.818926e+00
2.941000e-05	-1.354735e-02	6.536838e+00
2.942000e-05	-1.166627e-02	6.323083e+00
2.943000e-05	-9.676218e-03	6.130050e+00
2.944000e-05	-1.077186e-02	5.888894e+00
2.945000e-05	-1.123355e-02	5.694239e+00
2.946000e-05	-1.081241e-02	5.421657e+00
2.947000e-05	-9.483337e-03	5.198448e+00
2.948000e-05	-9.738977e-03	4.987271e+00
2.949000e-05	-1.062418e-02	4.733657e+00
2.950000e-05	-1.088976e-02	4.508421e+00
2.951000e-05	-9.090148e-03	4.202609e+00
2.952000e-05	-8.332079e-03	3.998449e+00
2.953000e-05	-7.766868e-03	3.755864e+00
2.954000e-05	-8.343431e-03	3.511059e+00
2.955000e-05	-7.749334e-03	3.298423e+00
2.956000e-05	-5.901928e-03	3.068316e+00
2.957000e-05	-7.508994e-03	2.801555e+00
2.958000e-05	-7.647066e-03	2.546771e+00
2.959000e-05	-8.922970e-03	2.337342e+00
2.960000e-05	-6.572034e-03	2.050424e+00
2.961000e-05	-7.461838e-03	1.827741e+00
2.962000e-05	-6.290980e-03	1.605182e+00
2.963000e-05	-7.009782e-03	1.358292e+00
2.964000e-05	-5.536781e-03	1.114137e+00
2.965000e-05	-5.935821e-03	8.148194e-01
2.966000e-05	-4.281126e-03	5.226090e-01
2.967000e-05	-5.137908e-03	2.999485e-01
2.968000e-05	-3.445935e-03	5.418413e-02
2.969000e-05	-5.436032e-04	-1.684714e-01
2.970000e-05	7.380210e-03	-4.011041e-01
2.971000e-05	-5.213181e-03	-6.843171e-01
2.972000e-05	1.603097e-03	-8.789675e-01
2.973000e-05	-3.553253e-03	-1.113631e+00
2.974000e-05	1.651245e-03	-1.366917e+00
2.975000e-05	-2.098786e-03	-1.569021e+00
2.976000e-05	2.090823e-02	-1.759495e+00
2.977000e-05	8.429879e-02	-2.024134e+00
2.978000e-05	-1.681892e-02	-2.322204e+00
2.979000e-05	-5.450960e-02	-2.690628e+00
2.980000e-05	3.622399e-03	-2.955365e+00
2.981000e-05	-5.643442e-02	-3.126365e+00
2.982000e-05	-4.443569e-02	-3.317449e+00
2.983000e-05	2.070571e-02	-3.488965e+00
2.984000e-05	9.744929e-02	-3.677343e+00
2.985000e-05	-1.176072e-01	-3.933262e+00
2.986000e-05	1.689528e-01	-4.166266e+00
2.987000e-05	-1.113622e-01	-4.368974e+00
2.988000e-05	1.495372e-02	-4.694467e+00
2.989000e-05	5.302220e-02	-4.918945e+00
2.990000e-05	-1.372924e-01	-5.204782e+00
2.991000e-05	1.647068e-01	-5.375712e+00
2.992000e-05	-9.962234e-02	-5.608896e+00
2.993000e-05	7.025972e-02	-5.883708e+00
2.994000e-05	1.118923e-02	-6.073284e+00
2.995000e-05	-5.851909e-02	-6.300178e+00
2.996000e-05	6.736366e-02	-6.582074e+00
2.997000e-05	-1.037467e-01	-6.804889e+00
2.998000e-05	1.164739e-01	-7.009555e+00
2.999000e-05	-6.525393e-02	-7.252549e+00
3.000000e-05	3.767270e-02	-7.453232e+00
3.001000e-05	4.287661e-02	-7.633264e+00
3.002000e-05	-7.305715e-02	-7.876447e+00
3.003000e-05	7.396772e-02	-8.006921e+00
3.004000e-05	-8.336798e-02	-8.248975e+00
3.005000e-05	9.191530e-02	-8.419523e+00
3.006000e-05	-5.103862e-02	-8.641053e+00
3.007000e-05	5.266404e-02	-8.788702e+00
3.008000e-05	-2.301996e-02	-8.961225e+00
3.009000e-05	8.449786e-03	-9.222310e+00
3.010000e-05	2.364008e-02	-9.341553e+00
3.011000e-05	-2.803897e-02	-9.511756e+00
3.012000e-05	4.340450e-02	-9.679575e+00
3.013000e-05	-3.275684e-02	-9.871079e+00
3.014000e-05	4.879644e-02	-1.002055e+01
3.015000e-05	-2.559990e-02	-1.019055e+01
3.016000e-05	4.271572e-02	-1.040055e+01
3.017000e-05	-3.449123e-02	-1.051640e+01
3.018000e-05	3.703750e-02	-1.065902e+01
3.019000e-05	-8.850817e-03	-1.078522e+01
3.020000e-05	1.782793e-02	-1.094331e+01
3.021000e-05	5.579518e-03	-1.109898e+01
3.022000e-05	1.781877e-03	-1.121742e+01
3.023000e-05	2.298820e-02	-1.136439e+01
3.024000e-05	-4.966360e-03	-1.145370e+01
3.025000e-05	2.661808e-02	-1.157900e+01
3.026000e-05	-1.369304e-02	-1.170589e+01
3.027000e-05	2.977588e-02	-1.178213e+01
3.028000e-05	-4.819741e-03	-1.191592e+01
3.029000e-05	2.335012e-02	-1.205476e+01
3.030000e-05	-1.969772e-03	-1.209102e+01
3.031000e-05	1.773533e-02	-1.220631e+01
3.032000e-05	9.863352e-03	-1.224857e+01
3.033000e-05	1.472107e-02	-1.236536e+01
3.034000e-05	1.035657e-02	-1.242842e+01
3.035000e-05	8.052814e-03	-1.254465e+01
3.036000e-05	1.707410e-02	-1.254634e+01
3.037000e-05	1.193257e-02	-1.265956e+01
3.038000e-05	1.759083e-02	-1.271221e+01
3.039000e-05	5.842982e-03	-1.273734e+01
3.040000e-05	1.550087e-02	-1.280897e+01
3.041000e-05	1.180572e-02	-1.286055e+01
3.042000e-05	1.814663e-02	-1.288315e+01
3.043000e-05	1.168342e-02	-1.285571e+01
3.044000e-05	1.723552e-02	-1.290536e+01
3.045000e-05	1.536413e-02	-1.294800e+01
3.046000e-05	1.866474e-02	-1.296704e+01
3.047000e-05	1.633280e-02	-1.296995e+01
3.048000e-05	1.374006e-02	-1.298047e+01
3.049000e-05	1.655796e-02	-1.298000e+01
3.050000e-05	1.740697e-02	-1.297952e+01
3.051000e-05	2.005492e-02	-1.294692e+01
3.052000e-05	1.735446e-02	-1.294844e+01
3.053000e-05	1.943041e-02	-1.293784e+01
3.054000e-05	1.895274e-02	-1.287579e+01
3.055000e-05	2.128292e-02	-1.283426e+01
3.056000e-05	1.926599e-02	-1.287318e+01
3.057000e-05	1.943248e-02	-1.278800e+01
3.058000e-05	1.895395e-02	-1.277847e+01
3.059000e-05	2.316767e-02	-1.270526e+01
3.060000e-05	2.187864e-02	-1.267268e+01
3.061000e-05	1.956647e-02	-1.258842e+01
3.062000e-05	1.672382e-02	-1.251414e+01
3.063000e-05	2.492758e-02	-1.242153e+01
3.064000e-05	2.629530e-02	-1.235429e+01
3.065000e-05	2.210443e-02	-1.229303e+01
3.066000e-05	2.120906e-02	-1.218737e+01
3.067000e-05	2.419830e-02	-1.212101e+01
3.068000e-05	2.890705e-02	-1.202689e+01
3.069000e-05	2.516007e-02	-1.193248e+01
3.070000e-05	2.372098e-02	-1.182219e+01
3.071000e-05	2.395961e-02	-1.169950e+01
3.072000e-05	2.802804e-02	-1.162260e+01
3.073000e-05	2.741856e-02	-1.148636e+01
3.074000e-05	2.390056e-02	-1.135850e+01
3.075000e-05	2.300887e-02	-1.129168e+01
3.076000e-05	2.456028e-02	-1.112421e+01
3.077000e-05	2.566833e-02	-1.099745e+01
3.078000e-05	2.121376e-02	-1.087195e+01
3.079000e-05	1.826116e-02	-1.072098e+01
3.080000e-05	1.825378e-02	-1.060379e+01
3.081000e-05	2.001570e-02	-1.042521e+01
3.082000e-05	1.770998e-02	-1.028584e+01
3.083000e-05	1.455472e-02	-1.010528e+01
3.084000e-05	1.427230e-02	-9.882334e+00
3.085000e-05	1.511072e-02	-9.776387e+00
3.086000e-05	1.548265e-02	-9.565816e+00
3.087000e-05	1.196340e-02	-9.397343e+00
3.088000e-05	8.863920e-03	-9.229374e+00
3.089000e-05	9.677096e-03	-9.047786e+00
3.090000e-05	1.026557e-02	-8.877288e+00
3.091000e-05	9.967849e-03	-8.716241e+00
3.092000e-05	6.679270e-03	-8.515817e+00
3.093000e-05	6.864611e-03	-8.324262e+00
3.094000e-05	6.787358e-03	-8.123208e+00
3.095000e-05	7.463286e-03	-7.913636e+00
3.096000e-05	5.820618e-03	-7.763154e+00
3.097000e-05	4.307338e-03	-7.541478e+00
3.098000e-05	4.454577e-03	-7.308473e+00
3.099000e-05	4.091826e-03	-7.126919e+00
3.100000e-05	3.121988e-03	-6.895660e+00
3.101000e-05	2.490034e-03	-6.660427e+00
3.102000e-05	1.900973e-03	-6.448375e+00
3.103000e-05	3.794424e-03	-6.217270e+00
3.104000e-05	3.174122e-03	-6.022634e+00
3.105000e-05	1.322875e-03	-5.790501e+00
3.106000e-05	1.332257e-03	-5.599949e+00
3.107000e-05	-2.053937e-04	-5.372715e+00
3.108000e-05	2.319071e-03	-5.122104e+00
3.109000e-05	3.253605e-05	-4.899396e+00
3.110000e-05	-5.558096e-04	-4.606682e+00
3.111000e-05	-1.878326e-03	-4.400000e+00
3.112000e-05	-5.528789e-04	-4.104185e+00
3.113000e-05	-1.622522e-03	-3.881554e+00
3.114000e-05	-2.081604e-03	-3.668453e+00
3.115000e-05	-2.053678e-03	-3.457339e+00
3.116000e-05	-2.687022e-03	-3.201028e+00
3.117000e-05	-1.090567e-03	-2.981399e+00
3.118000e-05	-1.525784e-03	-2.717759e+00
3.119000e-05	-3.561424e-03	-2.481498e+00
3.120000e-05	-5.153555e-03	-2.228893e+00
3.121000e-05	-4.025176e-03	-1.974712e+00
3.122000e-05	-3.923673e-03	-1.698319e+00
3.123000e-05	-2.565351e-03	-1.484763e+00
3.124000e-05	-5.480872e-03	-1.241576e+00
3.125000e-05	-2.453599e-03	-9.462090e-01
3.126000e-05	-4.507216e-03	-7.014503e-01
3.127000e-05	-2.288414e-03	-4.582372e-01
3.128000e-05	-4.518436e-03	-2.245790e-01
3.129000e-05	-1.842230e-03	2.110513e-02
3.130000e-05	5.755611e-03	2.943683e-01
3.131000e-05	-3.874721e-03	5.064185e-01
3.132000e-05	1.252210e-03	7.191028e-01
3.133000e-05	-1.925069e-03	9.838147e-01
3.134000e-05	-3.252014e-04	1.228423e+00
3.135000e-05	-3.509552e-03	1.495337e+00
3.136000e-05	6.257692e-03	1.674841e+00
3.137000e-05	2.815003e-02	1.875892e+00
3.138000e-05	7.503950e-02	2.150078e+00
3.139000e-05	-4.505064e-02	2.468024e+00
3.140000e-05	-4.578493e-02	2.702282e+00
3.141000e-05	-2.253937e-02	2.976416e+00
3.142000e-05	-2.954858e-02	3.181054e+00
3.143000e-05	-6.271137e-02	3.341205e+00
3.144000e-05	-1.199883e-02	3.511133e+00
3.145000e-05	9.755886e-02	3.823364e+00
3.146000e-05	-4.876154e-02	4.038975e+00
3.147000e-05	2.257057e-02	4.250104e+00
3.148000e-05	6.854875e-02	4.545890e+00
3.149000e-05	-1.159360e-01	4.781657e+00
3.150000e-05	5.849158e-02	4.981287e+00
3.151000e-05	-7.498458e-02	5.239026e+00
3.152000e-05	3.125748e-02	5.471129e+00
3.153000e-05	2.052050e-02	5.722811e+00
3.154000e-05	-4.732173e-02	5.948419e+00
3.155000e-05	5.499514e-02	6.181075e+00
3.156000e-05	-6.235081e-02	6.384333e+00
3.157000e-05	2.515542e-02	6.666346e+00
3.158000e-05	-5.189934e-02	6.879652e+00
3.159000e-05	2.330238e-02	7.135810e+00
3.160000e-05	-3.911884e-03	7.308443e+00
3.161000e-05	-2.120329e-02	7.466390e+00
3.162000e-05	2.948772e-02	7.698400e+00
3.163000e-05	-5.123456e-02	7.898028e+00
3.164000e-05	8.067241e-03	8.082157e+00
3.165000e-05	-2.172797e-02	8.271133e+00
3.166000e-05	7.051666e-03	8.471682e+00
3.167000e-05	-1.539099e-02	8.672282e+00
3.168000e-05	-9.985836e-03	8.874313e+00
3.169000e-05	8.094800e-04	9.022739e+00
3.170000e-05	-2.201079e-02	9.216364e+00
3.171000e-05	3.634344e-03	9.404210e+00
3.172000e-05	-2.986337e-02	9.553791e+00
3.173000e-05	2.524072e-03	9.712712e+00
3.174000e-05	-1.681515e-02	9.882761e+00
3.175000e-05	-9.968522e-04	1.003374e+01
3.176000e-05	-1.720828e-02	1.023967e+01
3.177000e-05	-1.275856e-02	1.041173e+01
3.178000e-05	-1.298485e-02	1.054813e+01
3.179000e-05	-1.242940e-02	1.068845e+01
3.180000e-05	-1.330974e-02	1.082589e+01
3.181000e-05	-2.045695e-02	1.096286e+01
3.182000e-05	-6.302572e-03	1.110110e+01
3.183000e-05	-1.459217e-02	1.118800e+01
3.184000e-05	-7.599986e-03	1.132579e+01
3.185000e-05	-1.925940e-02	1.144271e+01
3.186000e-05	-1.272701e-02	1.156940e+01
3.187000e-05	-1.638932e-02	1.166437e+01
3.188000e-05	-1.077497e-02	1.178161e+01
3.189000e-05	-1.926951e-02	1.187942e+01
3.190000e-05	-2.086366e-02	1.198274e+01
3.191000e-05	-1.418304e-02	1.206748e+01
3.192000e-05	-1.385041e-02	1.216223e+01
3.193000e-05	-1.457130e-02	1.223797e+01
3.194000e-05	-2.338776e-02	1.233331e+01
3.195000e-05	-1.714406e-02	1.243802e+01
3.196000e-05	-1.706287e-02	1.248168e+01
3.197000e-05	-1.346141e-02	1.255637e+01
3.198000e-05	-2.154822e-02	1.264900e+01
3.199000e-05	-2.085448e-02	1.267211e+01
3.200000e-05	-2.153119e-02	1.269474e+01
3.201000e-05	-1.857201e-02	1.276793e+01
3.202000e-05	-2.087097e-02	1.279960e+01
3.203000e-05	-2.221873e-02	1.282058e+01
3.204000e-05	-2.084914e-02	1.281368e+01
3.205000e-05	-1.955289e-02	1.284584e+01
3.206000e-05	-1.859812e-02	1.287331e+01
3.207000e-05	-2.549819e-02	1.291689e+01
3.208000e-05	-2.447952e-02	1.292486e+01
3.209000e-05	-2.562455e-02	1.285626e+01
3.210000e-05	-2.287906e-02	1.289382e+01
3.211000e-05	-2.545081e-02	1.288632e+01
3.212000e-05	-2.528858e-02	1.291573e+01
3.213000e-05	-2.438084e-02	1.283171e+01
3.214000e-05	-2.536754e-02	1.278260e+01
3.215000e-05	-2.720794e-02	1.282208e+01
3.216000e-05	-2.908510e-02	1.274749e+01
3.217000e-05	-2.658278e-02	1.275697e+01
3.218000e-05	-2.659698e-02	1.270326e+01
3.219000e-05	-2.638410e-02	1.265361e+01
3.220000e-05	-2.899483e-02	1.259945e+01
3.221000e-05	-2.891672e-02	1.253637e+01
3.222000e-05	-2.860271e-02	1.248316e+01
3.223000e-05	-2.954436e-02	1.239844e+01
3.224000e-05	-3.183399e-02	1.231473e+01
3.225000e-05	-3.179388e-02	1.222747e+01
3.226000e-05	-3.063356e-02	1.209369e+01
3.227000e-05	-3.092801e-02	1.205852e+01
3.228000e-05	-3.195263e-02	1.196268e+01
3.229000e-05	-3.412425e-02	1.185537e+01
3.230000e-05	-3.333293e-02	1.175068e+01
3.231000e-05	-3.386387e-02	1.167489e+01
3.232000e-05	-3.357318e-02	1.155898e+01
3.233000e-05	-3.585656e-02	1.142371e+01
3.234000e-05	-3.237423e-02	1.130629e+01
3.235000e-05	-3.225618e-02	1.117797e+01
3.236000e-05	-2.922718e-02	1.104116e+01
3.237000e-05	-3.190572e-02	1.097536e+01
3.238000e-05	-2.998432e-02	1.082942e+01
3.239000e-05	-3.031227e-02	1.066958e+01
3.240000e-05	-2.682460e-02	1.057271e+01
3.241000e-05	-2.755841e-02	1.039221e+01
3.242000e-05	-2.546480e-02	1.025469e+01
3.243000e-05	-2.509363e-02	1.005476e+01
3.244000e-05	-2.246501e-02	9.895787e+00
3.245000e-05	-2.205021e-02	9.736338e+00
3.246000e-05	-2.162988e-02	9.564869e+00
3.247000e-05	-2.156098e-02	9.408368e+00
3.248000e-05	-1.963248e-02	9.207896e+00
3.249000e-05	-1.910446e-02	9.057467e+00
3.250000e-05	-1.872566e-02	8.856870e+00
3.251000e-05	-1.800554e-02	8.676267e+00
3.252000e-05	-1.769593e-02	8.494815e+00
3.253000e-05	-1.661066e-02	8.263708e+00
3.254000e-05	-1.668208e-02	8.114315e+00
3.255000e-05	-1.539536e-02	7.894104e+00
3.256000e-05	-1.548759e-02	7.739551e+00
3.257000e-05	-1.432294e-02	7.520475e+00
3.258000e-05	-1.318214e-02	7.329471e+00
3.259000e-05	-1.347210e-02	7.138291e+00
3.260000e-05	-1.273091e-02	6.935238e+00
3.261000e-05	-1.241724e-02	6.713135e+00
3.262000e-05	-1.153280e-02	6.459874e+00
3.263000e-05	-1.141862e-02	6.206312e+00
3.264000e-05	-1.065958e-02	6.005687e+00
3.265000e-05	-1.159414e-02	5.759579e+00
3.266000e-05	-1.004833e-02	5.557345e+00
3.267000e-05	-1.036149e-02	5.345216e+00
3.268000e-05	-9.348278e-03	5.104186e+00
3.269000e-05	-9.705718e-03	4.869427e+00
3.270000e-05	-1.012591e-02	4.656896e+00
3.271000e-05	-8.501302e-03	4.331503e+00
3.272000e-05	-7.687195e-03	4.104787e+00
3.273000e-05	-7.369582e-03	3.882609e+00
3.274000e-05	-9.001101e-03	3.652473e+00
3.275000e-05	-7.988636e-03	3.395268e+00
3.276000e-05	-7.927180e-03	3.141533e+00
3.277000e-05	-7.199021e-03	2.928947e+00
3.278000e-05	-6.838596e-03	2.673743e+00
3.279000e-05	-5.935453e-03	2.443055e+00
3.280000e-05	-6.754491e-03	2.186346e+00
3.281000e-05	-5.835134e-03	1.932531e+00
3.282000e-05	-6.203126e-03	1.680450e+00
3.283000e-05	-6.476639e-03	1.444141e+00
3.284000e-05	-7.393099e-03	1.189101e+00
3.285000e-05	-6.085706e-03	9.436656e-01
3.286000e-05	-5.206279e-03	6.300509e-01
3.287000e-05	-5.046039e-03	4.147869e-01
3.288000e-05	-4.382893e-03	2.426326e-01
3.289000e-05	-2.915914e-03	-9.163289e-02
3.290000e-05	6.228518e-03	-3.168597e-01
3.291000e-05	-2.296010e-03	-5.284976e-01
3.292000e-05	1.648845e-04	-7.511555e-01
3.293000e-05	-9.548217e-04	-9.962382e-01
3.294000e-05	-1.158388e-03	-1.227949e+00
3.295000e-05	-7.010555e-03	-1.452708e+00
3.296000e-05	1.138161e-02	-1.673835e+00
3.297000e-05	4.745693e-02	-1.884710e+00
3.298000e-05	6.751103e-02	-2.171157e+00
3.299000e-05	-7.894387e-02	-2.490599e+00
3.300000e-05	4.970383e-03	-2.849550e+00
3.301000e-05	-3.719363e-02	-3.034108e+00
3.302000e-05	-5.074751e-02	-3.231583e+00
3.303000e-05	-5.520512e-02	-3.431739e+00
3.304000e-05	1.545198e-01	-3.562679e+00
3.305000e-05	-8.956773e-02	-3.815337e+00
3.306000e-05	2.452659e-02	-4.080625e+00
3.307000e-05	1.018863e-01	-4.269531e+00
3.308000e-05	-1.503592e-01	-4.538520e+00
3.309000e-05	1.502649e-01	-4.854154e+00
3.310000e-05	-1.386280e-01	-5.076364e+00
3.311000e-05	5.421952e-02	-5.271477e+00
3.312000e-05	6.273263e-02	-5.511127e+00
3.313000e-05	-8.065526e-02	-5.775396e+00
3.314000e-05	1.316881e-01	-5.968419e+00
3.315000e-05	-1.076751e-01	-6.193155e+00
3.316000e-05	5.624204e-02	-6.458791e+00
3.317000e-05	-4.434438e-02	-6.667443e+00
3.318000e-05	6.340141e-03	-6.933238e+00
3.319000e-05	6.155138e-02	-7.144786e+00
3.320000e-05	-8.278975e-02	-7.336888e+00
3.321000e-05	1.238054e-01	-7.538499e+00
3.322000e-05	-9.200395e-02	-7.771128e+00
3.323000e-05	5.261005e-02	-7.973183e+00
3.324000e-05	-2.573323e-02	-8.163131e+00
3.325000e-05	4.512178e-03	-8.384610e+00
3.326000e-05	3.905506e-02	-8.554686e+00
3.327000e-05	-3.229821e-02	-8.725439e+00
3.328000e-05	6.117226e-02	-8.917393e+00
3.329000e-05	-6.171947e-02	-9.116444e+00
3.330000e-05	6.754370e-02	-9.277969e+00
3.331000e-05	-5.056255e-02	-9.437365e+00
3.332000e-05	4.944334e-02	-9.636866e+00
3.333000e-05	-2.548964e-02	-9.785333e+00
3.334000e-05	2.687084e-02	-9.947413e+00
3.335000e-05	4.654124e-03	-1.006334e+01
3.336000e-05	6.294560e-03	-1.029326e+01
3.337000e-05	1.456683e-02	-1.041424e+01
3.338000e-05	-1.256901e-02	-1.059379e+01
3.339000e-05	3.697914e-02	-1.073108e+01
3.340000e-05	-2.558973e-02	-1.090007e+01
3.341000e-05	4.099151e-02	-1.103739e+01
3.342000e-05	-2.344824e-02	-1.114434e+01
3.343000e-05	3.569525e-02	-1.130071e+01
3.344000e-05	-6.948747e-03	-1.140900e+01
3.345000e-05	2.222273e-02	-1.150629e+01
3.346000e-05	-1.957858e-03	-1.166166e+01
3.347000e-05	1.161192e-02	-1.176950e+01
3.348000e-05	1.116165e-02	-1.182480e+01
3.349000e-05	3.814219e-03	-1.192865e+01
3.350000e-05	1.757858e-02	-1.203592e+01
3.351000e-05	1.638905e-03	-1.216260e+01
3.352000e-05	2.157534e-02	-1.223692e+01
3.353000e-05	3.670463e-03	-1.233263e+01
3.354000e-05	1.838063e-02	-1.241642e+01
3.355000e-05	2.312107e-03	-1.245160e+01
3.356000e-05	1.924870e-02	-1.255524e+01
3.357000e-05	9.462577e-03	-1.257842e+01
3.358000e-05	1.847065e-02	-1.269071e+01
3.359000e-05	9.357335e-03	-1.270331e+01
3.360000e-05	1.296319e-02	-1.276887e+01
3.361000e-05	1.264361e-02	-1.281100e+01
3.362000e-05	1.389245e-02	-1.281156e+01
3.363000e-05	1.419472e-02	-1.287268e+01
3.364000e-05	1.387133e-02	-1.292684e+01
3.365000e-05	1.807675e-02	-1.293787e+01
3.366000e-05	1.578596e-02	-1.288099e+01
3.367000e-05	1.841700e-02	-1.297902e+01
3.368000e-05	1.275085e-02	-1.297992e+01
3.369000e-05	1.762619e-02	-1.292945e+01
3.370000e-05	1.742730e-02	-1.295700e+01
3.371000e-05	1.975493e-02	-1.296952e+01
3.372000e-05	1.837058e-02	-1.297742e+01
3.373000e-05	1.809016e-02	-1.293689e+01
3.374000e-05	1.817234e-02	-1.291691e+01
3.375000e-05	2.079972e-02	-1.290679e+01
3.376000e-05	1.975587e-02	-1.285319e+01
3.377000e-05	1.815283e-02	-1.280056e+01
3.378000e-05	1.878426e-02	-1.277850e+01
3.379000e-05	2.129328e-02	-1.270584e+01
3.380000e-05	2.225601e-02	-1.269376e+01
3.381000e-05	2.087650e-02	-1.259892e+01
3.382000e-05	1.941866e-02	-1.255631e+01
3.383000e-05	2.015053e-02	-1.249316e+01
3.384000e-05	2.414582e-02	-1.240847e+01
3.385000e-05	2.263954e-02	-1.231323e+01
3.386000e-05	2.373339e-02	-1.223752e+01
3.387000e-05	2.358250e-02	-1.215421e+01
3.388000e-05	2.594058e-02	-1.206795e+01
3.389000e-05	2.530281e-02	-1.200318e+01
3.390000e-05	2.542429e-02	-1.185532e+01
3.391000e-05	2.465156e-02	-1.176060e+01
3.392000e-05	2.557581e-02	-1.166679e+01
3.393000e-05	2.696339e-02	-1.156892e+01
3.394000e-05	2.518423e-02	-1.143263e+01
3.395000e-05	2.395766e-02	-1.135537e+01
3.396000e-05	2.359453e-02	-1.116797e+01
3.397000e-05	2.324623e-02	-1.104110e+01
3.398000e-05	2.252131e-02	-1.097579e+01
3.399000e-05	2.013538e-02	-1.081584e+01
3.400000e-05	1.909147e-02	-1.065737e+01
3.401000e-05	1.856107e-02	-1.050992e+01
3.402000e-05	1.888541e-02	-1.033998e+01
3.403000e-05	1.557680e-02	-1.018058e+01
3.404000e-05	1.503697e-02	-1.002050e+01
3.405000e-05	1.385641e-02	-9.820450e+00
3.406000e-05	1.403432e-02	-9.641070e+00
3.407000e-05	1.357619e-02	-9.472601e+00
3.408000e-05	1.013301e-02	-9.300107e+00
3.409000e-05	8.873245e-03	-9.143057e+00
3.410000e-05	9.414003e-03	-8.931057e+00
3.411000e-05	1.038079e-02	-8.760124e+00
3.412000e-05	8.387173e-03	-8.601603e+00
3.413000e-05	7.529159e-03	-8.460976e+00
3.414000e-05	7.271373e-03	-8.230976e+00
3.415000e-05	7.711664e-03	-8.068420e+00
3.416000e-05	6.962362e-03	-7.847920e+00
3.417000e-05	3.993158e-03	-7.597842e+00
3.418000e-05	4.267370e-03	-7.424708e+00
3.419000e-05	4.599558e-03	-7.222582e+00
3.420000e-05	4.655646e-03	-7.021048e+00
3.421000e-05	1.622199e-03	-6.767370e+00
3.422000e-05	2.210323e-03	-6.565712e+00
3.423000e-05	3.163449e-03	-6.362079e+00
3.424000e-05	3.129774e-03	-6.090897e+00
3.425000e-05	3.475540e-04	-5.878317e+00
3.426000e-05	6.855292e-04	-5.665234e+00
3.427000e-05	1.444790e-03	-5.424055e+00
3.428000e-05	2.160001e-03	-5.199946e+00
3.429000e-05	8.072971e-04	-5.016720e+00
3.430000e-05	-1.143712e-03	-4.713633e+00
3.431000e-05	-7.247229e-04	-4.467340e+00
3.432000e-05	1.589020e-04	-4.222524e+00
3.433000e-05	1.673115e-04	-3.938341e+00
3.434000e-05	-3.322491e-03	-3.785791e+00
3.435000e-05	-1.695245e-03	-3.514632e+00
3.436000e-05	-1.771193e-03	-3.327925e+00
3.437000e-05	-3.307866e-04	-3.064737e+00
3.438000e-05	-3.030977e-03	-2.833059e+00
3.439000e-05	-3.155363e-03	-2.580294e+00
3.440000e-05	-4.514849e-03	-2.364658e+00
3.441000e-05	-2.300607e-03	-2.121450e+00
3.442000e-05	-4.106316e-03	-1.815765e+00
3.443000e-05	-4.144066e-03	-1.572506e+00
3.444000e-05	-5.248102e-03	-1.328895e+00
3.445000e-05	-2.736371e-03	-1.102531e+00
3.446000e-05	-2.454767e-03	-8.173420e-01
3.447000e-05	-2.936819e-03	-6.032341e-01
3.448000e-05	-4.190421e-03	-3.193947e-01
3.449000e-05	-2.937663e-03	-9.573323e-02
3.450000e-05	5.110417e-03	1.579474e-01
3.451000e-05	-2.546459e-03	3.521568e-01
3.452000e-05	2.930258e-05	6.157622e-01
3.453000e-05	-9.526712e-04	8.173149e-01
3.454000e-05	-4.383462e-04	1.101733e+00
3.455000e-05	-5.058884e-03	1.325865e+00
3.456000e-05	1.678182e-03	1.600052e+00
3.457000e-05	1.511757e-02	1.789600e+00
3.458000e-05	5.378026e-02	2.032711e+00
3.459000e-05	2.740569e-02	2.301079e+00
3.460000e-05	-6.706921e-02	2.596392e+00
3.461000e-05	-1.916248e-02	2.809555e+00
3.462000e-05	-2.963068e-02	3.093757e+00
3.463000e-05	-4.948229e-02	3.308392e+00
3.464000e-05	-5.097731e-02	3.456919e+00
3.465000e-05	5.457357e-02	3.657994e+00
3.466000e-05	5.116418e-02	3.952738e+00
3.467000e-05	-8.860081e-02	4.175892e+00
3.468000e-05	1.448321e-01	4.347447e+00
3.469000e-05	-8.827016e-02	4.654365e+00
3.470000e-05	-2.096844e-02	4.867471e+00
3.471000e-05	2.158961e-02	5.150183e+00
3.472000e-05	-7.079337e-02	5.334337e+00
3.473000e-05	7.599270e-02	5.606373e+00
3.474000e-05	-5.768832e-02	5.852653e+00
3.475000e-05	3.966135e-02	6.023310e+00
3.476000e-05	-2.164227e-02	6.296419e+00
3.477000e-05	-1.568020e-02	6.508151e+00
3.478000e-05	-4.725178e-03	6.742836e+00
3.479000e-05	-3.637456e-02	7.007971e+00
3.480000e-05	3.375844e-02	7.202654e+00
3.481000e-05	-3.362637e-02	7.379705e+00
3.482000e-05	1.943441e-02	7.591652e+00
3.483000e-05	-1.164444e-02	7.793334e+00
3.484000e-05	-3.077567e-02	8.003790e+00
3.485000e-05	6.998187e-03	8.174866e+00
3.486000e-05	-2.234060e-02	8.385948e+00
3.487000e-05	8.864251e-03	8.568420e+00
3.488000e-05	-2.905871e-02	8.759077e+00
3.489000e-05	1.179275e-02	8.958501e+00
3.490000e-05	-1.888545e-02	9.119102e+00
3.491000e-05	-6.615307e-03	9.290103e+00
3.492000e-05	-1.225261e-02	9.487978e+00
3.493000e-05	-1.945380e-02	9.649000e+00
3.494000e-05	1.193507e-03	9.828546e+00
3.495000e-05	-1.759163e-02	9.987425e+00
3.496000e-05	-1.047948e-05	1.015747e+01
3.497000e-05	-2.378463e-02	1.030692e+01
3.498000e-05	-3.591018e-03	1.048637e+01
3.499000e-05	-1.632393e-02	1.060379e+01
3.500000e-05	-1.022075e-02	1.078211e+01
3.501000e-05	-1.848478e-02	1.092058e+01
3.502000e-05	-1.382537e-02	1.100845e+01
3.503000e-05	-8.532803e-03	1.114432e+01
3.504000e-05	-1.336710e-02	1.125176e+01
3.505000e-05	-1.228785e-02	1.140905e+01
3.506000e-05	-1.947319e-02	1.149537e+01
3.507000e-05	-1.217457e-02	1.165121e+01
3.508000e-05	-1.600873e-02	1.170745e+01
3.509000e-05	-1.495016e-02	1.181591e+01
3.510000e-05	-1.989822e-02	1.193910e+01
3.511000e-05	-1.594382e-02	1.206532e+01
3.512000e-05	-1.344259e-02	1.209163e+01
3.513000e-05	-1.677790e-02	1.221529e+01
3.514000e-05	-1.881724e-02	1.225855e+01
3.515000e-05	-2.098412e-02	1.237592e+01
3.516000e-05	-1.647298e-02	1.243918e+01
3.517000e-05	-1.690086e-02	1.252329e+01
3.518000e-05	-1.859790e-02	1.259837e+01
3.519000e-05	-2.042840e-02	1.265003e+01
3.520000e-05	-2.055621e-02	1.267419e+01
3.521000e-05	-1.962979e-02	1.275544e+01
3.522000e-05	-1.885319e-02	1.275745e+01
3.523000e-05	-2.547455e-02	1.280960e+01
3.524000e-05	-2.333727e-02	1.281168e+01
3.525000e-05	-1.951454e-02	1.288364e+01
3.526000e-05	-1.710879e-02	1.285433e+01
3.527000e-05	-2.301598e-02	1.286584e+01
3.528000e-05	-2.586986e-02	1.291587e+01
3.529000e-05	-2.453155e-02	1.288589e+01
3.530000e-05	-2.093368e-02	1.287632e+01
3.531000e-05	-2.484125e-02	1.288532e+01
3.532000e-05	-2.756772e-02	1.286632e+01
3.533000e-05	-2.739483e-02	1.287573e+01
3.534000e-05	-2.325669e-02	1.287326e+01
3.535000e-05	-2.409818e-02	1.278156e+01
3.536000e-05	-2.895323e-02	1.275003e+01
3.537000e-05	-2.961809e-02	1.275743e+01
3.538000e-05	-2.751705e-02	1.272534e+01
3.539000e-05	-2.328771e-02	1.267164e+01
3.540000e-05	-2.772513e-02	1.261150e+01
3.541000e-05	-3.033363e-02	1.254642e+01
3.542000e-05	-3.099101e-02	1.253221e+01
3.543000e-05	-2.666685e-02	1.239953e+01
3.544000e-05	-2.776659e-02	1.236489e+01
3.545000e-05	-3.186160e-02	1.229769e+01
3.546000e-05	-3.311000e-02	1.217579e+01
3.547000e-05	-3.259265e-02	1.205853e+01
3.548000e-05	-2.952865e-02	1.202579e+01
3.549000e-05	-3.349086e-02	1.190910e+01
3.550000e-05	-3.495425e-02	1.181221e+01
3.551000e-05	-3.537965e-02	1.169947e+01
3.552000e-05	-3.098947e-02	1.161318e+01
3.553000e-05	-3.401879e-02	1.145529e+01
3.554000e-05	-3.437075e-02	1.135000e+01
3.555000e-05	-3.465402e-02	1.126213e+01
3.556000e-05	-3.099147e-02	1.114576e+01
3.557000e-05	-2.950310e-02	1.102895e+01
3.558000e-05	-3.028699e-02	1.090158e+01
3.559000e-05	-2.993719e-02	1.072372e+01
3.560000e-05	-2.888974e-02	1.058624e+01
3.561000e-05	-2.688167e-02	1.043644e+01
3.562000e-05	-2.660597e-02	1.031847e+01
3.563000e-05	-2.504898e-02	1.011950e+01
3.564000e-05	-2.298133e-02	9.960478e+00
3.565000e-05	-2.216178e-02	9.800499e+00
3.566000e-05	-2.206429e-02	9.631528e+00
3.567000e-05	-2.223798e-02	9.492686e+00
3.568000e-05	-2.103321e-02	9.261007e+00
3.569000e-05	-2.041930e-02	9.111732e+00
3.570000e-05	-1.901010e-02	8.932059e+00
3.571000e-05	-1.848609e-02	8.802662e+00
3.572000e-05	-1.798218e-02	8.540002e+00
3.573000e-05	-1.631986e-02	8.346971e+00
3.574000e-05	-1.643413e-02	8.187421e+00
3.575000e-05	-1.566329e-02	8.007945e+00
3.576000e-05	-1.522856e-02	7.815875e+00
3.577000e-05	-1.488845e-02	7.584740e+00
3.578000e-05	-1.468313e-02	7.424217e+00
3.579000e-05	-1.362157e-02	7.203182e+00
3.580000e-05	-1.317664e-02	7.011478e+00
3.581000e-05	-1.338109e-02	6.779392e+00
3.582000e-05	-1.193999e-02	6.516263e+00
3.583000e-05	-1.225012e-02	6.311609e+00
3.584000e-05	-1.125245e-02	6.100403e+00
3.585000e-05	-1.179689e-02	5.878424e+00
3.586000e-05	-9.579338e-03	5.694564e+00
3.587000e-05	-1.047038e-02	5.432483e+00
3.588000e-05	-9.234343e-03	5.240501e+00
3.589000e-05	-1.069680e-02	5.014721e+00
3.590000e-05	-9.688603e-03	4.791662e+00
3.591000e-05	-9.008045e-03	4.508977e+00
3.592000e-05	-8.519226e-03	4.201105e+00
3.593000e-05	-9.538983e-03	3.998472e+00
3.594000e-05	-8.549294e-03	3.727342e+00
3.595000e-05	-7.583663e-03	3.501075e+00
3.596000e-05	-7.739033e-03	3.297349e+00
3.597000e-05	-6.898142e-03	3.037312e+00
3.598000e-05	-8.043063e-03	2.780478e+00
3.599000e-05	-6.972273e-03	2.567292e+00
3.600000e-05	-6.210200e-03	2.296315e+00
3.601000e-05	-6.360360e-03	2.038421e+00
3.602000e-05	-7.182156e-03	1.826242e+00
3.603000e-05	-7.654403e-03	1.604085e+00
3.604000e-05	-5.445955e-03	1.338368e+00
3.605000e-05	-4.186054e-03	1.042558e+00
3.606000e-05	-4.608022e-03	7.673432e-01
3.607000e-05	-5.340228e-03	5.230815e-01
3.608000e-05	-5.342083e-03	3.295012e-01
3.609000e-05	-3.545474e-03	2.358685e-02
3.610000e-05	-6.591579e-04	-1.990750e-01
3.611000e-05	8.391746e-03	-4.125788e-01
3.612000e-05	-6.305596e-03	-6.774409e-01
3.613000e-05	1.610177e-03	-9.074714e-01
3.614000e-05	-6.703963e-03	-1.113103e+00
3.615000e-05	4.452374e-03	-1.406469e+00
3.616000e-05	-6.576968e-04	-1.567999e+00
3.617000e-05	2.556465e-02	-1.749528e+00
3.618000e-05	7.186845e-02	-2.042208e+00
3.619000e-05	-1.207778e-02	-2.351156e+00
3.620000e-05	-4.141951e-02	-2.671627e+00
3.621000e-05	-2.250696e-03	-2.947390e+00
3.622000e-05	-5.609045e-02	-3.158368e+00
3.623000e-05	-5.982656e-02	-3.366470e+00
3.624000e-05	4.963683e-02	-3.488371e+00
3.625000e-05	9.161179e-02	-3.678945e+00
3.626000e-05	-1.428309e-01	-3.972681e+00
3.627000e-05	1.835689e-01	-4.187817e+00
3.628000e-05	-1.092610e-01	-4.398524e+00
3.629000e-05	-1.677943e-02	-4.759943e+00
3.630000e-05	7.386912e-02	-4.939923e+00
3.631000e-05	-1.235076e-01	-5.195258e+00
3.632000e-05	1.354392e-01	-5.376310e+00
3.633000e-05	-9.769754e-02	-5.648949e+00
3.634000e-05	8.692913e-02	-5.884260e+00
3.635000e-05	-1.062783e-03	-6.072284e+00
3.636000e-05	-5.597030e-02	-6.341504e+00
3.637000e-05	6.276740e-02	-6.572680e+00
3.638000e-05	-9.542470e-02	-6.805941e+00
3.639000e-05	1.109303e-01	-7.049527e+00
3.640000e-05	-6.938705e-02	-7.221101e+00
3.641000e-05	4.753465e-02	-7.462755e+00
3.642000e-05	2.667136e-02	-7.653209e+00
3.643000e-05	-5.707646e-02	-7.896969e+00
3.644000e-05	6.766501e-02	-8.035918e+00
3.645000e-05	-8.057429e-02	-8.258997e+00
3.646000e-05	8.922728e-02	-8.480051e+00
3.647000e-05	-5.787622e-02	-8.631550e+00
3.648000e-05	6.547504e-02	-8.801759e+00
3.649000e-05	-2.912543e-02	-8.991103e+00
3.650000e-05	1.165360e-02	-9.213814e+00
3.651000e-05	1.400430e-02	-9.310582e+00
3.652000e-05	-1.724181e-02	-9.561132e+00
3.653000e-05	4.093183e-02	-9.660002e+00
3.654000e-05	-3.824978e-02	-9.860106e+00
3.655000e-05	5.661755e-02	-1.002058e+01
3.656000e-05	-3.658371e-02	-1.019016e+01
3.657000e-05	5.047933e-02	-1.039952e+01
3.658000e-05	-3.470193e-02	-1.053907e+01
3.659000e-05	3.583150e-02	-1.069897e+01
3.660000e-05	-1.040658e-02	-1.081481e+01
3.661000e-05	1.947653e-02	-1.095427e+01
3.662000e-05	8.259758e-03	-1.109057e+01
3.663000e-05	-6.160595e-04	-1.121850e+01
3.664000e-05	2.537819e-02	-1.137584e+01
3.665000e-05	-7.376316e-03	-1.147408e+01
3.666000e-05	2.823397e-02	-1.153955e+01
3.667000e-05	-1.242375e-02	-1.169581e+01
3.668000e-05	2.665896e-02	-1.180266e+01
3.669000e-05	-3.040921e-03	-1.189742e+01
3.670000e-05	2.409016e-02	-1.198474e+01
3.671000e-05	-2.289258e-04	-1.209950e+01
3.672000e-05	1.661368e-02	-1.216429e+01
3.673000e-05	9.661225e-03	-1.227858e+01
3.674000e-05	1.572160e-02	-1.233476e+01
3.675000e-05	9.508176e-03	-1.240800e+01
3.676000e-05	8.288945e-03	-1.251319e+01
3.677000e-05	1.501411e-02	-1.256739e+01
3.678000e-05	1.337825e-02	-1.268110e+01
3.679000e-05	1.839427e-02	-1.267471e+01
3.680000e-05	6.840905e-03	-1.276690e+01
3.681000e-05	1.451598e-02	-1.279102e+01
3.682000e-05	1.076263e-02	-1.283208e+01
3.683000e-05	1.799159e-02	-1.288363e+01
3.684000e-05	1.216718e-02	-1.290434e+01
3.685000e-05	1.657856e-02	-1.291624e+01
3.686000e-05	1.549568e-02	-1.290646e+01
3.687000e-05	1.833255e-02	-1.292849e+01
3.688000e-05	1.621445e-02	-1.298107e+01
3.689000e-05	1.401648e-02	-1.295095e+01
3.690000e-05	1.585600e-02	-1.296003e+01
3.691000e-05	1.709718e-02	-1.296045e+01
3.692000e-05	2.044172e-02	-1.295052e+01
3.693000e-05	2.001559e-02	-1.296792e+01
3.694000e-05	1.823036e-02	-1.292684e+01
3.695000e-05	1.730273e-02	-1.292571e+01
3.696000e-05	2.017541e-02	-1.285526e+01
3.697000e-05	2.011729e-02	-1.282216e+01
3.698000e-05	2.027086e-02	-1.279998e+01
3.699000e-05	1.681000e-02	-1.276695e+01
3.700000e-05	2.092691e-02	-1.270431e+01
3.701000e-05	2.112328e-02	-1.269168e+01
3.702000e-05	2.150612e-02	-1.259692e+01
3.703000e-05	1.823461e-02	-1.251321e+01
3.704000e-05	2.092660e-02	-1.242902e+01
3.705000e-05	2.367898e-02	-1.236534e+01
3.706000e-05	2.528104e-02	-1.229213e+01
3.707000e-05	2.412904e-02	-1.219526e+01
3.708000e-05	2.332845e-02	-1.210010e+01
3.709000e-05	2.512533e-02	-1.203534e+01
3.710000e-05	2.674206e-02	-1.194952e+01
3.711000e-05	2.656967e-02	-1.180421e+01
3.712000e-05	2.370002e-02	-1.168840e+01
3.713000e-05	2.600522e-02	-1.161312e+01
3.714000e-05	2.627253e-02	-1.146466e+01
3.715000e-05	2.617935e-02	-1.136900e+01
3.716000e-05	2.321083e-02	-1.127166e+01
3.717000e-05	2.229323e-02	-1.112669e+01
3.718000e-05	2.255582e-02	-1.099740e+01
3.719000e-05	2.272273e-02	-1.092005e+01
3.720000e-05	2.077207e-02	-1.072155e+01
3.721000e-05	1.822328e-02	-1.056378e+01
3.722000e-05	1.794297e-02	-1.045476e+01
3.723000e-05	1.678272e-02	-1.025531e+01
3.724000e-05	1.684857e-02	-1.006729e+01
3.725000e-05	1.478417e-02	-9.843764e+00
3.726000e-05	1.364747e-02	-9.704269e+00
3.727000e-05	1.388248e-02	-9.575786e+00
3.728000e-05	1.289831e-02	-9.407365e+00
3.729000e-05	1.071244e-02	-9.258422e+00
3.730000e-05	8.750848e-03	-9.047421e+00
3.731000e-05	9.683305e-03	-8.866819e+00
3.732000e-05	9.259713e-03	-8.674811e+00
3.733000e-05	9.008966e-03	-8.515344e+00
3.734000e-05	6.152475e-03	-8.355765e+00
3.735000e-05	5.503295e-03	-8.164259e+00
3.736000e-05	6.311690e-03	-7.921630e+00
3.737000e-05	6.379163e-03	-7.703132e+00
3.738000e-05	5.104571e-03	-7.528525e+00
3.739000e-05	4.412480e-03	-7.338943e+00
3.740000e-05	3.975685e-03	-7.126395e+00
3.741000e-05	4.196157e-03	-6.885737e+00
3.742000e-05	2.798615e-03	-6.660606e+00
3.743000e-05	2.011732e-03	-6.448869e+00
3.744000e-05	2.170526e-03	-6.208290e+00
3.745000e-05	2.068041e-03	-6.003610e+00
3.746000e-05	1.687958e-03	-5.781000e+00
3.747000e-05	5.615318e-04	-5.539940e+00
3.748000e-05	1.257748e-05	-5.355767e+00
3.749000e-05	9.793207e-04	-5.081605e+00
3.750000e-05	8.134332e-04	-4.867895e+00
3.751000e-05	6.646301e-04	-4.605687e+00
3.752000e-05	-1.801191e-03	-4.330549e+00
3.753000e-05	-1.465904e-03	-4.102637e+00
3.754000e-05	-4.329038e-04	-3.850551e+00
3.755000e-05	-2.821555e-05	-3.650501e+00
3.756000e-05	-2.228427e-03	-3.434813e+00
3.757000e-05	-3.418983e-03	-3.132555e+00
3.758000e-05	-1.728635e-03	-2.950426e+00
3.759000e-05	-1.181112e-05	-2.715763e+00
3.760000e-05	-1.983993e-03	-2.459474e+00
3.761000e-05	-4.351386e-03	-2.197843e+00
3.762000e-05	-5.508333e-03	-1.982661e+00
3.763000e-05	-4.311862e-03	-1.708366e+00
3.764000e-05	-2.687788e-03	-1.476716e+00
3.765000e-05	-4.593916e-03	-1.211025e+00
3.766000e-05	-4.166773e-03	-9.451842e-01
3.767000e-05	-4.181424e-03	-7.215474e-01
3.768000e-05	-1.586024e-03	-4.467132e-01
3.769000e-05	-3.091784e-03	-2.030538e-01
3.770000e-05	-2.130888e-03	3.003032e-02
3.771000e-05	6.198917e-03	2.958659e-01
3.772000e-05	-4.732926e-03	5.079225e-01
3.773000e-05	2.255167e-03	7.401013e-01
3.774000e-05	-5.959724e-03	1.005288e+00
3.775000e-05	1.553894e-03	1.228024e+00
3.776000e-05	-4.853663e-03	1.493741e+00
3.777000e-05	1.298903e-02	1.677363e+00
3.778000e-05	2.160641e-02	1.886817e+00
3.779000e-05	6.653991e-02	2.161182e+00
3.780000e-05	-3.560676e-02	2.438554e+00
3.781000e-05	-4.288089e-02	2.713740e+00
3.782000e-05	-2.345467e-02	2.996946e+00
3.783000e-05	-4.208488e-02	3.190680e+00
3.784000e-05	-4.946112e-02	3.382157e+00
3.785000e-05	-1.979306e-02	3.520104e+00
3.786000e-05	1.038952e-01	3.824837e+00
3.787000e-05	-6.471826e-02	4.059480e+00
3.788000e-05	4.021050e-02	4.238579e+00
3.789000e-05	6.513315e-02	4.518493e+00
3.790000e-05	-1.269243e-01	4.763233e+00
3.791000e-05	7.698511e-02	5.014207e+00
3.792000e-05	-7.435255e-02	5.289950e+00
3.793000e-05	1.354370e-02	5.480602e+00
3.794000e-05	2.484326e-02	5.742816e+00
3.795000e-05	-3.144287e-02	5.948944e+00
3.796000e-05	3.473425e-02	6.220057e+00
3.797000e-05	-5.531815e-02	6.433763e+00
3.798000e-05	2.658011e-02	6.607895e+00
3.799000e-05	-5.283726e-02	6.871627e+00
3.800000e-05	2.362904e-02	7.142835e+00
3.801000e-05	2.584510e-03	7.275316e+00
3.802000e-05	-2.578519e-02	7.504923e+00
3.803000e-05	2.888985e-02	7.666393e+00
3.804000e-05	-4.734402e-02	7.890099e+00
3.805000e-05	6.839497e-03	8.089603e+00
3.806000e-05	-2.571719e-02	8.340704e+00
3.807000e-05	9.083201e-03	8.481252e+00
3.808000e-05	-1.804263e-02	8.704261e+00
3.809000e-05	-4.766422e-03	8.853289e+00
3.810000e-05	1.329100e-03	9.055261e+00
3.811000e-05	-2.636151e-02	9.244339e+00
3.812000e-05	7.438584e-03	9.363865e+00
3.813000e-05	-3.289489e-02	9.553766e+00
3.814000e-05	2.202121e-03	9.734160e+00
3.815000e-05	-1.954511e-02	9.853738e+00
3.816000e-05	1.580926e-03	1.006273e+01
3.817000e-05	-1.856626e-02	1.023078e+01
3.818000e-05	-8.529897e-03	1.039210e+01
3.819000e-05	-1.090374e-02	1.051911e+01
3.820000e-05	-1.611526e-02	1.067657e+01
3.821000e-05	-9.058642e-03	1.086540e+01
3.822000e-05	-2.115601e-02	1.096224e+01
3.823000e-05	-6.266541e-03	1.112210e+01
3.824000e-05	-1.642816e-02	1.121750e+01
3.825000e-05	-6.751932e-03	1.135339e+01
3.826000e-05	-2.104963e-02	1.142218e+01
3.827000e-05	-1.134665e-02	1.157900e+01
3.828000e-05	-1.837518e-02	1.169587e+01
3.829000e-05	-1.319274e-02	1.178155e+01
3.830000e-05	-1.802681e-02	1.189692e+01
3.831000e-05	-1.790523e-02	1.199218e+01
3.832000e-05	-1.365041e-02	1.210905e+01
3.833000e-05	-1.564055e-02	1.215326e+01
3.834000e-05	-1.447833e-02	1.226745e+01
3.835000e-05	-2.140985e-02	1.232329e+01
3.836000e-05	-1.704809e-02	1.241797e+01
3.837000e-05	-2.080334e-02	1.249218e+01
3.838000e-05	-1.569089e-02	1.254734e+01
3.839000e-05	-1.844443e-02	1.262893e+01
3.840000e-05	-1.723627e-02	1.265318e+01
3.841000e-05	-2.346291e-02	1.275434e+01
3.842000e-05	-2.210176e-02	1.276600e+01
3.843000e-05	-2.092375e-02	1.274859e+01
3.844000e-05	-1.975456e-02	1.280208e+01
3.845000e-05	-2.044164e-02	1.284165e+01
3.846000e-05	-2.286859e-02	1.288332e+01
3.847000e-05	-2.037892e-02	1.287624e+01
3.848000e-05	-2.264966e-02	1.289726e+01
3.849000e-05	-2.178213e-02	1.286537e+01
3.850000e-05	-2.619831e-02	1.288642e+01
3.851000e-05	-2.474230e-02	1.290427e+01
3.852000e-05	-2.424069e-02	1.289689e+01
3.853000e-05	-2.438247e-02	1.288383e+01
3.854000e-05	-2.515253e-02	1.289421e+01
3.855000e-05	-2.688324e-02	1.277173e+01
3.856000e-05	-2.626812e-02	1.280958e+01
3.857000e-05	-2.708080e-02	1.274802e+01
3.858000e-05	-2.733957e-02	1.274737e+01
3.859000e-05	-2.730035e-02	1.268281e+01
3.860000e-05	-2.800932e-02	1.264060e+01
3.861000e-05	-2.627592e-02	1.258900e+01
3.862000e-05	-2.896254e-02	1.252489e+01
3.863000e-05	-2.901746e-02	1.244258e+01
3.864000e-05	-3.070938e-02	1.243747e+01
3.865000e-05	-2.922331e-02	1.229321e+01
3.866000e-05	-3.039435e-02	1.223932e+01
3.867000e-05	-3.080461e-02	1.214368e+01
3.868000e-05	-3.266819e-02	1.204840e+01
3.869000e-05	-3.350639e-02	1.196364e+01
3.870000e-05	-3.377205e-02	1.182937e+01
3.871000e-05	-3.396230e-02	1.175003e+01
3.872000e-05	-3.393946e-02	1.163689e+01
3.873000e-05	-3.315250e-02	1.157952e+01
3.874000e-05	-3.228021e-02	1.142211e+01
3.875000e-05	-3.189247e-02	1.130689e+01
3.876000e-05	-3.437783e-02	1.120900e+01
3.877000e-05	-3.254593e-02	1.109060e+01
3.878000e-05	-3.147506e-02	1.092531e+01
3.879000e-05	-2.772596e-02	1.077694e+01
3.880000e-05	-2.847052e-02	1.064005e+01
3.881000e-05	-2.668997e-02	1.051161e+01
3.882000e-05	-2.845442e-02	1.036116e+01
3.883000e-05	-2.410393e-02	1.023379e+01
3.884000e-05	-2.427357e-02	1.003631e+01
3.885000e-05	-2.255195e-02	9.895237e+00
3.886000e-05	-2.406841e-02	9.725292e+00
3.887000e-05	-2.183957e-02	9.595844e+00
3.888000e-05	-2.058697e-02	9.388520e+00
3.889000e-05	-1.956564e-02	9.217343e+00
3.890000e-05	-1.938868e-02	9.025820e+00
3.891000e-05	-1.960059e-02	8.856345e+00
3.892000e-05	-1.704382e-02	8.665890e+00
3.893000e-05	-1.681652e-02	8.495718e+00
3.894000e-05	-1.552631e-02	8.245188e+00
3.895000e-05	-1.765444e-02	8.123811e+00
3.896000e-05	-1.471605e-02	7.873082e+00
3.897000e-05	-1.553923e-02	7.680075e+00
3.898000e-05	-1.365585e-02	7.490479e+00
3.899000e-05	-1.402240e-02	7.308498e+00
3.900000e-05	-1.386981e-02	7.106846e+00
3.901000e-05	-1.340031e-02	6.864736e+00
3.902000e-05	-1.258425e-02	6.673581e+00
3.903000e-05	-1.167536e-02	6.419325e+00
3.904000e-05	-1.113122e-02	6.194286e+00
3.905000e-05	-1.132949e-02	6.001635e+00
3.906000e-05	-1.245282e-02	5.730454e+00
3.907000e-05	-1.040030e-02	5.546317e+00
3.908000e-05	-9.701490e-03	5.344264e+00
3.909000e-05	-9.464856e-03	5.064060e+00
3.910000e-05	-1.140134e-02	4.848897e+00
3.911000e-05	-9.810221e-03	4.647845e+00
3.912000e-05	-7.866791e-03	4.330402e+00
3.913000e-05	-7.478025e-03	4.115839e+00
3.914000e-05	-9.186292e-03	3.893109e+00
3.915000e-05	-9.479350e-03	3.627851e+00
3.916000e-05	-7.750689e-03	3.356263e+00
3.917000e-05	-7.030316e-03	3.149604e+00
3.918000e-05	-6.918674e-03	2.918418e+00
3.919000e-05	-9.068853e-03	2.674162e+00
3.920000e-05	-6.477586e-03	2.440554e+00
3.921000e-05	-6.649566e-03	2.176795e+00
3.922000e-05	-4.618258e-03	1.950508e+00
3.923000e-05	-6.977631e-03	1.698921e+00
3.924000e-05	-6.527646e-03	1.453157e+00
3.925000e-05	-5.919500e-03	1.190425e+00
3.926000e-05	-5.385408e-03	9.362643e-01
3.927000e-05	-5.128920e-03	6.594009e-01
3.928000e-05	-6.131847e-03	4.147630e-01
3.929000e-05	-3.583678e-03	1.911863e-01
3.930000e-05	-2.529515e-04	-8.460939e-02
3.931000e-05	4.970251e-03	-3.152622e-01
3.932000e-05	-3.514274e-03	-5.069213e-01
3.933000e-05	-2.375133e-03	-7.716555e-01
3.934000e-05	1.502588e-03	-9.952434e-01
3.935000e-05	-1.487385e-03	-1.331122e+00
3.936000e-05	8.100123e-04	-1.482182e+00
3.937000e-05	4.340592e-03	-1.694288e+00
3.938000e-05	4.486086e-02	-1.876815e+00
3.939000e-05	6.822380e-02	-2.172656e+00
3.940000e-05	-6.759530e-02	-2.500651e+00
3.941000e-05	-2.776811e-03	-2.872632e+00
3.942000e-05	-4.612320e-02	-3.062679e+00
3.943000e-05	-3.499875e-02	-3.241608e+00
3.944000e-05	-5.952029e-02	-3.453764e+00
3.945000e-05	1.531800e-01	-3.572212e+00
3.946000e-05	-9.565554e-02	-3.775865e+00
3.947000e-05	3.511257e-02	-4.101177e+00
3.948000e-05	1.105552e-01	-4.251103e+00
3.949000e-05	-1.639209e-01	-4.577924e+00
3.950000e-05	1.519053e-01	-4.843186e+00
3.951000e-05	-1.219894e-01	-5.075941e+00
3.952000e-05	4.244296e-02	-5.299525e+00
3.953000e-05	4.875271e-02	-5.501128e+00
3.954000e-05	-4.412899e-02	-5.725967e+00
3.955000e-05	1.068204e-01	-5.969020e+00
3.956000e-05	-1.103825e-01	-6.201657e+00
3.957000e-05	7.793048e-02	-6.465417e+00
3.958000e-05	-6.349338e-02	-6.718003e+00
3.959000e-05	1.453514e-02	-6.955213e+00
3.960000e-05	5.597262e-02	-7.144787e+00
3.961000e-05	-7.620181e-02	-7.337894e+00
3.962000e-05	1.158487e-01	-7.578999e+00
3.963000e-05	-9.108269e-02	-7.751757e+00
3.964000e-05	6.193203e-02	-7.984309e+00
3.965000e-05	-4.076902e-02	-8.183611e+00
3.966000e-05	1.941161e-02	-8.395340e+00
3.967000e-05	2.604936e-02	-8.554886e+00
3.968000e-05	-2.757575e-02	-8.715340e+00
3.969000e-05	6.511247e-02	-8.906894e+00
3.970000e-05	-7.043147e-02	-9.126920e+00
3.971000e-05	7.601494e-02	-9.247997e+00
3.972000e-05	-5.353131e-02	-9.427914e+00
3.973000e-05	5.125485e-02	-9.596948e+00
3.974000e-05	-3.038364e-02	-9.775240e+00
3.975000e-05	3.504326e-02	-9.936468e+00
3.976000e-05	-3.567392e-03	-1.013431e+01
3.977000e-05	5.796922e-03	-1.031384e+01
3.978000e-05	1.827862e-02	-1.048378e+01
3.979000e-05	-1.926129e-02	-1.062371e+01
3.980000e-05	4.009196e-02	-1.075163e+01
3.981000e-05	-2.404586e-02	-1.089210e+01
3.982000e-05	3.865243e-02	-1.103842e+01
3.983000e-05	-2.139984e-02	-1.113579e+01
3.984000e-05	3.584943e-02	-1.127266e+01
3.985000e-05	-7.917972e-03	-1.139955e+01
3.986000e-05	2.171496e-02	-1.150696e+01
3.987000e-05	-2.992474e-04	-1.162273e+01
3.988000e-05	1.157649e-02	-1.171902e+01
3.989000e-05	1.270180e-02	-1.182376e+01
3.990000e-05	5.851620e-03	-1.199170e+01
3.991000e-05	1.498934e-02	-1.204687e+01
3.992000e-05	3.456877e-03	-1.217271e+01
3.993000e-05	2.007452e-02	-1.225742e+01
3.994000e-05	5.624140e-03	-1.234169e+01
3.995000e-05	1.747252e-02	-1.238782e+01
3.996000e-05	2.455080e-03	-1.249010e+01
3.997000e-05	1.940515e-02	-1.258727e+01
3.998000e-05	1.020143e-02	-1.261700e+01
3.999000e-05	1.947447e-02	-1.264076e+01
4.000000e-05	8.462944e-03	-1.274374e+01
4.001000e-05	1.350330e-02	-1.277690e+01
4.002000e-05	1.186772e-02	-1.283008e+01
4.003000e-05	1.467806e-02	-1.286266e+01
4.004000e-05	1.480376e-02	-1.287416e+01
4.005000e-05	1.408078e-02	-1.290629e+01
4.006000e-05	1.773678e-02	-1.293779e+01
4.007000e-05	1.594081e-02	-1.293899e+01
4.008000e-05	1.779138e-02	-1.297952e+01
4.009000e-05	1.192102e-02	-1.297997e+01
4.010000e-05	1.644904e-02	-1.295995e+01
4.011000e-05	1.698431e-02	-1.298950e+01
4.012000e-05	1.971201e-02	-1.291955e+01
4.013000e-05	1.801273e-02	-1.295949e+01
4.014000e-05	1.892175e-02	-1.293794e+01
4.015000e-05	1.969261e-02	-1.289729e+01
4.016000e-05	2.049456e-02	-1.289424e+01
4.017000e-05	1.873239e-02	-1.285316e+01
4.018000e-05	1.875773e-02	-1.281255e+01
4.019000e-05	1.968844e-02	-1.274987e+01
4.020000e-05	2.150640e-02	-1.274635e+01
4.021000e-05	2.094675e-02	-1.264326e+01
4.022000e-05	1.983312e-02	-1.262905e+01
4.023000e-05	1.971125e-02	-1.254680e+01
4.024000e-05	2.135121e-02	-1.251218e+01
4.025000e-05	2.290330e-02	-1.240790e+01
4.026000e-05	2.210574e-02	-1.233224e+01
4.027000e-05	2.357694e-02	-1.226042e+01
4.028000e-05	2.358942e-02	-1.214511e+01
4.029000e-05	2.547971e-02	-1.207747e+01
4.030000e-05	2.527790e-02	-1.198268e+01
4.031000e-05	2.451925e-02	-1.185679e+01
4.032000e-05	2.564581e-02	-1.177055e+01
4.033000e-05	2.639510e-02	-1.165478e+01
4.034000e-05	2.646522e-02	-1.152045e+01
4.035000e-05	2.467365e-02	-1.139253e+01
4.036000e-05	2.404693e-02	-1.131579e+01
4.037000e-05	2.368527e-02	-1.121848e+01
4.038000e-05	2.399721e-02	-1.106053e+01
4.039000e-05	2.116047e-02	-1.093513e+01
4.040000e-05	1.949862e-02	-1.082679e+01
4.041000e-05	1.844368e-02	-1.064940e+01
4.042000e-05	1.927336e-02	-1.050197e+01
4.043000e-05	1.742293e-02	-1.030150e+01
4.044000e-05	1.605866e-02	-1.019247e+01
4.045000e-05	1.527516e-02	-9.980419e+00
4.046000e-05	1.505836e-02	-9.811526e+00
4.047000e-05	1.498747e-02	-9.641500e+00
4.048000e-05	1.271194e-02	-9.491525e+00
4.049000e-05	1.113918e-02	-9.302581e+00
4.050000e-05	1.076490e-02	-9.163186e+00
4.051000e-05	1.039525e-02	-8.932556e+00
4.052000e-05	9.044867e-03	-8.791553e+00
4.053000e-05	8.687624e-03	-8.551527e+00
4.054000e-05	7.204579e-03	-8.411005e+00
4.055000e-05	7.389691e-03	-8.209951e+00
4.056000e-05	6.824718e-03	-7.998470e+00
4.057000e-05	5.541702e-03	-7.807345e+00
4.058000e-05	4.552961e-03	-7.597239e+00
4.059000e-05	5.260949e-03	-7.414633e+00
4.060000e-05	4.641425e-03	-7.191128e+00
4.061000e-05	4.229216e-03	-7.031005e+00
4.062000e-05	3.109832e-03	-6.756421e+00
4.063000e-05	2.512142e-03	-6.574233e+00
4.064000e-05	3.593780e-03	-6.353129e+00
4.065000e-05	2.423292e-03	-6.110027e+00
4.066000e-05	1.980615e-03	-5.877793e+00
4.067000e-05	8.288507e-04	-5.676189e+00
4.068000e-05	5.410742e-04	-5.441653e+00
4.069000e-05	4.926577e-04	-5.219419e+00
4.070000e-05	9.409774e-04	-5.015788e+00
4.071000e-05	-1.340727e-03	-4.743508e+00
4.072000e-05	1.369327e-04	-4.486288e+00
4.073000e-05	-1.909129e-03	-4.224503e+00
4.074000e-05	5.169018e-04	-3.977868e+00
4.075000e-05	-2.481401e-03	-3.756238e+00
4.076000e-05	-8.501380e-04	-3.542158e+00
4.077000e-05	-2.778610e-03	-3.279399e+00
4.078000e-05	-5.201055e-05	-3.074713e+00
4.079000e-05	-3.027698e-03	-2.793078e+00
4.080000e-05	-1.462042e-03	-2.566768e+00
4.081000e-05	-3.942811e-03	-2.334183e+00
4.082000e-05	-2.378490e-03	-2.081453e+00
4.083000e-05	-4.543355e-03	-1.805638e+00
4.084000e-05	-2.781396e-03	-1.614081e+00
4.085000e-05	-5.430080e-03	-1.328421e+00
4.086000e-05	-2.570422e-03	-1.043552e+00
4.087000e-05	-2.497625e-03	-7.773433e-01
4.088000e-05	-4.315841e-03	-6.352565e-01
4.089000e-05	-3.798438e-03	-3.083696e-01
4.090000e-05	-3.321159e-03	-4.671309e-02
4.091000e-05	4.165061e-03	1.684999e-01
4.092000e-05	-2.409947e-03	3.911118e-01
4.093000e-05	-2.370745e-03	6.252884e-01
4.094000e-05	1.763482e-03	8.773938e-01
4.095000e-05	-2.317373e-03	1.070153e+00
4.096000e-05	1.931739e-03	1.376316e+00
4.097000e-05	-2.402313e-03	1.608032e+00
4.098000e-05	1.351410e-02	1.771578e+00
4.099000e-05	4.849456e-02	1.995261e+00
4.100000e-05	3.552183e-02	2.321579e+00
4.101000e-05	-6.668051e-02	2.587392e+00
4.102000e-05	-2.328422e-02	2.819527e+00
4.103000e-05	-3.927329e-02	3.115811e+00
4.104000e-05	-2.732268e-02	3.305845e+00
4.105000e-05	-6.475356e-02	3.486418e+00
4.106000e-05	5.004969e-02	3.666974e+00
4.107000e-05	6.585233e-02	3.902261e+00
4.108000e-05	-9.716554e-02	4.124341e+00
4.109000e-05	1.437378e-01	4.376899e+00
4.110000e-05	-8.679280e-02	4.663866e+00
4.111000e-05	-1.319740e-02	4.918448e+00
4.112000e-05	1.625159e-02	5.142707e+00
4.113000e-05	-7.261458e-02	5.355365e+00
4.114000e-05	7.372134e-02	5.577494e+00
4.115000e-05	-4.522499e-02	5.843180e+00
4.116000e-05	2.665257e-02	6.022813e+00
4.117000e-05	-2.347165e-02	6.275895e+00
4.118000e-05	-2.940250e-03	6.488577e+00
4.119000e-05	-1.711873e-02	6.742806e+00
4.120000e-05	-3.136672e-02	6.986420e+00
4.121000e-05	3.737557e-02	7.201182e+00
4.122000e-05	-3.762802e-02	7.432157e+00
4.123000e-05	2.069654e-02	7.601607e+00
4.124000e-05	-8.159635e-03	7.782362e+00
4.125000e-05	-2.900814e-02	7.964790e+00
4.126000e-05	8.646920e-04	8.183495e+00
4.127000e-05	-2.011774e-02	8.346447e+00
4.128000e-05	1.081912e-02	8.588447e+00
4.129000e-05	-2.923266e-02	8.769025e+00
4.130000e-05	1.126229e-02	8.919052e+00
4.131000e-05	-2.331658e-02	9.119078e+00
4.132000e-05	-2.295954e-03	9.299501e+00
4.133000e-05	-1.352307e-02	9.488602e+00
4.134000e-05	-2.242832e-02	9.640050e+00
4.135000e-05	4.299550e-03	9.800073e+00
4.136000e-05	-1.712616e-02	9.999548e+00
4.137000e-05	-2.942275e-04	1.015737e+01
4.138000e-05	-2.548453e-02	1.031742e+01
4.139000e-05	-2.769410e-03	1.045589e+01
4.140000e-05	-1.857568e-02	1.062337e+01
4.141000e-05	-7.198884e-03	1.074218e+01
4.142000e-05	-1.845074e-02	1.089958e+01
4.143000e-05	-1.353913e-02	1.104747e+01
4.144000e-05	-6.964806e-03	1.112574e+01
4.145000e-05	-1.270341e-02	1.129063e+01
4.146000e-05	-1.320204e-02	1.141755e+01
4.147000e-05	-2.049093e-02	1.151485e+01
4.148000e-05	-1.281504e-02	1.161273e+01
4.149000e-05	-1.660419e-02	1.172898e+01
4.150000e-05	-1.282040e-02	1.182678e+01
4.151000e-05	-1.955136e-02	1.193110e+01
4.152000e-05	-1.660557e-02	1.203482e+01
4.153000e-05	-1.381392e-02	1.210266e+01
4.154000e-05	-1.606888e-02	1.217441e+01
4.155000e-05	-1.870168e-02	1.227865e+01
4.156000e-05	-2.020649e-02	1.237744e+01
4.157000e-05	-1.713386e-02	1.248003e+01
4.158000e-05	-1.562506e-02	1.249619e+01
4.159000e-05	-1.793020e-02	1.257697e+01
4.160000e-05	-1.987525e-02	1.264068e+01
4.161000e-05	-2.130461e-02	1.269231e+01
4.162000e-05	-1.914586e-02	1.269534e+01
4.163000e-05	-2.137561e-02	1.275950e+01
4.164000e-05	-2.252217e-02	1.280955e+01
4.165000e-05	-2.307753e-02	1.279916e+01
4.166000e-05	-1.950907e-02	1.283369e+01
4.167000e-05	-1.958957e-02	1.286534e+01
4.168000e-05	-2.202480e-02	1.289434e+01
4.169000e-05	-2.353299e-02	1.288531e+01
4.170000e-05	-2.581545e-02	1.287644e+01
4.171000e-05	-2.406330e-02	1.286392e+01
4.172000e-05	-2.417656e-02	1.285627e+01
4.173000e-05	-2.433919e-02	1.287579e+01
4.174000e-05	-2.628342e-02	1.286434e+01
4.175000e-05	-2.595520e-02	1.286169e+01
4.176000e-05	-2.524793e-02	1.282256e+01
4.177000e-05	-2.700835e-02	1.275958e+01
4.178000e-05	-2.849547e-02	1.274898e+01
4.179000e-05	-2.872948e-02	1.272524e+01
4.180000e-05	-2.628399e-02	1.265223e+01
4.181000e-05	-2.723777e-02	1.266056e+01
4.182000e-05	-2.787756e-02	1.255687e+01
4.183000e-05	-3.105528e-02	1.251231e+01
4.184000e-05	-2.808602e-02	1.241948e+01
4.185000e-05	-2.855496e-02	1.235537e+01
4.186000e-05	-2.971696e-02	1.225910e+01
4.187000e-05	-3.224101e-02	1.218734e+01
4.188000e-05	-3.415101e-02	1.209961e+01
4.189000e-05	-3.127712e-02	1.200677e+01
4.190000e-05	-3.310454e-02	1.193098e+01
4.191000e-05	-3.302802e-02	1.179324e+01
4.192000e-05	-3.524454e-02	1.167840e+01
4.193000e-05	-3.325987e-02	1.158216e+01
4.194000e-05	-3.348498e-02	1.148637e+01
4.195000e-05	-3.255750e-02	1.135803e+01
4.196000e-05	-3.360200e-02	1.125311e+01
4.197000e-05	-3.148961e-02	1.109476e+01
4.198000e-05	-3.189898e-02	1.099895e+01
4.199000e-05	-3.009151e-02	1.089061e+01
4.200000e-05	-3.089474e-02	1.070222e+01
4.201000e-05	-2.801047e-02	1.059482e+01
4.202000e-05	-2.629887e-02	1.041587e+01
4.203000e-05	-2.440412e-02	1.029797e+01
4.204000e-05	-2.412320e-02	1.011797e+01
4.205000e-05	-2.469195e-02	9.948525e+00
4.206000e-05	-2.433583e-02	9.830978e+00
4.207000e-05	-2.145116e-02	9.651050e+00
4.208000e-05	-2.225313e-02	9.511162e+00
4.209000e-05	-1.993278e-02	9.320680e+00
4.210000e-05	-2.065279e-02	9.120658e+00
4.211000e-05	-1.747751e-02	8.931531e+00
4.212000e-05	-1.864779e-02	8.761205e+00
4.213000e-05	-1.700743e-02	8.578950e+00
4.214000e-05	-1.728244e-02	8.348395e+00
4.215000e-05	-1.794454e-02	8.188873e+00
4.216000e-05	-1.296743e-02	8.009419e+00
4.217000e-05	-1.842297e-02	7.796292e+00
4.218000e-05	-1.200685e-02	7.615736e+00
4.219000e-05	-1.840035e-02	7.402735e+00
4.220000e-05	-1.110151e-02	7.192607e+00
4.221000e-05	-1.345824e-02	6.982028e+00
4.222000e-05	-1.105992e-02	6.769374e+00
4.223000e-05	-1.298842e-02	6.545812e+00
4.224000e-05	-1.481062e-02	6.289557e+00
4.225000e-05	-1.268126e-02	6.089423e+00
4.226000e-05	-1.435892e-02	5.867292e+00
4.227000e-05	-1.104056e-02	5.642188e+00
4.228000e-05	-1.069036e-02	5.421052e+00
4.229000e-05	-6.117292e-03	5.239498e+00
4.230000e-05	-7.817464e-03	4.987222e+00
4.231000e-05	-8.490227e-03	4.753633e+00
4.232000e-05	-1.271738e-02	4.509400e+00
4.233000e-05	-1.123805e-02	4.161034e+00
4.234000e-05	-1.060519e-02	3.958371e+00
4.235000e-05	-8.484775e-03	3.726818e+00
4.236000e-05	-6.557297e-03	3.492005e+00
4.237000e-05	-6.773268e-03	3.248322e+00
4.238000e-05	-4.185188e-03	3.036812e+00
4.239000e-05	-7.776918e-03	2.759950e+00
4.240000e-05	-6.727895e-03	2.555815e+00
4.241000e-05	-1.025106e-02	2.334767e+00
4.242000e-05	-7.844428e-03	2.069374e+00
4.243000e-05	-7.998072e-03	1.834712e+00
4.244000e-05	-4.716886e-03	1.604104e+00
4.245000e-05	-4.341816e-03	1.347242e+00
4.246000e-05	-2.540022e-03	1.083559e+00
4.247000e-05	-4.882062e-03	7.851946e-01
4.248000e-05	-3.012195e-03	5.310565e-01
4.249000e-05	-6.006121e-03	3.089233e-01
4.250000e-05	-4.945040e-03	2.659082e-03
4.251000e-05	-4.486459e-03	-1.995237e-01
4.252000e-05	7.754575e-03	-4.021066e-01
4.253000e-05	-4.729760e-03	-6.763635e-01
4.254000e-05	4.504714e-03	-8.785202e-01
4.255000e-05	-1.826478e-03	-1.153655e+00
4.256000e-05	2.091253e-03	-1.367996e+00
4.257000e-05	-3.068721e-03	-1.589545e+00
4.258000e-05	1.517524e-02	-1.781076e+00
4.259000e-05	8.896543e-02	-2.020711e+00
4.260000e-05	-2.956296e-02	-2.342630e+00
4.261000e-05	-2.553986e-02	-2.722703e+00
4.262000e-05	-2.448457e-02	-2.968466e+00
4.263000e-05	-2.454178e-02	-3.156868e+00
4.264000e-05	-7.631946e-02	-3.349023e+00
4.265000e-05	4.377818e-02	-3.527999e+00
4.266000e-05	1.001767e-01	-3.728945e+00
4.267000e-05	-1.387518e-01	-3.973837e+00
4.268000e-05	1.698737e-01	-4.185867e+00
4.269000e-05	-1.058701e-01	-4.419499e+00
4.270000e-05	-3.206365e-04	-4.737370e+00
4.271000e-05	5.770603e-02	-4.927000e+00
4.272000e-05	-1.188545e-01	-5.183735e+00
4.273000e-05	1.254716e-01	-5.384786e+00
4.274000e-05	-8.442923e-02	-5.639005e+00
4.275000e-05	8.170410e-02	-5.883686e+00
4.276000e-05	-1.992189e-02	-6.045736e+00
4.277000e-05	-2.480368e-02	-6.370629e+00
4.278000e-05	4.905730e-02	-6.560633e+00
4.279000e-05	-1.031245e-01	-6.827469e+00
4.280000e-05	1.300707e-01	-7.032603e+00
4.281000e-05	-8.805213e-02	-7.260556e+00
4.282000e-05	6.156023e-02	-7.483212e+00
4.283000e-05	1.806090e-02	-7.664286e+00
4.284000e-05	-5.207250e-02	-7.886950e+00
4.285000e-05	6.067220e-02	-8.057521e+00
4.286000e-05	-7.916861e-02	-8.217493e+00
4.287000e-05	9.442973e-02	-8.429604e+00
4.288000e-05	-6.590967e-02	-8.631550e+00
4.289000e-05	7.463466e-02	-8.863156e+00
4.290000e-05	-4.024204e-02	-9.001131e+00
4.291000e-05	1.873521e-02	-9.214282e+00
4.292000e-05	1.482109e-02	-9.352680e+00
4.293000e-05	-2.364900e-02	-9.521707e+00
4.294000e-05	4.613232e-02	-9.662654e+00
4.295000e-05	-3.847457e-02	-9.871082e+00
4.296000e-05	5.513235e-02	-1.003058e+01
4.297000e-05	-3.677705e-02	-1.019910e+01
4.298000e-05	5.277295e-02	-1.041113e+01
4.299000e-05	-3.658115e-02	-1.054805e+01
4.300000e-05	3.490045e-02	-1.071992e+01
4.301000e-05	-8.678411e-03	-1.080576e+01
4.302000e-05	1.432106e-02	-1.095579e+01
4.303000e-05	1.044509e-02	-1.111113e+01
4.304000e-05	-5.176079e-04	-1.124903e+01
4.305000e-05	2.298766e-02	-1.133631e+01
4.306000e-05	-3.251733e-03	-1.147423e+01
4.307000e-05	2.549816e-02	-1.156900e+01
4.308000e-05	-1.016185e-02	-1.166686e+01
4.309000e-05	2.450924e-02	-1.181366e+01
4.310000e-05	-3.882639e-03	-1.192602e+01
4.311000e-05	2.305837e-02	-1.200274e+01
4.312000e-05	2.330091e-03	-1.211058e+01
4.313000e-05	1.964090e-02	-1.217421e+01
4.314000e-05	6.603376e-03	-1.223850e+01
4.315000e-05	1.466172e-02	-1.234334e+01
4.316000e-05	7.676658e-03	-1.241845e+01
4.317000e-05	1.028622e-02	-1.254326e+01
4.318000e-05	1.408580e-02	-1.262637e+01
4.319000e-05	1.285504e-02	-1.265010e+01
4.320000e-05	1.814133e-02	-1.272324e+01
4.321000e-05	9.337674e-03	-1.277739e+01
4.322000e-05	1.583291e-02	-1.279105e+01
4.323000e-05	9.917048e-03	-1.283158e+01
4.324000e-05	1.802739e-02	-1.284261e+01
4.325000e-05	1.165484e-02	-1.288474e+01
4.326000e-05	1.836743e-02	-1.288747e+01
4.327000e-05	1.484678e-02	-1.294637e+01
4.328000e-05	1.809621e-02	-1.293952e+01
4.329000e-05	1.531451e-02	-1.292952e+01
4.330000e-05	1.553504e-02	-1.295857e+01
4.331000e-05	1.611877e-02	-1.295793e+01
4.332000e-05	1.730735e-02	-1.296957e+01
4.333000e-05	1.865037e-02	-1.295897e+01
4.334000e-05	1.859121e-02	-1.292844e+01
4.335000e-05	1.892871e-02	-1.290477e+01
4.336000e-05	1.941301e-02	-1.286572e+01
4.337000e-05	2.000348e-02	-1.288666e+01
4.338000e-05	1.920506e-02	-1.281058e+01
4.339000e-05	2.094146e-02	-1.279098e+01
4.340000e-05	1.929260e-02	-1.274785e+01
4.341000e-05	2.206444e-02	-1.269422e+01
4.342000e-05	2.118392e-02	-1.264055e+01
4.343000e-05	2.082468e-02	-1.256689e+01
4.344000e-05	2.008906e-02	-1.255369e+01
4.345000e-05	2.120361e-02	-1.247145e+01
4.346000e-05	2.303427e-02	-1.235531e+01
4.347000e-05	2.363097e-02	-1.228110e+01
4.348000e-05	2.317554e-02	-1.220534e+01
4.349000e-05	2.483949e-02	-1.208205e+01
4.350000e-05	2.573043e-02	-1.203474e+01
4.351000e-05	2.499421e-02	-1.189899e+01
4.352000e-05	2.581959e-02	-1.180466e+01
4.353000e-05	2.415230e-02	-1.168742e+01
4.354000e-05	2.598877e-02	-1.157263e+01
4.355000e-05	2.560030e-02	-1.148516e+01
4.356000e-05	2.524639e-02	-1.134995e+01
4.357000e-05	2.333008e-02	-1.125276e+01
4.358000e-05	2.319368e-02	-1.106419e+01
4.359000e-05	2.323209e-02	-1.096735e+01
4.360000e-05	2.185175e-02	-1.085048e+01
4.361000e-05	1.945044e-02	-1.071155e+01
4.362000e-05	1.800770e-02	-1.060268e+01
4.363000e-05	1.734655e-02	-1.040516e+01
4.364000e-05	1.613710e-02	-1.024532e+01
4.365000e-05	1.479969e-02	-1.009479e+01
4.366000e-05	1.443994e-02	-9.873190e+00
4.367000e-05	1.527454e-02	-9.705737e+00
4.368000e-05	1.502571e-02	-9.535738e+00
4.369000e-05	1.255365e-02	-9.408321e+00
4.370000e-05	1.119940e-02	-9.217344e+00
4.371000e-05	9.441912e-03	-9.045341e+00
4.372000e-05	8.995358e-03	-8.846295e+00
4.373000e-05	8.722033e-03	-8.665786e+00
4.374000e-05	7.884636e-03	-8.496739e+00
4.375000e-05	6.604022e-03	-8.265114e+00
4.376000e-05	7.476074e-03	-8.104609e+00
4.377000e-05	7.203818e-03	-7.922630e+00
4.378000e-05	6.372407e-03	-7.702157e+00
4.379000e-05	4.631866e-03	-7.490003e+00
4.380000e-05	4.286485e-03	-7.278867e+00
4.381000e-05	4.307013e-03	-7.086795e+00
4.382000e-05	3.744974e-03	-6.876263e+00
4.383000e-05	1.934185e-03	-6.639527e+00
4.384000e-05	2.011511e-03	-6.429470e+00
4.385000e-05	2.146365e-03	-6.195263e+00
4.386000e-05	2.498384e-03	-5.962104e+00
4.387000e-05	2.702383e-03	-5.789528e+00
4.388000e-05	1.431027e-03	-5.568897e+00
4.389000e-05	1.053128e-03	-5.315189e+00
4.390000e-05	5.302529e-04	-5.081500e+00
4.391000e-05	-2.438320e-04	-4.869974e+00
4.392000e-05	-1.210762e-03	-4.661607e+00
4.393000e-05	-1.772113e-03	-4.329946e+00
4.394000e-05	-8.392899e-04	-4.071633e+00
4.395000e-05	-7.928949e-04	-3.863029e+00
4.396000e-05	-2.743709e-03	-3.649397e+00
4.397000e-05	-1.607850e-03	-3.428292e+00
4.398000e-05	-2.180457e-03	-3.181053e+00
4.399000e-05	-7.372349e-04	-2.948817e+00
4.400000e-05	-2.224348e-03	-2.675713e+00
4.401000e-05	-2.527457e-03	-2.430524e+00
4.402000e-05	-3.695209e-03	-2.195840e+00
4.403000e-05	-2.552011e-03	-1.964659e+00
4.404000e-05	-5.403526e-03	-1.668370e+00
4.405000e-05	-3.931845e-03	-1.465736e+00
4.406000e-05	-3.999537e-03	-1.210992e+00
4.407000e-05	-3.032585e-03	-9.157128e-01
4.408000e-05	-2.054507e-03	-6.714262e-01
4.409000e-05	-2.505111e-03	-4.341668e-01
4.410000e-05	-5.129853e-03	-1.710288e-01
4.411000e-05	-2.594756e-03	7.115140e-02
4.412000e-05	5.205878e-03	3.164172e-01
4.413000e-05	-6.729156e-03	5.379938e-01
4.414000e-05	2.983646e-03	7.400277e-01
4.415000e-05	-2.060603e-03	1.035438e+00
4.416000e-05	5.382828e-03	1.207972e+00
4.417000e-05	-3.759278e-03	1.513390e+00
4.418000e-05	4.449357e-03	1.705418e+00
4.419000e-05	2.232798e-02	1.907892e+00
4.420000e-05	7.513524e-02	2.131607e+00
4.421000e-05	-4.449045e-02	2.428578e+00
4.422000e-05	-4.240159e-02	2.733283e+00
4.423000e-05	-2.860358e-02	2.987020e+00
4.424000e-05	-2.148568e-02	3.210128e+00
4.425000e-05	-6.230022e-02	3.381129e+00
4.426000e-05	-2.433801e-02	3.601204e+00
4.427000e-05	1.139538e-01	3.836312e+00
4.428000e-05	-6.407464e-02	4.030100e+00
4.429000e-05	2.264773e-02	4.270578e+00
4.430000e-05	7.525392e-02	4.547444e+00
4.431000e-05	-1.195991e-01	4.834232e+00
4.432000e-05	5.533008e-02	5.023787e+00
4.433000e-05	-6.411543e-02	5.249074e+00
4.434000e-05	2.516908e-02	5.499103e+00
4.435000e-05	1.488460e-02	5.744891e+00
4.436000e-05	-3.100649e-02	5.979527e+00
4.437000e-05	3.803668e-02	6.168581e+00
4.438000e-05	-5.299685e-02	6.393738e+00
4.439000e-05	2.367294e-02	6.616970e+00
4.440000e-05	-6.008128e-02	6.881556e+00
4.441000e-05	3.035444e-02	7.125841e+00
4.442000e-05	-3.323157e-03	7.336435e+00
4.443000e-05	-1.898979e-02	7.496398e+00
4.444000e-05	2.889411e-02	7.647473e+00
4.445000e-05	-4.954314e-02	7.907576e+00
4.446000e-05	9.942313e-03	8.100653e+00
4.447000e-05	-2.998139e-02	8.290631e+00
4.448000e-05	1.410922e-02	8.503334e+00
4.449000e-05	-2.208978e-02	8.694759e+00
4.450000e-05	-4.753259e-03	8.853365e+00
4.451000e-05	3.514869e-03	9.024784e+00
4.452000e-05	-2.448480e-02	9.234314e+00
4.453000e-05	5.647364e-03	9.445785e+00
4.454000e-05	-3.434171e-02	9.565342e+00
4.455000e-05	6.834175e-03	9.733236e+00
4.456000e-05	-2.202562e-02	9.882758e+00
4.457000e-05	2.693591e-03	1.008374e+01
4.458000e-05	-2.058025e-02	1.025276e+01
4.459000e-05	-9.876673e-03	1.036215e+01
4.460000e-05	-1.075085e-02	1.054018e+01
4.461000e-05	-1.213997e-02	1.070947e+01
4.462000e-05	-8.511030e-03	1.081644e+01
4.463000e-05	-2.385201e-02	1.096384e+01
4.464000e-05	-3.811795e-03	1.107266e+01
4.465000e-05	-1.731563e-02	1.117900e+01
4.466000e-05	-5.775569e-03	1.134389e+01
4.467000e-05	-2.264698e-02	1.143273e+01
4.468000e-05	-1.082464e-02	1.160950e+01
4.469000e-05	-1.651582e-02	1.168479e+01
4.470000e-05	-1.155219e-02	1.177015e+01
4.471000e-05	-1.831234e-02	1.186792e+01
4.472000e-05	-1.926108e-02	1.197333e+01
4.473000e-05	-1.298360e-02	1.206855e+01
4.474000e-05	-1.590891e-02	1.213271e+01
4.475000e-05	-1.542862e-02	1.226797e+01
4.476000e-05	-2.279802e-02	1.231374e+01
4.477000e-05	-1.657542e-02	1.242850e+01
4.478000e-05	-1.773507e-02	1.252369e+01
4.479000e-05	-1.463307e-02	1.255742e+01
4.480000e-05	-2.152050e-02	1.260710e+01
4.481000e-05	-1.980455e-02	1.265229e+01
4.482000e-05	-2.106945e-02	1.266634e+01
4.483000e-05	-2.043677e-02	1.275637e+01
4.484000e-05	-2.172027e-02	1.274850e+01
4.485000e-05	-2.473879e-02	1.279105e+01
4.486000e-05	-1.989350e-02	1.284468e+01
4.487000e-05	-2.040157e-02	1.288436e+01
4.488000e-05	-2.047193e-02	1.289481e+01
4.489000e-05	-2.493327e-02	1.285537e+01
4.490000e-05	-2.429251e-02	1.291687e+01
4.491000e-05	-2.426750e-02	1.291492e+01
4.492000e-05	-2.290879e-02	1.286582e+01
4.493000e-05	-2.505940e-02	1.291436e+01
4.494000e-05	-2.675755e-02	1.283477e+01
4.495000e-05	-2.486710e-02	1.284433e+01
4.496000e-05	-2.498593e-02	1.286256e+01
4.497000e-05	-2.735535e-02	1.276871e+01
4.498000e-05	-2.948804e-02	1.276003e+01
4.499000e-05	-2.806021e-02	1.270742e+01
4.500000e-05	-2.553546e-02	1.265429e+01
4.501000e-05	-2.616088e-02	1.262358e+01
4.502000e-05	-2.881757e-02	1.260003e+01
4.503000e-05	-2.974256e-02	1.250484e+01
4.504000e-05	-2.801704e-02	1.245261e+01
4.505000e-05	-2.992702e-02	1.237795e+01
4.506000e-05	-2.981351e-02	1.231461e+01
4.507000e-05	-3.229213e-02	1.220845e+01
4.508000e-05	-2.966105e-02	1.208416e+01
4.509000e-05	-3.027648e-02	1.203942e+01
4.510000e-05	-3.204608e-02	1.196271e+01
4.511000e-05	-3.432477e-02	1.186584e+01
4.512000e-05	-3.451437e-02	1.173958e+01
4.513000e-05	-3.372992e-02	1.161534e+01
4.514000e-05	-3.377123e-02	1.148850e+01
4.515000e-05	-3.393471e-02	1.139421e+01
4.516000e-05	-3.119980e-02	1.129531e+01
4.517000e-05	-3.329187e-02	1.116005e+01
4.518000e-05	-3.136073e-02	1.104961e+01
4.519000e-05	-3.290955e-02	1.092531e+01
4.520000e-05	-2.788920e-02	1.076786e+01
4.521000e-05	-2.949210e-02	1.064897e+01
4.522000e-05	-2.570700e-02	1.052108e+01
4.523000e-05	-2.768000e-02	1.036219e+01
4.524000e-05	-2.444737e-02	1.023424e+01
4.525000e-05	-2.516762e-02	1.005371e+01
4.526000e-05	-2.236661e-02	9.873764e+00
4.527000e-05	-2.354189e-02	9.695739e+00
4.528000e-05	-2.111207e-02	9.535317e+00
4.529000e-05	-2.101050e-02	9.378445e+00
4.530000e-05	-2.027462e-02	9.216299e+00
4.531000e-05	-1.933002e-02	8.996891e+00
4.532000e-05	-1.919891e-02	8.816366e+00
4.533000e-05	-1.752559e-02	8.624837e+00
4.534000e-05	-1.685464e-02	8.475288e+00
4.535000e-05	-1.586020e-02	8.263684e+00
4.536000e-05	-1.646768e-02	8.062237e+00
4.537000e-05	-1.579211e-02	7.910056e+00
4.538000e-05	-1.569883e-02	7.639049e+00
4.539000e-05	-1.312528e-02	7.510474e+00
4.540000e-05	-1.423967e-02	7.309473e+00
4.541000e-05	-1.243679e-02	7.085766e+00
4.542000e-05	-1.335279e-02	6.843161e+00
4.543000e-05	-1.259338e-02	6.662625e+00
4.544000e-05	-1.258026e-02	6.406846e+00
4.545000e-05	-1.290832e-02	6.216711e+00
4.546000e-05	-1.209649e-02	5.993735e+00
4.547000e-05	-1.196681e-02	5.750500e+00
4.548000e-05	-1.081593e-02	5.538391e+00
4.549000e-05	-1.023034e-02	5.314215e+00
4.550000e-05	-9.362062e-03	5.103203e+00
4.551000e-05	-9.802164e-03	4.837896e+00
4.552000e-05	-9.548114e-03	4.637390e+00
4.553000e-05	-9.320676e-03	4.318454e+00
4.554000e-05	-9.045462e-03	4.095288e+00
4.555000e-05	-9.304247e-03	3.851603e+00
4.556000e-05	-8.420246e-03	3.608874e+00
4.557000e-05	-7.753621e-03	3.366713e+00
4.558000e-05	-7.594268e-03	3.141553e+00
4.559000e-05	-8.889234e-03	2.888825e+00
4.560000e-05	-7.253778e-03	2.654612e+00
4.561000e-05	-6.630461e-03	2.440503e+00
4.562000e-05	-5.980687e-03	2.194721e+00
4.563000e-05	-7.255424e-03	1.932579e+00
4.564000e-05	-6.468313e-03	1.698420e+00
4.565000e-05	-5.749806e-03	1.444214e+00
4.566000e-05	-6.020520e-03	1.159920e+00
4.567000e-05	-4.956428e-03	9.062930e-01
4.568000e-05	-7.282670e-03	6.583982e-01
4.569000e-05	-4.892928e-03	4.142369e-01
4.570000e-05	-6.242883e-03	1.824326e-01
4.571000e-05	1.424949e-03	-9.375927e-02
4.572000e-05	3.517684e-03	-2.958384e-01
4.573000e-05	-3.265893e-04	-5.379712e-01
4.574000e-05	-1.199531e-03	-7.931605e-01
4.575000e-05	1.908995e-03	-1.006888e+00
4.576000e-05	8.888029e-04	-1.290099e+00
4.577000e-05	-8.880550e-03	-1.513132e+00
4.578000e-05	3.138740e-03	-1.713842e+00
4.579000e-05	5.535019e-02	-1.864340e+00
4.580000e-05	5.978376e-02	-2.172233e+00
4.581000e-05	-6.468280e-02	-2.521161e+00
4.582000e-05	-4.861069e-03	-2.849629e+00
4.583000e-05	-2.810010e-02	-3.074108e+00
4.584000e-05	-4.766775e-02	-3.262104e+00
4.585000e-05	-7.156063e-02	-3.483787e+00
4.586000e-05	1.613070e-01	-3.603183e+00
4.587000e-05	-8.066487e-02	-3.846866e+00
4.588000e-05	1.478533e-02	-4.133128e+00
4.589000e-05	1.126165e-01	-4.303632e+00
4.590000e-05	-1.334423e-01	-4.589445e+00
4.591000e-05	1.183594e-01	-4.822285e+00
4.592000e-05	-1.245090e-01	-5.026364e+00
4.593000e-05	7.216144e-02	-5.261506e+00
4.594000e-05	2.528368e-02	-5.511582e+00
4.595000e-05	-3.751144e-02	-5.827445e+00
4.596000e-05	1.071576e-01	-5.949921e+00
4.597000e-05	-1.135814e-01	-6.202759e+00
4.598000e-05	8.869745e-02	-6.458321e+00
4.599000e-05	-8.469364e-02	-6.698025e+00
4.600000e-05	3.780357e-02	-6.945762e+00
4.601000e-05	4.532666e-02	-7.135816e+00
4.602000e-05	-7.551376e-02	-7.346918e+00
4.603000e-05	1.248736e-01	-7.559050e+00
4.604000e-05	-9.989848e-02	-7.801053e+00
4.605000e-05	7.077865e-02	-7.982687e+00
4.606000e-05	-5.216268e-02	-8.103211e+00
4.607000e-05	2.584074e-02	-8.377368e+00
4.608000e-05	2.615343e-02	-8.524812e+00
4.609000e-05	-3.011035e-02	-8.706364e+00
4.610000e-05	6.505063e-02	-8.916794e+00
4.611000e-05	-6.733591e-02	-9.138444e+00
4.612000e-05	7.558414e-02	-9.278997e+00
4.613000e-05	-5.800102e-02	-9.456942e+00
4.614000e-05	5.613948e-02	-9.604845e+00
4.615000e-05	-3.085603e-02	-9.776290e+00
4.616000e-05	3.070072e-02	-9.966294e+00
4.617000e-05	1.954617e-03	-1.011627e+01
4.618000e-05	5.420880e-03	-1.027482e+01
4.619000e-05	1.769503e-02	-1.045419e+01
4.620000e-05	-1.616937e-02	-1.062226e+01
4.621000e-05	3.700835e-02	-1.076163e+01
4.622000e-05	-2.245180e-02	-1.091018e+01
4.623000e-05	3.620737e-02	-1.102750e+01
4.624000e-05	-1.914733e-02	-1.118436e+01
4.625000e-05	3.270714e-02	-1.129268e+01
4.626000e-05	-5.048920e-03	-1.138900e+01
4.627000e-05	2.247340e-02	-1.152482e+01
4.628000e-05	-2.904932e-03	-1.167223e+01
4.629000e-05	1.491277e-02	-1.175950e+01
4.630000e-05	8.181300e-03	-1.183424e+01
4.631000e-05	1.012110e-02	-1.196056e+01
4.632000e-05	1.236490e-02	-1.207827e+01
4.633000e-05	7.164979e-03	-1.217271e+01
4.634000e-05	1.967098e-02	-1.223742e+01
4.635000e-05	5.155373e-03	-1.231173e+01
4.636000e-05	2.028112e-02	-1.240732e+01
4.637000e-05	-3.038070e-03	-1.247063e+01
4.638000e-05	2.111996e-02	-1.259634e+01
4.639000e-05	6.602498e-03	-1.261857e+01
4.640000e-05	2.715584e-02	-1.267110e+01
4.641000e-05	5.299592e-03	-1.272479e+01
4.642000e-05	1.466364e-02	-1.278748e+01
4.643000e-05	1.370570e-02	-1.279995e+01
4.644000e-05	1.747777e-02	-1.285363e+01
4.645000e-05	1.211887e-02	-1.285468e+01
4.646000e-05	8.940770e-03	-1.289386e+01
4.647000e-05	1.643368e-02	-1.295834e+01
4.648000e-05	2.013060e-02	-1.297899e+01
4.649000e-05	2.152002e-02	-1.295845e+01
4.650000e-05	1.220411e-02	-1.299052e+01
4.651000e-05	1.770602e-02	-1.297000e+01
4.652000e-05	1.654481e-02	-1.300945e+01
4.653000e-05	2.179416e-02	-1.294890e+01
4.654000e-05	1.364997e-02	-1.295897e+01
4.655000e-05	1.766474e-02	-1.290682e+01
4.656000e-05	1.882455e-02	-1.295579e+01
4.657000e-05	2.366389e-02	-1.287424e+01
4.658000e-05	2.045231e-02	-1.283213e+01
4.659000e-05	1.739975e-02	-1.280155e+01
4.660000e-05	1.960881e-02	-1.275740e+01
4.661000e-05	2.185242e-02	-1.270679e+01
4.662000e-05	2.203601e-02	-1.267076e+01
4.663000e-05	1.856779e-02	-1.263952e+01
4.664000e-05	1.971395e-02	-1.256629e+01
4.665000e-05	2.120473e-02	-1.248211e+01
4.666000e-05	2.586081e-02	-1.240740e+01
4.667000e-05	2.183026e-02	-1.234311e+01
4.668000e-05	2.265068e-02	-1.226692e+01
4.669000e-05	2.291225e-02	-1.218416e+01
4.670000e-05	2.626522e-02	-1.206994e+01
4.671000e-05	2.575608e-02	-1.198268e+01
4.672000e-05	2.341225e-02	-1.184777e+01
4.673000e-05	2.428681e-02	-1.172950e+01
4.674000e-05	2.670729e-02	-1.163421e+01
4.675000e-05	2.879290e-02	-1.153792e+01
4.676000e-05	2.464325e-02	-1.146205e+01
4.677000e-05	2.290135e-02	-1.131481e+01
4.678000e-05	2.213879e-02	-1.117892e+01
4.679000e-05	2.444088e-02	-1.103208e+01
4.680000e-05	2.229754e-02	-1.092326e+01
4.681000e-05	1.898752e-02	-1.079728e+01
4.682000e-05	1.841142e-02	-1.066687e+01
4.683000e-05	1.968514e-02	-1.051990e+01
4.684000e-05	1.908032e-02	-1.032106e+01
4.685000e-05	1.537109e-02	-1.017998e+01
4.686000e-05	1.324389e-02	-9.949976e+00
4.687000e-05	1.366949e-02	-9.791454e+00
4.688000e-05	1.468811e-02	-9.660948e+00
4.689000e-05	1.305779e-02	-9.451025e+00
4.690000e-05	1.084351e-02	-9.291178e+00
4.691000e-05	9.772545e-03	-9.123180e+00
4.692000e-05	1.105967e-02	-8.931979e+00
4.693000e-05	1.073229e-02	-8.741078e+00
4.694000e-05	8.224659e-03	-8.571978e+00
4.695000e-05	6.357547e-03	-8.422574e+00
4.696000e-05	6.749385e-03	-8.199900e+00
4.697000e-05	8.525164e-03	-8.018447e+00
4.698000e-05	6.463448e-03	-7.809318e+00
4.699000e-05	3.453968e-03	-7.637765e+00
4.700000e-05	3.499596e-03	-7.434205e+00
4.701000e-05	5.277141e-03	-7.222085e+00
4.702000e-05	4.511742e-03	-6.991555e+00
4.703000e-05	2.227135e-03	-6.747321e+00
4.704000e-05	2.452546e-03	-6.533661e+00
4.705000e-05	3.165224e-03	-6.319607e+00
4.706000e-05	4.242491e-03	-6.099924e+00
4.707000e-05	1.816367e-03	-5.866741e+00
4.708000e-05	6.206116e-05	-5.684712e+00
4.709000e-05	7.203292e-04	-5.422503e+00
4.710000e-05	1.792536e-03	-5.178395e+00
4.711000e-05	1.430469e-03	-5.004711e+00
4.712000e-05	-9.924958e-04	-4.753502e+00
4.713000e-05	-2.370694e-04	-4.456240e+00
4.714000e-05	-8.985854e-04	-4.201953e+00
4.715000e-05	1.199353e-03	-3.956392e+00
4.716000e-05	-2.557111e-03	-3.756788e+00
4.717000e-05	-1.424162e-03	-3.564105e+00
4.718000e-05	-3.472777e-03	-3.269895e+00
4.719000e-05	1.366532e-05	-3.036263e+00
4.720000e-05	-3.052369e-03	-2.811550e+00
4.721000e-05	-2.137622e-03	-2.567745e+00
4.722000e-05	-4.449239e-03	-2.293634e+00
4.723000e-05	-1.838653e-03	-2.090971e+00
4.724000e-05	-3.275594e-03	-1.785167e+00
4.725000e-05	-3.229750e-03	-1.571979e+00
4.726000e-05	-6.547784e-03	-1.349395e+00
4.727000e-05	-7.846280e-04	-1.071476e+00
4.728000e-05	-3.598965e-03	-7.872421e-01
4.729000e-05	-3.439713e-03	-5.436815e-01
4.730000e-05	-8.932143e-03	-3.083459e-01
4.731000e-05	-1.032808e-03	-7.618709e-02
4.732000e-05	2.589547e-03	1.604725e-01
4.733000e-05	1.122186e-03	3.921581e-01
4.734000e-05	-2.202841e-03	6.437619e-01
4.735000e-05	1.241811e-03	8.759188e-01
4.736000e-05	2.337579e-03	1.124159e+00
4.737000e-05	-2.708274e-03	1.357369e+00
4.738000e-05	-8.624167e-03	1.619583e+00
4.739000e-05	1.561177e-02	1.801130e+00
4.740000e-05	5.770824e-02	2.055235e+00
4.741000e-05	2.621098e-02	2.371203e+00
4.742000e-05	-7.107488e-02	2.597370e+00
4.743000e-05	-1.072784e-02	2.850552e+00
4.744000e-05	-3.405916e-02	3.154387e+00
4.745000e-05	-3.991042e-02	3.306395e+00
4.746000e-05	-7.051496e-02	3.476341e+00
4.747000e-05	6.340031e-02	3.669949e+00
4.748000e-05	6.264823e-02	3.932811e+00
4.749000e-05	-1.094770e-01	4.153816e+00
4.750000e-05	1.503356e-01	4.386549e+00
4.751000e-05	-7.648353e-02	4.684443e+00
4.752000e-05	-2.896290e-02	4.929000e+00
4.753000e-05	1.203108e-02	5.142607e+00
4.754000e-05	-4.850468e-02	5.363339e+00
4.755000e-05	5.638802e-02	5.617445e+00
4.756000e-05	-4.643859e-02	5.801104e+00
4.757000e-05	4.009464e-02	6.084792e+00
4.758000e-05	-3.384607e-02	6.316367e+00
4.759000e-05	-9.593327e-04	6.530080e+00
4.760000e-05	-1.611968e-02	6.753817e+00
4.761000e-05	-3.259231e-02	6.978447e+00
4.762000e-05	3.627070e-02	7.240127e+00
4.763000e-05	-3.947278e-02	7.401660e+00
4.764000e-05	2.692952e-02	7.603131e+00
4.765000e-05	-1.611295e-02	7.843336e+00
4.766000e-05	-2.467451e-02	8.015312e+00
4.767000e-05	-1.038478e-03	8.185843e+00
4.768000e-05	-1.624749e-02	8.398471e+00
4.769000e-05	1.264868e-02	8.607998e+00
4.770000e-05	-3.687907e-02	8.818602e+00
4.771000e-05	1.743769e-02	8.959073e+00
4.772000e-05	-2.180681e-02	9.149550e+00
4.773000e-05	-3.082726e-03	9.330077e+00
4.774000e-05	-1.414022e-02	9.490003e+00
4.775000e-05	-1.871982e-02	9.640653e+00
4.776000e-05	2.014581e-05	9.787075e+00
4.777000e-05	-1.629575e-02	9.999524e+00
4.778000e-05	8.270252e-04	1.013642e+01
4.779000e-05	-2.752722e-02	1.032539e+01
4.780000e-05	-1.939806e-03	1.047590e+01
4.781000e-05	-1.740106e-02	1.061432e+01
4.782000e-05	-7.507090e-03	1.073221e+01
4.783000e-05	-1.907037e-02	1.088011e+01
4.784000e-05	-1.266298e-02	1.103897e+01
4.785000e-05	-7.995784e-03	1.117634e+01
4.786000e-05	-1.176737e-02	1.129316e+01
4.787000e-05	-1.082260e-02	1.139997e+01
4.788000e-05	-2.066454e-02	1.149582e+01
4.789000e-05	-1.261770e-02	1.162218e+01
4.790000e-05	-1.618060e-02	1.170803e+01
4.791000e-05	-1.440109e-02	1.183419e+01
4.792000e-05	-1.905754e-02	1.193060e+01
4.793000e-05	-1.613185e-02	1.204484e+01
4.794000e-05	-1.310972e-02	1.211113e+01
4.795000e-05	-1.565662e-02	1.219480e+01
4.796000e-05	-1.744345e-02	1.229915e+01
4.797000e-05	-2.008301e-02	1.236489e+01
4.798000e-05	-1.684476e-02	1.245064e+01
4.799000e-05	-1.825329e-02	1.253634e+01
4.800000e-05	-1.930538e-02	1.259595e+01
4.801000e-05	-1.805745e-02	1.266110e+01
4.802000e-05	-1.951605e-02	1.267284e+01
4.803000e-05	-1.856007e-02	1.269592e+01
4.804000e-05	-2.169435e-02	1.278600e+01
4.805000e-05	-2.173861e-02	1.278005e+01
4.806000e-05	-2.238754e-02	1.285014e+01
4.807000e-05	-2.095837e-02	1.285168e+01
4.808000e-05	-2.099177e-02	1.289431e+01
4.809000e-05	-2.563287e-02	1.288529e+01
4.810000e-05	-2.152320e-02	1.289684e+01
4.811000e-05	-2.686678e-02	1.289392e+01
4.812000e-05	-2.259353e-02	1.288627e+01
4.813000e-05	-2.739665e-02	1.285482e+01
4.814000e-05	-2.180725e-02	1.286227e+01
4.815000e-05	-2.476855e-02	1.287266e+01
4.816000e-05	-2.394816e-02	1.284313e+01
4.817000e-05	-2.575016e-02	1.284258e+01
4.818000e-05	-3.129470e-02	1.275860e+01
4.819000e-05	-2.848241e-02	1.273643e+01
4.820000e-05	-3.140945e-02	1.267487e+01
4.821000e-05	-2.659661e-02	1.269311e+01
4.822000e-05	-2.517136e-02	1.265153e+01
4.823000e-05	-2.469481e-02	1.254992e+01
4.824000e-05	-2.770023e-02	1.248369e+01
4.825000e-05	-2.935230e-02	1.241060e+01
4.826000e-05	-3.344230e-02	1.236427e+01
4.827000e-05	-3.131388e-02	1.227055e+01
4.828000e-05	-3.342603e-02	1.215529e+01
4.829000e-05	-3.168856e-02	1.208860e+01
4.830000e-05	-2.979646e-02	1.200534e+01
4.831000e-05	-3.157801e-02	1.188208e+01
4.832000e-05	-3.040572e-02	1.179418e+01
4.833000e-05	-3.616653e-02	1.168792e+01
4.834000e-05	-3.270120e-02	1.160118e+01
4.835000e-05	-3.748884e-02	1.146724e+01
4.836000e-05	-3.189861e-02	1.133900e+01
4.837000e-05	-3.381820e-02	1.122166e+01
4.838000e-05	-3.000089e-02	1.113429e+01
4.839000e-05	-3.208264e-02	1.099892e+01
4.840000e-05	-3.002062e-02	1.087053e+01
4.841000e-05	-3.081814e-02	1.069321e+01
4.842000e-05	-2.903490e-02	1.059624e+01
4.843000e-05	-2.660315e-02	1.044637e+01
4.844000e-05	-2.508206e-02	1.029700e+01
4.845000e-05	-2.256466e-02	1.009738e+01
4.846000e-05	-2.359470e-02	9.928398e+00
4.847000e-05	-2.230343e-02	9.780078e+00
4.848000e-05	-2.264805e-02	9.611453e+00
4.849000e-05	-2.226844e-02	9.471657e+00
4.850000e-05	-2.194303e-02	9.243578e+00
4.851000e-05	-2.065228e-02	9.102652e+00
4.852000e-05	-1.905441e-02	8.901503e+00
4.853000e-05	-1.769963e-02	8.741053e+00
4.854000e-05	-1.705202e-02	8.539948e+00
4.855000e-05	-1.616710e-02	8.397868e+00
4.856000e-05	-1.636962e-02	8.168924e+00
4.857000e-05	-1.628705e-02	7.968367e+00
4.858000e-05	-1.564609e-02	7.796721e+00
4.859000e-05	-1.471565e-02	7.574211e+00
4.860000e-05	-1.440667e-02	7.403163e+00
4.861000e-05	-1.443631e-02	7.192035e+00
4.862000e-05	-1.299311e-02	6.999450e+00
4.863000e-05	-1.271372e-02	6.759420e+00
4.864000e-05	-1.150501e-02	6.515686e+00
4.865000e-05	-1.150172e-02	6.292677e+00
4.866000e-05	-9.905554e-03	6.088924e+00
4.867000e-05	-1.067812e-02	5.858343e+00
4.868000e-05	-1.148493e-02	5.633684e+00
4.869000e-05	-1.272044e-02	5.420029e+00
4.870000e-05	-1.087460e-02	5.209969e+00
4.871000e-05	-1.089934e-02	4.924165e+00
4.872000e-05	-9.543566e-03	4.743582e+00
4.873000e-05	-9.758426e-03	4.497891e+00
4.874000e-05	-7.489614e-03	4.190578e+00
4.875000e-05	-7.642058e-03	3.959925e+00
4.876000e-05	-7.407570e-03	3.747762e+00
4.877000e-05	-8.871375e-03	3.452528e+00
4.878000e-05	-8.105486e-03	3.248418e+00
4.879000e-05	-9.314397e-03	3.046762e+00
4.880000e-05	-7.897087e-03	2.748446e+00
4.881000e-05	-8.074202e-03	2.528818e+00
4.882000e-05	-7.153219e-03	2.316159e+00
4.883000e-05	-5.291487e-03	2.018371e+00
4.884000e-05	-5.648987e-03	1.794691e+00
4.885000e-05	-6.084272e-03	1.573058e+00
4.886000e-05	-4.447348e-03	1.306192e+00
4.887000e-05	-7.585669e-03	1.043579e+00
4.888000e-05	-8.072510e-03	7.662371e-01
4.889000e-05	-7.846651e-03	5.016552e-01
4.890000e-05	-2.028672e-03	2.889220e-01
4.891000e-05	-3.455605e-03	-1.786481e-02
4.892000e-05	1.404687e-03	-1.995465e-01
4.893000e-05	4.454496e-03	-3.921568e-01
4.894000e-05	-1.877203e-03	-6.979162e-01
4.895000e-05	4.875395e-03	-8.984976e-01
4.896000e-05	-1.772410e-03	-1.131709e+00
4.897000e-05	-7.666861e-03	-1.417445e+00
4.898000e-05	-5.113702e-04	-1.619974e+00
4.899000e-05	2.830105e-02	-1.779501e+00
4.900000e-05	8.479222e-02	-2.084288e+00
4.901000e-05	-4.039694e-02	-2.382682e+00
4.902000e-05	-1.809285e-02	-2.723678e+00
4.903000e-05	-1.004130e-02	-2.976891e+00
4.904000e-05	-4.147955e-02	-3.146846e+00
4.905000e-05	-8.232368e-02	-3.370048e+00
4.906000e-05	5.333854e-02	-3.529475e+00
4.907000e-05	1.062000e-01	-3.707969e+00
4.908000e-05	-1.485054e-01	-3.972809e+00
4.909000e-05	1.623112e-01	-4.196445e+00
4.910000e-05	-9.579492e-02	-4.441572e+00
4.911000e-05	2.703261e-04	-4.778343e+00
4.912000e-05	2.615384e-02	-4.939450e+00
4.913000e-05	-7.958669e-02	-5.194285e+00
4.914000e-05	1.176500e-01	-5.376792e+00
4.915000e-05	-1.088666e-01	-5.668499e+00
4.916000e-05	1.180569e-01	-5.861761e+00
4.917000e-05	-3.968334e-02	-6.093791e+00
4.918000e-05	-2.133249e-02	-6.369577e+00
4.919000e-05	5.429793e-02	-6.542682e+00
4.920000e-05	-1.102641e-01	-6.838419e+00
4.921000e-05	1.352342e-01	-7.061550e+00
4.922000e-05	-9.541936e-02	-7.240629e+00
4.923000e-05	7.286865e-02	-7.495287e+00
4.924000e-05	1.200304e-02	-7.664236e+00
4.925000e-05	-4.920897e-02	-7.886994e+00
4.926000e-05	6.552392e-02	-8.027421e+00
4.927000e-05	-8.480859e-02	-8.290078e+00
4.928000e-05	1.024202e-01	-8.441077e+00
4.929000e-05	-7.488418e-02	-8.619578e+00
4.930000e-05	7.453526e-02	-8.852681e+00
4.931000e-05	-3.217684e-02	-9.031205e+00
4.932000e-05	1.572011e-02	-9.234289e+00
4.933000e-05	1.107357e-02	-9.363134e+00
4.934000e-05	-1.738440e-02	-9.562207e+00
4.935000e-05	3.926058e-02	-9.700077e+00
4.936000e-05	-3.411928e-02	-9.860183e+00
4.937000e-05	5.645242e-02	-1.003055e+01
4.938000e-05	-3.801772e-02	-1.023963e+01
4.939000e-05	4.726991e-02	-1.036050e+01
4.940000e-05	-3.084423e-02	-1.051905e+01
4.941000e-05	3.320490e-02	-1.070800e+01
4.942000e-05	-9.666754e-03	-1.085527e+01
4.943000e-05	1.780964e-02	-1.096529e+01
4.944000e-05	5.850673e-03	-1.108268e+01
4.945000e-05	6.229469e-03	-1.123957e+01
4.946000e-05	1.808758e-02	-1.133482e+01
4.947000e-05	-1.577119e-03	-1.148513e+01
4.948000e-05	2.178907e-02	-1.156957e+01
4.949000e-05	-5.697642e-03	-1.173584e+01
4.950000e-05	2.480933e-02	-1.179363e+01
4.951000e-05	-4.510273e-03	-1.191697e+01
4.952000e-05	2.254925e-02	-1.203281e+01
4.953000e-05	-1.324217e-03	-1.209955e+01
4.954000e-05	2.206184e-02	-1.221429e+01
4.955000e-05	4.479421e-03	-1.226953e+01
4.956000e-05	1.811088e-02	-1.236516e+01
4.957000e-05	8.051935e-03	-1.245742e+01
4.958000e-05	1.290918e-02	-1.253261e+01
4.959000e-05	1.420423e-02	-1.258644e+01
4.960000e-05	1.357233e-02	-1.265058e+01
4.961000e-05	1.319113e-02	-1.273374e+01
4.962000e-05	8.298745e-03	-1.273634e+01
4.963000e-05	1.462014e-02	-1.277093e+01
4.964000e-05	1.442842e-02	-1.280055e+01
4.965000e-05	1.744463e-02	-1.284268e+01
4.966000e-05	1.277452e-02	-1.287376e+01
4.967000e-05	1.911811e-02	-1.291589e+01
4.968000e-05	1.492597e-02	-1.293685e+01
4.969000e-05	1.874475e-02	-1.293942e+01
4.970000e-05	1.220588e-02	-1.297804e+01
4.971000e-05	1.325635e-02	-1.295852e+01
4.972000e-05	1.835448e-02	-1.299052e+01
4.973000e-05	1.968219e-02	-1.291798e+01
4.974000e-05	2.121624e-02	-1.296045e+01
4.975000e-05	1.780719e-02	-1.291882e+01
4.976000e-05	1.954747e-02	-1.292639e+01
4.977000e-05	1.953893e-02	-1.285619e+01
4.978000e-05	1.938656e-02	-1.285423e+01
4.979000e-05	1.840243e-02	-1.280161e+01
4.980000e-05	1.958500e-02	-1.276848e+01
4.981000e-05	2.075491e-02	-1.274787e+01
4.982000e-05	2.266946e-02	-1.273479e+01
4.983000e-05	2.028099e-02	-1.265063e+01
4.984000e-05	2.086060e-02	-1.255687e+01
4.985000e-05	1.980222e-02	-1.253416e+01
4.986000e-05	2.371870e-02	-1.245000e+01
4.987000e-05	2.263814e-02	-1.234477e+01
4.988000e-05	2.308555e-02	-1.229002e+01
4.989000e-05	2.365472e-02	-1.220642e+01
4.990000e-05	2.446549e-02	-1.209108e+01
4.991000e-05	2.541487e-02	-1.201679e+01
4.992000e-05	2.446269e-02	-1.193005e+01
4.993000e-05	2.547067e-02	-1.181459e+01
4.994000e-05	2.529400e-02	-1.169940e+01
4.995000e-05	2.658059e-02	-1.158160e+01
4.996000e-05	2.576210e-02	-1.147466e+01
4.997000e-05	2.523277e-02	-1.131995e+01
4.998000e-05	2.409357e-02	-1.127106e+01
4.999000e-05	2.336535e-02	-1.111521e+01
