# 260901_12:09:13.518168
t	CH1	CH2
0.000000e+00	-4.581786e-02	1.473727e+01
1.000000e-08	-5.101403e-02	1.476880e+01
2.000000e-08	-5.271899e-02	1.478885e+01
3.000000e-08	-5.405784e-02	1.477835e+01
4.000000e-08	-5.241959e-02	1.474935e+01
5.000000e-08	-5.464551e-02	1.474685e+01
6.000000e-08	-5.590814e-02	1.477982e+01
7.000000e-08	-5.758465e-02	1.474667e+01
8.000000e-08	-5.673609e-02	1.470674e+01
9.000000e-08	-5.883028e-02	1.473371e+01
1.000000e-07	-6.233717e-02	1.461506e+01
1.100000e-07	-6.186601e-02	1.463243e+01
1.200000e-07	-6.364603e-02	1.458982e+01
1.300000e-07	-6.122358e-02	1.451767e+01
1.400000e-07	-6.504468e-02	1.444251e+01
1.500000e-07	-6.605225e-02	1.438135e+01
1.600000e-07	-6.801900e-02	1.429559e+01
1.700000e-07	-6.899339e-02	1.425654e+01
1.800000e-07	-7.265893e-02	1.415678e+01
1.900000e-07	-7.461410e-02	1.408498e+01
2.000000e-07	-7.575419e-02	1.397037e+01
2.100000e-07	-7.865207e-02	1.388351e+01
2.200000e-07	-8.045793e-02	1.373825e+01
2.300000e-07	-8.385798e-02	1.363344e+01
2.400000e-07	-8.223732e-02	1.352672e+01
2.500000e-07	-8.340803e-02	1.339095e+01
2.600000e-07	-8.232005e-02	1.330406e+01
2.700000e-07	-8.211202e-02	1.315775e+01
2.800000e-07	-7.804232e-02	1.303341e+01
2.900000e-07	-7.402450e-02	1.284447e+01
3.000000e-07	-7.244680e-02	1.274780e+01
3.100000e-07	-7.046792e-02	1.259041e+01
3.200000e-07	-6.813550e-02	1.246301e+01
3.300000e-07	-6.287709e-02	1.233716e+01
3.400000e-07	-5.931515e-02	1.214827e+01
3.500000e-07	-5.649639e-02	1.193727e+01
3.600000e-07	-5.363454e-02	1.178045e+01
3.700000e-07	-5.031317e-02	1.162148e+01
3.800000e-07	-4.725859e-02	1.144193e+01
3.900000e-07	-4.558966e-02	1.122095e+01
4.000000e-07	-4.439780e-02	1.107209e+01
4.100000e-07	-4.247272e-02	1.084259e+01
4.200000e-07	-3.939855e-02	1.062451e+01
4.300000e-07	-3.759193e-02	1.047251e+01
4.400000e-07	-3.624275e-02	1.020446e+01
4.500000e-07	-3.523247e-02	1.009411e+01
4.600000e-07	-3.277411e-02	9.832429e+00
4.700000e-07	-3.087019e-02	9.601405e+00
4.800000e-07	-2.952367e-02	9.349875e+00
4.900000e-07	-2.898864e-02	9.209903e+00
5.000000e-07	-2.831158e-02	8.969278e+00
5.100000e-07	-2.632449e-02	8.683745e+00
5.200000e-07	-2.589745e-02	8.504140e+00
5.300000e-07	-2.469544e-02	8.273961e+00
5.400000e-07	-2.507940e-02	8.022355e+00
5.500000e-07	-2.284240e-02	7.788875e+00
5.600000e-07	-2.148907e-02	7.517191e+00
5.700000e-07	-2.000584e-02	7.263136e+00
5.800000e-07	-1.956935e-02	7.040853e+00
5.900000e-07	-1.932927e-02	6.758870e+00
6.000000e-07	-1.816367e-02	6.468041e+00
6.100000e-07	-1.750129e-02	6.254007e+00
6.200000e-07	-1.818716e-02	6.000500e+00
6.300000e-07	-1.711121e-02	5.727244e+00
6.400000e-07	-1.617837e-02	5.464159e+00
6.500000e-07	-1.449668e-02	5.180297e+00
6.600000e-07	-1.306123e-02	4.812613e+00
6.700000e-07	-1.405158e-02	4.541327e+00
6.800000e-07	-1.267832e-02	4.327363e+00
6.900000e-07	-1.222757e-02	4.031528e+00
7.000000e-07	-1.183433e-02	3.736423e+00
7.100000e-07	-1.165954e-02	3.485712e+00
7.200000e-07	-1.118163e-02	3.211529e+00
7.300000e-07	-1.042708e-02	2.937848e+00
7.400000e-07	-9.771585e-03	2.684739e+00
7.500000e-07	-8.442714e-03	2.387447e+00
7.600000e-07	-8.415567e-03	2.106241e+00
7.700000e-07	-7.704999e-03	1.823034e+00
7.800000e-07	-6.427756e-03	1.547294e+00
7.900000e-07	-7.662267e-03	1.253028e+00
8.000000e-07	-6.033621e-03	9.357640e-01
8.100000e-07	-6.326742e-03	6.210311e-01
8.200000e-07	-5.099617e-03	3.399445e-01
8.300000e-07	-3.076416e-03	8.360757e-02
8.400000e-07	4.930706e-04	-1.981253e-01
8.500000e-07	8.291773e-03	-4.710807e-01
8.600000e-07	-5.100643e-03	-7.473686e-01
8.700000e-07	3.873582e-03	-1.018970e+00
8.800000e-07	-2.942933e-03	-1.311712e+00
8.900000e-07	4.499253e-04	-1.578900e+00
9.000000e-07	1.582567e-03	-1.780499e+00
9.100000e-07	3.685769e-02	-2.000528e+00
9.200000e-07	9.568117e-02	-2.315261e+00
9.300000e-07	-4.126828e-02	-2.661213e+00
9.400000e-07	-3.789126e-02	-3.063707e+00
9.500000e-07	-5.578606e-03	-3.368495e+00
9.600000e-07	-4.212420e-02	-3.568297e+00
9.700000e-07	-7.971033e-02	-3.829948e+00
9.800000e-07	7.067607e-02	-3.989498e+00
9.900000e-07	9.552589e-02	-4.188524e+00
1.000000e-06	-1.317027e-01	-4.525735e+00
1.010000e-06	2.019444e-01	-4.736791e+00
1.020000e-06	-1.367914e-01	-5.032631e+00
1.030000e-06	5.130076e-02	-5.379392e+00
1.040000e-06	1.066365e-02	-5.600929e+00
1.050000e-06	-9.494003e-02	-5.914240e+00
1.060000e-06	1.660360e-01	-6.166265e+00
1.070000e-06	-1.299398e-01	-6.442056e+00
1.080000e-06	1.384320e-01	-6.692740e+00
1.090000e-06	-3.671163e-02	-6.926816e+00
1.100000e-06	-2.226476e-02	-7.251556e+00
1.110000e-06	6.224625e-02	-7.484183e+00
1.120000e-06	-1.055649e-01	-7.777870e+00
1.130000e-06	1.445674e-01	-7.993029e+00
1.140000e-06	-8.926109e-02	-8.242605e+00
1.150000e-06	8.325751e-02	-8.534214e+00
1.160000e-06	1.374855e-02	-8.728195e+00
1.170000e-06	-4.090313e-02	-8.990427e+00
1.180000e-06	7.292963e-02	-9.188377e+00
1.190000e-06	-7.388255e-02	-9.439456e+00
1.200000e-06	1.109143e-01	-9.642531e+00
1.210000e-06	-6.507209e-02	-9.861982e+00
1.220000e-06	8.482252e-02	-1.002458e+01
1.230000e-06	-3.341712e-02	-1.030369e+01
1.240000e-06	3.588192e-02	-1.051569e+01
1.250000e-06	1.591680e-02	-1.068259e+01
1.260000e-06	-6.160717e-03	-1.087411e+01
1.270000e-06	5.088989e-02	-1.104251e+01
1.280000e-06	-1.973863e-02	-1.129513e+01
1.290000e-06	6.485415e-02	-1.145156e+01
1.300000e-06	-2.484305e-02	-1.165253e+01
1.310000e-06	5.739713e-02	-1.185398e+01
1.320000e-06	-2.034805e-02	-1.203348e+01
1.330000e-06	5.078704e-02	-1.222050e+01
1.340000e-06	-7.676275e-04	-1.236524e+01
1.350000e-06	3.535771e-02	-1.251570e+01
1.360000e-06	1.624245e-02	-1.269301e+01
1.370000e-06	2.407002e-02	-1.284002e+01
1.380000e-06	3.196617e-02	-1.295882e+01
1.390000e-06	1.442898e-02	-1.308512e+01
1.400000e-06	3.741159e-02	-1.322053e+01
1.410000e-06	9.072785e-03	-1.338025e+01
1.420000e-06	4.160773e-02	-1.350554e+01
1.430000e-06	1.078607e-02	-1.360188e+01
1.440000e-06	3.946623e-02	-1.369772e+01
1.450000e-06	1.758877e-02	-1.386200e+01
1.460000e-06	4.076816e-02	-1.390617e+01
1.470000e-06	2.526517e-02	-1.400295e+01
1.480000e-06	3.523764e-02	-1.412525e+01
1.490000e-06	2.735578e-02	-1.425291e+01
1.500000e-06	3.225357e-02	-1.429609e+01
1.510000e-06	3.533922e-02	-1.440080e+01
1.520000e-06	3.425210e-02	-1.445203e+01
1.530000e-06	3.813788e-02	-1.454462e+01
1.540000e-06	3.309025e-02	-1.458983e+01
1.550000e-06	3.934258e-02	-1.463096e+01
1.560000e-06	3.500667e-02	-1.467254e+01
1.570000e-06	4.110259e-02	-1.468616e+01
1.580000e-06	3.915933e-02	-1.471675e+01
1.590000e-06	4.457371e-02	-1.475820e+01
1.600000e-06	4.111019e-02	-1.479985e+01
1.610000e-06	4.531816e-02	-1.476087e+01
1.620000e-06	4.226770e-02	-1.479195e+01
1.630000e-06	4.416577e-02	-1.482133e+01
1.640000e-06	4.545465e-02	-1.480143e+01
1.650000e-06	4.786848e-02	-1.477095e+01
1.660000e-06	5.068958e-02	-1.478195e+01
1.670000e-06	5.106329e-02	-1.478935e+01
1.680000e-06	5.223793e-02	-1.475930e+01
1.690000e-06	5.237325e-02	-1.473770e+01
1.700000e-06	5.275301e-02	-1.470519e+01
1.710000e-06	5.315379e-02	-1.467304e+01
1.720000e-06	5.554797e-02	-1.462201e+01
1.730000e-06	5.528749e-02	-1.456943e+01
1.740000e-06	5.779591e-02	-1.453815e+01
1.750000e-06	5.722769e-02	-1.445291e+01
1.760000e-06	6.067467e-02	-1.436078e+01
1.770000e-06	5.940674e-02	-1.430864e+01
1.780000e-06	6.477526e-02	-1.425395e+01
1.790000e-06	6.569132e-02	-1.415820e+01
1.800000e-06	6.944384e-02	-1.403543e+01
1.810000e-06	6.958693e-02	-1.394670e+01
1.820000e-06	7.217579e-02	-1.383196e+01
1.830000e-06	7.378806e-02	-1.372712e+01
1.840000e-06	7.456078e-02	-1.360086e+01
1.850000e-06	7.519405e-02	-1.353659e+01
1.860000e-06	7.534332e-02	-1.338177e+01
1.870000e-06	7.495554e-02	-1.323249e+01
1.880000e-06	7.147888e-02	-1.312619e+01
1.890000e-06	6.971888e-02	-1.298978e+01
1.900000e-06	6.656516e-02	-1.288106e+01
1.910000e-06	6.255218e-02	-1.268719e+01
1.920000e-06	5.951997e-02	-1.255030e+01
1.930000e-06	5.646268e-02	-1.242233e+01
1.940000e-06	5.317098e-02	-1.229288e+01
1.950000e-06	5.122608e-02	-1.213512e+01
1.960000e-06	4.603689e-02	-1.192662e+01
1.970000e-06	4.347365e-02	-1.173712e+01
1.980000e-06	3.930302e-02	-1.149769e+01
1.990000e-06	3.797599e-02	-1.132709e+01
2.000000e-06	3.650114e-02	-1.110257e+01
2.010000e-06	3.412272e-02	-1.094724e+01
2.020000e-06	3.134902e-02	-1.071824e+01
2.030000e-06	2.930576e-02	-1.057983e+01
2.040000e-06	2.865008e-02	-1.034870e+01
2.050000e-06	2.804485e-02	-1.013922e+01
2.060000e-06	2.247756e-02	-9.916746e+00
2.070000e-06	2.133775e-02	-9.698742e+00
2.080000e-06	2.260211e-02	-9.497565e+00
2.090000e-06	2.350737e-02	-9.255541e+00
2.100000e-06	1.889473e-02	-9.064058e+00
2.110000e-06	1.618302e-02	-8.903034e+00
2.120000e-06	1.667868e-02	-8.591332e+00
2.130000e-06	1.682300e-02	-8.359324e+00
2.140000e-06	1.582232e-02	-8.137746e+00
2.150000e-06	1.271266e-02	-7.905091e+00
2.160000e-06	1.192395e-02	-7.572355e+00
2.170000e-06	1.230562e-02	-7.369221e+00
2.180000e-06	1.237318e-02	-7.137717e+00
2.190000e-06	9.302461e-03	-6.843514e+00
2.200000e-06	7.418391e-03	-6.619976e+00
2.210000e-06	9.042267e-03	-6.378875e+00
2.220000e-06	8.872521e-03	-6.095690e+00
2.230000e-06	7.862205e-03	-5.832534e+00
2.240000e-06	4.238171e-03	-5.550297e+00
2.250000e-06	4.473634e-03	-5.294084e+00
2.260000e-06	3.994091e-03	-4.960429e+00
2.270000e-06	5.258487e-03	-4.673539e+00
2.280000e-06	2.009239e-03	-4.421533e+00
2.290000e-06	3.505009e-03	-4.191858e+00
2.300000e-06	2.726467e-03	-3.977317e+00
2.310000e-06	4.550977e-03	-3.642480e+00
2.320000e-06	9.271576e-04	-3.361401e+00
2.330000e-06	-5.817554e-04	-3.076642e+00
2.340000e-06	-2.528000e-03	-2.781474e+00
2.350000e-06	-4.316797e-04	-2.526196e+00
2.360000e-06	-4.132266e-04	-2.272113e+00
2.370000e-06	-3.239828e-03	-1.948318e+00
2.380000e-06	-3.094579e-03	-1.695667e+00
2.390000e-06	-2.321655e-03	-1.349305e+00
2.400000e-06	-6.103208e-04	-1.044185e+00
2.410000e-06	-3.673040e-03	-8.114475e-01
2.420000e-06	-4.771867e-03	-4.761365e-01
2.430000e-06	-4.413726e-03	-2.020309e-01
2.440000e-06	2.299772e-03	6.312935e-02
2.450000e-06	6.067362e-03	3.569451e-01
2.460000e-06	-7.480649e-03	5.900727e-01
2.470000e-06	8.316793e-04	8.305765e-01
2.480000e-06	-2.655876e-03	1.136820e+00
2.490000e-06	9.755043e-04	1.420022e+00
2.500000e-06	-5.499256e-03	1.714911e+00
2.510000e-06	7.043892e-03	1.937890e+00
2.520000e-06	3.366681e-02	2.146919e+00
2.530000e-06	7.817256e-02	2.463661e+00
2.540000e-06	-5.959377e-02	2.829107e+00
2.550000e-06	-5.065123e-02	3.085336e+00
2.560000e-06	-3.157046e-02	3.368921e+00
2.570000e-06	-3.104618e-02	3.631556e+00
2.580000e-06	-6.967965e-02	3.863683e+00
2.590000e-06	-2.636635e-02	4.061733e+00
2.600000e-06	1.259673e-01	4.367895e+00
2.610000e-06	-7.368683e-02	4.651600e+00
2.620000e-06	3.183505e-02	4.882154e+00
2.630000e-06	7.130723e-02	5.197047e+00
2.640000e-06	-1.342159e-01	5.483710e+00
2.650000e-06	5.973887e-02	5.714814e+00
2.660000e-06	-8.616768e-02	5.990103e+00
2.670000e-06	4.345415e-02	6.242660e+00
2.680000e-06	-4.445931e-03	6.585315e+00
2.690000e-06	-3.470170e-02	6.810552e+00
2.700000e-06	3.895310e-02	7.031606e+00
2.710000e-06	-6.803808e-02	7.304816e+00
2.720000e-06	3.000800e-02	7.589023e+00
2.730000e-06	-7.574416e-02	7.893685e+00
2.740000e-06	2.782734e-02	8.136870e+00
2.750000e-06	-9.619949e-03	8.377873e+00
2.760000e-06	-2.948037e-02	8.587897e+00
2.770000e-06	2.214293e-02	8.800399e+00
2.780000e-06	-6.009978e-02	9.042052e+00
2.790000e-06	6.082549e-03	9.253631e+00
2.800000e-06	-3.588121e-02	9.473186e+00
2.810000e-06	5.135930e-03	9.675215e+00
2.820000e-06	-3.063753e-02	9.936316e+00
2.830000e-06	-1.698691e-02	1.013634e+01
2.840000e-06	-4.517604e-03	1.036637e+01
2.850000e-06	-3.580380e-02	1.058675e+01
2.860000e-06	-5.949934e-03	1.076632e+01
2.870000e-06	-4.328444e-02	1.096729e+01
2.880000e-06	-1.733969e-03	1.111669e+01
2.890000e-06	-2.979650e-02	1.132676e+01
2.900000e-06	-8.668970e-03	1.154474e+01
2.910000e-06	-3.459927e-02	1.169584e+01
2.920000e-06	-2.056823e-02	1.192566e+01
2.930000e-06	-2.234191e-02	1.205148e+01
2.940000e-06	-2.662591e-02	1.224283e+01
2.950000e-06	-2.472085e-02	1.235885e+01
2.960000e-06	-3.491255e-02	1.255637e+01
2.970000e-06	-1.797080e-02	1.267413e+01
2.980000e-06	-2.923732e-02	1.284996e+01
2.990000e-06	-2.200572e-02	1.299835e+01
3.000000e-06	-3.753304e-02	1.311671e+01
3.010000e-06	-2.768633e-02	1.324201e+01
3.020000e-06	-3.293244e-02	1.336630e+01
3.030000e-06	-2.928957e-02	1.351423e+01
3.040000e-06	-3.718863e-02	1.358941e+01
3.050000e-06	-3.591685e-02	1.370369e+01
3.060000e-06	-3.096348e-02	1.384193e+01
3.070000e-06	-3.221664e-02	1.393727e+01
3.080000e-06	-3.569043e-02	1.402303e+01
3.090000e-06	-4.214753e-02	1.411622e+01
3.100000e-06	-3.710968e-02	1.424346e+01
3.110000e-06	-3.750288e-02	1.431754e+01
3.120000e-06	-3.658412e-02	1.442028e+01
3.130000e-06	-4.386322e-02	1.445611e+01
3.140000e-06	-4.045358e-02	1.446564e+01
3.150000e-06	-4.326464e-02	1.455077e+01
3.160000e-06	-4.322586e-02	1.459158e+01
3.170000e-06	-4.727493e-02	1.462400e+01
3.180000e-06	-4.953793e-02	1.471499e+01
3.190000e-06	-4.502071e-02	1.472672e+01
3.200000e-06	-4.535840e-02	1.474630e+01
3.210000e-06	-4.615917e-02	1.475735e+01
3.220000e-06	-5.259392e-02	1.475935e+01
3.230000e-06	-5.183321e-02	1.475790e+01
3.240000e-06	-5.290885e-02	1.476838e+01
3.250000e-06	-5.317658e-02	1.476885e+01
3.260000e-06	-5.763194e-02	1.474890e+01
3.270000e-06	-5.840415e-02	1.471884e+01
3.280000e-06	-5.603128e-02	1.477567e+01
3.290000e-06	-5.851890e-02	1.472574e+01
3.300000e-06	-5.933244e-02	1.468364e+01
3.310000e-06	-6.369305e-02	1.464093e+01
3.320000e-06	-6.141464e-02	1.460983e+01
3.330000e-06	-6.190224e-02	1.451822e+01
3.340000e-06	-6.289538e-02	1.445511e+01
3.350000e-06	-6.622194e-02	1.444296e+01
3.360000e-06	-6.820355e-02	1.435872e+01
3.370000e-06	-6.750966e-02	1.427559e+01
3.380000e-06	-6.935179e-02	1.423293e+01
3.390000e-06	-7.296498e-02	1.412519e+01
3.400000e-06	-7.549058e-02	1.403191e+01
3.410000e-06	-7.817856e-02	1.392762e+01
3.420000e-06	-7.924403e-02	1.382186e+01
3.430000e-06	-8.135400e-02	1.372419e+01
3.440000e-06	-8.481837e-02	1.357888e+01
3.450000e-06	-8.383957e-02	1.346412e+01
3.460000e-06	-8.134270e-02	1.332772e+01
3.470000e-06	-8.044719e-02	1.324451e+01
3.480000e-06	-8.121677e-02	1.309714e+01
3.490000e-06	-7.698061e-02	1.291982e+01
3.500000e-06	-7.545078e-02	1.281041e+01
3.510000e-06	-7.078188e-02	1.265462e+01
3.520000e-06	-6.966505e-02	1.253774e+01
3.530000e-06	-6.565749e-02	1.239095e+01
3.540000e-06	-6.274509e-02	1.221248e+01
3.550000e-06	-5.668520e-02	1.207559e+01
3.560000e-06	-5.367057e-02	1.186719e+01
3.570000e-06	-5.184566e-02	1.171669e+01
3.580000e-06	-5.153396e-02	1.153865e+01
3.590000e-06	-4.735601e-02	1.134674e+01
3.600000e-06	-4.419896e-02	1.113882e+01
3.610000e-06	-4.297819e-02	1.094832e+01
3.620000e-06	-4.131323e-02	1.083030e+01
3.630000e-06	-3.941364e-02	1.057033e+01
3.640000e-06	-3.583322e-02	1.037930e+01
3.650000e-06	-3.508895e-02	1.015928e+01
3.660000e-06	-3.403808e-02	9.979741e+00
3.670000e-06	-3.305000e-02	9.706746e+00
3.680000e-06	-3.069344e-02	9.484613e+00
3.690000e-06	-2.922995e-02	9.286168e+00
3.700000e-06	-2.715671e-02	9.087663e+00
3.710000e-06	-2.817950e-02	8.874541e+00
3.720000e-06	-2.693577e-02	8.612503e+00
3.730000e-06	-2.538476e-02	8.410902e+00
3.740000e-06	-2.400220e-02	8.157751e+00
3.750000e-06	-2.352358e-02	7.955662e+00
3.760000e-06	-2.209665e-02	7.674110e+00
3.770000e-06	-2.047530e-02	7.441400e+00
3.780000e-06	-2.206000e-02	7.118744e+00
3.790000e-06	-1.796210e-02	6.896694e+00
3.800000e-06	-2.365081e-02	6.643907e+00
3.810000e-06	-1.558609e-02	6.349345e+00
3.820000e-06	-2.170390e-02	6.106192e+00
3.830000e-06	-1.073499e-02	5.835736e+00
3.840000e-06	-1.858768e-02	5.599929e+00
3.850000e-06	-1.208556e-02	5.357274e+00
3.860000e-06	-1.584179e-02	5.012903e+00
3.870000e-06	-1.386544e-02	4.715291e+00
3.880000e-06	-1.630627e-02	4.454135e+00
3.890000e-06	-1.518519e-02	4.211422e+00
3.900000e-06	-1.196150e-02	3.906192e+00
3.910000e-06	-7.786141e-03	3.662660e+00
3.920000e-06	-8.554398e-03	3.410297e+00
3.930000e-06	-1.174325e-02	3.104713e+00
3.940000e-06	-9.940280e-03	2.834058e+00
3.950000e-06	-1.158813e-02	2.517347e+00
3.960000e-06	-8.244675e-03	2.263084e+00
3.970000e-06	-1.182656e-02	2.001525e+00
3.980000e-06	-7.579047e-03	1.706215e+00
3.990000e-06	-6.745276e-03	1.411508e+00
4.000000e-06	-3.893985e-03	1.087264e+00
4.010000e-06	-5.448740e-03	7.604485e-01
4.020000e-06	-6.476440e-03	5.458180e-01
4.030000e-06	-3.446527e-03	2.416512e-01
4.040000e-06	-3.119056e-03	-6.265785e-02
4.050000e-06	6.888748e-03	-3.252597e-01
4.060000e-06	-1.676075e-03	-5.483939e-01
4.070000e-06	-1.387210e-03	-8.025793e-01
4.080000e-06	6.303720e-04	-1.085336e+00
4.090000e-06	-4.835536e-05	-1.409475e+00
4.100000e-06	-5.787388e-04	-1.672632e+00
4.110000e-06	9.885413e-03	-1.873735e+00
4.120000e-06	6.462060e-02	-2.113738e+00
4.130000e-06	7.081437e-02	-2.461161e+00
4.140000e-06	-8.608169e-02	-2.862656e+00
4.150000e-06	3.573937e-04	-3.212078e+00
4.160000e-06	-3.561213e-02	-3.473081e+00
4.170000e-06	-4.455341e-02	-3.633162e+00
4.180000e-06	-6.796146e-02	-3.905188e+00
4.190000e-06	1.784286e-01	-4.041081e+00
4.200000e-06	-7.550360e-02	-4.326312e+00
4.210000e-06	1.521328e-02	-4.599501e+00
4.220000e-06	1.035997e-01	-4.801554e+00
4.230000e-06	-1.598581e-01	-5.189923e+00
4.240000e-06	1.667192e-01	-5.473085e+00
4.250000e-06	-1.523181e-01	-5.747273e+00
4.260000e-06	7.713306e-02	-6.009049e+00
4.270000e-06	4.371783e-02	-6.220032e+00
4.280000e-06	-6.869060e-02	-6.586769e+00
4.290000e-06	1.482223e-01	-6.779473e+00
4.300000e-06	-1.270176e-01	-7.052981e+00
4.310000e-06	9.455118e-02	-7.376321e+00
4.320000e-06	-5.873284e-02	-7.628949e+00
4.330000e-06	1.078789e-02	-7.914217e+00
4.340000e-06	8.070913e-02	-8.135241e+00
4.350000e-06	-8.746503e-02	-8.348844e+00
4.360000e-06	1.406386e-01	-8.579878e+00
4.370000e-06	-9.072581e-02	-8.832555e+00
4.380000e-06	6.713635e-02	-9.044584e+00
4.390000e-06	-2.655183e-02	-9.244107e+00
4.400000e-06	1.709233e-02	-9.536393e+00
4.410000e-06	5.047802e-02	-9.744193e+00
4.420000e-06	-3.719147e-02	-9.946821e+00
4.430000e-06	8.267462e-02	-1.017579e+01
4.440000e-06	-6.146125e-02	-1.039990e+01
4.450000e-06	8.643312e-02	-1.055838e+01
4.460000e-06	-4.442249e-02	-1.077737e+01
4.470000e-06	6.023440e-02	-1.095885e+01
4.480000e-06	-1.201987e-02	-1.113677e+01
4.490000e-06	3.635321e-02	-1.134828e+01
4.500000e-06	1.626161e-02	-1.153522e+01
4.510000e-06	9.734737e-03	-1.174987e+01
4.520000e-06	3.285399e-02	-1.192409e+01
4.530000e-06	-4.182426e-03	-1.210624e+01
4.540000e-06	5.043674e-02	-1.230206e+01
4.550000e-06	-8.393017e-03	-1.241058e+01
4.560000e-06	5.045093e-02	-1.257825e+01
4.570000e-06	-4.161964e-03	-1.272719e+01
4.580000e-06	4.751802e-02	-1.287416e+01
4.590000e-06	6.568473e-03	-1.300093e+01
4.600000e-06	3.701082e-02	-1.313675e+01
4.610000e-06	1.536561e-02	-1.327459e+01
4.620000e-06	3.082304e-02	-1.343133e+01
4.630000e-06	2.692152e-02	-1.349862e+01
4.640000e-06	2.279079e-02	-1.363303e+01
4.650000e-06	3.343275e-02	-1.378885e+01
4.660000e-06	2.340862e-02	-1.386314e+01
4.670000e-06	3.959677e-02	-1.398927e+01
4.680000e-06	2.287298e-02	-1.407311e+01
4.690000e-06	3.747496e-02	-1.416767e+01
4.700000e-06	2.473681e-02	-1.427401e+01
4.710000e-06	3.994959e-02	-1.432820e+01
4.720000e-06	3.027325e-02	-1.444096e+01
4.730000e-06	3.981151e-02	-1.448406e+01
4.740000e-06	3.221931e-02	-1.455922e+01
4.750000e-06	3.841137e-02	-1.461043e+01
4.760000e-06	3.525929e-02	-1.467191e+01
4.770000e-06	3.832437e-02	-1.469306e+01
4.780000e-06	3.950372e-02	-1.469567e+01
4.790000e-06	4.252676e-02	-1.473669e+01
4.800000e-06	4.414967e-02	-1.475985e+01
4.810000e-06	4.242513e-02	-1.478035e+01
4.820000e-06	4.456098e-02	-1.480088e+01
4.830000e-06	4.207205e-02	-1.478090e+01
4.840000e-06	4.615458e-02	-1.479198e+01
4.850000e-06	4.572485e-02	-1.481143e+01
4.860000e-06	4.932913e-02	-1.479141e+01
4.870000e-06	4.979325e-02	-1.477790e+01
4.880000e-06	5.257473e-02	-1.476930e+01
4.890000e-06	5.195197e-02	-1.473927e+01
4.900000e-06	5.358964e-02	-1.474669e+01
4.910000e-06	5.189085e-02	-1.467614e+01
4.920000e-06	5.453378e-02	-1.465394e+01
4.930000e-06	5.535163e-02	-1.460293e+01
4.940000e-06	5.733043e-02	-1.457928e+01
4.950000e-06	5.689376e-02	-1.448609e+01
4.960000e-06	5.863768e-02	-1.441141e+01
4.970000e-06	6.027310e-02	-1.434880e+01
4.980000e-06	6.235403e-02	-1.432501e+01
4.990000e-06	6.489233e-02	-1.420388e+01
5.000000e-06	6.593031e-02	-1.408509e+01
5.010000e-06	6.963393e-02	-1.397191e+01
5.020000e-06	7.224401e-02	-1.390664e+01
5.030000e-06	7.520857e-02	-1.380838e+01
5.040000e-06	7.257352e-02	-1.368512e+01
5.050000e-06	7.365425e-02	-1.353830e+01
5.060000e-06	7.588385e-02	-1.346444e+01
5.070000e-06	7.673926e-02	-1.330712e+01
5.080000e-06	7.364667e-02	-1.318940e+01
5.090000e-06	6.952658e-02	-1.307361e+01
5.100000e-06	6.830449e-02	-1.293830e+01
5.110000e-06	6.641116e-02	-1.280936e+01
5.120000e-06	6.214028e-02	-1.267549e+01
5.130000e-06	5.794164e-02	-1.249809e+01
5.140000e-06	5.398054e-02	-1.233822e+01
5.150000e-06	5.206376e-02	-1.219028e+01
5.160000e-06	4.959098e-02	-1.200396e+01
5.170000e-06	4.470588e-02	-1.186501e+01
5.180000e-06	4.128871e-02	-1.163296e+01
5.190000e-06	3.911927e-02	-1.143189e+01
5.200000e-06	3.943873e-02	-1.125438e+01
5.210000e-06	3.543997e-02	-1.101251e+01
5.220000e-06	3.297480e-02	-1.085193e+01
5.230000e-06	2.934710e-02	-1.067611e+01
5.240000e-06	2.903752e-02	-1.045714e+01
5.250000e-06	2.717763e-02	-1.025203e+01
5.260000e-06	2.543423e-02	-1.004396e+01
5.270000e-06	2.370068e-02	-9.843007e+00
5.280000e-06	2.337830e-02	-9.642503e+00
5.290000e-06	2.304296e-02	-9.423479e+00
5.300000e-06	1.973462e-02	-9.189404e+00
5.310000e-06	1.813769e-02	-8.969327e+00
5.320000e-06	1.599274e-02	-8.739871e+00
5.330000e-06	1.633613e-02	-8.496590e+00
5.340000e-06	1.583435e-02	-8.234113e+00
5.350000e-06	1.366770e-02	-8.053609e+00
5.360000e-06	1.323473e-02	-7.810353e+00
5.370000e-06	1.365832e-02	-7.486168e+00
5.380000e-06	1.220750e-02	-7.265013e+00
5.390000e-06	1.144736e-02	-7.001330e+00
5.400000e-06	8.826354e-03	-6.727742e+00
5.410000e-06	7.783816e-03	-6.516218e+00
5.420000e-06	7.815155e-03	-6.262584e+00
5.430000e-06	6.915567e-03	-6.000307e+00
5.440000e-06	6.744148e-03	-5.707097e+00
5.450000e-06	4.292886e-03	-5.462534e+00
5.460000e-06	5.013772e-03	-5.160326e+00
5.470000e-06	3.719269e-03	-4.803860e+00
5.480000e-06	4.976048e-03	-4.548720e+00
5.490000e-06	1.435489e-03	-4.266817e+00
5.500000e-06	3.941771e-03	-4.083589e+00
5.510000e-06	1.000220e-03	-3.780409e+00
5.520000e-06	2.897830e-03	-3.557793e+00
5.530000e-06	-9.899729e-04	-3.253086e+00
5.540000e-06	1.253723e-03	-2.949272e+00
5.550000e-06	-2.462300e-03	-2.634112e+00
5.560000e-06	-2.241702e-04	-2.421480e+00
5.570000e-06	-3.844877e-03	-2.107718e+00
5.580000e-06	-5.464033e-04	-1.831481e+00
5.590000e-06	-4.896928e-03	-1.590420e+00
5.600000e-06	-2.806017e-04	-1.254560e+00
5.610000e-06	-4.753095e-03	-9.156942e-01
5.620000e-06	-2.338110e-03	-6.856628e-01
5.630000e-06	-4.001288e-03	-3.484746e-01
5.640000e-06	-2.514975e-03	-1.147154e-01
5.650000e-06	3.667098e-03	1.889175e-01
5.660000e-06	1.815641e-03	4.520780e-01
5.670000e-06	-3.390694e-03	6.727087e-01
5.680000e-06	1.238023e-03	9.482912e-01
5.690000e-06	-3.975739e-03	1.251157e+00
5.700000e-06	-5.910189e-04	1.546412e+00
5.710000e-06	-5.788660e-04	1.841079e+00
5.720000e-06	1.713268e-02	2.030578e+00
5.730000e-06	5.596438e-02	2.282686e+00
5.740000e-06	3.557496e-02	2.611552e+00
5.750000e-06	-8.662696e-02	2.936944e+00
5.760000e-06	-2.440126e-02	3.240131e+00
5.770000e-06	-3.889447e-02	3.504314e+00
5.780000e-06	-3.915451e-02	3.775396e+00
5.790000e-06	-8.119915e-02	3.947391e+00
5.800000e-06	5.140339e-02	4.177948e+00
5.810000e-06	8.930398e-02	4.483685e+00
5.820000e-06	-1.245981e-01	4.747812e+00
5.830000e-06	1.493565e-01	5.007544e+00
5.840000e-06	-7.750296e-02	5.324868e+00
5.850000e-06	-3.531482e-02	5.599441e+00
5.860000e-06	1.274902e-02	5.822124e+00
5.870000e-06	-7.621008e-02	6.126319e+00
5.880000e-06	8.038251e-02	6.358419e+00
5.890000e-06	-6.691681e-02	6.663561e+00
5.900000e-06	3.437711e-02	6.903292e+00
5.910000e-06	-2.988760e-02	7.187975e+00
5.920000e-06	-2.017032e-02	7.444408e+00
5.930000e-06	-6.952600e-03	7.747290e+00
5.940000e-06	-5.371556e-02	7.998476e+00
5.950000e-06	3.934384e-02	8.261133e+00
5.960000e-06	-4.681898e-02	8.481607e+00
5.970000e-06	1.149378e-02	8.643506e+00
5.980000e-06	-1.213295e-02	8.913260e+00
5.990000e-06	-4.518929e-02	9.127296e+00
6.000000e-06	2.379935e-03	9.366900e+00
6.010000e-06	-3.272812e-02	9.618571e+00
6.020000e-06	1.120778e-02	9.800858e+00
6.030000e-06	-4.429693e-02	1.005098e+01
6.040000e-06	1.046332e-03	1.021953e+01
6.050000e-06	-2.756607e-02	1.040905e+01
6.060000e-06	-1.792802e-02	1.062949e+01
6.070000e-06	-1.933399e-02	1.079103e+01
6.080000e-06	-3.551438e-02	1.100150e+01
6.090000e-06	-3.845251e-03	1.116902e+01
6.100000e-06	-2.980104e-02	1.141040e+01
6.110000e-06	-6.767697e-03	1.158990e+01
6.120000e-06	-4.114400e-02	1.183935e+01
6.130000e-06	-1.500021e-02	1.196725e+01
6.140000e-06	-3.101053e-02	1.213629e+01
6.150000e-06	-1.975560e-02	1.231516e+01
6.160000e-06	-3.080569e-02	1.245306e+01
6.170000e-06	-2.849972e-02	1.259945e+01
6.180000e-06	-1.948795e-02	1.273525e+01
6.190000e-06	-2.747378e-02	1.289461e+01
6.200000e-06	-2.467011e-02	1.302138e+01
6.210000e-06	-3.824389e-02	1.315882e+01
6.220000e-06	-2.789109e-02	1.331461e+01
6.230000e-06	-3.231137e-02	1.340090e+01
6.240000e-06	-3.028985e-02	1.350532e+01
6.250000e-06	-3.946725e-02	1.362101e+01
6.260000e-06	-3.570955e-02	1.371667e+01
6.270000e-06	-2.913784e-02	1.387556e+01
6.280000e-06	-3.249922e-02	1.395782e+01
6.290000e-06	-3.721865e-02	1.408459e+01
6.300000e-06	-4.297624e-02	1.420927e+01
6.310000e-06	-3.674591e-02	1.426516e+01
6.320000e-06	-3.585195e-02	1.435815e+01
6.330000e-06	-3.915227e-02	1.443243e+01
6.340000e-06	-4.464965e-02	1.447650e+01
6.350000e-06	-4.347262e-02	1.451820e+01
6.360000e-06	-4.224702e-02	1.454845e+01
6.370000e-06	-4.346881e-02	1.462151e+01
6.380000e-06	-4.795459e-02	1.465206e+01
6.390000e-06	-5.004318e-02	1.473608e+01
6.400000e-06	-4.579100e-02	1.472624e+01
6.410000e-06	-4.478283e-02	1.474730e+01
6.420000e-06	-4.937503e-02	1.475784e+01
6.430000e-06	-5.367660e-02	1.479933e+01
6.440000e-06	-5.422156e-02	1.474985e+01
6.450000e-06	-5.235956e-02	1.479837e+01
6.460000e-06	-5.405053e-02	1.474973e+01
6.470000e-06	-5.767986e-02	1.473787e+01
6.480000e-06	-5.881659e-02	1.475629e+01
6.490000e-06	-5.520561e-02	1.474724e+01
6.500000e-06	-5.765532e-02	1.470609e+01
6.510000e-06	-6.029966e-02	1.465309e+01
6.520000e-06	-6.296817e-02	1.464091e+01
6.530000e-06	-6.262276e-02	1.460080e+01
6.540000e-06	-6.119723e-02	1.450717e+01
6.550000e-06	-6.446632e-02	1.447411e+01
6.560000e-06	-6.635356e-02	1.440038e+01
6.570000e-06	-6.994225e-02	1.431822e+01
6.580000e-06	-6.722855e-02	1.425356e+01
6.590000e-06	-7.012338e-02	1.416030e+01
6.600000e-06	-7.327419e-02	1.410452e+01
6.610000e-06	-7.602447e-02	1.401122e+01
6.620000e-06	-7.811504e-02	1.385654e+01
6.630000e-06	-7.826859e-02	1.378033e+01
6.640000e-06	-8.327807e-02	1.365147e+01
6.650000e-06	-8.453996e-02	1.352620e+01
6.660000e-06	-8.502518e-02	1.340303e+01
6.670000e-06	-8.219237e-02	1.333514e+01
6.680000e-06	-7.970282e-02	1.317180e+01
6.690000e-06	-7.807068e-02	1.308498e+01
6.700000e-06	-7.623266e-02	1.290609e+01
6.710000e-06	-7.442101e-02	1.274838e+01
6.720000e-06	-6.981095e-02	1.261291e+01
6.730000e-06	-6.833024e-02	1.248668e+01
6.740000e-06	-6.439883e-02	1.231767e+01
6.750000e-06	-6.265491e-02	1.215838e+01
6.760000e-06	-5.593344e-02	1.200988e+01
6.770000e-06	-5.334731e-02	1.180246e+01
6.780000e-06	-4.964901e-02	1.169409e+01
6.790000e-06	-4.918863e-02	1.144548e+01
6.800000e-06	-4.568467e-02	1.124306e+01
6.810000e-06	-4.244578e-02	1.104269e+01
6.820000e-06	-4.162420e-02	1.087417e+01
6.830000e-06	-4.006900e-02	1.068666e+01
6.840000e-06	-4.005402e-02	1.047607e+01
6.850000e-06	-3.628160e-02	1.027511e+01
6.860000e-06	-3.478834e-02	1.006456e+01
6.870000e-06	-3.287402e-02	9.844033e+00
6.880000e-06	-3.305461e-02	9.610985e+00
6.890000e-06	-2.963038e-02	9.412432e+00
6.900000e-06	-2.847221e-02	9.221506e+00
6.910000e-06	-2.679192e-02	8.990350e+00
6.920000e-06	-2.712693e-02	8.738301e+00
6.930000e-06	-2.526539e-02	8.518272e+00
6.940000e-06	-2.449039e-02	8.276761e+00
6.950000e-06	-2.338603e-02	8.054484e+00
6.960000e-06	-2.411388e-02	7.821430e+00
6.970000e-06	-2.252727e-02	7.559921e+00
6.980000e-06	-2.096104e-02	7.294141e+00
6.990000e-06	-2.018273e-02	7.053504e+00
7.000000e-06	-1.918109e-02	6.809450e+00
7.010000e-06	-1.933991e-02	6.526169e+00
7.020000e-06	-1.779589e-02	6.264607e+00
7.030000e-06	-1.680204e-02	6.033004e+00
7.040000e-06	-1.649773e-02	5.729297e+00
7.050000e-06	-1.745976e-02	5.497167e+00
7.060000e-06	-1.601192e-02	5.222553e+00
7.070000e-06	-1.412835e-02	4.874111e+00
7.080000e-06	-1.253576e-02	4.620930e+00
7.090000e-06	-1.340594e-02	4.368972e+00
7.100000e-06	-1.233283e-02	4.055165e+00
7.110000e-06	-1.120366e-02	3.780377e+00
7.120000e-06	-1.027363e-02	3.548867e+00
7.130000e-06	-1.124466e-02	3.244584e+00
7.140000e-06	-1.067601e-02	2.949427e+00
7.150000e-06	-1.071247e-02	2.738818e+00
7.160000e-06	-9.220925e-03	2.431533e+00
7.170000e-06	-9.391724e-03	2.118319e+00
7.180000e-06	-8.882093e-03	1.874687e+00
7.190000e-06	-8.524649e-03	1.611477e+00
7.200000e-06	-6.118246e-03	1.256690e+00
7.210000e-06	-5.330779e-03	9.683732e-01
7.220000e-06	-4.706832e-03	6.632114e-01
7.230000e-06	-6.104359e-03	4.215275e-01
7.240000e-06	-3.462523e-03	1.562153e-01
7.250000e-06	-9.161827e-04	-1.774437e-01
7.260000e-06	7.765649e-03	-4.299751e-01
7.270000e-06	-4.769203e-03	-7.467097e-01
7.280000e-06	3.257767e-03	-9.574173e-01
7.290000e-06	-2.805560e-03	-1.200582e+00
7.300000e-06	9.487946e-04	-1.535841e+00
7.310000e-06	-8.349009e-04	-1.767919e+00
7.320000e-06	2.663218e-02	-1.998498e+00
7.330000e-06	9.021498e-02	-2.199124e+00
7.340000e-06	-5.023912e-03	-2.619502e+00
7.350000e-06	-6.058975e-02	-3.040048e+00
7.360000e-06	1.648619e-03	-3.324311e+00
7.370000e-06	-4.472369e-02	-3.526291e+00
7.380000e-06	-6.776659e-02	-3.758893e+00
7.390000e-06	1.734629e-02	-3.969894e+00
7.400000e-06	1.456096e-01	-4.156341e+00
7.410000e-06	-1.618195e-01	-4.462154e+00
7.420000e-06	1.906764e-01	-4.704690e+00
7.430000e-06	-6.320294e-02	-4.967421e+00
7.440000e-06	-2.814949e-02	-5.336840e+00
7.450000e-06	8.067274e-02	-5.539325e+00
7.460000e-06	-1.415193e-01	-5.873232e+00
7.470000e-06	1.859166e-01	-6.084091e+00
7.480000e-06	-1.022565e-01	-6.379925e+00
7.490000e-06	8.622454e-02	-6.674111e+00
7.500000e-06	2.702528e-02	-6.882613e+00
7.510000e-06	-7.499910e-02	-7.140427e+00
7.520000e-06	9.841926e-02	-7.421006e+00
7.530000e-06	-1.188362e-01	-7.745261e+00
7.540000e-06	1.262871e-01	-7.986951e+00
7.550000e-06	-4.651442e-02	-8.228977e+00
7.560000e-06	2.675968e-02	-8.472110e+00
7.570000e-06	6.841021e-02	-8.714564e+00
7.580000e-06	-8.111294e-02	-8.978748e+00
7.590000e-06	9.617926e-02	-9.177345e+00
7.600000e-06	-8.314160e-02	-9.388878e+00
7.610000e-06	1.037363e-01	-9.620481e+00
7.620000e-06	-4.104321e-02	-9.822378e+00
7.630000e-06	5.400322e-02	-1.006150e+01
7.640000e-06	1.554855e-03	-1.024101e+01
7.650000e-06	-1.611788e-03	-1.048416e+01
7.660000e-06	4.823460e-02	-1.064306e+01
7.670000e-06	-3.042373e-02	-1.085263e+01
7.680000e-06	6.786835e-02	-1.106096e+01
7.690000e-06	-3.246767e-02	-1.121348e+01
7.700000e-06	6.952867e-02	-1.144143e+01
7.710000e-06	-2.205817e-02	-1.161945e+01
7.720000e-06	5.323574e-02	-1.182341e+01
7.730000e-06	-1.036338e-02	-1.195080e+01
7.740000e-06	3.699457e-02	-1.217035e+01
7.750000e-06	1.465422e-02	-1.230769e+01
7.760000e-06	1.917163e-02	-1.248412e+01
7.770000e-06	2.634644e-02	-1.264201e+01
7.780000e-06	1.039012e-02	-1.280988e+01
7.790000e-06	4.448522e-02	-1.293819e+01
7.800000e-06	8.290994e-03	-1.309311e+01
7.810000e-06	4.230857e-02	-1.319185e+01
7.820000e-06	5.113376e-03	-1.331576e+01
7.830000e-06	4.289362e-02	-1.349399e+01
7.840000e-06	1.440412e-02	-1.355035e+01
7.850000e-06	3.205640e-02	-1.368462e+01
7.860000e-06	2.121435e-02	-1.379943e+01
7.870000e-06	3.289134e-02	-1.393772e+01
7.880000e-06	3.415783e-02	-1.395086e+01
7.890000e-06	3.226736e-02	-1.414762e+01
7.900000e-06	3.321092e-02	-1.424033e+01
7.910000e-06	2.893665e-02	-1.431610e+01
7.920000e-06	3.517354e-02	-1.435088e+01
7.930000e-06	3.143245e-02	-1.443403e+01
7.940000e-06	3.585846e-02	-1.447617e+01
7.950000e-06	3.099196e-02	-1.458982e+01
7.960000e-06	4.183678e-02	-1.459053e+01
7.970000e-06	3.825973e-02	-1.469311e+01
7.980000e-06	4.358657e-02	-1.470409e+01
7.990000e-06	3.895741e-02	-1.474775e+01
8.000000e-06	4.076891e-02	-1.475672e+01
8.010000e-06	4.000221e-02	-1.474882e+01
8.020000e-06	4.294070e-02	-1.480140e+01
8.030000e-06	4.300038e-02	-1.481040e+01
8.040000e-06	4.490223e-02	-1.479898e+01
8.050000e-06	4.795585e-02	-1.478193e+01
8.060000e-06	4.985913e-02	-1.479245e+01
8.070000e-06	4.916001e-02	-1.478940e+01
8.080000e-06	4.904174e-02	-1.475938e+01
8.090000e-06	4.778404e-02	-1.475835e+01
8.100000e-06	5.107216e-02	-1.474630e+01
8.110000e-06	5.344217e-02	-1.472514e+01
8.120000e-06	5.437462e-02	-1.467359e+01
8.130000e-06	5.697519e-02	-1.464201e+01
8.140000e-06	5.784510e-02	-1.456040e+01
8.150000e-06	5.933876e-02	-1.455810e+01
8.160000e-06	5.613544e-02	-1.448706e+01
8.170000e-06	5.713908e-02	-1.439125e+01
8.180000e-06	5.814080e-02	-1.434819e+01
8.190000e-06	6.265638e-02	-1.430248e+01
8.200000e-06	6.538686e-02	-1.415830e+01
8.210000e-06	7.201835e-02	-1.402496e+01
8.220000e-06	7.240561e-02	-1.398980e+01
8.230000e-06	7.311815e-02	-1.385396e+01
8.240000e-06	7.209192e-02	-1.375880e+01
8.250000e-06	7.392973e-02	-1.363196e+01
8.260000e-06	7.371493e-02	-1.351809e+01
8.270000e-06	7.356861e-02	-1.343133e+01
8.280000e-06	7.381729e-02	-1.326456e+01
8.290000e-06	7.261331e-02	-1.314917e+01
8.300000e-06	7.144899e-02	-1.304250e+01
8.310000e-06	6.883305e-02	-1.289514e+01
8.320000e-06	6.324205e-02	-1.275017e+01
8.330000e-06	5.921154e-02	-1.259090e+01
8.340000e-06	5.676704e-02	-1.243146e+01
8.350000e-06	5.431020e-02	-1.231556e+01
8.360000e-06	4.938419e-02	-1.214827e+01
8.370000e-06	4.593987e-02	-1.198770e+01
8.380000e-06	4.356040e-02	-1.175078e+01
8.390000e-06	4.161841e-02	-1.154877e+01
8.400000e-06	3.932611e-02	-1.133919e+01
8.410000e-06	3.618487e-02	-1.111920e+01
8.420000e-06	3.466314e-02	-1.090782e+01
8.430000e-06	3.250636e-02	-1.077935e+01
8.440000e-06	2.991242e-02	-1.060138e+01
8.450000e-06	2.815852e-02	-1.041833e+01
8.460000e-06	2.625155e-02	-1.013975e+01
8.470000e-06	2.574479e-02	-9.949771e+00
8.480000e-06	2.324349e-02	-9.719324e+00
8.490000e-06	2.311920e-02	-9.557050e+00
8.500000e-06	2.103739e-02	-9.328667e+00
8.510000e-06	1.981967e-02	-9.096192e+00
8.520000e-06	1.819618e-02	-8.875187e+00
8.530000e-06	1.810527e-02	-8.634507e+00
8.540000e-06	1.734381e-02	-8.422405e+00
8.550000e-06	1.581476e-02	-8.159828e+00
8.560000e-06	1.235619e-02	-7.947774e+00
8.570000e-06	1.192986e-02	-7.684040e+00
8.580000e-06	1.083531e-02	-7.400880e+00
8.590000e-06	1.221142e-02	-7.188347e+00
8.600000e-06	1.149377e-02	-6.875118e+00
8.610000e-06	1.108175e-02	-6.674033e+00
8.620000e-06	7.725874e-03	-6.420430e+00
8.630000e-06	7.831985e-03	-6.108196e+00
8.640000e-06	8.369964e-03	-5.856164e+00
8.650000e-06	5.816501e-03	-5.602481e+00
8.660000e-06	5.199707e-03	-5.307319e+00
8.670000e-06	2.633844e-03	-5.053585e+00
8.680000e-06	4.495163e-03	-4.656089e+00
8.690000e-06	2.251421e-03	-4.463613e+00
8.700000e-06	3.068776e-03	-4.234005e+00
8.710000e-06	2.666422e-03	-3.999445e+00
8.720000e-06	1.695058e-03	-3.663586e+00
8.730000e-06	2.853200e-03	-3.430976e+00
8.740000e-06	2.009833e-03	-3.098320e+00
8.750000e-06	-4.011596e-05	-2.794533e+00
8.760000e-06	-1.682612e-03	-2.578375e+00
8.770000e-06	-1.072636e-03	-2.305766e+00
8.780000e-06	-3.621575e-03	-1.969477e+00
8.790000e-06	-2.262938e-03	-1.716768e+00
8.800000e-06	-3.680535e-03	-1.423535e+00
8.810000e-06	-1.388081e-03	-1.138164e+00
8.820000e-06	-2.326931e-03	-8.140362e-01
8.830000e-06	-1.097631e-03	-5.182717e-01
8.840000e-06	-4.394442e-03	-2.637102e-01
8.850000e-06	-8.815547e-04	-2.247343e-02
8.860000e-06	5.032221e-03	2.943136e-01
8.870000e-06	-4.420216e-03	5.452912e-01
8.880000e-06	3.881968e-04	7.780015e-01
8.890000e-06	-2.703658e-03	1.075834e+00
8.900000e-06	-6.052064e-04	1.387494e+00
8.910000e-06	-2.998955e-03	1.653301e+00
8.920000e-06	6.203984e-03	1.924812e+00
8.930000e-06	2.838944e-02	2.115217e+00
8.940000e-06	7.732391e-02	2.378573e+00
8.950000e-06	-3.277947e-02	2.806001e+00
8.960000e-06	-6.675362e-02	3.073682e+00
8.970000e-06	-2.526780e-02	3.355364e+00
8.980000e-06	-3.507762e-02	3.640556e+00
8.990000e-06	-5.972006e-02	3.801555e+00
9.000000e-06	-5.178350e-02	4.011600e+00
9.010000e-06	1.144627e-01	4.303887e+00
9.020000e-06	-2.330994e-02	4.590422e+00
9.030000e-06	-3.159034e-02	4.820502e+00
9.040000e-06	1.221548e-01	5.147464e+00
9.050000e-06	-1.451628e-01	5.452028e+00
9.060000e-06	5.106897e-02	5.670608e+00
9.070000e-06	-6.505920e-02	5.988477e+00
9.080000e-06	1.890955e-03	6.222003e+00
9.090000e-06	3.016889e-02	6.482636e+00
9.100000e-06	-5.634487e-02	6.767842e+00
9.110000e-06	5.609272e-02	6.988452e+00
9.120000e-06	-7.260124e-02	7.292687e+00
9.130000e-06	2.555484e-02	7.536397e+00
9.140000e-06	-6.262800e-02	7.831478e+00
9.150000e-06	7.359756e-03	8.125686e+00
9.160000e-06	7.393272e-03	8.336820e+00
9.170000e-06	-4.402903e-02	8.577194e+00
9.180000e-06	2.791651e-02	8.758375e+00
9.190000e-06	-5.053081e-02	9.000398e+00
9.200000e-06	-6.335051e-03	9.251029e+00
9.210000e-06	-2.684949e-02	9.452056e+00
9.220000e-06	-5.599306e-03	9.663156e+00
9.230000e-06	-1.662833e-02	9.905191e+00
9.240000e-06	-2.692844e-02	1.011469e+01
9.250000e-06	1.577174e-03	1.028521e+01
9.260000e-06	-3.664726e-02	1.047423e+01
9.270000e-06	-6.025966e-03	1.069469e+01
9.280000e-06	-3.824613e-02	1.090421e+01
9.290000e-06	-1.134024e-02	1.110366e+01
9.300000e-06	-2.440100e-02	1.128306e+01
9.310000e-06	-1.489036e-02	1.150507e+01
9.320000e-06	-2.535947e-02	1.169369e+01
9.330000e-06	-2.745465e-02	1.187159e+01
9.340000e-06	-1.844282e-02	1.202148e+01
9.350000e-06	-2.949413e-02	1.221100e+01
9.360000e-06	-2.211970e-02	1.233772e+01
9.370000e-06	-3.516187e-02	1.248516e+01
9.380000e-06	-2.021711e-02	1.268206e+01
9.390000e-06	-2.878760e-02	1.281800e+01
9.400000e-06	-2.351545e-02	1.292874e+01
9.410000e-06	-3.326637e-02	1.308461e+01
9.420000e-06	-2.817207e-02	1.321085e+01
9.430000e-06	-3.112258e-02	1.332982e+01
9.440000e-06	-2.973993e-02	1.347203e+01
9.450000e-06	-3.509192e-02	1.356992e+01
9.460000e-06	-3.600611e-02	1.369454e+01
9.470000e-06	-3.364202e-02	1.384103e+01
9.480000e-06	-3.263134e-02	1.393669e+01
9.490000e-06	-3.507306e-02	1.402141e+01
9.500000e-06	-4.052842e-02	1.409667e+01
9.510000e-06	-3.673168e-02	1.417245e+01
9.520000e-06	-3.873863e-02	1.434807e+01
9.530000e-06	-3.630598e-02	1.439033e+01
9.540000e-06	-4.078266e-02	1.448198e+01
9.550000e-06	-4.126927e-02	1.451416e+01
9.560000e-06	-4.349001e-02	1.455925e+01
9.570000e-06	-4.361140e-02	1.459038e+01
9.580000e-06	-4.649877e-02	1.467356e+01
9.590000e-06	-4.919340e-02	1.471559e+01
9.600000e-06	-4.712944e-02	1.470669e+01
9.610000e-06	-4.604354e-02	1.473767e+01
9.620000e-06	-4.694068e-02	1.475825e+01
9.630000e-06	-5.199731e-02	1.471979e+01
9.640000e-06	-5.101770e-02	1.476940e+01
9.650000e-06	-5.360497e-02	1.476835e+01
9.660000e-06	-5.250073e-02	1.475933e+01
9.670000e-06	-5.668719e-02	1.474879e+01
9.680000e-06	-5.819297e-02	1.474829e+01
9.690000e-06	-5.808759e-02	1.475622e+01
9.700000e-06	-5.781112e-02	1.472666e+01
9.710000e-06	-5.926925e-02	1.466511e+01
9.720000e-06	-6.200314e-02	1.467344e+01
9.730000e-06	-6.053442e-02	1.458188e+01
9.740000e-06	-6.158016e-02	1.455975e+01
9.750000e-06	-6.162651e-02	1.453466e+01
9.760000e-06	-6.649894e-02	1.441348e+01
9.770000e-06	-6.759876e-02	1.435182e+01
9.780000e-06	-7.007370e-02	1.428766e+01
9.790000e-06	-6.978461e-02	1.422096e+01
9.800000e-06	-7.243453e-02	1.415774e+01
9.810000e-06	-7.519155e-02	1.405398e+01
9.820000e-06	-7.696242e-02	1.391872e+01
9.830000e-06	-7.837711e-02	1.384396e+01
9.840000e-06	-7.891931e-02	1.368812e+01
9.850000e-06	-8.256002e-02	1.361043e+01
9.860000e-06	-8.402301e-02	1.349512e+01
9.870000e-06	-8.404541e-02	1.339790e+01
9.880000e-06	-8.115971e-02	1.325201e+01
9.890000e-06	-8.092618e-02	1.312659e+01
9.900000e-06	-7.758658e-02	1.299030e+01
9.910000e-06	-7.602907e-02	1.284188e+01
9.920000e-06	-7.186157e-02	1.269671e+01
9.930000e-06	-6.875839e-02	1.258783e+01
9.940000e-06	-6.526483e-02	1.246253e+01
9.950000e-06	-6.282365e-02	1.226563e+01
9.960000e-06	-5.863927e-02	1.206459e+01
9.970000e-06	-5.489641e-02	1.194822e+01
9.980000e-06	-5.177093e-02	1.174922e+01
9.990000e-06	-5.106676e-02	1.153925e+01
1.000000e-05	-4.848109e-02	1.138133e+01
1.001000e-05	-4.631688e-02	1.116033e+01
1.002000e-05	-4.064757e-02	1.099095e+01
1.003000e-05	-3.856479e-02	1.083888e+01
1.004000e-05	-3.906963e-02	1.060393e+01
1.005000e-05	-3.833028e-02	1.040991e+01
1.006000e-05	-3.610889e-02	1.017145e+01
1.007000e-05	-3.282430e-02	1.002093e+01
1.008000e-05	-3.410235e-02	9.749825e+00
1.009000e-05	-3.217088e-02	9.517774e+00
1.010000e-05	-3.059433e-02	9.327749e+00
1.011000e-05	-2.769075e-02	9.118216e+00
1.012000e-05	-2.627285e-02	8.896693e+00
1.013000e-05	-2.623609e-02	8.672511e+00
1.014000e-05	-2.523136e-02	8.454556e+00
1.015000e-05	-2.403015e-02	8.282882e+00
1.016000e-05	-2.337918e-02	7.939800e+00
1.017000e-05	-2.334078e-02	7.717166e+00
1.018000e-05	-2.303271e-02	7.413455e+00
1.019000e-05	-2.200669e-02	7.189826e+00
1.020000e-05	-1.872053e-02	6.897744e+00
1.021000e-05	-1.837414e-02	6.697108e+00
1.022000e-05	-1.767424e-02	6.420478e+00
1.023000e-05	-1.837401e-02	6.168799e+00
1.024000e-05	-1.527064e-02	5.958241e+00
1.025000e-05	-1.567303e-02	5.645083e+00
1.026000e-05	-1.634813e-02	5.401052e+00
1.027000e-05	-1.559378e-02	5.065563e+00
1.028000e-05	-1.401717e-02	4.749949e+00
1.029000e-05	-1.275650e-02	4.514717e+00
1.030000e-05	-1.304909e-02	4.263633e+00
1.031000e-05	-1.213027e-02	3.938467e+00
1.032000e-05	-1.086990e-02	3.696088e+00
1.033000e-05	-1.034481e-02	3.422435e+00
1.034000e-05	-9.488201e-03	3.127242e+00
1.035000e-05	-1.138846e-02	2.856159e+00
1.036000e-05	-1.059216e-02	2.620460e+00
1.037000e-05	-8.312529e-03	2.307211e+00
1.038000e-05	-9.034805e-03	2.033109e+00
1.039000e-05	-8.221102e-03	1.771423e+00
1.040000e-05	-6.932184e-03	1.435659e+00
1.041000e-05	-7.795935e-03	1.168398e+00
1.042000e-05	-6.802840e-03	8.126289e-01
1.043000e-05	-6.696986e-03	5.783956e-01
1.044000e-05	-1.995253e-03	2.947389e-01
1.045000e-05	-3.000262e-03	-3.002508e-02
1.046000e-05	4.675512e-03	-2.621595e-01
1.047000e-05	3.615182e-03	-5.138583e-01
1.048000e-05	-2.581032e-03	-8.299990e-01
1.049000e-05	1.206162e-03	-1.052687e+00
1.050000e-05	-2.454944e-03	-1.347341e+00
1.051000e-05	-1.428158e-03	-1.650629e+00
1.052000e-05	5.274639e-03	-1.882106e+00
1.053000e-05	5.364692e-02	-2.032683e+00
1.054000e-05	8.834629e-02	-2.369553e+00
1.055000e-05	-7.372474e-02	-2.768020e+00
1.056000e-05	-1.152457e-02	-3.178520e+00
1.057000e-05	-2.367946e-02	-3.420504e+00
1.058000e-05	-4.166865e-02	-3.611055e+00
1.059000e-05	-8.036597e-02	-3.851086e+00
1.060000e-05	1.403737e-01	-4.042579e+00
1.061000e-05	-2.042279e-03	-4.263055e+00
1.062000e-05	-6.117765e-02	-4.579870e+00
1.063000e-05	1.567035e-01	-4.809575e+00
1.064000e-05	-1.812893e-01	-5.124787e+00
1.065000e-05	1.388552e-01	-5.422956e+00
1.066000e-05	-9.132783e-02	-5.723636e+00
1.067000e-05	-6.474222e-03	-5.958420e+00
1.068000e-05	1.045161e-01	-6.189422e+00
1.069000e-05	-1.129505e-01	-6.515189e+00
1.070000e-05	1.619391e-01	-6.737825e+00
1.071000e-05	-1.027090e-01	-7.010449e+00
1.072000e-05	5.319560e-02	-7.314292e+00
1.073000e-05	-6.083650e-03	-7.597793e+00
1.074000e-05	-4.654927e-02	-7.873559e+00
1.075000e-05	1.216066e-01	-8.074113e+00
1.076000e-05	-1.036440e-01	-8.304314e+00
1.077000e-05	1.317158e-01	-8.566798e+00
1.078000e-05	-5.587746e-02	-8.799554e+00
1.079000e-05	2.349449e-02	-9.042633e+00
1.080000e-05	1.717313e-02	-9.262130e+00
1.081000e-05	-2.765711e-02	-9.524614e+00
1.082000e-05	8.512146e-02	-9.686586e+00
1.083000e-05	-5.933539e-02	-9.915766e+00
1.084000e-05	9.486368e-02	-1.016764e+01
1.085000e-05	-5.834469e-02	-1.035619e+01
1.086000e-05	7.381380e-02	-1.054832e+01
1.087000e-05	-2.485825e-02	-1.073574e+01
1.088000e-05	3.412691e-02	-1.094724e+01
1.089000e-05	1.432162e-02	-1.111611e+01
1.090000e-05	1.192882e-02	-1.133629e+01
1.091000e-05	3.809299e-02	-1.146424e+01
1.092000e-05	-1.026727e-02	-1.171564e+01
1.093000e-05	4.922377e-02	-1.191617e+01
1.094000e-05	-1.356265e-02	-1.205314e+01
1.095000e-05	5.572198e-02	-1.228251e+01
1.096000e-05	-1.154089e-02	-1.234003e+01
1.097000e-05	4.610452e-02	-1.256870e+01
1.098000e-05	2.768846e-03	-1.270616e+01
1.099000e-05	3.972048e-02	-1.286201e+01
1.100000e-05	1.571125e-02	-1.300145e+01
1.101000e-05	2.585023e-02	-1.312619e+01
1.102000e-05	2.411581e-02	-1.323153e+01
1.103000e-05	2.084441e-02	-1.341933e+01
1.104000e-05	3.442150e-02	-1.352512e+01
1.105000e-05	1.550050e-02	-1.363093e+01
1.106000e-05	3.813035e-02	-1.375782e+01
1.107000e-05	2.141056e-02	-1.388358e+01
1.108000e-05	4.272373e-02	-1.393783e+01
1.109000e-05	2.148240e-02	-1.407251e+01
1.110000e-05	3.411719e-02	-1.415970e+01
1.111000e-05	2.455864e-02	-1.426299e+01
1.112000e-05	3.638513e-02	-1.434819e+01
1.113000e-05	3.228638e-02	-1.442038e+01
1.114000e-05	3.760730e-02	-1.442399e+01
1.115000e-05	3.512708e-02	-1.451675e+01
1.116000e-05	3.607227e-02	-1.458090e+01
1.117000e-05	3.763702e-02	-1.466301e+01
1.118000e-05	3.640360e-02	-1.470309e+01
1.119000e-05	3.867076e-02	-1.469572e+01
1.120000e-05	3.985886e-02	-1.472575e+01
1.121000e-05	4.466754e-02	-1.473730e+01
1.122000e-05	4.217605e-02	-1.475932e+01
1.123000e-05	4.469116e-02	-1.481078e+01
1.124000e-05	4.166619e-02	-1.478046e+01
1.125000e-05	4.652084e-02	-1.480095e+01
1.126000e-05	4.687082e-02	-1.479193e+01
1.127000e-05	4.894986e-02	-1.480183e+01
1.128000e-05	4.855709e-02	-1.478886e+01
1.129000e-05	5.145260e-02	-1.474130e+01
1.130000e-05	5.200168e-02	-1.472725e+01
1.131000e-05	5.128437e-02	-1.476627e+01
1.132000e-05	5.220450e-02	-1.470517e+01
1.133000e-05	5.291194e-02	-1.466446e+01
1.134000e-05	5.638730e-02	-1.461250e+01
1.135000e-05	5.825092e-02	-1.458083e+01
1.136000e-05	5.819454e-02	-1.452504e+01
1.137000e-05	5.775657e-02	-1.444394e+01
1.138000e-05	5.986307e-02	-1.436930e+01
1.139000e-05	6.146254e-02	-1.430817e+01
1.140000e-05	6.465857e-02	-1.423098e+01
1.141000e-05	6.434572e-02	-1.414064e+01
1.142000e-05	6.894976e-02	-1.400148e+01
1.143000e-05	7.024303e-02	-1.392615e+01
1.144000e-05	7.364009e-02	-1.384101e+01
1.145000e-05	7.426068e-02	-1.372612e+01
1.146000e-05	7.544724e-02	-1.357828e+01
1.147000e-05	7.562507e-02	-1.348496e+01
1.148000e-05	7.401532e-02	-1.334920e+01
1.149000e-05	7.407123e-02	-1.321146e+01
1.150000e-05	7.051372e-02	-1.308507e+01
1.151000e-05	6.912385e-02	-1.297980e+01
1.152000e-05	6.464259e-02	-1.282094e+01
1.153000e-05	6.308999e-02	-1.271554e+01
1.154000e-05	5.930228e-02	-1.254870e+01
1.155000e-05	5.729988e-02	-1.236785e+01
1.156000e-05	5.326683e-02	-1.222240e+01
1.157000e-05	4.958365e-02	-1.202303e+01
1.158000e-05	4.559503e-02	-1.188563e+01
1.159000e-05	4.126058e-02	-1.168262e+01
1.160000e-05	3.839593e-02	-1.148351e+01
1.161000e-05	3.765718e-02	-1.124546e+01
1.162000e-05	3.632043e-02	-1.106444e+01
1.163000e-05	3.351461e-02	-1.087456e+01
1.164000e-05	3.046513e-02	-1.069619e+01
1.165000e-05	2.848916e-02	-1.054724e+01
1.166000e-05	2.877987e-02	-1.028809e+01
1.167000e-05	2.571438e-02	-1.009604e+01
1.168000e-05	2.429077e-02	-9.824614e+00
1.169000e-05	2.207197e-02	-9.675638e+00
1.170000e-05	2.237194e-02	-9.443437e+00
1.171000e-05	2.022422e-02	-9.242455e+00
1.172000e-05	1.868955e-02	-8.981905e+00
1.173000e-05	1.649299e-02	-8.830377e+00
1.174000e-05	1.686440e-02	-8.528241e+00
1.175000e-05	1.620024e-02	-8.336211e+00
1.176000e-05	1.593971e-02	-8.075139e+00
1.177000e-05	1.275559e-02	-7.842959e+00
1.178000e-05	1.214567e-02	-7.498797e+00
1.179000e-05	1.069120e-02	-7.305217e+00
1.180000e-05	1.060192e-02	-7.105008e+00
1.181000e-05	9.015960e-03	-6.788905e+00
1.182000e-05	7.993598e-03	-6.537748e+00
1.183000e-05	8.535370e-03	-6.276717e+00
1.184000e-05	8.370920e-03	-6.062534e+00
1.185000e-05	7.229424e-03	-5.769319e+00
1.186000e-05	6.036623e-03	-5.485719e+00
1.187000e-05	4.057319e-03	-5.221899e+00
1.188000e-05	5.136318e-03	-4.856558e+00
1.189000e-05	3.777904e-03	-4.611506e+00
1.190000e-05	2.858958e-03	-4.389947e+00
1.191000e-05	2.506961e-03	-4.098247e+00
1.192000e-05	2.115590e-03	-3.852059e+00
1.193000e-05	1.919806e-03	-3.558925e+00
1.194000e-05	7.098746e-04	-3.315166e+00
1.195000e-05	1.553672e-03	-3.000879e+00
1.196000e-05	-4.629417e-04	-2.726221e+00
1.197000e-05	5.665612e-04	-2.454587e+00
1.198000e-05	-3.107612e-03	-2.140400e+00
1.199000e-05	-9.807046e-04	-1.886713e+00
1.200000e-05	-4.016921e-03	-1.612529e+00
1.201000e-05	-2.770914e-03	-1.265709e+00
1.202000e-05	-4.573440e-03	-9.599260e-01
1.203000e-05	-2.279597e-04	-7.172943e-01
1.204000e-05	-2.492036e-03	-4.209272e-01
1.205000e-05	-3.744579e-03	-1.678718e-01
1.206000e-05	1.129816e-03	1.243598e-01
1.207000e-05	5.261720e-03	4.095477e-01
1.208000e-05	-4.946470e-03	6.621067e-01
1.209000e-05	1.515875e-03	9.063363e-01
1.210000e-05	-5.117864e-03	1.208970e+00
1.211000e-05	-3.255778e-04	1.533707e+00
1.212000e-05	-2.779951e-03	1.779021e+00
1.213000e-05	1.496313e-02	1.979020e+00
1.214000e-05	4.773913e-02	2.200677e+00
1.215000e-05	5.677631e-02	2.545364e+00
1.216000e-05	-8.107646e-02	2.905732e+00
1.217000e-05	-3.076313e-02	3.179951e+00
1.218000e-05	-3.428700e-02	3.423104e+00
1.219000e-05	-3.601845e-02	3.704686e+00
1.220000e-05	-8.142614e-02	3.944266e+00
1.221000e-05	1.792599e-02	4.085786e+00
1.222000e-05	1.154102e-01	4.401502e+00
1.223000e-05	-1.175203e-01	4.664337e+00
1.224000e-05	1.086650e-01	4.925261e+00
1.225000e-05	-1.651123e-02	5.283835e+00
1.226000e-05	-8.031433e-02	5.516841e+00
1.227000e-05	4.363450e-02	5.767951e+00
1.228000e-05	-9.101724e-02	6.104206e+00
1.229000e-05	7.228937e-02	6.335816e+00
1.230000e-05	-4.662069e-02	6.659572e+00
1.231000e-05	8.661306e-03	6.841709e+00
1.232000e-05	1.916683e-03	7.096267e+00
1.233000e-05	-4.569730e-02	7.399348e+00
1.234000e-05	1.476628e-02	7.632133e+00
1.235000e-05	-6.957763e-02	7.976364e+00
1.236000e-05	4.185567e-02	8.200527e+00
1.237000e-05	-3.574203e-02	8.401005e+00
1.238000e-05	-7.726855e-03	8.611003e+00
1.239000e-05	6.011963e-03	8.851660e+00
1.240000e-05	-5.536997e-02	9.095715e+00
1.241000e-05	7.506522e-03	9.355315e+00
1.242000e-05	-4.047108e-02	9.546320e+00
1.243000e-05	1.275867e-02	9.757769e+00
1.244000e-05	-4.216661e-02	1.000990e+01
1.245000e-05	-3.744003e-03	1.018750e+01
1.246000e-05	-1.811649e-02	1.038600e+01
1.247000e-05	-2.458729e-02	1.058942e+01
1.248000e-05	-1.017909e-02	1.079155e+01
1.249000e-05	-4.031184e-02	1.102035e+01
1.250000e-05	-1.794361e-03	1.113733e+01
1.251000e-05	-3.270572e-02	1.135677e+01
1.252000e-05	-6.727164e-03	1.155887e+01
1.253000e-05	-3.901861e-02	1.177843e+01
1.254000e-05	-1.684738e-02	1.191719e+01
1.255000e-05	-2.770742e-02	1.213316e+01
1.256000e-05	-2.213669e-02	1.226403e+01
1.257000e-05	-2.734914e-02	1.241038e+01
1.258000e-05	-3.221834e-02	1.259743e+01
1.259000e-05	-1.948053e-02	1.269511e+01
1.260000e-05	-3.008449e-02	1.283308e+01
1.261000e-05	-2.151379e-02	1.304195e+01
1.262000e-05	-3.814640e-02	1.314789e+01
1.263000e-05	-2.621280e-02	1.327401e+01
1.264000e-05	-3.324825e-02	1.340996e+01
1.265000e-05	-2.857139e-02	1.352619e+01
1.266000e-05	-3.756802e-02	1.359898e+01
1.267000e-05	-3.494331e-02	1.376630e+01
1.268000e-05	-3.078788e-02	1.384354e+01
1.269000e-05	-3.354690e-02	1.396785e+01
1.270000e-05	-3.608905e-02	1.404301e+01
1.271000e-05	-4.319379e-02	1.412678e+01
1.272000e-05	-3.660340e-02	1.424611e+01
1.273000e-05	-3.842989e-02	1.431817e+01
1.274000e-05	-3.786884e-02	1.443030e+01
1.275000e-05	-4.328090e-02	1.446614e+01
1.276000e-05	-4.165119e-02	1.450674e+01
1.277000e-05	-4.249508e-02	1.459085e+01
1.278000e-05	-4.374550e-02	1.462048e+01
1.279000e-05	-4.714850e-02	1.465399e+01
1.280000e-05	-5.011551e-02	1.469556e+01
1.281000e-05	-4.592577e-02	1.469772e+01
1.282000e-05	-4.610717e-02	1.474722e+01
1.283000e-05	-4.780930e-02	1.475032e+01
1.284000e-05	-5.302237e-02	1.478735e+01
1.285000e-05	-5.242520e-02	1.476937e+01
1.286000e-05	-5.345279e-02	1.475735e+01
1.287000e-05	-5.436716e-02	1.476827e+01
1.288000e-05	-5.631124e-02	1.475635e+01
1.289000e-05	-5.857651e-02	1.474830e+01
1.290000e-05	-5.647747e-02	1.474627e+01
1.291000e-05	-5.859779e-02	1.470369e+01
1.292000e-05	-6.025004e-02	1.470604e+01
1.293000e-05	-6.304403e-02	1.466198e+01
1.294000e-05	-6.262887e-02	1.454035e+01
1.295000e-05	-6.156228e-02	1.452717e+01
1.296000e-05	-6.375729e-02	1.448311e+01
1.297000e-05	-6.515669e-02	1.441135e+01
1.298000e-05	-6.800189e-02	1.435777e+01
1.299000e-05	-6.920664e-02	1.425656e+01
1.300000e-05	-7.121567e-02	1.420087e+01
1.301000e-05	-7.296461e-02	1.410611e+01
1.302000e-05	-7.622730e-02	1.400040e+01
1.303000e-05	-7.772598e-02	1.391612e+01
1.304000e-05	-7.937925e-02	1.376081e+01
1.305000e-05	-8.177756e-02	1.367458e+01
1.306000e-05	-8.286118e-02	1.357780e+01
1.307000e-05	-8.338015e-02	1.343308e+01
1.308000e-05	-8.206186e-02	1.327717e+01
1.309000e-05	-8.083975e-02	1.320090e+01
1.310000e-05	-7.898756e-02	1.307464e+01
1.311000e-05	-7.631654e-02	1.290572e+01
1.312000e-05	-7.589231e-02	1.277887e+01
1.313000e-05	-7.014788e-02	1.265261e+01
1.314000e-05	-6.907746e-02	1.251772e+01
1.315000e-05	-6.375933e-02	1.234975e+01
1.316000e-05	-6.225318e-02	1.220033e+01
1.317000e-05	-5.665957e-02	1.203043e+01
1.318000e-05	-5.496546e-02	1.186359e+01
1.319000e-05	-5.070604e-02	1.168714e+01
1.320000e-05	-4.951614e-02	1.153606e+01
1.321000e-05	-4.714047e-02	1.131360e+01
1.322000e-05	-4.403298e-02	1.108466e+01
1.323000e-05	-4.164429e-02	1.090779e+01
1.324000e-05	-3.892876e-02	1.072867e+01
1.325000e-05	-3.889017e-02	1.053922e+01
1.326000e-05	-3.675529e-02	1.029759e+01
1.327000e-05	-3.606378e-02	1.013777e+01
1.328000e-05	-3.267067e-02	9.847566e+00
1.329000e-05	-3.314189e-02	9.655062e+00
1.330000e-05	-2.963488e-02	9.433583e+00
1.331000e-05	-2.940372e-02	9.261587e+00
1.332000e-05	-2.728453e-02	8.983006e+00
1.333000e-05	-2.769107e-02	8.849928e+00
1.334000e-05	-2.629694e-02	8.559349e+00
1.335000e-05	-2.498682e-02	8.359243e+00
1.336000e-05	-2.351836e-02	8.116189e+00
1.337000e-05	-2.302433e-02	7.865059e+00
1.338000e-05	-2.161639e-02	7.610880e+00
1.339000e-05	-2.059611e-02	7.316246e+00
1.340000e-05	-2.028151e-02	7.074189e+00
1.341000e-05	-1.967355e-02	6.863535e+00
1.342000e-05	-1.908367e-02	6.549797e+00
1.343000e-05	-1.830288e-02	6.296167e+00
1.344000e-05	-1.729881e-02	6.053635e+00
1.345000e-05	-1.612235e-02	5.832026e+00
1.346000e-05	-1.618871e-02	5.538818e+00
1.347000e-05	-1.458584e-02	5.275162e+00
1.348000e-05	-1.452514e-02	4.939321e+00
1.349000e-05	-1.371586e-02	4.643056e+00
1.350000e-05	-1.304070e-02	4.411053e+00
1.351000e-05	-1.230549e-02	4.146167e+00
1.352000e-05	-1.197269e-02	3.834084e+00
1.353000e-05	-1.096256e-02	3.601051e+00
1.354000e-05	-1.072832e-02	3.296143e+00
1.355000e-05	-9.839612e-03	3.013481e+00
1.356000e-05	-1.082310e-02	2.758972e+00
1.357000e-05	-9.114465e-03	2.475607e+00
1.358000e-05	-9.495268e-03	2.180899e+00
1.359000e-05	-7.418615e-03	1.958416e+00
1.360000e-05	-7.537151e-03	1.632080e+00
1.361000e-05	-7.596194e-03	1.337794e+00
1.362000e-05	-6.922991e-03	1.023104e+00
1.363000e-05	-5.387335e-03	7.362432e-01
1.364000e-05	-4.981648e-03	4.636564e-01
1.365000e-05	-3.740131e-03	1.778958e-01
1.366000e-05	-1.029596e-03	-9.481106e-02
1.367000e-05	8.897761e-03	-3.569224e-01
1.368000e-05	-2.559658e-03	-6.716769e-01
1.369000e-05	2.235820e-03	-9.142634e-01
1.370000e-05	-2.197317e-03	-1.156470e+00
1.371000e-05	7.259915e-04	-1.492683e+00
1.372000e-05	-5.873297e-04	-1.724261e+00
1.373000e-05	1.947536e-02	-1.958340e+00
1.374000e-05	8.132344e-02	-2.186890e+00
1.375000e-05	2.914567e-02	-2.546844e+00
1.376000e-05	-7.747925e-02	-2.946391e+00
1.377000e-05	6.727104e-03	-3.303712e+00
1.378000e-05	-4.242576e-02	-3.504190e+00
1.379000e-05	-5.711624e-02	-3.713761e+00
1.380000e-05	-2.700499e-02	-3.925716e+00
1.381000e-05	1.781338e-01	-4.163186e+00
1.382000e-05	-1.453941e-01	-4.379077e+00
1.383000e-05	1.234063e-01	-4.672187e+00
1.384000e-05	2.194393e-02	-4.915740e+00
1.385000e-05	-9.039434e-02	-5.274632e+00
1.386000e-05	1.276901e-01	-5.545717e+00
1.387000e-05	-1.724765e-01	-5.809031e+00
1.388000e-05	1.580976e-01	-6.033061e+00
1.389000e-05	-4.353073e-02	-6.325815e+00
1.390000e-05	1.992405e-02	-6.621503e+00
1.391000e-05	8.971614e-02	-6.819553e+00
1.392000e-05	-1.150079e-01	-7.148315e+00
1.393000e-05	1.128214e-01	-7.400952e+00
1.394000e-05	-1.113293e-01	-7.673058e+00
1.395000e-05	8.791130e-02	-7.967922e+00
1.396000e-05	4.620665e-03	-8.179323e+00
1.397000e-05	-2.466086e-02	-8.400578e+00
1.398000e-05	1.125011e-01	-8.603957e+00
1.399000e-05	-9.702119e-02	-8.896763e+00
1.400000e-05	9.898505e-02	-9.076820e+00
1.401000e-05	-7.249727e-02	-9.345269e+00
1.402000e-05	7.398942e-02	-9.558799e+00
1.403000e-05	-7.664253e-03	-9.819374e+00
1.404000e-05	1.702169e-02	-1.001945e+01
1.405000e-05	3.994991e-02	-1.017928e+01
1.406000e-05	-3.231979e-02	-1.044250e+01
1.407000e-05	7.148339e-02	-1.060043e+01
1.408000e-05	-4.395527e-02	-1.079047e+01
1.409000e-05	7.151330e-02	-1.097943e+01
1.410000e-05	-3.255080e-02	-1.118040e+01
1.411000e-05	5.962378e-02	-1.143141e+01
1.412000e-05	-8.541029e-03	-1.159830e+01
1.413000e-05	3.770299e-02	-1.180938e+01
1.414000e-05	7.335188e-03	-1.195780e+01
1.415000e-05	1.988978e-02	-1.215632e+01
1.416000e-05	3.076007e-02	-1.230566e+01
1.417000e-05	6.882439e-03	-1.243356e+01
1.418000e-05	3.980671e-02	-1.265141e+01
1.419000e-05	7.571180e-04	-1.275930e+01
1.420000e-05	4.802175e-02	-1.290619e+01
1.421000e-05	4.707505e-03	-1.305308e+01
1.422000e-05	4.321537e-02	-1.319885e+01
1.423000e-05	6.072456e-03	-1.334562e+01
1.424000e-05	3.820827e-02	-1.344301e+01
1.425000e-05	1.635015e-02	-1.354820e+01
1.426000e-05	3.182646e-02	-1.365306e+01
1.427000e-05	2.532533e-02	-1.379043e+01
1.428000e-05	3.137335e-02	-1.390519e+01
1.429000e-05	3.470808e-02	-1.400935e+01
1.430000e-05	2.671932e-02	-1.413617e+01
1.431000e-05	3.371067e-02	-1.421138e+01
1.432000e-05	2.569665e-02	-1.430459e+01
1.433000e-05	3.996631e-02	-1.436030e+01
1.434000e-05	3.061929e-02	-1.440141e+01
1.435000e-05	4.045197e-02	-1.446671e+01
1.436000e-05	3.190032e-02	-1.452885e+01
1.437000e-05	3.810989e-02	-1.460093e+01
1.438000e-05	3.541187e-02	-1.466311e+01
1.439000e-05	3.939395e-02	-1.468561e+01
1.440000e-05	3.755850e-02	-1.473717e+01
1.441000e-05	4.268010e-02	-1.473680e+01
1.442000e-05	4.292897e-02	-1.475977e+01
1.443000e-05	4.505913e-02	-1.480143e+01
1.444000e-05	4.335513e-02	-1.479093e+01
1.445000e-05	4.189389e-02	-1.481191e+01
1.446000e-05	4.571059e-02	-1.478191e+01
1.447000e-05	4.867631e-02	-1.482100e+01
1.448000e-05	5.031801e-02	-1.478085e+01
1.449000e-05	4.912490e-02	-1.481133e+01
1.450000e-05	5.067405e-02	-1.477025e+01
1.451000e-05	5.167875e-02	-1.471724e+01
1.452000e-05	5.415471e-02	-1.470580e+01
1.453000e-05	5.147430e-02	-1.468414e+01
1.454000e-05	5.461114e-02	-1.464099e+01
1.455000e-05	5.479061e-02	-1.462196e+01
1.456000e-05	5.895193e-02	-1.455785e+01
1.457000e-05	5.778859e-02	-1.450551e+01
1.458000e-05	5.856288e-02	-1.439390e+01
1.459000e-05	5.857770e-02	-1.431720e+01
1.460000e-05	6.293415e-02	-1.430494e+01
1.461000e-05	6.674341e-02	-1.418125e+01
1.462000e-05	6.783192e-02	-1.406602e+01
1.463000e-05	6.999444e-02	-1.398835e+01
1.464000e-05	7.130837e-02	-1.385554e+01
1.465000e-05	7.487201e-02	-1.377938e+01
1.466000e-05	7.427188e-02	-1.369353e+01
1.467000e-05	7.466841e-02	-1.350922e+01
1.468000e-05	7.332050e-02	-1.345193e+01
1.469000e-05	7.533457e-02	-1.332617e+01
1.470000e-05	7.175575e-02	-1.319830e+01
1.471000e-05	7.085899e-02	-1.302198e+01
1.472000e-05	6.585572e-02	-1.290662e+01
1.473000e-05	6.449466e-02	-1.276025e+01
1.474000e-05	6.240004e-02	-1.262298e+01
1.475000e-05	5.889747e-02	-1.246259e+01
1.476000e-05	5.420256e-02	-1.230664e+01
1.477000e-05	5.085746e-02	-1.214885e+01
1.478000e-05	4.771165e-02	-1.197936e+01
1.479000e-05	4.414662e-02	-1.171988e+01
1.480000e-05	4.121789e-02	-1.155185e+01
1.481000e-05	3.835128e-02	-1.138023e+01
1.482000e-05	3.718179e-02	-1.116033e+01
1.483000e-05	3.619866e-02	-1.096983e+01
1.484000e-05	3.244150e-02	-1.081038e+01
1.485000e-05	2.947560e-02	-1.062293e+01
1.486000e-05	2.751459e-02	-1.040943e+01
1.487000e-05	2.601107e-02	-1.023196e+01
1.488000e-05	2.554971e-02	-9.998881e+00
1.489000e-05	2.309046e-02	-9.801453e+00
1.490000e-05	2.275693e-02	-9.619354e+00
1.491000e-05	2.137231e-02	-9.349320e+00
1.492000e-05	1.993992e-02	-9.097746e+00
1.493000e-05	1.917147e-02	-8.917771e+00
1.494000e-05	1.732851e-02	-8.717118e+00
1.495000e-05	1.591394e-02	-8.452985e+00
1.496000e-05	1.485979e-02	-8.211455e+00
1.497000e-05	1.392116e-02	-8.020876e+00
1.498000e-05	1.326718e-02	-7.717743e+00
1.499000e-05	1.119547e-02	-7.442383e+00
1.500000e-05	1.082912e-02	-7.209031e+00
1.501000e-05	1.014447e-02	-6.939244e+00
1.502000e-05	9.075958e-03	-6.696139e+00
1.503000e-05	9.551176e-03	-6.475612e+00
1.504000e-05	7.670856e-03	-6.160325e+00
1.505000e-05	7.839101e-03	-5.898818e+00
1.506000e-05	6.101329e-03	-5.684528e+00
1.507000e-05	6.372540e-03	-5.369202e+00
1.508000e-05	3.623790e-03	-5.107190e+00
1.509000e-05	3.903333e-03	-4.750222e+00
1.510000e-05	3.458553e-03	-4.494138e+00
1.511000e-05	3.576067e-03	-4.284111e+00
1.512000e-05	3.344419e-03	-4.052933e+00
1.513000e-05	1.788832e-03	-3.718224e+00
1.514000e-05	2.064266e-03	-3.474109e+00
1.515000e-05	6.308095e-04	-3.189977e+00
1.516000e-05	8.148726e-04	-2.864636e+00
1.517000e-05	-2.201892e-03	-2.632005e+00
1.518000e-05	-8.930210e-04	-2.400899e+00
1.519000e-05	-3.882965e-03	-2.032106e+00
1.520000e-05	-1.089814e-03	-1.820500e+00
1.521000e-05	-3.876410e-03	-1.497238e+00
1.522000e-05	-9.757303e-04	-1.148820e+00
1.523000e-05	-2.908285e-03	-8.456117e-01
1.524000e-05	-9.524141e-04	-6.118997e-01
1.525000e-05	-3.011006e-03	-3.157381e-01
1.526000e-05	-1.258907e-03	-3.155506e-02
1.527000e-05	3.953051e-03	2.411817e-01
1.528000e-05	-2.063408e-03	5.247607e-01
1.529000e-05	-1.844209e-03	7.674662e-01
1.530000e-05	-4.039426e-04	1.041231e+00
1.531000e-05	-2.533667e-03	1.314236e+00
1.532000e-05	-2.820667e-03	1.641726e+00
1.533000e-05	1.829031e-03	1.853107e+00
1.534000e-05	2.192615e-02	2.075211e+00
1.535000e-05	7.176601e-02	2.347947e+00
1.536000e-05	-2.642713e-03	2.737311e+00
1.537000e-05	-8.007110e-02	3.020523e+00
1.538000e-05	-2.229411e-02	3.282231e+00
1.539000e-05	-3.573239e-02	3.547924e+00
1.540000e-05	-4.860328e-02	3.829973e+00
1.541000e-05	-6.951176e-02	4.020120e+00
1.542000e-05	9.131779e-02	4.240580e+00
1.543000e-05	2.904450e-02	4.577345e+00
1.544000e-05	-8.304760e-02	4.787495e+00
1.545000e-05	1.510406e-01	5.042778e+00
1.546000e-05	-1.318792e-01	5.408948e+00
1.547000e-05	2.087885e-02	5.640553e+00
1.548000e-05	-3.080032e-02	5.936318e+00
1.549000e-05	-3.379101e-02	6.198420e+00
1.550000e-05	5.781017e-02	6.432078e+00
1.551000e-05	-7.316739e-02	6.725791e+00
1.552000e-05	5.536202e-02	6.975970e+00
1.553000e-05	-5.902294e-02	7.252053e+00
1.554000e-05	1.200752e-02	7.483686e+00
1.555000e-05	-4.334305e-02	7.808372e+00
1.556000e-05	-1.948309e-02	8.033636e+00
1.557000e-05	2.570693e-02	8.265739e+00
1.558000e-05	-4.943840e-02	8.506291e+00
1.559000e-05	2.494390e-02	8.684214e+00
1.560000e-05	-3.944883e-02	8.946897e+00
1.561000e-05	-2.141437e-02	9.170949e+00
1.562000e-05	-1.383034e-02	9.408999e+00
1.563000e-05	-1.659339e-02	9.640505e+00
1.564000e-05	-4.943757e-03	9.863082e+00
1.565000e-05	-3.703565e-02	1.008361e+01
1.566000e-05	5.813670e-03	1.029456e+01
1.567000e-05	-3.503277e-02	1.046221e+01
1.568000e-05	-8.985297e-03	1.069414e+01
1.569000e-05	-3.532158e-02	1.083406e+01
1.570000e-05	-2.054730e-02	1.108413e+01
1.571000e-05	-1.363229e-02	1.127256e+01
1.572000e-05	-2.098037e-02	1.143346e+01
1.573000e-05	-1.727674e-02	1.162398e+01
1.574000e-05	-3.570914e-02	1.181993e+01
1.575000e-05	-1.560495e-02	1.199900e+01
1.576000e-05	-2.961779e-02	1.218025e+01
1.577000e-05	-2.255189e-02	1.235672e+01
1.578000e-05	-3.626808e-02	1.247513e+01
1.579000e-05	-2.342886e-02	1.266153e+01
1.580000e-05	-2.317835e-02	1.275829e+01
1.581000e-05	-2.377612e-02	1.291519e+01
1.582000e-05	-3.164076e-02	1.305259e+01
1.583000e-05	-3.312545e-02	1.318940e+01
1.584000e-05	-3.016789e-02	1.333672e+01
1.585000e-05	-2.853954e-02	1.348298e+01
1.586000e-05	-3.451797e-02	1.354785e+01
1.587000e-05	-3.721696e-02	1.366504e+01
1.588000e-05	-3.389010e-02	1.382088e+01
1.589000e-05	-3.011769e-02	1.393456e+01
1.590000e-05	-3.425864e-02	1.397990e+01
1.591000e-05	-4.122810e-02	1.406516e+01
1.592000e-05	-3.948209e-02	1.419090e+01
1.593000e-05	-3.665639e-02	1.427767e+01
1.594000e-05	-3.513711e-02	1.438769e+01
1.595000e-05	-4.322755e-02	1.446398e+01
1.596000e-05	-4.202664e-02	1.445509e+01
1.597000e-05	-4.294355e-02	1.452880e+01
1.598000e-05	-4.094478e-02	1.458943e+01
1.599000e-05	-4.738222e-02	1.463096e+01
1.600000e-05	-4.950146e-02	1.473468e+01
1.601000e-05	-4.748104e-02	1.468664e+01
1.602000e-05	-4.416000e-02	1.475729e+01
1.603000e-05	-4.463679e-02	1.474677e+01
1.604000e-05	-5.242575e-02	1.476030e+01
1.605000e-05	-5.212463e-02	1.474887e+01
1.606000e-05	-5.278079e-02	1.476935e+01
1.607000e-05	-5.120380e-02	1.479037e+01
1.608000e-05	-5.725137e-02	1.474930e+01
1.609000e-05	-5.809240e-02	1.479030e+01
1.610000e-05	-5.764683e-02	1.472774e+01
1.611000e-05	-5.612357e-02	1.473724e+01
1.612000e-05	-5.889650e-02	1.470706e+01
1.613000e-05	-6.385672e-02	1.467491e+01
1.614000e-05	-6.157923e-02	1.461053e+01
1.615000e-05	-6.110525e-02	1.454930e+01
1.616000e-05	-6.032496e-02	1.448609e+01
1.617000e-05	-6.555728e-02	1.446506e+01
1.618000e-05	-6.865026e-02	1.437180e+01
1.619000e-05	-6.949819e-02	1.431706e+01
1.620000e-05	-6.779066e-02	1.421346e+01
1.621000e-05	-7.295299e-02	1.415877e+01
1.622000e-05	-7.626105e-02	1.403343e+01
1.623000e-05	-7.754098e-02	1.394972e+01
1.624000e-05	-7.776689e-02	1.388555e+01
1.625000e-05	-7.830034e-02	1.374025e+01
1.626000e-05	-8.445854e-02	1.364291e+01
1.627000e-05	-8.426982e-02	1.352464e+01
1.628000e-05	-8.321490e-02	1.340051e+01
1.629000e-05	-8.054006e-02	1.322454e+01
1.630000e-05	-8.009143e-02	1.314827e+01
1.631000e-05	-7.907884e-02	1.298195e+01
1.632000e-05	-7.651453e-02	1.287604e+01
1.633000e-05	-7.146260e-02	1.273817e+01
1.634000e-05	-7.028960e-02	1.262138e+01
1.635000e-05	-6.709428e-02	1.246356e+01
1.636000e-05	-6.367987e-02	1.229661e+01
1.637000e-05	-5.936406e-02	1.210672e+01
1.638000e-05	-5.426271e-02	1.190933e+01
1.639000e-05	-5.378617e-02	1.178980e+01
1.640000e-05	-5.245923e-02	1.161185e+01
1.641000e-05	-4.837611e-02	1.135191e+01
1.642000e-05	-4.468506e-02	1.119088e+01
1.643000e-05	-4.213757e-02	1.103093e+01
1.644000e-05	-4.179516e-02	1.089356e+01
1.645000e-05	-3.967509e-02	1.065496e+01
1.646000e-05	-3.771142e-02	1.045249e+01
1.647000e-05	-3.457410e-02	1.021248e+01
1.648000e-05	-3.463613e-02	1.004099e+01
1.649000e-05	-3.514739e-02	9.762003e+00
1.650000e-05	-3.176997e-02	9.590424e+00
1.651000e-05	-2.929420e-02	9.370875e+00
1.652000e-05	-2.778566e-02	9.197872e+00
1.653000e-05	-2.884427e-02	8.928643e+00
1.654000e-05	-2.675302e-02	8.705639e+00
1.655000e-05	-2.512647e-02	8.455142e+00
1.656000e-05	-2.300453e-02	8.254108e+00
1.657000e-05	-2.417228e-02	7.979879e+00
1.658000e-05	-2.275379e-02	7.739252e+00
1.659000e-05	-2.180963e-02	7.457161e+00
1.660000e-05	-1.927545e-02	7.173985e+00
1.661000e-05	-2.055636e-02	6.969875e+00
1.662000e-05	-2.137080e-02	6.718320e+00
1.663000e-05	-1.897224e-02	6.454660e+00
1.664000e-05	-1.667694e-02	6.222981e+00
1.665000e-05	-1.557752e-02	5.979503e+00
1.666000e-05	-1.676648e-02	5.675767e+00
1.667000e-05	-1.656909e-02	5.453533e+00
1.668000e-05	-1.434174e-02	5.189267e+00
1.669000e-05	-1.379693e-02	4.792977e+00
1.670000e-05	-1.379706e-02	4.537296e+00
1.671000e-05	-1.452090e-02	4.287585e+00
1.672000e-05	-1.212109e-02	4.021925e+00
1.673000e-05	-1.035196e-02	3.697718e+00
1.674000e-05	-1.005680e-02	3.504231e+00
1.675000e-05	-1.114684e-02	3.181475e+00
1.676000e-05	-1.172038e-02	2.936743e+00
1.677000e-05	-1.067111e-02	2.625110e+00
1.678000e-05	-8.028392e-03	2.358293e+00
1.679000e-05	-7.433031e-03	2.074708e+00
1.680000e-05	-9.589211e-03	1.823005e+00
1.681000e-05	-9.216531e-03	1.525690e+00
1.682000e-05	-7.119320e-03	1.242556e+00
1.683000e-05	-4.502376e-03	8.751168e-01
1.684000e-05	-5.795655e-03	6.104773e-01
1.685000e-05	-4.607016e-03	3.593445e-01
1.686000e-05	-4.690100e-03	2.350863e-02
1.687000e-05	3.191789e-03	-2.106042e-01
1.688000e-05	5.832052e-03	-4.821830e-01
1.689000e-05	-6.148328e-03	-7.688974e-01
1.690000e-05	2.625649e-03	-1.040028e+00
1.691000e-05	-9.342545e-04	-1.283187e+00
1.692000e-05	2.241633e-03	-1.618478e+00
1.693000e-05	2.673797e-03	-1.790544e+00
1.694000e-05	3.942154e-02	-2.050053e+00
1.695000e-05	9.172909e-02	-2.315764e+00
1.696000e-05	-4.934898e-02	-2.685240e+00
1.697000e-05	-3.139652e-02	-3.085786e+00
1.698000e-05	-1.156228e-02	-3.399477e+00
1.699000e-05	-4.231637e-02	-3.567450e+00
1.700000e-05	-7.627070e-02	-3.801930e+00
1.701000e-05	8.869619e-02	-3.990504e+00
1.702000e-05	6.830730e-02	-4.199503e+00
1.703000e-05	-1.124006e-01	-4.554765e+00
1.704000e-05	1.903320e-01	-4.746347e+00
1.705000e-05	-1.521842e-01	-5.093206e+00
1.706000e-05	7.575288e-02	-5.428973e+00
1.707000e-05	-1.461250e-02	-5.651581e+00
1.708000e-05	-7.220358e-02	-5.936894e+00
1.709000e-05	1.505426e-01	-6.105771e+00
1.710000e-05	-1.262975e-01	-6.461680e+00
1.711000e-05	1.428553e-01	-6.706316e+00
1.712000e-05	-5.870077e-02	-6.937340e+00
1.713000e-05	-2.089812e-03	-7.244211e+00
1.714000e-05	4.649709e-02	-7.495262e+00
1.715000e-05	-8.935223e-02	-7.770000e+00
1.716000e-05	1.391367e-01	-8.103158e+00
1.717000e-05	-9.199500e-02	-8.254161e+00
1.718000e-05	9.780393e-02	-8.515790e+00
1.719000e-05	-4.577755e-03	-8.746816e+00
1.720000e-05	-2.610019e-02	-9.032007e+00
1.721000e-05	5.554514e-02	-9.228904e+00
1.722000e-05	-6.175123e-02	-9.441582e+00
1.723000e-05	1.066927e-01	-9.653038e+00
1.724000e-05	-6.130739e-02	-9.873635e+00
1.725000e-05	8.847952e-02	-1.007516e+01
1.726000e-05	-3.941602e-02	-1.033319e+01
1.727000e-05	4.684009e-02	-1.047727e+01
1.728000e-05	5.571437e-03	-1.068412e+01
1.729000e-05	3.276057e-03	-1.090578e+01
1.730000e-05	3.861829e-02	-1.108256e+01
1.731000e-05	-1.258739e-02	-1.125324e+01
1.732000e-05	5.886769e-02	-1.145404e+01
1.733000e-05	-1.925803e-02	-1.165309e+01
1.734000e-05	5.524939e-02	-1.187356e+01
1.735000e-05	-1.756724e-02	-1.200296e+01
1.736000e-05	5.260292e-02	-1.218998e+01
1.737000e-05	-1.315554e-03	-1.234745e+01
1.738000e-05	3.692725e-02	-1.252672e+01
1.739000e-05	1.132712e-02	-1.267361e+01
1.740000e-05	2.768189e-02	-1.285258e+01
1.741000e-05	2.939120e-02	-1.300033e+01
1.742000e-05	1.636369e-02	-1.310471e+01
1.743000e-05	3.211382e-02	-1.317956e+01
1.744000e-05	1.191400e-02	-1.336838e+01
1.745000e-05	4.133155e-02	-1.351409e+01
1.746000e-05	1.287972e-02	-1.356138e+01
1.747000e-05	3.901589e-02	-1.374620e+01
1.748000e-05	1.876205e-02	-1.384203e+01
1.749000e-05	4.033348e-02	-1.393822e+01
1.750000e-05	2.404279e-02	-1.402246e+01
1.751000e-05	3.272782e-02	-1.416825e+01
1.752000e-05	2.594632e-02	-1.430098e+01
1.753000e-05	3.408239e-02	-1.428560e+01
1.754000e-05	3.653416e-02	-1.440080e+01
1.755000e-05	3.636434e-02	-1.444444e+01
1.756000e-05	3.650078e-02	-1.453829e+01
1.757000e-05	3.434961e-02	-1.459085e+01
1.758000e-05	3.921387e-02	-1.461103e+01
1.759000e-05	3.532009e-02	-1.468461e+01
1.760000e-05	3.795611e-02	-1.471472e+01
1.761000e-05	3.729009e-02	-1.472633e+01
1.762000e-05	4.455308e-02	-1.476580e+01
1.763000e-05	4.331345e-02	-1.476935e+01
1.764000e-05	4.439528e-02	-1.478988e+01
1.765000e-05	4.183198e-02	-1.480190e+01
1.766000e-05	4.615092e-02	-1.478238e+01
1.767000e-05	4.706725e-02	-1.478190e+01
1.768000e-05	4.877964e-02	-1.478100e+01
1.769000e-05	4.890613e-02	-1.476898e+01
1.770000e-05	5.023258e-02	-1.473880e+01
1.771000e-05	5.146404e-02	-1.474727e+01
1.772000e-05	5.328320e-02	-1.471872e+01
1.773000e-05	5.166501e-02	-1.469517e+01
1.774000e-05	5.330090e-02	-1.466511e+01
1.775000e-05	5.534748e-02	-1.462153e+01
1.776000e-05	5.760579e-02	-1.454991e+01
1.777000e-05	5.851096e-02	-1.456722e+01
1.778000e-05	5.666236e-02	-1.441496e+01
1.779000e-05	5.954755e-02	-1.441988e+01
1.780000e-05	6.066908e-02	-1.433814e+01
1.781000e-05	6.437079e-02	-1.422388e+01
1.782000e-05	6.620230e-02	-1.409817e+01
1.783000e-05	6.834350e-02	-1.400346e+01
1.784000e-05	7.094274e-02	-1.393725e+01
1.785000e-05	7.336174e-02	-1.382451e+01
1.786000e-05	7.461790e-02	-1.370680e+01
1.787000e-05	7.564831e-02	-1.360130e+01
1.788000e-05	7.557705e-02	-1.348759e+01
1.789000e-05	7.511998e-02	-1.337137e+01
1.790000e-05	7.360062e-02	-1.324351e+01
1.791000e-05	7.036079e-02	-1.311826e+01
1.792000e-05	6.859309e-02	-1.295988e+01
1.793000e-05	6.610484e-02	-1.282404e+01
1.794000e-05	6.339056e-02	-1.271717e+01
1.795000e-05	5.931973e-02	-1.254925e+01
1.796000e-05	5.748704e-02	-1.240146e+01
1.797000e-05	5.371241e-02	-1.224149e+01
1.798000e-05	5.031262e-02	-1.207609e+01
1.799000e-05	4.576966e-02	-1.195614e+01
1.800000e-05	4.225703e-02	-1.167510e+01
1.801000e-05	4.024629e-02	-1.147662e+01
1.802000e-05	3.787048e-02	-1.128451e+01
1.803000e-05	3.673671e-02	-1.108557e+01
1.804000e-05	3.405180e-02	-1.090474e+01
1.805000e-05	3.003767e-02	-1.074927e+01
1.806000e-05	3.022167e-02	-1.054032e+01
1.807000e-05	2.956971e-02	-1.033827e+01
1.808000e-05	2.575322e-02	-1.010622e+01
1.809000e-05	2.213707e-02	-9.908292e+00
1.810000e-05	2.223334e-02	-9.707244e+00
1.811000e-05	2.352356e-02	-9.457065e+00
1.812000e-05	2.152836e-02	-9.264542e+00
1.813000e-05	1.780593e-02	-9.024431e+00
1.814000e-05	1.641654e-02	-8.842610e+00
1.815000e-05	1.747408e-02	-8.579799e+00
1.816000e-05	1.795053e-02	-8.328349e+00
1.817000e-05	1.474101e-02	-8.117719e+00
1.818000e-05	1.343941e-02	-7.867638e+00
1.819000e-05	1.256859e-02	-7.580451e+00
1.820000e-05	1.257219e-02	-7.319297e+00
1.821000e-05	1.046043e-02	-7.144261e+00
1.822000e-05	7.218750e-03	-6.844013e+00
1.823000e-05	7.612013e-03	-6.601925e+00
1.824000e-05	9.770824e-03	-6.329848e+00
1.825000e-05	8.488243e-03	-6.075163e+00
1.826000e-05	7.675079e-03	-5.812527e+00
1.827000e-05	5.304822e-03	-5.548752e+00
1.828000e-05	5.818318e-03	-5.254587e+00
1.829000e-05	3.949004e-03	-4.970852e+00
1.830000e-05	4.043750e-03	-4.634060e+00
1.831000e-05	1.482761e-03	-4.412479e+00
1.832000e-05	3.862876e-03	-4.159250e+00
1.833000e-05	1.701111e-03	-3.908288e+00
1.834000e-05	3.445075e-03	-3.622486e+00
1.835000e-05	-4.533999e-05	-3.348247e+00
1.836000e-05	1.333523e-03	-3.026082e+00
1.837000e-05	-9.722990e-04	-2.748922e+00
1.838000e-05	-7.050574e-05	-2.476192e+00
1.839000e-05	-1.736178e-03	-2.221503e+00
1.840000e-05	-3.421436e-03	-1.949294e+00
1.841000e-05	-3.405890e-03	-1.665563e+00
1.842000e-05	-2.458683e-03	-1.307825e+00
1.843000e-05	-2.693742e-03	-1.021084e+00
1.844000e-05	-3.170735e-03	-7.483736e-01
1.845000e-05	-2.389974e-03	-4.445903e-01
1.846000e-05	-2.533229e-03	-1.989296e-01
1.847000e-05	2.109464e-03	4.117929e-02
1.848000e-05	5.752443e-03	3.989688e-01
1.849000e-05	-5.121509e-03	5.995253e-01
1.850000e-05	1.493481e-03	9.036295e-01
1.851000e-05	-3.579776e-03	1.155920e+00
1.852000e-05	-9.827455e-05	1.390052e+00
1.853000e-05	-3.945874e-03	1.775495e+00
1.854000e-05	9.575336e-03	1.987948e+00
1.855000e-05	3.884314e-02	2.188498e+00
1.856000e-05	7.239936e-02	2.502712e+00
1.857000e-05	-6.473731e-02	2.882132e+00
1.858000e-05	-4.630023e-02	3.137420e+00
1.859000e-05	-3.144783e-02	3.416998e+00
1.860000e-05	-3.175678e-02	3.682206e+00
1.861000e-05	-7.264660e-02	3.923789e+00
1.862000e-05	-1.451685e-02	4.114210e+00
1.863000e-05	1.223338e-01	4.358999e+00
1.864000e-05	-8.699996e-02	4.672153e+00
1.865000e-05	5.371185e-02	4.903710e+00
1.866000e-05	4.931625e-02	5.221530e+00
1.867000e-05	-1.191389e-01	5.514211e+00
1.868000e-05	5.724561e-02	5.755386e+00
1.869000e-05	-8.660073e-02	6.012130e+00
1.870000e-05	5.084529e-02	6.271634e+00
1.871000e-05	-1.814002e-02	6.566294e+00
1.872000e-05	-2.612009e-02	6.841551e+00
1.873000e-05	2.927915e-02	7.052583e+00
1.874000e-05	-6.107391e-02	7.355266e+00
1.875000e-05	2.696076e-02	7.610600e+00
1.876000e-05	-7.376968e-02	7.905137e+00
1.877000e-05	3.270834e-02	8.158424e+00
1.878000e-05	-1.733278e-02	8.379447e+00
1.879000e-05	-2.173521e-02	8.609947e+00
1.880000e-05	1.814581e-02	8.800552e+00
1.881000e-05	-6.125928e-02	9.062082e+00
1.882000e-05	4.115666e-03	9.284162e+00
1.883000e-05	-3.577781e-02	9.464736e+00
1.884000e-05	8.744720e-03	9.743263e+00
1.885000e-05	-3.429951e-02	9.917443e+00
1.886000e-05	-1.365917e-02	1.015674e+01
1.887000e-05	-6.632958e-03	1.036842e+01
1.888000e-05	-2.993260e-02	1.055884e+01
1.889000e-05	-7.532935e-03	1.074590e+01
1.890000e-05	-4.564110e-02	1.095737e+01
1.891000e-05	-4.585084e-03	1.110619e+01
1.892000e-05	-3.013598e-02	1.134671e+01
1.893000e-05	-6.572661e-03	1.152429e+01
1.894000e-05	-3.566514e-02	1.173680e+01
1.895000e-05	-2.012459e-02	1.189569e+01
1.896000e-05	-2.392492e-02	1.207363e+01
1.897000e-05	-2.355246e-02	1.225146e+01
1.898000e-05	-2.611949e-02	1.239945e+01
1.899000e-05	-3.555237e-02	1.254535e+01
1.900000e-05	-1.968216e-02	1.265314e+01
1.901000e-05	-2.826710e-02	1.283258e+01
1.902000e-05	-2.152593e-02	1.297935e+01
1.903000e-05	-3.740790e-02	1.312617e+01
1.904000e-05	-2.689814e-02	1.321343e+01
1.905000e-05	-3.285109e-02	1.335982e+01
1.906000e-05	-2.733279e-02	1.347413e+01
1.907000e-05	-3.721094e-02	1.357843e+01
1.908000e-05	-3.594548e-02	1.372522e+01
1.909000e-05	-3.088031e-02	1.387098e+01
1.910000e-05	-3.185345e-02	1.391674e+01
1.911000e-05	-3.519127e-02	1.403245e+01
1.912000e-05	-4.338056e-02	1.416822e+01
1.913000e-05	-3.737901e-02	1.424201e+01
1.914000e-05	-3.833824e-02	1.433765e+01
1.915000e-05	-3.630346e-02	1.441183e+01
1.916000e-05	-4.276180e-02	1.450303e+01
1.917000e-05	-4.113832e-02	1.451817e+01
1.918000e-05	-4.328383e-02	1.455890e+01
1.919000e-05	-4.379537e-02	1.457130e+01
1.920000e-05	-4.600183e-02	1.466308e+01
1.921000e-05	-5.083482e-02	1.466469e+01
1.922000e-05	-4.603155e-02	1.473521e+01
1.923000e-05	-4.605664e-02	1.470777e+01
1.924000e-05	-4.566980e-02	1.476820e+01
1.925000e-05	-5.326152e-02	1.476885e+01
1.926000e-05	-5.150394e-02	1.475935e+01
1.927000e-05	-5.379810e-02	1.478730e+01
1.928000e-05	-5.268760e-02	1.474032e+01
1.929000e-05	-5.711388e-02	1.474830e+01
1.930000e-05	-5.854660e-02	1.473727e+01
1.931000e-05	-5.734363e-02	1.472732e+01
1.932000e-05	-5.639746e-02	1.472717e+01
1.933000e-05	-6.081741e-02	1.468451e+01
1.934000e-05	-6.294709e-02	1.466246e+01
1.935000e-05	-6.321320e-02	1.457138e+01
1.936000e-05	-6.204806e-02	1.451769e+01
1.937000e-05	-6.255740e-02	1.449711e+01
1.938000e-05	-6.415857e-02	1.442191e+01
1.939000e-05	-6.759679e-02	1.435982e+01
1.940000e-05	-6.781163e-02	1.428511e+01
1.941000e-05	-7.082521e-02	1.420991e+01
1.942000e-05	-7.283779e-02	1.408821e+01
1.943000e-05	-7.745965e-02	1.399236e+01
1.944000e-05	-7.938620e-02	1.391664e+01
1.945000e-05	-8.029842e-02	1.378143e+01
1.946000e-05	-8.071560e-02	1.370562e+01
1.947000e-05	-8.246139e-02	1.355985e+01
1.948000e-05	-8.219693e-02	1.346348e+01
1.949000e-05	-8.190545e-02	1.333030e+01
1.950000e-05	-8.022488e-02	1.319151e+01
1.951000e-05	-8.127615e-02	1.310663e+01
1.952000e-05	-7.829668e-02	1.293930e+01
1.953000e-05	-7.704842e-02	1.282041e+01
1.954000e-05	-7.144827e-02	1.267404e+01
1.955000e-05	-6.990997e-02	1.252822e+01
1.956000e-05	-6.363915e-02	1.236930e+01
1.957000e-05	-6.077924e-02	1.218396e+01
1.958000e-05	-5.564524e-02	1.204446e+01
1.959000e-05	-5.491478e-02	1.187711e+01
1.960000e-05	-5.188156e-02	1.172814e+01
1.961000e-05	-5.218269e-02	1.154662e+01
1.962000e-05	-4.707538e-02	1.131872e+01
1.963000e-05	-4.450046e-02	1.111824e+01
1.964000e-05	-4.268097e-02	1.095882e+01
1.965000e-05	-4.020239e-02	1.077937e+01
1.966000e-05	-3.822430e-02	1.056030e+01
1.967000e-05	-3.552891e-02	1.039880e+01
1.968000e-05	-3.475997e-02	1.016925e+01
1.969000e-05	-3.289257e-02	9.967793e+00
1.970000e-05	-3.305679e-02	9.705690e+00
1.971000e-05	-3.093713e-02	9.515592e+00
1.972000e-05	-3.098577e-02	9.293691e+00
1.973000e-05	-2.707923e-02	9.005457e+00
1.974000e-05	-2.598887e-02	8.832036e+00
1.975000e-05	-2.598960e-02	8.592383e+00
1.976000e-05	-2.627936e-02	8.429925e+00
1.977000e-05	-2.484031e-02	8.127695e+00
1.978000e-05	-2.337556e-02	7.875663e+00
1.979000e-05	-2.053871e-02	7.655083e+00
1.980000e-05	-2.077727e-02	7.368951e+00
1.981000e-05	-2.029957e-02	7.106261e+00
1.982000e-05	-1.958884e-02	6.885113e+00
1.983000e-05	-1.931126e-02	6.611378e+00
1.984000e-05	-1.857104e-02	6.329796e+00
1.985000e-05	-1.836217e-02	6.106188e+00
1.986000e-05	-1.594706e-02	5.835233e+00
1.987000e-05	-1.492401e-02	5.601931e+00
1.988000e-05	-1.382883e-02	5.328791e+00
1.989000e-05	-1.380465e-02	5.011400e+00
1.990000e-05	-1.464605e-02	4.706236e+00
1.991000e-05	-1.479693e-02	4.452585e+00
1.992000e-05	-1.379383e-02	4.180827e+00
1.993000e-05	-1.249697e-02	3.926663e+00
1.994000e-05	-1.190354e-02	3.623080e+00
1.995000e-05	-1.027094e-02	3.368826e+00
1.996000e-05	-9.144993e-03	3.085610e+00
1.997000e-05	-9.653024e-03	2.822532e+00
1.998000e-05	-9.368261e-03	2.516269e+00
1.999000e-05	-9.667351e-03	2.232479e+00
2.000000e-05	-7.461005e-03	1.989500e+00
2.001000e-05	-9.089654e-03	1.676688e+00
2.002000e-05	-6.298764e-03	1.369925e+00
2.003000e-05	-8.382516e-03	1.073711e+00
2.004000e-05	-5.324483e-03	7.298711e-01
2.005000e-05	-5.094326e-03	5.046380e-01
2.006000e-05	-3.843387e-03	2.210322e-01
2.007000e-05	-1.978694e-03	-4.273204e-02
2.008000e-05	4.983737e-03	-3.368698e-01
2.009000e-05	2.777238e-04	-5.995492e-01
2.010000e-05	-2.608127e-03	-8.821345e-01
2.011000e-05	4.227486e-05	-1.094864e+00
2.012000e-05	-2.007477e-03	-1.400078e+00
2.013000e-05	1.402533e-03	-1.703733e+00
2.014000e-05	1.361230e-02	-1.916790e+00
2.015000e-05	7.048310e-02	-2.125787e+00
2.016000e-05	5.713204e-02	-2.503208e+00
2.017000e-05	-8.543375e-02	-2.890260e+00
2.018000e-05	1.919385e-03	-3.251106e+00
2.019000e-05	-3.660060e-02	-3.454683e+00
2.020000e-05	-4.784789e-02	-3.670658e+00
2.021000e-05	-5.600434e-02	-3.916088e+00
2.022000e-05	1.815710e-01	-4.094133e+00
2.023000e-05	-9.372807e-02	-4.358370e+00
2.024000e-05	3.905383e-02	-4.621630e+00
2.025000e-05	8.296004e-02	-4.850061e+00
2.026000e-05	-1.363532e-01	-5.219528e+00
2.027000e-05	1.579154e-01	-5.493560e+00
2.028000e-05	-1.600041e-01	-5.768321e+00
2.029000e-05	1.018301e-01	-6.003579e+00
2.030000e-05	2.286271e-02	-6.273605e+00
2.031000e-05	-4.352937e-02	-6.597844e+00
2.032000e-05	1.330416e-01	-6.829501e+00
2.033000e-05	-1.253228e-01	-7.114209e+00
2.034000e-05	9.719601e-02	-7.366795e+00
2.035000e-05	-7.395135e-02	-7.619979e+00
2.036000e-05	3.114460e-02	-7.877287e+00
2.037000e-05	6.222487e-02	-8.147244e+00
2.038000e-05	-7.049860e-02	-8.369448e+00
2.039000e-05	1.349048e-01	-8.601927e+00
2.040000e-05	-9.005568e-02	-8.854108e+00
2.041000e-05	7.523786e-02	-9.095315e+00
2.042000e-05	-3.964014e-02	-9.285687e+00
2.043000e-05	2.963716e-02	-9.526214e+00
2.044000e-05	3.353697e-02	-9.747795e+00
2.045000e-05	-2.195526e-02	-9.968873e+00
2.046000e-05	7.351370e-02	-1.016837e+01
2.047000e-05	-5.050071e-02	-1.038998e+01
2.048000e-05	8.327601e-02	-1.064040e+01
2.049000e-05	-4.373281e-02	-1.079838e+01
2.050000e-05	6.321969e-02	-1.096830e+01
2.051000e-05	-1.809428e-02	-1.115784e+01
2.052000e-05	4.074272e-02	-1.136685e+01
2.053000e-05	8.932681e-03	-1.154632e+01
2.054000e-05	1.800975e-02	-1.174977e+01
2.055000e-05	2.713328e-02	-1.191577e+01
2.056000e-05	3.080312e-03	-1.212827e+01
2.057000e-05	4.410007e-02	-1.228304e+01
2.058000e-05	-3.517380e-03	-1.245051e+01
2.059000e-05	4.685647e-02	-1.259090e+01
2.060000e-05	-2.426089e-03	-1.274522e+01
2.061000e-05	4.785800e-02	-1.291164e+01
2.062000e-05	6.964674e-03	-1.304101e+01
2.063000e-05	3.838266e-02	-1.314682e+01
2.064000e-05	1.234626e-02	-1.329261e+01
2.065000e-05	3.191665e-02	-1.342053e+01
2.066000e-05	2.413217e-02	-1.353622e+01
2.067000e-05	2.597513e-02	-1.364401e+01
2.068000e-05	3.158555e-02	-1.378685e+01
2.069000e-05	2.616885e-02	-1.390316e+01
2.070000e-05	3.761306e-02	-1.397840e+01
2.071000e-05	2.499734e-02	-1.407607e+01
2.072000e-05	3.473754e-02	-1.421135e+01
2.073000e-05	2.416142e-02	-1.430351e+01
2.074000e-05	3.842760e-02	-1.434927e+01
2.075000e-05	3.119731e-02	-1.440243e+01
2.076000e-05	4.066178e-02	-1.446597e+01
2.077000e-05	3.303262e-02	-1.451888e+01
2.078000e-05	3.862681e-02	-1.460988e+01
2.079000e-05	3.595107e-02	-1.463148e+01
2.080000e-05	3.877648e-02	-1.467459e+01
2.081000e-05	3.858145e-02	-1.470619e+01
2.082000e-05	4.184068e-02	-1.472683e+01
2.083000e-05	4.262178e-02	-1.476843e+01
2.084000e-05	4.301110e-02	-1.476983e+01
2.085000e-05	4.325759e-02	-1.477885e+01
2.086000e-05	4.168016e-02	-1.475948e+01
2.087000e-05	4.722823e-02	-1.480041e+01
2.088000e-05	4.805486e-02	-1.482246e+01
2.089000e-05	4.851548e-02	-1.479147e+01
2.090000e-05	4.907904e-02	-1.480082e+01
2.091000e-05	5.288291e-02	-1.477935e+01
2.092000e-05	5.372267e-02	-1.474830e+01
2.093000e-05	5.109940e-02	-1.471672e+01
2.094000e-05	4.928682e-02	-1.469409e+01
2.095000e-05	5.403770e-02	-1.462201e+01
2.096000e-05	5.749427e-02	-1.465199e+01
2.097000e-05	5.974451e-02	-1.450973e+01
2.098000e-05	5.652846e-02	-1.453562e+01
2.099000e-05	5.774178e-02	-1.443091e+01
2.100000e-05	6.000632e-02	-1.434022e+01
2.101000e-05	6.368745e-02	-1.430556e+01
2.102000e-05	6.511570e-02	-1.416175e+01
2.103000e-05	6.564056e-02	-1.406617e+01
2.104000e-05	6.908790e-02	-1.398196e+01
2.105000e-05	7.211106e-02	-1.391612e+01
2.106000e-05	7.335774e-02	-1.378093e+01
2.107000e-05	7.316453e-02	-1.370711e+01
2.108000e-05	7.470457e-02	-1.353973e+01
2.109000e-05	7.649636e-02	-1.345293e+01
2.110000e-05	7.666560e-02	-1.328029e+01
2.111000e-05	7.335541e-02	-1.318991e+01
2.112000e-05	6.875796e-02	-1.306406e+01
2.113000e-05	6.761472e-02	-1.295882e+01
2.114000e-05	6.488140e-02	-1.275133e+01
2.115000e-05	6.221624e-02	-1.265546e+01
2.116000e-05	5.719719e-02	-1.250662e+01
2.117000e-05	5.470324e-02	-1.235832e+01
2.118000e-05	5.302117e-02	-1.220033e+01
2.119000e-05	5.001839e-02	-1.201136e+01
2.120000e-05	4.503338e-02	-1.179443e+01
2.121000e-05	4.101726e-02	-1.160101e+01
2.122000e-05	3.855042e-02	-1.141043e+01
2.123000e-05	3.785438e-02	-1.119301e+01
2.124000e-05	3.456497e-02	-1.102093e+01
2.125000e-05	3.191831e-02	-1.082251e+01
2.126000e-05	2.970782e-02	-1.063351e+01
2.127000e-05	2.983187e-02	-1.045316e+01
2.128000e-05	2.771093e-02	-1.023651e+01
2.129000e-05	2.511693e-02	-1.004346e+01
2.130000e-05	2.297193e-02	-9.834480e+00
2.131000e-05	2.212170e-02	-9.650557e+00
2.132000e-05	2.186843e-02	-9.382351e+00
2.133000e-05	2.052175e-02	-9.159901e+00
2.134000e-05	1.699882e-02	-8.970324e+00
2.135000e-05	1.688430e-02	-8.737224e+00
2.136000e-05	1.664376e-02	-8.485145e+00
2.137000e-05	1.599982e-02	-8.253535e+00
2.138000e-05	1.451656e-02	-8.052984e+00
2.139000e-05	1.227039e-02	-7.739301e+00
2.140000e-05	1.312096e-02	-7.496085e+00
2.141000e-05	1.231041e-02	-7.230562e+00
2.142000e-05	9.383089e-03	-6.999829e+00
2.143000e-05	8.781219e-03	-6.735242e+00
2.144000e-05	7.643970e-03	-6.494664e+00
2.145000e-05	8.406647e-03	-6.213459e+00
2.146000e-05	7.084169e-03	-5.968347e+00
2.147000e-05	5.752795e-03	-5.686191e+00
2.148000e-05	4.646587e-03	-5.474551e+00
2.149000e-05	5.144379e-03	-5.117849e+00
2.150000e-05	4.932232e-03	-4.822880e+00
2.151000e-05	3.510696e-03	-4.536891e+00
2.152000e-05	2.204945e-03	-4.327166e+00
2.153000e-05	3.273118e-03	-4.054087e+00
2.154000e-05	1.567406e-03	-3.770376e+00
2.155000e-05	9.545143e-04	-3.505791e+00
2.156000e-05	1.033467e-03	-3.272582e+00
2.157000e-05	8.162352e-04	-2.948626e+00
2.158000e-05	-1.319082e-03	-2.663612e+00
2.159000e-05	2.654686e-05	-2.411973e+00
2.160000e-05	-1.513681e-03	-2.105718e+00
2.161000e-05	-1.001757e-03	-1.792585e+00
2.162000e-05	-4.972093e-03	-1.499502e+00
2.163000e-05	-2.298872e-03	-1.210501e+00
2.164000e-05	-3.629285e-03	-9.163156e-01
2.165000e-05	-2.009746e-03	-6.745839e-01
2.166000e-05	-3.225293e-03	-3.583957e-01
2.167000e-05	-2.921292e-03	-6.421658e-02
2.168000e-05	4.162400e-03	1.776680e-01
2.169000e-05	2.055817e-03	4.516270e-01
2.170000e-05	-8.486376e-04	6.948610e-01
2.171000e-05	-2.969797e-04	9.794678e-01
2.172000e-05	-4.598366e-03	1.251686e+00
2.173000e-05	-2.887523e-06	1.576391e+00
2.174000e-05	5.555850e-04	1.852577e+00
2.175000e-05	1.814571e-02	2.041601e+00
2.176000e-05	5.942447e-02	2.315737e+00
2.177000e-05	2.543207e-02	2.610705e+00
2.178000e-05	-8.461687e-02	2.977871e+00
2.179000e-05	-2.215343e-02	3.261654e+00
2.180000e-05	-3.675194e-02	3.526414e+00
2.181000e-05	-4.110119e-02	3.778344e+00
2.182000e-05	-8.062672e-02	3.948917e+00
2.183000e-05	6.152254e-02	4.229847e+00
2.184000e-05	7.231677e-02	4.505283e+00
2.185000e-05	-1.131697e-01	4.767918e+00
2.186000e-05	1.500888e-01	5.019924e+00
2.187000e-05	-9.138130e-02	5.366870e+00
2.188000e-05	-2.011328e-02	5.639495e+00
2.189000e-05	2.796387e-03	5.842636e+00
2.190000e-05	-6.468284e-02	6.138293e+00
2.191000e-05	7.388082e-02	6.387973e+00
2.192000e-05	-6.858782e-02	6.674583e+00
2.193000e-05	4.000992e-02	6.956736e+00
2.194000e-05	-3.668441e-02	7.178423e+00
2.195000e-05	-1.333333e-02	7.433603e+00
2.196000e-05	-1.753845e-02	7.725365e+00
2.197000e-05	-4.526759e-02	8.011394e+00
2.198000e-05	3.803578e-02	8.253153e+00
2.199000e-05	-4.561160e-02	8.423107e+00
2.200000e-05	1.471117e-02	8.714686e+00
2.201000e-05	-1.841618e-02	8.925789e+00
2.202000e-05	-3.939506e-02	9.146744e+00
2.203000e-05	-2.295651e-03	9.397372e+00
2.204000e-05	-3.128356e-02	9.589922e+00
2.205000e-05	5.917776e-03	9.861997e+00
2.206000e-05	-4.281805e-02	1.003103e+01
2.207000e-05	2.783327e-03	1.024053e+01
2.208000e-05	-2.818364e-02	1.043098e+01
2.209000e-05	-1.482957e-02	1.065296e+01
2.210000e-05	-2.206549e-02	1.082255e+01
2.211000e-05	-3.193909e-02	1.104108e+01
2.212000e-05	-7.613268e-03	1.121890e+01
2.213000e-05	-2.801423e-02	1.143141e+01
2.214000e-05	-1.022137e-02	1.159195e+01
2.215000e-05	-3.977600e-02	1.180995e+01
2.216000e-05	-1.550869e-02	1.196880e+01
2.217000e-05	-3.047189e-02	1.213830e+01
2.218000e-05	-1.958495e-02	1.231471e+01
2.219000e-05	-3.034696e-02	1.244156e+01
2.220000e-05	-2.840913e-02	1.263043e+01
2.221000e-05	-2.078825e-02	1.273582e+01
2.222000e-05	-2.741944e-02	1.288419e+01
2.223000e-05	-2.657027e-02	1.306345e+01
2.224000e-05	-3.688974e-02	1.316832e+01
2.225000e-05	-2.935821e-02	1.328464e+01
2.226000e-05	-3.218853e-02	1.343100e+01
2.227000e-05	-2.928804e-02	1.353629e+01
2.228000e-05	-3.717127e-02	1.367303e+01
2.229000e-05	-3.392705e-02	1.377831e+01
2.230000e-05	-3.025106e-02	1.389601e+01
2.231000e-05	-3.256623e-02	1.399935e+01
2.232000e-05	-3.780749e-02	1.402314e+01
2.233000e-05	-4.145628e-02	1.420243e+01
2.234000e-05	-3.859537e-02	1.431459e+01
2.235000e-05	-3.764411e-02	1.433775e+01
2.236000e-05	-3.955954e-02	1.443251e+01
2.237000e-05	-4.290549e-02	1.444351e+01
2.238000e-05	-4.262105e-02	1.452772e+01
2.239000e-05	-4.170455e-02	1.457940e+01
2.240000e-05	-4.384245e-02	1.461206e+01
2.241000e-05	-4.659039e-02	1.468249e+01
2.242000e-05	-4.890336e-02	1.468629e+01
2.243000e-05	-4.599774e-02	1.473677e+01
2.244000e-05	-4.645862e-02	1.473822e+01
2.245000e-05	-4.925861e-02	1.474932e+01
2.246000e-05	-5.278714e-02	1.476838e+01
2.247000e-05	-5.351905e-02	1.476987e+01
2.248000e-05	-5.346388e-02	1.476932e+01
2.249000e-05	-5.220869e-02	1.474998e+01
2.250000e-05	-5.884339e-02	1.475979e+01
2.251000e-05	-5.643666e-02	1.472825e+01
2.252000e-05	-5.983515e-02	1.471564e+01
2.253000e-05	-5.640825e-02	1.472414e+01
2.254000e-05	-6.155558e-02	1.465356e+01
2.255000e-05	-6.129934e-02	1.464301e+01
2.256000e-05	-6.259802e-02	1.455221e+01
2.257000e-05	-6.303443e-02	1.451812e+01
2.258000e-05	-6.448111e-02	1.448503e+01
2.259000e-05	-6.819948e-02	1.439140e+01
2.260000e-05	-6.923575e-02	1.428669e+01
2.261000e-05	-6.810862e-02	1.423456e+01
2.262000e-05	-6.951389e-02	1.415993e+01
2.263000e-05	-7.201342e-02	1.406499e+01
2.264000e-05	-7.492140e-02	1.396927e+01
2.265000e-05	-7.954387e-02	1.386759e+01
2.266000e-05	-8.009539e-02	1.375033e+01
2.267000e-05	-8.638859e-02	1.364001e+01
2.268000e-05	-8.384733e-02	1.351670e+01
2.269000e-05	-8.540720e-02	1.340295e+01
2.270000e-05	-8.088090e-02	1.329711e+01
2.271000e-05	-7.982235e-02	1.316017e+01
2.272000e-05	-7.810043e-02	1.303301e+01
2.273000e-05	-7.492280e-02	1.289607e+01
2.274000e-05	-7.454543e-02	1.273777e+01
2.275000e-05	-6.988148e-02	1.259148e+01
2.276000e-05	-6.949211e-02	1.249621e+01
2.277000e-05	-6.336356e-02	1.231862e+01
2.278000e-05	-6.155848e-02	1.215025e+01
2.279000e-05	-5.682792e-02	1.196980e+01
2.280000e-05	-5.492597e-02	1.182143e+01
2.281000e-05	-5.063741e-02	1.163443e+01
2.282000e-05	-4.818740e-02	1.143296e+01
2.283000e-05	-4.470053e-02	1.126101e+01
2.284000e-05	-4.235779e-02	1.105153e+01
2.285000e-05	-4.244180e-02	1.086566e+01
2.286000e-05	-4.086530e-02	1.066711e+01
2.287000e-05	-4.069813e-02	1.048507e+01
2.288000e-05	-3.750819e-02	1.028601e+01
2.289000e-05	-3.546165e-02	1.009366e+01
2.290000e-05	-3.162666e-02	9.814455e+00
2.291000e-05	-2.928764e-02	9.631078e+00
2.292000e-05	-2.759375e-02	9.371880e+00
2.293000e-05	-2.792768e-02	9.219479e+00
2.294000e-05	-2.849095e-02	8.950372e+00
2.295000e-05	-2.927597e-02	8.697844e+00
2.296000e-05	-2.825996e-02	8.517745e+00
2.297000e-05	-2.625594e-02	8.275187e+00
2.298000e-05	-2.365293e-02	8.054031e+00
2.299000e-05	-2.131601e-02	7.771381e+00
2.300000e-05	-1.974935e-02	7.528795e+00
2.301000e-05	-1.949115e-02	7.265091e+00
2.302000e-05	-1.936920e-02	7.021454e+00
2.303000e-05	-2.034265e-02	6.821926e+00
2.304000e-05	-2.005355e-02	6.506215e+00
2.305000e-05	-1.949622e-02	6.273559e+00
2.306000e-05	-1.742108e-02	6.021554e+00
2.307000e-05	-1.588994e-02	5.728724e+00
2.308000e-05	-1.438828e-02	5.475238e+00
2.309000e-05	-1.373238e-02	5.212929e+00
2.310000e-05	-1.202022e-02	4.857110e+00
2.311000e-05	-1.278264e-02	4.591929e+00
2.312000e-05	-1.367289e-02	4.370350e+00
2.313000e-05	-1.372610e-02	4.045012e+00
2.314000e-05	-1.308547e-02	3.782403e+00
2.315000e-05	-1.247912e-02	3.509369e+00
2.316000e-05	-1.075657e-02	3.274555e+00
2.317000e-05	-1.026358e-02	2.950376e+00
2.318000e-05	-9.751227e-03	2.737838e+00
2.319000e-05	-8.346844e-03	2.371977e+00
2.320000e-05	-9.387805e-03	2.127742e+00
2.321000e-05	-7.505210e-03	1.864785e+00
2.322000e-05	-8.148812e-03	1.589398e+00
2.323000e-05	-6.156705e-03	1.296109e+00
2.324000e-05	-7.117562e-03	9.594492e-01
2.325000e-05	-6.306487e-03	6.641577e-01
2.326000e-05	-5.434996e-03	4.004997e-01
2.327000e-05	-4.108799e-03	9.516426e-02
2.328000e-05	-9.978964e-05	-1.994740e-01
2.329000e-05	8.325517e-03	-4.405041e-01
2.330000e-05	-5.133635e-03	-7.063596e-01
2.331000e-05	4.204413e-03	-9.794725e-01
2.332000e-05	-3.455692e-03	-1.258629e+00
2.333000e-05	1.207147e-03	-1.528389e+00
2.334000e-05	-9.222703e-04	-1.779449e+00
2.335000e-05	3.059000e-02	-1.969526e+00
2.336000e-05	9.042873e-02	-2.244107e+00
2.337000e-05	-1.649272e-02	-2.581104e+00
2.338000e-05	-5.273953e-02	-3.052182e+00
2.339000e-05	-5.544642e-04	-3.327417e+00
2.340000e-05	-4.391835e-02	-3.518446e+00
2.341000e-05	-7.060226e-02	-3.808820e+00
2.342000e-05	3.567966e-02	-3.988874e+00
2.343000e-05	1.227018e-01	-4.167869e+00
2.344000e-05	-1.456617e-01	-4.461739e+00
2.345000e-05	1.959971e-01	-4.685715e+00
2.346000e-05	-8.786540e-02	-5.010522e+00
2.347000e-05	-3.692853e-03	-5.356769e+00
2.348000e-05	5.856783e-02	-5.568443e+00
2.349000e-05	-1.210910e-01	-5.922211e+00
2.350000e-05	1.768083e-01	-6.144262e+00
2.351000e-05	-1.082810e-01	-6.358948e+00
2.352000e-05	1.014911e-01	-6.685159e+00
2.353000e-05	5.462447e-03	-6.903231e+00
2.354000e-05	-5.646966e-02	-7.230101e+00
2.355000e-05	8.286506e-02	-7.442111e+00
2.356000e-05	-1.118427e-01	-7.736819e+00
2.357000e-05	1.301874e-01	-7.999527e+00
2.358000e-05	-5.646176e-02	-8.231533e+00
2.359000e-05	4.532032e-02	-8.484708e+00
2.360000e-05	4.771732e-02	-8.715163e+00
2.361000e-05	-6.570356e-02	-8.969420e+00
2.362000e-05	8.643778e-02	-9.158871e+00
2.363000e-05	-7.666630e-02	-9.399877e+00
2.364000e-05	1.023980e-01	-9.613031e+00
2.365000e-05	-4.723448e-02	-9.811576e+00
2.366000e-05	6.291726e-02	-1.006156e+01
2.367000e-05	-7.711746e-03	-1.027260e+01
2.368000e-05	1.137694e-02	-1.048414e+01
2.369000e-05	3.673540e-02	-1.067261e+01
2.370000e-05	-2.002118e-02	-1.080406e+01
2.371000e-05	6.032512e-02	-1.105196e+01
2.372000e-05	-2.702845e-02	-1.120151e+01
2.373000e-05	6.411145e-02	-1.142399e+01
2.374000e-05	-2.038756e-02	-1.161350e+01
2.375000e-05	5.308337e-02	-1.182998e+01
2.376000e-05	-1.120943e-02	-1.197082e+01
2.377000e-05	3.996153e-02	-1.221143e+01
2.378000e-05	9.807559e-03	-1.233732e+01
2.379000e-05	2.421627e-02	-1.249467e+01
2.380000e-05	2.391626e-02	-1.268196e+01
2.381000e-05	1.471874e-02	-1.277047e+01
2.382000e-05	3.804073e-02	-1.296869e+01
2.383000e-05	1.133014e-02	-1.308311e+01
2.384000e-05	4.017112e-02	-1.321998e+01
2.385000e-05	8.078093e-03	-1.332872e+01
2.386000e-05	4.227402e-02	-1.348356e+01
2.387000e-05	1.227129e-02	-1.356932e+01
2.388000e-05	3.722310e-02	-1.372669e+01
2.389000e-05	1.996302e-02	-1.384256e+01
2.390000e-05	3.656677e-02	-1.393517e+01
2.391000e-05	2.762349e-02	-1.401185e+01
2.392000e-05	3.242349e-02	-1.413767e+01
2.393000e-05	3.068085e-02	-1.422146e+01
2.394000e-05	3.051160e-02	-1.428664e+01
2.395000e-05	3.597823e-02	-1.433973e+01
2.396000e-05	3.256440e-02	-1.442541e+01
2.397000e-05	3.991737e-02	-1.449865e+01
2.398000e-05	3.155033e-02	-1.455887e+01
2.399000e-05	3.771681e-02	-1.464246e+01
2.400000e-05	3.576648e-02	-1.466414e+01
2.401000e-05	4.331654e-02	-1.468466e+01
2.402000e-05	3.947322e-02	-1.472620e+01
2.403000e-05	4.300298e-02	-1.471780e+01
2.404000e-05	4.081181e-02	-1.474087e+01
2.405000e-05	4.564855e-02	-1.476037e+01
2.406000e-05	4.254255e-02	-1.478043e+01
2.407000e-05	4.325626e-02	-1.477886e+01
2.408000e-05	4.436654e-02	-1.479041e+01
2.409000e-05	4.776896e-02	-1.478096e+01
2.410000e-05	5.118545e-02	-1.478190e+01
2.411000e-05	5.106922e-02	-1.477990e+01
2.412000e-05	5.146978e-02	-1.476925e+01
2.413000e-05	5.116759e-02	-1.473712e+01
2.414000e-05	5.284416e-02	-1.468417e+01
2.415000e-05	5.402400e-02	-1.468256e+01
2.416000e-05	5.435218e-02	-1.463198e+01
2.417000e-05	5.503091e-02	-1.459035e+01
2.418000e-05	5.811404e-02	-1.451764e+01
2.419000e-05	5.866307e-02	-1.447194e+01
2.420000e-05	5.992935e-02	-1.440138e+01
2.421000e-05	5.956498e-02	-1.432814e+01
2.422000e-05	6.349460e-02	-1.428348e+01
2.423000e-05	6.677849e-02	-1.419925e+01
2.424000e-05	6.847794e-02	-1.406449e+01
2.425000e-05	6.945411e-02	-1.395978e+01
2.426000e-05	7.143121e-02	-1.386349e+01
2.427000e-05	7.460883e-02	-1.377828e+01
2.428000e-05	7.581922e-02	-1.360348e+01
2.429000e-05	7.547031e-02	-1.348612e+01
2.430000e-05	7.403137e-02	-1.338230e+01
2.431000e-05	7.452606e-02	-1.327402e+01
2.432000e-05	7.402284e-02	-1.311674e+01
2.433000e-05	6.985600e-02	-1.302138e+01
2.434000e-05	6.632355e-02	-1.285509e+01
2.435000e-05	6.362626e-02	-1.272717e+01
2.436000e-05	6.147206e-02	-1.259088e+01
2.437000e-05	5.739416e-02	-1.241141e+01
2.438000e-05	5.113854e-02	-1.224513e+01
2.439000e-05	4.856341e-02	-1.212919e+01
2.440000e-05	4.883955e-02	-1.190725e+01
2.441000e-05	4.633179e-02	-1.171770e+01
2.442000e-05	4.112995e-02	-1.157877e+01
2.443000e-05	3.591940e-02	-1.133875e+01
2.444000e-05	3.645469e-02	-1.113817e+01
2.445000e-05	3.675812e-02	-1.091477e+01
2.446000e-05	3.266177e-02	-1.078982e+01
2.447000e-05	2.717841e-02	-1.059095e+01
2.448000e-05	2.657367e-02	-1.039025e+01
2.449000e-05	2.707158e-02	-1.014975e+01
2.450000e-05	2.749995e-02	-9.928296e+00
2.451000e-05	2.327778e-02	-9.760317e+00
2.452000e-05	2.261212e-02	-9.567723e+00
2.453000e-05	2.093507e-02	-9.305643e+00
2.454000e-05	2.029523e-02	-9.054691e+00
2.455000e-05	1.707227e-02	-8.883117e+00
2.456000e-05	1.404049e-02	-8.622399e+00
2.457000e-05	1.469945e-02	-8.390834e+00
2.458000e-05	1.579284e-02	-8.149822e+00
2.459000e-05	1.552934e-02	-7.918692e+00
2.460000e-05	1.278742e-02	-7.634993e+00
2.461000e-05	1.217513e-02	-7.369926e+00
2.462000e-05	1.124989e-02	-7.168403e+00
2.463000e-05	1.089968e-02	-6.875068e+00
2.464000e-05	8.006169e-03	-6.643581e+00
2.465000e-05	8.375278e-03	-6.401349e+00
2.466000e-05	6.024453e-03	-6.087646e+00
2.467000e-05	8.386921e-03	-5.864635e+00
2.468000e-05	5.159906e-03	-5.610906e+00
2.469000e-05	4.384297e-03	-5.266666e+00
2.470000e-05	2.767661e-03	-5.032054e+00
2.471000e-05	3.883760e-03	-4.676641e+00
2.472000e-05	4.033173e-03	-4.433585e+00
2.473000e-05	4.373211e-03	-4.213003e+00
2.474000e-05	2.528811e-03	-3.960368e+00
2.475000e-05	1.484302e-03	-3.643032e+00
2.476000e-05	2.149128e-03	-3.410977e+00
2.477000e-05	-3.192520e-04	-3.099767e+00
2.478000e-05	-1.990525e-03	-2.811054e+00
2.479000e-05	-1.758480e-03	-2.558322e+00
2.480000e-05	1.579187e-03	-2.295662e+00
2.481000e-05	-2.638651e-03	-1.970923e+00
2.482000e-05	-2.028138e-03	-1.716765e+00
2.483000e-05	-4.740412e-03	-1.432010e+00
2.484000e-05	-8.787602e-04	-1.084215e+00
2.485000e-05	-3.534153e-03	-8.219287e-01
2.486000e-05	-3.099662e-03	-5.477155e-01
2.487000e-05	-5.082021e-03	-2.631402e-01
2.488000e-05	-1.252181e-03	5.108166e-02
2.489000e-05	6.208549e-03	2.934359e-01
2.490000e-05	-3.977662e-03	5.484675e-01
2.491000e-05	1.313912e-03	8.185291e-01
2.492000e-05	-1.426075e-03	1.114261e+00
2.493000e-05	-7.448760e-05	1.367516e+00
2.494000e-05	-3.138921e-03	1.704338e+00
2.495000e-05	6.307964e-03	1.927337e+00
2.496000e-05	2.818877e-02	2.137365e+00
2.497000e-05	7.390099e-02	2.420705e+00
2.498000e-05	-4.099615e-02	2.799072e+00
2.499000e-05	-5.863657e-02	3.101682e+00
2.500000e-05	-2.694452e-02	3.366838e+00
2.501000e-05	-3.460177e-02	3.640628e+00
2.502000e-05	-6.267039e-02	3.871632e+00
2.503000e-05	-3.882137e-02	4.041629e+00
2.504000e-05	1.176712e-01	4.298394e+00
2.505000e-05	-4.034161e-02	4.629577e+00
2.506000e-05	-1.150582e-02	4.872980e+00
2.507000e-05	1.030814e-01	5.167540e+00
2.508000e-05	-1.378733e-01	5.481633e+00
2.509000e-05	5.098484e-02	5.655160e+00
2.510000e-05	-7.115454e-02	6.000500e+00
2.511000e-05	1.708481e-02	6.230553e+00
2.512000e-05	1.902492e-02	6.535710e+00
2.513000e-05	-4.874060e-02	6.819452e+00
2.514000e-05	4.576672e-02	7.030554e+00
2.515000e-05	-6.970464e-02	7.285211e+00
2.516000e-05	2.701038e-02	7.556873e+00
2.517000e-05	-6.611313e-02	7.871576e+00
2.518000e-05	1.206991e-02	8.145213e+00
2.519000e-05	8.462794e-04	8.366374e+00
2.520000e-05	-3.665643e-02	8.558773e+00
2.521000e-05	2.584412e-02	8.767472e+00
2.522000e-05	-5.380032e-02	9.031023e+00
2.523000e-05	-4.471318e-03	9.242633e+00
2.524000e-05	-2.805563e-02	9.461614e+00
2.525000e-05	-2.072307e-03	9.665131e+00
2.526000e-05	-2.218333e-02	9.906191e+00
2.527000e-05	-2.605440e-02	1.015621e+01
2.528000e-05	-2.179833e-03	1.033531e+01
2.529000e-05	-3.494863e-02	1.054571e+01
2.530000e-05	-5.776305e-03	1.070682e+01
2.531000e-05	-3.990913e-02	1.090524e+01
2.532000e-05	-9.257965e-03	1.110416e+01
2.533000e-05	-2.377292e-02	1.127364e+01
2.534000e-05	-1.246641e-02	1.149462e+01
2.535000e-05	-3.059272e-02	1.170514e+01
2.536000e-05	-2.562623e-02	1.186359e+01
2.537000e-05	-2.379474e-02	1.205058e+01
2.538000e-05	-2.502364e-02	1.221043e+01
2.539000e-05	-2.529434e-02	1.235827e+01
2.540000e-05	-3.175830e-02	1.253627e+01
2.541000e-05	-1.944027e-02	1.264208e+01
2.542000e-05	-2.634598e-02	1.276993e+01
2.543000e-05	-2.133782e-02	1.298780e+01
2.544000e-05	-3.762973e-02	1.309512e+01
2.545000e-05	-3.004804e-02	1.320303e+01
2.546000e-05	-3.498838e-02	1.336732e+01
2.547000e-05	-2.891972e-02	1.346348e+01
2.548000e-05	-3.488972e-02	1.359793e+01
2.549000e-05	-3.416328e-02	1.367516e+01
2.550000e-05	-3.088908e-02	1.385248e+01
2.551000e-05	-3.049749e-02	1.386574e+01
2.552000e-05	-3.613501e-02	1.402206e+01
2.553000e-05	-4.072427e-02	1.411669e+01
2.554000e-05	-4.025446e-02	1.422345e+01
2.555000e-05	-3.880284e-02	1.435617e+01
2.556000e-05	-3.621903e-02	1.438143e+01
2.557000e-05	-4.114888e-02	1.444291e+01
2.558000e-05	-4.188895e-02	1.449869e+01
2.559000e-05	-4.364801e-02	1.452773e+01
2.560000e-05	-4.211872e-02	1.461098e+01
2.561000e-05	-4.611218e-02	1.466404e+01
2.562000e-05	-4.896889e-02	1.469469e+01
2.563000e-05	-4.763998e-02	1.470674e+01
2.564000e-05	-4.504629e-02	1.476564e+01
2.565000e-05	-4.644999e-02	1.472885e+01
2.566000e-05	-5.197373e-02	1.475885e+01
2.567000e-05	-5.207751e-02	1.475932e+01
2.568000e-05	-5.359836e-02	1.476882e+01
2.569000e-05	-5.203446e-02	1.477940e+01
2.570000e-05	-5.535539e-02	1.475980e+01
2.571000e-05	-5.752394e-02	1.476880e+01
2.572000e-05	-5.741618e-02	1.473780e+01
2.573000e-05	-5.637428e-02	1.470570e+01
2.574000e-05	-5.974834e-02	1.470509e+01
2.575000e-05	-6.178123e-02	1.460203e+01
2.576000e-05	-6.376017e-02	1.460338e+01
2.577000e-05	-6.266037e-02	1.452980e+01
2.578000e-05	-6.211053e-02	1.451702e+01
2.579000e-05	-6.575026e-02	1.445348e+01
2.580000e-05	-6.861204e-02	1.436877e+01
2.581000e-05	-6.813191e-02	1.430607e+01
2.582000e-05	-6.910438e-02	1.420400e+01
2.583000e-05	-7.265382e-02	1.415717e+01
2.584000e-05	-7.519682e-02	1.401198e+01
2.585000e-05	-7.654344e-02	1.395872e+01
2.586000e-05	-7.812008e-02	1.386298e+01
2.587000e-05	-8.178755e-02	1.372767e+01
2.588000e-05	-8.507599e-02	1.363135e+01
2.589000e-05	-8.366883e-02	1.348459e+01
2.590000e-05	-8.244937e-02	1.336887e+01
2.591000e-05	-8.088844e-02	1.324308e+01
2.592000e-05	-8.136175e-02	1.313661e+01
2.593000e-05	-7.814894e-02	1.301090e+01
2.594000e-05	-7.459011e-02	1.279243e+01
2.595000e-05	-7.132545e-02	1.269614e+01
2.596000e-05	-7.087716e-02	1.252882e+01
2.597000e-05	-6.713741e-02	1.243090e+01
2.598000e-05	-6.298969e-02	1.224353e+01
2.599000e-05	-5.777861e-02	1.207554e+01
2.600000e-05	-5.476954e-02	1.189516e+01
2.601000e-05	-5.281509e-02	1.170725e+01
2.602000e-05	-5.018888e-02	1.154025e+01
2.603000e-05	-4.599219e-02	1.133877e+01
2.604000e-05	-4.461266e-02	1.118875e+01
2.605000e-05	-4.268053e-02	1.099985e+01
2.606000e-05	-4.214864e-02	1.081990e+01
2.607000e-05	-3.948294e-02	1.055335e+01
2.608000e-05	-3.839115e-02	1.040030e+01
2.609000e-05	-3.633589e-02	1.018038e+01
2.610000e-05	-3.459330e-02	1.002043e+01
2.611000e-05	-3.234214e-02	9.758747e+00
2.612000e-05	-3.054710e-02	9.497746e+00
2.613000e-05	-2.961416e-02	9.307221e+00
2.614000e-05	-2.835557e-02	9.076266e+00
2.615000e-05	-2.838246e-02	8.855591e+00
2.616000e-05	-2.608842e-02	8.653982e+00
2.617000e-05	-2.515123e-02	8.433006e+00
2.618000e-05	-2.485122e-02	8.221380e+00
2.619000e-05	-2.336118e-02	7.907875e+00
2.620000e-05	-2.267431e-02	7.695691e+00
2.621000e-05	-2.064321e-02	7.382030e+00
2.622000e-05	-1.988732e-02	7.179799e+00
2.623000e-05	-2.033801e-02	6.896717e+00
2.624000e-05	-1.969319e-02	6.696083e+00
2.625000e-05	-1.786574e-02	6.391904e+00
2.626000e-05	-1.720987e-02	6.159325e+00
2.627000e-05	-1.846050e-02	5.927709e+00
2.628000e-05	-1.760799e-02	5.624561e+00
2.629000e-05	-1.573563e-02	5.400877e+00
2.630000e-05	-1.349691e-02	5.043640e+00
2.631000e-05	-1.241847e-02	4.779800e+00
2.632000e-05	-1.415048e-02	4.464640e+00
2.633000e-05	-1.302724e-02	4.253432e+00
2.634000e-05	-1.117962e-02	3.930817e+00
2.635000e-05	-1.088396e-02	3.664160e+00
2.636000e-05	-1.145627e-02	3.421482e+00
2.637000e-05	-1.155558e-02	3.127714e+00
2.638000e-05	-1.072115e-02	2.844109e+00
2.639000e-05	-9.664281e-03	2.589830e+00
2.640000e-05	-9.011286e-03	2.305637e+00
2.641000e-05	-9.135986e-03	2.022051e+00
2.642000e-05	-7.450349e-03	1.779796e+00
2.643000e-05	-6.734395e-03	1.422559e+00
2.644000e-05	-6.961283e-03	1.136847e+00
2.645000e-05	-6.648981e-03	7.719060e-01
2.646000e-05	-5.534449e-03	5.588432e-01
2.647000e-05	-4.811785e-03	2.557614e-01
2.648000e-05	-2.231364e-03	-3.099910e-02
2.649000e-05	4.158638e-03	-2.952332e-01
2.650000e-05	3.038870e-03	-5.453650e-01
2.651000e-05	-2.901768e-03	-8.110543e-01
2.652000e-05	2.026714e-03	-1.092183e+00
2.653000e-05	-2.692829e-03	-1.368418e+00
2.654000e-05	-1.050665e-03	-1.642078e+00
2.655000e-05	6.224606e-03	-1.843182e+00
2.656000e-05	5.783296e-02	-2.112136e+00
2.657000e-05	7.824737e-02	-2.430077e+00
2.658000e-05	-7.534259e-02	-2.869050e+00
2.659000e-05	-7.275541e-03	-3.208947e+00
2.660000e-05	-2.743222e-02	-3.451078e+00
2.661000e-05	-4.461370e-02	-3.660632e+00
2.662000e-05	-7.302137e-02	-3.885265e+00
2.663000e-05	1.497737e-01	-4.031104e+00
2.664000e-05	-2.555990e-02	-4.302309e+00
2.665000e-05	-3.948217e-02	-4.568473e+00
2.666000e-05	1.331647e-01	-4.820033e+00
2.667000e-05	-1.694550e-01	-5.136919e+00
2.668000e-05	1.438916e-01	-5.481412e+00
2.669000e-05	-1.107388e-01	-5.695710e+00
2.670000e-05	1.853450e-02	-5.990424e+00
2.671000e-05	8.229694e-02	-6.220498e+00
2.672000e-05	-9.334216e-02	-6.544718e+00
2.673000e-05	1.540668e-01	-6.767376e+00
2.674000e-05	-1.080333e-01	-7.060527e+00
2.675000e-05	6.490652e-02	-7.336319e+00
2.676000e-05	-2.382687e-02	-7.559845e+00
2.677000e-05	-2.417213e-02	-7.884661e+00
2.678000e-05	1.040782e-01	-8.105640e+00
2.679000e-05	-9.566274e-02	-8.316368e+00
2.680000e-05	1.297856e-01	-8.560349e+00
2.681000e-05	-6.216262e-02	-8.810472e+00
2.682000e-05	3.667865e-02	-9.102632e+00
2.683000e-05	2.056544e-03	-9.251633e+00
2.684000e-05	-1.293773e-02	-9.517216e+00
2.685000e-05	7.291862e-02	-9.706194e+00
2.686000e-05	-4.748527e-02	-9.926765e+00
2.687000e-05	8.777285e-02	-1.011632e+01
2.688000e-05	-5.790476e-02	-1.034797e+01
2.689000e-05	7.401630e-02	-1.056735e+01
2.690000e-05	-2.771158e-02	-1.073830e+01
2.691000e-05	4.179029e-02	-1.097672e+01
2.692000e-05	5.443589e-03	-1.114519e+01
2.693000e-05	1.880365e-02	-1.132620e+01
2.694000e-05	3.411827e-02	-1.152724e+01
2.695000e-05	-3.542425e-05	-1.171672e+01
2.696000e-05	4.255772e-02	-1.191607e+01
2.697000e-05	-1.267107e-02	-1.207511e+01
2.698000e-05	5.216387e-02	-1.222301e+01
2.699000e-05	-7.783281e-03	-1.238990e+01
2.700000e-05	4.686341e-02	-1.256670e+01
2.701000e-05	-4.665790e-04	-1.271466e+01
2.702000e-05	4.156800e-02	-1.285351e+01
2.703000e-05	1.554616e-02	-1.297940e+01
2.704000e-05	3.137372e-02	-1.312834e+01
2.705000e-05	2.033201e-02	-1.324206e+01
2.706000e-05	2.220310e-02	-1.338933e+01
2.707000e-05	3.286466e-02	-1.347561e+01
2.708000e-05	2.004327e-02	-1.365198e+01
2.709000e-05	3.594907e-02	-1.377735e+01
2.710000e-05	2.018335e-02	-1.383203e+01
2.711000e-05	3.962375e-02	-1.395875e+01
2.712000e-05	2.406584e-02	-1.406503e+01
2.713000e-05	3.651088e-02	-1.416882e+01
2.714000e-05	2.412155e-02	-1.426254e+01
2.715000e-05	3.760622e-02	-1.431617e+01
2.716000e-05	3.411482e-02	-1.440188e+01
2.717000e-05	3.835558e-02	-1.449303e+01
2.718000e-05	3.398595e-02	-1.453825e+01
2.719000e-05	3.398736e-02	-1.459140e+01
2.720000e-05	3.632869e-02	-1.461248e+01
2.721000e-05	3.715941e-02	-1.467371e+01
2.722000e-05	4.008475e-02	-1.470519e+01
2.723000e-05	4.027360e-02	-1.472672e+01
2.724000e-05	4.479491e-02	-1.474732e+01
2.725000e-05	4.244405e-02	-1.475938e+01
2.726000e-05	4.591102e-02	-1.477085e+01
2.727000e-05	4.055291e-02	-1.482085e+01
2.728000e-05	4.483842e-02	-1.480038e+01
2.729000e-05	4.515493e-02	-1.479093e+01
2.730000e-05	4.910839e-02	-1.481193e+01
2.731000e-05	4.957382e-02	-1.476038e+01
2.732000e-05	5.133323e-02	-1.472985e+01
2.733000e-05	5.214252e-02	-1.473625e+01
2.734000e-05	5.324461e-02	-1.470522e+01
2.735000e-05	5.278576e-02	-1.472614e+01
2.736000e-05	5.492913e-02	-1.462456e+01
2.737000e-05	5.473291e-02	-1.463243e+01
2.738000e-05	5.691163e-02	-1.454975e+01
2.739000e-05	5.775751e-02	-1.456612e+01
2.740000e-05	5.805517e-02	-1.442298e+01
2.741000e-05	5.923975e-02	-1.432880e+01
2.742000e-05	6.166559e-02	-1.430654e+01
2.743000e-05	6.532042e-02	-1.426390e+01
2.744000e-05	6.679628e-02	-1.406864e+01
2.745000e-05	7.076662e-02	-1.399189e+01
2.746000e-05	7.049966e-02	-1.390619e+01
2.747000e-05	7.348045e-02	-1.380143e+01
2.748000e-05	7.349698e-02	-1.368512e+01
2.749000e-05	7.360506e-02	-1.357888e+01
2.750000e-05	7.502219e-02	-1.345506e+01
2.751000e-05	7.449246e-02	-1.332827e+01
2.752000e-05	7.358533e-02	-1.320141e+01
2.753000e-05	7.148124e-02	-1.312556e+01
2.754000e-05	6.915477e-02	-1.293875e+01
2.755000e-05	6.649569e-02	-1.285035e+01
2.756000e-05	6.337558e-02	-1.263498e+01
2.757000e-05	6.007898e-02	-1.249817e+01
2.758000e-05	5.578446e-02	-1.236885e+01
2.759000e-05	5.168713e-02	-1.219191e+01
2.760000e-05	4.647213e-02	-1.202498e+01
2.761000e-05	4.377462e-02	-1.187558e+01
2.762000e-05	4.172777e-02	-1.165456e+01
2.763000e-05	4.074493e-02	-1.146651e+01
2.764000e-05	3.984452e-02	-1.122343e+01
2.765000e-05	3.709182e-02	-1.104394e+01
2.766000e-05	3.482638e-02	-1.087356e+01
2.767000e-05	3.070481e-02	-1.069509e+01
2.768000e-05	2.672489e-02	-1.047812e+01
2.769000e-05	2.535097e-02	-1.027601e+01
2.770000e-05	2.359396e-02	-1.007569e+01
2.771000e-05	2.491509e-02	-9.864036e+00
2.772000e-05	2.444441e-02	-9.663639e+00
2.773000e-05	2.369217e-02	-9.442508e+00
2.774000e-05	2.175518e-02	-9.221481e+00
2.775000e-05	1.876429e-02	-8.990902e+00
2.776000e-05	1.563817e-02	-8.809875e+00
2.777000e-05	1.563472e-02	-8.529272e+00
2.778000e-05	1.562462e-02	-8.305211e+00
2.779000e-05	1.217435e-02	-8.074538e+00
2.780000e-05	1.143693e-02	-7.792379e+00
2.781000e-05	1.500379e-02	-7.538247e+00
2.782000e-05	1.554127e-02	-7.286162e+00
2.783000e-05	1.193368e-02	-7.011484e+00
2.784000e-05	6.732701e-03	-6.759850e+00
2.785000e-05	7.797051e-03	-6.518200e+00
2.786000e-05	8.819204e-03	-6.255634e+00
2.787000e-05	7.573127e-03	-5.972001e+00
2.788000e-05	5.379797e-03	-5.738774e+00
2.789000e-05	4.520285e-03	-5.485658e+00
2.790000e-05	5.744817e-03	-5.191398e+00
2.791000e-05	4.768724e-03	-4.882640e+00
2.792000e-05	3.637674e-03	-4.569896e+00
2.793000e-05	1.141385e-03	-4.378924e+00
2.794000e-05	1.692955e-03	-4.096617e+00
2.795000e-05	1.412882e-03	-3.773532e+00
2.796000e-05	3.878181e-03	-3.538320e+00
2.797000e-05	1.040389e-03	-3.335617e+00
2.798000e-05	1.549289e-03	-3.000906e+00
2.799000e-05	-1.618004e-03	-2.717267e+00
2.800000e-05	2.431856e-04	-2.453085e+00
2.801000e-05	-2.745225e-03	-2.148796e+00
2.802000e-05	-3.118382e-03	-1.885165e+00
2.803000e-05	-5.760719e-03	-1.620029e+00
2.804000e-05	-1.450720e-03	-1.245091e+00
2.805000e-05	-2.505581e-03	-9.494184e-01
2.806000e-05	-1.186251e-03	-7.272153e-01
2.807000e-05	-4.349170e-03	-3.894759e-01
2.808000e-05	-2.774278e-03	-1.268443e-01
2.809000e-05	2.803392e-03	9.536507e-02
2.810000e-05	4.100454e-03	4.505492e-01
2.811000e-05	-6.135941e-03	6.412282e-01
2.812000e-05	8.914896e-04	9.268374e-01
2.813000e-05	-3.145930e-03	1.231075e+00
2.814000e-05	1.711340e-03	1.463285e+00
2.815000e-05	-2.688260e-03	1.799075e+00
2.816000e-05	1.547057e-02	2.010052e+00
2.817000e-05	5.104078e-02	2.261130e+00
2.818000e-05	4.988798e-02	2.596919e+00
2.819000e-05	-8.310245e-02	2.934737e+00
2.820000e-05	-3.133075e-02	3.200524e+00
2.821000e-05	-3.629266e-02	3.464678e+00
2.822000e-05	-3.618928e-02	3.715363e+00
2.823000e-05	-8.009769e-02	3.916338e+00
2.824000e-05	2.881416e-02	4.165815e+00
2.825000e-05	1.025169e-01	4.431730e+00
2.826000e-05	-1.141561e-01	4.694390e+00
2.827000e-05	1.200207e-01	4.944893e+00
2.828000e-05	-3.629381e-02	5.305336e+00
2.829000e-05	-6.584866e-02	5.556844e+00
2.830000e-05	3.299237e-02	5.820602e+00
2.831000e-05	-8.327424e-02	6.095287e+00
2.832000e-05	7.263819e-02	6.327315e+00
2.833000e-05	-5.387916e-02	6.611025e+00
2.834000e-05	1.629948e-02	6.873133e+00
2.835000e-05	-7.170058e-03	7.155241e+00
2.836000e-05	-3.563347e-02	7.389504e+00
2.837000e-05	3.958341e-03	7.671715e+00
2.838000e-05	-6.308158e-02	7.947299e+00
2.839000e-05	4.126348e-02	8.212151e+00
2.840000e-05	-3.793021e-02	8.482080e+00
2.841000e-05	-1.804001e-03	8.652032e+00
2.842000e-05	-2.735251e-03	8.873635e+00
2.843000e-05	-5.144353e-02	9.125211e+00
2.844000e-05	6.296797e-03	9.346293e+00
2.845000e-05	-3.480100e-02	9.557874e+00
2.846000e-05	1.113964e-02	9.799399e+00
2.847000e-05	-4.202317e-02	9.958428e+00
2.848000e-05	-2.282929e-03	1.021000e+01
2.849000e-05	-2.048312e-02	1.038908e+01
2.850000e-05	-2.405419e-02	1.062042e+01
2.851000e-05	-1.517139e-02	1.080195e+01
2.852000e-05	-3.900142e-02	1.101050e+01
2.853000e-05	-2.284294e-03	1.114790e+01
2.854000e-05	-3.130841e-02	1.139882e+01
2.855000e-05	-7.944465e-03	1.156030e+01
2.856000e-05	-3.956981e-02	1.177732e+01
2.857000e-05	-1.595621e-02	1.190572e+01
2.858000e-05	-2.799572e-02	1.210514e+01
2.859000e-05	-2.352400e-02	1.226358e+01
2.860000e-05	-2.940335e-02	1.240201e+01
2.861000e-05	-3.031360e-02	1.261890e+01
2.862000e-05	-1.861666e-02	1.268574e+01
2.863000e-05	-2.931718e-02	1.286358e+01
2.864000e-05	-2.386085e-02	1.301982e+01
2.865000e-05	-3.781976e-02	1.312732e+01
2.866000e-05	-2.511191e-02	1.327511e+01
2.867000e-05	-3.282951e-02	1.342098e+01
2.868000e-05	-2.946467e-02	1.348419e+01
2.869000e-05	-3.920125e-02	1.364100e+01
2.870000e-05	-3.433077e-02	1.373730e+01
2.871000e-05	-3.084618e-02	1.387504e+01
2.872000e-05	-3.434520e-02	1.397977e+01
2.873000e-05	-3.797940e-02	1.405248e+01
2.874000e-05	-4.163721e-02	1.418887e+01
2.875000e-05	-3.571719e-02	1.427396e+01
2.876000e-05	-3.781138e-02	1.430975e+01
2.877000e-05	-3.743319e-02	1.440292e+01
2.878000e-05	-4.292382e-02	1.446551e+01
2.879000e-05	-4.137459e-02	1.450820e+01
2.880000e-05	-4.230746e-02	1.455230e+01
2.881000e-05	-4.523669e-02	1.460243e+01
2.882000e-05	-4.772658e-02	1.464221e+01
2.883000e-05	-4.981131e-02	1.470614e+01
2.884000e-05	-4.488895e-02	1.471667e+01
2.885000e-05	-4.566369e-02	1.472781e+01
2.886000e-05	-4.934266e-02	1.474830e+01
2.887000e-05	-5.324789e-02	1.473830e+01
2.888000e-05	-5.158528e-02	1.478937e+01
2.889000e-05	-5.210532e-02	1.477983e+01
2.890000e-05	-5.478575e-02	1.476030e+01
2.891000e-05	-5.794649e-02	1.474984e+01
2.892000e-05	-5.848751e-02	1.474774e+01
2.893000e-05	-5.580772e-02	1.473667e+01
2.894000e-05	-5.751271e-02	1.470361e+01
2.895000e-05	-6.081724e-02	1.465354e+01
2.896000e-05	-6.233204e-02	1.460356e+01
2.897000e-05	-6.125365e-02	1.459130e+01
2.898000e-05	-6.132914e-02	1.453815e+01
2.899000e-05	-6.473850e-02	1.441509e+01
2.900000e-05	-6.704528e-02	1.441093e+01
2.901000e-05	-7.002137e-02	1.431937e+01
2.902000e-05	-6.692088e-02	1.430348e+01
2.903000e-05	-7.418255e-02	1.417293e+01
2.904000e-05	-7.120882e-02	1.407604e+01
2.905000e-05	-7.985113e-02	1.401079e+01
2.906000e-05	-7.326879e-02	1.387561e+01
2.907000e-05	-7.894272e-02	1.378035e+01
2.908000e-05	-7.996889e-02	1.364401e+01
2.909000e-05	-8.561874e-02	1.354727e+01
2.910000e-05	-8.538623e-02	1.346209e+01
2.911000e-05	-8.467485e-02	1.330724e+01
2.912000e-05	-8.030428e-02	1.322028e+01
2.913000e-05	-8.152810e-02	1.303503e+01
2.914000e-05	-7.390246e-02	1.288777e+01
2.915000e-05	-7.220482e-02	1.277987e+01
2.916000e-05	-6.912226e-02	1.260191e+01
2.917000e-05	-6.868448e-02	1.248664e+01
2.918000e-05	-6.864566e-02	1.236777e+01
2.919000e-05	-6.235515e-02	1.217035e+01
2.920000e-05	-5.740932e-02	1.204093e+01
2.921000e-05	-5.271146e-02	1.181351e+01
2.922000e-05	-5.017411e-02	1.168451e+01
2.923000e-05	-4.813261e-02	1.150501e+01
2.924000e-05	-4.475941e-02	1.127454e+01
2.925000e-05	-4.397636e-02	1.108354e+01
2.926000e-05	-4.384605e-02	1.089819e+01
2.927000e-05	-4.149750e-02	1.071761e+01
2.928000e-05	-3.850419e-02	1.050720e+01
2.929000e-05	-3.585841e-02	1.027724e+01
2.930000e-05	-3.461671e-02	1.010776e+01
2.931000e-05	-3.334714e-02	9.876665e+00
2.932000e-05	-3.274258e-02	9.662512e+00
2.933000e-05	-3.038403e-02	9.452484e+00
2.934000e-05	-2.981545e-02	9.264485e+00
2.935000e-05	-2.915659e-02	8.962300e+00
2.936000e-05	-2.680777e-02	8.789924e+00
2.937000e-05	-2.496227e-02	8.529796e+00
2.938000e-05	-2.300585e-02	8.348296e+00
2.939000e-05	-2.373198e-02	8.085639e+00
2.940000e-05	-2.321479e-02	7.833032e+00
2.941000e-05	-2.138231e-02	7.590473e+00
2.942000e-05	-2.112647e-02	7.347668e+00
2.943000e-05	-2.100387e-02	7.044083e+00
2.944000e-05	-2.104778e-02	6.821554e+00
2.945000e-05	-1.913008e-02	6.558298e+00
2.946000e-05	-1.709688e-02	6.284089e+00
2.947000e-05	-1.619142e-02	6.054160e+00
2.948000e-05	-1.560111e-02	5.798876e+00
2.949000e-05	-1.662728e-02	5.466818e+00
2.950000e-05	-1.540068e-02	5.255160e+00
2.951000e-05	-1.385278e-02	4.884641e+00
2.952000e-05	-1.458930e-02	4.625005e+00
2.953000e-05	-1.389106e-02	4.390976e+00
2.954000e-05	-1.328629e-02	4.086638e+00
2.955000e-05	-1.046966e-02	3.812583e+00
2.956000e-05	-9.496104e-03	3.589472e+00
2.957000e-05	-1.031160e-02	3.275190e+00
2.958000e-05	-1.030179e-02	3.041478e+00
2.959000e-05	-9.711320e-03	2.729950e+00
2.960000e-05	-8.981894e-03	2.384132e+00
2.961000e-05	-8.700951e-03	2.139797e+00
2.962000e-05	-9.622857e-03	1.936319e+00
2.963000e-05	-8.344799e-03	1.561580e+00
2.964000e-05	-7.794696e-03	1.316217e+00
2.965000e-05	-5.285646e-03	1.021454e+00
2.966000e-05	-5.274441e-03	6.757366e-01
2.967000e-05	-4.882118e-03	4.520300e-01
2.968000e-05	-3.922172e-03	1.794455e-01
2.969000e-05	-6.538042e-04	-1.563171e-01
2.970000e-05	7.761315e-03	-3.994762e-01
2.971000e-05	-3.629327e-03	-6.421795e-01
2.972000e-05	1.985724e-03	-9.163172e-01
2.973000e-05	-2.867347e-03	-1.209996e+00
2.974000e-05	5.031093e-04	-1.464716e+00
2.975000e-05	-6.838874e-04	-1.756285e+00
2.976000e-05	2.190690e-02	-1.958372e+00
2.977000e-05	8.358053e-02	-2.198992e+00
2.978000e-05	1.852320e-02	-2.535894e+00
2.979000e-05	-7.168189e-02	-2.998394e+00
2.980000e-05	4.169226e-03	-3.324160e+00
2.981000e-05	-4.478682e-02	-3.516212e+00
2.982000e-05	-6.091796e-02	-3.734290e+00
2.983000e-05	-9.988053e-03	-3.958267e+00
2.984000e-05	1.627093e-01	-4.115167e+00
2.985000e-05	-1.469604e-01	-4.399602e+00
2.986000e-05	1.461466e-01	-4.724186e+00
2.987000e-05	-2.999142e-03	-4.915292e+00
2.988000e-05	-6.891199e-02	-5.283686e+00
2.989000e-05	1.054854e-01	-5.537342e+00
2.990000e-05	-1.573602e-01	-5.841631e+00
2.991000e-05	1.656616e-01	-6.112678e+00
2.992000e-05	-6.250607e-02	-6.316863e+00
2.993000e-05	4.214760e-02	-6.620452e+00
2.994000e-05	6.518615e-02	-6.881631e+00
2.995000e-05	-9.689674e-02	-7.148425e+00
2.996000e-05	1.034262e-01	-7.430502e+00
2.997000e-05	-1.075648e-01	-7.693614e+00
2.998000e-05	9.841416e-02	-7.977453e+00
2.999000e-05	-1.083654e-02	-8.189875e+00
3.000000e-05	-7.069350e-03	-8.470155e+00
3.001000e-05	9.344269e-02	-8.673062e+00
3.002000e-05	-8.860392e-02	-8.917769e+00
3.003000e-05	9.155971e-02	-9.167320e+00
3.004000e-05	-7.036191e-02	-9.355322e+00
3.005000e-05	8.018440e-02	-9.568924e+00
3.006000e-05	-1.586732e-02	-9.788399e+00
3.007000e-05	2.798971e-02	-1.001948e+01
3.008000e-05	2.736197e-02	-1.024038e+01
3.009000e-05	-2.079088e-02	-1.042398e+01
3.010000e-05	6.179707e-02	-1.061103e+01
3.011000e-05	-3.804656e-02	-1.084050e+01
3.012000e-05	6.770358e-02	-1.105088e+01
3.013000e-05	-2.940364e-02	-1.120848e+01
3.014000e-05	6.103293e-02	-1.140093e+01
3.015000e-05	-1.162961e-02	-1.159893e+01
3.016000e-05	4.076773e-02	-1.180030e+01
3.017000e-05	3.401862e-03	-1.197927e+01
3.018000e-05	2.496843e-02	-1.214830e+01
3.019000e-05	2.641833e-02	-1.230317e+01
3.020000e-05	1.135028e-02	-1.246506e+01
3.021000e-05	3.637367e-02	-1.262985e+01
3.022000e-05	3.027761e-03	-1.277938e+01
3.023000e-05	4.470956e-02	-1.289570e+01
3.024000e-05	6.656514e-03	-1.308306e+01
3.025000e-05	4.263090e-02	-1.316038e+01
3.026000e-05	5.826251e-03	-1.333517e+01
3.027000e-05	3.939585e-02	-1.346294e+01
3.028000e-05	1.722847e-02	-1.357828e+01
3.029000e-05	3.601348e-02	-1.369414e+01
3.030000e-05	2.360408e-02	-1.380988e+01
3.031000e-05	3.164058e-02	-1.387615e+01
3.032000e-05	3.091823e-02	-1.398885e+01
3.033000e-05	2.933533e-02	-1.412612e+01
3.034000e-05	3.297448e-02	-1.419277e+01
3.035000e-05	2.638928e-02	-1.429554e+01
3.036000e-05	3.785196e-02	-1.436820e+01
3.037000e-05	3.324689e-02	-1.440193e+01
3.038000e-05	4.177789e-02	-1.447499e+01
3.039000e-05	3.148580e-02	-1.453832e+01
3.040000e-05	3.756372e-02	-1.461191e+01
3.041000e-05	3.445229e-02	-1.467303e+01
3.042000e-05	4.000943e-02	-1.469461e+01
3.043000e-05	3.738448e-02	-1.471422e+01
3.044000e-05	4.328636e-02	-1.472727e+01
3.045000e-05	4.256837e-02	-1.480775e+01
3.046000e-05	4.511349e-02	-1.479035e+01
3.047000e-05	4.330878e-02	-1.477143e+01
3.048000e-05	4.259693e-02	-1.482293e+01
3.049000e-05	4.527743e-02	-1.483091e+01
3.050000e-05	4.844413e-02	-1.481193e+01
3.051000e-05	4.941852e-02	-1.478088e+01
3.052000e-05	4.975773e-02	-1.480840e+01
3.053000e-05	5.096586e-02	-1.476082e+01
3.054000e-05	5.217075e-02	-1.474675e+01
3.055000e-05	5.220876e-02	-1.472519e+01
3.056000e-05	5.229942e-02	-1.472404e+01
3.057000e-05	5.379742e-02	-1.460301e+01
3.058000e-05	5.709251e-02	-1.459083e+01
3.059000e-05	5.841403e-02	-1.456770e+01
3.060000e-05	5.738193e-02	-1.445504e+01
3.061000e-05	5.787703e-02	-1.441181e+01
3.062000e-05	5.987210e-02	-1.434767e+01
3.063000e-05	6.400665e-02	-1.430551e+01
3.064000e-05	6.608242e-02	-1.416878e+01
3.065000e-05	6.689265e-02	-1.406449e+01
3.066000e-05	6.993067e-02	-1.399128e+01
3.067000e-05	7.295276e-02	-1.386357e+01
3.068000e-05	7.336418e-02	-1.376879e+01
3.069000e-05	7.548805e-02	-1.362356e+01
3.070000e-05	7.508831e-02	-1.353767e+01
3.071000e-05	7.520504e-02	-1.346135e+01
3.072000e-05	7.562279e-02	-1.327412e+01
3.073000e-05	7.127038e-02	-1.317680e+01
3.074000e-05	6.890800e-02	-1.302243e+01
3.075000e-05	6.662910e-02	-1.292514e+01
3.076000e-05	6.583570e-02	-1.276927e+01
3.077000e-05	6.308174e-02	-1.263188e+01
3.078000e-05	5.885482e-02	-1.247494e+01
3.079000e-05	5.369914e-02	-1.227614e+01
3.080000e-05	5.109849e-02	-1.212772e+01
3.081000e-05	4.705649e-02	-1.195773e+01
3.082000e-05	4.441509e-02	-1.178140e+01
3.083000e-05	4.023593e-02	-1.160138e+01
3.084000e-05	3.838723e-02	-1.135075e+01
3.085000e-05	3.730219e-02	-1.116088e+01
3.086000e-05	3.556920e-02	-1.091880e+01
3.087000e-05	3.183121e-02	-1.077193e+01
3.088000e-05	3.021408e-02	-1.060140e+01
3.089000e-05	2.811379e-02	-1.042036e+01
3.090000e-05	2.839855e-02	-1.017133e+01
3.091000e-05	2.559597e-02	-9.960905e+00
3.092000e-05	2.353755e-02	-9.758826e+00
3.093000e-05	2.256193e-02	-9.589802e+00
3.094000e-05	2.046095e-02	-9.328247e+00
3.095000e-05	2.002517e-02	-9.126717e+00
3.096000e-05	1.760529e-02	-8.896664e+00
3.097000e-05	1.760441e-02	-8.644991e+00
3.098000e-05	1.570602e-02	-8.444559e+00
3.099000e-05	1.538520e-02	-8.201356e+00
3.100000e-05	1.409472e-02	-7.980299e+00
3.101000e-05	1.276444e-02	-7.696114e+00
3.102000e-05	1.119521e-02	-7.423005e+00
3.103000e-05	1.025885e-02	-7.201453e+00
3.104000e-05	1.095014e-02	-6.886215e+00
3.105000e-05	9.641256e-03	-6.664085e+00
3.106000e-05	9.257339e-03	-6.423059e+00
3.107000e-05	8.642157e-03	-6.139874e+00
3.108000e-05	7.746065e-03	-5.925714e+00
3.109000e-05	6.137491e-03	-5.642961e+00
3.110000e-05	4.920884e-03	-5.378297e+00
3.111000e-05	4.022268e-03	-5.063081e+00
3.112000e-05	5.328236e-03	-4.739189e+00
3.113000e-05	3.916515e-03	-4.484615e+00
3.114000e-05	2.047256e-03	-4.274585e+00
3.115000e-05	1.476329e-03	-3.980478e+00
3.116000e-05	1.426470e-03	-3.698196e+00
3.117000e-05	1.477692e-03	-3.422584e+00
3.118000e-05	6.959366e-04	-3.189975e+00
3.119000e-05	1.198595e-03	-2.864613e+00
3.120000e-05	-7.034657e-04	-2.601429e+00
3.121000e-05	-2.838912e-04	-2.359342e+00
3.122000e-05	-4.534296e-03	-2.033061e+00
3.123000e-05	-8.700963e-04	-1.758420e+00
3.124000e-05	-3.940963e-03	-1.505640e+00
3.125000e-05	-2.700355e-04	-1.139417e+00
3.126000e-05	-4.155522e-03	-8.851091e-01
3.127000e-05	-1.570141e-03	-5.978760e-01
3.128000e-05	-3.062268e-03	-2.847404e-01
3.129000e-05	-4.961341e-04	-2.095631e-02
3.130000e-05	4.485994e-03	2.722858e-01
3.131000e-05	-3.332509e-03	5.553121e-01
3.132000e-05	-6.368358e-05	8.169688e-01
3.133000e-05	3.328365e-04	9.926331e-01
3.134000e-05	-3.489245e-03	1.344745e+00
3.135000e-05	-2.082681e-03	1.641204e+00
3.136000e-05	-8.124900e-04	1.883761e+00
3.137000e-05	2.804848e-02	2.085257e+00
3.138000e-05	6.957886e-02	2.418470e+00
3.139000e-05	-9.559788e-03	2.755919e+00
3.140000e-05	-7.570760e-02	3.029552e+00
3.141000e-05	-2.022853e-02	3.313735e+00
3.142000e-05	-3.510155e-02	3.608473e+00
3.143000e-05	-5.421408e-02	3.780100e+00
3.144000e-05	-6.517602e-02	4.021029e+00
3.145000e-05	9.653689e-02	4.263135e+00
3.146000e-05	1.213401e-02	4.576920e+00
3.147000e-05	-6.291638e-02	4.838473e+00
3.148000e-05	1.377722e-01	5.122190e+00
3.149000e-05	-1.302500e-01	5.429549e+00
3.150000e-05	3.215990e-02	5.650154e+00
3.151000e-05	-4.558532e-02	5.905943e+00
3.152000e-05	-2.177352e-02	6.208922e+00
3.153000e-05	4.420330e-02	6.460606e+00
3.154000e-05	-6.319044e-02	6.707289e+00
3.155000e-05	5.277540e-02	7.007924e+00
3.156000e-05	-5.963525e-02	7.293052e+00
3.157000e-05	1.623428e-02	7.505763e+00
3.158000e-05	-4.762963e-02	7.819896e+00
3.159000e-05	-1.153441e-02	8.054157e+00
3.160000e-05	1.580793e-02	8.336365e+00
3.161000e-05	-4.690440e-02	8.524764e+00
3.162000e-05	2.528496e-02	8.737244e+00
3.163000e-05	-3.989210e-02	9.011372e+00
3.164000e-05	-1.760497e-02	9.200952e+00
3.165000e-05	-1.688099e-02	9.440528e+00
3.166000e-05	-1.479795e-02	9.612007e+00
3.167000e-05	-9.436175e-03	9.863636e+00
3.168000e-05	-3.493626e-02	1.004369e+01
3.169000e-05	2.042847e-03	1.027311e+01
3.170000e-05	-3.450059e-02	1.048159e+01
3.171000e-05	-7.278759e-03	1.068567e+01
3.172000e-05	-3.152577e-02	1.084511e+01
3.173000e-05	-1.919641e-02	1.107458e+01
3.174000e-05	-1.779619e-02	1.127356e+01
3.175000e-05	-2.083317e-02	1.146413e+01
3.176000e-05	-1.846693e-02	1.164358e+01
3.177000e-05	-3.330930e-02	1.181108e+01
3.178000e-05	-1.901936e-02	1.197945e+01
3.179000e-05	-3.089774e-02	1.217082e+01
3.180000e-05	-2.044565e-02	1.233774e+01
3.181000e-05	-3.241756e-02	1.248454e+01
3.182000e-05	-2.271268e-02	1.265158e+01
3.183000e-05	-2.540431e-02	1.277890e+01
3.184000e-05	-2.490150e-02	1.289662e+01
3.185000e-05	-3.098679e-02	1.307256e+01
3.186000e-05	-3.346126e-02	1.319943e+01
3.187000e-05	-3.116281e-02	1.334680e+01
3.188000e-05	-3.001539e-02	1.344201e+01
3.189000e-05	-3.222955e-02	1.356682e+01
3.190000e-05	-3.618223e-02	1.368406e+01
3.191000e-05	-3.333363e-02	1.378030e+01
3.192000e-05	-3.281455e-02	1.389572e+01
3.193000e-05	-3.399681e-02	1.400893e+01
3.194000e-05	-4.057960e-02	1.409564e+01
3.195000e-05	-3.937016e-02	1.420242e+01
3.196000e-05	-3.932680e-02	1.432564e+01
3.197000e-05	-3.653491e-02	1.435982e+01
3.198000e-05	-4.060862e-02	1.444193e+01
3.199000e-05	-4.120265e-02	1.448561e+01
3.200000e-05	-4.385283e-02	1.455922e+01
3.201000e-05	-4.193453e-02	1.459143e+01
3.202000e-05	-4.534268e-02	1.464391e+01
3.203000e-05	-4.757167e-02	1.470564e+01
3.204000e-05	-4.863356e-02	1.472566e+01
3.205000e-05	-4.596866e-02	1.472682e+01
3.206000e-05	-4.684759e-02	1.472670e+01
3.207000e-05	-5.060620e-02	1.477825e+01
3.208000e-05	-5.166862e-02	1.477987e+01
3.209000e-05	-5.374440e-02	1.478937e+01
3.210000e-05	-5.226876e-02	1.474830e+01
3.211000e-05	-5.545202e-02	1.478027e+01
3.212000e-05	-5.684703e-02	1.476830e+01
3.213000e-05	-5.808506e-02	1.470782e+01
3.214000e-05	-5.809792e-02	1.473564e+01
3.215000e-05	-5.925560e-02	1.466656e+01
3.216000e-05	-6.133478e-02	1.470451e+01
3.217000e-05	-6.098196e-02	1.462146e+01
3.218000e-05	-6.253421e-02	1.457867e+01
3.219000e-05	-6.177691e-02	1.450664e+01
3.220000e-05	-6.451055e-02	1.442393e+01
3.221000e-05	-6.650105e-02	1.437038e+01
3.222000e-05	-6.751988e-02	1.429822e+01
3.223000e-05	-7.051141e-02	1.424093e+01
3.224000e-05	-7.359023e-02	1.413728e+01
3.225000e-05	-7.454329e-02	1.404344e+01
3.226000e-05	-7.800503e-02	1.392967e+01
3.227000e-05	-7.680895e-02	1.386466e+01
3.228000e-05	-7.941165e-02	1.368722e+01
3.229000e-05	-8.118237e-02	1.362188e+01
3.230000e-05	-8.344163e-02	1.346664e+01
3.231000e-05	-8.481276e-02	1.338980e+01
3.232000e-05	-8.469819e-02	1.328604e+01
3.233000e-05	-8.190781e-02	1.315770e+01
3.234000e-05	-7.846198e-02	1.301938e+01
3.235000e-05	-7.347655e-02	1.286396e+01
3.236000e-05	-7.033358e-02	1.269629e+01
3.237000e-05	-6.835291e-02	1.258985e+01
3.238000e-05	-6.645304e-02	1.247296e+01
3.239000e-05	-6.446204e-02	1.227664e+01
3.240000e-05	-6.056963e-02	1.208664e+01
3.241000e-05	-5.886208e-02	1.196882e+01
3.242000e-05	-5.312950e-02	1.176037e+01
3.243000e-05	-5.015637e-02	1.159880e+01
3.244000e-05	-4.523064e-02	1.136293e+01
3.245000e-05	-4.400406e-02	1.117040e+01
3.246000e-05	-4.125904e-02	1.102143e+01
3.247000e-05	-4.226946e-02	1.082144e+01
3.248000e-05	-3.987791e-02	1.060293e+01
3.249000e-05	-3.996655e-02	1.044208e+01
3.250000e-05	-3.599582e-02	1.022198e+01
3.251000e-05	-3.416867e-02	1.001145e+01
3.252000e-05	-3.158007e-02	9.781377e+00
3.253000e-05	-3.097752e-02	9.539251e+00
3.254000e-05	-2.987153e-02	9.358297e+00
3.255000e-05	-2.653478e-02	9.198375e+00
3.256000e-05	-2.769598e-02	8.899193e+00
3.257000e-05	-2.656356e-02	8.666188e+00
3.258000e-05	-2.842541e-02	8.444613e+00
3.259000e-05	-2.502864e-02	8.223033e+00
3.260000e-05	-2.251445e-02	7.961379e+00
3.261000e-05	-2.113604e-02	7.737323e+00
3.262000e-05	-2.052827e-02	7.464562e+00
3.263000e-05	-2.052452e-02	7.171904e+00
3.264000e-05	-1.922124e-02	6.939775e+00
3.265000e-05	-1.947467e-02	6.718720e+00
3.266000e-05	-1.878508e-02	6.474005e+00
3.267000e-05	-1.830796e-02	6.201881e+00
3.268000e-05	-1.767266e-02	5.948891e+00
3.269000e-05	-1.592160e-02	5.715166e+00
3.270000e-05	-1.424614e-02	5.453005e+00
3.271000e-05	-1.527163e-02	5.127139e+00
3.272000e-05	-1.408369e-02	4.761526e+00
3.273000e-05	-1.315176e-02	4.527746e+00
3.274000e-05	-1.301952e-02	4.306166e+00
3.275000e-05	-1.177076e-02	3.961951e+00
3.276000e-05	-1.238047e-02	3.716214e+00
3.277000e-05	-1.176013e-02	3.476085e+00
3.278000e-05	-1.066637e-02	3.197871e+00
3.279000e-05	-9.066283e-03	2.906743e+00
3.280000e-05	-1.051224e-02	2.632489e+00
3.281000e-05	-9.770839e-03	2.338267e+00
3.282000e-05	-8.179034e-03	2.064134e+00
3.283000e-05	-7.296664e-03	1.821499e+00
3.284000e-05	-7.444150e-03	1.465818e+00
3.285000e-05	-8.728331e-03	1.210572e+00
3.286000e-05	-7.855175e-03	9.041402e-01
3.287000e-05	-4.224251e-03	6.009969e-01
3.288000e-05	-4.011838e-03	3.273969e-01
3.289000e-05	-4.207942e-03	1.002357e-03
3.290000e-05	2.238895e-03	-2.517032e-01
3.291000e-05	6.213543e-03	-4.731332e-01
3.292000e-05	-2.086634e-03	-7.790013e-01
3.293000e-05	2.390524e-03	-1.041602e+00
3.294000e-05	-4.931836e-03	-1.264692e+00
3.295000e-05	-4.091198e-04	-1.569551e+00
3.296000e-05	4.883346e-03	-1.820603e+00
3.297000e-05	4.655698e-02	-2.061631e+00
3.298000e-05	8.696567e-02	-2.335943e+00
3.299000e-05	-5.767171e-02	-2.706864e+00
3.300000e-05	-2.477013e-02	-3.134386e+00
3.301000e-05	-1.388851e-02	-3.419003e+00
3.302000e-05	-4.361087e-02	-3.570548e+00
3.303000e-05	-7.807813e-02	-3.819102e+00
3.304000e-05	1.057310e-01	-4.020028e+00
3.305000e-05	4.721645e-02	-4.230082e+00
3.306000e-05	-9.272645e-02	-4.544893e+00
3.307000e-05	1.711065e-01	-4.778398e+00
3.308000e-05	-1.624572e-01	-5.083662e+00
3.309000e-05	9.341000e-02	-5.428925e+00
3.310000e-05	-3.959077e-02	-5.672157e+00
3.311000e-05	-4.978767e-02	-5.946921e+00
3.312000e-05	1.276612e-01	-6.158315e+00
3.313000e-05	-1.177912e-01	-6.483185e+00
3.314000e-05	1.469662e-01	-6.746841e+00
3.315000e-05	-6.869122e-02	-6.977394e+00
3.316000e-05	1.427847e-02	-7.284766e+00
3.317000e-05	2.407196e-02	-7.524293e+00
3.318000e-05	-7.170819e-02	-7.863033e+00
3.319000e-05	1.299366e-01	-8.054608e+00
3.320000e-05	-8.990046e-02	-8.284261e+00
3.321000e-05	1.036978e-01	-8.566792e+00
3.322000e-05	-2.019710e-02	-8.747796e+00
3.323000e-05	-8.444476e-03	-9.021030e+00
3.324000e-05	4.371858e-02	-9.200102e+00
3.325000e-05	-4.850989e-02	-9.484086e+00
3.326000e-05	9.527641e-02	-9.683060e+00
3.327000e-05	-5.814199e-02	-9.892711e+00
3.328000e-05	8.765870e-02	-1.013361e+01
3.329000e-05	-4.291806e-02	-1.033561e+01
3.330000e-05	5.098886e-02	-1.048479e+01
3.331000e-05	-3.245807e-03	-1.069511e+01
3.332000e-05	1.423444e-02	-1.088671e+01
3.333000e-05	3.167130e-02	-1.107306e+01
3.334000e-05	-3.367066e-03	-1.130567e+01
3.335000e-05	4.997062e-02	-1.148464e+01
3.336000e-05	-1.332467e-02	-1.169359e+01
3.337000e-05	5.145446e-02	-1.187356e+01
3.338000e-05	-1.613204e-02	-1.204258e+01
3.339000e-05	5.119824e-02	-1.225998e+01
3.340000e-05	-4.282782e-03	-1.237685e+01
3.341000e-05	4.052679e-02	-1.258624e+01
3.342000e-05	9.777304e-03	-1.272604e+01
3.343000e-05	3.160624e-02	-1.284204e+01
3.344000e-05	2.453414e-02	-1.300890e+01
3.345000e-05	2.105190e-02	-1.310472e+01
3.346000e-05	2.910592e-02	-1.324353e+01
3.347000e-05	1.454507e-02	-1.339942e+01
3.348000e-05	3.617894e-02	-1.350714e+01
3.349000e-05	1.589365e-02	-1.359796e+01
3.350000e-05	3.907872e-02	-1.374727e+01
3.351000e-05	2.046888e-02	-1.383203e+01
3.352000e-05	4.022882e-02	-1.390767e+01
3.353000e-05	2.395341e-02	-1.407256e+01
3.354000e-05	3.458366e-02	-1.414827e+01
3.355000e-05	2.684665e-02	-1.427353e+01
3.356000e-05	3.324455e-02	-1.433767e+01
3.357000e-05	3.425585e-02	-1.435978e+01
3.358000e-05	3.702619e-02	-1.445396e+01
3.359000e-05	3.607251e-02	-1.452779e+01
3.360000e-05	3.350359e-02	-1.461992e+01
3.361000e-05	3.773056e-02	-1.461251e+01
3.362000e-05	3.560976e-02	-1.468304e+01
3.363000e-05	4.077791e-02	-1.471466e+01
3.364000e-05	3.931572e-02	-1.472674e+01
3.365000e-05	4.386090e-02	-1.473880e+01
3.366000e-05	4.231935e-02	-1.478025e+01
3.367000e-05	4.510021e-02	-1.481095e+01
3.368000e-05	4.196597e-02	-1.481146e+01
3.369000e-05	4.501783e-02	-1.481891e+01
3.370000e-05	4.636193e-02	-1.483095e+01
3.371000e-05	4.976237e-02	-1.480293e+01
3.372000e-05	4.976701e-02	-1.478990e+01
3.373000e-05	5.083471e-02	-1.481780e+01
3.374000e-05	5.200382e-02	-1.478787e+01
3.375000e-05	5.136414e-02	-1.473772e+01
3.376000e-05	5.324824e-02	-1.465361e+01
3.377000e-05	5.226560e-02	-1.467351e+01
3.378000e-05	5.521163e-02	-1.463053e+01
3.379000e-05	5.620234e-02	-1.458940e+01
3.380000e-05	5.858177e-02	-1.455562e+01
3.381000e-05	5.812898e-02	-1.444144e+01
3.382000e-05	5.943898e-02	-1.438038e+01
3.383000e-05	6.079513e-02	-1.431414e+01
3.384000e-05	6.532306e-02	-1.423436e+01
3.385000e-05	6.790321e-02	-1.410715e+01
3.386000e-05	6.815004e-02	-1.399301e+01
3.387000e-05	6.799787e-02	-1.397559e+01
3.388000e-05	7.193144e-02	-1.379301e+01
3.389000e-05	7.514437e-02	-1.370712e+01
3.390000e-05	7.651068e-02	-1.362238e+01
3.391000e-05	7.389353e-02	-1.349464e+01
3.392000e-05	7.343022e-02	-1.338983e+01
3.393000e-05	7.429912e-02	-1.324249e+01
3.394000e-05	7.256224e-02	-1.311459e+01
3.395000e-05	6.854247e-02	-1.299083e+01
3.396000e-05	6.440249e-02	-1.284449e+01
3.397000e-05	6.274773e-02	-1.266764e+01
3.398000e-05	6.102965e-02	-1.254623e+01
3.399000e-05	5.670253e-02	-1.237933e+01
3.400000e-05	5.234184e-02	-1.222251e+01
3.401000e-05	4.859379e-02	-1.210512e+01
3.402000e-05	4.710504e-02	-1.188514e+01
3.403000e-05	4.402764e-02	-1.164604e+01
3.404000e-05	4.109112e-02	-1.151667e+01
3.405000e-05	3.742413e-02	-1.126761e+01
3.406000e-05	3.403507e-02	-1.103667e+01
3.407000e-05	3.469087e-02	-1.090311e+01
3.408000e-05	3.240846e-02	-1.069629e+01
3.409000e-05	2.932811e-02	-1.055924e+01
3.410000e-05	2.580035e-02	-1.033777e+01
3.411000e-05	2.546401e-02	-1.011722e+01
3.412000e-05	2.621682e-02	-9.885689e+00
3.413000e-05	2.457647e-02	-9.706642e+00
3.414000e-05	2.157391e-02	-9.474009e+00
3.415000e-05	2.026778e-02	-9.252564e+00
3.416000e-05	2.025089e-02	-9.073505e+00
3.417000e-05	1.831441e-02	-8.851960e+00
3.418000e-05	1.615101e-02	-8.530824e+00
3.419000e-05	1.449187e-02	-8.306296e+00
3.420000e-05	1.475814e-02	-8.114642e+00
3.421000e-05	1.421616e-02	-7.865063e+00
3.422000e-05	1.314094e-02	-7.579848e+00
3.423000e-05	1.160312e-02	-7.347766e+00
3.424000e-05	9.968264e-03	-7.065209e+00
3.425000e-05	9.973506e-03	-6.811930e+00
3.426000e-05	9.731100e-03	-6.548826e+00
3.427000e-05	7.487258e-03	-6.337850e+00
3.428000e-05	6.911901e-03	-6.032589e+00
3.429000e-05	7.671894e-03	-5.810403e+00
3.430000e-05	6.809467e-03	-5.555893e+00
3.431000e-05	5.621589e-03	-5.214587e+00
3.432000e-05	2.606168e-03	-4.958346e+00
3.433000e-05	4.209412e-03	-4.602028e+00
3.434000e-05	3.139701e-03	-4.400479e+00
3.435000e-05	3.887314e-03	-4.158825e+00
3.436000e-05	1.608147e-03	-3.915612e+00
3.437000e-05	8.427346e-04	-3.600454e+00
3.438000e-05	-8.468847e-05	-3.305322e+00
3.439000e-05	1.332862e-03	-3.064507e+00
3.440000e-05	4.533916e-04	-2.759472e+00
3.441000e-05	-7.508595e-04	-2.495243e+00
3.442000e-05	-3.999296e-03	-2.211927e+00
3.443000e-05	-2.611466e-03	-1.947268e+00
3.444000e-05	-1.226989e-03	-1.643031e+00
3.445000e-05	-2.074099e-03	-1.337697e+00
3.446000e-05	-1.737283e-03	-1.022956e+00
3.447000e-05	-2.621666e-03	-7.403684e-01
3.448000e-05	-1.961501e-03	-4.240300e-01
3.449000e-05	-3.886045e-03	-1.589497e-01
3.450000e-05	1.047124e-03	8.268080e-02
3.451000e-05	4.322821e-03	3.869475e-01
3.452000e-05	-5.147401e-03	6.196216e-01
3.453000e-05	3.561756e-03	9.227066e-01
3.454000e-05	-3.364297e-03	1.187945e+00
3.455000e-05	-7.506410e-04	1.461153e+00
3.456000e-05	-4.882312e-03	1.787470e+00
3.457000e-05	1.198830e-02	1.988445e+00
3.458000e-05	4.267362e-02	2.229597e+00
3.459000e-05	6.414457e-02	2.525238e+00
3.460000e-05	-6.890600e-02	2.861682e+00
3.461000e-05	-4.109882e-02	3.195393e+00
3.462000e-05	-3.099540e-02	3.410052e+00
3.463000e-05	-3.317016e-02	3.673710e+00
3.464000e-05	-7.543818e-02	3.866264e+00
3.465000e-05	-2.251764e-03	4.162759e+00
3.466000e-05	1.179998e-01	4.409972e+00
3.467000e-05	-9.151255e-02	4.671108e+00
3.468000e-05	6.855949e-02	4.874284e+00
3.469000e-05	2.438655e-02	5.253682e+00
3.470000e-05	-1.059736e-01	5.554215e+00
3.471000e-05	5.133239e-02	5.756516e+00
3.472000e-05	-8.553761e-02	6.043081e+00
3.473000e-05	5.472129e-02	6.303232e+00
3.474000e-05	-2.495812e-02	6.578420e+00
3.475000e-05	-1.252381e-02	6.832607e+00
3.476000e-05	2.027074e-02	7.114688e+00
3.477000e-05	-5.604023e-02	7.357343e+00
3.478000e-05	1.957744e-02	7.652154e+00
3.479000e-05	-7.007642e-02	7.864687e+00
3.480000e-05	3.589897e-02	8.180001e+00
3.481000e-05	-2.324539e-02	8.409502e+00
3.482000e-05	-1.887297e-02	8.609879e+00
3.483000e-05	1.319133e-02	8.830083e+00
3.484000e-05	-5.501440e-02	9.074086e+00
3.485000e-05	5.423250e-03	9.343191e+00
3.486000e-05	-3.691610e-02	9.505789e+00
3.487000e-05	7.971339e-03	9.756744e+00
3.488000e-05	-3.611209e-02	9.957845e+00
3.489000e-05	-1.191966e-02	1.020890e+01
3.490000e-05	-1.219331e-02	1.032784e+01
3.491000e-05	-2.919604e-02	1.059032e+01
3.492000e-05	-8.263670e-03	1.074783e+01
3.493000e-05	-4.043783e-02	1.098782e+01
3.494000e-05	-3.248200e-03	1.113590e+01
3.495000e-05	-3.057518e-02	1.134880e+01
3.496000e-05	-8.145834e-03	1.155825e+01
3.497000e-05	-3.662503e-02	1.168774e+01
3.498000e-05	-1.898562e-02	1.190471e+01
3.499000e-05	-2.727213e-02	1.210506e+01
3.500000e-05	-2.328432e-02	1.225303e+01
3.501000e-05	-2.623133e-02	1.239993e+01
3.502000e-05	-3.239138e-02	1.256835e+01
3.503000e-05	-1.867427e-02	1.264517e+01
3.504000e-05	-2.993552e-02	1.283106e+01
3.505000e-05	-2.205036e-02	1.300928e+01
3.506000e-05	-3.813585e-02	1.312669e+01
3.507000e-05	-2.698536e-02	1.326251e+01
3.508000e-05	-3.259488e-02	1.340993e+01
3.509000e-05	-2.901992e-02	1.348514e+01
3.510000e-05	-3.727569e-02	1.363003e+01
3.511000e-05	-3.541244e-02	1.376667e+01
3.512000e-05	-3.101695e-02	1.386098e+01
3.513000e-05	-3.304895e-02	1.396823e+01
3.514000e-05	-3.530406e-02	1.405398e+01
3.515000e-05	-4.226492e-02	1.412732e+01
3.516000e-05	-3.742896e-02	1.422356e+01
3.517000e-05	-3.859674e-02	1.433812e+01
3.518000e-05	-3.773000e-02	1.443133e+01
3.519000e-05	-4.336469e-02	1.448616e+01
3.520000e-05	-4.133244e-02	1.450564e+01
3.521000e-05	-4.278560e-02	1.454033e+01
3.522000e-05	-4.308644e-02	1.466248e+01
3.523000e-05	-4.682227e-02	1.465256e+01
3.524000e-05	-4.956871e-02	1.471564e+01
3.525000e-05	-4.502898e-02	1.469817e+01
3.526000e-05	-4.594468e-02	1.471717e+01
3.527000e-05	-4.777833e-02	1.474735e+01
3.528000e-05	-5.387071e-02	1.476932e+01
3.529000e-05	-5.208015e-02	1.475938e+01
3.530000e-05	-5.302555e-02	1.475845e+01
3.531000e-05	-5.340326e-02	1.478932e+01
3.532000e-05	-5.704996e-02	1.472832e+01
3.533000e-05	-5.827575e-02	1.474827e+01
3.534000e-05	-5.577226e-02	1.471714e+01
3.535000e-05	-5.780003e-02	1.468679e+01
3.536000e-05	-6.059161e-02	1.469551e+01
3.537000e-05	-6.361682e-02	1.464288e+01
3.538000e-05	-6.155225e-02	1.457045e+01
3.539000e-05	-6.143036e-02	1.455672e+01
3.540000e-05	-6.376642e-02	1.450454e+01
3.541000e-05	-6.648760e-02	1.446395e+01
3.542000e-05	-6.800913e-02	1.439920e+01
3.543000e-05	-6.839267e-02	1.425309e+01
3.544000e-05	-6.980723e-02	1.421135e+01
3.545000e-05	-7.342510e-02	1.410372e+01
3.546000e-05	-7.711185e-02	1.400036e+01
3.547000e-05	-7.828806e-02	1.390721e+01
3.548000e-05	-7.731024e-02	1.376186e+01
3.549000e-05	-8.169691e-02	1.366559e+01
3.550000e-05	-8.556492e-02	1.355885e+01
3.551000e-05	-8.500636e-02	1.343458e+01
3.552000e-05	-8.044036e-02	1.334727e+01
3.553000e-05	-7.921780e-02	1.320090e+01
3.554000e-05	-8.064797e-02	1.306661e+01
3.555000e-05	-7.887569e-02	1.292932e+01
3.556000e-05	-7.355081e-02	1.283193e+01
3.557000e-05	-6.896737e-02	1.263309e+01
3.558000e-05	-6.942612e-02	1.253719e+01
3.559000e-05	-6.690887e-02	1.236023e+01
3.560000e-05	-6.308814e-02	1.218295e+01
3.561000e-05	-5.526206e-02	1.206453e+01
3.562000e-05	-5.298405e-02	1.188409e+01
3.563000e-05	-5.197519e-02	1.173661e+01
3.564000e-05	-5.268676e-02	1.149664e+01
3.565000e-05	-4.587579e-02	1.129409e+01
3.566000e-05	-4.303037e-02	1.107619e+01
3.567000e-05	-4.220339e-02	1.091777e+01
3.568000e-05	-4.176645e-02	1.071777e+01
3.569000e-05	-3.929081e-02	1.051973e+01
3.570000e-05	-3.538515e-02	1.032730e+01
3.571000e-05	-3.518686e-02	1.016932e+01
3.572000e-05	-3.505681e-02	9.948325e+00
3.573000e-05	-3.376423e-02	9.686670e+00
3.574000e-05	-3.009964e-02	9.453062e+00
3.575000e-05	-2.814271e-02	9.265736e+00
3.576000e-05	-2.747552e-02	9.004984e+00
3.577000e-05	-2.917661e-02	8.843008e+00
3.578000e-05	-2.694701e-02	8.580825e+00
3.579000e-05	-2.494848e-02	8.399472e+00
3.580000e-05	-2.295362e-02	8.137218e+00
3.581000e-05	-2.353801e-02	7.856587e+00
3.582000e-05	-2.241271e-02	7.622029e+00
3.583000e-05	-2.079362e-02	7.351296e+00
3.584000e-05	-1.932663e-02	7.117188e+00
3.585000e-05	-2.003526e-02	6.865111e+00
3.586000e-05	-2.004786e-02	6.580429e+00
3.587000e-05	-1.805299e-02	6.327843e+00
3.588000e-05	-1.638634e-02	6.095716e+00
3.589000e-05	-1.509567e-02	5.851958e+00
3.590000e-05	-1.655522e-02	5.610426e+00
3.591000e-05	-1.729348e-02	5.287263e+00
3.592000e-05	-1.433160e-02	4.979781e+00
3.593000e-05	-1.293437e-02	4.685189e+00
3.594000e-05	-1.314712e-02	4.453005e+00
3.595000e-05	-1.334438e-02	4.138875e+00
3.596000e-05	-1.177133e-02	3.835615e+00
3.597000e-05	-9.980988e-03	3.632581e+00
3.598000e-05	-1.067114e-02	3.327273e+00
3.599000e-05	-1.132110e-02	3.065059e+00
3.600000e-05	-1.107182e-02	2.781529e+00
3.601000e-05	-8.402959e-03	2.486218e+00
3.602000e-05	-8.560492e-03	2.212477e+00
3.603000e-05	-7.950937e-03	1.949420e+00
3.604000e-05	-8.716720e-03	1.666233e+00
3.605000e-05	-7.042311e-03	1.391451e+00
3.606000e-05	-6.903138e-03	1.084593e+00
3.607000e-05	-5.995013e-03	7.278205e-01
3.608000e-05	-5.770444e-03	4.856316e-01
3.609000e-05	-4.563429e-03	2.019708e-01
3.610000e-05	-1.105116e-03	-7.423074e-02
3.611000e-05	7.319604e-03	-3.659661e-01
3.612000e-05	-1.655059e-03	-6.005467e-01
3.613000e-05	3.347515e-05	-8.816584e-01
3.614000e-05	-6.479169e-04	-1.156414e+00
3.615000e-05	-2.423733e-05	-1.411631e+00
3.616000e-05	-6.045360e-04	-1.702710e+00
3.617000e-05	1.471526e-02	-1.945344e+00
3.618000e-05	7.324129e-02	-2.136339e+00
3.619000e-05	4.802989e-02	-2.532788e+00
3.620000e-05	-8.123486e-02	-2.874255e+00
3.621000e-05	2.421511e-03	-3.241608e+00
3.622000e-05	-3.910658e-02	-3.473161e+00
3.623000e-05	-5.176227e-02	-3.694161e+00
3.624000e-05	-4.288051e-02	-3.914744e+00
3.625000e-05	1.744846e-01	-4.083687e+00
3.626000e-05	-1.077107e-01	-4.358499e+00
3.627000e-05	6.724299e-02	-4.651581e+00
3.628000e-05	6.143467e-02	-4.873686e+00
3.629000e-05	-1.185269e-01	-5.238052e+00
3.630000e-05	1.432978e-01	-5.494690e+00
3.631000e-05	-1.583859e-01	-5.768423e+00
3.632000e-05	1.179334e-01	-6.011679e+00
3.633000e-05	-1.691094e-03	-6.283606e+00
3.634000e-05	-2.283172e-02	-6.606875e+00
3.635000e-05	1.147407e-01	-6.799479e+00
3.636000e-05	-1.150907e-01	-7.086184e+00
3.637000e-05	9.965335e-02	-7.407797e+00
3.638000e-05	-8.079949e-02	-7.641051e+00
3.639000e-05	4.702959e-02	-7.916316e+00
3.640000e-05	4.081932e-02	-8.127319e+00
3.641000e-05	-5.486144e-02	-8.349475e+00
3.642000e-05	1.217508e-01	-8.639956e+00
3.643000e-05	-8.967403e-02	-8.893260e+00
3.644000e-05	7.861477e-02	-9.115792e+00
3.645000e-05	-4.411389e-02	-9.343713e+00
3.646000e-05	4.504687e-02	-9.558743e+00
3.647000e-05	2.324456e-02	-9.798395e+00
3.648000e-05	-9.466170e-03	-9.986898e+00
3.649000e-05	5.852681e-02	-1.020780e+01
3.650000e-05	-4.469094e-02	-1.043698e+01
3.651000e-05	7.516742e-02	-1.058900e+01
3.652000e-05	-4.206247e-02	-1.080890e+01
3.653000e-05	6.342146e-02	-1.098933e+01
3.654000e-05	-1.795464e-02	-1.113830e+01
3.655000e-05	4.869217e-02	-1.136840e+01
3.656000e-05	5.790197e-03	-1.152634e+01
3.657000e-05	2.306755e-02	-1.178740e+01
3.658000e-05	1.753964e-02	-1.194677e+01
3.659000e-05	7.542017e-03	-1.214729e+01
3.660000e-05	3.853226e-02	-1.229411e+01
3.661000e-05	1.723556e-03	-1.244208e+01
3.662000e-05	4.381759e-02	-1.260988e+01
3.663000e-05	1.711373e-03	-1.275725e+01
3.664000e-05	4.556274e-02	-1.291764e+01
3.665000e-05	7.724115e-03	-1.305006e+01
3.666000e-05	3.896237e-02	-1.317833e+01
3.667000e-05	1.101424e-02	-1.332459e+01
3.668000e-05	3.205772e-02	-1.347196e+01
3.669000e-05	2.269580e-02	-1.353770e+01
3.670000e-05	3.010063e-02	-1.369364e+01
3.671000e-05	2.983801e-02	-1.379988e+01
3.672000e-05	2.540702e-02	-1.386364e+01
3.673000e-05	3.594439e-02	-1.394970e+01
3.674000e-05	2.631693e-02	-1.411561e+01
3.675000e-05	3.532389e-02	-1.416930e+01
3.676000e-05	2.419875e-02	-1.426459e+01
3.677000e-05	3.831292e-02	-1.435774e+01
3.678000e-05	3.413706e-02	-1.447188e+01
3.679000e-05	4.242538e-02	-1.447557e+01
3.680000e-05	3.088074e-02	-1.458927e+01
3.681000e-05	3.553274e-02	-1.461243e+01
3.682000e-05	3.387746e-02	-1.463198e+01
3.683000e-05	3.991447e-02	-1.471409e+01
3.684000e-05	3.874186e-02	-1.470674e+01
3.685000e-05	4.117739e-02	-1.469680e+01
3.686000e-05	4.290781e-02	-1.472985e+01
3.687000e-05	4.430767e-02	-1.478040e+01
3.688000e-05	4.498709e-02	-1.477988e+01
3.689000e-05	4.104807e-02	-1.479996e+01
3.690000e-05	4.455916e-02	-1.476041e+01
3.691000e-05	4.638562e-02	-1.480038e+01
3.692000e-05	5.063021e-02	-1.478140e+01
3.693000e-05	4.955857e-02	-1.480128e+01
3.694000e-05	5.114079e-02	-1.477980e+01
3.695000e-05	5.110198e-02	-1.473627e+01
3.696000e-05	5.401497e-02	-1.469567e+01
3.697000e-05	5.331828e-02	-1.471514e+01
3.698000e-05	5.398256e-02	-1.464359e+01
3.699000e-05	5.394745e-02	-1.461245e+01
3.700000e-05	5.674670e-02	-1.454937e+01
3.701000e-05	5.762857e-02	-1.444704e+01
3.702000e-05	5.861838e-02	-1.441185e+01
3.703000e-05	5.936615e-02	-1.434970e+01
3.704000e-05	6.251542e-02	-1.431656e+01
3.705000e-05	6.629452e-02	-1.419180e+01
3.706000e-05	6.781962e-02	-1.403762e+01
3.707000e-05	6.931164e-02	-1.401133e+01
3.708000e-05	7.032474e-02	-1.389554e+01
3.709000e-05	7.341476e-02	-1.378935e+01
3.710000e-05	7.503593e-02	-1.368459e+01
3.711000e-05	7.587264e-02	-1.355825e+01
3.712000e-05	7.528207e-02	-1.343351e+01
3.713000e-05	7.457295e-02	-1.330719e+01
3.714000e-05	7.291364e-02	-1.319033e+01
3.715000e-05	6.958320e-02	-1.306301e+01
3.716000e-05	6.707887e-02	-1.293825e+01
3.717000e-05	6.418228e-02	-1.276030e+01
3.718000e-05	6.248272e-02	-1.263445e+01
3.719000e-05	5.945843e-02	-1.246514e+01
3.720000e-05	5.519095e-02	-1.234672e+01
3.721000e-05	5.185881e-02	-1.217975e+01
3.722000e-05	4.774910e-02	-1.201081e+01
3.723000e-05	4.371400e-02	-1.178185e+01
3.724000e-05	4.122484e-02	-1.164191e+01
3.725000e-05	3.915129e-02	-1.140991e+01
3.726000e-05	3.790002e-02	-1.121191e+01
3.727000e-05	3.585737e-02	-1.100083e+01
3.728000e-05	3.344916e-02	-1.083146e+01
3.729000e-05	2.925852e-02	-1.063348e+01
3.730000e-05	2.813617e-02	-1.046204e+01
3.731000e-05	2.708534e-02	-1.020241e+01
3.732000e-05	2.601024e-02	-1.003338e+01
3.733000e-05	2.339184e-02	-9.791908e+00
3.734000e-05	2.154685e-02	-9.660482e+00
3.735000e-05	2.175582e-02	-9.350926e+00
3.736000e-05	2.302670e-02	-9.129350e+00
3.737000e-05	1.831052e-02	-8.958818e+00
3.738000e-05	1.595984e-02	-8.738740e+00
3.739000e-05	1.622985e-02	-8.444120e+00
3.740000e-05	1.839114e-02	-8.263508e+00
3.741000e-05	1.504203e-02	-8.002056e+00
3.742000e-05	1.127736e-02	-7.697797e+00
3.743000e-05	1.126096e-02	-7.464563e+00
3.744000e-05	1.302942e-02	-7.252007e+00
3.745000e-05	1.116366e-02	-6.970349e+00
3.746000e-05	8.402543e-03	-6.706218e+00
3.747000e-05	8.039086e-03	-6.495565e+00
3.748000e-05	9.281201e-03	-6.192854e+00
3.749000e-05	8.165675e-03	-5.948895e+00
3.750000e-05	5.460674e-03	-5.695067e+00
3.751000e-05	4.066045e-03	-5.383079e+00
3.752000e-05	5.317595e-03	-5.125716e+00
3.753000e-05	5.681426e-03	-4.791251e+00
3.754000e-05	3.436193e-03	-4.496743e+00
3.755000e-05	8.030795e-04	-4.315663e+00
3.756000e-05	2.844356e-03	-4.043035e+00
3.757000e-05	3.128243e-03	-3.778847e+00
3.758000e-05	3.355349e-03	-3.496237e+00
3.759000e-05	-7.072137e-04	-3.211006e+00
3.760000e-05	3.085279e-04	-2.896667e+00
3.761000e-05	-1.473956e-03	-2.654610e+00
3.762000e-05	2.411802e-04	-2.389955e+00
3.763000e-05	-4.556802e-03	-2.057640e+00
3.764000e-05	-2.953043e-03	-1.800479e+00
3.765000e-05	-4.247024e-03	-1.537843e+00
3.766000e-05	2.545718e-04	-1.180379e+00
3.767000e-05	-2.361764e-03	-9.272417e-01
3.768000e-05	-2.475639e-03	-6.329972e-01
3.769000e-05	-4.128117e-03	-3.093694e-01
3.770000e-05	-2.383119e-03	-7.318395e-02
3.771000e-05	4.540309e-03	1.906003e-01
3.772000e-05	6.522904e-05	4.827319e-01
3.773000e-05	-2.794037e-03	7.062885e-01
3.774000e-05	1.361580e-03	9.479990e-01
3.775000e-05	-2.689476e-03	1.261182e+00
3.776000e-05	-1.824673e-03	1.588446e+00
3.777000e-05	-2.111729e-03	1.861704e+00
3.778000e-05	1.997569e-02	2.083606e+00
3.779000e-05	6.557770e-02	2.304742e+00
3.780000e-05	1.505865e-02	2.702256e+00
3.781000e-05	-8.318641e-02	2.990000e+00
3.782000e-05	-2.501238e-02	3.251204e+00
3.783000e-05	-3.601019e-02	3.557869e+00
3.784000e-05	-4.399839e-02	3.768396e+00
3.785000e-05	-7.534415e-02	3.947394e+00
3.786000e-05	6.971899e-02	4.180976e+00
3.787000e-05	5.592288e-02	4.546364e+00
3.788000e-05	-9.741832e-02	4.765845e+00
3.789000e-05	1.475684e-01	5.012571e+00
3.790000e-05	-1.033901e-01	5.367424e+00
3.791000e-05	-8.366273e-03	5.619450e+00
3.792000e-05	-9.151441e-03	5.874312e+00
3.793000e-05	-5.233478e-02	6.177893e+00
3.794000e-05	6.582086e-02	6.400024e+00
3.795000e-05	-6.800054e-02	6.704733e+00
3.796000e-05	4.356168e-02	6.933818e+00
3.797000e-05	-4.084426e-02	7.187471e+00
3.798000e-05	-4.214489e-03	7.482160e+00
3.799000e-05	-2.748992e-02	7.756418e+00
3.800000e-05	-3.652901e-02	8.040952e+00
3.801000e-05	3.286565e-02	8.294181e+00
3.802000e-05	-4.459428e-02	8.524215e+00
3.803000e-05	1.542420e-02	8.694660e+00
3.804000e-05	-2.489794e-02	8.955270e+00
3.805000e-05	-3.348426e-02	9.147873e+00
3.806000e-05	-4.524697e-03	9.398374e+00
3.807000e-05	-2.571704e-02	9.610026e+00
3.808000e-05	1.134908e-03	9.832005e+00
3.809000e-05	-4.090068e-02	1.003106e+01
3.810000e-05	3.379663e-03	1.026216e+01
3.811000e-05	-3.090390e-02	1.041148e+01
3.812000e-05	-1.289407e-02	1.064149e+01
3.813000e-05	-2.955399e-02	1.082358e+01
3.814000e-05	-2.571226e-02	1.106255e+01
3.815000e-05	-9.650588e-03	1.120050e+01
3.816000e-05	-2.315210e-02	1.143048e+01
3.817000e-05	-1.366799e-02	1.159140e+01
3.818000e-05	-3.663932e-02	1.178853e+01
3.819000e-05	-1.441700e-02	1.195842e+01
3.820000e-05	-3.224805e-02	1.215782e+01
3.821000e-05	-2.219813e-02	1.230516e+01
3.822000e-05	-3.517607e-02	1.244356e+01
3.823000e-05	-2.732767e-02	1.261198e+01
3.824000e-05	-1.882199e-02	1.273730e+01
3.825000e-05	-2.550324e-02	1.290663e+01
3.826000e-05	-2.749488e-02	1.301408e+01
3.827000e-05	-3.566988e-02	1.317982e+01
3.828000e-05	-3.096859e-02	1.327617e+01
3.829000e-05	-3.075989e-02	1.341143e+01
3.830000e-05	-3.452740e-02	1.351687e+01
3.831000e-05	-3.804637e-02	1.365356e+01
3.832000e-05	-3.294752e-02	1.375930e+01
3.833000e-05	-2.855238e-02	1.389456e+01
3.834000e-05	-3.184735e-02	1.399145e+01
3.835000e-05	-3.984143e-02	1.408622e+01
3.836000e-05	-4.141141e-02	1.420828e+01
3.837000e-05	-3.890275e-02	1.428411e+01
3.838000e-05	-3.805966e-02	1.433823e+01
3.839000e-05	-4.138263e-02	1.444240e+01
3.840000e-05	-4.209911e-02	1.448555e+01
3.841000e-05	-4.291347e-02	1.454675e+01
3.842000e-05	-4.096671e-02	1.455173e+01
3.843000e-05	-4.540186e-02	1.465099e+01
3.844000e-05	-4.743961e-02	1.468499e+01
3.845000e-05	-4.919041e-02	1.471611e+01
3.846000e-05	-4.564450e-02	1.473831e+01
3.847000e-05	-4.677895e-02	1.476727e+01
3.848000e-05	-5.083296e-02	1.473779e+01
3.849000e-05	-5.230020e-02	1.475782e+01
3.850000e-05	-5.308200e-02	1.478840e+01
3.851000e-05	-5.088765e-02	1.475938e+01
3.852000e-05	-5.514699e-02	1.475927e+01
3.853000e-05	-5.747283e-02	1.476887e+01
3.854000e-05	-5.982886e-02	1.474674e+01
3.855000e-05	-5.647567e-02	1.475704e+01
3.856000e-05	-5.878393e-02	1.467669e+01
3.857000e-05	-6.150807e-02	1.467451e+01
3.858000e-05	-6.309277e-02	1.464083e+01
3.859000e-05	-6.191324e-02	1.453883e+01
3.860000e-05	-6.022928e-02	1.447659e+01
3.861000e-05	-6.459451e-02	1.446246e+01
3.862000e-05	-6.623954e-02	1.442195e+01
3.863000e-05	-6.966011e-02	1.430767e+01
3.864000e-05	-6.913416e-02	1.423296e+01
3.865000e-05	-7.177121e-02	1.417877e+01
3.866000e-05	-7.475502e-02	1.404346e+01
3.867000e-05	-7.607724e-02	1.397075e+01
3.868000e-05	-7.733722e-02	1.388303e+01
3.869000e-05	-7.873478e-02	1.375920e+01
3.870000e-05	-8.286177e-02	1.364196e+01
3.871000e-05	-8.428988e-02	1.348712e+01
3.872000e-05	-8.448248e-02	1.341193e+01
3.873000e-05	-8.124224e-02	1.329611e+01
3.874000e-05	-8.009120e-02	1.318819e+01
3.875000e-05	-7.808995e-02	1.301291e+01
3.876000e-05	-7.743905e-02	1.288459e+01
3.877000e-05	-7.323508e-02	1.273882e+01
3.878000e-05	-6.976013e-02	1.260140e+01
3.879000e-05	-6.651108e-02	1.247359e+01
3.880000e-05	-6.326914e-02	1.229922e+01
3.881000e-05	-6.069734e-02	1.212825e+01
3.882000e-05	-5.572346e-02	1.196937e+01
3.883000e-05	-5.410055e-02	1.179237e+01
3.884000e-05	-5.142225e-02	1.163143e+01
3.885000e-05	-4.992994e-02	1.142293e+01
3.886000e-05	-4.569401e-02	1.120343e+01
3.887000e-05	-4.267520e-02	1.104191e+01
3.888000e-05	-4.092972e-02	1.086511e+01
3.889000e-05	-3.945768e-02	1.068453e+01
3.890000e-05	-3.830544e-02	1.045511e+01
3.891000e-05	-3.634235e-02	1.023356e+01
3.892000e-05	-3.461337e-02	1.006549e+01
3.893000e-05	-3.289895e-02	9.802408e+00
3.894000e-05	-3.203668e-02	9.591857e+00
3.895000e-05	-2.999567e-02	9.389880e+00
3.896000e-05	-2.878734e-02	9.220850e+00
3.897000e-05	-2.753640e-02	8.900746e+00
3.898000e-05	-2.727520e-02	8.708216e+00
3.899000e-05	-2.639061e-02	8.486717e+00
3.900000e-05	-2.447879e-02	8.225637e+00
3.901000e-05	-2.376266e-02	8.060955e+00
3.902000e-05	-2.273872e-02	7.759349e+00
3.903000e-05	-2.218841e-02	7.547166e+00
3.904000e-05	-2.005930e-02	7.283058e+00
3.905000e-05	-2.023467e-02	6.992950e+00
3.906000e-05	-1.931567e-02	6.768746e+00
3.907000e-05	-1.933715e-02	6.474618e+00
3.908000e-05	-1.768971e-02	6.222509e+00
3.909000e-05	-1.642091e-02	6.031449e+00
3.910000e-05	-1.598413e-02	5.677191e+00
3.911000e-05	-1.606003e-02	5.466134e+00
3.912000e-05	-1.495175e-02	5.160904e+00
3.913000e-05	-1.369070e-02	4.814079e+00
3.914000e-05	-1.292065e-02	4.568901e+00
3.915000e-05	-1.291352e-02	4.346792e+00
3.916000e-05	-1.298936e-02	4.032581e+00
3.917000e-05	-1.222522e-02	3.768319e+00
3.918000e-05	-1.055887e-02	3.535845e+00
3.919000e-05	-1.043126e-02	3.192528e+00
3.920000e-05	-9.536447e-03	2.939297e+00
3.921000e-05	-9.584075e-03	2.716687e+00
3.922000e-05	-8.905667e-03	2.360453e+00
3.923000e-05	-8.343415e-03	2.075714e+00
3.924000e-05	-7.545953e-03	1.872633e+00
3.925000e-05	-7.496021e-03	1.556872e+00
3.926000e-05	-6.650769e-03	1.243083e+00
3.927000e-05	-5.745732e-03	8.757441e-01
3.928000e-05	-6.205855e-03	6.214788e-01
3.929000e-05	-4.340734e-03	3.384720e-01
3.930000e-05	-3.768717e-03	6.363763e-02
3.931000e-05	1.439139e-03	-1.894439e-01
3.932000e-05	7.423424e-03	-4.611056e-01
3.933000e-05	-4.163894e-03	-7.758399e-01
3.934000e-05	3.587348e-03	-9.884490e-01
3.935000e-05	-2.777350e-03	-1.301203e+00
3.936000e-05	7.396271e-04	-1.567471e+00
3.937000e-05	1.158187e-03	-1.778020e+00
3.938000e-05	3.377502e-02	-1.991474e+00
3.939000e-05	8.990527e-02	-2.262689e+00
3.940000e-05	-2.458231e-02	-2.662210e+00
3.941000e-05	-4.451793e-02	-3.060632e+00
3.942000e-05	-5.921215e-03	-3.357947e+00
3.943000e-05	-4.578552e-02	-3.558350e+00
3.944000e-05	-7.313397e-02	-3.808551e+00
3.945000e-05	5.380363e-02	-3.988950e+00
3.946000e-05	1.020363e-01	-4.187873e+00
3.947000e-05	-1.297037e-01	-4.484187e+00
3.948000e-05	1.925563e-01	-4.756841e+00
3.949000e-05	-1.078551e-01	-5.041104e+00
3.950000e-05	2.050286e-02	-5.346895e+00
3.951000e-05	3.489898e-02	-5.591549e+00
3.952000e-05	-1.034199e-01	-5.895364e+00
3.953000e-05	1.605090e-01	-6.125767e+00
3.954000e-05	-1.082756e-01	-6.399078e+00
3.955000e-05	1.123259e-01	-6.704787e+00
3.956000e-05	-1.416758e-02	-6.935216e+00
3.957000e-05	-3.714260e-02	-7.231031e+00
3.958000e-05	6.736033e-02	-7.493159e+00
3.959000e-05	-1.002235e-01	-7.737896e+00
3.960000e-05	1.277461e-01	-8.002053e+00
3.961000e-05	-6.583293e-02	-8.263107e+00
3.962000e-05	6.125452e-02	-8.532735e+00
3.963000e-05	3.172602e-02	-8.705289e+00
3.964000e-05	-5.093350e-02	-8.978903e+00
3.965000e-05	7.225630e-02	-9.196948e+00
3.966000e-05	-6.873851e-02	-9.419578e+00
3.967000e-05	9.980372e-02	-9.640584e+00
3.968000e-05	-4.723943e-02	-9.821585e+00
3.969000e-05	6.732630e-02	-1.006208e+01
3.970000e-05	-1.669386e-02	-1.029361e+01
3.971000e-05	2.168678e-02	-1.051677e+01
3.972000e-05	2.687773e-02	-1.066464e+01
3.973000e-05	-1.181879e-02	-1.088559e+01
3.974000e-05	5.067566e-02	-1.109198e+01
3.975000e-05	-2.029166e-02	-1.123301e+01
3.976000e-05	6.001267e-02	-1.143253e+01
3.977000e-05	-1.818922e-02	-1.163303e+01
3.978000e-05	4.973707e-02	-1.179299e+01
3.979000e-05	-1.182131e-02	-1.203140e+01
3.980000e-05	4.373727e-02	-1.223051e+01
3.981000e-05	7.683716e-03	-1.233832e+01
3.982000e-05	2.737666e-02	-1.250572e+01
3.983000e-05	2.187866e-02	-1.270506e+01
3.984000e-05	2.073457e-02	-1.281095e+01
3.985000e-05	3.317190e-02	-1.292822e+01
3.986000e-05	1.264568e-02	-1.311417e+01
3.987000e-05	3.556701e-02	-1.319998e+01
3.988000e-05	1.084826e-02	-1.335925e+01
3.989000e-05	4.116803e-02	-1.350559e+01
3.990000e-05	1.370688e-02	-1.357035e+01
3.991000e-05	3.763949e-02	-1.371677e+01
3.992000e-05	2.093071e-02	-1.385151e+01
3.993000e-05	3.852422e-02	-1.392617e+01
3.994000e-05	2.503529e-02	-1.400041e+01
3.995000e-05	3.195101e-02	-1.412620e+01
3.996000e-05	3.061429e-02	-1.423178e+01
3.997000e-05	3.325210e-02	-1.428667e+01
3.998000e-05	3.464867e-02	-1.437087e+01
3.999000e-05	3.561285e-02	-1.443396e+01
4.000000e-05	3.603932e-02	-1.449670e+01
4.001000e-05	3.565430e-02	-1.455935e+01
4.002000e-05	3.628228e-02	-1.460096e+01
4.003000e-05	3.697606e-02	-1.468409e+01
4.004000e-05	3.995408e-02	-1.470464e+01
4.005000e-05	4.106013e-02	-1.472769e+01
4.006000e-05	4.457394e-02	-1.473930e+01
4.007000e-05	3.830390e-02	-1.476035e+01
4.008000e-05	4.388708e-02	-1.478988e+01
4.009000e-05	4.030079e-02	-1.479033e+01
4.010000e-05	4.456819e-02	-1.479201e+01
4.011000e-05	4.581819e-02	-1.478238e+01
4.012000e-05	4.956694e-02	-1.481046e+01
4.013000e-05	5.326128e-02	-1.479993e+01
4.014000e-05	5.297797e-02	-1.477083e+01
4.015000e-05	4.772351e-02	-1.477982e+01
4.016000e-05	4.899945e-02	-1.470875e+01
4.017000e-05	4.990905e-02	-1.467519e+01
4.018000e-05	5.593722e-02	-1.464461e+01
4.019000e-05	5.586580e-02	-1.462148e+01
4.020000e-05	5.617619e-02	-1.459090e+01
4.021000e-05	6.015396e-02	-1.449612e+01
4.022000e-05	5.869921e-02	-1.445359e+01
4.023000e-05	5.966192e-02	-1.435988e+01
4.024000e-05	5.648043e-02	-1.432817e+01
4.025000e-05	6.267097e-02	-1.425548e+01
4.026000e-05	6.519416e-02	-1.413067e+01
4.027000e-05	7.126349e-02	-1.405354e+01
4.028000e-05	7.031453e-02	-1.394775e+01
4.029000e-05	7.279364e-02	-1.381249e+01
4.030000e-05	7.391426e-02	-1.373672e+01
4.031000e-05	7.573472e-02	-1.358291e+01
4.032000e-05	7.479774e-02	-1.350662e+01
4.033000e-05	7.297886e-02	-1.336890e+01
4.034000e-05	7.415435e-02	-1.323146e+01
4.035000e-05	7.225551e-02	-1.316727e+01
4.036000e-05	7.158884e-02	-1.301043e+01
4.037000e-05	6.506054e-02	-1.287409e+01
4.038000e-05	6.322134e-02	-1.275712e+01
4.039000e-05	5.890842e-02	-1.259080e+01
4.040000e-05	5.914245e-02	-1.243196e+01
4.041000e-05	5.319807e-02	-1.224451e+01
4.042000e-05	4.836257e-02	-1.210764e+01
4.043000e-05	4.714166e-02	-1.191814e+01
4.044000e-05	4.165217e-02	-1.170675e+01
4.045000e-05	4.372076e-02	-1.155777e+01
4.046000e-05	3.529960e-02	-1.133721e+01
4.047000e-05	3.924258e-02	-1.113709e+01
4.048000e-05	3.418717e-02	-1.089662e+01
4.049000e-05	3.450055e-02	-1.075875e+01
4.050000e-05	2.767291e-02	-1.056935e+01
4.051000e-05	2.479467e-02	-1.040027e+01
4.052000e-05	2.433565e-02	-1.015725e+01
4.053000e-05	2.622789e-02	-9.917768e+00
4.054000e-05	2.222648e-02	-9.747719e+00
4.055000e-05	2.521578e-02	-9.567692e+00
4.056000e-05	2.111867e-02	-9.306566e+00
4.057000e-05	2.135553e-02	-9.084085e+00
4.058000e-05	1.874706e-02	-8.864160e+00
4.059000e-05	1.391246e-02	-8.611908e+00
4.060000e-05	1.511663e-02	-8.339745e+00
4.061000e-05	1.263111e-02	-8.117821e+00
4.062000e-05	1.679978e-02	-7.937618e+00
4.063000e-05	1.409829e-02	-7.643536e+00
4.064000e-05	1.201198e-02	-7.359903e+00
4.065000e-05	1.092262e-02	-7.136797e+00
4.066000e-05	1.287006e-02	-6.885110e+00
4.067000e-05	9.894560e-03	-6.652980e+00
4.068000e-05	5.819011e-03	-6.360376e+00
4.069000e-05	4.401022e-03	-6.085143e+00
4.070000e-05	7.230368e-03	-5.842483e+00
4.071000e-05	7.994887e-03	-5.589502e+00
4.072000e-05	5.549087e-03	-5.293644e+00
4.073000e-05	4.456936e-03	-4.981405e+00
4.074000e-05	3.909921e-03	-4.677533e+00
4.075000e-05	3.695635e-03	-4.422533e+00
4.076000e-05	2.413391e-03	-4.181476e+00
4.077000e-05	1.344077e-03	-3.927343e+00
4.078000e-05	1.927115e-05	-3.601579e+00
4.079000e-05	1.605504e-03	-3.400372e+00
4.080000e-05	2.463140e-03	-3.095693e+00
4.081000e-05	2.337248e-04	-2.780477e+00
4.082000e-05	-1.681815e-03	-2.537847e+00
4.083000e-05	-1.151608e-03	-2.295087e+00
4.084000e-05	-4.091354e-03	-1.937872e+00
4.085000e-05	-2.017161e-03	-1.696163e+00
4.086000e-05	-4.922819e-03	-1.421404e+00
4.087000e-05	-2.798234e-03	-1.074183e+00
4.088000e-05	-2.467183e-03	-8.005023e-01
4.089000e-05	-1.137746e-03	-5.251379e-01
4.090000e-05	-3.772723e-03	-2.120050e-01
4.091000e-05	1.959443e-04	3.010296e-02
4.092000e-05	5.333803e-03	3.163661e-01
4.093000e-05	-3.615819e-03	5.575438e-01
4.094000e-05	2.481891e-03	8.101515e-01
4.095000e-05	-3.108075e-03	1.115357e+00
4.096000e-05	-1.543571e-03	1.429093e+00
4.097000e-05	-3.859222e-03	1.684285e+00
4.098000e-05	8.072050e-03	1.945316e+00
4.099000e-05	3.484700e-02	2.158394e+00
4.100000e-05	7.187096e-02	2.450153e+00
4.101000e-05	-4.894282e-02	2.820503e+00
4.102000e-05	-5.488579e-02	3.094737e+00
4.103000e-05	-2.718435e-02	3.395897e+00
4.104000e-05	-3.393324e-02	3.651104e+00
4.105000e-05	-6.659473e-02	3.831582e+00
4.106000e-05	-3.201241e-02	4.063058e+00
4.107000e-05	1.171851e-01	4.356844e+00
4.108000e-05	-5.145118e-02	4.671054e+00
4.109000e-05	1.035238e-02	4.842606e+00
4.110000e-05	8.369615e-02	5.157897e+00
4.111000e-05	-1.298784e-01	5.461608e+00
4.112000e-05	5.128602e-02	5.693790e+00
4.113000e-05	-7.446441e-02	6.018573e+00
4.114000e-05	2.490602e-02	6.242056e+00
4.115000e-05	6.909808e-03	6.543766e+00
4.116000e-05	-3.906214e-02	6.769027e+00
4.117000e-05	3.991265e-02	7.031581e+00
4.118000e-05	-6.521783e-02	7.313689e+00
4.119000e-05	2.459761e-02	7.549503e+00
4.120000e-05	-6.657480e-02	7.874532e+00
4.121000e-05	1.992448e-02	8.125796e+00
4.122000e-05	-6.141039e-03	8.358394e+00
4.123000e-05	-3.166727e-02	8.536347e+00
4.124000e-05	2.181170e-02	8.788426e+00
4.125000e-05	-5.356191e-02	9.041506e+00
4.126000e-05	-2.454089e-03	9.233108e+00
4.127000e-05	-2.946167e-02	9.454558e+00
4.128000e-05	5.507603e-04	9.693605e+00
4.129000e-05	-2.494923e-02	9.935695e+00
4.130000e-05	-2.134630e-02	1.013740e+01
4.131000e-05	-4.750679e-03	1.032785e+01
4.132000e-05	-3.421566e-02	1.052724e+01
4.133000e-05	-6.948377e-03	1.070727e+01
4.134000e-05	-3.868867e-02	1.095677e+01
4.135000e-05	-7.693119e-03	1.109522e+01
4.136000e-05	-2.511262e-02	1.130719e+01
4.137000e-05	-1.277777e-02	1.152567e+01
4.138000e-05	-3.001725e-02	1.171564e+01
4.139000e-05	-2.575355e-02	1.188313e+01
4.140000e-05	-2.278174e-02	1.204351e+01
4.141000e-05	-2.617202e-02	1.219048e+01
4.142000e-05	-2.290874e-02	1.236082e+01
4.143000e-05	-3.349003e-02	1.254772e+01
4.144000e-05	-1.922318e-02	1.266209e+01
4.145000e-05	-2.881773e-02	1.280195e+01
4.146000e-05	-2.310826e-02	1.294925e+01
4.147000e-05	-3.710423e-02	1.313409e+01
4.148000e-05	-2.940703e-02	1.323093e+01
4.149000e-05	-3.183904e-02	1.335830e+01
4.150000e-05	-2.807560e-02	1.343406e+01
4.151000e-05	-3.490472e-02	1.356895e+01
4.152000e-05	-3.506376e-02	1.368612e+01
4.153000e-05	-3.311545e-02	1.382193e+01
4.154000e-05	-3.082308e-02	1.389572e+01
4.155000e-05	-3.805658e-02	1.399243e+01
4.156000e-05	-4.093206e-02	1.415722e+01
4.157000e-05	-4.038724e-02	1.421135e+01
4.158000e-05	-3.718159e-02	1.437564e+01
4.159000e-05	-3.527222e-02	1.438035e+01
4.160000e-05	-4.068658e-02	1.449296e+01
4.161000e-05	-3.910309e-02	1.449715e+01
4.162000e-05	-4.686372e-02	1.454032e+01
4.163000e-05	-4.304512e-02	1.457895e+01
4.164000e-05	-4.955289e-02	1.464241e+01
4.165000e-05	-4.930608e-02	1.473354e+01
4.166000e-05	-4.761101e-02	1.469562e+01
4.167000e-05	-4.341224e-02	1.475614e+01
4.168000e-05	-4.359168e-02	1.473882e+01
4.169000e-05	-5.035186e-02	1.476682e+01
4.170000e-05	-5.382911e-02	1.478787e+01
4.171000e-05	-5.503427e-02	1.475782e+01
4.172000e-05	-5.381880e-02	1.476880e+01
4.173000e-05	-5.580870e-02	1.474880e+01
4.174000e-05	-5.874049e-02	1.475877e+01
4.175000e-05	-5.808107e-02	1.477614e+01
4.176000e-05	-5.632814e-02	1.468674e+01
4.177000e-05	-5.794846e-02	1.471548e+01
4.178000e-05	-6.154071e-02	1.462351e+01
4.179000e-05	-6.291329e-02	1.462040e+01
4.180000e-05	-6.285470e-02	1.452975e+01
4.181000e-05	-6.296681e-02	1.448712e+01
4.182000e-05	-6.513668e-02	1.444096e+01
4.183000e-05	-6.879151e-02	1.436037e+01
4.184000e-05	-6.967203e-02	1.426717e+01
4.185000e-05	-6.864399e-02	1.419091e+01
4.186000e-05	-7.055826e-02	1.415816e+01
4.187000e-05	-7.595039e-02	1.403090e+01
4.188000e-05	-7.931154e-02	1.390712e+01
4.189000e-05	-7.946898e-02	1.380143e+01
4.190000e-05	-8.132446e-02	1.371614e+01
4.191000e-05	-8.468307e-02	1.360978e+01
4.192000e-05	-8.576339e-02	1.344456e+01
4.193000e-05	-8.331028e-02	1.335775e+01
4.194000e-05	-7.948051e-02	1.322289e+01
4.195000e-05	-7.843863e-02	1.313719e+01
4.196000e-05	-7.668628e-02	1.295025e+01
4.197000e-05	-7.596763e-02	1.282241e+01
4.198000e-05	-7.224372e-02	1.267411e+01
4.199000e-05	-7.006529e-02	1.253827e+01
4.200000e-05	-6.597376e-02	1.240046e+01
4.201000e-05	-6.166988e-02	1.222408e+01
4.202000e-05	-5.894556e-02	1.204556e+01
4.203000e-05	-5.444643e-02	1.187666e+01
4.204000e-05	-4.974389e-02	1.171822e+01
4.205000e-05	-4.895279e-02	1.150917e+01
4.206000e-05	-4.963631e-02	1.135972e+01
4.207000e-05	-4.717043e-02	1.114924e+01
4.208000e-05	-4.229406e-02	1.096935e+01
4.209000e-05	-3.970621e-02	1.082041e+01
4.210000e-05	-3.861189e-02	1.059140e+01
4.211000e-05	-3.902666e-02	1.035882e+01
4.212000e-05	-3.574335e-02	1.015930e+01
4.213000e-05	-3.221370e-02	9.968824e+00
4.214000e-05	-3.232825e-02	9.747221e+00
4.215000e-05	-3.148980e-02	9.517740e+00
4.216000e-05	-3.043537e-02	9.318166e+00
4.217000e-05	-2.802620e-02	9.095088e+00
4.218000e-05	-2.762183e-02	8.875539e+00
4.219000e-05	-2.742628e-02	8.621981e+00
4.220000e-05	-2.672922e-02	8.452929e+00
4.221000e-05	-2.492602e-02	8.168348e+00
4.222000e-05	-2.243670e-02	7.907267e+00
4.223000e-05	-2.173640e-02	7.655137e+00
4.224000e-05	-2.181840e-02	7.351878e+00
4.225000e-05	-2.162759e-02	7.156793e+00
4.226000e-05	-2.001508e-02	6.895690e+00
4.227000e-05	-1.951552e-02	6.623937e+00
4.228000e-05	-1.871182e-02	6.301900e+00
4.229000e-05	-1.890468e-02	6.127719e+00
4.230000e-05	-1.638890e-02	5.864613e+00
4.231000e-05	-1.474340e-02	5.619926e+00
4.232000e-05	-1.490079e-02	5.387821e+00
4.233000e-05	-1.533137e-02	5.052430e+00
4.234000e-05	-1.447572e-02	4.698792e+00
4.235000e-05	-1.282942e-02	4.465585e+00
4.236000e-05	-1.240319e-02	4.221880e+00
4.237000e-05	-1.382576e-02	3.886713e+00
4.238000e-05	-1.251941e-02	3.674609e+00
4.239000e-05	-1.060111e-02	3.380383e+00
4.240000e-05	-7.836817e-03	3.106190e+00
4.241000e-05	-1.087106e-02	2.854058e+00
4.242000e-05	-1.064384e-02	2.560373e+00
4.243000e-05	-9.310552e-03	2.314585e+00
4.244000e-05	-6.154263e-03	1.953000e+00
4.245000e-05	-6.634341e-03	1.736793e+00
4.246000e-05	-7.653690e-03	1.442055e+00
4.247000e-05	-8.423185e-03	1.094289e+00
4.248000e-05	-6.240132e-03	7.809522e-01
4.249000e-05	-6.088978e-03	5.367417e-01
4.250000e-05	-4.796972e-03	2.540599e-01
4.251000e-05	-3.798132e-03	-3.015815e-02
4.252000e-05	5.321725e-03	-3.038334e-01
4.253000e-05	3.466442e-03	-5.663715e-01
4.254000e-05	-8.021683e-04	-8.315806e-01
4.255000e-05	9.595562e-05	-1.072236e+00
4.256000e-05	-2.477542e-03	-1.418970e+00
4.257000e-05	1.776783e-04	-1.661582e+00
4.258000e-05	1.057217e-02	-1.883661e+00
4.259000e-05	6.150522e-02	-2.114281e+00
4.260000e-05	6.685916e-02	-2.441053e+00
4.261000e-05	-7.662946e-02	-2.839629e+00
4.262000e-05	-2.095106e-03	-3.199496e+00
4.263000e-05	-2.822158e-02	-3.431058e+00
4.264000e-05	-4.730788e-02	-3.660629e+00
4.265000e-05	-6.531671e-02	-3.875762e+00
4.266000e-05	1.585203e-01	-4.013083e+00
4.267000e-05	-4.772316e-02	-4.304264e+00
4.268000e-05	-1.755971e-02	-4.620477e+00
4.269000e-05	1.120026e-01	-4.850053e+00
4.270000e-05	-1.527460e-01	-5.137446e+00
4.271000e-05	1.440898e-01	-5.463662e+00
4.272000e-05	-1.243329e-01	-5.725268e+00
4.273000e-05	4.707903e-02	-5.968999e+00
4.274000e-05	6.120147e-02	-6.270481e+00
4.275000e-05	-7.332534e-02	-6.575915e+00
4.276000e-05	1.435423e-01	-6.788499e+00
4.277000e-05	-1.112312e-01	-7.042610e+00
4.278000e-05	7.302939e-02	-7.346296e+00
4.279000e-05	-3.909680e-02	-7.598872e+00
4.280000e-05	-4.629106e-03	-7.893786e+00
4.281000e-05	8.622841e-02	-8.105766e+00
4.282000e-05	-8.377582e-02	-8.357268e+00
4.283000e-05	1.277524e-01	-8.577851e+00
4.284000e-05	-6.807838e-02	-8.820531e+00
4.285000e-05	4.694594e-02	-9.064641e+00
4.286000e-05	-1.128961e-02	-9.292606e+00
4.287000e-05	2.040867e-03	-9.515270e+00
4.288000e-05	5.919732e-02	-9.727239e+00
4.289000e-05	-3.569072e-02	-9.967819e+00
4.290000e-05	7.790970e-02	-1.014727e+01
4.291000e-05	-5.229502e-02	-1.034787e+01
4.292000e-05	7.323793e-02	-1.055890e+01
4.293000e-05	-2.977314e-02	-1.072792e+01
4.294000e-05	4.685349e-02	-1.093679e+01
4.295000e-05	-3.516977e-04	-1.112677e+01
4.296000e-05	2.567794e-02	-1.137777e+01
4.297000e-05	2.726774e-02	-1.150726e+01
4.298000e-05	5.920177e-03	-1.176667e+01
4.299000e-05	3.335316e-02	-1.189622e+01
4.300000e-05	-7.371037e-03	-1.209479e+01
4.301000e-05	4.886885e-02	-1.225253e+01
4.302000e-05	-2.863811e-03	-1.243045e+01
4.303000e-05	4.539775e-02	-1.257888e+01
4.304000e-05	1.616851e-03	-1.271617e+01
4.305000e-05	4.141968e-02	-1.282509e+01
4.306000e-05	1.482311e-02	-1.301943e+01
4.307000e-05	3.130182e-02	-1.311785e+01
4.308000e-05	1.854336e-02	-1.325503e+01
4.309000e-05	2.434552e-02	-1.344038e+01
4.310000e-05	3.051984e-02	-1.355657e+01
4.311000e-05	2.232768e-02	-1.364253e+01
4.312000e-05	3.456293e-02	-1.375030e+01
4.313000e-05	2.077529e-02	-1.385409e+01
4.314000e-05	3.881109e-02	-1.394630e+01
4.315000e-05	2.459343e-02	-1.410656e+01
4.316000e-05	3.619613e-02	-1.414925e+01
4.317000e-05	2.381349e-02	-1.427354e+01
4.318000e-05	3.673580e-02	-1.435922e+01
4.319000e-05	3.257274e-02	-1.442088e+01
4.320000e-05	3.925007e-02	-1.448448e+01
4.321000e-05	3.374716e-02	-1.454780e+01
4.322000e-05	3.591294e-02	-1.457993e+01
4.323000e-05	3.732270e-02	-1.467201e+01
4.324000e-05	3.942311e-02	-1.469411e+01
4.325000e-05	3.901732e-02	-1.471669e+01
4.326000e-05	3.993694e-02	-1.471772e+01
4.327000e-05	4.257525e-02	-1.475882e+01
4.328000e-05	4.337402e-02	-1.481937e+01
4.329000e-05	4.542390e-02	-1.479091e+01
4.330000e-05	4.148859e-02	-1.480138e+01
4.331000e-05	4.475662e-02	-1.479088e+01
4.332000e-05	4.643556e-02	-1.481141e+01
4.333000e-05	4.985501e-02	-1.477091e+01
4.334000e-05	4.998107e-02	-1.477038e+01
4.335000e-05	5.011305e-02	-1.476840e+01
4.336000e-05	5.203671e-02	-1.478970e+01
4.337000e-05	5.328092e-02	-1.471619e+01
4.338000e-05	5.345937e-02	-1.469514e+01
4.339000e-05	5.271758e-02	-1.466406e+01
4.340000e-05	5.454698e-02	-1.463101e+01
4.341000e-05	5.744505e-02	-1.453982e+01
4.342000e-05	5.941361e-02	-1.450562e+01
4.343000e-05	5.789833e-02	-1.442289e+01
4.344000e-05	5.876087e-02	-1.434925e+01
4.345000e-05	6.152669e-02	-1.428616e+01
4.346000e-05	6.540187e-02	-1.421233e+01
4.347000e-05	6.658326e-02	-1.416762e+01
4.348000e-05	6.933695e-02	-1.397145e+01
4.349000e-05	7.050893e-02	-1.388509e+01
4.350000e-05	7.339589e-02	-1.380288e+01
4.351000e-05	7.460630e-02	-1.371466e+01
4.352000e-05	7.483480e-02	-1.356080e+01
4.353000e-05	7.403112e-02	-1.343558e+01
4.354000e-05	7.527753e-02	-1.336720e+01
4.355000e-05	7.375371e-02	-1.322035e+01
4.356000e-05	7.147452e-02	-1.305411e+01
4.357000e-05	6.736884e-02	-1.293924e+01
4.358000e-05	6.497180e-02	-1.282188e+01
4.359000e-05	6.207213e-02	-1.267348e+01
4.360000e-05	5.874780e-02	-1.250720e+01
4.361000e-05	5.503994e-02	-1.237825e+01
4.362000e-05	5.196208e-02	-1.219033e+01
4.363000e-05	4.839041e-02	-1.203244e+01
4.364000e-05	4.369759e-02	-1.188451e+01
4.365000e-05	4.129954e-02	-1.164406e+01
4.366000e-05	4.117836e-02	-1.142304e+01
4.367000e-05	3.811585e-02	-1.123498e+01
4.368000e-05	3.504205e-02	-1.102299e+01
4.369000e-05	3.139833e-02	-1.084304e+01
4.370000e-05	3.121700e-02	-1.067669e+01
4.371000e-05	3.002668e-02	-1.048417e+01
4.372000e-05	2.754348e-02	-1.026504e+01
4.373000e-05	2.346388e-02	-1.002406e+01
4.374000e-05	2.340188e-02	-9.864011e+00
4.375000e-05	2.426860e-02	-9.665058e+00
4.376000e-05	2.385230e-02	-9.432854e+00
4.377000e-05	1.770654e-02	-9.191380e+00
4.378000e-05	1.652686e-02	-8.981408e+00
4.379000e-05	1.782400e-02	-8.789300e+00
4.380000e-05	1.840656e-02	-8.508716e+00
4.381000e-05	1.485609e-02	-8.275211e+00
4.382000e-05	1.184539e-02	-8.064639e+00
4.383000e-05	1.309141e-02	-7.780351e+00
4.384000e-05	1.441911e-02	-7.526669e+00
4.385000e-05	1.276220e-02	-7.275639e+00
4.386000e-05	1.005474e-02	-6.973409e+00
4.387000e-05	7.701409e-03	-6.778821e+00
4.388000e-05	9.938519e-03	-6.506241e+00
4.389000e-05	9.395090e-03	-6.285133e+00
4.390000e-05	7.163873e-03	-5.992399e+00
4.391000e-05	5.551753e-03	-5.739292e+00
4.392000e-05	4.060213e-03	-5.525614e+00
4.393000e-05	7.601639e-03	-5.150400e+00
4.394000e-05	9.638850e-04	-4.874510e+00
4.395000e-05	5.388462e-03	-4.559872e+00
4.396000e-05	-2.443539e-03	-4.349296e+00
4.397000e-05	8.705236e-03	-4.085188e+00
4.398000e-05	2.597271e-03	-3.782452e+00
4.399000e-05	4.711964e-03	-3.547769e+00
4.400000e-05	-6.585579e-04	-3.285110e+00
4.401000e-05	-3.501302e-04	-2.990251e+00
4.402000e-05	-2.385182e-03	-2.735713e+00
4.403000e-05	-3.032224e-03	-2.444055e+00
4.404000e-05	-3.949444e-03	-2.107695e+00
4.405000e-05	-1.061181e-03	-1.865083e+00
4.406000e-05	7.461533e-04	-1.591026e+00
4.407000e-05	5.356846e-04	-1.265564e+00
4.408000e-05	-1.990702e-03	-9.389219e-01
4.409000e-05	-6.618545e-03	-7.047365e-01
4.410000e-05	-5.088577e-03	-3.804484e-01
4.411000e-05	-4.776451e-03	-1.363167e-01
4.412000e-05	3.817431e-03	1.664876e-01
4.413000e-05	3.333485e-03	4.310569e-01
4.414000e-05	-2.237021e-03	6.531094e-01
4.415000e-05	3.821118e-03	9.368176e-01
4.416000e-05	-2.713167e-03	1.232079e+00
4.417000e-05	-1.732872e-03	1.523308e+00
4.418000e-05	-5.946050e-03	1.821025e+00
4.419000e-05	1.613155e-02	2.010076e+00
4.420000e-05	5.494460e-02	2.262158e+00
4.421000e-05	4.071315e-02	2.590549e+00
4.422000e-05	-8.402937e-02	2.955840e+00
4.423000e-05	-2.695653e-02	3.180074e+00
4.424000e-05	-3.434731e-02	3.506287e+00
4.425000e-05	-3.916745e-02	3.756392e+00
4.426000e-05	-8.084220e-02	3.944816e+00
4.427000e-05	3.884413e-02	4.213844e+00
4.428000e-05	9.069421e-02	4.472160e+00
4.429000e-05	-1.086879e-01	4.693313e+00
4.430000e-05	1.266021e-01	5.016868e+00
4.431000e-05	-5.365219e-02	5.335816e+00
4.432000e-05	-5.044425e-02	5.546846e+00
4.433000e-05	2.266734e-02	5.891056e+00
4.434000e-05	-7.396970e-02	6.135287e+00
4.435000e-05	6.930844e-02	6.347816e+00
4.436000e-05	-5.665008e-02	6.632578e+00
4.437000e-05	2.298615e-02	6.893735e+00
4.438000e-05	-1.575877e-02	7.127319e+00
4.439000e-05	-2.761841e-02	7.452048e+00
4.440000e-05	-3.819634e-03	7.694715e+00
4.441000e-05	-5.574644e-02	7.998943e+00
4.442000e-05	3.882623e-02	8.210578e+00
4.443000e-05	-3.960094e-02	8.442032e+00
4.444000e-05	1.614636e-03	8.652605e+00
4.445000e-05	-8.125351e-03	8.891636e+00
4.446000e-05	-4.535525e-02	9.126337e+00
4.447000e-05	4.467534e-03	9.337793e+00
4.448000e-05	-3.168818e-02	9.567897e+00
4.449000e-05	7.670147e-03	9.797900e+00
4.450000e-05	-4.291774e-02	9.989502e+00
4.451000e-05	-9.915457e-04	1.023040e+01
4.452000e-05	-2.298407e-02	1.044198e+01
4.453000e-05	-2.153373e-02	1.063245e+01
4.454000e-05	-1.785259e-02	1.084241e+01
4.455000e-05	-3.501942e-02	1.101051e+01
4.456000e-05	-1.032403e-03	1.117890e+01
4.457000e-05	-3.099719e-02	1.141045e+01
4.458000e-05	-9.451292e-03	1.155035e+01
4.459000e-05	-3.967555e-02	1.181793e+01
4.460000e-05	-1.584478e-02	1.197880e+01
4.461000e-05	-2.678875e-02	1.211761e+01
4.462000e-05	-2.213382e-02	1.227509e+01
4.463000e-05	-2.945237e-02	1.243248e+01
4.464000e-05	-3.091967e-02	1.259988e+01
4.465000e-05	-1.788915e-02	1.276777e+01
4.466000e-05	-3.207035e-02	1.285358e+01
4.467000e-05	-2.401292e-02	1.306086e+01
4.468000e-05	-3.935987e-02	1.316922e+01
4.469000e-05	-2.436858e-02	1.329669e+01
4.470000e-05	-3.159485e-02	1.337190e+01
4.471000e-05	-2.959146e-02	1.351622e+01
4.472000e-05	-3.922954e-02	1.360198e+01
4.473000e-05	-3.506438e-02	1.373927e+01
4.474000e-05	-3.149253e-02	1.386503e+01
4.475000e-05	-3.389262e-02	1.397775e+01
4.476000e-05	-3.640117e-02	1.405306e+01
4.477000e-05	-4.159969e-02	1.420837e+01
4.478000e-05	-3.506298e-02	1.427398e+01
4.479000e-05	-3.905842e-02	1.428867e+01
4.480000e-05	-3.833952e-02	1.447045e+01
4.481000e-05	-4.521172e-02	1.449506e+01
4.482000e-05	-4.174128e-02	1.453825e+01
4.483000e-05	-4.283280e-02	1.460982e+01
4.484000e-05	-4.323828e-02	1.461988e+01
4.485000e-05	-4.782874e-02	1.468351e+01
4.486000e-05	-4.981652e-02	1.475564e+01
4.487000e-05	-4.561414e-02	1.473777e+01
4.488000e-05	-4.824712e-02	1.474727e+01
4.489000e-05	-4.571508e-02	1.474774e+01
4.490000e-05	-5.702853e-02	1.473885e+01
4.491000e-05	-4.832196e-02	1.477877e+01
4.492000e-05	-5.785616e-02	1.476939e+01
4.493000e-05	-4.872238e-02	1.474832e+01
4.494000e-05	-5.999832e-02	1.473782e+01
4.495000e-05	-5.621659e-02	1.475824e+01
4.496000e-05	-5.844868e-02	1.472771e+01
4.497000e-05	-5.817133e-02	1.471621e+01
4.498000e-05	-6.230376e-02	1.465199e+01
4.499000e-05	-6.334325e-02	1.464298e+01
4.500000e-05	-6.327334e-02	1.457130e+01
4.501000e-05	-5.946031e-02	1.448667e+01
4.502000e-05	-6.216487e-02	1.447543e+01
4.503000e-05	-6.517784e-02	1.439140e+01
4.504000e-05	-6.841467e-02	1.436770e+01
4.505000e-05	-7.064946e-02	1.423646e+01
4.506000e-05	-7.265433e-02	1.418875e+01
4.507000e-05	-7.513011e-02	1.409506e+01
4.508000e-05	-7.544932e-02	1.400025e+01
4.509000e-05	-7.658431e-02	1.388609e+01
4.510000e-05	-7.724673e-02	1.373033e+01
4.511000e-05	-8.147470e-02	1.367401e+01
4.512000e-05	-8.424108e-02	1.352822e+01
4.513000e-05	-8.423441e-02	1.343141e+01
4.514000e-05	-8.337921e-02	1.331569e+01
4.515000e-05	-8.155569e-02	1.319985e+01
4.516000e-05	-8.025668e-02	1.302351e+01
4.517000e-05	-7.628473e-02	1.289659e+01
4.518000e-05	-7.295320e-02	1.280885e+01
4.519000e-05	-6.942819e-02	1.262296e+01
4.520000e-05	-6.745697e-02	1.250667e+01
4.521000e-05	-6.341261e-02	1.233965e+01
4.522000e-05	-6.197225e-02	1.217135e+01
4.523000e-05	-5.672518e-02	1.201233e+01
4.524000e-05	-5.454716e-02	1.182294e+01
4.525000e-05	-5.150575e-02	1.166393e+01
4.526000e-05	-4.861478e-02	1.146548e+01
4.527000e-05	-4.522336e-02	1.124351e+01
4.528000e-05	-4.275110e-02	1.106459e+01
4.529000e-05	-4.317203e-02	1.087622e+01
4.530000e-05	-4.064910e-02	1.071716e+01
4.531000e-05	-4.028024e-02	1.050669e+01
4.532000e-05	-3.642824e-02	1.028516e+01
4.533000e-05	-3.588806e-02	1.008717e+01
4.534000e-05	-3.308410e-02	9.866037e+00
4.535000e-05	-3.143945e-02	9.682984e+00
4.536000e-05	-2.910151e-02	9.422878e+00
4.537000e-05	-2.871359e-02	9.242484e+00
4.538000e-05	-2.842626e-02	8.969901e+00
4.539000e-05	-2.774355e-02	8.759801e+00
4.540000e-05	-2.692210e-02	8.539269e+00
4.541000e-05	-2.443909e-02	8.316669e+00
4.542000e-05	-2.398269e-02	8.066114e+00
4.543000e-05	-2.185087e-02	7.812408e+00
4.544000e-05	-2.200652e-02	7.558396e+00
4.545000e-05	-2.100483e-02	7.295667e+00
4.546000e-05	-2.119654e-02	7.023482e+00
4.547000e-05	-2.006411e-02	6.811529e+00
4.548000e-05	-1.997197e-02	6.540118e+00
4.549000e-05	-1.880083e-02	6.275162e+00
4.550000e-05	-1.737010e-02	6.003008e+00
4.551000e-05	-1.591455e-02	5.750253e+00
4.552000e-05	-1.538847e-02	5.536192e+00
4.553000e-05	-1.591143e-02	5.231981e+00
4.554000e-05	-1.439525e-02	4.898641e+00
4.555000e-05	-1.379697e-02	4.601530e+00
4.556000e-05	-1.305609e-02	4.390471e+00
4.557000e-05	-1.269623e-02	4.077563e+00
4.558000e-05	-1.218152e-02	3.772505e+00
4.559000e-05	-1.157486e-02	3.539895e+00
4.560000e-05	-9.852586e-03	3.276088e+00
4.561000e-05	-1.055767e-02	2.991452e+00
4.562000e-05	-1.111352e-02	2.727367e+00
4.563000e-05	-9.666006e-03	2.422581e+00
4.564000e-05	-8.122500e-03	2.168791e+00
4.565000e-05	-7.796641e-03	1.907160e+00
4.566000e-05	-7.349111e-03	1.589878e+00
4.567000e-05	-7.738877e-03	1.307715e+00
4.568000e-05	-6.785493e-03	1.001373e+00
4.569000e-05	-4.913201e-03	6.847103e-01
4.570000e-05	-4.933418e-03	3.815263e-01
4.571000e-05	-3.482817e-03	1.066403e-01
4.572000e-05	-4.006612e-04	-1.369440e-01
4.573000e-05	7.821068e-03	-3.985526e-01
4.574000e-05	-2.674397e-03	-6.747096e-01
4.575000e-05	2.912401e-03	-9.273948e-01
4.576000e-05	-2.815815e-03	-1.220974e+00
4.577000e-05	6.356323e-04	-1.484364e+00
4.578000e-05	-1.480792e-04	-1.766844e+00
4.579000e-05	2.604035e-02	-1.965524e+00
4.580000e-05	8.466359e-02	-2.210997e+00
4.581000e-05	6.366521e-03	-2.559000e+00
4.582000e-05	-6.420058e-02	-2.979472e+00
4.583000e-05	3.512497e-03	-3.305841e+00
4.584000e-05	-4.355540e-02	-3.547290e+00
4.585000e-05	-6.416870e-02	-3.775768e+00
4.586000e-05	5.911525e-03	-3.958398e+00
4.587000e-05	1.446395e-01	-4.165796e+00
4.588000e-05	-1.389338e-01	-4.430654e+00
4.589000e-05	1.608796e-01	-4.695237e+00
4.590000e-05	-3.032061e-02	-4.967846e+00
4.591000e-05	-4.647997e-02	-5.365761e+00
4.592000e-05	8.818534e-02	-5.539325e+00
4.593000e-05	-1.367701e-01	-5.851131e+00
4.594000e-05	1.631702e-01	-6.074137e+00
4.595000e-05	-7.382857e-02	-6.346295e+00
4.596000e-05	6.047853e-02	-6.643155e+00
4.597000e-05	4.582916e-02	-6.883656e+00
4.598000e-05	-8.027206e-02	-7.198997e+00
4.599000e-05	9.154493e-02	-7.430556e+00
4.600000e-05	-1.050887e-01	-7.733191e+00
4.601000e-05	1.053859e-01	-8.009448e+00
4.602000e-05	-2.372171e-02	-8.218452e+00
4.603000e-05	1.155330e-02	-8.481581e+00
4.604000e-05	7.552706e-02	-8.724164e+00
4.605000e-05	-7.743732e-02	-8.967848e+00
4.606000e-05	8.475305e-02	-9.145900e+00
4.607000e-05	-6.791974e-02	-9.396852e+00
4.608000e-05	8.356340e-02	-9.580932e+00
4.609000e-05	-2.279561e-02	-9.820553e+00
4.610000e-05	3.591671e-02	-1.000998e+01
4.611000e-05	1.648227e-02	-1.027158e+01
4.612000e-05	-9.015702e-03	-1.044216e+01
4.613000e-05	5.253300e-02	-1.064103e+01
4.614000e-05	-3.197889e-02	-1.085251e+01
4.615000e-05	6.226830e-02	-1.102146e+01
4.616000e-05	-2.508642e-02	-1.121096e+01
4.617000e-05	6.157405e-02	-1.142050e+01
4.618000e-05	-1.162216e-02	-1.157090e+01
4.619000e-05	4.228388e-02	-1.180141e+01
4.620000e-05	-9.006351e-04	-1.195883e+01
4.621000e-05	2.998067e-02	-1.217888e+01
4.622000e-05	2.095060e-02	-1.231517e+01
4.623000e-05	1.523789e-02	-1.245217e+01
4.624000e-05	3.121381e-02	-1.264153e+01
4.625000e-05	9.335146e-03	-1.276138e+01
4.626000e-05	4.205217e-02	-1.295872e+01
4.627000e-05	8.835133e-03	-1.307454e+01
4.628000e-05	3.866867e-02	-1.318983e+01
4.629000e-05	9.005178e-03	-1.333617e+01
4.630000e-05	3.996905e-02	-1.348456e+01
4.631000e-05	1.753074e-02	-1.353740e+01
4.632000e-05	3.364918e-02	-1.369512e+01
4.633000e-05	2.393059e-02	-1.381943e+01
4.634000e-05	3.390186e-02	-1.391572e+01
4.635000e-05	3.181846e-02	-1.400085e+01
4.636000e-05	2.865626e-02	-1.412664e+01
4.637000e-05	3.109874e-02	-1.420185e+01
4.638000e-05	2.786864e-02	-1.429814e+01
4.639000e-05	3.841063e-02	-1.433930e+01
4.640000e-05	3.336053e-02	-1.443401e+01
4.641000e-05	3.908817e-02	-1.449566e+01
4.642000e-05	3.191171e-02	-1.455880e+01
4.643000e-05	3.919019e-02	-1.460201e+01
4.644000e-05	3.594581e-02	-1.466403e+01
4.645000e-05	3.856601e-02	-1.467461e+01
4.646000e-05	3.835423e-02	-1.470814e+01
4.647000e-05	4.324121e-02	-1.474927e+01
4.648000e-05	4.404883e-02	-1.479835e+01
4.649000e-05	4.450374e-02	-1.477083e+01
4.650000e-05	4.313674e-02	-1.480885e+01
4.651000e-05	4.306541e-02	-1.482038e+01
4.652000e-05	4.651304e-02	-1.482036e+01
4.653000e-05	4.781566e-02	-1.480196e+01
4.654000e-05	4.892845e-02	-1.479043e+01
4.655000e-05	4.937337e-02	-1.478937e+01
4.656000e-05	5.112870e-02	-1.476830e+01
4.657000e-05	5.307988e-02	-1.475772e+01
4.658000e-05	5.298464e-02	-1.472671e+01
4.659000e-05	5.230672e-02	-1.467464e+01
4.660000e-05	5.403235e-02	-1.462343e+01
4.661000e-05	5.617562e-02	-1.458883e+01
4.662000e-05	5.820966e-02	-1.456774e+01
4.663000e-05	5.698664e-02	-1.445501e+01
4.664000e-05	5.855833e-02	-1.440193e+01
4.665000e-05	5.999649e-02	-1.432717e+01
4.666000e-05	6.389793e-02	-1.426446e+01
4.667000e-05	6.588041e-02	-1.416033e+01
4.668000e-05	6.728390e-02	-1.406461e+01
4.669000e-05	6.985413e-02	-1.397025e+01
4.670000e-05	7.222087e-02	-1.384259e+01
4.671000e-05	7.400365e-02	-1.373882e+01
4.672000e-05	7.326723e-02	-1.363258e+01
4.673000e-05	7.446711e-02	-1.350665e+01
4.674000e-05	7.516613e-02	-1.341046e+01
4.675000e-05	7.518899e-02	-1.329349e+01
4.676000e-05	7.298643e-02	-1.314729e+01
4.677000e-05	6.947586e-02	-1.302346e+01
4.678000e-05	6.632646e-02	-1.290564e+01
4.679000e-05	6.376100e-02	-1.271824e+01
4.680000e-05	6.108833e-02	-1.260241e+01
4.681000e-05	5.739680e-02	-1.245401e+01
4.682000e-05	5.407671e-02	-1.228764e+01
4.683000e-05	5.049318e-02	-1.214720e+01
4.684000e-05	4.749285e-02	-1.194972e+01
4.685000e-05	4.321495e-02	-1.174828e+01
4.686000e-05	4.105175e-02	-1.156922e+01
4.687000e-05	3.833888e-02	-1.137965e+01
4.688000e-05	3.696257e-02	-1.112875e+01
4.689000e-05	3.587993e-02	-1.097985e+01
4.690000e-05	3.213105e-02	-1.077940e+01
4.691000e-05	2.978982e-02	-1.059095e+01
4.692000e-05	2.750430e-02	-1.041285e+01
4.693000e-05	2.701249e-02	-1.020033e+01
4.694000e-05	2.548315e-02	-9.969848e+00
4.695000e-05	2.329138e-02	-9.740325e+00
4.696000e-05	2.243496e-02	-9.580270e+00
4.697000e-05	2.065805e-02	-9.307692e+00
4.698000e-05	1.917720e-02	-9.107238e+00
4.699000e-05	1.772359e-02	-8.886164e+00
4.700000e-05	1.666991e-02	-8.644538e+00
4.701000e-05	1.603772e-02	-8.391405e+00
4.702000e-05	1.552991e-02	-8.190429e+00
4.703000e-05	1.411876e-02	-8.009797e+00
4.704000e-05	1.306227e-02	-7.676035e+00
4.705000e-05	1.152397e-02	-7.420905e+00
4.706000e-05	1.145376e-02	-7.190405e+00
4.707000e-05	9.408037e-03	-6.917171e+00
4.708000e-05	9.861731e-03	-6.674538e+00
4.709000e-05	8.907305e-03	-6.421555e+00
4.710000e-05	7.550016e-03	-6.119268e+00
4.711000e-05	7.959676e-03	-5.895640e+00
4.712000e-05	5.905298e-03	-5.644134e+00
4.713000e-05	5.183945e-03	-5.359698e+00
4.714000e-05	3.879823e-03	-5.074560e+00
4.715000e-05	3.316042e-03	-4.716670e+00
4.716000e-05	3.291420e-03	-4.465064e+00
4.717000e-05	2.323953e-03	-4.254584e+00
4.718000e-05	3.061626e-03	-3.991004e+00
4.719000e-05	1.305558e-03	-3.645084e+00
4.720000e-05	2.410881e-03	-3.421530e+00
4.721000e-05	-1.807412e-04	-3.178896e+00
4.722000e-05	5.874523e-04	-2.845634e+00
4.723000e-05	-1.742921e-03	-2.560927e+00
4.724000e-05	-2.115630e-04	-2.326343e+00
4.725000e-05	-5.193663e-03	-2.011474e+00
4.726000e-05	-5.688571e-04	-1.747900e+00
4.727000e-05	-4.006048e-03	-1.445560e+00
4.728000e-05	2.798353e-04	-1.117318e+00
4.729000e-05	-4.833255e-03	-8.325330e-01
4.730000e-05	-2.298761e-03	-5.783219e-01
4.731000e-05	-4.127682e-03	-2.941316e-01
4.732000e-05	-1.476208e-04	1.002263e-02
4.733000e-05	4.769566e-03	2.732558e-01
4.734000e-05	-3.283890e-03	5.358661e-01
4.735000e-05	-4.464239e-04	7.895725e-01
4.736000e-05	-1.866935e-03	1.022635e+00
4.737000e-05	-1.254643e-03	1.344469e+00
4.738000e-05	-1.669845e-03	1.662684e+00
4.739000e-05	2.900540e-03	1.884685e+00
4.740000e-05	2.668121e-02	2.114735e+00
4.741000e-05	7.287597e-02	2.409997e+00
4.742000e-05	-2.158834e-02	2.776973e+00
4.743000e-05	-6.972978e-02	3.042078e+00
4.744000e-05	-2.635216e-02	3.334782e+00
4.745000e-05	-3.515792e-02	3.639498e+00
4.746000e-05	-5.506856e-02	3.851053e+00
4.747000e-05	-5.283708e-02	4.040052e+00
4.748000e-05	1.016810e-01	4.275762e+00
4.749000e-05	-5.496763e-03	4.567920e+00
4.750000e-05	-4.466353e-02	4.849578e+00
4.751000e-05	1.230716e-01	5.075340e+00
4.752000e-05	-1.334711e-01	5.430550e+00
4.753000e-05	3.579715e-02	5.672207e+00
4.754000e-05	-4.931103e-02	5.957845e+00
4.755000e-05	-7.550837e-03	6.198475e+00
4.756000e-05	3.509768e-02	6.473059e+00
4.757000e-05	-5.900747e-02	6.729443e+00
4.758000e-05	4.876293e-02	6.969048e+00
4.759000e-05	-6.056819e-02	7.282078e+00
4.760000e-05	1.712422e-02	7.497769e+00
4.761000e-05	-5.337710e-02	7.828953e+00
4.762000e-05	-3.292699e-03	8.084165e+00
4.763000e-05	1.325174e-02	8.335391e+00
4.764000e-05	-4.198411e-02	8.565265e+00
4.765000e-05	2.326088e-02	8.737871e+00
4.766000e-05	-4.434196e-02	9.008451e+00
4.767000e-05	-1.372917e-02	9.221575e+00
4.768000e-05	-2.004414e-02	9.389985e+00
4.769000e-05	-1.052192e-02	9.663580e+00
4.770000e-05	-1.375274e-02	9.884587e+00
4.771000e-05	-3.005330e-02	1.006511e+01
4.772000e-05	1.378735e-03	1.032416e+01
4.773000e-05	-3.350860e-02	1.046426e+01
4.774000e-05	-1.022033e-02	1.068472e+01
4.775000e-05	-3.517776e-02	1.092621e+01
4.776000e-05	-1.591534e-02	1.109516e+01
4.777000e-05	-1.741285e-02	1.126258e+01
4.778000e-05	-1.899467e-02	1.151513e+01
4.779000e-05	-2.365449e-02	1.166304e+01
4.780000e-05	-2.873507e-02	1.184356e+01
4.781000e-05	-2.108477e-02	1.198992e+01
4.782000e-05	-2.538377e-02	1.219940e+01
4.783000e-05	-2.520214e-02	1.233720e+01
4.784000e-05	-2.971391e-02	1.249617e+01
4.785000e-05	-2.275925e-02	1.265156e+01
4.786000e-05	-2.237633e-02	1.276037e+01
4.787000e-05	-2.683810e-02	1.294819e+01
4.788000e-05	-3.386986e-02	1.308261e+01
4.789000e-05	-3.469961e-02	1.323140e+01
4.790000e-05	-3.034465e-02	1.332782e+01
4.791000e-05	-3.099577e-02	1.345196e+01
4.792000e-05	-3.168042e-02	1.355735e+01
4.793000e-05	-3.490023e-02	1.366509e+01
4.794000e-05	-3.073277e-02	1.381235e+01
4.795000e-05	-3.024746e-02	1.390514e+01
4.796000e-05	-3.829888e-02	1.400243e+01
4.797000e-05	-4.311574e-02	1.411614e+01
4.798000e-05	-4.127293e-02	1.422043e+01
4.799000e-05	-3.681642e-02	1.428514e+01
4.800000e-05	-3.462644e-02	1.441030e+01
4.801000e-05	-4.044503e-02	1.442308e+01
4.802000e-05	-3.916692e-02	1.450616e+01
4.803000e-05	-4.346854e-02	1.454977e+01
4.804000e-05	-4.267093e-02	1.459141e+01
4.805000e-05	-4.921206e-02	1.466198e+01
4.806000e-05	-5.010994e-02	1.468409e+01
4.807000e-05	-4.806847e-02	1.469562e+01
4.808000e-05	-4.470902e-02	1.474829e+01
4.809000e-05	-4.670591e-02	1.474867e+01
4.810000e-05	-5.054338e-02	1.476887e+01
4.811000e-05	-5.236340e-02	1.478985e+01
4.812000e-05	-5.219001e-02	1.477127e+01
4.813000e-05	-5.317140e-02	1.476930e+01
4.814000e-05	-5.575336e-02	1.477885e+01
4.815000e-05	-5.717638e-02	1.473832e+01
4.816000e-05	-5.685228e-02	1.473767e+01
4.817000e-05	-5.722473e-02	1.471727e+01
4.818000e-05	-5.930697e-02	1.471506e+01
4.819000e-05	-6.177499e-02	1.461351e+01
4.820000e-05	-6.164133e-02	1.461133e+01
4.821000e-05	-6.120771e-02	1.454875e+01
4.822000e-05	-6.269047e-02	1.450652e+01
4.823000e-05	-6.557144e-02	1.440551e+01
4.824000e-05	-6.777916e-02	1.438992e+01
4.825000e-05	-6.835989e-02	1.427617e+01
4.826000e-05	-6.885415e-02	1.422243e+01
4.827000e-05	-7.297834e-02	1.414677e+01
4.828000e-05	-7.509086e-02	1.404249e+01
4.829000e-05	-7.821437e-02	1.391022e+01
4.830000e-05	-7.834587e-02	1.383396e+01
4.831000e-05	-8.082066e-02	1.373618e+01
4.832000e-05	-8.370053e-02	1.362286e+01
4.833000e-05	-8.333242e-02	1.351564e+01
4.834000e-05	-8.342430e-02	1.337935e+01
4.835000e-05	-8.071608e-02	1.325348e+01
4.836000e-05	-7.990798e-02	1.313864e+01
4.837000e-05	-7.840183e-02	1.300185e+01
4.838000e-05	-7.698374e-02	1.287294e+01
4.839000e-05	-7.284812e-02	1.269512e+01
4.840000e-05	-6.819117e-02	1.256987e+01
4.841000e-05	-6.647587e-02	1.244138e+01
4.842000e-05	-6.325515e-02	1.227656e+01
4.843000e-05	-5.928765e-02	1.208612e+01
4.844000e-05	-5.405424e-02	1.192727e+01
4.845000e-05	-5.218249e-02	1.175884e+01
4.846000e-05	-5.120680e-02	1.158032e+01
4.847000e-05	-4.829373e-02	1.138080e+01
4.848000e-05	-4.419918e-02	1.115932e+01
4.849000e-05	-4.284001e-02	1.098088e+01
4.850000e-05	-4.076318e-02	1.083100e+01
4.851000e-05	-4.064822e-02	1.061388e+01
4.852000e-05	-3.762791e-02	1.042236e+01
4.853000e-05	-3.479796e-02	1.021188e+01
4.854000e-05	-3.486759e-02	1.003240e+01
4.855000e-05	-3.400418e-02	9.740823e+00
4.856000e-05	-3.166717e-02	9.557317e+00
4.857000e-05	-2.873358e-02	9.349294e+00
4.858000e-05	-2.772129e-02	9.168575e+00
4.859000e-05	-2.861553e-02	8.907113e+00
4.860000e-05	-2.759996e-02	8.654561e+00
4.861000e-05	-2.626460e-02	8.454083e+00
4.862000e-05	-2.383108e-02	8.190880e+00
4.863000e-05	-2.399810e-02	7.968223e+00
4.864000e-05	-2.201532e-02	7.696691e+00
4.865000e-05	-2.157903e-02	7.453505e+00
4.866000e-05	-1.992186e-02	7.191353e+00
4.867000e-05	-1.889659e-02	6.908796e+00
4.868000e-05	-1.988916e-02	6.678091e+00
4.869000e-05	-2.082119e-02	6.403004e+00
4.870000e-05	-1.723969e-02	6.179874e+00
4.871000e-05	-1.727491e-02	5.958342e+00
4.872000e-05	-1.370898e-02	5.653059e+00
4.873000e-05	-2.089312e-02	5.421926e+00
4.874000e-05	-1.295135e-02	5.057141e+00
4.875000e-05	-1.497605e-02	4.761372e+00
4.876000e-05	-9.298394e-03	4.527144e+00
4.877000e-05	-1.266821e-02	4.293529e+00
4.878000e-05	-1.143141e-02	3.960425e+00
4.879000e-05	-1.073431e-02	3.686115e+00
4.880000e-05	-1.270689e-02	3.462480e+00
4.881000e-05	-1.121572e-02	3.149397e+00
4.882000e-05	-1.547404e-02	2.895585e+00
4.883000e-05	-9.677585e-03	2.581483e+00
4.884000e-05	-8.748990e-03	2.326215e+00
4.885000e-05	-3.667147e-03	2.052031e+00
4.886000e-05	-5.979560e-03	1.779926e+00
4.887000e-05	-5.699194e-03	1.465138e+00
4.888000e-05	-9.495669e-03	1.179897e+00
4.889000e-05	-8.942282e-03	8.245562e-01
4.890000e-05	-9.382180e-03	5.394195e-01
4.891000e-05	-6.667314e-03	3.058190e-01
4.892000e-05	-1.118883e-03	-8.051521e-03
4.893000e-05	6.548564e-03	-2.612569e-01
4.894000e-05	1.002016e-02	-5.042835e-01
4.895000e-05	-3.255015e-03	-8.285518e-01
4.896000e-05	2.649229e-03	-1.048106e+00
4.897000e-05	-6.475396e-03	-1.316318e+00
4.898000e-05	-1.939969e-03	-1.600104e+00
4.899000e-05	2.623278e-03	-1.831056e+00
4.900000e-05	5.073099e-02	-2.083181e+00
4.901000e-05	8.254275e-02	-2.388470e+00
4.902000e-05	-5.783726e-02	-2.777519e+00
4.903000e-05	-1.699898e-02	-3.136920e+00
4.904000e-05	-1.847982e-02	-3.420480e+00
4.905000e-05	-4.679473e-02	-3.640100e+00
4.906000e-05	-7.480378e-02	-3.821132e+00
4.907000e-05	1.185560e-01	-4.011079e+00
4.908000e-05	2.124937e-02	-4.263154e+00
4.909000e-05	-7.087873e-02	-4.587897e+00
4.910000e-05	1.495799e-01	-4.797898e+00
4.911000e-05	-1.571458e-01	-5.083738e+00
4.912000e-05	1.085464e-01	-5.460053e+00
4.913000e-05	-6.282234e-02	-5.633754e+00
4.914000e-05	-3.181501e-02	-5.978423e+00
4.915000e-05	1.101176e-01	-6.227878e+00
4.916000e-05	-1.050618e-01	-6.503310e+00
4.917000e-05	1.441340e-01	-6.737819e+00
4.918000e-05	-7.932781e-02	-6.980374e+00
4.919000e-05	3.168075e-02	-7.303266e+00
4.920000e-05	8.617336e-03	-7.505768e+00
4.921000e-05	-5.338210e-02	-7.822581e+00
4.922000e-05	1.151434e-01	-8.084062e+00
4.923000e-05	-8.887986e-02	-8.316838e+00
4.924000e-05	1.101838e-01	-8.578369e+00
4.925000e-05	-3.052368e-02	-8.768828e+00
4.926000e-05	5.674256e-03	-9.014059e+00
4.927000e-05	2.794458e-02	-9.209003e+00
4.928000e-05	-3.410094e-02	-9.494535e+00
4.929000e-05	8.311134e-02	-9.674615e+00
4.930000e-05	-4.925757e-02	-9.862737e+00
4.931000e-05	8.242821e-02	-1.011467e+01
4.932000e-05	-4.424198e-02	-1.035567e+01
4.933000e-05	5.614390e-02	-1.053737e+01
4.934000e-05	-9.241179e-03	-1.074521e+01
4.935000e-05	2.243460e-02	-1.093625e+01
4.936000e-05	2.191082e-02	-1.113564e+01
4.937000e-05	5.329392e-03	-1.130661e+01
4.938000e-05	4.378719e-02	-1.148164e+01
4.939000e-05	-6.701536e-03	-1.172714e+01
4.940000e-05	4.480031e-02	-1.189359e+01
4.941000e-05	-1.257524e-02	-1.206408e+01
4.942000e-05	4.910853e-02	-1.223198e+01
4.943000e-05	-1.680996e-03	-1.236885e+01
4.944000e-05	4.073211e-02	-1.253975e+01
4.945000e-05	7.674990e-03	-1.271562e+01
4.946000e-05	3.338509e-02	-1.282251e+01
4.947000e-05	2.237667e-02	-1.302940e+01
4.948000e-05	2.436161e-02	-1.309622e+01
4.949000e-05	2.612431e-02	-1.322003e+01
4.950000e-05	1.635170e-02	-1.340985e+01
4.951000e-05	3.472842e-02	-1.353459e+01
4.952000e-05	1.815790e-02	-1.359093e+01
4.953000e-05	3.745436e-02	-1.369727e+01
4.954000e-05	2.143324e-02	-1.383203e+01
4.955000e-05	3.927370e-02	-1.392670e+01
4.956000e-05	2.611729e-02	-1.403301e+01
4.957000e-05	3.468134e-02	-1.410870e+01
4.958000e-05	2.473608e-02	-1.427248e+01
4.959000e-05	3.369558e-02	-1.431819e+01
4.960000e-05	3.406767e-02	-1.437045e+01
4.961000e-05	3.830516e-02	-1.446448e+01
4.962000e-05	3.602508e-02	-1.453817e+01
4.963000e-05	3.411476e-02	-1.457988e+01
4.964000e-05	3.694970e-02	-1.465256e+01
4.965000e-05	3.760147e-02	-1.467259e+01
4.966000e-05	3.974570e-02	-1.470414e+01
4.967000e-05	3.963660e-02	-1.473730e+01
4.968000e-05	4.335653e-02	-1.474830e+01
4.969000e-05	4.343457e-02	-1.481882e+01
4.970000e-05	4.406716e-02	-1.474990e+01
4.971000e-05	4.343303e-02	-1.477835e+01
4.972000e-05	4.542134e-02	-1.479040e+01
4.973000e-05	4.601142e-02	-1.480888e+01
4.974000e-05	4.776768e-02	-1.478296e+01
4.975000e-05	4.979283e-02	-1.477040e+01
4.976000e-05	5.219782e-02	-1.479083e+01
4.977000e-05	5.156297e-02	-1.475777e+01
4.978000e-05	5.180272e-02	-1.472772e+01
4.979000e-05	5.215182e-02	-1.469614e+01
4.980000e-05	5.364954e-02	-1.466304e+01
4.981000e-05	5.527635e-02	-1.462195e+01
4.982000e-05	5.657782e-02	-1.456033e+01
4.983000e-05	5.774806e-02	-1.449559e+01
4.984000e-05	5.830744e-02	-1.444298e+01
4.985000e-05	6.076882e-02	-1.436025e+01
4.986000e-05	6.110802e-02	-1.432614e+01
4.987000e-05	6.436407e-02	-1.426333e+01
4.988000e-05	6.570471e-02	-1.411600e+01
4.989000e-05	6.944256e-02	-1.400233e+01
4.990000e-05	7.132720e-02	-1.393667e+01
4.991000e-05	7.288419e-02	-1.380093e+01
4.992000e-05	7.398741e-02	-1.370409e+01
4.993000e-05	7.516315e-02	-1.358176e+01
4.994000e-05	7.428269e-02	-1.349553e+01
4.995000e-05	7.341223e-02	-1.337022e+01
4.996000e-05	7.487648e-02	-1.322141e+01
4.997000e-05	7.236851e-02	-1.307614e+01
4.998000e-05	6.932281e-02	-1.294827e+01
4.999000e-05	6.368895e-02	-1.286088e+01
