# 260901_12:19:37.356672
t	CH1	CH2
0.000000e+00	-1.655622e-02	1.203897e+01
1.000000e-08	-1.448415e-02	1.202958e+01
2.000000e-08	-1.599257e-02	1.199898e+01
3.000000e-08	-1.500603e-02	1.201895e+01
4.000000e-08	-1.585460e-02	1.196737e+01
5.000000e-08	-1.512161e-02	1.196730e+01
6.000000e-08	-1.723839e-02	1.192527e+01
7.000000e-08	-1.724323e-02	1.190569e+01
8.000000e-08	-1.867516e-02	1.186156e+01
9.000000e-08	-1.618319e-02	1.184108e+01
1.000000e-07	-1.548891e-02	1.178992e+01
1.100000e-07	-1.590222e-02	1.174864e+01
1.200000e-07	-1.705129e-02	1.171514e+01
1.300000e-07	-1.750934e-02	1.164145e+01
1.400000e-07	-1.690525e-02	1.155874e+01
1.500000e-07	-1.675635e-02	1.145506e+01
1.600000e-07	-1.697236e-02	1.136040e+01
1.700000e-07	-1.759826e-02	1.129616e+01
1.800000e-07	-1.577777e-02	1.119091e+01
1.900000e-07	-1.536488e-02	1.112571e+01
2.000000e-07	-1.714014e-02	1.105261e+01
2.100000e-07	-1.653092e-02	1.093729e+01
2.200000e-07	-1.760450e-02	1.087461e+01
2.300000e-07	-1.448453e-02	1.074890e+01
2.400000e-07	-1.736538e-02	1.064361e+01
2.500000e-07	-1.470092e-02	1.057022e+01
2.600000e-07	-1.841827e-02	1.039998e+01
2.700000e-07	-1.511341e-02	1.028564e+01
2.800000e-07	-1.810276e-02	1.016987e+01
2.900000e-07	-1.377095e-02	1.009406e+01
3.000000e-07	-1.854092e-02	9.918238e+00
3.100000e-07	-1.472280e-02	9.782896e+00
3.200000e-07	-1.665136e-02	9.641451e+00
3.300000e-07	-1.510751e-02	9.485189e+00
3.400000e-07	-1.700697e-02	9.350374e+00
3.500000e-07	-1.497040e-02	9.233552e+00
3.600000e-07	-1.574188e-02	9.107237e+00
3.700000e-07	-1.488513e-02	8.968662e+00
3.800000e-07	-1.634046e-02	8.728871e+00
3.900000e-07	-1.515497e-02	8.591921e+00
4.000000e-07	-1.634404e-02	8.444556e+00
4.100000e-07	-1.595794e-02	8.337286e+00
4.200000e-07	-1.457296e-02	8.067240e+00
4.300000e-07	-1.510758e-02	7.947717e+00
4.400000e-07	-1.503392e-02	7.760291e+00
4.500000e-07	-1.591220e-02	7.591421e+00
4.600000e-07	-1.424521e-02	7.368744e+00
4.700000e-07	-1.452826e-02	7.169346e+00
4.800000e-07	-1.381838e-02	6.970773e+00
4.900000e-07	-1.568082e-02	6.811950e+00
5.000000e-07	-1.330881e-02	6.602848e+00
5.100000e-07	-1.192804e-02	6.363378e+00
5.200000e-07	-1.248089e-02	6.212425e+00
5.300000e-07	-1.528166e-02	6.043054e+00
5.400000e-07	-1.301316e-02	5.812526e+00
5.500000e-07	-1.091919e-02	5.600349e+00
5.600000e-07	-1.061669e-02	5.403295e+00
5.700000e-07	-1.147343e-02	5.160419e+00
5.800000e-07	-1.260589e-02	4.889061e+00
5.900000e-07	-1.196455e-02	4.676635e+00
6.000000e-07	-1.001302e-02	4.494134e+00
6.100000e-07	-9.177202e-03	4.287190e+00
6.200000e-07	-1.205279e-02	3.993578e+00
6.300000e-07	-1.018186e-02	3.801953e+00
6.400000e-07	-9.074990e-03	3.602929e+00
6.500000e-07	-7.761017e-03	3.423823e+00
6.600000e-07	-9.888738e-03	3.149296e+00
6.700000e-07	-1.159421e-02	2.959770e+00
6.800000e-07	-9.148030e-03	2.738291e+00
6.900000e-07	-6.661771e-03	2.448588e+00
7.000000e-07	-5.942196e-03	2.255609e+00
7.100000e-07	-9.188748e-03	2.034629e+00
7.200000e-07	-8.371514e-03	1.784504e+00
7.300000e-07	-6.801957e-03	1.550823e+00
7.400000e-07	-4.304334e-03	1.339267e+00
7.500000e-07	-7.928178e-03	1.106662e+00
7.600000e-07	-7.457225e-03	8.119990e-01
7.700000e-07	-6.836890e-03	6.014002e-01
7.800000e-07	-4.905226e-03	3.933976e-01
7.900000e-07	-3.770521e-03	1.002949e-01
8.000000e-07	-5.122643e-03	-1.132855e-01
8.100000e-07	5.883506e-03	-3.227857e-01
8.200000e-07	-3.479059e-03	-4.418592e-01
8.300000e-07	1.684283e-03	-7.648447e-01
8.400000e-07	-3.892589e-03	-9.438646e-01
8.500000e-07	-2.017924e-03	-1.196421e+00
8.600000e-07	-3.259163e-03	-1.396046e+00
8.700000e-07	2.418924e-03	-1.628603e+00
8.800000e-07	6.011485e-02	-1.787421e+00
8.900000e-07	7.055458e-02	-2.059604e+00
9.000000e-07	-8.053899e-02	-2.465049e+00
9.100000e-07	-6.083140e-03	-2.702286e+00
9.200000e-07	-5.123712e-02	-2.890205e+00
9.300000e-07	-9.844032e-02	-3.081788e+00
9.400000e-07	9.338760e-02	-3.210051e+00
9.500000e-07	6.451860e-02	-3.383371e+00
9.600000e-07	-1.645593e-01	-3.648123e+00
9.700000e-07	2.198474e-01	-3.847001e+00
9.800000e-07	-1.388979e-01	-4.061128e+00
9.900000e-07	-3.300990e-05	-4.351189e+00
1.000000e-06	9.564317e-02	-4.449131e+00
1.010000e-06	-1.934763e-01	-4.700738e+00
1.020000e-06	1.600702e-01	-4.933840e+00
1.030000e-06	-4.308221e-02	-5.130363e+00
1.040000e-06	1.591980e-02	-5.496522e+00
1.050000e-06	9.666306e-02	-5.609049e+00
1.060000e-06	-1.539639e-01	-5.838002e+00
1.070000e-06	1.090218e-01	-6.008051e+00
1.080000e-06	-6.929450e-02	-6.246651e+00
1.090000e-06	2.360569e-02	-6.510156e+00
1.100000e-06	6.269830e-02	-6.650579e+00
1.110000e-06	-1.087981e-01	-6.859051e+00
1.120000e-06	1.719275e-01	-7.068605e+00
1.130000e-06	-1.469175e-01	-7.249707e+00
1.140000e-06	8.399909e-02	-7.480208e+00
1.150000e-06	-3.355207e-02	-7.658077e+00
1.160000e-06	-2.077040e-02	-7.910733e+00
1.170000e-06	1.006758e-01	-8.029530e+00
1.180000e-06	-8.904895e-02	-8.248474e+00
1.190000e-06	9.574412e-02	-8.397896e+00
1.200000e-06	-9.390909e-02	-8.504366e+00
1.210000e-06	7.868154e-02	-8.744741e+00
1.220000e-06	-2.386829e-02	-8.903236e+00
1.230000e-06	-2.480921e-05	-9.070029e+00
1.240000e-06	3.020125e-02	-9.197912e+00
1.250000e-06	-4.181983e-02	-9.353790e+00
1.260000e-06	7.836977e-02	-9.481760e+00
1.270000e-06	-5.591421e-02	-9.639075e+00
1.280000e-06	4.738151e-02	-9.774945e+00
1.290000e-06	-3.392196e-02	-9.902187e+00
1.300000e-06	3.563972e-02	-1.001953e+01
1.310000e-06	1.193509e-03	-1.017334e+01
1.320000e-06	-2.372949e-03	-1.039324e+01
1.330000e-06	1.408161e-02	-1.040955e+01
1.340000e-06	-8.297146e-03	-1.058582e+01
1.350000e-06	3.844437e-02	-1.064853e+01
1.360000e-06	-1.885855e-02	-1.075392e+01
1.370000e-06	2.211405e-02	-1.082863e+01
1.380000e-06	-1.493568e-02	-1.098489e+01
1.390000e-06	2.815509e-02	-1.104308e+01
1.400000e-06	-5.415082e-03	-1.115534e+01
1.410000e-06	1.205312e-02	-1.131171e+01
1.420000e-06	-4.223106e-04	-1.133577e+01
1.430000e-06	1.346121e-02	-1.145905e+01
1.440000e-06	1.590177e-02	-1.151518e+01
1.450000e-06	-3.744144e-03	-1.158735e+01
1.460000e-06	1.016774e-02	-1.168161e+01
1.470000e-06	-1.963564e-03	-1.182642e+01
1.480000e-06	2.395603e-02	-1.180892e+01
1.490000e-06	1.410777e-03	-1.186214e+01
1.500000e-06	1.060314e-02	-1.197479e+01
1.510000e-06	-6.356580e-04	-1.196932e+01
1.520000e-06	1.214009e-02	-1.201001e+01
1.530000e-06	9.348032e-03	-1.207258e+01
1.540000e-06	4.997600e-03	-1.210369e+01
1.550000e-06	8.548172e-03	-1.210526e+01
1.560000e-06	5.785962e-03	-1.212329e+01
1.570000e-06	1.390589e-02	-1.216630e+01
1.580000e-06	6.642398e-03	-1.217632e+01
1.590000e-06	5.450935e-03	-1.217832e+01
1.600000e-06	4.865902e-03	-1.212730e+01
1.610000e-06	1.065136e-02	-1.216892e+01
1.620000e-06	1.141206e-02	-1.215775e+01
1.630000e-06	9.835948e-03	-1.218679e+01
1.640000e-06	5.681284e-03	-1.215629e+01
1.650000e-06	1.003041e-02	-1.212529e+01
1.660000e-06	9.867376e-03	-1.211614e+01
1.670000e-06	9.001098e-03	-1.210311e+01
1.680000e-06	6.830745e-03	-1.203203e+01
1.690000e-06	7.120116e-03	-1.199895e+01
1.700000e-06	1.262259e-02	-1.192722e+01
1.710000e-06	1.189706e-02	-1.188564e+01
1.720000e-06	7.723715e-03	-1.185100e+01
1.730000e-06	5.366963e-03	-1.178983e+01
1.740000e-06	8.479906e-03	-1.172724e+01
1.750000e-06	1.161612e-02	-1.166098e+01
1.760000e-06	8.891713e-03	-1.153727e+01
1.770000e-06	7.647490e-03	-1.141498e+01
1.780000e-06	7.177845e-03	-1.138785e+01
1.790000e-06	9.697505e-03	-1.126664e+01
1.800000e-06	1.075600e-02	-1.120425e+01
1.810000e-06	7.197700e-03	-1.108468e+01
1.820000e-06	7.049980e-03	-1.094879e+01
1.830000e-06	7.133001e-03	-1.089509e+01
1.840000e-06	1.043156e-02	-1.083982e+01
1.850000e-06	8.628396e-03	-1.070509e+01
1.860000e-06	6.972535e-03	-1.060940e+01
1.870000e-06	7.147078e-03	-1.044509e+01
1.880000e-06	9.011781e-03	-1.038774e+01
1.890000e-06	8.920052e-03	-1.020295e+01
1.900000e-06	5.712639e-03	-1.010456e+01
1.910000e-06	5.800039e-03	-9.938771e+00
1.920000e-06	7.713042e-03	-9.843982e+00
1.930000e-06	9.573748e-03	-9.735589e+00
1.940000e-06	8.081738e-03	-9.540845e+00
1.950000e-06	6.100557e-03	-9.413400e+00
1.960000e-06	6.055331e-03	-9.265509e+00
1.970000e-06	8.631310e-03	-9.137240e+00
1.980000e-06	7.676459e-03	-8.989698e+00
1.990000e-06	4.949843e-03	-8.821477e+00
2.000000e-06	5.414264e-03	-8.636108e+00
2.010000e-06	6.947021e-03	-8.445036e+00
2.020000e-06	7.356770e-03	-8.285711e+00
2.030000e-06	7.125448e-03	-8.137794e+00
2.040000e-06	3.450897e-03	-7.991845e+00
2.050000e-06	6.200483e-03	-7.763345e+00
2.060000e-06	6.541808e-03	-7.561374e+00
2.070000e-06	5.730504e-03	-7.359875e+00
2.080000e-06	4.122138e-03	-7.202397e+00
2.090000e-06	3.837199e-03	-6.980899e+00
2.100000e-06	3.993080e-03	-6.769874e+00
2.110000e-06	5.917092e-03	-6.611878e+00
2.120000e-06	3.601635e-03	-6.432003e+00
2.130000e-06	2.840108e-03	-6.182429e+00
2.140000e-06	2.766457e-03	-5.991401e+00
2.150000e-06	3.963008e-03	-5.782425e+00
2.160000e-06	2.804895e-03	-5.561829e+00
2.170000e-06	9.993490e-04	-5.372373e+00
2.180000e-06	1.184121e-03	-5.129216e+00
2.190000e-06	1.795445e-03	-4.825640e+00
2.200000e-06	2.171743e-03	-4.655458e+00
2.210000e-06	4.454646e-04	-4.434555e+00
2.220000e-06	5.209537e-04	-4.255139e+00
2.230000e-06	5.355460e-04	-4.066061e+00
2.240000e-06	-6.088186e-04	-3.855561e+00
2.250000e-06	2.046518e-04	-3.581975e+00
2.260000e-06	-2.859710e-03	-3.402931e+00
2.270000e-06	-2.077943e-03	-3.171874e+00
2.280000e-06	4.387273e-04	-2.930666e+00
2.290000e-06	-9.145066e-04	-2.727221e+00
2.300000e-06	-7.093073e-04	-2.506241e+00
2.310000e-06	-3.486857e-03	-2.247112e+00
2.320000e-06	-2.646956e-03	-2.013504e+00
2.330000e-06	-2.155305e-03	-1.793479e+00
2.340000e-06	-3.316369e-03	-1.573403e+00
2.350000e-06	-2.127969e-03	-1.328722e+00
2.360000e-06	-4.392251e-03	-1.076685e+00
2.370000e-06	-2.947119e-03	-8.230358e-01
2.380000e-06	-3.822844e-03	-6.049831e-01
2.390000e-06	-3.757931e-03	-3.508725e-01
2.400000e-06	-3.894258e-03	-1.218438e-01
2.410000e-06	3.996460e-03	3.065251e-02
2.420000e-06	3.777833e-03	3.228355e-01
2.430000e-06	-2.409155e-03	5.333354e-01
2.440000e-06	-6.306358e-04	7.238105e-01
2.450000e-06	-4.425004e-03	8.438130e-01
2.460000e-06	-1.804735e-03	1.185446e+00
2.470000e-06	-1.956265e-03	1.397094e+00
2.480000e-06	8.957363e-03	1.647177e+00
2.490000e-06	4.209811e-02	1.890709e+00
2.500000e-06	7.333714e-02	2.070857e+00
2.510000e-06	-7.514359e-02	2.394387e+00
2.520000e-06	-3.211489e-02	2.666599e+00
2.530000e-06	-3.719627e-02	2.850128e+00
2.540000e-06	-5.800920e-02	3.018649e+00
2.550000e-06	-7.041121e-02	3.143918e+00
2.560000e-06	1.464952e-01	3.382292e+00
2.570000e-06	-7.357847e-02	3.607004e+00
2.580000e-06	-1.568946e-02	3.776371e+00
2.590000e-06	1.586902e-01	3.953443e+00
2.600000e-06	-1.587487e-01	4.289124e+00
2.610000e-06	7.009204e-02	4.448626e+00
2.620000e-06	-5.612516e-02	4.670753e+00
2.630000e-06	-4.211454e-02	4.872086e+00
2.640000e-06	6.333931e-02	5.181916e+00
2.650000e-06	-3.482449e-02	5.408622e+00
2.660000e-06	3.045916e-02	5.578027e+00
2.670000e-06	-2.437706e-02	5.816022e+00
2.680000e-06	-2.603558e-02	6.029096e+00
2.690000e-06	8.332697e-03	6.258496e+00
2.700000e-06	-3.784799e-02	6.418599e+00
2.710000e-06	3.892736e-02	6.627502e+00
2.720000e-06	-4.898172e-02	6.870678e+00
2.730000e-06	2.419306e-02	7.060046e+00
2.740000e-06	7.389147e-03	7.207574e+00
2.750000e-06	-5.828123e-02	7.425420e+00
2.760000e-06	2.725081e-02	7.657542e+00
2.770000e-06	-4.290571e-02	7.858652e+00
2.780000e-06	2.545976e-02	8.041075e+00
2.790000e-06	-2.225561e-02	8.257601e+00
2.800000e-06	5.280832e-04	8.374416e+00
2.810000e-06	-1.534330e-02	8.523286e+00
2.820000e-06	-1.838879e-02	8.711657e+00
2.830000e-06	1.082341e-02	8.836524e+00
2.840000e-06	-3.522327e-02	8.996466e+00
2.850000e-06	4.829016e-03	9.165389e+00
2.860000e-06	-1.956666e-02	9.312758e+00
2.870000e-06	1.528963e-03	9.418550e+00
2.880000e-06	-9.212417e-03	9.534366e+00
2.890000e-06	-1.892024e-02	9.723232e+00
2.900000e-06	-8.596047e-03	9.810552e+00
2.910000e-06	-1.906137e-02	1.001752e+01
2.920000e-06	-1.600860e-03	1.014476e+01
2.930000e-06	-2.076736e-02	1.024958e+01
2.940000e-06	-7.169080e-03	1.033579e+01
2.950000e-06	-1.310551e-02	1.046158e+01
2.960000e-06	-5.560717e-03	1.060593e+01
2.970000e-06	-1.095119e-02	1.071118e+01
2.980000e-06	-1.894176e-02	1.079952e+01
2.990000e-06	-1.149974e-02	1.092276e+01
3.000000e-06	-1.415213e-02	1.098857e+01
3.010000e-06	-7.946434e-03	1.109263e+01
3.020000e-06	-1.657070e-02	1.117744e+01
3.030000e-06	-1.102679e-02	1.125011e+01
3.040000e-06	-1.238430e-02	1.132436e+01
3.050000e-06	-1.061243e-02	1.146910e+01
3.060000e-06	-1.460760e-02	1.149481e+01
3.070000e-06	-1.847930e-02	1.158947e+01
3.080000e-06	-1.350736e-02	1.169060e+01
3.090000e-06	-1.105362e-02	1.173481e+01
3.100000e-06	-9.740374e-03	1.178785e+01
3.110000e-06	-1.694861e-02	1.179953e+01
3.120000e-06	-1.706598e-02	1.185065e+01
3.130000e-06	-1.531749e-02	1.188323e+01
3.140000e-06	-1.349357e-02	1.190324e+01
3.150000e-06	-1.414518e-02	1.194677e+01
3.160000e-06	-1.616586e-02	1.200687e+01
3.170000e-06	-1.447955e-02	1.195790e+01
3.180000e-06	-1.300117e-02	1.198890e+01
3.190000e-06	-1.397087e-02	1.202097e+01
3.200000e-06	-1.797676e-02	1.203038e+01
3.210000e-06	-1.833596e-02	1.201948e+01
3.220000e-06	-1.475950e-02	1.200105e+01
3.230000e-06	-1.437302e-02	1.200998e+01
3.240000e-06	-1.516876e-02	1.200945e+01
3.250000e-06	-1.733518e-02	1.197885e+01
3.260000e-06	-1.599805e-02	1.193729e+01
3.270000e-06	-1.627808e-02	1.190674e+01
3.280000e-06	-1.690406e-02	1.191469e+01
3.290000e-06	-1.959438e-02	1.189215e+01
3.300000e-06	-1.645938e-02	1.183203e+01
3.310000e-06	-1.452915e-02	1.179947e+01
3.320000e-06	-1.602084e-02	1.173772e+01
3.330000e-06	-1.810865e-02	1.173519e+01
3.340000e-06	-1.715104e-02	1.160096e+01
3.350000e-06	-1.487433e-02	1.153734e+01
3.360000e-06	-1.619209e-02	1.147556e+01
3.370000e-06	-1.744002e-02	1.139883e+01
3.380000e-06	-1.754716e-02	1.129513e+01
3.390000e-06	-1.624811e-02	1.119842e+01
3.400000e-06	-1.418380e-02	1.110572e+01
3.410000e-06	-1.799169e-02	1.103311e+01
3.420000e-06	-1.616888e-02	1.095785e+01
3.430000e-06	-1.857952e-02	1.086411e+01
3.440000e-06	-1.306071e-02	1.080037e+01
3.450000e-06	-1.563103e-02	1.066460e+01
3.460000e-06	-1.438393e-02	1.052730e+01
3.470000e-06	-1.739294e-02	1.043998e+01
3.480000e-06	-1.579505e-02	1.029566e+01
3.490000e-06	-1.747270e-02	1.017935e+01
3.500000e-06	-1.675784e-02	1.008363e+01
3.510000e-06	-1.780612e-02	9.936265e+00
3.520000e-06	-1.626867e-02	9.781447e+00
3.530000e-06	-1.504995e-02	9.614079e+00
3.540000e-06	-1.507181e-02	9.526740e+00
3.550000e-06	-1.625609e-02	9.360821e+00
3.560000e-06	-1.624711e-02	9.223532e+00
3.570000e-06	-1.662312e-02	9.046209e+00
3.580000e-06	-1.663457e-02	8.916767e+00
3.590000e-06	-1.759565e-02	8.759866e+00
3.600000e-06	-1.751382e-02	8.600928e+00
3.610000e-06	-1.574790e-02	8.483482e+00
3.620000e-06	-1.385426e-02	8.266260e+00
3.630000e-06	-1.364808e-02	8.111166e+00
3.640000e-06	-1.376303e-02	7.947819e+00
3.650000e-06	-1.603706e-02	7.740371e+00
3.660000e-06	-1.475311e-02	7.572420e+00
3.670000e-06	-1.528700e-02	7.384369e+00
3.680000e-06	-1.464245e-02	7.179869e+00
3.690000e-06	-1.450080e-02	6.971429e+00
3.700000e-06	-1.355137e-02	6.812401e+00
3.710000e-06	-1.216259e-02	6.614427e+00
3.720000e-06	-1.307185e-02	6.381353e+00
3.730000e-06	-1.293815e-02	6.211975e+00
3.740000e-06	-1.398041e-02	6.013454e+00
3.750000e-06	-1.168152e-02	5.822982e+00
3.760000e-06	-1.212254e-02	5.591447e+00
3.770000e-06	-1.134296e-02	5.411922e+00
3.780000e-06	-1.311373e-02	5.130844e+00
3.790000e-06	-1.168014e-02	4.869791e+00
3.800000e-06	-1.198298e-02	4.655557e+00
3.810000e-06	-1.120198e-02	4.454661e+00
3.820000e-06	-1.125498e-02	4.247212e+00
3.830000e-06	-1.020602e-02	4.054929e+00
3.840000e-06	-9.095005e-03	3.832979e+00
3.850000e-06	-9.298967e-03	3.603478e+00
3.860000e-06	-9.441531e-03	3.382376e+00
3.870000e-06	-1.067444e-02	3.150322e+00
3.880000e-06	-8.153281e-03	2.928295e+00
3.890000e-06	-1.027932e-02	2.729942e+00
3.900000e-06	-7.240976e-03	2.477137e+00
3.910000e-06	-9.475345e-03	2.246633e+00
3.920000e-06	-6.052723e-03	2.024633e+00
3.930000e-06	-6.542082e-03	1.804909e+00
3.940000e-06	-5.431787e-03	1.582024e+00
3.950000e-06	-8.050758e-03	1.362896e+00
3.960000e-06	-6.267682e-03	1.089165e+00
3.970000e-06	-7.938928e-03	8.235527e-01
3.980000e-06	-5.946795e-03	6.039775e-01
3.990000e-06	-6.608467e-03	3.803725e-01
4.000000e-06	-4.706465e-03	1.208208e-01
4.010000e-06	-2.966727e-03	-1.017578e-01
4.020000e-06	7.504260e-03	-3.122380e-01
4.030000e-06	-2.795538e-03	-5.216866e-01
4.040000e-06	4.341119e-04	-7.333197e-01
4.050000e-06	-4.459309e-03	-9.663908e-01
4.060000e-06	-2.859242e-03	-1.174392e+00
4.070000e-06	-3.311156e-03	-1.407970e+00
4.080000e-06	5.447630e-04	-1.598528e+00
4.090000e-06	5.661117e-02	-1.787522e+00
4.100000e-06	7.673644e-02	-2.006600e+00
4.110000e-06	-7.853955e-02	-2.435026e+00
4.120000e-06	-6.191245e-03	-2.728788e+00
4.130000e-06	-5.046998e-02	-2.892084e+00
4.140000e-06	-9.781385e-02	-3.100282e+00
4.150000e-06	8.463505e-02	-3.218499e+00
4.160000e-06	7.705404e-02	-3.333391e+00
4.170000e-06	-1.739272e-01	-3.607498e+00
4.180000e-06	2.177658e-01	-3.817577e+00
4.190000e-06	-1.258264e-01	-4.028551e+00
4.200000e-06	-1.751689e-02	-4.332286e+00
4.210000e-06	1.085374e-01	-4.411130e+00
4.220000e-06	-1.985853e-01	-4.739262e+00
4.230000e-06	1.535971e-01	-4.971763e+00
4.240000e-06	-3.273061e-02	-5.102789e+00
4.250000e-06	2.994271e-03	-5.434524e+00
4.260000e-06	1.049798e-01	-5.626952e+00
4.270000e-06	-1.556102e-01	-5.857499e+00
4.280000e-06	1.043880e-01	-6.009000e+00
4.290000e-06	-5.965741e-02	-6.248099e+00
4.300000e-06	1.161519e-02	-6.499125e+00
4.310000e-06	7.295045e-02	-6.628074e+00
4.320000e-06	-1.168087e-01	-6.860078e+00
4.330000e-06	1.734719e-01	-7.048582e+00
4.340000e-06	-1.411886e-01	-7.279079e+00
4.350000e-06	7.403341e-02	-7.492109e+00
4.360000e-06	-2.243125e-02	-7.637599e+00
4.370000e-06	-3.134910e-02	-7.870177e+00
4.380000e-06	1.070271e-01	-8.069554e+00
4.390000e-06	-9.327039e-02	-8.258499e+00
4.400000e-06	9.582059e-02	-8.367398e+00
4.410000e-06	-9.007165e-02	-8.533291e+00
4.420000e-06	7.304473e-02	-8.781292e+00
4.430000e-06	-1.575344e-02	-8.891632e+00
4.440000e-06	-8.376055e-03	-9.069603e+00
4.450000e-06	3.719556e-02	-9.187971e+00
4.460000e-06	-4.588069e-02	-9.334361e+00
4.470000e-06	8.016063e-02	-9.492287e+00
4.480000e-06	-5.653116e-02	-9.638504e+00
4.490000e-06	4.533498e-02	-9.785368e+00
4.500000e-06	-3.072127e-02	-9.902687e+00
4.510000e-06	3.219185e-02	-1.005998e+01
4.520000e-06	3.958967e-03	-1.018529e+01
4.530000e-06	-5.653507e-03	-1.034076e+01
4.540000e-06	1.788722e-02	-1.047995e+01
4.550000e-06	-1.043301e-02	-1.054687e+01
4.560000e-06	3.939666e-02	-1.065053e+01
4.570000e-06	-1.989534e-02	-1.074587e+01
4.580000e-06	2.296426e-02	-1.089161e+01
4.590000e-06	-1.477758e-02	-1.096479e+01
4.600000e-06	2.839221e-02	-1.111256e+01
4.610000e-06	-4.819861e-03	-1.113536e+01
4.620000e-06	1.234310e-02	-1.128116e+01
4.630000e-06	4.998379e-04	-1.128479e+01
4.640000e-06	1.245431e-02	-1.147958e+01
4.650000e-06	1.683486e-02	-1.150421e+01
4.660000e-06	-3.904619e-03	-1.160943e+01
4.670000e-06	1.045014e-02	-1.169261e+01
4.680000e-06	-2.692966e-03	-1.176677e+01
4.690000e-06	2.465738e-02	-1.181892e+01
4.700000e-06	1.881960e-03	-1.190106e+01
4.710000e-06	1.131750e-02	-1.195432e+01
4.720000e-06	-2.475352e-04	-1.197977e+01
4.730000e-06	1.270953e-02	-1.205158e+01
4.740000e-06	1.001208e-02	-1.207453e+01
4.750000e-06	5.105490e-03	-1.209316e+01
4.760000e-06	7.333604e-03	-1.210372e+01
4.770000e-06	6.847674e-03	-1.215724e+01
4.780000e-06	1.483849e-02	-1.214782e+01
4.790000e-06	7.007730e-03	-1.214874e+01
4.800000e-06	4.535165e-03	-1.218735e+01
4.810000e-06	6.358594e-03	-1.217884e+01
4.820000e-06	1.052581e-02	-1.219835e+01
4.830000e-06	1.112026e-02	-1.218727e+01
4.840000e-06	8.582465e-03	-1.218634e+01
4.850000e-06	6.823067e-03	-1.215624e+01
4.860000e-06	8.714891e-03	-1.214477e+01
4.870000e-06	1.168557e-02	-1.209569e+01
4.880000e-06	6.022251e-03	-1.207158e+01
4.890000e-06	8.224812e-03	-1.207208e+01
4.900000e-06	6.212541e-03	-1.201990e+01
4.910000e-06	1.392732e-02	-1.194682e+01
4.920000e-06	9.995376e-03	-1.192364e+01
4.930000e-06	9.069036e-03	-1.183308e+01
4.940000e-06	6.905215e-03	-1.177835e+01
4.950000e-06	7.603806e-03	-1.174616e+01
4.960000e-06	9.640789e-03	-1.161198e+01
4.970000e-06	5.938774e-03	-1.154676e+01
4.980000e-06	8.800579e-03	-1.145408e+01
4.990000e-06	9.206508e-03	-1.140930e+01
5.000000e-06	1.083185e-02	-1.128618e+01
5.010000e-06	1.019422e-02	-1.116877e+01
5.020000e-06	8.942606e-03	-1.108306e+01
5.030000e-06	5.944927e-03	-1.094935e+01
5.040000e-06	7.374132e-03	-1.086518e+01
5.050000e-06	6.418963e-03	-1.082090e+01
5.060000e-06	9.110389e-03	-1.068519e+01
5.070000e-06	8.303797e-03	-1.060043e+01
5.080000e-06	9.017788e-03	-1.046464e+01
5.090000e-06	9.105028e-03	-1.035880e+01
5.100000e-06	8.084667e-03	-1.022338e+01
5.110000e-06	7.307417e-03	-1.008658e+01
5.120000e-06	6.024294e-03	-9.949320e+00
5.130000e-06	6.751826e-03	-9.833481e+00
5.140000e-06	7.915268e-03	-9.696667e+00
5.150000e-06	8.461274e-03	-9.588824e+00
5.160000e-06	7.497407e-03	-9.422452e+00
5.170000e-06	7.878122e-03	-9.296087e+00
5.180000e-06	8.796673e-03	-9.108270e+00
5.190000e-06	6.398915e-03	-8.980301e+00
5.200000e-06	6.770784e-03	-8.802902e+00
5.210000e-06	6.051401e-03	-8.615086e+00
5.220000e-06	6.986492e-03	-8.494034e+00
5.230000e-06	6.162494e-03	-8.317690e+00
5.240000e-06	6.098122e-03	-8.159222e+00
5.250000e-06	5.472358e-03	-8.001374e+00
5.260000e-06	7.280940e-03	-7.780326e+00
5.270000e-06	5.735073e-03	-7.530821e+00
5.280000e-06	4.317238e-03	-7.370847e+00
5.290000e-06	3.515354e-03	-7.172402e+00
5.300000e-06	5.384274e-03	-7.013371e+00
5.310000e-06	4.995644e-03	-6.820399e+00
5.320000e-06	3.597342e-03	-6.602950e+00
5.330000e-06	3.511631e-03	-6.434032e+00
5.340000e-06	4.464582e-03	-6.223852e+00
5.350000e-06	4.608561e-03	-5.982400e+00
5.360000e-06	1.929540e-03	-5.771903e+00
5.370000e-06	3.343593e-04	-5.611954e+00
5.380000e-06	1.414727e-03	-5.402398e+00
5.390000e-06	2.024956e-03	-5.148240e+00
5.400000e-06	2.160525e-03	-4.877212e+00
5.410000e-06	1.494490e-03	-4.635079e+00
5.420000e-06	3.449267e-04	-4.444059e+00
5.430000e-06	1.767792e-03	-4.265081e+00
5.440000e-06	1.646618e-03	-4.045083e+00
5.450000e-06	-8.676274e-04	-3.857086e+00
5.460000e-06	-3.871325e-04	-3.622430e+00
5.470000e-06	-2.423688e-03	-3.402983e+00
5.480000e-06	3.861551e-04	-3.193001e+00
5.490000e-06	-1.889633e-03	-2.919794e+00
5.500000e-06	-4.410099e-04	-2.718220e+00
5.510000e-06	-3.453919e-03	-2.518219e+00
5.520000e-06	-1.388734e-03	-2.306594e+00
5.530000e-06	-4.959903e-03	-2.025979e+00
5.540000e-06	-1.558326e-03	-1.794557e+00
5.550000e-06	-5.300682e-03	-1.603453e+00
5.560000e-06	-1.722346e-03	-1.331790e+00
5.570000e-06	-4.002048e-03	-1.057137e+00
5.580000e-06	-8.377303e-04	-8.346140e-01
5.590000e-06	-5.075677e-03	-5.949842e-01
5.600000e-06	-3.007141e-03	-3.598249e-01
5.610000e-06	-4.844511e-03	-1.817963e-01
5.620000e-06	3.307709e-03	4.975507e-02
5.630000e-06	3.269375e-03	3.423330e-01
5.640000e-06	-3.519571e-03	5.433852e-01
5.650000e-06	1.377758e-03	7.019095e-01
5.660000e-06	-2.665079e-03	8.626829e-01
5.670000e-06	-5.200655e-04	1.114938e+00
5.680000e-06	-3.218531e-03	1.385971e+00
5.690000e-06	7.294570e-03	1.628103e+00
5.700000e-06	3.831722e-02	1.859154e+00
5.710000e-06	7.516669e-02	2.080680e+00
5.720000e-06	-7.363523e-02	2.365467e+00
5.730000e-06	-3.271846e-02	2.597468e+00
5.740000e-06	-3.517134e-02	2.849676e+00
5.750000e-06	-5.514511e-02	2.998051e+00
5.760000e-06	-7.254147e-02	3.156890e+00
5.770000e-06	1.402009e-01	3.293891e+00
5.780000e-06	-5.967508e-02	3.646471e+00
5.790000e-06	-3.232628e-02	3.743394e+00
5.800000e-06	1.662934e-01	3.976992e+00
5.810000e-06	-1.600100e-01	4.259679e+00
5.820000e-06	6.288236e-02	4.418004e+00
5.830000e-06	-4.739024e-02	4.670609e+00
5.840000e-06	-4.802971e-02	4.871232e+00
5.850000e-06	6.805314e-02	5.183891e+00
5.860000e-06	-3.498526e-02	5.418496e+00
5.870000e-06	2.975673e-02	5.606521e+00
5.880000e-06	-2.382437e-02	5.816098e+00
5.890000e-06	-2.845091e-02	6.038549e+00
5.900000e-06	8.772356e-03	6.219597e+00
5.910000e-06	-3.821812e-02	6.439170e+00
5.920000e-06	3.896033e-02	6.658074e+00
5.930000e-06	-4.317738e-02	6.850678e+00
5.940000e-06	1.896809e-02	7.066576e+00
5.950000e-06	1.098882e-02	7.226972e+00
5.960000e-06	-6.283367e-02	7.407997e+00
5.970000e-06	2.913943e-02	7.627025e+00
5.980000e-06	-4.149248e-02	7.827550e+00
5.990000e-06	2.486080e-02	8.039599e+00
6.000000e-06	-1.979187e-02	8.237525e+00
6.010000e-06	-2.434871e-03	8.385445e+00
6.020000e-06	-1.339856e-02	8.522815e+00
6.030000e-06	-2.322340e-02	8.651108e+00
6.040000e-06	1.279399e-02	8.788449e+00
6.050000e-06	-3.483971e-02	8.975891e+00
6.060000e-06	6.720753e-03	9.125262e+00
6.070000e-06	-1.904992e-02	9.292156e+00
6.080000e-06	1.613312e-03	9.418549e+00
6.090000e-06	-8.926709e-03	9.555391e+00
6.100000e-06	-2.087397e-02	9.713156e+00
6.110000e-06	-9.085803e-03	9.838579e+00
6.120000e-06	-1.877500e-02	9.995370e+00
6.130000e-06	-1.266326e-03	1.011274e+01
6.140000e-06	-1.907431e-02	1.026103e+01
6.150000e-06	-7.420322e-03	1.032537e+01
6.160000e-06	-1.313387e-02	1.046113e+01
6.170000e-06	-7.064723e-03	1.058687e+01
6.180000e-06	-1.124214e-02	1.069211e+01
6.190000e-06	-1.876468e-02	1.081898e+01
6.200000e-06	-1.082068e-02	1.094326e+01
6.210000e-06	-1.404696e-02	1.100092e+01
6.220000e-06	-7.845012e-03	1.109366e+01
6.230000e-06	-1.739096e-02	1.114732e+01
6.240000e-06	-1.297602e-02	1.127163e+01
6.250000e-06	-1.204265e-02	1.135424e+01
6.260000e-06	-9.498995e-03	1.144003e+01
6.270000e-06	-1.299988e-02	1.149324e+01
6.280000e-06	-1.769974e-02	1.162787e+01
6.290000e-06	-1.337753e-02	1.171266e+01
6.300000e-06	-1.185064e-02	1.170529e+01
6.310000e-06	-1.026042e-02	1.177890e+01
6.320000e-06	-1.804862e-02	1.182955e+01
6.330000e-06	-1.700995e-02	1.185210e+01
6.340000e-06	-1.377219e-02	1.190263e+01
6.350000e-06	-1.238869e-02	1.191521e+01
6.360000e-06	-1.504357e-02	1.196782e+01
6.370000e-06	-1.589205e-02	1.199837e+01
6.380000e-06	-1.332733e-02	1.196747e+01
6.390000e-06	-1.257105e-02	1.201937e+01
6.400000e-06	-1.352223e-02	1.199895e+01
6.410000e-06	-1.848548e-02	1.202087e+01
6.420000e-06	-1.814872e-02	1.201998e+01
6.430000e-06	-1.372566e-02	1.203095e+01
6.440000e-06	-1.321611e-02	1.202893e+01
6.450000e-06	-1.524871e-02	1.197793e+01
6.460000e-06	-1.838278e-02	1.196832e+01
6.470000e-06	-1.536666e-02	1.192727e+01
6.480000e-06	-1.451673e-02	1.196726e+01
6.490000e-06	-1.673278e-02	1.190468e+01
6.500000e-06	-2.025019e-02	1.188263e+01
6.510000e-06	-1.786102e-02	1.182000e+01
6.520000e-06	-1.462613e-02	1.178140e+01
6.530000e-06	-1.475730e-02	1.174829e+01
6.540000e-06	-1.803653e-02	1.171321e+01
6.550000e-06	-1.861078e-02	1.161041e+01
6.560000e-06	-1.498655e-02	1.157726e+01
6.570000e-06	-1.482728e-02	1.148409e+01
6.580000e-06	-1.704284e-02	1.138085e+01
6.590000e-06	-1.937082e-02	1.131566e+01
6.600000e-06	-1.678182e-02	1.123148e+01
6.610000e-06	-1.376562e-02	1.112874e+01
6.620000e-06	-1.659447e-02	1.104256e+01
6.630000e-06	-1.728151e-02	1.096927e+01
6.640000e-06	-1.835284e-02	1.089463e+01
6.650000e-06	-1.395140e-02	1.076992e+01
6.660000e-06	-1.495793e-02	1.066306e+01
6.670000e-06	-1.514192e-02	1.056982e+01
6.680000e-06	-1.946491e-02	1.040096e+01
6.690000e-06	-1.560387e-02	1.029521e+01
6.700000e-06	-1.706212e-02	1.018035e+01
6.710000e-06	-1.320507e-02	1.010361e+01
6.720000e-06	-1.886815e-02	9.938820e+00
6.730000e-06	-1.600615e-02	9.831524e+00
6.740000e-06	-1.604692e-02	9.655008e+00
6.750000e-06	-1.406993e-02	9.517214e+00
6.760000e-06	-1.699050e-02	9.368320e+00
6.770000e-06	-1.744166e-02	9.264607e+00
6.780000e-06	-1.693104e-02	9.126685e+00
6.790000e-06	-1.424163e-02	8.967636e+00
6.800000e-06	-1.483786e-02	8.787865e+00
6.810000e-06	-1.732031e-02	8.631449e+00
6.820000e-06	-1.691201e-02	8.495006e+00
6.830000e-06	-1.524751e-02	8.266762e+00
6.840000e-06	-1.340093e-02	8.118235e+00
6.850000e-06	-1.589916e-02	7.917265e+00
6.860000e-06	-1.626311e-02	7.779875e+00
6.870000e-06	-1.585644e-02	7.620374e+00
6.880000e-06	-1.348748e-02	7.351769e+00
6.890000e-06	-1.371929e-02	7.160872e+00
6.900000e-06	-1.446953e-02	7.021350e+00
6.910000e-06	-1.624921e-02	6.800929e+00
6.920000e-06	-1.349203e-02	6.661975e+00
6.930000e-06	-1.166817e-02	6.371852e+00
6.940000e-06	-1.223318e-02	6.182924e+00
6.950000e-06	-1.406611e-02	6.013528e+00
6.960000e-06	-1.292508e-02	5.834102e+00
6.970000e-06	-1.112893e-02	5.591923e+00
6.980000e-06	-1.056106e-02	5.380900e+00
6.990000e-06	-1.241817e-02	5.181845e+00
7.000000e-06	-1.316056e-02	4.897216e+00
7.010000e-06	-1.071809e-02	4.704611e+00
7.020000e-06	-1.040651e-02	4.495188e+00
7.030000e-06	-9.942604e-03	4.297156e+00
7.040000e-06	-1.178152e-02	4.014480e+00
7.050000e-06	-1.003963e-02	3.822975e+00
7.060000e-06	-9.153910e-03	3.644058e+00
7.070000e-06	-8.720214e-03	3.371400e+00
7.080000e-06	-9.666762e-03	3.168870e+00
7.090000e-06	-9.585387e-03	2.959845e+00
7.100000e-06	-9.067371e-03	2.780895e+00
7.110000e-06	-7.474056e-03	2.467636e+00
7.120000e-06	-8.176778e-03	2.266580e+00
7.130000e-06	-8.315541e-03	2.063635e+00
7.140000e-06	-7.426309e-03	1.844085e+00
7.150000e-06	-6.758141e-03	1.571948e+00
7.160000e-06	-5.967871e-03	1.360294e+00
7.170000e-06	-6.167022e-03	1.117787e+00
7.180000e-06	-7.060724e-03	8.330852e-01
7.190000e-06	-5.558439e-03	6.034513e-01
7.200000e-06	-4.756635e-03	4.099514e-01
7.210000e-06	-5.385509e-03	9.286739e-02
7.220000e-06	-5.845715e-03	-8.228658e-02
7.230000e-06	6.643502e-03	-3.022355e-01
7.240000e-06	-1.839762e-03	-4.406940e-01
7.250000e-06	6.271416e-04	-7.634434e-01
7.260000e-06	-4.610951e-03	-9.533432e-01
7.270000e-06	-2.487267e-03	-1.193941e+00
7.280000e-06	-3.041703e-03	-1.394447e+00
7.290000e-06	1.558346e-04	-1.617979e+00
7.300000e-06	5.364451e-02	-1.806947e+00
7.310000e-06	7.957485e-02	-2.017572e+00
7.320000e-06	-7.808414e-02	-2.363566e+00
7.330000e-06	-6.782722e-03	-2.701212e+00
7.340000e-06	-4.749429e-02	-2.849584e+00
7.350000e-06	-9.845530e-02	-3.128731e+00
7.360000e-06	7.432552e-02	-3.198999e+00
7.370000e-06	8.987341e-02	-3.353891e+00
7.380000e-06	-1.805886e-01	-3.638000e+00
7.390000e-06	2.148757e-01	-3.787501e+00
7.400000e-06	-1.129288e-01	-4.039603e+00
7.410000e-06	-3.415676e-02	-4.310760e+00
7.420000e-06	1.208463e-01	-4.409601e+00
7.430000e-06	-2.024313e-01	-4.721286e+00
7.440000e-06	1.454104e-01	-4.894791e+00
7.450000e-06	-2.269339e-02	-5.080209e+00
7.460000e-06	-5.963002e-03	-5.467027e+00
7.470000e-06	1.144384e-01	-5.608026e+00
7.480000e-06	-1.564044e-01	-5.857051e+00
7.490000e-06	9.636452e-02	-6.008450e+00
7.500000e-06	-5.064685e-02	-6.246603e+00
7.510000e-06	1.288817e-03	-6.481108e+00
7.520000e-06	8.188759e-02	-6.629628e+00
7.530000e-06	-1.247316e-01	-6.818025e+00
7.540000e-06	1.747027e-01	-7.017982e+00
7.550000e-06	-1.331703e-01	-7.271054e+00
7.560000e-06	6.399270e-02	-7.460104e+00
7.570000e-06	-1.136081e-02	-7.637056e+00
7.580000e-06	-4.369477e-02	-7.900705e+00
7.590000e-06	1.142742e-01	-8.070076e+00
7.600000e-06	-9.506714e-02	-8.246478e+00
7.610000e-06	9.443988e-02	-8.376968e+00
7.620000e-06	-8.918329e-02	-8.523790e+00
7.630000e-06	6.690265e-02	-8.781744e+00
7.640000e-06	-8.237071e-03	-8.892207e+00
7.650000e-06	-1.343369e-02	-9.069056e+00
7.660000e-06	4.080128e-02	-9.147421e+00
7.670000e-06	-5.054692e-02	-9.324315e+00
7.680000e-06	8.249711e-02	-9.492136e+00
7.690000e-06	-5.479121e-02	-9.627553e+00
7.700000e-06	4.325145e-02	-9.775870e+00
7.710000e-06	-2.901125e-02	-9.914137e+00
7.720000e-06	2.946646e-02	-1.000046e+01
7.730000e-06	8.739425e-03	-1.017532e+01
7.740000e-06	-8.570164e-03	-1.027218e+01
7.750000e-06	1.944207e-02	-1.048110e+01
7.760000e-06	-1.195899e-02	-1.056592e+01
7.770000e-06	4.100992e-02	-1.067058e+01
7.780000e-06	-1.976517e-02	-1.076690e+01
7.790000e-06	2.199124e-02	-1.084205e+01
7.800000e-06	-1.409589e-02	-1.098732e+01
7.810000e-06	2.633629e-02	-1.106853e+01
7.820000e-06	-1.670282e-03	-1.116581e+01
7.830000e-06	1.039440e-02	-1.125151e+01
7.840000e-06	1.136832e-03	-1.132577e+01
7.850000e-06	1.003905e-02	-1.143905e+01
7.860000e-06	1.984848e-02	-1.153524e+01
7.870000e-06	-4.296192e-03	-1.159742e+01
7.880000e-06	9.980094e-03	-1.169363e+01
7.890000e-06	-3.829444e-03	-1.173532e+01
7.900000e-06	2.554984e-02	-1.180998e+01
7.910000e-06	2.822187e-03	-1.188264e+01
7.920000e-06	9.864485e-03	-1.195579e+01
7.930000e-06	-1.634466e-03	-1.196945e+01
7.940000e-06	1.161190e-02	-1.207153e+01
7.950000e-06	1.070663e-02	-1.203200e+01
7.960000e-06	4.541507e-03	-1.210568e+01
7.970000e-06	7.366489e-03	-1.214471e+01
7.980000e-06	5.239626e-03	-1.212722e+01
7.990000e-06	1.574861e-02	-1.217784e+01
8.000000e-06	6.385954e-03	-1.218829e+01
8.010000e-06	4.359886e-03	-1.216829e+01
8.020000e-06	5.127987e-03	-1.218635e+01
8.030000e-06	1.154590e-02	-1.216630e+01
8.040000e-06	1.133382e-02	-1.220682e+01
8.050000e-06	7.800548e-03	-1.215531e+01
8.060000e-06	4.807964e-03	-1.218630e+01
8.070000e-06	9.822717e-03	-1.217677e+01
8.080000e-06	1.161772e-02	-1.208466e+01
8.090000e-06	8.481742e-03	-1.208313e+01
8.100000e-06	5.860028e-03	-1.199948e+01
8.110000e-06	7.676724e-03	-1.200945e+01
8.120000e-06	1.306209e-02	-1.194929e+01
8.130000e-06	1.046447e-02	-1.187508e+01
8.140000e-06	6.618805e-03	-1.186453e+01
8.150000e-06	6.001309e-03	-1.178942e+01
8.160000e-06	9.940694e-03	-1.168871e+01
8.170000e-06	1.177765e-02	-1.163096e+01
8.180000e-06	8.260719e-03	-1.154729e+01
8.190000e-06	7.333128e-03	-1.144296e+01
8.200000e-06	6.717386e-03	-1.139837e+01
8.210000e-06	1.043717e-02	-1.130606e+01
8.220000e-06	9.484050e-03	-1.117988e+01
8.230000e-06	6.172051e-03	-1.106253e+01
8.240000e-06	6.799477e-03	-1.093989e+01
8.250000e-06	8.505152e-03	-1.090571e+01
8.260000e-06	1.055417e-02	-1.077035e+01
8.270000e-06	7.870510e-03	-1.068816e+01
8.280000e-06	6.107174e-03	-1.061092e+01
8.290000e-06	7.160287e-03	-1.049721e+01
8.300000e-06	9.792709e-03	-1.034780e+01
8.310000e-06	8.394922e-03	-1.028348e+01
8.320000e-06	6.336149e-03	-1.006554e+01
8.330000e-06	6.081476e-03	-9.968324e+00
8.340000e-06	8.412544e-03	-9.852061e+00
8.350000e-06	9.757936e-03	-9.727140e+00
8.360000e-06	7.487568e-03	-9.599897e+00
8.370000e-06	6.923870e-03	-9.443456e+00
8.380000e-06	6.924341e-03	-9.264537e+00
8.390000e-06	8.925451e-03	-9.137641e+00
8.400000e-06	8.414847e-03	-8.979819e+00
8.410000e-06	6.611143e-03	-8.811449e+00
8.420000e-06	3.951485e-03	-8.655061e+00
8.430000e-06	6.412818e-03	-8.495632e+00
8.440000e-06	8.946798e-03	-8.308190e+00
8.450000e-06	8.071403e-03	-8.149799e+00
8.460000e-06	5.103270e-03	-8.021375e+00
8.470000e-06	4.923131e-03	-7.810371e+00
8.480000e-06	7.298758e-03	-7.570825e+00
8.490000e-06	6.697759e-03	-7.389323e+00
8.500000e-06	4.287461e-03	-7.231449e+00
8.510000e-06	3.678439e-03	-7.023498e+00
8.520000e-06	3.602691e-03	-6.791824e+00
8.530000e-06	6.412969e-03	-6.613004e+00
8.540000e-06	4.431742e-03	-6.422529e+00
8.550000e-06	3.348208e-03	-6.222877e+00
8.560000e-06	2.463840e-03	-5.990952e+00
8.570000e-06	3.561724e-03	-5.792375e+00
8.580000e-06	3.841886e-03	-5.623030e+00
8.590000e-06	2.535822e-03	-5.392550e+00
8.600000e-06	7.551800e-04	-5.139742e+00
8.610000e-06	1.682013e-03	-4.940739e+00
8.620000e-06	2.343669e-03	-4.654637e+00
8.630000e-06	2.004937e-03	-4.475059e+00
8.640000e-06	-5.639171e-05	-4.295659e+00
8.650000e-06	9.584606e-04	-4.046061e+00
8.660000e-06	-2.010805e-04	-3.876082e+00
8.670000e-06	1.934209e-03	-3.614979e+00
8.680000e-06	-2.175195e-03	-3.392559e+00
8.690000e-06	-6.307207e-04	-3.192923e+00
8.700000e-06	-1.975321e-03	-2.970320e+00
8.710000e-06	1.271480e-03	-2.699195e+00
8.720000e-06	-2.325699e-03	-2.498665e+00
8.730000e-06	-2.847313e-03	-2.318690e+00
8.740000e-06	-5.805770e-03	-1.997080e+00
8.750000e-06	-5.457006e-04	-1.833004e+00
8.760000e-06	-4.301803e-03	-1.603477e+00
8.770000e-06	-1.299241e-03	-1.342337e+00
8.780000e-06	-4.346403e-03	-1.086686e+00
8.790000e-06	-2.166677e-03	-8.456105e-01
8.800000e-06	-4.052903e-03	-6.164820e-01
8.810000e-06	-3.111541e-03	-3.618776e-01
8.820000e-06	-5.734398e-03	-1.397950e-01
8.830000e-06	8.741323e-04	2.015500e-02
8.840000e-06	3.094343e-03	3.223105e-01
8.850000e-06	-2.305012e-03	5.022368e-01
8.860000e-06	1.882423e-03	7.017608e-01
8.870000e-06	-3.456007e-03	8.918566e-01
8.880000e-06	-7.618327e-04	1.181842e+00
8.890000e-06	-2.826562e-03	1.366345e+00
8.900000e-06	6.618480e-03	1.668147e+00
8.910000e-06	3.600619e-02	1.828630e+00
8.920000e-06	7.692451e-02	2.080658e+00
8.930000e-06	-7.094061e-02	2.343315e+00
8.940000e-06	-3.384252e-02	2.646895e+00
8.950000e-06	-3.649629e-02	2.828600e+00
8.960000e-06	-5.269939e-02	3.017998e+00
8.970000e-06	-7.628568e-02	3.166842e+00
8.980000e-06	1.357592e-01	3.343866e+00
8.990000e-06	-4.789840e-02	3.635974e+00
9.000000e-06	-4.718792e-02	3.745915e+00
9.010000e-06	1.738173e-01	3.985872e+00
9.020000e-06	-1.564023e-01	4.238620e+00
9.030000e-06	5.537377e-02	4.428625e+00
9.040000e-06	-3.851576e-02	4.720183e+00
9.050000e-06	-5.507631e-02	4.890703e+00
9.060000e-06	7.074954e-02	5.173861e+00
9.070000e-06	-3.550043e-02	5.416996e+00
9.080000e-06	2.657290e-02	5.586969e+00
9.090000e-06	-2.098671e-02	5.795020e+00
9.100000e-06	-2.983543e-02	6.018525e+00
9.110000e-06	1.151074e-02	6.256024e+00
9.120000e-06	-3.944778e-02	6.439020e+00
9.130000e-06	3.757707e-02	6.617097e+00
9.140000e-06	-4.039976e-02	6.858499e+00
9.150000e-06	1.521102e-02	7.037998e+00
9.160000e-06	1.774854e-02	7.187469e+00
9.170000e-06	-6.640826e-02	7.426944e+00
9.180000e-06	2.946322e-02	7.656572e+00
9.190000e-06	-4.050993e-02	7.786023e+00
9.200000e-06	2.350048e-02	8.027101e+00
9.210000e-06	-1.731729e-02	8.198000e+00
9.220000e-06	-4.741549e-03	8.355495e+00
9.230000e-06	-1.004001e-02	8.503237e+00
9.240000e-06	-2.379176e-02	8.639652e+00
9.250000e-06	1.445900e-02	8.777924e+00
9.260000e-06	-3.637602e-02	8.935422e+00
9.270000e-06	4.864845e-03	9.134892e+00
9.280000e-06	-1.926857e-02	9.302162e+00
9.290000e-06	1.061877e-04	9.439500e+00
9.300000e-06	-8.307177e-03	9.564865e+00
9.310000e-06	-2.070633e-02	9.682708e+00
9.320000e-06	-7.558390e-03	9.879054e+00
9.330000e-06	-1.922280e-02	9.997446e+00
9.340000e-06	-5.822834e-04	1.010579e+01
9.350000e-06	-1.950974e-02	1.024905e+01
9.360000e-06	-8.177195e-03	1.033632e+01
9.370000e-06	-1.333973e-02	1.045010e+01
9.380000e-06	-7.720421e-03	1.058700e+01
9.390000e-06	-1.067432e-02	1.069318e+01
9.400000e-06	-1.945428e-02	1.080855e+01
9.410000e-06	-1.203048e-02	1.090321e+01
9.420000e-06	-1.522603e-02	1.097842e+01
9.430000e-06	-8.463671e-03	1.109166e+01
9.440000e-06	-1.703912e-02	1.116887e+01
9.450000e-06	-1.139094e-02	1.128058e+01
9.460000e-06	-1.248593e-02	1.134286e+01
9.470000e-06	-1.054624e-02	1.140998e+01
9.480000e-06	-1.445798e-02	1.148368e+01
9.490000e-06	-1.742355e-02	1.158752e+01
9.500000e-06	-1.430439e-02	1.169153e+01
9.510000e-06	-1.163546e-02	1.173481e+01
9.520000e-06	-9.868230e-03	1.177644e+01
9.530000e-06	-1.554344e-02	1.178893e+01
9.540000e-06	-1.639998e-02	1.186258e+01
9.550000e-06	-1.583598e-02	1.189373e+01
9.560000e-06	-1.420770e-02	1.191481e+01
9.570000e-06	-1.472272e-02	1.195684e+01
9.580000e-06	-1.545444e-02	1.196737e+01
9.590000e-06	-1.371264e-02	1.200844e+01
9.600000e-06	-1.454346e-02	1.199850e+01
9.610000e-06	-1.347332e-02	1.201000e+01
9.620000e-06	-1.768221e-02	1.205002e+01
9.630000e-06	-1.766895e-02	1.202948e+01
9.640000e-06	-1.547473e-02	1.200857e+01
9.650000e-06	-1.465856e-02	1.203985e+01
9.660000e-06	-1.482289e-02	1.199842e+01
9.670000e-06	-1.621926e-02	1.199782e+01
9.680000e-06	-1.605807e-02	1.198777e+01
9.690000e-06	-1.755324e-02	1.192734e+01
9.700000e-06	-1.686808e-02	1.193569e+01
9.710000e-06	-1.831470e-02	1.187313e+01
9.720000e-06	-1.654535e-02	1.184200e+01
9.730000e-06	-1.580066e-02	1.180995e+01
9.740000e-06	-1.548506e-02	1.176832e+01
9.750000e-06	-1.684058e-02	1.170471e+01
9.760000e-06	-1.755737e-02	1.165093e+01
9.770000e-06	-1.617258e-02	1.152835e+01
9.780000e-06	-1.685266e-02	1.151516e+01
9.790000e-06	-1.636200e-02	1.139943e+01
9.800000e-06	-1.714839e-02	1.130768e+01
9.810000e-06	-1.565981e-02	1.122043e+01
9.820000e-06	-1.627097e-02	1.115619e+01
9.830000e-06	-1.623750e-02	1.102355e+01
9.840000e-06	-1.583017e-02	1.096937e+01
9.850000e-06	-1.608895e-02	1.088511e+01
9.860000e-06	-1.456591e-02	1.075842e+01
9.870000e-06	-1.718407e-02	1.070561e+01
9.880000e-06	-1.494902e-02	1.056885e+01
9.890000e-06	-1.848182e-02	1.044196e+01
9.900000e-06	-1.477887e-02	1.028513e+01
9.910000e-06	-1.792233e-02	1.017835e+01
9.920000e-06	-1.414933e-02	1.008461e+01
9.930000e-06	-1.795879e-02	9.929288e+00
9.940000e-06	-1.516673e-02	9.791025e+00
9.950000e-06	-1.746763e-02	9.652032e+00
9.960000e-06	-1.561264e-02	9.506214e+00
9.970000e-06	-1.676215e-02	9.370421e+00
9.980000e-06	-1.552220e-02	9.284557e+00
9.990000e-06	-1.549249e-02	9.085263e+00
1.000000e-05	-1.478078e-02	8.926790e+00
1.001000e-05	-1.631630e-02	8.799320e+00
1.002000e-05	-1.621907e-02	8.592451e+00
1.003000e-05	-1.735851e-02	8.473658e+00
1.004000e-05	-1.568734e-02	8.297617e+00
1.005000e-05	-1.485638e-02	8.108767e+00
1.006000e-05	-1.476111e-02	7.967797e+00
1.007000e-05	-1.420067e-02	7.750370e+00
1.008000e-05	-1.546521e-02	7.600499e+00
1.009000e-05	-1.318311e-02	7.411272e+00
1.010000e-05	-1.518590e-02	7.190298e+00
1.011000e-05	-1.465916e-02	6.972376e+00
1.012000e-05	-1.453886e-02	6.811927e+00
1.013000e-05	-1.255874e-02	6.624498e+00
1.014000e-05	-1.410872e-02	6.392925e+00
1.015000e-05	-1.276994e-02	6.232454e+00
1.016000e-05	-1.356105e-02	6.044028e+00
1.017000e-05	-1.066726e-02	5.834030e+00
1.018000e-05	-1.164398e-02	5.623975e+00
1.019000e-05	-1.205135e-02	5.394552e+00
1.020000e-05	-1.438012e-02	5.172947e+00
1.021000e-05	-9.962808e-03	4.887791e+00
1.022000e-05	-8.986824e-03	4.725207e+00
1.023000e-05	-1.130384e-02	4.465664e+00
1.024000e-05	-1.356692e-02	4.308183e+00
1.025000e-05	-1.084030e-02	4.005076e+00
1.026000e-05	-6.878718e-03	3.834055e+00
1.027000e-05	-7.839126e-03	3.635053e+00
1.028000e-05	-1.097997e-02	3.386478e+00
1.029000e-05	-1.018846e-02	3.180794e+00
1.030000e-05	-8.171551e-03	2.939844e+00
1.031000e-05	-6.476112e-03	2.780374e+00
1.032000e-05	-8.672476e-03	2.479212e+00
1.033000e-05	-9.521156e-03	2.235112e+00
1.034000e-05	-7.848354e-03	2.034132e+00
1.035000e-05	-6.141247e-03	1.864054e+00
1.036000e-05	-6.889643e-03	1.584900e+00
1.037000e-05	-7.767940e-03	1.370342e+00
1.038000e-05	-6.468433e-03	1.108642e+00
1.039000e-05	-4.738194e-03	8.035815e-01
1.040000e-05	-4.535147e-03	5.935290e-01
1.041000e-05	-6.538853e-03	4.125288e-01
1.042000e-05	-6.803345e-03	1.414210e-01
1.043000e-05	-3.368671e-03	-8.173533e-02
1.044000e-05	7.679852e-03	-3.232843e-01
1.045000e-05	-1.350474e-03	-4.622315e-01
1.046000e-05	-2.950731e-04	-7.839422e-01
1.047000e-05	-3.485646e-03	-9.338408e-01
1.048000e-05	-2.002399e-03	-1.155343e+00
1.049000e-05	-3.023334e-03	-1.355967e+00
1.050000e-05	-1.158366e-03	-1.608479e+00
1.051000e-05	5.054362e-02	-1.786947e+00
1.052000e-05	8.526546e-02	-1.997524e+00
1.053000e-05	-7.714411e-02	-2.414868e+00
1.054000e-05	-9.702593e-03	-2.690754e+00
1.055000e-05	-4.620469e-02	-2.870656e+00
1.056000e-05	-9.696049e-02	-3.139157e+00
1.057000e-05	6.519586e-02	-3.228476e+00
1.058000e-05	1.005064e-01	-3.315267e+00
1.059000e-05	-1.875268e-01	-3.587524e+00
1.060000e-05	2.119127e-01	-3.847451e+00
1.061000e-05	-9.601290e-02	-4.018527e+00
1.062000e-05	-5.052369e-02	-4.320710e+00
1.063000e-05	1.315106e-01	-4.410551e+00
1.064000e-05	-2.047309e-01	-4.710753e+00
1.065000e-05	1.392434e-01	-4.924739e+00
1.066000e-05	-1.069694e-02	-5.099759e+00
1.067000e-05	-1.835758e-02	-5.426099e+00
1.068000e-05	1.211205e-01	-5.617925e+00
1.069000e-05	-1.558160e-01	-5.818496e+00
1.070000e-05	9.023795e-02	-6.020050e+00
1.071000e-05	-3.993784e-02	-6.205529e+00
1.072000e-05	-1.219799e-02	-6.479157e+00
1.073000e-05	9.292393e-02	-6.627978e+00
1.074000e-05	-1.308614e-01	-6.837524e+00
1.075000e-05	1.743656e-01	-7.069674e+00
1.076000e-05	-1.269502e-01	-7.228104e+00
1.077000e-05	5.302377e-02	-7.471257e+00
1.078000e-05	-4.756235e-04	-7.647000e+00
1.079000e-05	-5.314906e-02	-7.869179e+00
1.080000e-05	1.200097e-01	-8.040529e+00
1.081000e-05	-9.738155e-02	-8.238499e+00
1.082000e-05	9.366654e-02	-8.335395e+00
1.083000e-05	-8.357967e-02	-8.562214e+00
1.084000e-05	6.054926e-02	-8.742816e+00
1.085000e-05	-7.006190e-04	-8.902131e+00
1.086000e-05	-2.209561e-02	-9.039029e+00
1.087000e-05	4.567235e-02	-9.164322e+00
1.088000e-05	-5.333186e-02	-9.344714e+00
1.089000e-05	8.173280e-02	-9.501685e+00
1.090000e-05	-5.357248e-02	-9.639052e+00
1.091000e-05	4.057595e-02	-9.775891e+00
1.092000e-05	-2.385137e-02	-9.902132e+00
1.093000e-05	2.374609e-02	-1.004858e+01
1.094000e-05	1.174628e-02	-1.015679e+01
1.095000e-05	-9.415087e-03	-1.031179e+01
1.096000e-05	2.261784e-02	-1.042050e+01
1.097000e-05	-1.580271e-02	-1.055482e+01
1.098000e-05	3.926802e-02	-1.065003e+01
1.099000e-05	-1.988800e-02	-1.075637e+01
1.100000e-05	2.383871e-02	-1.086106e+01
1.101000e-05	-1.289404e-02	-1.094275e+01
1.102000e-05	2.538113e-02	-1.104908e+01
1.103000e-05	-1.517915e-03	-1.115674e+01
1.104000e-05	1.096216e-02	-1.124311e+01
1.105000e-05	3.506070e-03	-1.132477e+01
1.106000e-05	7.666676e-03	-1.148800e+01
1.107000e-05	1.747912e-02	-1.149426e+01
1.108000e-05	-3.909382e-03	-1.163797e+01
1.109000e-05	1.314666e-02	-1.168209e+01
1.110000e-05	-3.143213e-03	-1.176629e+01
1.111000e-05	2.351026e-02	-1.180945e+01
1.112000e-05	1.157171e-03	-1.189056e+01
1.113000e-05	1.098588e-02	-1.193572e+01
1.114000e-05	1.075749e-05	-1.198732e+01
1.115000e-05	1.133557e-02	-1.202058e+01
1.116000e-05	9.476227e-03	-1.207303e+01
1.117000e-05	5.584899e-03	-1.207374e+01
1.118000e-05	9.568179e-03	-1.209374e+01
1.119000e-05	6.120539e-03	-1.213476e+01
1.120000e-05	1.350966e-02	-1.216734e+01
1.121000e-05	5.690509e-03	-1.216577e+01
1.122000e-05	6.494028e-03	-1.215834e+01
1.123000e-05	6.948522e-03	-1.215787e+01
1.124000e-05	1.277093e-02	-1.216790e+01
1.125000e-05	9.574324e-03	-1.218680e+01
1.126000e-05	8.417732e-03	-1.215479e+01
1.127000e-05	3.631898e-03	-1.211679e+01
1.128000e-05	1.005429e-02	-1.214722e+01
1.129000e-05	8.794736e-03	-1.210521e+01
1.130000e-05	9.713138e-03	-1.208411e+01
1.131000e-05	8.170114e-03	-1.201256e+01
1.132000e-05	1.030701e-02	-1.197883e+01
1.133000e-05	1.296530e-02	-1.195837e+01
1.134000e-05	8.779540e-03	-1.189464e+01
1.135000e-05	6.509171e-03	-1.184308e+01
1.136000e-05	4.139812e-03	-1.178945e+01
1.137000e-05	8.526391e-03	-1.170674e+01
1.138000e-05	1.076410e-02	-1.169351e+01
1.139000e-05	8.902211e-03	-1.151829e+01
1.140000e-05	8.667028e-03	-1.145201e+01
1.141000e-05	9.490215e-03	-1.137085e+01
1.142000e-05	9.628636e-03	-1.131462e+01
1.143000e-05	9.266246e-03	-1.116987e+01
1.144000e-05	3.894122e-03	-1.108149e+01
1.145000e-05	5.851418e-03	-1.097932e+01
1.146000e-05	8.259051e-03	-1.084414e+01
1.147000e-05	9.711137e-03	-1.081145e+01
1.148000e-05	8.566887e-03	-1.071623e+01
1.149000e-05	6.766818e-03	-1.061090e+01
1.150000e-05	9.287292e-03	-1.052721e+01
1.151000e-05	1.017427e-02	-1.037167e+01
1.152000e-05	7.750170e-03	-1.023296e+01
1.153000e-05	5.482106e-03	-1.009464e+01
1.154000e-05	6.209726e-03	-9.938295e+00
1.155000e-05	6.883606e-03	-9.851934e+00
1.156000e-05	8.925896e-03	-9.718691e+00
1.157000e-05	6.898433e-03	-9.598396e+00
1.158000e-05	7.614181e-03	-9.455052e+00
1.159000e-05	7.985337e-03	-9.275560e+00
1.160000e-05	9.501497e-03	-9.137746e+00
1.161000e-05	7.422772e-03	-8.980876e+00
1.162000e-05	5.470387e-03	-8.813428e+00
1.163000e-05	6.275343e-03	-8.664507e+00
1.164000e-05	7.135919e-03	-8.484640e+00
1.165000e-05	8.132800e-03	-8.317166e+00
1.166000e-05	5.605160e-03	-8.180294e+00
1.167000e-05	6.311546e-03	-7.981926e+00
1.168000e-05	5.917174e-03	-7.790376e+00
1.169000e-05	6.745733e-03	-7.601270e+00
1.170000e-05	5.478394e-03	-7.393478e+00
1.171000e-05	4.068847e-03	-7.231954e+00
1.172000e-05	5.061558e-03	-7.003928e+00
1.173000e-05	5.330551e-03	-6.811978e+00
1.174000e-05	4.679767e-03	-6.633453e+00
1.175000e-05	3.358393e-03	-6.473078e+00
1.176000e-05	3.391745e-03	-6.243960e+00
1.177000e-05	3.930711e-03	-6.023954e+00
1.178000e-05	4.322284e-03	-5.821953e+00
1.179000e-05	3.093441e-03	-5.653977e+00
1.180000e-05	2.403067e-03	-5.422902e+00
1.181000e-05	1.587870e-03	-5.140273e+00
1.182000e-05	2.613762e-03	-4.908269e+00
1.183000e-05	1.768190e-03	-4.614559e+00
1.184000e-05	7.229423e-04	-4.445637e+00
1.185000e-05	-1.503738e-04	-4.285641e+00
1.186000e-05	1.104342e-03	-4.085537e+00
1.187000e-05	-1.605991e-04	-3.886586e+00
1.188000e-05	1.108137e-03	-3.621955e+00
1.189000e-05	-1.178343e-03	-3.414403e+00
1.190000e-05	1.155726e-04	-3.232000e+00
1.191000e-05	-7.011190e-04	-2.960724e+00
1.192000e-05	7.253426e-04	-2.728269e+00
1.193000e-05	-3.338331e-03	-2.508212e+00
1.194000e-05	-2.045488e-03	-2.318641e+00
1.195000e-05	-5.647987e-03	-2.044961e+00
1.196000e-05	-1.016972e-03	-1.844034e+00
1.197000e-05	-5.076784e-03	-1.593480e+00
1.198000e-05	2.356054e-04	-1.332272e+00
1.199000e-05	-3.346543e-03	-1.057638e+00
1.200000e-05	-1.088057e-03	-8.181393e-01
1.201000e-05	-5.332645e-03	-5.945072e-01
1.202000e-05	-3.381496e-03	-3.813988e-01
1.203000e-05	-5.327015e-03	-1.603987e-01
1.204000e-05	7.977054e-04	4.122619e-02
1.205000e-05	3.983477e-03	3.417568e-01
1.206000e-05	-3.711848e-03	5.132815e-01
1.207000e-05	2.631915e-03	7.222854e-01
1.208000e-05	-2.898865e-03	9.122052e-01
1.209000e-05	-2.721348e-04	1.131966e+00
1.210000e-05	-3.853391e-03	1.395470e+00
1.211000e-05	5.890526e-03	1.645549e+00
1.212000e-05	3.442714e-02	1.850076e+00
1.213000e-05	7.966128e-02	2.049229e+00
1.214000e-05	-6.852669e-02	2.332833e+00
1.215000e-05	-3.545193e-02	2.605646e+00
1.216000e-05	-3.530187e-02	2.829076e+00
1.217000e-05	-5.118445e-02	2.977471e+00
1.218000e-05	-8.015741e-02	3.165442e+00
1.219000e-05	1.297319e-01	3.373962e+00
1.220000e-05	-3.321775e-02	3.587949e+00
1.221000e-05	-6.157203e-02	3.736364e+00
1.222000e-05	1.808838e-01	3.954442e+00
1.223000e-05	-1.547741e-01	4.247624e+00
1.224000e-05	4.797383e-02	4.438150e+00
1.225000e-05	-2.972384e-02	4.668153e+00
1.226000e-05	-6.324583e-02	4.850632e+00
1.227000e-05	7.193593e-02	5.162788e+00
1.228000e-05	-3.358075e-02	5.385024e+00
1.229000e-05	2.610724e-02	5.565396e+00
1.230000e-05	-1.792230e-02	5.816043e+00
1.231000e-05	-3.424338e-02	5.978475e+00
1.232000e-05	1.198891e-02	6.218525e+00
1.233000e-05	-4.067917e-02	6.429021e+00
1.234000e-05	3.752892e-02	6.609025e+00
1.235000e-05	-3.657566e-02	6.848050e+00
1.236000e-05	8.048890e-03	7.009070e+00
1.237000e-05	2.366815e-02	7.187524e+00
1.238000e-05	-7.020058e-02	7.363946e+00
1.239000e-05	2.967774e-02	7.606995e+00
1.240000e-05	-4.175558e-02	7.828447e+00
1.241000e-05	2.144475e-02	8.027075e+00
1.242000e-05	-1.222142e-02	8.217970e+00
1.243000e-05	-5.099030e-03	8.365392e+00
1.244000e-05	-6.557381e-03	8.512761e+00
1.245000e-05	-2.832401e-02	8.658953e+00
1.246000e-05	1.618289e-02	8.838022e+00
1.247000e-05	-3.938714e-02	8.936290e+00
1.248000e-05	6.113505e-03	9.113210e+00
1.249000e-05	-1.902044e-02	9.320710e+00
1.250000e-05	1.048093e-03	9.409069e+00
1.251000e-05	-5.362624e-03	9.554419e+00
1.252000e-05	-1.942542e-02	9.691656e+00
1.253000e-05	-7.590893e-03	9.879054e+00
1.254000e-05	-2.144305e-02	9.966971e+00
1.255000e-05	-1.961416e-03	1.008479e+01
1.256000e-05	-2.074396e-02	1.024955e+01
1.257000e-05	-7.537278e-03	1.035376e+01
1.258000e-05	-1.219268e-02	1.045060e+01
1.259000e-05	-5.631749e-03	1.058682e+01
1.260000e-05	-1.016906e-02	1.069071e+01
1.261000e-05	-1.926378e-02	1.080790e+01
1.262000e-05	-1.216233e-02	1.093526e+01
1.263000e-05	-1.517151e-02	1.099752e+01
1.264000e-05	-9.632208e-03	1.110466e+01
1.265000e-05	-1.816111e-02	1.114637e+01
1.266000e-05	-1.236554e-02	1.126050e+01
1.267000e-05	-1.308146e-02	1.132534e+01
1.268000e-05	-1.013817e-02	1.143943e+01
1.269000e-05	-1.326193e-02	1.152324e+01
1.270000e-05	-1.738515e-02	1.161947e+01
1.271000e-05	-1.335755e-02	1.168258e+01
1.272000e-05	-1.173027e-02	1.171419e+01
1.273000e-05	-1.082057e-02	1.177734e+01
1.274000e-05	-1.844012e-02	1.182042e+01
1.275000e-05	-1.766602e-02	1.185063e+01
1.276000e-05	-1.554616e-02	1.189523e+01
1.277000e-05	-1.252921e-02	1.192379e+01
1.278000e-05	-1.404200e-02	1.195579e+01
1.279000e-05	-1.484316e-02	1.196784e+01
1.280000e-05	-1.407397e-02	1.195792e+01
1.281000e-05	-1.307549e-02	1.201932e+01
1.282000e-05	-1.515898e-02	1.202940e+01
1.283000e-05	-1.906155e-02	1.203145e+01
1.284000e-05	-1.872116e-02	1.201093e+01
1.285000e-05	-1.420950e-02	1.202950e+01
1.286000e-05	-1.343275e-02	1.201945e+01
1.287000e-05	-1.569227e-02	1.202837e+01
1.288000e-05	-1.833867e-02	1.197930e+01
1.289000e-05	-1.430434e-02	1.196782e+01
1.290000e-05	-1.334727e-02	1.191719e+01
1.291000e-05	-1.843525e-02	1.193571e+01
1.292000e-05	-2.133318e-02	1.186468e+01
1.293000e-05	-1.730708e-02	1.186255e+01
1.294000e-05	-1.385093e-02	1.178840e+01
1.295000e-05	-1.488393e-02	1.177934e+01
1.296000e-05	-1.826999e-02	1.173418e+01
1.297000e-05	-1.852635e-02	1.164097e+01
1.298000e-05	-1.547958e-02	1.154887e+01
1.299000e-05	-1.458925e-02	1.148468e+01
1.300000e-05	-1.593644e-02	1.142887e+01
1.301000e-05	-1.928224e-02	1.134417e+01
1.302000e-05	-1.567193e-02	1.124048e+01
1.303000e-05	-1.543226e-02	1.113579e+01
1.304000e-05	-1.510398e-02	1.103253e+01
1.305000e-05	-1.718600e-02	1.098882e+01
1.306000e-05	-1.870158e-02	1.083411e+01
1.307000e-05	-1.333952e-02	1.078990e+01
1.308000e-05	-1.586106e-02	1.066449e+01
1.309000e-05	-1.487967e-02	1.057877e+01
1.310000e-05	-2.042626e-02	1.043200e+01
1.311000e-05	-1.505875e-02	1.032571e+01
1.312000e-05	-1.500724e-02	1.021100e+01
1.313000e-05	-1.336368e-02	1.005416e+01
1.314000e-05	-1.948273e-02	9.927840e+00
1.315000e-05	-1.593825e-02	9.811474e+00
1.316000e-05	-1.632615e-02	9.663553e+00
1.317000e-05	-1.457921e-02	9.486189e+00
1.318000e-05	-1.815410e-02	9.398924e+00
1.319000e-05	-1.708793e-02	9.243504e+00
1.320000e-05	-1.511230e-02	9.097741e+00
1.321000e-05	-1.255067e-02	8.928241e+00
1.322000e-05	-1.585446e-02	8.779374e+00
1.323000e-05	-1.750578e-02	8.592528e+00
1.324000e-05	-1.813460e-02	8.475107e+00
1.325000e-05	-1.589425e-02	8.317763e+00
1.326000e-05	-1.490655e-02	8.149166e+00
1.327000e-05	-1.504387e-02	7.950324e+00
1.328000e-05	-1.480818e-02	7.790370e+00
1.329000e-05	-1.457372e-02	7.621399e+00
1.330000e-05	-1.226382e-02	7.401326e+00
1.331000e-05	-1.501643e-02	7.201450e+00
1.332000e-05	-1.597302e-02	6.993399e+00
1.333000e-05	-1.575522e-02	6.823499e+00
1.334000e-05	-1.245300e-02	6.594000e+00
1.335000e-05	-1.315368e-02	6.391901e+00
1.336000e-05	-1.286466e-02	6.183453e+00
1.337000e-05	-1.429671e-02	6.034107e+00
1.338000e-05	-1.158556e-02	5.822959e+00
1.339000e-05	-1.254114e-02	5.582980e+00
1.340000e-05	-1.147090e-02	5.412924e+00
1.341000e-05	-1.285612e-02	5.202499e+00
1.342000e-05	-1.149528e-02	4.919190e+00
1.343000e-05	-1.031189e-02	4.685637e+00
1.344000e-05	-1.116602e-02	4.467709e+00
1.345000e-05	-1.096814e-02	4.287635e+00
1.346000e-05	-1.197159e-02	4.024104e+00
1.347000e-05	-9.160290e-03	3.834503e+00
1.348000e-05	-9.429365e-03	3.624529e+00
1.349000e-05	-9.338513e-03	3.424452e+00
1.350000e-05	-9.762113e-03	3.180922e+00
1.351000e-05	-8.696962e-03	2.961294e+00
1.352000e-05	-8.379712e-03	2.792372e+00
1.353000e-05	-8.050051e-03	2.548212e+00
1.354000e-05	-9.150876e-03	2.265583e+00
1.355000e-05	-7.654634e-03	2.056082e+00
1.356000e-05	-7.272220e-03	1.854481e+00
1.357000e-05	-6.052361e-03	1.611899e+00
1.358000e-05	-6.566766e-03	1.380345e+00
1.359000e-05	-6.640029e-03	1.120244e+00
1.360000e-05	-6.260365e-03	8.170002e-01
1.361000e-05	-5.451603e-03	6.234789e-01
1.362000e-05	-5.364721e-03	4.130027e-01
1.363000e-05	-5.513960e-03	1.213709e-01
1.364000e-05	-4.266678e-03	-2.121038e-02
1.365000e-05	7.203690e-03	-2.912054e-01
1.366000e-05	-1.826622e-03	-4.717091e-01
1.367000e-05	-1.011130e-03	-7.558421e-01
1.368000e-05	-3.296642e-03	-9.533895e-01
1.369000e-05	-2.120442e-03	-1.143336e+00
1.370000e-05	2.864814e-04	-1.366070e+00
1.371000e-05	-1.269602e-03	-1.608075e+00
1.372000e-05	4.819625e-02	-1.787426e+00
1.373000e-05	8.705814e-02	-1.996022e+00
1.374000e-05	-7.568660e-02	-2.373973e+00
1.375000e-05	-1.048960e-02	-2.681333e+00
1.376000e-05	-4.404970e-02	-2.831705e+00
1.377000e-05	-9.572415e-02	-3.109633e+00
1.378000e-05	5.482575e-02	-3.219472e+00
1.379000e-05	1.121186e-01	-3.354318e+00
1.380000e-05	-1.922432e-01	-3.617053e+00
1.381000e-05	2.077631e-01	-3.787493e+00
1.382000e-05	-8.023064e-02	-4.038128e+00
1.383000e-05	-6.698298e-02	-4.279709e+00
1.384000e-05	1.421806e-01	-4.409054e+00
1.385000e-05	-2.065068e-01	-4.698230e+00
1.386000e-05	1.297522e-01	-4.882264e+00
1.387000e-05	9.676260e-04	-5.060683e+00
1.388000e-05	-2.806366e-02	-5.446550e+00
1.389000e-05	1.283845e-01	-5.577955e+00
1.390000e-05	-1.524907e-01	-5.826971e+00
1.391000e-05	8.178032e-02	-6.018449e+00
1.392000e-05	-2.951306e-02	-6.185999e+00
1.393000e-05	-2.279551e-02	-6.460033e+00
1.394000e-05	1.012668e-01	-6.648578e+00
1.395000e-05	-1.363343e-01	-6.838501e+00
1.396000e-05	1.716727e-01	-7.037550e+00
1.397000e-05	-1.173927e-01	-7.228203e+00
1.398000e-05	4.270746e-02	-7.479650e+00
1.399000e-05	1.208270e-02	-7.577524e+00
1.400000e-05	-6.420184e-02	-7.850105e+00
1.401000e-05	1.242650e-01	-8.049528e+00
1.402000e-05	-9.872830e-02	-8.196971e+00
1.403000e-05	9.276111e-02	-8.354921e+00
1.404000e-05	-7.924276e-02	-8.523736e+00
1.405000e-05	5.270127e-02	-8.741815e+00
1.406000e-05	6.551376e-03	-8.881734e+00
1.407000e-05	-2.650816e-02	-9.059001e+00
1.408000e-05	5.005150e-02	-9.156392e+00
1.409000e-05	-5.613702e-02	-9.322739e+00
1.410000e-05	8.245892e-02	-9.481760e+00
1.411000e-05	-4.942010e-02	-9.638552e+00
1.412000e-05	3.775564e-02	-9.766921e+00
1.413000e-05	-2.338978e-02	-9.861207e+00
1.414000e-05	1.937806e-02	-1.002853e+01
1.415000e-05	1.571964e-02	-1.020531e+01
1.416000e-05	-1.297284e-02	-1.031321e+01
1.417000e-05	2.272242e-02	-1.040953e+01
1.418000e-05	-1.723318e-02	-1.052579e+01
1.419000e-05	4.238610e-02	-1.066108e+01
1.420000e-05	-1.758395e-02	-1.078635e+01
1.421000e-05	2.194865e-02	-1.087053e+01
1.422000e-05	-1.356648e-02	-1.092532e+01
1.423000e-05	2.436149e-02	-1.105110e+01
1.424000e-05	9.292444e-04	-1.116567e+01
1.425000e-05	8.861664e-03	-1.131061e+01
1.426000e-05	3.850635e-03	-1.134382e+01
1.427000e-05	6.935318e-03	-1.143893e+01
1.428000e-05	2.054997e-02	-1.152464e+01
1.429000e-05	-4.754120e-03	-1.157690e+01
1.430000e-05	1.292809e-02	-1.170261e+01
1.431000e-05	-4.316186e-03	-1.174534e+01
1.432000e-05	2.430361e-02	-1.178892e+01
1.433000e-05	3.731118e-03	-1.189108e+01
1.434000e-05	1.055175e-02	-1.195477e+01
1.435000e-05	-4.035432e-05	-1.192887e+01
1.436000e-05	1.013198e-02	-1.206103e+01
1.437000e-05	1.147438e-02	-1.206956e+01
1.438000e-05	4.716041e-03	-1.210411e+01
1.439000e-05	9.505403e-03	-1.210524e+01
1.440000e-05	6.091018e-03	-1.212532e+01
1.441000e-05	1.532507e-02	-1.213682e+01
1.442000e-05	8.186331e-03	-1.218820e+01
1.443000e-05	4.197379e-03	-1.219732e+01
1.444000e-05	5.854076e-03	-1.211787e+01
1.445000e-05	9.323860e-03	-1.220787e+01
1.446000e-05	1.091963e-02	-1.213729e+01
1.447000e-05	8.818663e-03	-1.217737e+01
1.448000e-05	7.363260e-03	-1.215629e+01
1.449000e-05	8.094810e-03	-1.216574e+01
1.450000e-05	9.735991e-03	-1.213574e+01
1.451000e-05	6.981467e-03	-1.206456e+01
1.452000e-05	1.048313e-02	-1.201200e+01
1.453000e-05	5.816096e-03	-1.200945e+01
1.454000e-05	1.292930e-02	-1.197032e+01
1.455000e-05	1.029033e-02	-1.190461e+01
1.456000e-05	1.020810e-02	-1.182251e+01
1.457000e-05	5.536337e-03	-1.181890e+01
1.458000e-05	6.523759e-03	-1.173826e+01
1.459000e-05	6.181988e-03	-1.166305e+01
1.460000e-05	9.696928e-03	-1.154882e+01
1.461000e-05	8.609420e-03	-1.150263e+01
1.462000e-05	9.804436e-03	-1.138979e+01
1.463000e-05	9.871806e-03	-1.131564e+01
1.464000e-05	8.699738e-03	-1.116833e+01
1.465000e-05	7.230883e-03	-1.109473e+01
1.466000e-05	3.898870e-03	-1.098032e+01
1.467000e-05	5.932415e-03	-1.090469e+01
1.468000e-05	7.974455e-03	-1.082035e+01
1.469000e-05	9.780471e-03	-1.069627e+01
1.470000e-05	8.618817e-03	-1.063243e+01
1.471000e-05	9.026308e-03	-1.050664e+01
1.472000e-05	7.765829e-03	-1.034882e+01
1.473000e-05	9.671834e-03	-1.023250e+01
1.474000e-05	4.307791e-03	-1.008464e+01
1.475000e-05	6.521147e-03	-9.959322e+00
1.476000e-05	5.937787e-03	-9.844536e+00
1.477000e-05	8.446792e-03	-9.667241e+00
1.478000e-05	9.244896e-03	-9.580398e+00
1.479000e-05	7.389110e-03	-9.442082e+00
1.480000e-05	8.317978e-03	-9.285561e+00
1.481000e-05	7.885389e-03	-9.147721e+00
1.482000e-05	6.840591e-03	-8.940393e+00
1.483000e-05	6.402090e-03	-8.812507e+00
1.484000e-05	5.593643e-03	-8.625060e+00
1.485000e-05	6.635595e-03	-8.476111e+00
1.486000e-05	7.167106e-03	-8.308192e+00
1.487000e-05	6.948386e-03	-8.149369e+00
1.488000e-05	6.684449e-03	-8.003375e+00
1.489000e-05	6.420840e-03	-7.792376e+00
1.490000e-05	6.107478e-03	-7.562373e+00
1.491000e-05	4.731211e-03	-7.393449e+00
1.492000e-05	5.909513e-03	-7.233472e+00
1.493000e-05	5.577404e-03	-6.969456e+00
1.494000e-05	4.040341e-03	-6.781353e+00
1.495000e-05	2.698289e-03	-6.623430e+00
1.496000e-05	3.836410e-03	-6.442531e+00
1.497000e-05	6.442637e-03	-6.223504e+00
1.498000e-05	3.991088e-03	-6.002979e+00
1.499000e-05	1.011744e-03	-5.823502e+00
1.500000e-05	1.626729e-03	-5.603979e+00
1.501000e-05	4.922502e-03	-5.432358e+00
1.502000e-05	3.576530e-03	-5.170846e+00
1.503000e-05	1.250512e-03	-4.908669e+00
1.504000e-05	-9.538676e-04	-4.636509e+00
1.505000e-05	2.800186e-03	-4.455111e+00
1.506000e-05	2.161596e-03	-4.286190e+00
1.507000e-05	1.927390e-03	-4.055140e+00
1.508000e-05	-2.546244e-03	-3.886581e+00
1.509000e-05	3.878920e-04	-3.623507e+00
1.510000e-05	7.756049e-05	-3.423478e+00
1.511000e-05	1.853251e-03	-3.224505e+00
1.512000e-05	-2.491034e-03	-2.940791e+00
1.513000e-05	-2.364278e-04	-2.730295e+00
1.514000e-05	-1.984116e-03	-2.528794e+00
1.515000e-05	9.104790e-05	-2.297215e+00
1.516000e-05	-5.778146e-03	-2.056085e+00
1.517000e-05	-4.245242e-03	-1.815507e+00
1.518000e-05	-4.603145e-03	-1.625525e+00
1.519000e-05	1.086154e-03	-1.321846e+00
1.520000e-05	-4.071115e-03	-1.097688e+00
1.521000e-05	-1.392012e-03	-8.581632e-01
1.522000e-05	-5.404116e-03	-6.040597e-01
1.523000e-05	-1.571546e-03	-3.904751e-01
1.524000e-05	-4.545802e-03	-1.513725e-01
1.525000e-05	3.757441e-04	1.862624e-02
1.526000e-05	1.400566e-03	3.007342e-01
1.527000e-05	-3.634501e-03	5.327840e-01
1.528000e-05	3.020953e-03	7.018078e-01
1.529000e-05	-2.350422e-03	8.317365e-01
1.530000e-05	-2.139716e-03	1.144433e+00
1.531000e-05	-3.569674e-03	1.394543e+00
1.532000e-05	6.612947e-03	1.635026e+00
1.533000e-05	3.487006e-02	1.829654e+00
1.534000e-05	7.956230e-02	2.070206e+00
1.535000e-05	-6.622836e-02	2.332359e+00
1.536000e-05	-3.718903e-02	2.595494e+00
1.537000e-05	-3.322254e-02	2.849079e+00
1.538000e-05	-4.861864e-02	2.997476e+00
1.539000e-05	-8.467091e-02	3.174863e+00
1.540000e-05	1.232276e-01	3.292814e+00
1.541000e-05	-1.858532e-02	3.618425e+00
1.542000e-05	-7.393801e-02	3.736417e+00
1.543000e-05	1.866592e-01	3.956891e+00
1.544000e-05	-1.522922e-01	4.245650e+00
1.545000e-05	3.995392e-02	4.418552e+00
1.546000e-05	-2.092894e-02	4.649676e+00
1.547000e-05	-6.957799e-02	4.830179e+00
1.548000e-05	6.916521e-02	5.131436e+00
1.549000e-05	-3.055307e-02	5.406495e+00
1.550000e-05	2.271889e-02	5.574897e+00
1.551000e-05	-9.875918e-03	5.784968e+00
1.552000e-05	-3.602934e-02	6.028627e+00
1.553000e-05	1.615962e-02	6.208527e+00
1.554000e-05	-4.242072e-02	6.399021e+00
1.555000e-05	3.622420e-02	6.585569e+00
1.556000e-05	-3.774587e-02	6.827548e+00
1.557000e-05	3.009496e-03	7.026975e+00
1.558000e-05	2.643077e-02	7.226423e+00
1.559000e-05	-6.750608e-02	7.406517e+00
1.560000e-05	3.291265e-02	7.627469e+00
1.561000e-05	-3.857986e-02	7.837019e+00
1.562000e-05	1.905797e-02	8.018454e+00
1.563000e-05	-1.447161e-02	8.195970e+00
1.564000e-05	-8.968782e-03	8.365870e+00
1.565000e-05	-8.216540e-03	8.492210e+00
1.566000e-05	-2.860976e-02	8.629103e+00
1.567000e-05	1.783649e-02	8.775998e+00
1.568000e-05	-3.318437e-02	8.955337e+00
1.569000e-05	6.712420e-03	9.152333e+00
1.570000e-05	-1.792238e-02	9.282681e+00
1.571000e-05	-3.547987e-03	9.427951e+00
1.572000e-05	-6.643816e-03	9.554838e+00
1.573000e-05	-2.217613e-02	9.732187e+00
1.574000e-05	-8.231696e-03	9.848599e+00
1.575000e-05	-1.884432e-02	9.966420e+00
1.576000e-05	9.049107e-04	1.013426e+01
1.577000e-05	-1.712387e-02	1.023800e+01
1.578000e-05	-8.898582e-03	1.031424e+01
1.579000e-05	-1.329862e-02	1.045008e+01
1.580000e-05	-9.430458e-03	1.058740e+01
1.581000e-05	-9.934231e-03	1.068216e+01
1.582000e-05	-2.067116e-02	1.079895e+01
1.583000e-05	-1.137000e-02	1.091519e+01
1.584000e-05	-1.308899e-02	1.096847e+01
1.585000e-05	-6.327919e-03	1.109324e+01
1.586000e-05	-1.823578e-02	1.115684e+01
1.587000e-05	-1.349652e-02	1.126853e+01
1.588000e-05	-1.258058e-02	1.133371e+01
1.589000e-05	-1.093083e-02	1.148000e+01
1.590000e-05	-1.586216e-02	1.148386e+01
1.591000e-05	-1.969984e-02	1.162697e+01
1.592000e-05	-1.281162e-02	1.171113e+01
1.593000e-05	-1.007344e-02	1.171526e+01
1.594000e-05	-8.788150e-03	1.178745e+01
1.595000e-05	-1.769268e-02	1.182040e+01
1.596000e-05	-1.864637e-02	1.184153e+01
1.597000e-05	-1.584988e-02	1.192358e+01
1.598000e-05	-1.392924e-02	1.193529e+01
1.599000e-05	-1.507268e-02	1.193632e+01
1.600000e-05	-1.644459e-02	1.196834e+01
1.601000e-05	-1.364204e-02	1.198887e+01
1.602000e-05	-1.192177e-02	1.202887e+01
1.603000e-05	-1.190328e-02	1.202003e+01
1.604000e-05	-1.824389e-02	1.199850e+01
1.605000e-05	-1.840161e-02	1.204990e+01
1.606000e-05	-1.693571e-02	1.202953e+01
1.607000e-05	-1.340213e-02	1.201995e+01
1.608000e-05	-1.669752e-02	1.197989e+01
1.609000e-05	-1.683326e-02	1.199835e+01
1.610000e-05	-1.636985e-02	1.201884e+01
1.611000e-05	-1.445748e-02	1.196727e+01
1.612000e-05	-1.708520e-02	1.189623e+01
1.613000e-05	-1.924155e-02	1.188363e+01
1.614000e-05	-1.885371e-02	1.184152e+01
1.615000e-05	-1.417509e-02	1.181085e+01
1.616000e-05	-1.540396e-02	1.175829e+01
1.617000e-05	-1.652779e-02	1.166621e+01
1.618000e-05	-1.913007e-02	1.166003e+01
1.619000e-05	-1.653006e-02	1.156887e+01
1.620000e-05	-1.538532e-02	1.149563e+01
1.621000e-05	-1.526270e-02	1.142095e+01
1.622000e-05	-1.830025e-02	1.129566e+01
1.623000e-05	-1.703615e-02	1.119198e+01
1.624000e-05	-1.473594e-02	1.116734e+01
1.625000e-05	-1.477362e-02	1.106261e+01
1.626000e-05	-1.617397e-02	1.096934e+01
1.627000e-05	-1.836027e-02	1.088568e+01
1.628000e-05	-1.415703e-02	1.078045e+01
1.629000e-05	-1.587640e-02	1.066516e+01
1.630000e-05	-1.385103e-02	1.058832e+01
1.631000e-05	-1.880571e-02	1.042198e+01
1.632000e-05	-1.410258e-02	1.033524e+01
1.633000e-05	-1.712596e-02	1.020183e+01
1.634000e-05	-1.348870e-02	1.007566e+01
1.635000e-05	-1.879227e-02	9.939296e+00
1.636000e-05	-1.638350e-02	9.810603e+00
1.637000e-05	-1.674334e-02	9.654554e+00
1.638000e-05	-1.432293e-02	9.526765e+00
1.639000e-05	-1.703261e-02	9.399899e+00
1.640000e-05	-1.772717e-02	9.244055e+00
1.641000e-05	-1.636333e-02	9.096764e+00
1.642000e-05	-1.196543e-02	8.938795e+00
1.643000e-05	-1.547648e-02	8.810372e+00
1.644000e-05	-1.946940e-02	8.631982e+00
1.645000e-05	-1.745746e-02	8.484085e+00
1.646000e-05	-1.310354e-02	8.338162e+00
1.647000e-05	-1.272695e-02	8.129665e+00
1.648000e-05	-1.664708e-02	7.979249e+00
1.649000e-05	-1.729326e-02	7.779325e+00
1.650000e-05	-1.548006e-02	7.611946e+00
1.651000e-05	-1.214556e-02	7.412825e+00
1.652000e-05	-1.450775e-02	7.171324e+00
1.653000e-05	-1.562445e-02	7.009924e+00
1.654000e-05	-1.542971e-02	6.812952e+00
1.655000e-05	-1.179710e-02	6.604482e+00
1.656000e-05	-1.339801e-02	6.441979e+00
1.657000e-05	-1.359939e-02	6.223482e+00
1.658000e-05	-1.526895e-02	6.084558e+00
1.659000e-05	-1.303180e-02	5.872083e+00
1.660000e-05	-1.039178e-02	5.634429e+00
1.661000e-05	-1.094302e-02	5.423029e+00
1.662000e-05	-1.345872e-02	5.174395e+00
1.663000e-05	-1.237747e-02	4.900214e+00
1.664000e-05	-1.060059e-02	4.695611e+00
1.665000e-05	-1.059311e-02	4.497162e+00
1.666000e-05	-1.083135e-02	4.288640e+00
1.667000e-05	-1.155456e-02	4.054584e+00
1.668000e-05	-1.008206e-02	3.845603e+00
1.669000e-05	-7.894824e-03	3.663982e+00
1.670000e-05	-9.769137e-03	3.404427e+00
1.671000e-05	-1.070176e-02	3.160850e+00
1.672000e-05	-9.809444e-03	2.961871e+00
1.673000e-05	-7.644563e-03	2.790447e+00
1.674000e-05	-6.140060e-03	2.498191e+00
1.675000e-05	-9.199151e-03	2.247638e+00
1.676000e-05	-9.233205e-03	2.056133e+00
1.677000e-05	-8.000161e-03	1.856034e+00
1.678000e-05	-6.281772e-03	1.575475e+00
1.679000e-05	-6.790977e-03	1.342446e+00
1.680000e-05	-6.132841e-03	1.131740e+00
1.681000e-05	-5.870469e-03	8.261066e-01
1.682000e-05	-5.495846e-03	6.230252e-01
1.683000e-05	-5.382420e-03	4.144513e-01
1.684000e-05	-5.232806e-03	2.113976e-01
1.685000e-05	-4.999524e-03	-3.218409e-02
1.686000e-05	6.210199e-03	-2.712116e-01
1.687000e-05	-4.533035e-04	-4.322566e-01
1.688000e-05	-1.622995e-03	-7.628196e-01
1.689000e-05	-2.063665e-03	-9.333920e-01
1.690000e-05	-2.827380e-03	-1.154338e+00
1.691000e-05	-1.228245e-03	-1.372991e+00
1.692000e-05	-1.521512e-03	-1.587000e+00
1.693000e-05	4.602925e-02	-1.756440e+00
1.694000e-05	9.101808e-02	-1.986520e+00
1.695000e-05	-7.407618e-02	-2.392492e+00
1.696000e-05	-1.237815e-02	-2.700633e+00
1.697000e-05	-4.097580e-02	-2.811630e+00
1.698000e-05	-9.453171e-02	-3.089556e+00
1.699000e-05	4.525883e-02	-3.189975e+00
1.700000e-05	1.203603e-01	-3.323865e+00
1.701000e-05	-1.943428e-01	-3.596471e+00
1.702000e-05	2.033383e-01	-3.766549e+00
1.703000e-05	-6.362476e-02	-3.998522e+00
1.704000e-05	-8.304345e-02	-4.280734e+00
1.705000e-05	1.515239e-01	-4.409076e+00
1.706000e-05	-2.053538e-01	-4.699156e+00
1.707000e-05	1.216396e-01	-4.890783e+00
1.708000e-05	1.129376e-02	-5.082334e+00
1.709000e-05	-3.964963e-02	-5.415898e+00
1.710000e-05	1.347341e-01	-5.608970e+00
1.711000e-05	-1.498834e-01	-5.806447e+00
1.712000e-05	7.295284e-02	-6.047524e+00
1.713000e-05	-1.964409e-02	-6.178021e+00
1.714000e-05	-3.110416e-02	-6.477204e+00
1.715000e-05	1.107372e-01	-6.588026e+00
1.716000e-05	-1.391056e-01	-6.787453e+00
1.717000e-05	1.676923e-01	-7.048127e+00
1.718000e-05	-1.078910e-01	-7.246503e+00
1.719000e-05	3.073879e-02	-7.449103e+00
1.720000e-05	2.269479e-02	-7.606950e+00
1.721000e-05	-7.392890e-02	-7.859130e+00
1.722000e-05	1.293344e-01	-8.020079e+00
1.723000e-05	-9.687121e-02	-8.206974e+00
1.724000e-05	9.054968e-02	-8.344945e+00
1.725000e-05	-7.377049e-02	-8.512311e+00
1.726000e-05	4.609977e-02	-8.772262e+00
1.727000e-05	1.227700e-02	-8.881733e+00
1.728000e-05	-3.487301e-02	-9.028006e+00
1.729000e-05	5.495947e-02	-9.155818e+00
1.730000e-05	-5.837946e-02	-9.324741e+00
1.731000e-05	8.372790e-02	-9.471707e+00
1.732000e-05	-4.878168e-02	-9.598049e+00
1.733000e-05	3.484994e-02	-9.785367e+00
1.734000e-05	-1.885909e-02	-9.861682e+00
1.735000e-05	1.671467e-02	-1.001900e+01
1.736000e-05	1.789239e-02	-1.014532e+01
1.737000e-05	-1.654719e-02	-1.033171e+01
1.738000e-05	2.480593e-02	-1.042643e+01
1.739000e-05	-1.718286e-02	-1.052429e+01
1.740000e-05	4.219577e-02	-1.065955e+01
1.741000e-05	-1.790089e-02	-1.073480e+01
1.742000e-05	1.958990e-02	-1.086053e+01
1.743000e-05	-1.159571e-02	-1.095477e+01
1.744000e-05	2.312778e-02	-1.108163e+01
1.745000e-05	2.410459e-03	-1.112329e+01
1.746000e-05	4.912420e-03	-1.128156e+01
1.747000e-05	6.318075e-03	-1.134384e+01
1.748000e-05	6.114529e-03	-1.144002e+01
1.749000e-05	2.252658e-02	-1.150274e+01
1.750000e-05	-7.059751e-03	-1.160785e+01
1.751000e-05	1.254322e-02	-1.167261e+01
1.752000e-05	-4.672425e-03	-1.175426e+01
1.753000e-05	2.517923e-02	-1.181043e+01
1.754000e-05	4.390562e-03	-1.185206e+01
1.755000e-05	8.781275e-03	-1.195476e+01
1.756000e-05	7.673119e-04	-1.196839e+01
1.757000e-05	9.989838e-03	-1.203001e+01
1.758000e-05	1.318418e-02	-1.206255e+01
1.759000e-05	3.540664e-03	-1.213311e+01
1.760000e-05	7.973180e-03	-1.213524e+01
1.761000e-05	5.103667e-03	-1.214479e+01
1.762000e-05	1.694882e-02	-1.213684e+01
1.763000e-05	8.395587e-03	-1.216681e+01
1.764000e-05	4.845525e-03	-1.216738e+01
1.765000e-05	4.223277e-03	-1.217684e+01
1.766000e-05	1.137907e-02	-1.218679e+01
1.767000e-05	1.138640e-02	-1.215734e+01
1.768000e-05	9.401962e-03	-1.213680e+01
1.769000e-05	4.837001e-03	-1.218576e+01
1.770000e-05	9.277237e-03	-1.211677e+01
1.771000e-05	1.155825e-02	-1.209373e+01
1.772000e-05	9.135926e-03	-1.208348e+01
1.773000e-05	7.217290e-03	-1.205208e+01
1.774000e-05	6.497486e-03	-1.201000e+01
1.775000e-05	1.266188e-02	-1.191727e+01
1.776000e-05	1.232458e-02	-1.188562e+01
1.777000e-05	8.247538e-03	-1.184306e+01
1.778000e-05	4.619017e-03	-1.179085e+01
1.779000e-05	8.464061e-03	-1.171676e+01
1.780000e-05	1.056738e-02	-1.165355e+01
1.781000e-05	8.641462e-03	-1.154979e+01
1.782000e-05	6.955289e-03	-1.148463e+01
1.783000e-05	6.951462e-03	-1.143135e+01
1.784000e-05	1.038649e-02	-1.128474e+01
1.785000e-05	9.978993e-03	-1.120090e+01
1.786000e-05	6.532175e-03	-1.109369e+01
1.787000e-05	5.227162e-03	-1.099187e+01
1.788000e-05	6.593263e-03	-1.090618e+01
1.789000e-05	1.066611e-02	-1.080043e+01
1.790000e-05	8.300934e-03	-1.069669e+01
1.791000e-05	8.493046e-03	-1.062090e+01
1.792000e-05	5.493023e-03	-1.050462e+01
1.793000e-05	9.955116e-03	-1.038889e+01
1.794000e-05	6.086077e-03	-1.025253e+01
1.795000e-05	7.009704e-03	-1.008866e+01
1.796000e-05	4.587877e-03	-9.967817e+00
1.797000e-05	1.018032e-02	-9.834058e+00
1.798000e-05	1.049428e-02	-9.696194e+00
1.799000e-05	8.469584e-03	-9.590350e+00
1.800000e-05	5.325632e-03	-9.413528e+00
1.801000e-05	4.149463e-03	-9.298111e+00
1.802000e-05	6.654255e-03	-9.097772e+00
1.803000e-05	7.154270e-03	-8.981352e+00
1.804000e-05	6.899100e-03	-8.811006e+00
1.805000e-05	5.693311e-03	-8.624634e+00
1.806000e-05	8.851307e-03	-8.486667e+00
1.807000e-05	8.213824e-03	-8.307218e+00
1.808000e-05	7.114679e-03	-8.167820e+00
1.809000e-05	3.515147e-03	-8.001450e+00
1.810000e-05	4.423347e-03	-7.812879e+00
1.811000e-05	5.321179e-03	-7.600926e+00
1.812000e-05	5.519858e-03	-7.392924e+00
1.813000e-05	4.338150e-03	-7.222404e+00
1.814000e-05	5.869875e-03	-6.992880e+00
1.815000e-05	6.647681e-03	-6.791003e+00
1.816000e-05	7.045257e-03	-6.642459e+00
1.817000e-05	3.518137e-03	-6.434007e+00
1.818000e-05	7.228086e-04	-6.264411e+00
1.819000e-05	2.135401e-03	-6.032430e+00
1.820000e-05	2.511853e-03	-5.814429e+00
1.821000e-05	3.143590e-03	-5.653037e+00
1.822000e-05	2.384206e-03	-5.434958e+00
1.823000e-05	3.802899e-03	-5.140271e+00
1.824000e-05	4.966379e-03	-4.899187e+00
1.825000e-05	2.578075e-03	-4.665183e+00
1.826000e-05	2.523916e-04	-4.465632e+00
1.827000e-05	-2.150850e-03	-4.305664e+00
1.828000e-05	1.230352e-03	-4.067217e+00
1.829000e-05	-5.355461e-04	-3.917106e+00
1.830000e-05	1.384319e-03	-3.625532e+00
1.831000e-05	-1.217649e-03	-3.404033e+00
1.832000e-05	2.460020e-03	-3.203403e+00
1.833000e-05	3.630789e-05	-2.900817e+00
1.834000e-05	-9.973964e-05	-2.748320e+00
1.835000e-05	-3.360229e-03	-2.537219e+00
1.836000e-05	-3.421576e-03	-2.329216e+00
1.837000e-05	-4.387374e-03	-2.066107e+00
1.838000e-05	-1.482449e-03	-1.845006e+00
1.839000e-05	-5.120967e-03	-1.623055e+00
1.840000e-05	-6.134036e-04	-1.350871e+00
1.841000e-05	-3.131561e-03	-1.088167e+00
1.842000e-05	-1.490607e-03	-8.646319e-01
1.843000e-05	-5.177423e-03	-6.126317e-01
1.844000e-05	-3.218497e-03	-3.715013e-01
1.845000e-05	-4.911695e-03	-1.824000e-01
1.846000e-05	3.824339e-04	2.017868e-02
1.847000e-05	4.862864e-03	3.002852e-01
1.848000e-05	-4.720406e-03	4.812329e-01
1.849000e-05	3.994239e-03	7.027064e-01
1.850000e-05	-4.253548e-03	8.622578e-01
1.851000e-05	-8.869720e-04	1.183439e+00
1.852000e-05	-4.593993e-03	1.356471e+00
1.853000e-05	4.152702e-03	1.606622e+00
1.854000e-05	3.209895e-02	1.851171e+00
1.855000e-05	8.248063e-02	2.020156e+00
1.856000e-05	-6.056556e-02	2.342308e+00
1.857000e-05	-3.940456e-02	2.563497e+00
1.858000e-05	-3.435912e-02	2.799701e+00
1.859000e-05	-4.901825e-02	2.987521e+00
1.860000e-05	-8.546221e-02	3.186966e+00
1.861000e-05	1.156116e-01	3.303784e+00
1.862000e-05	-6.058035e-03	3.605450e+00
1.863000e-05	-8.788898e-02	3.715362e+00
1.864000e-05	1.919770e-01	3.994391e+00
1.865000e-05	-1.451109e-01	4.246598e+00
1.866000e-05	3.079417e-02	4.418525e+00
1.867000e-05	-1.146537e-02	4.627625e+00
1.868000e-05	-7.765385e-02	4.861625e+00
1.869000e-05	7.455413e-02	5.121883e+00
1.870000e-05	-3.169553e-02	5.395997e+00
1.871000e-05	2.025302e-02	5.596392e+00
1.872000e-05	-9.766055e-03	5.796466e+00
1.873000e-05	-3.874275e-02	5.977026e+00
1.874000e-05	1.550416e-02	6.246449e+00
1.875000e-05	-4.373211e-02	6.417020e+00
1.876000e-05	3.659083e-02	6.606967e+00
1.877000e-05	-2.974197e-02	6.837026e+00
1.878000e-05	2.585379e-03	7.037025e+00
1.879000e-05	3.076683e-02	7.157545e+00
1.880000e-05	-7.376063e-02	7.376919e+00
1.881000e-05	2.663494e-02	7.605446e+00
1.882000e-05	-3.701669e-02	7.828600e+00
1.883000e-05	1.544798e-02	7.997922e+00
1.884000e-05	-6.378090e-03	8.197025e+00
1.885000e-05	-1.009861e-02	8.385391e+00
1.886000e-05	-1.745531e-03	8.493662e+00
1.887000e-05	-2.939088e-02	8.639578e+00
1.888000e-05	1.570757e-02	8.797419e+00
1.889000e-05	-3.616963e-02	8.964888e+00
1.890000e-05	1.293101e-03	9.142739e+00
1.891000e-05	-1.461673e-02	9.302682e+00
1.892000e-05	-4.856692e-03	9.407949e+00
1.893000e-05	-2.829595e-03	9.553316e+00
1.894000e-05	-2.168023e-02	9.683182e+00
1.895000e-05	-4.664859e-03	9.857604e+00
1.896000e-05	-2.025398e-02	9.955970e+00
1.897000e-05	-8.115913e-04	1.011376e+01
1.898000e-05	-1.952710e-02	1.019850e+01
1.899000e-05	-1.048350e-02	1.033578e+01
1.900000e-05	-1.125134e-02	1.044913e+01
1.901000e-05	-1.056413e-02	1.057634e+01
1.902000e-05	-7.127558e-03	1.067218e+01
1.903000e-05	-2.091097e-02	1.080699e+01
1.904000e-05	-8.454104e-03	1.091318e+01
1.905000e-05	-1.418697e-02	1.098595e+01
1.906000e-05	-7.290941e-03	1.108208e+01
1.907000e-05	-1.769593e-02	1.119586e+01
1.908000e-05	-1.542015e-02	1.126203e+01
1.909000e-05	-1.334502e-02	1.133477e+01
1.910000e-05	-1.254346e-02	1.143692e+01
1.911000e-05	-1.232131e-02	1.153421e+01
1.912000e-05	-1.615223e-02	1.159094e+01
1.913000e-05	-1.365194e-02	1.164268e+01
1.914000e-05	-1.148951e-02	1.168574e+01
1.915000e-05	-8.353862e-03	1.178727e+01
1.916000e-05	-1.744434e-02	1.180945e+01
1.917000e-05	-1.847189e-02	1.183150e+01
1.918000e-05	-1.889135e-02	1.191313e+01
1.919000e-05	-1.328629e-02	1.190581e+01
1.920000e-05	-1.430987e-02	1.195679e+01
1.921000e-05	-1.626227e-02	1.196629e+01
1.922000e-05	-1.193229e-02	1.197737e+01
1.923000e-05	-1.388130e-02	1.200942e+01
1.924000e-05	-1.087622e-02	1.207040e+01
1.925000e-05	-2.042941e-02	1.201995e+01
1.926000e-05	-1.900966e-02	1.203095e+01
1.927000e-05	-1.783853e-02	1.207095e+01
1.928000e-05	-1.305232e-02	1.201995e+01
1.929000e-05	-1.425639e-02	1.200043e+01
1.930000e-05	-1.704311e-02	1.203880e+01
1.931000e-05	-1.567410e-02	1.195882e+01
1.932000e-05	-1.529245e-02	1.193526e+01
1.933000e-05	-1.683286e-02	1.192571e+01
1.934000e-05	-1.992011e-02	1.186308e+01
1.935000e-05	-1.850763e-02	1.186256e+01
1.936000e-05	-1.686508e-02	1.181945e+01
1.937000e-05	-1.324085e-02	1.176779e+01
1.938000e-05	-1.682348e-02	1.172511e+01
1.939000e-05	-1.674558e-02	1.160255e+01
1.940000e-05	-1.583862e-02	1.156872e+01
1.941000e-05	-1.502011e-02	1.152304e+01
1.942000e-05	-1.614318e-02	1.141898e+01
1.943000e-05	-1.845982e-02	1.130771e+01
1.944000e-05	-1.712055e-02	1.125296e+01
1.945000e-05	-1.609002e-02	1.116781e+01
1.946000e-05	-1.503761e-02	1.106361e+01
1.947000e-05	-1.565654e-02	1.095842e+01
1.948000e-05	-1.719637e-02	1.090616e+01
1.949000e-05	-1.491161e-02	1.079140e+01
1.950000e-05	-1.592526e-02	1.067464e+01
1.951000e-05	-1.477707e-02	1.058837e+01
1.952000e-05	-1.842284e-02	1.048446e+01
1.953000e-05	-1.501199e-02	1.030718e+01
1.954000e-05	-1.725267e-02	1.019242e+01
1.955000e-05	-1.471916e-02	1.010556e+01
1.956000e-05	-1.808139e-02	9.958742e+00
1.957000e-05	-1.566441e-02	9.812552e+00
1.958000e-05	-1.617901e-02	9.675532e+00
1.959000e-05	-1.452423e-02	9.517214e+00
1.960000e-05	-1.686294e-02	9.380928e+00
1.961000e-05	-1.646737e-02	9.274082e+00
1.962000e-05	-1.677118e-02	9.117286e+00
1.963000e-05	-1.524143e-02	9.008267e+00
1.964000e-05	-1.637232e-02	8.790895e+00
1.965000e-05	-1.628919e-02	8.624033e+00
1.966000e-05	-1.604332e-02	8.436110e+00
1.967000e-05	-1.448957e-02	8.349687e+00
1.968000e-05	-1.401911e-02	8.149217e+00
1.969000e-05	-1.488189e-02	7.969795e+00
1.970000e-05	-1.576962e-02	7.782897e+00
1.971000e-05	-1.620417e-02	7.632479e+00
1.972000e-05	-1.551471e-02	7.392425e+00
1.973000e-05	-1.407564e-02	7.232397e+00
1.974000e-05	-1.450587e-02	7.023927e+00
1.975000e-05	-1.378259e-02	6.812452e+00
1.976000e-05	-1.281886e-02	6.634454e+00
1.977000e-05	-1.340944e-02	6.413453e+00
1.978000e-05	-1.332965e-02	6.272454e+00
1.979000e-05	-1.467537e-02	6.054104e+00
1.980000e-05	-1.371259e-02	5.893581e+00
1.981000e-05	-1.248634e-02	5.623479e+00
1.982000e-05	-1.127587e-02	5.455454e+00
1.983000e-05	-1.127769e-02	5.212850e+00
1.984000e-05	-1.134863e-02	4.940199e+00
1.985000e-05	-1.103288e-02	4.709241e+00
1.986000e-05	-1.059958e-02	4.516239e+00
1.987000e-05	-1.139888e-02	4.309190e+00
1.988000e-05	-1.124943e-02	4.016032e+00
1.989000e-05	-1.063090e-02	3.824008e+00
1.990000e-05	-9.178606e-03	3.654033e+00
1.991000e-05	-9.692873e-03	3.413078e+00
1.992000e-05	-1.002924e-02	3.203350e+00
1.993000e-05	-8.961699e-03	2.970897e+00
1.994000e-05	-7.910316e-03	2.800895e+00
1.995000e-05	-8.212502e-03	2.519811e+00
1.996000e-05	-8.483755e-03	2.285662e+00
1.997000e-05	-9.088784e-03	2.065637e+00
1.998000e-05	-7.180482e-03	1.875511e+00
1.999000e-05	-6.904722e-03	1.583926e+00
2.000000e-05	-6.794646e-03	1.370819e+00
2.001000e-05	-6.114527e-03	1.121321e+00
2.002000e-05	-5.906675e-03	8.241578e-01
2.003000e-05	-6.084975e-03	6.455528e-01
2.004000e-05	-5.486392e-03	4.134776e-01
2.005000e-05	-5.671958e-03	1.913739e-01
2.006000e-05	-4.380703e-03	-4.168144e-02
2.007000e-05	5.355882e-03	-2.922377e-01
2.008000e-05	6.607621e-04	-4.397100e-01
2.009000e-05	-1.712632e-03	-7.333158e-01
2.010000e-05	-1.807754e-03	-9.347893e-01
2.011000e-05	-2.739201e-03	-1.113313e+00
2.012000e-05	-9.807271e-04	-1.334463e+00
2.013000e-05	-2.063991e-03	-1.607024e+00
2.014000e-05	4.229375e-02	-1.795974e+00
2.015000e-05	9.355043e-02	-1.976026e+00
2.016000e-05	-7.223150e-02	-2.402291e+00
2.017000e-05	-1.379935e-02	-2.709656e+00
2.018000e-05	-3.873222e-02	-2.849629e+00
2.019000e-05	-9.166432e-02	-3.089607e+00
2.020000e-05	3.533531e-02	-3.207499e+00
2.021000e-05	1.304528e-01	-3.313342e+00
2.022000e-05	-1.964364e-01	-3.595942e+00
2.023000e-05	1.968352e-01	-3.795899e+00
2.024000e-05	-4.691540e-02	-3.976445e+00
2.025000e-05	-9.800025e-02	-4.330209e+00
2.026000e-05	1.602956e-01	-4.400029e+00
2.027000e-05	-2.041644e-01	-4.649683e+00
2.028000e-05	1.113411e-01	-4.891761e+00
2.029000e-05	2.207027e-02	-5.091185e+00
2.030000e-05	-4.887700e-02	-5.423471e+00
2.031000e-05	1.409397e-01	-5.587451e+00
2.032000e-05	-1.461242e-01	-5.776022e+00
2.033000e-05	6.479041e-02	-6.016974e+00
2.034000e-05	-9.407464e-03	-6.134976e+00
2.035000e-05	-4.381382e-02	-6.480105e+00
2.036000e-05	1.169857e-01	-6.587477e+00
2.037000e-05	-1.421079e-01	-6.787976e+00
2.038000e-05	1.655020e-01	-7.008078e+00
2.039000e-05	-9.685264e-02	-7.226555e+00
2.040000e-05	2.032517e-02	-7.448051e+00
2.041000e-05	3.379267e-02	-7.566024e+00
2.042000e-05	-8.279424e-02	-7.849076e+00
2.043000e-05	1.330277e-01	-8.028578e+00
2.044000e-05	-9.772460e-02	-8.207446e+00
2.045000e-05	8.731301e-02	-8.334900e+00
2.046000e-05	-6.775251e-02	-8.522261e+00
2.047000e-05	3.717701e-02	-8.762792e+00
2.048000e-05	2.196994e-02	-8.860683e+00
2.049000e-05	-4.033258e-02	-9.047553e+00
2.050000e-05	5.819866e-02	-9.135313e+00
2.051000e-05	-6.205791e-02	-9.314237e+00
2.052000e-05	8.321776e-02	-9.478736e+00
2.053000e-05	-4.422573e-02	-9.639004e+00
2.054000e-05	3.124492e-02	-9.753846e+00
2.055000e-05	-1.499772e-02	-9.871630e+00
2.056000e-05	1.155961e-02	-1.004950e+01
2.057000e-05	2.347213e-02	-1.014469e+01
2.058000e-05	-1.904396e-02	-1.029231e+01
2.059000e-05	2.643333e-02	-1.044947e+01
2.060000e-05	-1.979447e-02	-1.056534e+01
2.061000e-05	4.377125e-02	-1.067008e+01
2.062000e-05	-1.694679e-02	-1.077379e+01
2.063000e-05	1.946394e-02	-1.089210e+01
2.064000e-05	-1.270881e-02	-1.095674e+01
2.065000e-05	2.049026e-02	-1.105013e+01
2.066000e-05	5.587725e-03	-1.114524e+01
2.067000e-05	5.096313e-03	-1.128008e+01
2.068000e-05	6.484035e-03	-1.133479e+01
2.069000e-05	4.545383e-03	-1.143003e+01
2.070000e-05	2.367393e-02	-1.148524e+01
2.071000e-05	-5.119556e-03	-1.159898e+01
2.072000e-05	1.379352e-02	-1.166295e+01
2.073000e-05	-5.521485e-03	-1.174527e+01
2.074000e-05	2.295367e-02	-1.180995e+01
2.075000e-05	5.222785e-03	-1.186148e+01
2.076000e-05	8.795341e-03	-1.194266e+01
2.077000e-05	1.355868e-03	-1.195734e+01
2.078000e-05	7.789181e-03	-1.204110e+01
2.079000e-05	1.343968e-02	-1.202216e+01
2.080000e-05	5.089291e-03	-1.207311e+01
2.081000e-05	1.022469e-02	-1.211421e+01
2.082000e-05	4.742851e-03	-1.215579e+01
2.083000e-05	1.451052e-02	-1.217577e+01
2.084000e-05	8.357687e-03	-1.214727e+01
2.085000e-05	5.027278e-03	-1.218732e+01
2.086000e-05	3.281719e-03	-1.217632e+01
2.087000e-05	1.013933e-02	-1.214787e+01
2.088000e-05	1.305818e-02	-1.216679e+01
2.089000e-05	1.158905e-02	-1.214682e+01
2.090000e-05	6.172798e-03	-1.217629e+01
2.091000e-05	9.273051e-03	-1.213627e+01
2.092000e-05	9.979637e-03	-1.212464e+01
2.093000e-05	9.065206e-03	-1.207161e+01
2.094000e-05	6.574170e-03	-1.203103e+01
2.095000e-05	6.801723e-03	-1.204042e+01
2.096000e-05	1.220984e-02	-1.195674e+01
2.097000e-05	1.170079e-02	-1.192369e+01
2.098000e-05	9.562121e-03	-1.184302e+01
2.099000e-05	5.006273e-03	-1.179932e+01
2.100000e-05	6.811648e-03	-1.172724e+01
2.101000e-05	1.063561e-02	-1.165201e+01
2.102000e-05	8.731559e-03	-1.155824e+01
2.103000e-05	7.554103e-03	-1.147355e+01
2.104000e-05	7.504000e-03	-1.137982e+01
2.105000e-05	9.549736e-03	-1.130514e+01
2.106000e-05	1.031103e-02	-1.122122e+01
2.107000e-05	6.720173e-03	-1.108308e+01
2.108000e-05	4.978923e-03	-1.100892e+01
2.109000e-05	7.585828e-03	-1.088474e+01
2.110000e-05	9.799216e-03	-1.081086e+01
2.111000e-05	8.410229e-03	-1.070719e+01
2.112000e-05	4.279128e-03	-1.062190e+01
2.113000e-05	6.416030e-03	-1.050567e+01
2.114000e-05	1.023142e-02	-1.034737e+01
2.115000e-05	9.032858e-03	-1.027451e+01
2.116000e-05	4.594871e-03	-1.007414e+01
2.117000e-05	4.682470e-03	-9.958875e+00
2.118000e-05	8.731587e-03	-9.845111e+00
2.119000e-05	1.015790e-02	-9.748665e+00
2.120000e-05	7.780840e-03	-9.609400e+00
2.121000e-05	5.009446e-03	-9.432005e+00
2.122000e-05	5.944202e-03	-9.307587e+00
2.123000e-05	1.001465e-02	-9.128343e+00
2.124000e-05	7.380010e-03	-8.980828e+00
2.125000e-05	4.673203e-03	-8.844477e+00
2.126000e-05	5.204682e-03	-8.683011e+00
2.127000e-05	7.412157e-03	-8.454612e+00
2.128000e-05	9.412035e-03	-8.318192e+00
2.129000e-05	5.391225e-03	-8.169826e+00
2.130000e-05	4.026884e-03	-8.001880e+00
2.131000e-05	4.509583e-03	-7.803352e+00
2.132000e-05	7.785505e-03	-7.561379e+00
2.133000e-05	7.251635e-03	-7.391825e+00
2.134000e-05	4.764103e-03	-7.213054e+00
2.135000e-05	2.790186e-03	-7.041408e+00
2.136000e-05	5.058602e-03	-6.802407e+00
2.137000e-05	4.945764e-03	-6.643957e+00
2.138000e-05	3.268128e-03	-6.434532e+00
2.139000e-05	2.024254e-03	-6.276013e+00
2.140000e-05	3.289223e-03	-6.022503e+00
2.141000e-05	4.461526e-03	-5.833507e+00
2.142000e-05	3.271018e-03	-5.624055e+00
2.143000e-05	1.663767e-03	-5.432481e+00
2.144000e-05	2.038215e-03	-5.201320e+00
2.145000e-05	4.172541e-03	-4.900241e+00
2.146000e-05	2.601106e-03	-4.666587e+00
2.147000e-05	1.453648e-03	-4.465712e+00
2.148000e-05	-1.105342e-03	-4.317666e+00
2.149000e-05	7.682093e-04	-4.106638e+00
2.150000e-05	-2.820385e-04	-3.918189e+00
2.151000e-05	1.723816e-03	-3.643979e+00
2.152000e-05	-1.392092e-03	-3.454529e+00
2.153000e-05	1.377462e-03	-3.225425e+00
2.154000e-05	8.569527e-05	-2.991773e+00
2.155000e-05	1.221474e-03	-2.710347e+00
2.156000e-05	-3.981092e-03	-2.508296e+00
2.157000e-05	-2.536157e-03	-2.360743e+00
2.158000e-05	-4.981637e-03	-2.035533e+00
2.159000e-05	-1.332745e-03	-1.875032e+00
2.160000e-05	-3.473665e-03	-1.613455e+00
2.161000e-05	-4.358757e-04	-1.353472e+00
2.162000e-05	-3.161741e-03	-1.087692e+00
2.163000e-05	-1.347798e-03	-8.856383e-01
2.164000e-05	-4.373489e-03	-6.275122e-01
2.165000e-05	-3.131232e-03	-3.939276e-01
2.166000e-05	-6.027888e-03	-1.823999e-01
2.167000e-05	-9.771155e-05	1.261814e-04
2.168000e-05	5.226901e-03	2.892578e-01
2.169000e-05	-4.076987e-03	5.127603e-01
2.170000e-05	3.995810e-03	6.807064e-01
2.171000e-05	-3.239393e-03	8.527313e-01
2.172000e-05	-1.123215e-03	1.152339e+00
2.173000e-05	-3.740501e-03	1.374394e+00
2.174000e-05	1.429195e-03	1.615024e+00
2.175000e-05	2.977244e-02	1.838600e+00
2.176000e-05	8.214918e-02	2.060652e+00
2.177000e-05	-5.608875e-02	2.312334e+00
2.178000e-05	-4.105506e-02	2.522440e+00
2.179000e-05	-3.273759e-02	2.799576e+00
2.180000e-05	-4.756804e-02	2.965471e+00
2.181000e-05	-8.750291e-02	3.115292e+00
2.182000e-05	1.086854e-01	3.272359e+00
2.183000e-05	6.649797e-03	3.576469e+00
2.184000e-05	-9.984129e-02	3.746312e+00
2.185000e-05	1.957127e-01	3.933887e+00
2.186000e-05	-1.401057e-01	4.196020e+00
2.187000e-05	2.152858e-02	4.397074e+00
2.188000e-05	-3.024974e-03	4.657175e+00
2.189000e-05	-8.475469e-02	4.859030e+00
2.190000e-05	7.576775e-02	5.110933e+00
2.191000e-05	-3.004096e-02	5.386997e+00
2.192000e-05	1.909601e-02	5.576942e+00
2.193000e-05	-9.436365e-03	5.794446e+00
2.194000e-05	-3.809845e-02	6.007075e+00
2.195000e-05	1.476020e-02	6.218471e+00
2.196000e-05	-4.192652e-02	6.405995e+00
2.197000e-05	3.207178e-02	6.607547e+00
2.198000e-05	-2.641092e-02	6.858025e+00
2.199000e-05	-4.946345e-03	6.977049e+00
2.200000e-05	3.825034e-02	7.206443e+00
2.201000e-05	-7.369431e-02	7.414392e+00
2.202000e-05	2.738992e-02	7.626448e+00
2.203000e-05	-3.676624e-02	7.837496e+00
2.204000e-05	1.354834e-02	8.025423e+00
2.205000e-05	-4.299234e-03	8.207474e+00
2.206000e-05	-1.450252e-02	8.344365e+00
2.207000e-05	-7.862443e-04	8.493685e+00
2.208000e-05	-3.266598e-02	8.641128e+00
2.209000e-05	1.982663e-02	8.796472e+00
2.210000e-05	-3.524769e-02	8.915316e+00
2.211000e-05	2.500231e-03	9.153788e+00
2.212000e-05	-1.566837e-02	9.281059e+00
2.213000e-05	-3.568459e-03	9.388974e+00
2.214000e-05	-2.684340e-03	9.543837e+00
2.215000e-05	-2.347629e-02	9.722631e+00
2.216000e-05	-5.748023e-03	9.859076e+00
2.217000e-05	-1.930575e-02	9.953820e+00
2.218000e-05	2.312678e-04	1.013323e+01
2.219000e-05	-1.978418e-02	1.022797e+01
2.220000e-05	-1.009980e-02	1.034429e+01
2.221000e-05	-1.108095e-02	1.044855e+01
2.222000e-05	-7.053779e-03	1.059637e+01
2.223000e-05	-8.655555e-03	1.071266e+01
2.224000e-05	-2.172848e-02	1.080797e+01
2.225000e-05	-1.137461e-02	1.090314e+01
2.226000e-05	-1.405459e-02	1.097850e+01
2.227000e-05	-7.385161e-03	1.106218e+01
2.228000e-05	-1.801189e-02	1.111579e+01
2.229000e-05	-1.280781e-02	1.123155e+01
2.230000e-05	-1.295368e-02	1.133521e+01
2.231000e-05	-9.670310e-03	1.142002e+01
2.232000e-05	-1.348902e-02	1.147126e+01
2.233000e-05	-1.776858e-02	1.160942e+01
2.234000e-05	-1.500849e-02	1.166203e+01
2.235000e-05	-1.145472e-02	1.175434e+01
2.236000e-05	-8.803486e-03	1.173745e+01
2.237000e-05	-1.693890e-02	1.183897e+01
2.238000e-05	-1.838736e-02	1.184008e+01
2.239000e-05	-1.629148e-02	1.188308e+01
2.240000e-05	-1.218842e-02	1.192434e+01
2.241000e-05	-1.475824e-02	1.194779e+01
2.242000e-05	-1.688998e-02	1.196682e+01
2.243000e-05	-1.373659e-02	1.194684e+01
2.244000e-05	-1.460695e-02	1.200883e+01
2.245000e-05	-1.298058e-02	1.201995e+01
2.246000e-05	-1.903552e-02	1.200945e+01
2.247000e-05	-1.775551e-02	1.202895e+01
2.248000e-05	-1.547559e-02	1.203040e+01
2.249000e-05	-1.432356e-02	1.200995e+01
2.250000e-05	-1.422248e-02	1.198937e+01
2.251000e-05	-1.808418e-02	1.198882e+01
2.252000e-05	-1.736607e-02	1.194832e+01
2.253000e-05	-1.546446e-02	1.191524e+01
2.254000e-05	-1.642710e-02	1.195424e+01
2.255000e-05	-1.905548e-02	1.187413e+01
2.256000e-05	-1.823419e-02	1.183151e+01
2.257000e-05	-1.537363e-02	1.183140e+01
2.258000e-05	-1.425820e-02	1.174727e+01
2.259000e-05	-1.724793e-02	1.172624e+01
2.260000e-05	-1.824125e-02	1.165015e+01
2.261000e-05	-1.679244e-02	1.157887e+01
2.262000e-05	-1.472641e-02	1.149413e+01
2.263000e-05	-1.621845e-02	1.143042e+01
2.264000e-05	-1.803914e-02	1.135524e+01
2.265000e-05	-1.712194e-02	1.124300e+01
2.266000e-05	-1.524383e-02	1.115674e+01
2.267000e-05	-1.530972e-02	1.107303e+01
2.268000e-05	-1.504079e-02	1.095842e+01
2.269000e-05	-1.739898e-02	1.093616e+01
2.270000e-05	-1.526730e-02	1.078993e+01
2.271000e-05	-1.640355e-02	1.068771e+01
2.272000e-05	-1.535695e-02	1.056940e+01
2.273000e-05	-1.907095e-02	1.047403e+01
2.274000e-05	-1.544609e-02	1.032624e+01
2.275000e-05	-1.558324e-02	1.019043e+01
2.276000e-05	-1.305413e-02	1.011616e+01
2.277000e-05	-1.773934e-02	9.989866e+00
2.278000e-05	-1.565267e-02	9.822904e+00
2.279000e-05	-1.663055e-02	9.724084e+00
2.280000e-05	-1.456050e-02	9.545666e+00
2.281000e-05	-1.750646e-02	9.390399e+00
2.282000e-05	-1.781310e-02	9.303582e+00
2.283000e-05	-1.444452e-02	9.127191e+00
2.284000e-05	-1.354437e-02	8.959271e+00
2.285000e-05	-1.448404e-02	8.771871e+00
2.286000e-05	-1.741315e-02	8.633004e+00
2.287000e-05	-1.751790e-02	8.474135e+00
2.288000e-05	-1.504003e-02	8.346291e+00
2.289000e-05	-1.401237e-02	8.149270e+00
2.290000e-05	-1.574006e-02	8.000820e+00
2.291000e-05	-1.600631e-02	7.819896e+00
2.292000e-05	-1.507471e-02	7.621924e+00
2.293000e-05	-1.288085e-02	7.420025e+00
2.294000e-05	-1.515436e-02	7.191898e+00
2.295000e-05	-1.521041e-02	7.031530e+00
2.296000e-05	-1.518892e-02	6.823981e+00
2.297000e-05	-1.286559e-02	6.655009e+00
2.298000e-05	-1.193703e-02	6.455028e+00
2.299000e-05	-1.418371e-02	6.222979e+00
2.300000e-05	-1.388838e-02	6.033003e+00
2.301000e-05	-1.176661e-02	5.887061e+00
2.302000e-05	-1.055596e-02	5.633502e+00
2.303000e-05	-1.318025e-02	5.445977e+00
2.304000e-05	-1.367464e-02	5.232448e+00
2.305000e-05	-1.100408e-02	4.899246e+00
2.306000e-05	-9.946502e-03	4.737613e+00
2.307000e-05	-1.156277e-02	4.537738e+00
2.308000e-05	-1.231987e-02	4.327264e+00
2.309000e-05	-1.164801e-02	4.065609e+00
2.310000e-05	-8.643764e-03	3.844631e+00
2.311000e-05	-9.117468e-03	3.664508e+00
2.312000e-05	-1.097769e-02	3.434008e+00
2.313000e-05	-1.110956e-02	3.212903e+00
2.314000e-05	-8.577148e-03	2.982349e+00
2.315000e-05	-6.901121e-03	2.800846e+00
2.316000e-05	-8.780854e-03	2.548243e+00
2.317000e-05	-9.545466e-03	2.286238e+00
2.318000e-05	-8.498727e-03	2.066188e+00
2.319000e-05	-5.813369e-03	1.866685e+00
2.320000e-05	-6.766296e-03	1.653401e+00
2.321000e-05	-7.899115e-03	1.410372e+00
2.322000e-05	-8.127692e-03	1.139715e+00
2.323000e-05	-4.247951e-03	8.361818e-01
2.324000e-05	-5.445625e-03	6.359791e-01
2.325000e-05	-5.577429e-03	4.154278e-01
2.326000e-05	-6.577602e-03	1.518960e-01
2.327000e-05	-4.985410e-03	-2.968144e-02
2.328000e-05	5.803032e-03	-2.502330e-01
2.329000e-05	4.823816e-04	-4.312303e-01
2.330000e-05	-2.177184e-03	-7.107632e-01
2.331000e-05	-9.244597e-04	-8.828133e-01
2.332000e-05	-1.643043e-03	-1.101287e+00
2.333000e-05	-1.114282e-03	-1.363494e+00
2.334000e-05	-2.735583e-03	-1.606600e+00
2.335000e-05	3.918279e-02	-1.764946e+00
2.336000e-05	9.594724e-02	-1.976472e+00
2.337000e-05	-6.843669e-02	-2.350342e+00
2.338000e-05	-1.563880e-02	-2.649752e+00
2.339000e-05	-3.792380e-02	-2.819084e+00
2.340000e-05	-8.967706e-02	-3.051079e+00
2.341000e-05	2.537905e-02	-3.178500e+00
2.342000e-05	1.392766e-01	-3.342812e+00
2.343000e-05	-1.973460e-01	-3.595446e+00
2.344000e-05	1.898936e-01	-3.818966e+00
2.345000e-05	-2.986231e-02	-3.978448e+00
2.346000e-05	-1.108490e-01	-4.289258e+00
2.347000e-05	1.664617e-01	-4.410551e+00
2.348000e-05	-2.016969e-01	-4.659726e+00
2.349000e-05	1.004048e-01	-4.890282e+00
2.350000e-05	3.562253e-02	-5.082162e+00
2.351000e-05	-5.785126e-02	-5.373545e+00
2.352000e-05	1.436386e-01	-5.597524e+00
2.353000e-05	-1.434148e-01	-5.785447e+00
2.354000e-05	5.625547e-02	-6.007476e+00
2.355000e-05	-1.353437e-05	-6.195997e+00
2.356000e-05	-5.224156e-02	-6.489058e+00
2.357000e-05	1.210757e-01	-6.619527e+00
2.358000e-05	-1.401372e-01	-6.798050e+00
2.359000e-05	1.604208e-01	-7.038048e+00
2.360000e-05	-8.446077e-02	-7.228100e+00
2.361000e-05	4.592421e-03	-7.478504e+00
2.362000e-05	4.452662e-02	-7.618499e+00
2.363000e-05	-9.368808e-02	-7.859028e+00
2.364000e-05	1.373069e-01	-8.018025e+00
2.365000e-05	-9.739353e-02	-8.207421e+00
2.366000e-05	8.619473e-02	-8.334416e+00
2.367000e-05	-5.930155e-02	-8.486237e+00
2.368000e-05	3.147942e-02	-8.672741e+00
2.369000e-05	2.955565e-02	-8.901079e+00
2.370000e-05	-5.052566e-02	-9.057999e+00
2.371000e-05	6.166382e-02	-9.165867e+00
2.372000e-05	-6.452452e-02	-9.283263e+00
2.373000e-05	8.478371e-02	-9.470159e+00
2.374000e-05	-4.322436e-02	-9.596527e+00
2.375000e-05	2.764004e-02	-9.756368e+00
2.376000e-05	-1.159758e-02	-9.901684e+00
2.377000e-05	1.007269e-02	-1.000747e+01
2.378000e-05	2.612801e-02	-1.013424e+01
2.379000e-05	-2.312892e-02	-1.031016e+01
2.380000e-05	2.769481e-02	-1.042103e+01
2.381000e-05	-1.937578e-02	-1.054384e+01
2.382000e-05	4.266888e-02	-1.065108e+01
2.383000e-05	-1.835708e-02	-1.073489e+01
2.384000e-05	1.801733e-02	-1.081103e+01
2.385000e-05	-9.160396e-03	-1.093429e+01
2.386000e-05	2.100648e-02	-1.104013e+01
2.387000e-05	5.201625e-03	-1.110584e+01
2.388000e-05	3.018621e-03	-1.127156e+01
2.389000e-05	7.552557e-03	-1.133579e+01
2.390000e-05	3.282035e-03	-1.143845e+01
2.391000e-05	2.288721e-02	-1.148366e+01
2.392000e-05	-6.800105e-03	-1.158742e+01
2.393000e-05	1.344919e-02	-1.166215e+01
2.394000e-05	-3.630650e-03	-1.174424e+01
2.395000e-05	2.477088e-02	-1.184797e+01
2.396000e-05	5.247973e-03	-1.186008e+01
2.397000e-05	8.104511e-03	-1.192427e+01
2.398000e-05	1.670586e-03	-1.196682e+01
2.399000e-05	8.711582e-03	-1.199000e+01
2.400000e-05	1.327688e-02	-1.205356e+01
2.401000e-05	3.298811e-03	-1.212321e+01
2.402000e-05	9.528576e-03	-1.208564e+01
2.403000e-05	6.667127e-03	-1.211474e+01
2.404000e-05	1.558538e-02	-1.215580e+01
2.405000e-05	7.329828e-03	-1.215582e+01
2.406000e-05	4.559480e-03	-1.218835e+01
2.407000e-05	5.518134e-03	-1.217727e+01
2.408000e-05	1.122891e-02	-1.219837e+01
2.409000e-05	1.203438e-02	-1.216782e+01
2.410000e-05	8.814861e-03	-1.217532e+01
2.411000e-05	6.266491e-03	-1.209579e+01
2.412000e-05	1.064028e-02	-1.210629e+01
2.413000e-05	1.169002e-02	-1.213419e+01
2.414000e-05	7.919957e-03	-1.206360e+01
2.415000e-05	6.528203e-03	-1.202263e+01
2.416000e-05	7.970017e-03	-1.199983e+01
2.417000e-05	1.270464e-02	-1.193882e+01
2.418000e-05	1.038121e-02	-1.190569e+01
2.419000e-05	7.462905e-03	-1.186353e+01
2.420000e-05	5.920333e-03	-1.180992e+01
2.421000e-05	9.067620e-03	-1.171574e+01
2.422000e-05	1.142601e-02	-1.164243e+01
2.423000e-05	7.698524e-03	-1.156732e+01
2.424000e-05	6.236559e-03	-1.148166e+01
2.425000e-05	7.949369e-03	-1.136133e+01
2.426000e-05	1.028791e-02	-1.127523e+01
2.427000e-05	7.775583e-03	-1.120040e+01
2.428000e-05	6.314420e-03	-1.110456e+01
2.429000e-05	7.467719e-03	-1.098842e+01
2.430000e-05	9.883142e-03	-1.090561e+01
2.431000e-05	8.162324e-03	-1.081045e+01
2.432000e-05	6.596980e-03	-1.071569e+01
2.433000e-05	6.551625e-03	-1.059093e+01
2.434000e-05	8.655539e-03	-1.050666e+01
2.435000e-05	8.995898e-03	-1.040930e+01
2.436000e-05	7.608728e-03	-1.026503e+01
2.437000e-05	6.221144e-03	-1.008711e+01
2.438000e-05	6.462940e-03	-9.970349e+00
2.439000e-05	8.459277e-03	-9.874058e+00
2.440000e-05	7.310580e-03	-9.737217e+00
2.441000e-05	7.150962e-03	-9.601872e+00
2.442000e-05	5.011135e-03	-9.444532e+00
2.443000e-05	8.109132e-03	-9.276107e+00
2.444000e-05	8.104330e-03	-9.168842e+00
2.445000e-05	7.070825e-03	-9.020921e+00
2.446000e-05	5.167310e-03	-8.824429e+00
2.447000e-05	6.102701e-03	-8.675566e+00
2.448000e-05	7.462278e-03	-8.487585e+00
2.449000e-05	7.618272e-03	-8.348245e+00
2.450000e-05	6.198113e-03	-8.190320e+00
2.451000e-05	5.106384e-03	-8.003375e+00
2.452000e-05	6.175114e-03	-7.840831e+00
2.453000e-05	6.456047e-03	-7.581450e+00
2.454000e-05	5.059143e-03	-7.411825e+00
2.455000e-05	5.526271e-03	-7.233553e+00
2.456000e-05	4.579683e-03	-7.025029e+00
2.457000e-05	5.149801e-03	-6.812380e+00
2.458000e-05	3.185196e-03	-6.634606e+00
2.459000e-05	3.913935e-03	-6.444557e+00
2.460000e-05	3.973293e-03	-6.224061e+00
2.461000e-05	5.310239e-03	-6.014953e+00
2.462000e-05	2.995441e-03	-5.854504e+00
2.463000e-05	2.728802e-03	-5.642955e+00
2.464000e-05	1.900394e-03	-5.432906e+00
2.465000e-05	1.841969e-03	-5.211849e+00
2.466000e-05	3.071991e-03	-4.910795e+00
2.467000e-05	9.689142e-04	-4.685680e+00
2.468000e-05	1.928821e-03	-4.515690e+00
2.469000e-05	4.176993e-05	-4.296715e+00
2.470000e-05	2.062498e-03	-4.128184e+00
2.471000e-05	-1.841860e-03	-3.909711e+00
2.472000e-05	1.721318e-03	-3.634558e+00
2.473000e-05	-2.027617e-03	-3.445457e+00
2.474000e-05	2.425438e-05	-3.224031e+00
2.475000e-05	-2.296298e-03	-2.992399e+00
2.476000e-05	2.140737e-03	-2.769345e+00
2.477000e-05	-2.062207e-03	-2.478270e+00
2.478000e-05	-2.058111e-03	-2.329794e+00
2.479000e-05	-5.625561e-03	-2.056112e+00
2.480000e-05	-1.653778e-03	-1.844081e+00
2.481000e-05	-3.710866e-03	-1.614430e+00
2.482000e-05	-7.270957e-04	-1.394368e+00
2.483000e-05	-4.333216e-03	-1.129716e+00
2.484000e-05	-1.654956e-03	-9.056894e-01
2.485000e-05	-4.235628e-03	-6.365622e-01
2.486000e-05	-2.461168e-03	-4.127988e-01
2.487000e-05	-4.898233e-03	-2.225540e-01
2.488000e-05	-6.300772e-04	2.113001e-02
2.489000e-05	4.376486e-03	2.997352e-01
2.490000e-05	-4.770216e-03	4.317841e-01
2.491000e-05	3.422967e-03	7.321815e-01
2.492000e-05	-4.270683e-03	8.717815e-01
2.493000e-05	-1.336805e-03	1.143359e+00
2.494000e-05	-3.888139e-03	1.376844e+00
2.495000e-05	3.151673e-03	1.575592e+00
2.496000e-05	2.894090e-02	1.799601e+00
2.497000e-05	8.264629e-02	2.028651e+00
2.498000e-05	-5.210393e-02	2.350784e+00
2.499000e-05	-4.342622e-02	2.543967e+00
2.500000e-05	-3.235648e-02	2.817074e+00
2.501000e-05	-4.686858e-02	2.986421e+00
2.502000e-05	-8.898727e-02	3.125237e+00
2.503000e-05	1.017353e-01	3.281784e+00
2.504000e-05	2.097626e-02	3.574421e+00
2.505000e-05	-1.106987e-01	3.744866e+00
2.506000e-05	1.973542e-01	3.924388e+00
2.507000e-05	-1.352616e-01	4.195599e+00
2.508000e-05	1.149690e-02	4.376524e+00
2.509000e-05	6.928525e-03	4.618075e+00
2.510000e-05	-9.074064e-02	4.877104e+00
2.511000e-05	7.524362e-02	5.133307e+00
2.512000e-05	-2.774292e-02	5.355890e+00
2.513000e-05	1.782158e-02	5.576918e+00
2.514000e-05	-6.193491e-03	5.734967e+00
2.515000e-05	-4.182100e-02	6.007472e+00
2.516000e-05	1.437807e-02	6.166501e+00
2.517000e-05	-4.124717e-02	6.406945e+00
2.518000e-05	3.142195e-02	6.626543e+00
2.519000e-05	-2.195863e-02	6.827999e+00
2.520000e-05	-9.991142e-03	7.006418e+00
2.521000e-05	4.064925e-02	7.176492e+00
2.522000e-05	-7.430573e-02	7.376447e+00
2.523000e-05	2.573193e-02	7.594544e+00
2.524000e-05	-3.447239e-02	7.807050e+00
2.525000e-05	1.020058e-02	7.986999e+00
2.526000e-05	-9.899706e-04	8.165894e+00
2.527000e-05	-1.673331e-02	8.344339e+00
2.528000e-05	1.832783e-03	8.504255e+00
2.529000e-05	-3.449772e-02	8.640078e+00
2.530000e-05	2.060333e-02	8.757520e+00
2.531000e-05	-3.537782e-02	8.903840e+00
2.532000e-05	3.076805e-03	9.142333e+00
2.533000e-05	-1.511751e-02	9.242158e+00
2.534000e-05	-5.589141e-03	9.397971e+00
2.535000e-05	-1.738723e-03	9.544787e+00
2.536000e-05	-2.328133e-02	9.690655e+00
2.537000e-05	-5.685622e-03	9.817973e+00
2.538000e-05	-2.108530e-02	9.955392e+00
2.539000e-05	7.223227e-04	1.012266e+01
2.540000e-05	-1.831698e-02	1.020900e+01
2.541000e-05	-9.562556e-03	1.032517e+01
2.542000e-05	-1.285496e-02	1.043002e+01
2.543000e-05	-7.619017e-03	1.059787e+01
2.544000e-05	-6.694136e-03	1.069056e+01
2.545000e-05	-2.031555e-02	1.082760e+01
2.546000e-05	-1.128775e-02	1.087418e+01
2.547000e-05	-1.469257e-02	1.099742e+01
2.548000e-05	-6.415529e-03	1.108363e+01
2.549000e-05	-1.659949e-02	1.111737e+01
2.550000e-05	-1.293401e-02	1.121061e+01
2.551000e-05	-1.363396e-02	1.132317e+01
2.552000e-05	-1.018024e-02	1.139800e+01
2.553000e-05	-1.372283e-02	1.151071e+01
2.554000e-05	-1.809404e-02	1.156794e+01
2.555000e-05	-1.454008e-02	1.168206e+01
2.556000e-05	-1.139154e-02	1.171323e+01
2.557000e-05	-8.102298e-03	1.175782e+01
2.558000e-05	-1.620305e-02	1.184892e+01
2.559000e-05	-1.795704e-02	1.185095e+01
2.560000e-05	-1.719581e-02	1.188168e+01
2.561000e-05	-1.427098e-02	1.191576e+01
2.562000e-05	-1.467046e-02	1.191632e+01
2.563000e-05	-1.596419e-02	1.195732e+01
2.564000e-05	-1.311570e-02	1.197835e+01
2.565000e-05	-1.274888e-02	1.197087e+01
2.566000e-05	-1.131102e-02	1.202995e+01
2.567000e-05	-1.884194e-02	1.200940e+01
2.568000e-05	-1.853805e-02	1.206093e+01
2.569000e-05	-1.732138e-02	1.202948e+01
2.570000e-05	-1.354657e-02	1.204192e+01
2.571000e-05	-1.456886e-02	1.200040e+01
2.572000e-05	-1.679824e-02	1.196882e+01
2.573000e-05	-1.573631e-02	1.198834e+01
2.574000e-05	-1.599901e-02	1.199682e+01
2.575000e-05	-1.685278e-02	1.191629e+01
2.576000e-05	-1.923076e-02	1.191413e+01
2.577000e-05	-1.850284e-02	1.183208e+01
2.578000e-05	-1.556562e-02	1.182040e+01
2.579000e-05	-1.379441e-02	1.176784e+01
2.580000e-05	-1.711347e-02	1.171516e+01
2.581000e-05	-1.868965e-02	1.164095e+01
2.582000e-05	-1.762971e-02	1.154937e+01
2.583000e-05	-1.599358e-02	1.149358e+01
2.584000e-05	-1.546062e-02	1.139985e+01
2.585000e-05	-1.724774e-02	1.133617e+01
2.586000e-05	-1.607598e-02	1.123195e+01
2.587000e-05	-1.669990e-02	1.113929e+01
2.588000e-05	-1.570449e-02	1.106401e+01
2.589000e-05	-1.568245e-02	1.097990e+01
2.590000e-05	-1.769644e-02	1.091564e+01
2.591000e-05	-1.563537e-02	1.078987e+01
2.592000e-05	-1.578609e-02	1.069516e+01
2.593000e-05	-1.378215e-02	1.056930e+01
2.594000e-05	-1.844467e-02	1.047303e+01
2.595000e-05	-1.570616e-02	1.030619e+01
2.596000e-05	-1.791940e-02	1.018245e+01
2.597000e-05	-1.405960e-02	1.011621e+01
2.598000e-05	-1.478975e-02	9.980342e+00
2.599000e-05	-1.406159e-02	9.833528e+00
2.600000e-05	-2.002737e-02	9.663481e+00
2.601000e-05	-1.717788e-02	9.548791e+00
2.602000e-05	-1.328597e-02	9.420923e+00
2.603000e-05	-1.397308e-02	9.294059e+00
2.604000e-05	-1.830905e-02	9.107215e+00
2.605000e-05	-1.802785e-02	8.951397e+00
2.606000e-05	-1.393907e-02	8.770898e+00
2.607000e-05	-1.256423e-02	8.612004e+00
2.608000e-05	-1.615796e-02	8.484639e+00
2.609000e-05	-1.848212e-02	8.330264e+00
2.610000e-05	-1.599929e-02	8.190324e+00
2.611000e-05	-1.373694e-02	7.939822e+00
2.612000e-05	-1.448698e-02	7.801447e+00
2.613000e-05	-1.683645e-02	7.631951e+00
2.614000e-05	-1.538373e-02	7.422951e+00
2.615000e-05	-1.254383e-02	7.203426e+00
2.616000e-05	-1.162883e-02	7.003478e+00
2.617000e-05	-1.596575e-02	6.833998e+00
2.618000e-05	-1.639288e-02	6.655080e+00
2.619000e-05	-1.462491e-02	6.414002e+00
2.620000e-05	-1.149760e-02	6.244583e+00
2.621000e-05	-1.224278e-02	6.036583e+00
2.622000e-05	-1.343532e-02	5.886007e+00
2.623000e-05	-1.392893e-02	5.623975e+00
2.624000e-05	-1.103895e-02	5.455029e+00
2.625000e-05	-1.121869e-02	5.232975e+00
2.626000e-05	-1.169731e-02	4.918189e+00
2.627000e-05	-1.262961e-02	4.717715e+00
2.628000e-05	-1.061839e-02	4.487239e+00
2.629000e-05	-9.050302e-03	4.318362e+00
2.630000e-05	-1.095166e-02	4.066605e+00
2.631000e-05	-1.284272e-02	3.864608e+00
2.632000e-05	-1.112022e-02	3.644107e+00
2.633000e-05	-8.914116e-03	3.476132e+00
2.634000e-05	-7.682721e-03	3.193003e+00
2.635000e-05	-9.632950e-03	3.012371e+00
2.636000e-05	-9.876862e-03	2.810950e+00
2.637000e-05	-8.363241e-03	2.532271e+00
2.638000e-05	-7.837786e-03	2.297137e+00
2.639000e-05	-8.904857e-03	2.075135e+00
2.640000e-05	-9.032933e-03	1.895188e+00
2.641000e-05	-7.887786e-03	1.614429e+00
2.642000e-05	-5.192672e-03	1.354347e+00
2.643000e-05	-5.372883e-03	1.149265e+00
2.644000e-05	-6.761899e-03	8.651843e-01
2.645000e-05	-7.386788e-03	6.335554e-01
2.646000e-05	-5.664926e-03	4.230290e-01
2.647000e-05	-4.665515e-03	1.723763e-01
2.648000e-05	-5.123572e-03	-4.013519e-02
2.649000e-05	3.852399e-03	-2.707329e-01
2.650000e-05	-2.057700e-04	-4.206541e-01
2.651000e-05	-1.019648e-03	-7.118658e-01
2.652000e-05	-1.185416e-03	-8.917895e-01
2.653000e-05	-3.806737e-03	-1.113812e+00
2.654000e-05	-1.840105e-03	-1.313941e+00
2.655000e-05	-1.876725e-03	-1.586025e+00
2.656000e-05	3.894036e-02	-1.757448e+00
2.657000e-05	9.818378e-02	-1.955918e+00
2.658000e-05	-6.751892e-02	-2.330383e+00
2.659000e-05	-1.847371e-02	-2.679183e+00
2.660000e-05	-3.454132e-02	-2.821129e+00
2.661000e-05	-8.791205e-02	-3.038100e+00
2.662000e-05	1.531726e-02	-3.198524e+00
2.663000e-05	1.443137e-01	-3.293841e+00
2.664000e-05	-1.945493e-01	-3.564444e+00
2.665000e-05	1.810549e-01	-3.795996e+00
2.666000e-05	-1.185495e-02	-3.985972e+00
2.667000e-05	-1.236751e-01	-4.268131e+00
2.668000e-05	1.728077e-01	-4.380026e+00
2.669000e-05	-1.988814e-01	-4.658708e+00
2.670000e-05	8.949879e-02	-4.880686e+00
2.671000e-05	4.463737e-02	-5.049207e+00
2.672000e-05	-6.623594e-02	-5.344971e+00
2.673000e-05	1.489049e-01	-5.597421e+00
2.674000e-05	-1.361763e-01	-5.785396e+00
2.675000e-05	4.698979e-02	-5.975447e+00
2.676000e-05	1.022646e-02	-6.124392e+00
2.677000e-05	-6.168521e-02	-6.436607e+00
2.678000e-05	1.267800e-01	-6.628523e+00
2.679000e-05	-1.426645e-01	-6.757476e+00
2.680000e-05	1.538892e-01	-7.038543e+00
2.681000e-05	-7.550564e-02	-7.237175e+00
2.682000e-05	-5.255227e-03	-7.456976e+00
2.683000e-05	5.571954e-02	-7.596501e+00
2.684000e-05	-9.716792e-02	-7.847100e+00
2.685000e-05	1.385605e-01	-8.026049e+00
2.686000e-05	-9.386683e-02	-8.175947e+00
2.687000e-05	7.928225e-02	-8.345844e+00
2.688000e-05	-5.421564e-02	-8.533261e+00
2.689000e-05	2.166385e-02	-8.711739e+00
2.690000e-05	3.486208e-02	-8.870605e+00
2.691000e-05	-5.123745e-02	-9.047426e+00
2.692000e-05	6.628558e-02	-9.166343e+00
2.693000e-05	-6.286733e-02	-9.301633e+00
2.694000e-05	8.043749e-02	-9.488679e+00
2.695000e-05	-3.809399e-02	-9.629050e+00
2.696000e-05	2.248398e-02	-9.745342e+00
2.697000e-05	-8.817479e-03	-9.850659e+00
2.698000e-05	3.350705e-03	-1.000795e+01
2.699000e-05	2.968956e-02	-1.012524e+01
2.700000e-05	-2.332418e-02	-1.029119e+01
2.701000e-05	2.992852e-02	-1.037800e+01
2.702000e-05	-2.109218e-02	-1.054529e+01
2.703000e-05	4.210225e-02	-1.063066e+01
2.704000e-05	-1.553735e-02	-1.078582e+01
2.705000e-05	1.697756e-02	-1.085015e+01
2.706000e-05	-8.255586e-03	-1.090481e+01
2.707000e-05	1.799183e-02	-1.105908e+01
2.708000e-05	7.148684e-03	-1.115529e+01
2.709000e-05	2.087309e-03	-1.126864e+01
2.710000e-05	9.757457e-03	-1.132682e+01
2.711000e-05	7.031756e-04	-1.146488e+01
2.712000e-05	2.516401e-02	-1.149426e+01
2.713000e-05	-7.118569e-03	-1.160893e+01
2.714000e-05	1.433208e-02	-1.164353e+01
2.715000e-05	-5.239914e-03	-1.178619e+01
2.716000e-05	2.222460e-02	-1.179845e+01
2.717000e-05	5.893321e-03	-1.185098e+01
2.718000e-05	8.288094e-03	-1.192566e+01
2.719000e-05	2.825786e-03	-1.197537e+01
2.720000e-05	6.936105e-03	-1.201200e+01
2.721000e-05	1.357205e-02	-1.203258e+01
2.722000e-05	3.790622e-03	-1.209274e+01
2.723000e-05	1.047351e-02	-1.212521e+01
2.724000e-05	5.838036e-03	-1.208617e+01
2.725000e-05	1.489360e-02	-1.217779e+01
2.726000e-05	7.903268e-03	-1.214485e+01
2.727000e-05	5.336136e-03	-1.216737e+01
2.728000e-05	4.430792e-03	-1.219782e+01
2.729000e-05	1.007788e-02	-1.216827e+01
2.730000e-05	1.116274e-02	-1.216782e+01
2.731000e-05	9.269657e-03	-1.215777e+01
2.732000e-05	6.711753e-03	-1.216524e+01
2.733000e-05	1.052439e-02	-1.215577e+01
2.734000e-05	1.112834e-02	-1.209364e+01
2.735000e-05	9.571398e-03	-1.206411e+01
2.736000e-05	7.281645e-03	-1.201103e+01
2.737000e-05	7.999591e-03	-1.199093e+01
2.738000e-05	1.186719e-02	-1.196680e+01
2.739000e-05	1.083286e-02	-1.192313e+01
2.740000e-05	7.960693e-03	-1.186156e+01
2.741000e-05	6.976459e-03	-1.180942e+01
2.742000e-05	8.872141e-03	-1.175634e+01
2.743000e-05	1.139622e-02	-1.169251e+01
2.744000e-05	8.608021e-03	-1.158772e+01
2.745000e-05	7.867244e-03	-1.149653e+01
2.746000e-05	7.973023e-03	-1.136932e+01
2.747000e-05	9.825218e-03	-1.133571e+01
2.748000e-05	9.346662e-03	-1.120035e+01
2.749000e-05	6.524414e-03	-1.104607e+01
2.750000e-05	6.514252e-03	-1.104785e+01
2.751000e-05	7.651192e-03	-1.087516e+01
2.752000e-05	9.417189e-03	-1.079145e+01
2.753000e-05	7.584259e-03	-1.071671e+01
2.754000e-05	6.956743e-03	-1.060998e+01
2.755000e-05	7.497753e-03	-1.050611e+01
2.756000e-05	8.205744e-03	-1.041047e+01
2.757000e-05	8.829649e-03	-1.025408e+01
2.758000e-05	5.493868e-03	-1.014716e+01
2.759000e-05	6.310509e-03	-9.979347e+00
2.760000e-05	8.101130e-03	-9.844606e+00
2.761000e-05	9.314815e-03	-9.737716e+00
2.762000e-05	7.125986e-03	-9.621327e+00
2.763000e-05	5.802448e-03	-9.463508e+00
2.764000e-05	7.547981e-03	-9.305662e+00
2.765000e-05	7.888818e-03	-9.149343e+00
2.766000e-05	8.277448e-03	-9.002373e+00
2.767000e-05	4.858105e-03	-8.833529e+00
2.768000e-05	5.852373e-03	-8.707586e+00
2.769000e-05	7.573968e-03	-8.496137e+00
2.770000e-05	6.945816e-03	-8.339295e+00
2.771000e-05	6.415534e-03	-8.200918e+00
2.772000e-05	3.702398e-03	-8.012982e+00
2.773000e-05	6.214037e-03	-7.816375e+00
2.774000e-05	6.932229e-03	-7.603378e+00
2.775000e-05	6.511686e-03	-7.382379e+00
2.776000e-05	3.493312e-03	-7.235029e+00
2.777000e-05	4.113125e-03	-7.031484e+00
2.778000e-05	4.094744e-03	-6.811927e+00
2.779000e-05	6.466911e-03	-6.664507e+00
2.780000e-05	3.904454e-03	-6.445108e+00
2.781000e-05	3.311459e-03	-6.235612e+00
2.782000e-05	3.337380e-03	-6.042979e+00
2.783000e-05	3.372216e-03	-5.863533e+00
2.784000e-05	2.629429e-03	-5.654007e+00
2.785000e-05	1.656808e-03	-5.454557e+00
2.786000e-05	1.506594e-03	-5.190848e+00
2.787000e-05	3.712706e-03	-4.909896e+00
2.788000e-05	1.424163e-03	-4.697059e+00
2.789000e-05	2.388845e-03	-4.495717e+00
2.790000e-05	-3.476160e-04	-4.316691e+00
2.791000e-05	2.550744e-03	-4.108190e+00
2.792000e-05	-1.703589e-03	-3.898142e+00
2.793000e-05	1.824698e-03	-3.645533e+00
2.794000e-05	-1.866827e-03	-3.444629e+00
2.795000e-05	6.524678e-04	-3.243033e+00
2.796000e-05	-1.119280e-03	-2.979876e+00
2.797000e-05	1.449786e-03	-2.742299e+00
2.798000e-05	-2.601686e-03	-2.550794e+00
2.799000e-05	-1.941635e-03	-2.347267e+00
2.800000e-05	-4.736502e-03	-2.056060e+00
2.801000e-05	-1.210378e-03	-1.856134e+00
2.802000e-05	-4.585498e-03	-1.634611e+00
2.803000e-05	-7.926405e-04	-1.372900e+00
2.804000e-05	-3.111197e-03	-1.148212e+00
2.805000e-05	-9.985711e-04	-8.776632e-01
2.806000e-05	-4.125665e-03	-6.570647e-01
2.807000e-05	-3.416765e-03	-3.929801e-01
2.808000e-05	-6.013666e-03	-1.628502e-01
2.809000e-05	-2.505804e-04	8.082369e-03
2.810000e-05	4.348694e-03	3.192564e-01
2.811000e-05	-4.186511e-03	4.717316e-01
2.812000e-05	3.834455e-03	6.702089e-01
2.813000e-05	-3.302099e-03	8.407526e-01
2.814000e-05	-4.378515e-04	1.099356e+00
2.815000e-05	-2.896874e-03	1.374868e+00
2.816000e-05	1.705228e-03	1.576493e+00
2.817000e-05	2.751530e-02	1.806578e+00
2.818000e-05	8.187835e-02	2.029181e+00
2.819000e-05	-4.739409e-02	2.310783e+00
2.820000e-05	-4.611720e-02	2.573516e+00
2.821000e-05	-3.179799e-02	2.807574e+00
2.822000e-05	-4.523861e-02	2.996448e+00
2.823000e-05	-8.973636e-02	3.143841e+00
2.824000e-05	9.397685e-02	3.252182e+00
2.825000e-05	3.369057e-02	3.573891e+00
2.826000e-05	-1.217074e-01	3.734390e+00
2.827000e-05	1.991811e-01	3.921841e+00
2.828000e-05	-1.279369e-01	4.215418e+00
2.829000e-05	1.532435e-03	4.368450e+00
2.830000e-05	1.530123e-02	4.596422e+00
2.831000e-05	-9.651996e-02	4.827104e+00
2.832000e-05	7.627792e-02	5.092813e+00
2.833000e-05	-2.524291e-02	5.343395e+00
2.834000e-05	1.541376e-02	5.563867e+00
2.835000e-05	-3.600358e-03	5.776917e+00
2.836000e-05	-4.295008e-02	5.997446e+00
2.837000e-05	1.315639e-02	6.165946e+00
2.838000e-05	-4.111126e-02	6.396999e+00
2.839000e-05	2.850964e-02	6.606472e+00
2.840000e-05	-1.728404e-02	6.807574e+00
2.841000e-05	-1.340396e-02	7.025473e+00
2.842000e-05	4.427519e-02	7.205924e+00
2.843000e-05	-7.459029e-02	7.373915e+00
2.844000e-05	2.262902e-02	7.595493e+00
2.845000e-05	-3.331160e-02	7.756972e+00
2.846000e-05	5.868496e-03	8.014391e+00
2.847000e-05	9.846991e-04	8.196417e+00
2.848000e-05	-1.756348e-02	8.285866e+00
2.849000e-05	4.544757e-03	8.491706e+00
2.850000e-05	-3.591467e-02	8.669600e+00
2.851000e-05	2.113388e-02	8.767418e+00
2.852000e-05	-3.455423e-02	8.945764e+00
2.853000e-05	8.798877e-04	9.113759e+00
2.854000e-05	-1.491404e-02	9.262205e+00
2.855000e-05	-7.137284e-03	9.396947e+00
2.856000e-05	1.466553e-04	9.554740e+00
2.857000e-05	-2.226554e-02	9.652131e+00
2.858000e-05	-4.105418e-03	9.819023e+00
2.859000e-05	-2.103670e-02	9.955841e+00
2.860000e-05	4.483308e-04	1.010426e+01
2.861000e-05	-1.888082e-02	1.020847e+01
2.862000e-05	-1.104488e-02	1.032421e+01
2.863000e-05	-1.313619e-02	1.044002e+01
2.864000e-05	-8.087945e-03	1.054690e+01
2.865000e-05	-6.006996e-03	1.070166e+01
2.866000e-05	-1.813691e-02	1.080849e+01
2.867000e-05	-1.059901e-02	1.089274e+01
2.868000e-05	-1.571217e-02	1.102539e+01
2.869000e-05	-9.679643e-03	1.108116e+01
2.870000e-05	-1.651314e-02	1.114437e+01
2.871000e-05	-1.222390e-02	1.123103e+01
2.872000e-05	-1.138715e-02	1.137424e+01
2.873000e-05	-1.038250e-02	1.142848e+01
2.874000e-05	-1.261855e-02	1.149413e+01
2.875000e-05	-1.749756e-02	1.157692e+01
2.876000e-05	-1.391438e-02	1.164298e+01
2.877000e-05	-1.340924e-02	1.173424e+01
2.878000e-05	-1.039859e-02	1.175642e+01
2.879000e-05	-1.692707e-02	1.183942e+01
2.880000e-05	-1.646636e-02	1.183308e+01
2.881000e-05	-1.560519e-02	1.190259e+01
2.882000e-05	-1.265981e-02	1.194324e+01
2.883000e-05	-1.495265e-02	1.192479e+01
2.884000e-05	-1.493827e-02	1.195737e+01
2.885000e-05	-1.403821e-02	1.197987e+01
2.886000e-05	-1.355355e-02	1.202947e+01
2.887000e-05	-1.303856e-02	1.203950e+01
2.888000e-05	-1.812821e-02	1.202000e+01
2.889000e-05	-1.801460e-02	1.200998e+01
2.890000e-05	-1.579981e-02	1.203095e+01
2.891000e-05	-1.481229e-02	1.201093e+01
2.892000e-05	-1.551582e-02	1.196987e+01
2.893000e-05	-1.705152e-02	1.196089e+01
2.894000e-05	-1.802837e-02	1.193829e+01
2.895000e-05	-1.460129e-02	1.196679e+01
2.896000e-05	-1.810573e-02	1.190474e+01
2.897000e-05	-1.710074e-02	1.185408e+01
2.898000e-05	-1.800650e-02	1.185355e+01
2.899000e-05	-1.502283e-02	1.184100e+01
2.900000e-05	-1.584668e-02	1.177827e+01
2.901000e-05	-1.735265e-02	1.169431e+01
2.902000e-05	-2.014151e-02	1.166258e+01
2.903000e-05	-1.690648e-02	1.162981e+01
2.904000e-05	-1.712641e-02	1.150474e+01
2.905000e-05	-1.282199e-02	1.140130e+01
2.906000e-05	-1.601467e-02	1.132721e+01
2.907000e-05	-1.622249e-02	1.124143e+01
2.908000e-05	-1.584723e-02	1.111824e+01
2.909000e-05	-1.808736e-02	1.104368e+01
2.910000e-05	-1.696664e-02	1.096877e+01
2.911000e-05	-1.937677e-02	1.088466e+01
2.912000e-05	-1.365965e-02	1.081147e+01
2.913000e-05	-1.615940e-02	1.071559e+01
2.914000e-05	-1.286973e-02	1.057992e+01
2.915000e-05	-1.768021e-02	1.045388e+01
2.916000e-05	-1.425274e-02	1.036624e+01
2.917000e-05	-1.708410e-02	1.020188e+01
2.918000e-05	-1.348755e-02	1.007464e+01
2.919000e-05	-1.872645e-02	9.998846e+00
2.920000e-05	-1.549144e-02	9.833025e+00
2.921000e-05	-1.770314e-02	9.674561e+00
2.922000e-05	-1.536481e-02	9.557741e+00
2.923000e-05	-1.583743e-02	9.410942e+00
2.924000e-05	-1.570860e-02	9.275104e+00
2.925000e-05	-1.563865e-02	9.136810e+00
2.926000e-05	-1.495070e-02	8.991370e+00
2.927000e-05	-1.525051e-02	8.799818e+00
2.928000e-05	-1.638848e-02	8.654478e+00
2.929000e-05	-1.642561e-02	8.516082e+00
2.930000e-05	-1.565654e-02	8.319221e+00
2.931000e-05	-1.493013e-02	8.209791e+00
2.932000e-05	-1.391492e-02	7.991002e+00
2.933000e-05	-1.451123e-02	7.792449e+00
2.934000e-05	-1.505483e-02	7.594448e+00
2.935000e-05	-1.352994e-02	7.413950e+00
2.936000e-05	-1.385617e-02	7.243400e+00
2.937000e-05	-1.480022e-02	7.043479e+00
2.938000e-05	-1.430077e-02	6.834530e+00
2.939000e-05	-1.346024e-02	6.616084e+00
2.940000e-05	-1.432009e-02	6.445557e+00
2.941000e-05	-1.260181e-02	6.245028e+00
2.942000e-05	-1.378095e-02	6.044629e+00
2.943000e-05	-1.129335e-02	5.876111e+00
2.944000e-05	-1.262314e-02	5.634010e+00
2.945000e-05	-1.123747e-02	5.445127e+00
2.946000e-05	-1.268450e-02	5.193924e+00
2.947000e-05	-1.186463e-02	4.941865e+00
2.948000e-05	-1.092628e-02	4.718212e+00
2.949000e-05	-1.120974e-02	4.517240e+00
2.950000e-05	-1.066417e-02	4.329789e+00
2.951000e-05	-1.079038e-02	4.056558e+00
2.952000e-05	-1.065305e-02	3.856082e+00
2.953000e-05	-9.147594e-03	3.654104e+00
2.954000e-05	-9.173070e-03	3.466580e+00
2.955000e-05	-1.055658e-02	3.222323e+00
2.956000e-05	-9.571737e-03	3.010371e+00
2.957000e-05	-9.326184e-03	2.791299e+00
2.958000e-05	-7.927286e-03	2.532245e+00
2.959000e-05	-8.995894e-03	2.295663e+00
2.960000e-05	-7.726599e-03	2.067186e+00
2.961000e-05	-8.006242e-03	1.878040e+00
2.962000e-05	-6.526084e-03	1.695053e+00
2.963000e-05	-6.938784e-03	1.382474e+00
2.964000e-05	-6.639678e-03	1.151269e+00
2.965000e-05	-6.890062e-03	8.371829e-01
2.966000e-05	-5.833359e-03	6.256078e-01
2.967000e-05	-5.761285e-03	4.225778e-01
2.968000e-05	-4.345714e-03	1.938004e-01
2.969000e-05	-4.883509e-03	-5.120639e-02
2.970000e-05	3.504216e-03	-2.607303e-01
2.971000e-05	2.022697e-03	-4.396326e-01
2.972000e-05	-1.737148e-03	-7.627896e-01
2.973000e-05	-1.415263e-05	-8.923119e-01
2.974000e-05	-4.266014e-03	-1.101865e+00
2.975000e-05	-1.404967e-03	-1.333366e+00
2.976000e-05	-3.145722e-03	-1.585922e+00
2.977000e-05	3.551954e-02	-1.765372e+00
2.978000e-05	9.867028e-02	-1.984943e+00
2.979000e-05	-6.307555e-02	-2.319291e+00
2.980000e-05	-2.116520e-02	-2.618630e+00
2.981000e-05	-3.127513e-02	-2.837525e+00
2.982000e-05	-8.729850e-02	-3.071232e+00
2.983000e-05	6.093324e-03	-3.186924e+00
2.984000e-05	1.508769e-01	-3.293888e+00
2.985000e-05	-1.918192e-01	-3.584492e+00
2.986000e-05	1.694517e-01	-3.736005e+00
2.987000e-05	6.422242e-03	-3.945901e+00
2.988000e-05	-1.352822e-01	-4.258658e+00
2.989000e-05	1.776547e-01	-4.399026e+00
2.990000e-05	-1.933307e-01	-4.669153e+00
2.991000e-05	7.404892e-02	-4.871687e+00
2.992000e-05	5.688790e-02	-5.049078e+00
2.993000e-05	-7.286080e-02	-5.383469e+00
2.994000e-05	1.523607e-01	-5.607045e+00
2.995000e-05	-1.318750e-01	-5.794547e+00
2.996000e-05	3.477498e-02	-6.016949e+00
2.997000e-05	2.195197e-02	-6.185969e+00
2.998000e-05	-6.975865e-02	-6.448053e+00
2.999000e-05	1.322293e-01	-6.586498e+00
3.000000e-05	-1.440855e-01	-6.795422e+00
3.001000e-05	1.471307e-01	-7.048075e+00
3.002000e-05	-5.966919e-02	-7.197475e+00
3.003000e-05	-1.595762e-02	-7.439025e+00
3.004000e-05	6.226566e-02	-7.576919e+00
3.005000e-05	-1.052824e-01	-7.838549e+00
3.006000e-05	1.395789e-01	-8.007501e+00
3.007000e-05	-8.827577e-02	-8.175447e+00
3.008000e-05	7.293570e-02	-8.353821e+00
3.009000e-05	-4.939734e-02	-8.502281e+00
3.010000e-05	1.337591e-02	-8.691663e+00
3.011000e-05	4.442044e-02	-8.862229e+00
3.012000e-05	-5.565257e-02	-9.006525e+00
3.013000e-05	6.698924e-02	-9.123820e+00
3.014000e-05	-6.432542e-02	-9.282786e+00
3.015000e-05	7.899280e-02	-9.460208e+00
3.016000e-05	-3.392000e-02	-9.587499e+00
3.017000e-05	1.805066e-02	-9.735291e+00
3.018000e-05	-5.399222e-03	-9.850656e+00
3.019000e-05	6.654230e-04	-1.002745e+01
3.020000e-05	3.444594e-02	-1.015477e+01
3.021000e-05	-2.492183e-02	-1.028116e+01
3.022000e-05	2.991686e-02	-1.041000e+01
3.023000e-05	-2.309238e-02	-1.051532e+01
3.024000e-05	4.266558e-02	-1.062008e+01
3.025000e-05	-1.449310e-02	-1.074574e+01
3.026000e-05	1.572924e-02	-1.084963e+01
3.027000e-05	-8.514612e-03	-1.091422e+01
3.028000e-05	1.632510e-02	-1.100903e+01
3.029000e-05	1.003681e-02	-1.115326e+01
3.030000e-05	5.976732e-04	-1.127006e+01
3.031000e-05	9.700129e-03	-1.132374e+01
3.032000e-05	2.519789e-04	-1.142795e+01
3.033000e-05	2.543865e-02	-1.150314e+01
3.034000e-05	-6.083158e-03	-1.159782e+01
3.035000e-05	1.236122e-02	-1.166048e+01
3.036000e-05	-6.932272e-03	-1.175582e+01
3.037000e-05	2.258165e-02	-1.182850e+01
3.038000e-05	9.133760e-03	-1.186161e+01
3.039000e-05	8.134027e-03	-1.195669e+01
3.040000e-05	1.223163e-03	-1.194582e+01
3.041000e-05	6.660189e-03	-1.204055e+01
3.042000e-05	1.556865e-02	-1.207156e+01
3.043000e-05	4.230497e-03	-1.212368e+01
3.044000e-05	7.498421e-03	-1.207611e+01
3.045000e-05	5.003360e-03	-1.213666e+01
3.046000e-05	1.515352e-02	-1.215677e+01
3.047000e-05	1.114276e-02	-1.214730e+01
3.048000e-05	4.459510e-03	-1.217684e+01
3.049000e-05	4.747871e-03	-1.215629e+01
3.050000e-05	9.984311e-03	-1.213835e+01
3.051000e-05	1.340954e-02	-1.216875e+01
3.052000e-05	9.257337e-03	-1.216779e+01
3.053000e-05	4.703778e-03	-1.217524e+01
3.054000e-05	7.971707e-03	-1.212622e+01
3.055000e-05	1.243334e-02	-1.211577e+01
3.056000e-05	1.078037e-02	-1.209311e+01
3.057000e-05	6.385561e-03	-1.203048e+01
3.058000e-05	6.811949e-03	-1.200897e+01
3.059000e-05	1.176720e-02	-1.198627e+01
3.060000e-05	1.257879e-02	-1.188611e+01
3.061000e-05	8.059874e-03	-1.186206e+01
3.062000e-05	6.145620e-03	-1.174845e+01
3.063000e-05	7.826625e-03	-1.173779e+01
3.064000e-05	1.270917e-02	-1.166353e+01
3.065000e-05	1.063411e-02	-1.157780e+01
3.066000e-05	7.728485e-03	-1.145403e+01
3.067000e-05	5.767827e-03	-1.138993e+01
3.068000e-05	8.096671e-03	-1.126409e+01
3.069000e-05	1.101297e-02	-1.119248e+01
3.070000e-05	1.063264e-02	-1.108409e+01
3.071000e-05	6.458426e-03	-1.099025e+01
3.072000e-05	5.076116e-03	-1.090571e+01
3.073000e-05	7.418585e-03	-1.080145e+01
3.074000e-05	1.238009e-02	-1.074772e+01
3.075000e-05	7.702673e-03	-1.062293e+01
3.076000e-05	5.533548e-03	-1.048671e+01
3.077000e-05	5.873689e-03	-1.042093e+01
3.078000e-05	9.762766e-03	-1.022388e+01
3.079000e-05	9.086194e-03	-1.013521e+01
3.080000e-05	5.802611e-03	-9.999795e+00
3.081000e-05	5.723502e-03	-9.885632e+00
3.082000e-05	8.586484e-03	-9.766792e+00
3.083000e-05	9.323600e-03	-9.612404e+00
3.084000e-05	6.786672e-03	-9.463579e+00
3.085000e-05	5.127583e-03	-9.275612e+00
3.086000e-05	7.466838e-03	-9.137819e+00
3.087000e-05	8.435726e-03	-9.031454e+00
3.088000e-05	7.988615e-03	-8.844529e+00
3.089000e-05	4.591122e-03	-8.664636e+00
3.090000e-05	4.952458e-03	-8.505661e+00
3.091000e-05	7.669472e-03	-8.358820e+00
3.092000e-05	7.267847e-03	-8.199848e+00
3.093000e-05	5.659183e-03	-8.032425e+00
3.094000e-05	3.922108e-03	-7.833432e+00
3.095000e-05	5.634832e-03	-7.602830e+00
3.096000e-05	6.296297e-03	-7.421378e+00
3.097000e-05	6.468666e-03	-7.242979e+00
3.098000e-05	3.389624e-03	-7.055007e+00
3.099000e-05	4.332390e-03	-6.824031e+00
3.100000e-05	5.093565e-03	-6.632008e+00
3.101000e-05	5.412004e-03	-6.465086e+00
3.102000e-05	3.554430e-03	-6.265060e+00
3.103000e-05	2.546317e-03	-6.033558e+00
3.104000e-05	3.552768e-03	-5.853536e+00
3.105000e-05	3.410769e-03	-5.673058e+00
3.106000e-05	3.035639e-03	-5.434458e+00
3.107000e-05	7.757449e-04	-5.172423e+00
3.108000e-05	2.215286e-03	-4.982243e+00
3.109000e-05	2.107978e-03	-4.695161e+00
3.110000e-05	2.478000e-03	-4.487185e+00
3.111000e-05	-7.872584e-04	-4.328214e+00
3.112000e-05	1.198885e-03	-4.098191e+00
3.113000e-05	-1.707662e-03	-3.927667e+00
3.114000e-05	2.497884e-03	-3.635532e+00
3.115000e-05	-1.468651e-03	-3.455607e+00
3.116000e-05	2.666509e-04	-3.264532e+00
3.117000e-05	-1.932056e-03	-2.962929e+00
3.118000e-05	2.363944e-03	-2.770769e+00
3.119000e-05	-2.674021e-03	-2.550774e+00
3.120000e-05	-1.781805e-03	-2.359217e+00
3.121000e-05	-5.603000e-03	-2.057637e+00
3.122000e-05	-1.458716e-03	-1.825584e+00
3.123000e-05	-3.820161e-03	-1.626558e+00
3.124000e-05	-6.748481e-04	-1.402873e+00
3.125000e-05	-3.848053e-03	-1.108192e+00
3.126000e-05	-8.770436e-04	-8.867145e-01
3.127000e-05	-3.881603e-03	-6.471384e-01
3.128000e-05	-2.696887e-03	-4.134264e-01
3.129000e-05	-5.881146e-03	-1.914289e-01
3.130000e-05	-8.407853e-04	8.572356e-03
3.131000e-05	6.642919e-03	2.892777e-01
3.132000e-05	-3.501574e-03	4.708064e-01
3.133000e-05	3.997824e-03	6.806800e-01
3.134000e-05	-3.760678e-03	8.411777e-01
3.135000e-05	-4.222566e-04	1.131812e+00
3.136000e-05	-3.891642e-03	1.323361e+00
3.137000e-05	2.799797e-03	1.575967e+00
3.138000e-05	2.613710e-02	1.798078e+00
3.139000e-05	8.304941e-02	2.019622e+00
3.140000e-05	-4.230381e-02	2.280335e+00
3.141000e-05	-4.832412e-02	2.512389e+00
3.142000e-05	-3.223107e-02	2.806547e+00
3.143000e-05	-4.495751e-02	2.966393e+00
3.144000e-05	-9.002027e-02	3.103816e+00
3.145000e-05	8.739078e-02	3.281759e+00
3.146000e-05	4.633765e-02	3.542467e+00
3.147000e-05	-1.308986e-01	3.743888e+00
3.148000e-05	1.998515e-01	3.922864e+00
3.149000e-05	-1.194145e-01	4.174919e+00
3.150000e-05	-8.743234e-03	4.387044e+00
3.151000e-05	2.239795e-02	4.628543e+00
3.152000e-05	-1.010233e-01	4.838581e+00
3.153000e-05	7.517739e-02	5.123304e+00
3.154000e-05	-2.273338e-02	5.332891e+00
3.155000e-05	1.089244e-02	5.566988e+00
3.156000e-05	-1.526677e-03	5.704921e+00
3.157000e-05	-4.328535e-02	6.018471e+00
3.158000e-05	1.456600e-02	6.166491e+00
3.159000e-05	-4.085166e-02	6.426918e+00
3.160000e-05	2.559206e-02	6.605994e+00
3.161000e-05	-1.430093e-02	6.788048e+00
3.162000e-05	-1.870985e-02	6.956445e+00
3.163000e-05	4.744833e-02	7.155844e+00
3.164000e-05	-7.705870e-02	7.344362e+00
3.165000e-05	2.299309e-02	7.545391e+00
3.166000e-05	-2.953929e-02	7.796967e+00
3.167000e-05	3.605846e-03	7.987993e+00
3.168000e-05	3.262761e-03	8.176497e+00
3.169000e-05	-2.050951e-02	8.353867e+00
3.170000e-05	5.681537e-03	8.481730e+00
3.171000e-05	-3.794450e-02	8.648525e+00
3.172000e-05	1.984838e-02	8.747344e+00
3.173000e-05	-3.357527e-02	8.893863e+00
3.174000e-05	9.731027e-04	9.112666e+00
3.175000e-05	-1.211956e-02	9.292630e+00
3.176000e-05	-8.295206e-03	9.426471e+00
3.177000e-05	7.678850e-04	9.502815e+00
3.178000e-05	-2.390949e-02	9.670107e+00
3.179000e-05	-4.864933e-03	9.807450e+00
3.180000e-05	-2.135043e-02	9.956468e+00
3.181000e-05	-8.757440e-04	1.008218e+01
3.182000e-05	-1.691562e-02	1.022795e+01
3.183000e-05	-1.010581e-02	1.031424e+01
3.184000e-05	-1.178281e-02	1.041957e+01
3.185000e-05	-9.430833e-03	1.059484e+01
3.186000e-05	-7.133244e-03	1.067216e+01
3.187000e-05	-1.912499e-02	1.078697e+01
3.188000e-05	-1.151131e-02	1.089123e+01
3.189000e-05	-1.559736e-02	1.098745e+01
3.190000e-05	-6.360426e-03	1.106061e+01
3.191000e-05	-1.722213e-02	1.114634e+01
3.192000e-05	-1.292584e-02	1.127098e+01
3.193000e-05	-1.340408e-02	1.130424e+01
3.194000e-05	-9.083922e-03	1.140950e+01
3.195000e-05	-1.227399e-02	1.151121e+01
3.196000e-05	-1.757738e-02	1.162680e+01
3.197000e-05	-1.451556e-02	1.166058e+01
3.198000e-05	-1.194228e-02	1.168469e+01
3.199000e-05	-8.518047e-03	1.174729e+01
3.200000e-05	-1.635985e-02	1.183000e+01
3.201000e-05	-1.756586e-02	1.186053e+01
3.202000e-05	-1.601422e-02	1.190213e+01
3.203000e-05	-1.267224e-02	1.188481e+01
3.204000e-05	-1.481447e-02	1.194579e+01
3.205000e-05	-1.569803e-02	1.194482e+01
3.206000e-05	-1.483168e-02	1.197930e+01
3.207000e-05	-1.295665e-02	1.199042e+01
3.208000e-05	-1.300625e-02	1.201092e+01
3.209000e-05	-1.730373e-02	1.199945e+01
3.210000e-05	-1.798618e-02	1.203143e+01
3.211000e-05	-1.616549e-02	1.205003e+01
3.212000e-05	-1.417871e-02	1.201995e+01
3.213000e-05	-1.572502e-02	1.202937e+01
3.214000e-05	-1.613830e-02	1.196880e+01
3.215000e-05	-1.790007e-02	1.195877e+01
3.216000e-05	-1.746559e-02	1.193727e+01
3.217000e-05	-1.715048e-02	1.192516e+01
3.218000e-05	-1.705641e-02	1.187468e+01
3.219000e-05	-1.743117e-02	1.182210e+01
3.220000e-05	-1.726118e-02	1.183042e+01
3.221000e-05	-1.691930e-02	1.177934e+01
3.222000e-05	-1.435248e-02	1.171566e+01
3.223000e-05	-1.652723e-02	1.163251e+01
3.224000e-05	-1.857132e-02	1.158129e+01
3.225000e-05	-1.766098e-02	1.147476e+01
3.226000e-05	-1.513691e-02	1.143093e+01
3.227000e-05	-1.506536e-02	1.134767e+01
3.228000e-05	-1.629336e-02	1.125246e+01
3.229000e-05	-1.914118e-02	1.116884e+01
3.230000e-05	-1.653212e-02	1.105356e+01
3.231000e-05	-1.455576e-02	1.098987e+01
3.232000e-05	-1.601308e-02	1.091569e+01
3.233000e-05	-1.686906e-02	1.080790e+01
3.234000e-05	-1.721791e-02	1.069573e+01
3.235000e-05	-1.433197e-02	1.059187e+01
3.236000e-05	-1.640773e-02	1.044260e+01
3.237000e-05	-1.565571e-02	1.029872e+01
3.238000e-05	-1.688379e-02	1.019100e+01
3.239000e-05	-1.495965e-02	1.011711e+01
3.240000e-05	-1.564570e-02	9.961319e+00
3.241000e-05	-1.575661e-02	9.861454e+00
3.242000e-05	-1.747286e-02	9.686987e+00
3.243000e-05	-1.711173e-02	9.547765e+00
3.244000e-05	-1.385985e-02	9.411925e+00
3.245000e-05	-1.533213e-02	9.314057e+00
3.246000e-05	-1.518606e-02	9.178767e+00
3.247000e-05	-1.623330e-02	9.009774e+00
3.248000e-05	-1.485822e-02	8.792376e+00
3.249000e-05	-1.496965e-02	8.652977e+00
3.250000e-05	-1.615492e-02	8.485662e+00
3.251000e-05	-1.701261e-02	8.347766e+00
3.252000e-05	-1.487539e-02	8.191341e+00
3.253000e-05	-1.493863e-02	7.988845e+00
3.254000e-05	-1.432302e-02	7.822376e+00
3.255000e-05	-1.547197e-02	7.625524e+00
3.256000e-05	-1.470131e-02	7.442999e+00
3.257000e-05	-1.243810e-02	7.232503e+00
3.258000e-05	-1.321422e-02	7.033474e+00
3.259000e-05	-1.211401e-02	6.885078e+00
3.260000e-05	-1.598074e-02	6.646083e+00
3.261000e-05	-1.258788e-02	6.433504e+00
3.262000e-05	-1.615191e-02	6.226003e+00
3.263000e-05	-1.184725e-02	6.086585e+00
3.264000e-05	-1.430116e-02	5.896712e+00
3.265000e-05	-1.064103e-02	5.675085e+00
3.266000e-05	-1.018230e-02	5.455605e+00
3.267000e-05	-1.013298e-02	5.214433e+00
3.268000e-05	-1.112308e-02	4.940346e+00
3.269000e-05	-1.341279e-02	4.749292e+00
3.270000e-05	-1.175892e-02	4.518742e+00
3.271000e-05	-1.232140e-02	4.340216e+00
3.272000e-05	-1.051838e-02	4.066133e+00
3.273000e-05	-1.094152e-02	3.875139e+00
3.274000e-05	-8.688312e-03	3.696137e+00
3.275000e-05	-8.642206e-03	3.496083e+00
3.276000e-05	-7.289400e-03	3.192450e+00
3.277000e-05	-1.110741e-02	3.001399e+00
3.278000e-05	-8.843044e-03	2.802474e+00
3.279000e-05	-1.056292e-02	2.549817e+00
3.280000e-05	-7.083216e-03	2.296762e+00
3.281000e-05	-9.152594e-03	2.108161e+00
3.282000e-05	-8.812283e-03	1.917315e+00
3.283000e-05	-8.397261e-03	1.645527e+00
3.284000e-05	-6.008059e-03	1.392975e+00
3.285000e-05	-5.009237e-03	1.181793e+00
3.286000e-05	-7.012630e-03	8.561328e-01
3.287000e-05	-6.317285e-03	6.451577e-01
3.288000e-05	-6.673097e-03	4.340779e-01
3.289000e-05	-3.974903e-03	2.044064e-01
3.290000e-05	-5.533381e-03	-9.661379e-03
3.291000e-05	2.089057e-03	-2.606839e-01
3.292000e-05	3.413701e-04	-4.306777e-01
3.293000e-05	-1.673499e-03	-7.318629e-01
3.294000e-05	4.221957e-04	-8.823117e-01
3.295000e-05	-2.893771e-03	-1.101361e+00
3.296000e-05	-3.033046e-03	-1.291891e+00
3.297000e-05	-1.919154e-03	-1.574924e+00
3.298000e-05	3.379643e-02	-1.754341e+00
3.299000e-05	9.986416e-02	-1.965445e+00
3.300000e-05	-5.976488e-02	-2.330808e+00
3.301000e-05	-2.520652e-02	-2.619253e+00
3.302000e-05	-2.996362e-02	-2.819078e+00
3.303000e-05	-8.380605e-02	-3.069180e+00
3.304000e-05	-2.581086e-03	-3.196450e+00
3.305000e-05	1.558106e-01	-3.292761e+00
3.306000e-05	-1.865199e-01	-3.555819e+00
3.307000e-05	1.577398e-01	-3.795375e+00
3.308000e-05	2.676481e-02	-3.975893e+00
3.309000e-05	-1.474629e-01	-4.249183e+00
3.310000e-05	1.791351e-01	-4.388501e+00
3.311000e-05	-1.866805e-01	-4.658625e+00
3.312000e-05	6.369146e-02	-4.870256e+00
3.313000e-05	6.653323e-02	-5.028706e+00
3.314000e-05	-8.299250e-02	-5.304242e+00
3.315000e-05	1.538842e-01	-5.586950e+00
3.316000e-05	-1.210475e-01	-5.724445e+00
3.317000e-05	2.410875e-02	-5.965974e+00
3.318000e-05	2.882339e-02	-6.154445e+00
3.319000e-05	-7.921271e-02	-6.428102e+00
3.320000e-05	1.377382e-01	-6.616024e+00
3.321000e-05	-1.399504e-01	-6.784449e+00
3.322000e-05	1.389097e-01	-6.997997e+00
3.323000e-05	-5.007863e-02	-7.207027e+00
3.324000e-05	-2.778901e-02	-7.439474e+00
3.325000e-05	7.421928e-02	-7.545971e+00
3.326000e-05	-1.111016e-01	-7.836479e+00
3.327000e-05	1.385735e-01	-8.008030e+00
3.328000e-05	-8.718296e-02	-8.156391e+00
3.329000e-05	6.942047e-02	-8.365393e+00
3.330000e-05	-3.999138e-02	-8.502232e+00
3.331000e-05	4.461636e-03	-8.709239e+00
3.332000e-05	4.905683e-02	-8.838632e+00
3.333000e-05	-5.946296e-02	-9.028523e+00
3.334000e-05	7.140767e-02	-9.144340e+00
3.335000e-05	-6.289868e-02	-9.283112e+00
3.336000e-05	7.405937e-02	-9.449612e+00
3.337000e-05	-3.020005e-02	-9.617452e+00
3.338000e-05	1.436141e-02	-9.755369e+00
3.339000e-05	8.053508e-05	-9.870133e+00
3.340000e-05	-4.312429e-03	-9.987974e+00
3.341000e-05	3.486625e-02	-1.010584e+01
3.342000e-05	-2.585547e-02	-1.029108e+01
3.343000e-05	3.239974e-02	-1.044702e+01
3.344000e-05	-2.226097e-02	-1.055289e+01
3.345000e-05	4.027360e-02	-1.064960e+01
3.346000e-05	-1.382008e-02	-1.073379e+01
3.347000e-05	1.439197e-02	-1.086100e+01
3.348000e-05	-5.867006e-03	-1.093329e+01
3.349000e-05	1.433683e-02	-1.104958e+01
3.350000e-05	1.012045e-02	-1.110326e+01
3.351000e-05	-1.783893e-04	-1.129961e+01
3.352000e-05	1.175800e-02	-1.128426e+01
3.353000e-05	-1.074534e-03	-1.141858e+01
3.354000e-05	2.508437e-02	-1.148123e+01
3.355000e-05	-6.985427e-03	-1.159635e+01
3.356000e-05	1.347203e-02	-1.164103e+01
3.357000e-05	-4.778995e-03	-1.175384e+01
3.358000e-05	2.039954e-02	-1.180795e+01
3.359000e-05	6.971750e-03	-1.187161e+01
3.360000e-05	7.287414e-03	-1.194429e+01
3.361000e-05	4.023484e-03	-1.195789e+01
3.362000e-05	5.817320e-03	-1.201945e+01
3.363000e-05	1.376302e-02	-1.207213e+01
3.364000e-05	3.273814e-03	-1.208318e+01
3.365000e-05	1.025850e-02	-1.213474e+01
3.366000e-05	5.528960e-03	-1.209584e+01
3.367000e-05	1.368769e-02	-1.215579e+01
3.368000e-05	8.134436e-03	-1.216732e+01
3.369000e-05	4.857812e-03	-1.217834e+01
3.370000e-05	5.544519e-03	-1.214632e+01
3.371000e-05	1.032654e-02	-1.217792e+01
3.372000e-05	1.112120e-02	-1.217777e+01
3.373000e-05	9.075474e-03	-1.213689e+01
3.374000e-05	6.463802e-03	-1.215629e+01
3.375000e-05	9.610395e-03	-1.214672e+01
3.376000e-05	1.079828e-02	-1.209426e+01
3.377000e-05	9.291315e-03	-1.207411e+01
3.378000e-05	7.816574e-03	-1.204245e+01
3.379000e-05	7.620923e-03	-1.199045e+01
3.380000e-05	1.208136e-02	-1.196934e+01
3.381000e-05	1.123064e-02	-1.186661e+01
3.382000e-05	8.243343e-03	-1.186100e+01
3.383000e-05	6.096815e-03	-1.181895e+01
3.384000e-05	8.545737e-03	-1.172779e+01
3.385000e-05	1.069882e-02	-1.161300e+01
3.386000e-05	9.087103e-03	-1.156820e+01
3.387000e-05	7.970372e-03	-1.147511e+01
3.388000e-05	7.464558e-03	-1.138780e+01
3.389000e-05	9.584781e-03	-1.131719e+01
3.390000e-05	9.879271e-03	-1.121930e+01
3.391000e-05	6.907724e-03	-1.108511e+01
3.392000e-05	6.471880e-03	-1.099980e+01
3.393000e-05	9.380202e-03	-1.091771e+01
3.394000e-05	9.249933e-03	-1.080151e+01
3.395000e-05	8.005549e-03	-1.071771e+01
3.396000e-05	6.074644e-03	-1.061240e+01
3.397000e-05	8.001764e-03	-1.050469e+01
3.398000e-05	9.091746e-03	-1.039192e+01
3.399000e-05	8.946438e-03	-1.025198e+01
3.400000e-05	5.603743e-03	-1.011662e+01
3.401000e-05	6.372084e-03	-9.979373e+00
3.402000e-05	7.952564e-03	-9.854132e+00
3.403000e-05	8.075813e-03	-9.756194e+00
3.404000e-05	7.357970e-03	-9.632049e+00
3.405000e-05	7.291595e-03	-9.435031e+00
3.406000e-05	6.697727e-03	-9.315658e+00
3.407000e-05	8.379869e-03	-9.149293e+00
3.408000e-05	6.937614e-03	-9.019928e+00
3.409000e-05	5.394265e-03	-8.874008e+00
3.410000e-05	5.778146e-03	-8.645635e+00
3.411000e-05	6.817974e-03	-8.506094e+00
3.412000e-05	7.185362e-03	-8.358294e+00
3.413000e-05	5.412556e-03	-8.210369e+00
3.414000e-05	5.042732e-03	-8.043449e+00
3.415000e-05	5.472115e-03	-7.833401e+00
3.416000e-05	6.010430e-03	-7.620900e+00
3.417000e-05	5.470139e-03	-7.431027e+00
3.418000e-05	3.993739e-03	-7.212004e+00
3.419000e-05	4.129002e-03	-7.084478e+00
3.420000e-05	5.246056e-03	-6.843983e+00
3.421000e-05	4.653080e-03	-6.674584e+00
3.422000e-05	3.491556e-03	-6.475636e+00
3.423000e-05	2.920249e-03	-6.285033e+00
3.424000e-05	3.711651e-03	-6.064032e+00
3.425000e-05	4.360205e-03	-5.844606e+00
3.426000e-05	2.928211e-03	-5.644579e+00
3.427000e-05	2.225641e-03	-5.465106e+00
3.428000e-05	1.813487e-03	-5.211949e+00
3.429000e-05	2.918555e-03	-4.971225e+00
3.430000e-05	1.467760e-03	-4.667663e+00
3.431000e-05	1.247422e-03	-4.516160e+00
3.432000e-05	-2.208751e-04	-4.357716e+00
3.433000e-05	2.040192e-03	-4.126789e+00
3.434000e-05	1.414929e-04	-3.897241e+00
3.435000e-05	1.970717e-03	-3.665507e+00
3.436000e-05	-1.498530e-03	-3.465582e+00
3.437000e-05	3.600679e-04	-3.284082e+00
3.438000e-05	-1.795403e-03	-2.961875e+00
3.439000e-05	1.026940e-03	-2.770873e+00
3.440000e-05	-2.265411e-03	-2.538845e+00
3.441000e-05	-8.585410e-04	-2.338247e+00
3.442000e-05	-4.080283e-03	-2.087636e+00
3.443000e-05	-7.071818e-04	-1.874636e+00
3.444000e-05	-4.280909e-03	-1.685605e+00
3.445000e-05	-3.538873e-04	-1.423933e+00
3.446000e-05	-3.807511e-03	-1.157761e+00
3.447000e-05	-1.075217e-03	-8.851908e-01
3.448000e-05	-3.413154e-03	-7.166631e-01
3.449000e-05	-2.672212e-03	-4.250738e-01
3.450000e-05	-5.852786e-03	-2.019965e-01
3.451000e-05	-1.070809e-03	-2.245040e-02
3.452000e-05	5.797009e-03	2.681339e-01
3.453000e-05	-3.095153e-03	4.816838e-01
3.454000e-05	5.091995e-03	6.506788e-01
3.455000e-05	-3.298279e-03	8.296265e-01
3.456000e-05	-1.191678e-03	1.089913e+00
3.457000e-05	-3.557247e-03	1.344364e+00
3.458000e-05	8.478759e-04	1.534946e+00
3.459000e-05	2.506469e-02	1.807146e+00
3.460000e-05	8.213164e-02	2.009625e+00
3.461000e-05	-3.572278e-02	2.280182e+00
3.462000e-05	-4.936298e-02	2.543389e+00
3.463000e-05	-3.149444e-02	2.806441e+00
3.464000e-05	-4.525176e-02	2.957972e+00
3.465000e-05	-9.071418e-02	3.135315e+00
3.466000e-05	7.926085e-02	3.240784e+00
3.467000e-05	5.831515e-02	3.555843e+00
3.468000e-05	-1.394471e-01	3.723863e+00
3.469000e-05	2.007083e-01	3.923464e+00
3.470000e-05	-1.105330e-01	4.195417e+00
3.471000e-05	-1.700268e-02	4.365471e+00
3.472000e-05	3.205737e-02	4.585599e+00
3.473000e-05	-1.056993e-01	4.849080e+00
3.474000e-05	7.422641e-02	5.090212e+00
3.475000e-05	-1.992387e-02	5.364891e+00
3.476000e-05	8.564735e-03	5.545894e+00
3.477000e-05	1.516810e-03	5.764942e+00
3.478000e-05	-4.497286e-02	5.987019e+00
3.479000e-05	1.393379e-02	6.175920e+00
3.480000e-05	-3.856115e-02	6.355420e+00
3.481000e-05	2.422857e-02	6.535944e+00
3.482000e-05	-9.602166e-03	6.786999e+00
3.483000e-05	-2.431869e-02	6.946997e+00
3.484000e-05	4.959726e-02	7.187446e+00
3.485000e-05	-7.515734e-02	7.315317e+00
3.486000e-05	1.987470e-02	7.565319e+00
3.487000e-05	-2.798163e-02	7.756367e+00
3.488000e-05	9.715092e-04	7.976403e+00
3.489000e-05	7.230251e-03	8.184473e+00
3.490000e-05	-2.213618e-02	8.304342e+00
3.491000e-05	6.884033e-03	8.472161e+00
3.492000e-05	-3.975926e-02	8.629975e+00
3.493000e-05	2.160711e-02	8.745391e+00
3.494000e-05	-3.167860e-02	8.925785e+00
3.495000e-05	-1.648855e-03	9.080633e+00
3.496000e-05	-1.363566e-02	9.271079e+00
3.497000e-05	-8.791064e-03	9.366923e+00
3.498000e-05	3.284140e-03	9.494238e+00
3.499000e-05	-2.450930e-02	9.662179e+00
3.500000e-05	-6.662321e-03	9.838019e+00
3.501000e-05	-2.077995e-02	9.945368e+00
3.502000e-05	1.289328e-03	1.010418e+01
3.503000e-05	-1.555902e-02	1.022744e+01
3.504000e-05	-1.109747e-02	1.029471e+01
3.505000e-05	-1.246652e-02	1.044855e+01
3.506000e-05	-9.655867e-03	1.056685e+01
3.507000e-05	-5.040495e-03	1.065066e+01
3.508000e-05	-1.971628e-02	1.076799e+01
3.509000e-05	-1.331210e-02	1.091416e+01
3.510000e-05	-1.497230e-02	1.096737e+01
3.511000e-05	-6.855748e-03	1.106161e+01
3.512000e-05	-1.517842e-02	1.112584e+01
3.513000e-05	-1.479095e-02	1.120845e+01
3.514000e-05	-1.247781e-02	1.134476e+01
3.515000e-05	-9.883034e-03	1.138790e+01
3.516000e-05	-1.241649e-02	1.153263e+01
3.517000e-05	-1.857305e-02	1.157787e+01
3.518000e-05	-1.627369e-02	1.167058e+01
3.519000e-05	-1.151388e-02	1.175321e+01
3.520000e-05	-6.720499e-03	1.175835e+01
3.521000e-05	-1.454716e-02	1.179998e+01
3.522000e-05	-1.726815e-02	1.185161e+01
3.523000e-05	-1.825039e-02	1.191266e+01
3.524000e-05	-1.337646e-02	1.190526e+01
3.525000e-05	-1.520167e-02	1.192622e+01
3.526000e-05	-1.546431e-02	1.196637e+01
3.527000e-05	-1.413237e-02	1.200785e+01
3.528000e-05	-1.297198e-02	1.199942e+01
3.529000e-05	-1.123162e-02	1.201995e+01
3.530000e-05	-1.886437e-02	1.202790e+01
3.531000e-05	-1.871226e-02	1.202198e+01
3.532000e-05	-1.763050e-02	1.205997e+01
3.533000e-05	-1.310392e-02	1.202140e+01
3.534000e-05	-1.560671e-02	1.201037e+01
3.535000e-05	-1.739407e-02	1.195890e+01
3.536000e-05	-1.696390e-02	1.197731e+01
3.537000e-05	-1.483031e-02	1.195629e+01
3.538000e-05	-1.673179e-02	1.193518e+01
3.539000e-05	-1.864733e-02	1.190366e+01
3.540000e-05	-1.973562e-02	1.184305e+01
3.541000e-05	-1.613011e-02	1.181045e+01
3.542000e-05	-1.490305e-02	1.176829e+01
3.543000e-05	-1.699227e-02	1.169518e+01
3.544000e-05	-1.870522e-02	1.163111e+01
3.545000e-05	-1.769912e-02	1.158782e+01
3.546000e-05	-1.645582e-02	1.152561e+01
3.547000e-05	-1.506002e-02	1.140045e+01
3.548000e-05	-1.843989e-02	1.131624e+01
3.549000e-05	-1.699779e-02	1.126350e+01
3.550000e-05	-1.638992e-02	1.114877e+01
3.551000e-05	-1.454513e-02	1.109458e+01
3.552000e-05	-1.542994e-02	1.097035e+01
3.553000e-05	-1.788419e-02	1.093466e+01
3.554000e-05	-1.575539e-02	1.083148e+01
3.555000e-05	-1.574798e-02	1.069519e+01
3.556000e-05	-1.574479e-02	1.059185e+01
3.557000e-05	-1.865063e-02	1.045346e+01
3.558000e-05	-1.672557e-02	1.035824e+01
3.559000e-05	-1.500249e-02	1.020150e+01
3.560000e-05	-1.407234e-02	1.014516e+01
3.561000e-05	-1.571602e-02	9.970892e+00
3.562000e-05	-1.615602e-02	9.832505e+00
3.563000e-05	-1.667094e-02	9.688012e+00
3.564000e-05	-1.496488e-02	9.569339e+00
3.565000e-05	-1.527057e-02	9.401400e+00
3.566000e-05	-1.716702e-02	9.284558e+00
3.567000e-05	-1.771381e-02	9.178165e+00
3.568000e-05	-1.459690e-02	8.960396e+00
3.569000e-05	-1.369464e-02	8.809425e+00
3.570000e-05	-1.494937e-02	8.675079e+00
3.571000e-05	-1.664057e-02	8.515160e+00
3.572000e-05	-1.459521e-02	8.367889e+00
3.573000e-05	-1.465939e-02	8.140801e+00
3.574000e-05	-1.449931e-02	8.040845e+00
3.575000e-05	-1.731599e-02	7.811973e+00
3.576000e-05	-1.579005e-02	7.643555e+00
3.577000e-05	-1.418740e-02	7.412478e+00
3.578000e-05	-1.297772e-02	7.242978e+00
3.579000e-05	-1.352232e-02	7.043454e+00
3.580000e-05	-1.375806e-02	6.855053e+00
3.581000e-05	-1.294396e-02	6.665133e+00
3.582000e-05	-1.296196e-02	6.432503e+00
3.583000e-05	-1.311698e-02	6.234533e+00
3.584000e-05	-1.423369e-02	6.105656e+00
3.585000e-05	-1.340294e-02	5.887211e+00
3.586000e-05	-1.213818e-02	5.686028e+00
3.587000e-05	-1.060649e-02	5.434983e+00
3.588000e-05	-1.221094e-02	5.225502e+00
3.589000e-05	-1.115351e-02	4.931749e+00
3.590000e-05	-1.138813e-02	4.748795e+00
3.591000e-05	-9.648905e-03	4.528238e+00
3.592000e-05	-1.092768e-02	4.370842e+00
3.593000e-05	-1.172299e-02	4.126162e+00
3.594000e-05	-1.106121e-02	3.845581e+00
3.595000e-05	-9.897122e-03	3.666213e+00
3.596000e-05	-8.775255e-03	3.486557e+00
3.597000e-05	-9.923242e-03	3.203900e+00
3.598000e-05	-8.666617e-03	3.022953e+00
3.599000e-05	-8.362457e-03	2.813400e+00
3.600000e-05	-7.004596e-03	2.612316e+00
3.601000e-05	-8.778462e-03	2.348217e+00
3.602000e-05	-8.955657e-03	2.107209e+00
3.603000e-05	-8.451434e-03	1.897708e+00
3.604000e-05	-6.613311e-03	1.667955e+00
3.605000e-05	-6.657743e-03	1.413426e+00
3.606000e-05	-6.532528e-03	1.172316e+00
3.607000e-05	-6.925855e-03	8.992117e-01
3.608000e-05	-5.513472e-03	6.651554e-01
3.609000e-05	-5.638334e-03	4.151564e-01
3.610000e-05	-5.305916e-03	2.329275e-01
3.611000e-05	-4.668994e-03	1.134238e-02
3.612000e-05	3.097996e-03	-2.286553e-01
3.613000e-05	2.158959e-03	-4.081326e-01
3.614000e-05	-3.270000e-03	-7.212357e-01
3.615000e-05	-1.056583e-03	-8.817857e-01
3.616000e-05	-3.617846e-03	-1.102812e+00
3.617000e-05	-1.439948e-03	-1.292338e+00
3.618000e-05	-3.036738e-03	-1.564946e+00
3.619000e-05	3.156482e-02	-1.755468e+00
3.620000e-05	9.970181e-02	-1.945342e+00
3.621000e-05	-5.511143e-02	-2.330337e+00
3.622000e-05	-2.623844e-02	-2.617655e+00
3.623000e-05	-2.773151e-02	-2.830080e+00
3.624000e-05	-8.354873e-02	-3.007178e+00
3.625000e-05	-1.251202e-02	-3.157429e+00
3.626000e-05	1.599442e-01	-3.273237e+00
3.627000e-05	-1.808939e-01	-3.563393e+00
3.628000e-05	1.453853e-01	-3.773915e+00
3.629000e-05	4.569619e-02	-3.983953e+00
3.630000e-05	-1.550338e-01	-4.249155e+00
3.631000e-05	1.830818e-01	-4.408000e+00
3.632000e-05	-1.786303e-01	-4.638125e+00
3.633000e-05	4.835502e-02	-4.869184e+00
3.634000e-05	7.800136e-02	-5.028130e+00
3.635000e-05	-8.733472e-02	-5.342838e+00
3.636000e-05	1.541140e-01	-5.574921e+00
3.637000e-05	-1.158712e-01	-5.784368e+00
3.638000e-05	1.344938e-02	-5.976499e+00
3.639000e-05	3.946057e-02	-6.124416e+00
3.640000e-05	-8.577899e-02	-6.397573e+00
3.641000e-05	1.391850e-01	-6.568571e+00
3.642000e-05	-1.379643e-01	-6.755921e+00
3.643000e-05	1.304265e-01	-7.006998e+00
3.644000e-05	-3.743518e-02	-7.215501e+00
3.645000e-05	-3.978202e-02	-7.439075e+00
3.646000e-05	8.270171e-02	-7.576919e+00
3.647000e-05	-1.156291e-01	-7.816974e+00
3.648000e-05	1.372580e-01	-7.989001e+00
3.649000e-05	-8.088689e-02	-8.145867e+00
3.650000e-05	6.317240e-02	-8.335816e+00
3.651000e-05	-3.091119e-02	-8.511660e+00
3.652000e-05	-3.202518e-03	-8.670162e+00
3.653000e-05	5.486867e-02	-8.829682e+00
3.654000e-05	-6.338611e-02	-9.007997e+00
3.655000e-05	7.030065e-02	-9.135788e+00
3.656000e-05	-6.175558e-02	-9.313732e+00
3.657000e-05	7.072019e-02	-9.468061e+00
3.658000e-05	-2.552303e-02	-9.578098e+00
3.659000e-05	1.095906e-02	-9.715417e+00
3.660000e-05	6.270722e-03	-9.860557e+00
3.661000e-05	-7.344038e-03	-1.001695e+01
3.662000e-05	3.632640e-02	-1.014371e+01
3.663000e-05	-2.886381e-02	-1.026961e+01
3.664000e-05	3.326781e-02	-1.041745e+01
3.665000e-05	-2.044796e-02	-1.054579e+01
3.666000e-05	3.979482e-02	-1.065055e+01
3.667000e-05	-1.288709e-02	-1.073532e+01
3.668000e-05	1.374306e-02	-1.084003e+01
3.669000e-05	-3.272416e-03	-1.095529e+01
3.670000e-05	1.261701e-02	-1.103048e+01
3.671000e-05	1.109952e-02	-1.115377e+01
3.672000e-05	-1.921563e-03	-1.123755e+01
3.673000e-05	1.376572e-02	-1.133629e+01
3.674000e-05	-1.972319e-03	-1.142800e+01
3.675000e-05	2.428878e-02	-1.152359e+01
3.676000e-05	-8.226187e-03	-1.159644e+01
3.677000e-05	1.318784e-02	-1.171213e+01
3.678000e-05	-3.440015e-03	-1.169434e+01
3.679000e-05	2.029031e-02	-1.181842e+01
3.680000e-05	8.017723e-03	-1.188058e+01
3.681000e-05	5.768050e-03	-1.191222e+01
3.682000e-05	4.738424e-03	-1.196382e+01
3.683000e-05	4.779953e-03	-1.203998e+01
3.684000e-05	1.307700e-02	-1.205153e+01
3.685000e-05	2.012824e-03	-1.207358e+01
3.686000e-05	1.075228e-02	-1.211373e+01
3.687000e-05	6.446755e-03	-1.211574e+01
3.688000e-05	1.535434e-02	-1.213732e+01
3.689000e-05	8.473992e-03	-1.211684e+01
3.690000e-05	3.214706e-03	-1.216734e+01
3.691000e-05	4.201793e-03	-1.216785e+01
3.692000e-05	1.168064e-02	-1.217882e+01
3.693000e-05	1.196068e-02	-1.216834e+01
3.694000e-05	8.045472e-03	-1.216584e+01
3.695000e-05	5.576378e-03	-1.215571e+01
3.696000e-05	1.058646e-02	-1.213432e+01
3.697000e-05	1.188005e-02	-1.213516e+01
3.698000e-05	8.430902e-03	-1.208461e+01
3.699000e-05	5.316738e-03	-1.205946e+01
3.700000e-05	8.546899e-03	-1.197952e+01
3.701000e-05	1.288509e-02	-1.197835e+01
3.702000e-05	1.188904e-02	-1.192313e+01
3.703000e-05	7.291279e-03	-1.184356e+01
3.704000e-05	5.967913e-03	-1.181942e+01
3.705000e-05	9.371843e-03	-1.172864e+01
3.706000e-05	1.124268e-02	-1.164398e+01
3.707000e-05	7.896834e-03	-1.161984e+01
3.708000e-05	6.402987e-03	-1.147408e+01
3.709000e-05	8.191464e-03	-1.143940e+01
3.710000e-05	1.122801e-02	-1.130421e+01
3.711000e-05	9.694687e-03	-1.121150e+01
3.712000e-05	6.561670e-03	-1.111461e+01
3.713000e-05	6.172746e-03	-1.099197e+01
3.714000e-05	9.028452e-03	-1.087567e+01
3.715000e-05	9.437880e-03	-1.083193e+01
3.716000e-05	7.665402e-03	-1.073569e+01
3.717000e-05	5.672529e-03	-1.063145e+01
3.718000e-05	8.447507e-03	-1.055681e+01
3.719000e-05	1.033332e-02	-1.039038e+01
3.720000e-05	8.650896e-03	-1.024355e+01
3.721000e-05	6.779074e-03	-1.014614e+01
3.722000e-05	5.832208e-03	-1.001082e+01
3.723000e-05	8.188460e-03	-9.875107e+00
3.724000e-05	8.001292e-03	-9.727299e+00
3.725000e-05	7.156607e-03	-9.628478e+00
3.726000e-05	4.655793e-03	-9.474584e+00
3.727000e-05	6.973158e-03	-9.329115e+00
3.728000e-05	9.436766e-03	-9.148771e+00
3.729000e-05	7.964065e-03	-9.020978e+00
3.730000e-05	4.762342e-03	-8.835110e+00
3.731000e-05	5.201380e-03	-8.667209e+00
3.732000e-05	7.498198e-03	-8.546190e+00
3.733000e-05	7.138840e-03	-8.328294e+00
3.734000e-05	4.975913e-03	-8.202299e+00
3.735000e-05	4.456103e-03	-8.042455e+00
3.736000e-05	5.173347e-03	-7.843427e+00
3.737000e-05	6.531753e-03	-7.614478e+00
3.738000e-05	5.506028e-03	-7.442878e+00
3.739000e-05	3.454709e-03	-7.274031e+00
3.740000e-05	3.405030e-03	-7.034583e+00
3.741000e-05	4.845214e-03	-6.852977e+00
3.742000e-05	5.511176e-03	-6.665008e+00
3.743000e-05	3.539049e-03	-6.506083e+00
3.744000e-05	2.576655e-03	-6.277586e+00
3.745000e-05	3.782080e-03	-6.043531e+00
3.746000e-05	4.732702e-03	-5.874081e+00
3.747000e-05	1.269949e-03	-5.652933e+00
3.748000e-05	3.073707e-03	-5.436106e+00
3.749000e-05	-1.730238e-03	-5.213420e+00
3.750000e-05	4.950733e-03	-4.982368e+00
3.751000e-05	-6.123703e-04	-4.685690e+00
3.752000e-05	4.079273e-03	-4.507166e+00
3.753000e-05	-4.389791e-04	-4.337815e+00
3.754000e-05	4.879355e-03	-4.128245e+00
3.755000e-05	-9.739038e-04	-3.887721e+00
3.756000e-05	9.360584e-04	-3.685682e+00
3.757000e-05	-4.153277e-03	-3.486136e+00
3.758000e-05	-1.640029e-03	-3.254504e+00
3.759000e-05	-1.812373e-03	-3.013403e+00
3.760000e-05	1.417688e-03	-2.789872e+00
3.761000e-05	-2.034133e-04	-2.570847e+00
3.762000e-05	6.633184e-04	-2.381219e+00
3.763000e-05	-1.612359e-03	-2.067709e+00
3.764000e-05	-3.303541e-03	-1.895562e+00
3.765000e-05	-5.804134e-03	-1.665583e+00
3.766000e-05	-4.504970e-03	-1.394428e+00
3.767000e-05	-3.540133e-03	-1.160293e+00
3.768000e-05	-1.323839e-03	-9.182185e-01
3.769000e-05	-2.206057e-03	-6.791821e-01
3.770000e-05	-2.416810e-03	-3.945027e-01
3.771000e-05	-3.822768e-03	-1.829767e-01
3.772000e-05	3.180377e-04	-2.951635e-03
3.773000e-05	6.278489e-03	2.681802e-01
3.774000e-05	-4.652607e-03	4.421327e-01
3.775000e-05	1.807303e-03	6.806763e-01
3.776000e-05	-2.584339e-03	8.705773e-01
3.777000e-05	-4.920187e-04	1.069763e+00
3.778000e-05	-2.146893e-03	1.353317e+00
3.779000e-05	3.529491e-04	1.552443e+00
3.780000e-05	2.631422e-02	1.767523e+00
3.781000e-05	8.258664e-02	2.018096e+00
3.782000e-05	-2.996652e-02	2.269710e+00
3.783000e-05	-5.312699e-02	2.484314e+00
3.784000e-05	-3.054935e-02	2.788544e+00
3.785000e-05	-4.285320e-02	2.956468e+00
3.786000e-05	-9.100963e-02	3.125791e+00
3.787000e-05	6.918173e-02	3.251661e+00
3.788000e-05	6.814439e-02	3.595414e+00
3.789000e-05	-1.449568e-01	3.733766e+00
3.790000e-05	1.990874e-01	3.901818e+00
3.791000e-05	-1.004080e-01	4.154499e+00
3.792000e-05	-2.809768e-02	4.384000e+00
3.793000e-05	4.189032e-02	4.595947e+00
3.794000e-05	-1.085658e-01	4.798578e+00
3.795000e-05	7.103829e-02	5.068734e+00
3.796000e-05	-1.974878e-02	5.343417e+00
3.797000e-05	5.366294e-03	5.594915e+00
3.798000e-05	5.669125e-03	5.734917e+00
3.799000e-05	-4.426722e-02	5.995947e+00
3.800000e-05	1.292597e-02	6.155447e+00
3.801000e-05	-3.686911e-02	6.375345e+00
3.802000e-05	2.182221e-02	6.513945e+00
3.803000e-05	-4.552765e-03	6.785973e+00
3.804000e-05	-3.042921e-02	6.956893e+00
3.805000e-05	4.938851e-02	7.134420e+00
3.806000e-05	-7.535964e-02	7.333892e+00
3.807000e-05	1.881255e-02	7.554415e+00
3.808000e-05	-2.352804e-02	7.745918e+00
3.809000e-05	-7.848586e-04	7.993945e+00
3.810000e-05	9.276146e-03	8.163897e+00
3.811000e-05	-2.369348e-02	8.343888e+00
3.812000e-05	7.154278e-03	8.461208e+00
3.813000e-05	-4.110649e-02	8.637499e+00
3.814000e-05	1.850938e-02	8.775942e+00
3.815000e-05	-3.106350e-02	8.903736e+00
3.816000e-05	-1.325180e-03	9.109184e+00
3.817000e-05	-1.013600e-02	9.259103e+00
3.818000e-05	-1.063480e-02	9.387948e+00
3.819000e-05	1.972089e-03	9.524285e+00
3.820000e-05	-2.441569e-02	9.660103e+00
3.821000e-05	-4.918621e-03	9.797527e+00
3.822000e-05	-2.250742e-02	9.963842e+00
3.823000e-05	-2.530764e-03	1.011221e+01
3.824000e-05	-1.489460e-02	1.017790e+01
3.825000e-05	-8.128037e-03	1.032226e+01
3.826000e-05	-1.015533e-02	1.042905e+01
3.827000e-05	-1.158519e-02	1.055582e+01
3.828000e-05	-7.385952e-03	1.066213e+01
3.829000e-05	-1.877951e-02	1.078692e+01
3.830000e-05	-1.099237e-02	1.087366e+01
3.831000e-05	-1.518484e-02	1.098589e+01
3.832000e-05	-9.053734e-03	1.106121e+01
3.833000e-05	-1.469812e-02	1.116427e+01
3.834000e-05	-1.141786e-02	1.123948e+01
3.835000e-05	-1.242221e-02	1.132426e+01
3.836000e-05	-1.132629e-02	1.141693e+01
3.837000e-05	-1.360821e-02	1.149169e+01
3.838000e-05	-1.729858e-02	1.157682e+01
3.839000e-05	-1.491240e-02	1.167208e+01
3.840000e-05	-1.344086e-02	1.171528e+01
3.841000e-05	-8.266442e-03	1.177687e+01
3.842000e-05	-1.418142e-02	1.180842e+01
3.843000e-05	-1.524673e-02	1.187058e+01
3.844000e-05	-1.689968e-02	1.188318e+01
3.845000e-05	-1.296530e-02	1.191522e+01
3.846000e-05	-1.616955e-02	1.195531e+01
3.847000e-05	-1.464628e-02	1.195677e+01
3.848000e-05	-1.593050e-02	1.197784e+01
3.849000e-05	-1.387805e-02	1.196934e+01
3.850000e-05	-1.287158e-02	1.201793e+01
3.851000e-05	-1.516946e-02	1.201002e+01
3.852000e-05	-1.733424e-02	1.200993e+01
3.853000e-05	-1.660176e-02	1.200837e+01
3.854000e-05	-1.476511e-02	1.203997e+01
3.855000e-05	-1.531606e-02	1.198790e+01
3.856000e-05	-1.677218e-02	1.197832e+01
3.857000e-05	-1.649324e-02	1.194829e+01
3.858000e-05	-1.655492e-02	1.194627e+01
3.859000e-05	-1.721913e-02	1.191373e+01
3.860000e-05	-1.861120e-02	1.186416e+01
3.861000e-05	-1.640846e-02	1.182355e+01
3.862000e-05	-1.522916e-02	1.181890e+01
3.863000e-05	-1.544331e-02	1.176682e+01
3.864000e-05	-1.825277e-02	1.171571e+01
3.865000e-05	-1.804255e-02	1.165150e+01
3.866000e-05	-1.738037e-02	1.156732e+01
3.867000e-05	-1.627762e-02	1.149411e+01
3.868000e-05	-1.583583e-02	1.144293e+01
3.869000e-05	-1.740774e-02	1.135621e+01
3.870000e-05	-1.598241e-02	1.122300e+01
3.871000e-05	-1.637333e-02	1.114681e+01
3.872000e-05	-1.754625e-02	1.105363e+01
3.873000e-05	-1.793980e-02	1.099990e+01
3.874000e-05	-1.731175e-02	1.093566e+01
3.875000e-05	-1.496606e-02	1.080198e+01
3.876000e-05	-1.562900e-02	1.073623e+01
3.877000e-05	-1.581768e-02	1.057992e+01
3.878000e-05	-1.650258e-02	1.050650e+01
3.879000e-05	-1.504236e-02	1.034679e+01
3.880000e-05	-1.566422e-02	1.022202e+01
3.881000e-05	-1.693522e-02	1.007614e+01
3.882000e-05	-1.832000e-02	1.001034e+01
3.883000e-05	-1.685001e-02	9.863007e+00
3.884000e-05	-1.545539e-02	9.697082e+00
3.885000e-05	-1.451549e-02	9.547741e+00
3.886000e-05	-1.512887e-02	9.411978e+00
3.887000e-05	-1.599059e-02	9.295087e+00
3.888000e-05	-1.483152e-02	9.127742e+00
3.889000e-05	-1.687365e-02	8.972345e+00
3.890000e-05	-1.766776e-02	8.832423e+00
3.891000e-05	-1.742065e-02	8.623031e+00
3.892000e-05	-1.494357e-02	8.516114e+00
3.893000e-05	-1.346482e-02	8.358846e+00
3.894000e-05	-1.418557e-02	8.190849e+00
3.895000e-05	-1.324708e-02	7.989899e+00
3.896000e-05	-1.471290e-02	7.833426e+00
3.897000e-05	-1.459603e-02	7.602548e+00
3.898000e-05	-1.662958e-02	7.473408e+00
3.899000e-05	-1.614822e-02	7.232924e+00
3.900000e-05	-1.512315e-02	7.013504e+00
3.901000e-05	-1.122462e-02	6.864082e+00
3.902000e-05	-1.149259e-02	6.645557e+00
3.903000e-05	-1.142830e-02	6.453001e+00
3.904000e-05	-1.369917e-02	6.284581e+00
3.905000e-05	-1.247879e-02	6.095608e+00
3.906000e-05	-1.335914e-02	5.926215e+00
3.907000e-05	-1.322100e-02	5.674580e+00
3.908000e-05	-1.418759e-02	5.435078e+00
3.909000e-05	-1.096009e-02	5.244433e+00
3.910000e-05	-9.941581e-03	4.950394e+00
3.911000e-05	-9.767142e-03	4.747218e+00
3.912000e-05	-1.120339e-02	4.567792e+00
3.913000e-05	-1.079069e-02	4.370291e+00
3.914000e-05	-1.131700e-02	4.118665e+00
3.915000e-05	-9.965242e-03	3.906737e+00
3.916000e-05	-1.081976e-02	3.664684e+00
3.917000e-05	-9.770242e-03	3.515035e+00
3.918000e-05	-9.645224e-03	3.243475e+00
3.919000e-05	-7.952379e-03	3.012899e+00
3.920000e-05	-7.866122e-03	2.802404e+00
3.921000e-05	-9.200083e-03	2.582320e+00
3.922000e-05	-7.743711e-03	2.307716e+00
3.923000e-05	-8.218653e-03	2.117162e+00
3.924000e-05	-7.440703e-03	1.898690e+00
3.925000e-05	-8.316759e-03	1.627083e+00
3.926000e-05	-7.572058e-03	1.415453e+00
3.927000e-05	-6.459303e-03	1.163399e+00
3.928000e-05	-6.090313e-03	9.075842e-01
3.929000e-05	-6.085703e-03	6.661345e-01
3.930000e-05	-6.262792e-03	4.541328e-01
3.931000e-05	-5.228109e-03	2.645013e-01
3.932000e-05	-4.770028e-03	-1.915513e-02
3.933000e-05	2.118374e-03	-2.286051e-01
3.934000e-05	2.392354e-03	-4.106552e-01
3.935000e-05	-3.421468e-03	-7.182330e-01
3.936000e-05	8.656009e-04	-8.927642e-01
3.937000e-05	-4.402725e-03	-1.092811e+00
3.938000e-05	-1.832629e-03	-1.283366e+00
3.939000e-05	-4.744336e-03	-1.564370e+00
3.940000e-05	2.845772e-02	-1.754842e+00
3.941000e-05	1.004694e-01	-1.913363e+00
3.942000e-05	-4.989016e-02	-2.318386e+00
3.943000e-05	-2.888243e-02	-2.597080e+00
3.944000e-05	-2.584021e-02	-2.810076e+00
3.945000e-05	-8.110446e-02	-3.006598e+00
3.946000e-05	-2.044937e-02	-3.175525e+00
3.947000e-05	1.627179e-01	-3.283764e+00
3.948000e-05	-1.734988e-01	-3.534367e+00
3.949000e-05	1.323276e-01	-3.754896e+00
3.950000e-05	6.305659e-02	-3.963421e+00
3.951000e-05	-1.631002e-01	-4.260128e+00
3.952000e-05	1.845585e-01	-4.377978e+00
3.953000e-05	-1.703883e-01	-4.647124e+00
3.954000e-05	3.350085e-02	-4.840658e+00
3.955000e-05	8.769834e-02	-5.038630e+00
3.956000e-05	-9.136069e-02	-5.351870e+00
3.957000e-05	1.543830e-01	-5.586520e+00
3.958000e-05	-1.088837e-01	-5.713442e+00
3.959000e-05	1.451489e-03	-5.956446e+00
3.960000e-05	4.959360e-02	-6.145467e+00
3.961000e-05	-9.027817e-02	-6.436078e+00
3.962000e-05	1.410762e-01	-6.547392e+00
3.963000e-05	-1.345777e-01	-6.776365e+00
3.964000e-05	1.210989e-01	-7.004998e+00
3.965000e-05	-2.250596e-02	-7.174475e+00
3.966000e-05	-5.034658e-02	-7.427478e+00
3.967000e-05	8.885127e-02	-7.535872e+00
3.968000e-05	-1.213826e-01	-7.766574e+00
3.969000e-05	1.367916e-01	-8.016499e+00
3.970000e-05	-7.333163e-02	-8.143918e+00
3.971000e-05	5.621911e-02	-8.333770e+00
3.972000e-05	-2.435759e-02	-8.469635e+00
3.973000e-05	-1.103324e-02	-8.692283e+00
3.974000e-05	6.328985e-02	-8.870078e+00
3.975000e-05	-6.638540e-02	-9.007396e+00
3.976000e-05	7.100040e-02	-9.112768e+00
3.977000e-05	-6.240259e-02	-9.272732e+00
3.978000e-05	6.859146e-02	-9.438630e+00
3.979000e-05	-1.938327e-02	-9.607999e+00
3.980000e-05	6.079788e-03	-9.743817e+00
3.981000e-05	7.079305e-03	-9.850080e+00
3.982000e-05	-1.115618e-02	-9.986496e+00
3.983000e-05	4.097911e-02	-1.010469e+01
3.984000e-05	-2.860528e-02	-1.027064e+01
3.985000e-05	3.209601e-02	-1.038902e+01
3.986000e-05	-2.196606e-02	-1.052326e+01
3.987000e-05	3.852619e-02	-1.063958e+01
3.988000e-05	-9.309763e-03	-1.071424e+01
3.989000e-05	1.084918e-02	-1.083948e+01
3.990000e-05	-3.597852e-03	-1.089329e+01
3.991000e-05	1.067528e-02	-1.103905e+01
3.992000e-05	1.589460e-02	-1.113476e+01
3.993000e-05	-1.901510e-03	-1.126053e+01
3.994000e-05	1.289143e-02	-1.128518e+01
3.995000e-05	-3.464987e-03	-1.143953e+01
3.996000e-05	2.618616e-02	-1.149508e+01
3.997000e-05	-5.900384e-03	-1.159730e+01
3.998000e-05	1.233576e-02	-1.168258e+01
3.999000e-05	-5.386694e-03	-1.170321e+01
4.000000e-05	1.894567e-02	-1.184945e+01
4.001000e-05	1.055474e-02	-1.187058e+01
4.002000e-05	5.665751e-03	-1.192676e+01
4.003000e-05	4.374821e-03	-1.195834e+01
4.004000e-05	4.080248e-03	-1.201150e+01
4.005000e-05	1.454301e-02	-1.205107e+01
4.006000e-05	3.249191e-03	-1.209368e+01
4.007000e-05	8.606736e-03	-1.208466e+01
4.008000e-05	6.408511e-03	-1.213532e+01
4.009000e-05	1.285875e-02	-1.213729e+01
4.010000e-05	8.616774e-03	-1.212674e+01
4.011000e-05	3.897860e-03	-1.218779e+01
4.012000e-05	7.019963e-03	-1.219687e+01
4.013000e-05	1.033831e-02	-1.217932e+01
4.014000e-05	1.141076e-02	-1.217737e+01
4.015000e-05	9.137016e-03	-1.217579e+01
4.016000e-05	6.781964e-03	-1.212781e+01
4.017000e-05	8.809565e-03	-1.212674e+01
4.018000e-05	1.058676e-02	-1.212573e+01
4.019000e-05	7.295257e-03	-1.209413e+01
4.020000e-05	8.227101e-03	-1.202150e+01
4.021000e-05	7.655319e-03	-1.205037e+01
4.022000e-05	1.342842e-02	-1.198732e+01
4.023000e-05	1.072551e-02	-1.191664e+01
4.024000e-05	8.564186e-03	-1.188308e+01
4.025000e-05	6.029740e-03	-1.177990e+01
4.026000e-05	9.284306e-03	-1.171574e+01
4.027000e-05	1.074651e-02	-1.164354e+01
4.028000e-05	8.135206e-03	-1.157882e+01
4.029000e-05	7.081436e-03	-1.149414e+01
4.030000e-05	8.060770e-03	-1.140092e+01
4.031000e-05	9.245605e-03	-1.134674e+01
4.032000e-05	9.672242e-03	-1.121102e+01
4.033000e-05	7.715423e-03	-1.111506e+01
4.034000e-05	6.701105e-03	-1.098993e+01
4.035000e-05	8.996642e-03	-1.089669e+01
4.036000e-05	8.310494e-03	-1.083145e+01
4.037000e-05	7.276093e-03	-1.071769e+01
4.038000e-05	6.081569e-03	-1.060105e+01
4.039000e-05	7.709276e-03	-1.050819e+01
4.040000e-05	9.842164e-03	-1.041098e+01
4.041000e-05	8.748237e-03	-1.025413e+01
4.042000e-05	6.160007e-03	-1.011719e+01
4.043000e-05	6.651420e-03	-9.990398e+00
4.044000e-05	8.424060e-03	-9.856132e+00
4.045000e-05	8.188598e-03	-9.768794e+00
4.046000e-05	7.345489e-03	-9.600977e+00
4.047000e-05	6.137109e-03	-9.454608e+00
4.048000e-05	6.626088e-03	-9.297636e+00
4.049000e-05	7.888992e-03	-9.149850e+00
4.050000e-05	6.617363e-03	-9.021444e+00
4.051000e-05	5.958911e-03	-8.874579e+00
4.052000e-05	4.186641e-03	-8.693589e+00
4.053000e-05	7.775651e-03	-8.537168e+00
4.054000e-05	9.477120e-03	-8.338346e+00
4.055000e-05	6.761132e-03	-8.200926e+00
4.056000e-05	3.522580e-03	-8.023532e+00
4.057000e-05	5.059997e-03	-7.864929e+00
4.058000e-05	6.590427e-03	-7.642424e+00
4.059000e-05	5.655031e-03	-7.452002e+00
4.060000e-05	4.249691e-03	-7.275008e+00
4.061000e-05	2.994395e-03	-7.066582e+00
4.062000e-05	5.424459e-03	-6.844002e+00
4.063000e-05	4.792316e-03	-6.656036e+00
4.064000e-05	3.634172e-03	-6.485114e+00
4.065000e-05	2.567875e-03	-6.287536e+00
4.066000e-05	3.597779e-03	-6.045081e+00
4.067000e-05	4.096322e-03	-5.904584e+00
4.068000e-05	3.197997e-03	-5.696080e+00
4.069000e-05	1.908775e-03	-5.474082e+00
4.070000e-05	9.253247e-04	-5.223351e+00
4.071000e-05	2.698523e-03	-4.962800e+00
4.072000e-05	2.592464e-03	-4.686614e+00
4.073000e-05	1.360804e-03	-4.536237e+00
4.074000e-05	-9.748063e-05	-4.339266e+00
4.075000e-05	2.080947e-03	-4.138769e+00
4.076000e-05	-4.811628e-04	-3.938840e+00
4.077000e-05	1.171238e-03	-3.665156e+00
4.078000e-05	-1.648782e-03	-3.465137e+00
4.079000e-05	-1.820286e-04	-3.284557e+00
4.080000e-05	-1.086810e-03	-3.034930e+00
4.081000e-05	1.400507e-03	-2.800848e+00
4.082000e-05	-2.057515e-03	-2.558820e+00
4.083000e-05	-7.375550e-04	-2.361269e+00
4.084000e-05	-3.199726e-03	-2.077737e+00
4.085000e-05	-1.875850e-03	-1.865637e+00
4.086000e-05	-4.240218e-03	-1.676583e+00
4.087000e-05	-2.328034e-03	-1.422429e+00
4.088000e-05	-3.589828e-03	-1.109342e+00
4.089000e-05	-2.902758e-04	-9.181923e-01
4.090000e-05	-3.168918e-03	-7.071636e-01
4.091000e-05	-2.751112e-03	-4.240053e-01
4.092000e-05	-4.791567e-03	-2.039263e-01
4.093000e-05	-1.486538e-03	-4.342895e-02
4.094000e-05	6.057821e-03	2.482050e-01
4.095000e-05	-4.644036e-03	4.201790e-01
4.096000e-05	3.444707e-03	6.392051e-01
4.097000e-05	-2.799292e-03	8.301513e-01
4.098000e-05	-1.954767e-04	1.079259e+00
4.099000e-05	-2.704341e-03	1.343838e+00
4.100000e-05	-2.092052e-04	1.546942e+00
4.101000e-05	2.422377e-02	1.794525e+00
4.102000e-05	8.126268e-02	2.017475e+00
4.103000e-05	-2.473741e-02	2.272207e+00
4.104000e-05	-5.570546e-02	2.551912e+00
4.105000e-05	-2.975314e-02	2.757019e+00
4.106000e-05	-4.263233e-02	2.985942e+00
4.107000e-05	-9.092489e-02	3.133864e+00
4.108000e-05	6.194279e-02	3.220182e+00
4.109000e-05	8.088014e-02	3.533391e+00
4.110000e-05	-1.503604e-01	3.703837e+00
4.111000e-05	1.964218e-01	3.911835e+00
4.112000e-05	-8.939101e-02	4.182866e+00
4.113000e-05	-3.838447e-02	4.375446e+00
4.114000e-05	4.696127e-02	4.583969e+00
4.115000e-05	-1.136221e-01	4.796075e+00
4.116000e-05	7.065719e-02	5.109653e+00
4.117000e-05	-1.375173e-02	5.321340e+00
4.118000e-05	5.148217e-03	5.554291e+00
4.119000e-05	7.775784e-03	5.734837e+00
4.120000e-05	-4.566032e-02	5.978448e+00
4.121000e-05	1.163444e-02	6.135892e+00
4.122000e-05	-3.701677e-02	6.356394e+00
4.123000e-05	1.798366e-02	6.564339e+00
4.124000e-05	-1.267644e-03	6.765947e+00
4.125000e-05	-3.109337e-02	6.945921e+00
4.126000e-05	5.551782e-02	7.114838e+00
4.127000e-05	-7.262959e-02	7.333812e+00
4.128000e-05	1.551930e-02	7.573468e+00
4.129000e-05	-2.292808e-02	7.764969e+00
4.130000e-05	-6.090328e-03	7.955440e+00
4.131000e-05	1.031007e-02	8.195896e+00
4.132000e-05	-2.687243e-02	8.324390e+00
4.133000e-05	9.550999e-03	8.461657e+00
4.134000e-05	-3.958833e-02	8.609075e+00
4.135000e-05	2.083001e-02	8.754869e+00
4.136000e-05	-3.040582e-02	8.914283e+00
4.137000e-05	-4.937067e-03	9.102233e+00
4.138000e-05	-1.114144e-02	9.252578e+00
4.139000e-05	-1.257393e-02	9.386945e+00
4.140000e-05	3.266058e-03	9.484215e+00
4.141000e-05	-2.430117e-02	9.619558e+00
4.142000e-05	-4.095695e-03	9.817902e+00
4.143000e-05	-1.978765e-02	9.925315e+00
4.144000e-05	-1.146299e-03	1.008166e+01
4.145000e-05	-1.552182e-02	1.019947e+01
4.146000e-05	-1.252096e-02	1.034419e+01
4.147000e-05	-9.760870e-03	1.042892e+01
4.148000e-05	-1.144514e-02	1.054637e+01
4.149000e-05	-5.883577e-03	1.070053e+01
4.150000e-05	-1.940567e-02	1.079597e+01
4.151000e-05	-1.146905e-02	1.089421e+01
4.152000e-05	-1.495060e-02	1.096537e+01
4.153000e-05	-7.779991e-03	1.105265e+01
4.154000e-05	-1.562417e-02	1.113629e+01
4.155000e-05	-1.362678e-02	1.123795e+01
4.156000e-05	-1.230608e-02	1.131429e+01
4.157000e-05	-1.052853e-02	1.143742e+01
4.158000e-05	-1.191286e-02	1.151366e+01
4.159000e-05	-1.800348e-02	1.155844e+01
4.160000e-05	-1.443817e-02	1.166258e+01
4.161000e-05	-1.270414e-02	1.171334e+01
4.162000e-05	-8.778984e-03	1.174829e+01
4.163000e-05	-1.517337e-02	1.180942e+01
4.164000e-05	-1.682942e-02	1.186061e+01
4.165000e-05	-1.662814e-02	1.187321e+01
4.166000e-05	-1.275340e-02	1.189577e+01
4.167000e-05	-1.444648e-02	1.194682e+01
4.168000e-05	-1.447117e-02	1.197781e+01
4.169000e-05	-1.377727e-02	1.195830e+01
4.170000e-05	-1.324983e-02	1.201935e+01
4.171000e-05	-1.394489e-02	1.199939e+01
4.172000e-05	-1.739627e-02	1.202905e+01
4.173000e-05	-1.777031e-02	1.199945e+01
4.174000e-05	-1.565833e-02	1.207095e+01
4.175000e-05	-1.413313e-02	1.201050e+01
4.176000e-05	-1.542317e-02	1.201995e+01
4.177000e-05	-1.597609e-02	1.197892e+01
4.178000e-05	-1.646020e-02	1.196679e+01
4.179000e-05	-1.625174e-02	1.195624e+01
4.180000e-05	-1.728703e-02	1.191574e+01
4.181000e-05	-2.051393e-02	1.187266e+01
4.182000e-05	-2.024211e-02	1.185250e+01
4.183000e-05	-1.327263e-02	1.180990e+01
4.184000e-05	-1.198377e-02	1.175787e+01
4.185000e-05	-1.784832e-02	1.177319e+01
4.186000e-05	-1.972442e-02	1.162061e+01
4.187000e-05	-1.638985e-02	1.156937e+01
4.188000e-05	-1.520656e-02	1.150419e+01
4.189000e-05	-1.683578e-02	1.143043e+01
4.190000e-05	-1.949639e-02	1.134672e+01
4.191000e-05	-1.770527e-02	1.128101e+01
4.192000e-05	-1.616745e-02	1.116679e+01
4.193000e-05	-1.558777e-02	1.106416e+01
4.194000e-05	-1.654883e-02	1.100939e+01
4.195000e-05	-1.838893e-02	1.090619e+01
4.196000e-05	-1.417621e-02	1.082102e+01
4.197000e-05	-1.472761e-02	1.070621e+01
4.198000e-05	-1.707382e-02	1.058135e+01
4.199000e-05	-1.976128e-02	1.043310e+01
4.200000e-05	-1.758654e-02	1.035834e+01
4.201000e-05	-1.509004e-02	1.023995e+01
4.202000e-05	-1.567955e-02	1.011466e+01
4.203000e-05	-1.686244e-02	1.000937e+01
4.204000e-05	-1.676191e-02	9.872629e+00
4.205000e-05	-1.428320e-02	9.696087e+00
4.206000e-05	-1.404489e-02	9.537816e+00
4.207000e-05	-1.621935e-02	9.440978e+00
4.208000e-05	-1.889334e-02	9.305561e+00
4.209000e-05	-1.722421e-02	9.168287e+00
4.210000e-05	-1.602256e-02	8.972347e+00
4.211000e-05	-1.462104e-02	8.821421e+00
4.212000e-05	-1.671474e-02	8.685156e+00
4.213000e-05	-1.512700e-02	8.515686e+00
4.214000e-05	-1.427562e-02	8.360293e+00
4.215000e-05	-1.364233e-02	8.179791e+00
4.216000e-05	-1.609390e-02	8.001948e+00
4.217000e-05	-1.719237e-02	7.812449e+00
4.218000e-05	-1.462282e-02	7.665032e+00
4.219000e-05	-1.326969e-02	7.482006e+00
4.220000e-05	-1.319233e-02	7.232428e+00
4.221000e-05	-1.506623e-02	7.044529e+00
4.222000e-05	-1.467323e-02	6.875104e+00
4.223000e-05	-1.447686e-02	6.656031e+00
4.224000e-05	-1.274998e-02	6.443500e+00
4.225000e-05	-1.354362e-02	6.234629e+00
4.226000e-05	-1.334662e-02	6.115662e+00
4.227000e-05	-1.162235e-02	5.888209e+00
4.228000e-05	-1.029018e-02	5.685034e+00
4.229000e-05	-1.106203e-02	5.455081e+00
4.230000e-05	-1.315189e-02	5.254913e+00
4.231000e-05	-1.334185e-02	4.942447e+00
4.232000e-05	-1.189038e-02	4.750320e+00
4.233000e-05	-1.087530e-02	4.548815e+00
4.234000e-05	-1.037945e-02	4.400249e+00
4.235000e-05	-1.056149e-02	4.108160e+00
4.236000e-05	-8.498158e-03	3.916689e+00
4.237000e-05	-8.543194e-03	3.725637e+00
4.238000e-05	-9.141943e-03	3.495584e+00
4.239000e-05	-1.139716e-02	3.242478e+00
4.240000e-05	-1.035584e-02	3.013373e+00
4.241000e-05	-9.572664e-03	2.813426e+00
4.242000e-05	-7.467559e-03	2.572347e+00
4.243000e-05	-8.363577e-03	2.329715e+00
4.244000e-05	-6.926492e-03	2.087686e+00
4.245000e-05	-6.447326e-03	1.948740e+00
4.246000e-05	-6.060947e-03	1.635532e+00
4.247000e-05	-7.526105e-03	1.412426e+00
4.248000e-05	-8.405979e-03	1.211423e+00
4.249000e-05	-8.254787e-03	8.881367e-01
4.250000e-05	-6.302636e-03	6.266382e-01
4.251000e-05	-6.664995e-03	4.265831e-01
4.252000e-05	-4.193274e-03	2.560017e-01
4.253000e-05	-2.222411e-03	-3.862886e-02
4.254000e-05	2.487764e-03	-2.281826e-01
4.255000e-05	3.074819e-03	-4.090751e-01
4.256000e-05	-5.439561e-03	-7.102358e-01
4.257000e-05	1.482290e-03	-8.107618e-01
4.258000e-05	-5.391697e-03	-1.091835e+00
4.259000e-05	-3.191733e-03	-1.302264e+00
4.260000e-05	-4.638971e-03	-1.575966e+00
4.261000e-05	2.827452e-02	-1.723838e+00
4.262000e-05	1.009180e-01	-1.902345e+00
4.263000e-05	-4.443127e-02	-2.288683e+00
4.264000e-05	-3.388346e-02	-2.637080e+00
4.265000e-05	-2.440524e-02	-2.809555e+00
4.266000e-05	-8.002418e-02	-3.008179e+00
4.267000e-05	-2.851776e-02	-3.198450e+00
4.268000e-05	1.660488e-01	-3.281789e+00
4.269000e-05	-1.657279e-01	-3.524917e+00
4.270000e-05	1.172495e-01	-3.774966e+00
4.271000e-05	8.077970e-02	-3.924395e+00
4.272000e-05	-1.717737e-01	-4.217605e+00
4.273000e-05	1.828139e-01	-4.388528e+00
4.274000e-05	-1.625795e-01	-4.586146e+00
4.275000e-05	2.052757e-02	-4.850734e+00
4.276000e-05	9.833090e-02	-5.008703e+00
4.277000e-05	-9.767072e-02	-5.330338e+00
4.278000e-05	1.514214e-01	-5.576397e+00
4.279000e-05	-9.734844e-02	-5.693916e+00
4.280000e-05	-8.643351e-03	-5.966422e+00
4.281000e-05	5.866534e-02	-6.153894e+00
4.282000e-05	-9.938967e-02	-6.407025e+00
4.283000e-05	1.412991e-01	-6.576945e+00
4.284000e-05	-1.292559e-01	-6.736370e+00
4.285000e-05	1.112394e-01	-6.966497e+00
4.286000e-05	-9.432015e-03	-7.216921e+00
4.287000e-05	-6.218410e-02	-7.417471e+00
4.288000e-05	9.745234e-02	-7.545919e+00
4.289000e-05	-1.232653e-01	-7.805070e+00
4.290000e-05	1.341929e-01	-8.018925e+00
4.291000e-05	-6.913579e-02	-8.124392e+00
4.292000e-05	4.935210e-02	-8.323290e+00
4.293000e-05	-1.659139e-02	-8.480610e+00
4.294000e-05	-1.862652e-02	-8.679757e+00
4.295000e-05	6.696067e-02	-8.839078e+00
4.296000e-05	-6.789866e-02	-8.987402e+00
4.297000e-05	7.246198e-02	-9.124842e+00
4.298000e-05	-5.790881e-02	-9.271334e+00
4.299000e-05	6.307353e-02	-9.438506e+00
4.300000e-05	-1.447715e-02	-9.607473e+00
4.301000e-05	9.229901e-04	-9.744316e+00
4.302000e-05	1.228987e-02	-9.839606e+00
4.303000e-05	-1.493176e-02	-1.000792e+01
4.304000e-05	4.216997e-02	-1.013436e+01
4.305000e-05	-2.795003e-02	-1.025068e+01
4.306000e-05	3.365954e-02	-1.038852e+01
4.307000e-05	-1.978146e-02	-1.054384e+01
4.308000e-05	3.623672e-02	-1.059955e+01
4.309000e-05	-8.039455e-03	-1.073384e+01
4.310000e-05	8.902455e-03	-1.085003e+01
4.311000e-05	-7.966977e-04	-1.093586e+01
4.312000e-05	7.726764e-03	-1.101895e+01
4.313000e-05	1.521571e-02	-1.115632e+01
4.314000e-05	-3.096294e-03	-1.123908e+01
4.315000e-05	1.497073e-02	-1.131276e+01
4.316000e-05	-2.349829e-03	-1.140800e+01
4.317000e-05	2.630816e-02	-1.148371e+01
4.318000e-05	-5.698444e-03	-1.154689e+01
4.319000e-05	1.165266e-02	-1.167153e+01
4.320000e-05	-3.689225e-03	-1.172381e+01
4.321000e-05	1.696701e-02	-1.180900e+01
4.322000e-05	9.718732e-03	-1.187006e+01
4.323000e-05	5.909815e-03	-1.191371e+01
4.324000e-05	5.589995e-03	-1.192737e+01
4.325000e-05	3.646316e-03	-1.203906e+01
4.326000e-05	1.383330e-02	-1.205160e+01
4.327000e-05	2.734849e-03	-1.209316e+01
4.328000e-05	1.034889e-02	-1.211471e+01
4.329000e-05	4.737474e-03	-1.214479e+01
4.330000e-05	1.392438e-02	-1.215635e+01
4.331000e-05	8.367353e-03	-1.214732e+01
4.332000e-05	5.642245e-03	-1.216832e+01
4.333000e-05	4.329272e-03	-1.216784e+01
4.334000e-05	9.587744e-03	-1.215842e+01
4.335000e-05	1.100500e-02	-1.217882e+01
4.336000e-05	1.001776e-02	-1.218682e+01
4.337000e-05	6.160116e-03	-1.215784e+01
4.338000e-05	9.186685e-03	-1.214576e+01
4.339000e-05	9.599817e-03	-1.212724e+01
4.340000e-05	9.442736e-03	-1.206316e+01
4.341000e-05	6.849015e-03	-1.207353e+01
4.342000e-05	7.442412e-03	-1.200042e+01
4.343000e-05	1.191299e-02	-1.197840e+01
4.344000e-05	1.112218e-02	-1.190474e+01
4.345000e-05	9.043090e-03	-1.187205e+01
4.346000e-05	6.038174e-03	-1.180000e+01
4.347000e-05	8.220101e-03	-1.173772e+01
4.348000e-05	1.089010e-02	-1.165348e+01
4.349000e-05	9.428400e-03	-1.159932e+01
4.350000e-05	8.579949e-03	-1.148311e+01
4.351000e-05	7.760281e-03	-1.137942e+01
4.352000e-05	9.905746e-03	-1.135676e+01
4.353000e-05	8.928144e-03	-1.120990e+01
4.354000e-05	8.206650e-03	-1.110354e+01
4.355000e-05	6.675402e-03	-1.100942e+01
4.356000e-05	8.073204e-03	-1.089721e+01
4.357000e-05	1.051787e-02	-1.082043e+01
4.358000e-05	8.607408e-03	-1.072617e+01
4.359000e-05	7.170068e-03	-1.064300e+01
4.360000e-05	7.212293e-03	-1.053672e+01
4.361000e-05	9.123625e-03	-1.039195e+01
4.362000e-05	8.994086e-03	-1.027306e+01
4.363000e-05	7.513478e-03	-1.013516e+01
4.364000e-05	6.771158e-03	-9.990373e+00
4.365000e-05	9.074671e-03	-9.855062e+00
4.366000e-05	8.337902e-03	-9.739740e+00
4.367000e-05	8.640511e-03	-9.642398e+00
4.368000e-05	5.263534e-03	-9.493511e+00
4.369000e-05	7.835974e-03	-9.306111e+00
4.370000e-05	7.386957e-03	-9.208894e+00
4.371000e-05	7.567218e-03	-9.041427e+00
4.372000e-05	5.472823e-03	-8.862558e+00
4.373000e-05	5.170345e-03	-8.716610e+00
4.374000e-05	6.733322e-03	-8.549768e+00
4.375000e-05	7.653391e-03	-8.359322e+00
4.376000e-05	6.694868e-03	-8.190923e+00
4.377000e-05	5.365007e-03	-8.023528e+00
4.378000e-05	4.814747e-03	-7.904450e+00
4.379000e-05	5.370513e-03	-7.654508e+00
4.380000e-05	6.038867e-03	-7.433079e+00
4.381000e-05	4.189407e-03	-7.264057e+00
4.382000e-05	3.588861e-03	-7.055511e+00
4.383000e-05	3.730889e-03	-6.875604e+00
4.384000e-05	5.034249e-03	-6.674031e+00
4.385000e-05	2.872328e-03	-6.516211e+00
4.386000e-05	3.267648e-03	-6.307661e+00
4.387000e-05	3.320549e-03	-6.094529e+00
4.388000e-05	3.737339e-03	-5.865036e+00
4.389000e-05	2.597526e-03	-5.645657e+00
4.390000e-05	2.145034e-03	-5.456560e+00
4.391000e-05	7.945939e-04	-5.224428e+00
4.392000e-05	2.594440e-03	-4.980844e+00
4.393000e-05	1.463418e-03	-4.708668e+00
4.394000e-05	1.360229e-03	-4.508691e+00
4.395000e-05	1.226389e-03	-4.338720e+00
4.396000e-05	1.632924e-03	-4.108714e+00
4.397000e-05	-6.416274e-04	-3.970294e+00
4.398000e-05	9.745780e-04	-3.687558e+00
4.399000e-05	-1.954721e-03	-3.475157e+00
4.400000e-05	1.062452e-03	-3.265086e+00
4.401000e-05	-1.824509e-03	-3.034027e+00
4.402000e-05	8.852630e-04	-2.791924e+00
4.403000e-05	-2.462376e-03	-2.590300e+00
4.404000e-05	-2.340362e-03	-2.390394e+00
4.405000e-05	-3.768713e-03	-2.098686e+00
4.406000e-05	-2.780438e-03	-1.896637e+00
4.407000e-05	-4.476802e-03	-1.657162e+00
4.408000e-05	-1.040357e-03	-1.434458e+00
4.409000e-05	-3.292608e-03	-1.171770e+00
4.410000e-05	-1.292446e-03	-9.077446e-01
4.411000e-05	-3.702979e-03	-7.291911e-01
4.412000e-05	-3.545960e-03	-4.445278e-01
4.413000e-05	-5.127330e-03	-2.050267e-01
4.414000e-05	-1.581217e-03	7.067046e-03
4.415000e-05	6.220190e-03	2.556484e-01
4.416000e-05	-4.286749e-03	4.311800e-01
4.417000e-05	3.158444e-03	6.501538e-01
4.418000e-05	-2.799403e-03	7.795813e-01
4.419000e-05	4.546552e-05	1.069256e+00
4.420000e-05	-2.462643e-03	1.322988e+00
4.421000e-05	-7.964117e-04	1.512967e+00
4.422000e-05	2.225937e-02	1.787501e+00
4.423000e-05	7.920839e-02	2.007575e+00
4.424000e-05	-1.898984e-02	2.239683e+00
4.425000e-05	-5.827615e-02	2.502338e+00
4.426000e-05	-2.902740e-02	2.775971e+00
4.427000e-05	-4.180905e-02	2.965918e+00
4.428000e-05	-8.900234e-02	3.103309e+00
4.429000e-05	5.401502e-02	3.241755e+00
4.430000e-05	8.953382e-02	3.562390e+00
4.431000e-05	-1.571939e-01	3.712765e+00
4.432000e-05	1.919061e-01	3.901282e+00
4.433000e-05	-7.864975e-02	4.153965e+00
4.434000e-05	-4.714908e-02	4.335440e+00
4.435000e-05	5.441116e-02	4.575021e+00
4.436000e-05	-1.147317e-01	4.798471e+00
4.437000e-05	6.821714e-02	5.049181e+00
4.438000e-05	-1.094397e-02	5.334862e+00
4.439000e-05	-4.599651e-04	5.513842e+00
4.440000e-05	9.993477e-03	5.712813e+00
4.441000e-05	-4.532405e-02	5.984868e+00
4.442000e-05	1.067215e-02	6.154390e+00
4.443000e-05	-3.440635e-02	6.373891e+00
4.444000e-05	1.496633e-02	6.524338e+00
4.445000e-05	2.316706e-03	6.796445e+00
4.446000e-05	-3.710270e-02	6.955894e+00
4.447000e-05	5.780667e-02	7.134890e+00
4.448000e-05	-7.267782e-02	7.323792e+00
4.449000e-05	1.254776e-02	7.553887e+00
4.450000e-05	-2.075110e-02	7.754915e+00
4.451000e-05	-7.096616e-03	7.984871e+00
4.452000e-05	1.523305e-02	8.165817e+00
4.453000e-05	-2.691523e-02	8.303293e+00
4.454000e-05	1.115410e-02	8.491131e+00
4.455000e-05	-4.287820e-02	8.608029e+00
4.456000e-05	1.924711e-02	8.745342e+00
4.457000e-05	-3.156711e-02	8.902787e+00
4.458000e-05	-5.252589e-03	9.071155e+00
4.459000e-05	-1.072177e-02	9.249624e+00
4.460000e-05	-1.011708e-02	9.397945e+00
4.461000e-05	5.105310e-03	9.523211e+00
4.462000e-05	-2.278993e-02	9.660057e+00
4.463000e-05	-6.323235e-03	9.796974e+00
4.464000e-05	-2.092018e-02	9.942815e+00
4.465000e-05	-3.028742e-03	1.004026e+01
4.466000e-05	-1.556668e-02	1.016744e+01
4.467000e-05	-1.258440e-02	1.023276e+01
4.468000e-05	-1.156856e-02	1.042998e+01
4.469000e-05	-8.212241e-03	1.055482e+01
4.470000e-05	-7.069667e-03	1.067010e+01
4.471000e-05	-1.623225e-02	1.079645e+01
4.472000e-05	-1.574143e-02	1.088368e+01
4.473000e-05	-1.237271e-02	1.094545e+01
4.474000e-05	-9.933174e-03	1.106168e+01
4.475000e-05	-1.345288e-02	1.111676e+01
4.476000e-05	-1.499127e-02	1.122106e+01
4.477000e-05	-1.367710e-02	1.132176e+01
4.478000e-05	-1.061013e-02	1.142750e+01
4.479000e-05	-1.243214e-02	1.150366e+01
4.480000e-05	-1.690534e-02	1.152640e+01
4.481000e-05	-1.515927e-02	1.169106e+01
4.482000e-05	-1.029206e-02	1.172527e+01
4.483000e-05	-8.077932e-03	1.171787e+01
4.484000e-05	-1.446304e-02	1.180737e+01
4.485000e-05	-1.934691e-02	1.187158e+01
4.486000e-05	-1.709819e-02	1.189266e+01
4.487000e-05	-1.381368e-02	1.190524e+01
4.488000e-05	-1.301253e-02	1.194684e+01
4.489000e-05	-1.546756e-02	1.197737e+01
4.490000e-05	-1.362814e-02	1.197842e+01
4.491000e-05	-1.239979e-02	1.198785e+01
4.492000e-05	-1.303585e-02	1.202992e+01
4.493000e-05	-1.665331e-02	1.201993e+01
4.494000e-05	-1.977820e-02	1.202195e+01
4.495000e-05	-1.608544e-02	1.199953e+01
4.496000e-05	-1.459182e-02	1.205095e+01
4.497000e-05	-1.440209e-02	1.200895e+01
4.498000e-05	-1.765115e-02	1.199832e+01
4.499000e-05	-1.535680e-02	1.196884e+01
4.500000e-05	-1.480534e-02	1.193616e+01
4.501000e-05	-1.620868e-02	1.191521e+01
4.502000e-05	-1.887419e-02	1.186516e+01
4.503000e-05	-1.910185e-02	1.182155e+01
4.504000e-05	-1.621217e-02	1.182100e+01
4.505000e-05	-1.446876e-02	1.178734e+01
4.506000e-05	-1.650496e-02	1.170518e+01
4.507000e-05	-1.819914e-02	1.169363e+01
4.508000e-05	-1.701279e-02	1.161787e+01
4.509000e-05	-1.612583e-02	1.152616e+01
4.510000e-05	-1.414897e-02	1.141148e+01
4.511000e-05	-1.738324e-02	1.137774e+01
4.512000e-05	-1.769073e-02	1.121256e+01
4.513000e-05	-1.795621e-02	1.115677e+01
4.514000e-05	-1.615302e-02	1.107358e+01
4.515000e-05	-1.611899e-02	1.099982e+01
4.516000e-05	-1.687304e-02	1.087621e+01
4.517000e-05	-1.671924e-02	1.081045e+01
4.518000e-05	-1.547621e-02	1.071574e+01
4.519000e-05	-1.646245e-02	1.060035e+01
4.520000e-05	-1.731988e-02	1.047603e+01
4.521000e-05	-1.679078e-02	1.033769e+01
4.522000e-05	-1.561220e-02	1.023055e+01
4.523000e-05	-1.534065e-02	1.012666e+01
4.524000e-05	-1.642477e-02	9.981370e+00
4.525000e-05	-1.837682e-02	9.833005e+00
4.526000e-05	-1.667840e-02	9.706085e+00
4.527000e-05	-1.722281e-02	9.557816e+00
4.528000e-05	-1.425244e-02	9.421954e+00
4.529000e-05	-1.666285e-02	9.305110e+00
4.530000e-05	-1.642777e-02	9.178291e+00
4.531000e-05	-1.635503e-02	8.960924e+00
4.532000e-05	-1.386518e-02	8.821449e+00
4.533000e-05	-1.515874e-02	8.674108e+00
4.534000e-05	-1.712012e-02	8.516282e+00
4.535000e-05	-1.745858e-02	8.340270e+00
4.536000e-05	-1.602327e-02	8.191800e+00
4.537000e-05	-1.280589e-02	7.951920e+00
4.538000e-05	-1.564359e-02	7.833504e+00
4.539000e-05	-1.602138e-02	7.683525e+00
4.540000e-05	-1.514857e-02	7.463455e+00
4.541000e-05	-1.318548e-02	7.214026e+00
4.542000e-05	-1.414343e-02	7.003032e+00
4.543000e-05	-1.471168e-02	6.884637e+00
4.544000e-05	-1.422459e-02	6.706608e+00
4.545000e-05	-1.287177e-02	6.485007e+00
4.546000e-05	-1.229733e-02	6.285134e+00
4.547000e-05	-1.215758e-02	6.087234e+00
4.548000e-05	-1.267944e-02	5.888716e+00
4.549000e-05	-1.196618e-02	5.686635e+00
4.550000e-05	-1.110044e-02	5.485159e+00
4.551000e-05	-1.166606e-02	5.235055e+00
4.552000e-05	-1.183633e-02	4.941916e+00
4.553000e-05	-1.228069e-02	4.749717e+00
4.554000e-05	-1.030818e-02	4.538742e+00
4.555000e-05	-9.725488e-03	4.350321e+00
4.556000e-05	-1.083749e-02	4.099263e+00
4.557000e-05	-1.030364e-02	3.855712e+00
4.558000e-05	-9.420426e-03	3.677135e+00
4.559000e-05	-8.579418e-03	3.496685e+00
4.560000e-05	-9.010448e-03	3.264976e+00
4.561000e-05	-9.506808e-03	3.022476e+00
4.562000e-05	-8.954997e-03	2.824104e+00
4.563000e-05	-7.522570e-03	2.571923e+00
4.564000e-05	-8.094959e-03	2.349270e+00
4.565000e-05	-8.513622e-03	2.128191e+00
4.566000e-05	-7.500729e-03	1.919314e+00
4.567000e-05	-7.237770e-03	1.665083e+00
4.568000e-05	-6.204660e-03	1.433450e+00
4.569000e-05	-5.898145e-03	1.191324e+00
4.570000e-05	-7.425559e-03	8.682893e-01
4.571000e-05	-7.555533e-03	6.975856e-01
4.572000e-05	-6.106035e-03	4.256066e-01
4.573000e-05	-4.637403e-03	2.250052e-01
4.574000e-05	-4.345474e-03	8.236273e-04
4.575000e-05	1.209277e-03	-2.296803e-01
4.576000e-05	4.033119e-03	-3.870524e-01
4.577000e-05	-4.917779e-03	-6.892616e-01
4.578000e-05	2.714779e-04	-8.821855e-01
4.579000e-05	-4.242505e-03	-1.061738e+00
4.580000e-05	3.705277e-04	-1.302243e+00
4.581000e-05	-3.655822e-03	-1.554974e+00
4.582000e-05	2.397401e-02	-1.715364e+00
4.583000e-05	9.812807e-02	-1.933864e+00
4.584000e-05	-3.945278e-02	-2.278757e+00
4.585000e-05	-3.467094e-02	-2.577102e+00
4.586000e-05	-2.241880e-02	-2.801025e+00
4.587000e-05	-7.906441e-02	-2.987053e+00
4.588000e-05	-3.602104e-02	-3.177472e+00
4.589000e-05	1.684874e-01	-3.281787e+00
4.590000e-05	-1.585494e-01	-3.533412e+00
4.591000e-05	1.025487e-01	-3.765871e+00
4.592000e-05	9.371246e-02	-3.955342e+00
4.593000e-05	-1.778037e-01	-4.228181e+00
4.594000e-05	1.824047e-01	-4.367524e+00
4.595000e-05	-1.533337e-01	-4.536574e+00
4.596000e-05	4.208924e-03	-4.869178e+00
4.597000e-05	1.069096e-01	-4.989128e+00
4.598000e-05	-1.003200e-01	-5.301917e+00
4.599000e-05	1.510408e-01	-5.556397e+00
4.600000e-05	-8.975945e-02	-5.723366e+00
4.601000e-05	-1.940017e-02	-5.964920e+00
4.602000e-05	6.712955e-02	-6.112288e+00
4.603000e-05	-1.030534e-01	-6.405949e+00
4.604000e-05	1.403304e-01	-6.596396e+00
4.605000e-05	-1.235394e-01	-6.755449e+00
4.606000e-05	1.008583e-01	-6.964970e+00
4.607000e-05	4.532453e-03	-7.174972e+00
4.608000e-05	-7.335893e-02	-7.386974e+00
4.609000e-05	1.043959e-01	-7.556395e+00
4.610000e-05	-1.278106e-01	-7.808496e+00
4.611000e-05	1.318036e-01	-8.027574e+00
4.612000e-05	-6.313612e-02	-8.154868e+00
4.613000e-05	4.276656e-02	-8.313391e+00
4.614000e-05	-6.496070e-03	-8.471657e+00
4.615000e-05	-2.584858e-02	-8.680662e+00
4.616000e-05	7.114210e-02	-8.819129e+00
4.617000e-05	-7.141784e-02	-8.978475e+00
4.618000e-05	7.282099e-02	-9.104792e+00
4.619000e-05	-5.828558e-02	-9.270231e+00
4.620000e-05	5.814518e-02	-9.450029e+00
4.621000e-05	-8.977840e-03	-9.606424e+00
4.622000e-05	-5.418334e-04	-9.723839e+00
4.623000e-05	1.670924e-02	-9.851606e+00
4.624000e-05	-1.674167e-02	-9.976874e+00
4.625000e-05	4.331288e-02	-1.010271e+01
4.626000e-05	-2.912709e-02	-1.023916e+01
4.627000e-05	3.158657e-02	-1.040645e+01
4.628000e-05	-1.923057e-02	-1.048476e+01
4.629000e-05	3.448364e-02	-1.062998e+01
4.630000e-05	-4.621965e-03	-1.072531e+01
4.631000e-05	8.910455e-03	-1.084003e+01
4.632000e-05	1.581381e-03	-1.090429e+01
4.633000e-05	7.852663e-03	-1.102903e+01
4.634000e-05	1.481837e-02	-1.114524e+01
4.635000e-05	-4.597528e-03	-1.123905e+01
4.636000e-05	1.407854e-02	-1.132471e+01
4.637000e-05	-3.186852e-03	-1.138755e+01
4.638000e-05	2.569457e-02	-1.153413e+01
4.639000e-05	-4.630549e-03	-1.161630e+01
4.640000e-05	1.202614e-02	-1.167164e+01
4.641000e-05	-1.616924e-03	-1.173419e+01
4.642000e-05	1.652898e-02	-1.178800e+01
4.643000e-05	1.070549e-02	-1.182203e+01
4.644000e-05	4.473716e-03	-1.191421e+01
4.645000e-05	5.243301e-03	-1.195832e+01
4.646000e-05	3.861358e-03	-1.202050e+01
4.647000e-05	1.509494e-02	-1.204200e+01
4.648000e-05	3.909016e-03	-1.208316e+01
4.649000e-05	9.148265e-03	-1.212471e+01
4.650000e-05	5.372781e-03	-1.213569e+01
4.651000e-05	1.249786e-02	-1.214634e+01
4.652000e-05	9.862386e-03	-1.215779e+01
4.653000e-05	4.652574e-03	-1.215530e+01
4.654000e-05	3.767290e-03	-1.215837e+01
4.655000e-05	8.971864e-03	-1.216632e+01
4.656000e-05	1.343928e-02	-1.219880e+01
4.657000e-05	1.189108e-02	-1.213839e+01
4.658000e-05	4.763036e-03	-1.217674e+01
4.659000e-05	5.318870e-03	-1.211474e+01
4.660000e-05	1.213139e-02	-1.213671e+01
4.661000e-05	1.173154e-02	-1.210263e+01
4.662000e-05	7.894777e-03	-1.203053e+01
4.663000e-05	3.953245e-03	-1.202038e+01
4.664000e-05	1.188029e-02	-1.194792e+01
4.665000e-05	1.398642e-02	-1.190766e+01
4.666000e-05	8.191708e-03	-1.190308e+01
4.667000e-05	2.639700e-03	-1.181045e+01
4.668000e-05	7.098823e-03	-1.173872e+01
4.669000e-05	1.344260e-02	-1.167306e+01
4.670000e-05	1.223346e-02	-1.155885e+01
4.671000e-05	5.915411e-03	-1.149519e+01
4.672000e-05	5.582886e-03	-1.141037e+01
4.673000e-05	1.018967e-02	-1.134516e+01
4.674000e-05	1.223781e-02	-1.119247e+01
4.675000e-05	7.240681e-03	-1.113411e+01
4.676000e-05	3.467193e-03	-1.100187e+01
4.677000e-05	7.253293e-03	-1.090624e+01
4.678000e-05	1.108781e-02	-1.084050e+01
4.679000e-05	1.047759e-02	-1.076674e+01
4.680000e-05	5.759642e-03	-1.062248e+01
4.681000e-05	6.945835e-03	-1.054772e+01
4.682000e-05	1.015450e-02	-1.037135e+01
4.683000e-05	1.050698e-02	-1.030356e+01
4.684000e-05	6.998745e-03	-1.015662e+01
4.685000e-05	3.740114e-03	-9.980848e+00
4.686000e-05	6.547472e-03	-9.894560e+00
4.687000e-05	1.075341e-02	-9.758817e+00
4.688000e-05	9.261064e-03	-9.643448e+00
4.689000e-05	6.084177e-03	-9.505160e+00
4.690000e-05	7.060400e-03	-9.358121e+00
4.691000e-05	9.907512e-03	-9.158345e+00
4.692000e-05	8.828210e-03	-9.042449e+00
4.693000e-05	3.875730e-03	-8.853532e+00
4.694000e-05	3.751720e-03	-8.738690e+00
4.695000e-05	6.801518e-03	-8.537740e+00
4.696000e-05	9.224920e-03	-8.379319e+00
4.697000e-05	6.172396e-03	-8.210903e+00
4.698000e-05	4.102273e-03	-8.054479e+00
4.699000e-05	5.554870e-03	-7.845959e+00
4.700000e-05	7.516323e-03	-7.645005e+00
4.701000e-05	6.587141e-03	-7.432553e+00
4.702000e-05	2.970373e-03	-7.264008e+00
4.703000e-05	2.654868e-03	-7.066536e+00
4.704000e-05	4.592957e-03	-6.855032e+00
4.705000e-05	5.244921e-03	-6.685084e+00
4.706000e-05	3.934705e-03	-6.496661e+00
4.707000e-05	2.209777e-03	-6.288115e+00
4.708000e-05	3.657912e-03	-6.085559e+00
4.709000e-05	5.188843e-03	-5.907112e+00
4.710000e-05	2.707856e-03	-5.653586e+00
4.711000e-05	1.014397e-03	-5.478166e+00
4.712000e-05	-6.474545e-05	-5.193403e+00
4.713000e-05	2.281968e-03	-5.021298e+00
4.714000e-05	2.497231e-03	-4.698145e+00
4.715000e-05	1.317654e-03	-4.498747e+00
4.716000e-05	-2.839811e-04	-4.358769e+00
4.717000e-05	8.846194e-04	-4.139767e+00
4.718000e-05	4.746031e-05	-3.999216e+00
4.719000e-05	8.748545e-04	-3.697588e+00
4.720000e-05	-1.912922e-03	-3.515662e+00
4.721000e-05	-3.448754e-04	-3.274709e+00
4.722000e-05	-1.320602e-03	-3.043533e+00
4.723000e-05	9.296885e-04	-2.752348e+00
4.724000e-05	-2.542389e-03	-2.600350e+00
4.725000e-05	-2.467480e-03	-2.370871e+00
4.726000e-05	-4.634603e-03	-2.089141e+00
4.727000e-05	-2.433698e-03	-1.916162e+00
4.728000e-05	-3.673120e-03	-1.665687e+00
4.729000e-05	-1.991312e-03	-1.414958e+00
4.730000e-05	-3.409993e-03	-1.159294e+00
4.731000e-05	-1.472734e-03	-9.486886e-01
4.732000e-05	-2.864553e-03	-7.272923e-01
4.733000e-05	-3.727393e-03	-4.355317e-01
4.734000e-05	-5.320577e-03	-2.445778e-01
4.735000e-05	-2.859438e-03	-1.397889e-02
4.736000e-05	8.169806e-03	1.876012e-01
4.737000e-05	-6.530114e-03	4.606813e-01
4.738000e-05	4.300523e-03	6.196552e-01
4.739000e-05	-5.744582e-03	8.200749e-01
4.740000e-05	3.093553e-03	1.067680e+00
4.741000e-05	-2.199321e-03	1.303338e+00
4.742000e-05	1.044830e-03	1.492838e+00
4.743000e-05	2.180250e-02	1.765945e+00
4.744000e-05	7.851004e-02	2.017051e+00
4.745000e-05	-1.599984e-02	2.238729e+00
4.746000e-05	-6.086998e-02	2.431287e+00
4.747000e-05	-2.977882e-02	2.784443e+00
4.748000e-05	-4.040709e-02	2.955368e+00
4.749000e-05	-8.583461e-02	3.092835e+00
4.750000e-05	4.646020e-02	3.261758e+00
4.751000e-05	1.010005e-01	3.530967e+00
4.752000e-05	-1.628822e-01	3.742815e+00
4.753000e-05	1.863243e-01	3.869361e+00
4.754000e-05	-6.765957e-02	4.152893e+00
4.755000e-05	-5.653462e-02	4.365466e+00
4.756000e-05	6.250137e-02	4.556446e+00
4.757000e-05	-1.147019e-01	4.787523e+00
4.758000e-05	6.546439e-02	5.019100e+00
4.759000e-05	-7.914146e-03	5.313391e+00
4.760000e-05	-2.755051e-03	5.523313e+00
4.761000e-05	1.300426e-02	5.663389e+00
4.762000e-05	-4.684200e-02	5.955917e+00
4.763000e-05	7.968138e-03	6.124892e+00
4.764000e-05	-3.234173e-02	6.355868e+00
4.765000e-05	1.317190e-02	6.525816e+00
4.766000e-05	7.293878e-03	6.805971e+00
4.767000e-05	-4.029548e-02	6.965922e+00
4.768000e-05	5.636565e-02	7.124340e+00
4.769000e-05	-6.959214e-02	7.312362e+00
4.770000e-05	1.178143e-02	7.503369e+00
4.771000e-05	-1.677987e-02	7.725892e+00
4.772000e-05	-1.265725e-02	7.953867e+00
4.773000e-05	1.605090e-02	8.134392e+00
4.774000e-05	-2.842218e-02	8.313837e+00
4.775000e-05	1.177396e-02	8.431636e+00
4.776000e-05	-4.188907e-02	8.596523e+00
4.777000e-05	1.841820e-02	8.754340e+00
4.778000e-05	-2.626966e-02	8.915209e+00
4.779000e-05	-5.109290e-03	9.060733e+00
4.780000e-05	-9.545819e-03	9.249600e+00
4.781000e-05	-1.441671e-02	9.366470e+00
4.782000e-05	4.566301e-03	9.521264e+00
4.783000e-05	-2.324586e-02	9.621502e+00
4.784000e-05	-6.098837e-03	9.796949e+00
4.785000e-05	-2.135879e-02	9.945943e+00
4.786000e-05	-3.268743e-03	1.012073e+01
4.787000e-05	-1.344219e-02	1.016644e+01
4.788000e-05	-1.156947e-02	1.029271e+01
4.789000e-05	-1.164496e-02	1.039907e+01
4.790000e-05	-1.265470e-02	1.057534e+01
4.791000e-05	-4.707245e-03	1.067260e+01
4.792000e-05	-1.712573e-02	1.074697e+01
4.793000e-05	-1.283218e-02	1.089416e+01
4.794000e-05	-1.535304e-02	1.096584e+01
4.795000e-05	-8.572710e-03	1.106116e+01
4.796000e-05	-1.365809e-02	1.113384e+01
4.797000e-05	-1.302592e-02	1.121002e+01
4.798000e-05	-1.358849e-02	1.129326e+01
4.799000e-05	-1.166889e-02	1.142745e+01
4.800000e-05	-1.232835e-02	1.148216e+01
4.801000e-05	-1.562232e-02	1.153532e+01
4.802000e-05	-1.843125e-02	1.164001e+01
4.803000e-05	-1.160551e-02	1.170321e+01
4.804000e-05	-8.904051e-03	1.174687e+01
4.805000e-05	-1.073529e-02	1.180992e+01
4.806000e-05	-1.870497e-02	1.183003e+01
4.807000e-05	-1.603446e-02	1.186315e+01
4.808000e-05	-1.092429e-02	1.190476e+01
4.809000e-05	-1.396145e-02	1.192579e+01
4.810000e-05	-1.665233e-02	1.196885e+01
4.811000e-05	-1.885523e-02	1.197937e+01
4.812000e-05	-1.455450e-02	1.201942e+01
4.813000e-05	-8.499421e-03	1.204898e+01
4.814000e-05	-1.340214e-02	1.205044e+01
4.815000e-05	-1.812061e-02	1.199897e+01
4.816000e-05	-1.592830e-02	1.202043e+01
4.817000e-05	-1.458911e-02	1.201043e+01
4.818000e-05	-1.382939e-02	1.202940e+01
4.819000e-05	-2.052134e-02	1.200682e+01
4.820000e-05	-1.844486e-02	1.196831e+01
4.821000e-05	-1.532362e-02	1.197727e+01
4.822000e-05	-1.333865e-02	1.195474e+01
4.823000e-05	-1.554144e-02	1.188468e+01
4.824000e-05	-1.911977e-02	1.184158e+01
4.825000e-05	-1.562724e-02	1.184045e+01
4.826000e-05	-1.607713e-02	1.175729e+01
4.827000e-05	-1.628475e-02	1.172674e+01
4.828000e-05	-2.142348e-02	1.165448e+01
4.829000e-05	-1.809963e-02	1.158984e+01
4.830000e-05	-1.534512e-02	1.153469e+01
4.831000e-05	-1.243609e-02	1.141245e+01
4.832000e-05	-1.789370e-02	1.132674e+01
4.833000e-05	-1.761071e-02	1.124305e+01
4.834000e-05	-1.861775e-02	1.117937e+01
4.835000e-05	-1.589403e-02	1.105408e+01
4.836000e-05	-1.660897e-02	1.100090e+01
4.837000e-05	-1.872900e-02	1.093524e+01
4.838000e-05	-1.711804e-02	1.082037e+01
4.839000e-05	-1.570798e-02	1.072519e+01
4.840000e-05	-1.419543e-02	1.057990e+01
4.841000e-05	-1.684462e-02	1.044448e+01
4.842000e-05	-1.780860e-02	1.037574e+01
4.843000e-05	-1.633621e-02	1.022093e+01
4.844000e-05	-1.605658e-02	1.012677e+01
4.845000e-05	-1.647345e-02	1.001035e+01
4.846000e-05	-1.828754e-02	9.832403e+00
4.847000e-05	-1.655824e-02	9.716658e+00
4.848000e-05	-1.529744e-02	9.568848e+00
4.849000e-05	-1.475599e-02	9.393425e+00
4.850000e-05	-1.739331e-02	9.295659e+00
4.851000e-05	-1.684214e-02	9.169871e+00
4.852000e-05	-1.651696e-02	9.039821e+00
4.853000e-05	-1.440705e-02	8.822974e+00
4.854000e-05	-1.625788e-02	8.683533e+00
4.855000e-05	-1.638462e-02	8.526764e+00
4.856000e-05	-1.547934e-02	8.359719e+00
4.857000e-05	-1.489620e-02	8.200846e+00
4.858000e-05	-1.465105e-02	8.001524e+00
4.859000e-05	-1.708322e-02	7.831430e+00
4.860000e-05	-1.532968e-02	7.663528e+00
4.861000e-05	-1.459674e-02	7.515551e+00
4.862000e-05	-1.254656e-02	7.244003e+00
4.863000e-05	-1.426883e-02	7.035031e+00
4.864000e-05	-1.404363e-02	6.895578e+00
4.865000e-05	-1.444001e-02	6.696160e+00
4.866000e-05	-1.318110e-02	6.463584e+00
4.867000e-05	-1.312250e-02	6.295086e+00
4.868000e-05	-1.337354e-02	6.125637e+00
4.869000e-05	-1.315341e-02	5.908137e+00
4.870000e-05	-1.223638e-02	5.676180e+00
4.871000e-05	-1.081170e-02	5.505632e+00
4.872000e-05	-1.210458e-02	5.255006e+00
4.873000e-05	-1.247413e-02	5.020423e+00
4.874000e-05	-1.211435e-02	4.749820e+00
4.875000e-05	-1.104180e-02	4.540290e+00
4.876000e-05	-1.031270e-02	4.369891e+00
4.877000e-05	-1.113301e-02	4.098136e+00
4.878000e-05	-1.096793e-02	3.875688e+00
4.879000e-05	-8.785185e-03	3.696711e+00
4.880000e-05	-8.931052e-03	3.535665e+00
4.881000e-05	-1.006418e-02	3.233505e+00
4.882000e-05	-1.125437e-02	3.034003e+00
4.883000e-05	-8.487466e-03	2.853028e+00
4.884000e-05	-6.557553e-03	2.622496e+00
4.885000e-05	-7.033320e-03	2.331191e+00
4.886000e-05	-9.468884e-03	2.108717e+00
4.887000e-05	-8.902773e-03	1.948816e+00
4.888000e-05	-6.447086e-03	1.707207e+00
4.889000e-05	-6.181876e-03	1.463979e+00
4.890000e-05	-8.211764e-03	1.233400e+00
4.891000e-05	-7.332200e-03	9.177620e-01
4.892000e-05	-5.786515e-03	6.777095e-01
4.893000e-05	-4.608548e-03	4.660828e-01
4.894000e-05	-4.715319e-03	2.444802e-01
4.895000e-05	-5.585684e-03	-9.055063e-03
4.896000e-05	-6.414950e-04	-2.296549e-01
4.897000e-05	5.224298e-03	-3.885313e-01
4.898000e-05	-4.729694e-03	-6.581553e-01
4.899000e-05	1.384848e-03	-8.613141e-01
4.900000e-05	-5.740760e-03	-1.061808e+00
4.901000e-05	-8.409148e-04	-1.231760e+00
4.902000e-05	-3.050810e-03	-1.555395e+00
4.903000e-05	2.380702e-02	-1.732917e+00
4.904000e-05	9.650315e-02	-1.912389e+00
4.905000e-05	-3.443931e-02	-2.246254e+00
4.906000e-05	-3.751253e-02	-2.595495e+00
4.907000e-05	-1.966311e-02	-2.787075e+00
4.908000e-05	-7.776714e-02	-2.986952e+00
4.909000e-05	-4.483618e-02	-3.186846e+00
4.910000e-05	1.696529e-01	-3.272784e+00
4.911000e-05	-1.491102e-01	-3.532292e+00
4.912000e-05	8.788761e-02	-3.745444e+00
4.913000e-05	1.066834e-01	-3.961411e+00
4.914000e-05	-1.827436e-01	-4.207076e+00
4.915000e-05	1.819279e-01	-4.367000e+00
4.916000e-05	-1.415354e-01	-4.576126e+00
4.917000e-05	-1.033413e-02	-4.790632e+00
4.918000e-05	1.148009e-01	-5.038628e+00
4.919000e-05	-1.026512e-01	-5.271708e+00
4.920000e-05	1.494125e-01	-5.553370e+00
4.921000e-05	-8.026124e-02	-5.753367e+00
4.922000e-05	-3.234612e-02	-5.935894e+00
4.923000e-05	7.371556e-02	-6.115443e+00
4.924000e-05	-1.038675e-01	-6.386575e+00
4.925000e-05	1.395365e-01	-6.626894e+00
4.926000e-05	-1.179547e-01	-6.744968e+00
4.927000e-05	8.660672e-02	-6.975899e+00
4.928000e-05	1.717041e-02	-7.166923e+00
4.929000e-05	-8.122468e-02	-7.397476e+00
4.930000e-05	1.080955e-01	-7.534866e+00
4.931000e-05	-1.281444e-01	-7.776046e+00
4.932000e-05	1.255371e-01	-8.006972e+00
4.933000e-05	-5.170351e-02	-8.145945e+00
4.934000e-05	3.458878e-02	-8.333289e+00
4.935000e-05	-2.062944e-03	-8.471681e+00
4.936000e-05	-3.568562e-02	-8.651629e+00
4.937000e-05	7.872992e-02	-8.809078e+00
4.938000e-05	-6.960306e-02	-8.976397e+00
4.939000e-05	7.151653e-02	-9.103765e+00
4.940000e-05	-5.558632e-02	-9.271132e+00
4.941000e-05	5.363444e-02	-9.397652e+00
4.942000e-05	-2.193075e-03	-9.566874e+00
4.943000e-05	-6.741372e-03	-9.742293e+00
4.944000e-05	1.923869e-02	-9.820053e+00
4.945000e-05	-2.079707e-02	-9.977901e+00
4.946000e-05	4.805593e-02	-1.009282e+01
4.947000e-05	-2.843561e-02	-1.019110e+01
4.948000e-05	3.114718e-02	-1.041740e+01
4.949000e-05	-2.092588e-02	-1.048424e+01
4.950000e-05	3.247646e-02	-1.062960e+01
4.951000e-05	-2.221359e-04	-1.069384e+01
4.952000e-05	6.594531e-03	-1.086053e+01
4.953000e-05	2.970931e-03	-1.090277e+01
4.954000e-05	3.007956e-03	-1.101895e+01
4.955000e-05	2.025552e-02	-1.114379e+01
4.956000e-05	-5.719411e-03	-1.122002e+01
4.957000e-05	1.529065e-02	-1.134429e+01
4.958000e-05	-5.410909e-03	-1.139900e+01
4.959000e-05	2.616473e-02	-1.147168e+01
4.960000e-05	-3.477552e-03	-1.153637e+01
4.961000e-05	1.005065e-02	-1.167108e+01
4.962000e-05	-3.751832e-03	-1.171377e+01
4.963000e-05	1.539717e-02	-1.179943e+01
4.964000e-05	1.316746e-02	-1.187210e+01
4.965000e-05	5.597201e-03	-1.191269e+01
4.966000e-05	7.108537e-03	-1.195632e+01
4.967000e-05	3.140649e-03	-1.203000e+01
4.968000e-05	1.499634e-02	-1.206198e+01
4.969000e-05	3.100736e-03	-1.210161e+01
4.970000e-05	8.859485e-03	-1.211421e+01
4.971000e-05	5.244621e-03	-1.214624e+01
4.972000e-05	1.366222e-02	-1.214677e+01
4.973000e-05	1.118353e-02	-1.216782e+01
4.974000e-05	5.173960e-03	-1.217637e+01
4.975000e-05	6.176849e-03	-1.213737e+01
4.976000e-05	7.196900e-03	-1.218680e+01
4.977000e-05	1.156874e-02	-1.218737e+01
4.978000e-05	9.038075e-03	-1.215677e+01
4.979000e-05	6.842022e-03	-1.215684e+01
4.980000e-05	7.656937e-03	-1.215722e+01
4.981000e-05	1.131710e-02	-1.210571e+01
4.982000e-05	1.013223e-02	-1.212216e+01
4.983000e-05	7.977213e-03	-1.201337e+01
4.984000e-05	6.176564e-03	-1.205193e+01
4.985000e-05	1.097685e-02	-1.199732e+01
4.986000e-05	1.102681e-02	-1.187563e+01
4.987000e-05	9.372999e-03	-1.188406e+01
4.988000e-05	6.096099e-03	-1.180100e+01
4.989000e-05	7.277045e-03	-1.173629e+01
4.990000e-05	1.072623e-02	-1.170358e+01
4.991000e-05	9.927515e-03	-1.158829e+01
4.992000e-05	8.185047e-03	-1.147666e+01
4.993000e-05	6.888668e-03	-1.137143e+01
4.994000e-05	8.820094e-03	-1.130667e+01
4.995000e-05	1.048010e-02	-1.121947e+01
4.996000e-05	8.127910e-03	-1.110659e+01
4.997000e-05	6.304114e-03	-1.101942e+01
4.998000e-05	7.895623e-03	-1.088574e+01
4.999000e-05	8.874527e-03	-1.084246e+01
