# 260901_12:20:17.317100
t	CH1	CH2
0.000000e+00	-1.137094e-02	1.117907e+01
1.000000e-08	-8.617888e-03	1.115907e+01
2.000000e-08	-1.001421e-02	1.122745e+01
3.000000e-08	-9.571019e-03	1.116955e+01
4.000000e-08	-1.139544e-02	1.119994e+01
5.000000e-08	-8.568181e-03	1.114539e+01
6.000000e-08	-1.033591e-02	1.111331e+01
7.000000e-08	-1.244736e-02	1.107529e+01
8.000000e-08	-1.297468e-02	1.105416e+01
9.000000e-08	-1.104750e-02	1.106100e+01
1.000000e-07	-1.006553e-02	1.101755e+01
1.100000e-07	-9.972872e-03	1.090737e+01
1.200000e-07	-1.221915e-02	1.090223e+01
1.300000e-07	-1.115061e-02	1.083958e+01
1.400000e-07	-9.966965e-03	1.076689e+01
1.500000e-07	-1.091897e-02	1.072276e+01
1.600000e-07	-1.145953e-02	1.059912e+01
1.700000e-07	-1.193520e-02	1.056631e+01
1.800000e-07	-1.126549e-02	1.049950e+01
1.900000e-07	-1.214239e-02	1.039486e+01
2.000000e-07	-1.266837e-02	1.029313e+01
2.100000e-07	-1.223293e-02	1.023439e+01
2.200000e-07	-1.005045e-02	1.013228e+01
2.300000e-07	-1.166129e-02	1.008702e+01
2.400000e-07	-1.105915e-02	9.971653e+00
2.500000e-07	-1.254614e-02	9.857769e+00
2.600000e-07	-1.192467e-02	9.749052e+00
2.700000e-07	-1.122407e-02	9.643257e+00
2.800000e-07	-1.188696e-02	9.497447e+00
2.900000e-07	-1.264784e-02	9.403133e+00
3.000000e-07	-1.344142e-02	9.294365e+00
3.100000e-07	-1.188163e-02	9.168919e+00
3.200000e-07	-1.218663e-02	9.058179e+00
3.300000e-07	-1.111852e-02	8.874235e+00
3.400000e-07	-1.217949e-02	8.765839e+00
3.500000e-07	-1.123396e-02	8.641626e+00
3.600000e-07	-1.080606e-02	8.532129e+00
3.700000e-07	-1.049216e-02	8.365411e+00
3.800000e-07	-1.149394e-02	8.186790e+00
3.900000e-07	-1.171016e-02	8.039970e+00
4.000000e-07	-1.131851e-02	7.892133e+00
4.100000e-07	-1.054965e-02	7.804305e+00
4.200000e-07	-1.055745e-02	7.622811e+00
4.300000e-07	-1.088346e-02	7.424362e+00
4.400000e-07	-9.523090e-03	7.277440e+00
4.500000e-07	-9.778556e-03	7.139422e+00
4.600000e-07	-9.356166e-03	6.907521e+00
4.700000e-07	-1.081622e-02	6.736444e+00
4.800000e-07	-9.632722e-03	6.528494e+00
4.900000e-07	-9.218784e-03	6.408995e+00
5.000000e-07	-8.554364e-03	6.179465e+00
5.100000e-07	-8.406634e-03	6.007621e+00
5.200000e-07	-9.093229e-03	5.849549e+00
5.300000e-07	-7.407938e-03	5.660603e+00
5.400000e-07	-7.066453e-03	5.439150e+00
5.500000e-07	-7.405278e-03	5.267594e+00
5.600000e-07	-7.465791e-03	5.068494e+00
5.700000e-07	-7.845257e-03	4.896842e+00
5.800000e-07	-7.685071e-03	4.622308e+00
5.900000e-07	-7.324649e-03	4.382257e+00
6.000000e-07	-8.396367e-03	4.202259e+00
6.100000e-07	-7.584085e-03	4.003231e+00
6.200000e-07	-7.190371e-03	3.850253e+00
6.300000e-07	-5.247689e-03	3.600076e+00
6.400000e-07	-6.317650e-03	3.410625e+00
6.500000e-07	-7.679351e-03	3.187998e+00
6.600000e-07	-6.851693e-03	2.996870e+00
6.700000e-07	-5.953116e-03	2.796891e+00
6.800000e-07	-6.550637e-03	2.638343e+00
6.900000e-07	-6.179732e-03	2.372237e+00
7.000000e-07	-6.129256e-03	2.162601e+00
7.100000e-07	-5.268050e-03	1.940657e+00
7.200000e-07	-4.826078e-03	1.731629e+00
7.300000e-07	-5.317593e-03	1.527967e+00
7.400000e-07	-5.530796e-03	1.316816e+00
7.500000e-07	-5.188542e-03	1.083186e+00
7.600000e-07	-4.858213e-03	8.311500e-01
7.700000e-07	-4.705696e-03	6.085962e-01
7.800000e-07	-5.352929e-03	4.094710e-01
7.900000e-07	-4.790866e-03	1.738931e-01
8.000000e-07	-4.379515e-03	-5.513954e-02
8.100000e-07	5.693944e-03	-2.367372e-01
8.200000e-07	-7.829034e-04	-3.951143e-01
8.300000e-07	4.684325e-04	-6.583687e-01
8.400000e-07	-2.363134e-03	-8.078449e-01
8.500000e-07	-9.654491e-04	-1.038349e+00
8.600000e-07	-2.452893e-03	-1.257422e+00
8.700000e-07	-6.203530e-04	-1.471025e+00
8.800000e-07	5.072981e-02	-1.619400e+00
8.900000e-07	6.885199e-02	-1.851032e+00
9.000000e-07	-6.936421e-02	-2.191426e+00
9.100000e-07	-1.332769e-02	-2.466213e+00
9.200000e-07	-5.473632e-02	-2.633159e+00
9.300000e-07	-7.334463e-02	-2.795663e+00
9.400000e-07	8.458088e-02	-2.920500e+00
9.500000e-07	1.792558e-02	-3.117345e+00
9.600000e-07	-9.552662e-02	-3.361478e+00
9.700000e-07	1.767111e-01	-3.451523e+00
9.800000e-07	-1.180040e-01	-3.692529e+00
9.900000e-07	7.225924e-03	-3.965240e+00
1.000000e-06	7.344845e-02	-4.093000e+00
1.010000e-06	-1.638321e-01	-4.283769e+00
1.020000e-06	1.288385e-01	-4.525690e+00
1.030000e-06	-3.174451e-02	-4.695641e+00
1.040000e-06	7.821180e-03	-5.009952e+00
1.050000e-06	8.768963e-02	-5.170476e+00
1.060000e-06	-1.322137e-01	-5.341555e+00
1.070000e-06	8.086560e-02	-5.539509e+00
1.080000e-06	-5.125421e-02	-5.710954e+00
1.090000e-06	9.337188e-03	-5.952634e+00
1.100000e-06	4.887342e-02	-6.110979e+00
1.110000e-06	-8.177509e-02	-6.312524e+00
1.120000e-06	1.307523e-01	-6.500126e+00
1.130000e-06	-1.128661e-01	-6.704533e+00
1.140000e-06	6.092028e-02	-6.871633e+00
1.150000e-06	-2.537484e-02	-6.990478e+00
1.160000e-06	-2.686548e-02	-7.274637e+00
1.170000e-06	8.767926e-02	-7.411603e+00
1.180000e-06	-7.851466e-02	-7.619975e+00
1.190000e-06	7.363829e-02	-7.736371e+00
1.200000e-06	-7.362910e-02	-7.845693e+00
1.210000e-06	5.549062e-02	-8.096836e+00
1.220000e-06	-1.418445e-02	-8.225183e+00
1.230000e-06	-1.493813e-02	-8.382006e+00
1.240000e-06	3.336880e-02	-8.467817e+00
1.250000e-06	-4.236374e-02	-8.635191e+00
1.260000e-06	6.429912e-02	-8.812682e+00
1.270000e-06	-4.965728e-02	-8.950054e+00
1.280000e-06	3.361916e-02	-9.055873e+00
1.290000e-06	-2.214017e-02	-9.183683e+00
1.300000e-06	1.621582e-02	-9.289930e+00
1.310000e-06	3.616080e-03	-9.417292e+00
1.320000e-06	-8.910513e-03	-9.566565e+00
1.330000e-06	1.357060e-02	-9.649925e+00
1.340000e-06	-1.108323e-02	-9.776818e+00
1.350000e-06	2.778804e-02	-9.891578e+00
1.360000e-06	-1.876334e-02	-9.967796e+00
1.370000e-06	1.494850e-02	-1.009115e+01
1.380000e-06	-1.197996e-02	-1.018780e+01
1.390000e-06	1.589628e-02	-1.028248e+01
1.400000e-06	-7.840271e-03	-1.036834e+01
1.410000e-06	3.315782e-03	-1.048265e+01
1.420000e-06	2.444758e-03	-1.054619e+01
1.430000e-06	5.444424e-03	-1.064000e+01
1.440000e-06	1.047016e-02	-1.070358e+01
1.450000e-06	-6.697902e-03	-1.076883e+01
1.460000e-06	6.968060e-03	-1.083151e+01
1.470000e-06	-4.601310e-03	-1.090527e+01
1.480000e-06	1.561162e-02	-1.094797e+01
1.490000e-06	-2.801467e-03	-1.104111e+01
1.500000e-06	4.337652e-03	-1.109671e+01
1.510000e-06	-2.411287e-03	-1.114682e+01
1.520000e-06	5.634565e-03	-1.120095e+01
1.530000e-06	3.371194e-03	-1.117108e+01
1.540000e-06	-1.695472e-04	-1.124263e+01
1.550000e-06	5.329866e-03	-1.126268e+01
1.560000e-06	2.742178e-03	-1.126339e+01
1.570000e-06	8.622803e-03	-1.130439e+01
1.580000e-06	-7.013822e-05	-1.132486e+01
1.590000e-06	-4.393741e-04	-1.129782e+01
1.600000e-06	1.672679e-03	-1.131977e+01
1.610000e-06	6.292730e-03	-1.132684e+01
1.620000e-06	4.400739e-03	-1.127581e+01
1.630000e-06	2.861542e-03	-1.127634e+01
1.640000e-06	2.330585e-03	-1.131536e+01
1.650000e-06	5.983806e-03	-1.125574e+01
1.660000e-06	4.713988e-03	-1.125264e+01
1.670000e-06	1.657592e-03	-1.124511e+01
1.680000e-06	1.000283e-03	-1.118748e+01
1.690000e-06	4.210134e-03	-1.111842e+01
1.700000e-06	5.890170e-03	-1.111474e+01
1.710000e-06	3.207538e-03	-1.104171e+01
1.720000e-06	1.566483e-03	-1.098102e+01
1.730000e-06	2.416034e-03	-1.097882e+01
1.740000e-06	4.749098e-03	-1.087216e+01
1.750000e-06	6.599106e-03	-1.081007e+01
1.760000e-06	2.879356e-03	-1.076673e+01
1.770000e-06	2.842311e-03	-1.069358e+01
1.780000e-06	4.322123e-03	-1.058596e+01
1.790000e-06	5.620551e-03	-1.048153e+01
1.800000e-06	3.475606e-03	-1.041541e+01
1.810000e-06	1.452143e-03	-1.032210e+01
1.820000e-06	3.045678e-03	-1.020632e+01
1.830000e-06	4.526313e-03	-1.012321e+01
1.840000e-06	5.316771e-03	-1.006047e+01
1.850000e-06	2.723094e-03	-9.952681e+00
1.860000e-06	3.396038e-03	-9.889819e+00
1.870000e-06	4.818565e-03	-9.792729e+00
1.880000e-06	5.134163e-03	-9.636287e+00
1.890000e-06	3.530718e-03	-9.467469e+00
1.900000e-06	1.914674e-03	-9.413158e+00
1.910000e-06	4.402283e-03	-9.285340e+00
1.920000e-06	4.539203e-03	-9.177525e+00
1.930000e-06	5.549606e-03	-9.072734e+00
1.940000e-06	3.392065e-03	-8.905315e+00
1.950000e-06	3.381987e-03	-8.747924e+00
1.960000e-06	4.459527e-03	-8.621204e+00
1.970000e-06	4.003246e-03	-8.494708e+00
1.980000e-06	1.531408e-03	-8.344867e+00
1.990000e-06	1.706697e-03	-8.248950e+00
2.000000e-06	1.697158e-03	-8.010473e+00
2.010000e-06	3.351612e-03	-7.920653e+00
2.020000e-06	2.314209e-03	-7.752709e+00
2.030000e-06	2.008468e-03	-7.557264e+00
2.040000e-06	2.181874e-03	-7.457888e+00
2.050000e-06	2.655779e-03	-7.246947e+00
2.060000e-06	2.209296e-03	-7.076367e+00
2.070000e-06	2.287977e-04	-6.926440e+00
2.080000e-06	1.051131e-03	-6.728522e+00
2.090000e-06	3.770193e-04	-6.518420e+00
2.100000e-06	1.220622e-03	-6.368042e+00
2.110000e-06	-4.529770e-04	-6.180095e+00
2.120000e-06	-2.436051e-03	-6.019076e+00
2.130000e-06	-7.471428e-05	-5.817946e+00
2.140000e-06	3.107134e-04	-5.618942e+00
2.150000e-06	-7.421977e-04	-5.398872e+00
2.160000e-06	-1.115672e-03	-5.238092e+00
2.170000e-06	-1.768891e-03	-5.037919e+00
2.180000e-06	-1.518403e-03	-4.795288e+00
2.190000e-06	-9.605411e-04	-4.592205e+00
2.200000e-06	-1.791062e-03	-4.360102e+00
2.210000e-06	-2.949657e-03	-4.179604e+00
2.220000e-06	-3.007601e-03	-4.010159e+00
2.230000e-06	-1.579633e-03	-3.802602e+00
2.240000e-06	-1.938403e-03	-3.599132e+00
2.250000e-06	-1.814598e-03	-3.399446e+00
2.260000e-06	-4.105613e-03	-3.178444e+00
2.270000e-06	-2.822479e-03	-2.987972e+00
2.280000e-06	-2.447043e-03	-2.754811e+00
2.290000e-06	-2.239724e-03	-2.542787e+00
2.300000e-06	-4.488864e-03	-2.346235e+00
2.310000e-06	-4.619078e-03	-2.143734e+00
2.320000e-06	-5.996034e-03	-1.938999e+00
2.330000e-06	-3.690521e-03	-1.730474e+00
2.340000e-06	-4.651131e-03	-1.488549e+00
2.350000e-06	-2.944351e-03	-1.243236e+00
2.360000e-06	-3.830278e-03	-1.022658e+00
2.370000e-06	-1.040314e-03	-8.026228e-01
2.380000e-06	-3.087817e-03	-5.994684e-01
2.390000e-06	-3.952377e-03	-3.489449e-01
2.400000e-06	-5.497640e-03	-1.658659e-01
2.410000e-06	-3.887340e-04	1.313665e-02
2.420000e-06	3.057278e-03	2.768683e-01
2.430000e-06	-1.971262e-03	4.547959e-01
2.440000e-06	1.577015e-03	6.267921e-01
2.450000e-06	-2.246139e-03	7.748608e-01
2.460000e-06	1.605709e-04	1.069376e+00
2.470000e-06	-1.062085e-03	1.260026e+00
2.480000e-06	5.285436e-03	1.475508e+00
2.490000e-06	3.995134e-02	1.704184e+00
2.500000e-06	6.726654e-02	1.924139e+00
2.510000e-06	-6.101812e-02	2.137795e+00
2.520000e-06	-3.505132e-02	2.411150e+00
2.530000e-06	-3.526211e-02	2.631608e+00
2.540000e-06	-5.236012e-02	2.771555e+00
2.550000e-06	-4.311925e-02	2.938871e+00
2.560000e-06	1.149056e-01	3.056920e+00
2.570000e-06	-7.329717e-02	3.341028e+00
2.580000e-06	2.555614e-02	3.428374e+00
2.590000e-06	9.995562e-02	3.700481e+00
2.600000e-06	-1.228301e-01	3.921628e+00
2.610000e-06	6.757850e-02	4.070528e+00
2.620000e-06	-5.819138e-02	4.294211e+00
2.630000e-06	-3.716200e-02	4.532659e+00
2.640000e-06	6.319225e-02	4.818451e+00
2.650000e-06	-3.036620e-02	5.001029e+00
2.660000e-06	2.778417e-02	5.149103e+00
2.670000e-06	-1.523864e-02	5.371033e+00
2.680000e-06	-3.011894e-02	5.603607e+00
2.690000e-06	1.504988e-02	5.791053e+00
2.700000e-06	-2.983219e-02	5.930479e+00
2.710000e-06	3.247180e-02	6.161079e+00
2.720000e-06	-3.704078e-02	6.372106e+00
2.730000e-06	2.689778e-02	6.502033e+00
2.740000e-06	2.567702e-03	6.640524e+00
2.750000e-06	-4.237317e-02	6.841551e+00
2.760000e-06	2.042157e-02	7.090055e+00
2.770000e-06	-3.337583e-02	7.261504e+00
2.780000e-06	2.399834e-02	7.390596e+00
2.790000e-06	-1.311044e-02	7.622054e+00
2.800000e-06	-6.827215e-05	7.747821e+00
2.810000e-06	-1.036647e-02	7.884739e+00
2.820000e-06	-1.099412e-02	8.064107e+00
2.830000e-06	7.171446e-03	8.159450e+00
2.840000e-06	-2.100080e-02	8.318920e+00
2.850000e-06	3.519383e-03	8.508767e+00
2.860000e-06	-1.270871e-02	8.632260e+00
2.870000e-06	3.810169e-03	8.779980e+00
2.880000e-06	-2.268097e-03	8.876394e+00
2.890000e-06	-1.459075e-02	9.044737e+00
2.900000e-06	-6.299971e-03	9.172611e+00
2.910000e-06	-1.316425e-02	9.288525e+00
2.920000e-06	2.017147e-03	9.405791e+00
2.930000e-06	-1.226505e-02	9.501098e+00
2.940000e-06	-5.630691e-03	9.615268e+00
2.950000e-06	-8.395257e-03	9.722609e+00
2.960000e-06	-2.840660e-03	9.869919e+00
2.970000e-06	-4.101950e-03	9.956661e+00
2.980000e-06	-1.175016e-02	1.005106e+01
2.990000e-06	-7.040455e-03	1.016479e+01
3.000000e-06	-1.022464e-02	1.024000e+01
3.010000e-06	-3.822729e-03	1.033366e+01
3.020000e-06	-9.852216e-03	1.035890e+01
3.030000e-06	-8.864654e-03	1.046098e+01
3.040000e-06	-8.803106e-03	1.055784e+01
3.050000e-06	-4.615400e-03	1.068150e+01
3.060000e-06	-7.616532e-03	1.075428e+01
3.070000e-06	-1.254338e-02	1.078840e+01
3.080000e-06	-9.798527e-03	1.083410e+01
3.090000e-06	-5.549171e-03	1.095579e+01
3.100000e-06	-5.442764e-03	1.097789e+01
3.110000e-06	-1.027654e-02	1.099000e+01
3.120000e-06	-1.174824e-02	1.101011e+01
3.130000e-06	-1.126854e-02	1.106371e+01
3.140000e-06	-8.593754e-03	1.112474e+01
3.150000e-06	-8.831646e-03	1.113587e+01
3.160000e-06	-9.866364e-03	1.115792e+01
3.170000e-06	-9.200520e-03	1.119800e+01
3.180000e-06	-6.486487e-03	1.114805e+01
3.190000e-06	-8.278592e-03	1.120797e+01
3.200000e-06	-1.190732e-02	1.122908e+01
3.210000e-06	-1.251766e-02	1.122803e+01
3.220000e-06	-1.087125e-02	1.118808e+01
3.230000e-06	-1.055251e-02	1.121950e+01
3.240000e-06	-9.411097e-03	1.118697e+01
3.250000e-06	-1.185242e-02	1.116642e+01
3.260000e-06	-1.000527e-02	1.118644e+01
3.270000e-06	-9.762884e-03	1.114589e+01
3.280000e-06	-1.047244e-02	1.113439e+01
3.290000e-06	-1.166969e-02	1.108161e+01
3.300000e-06	-1.073454e-02	1.105108e+01
3.310000e-06	-1.084285e-02	1.101100e+01
3.320000e-06	-1.022800e-02	1.095584e+01
3.330000e-06	-1.139207e-02	1.091278e+01
3.340000e-06	-1.167343e-02	1.086008e+01
3.350000e-06	-1.149191e-02	1.082784e+01
3.360000e-06	-1.005499e-02	1.073311e+01
3.370000e-06	-1.023216e-02	1.063790e+01
3.380000e-06	-1.170841e-02	1.059523e+01
3.390000e-06	-1.107812e-02	1.048003e+01
3.400000e-06	-1.175362e-02	1.036586e+01
3.410000e-06	-1.208450e-02	1.029111e+01
3.420000e-06	-1.184412e-02	1.022592e+01
3.430000e-06	-1.126173e-02	1.012318e+01
3.440000e-06	-1.158259e-02	1.007790e+01
3.450000e-06	-1.155302e-02	1.000223e+01
3.460000e-06	-1.243487e-02	9.868345e+00
3.470000e-06	-1.183045e-02	9.780626e+00
3.480000e-06	-1.034823e-02	9.634336e+00
3.490000e-06	-1.162172e-02	9.518969e+00
3.500000e-06	-1.090775e-02	9.413734e+00
3.510000e-06	-1.329996e-02	9.295511e+00
3.520000e-06	-1.217273e-02	9.160423e+00
3.530000e-06	-1.246343e-02	9.060179e+00
3.540000e-06	-1.160336e-02	8.895310e+00
3.550000e-06	-1.318575e-02	8.766965e+00
3.560000e-06	-1.225255e-02	8.661653e+00
3.570000e-06	-1.004350e-02	8.475284e+00
3.580000e-06	-9.347174e-03	8.366867e+00
3.590000e-06	-1.133391e-02	8.226911e+00
3.600000e-06	-1.287310e-02	8.059000e+00
3.610000e-06	-1.088575e-02	7.902656e+00
3.620000e-06	-8.761399e-03	7.763336e+00
3.630000e-06	-1.044771e-02	7.615361e+00
3.640000e-06	-1.307653e-02	7.443815e+00
3.650000e-06	-1.205147e-02	7.307967e+00
3.660000e-06	-9.037825e-03	7.107997e+00
3.670000e-06	-7.850650e-03	6.908467e+00
3.680000e-06	-9.883318e-03	6.757417e+00
3.690000e-06	-1.041094e-02	6.579472e+00
3.700000e-06	-1.136881e-02	6.400076e+00
3.710000e-06	-8.350590e-03	6.180496e+00
3.720000e-06	-7.738660e-03	6.049022e+00
3.730000e-06	-9.882350e-03	5.831148e+00
3.740000e-06	-1.028288e-02	5.661149e+00
3.750000e-06	-7.675117e-03	5.461049e+00
3.760000e-06	-6.800012e-03	5.319572e+00
3.770000e-06	-7.256366e-03	5.068523e+00
3.780000e-06	-8.415463e-03	4.878021e+00
3.790000e-06	-8.719073e-03	4.633812e+00
3.800000e-06	-5.872955e-03	4.424209e+00
3.810000e-06	-7.414408e-03	4.223758e+00
3.820000e-06	-7.657016e-03	4.044206e+00
3.830000e-06	-9.280155e-03	3.810650e+00
3.840000e-06	-6.277695e-03	3.600678e+00
3.850000e-06	-5.786481e-03	3.420600e+00
3.860000e-06	-7.061546e-03	3.251196e+00
3.870000e-06	-7.833313e-03	2.957892e+00
3.880000e-06	-6.068457e-03	2.827967e+00
3.890000e-06	-4.245564e-03	2.607996e+00
3.900000e-06	-5.430299e-03	2.362360e+00
3.910000e-06	-6.977864e-03	2.181230e+00
3.920000e-06	-5.905661e-03	1.971203e+00
3.930000e-06	-5.319817e-03	1.763154e+00
3.940000e-06	-5.078790e-03	1.548972e+00
3.950000e-06	-5.649562e-03	1.357415e+00
3.960000e-06	-5.842633e-03	1.084840e+00
3.970000e-06	-4.525774e-03	8.302288e-01
3.980000e-06	-4.373223e-03	5.996011e-01
3.990000e-06	-4.034591e-03	4.189986e-01
4.000000e-06	-4.618102e-03	1.760195e-01
4.010000e-06	-3.938500e-03	-6.366434e-02
4.020000e-06	4.651545e-03	-2.252119e-01
4.030000e-06	-1.340732e-03	-3.741607e-01
4.040000e-06	-9.583731e-04	-6.473197e-01
4.050000e-06	-1.993647e-03	-8.272920e-01
4.060000e-06	-2.532749e-03	-1.006766e+00
4.070000e-06	-1.666554e-03	-1.247795e+00
4.080000e-06	6.845868e-04	-1.460951e+00
4.090000e-06	4.968169e-02	-1.629445e+00
4.100000e-06	7.193174e-02	-1.823028e+00
4.110000e-06	-6.857334e-02	-2.180824e+00
4.120000e-06	-1.341908e-02	-2.466212e+00
4.130000e-06	-5.286816e-02	-2.612608e+00
4.140000e-06	-7.533242e-02	-2.826260e+00
4.150000e-06	7.929202e-02	-2.928925e+00
4.160000e-06	2.763366e-02	-3.096744e+00
4.170000e-06	-1.034744e-01	-3.291474e+00
4.180000e-06	1.771050e-01	-3.438821e+00
4.190000e-06	-1.107652e-01	-3.721002e+00
4.200000e-06	-2.160395e-03	-3.924136e+00
4.210000e-06	8.232304e-02	-4.052003e+00
4.220000e-06	-1.734476e-01	-4.353715e+00
4.230000e-06	1.276538e-01	-4.515261e+00
4.240000e-06	-2.033994e-02	-4.705214e+00
4.250000e-06	-4.348431e-03	-4.962803e+00
4.260000e-06	9.602882e-02	-5.129899e+00
4.270000e-06	-1.352994e-01	-5.349926e+00
4.280000e-06	8.179354e-02	-5.560003e+00
4.290000e-06	-4.717804e-02	-5.731450e+00
4.300000e-06	1.904942e-03	-5.952134e+00
4.310000e-06	5.345603e-02	-6.111449e+00
4.320000e-06	-8.515186e-02	-6.292553e+00
4.330000e-06	1.338589e-01	-6.530552e+00
4.340000e-06	-1.117837e-01	-6.702999e+00
4.350000e-06	5.289497e-02	-6.891509e+00
4.360000e-06	-1.786806e-02	-7.069374e+00
4.370000e-06	-3.463404e-02	-7.242181e+00
4.380000e-06	9.010436e-02	-7.451980e+00
4.390000e-06	-7.835984e-02	-7.599451e+00
4.400000e-06	7.804279e-02	-7.727393e+00
4.410000e-06	-7.242633e-02	-7.844191e+00
4.420000e-06	4.829035e-02	-8.084711e+00
4.430000e-06	-7.774128e-03	-8.215083e+00
4.440000e-06	-1.699590e-02	-8.380575e+00
4.450000e-06	3.284134e-02	-8.486294e+00
4.460000e-06	-4.752367e-02	-8.634161e+00
4.470000e-06	6.746464e-02	-8.763582e+00
4.480000e-06	-4.466878e-02	-8.940455e+00
4.490000e-06	2.869113e-02	-9.045889e+00
4.500000e-06	-2.200073e-02	-9.182706e+00
4.510000e-06	1.786871e-02	-9.279977e+00
4.520000e-06	7.443460e-03	-9.445293e+00
4.530000e-06	-1.327341e-02	-9.564112e+00
4.540000e-06	1.322684e-02	-9.680951e+00
4.550000e-06	-1.352083e-02	-9.785841e+00
4.560000e-06	3.058952e-02	-9.910551e+00
4.570000e-06	-1.636610e-02	-9.986762e+00
4.580000e-06	1.445918e-02	-1.006213e+01
4.590000e-06	-1.550939e-02	-1.016726e+01
4.600000e-06	1.653582e-02	-1.022206e+01
4.610000e-06	-1.256198e-03	-1.036537e+01
4.620000e-06	2.760141e-03	-1.048253e+01
4.630000e-06	-2.475132e-03	-1.048633e+01
4.640000e-06	3.568882e-03	-1.065958e+01
4.650000e-06	1.327395e-02	-1.066266e+01
4.660000e-06	-7.214506e-03	-1.081842e+01
4.670000e-06	4.880790e-03	-1.085110e+01
4.680000e-06	-5.409743e-03	-1.087426e+01
4.690000e-06	1.690379e-02	-1.096092e+01
4.700000e-06	3.334298e-04	-1.096303e+01
4.710000e-06	4.244347e-03	-1.105624e+01
4.720000e-06	-4.093881e-03	-1.110576e+01
4.730000e-06	4.735471e-03	-1.119948e+01
4.740000e-06	5.772639e-03	-1.120161e+01
4.750000e-06	6.359245e-04	-1.126265e+01
4.760000e-06	2.641044e-03	-1.124421e+01
4.770000e-06	2.086535e-03	-1.128579e+01
4.780000e-06	1.003784e-02	-1.127521e+01
4.790000e-06	2.548229e-03	-1.127434e+01
4.800000e-06	-1.072372e-03	-1.128534e+01
4.810000e-06	-1.494450e-04	-1.130692e+01
4.820000e-06	4.179298e-03	-1.128384e+01
4.830000e-06	6.228258e-03	-1.131729e+01
4.840000e-06	4.180061e-03	-1.130484e+01
4.850000e-06	1.904525e-03	-1.123576e+01
4.860000e-06	4.223972e-03	-1.124516e+01
4.870000e-06	5.950529e-03	-1.125221e+01
4.880000e-06	3.297709e-03	-1.120263e+01
4.890000e-06	7.369036e-04	-1.118958e+01
4.900000e-06	2.161174e-03	-1.118847e+01
4.910000e-06	6.145788e-03	-1.112689e+01
4.920000e-06	5.650186e-03	-1.102250e+01
4.930000e-06	2.431330e-03	-1.101957e+01
4.940000e-06	7.001234e-04	-1.095681e+01
4.950000e-06	3.466944e-03	-1.089526e+01
4.960000e-06	6.187450e-03	-1.084903e+01
4.970000e-06	5.427581e-03	-1.076376e+01
4.980000e-06	3.495808e-03	-1.068203e+01
4.990000e-06	3.740777e-03	-1.060771e+01
5.000000e-06	4.091427e-03	-1.049223e+01
5.010000e-06	4.954513e-03	-1.039632e+01
5.020000e-06	-7.191750e-04	-1.030115e+01
5.030000e-06	3.479073e-03	-1.019679e+01
5.040000e-06	3.697511e-03	-1.019168e+01
5.050000e-06	9.111864e-03	-1.007745e+01
5.060000e-06	4.607970e-03	-9.945229e+00
5.070000e-06	2.474351e-03	-9.858419e+00
5.080000e-06	1.731802e-03	-9.763078e+00
5.090000e-06	3.640605e-03	-9.665313e+00
5.100000e-06	3.798829e-03	-9.530518e+00
5.110000e-06	2.975033e-03	-9.423231e+00
5.120000e-06	4.223811e-03	-9.275365e+00
5.130000e-06	5.890137e-03	-9.179502e+00
5.140000e-06	6.479275e-03	-9.064658e+00
5.150000e-06	2.218386e-03	-8.936442e+00
5.160000e-06	2.748631e-03	-8.748900e+00
5.170000e-06	1.898809e-03	-8.681580e+00
5.180000e-06	3.950275e-03	-8.474736e+00
5.190000e-06	2.701461e-03	-8.337441e+00
5.200000e-06	3.395816e-03	-8.210023e+00
5.210000e-06	1.874361e-03	-8.030375e+00
5.220000e-06	4.759886e-03	-7.901554e+00
5.230000e-06	1.663864e-03	-7.755259e+00
5.240000e-06	3.286986e-03	-7.535365e+00
5.250000e-06	-3.315681e-03	-7.477890e+00
5.260000e-06	3.147685e-03	-7.238268e+00
5.270000e-06	-1.379631e-03	-7.066442e+00
5.280000e-06	4.401196e-03	-6.866916e+00
5.290000e-06	-8.142247e-05	-6.738490e+00
5.300000e-06	3.933035e-03	-6.547391e+00
5.310000e-06	1.093245e-03	-6.348394e+00
5.320000e-06	6.105581e-04	-6.199497e+00
5.330000e-06	-3.163317e-03	-5.979549e+00
5.340000e-06	-2.658311e-03	-5.800947e+00
5.350000e-06	-1.964008e-03	-5.608470e+00
5.360000e-06	9.241512e-04	-5.396997e+00
5.370000e-06	6.746827e-04	-5.289022e+00
5.380000e-06	-6.958876e-05	-5.026469e+00
5.390000e-06	3.931513e-05	-4.797337e+00
5.400000e-06	-3.281988e-03	-4.562781e+00
5.410000e-06	-2.294623e-03	-4.321179e+00
5.420000e-06	-5.211684e-03	-4.191154e+00
5.430000e-06	-2.900801e-03	-4.002705e+00
5.440000e-06	-3.542419e-03	-3.804177e+00
5.450000e-06	6.407125e-04	-3.582652e+00
5.460000e-06	4.100737e-04	-3.388550e+00
5.470000e-06	-3.906925e-03	-3.149498e+00
5.480000e-06	-3.839792e-03	-2.998974e+00
5.490000e-06	-3.951938e-03	-2.766317e+00
5.500000e-06	-1.668438e-03	-2.527314e+00
5.510000e-06	-4.764596e-03	-2.334286e+00
5.520000e-06	-3.650743e-03	-2.125231e+00
5.530000e-06	-6.813519e-03	-1.911076e+00
5.540000e-06	-1.908264e-03	-1.729548e+00
5.550000e-06	-4.368362e-03	-1.480550e+00
5.560000e-06	-1.734704e-03	-1.256786e+00
5.570000e-06	-5.957391e-03	-9.837090e-01
5.580000e-06	-2.272400e-03	-8.015791e-01
5.590000e-06	-3.567406e-03	-5.990711e-01
5.600000e-06	-4.124196e-03	-3.568935e-01
5.610000e-06	-5.916242e-03	-1.968673e-01
5.620000e-06	7.501662e-05	2.315671e-02
5.630000e-06	4.879068e-03	2.872895e-01
5.640000e-06	-1.568745e-03	4.457146e-01
5.650000e-06	1.957958e-03	6.247659e-01
5.660000e-06	-3.976886e-03	8.247169e-01
5.670000e-06	-5.471963e-04	1.047920e+00
5.680000e-06	-2.887438e-03	1.279999e+00
5.690000e-06	4.803795e-03	1.472582e+00
5.700000e-06	3.891199e-02	1.692055e+00
5.710000e-06	7.065174e-02	1.884161e+00
5.720000e-06	-5.833739e-02	2.198771e+00
5.730000e-06	-3.569259e-02	2.381453e+00
5.740000e-06	-3.561016e-02	2.592609e+00
5.750000e-06	-5.376803e-02	2.779054e+00
5.760000e-06	-4.651240e-02	2.928921e+00
5.770000e-06	1.129302e-01	3.088218e+00
5.780000e-06	-6.604767e-02	3.341000e+00
5.790000e-06	1.534953e-02	3.487815e+00
5.800000e-06	1.099564e-01	3.729396e+00
5.810000e-06	-1.219863e-01	3.944079e+00
5.820000e-06	6.133686e-02	4.071482e+00
5.830000e-06	-5.574109e-02	4.374658e+00
5.840000e-06	-3.612420e-02	4.503207e+00
5.850000e-06	6.339263e-02	4.779418e+00
5.860000e-06	-3.072818e-02	5.041026e+00
5.870000e-06	2.245148e-02	5.169475e+00
5.880000e-06	-1.149240e-02	5.399054e+00
5.890000e-06	-2.982659e-02	5.572480e+00
5.900000e-06	1.443716e-02	5.791529e+00
5.910000e-06	-3.185259e-02	5.951949e+00
5.920000e-06	3.327795e-02	6.179552e+00
5.930000e-06	-3.117161e-02	6.332057e+00
5.940000e-06	2.298420e-02	6.551075e+00
5.950000e-06	5.357070e-03	6.659500e+00
5.960000e-06	-4.735561e-02	6.838971e+00
5.970000e-06	2.105818e-02	7.069550e+00
5.980000e-06	-3.367099e-02	7.251075e+00
5.990000e-06	2.436799e-02	7.429474e+00
6.000000e-06	-9.659620e-03	7.600547e+00
6.010000e-06	-2.474743e-03	7.778895e+00
6.020000e-06	-9.760122e-03	7.904262e+00
6.030000e-06	-1.070387e-02	8.083136e+00
6.040000e-06	9.358178e-03	8.169473e+00
6.050000e-06	-2.468532e-02	8.327416e+00
6.060000e-06	1.651141e-03	8.506739e+00
6.070000e-06	-1.063113e-02	8.674185e+00
6.080000e-06	4.491564e-03	8.780524e+00
6.090000e-06	-3.406308e-03	8.896742e+00
6.100000e-06	-1.566635e-02	9.023610e+00
6.110000e-06	-3.430451e-03	9.181553e+00
6.120000e-06	-1.183726e-02	9.310023e+00
6.130000e-06	1.777973e-03	9.404761e+00
6.140000e-06	-1.345359e-02	9.502100e+00
6.150000e-06	-5.903848e-03	9.607339e+00
6.160000e-06	-8.595829e-03	9.741656e+00
6.170000e-06	-2.464753e-03	9.841420e+00
6.180000e-06	-5.910998e-03	9.976742e+00
6.190000e-06	-1.453732e-02	1.006995e+01
6.200000e-06	-6.800320e-03	1.015471e+01
6.210000e-06	-6.109230e-03	1.021842e+01
6.220000e-06	-2.912958e-03	1.033416e+01
6.230000e-06	-1.132772e-02	1.039736e+01
6.240000e-06	-9.123159e-03	1.050105e+01
6.250000e-06	-7.839521e-03	1.057589e+01
6.260000e-06	-5.420157e-03	1.063900e+01
6.270000e-06	-9.397870e-03	1.072579e+01
6.280000e-06	-1.241571e-02	1.083803e+01
6.290000e-06	-9.752671e-03	1.088066e+01
6.300000e-06	-5.636261e-03	1.091474e+01
6.310000e-06	-4.027735e-03	1.093840e+01
6.320000e-06	-1.078457e-02	1.100947e+01
6.330000e-06	-1.196105e-02	1.102216e+01
6.340000e-06	-9.978255e-03	1.106268e+01
6.350000e-06	-6.919464e-03	1.115426e+01
6.360000e-06	-1.115150e-02	1.109482e+01
6.370000e-06	-1.151201e-02	1.113587e+01
6.380000e-06	-9.358578e-03	1.116747e+01
6.390000e-06	-6.034403e-03	1.119850e+01
6.400000e-06	-8.386395e-03	1.121895e+01
6.410000e-06	-1.180013e-02	1.122910e+01
6.420000e-06	-1.215584e-02	1.120010e+01
6.430000e-06	-8.338399e-03	1.125055e+01
6.440000e-06	-9.308830e-03	1.121863e+01
6.450000e-06	-1.101016e-02	1.119897e+01
6.460000e-06	-1.260976e-02	1.117844e+01
6.470000e-06	-1.018334e-02	1.117644e+01
6.480000e-06	-9.412901e-03	1.111624e+01
6.490000e-06	-1.067603e-02	1.113323e+01
6.500000e-06	-1.236522e-02	1.110226e+01
6.510000e-06	-1.040585e-02	1.102058e+01
6.520000e-06	-8.955274e-03	1.101847e+01
6.530000e-06	-8.656178e-03	1.095439e+01
6.540000e-06	-1.183050e-02	1.090369e+01
6.550000e-06	-1.229948e-02	1.089003e+01
6.560000e-06	-1.118462e-02	1.082789e+01
6.570000e-06	-1.019064e-02	1.077365e+01
6.580000e-06	-1.080905e-02	1.064947e+01
6.590000e-06	-1.234806e-02	1.054378e+01
6.600000e-06	-1.147809e-02	1.045756e+01
6.610000e-06	-1.058327e-02	1.038541e+01
6.620000e-06	-1.090043e-02	1.031207e+01
6.630000e-06	-1.164658e-02	1.021747e+01
6.640000e-06	-1.221032e-02	1.014316e+01
6.650000e-06	-1.109558e-02	1.009750e+01
6.660000e-06	-1.124684e-02	9.952202e+00
6.670000e-06	-1.191977e-02	9.875894e+00
6.680000e-06	-1.325482e-02	9.741650e+00
6.690000e-06	-1.049603e-02	9.603837e+00
6.700000e-06	-1.142884e-02	9.519475e+00
6.710000e-06	-9.847394e-03	9.412756e+00
6.720000e-06	-1.334603e-02	9.296912e+00
6.730000e-06	-1.118890e-02	9.157998e+00
6.740000e-06	-1.261420e-02	9.020648e+00
6.750000e-06	-1.082291e-02	8.895862e+00
6.760000e-06	-1.337748e-02	8.777416e+00
6.770000e-06	-1.296872e-02	8.673107e+00
6.780000e-06	-1.210689e-02	8.535834e+00
6.790000e-06	-9.955479e-03	8.357837e+00
6.800000e-06	-1.160718e-02	8.216442e+00
6.810000e-06	-1.157463e-02	8.060524e+00
6.820000e-06	-1.104553e-02	7.913180e+00
6.830000e-06	-9.758259e-03	7.754387e+00
6.840000e-06	-1.050977e-02	7.606261e+00
6.850000e-06	-1.186469e-02	7.416915e+00
6.860000e-06	-9.690770e-03	7.297467e+00
6.870000e-06	-1.013096e-02	7.088944e+00
6.880000e-06	-8.110350e-03	6.897915e+00
6.890000e-06	-1.381088e-02	6.759520e+00
6.900000e-06	-8.501422e-03	6.539621e+00
6.910000e-06	-1.146417e-02	6.410553e+00
6.920000e-06	-5.079488e-03	6.199999e+00
6.930000e-06	-9.686016e-03	6.009522e+00
6.940000e-06	-6.974234e-03	5.819600e+00
6.950000e-06	-1.053825e-02	5.680651e+00
6.960000e-06	-7.553461e-03	5.491183e+00
6.970000e-06	-1.077280e-02	5.291049e+00
6.980000e-06	-1.017821e-02	5.077601e+00
6.990000e-06	-9.274946e-03	4.878548e+00
7.000000e-06	-5.419916e-03	4.646758e+00
7.010000e-06	-4.454192e-03	4.412810e+00
7.020000e-06	-6.078264e-03	4.224288e+00
7.030000e-06	-5.711355e-03	4.034380e+00
7.040000e-06	-8.952139e-03	3.820680e+00
7.050000e-06	-7.014013e-03	3.590679e+00
7.060000e-06	-9.282990e-03	3.439630e+00
7.070000e-06	-7.603015e-03	3.250624e+00
7.080000e-06	-7.047153e-03	3.018497e+00
7.090000e-06	-4.883724e-03	2.806500e+00
7.100000e-06	-4.757344e-03	2.617921e+00
7.110000e-06	-5.220439e-03	2.404362e+00
7.120000e-06	-5.520234e-03	2.182683e+00
7.130000e-06	-5.547024e-03	1.980758e+00
7.140000e-06	-5.601632e-03	1.783209e+00
7.150000e-06	-6.422474e-03	1.570545e+00
7.160000e-06	-5.836637e-03	1.288470e+00
7.170000e-06	-6.073335e-03	1.115367e+00
7.180000e-06	-4.438872e-03	8.586777e-01
7.190000e-06	-5.049101e-03	6.316738e-01
7.200000e-06	-4.412636e-03	4.300999e-01
7.210000e-06	-4.478003e-03	1.574933e-01
7.220000e-06	-2.566476e-03	-6.363796e-02
7.230000e-06	5.161278e-03	-2.251633e-01
7.240000e-06	-7.745253e-04	-4.040893e-01
7.250000e-06	-1.485834e-03	-6.488161e-01
7.260000e-06	-1.980903e-03	-8.272433e-01
7.270000e-06	-1.430487e-03	-1.036842e+00
7.280000e-06	-2.081948e-03	-1.239266e+00
7.290000e-06	-1.124343e-03	-1.441978e+00
7.300000e-06	4.686953e-02	-1.607870e+00
7.310000e-06	7.839925e-02	-1.818897e+00
7.320000e-06	-6.747852e-02	-2.168246e+00
7.330000e-06	-1.464312e-02	-2.453661e+00
7.340000e-06	-5.141400e-02	-2.622530e+00
7.350000e-06	-7.687484e-02	-2.793664e+00
7.360000e-06	7.558266e-02	-2.948395e+00
7.370000e-06	3.605002e-02	-3.085741e+00
7.380000e-06	-1.138050e-01	-3.308448e+00
7.390000e-06	1.767924e-01	-3.451475e+00
7.400000e-06	-1.036243e-01	-3.699949e+00
7.410000e-06	-1.665334e-02	-3.954612e+00
7.420000e-06	9.166493e-02	-4.061028e+00
7.430000e-06	-1.698581e-01	-4.345112e+00
7.440000e-06	1.208105e-01	-4.492711e+00
7.450000e-06	-1.151230e-02	-4.703132e+00
7.460000e-06	-1.523909e-02	-5.019846e+00
7.470000e-06	1.033610e-01	-5.179497e+00
7.480000e-06	-1.353913e-01	-5.398451e+00
7.490000e-06	7.467107e-02	-5.559950e+00
7.500000e-06	-4.155717e-02	-5.739925e+00
7.510000e-06	-4.230209e-03	-5.963557e+00
7.520000e-06	6.491964e-02	-6.141499e+00
7.530000e-06	-9.281424e-02	-6.320901e+00
7.540000e-06	1.331989e-01	-6.490983e+00
7.550000e-06	-1.089348e-01	-6.692557e+00
7.560000e-06	4.807713e-02	-6.912005e+00
7.570000e-06	-1.314642e-02	-6.997899e+00
7.580000e-06	-4.066440e-02	-7.273077e+00
7.590000e-06	9.632586e-02	-7.401450e+00
7.600000e-06	-7.946947e-02	-7.609000e+00
7.610000e-06	7.199362e-02	-7.716316e+00
7.620000e-06	-6.793457e-02	-7.905284e+00
7.630000e-06	4.656667e-02	-8.123265e+00
7.640000e-06	-3.287337e-03	-8.222008e+00
7.650000e-06	-2.387243e-02	-8.370025e+00
7.660000e-06	3.851630e-02	-8.536390e+00
7.670000e-06	-4.721302e-02	-8.624611e+00
7.680000e-06	6.433289e-02	-8.793151e+00
7.690000e-06	-4.658303e-02	-8.920001e+00
7.700000e-06	2.839718e-02	-9.057293e+00
7.710000e-06	-1.896527e-02	-9.163158e+00
7.720000e-06	1.353398e-02	-9.310024e+00
7.730000e-06	1.047122e-02	-9.447266e+00
7.740000e-06	-1.301863e-02	-9.575107e+00
7.750000e-06	1.449045e-02	-9.697954e+00
7.760000e-06	-1.307768e-02	-9.767367e+00
7.770000e-06	3.039714e-02	-9.901024e+00
7.780000e-06	-1.872212e-02	-9.977765e+00
7.790000e-06	1.303273e-02	-1.006110e+01
7.800000e-06	-1.119025e-02	-1.014537e+01
7.810000e-06	1.723134e-02	-1.029160e+01
7.820000e-06	-3.639467e-03	-1.038426e+01
7.830000e-06	2.150301e-03	-1.045310e+01
7.840000e-06	1.623433e-03	-1.052521e+01
7.850000e-06	3.576030e-03	-1.065040e+01
7.860000e-06	1.215348e-02	-1.069361e+01
7.870000e-06	-7.489357e-03	-1.075840e+01
7.880000e-06	5.175760e-03	-1.082263e+01
7.890000e-06	-4.528127e-03	-1.091534e+01
7.900000e-06	1.656286e-02	-1.098934e+01
7.910000e-06	-3.354850e-05	-1.106160e+01
7.920000e-06	3.401943e-03	-1.109574e+01
7.930000e-06	-2.074807e-03	-1.111827e+01
7.940000e-06	7.130599e-03	-1.119095e+01
7.950000e-06	5.799853e-03	-1.120058e+01
7.960000e-06	-2.163682e-04	-1.122318e+01
7.970000e-06	3.118388e-03	-1.123471e+01
7.980000e-06	2.133396e-03	-1.125531e+01
7.990000e-06	8.819268e-03	-1.129579e+01
8.000000e-06	1.239322e-03	-1.130539e+01
8.010000e-06	-3.435733e-04	-1.131637e+01
8.020000e-06	2.210908e-03	-1.131634e+01
8.030000e-06	5.926618e-03	-1.130834e+01
8.040000e-06	7.125528e-03	-1.131529e+01
8.050000e-06	3.088240e-03	-1.127579e+01
8.060000e-06	1.431459e-03	-1.125421e+01
8.070000e-06	4.460241e-03	-1.126326e+01
8.080000e-06	5.072388e-03	-1.123321e+01
8.090000e-06	3.005420e-03	-1.122018e+01
8.100000e-06	4.776372e-04	-1.119100e+01
8.110000e-06	2.236880e-03	-1.113592e+01
8.120000e-06	7.005668e-03	-1.112529e+01
8.130000e-06	5.514500e-03	-1.100218e+01
8.140000e-06	2.493328e-03	-1.104202e+01
8.150000e-06	1.674274e-03	-1.097629e+01
8.160000e-06	3.992304e-03	-1.089319e+01
8.170000e-06	5.941827e-03	-1.081853e+01
8.180000e-06	2.717368e-03	-1.071486e+01
8.190000e-06	2.286731e-03	-1.066218e+01
8.200000e-06	2.186403e-03	-1.058034e+01
8.210000e-06	6.307972e-03	-1.051218e+01
8.220000e-06	5.800509e-03	-1.040786e+01
8.230000e-06	2.287582e-03	-1.032318e+01
8.240000e-06	2.745362e-03	-1.022677e+01
8.250000e-06	3.781285e-03	-1.013413e+01
8.260000e-06	5.348759e-03	-1.003745e+01
8.270000e-06	3.024027e-03	-9.963782e+00
8.280000e-06	1.881276e-03	-9.888448e+00
8.290000e-06	3.065589e-03	-9.795132e+00
8.300000e-06	5.204349e-03	-9.636844e+00
8.310000e-06	4.327277e-03	-9.510049e+00
8.320000e-06	2.198999e-03	-9.393135e+00
8.330000e-06	3.236165e-03	-9.265815e+00
8.340000e-06	4.429129e-03	-9.201501e+00
8.350000e-06	5.087244e-03	-9.025710e+00
8.360000e-06	3.542114e-03	-8.936895e+00
8.370000e-06	2.843374e-03	-8.739025e+00
8.380000e-06	3.679794e-03	-8.662135e+00
8.390000e-06	3.003833e-03	-8.464211e+00
8.400000e-06	2.570152e-03	-8.376441e+00
8.410000e-06	2.715997e-03	-8.220544e+00
8.420000e-06	3.681002e-03	-8.041053e+00
8.430000e-06	2.558344e-03	-7.882148e+00
8.440000e-06	2.526465e-03	-7.735182e+00
8.450000e-06	1.619740e-03	-7.605314e+00
8.460000e-06	2.285752e-03	-7.457946e+00
8.470000e-06	8.384426e-04	-7.247369e+00
8.480000e-06	5.793323e-04	-7.076441e+00
8.490000e-06	2.964979e-04	-6.897523e+00
8.500000e-06	8.750182e-04	-6.698423e+00
8.510000e-06	1.074685e-03	-6.499918e+00
8.520000e-06	9.301598e-04	-6.318045e+00
8.530000e-06	-1.730472e-04	-6.208524e+00
8.540000e-06	2.071348e-04	-5.990028e+00
8.550000e-06	-3.344193e-04	-5.808545e+00
8.560000e-06	-4.117099e-04	-5.588472e+00
8.570000e-06	-4.729145e-04	-5.409020e+00
8.580000e-06	-2.642306e-03	-5.208076e+00
8.590000e-06	-1.169439e-03	-4.998021e+00
8.600000e-06	-1.757791e-03	-4.806862e+00
8.610000e-06	-1.267562e-03	-4.525286e+00
8.620000e-06	-2.185622e-03	-4.332674e+00
8.630000e-06	-1.737183e-03	-4.190657e+00
8.640000e-06	-1.477653e-03	-3.993760e+00
8.650000e-06	-2.343783e-03	-3.781658e+00
8.660000e-06	-2.654059e-03	-3.621130e+00
8.670000e-06	-1.987074e-03	-3.399577e+00
8.680000e-06	-3.814637e-03	-3.209025e+00
8.690000e-06	-2.904401e-03	-3.029024e+00
8.700000e-06	-3.206022e-03	-2.756988e+00
8.710000e-06	-2.405917e-03	-2.575338e+00
8.720000e-06	-3.773432e-03	-2.326289e+00
8.730000e-06	-3.110420e-03	-2.143814e+00
8.740000e-06	-5.563532e-03	-1.930103e+00
8.750000e-06	-3.577668e-03	-1.731624e+00
8.760000e-06	-5.651570e-03	-1.537529e+00
8.770000e-06	-3.238317e-03	-1.284863e+00
8.780000e-06	-3.532001e-03	-1.032754e+00
8.790000e-06	-3.884859e-03	-8.221067e-01
8.800000e-06	-4.447800e-03	-5.895726e-01
8.810000e-06	-3.174962e-03	-3.888948e-01
8.820000e-06	-4.400807e-03	-1.568659e-01
8.830000e-06	-2.324958e-05	2.003951e-03
8.840000e-06	2.911353e-03	2.767884e-01
8.850000e-06	-7.403783e-04	4.346856e-01
8.860000e-06	2.993841e-03	6.542634e-01
8.870000e-06	-4.387844e-03	8.261656e-01
8.880000e-06	1.823564e-05	1.057422e+00
8.890000e-06	-6.003359e-03	1.267345e+00
8.900000e-06	5.283553e-03	1.460901e+00
8.910000e-06	3.691093e-02	1.713107e+00
8.920000e-06	7.325923e-02	1.903582e+00
8.930000e-06	-5.687913e-02	2.168818e+00
8.940000e-06	-3.603523e-02	2.358425e+00
8.950000e-06	-3.265641e-02	2.590960e+00
8.960000e-06	-5.509379e-02	2.780101e+00
8.970000e-06	-4.851780e-02	2.927868e+00
8.980000e-06	1.047038e-01	3.067690e+00
8.990000e-06	-5.717330e-02	3.319978e+00
9.000000e-06	7.001462e-03	3.487848e+00
9.010000e-06	1.129836e-01	3.709424e+00
9.020000e-06	-1.247447e-01	3.922603e+00
9.030000e-06	6.418825e-02	4.090553e+00
9.040000e-06	-4.707338e-02	4.333029e+00
9.050000e-06	-4.398948e-02	4.485639e+00
9.060000e-06	6.194408e-02	4.787321e+00
9.070000e-06	-3.157488e-02	5.020949e+00
9.080000e-06	2.530661e-02	5.239369e+00
9.090000e-06	-9.241955e-03	5.401500e+00
9.100000e-06	-3.139416e-02	5.591105e+00
9.110000e-06	1.280060e-02	5.781528e+00
9.120000e-06	-2.788577e-02	5.959953e+00
9.130000e-06	2.944530e-02	6.148951e+00
9.140000e-06	-3.005635e-02	6.360128e+00
9.150000e-06	1.822048e-02	6.518502e+00
9.160000e-06	1.090042e-02	6.709448e+00
9.170000e-06	-4.820963e-02	6.840351e+00
9.180000e-06	2.251165e-02	7.072053e+00
9.190000e-06	-3.111514e-02	7.272004e+00
9.200000e-06	2.251257e-02	7.420375e+00
9.210000e-06	-1.009620e-02	7.659018e+00
9.220000e-06	-4.616256e-03	7.768820e+00
9.230000e-06	-7.688302e-03	7.925711e+00
9.240000e-06	-1.386951e-02	8.032156e+00
9.250000e-06	8.476929e-03	8.158452e+00
9.260000e-06	-2.324278e-02	8.346417e+00
9.270000e-06	4.793008e-03	8.485712e+00
9.280000e-06	-1.072302e-02	8.643262e+00
9.290000e-06	2.826670e-03	8.761104e+00
9.300000e-06	-2.872995e-03	8.895391e+00
9.310000e-06	-1.589510e-02	9.072662e+00
9.320000e-06	-5.713979e-03	9.161103e+00
9.330000e-06	-1.153021e-02	9.297371e+00
9.340000e-06	2.273662e-03	9.404736e+00
9.350000e-06	-1.241179e-02	9.510503e+00
9.360000e-06	-5.918303e-03	9.587315e+00
9.370000e-06	-7.442102e-03	9.720632e+00
9.380000e-06	-4.830915e-03	9.848396e+00
9.390000e-06	-5.421104e-03	9.985184e+00
9.400000e-06	-1.204565e-02	1.006005e+01
9.410000e-06	-7.627782e-03	1.015421e+01
9.420000e-06	-9.073842e-03	1.025047e+01
9.430000e-06	-4.691557e-03	1.035221e+01
9.440000e-06	-1.019024e-02	1.041882e+01
9.450000e-06	-9.591178e-03	1.048116e+01
9.460000e-06	-7.352005e-03	1.059431e+01
9.470000e-06	-4.501736e-03	1.069947e+01
9.480000e-06	-7.665844e-03	1.077573e+01
9.490000e-06	-1.111189e-02	1.080890e+01
9.500000e-06	-9.059815e-03	1.085214e+01
9.510000e-06	-8.248975e-03	1.091426e+01
9.520000e-06	-6.786948e-03	1.097685e+01
9.530000e-06	-1.070342e-02	1.102098e+01
9.540000e-06	-1.131484e-02	1.103258e+01
9.550000e-06	-9.943615e-03	1.109373e+01
9.560000e-06	-8.402709e-03	1.109519e+01
9.570000e-06	-8.522055e-03	1.111734e+01
9.580000e-06	-1.066219e-02	1.115592e+01
9.590000e-06	-9.391641e-03	1.119798e+01
9.600000e-06	-9.061576e-03	1.122750e+01
9.610000e-06	-8.459410e-03	1.120005e+01
9.620000e-06	-1.201863e-02	1.119053e+01
9.630000e-06	-1.146967e-02	1.119007e+01
9.640000e-06	-1.025831e-02	1.119853e+01
9.650000e-06	-8.838659e-03	1.117860e+01
9.660000e-06	-9.377791e-03	1.117900e+01
9.670000e-06	-1.021769e-02	1.116792e+01
9.680000e-06	-1.136774e-02	1.112639e+01
9.690000e-06	-9.813222e-03	1.114636e+01
9.700000e-06	-1.146922e-02	1.107376e+01
9.710000e-06	-1.214933e-02	1.107323e+01
9.720000e-06	-1.210625e-02	1.106308e+01
9.730000e-06	-9.883345e-03	1.100852e+01
9.740000e-06	-9.046528e-03	1.096587e+01
9.750000e-06	-9.879894e-03	1.093623e+01
9.760000e-06	-1.281703e-02	1.086268e+01
9.770000e-06	-1.078937e-02	1.077899e+01
9.780000e-06	-9.626016e-03	1.071223e+01
9.790000e-06	-1.049110e-02	1.062697e+01
9.800000e-06	-1.284784e-02	1.055571e+01
9.810000e-06	-1.303558e-02	1.048953e+01
9.820000e-06	-1.002129e-02	1.040639e+01
9.830000e-06	-9.826354e-03	1.030365e+01
9.840000e-06	-1.123637e-02	1.022692e+01
9.850000e-06	-1.251398e-02	1.017276e+01
9.860000e-06	-1.104850e-02	1.006155e+01
9.870000e-06	-1.068736e-02	9.982731e+00
9.880000e-06	-1.049247e-02	9.846344e+00
9.890000e-06	-1.441543e-02	9.722128e+00
9.900000e-06	-1.310215e-02	9.625840e+00
9.910000e-06	-1.179056e-02	9.487975e+00
9.920000e-06	-8.203283e-03	9.401757e+00
9.930000e-06	-1.276927e-02	9.316942e+00
9.940000e-06	-1.167577e-02	9.170049e+00
9.950000e-06	-1.339817e-02	9.040231e+00
9.960000e-06	-1.047386e-02	8.944290e+00
9.970000e-06	-1.197262e-02	8.766995e+00
9.980000e-06	-1.139685e-02	8.621108e+00
9.990000e-06	-1.282535e-02	8.554290e+00
1.000000e-05	-1.066535e-02	8.355890e+00
1.001000e-05	-1.242600e-02	8.176490e+00
1.002000e-05	-1.160460e-02	8.051052e+00
1.003000e-05	-1.252094e-02	7.932211e+00
1.004000e-05	-1.002939e-02	7.765886e+00
1.005000e-05	-9.012121e-03	7.606919e+00
1.006000e-05	-1.000277e-02	7.416942e+00
1.007000e-05	-9.950212e-03	7.297895e+00
1.008000e-05	-1.078769e-02	7.097474e+00
1.009000e-05	-9.690388e-03	6.928071e+00
1.010000e-05	-9.627410e-03	6.739069e+00
1.011000e-05	-1.000364e-02	6.569973e+00
1.012000e-05	-1.016521e-02	6.391629e+00
1.013000e-05	-8.699046e-03	6.222229e+00
1.014000e-05	-8.148416e-03	6.047550e+00
1.015000e-05	-8.194840e-03	5.830604e+00
1.016000e-05	-9.984170e-03	5.671655e+00
1.017000e-05	-8.474852e-03	5.432703e+00
1.018000e-05	-8.116387e-03	5.299626e+00
1.019000e-05	-7.693115e-03	5.052079e+00
1.020000e-05	-7.698095e-03	4.889622e+00
1.021000e-05	-8.074017e-03	4.623336e+00
1.022000e-05	-7.296541e-03	4.404364e+00
1.023000e-05	-6.904042e-03	4.203261e+00
1.024000e-05	-6.825408e-03	4.047813e+00
1.025000e-05	-9.085627e-03	3.831649e+00
1.026000e-05	-6.650744e-03	3.631154e+00
1.027000e-05	-4.791113e-03	3.441730e+00
1.028000e-05	-5.287187e-03	3.250604e+00
1.029000e-05	-8.576294e-03	2.998998e+00
1.030000e-05	-7.956830e-03	2.837970e+00
1.031000e-05	-6.848454e-03	2.618522e+00
1.032000e-05	-4.845000e-03	2.375385e+00
1.033000e-05	-5.984532e-03	2.172760e+00
1.034000e-05	-6.362258e-03	1.964282e+00
1.035000e-05	-6.134272e-03	1.765179e+00
1.036000e-05	-4.157093e-03	1.519074e+00
1.037000e-05	-4.597311e-03	1.357521e+00
1.038000e-05	-5.564864e-03	1.085440e+00
1.039000e-05	-6.159396e-03	8.221764e-01
1.040000e-05	-3.622561e-03	6.111288e-01
1.041000e-05	-4.550501e-03	4.206527e-01
1.042000e-05	-4.193507e-03	1.765235e-01
1.043000e-05	-5.821909e-03	3.739317e-02
1.044000e-05	4.288865e-03	-2.041593e-01
1.045000e-05	7.197961e-04	-3.745803e-01
1.046000e-05	1.927883e-04	-6.467383e-01
1.047000e-05	-1.853626e-03	-8.261658e-01
1.048000e-05	-2.634028e-03	-1.026765e+00
1.049000e-05	-1.143875e-03	-1.157744e+00
1.050000e-05	-1.325143e-03	-1.449919e+00
1.051000e-05	4.333775e-02	-1.598946e+00
1.052000e-05	7.804708e-02	-1.829851e+00
1.053000e-05	-6.789328e-02	-2.137819e+00
1.054000e-05	-1.451484e-02	-2.461182e+00
1.055000e-05	-4.862928e-02	-2.622504e+00
1.056000e-05	-7.471488e-02	-2.823560e+00
1.057000e-05	6.859571e-02	-2.927946e+00
1.058000e-05	4.703329e-02	-3.056191e+00
1.059000e-05	-1.196299e-01	-3.328849e+00
1.060000e-05	1.706970e-01	-3.448370e+00
1.061000e-05	-9.742628e-02	-3.698346e+00
1.062000e-05	-2.191269e-02	-3.934131e+00
1.063000e-05	9.860084e-02	-4.080449e+00
1.064000e-05	-1.707151e-01	-4.303609e+00
1.065000e-05	1.131079e-01	-4.544708e+00
1.066000e-05	-1.324773e-03	-4.703607e+00
1.067000e-05	-2.052971e-02	-5.000371e+00
1.068000e-05	1.069046e-01	-5.148446e+00
1.069000e-05	-1.349994e-01	-5.388921e+00
1.070000e-05	6.667287e-02	-5.569421e+00
1.071000e-05	-2.980366e-02	-5.758370e+00
1.072000e-05	-1.374000e-02	-5.991930e+00
1.073000e-05	7.094674e-02	-6.130925e+00
1.074000e-05	-9.891955e-02	-6.289426e+00
1.075000e-05	1.336851e-01	-6.489872e+00
1.076000e-05	-1.037925e-01	-6.680003e+00
1.077000e-05	4.306582e-02	-6.901481e+00
1.078000e-05	-4.210540e-03	-7.018373e+00
1.079000e-05	-4.764133e-02	-7.250979e+00
1.080000e-05	9.578981e-02	-7.420029e+00
1.081000e-05	-7.976145e-02	-7.599499e+00
1.082000e-05	7.374445e-02	-7.747344e+00
1.083000e-05	-6.607583e-02	-7.874686e+00
1.084000e-05	3.846132e-02	-8.066264e+00
1.085000e-05	3.219265e-03	-8.232036e+00
1.086000e-05	-2.355218e-02	-8.350073e+00
1.087000e-05	3.946236e-02	-8.476788e+00
1.088000e-05	-5.163214e-02	-8.633258e+00
1.089000e-05	6.593718e-02	-8.781600e+00
1.090000e-05	-4.079034e-02	-8.939875e+00
1.091000e-05	2.299677e-02	-9.056265e+00
1.092000e-05	-1.777068e-02	-9.204107e+00
1.093000e-05	1.123588e-02	-9.299921e+00
1.094000e-05	1.115298e-02	-9.394262e+00
1.095000e-05	-1.523276e-02	-9.546156e+00
1.096000e-05	1.659812e-02	-9.678552e+00
1.097000e-05	-1.489240e-02	-9.794739e+00
1.098000e-05	3.000164e-02	-9.890526e+00
1.099000e-05	-1.701214e-02	-1.000634e+01
1.100000e-05	1.410338e-02	-1.006200e+01
1.101000e-05	-1.400753e-02	-1.015474e+01
1.102000e-05	1.484202e-02	-1.028105e+01
1.103000e-05	-9.483652e-04	-1.037632e+01
1.104000e-05	2.254469e-03	-1.048266e+01
1.105000e-05	1.839068e-04	-1.052526e+01
1.106000e-05	3.240965e-03	-1.061942e+01
1.107000e-05	1.371017e-02	-1.069265e+01
1.108000e-05	-7.654136e-03	-1.075787e+01
1.109000e-05	4.489268e-03	-1.080098e+01
1.110000e-05	-5.440979e-03	-1.091279e+01
1.111000e-05	1.529167e-02	-1.098842e+01
1.112000e-05	1.632085e-03	-1.101102e+01
1.113000e-05	4.608801e-03	-1.109723e+01
1.114000e-05	-1.564408e-03	-1.112827e+01
1.115000e-05	5.760474e-03	-1.119100e+01
1.116000e-05	5.673560e-03	-1.118103e+01
1.117000e-05	2.857486e-04	-1.120269e+01
1.118000e-05	2.903483e-03	-1.126209e+01
1.119000e-05	2.191939e-03	-1.125529e+01
1.120000e-05	9.482068e-03	-1.129584e+01
1.121000e-05	3.037590e-03	-1.130574e+01
1.122000e-05	7.638889e-04	-1.132584e+01
1.123000e-05	1.150339e-03	-1.128679e+01
1.124000e-05	4.416684e-03	-1.130589e+01
1.125000e-05	5.057094e-03	-1.128636e+01
1.126000e-05	2.955238e-03	-1.127731e+01
1.127000e-05	1.263641e-03	-1.129383e+01
1.128000e-05	4.801751e-03	-1.126483e+01
1.129000e-05	6.320328e-03	-1.125056e+01
1.130000e-05	4.275078e-03	-1.122308e+01
1.131000e-05	1.455218e-03	-1.122202e+01
1.132000e-05	2.858669e-03	-1.119644e+01
1.133000e-05	5.781614e-03	-1.114429e+01
1.134000e-05	5.267917e-03	-1.105123e+01
1.135000e-05	2.003503e-03	-1.100102e+01
1.136000e-05	1.816547e-03	-1.095774e+01
1.137000e-05	4.450379e-03	-1.089373e+01
1.138000e-05	6.691508e-03	-1.084753e+01
1.139000e-05	2.955456e-03	-1.073587e+01
1.140000e-05	2.281972e-03	-1.067958e+01
1.141000e-05	1.194610e-03	-1.065584e+01
1.142000e-05	4.345704e-03	-1.049370e+01
1.143000e-05	4.418440e-03	-1.043894e+01
1.144000e-05	2.969833e-03	-1.030058e+01
1.145000e-05	3.625790e-03	-1.021694e+01
1.146000e-05	4.985259e-03	-1.014423e+01
1.147000e-05	5.896146e-03	-1.004792e+01
1.148000e-05	2.829972e-03	-9.964207e+00
1.149000e-05	2.791675e-03	-9.877971e+00
1.150000e-05	2.326186e-03	-9.774183e+00
1.151000e-05	4.094525e-03	-9.656890e+00
1.152000e-05	4.391398e-03	-9.500023e+00
1.153000e-05	3.132153e-03	-9.420657e+00
1.154000e-05	3.724498e-03	-9.286315e+00
1.155000e-05	4.568875e-03	-9.190577e+00
1.156000e-05	4.296601e-03	-9.055235e+00
1.157000e-05	3.375348e-03	-8.978345e+00
1.158000e-05	1.311147e-03	-8.790548e+00
1.159000e-05	4.061933e-03	-8.633057e+00
1.160000e-05	4.250901e-03	-8.504836e+00
1.161000e-05	3.467520e-03	-8.377463e+00
1.162000e-05	2.483541e-03	-8.200070e+00
1.163000e-05	2.472763e-03	-8.078601e+00
1.164000e-05	2.847632e-03	-7.872683e+00
1.165000e-05	3.263850e-03	-7.745311e+00
1.166000e-05	1.901988e-03	-7.566442e+00
1.167000e-05	1.347052e-03	-7.458945e+00
1.168000e-05	1.473189e-03	-7.259019e+00
1.169000e-05	1.853338e-03	-7.118442e+00
1.170000e-05	1.040886e-03	-6.909045e+00
1.171000e-05	6.888841e-04	-6.730046e+00
1.172000e-05	3.764089e-04	-6.559549e+00
1.173000e-05	-7.363705e-05	-6.329996e+00
1.174000e-05	1.597165e-03	-6.181000e+00
1.175000e-05	-7.363792e-05	-6.002656e+00
1.176000e-05	2.684301e-05	-5.810578e+00
1.177000e-05	-1.699367e-04	-5.630499e+00
1.178000e-05	3.629851e-04	-5.398999e+00
1.179000e-05	-1.904611e-03	-5.260096e+00
1.180000e-05	-7.026567e-04	-5.039472e+00
1.181000e-05	-4.580762e-03	-4.786919e+00
1.182000e-05	7.601044e-04	-4.564307e+00
1.183000e-05	-4.479513e-03	-4.360684e+00
1.184000e-05	2.358638e-04	-4.182708e+00
1.185000e-05	-3.740001e-03	-4.001708e+00
1.186000e-05	1.677842e-03	-3.783160e+00
1.187000e-05	-1.907411e-03	-3.583235e+00
1.188000e-05	-2.279885e-03	-3.390024e+00
1.189000e-05	-5.232810e-03	-3.211101e+00
1.190000e-05	-6.183917e-03	-2.991072e+00
1.191000e-05	-3.155917e-03	-2.797365e+00
1.192000e-05	-3.878216e-04	-2.585312e+00
1.193000e-05	-1.928941e-03	-2.336284e+00
1.194000e-05	-3.506717e-03	-2.144860e+00
1.195000e-05	-3.168808e-03	-1.931554e+00
1.196000e-05	-4.596883e-03	-1.730083e+00
1.197000e-05	-4.454114e-03	-1.491554e+00
1.198000e-05	-7.733304e-03	-1.235887e+00
1.199000e-05	-3.972290e-03	-1.033708e+00
1.200000e-05	-3.541708e-03	-8.027842e-01
1.201000e-05	-2.282850e-03	-5.806089e-01
1.202000e-05	-3.529129e-03	-3.979485e-01
1.203000e-05	-4.527475e-03	-2.074484e-01
1.204000e-05	1.918433e-04	2.105328e-03
1.205000e-05	3.758587e-03	2.547421e-01
1.206000e-05	-3.616480e-03	4.446607e-01
1.207000e-05	6.455085e-04	6.347107e-01
1.208000e-05	-2.456273e-03	7.941302e-01
1.209000e-05	-2.341204e-04	1.079791e+00
1.210000e-05	-1.116054e-03	1.260345e+00
1.211000e-05	4.380446e-03	1.500374e+00
1.212000e-05	3.679278e-02	1.702079e+00
1.213000e-05	7.206075e-02	1.894632e+00
1.214000e-05	-5.500550e-02	2.146291e+00
1.215000e-05	-3.860005e-02	2.417422e+00
1.216000e-05	-3.482109e-02	2.601555e+00
1.217000e-05	-5.417172e-02	2.749469e+00
1.218000e-05	-4.984194e-02	2.957372e+00
1.219000e-05	1.090153e-01	3.044213e+00
1.220000e-05	-5.267005e-02	3.308924e+00
1.221000e-05	-8.555175e-03	3.476838e+00
1.222000e-05	1.214219e-01	3.697316e+00
1.223000e-05	-1.196131e-01	3.900927e+00
1.224000e-05	5.529248e-02	4.090502e+00
1.225000e-05	-4.253486e-02	4.324083e+00
1.226000e-05	-5.112855e-02	4.472684e+00
1.227000e-05	7.122040e-02	4.776843e+00
1.228000e-05	-2.841883e-02	4.979920e+00
1.229000e-05	2.081115e-02	5.187922e+00
1.230000e-05	-1.194851e-02	5.349445e+00
1.231000e-05	-3.157431e-02	5.602003e+00
1.232000e-05	1.505620e-02	5.789979e+00
1.233000e-05	-3.020181e-02	5.949951e+00
1.234000e-05	2.822695e-02	6.138925e+00
1.235000e-05	-2.699393e-02	6.370557e+00
1.236000e-05	1.633054e-02	6.491023e+00
1.237000e-05	1.352900e-02	6.669448e+00
1.238000e-05	-4.924705e-02	6.909442e+00
1.239000e-05	2.087979e-02	7.069550e+00
1.240000e-05	-3.210689e-02	7.268705e+00
1.241000e-05	2.075347e-02	7.450499e+00
1.242000e-05	-6.489502e-03	7.629445e+00
1.243000e-05	-5.945021e-03	7.759320e+00
1.244000e-05	-5.893377e-03	7.904686e+00
1.245000e-05	-1.343965e-02	8.031656e+00
1.246000e-05	1.158732e-02	8.147871e+00
1.247000e-05	-2.615542e-02	8.326319e+00
1.248000e-05	2.283469e-03	8.525692e+00
1.249000e-05	-9.613566e-03	8.652711e+00
1.250000e-05	1.944713e-03	8.751499e+00
1.251000e-05	-2.970971e-03	8.884740e+00
1.252000e-05	-1.432077e-02	9.033086e+00
1.253000e-05	-3.379219e-03	9.121999e+00
1.254000e-05	-1.194842e-02	9.310894e+00
1.255000e-05	4.754729e-04	9.394713e+00
1.256000e-05	-1.195689e-02	9.520474e+00
1.257000e-05	-5.932463e-03	9.634737e+00
1.258000e-05	-7.071060e-03	9.729651e+00
1.259000e-05	-3.567675e-03	9.887921e+00
1.260000e-05	-5.330988e-03	9.984712e+00
1.261000e-05	-1.397067e-02	1.007050e+01
1.262000e-05	-6.191888e-03	1.016471e+01
1.263000e-05	-8.270998e-03	1.023842e+01
1.264000e-05	-5.070176e-03	1.030419e+01
1.265000e-05	-1.134213e-02	1.037584e+01
1.266000e-05	-7.917094e-03	1.049060e+01
1.267000e-05	-5.959226e-03	1.056582e+01
1.268000e-05	-5.566900e-03	1.065047e+01
1.269000e-05	-9.381535e-03	1.073376e+01
1.270000e-05	-1.202053e-02	1.086997e+01
1.271000e-05	-8.479408e-03	1.087311e+01
1.272000e-05	-6.139999e-03	1.095484e+01
1.273000e-05	-6.276420e-03	1.090737e+01
1.274000e-05	-1.176910e-02	1.103005e+01
1.275000e-05	-1.125210e-02	1.105266e+01
1.276000e-05	-9.265671e-03	1.111320e+01
1.277000e-05	-8.903308e-03	1.114571e+01
1.278000e-05	-1.077715e-02	1.113586e+01
1.279000e-05	-9.867909e-03	1.115642e+01
1.280000e-05	-7.680177e-03	1.119842e+01
1.281000e-05	-7.793579e-03	1.116850e+01
1.282000e-05	-9.146964e-03	1.121800e+01
1.283000e-05	-1.126308e-02	1.123163e+01
1.284000e-05	-1.162236e-02	1.120158e+01
1.285000e-05	-9.167864e-03	1.123008e+01
1.286000e-05	-1.004158e-02	1.119858e+01
1.287000e-05	-1.029433e-02	1.121895e+01
1.288000e-05	-1.034812e-02	1.119747e+01
1.289000e-05	-9.126368e-03	1.113580e+01
1.290000e-05	-9.917698e-03	1.110642e+01
1.291000e-05	-1.180027e-02	1.111423e+01
1.292000e-05	-1.318098e-02	1.105323e+01
1.293000e-05	-1.101756e-02	1.106060e+01
1.294000e-05	-1.029505e-02	1.100095e+01
1.295000e-05	-9.959876e-03	1.096844e+01
1.296000e-05	-1.162941e-02	1.092523e+01
1.297000e-05	-1.041087e-02	1.084303e+01
1.298000e-05	-9.801737e-03	1.079839e+01
1.299000e-05	-9.880099e-03	1.076373e+01
1.300000e-05	-1.129519e-02	1.064895e+01
1.301000e-05	-1.240196e-02	1.056729e+01
1.302000e-05	-1.054331e-02	1.045813e+01
1.303000e-05	-1.103003e-02	1.039686e+01
1.304000e-05	-1.122264e-02	1.036270e+01
1.305000e-05	-1.043577e-02	1.026844e+01
1.306000e-05	-1.160993e-02	1.016379e+01
1.307000e-05	-1.040027e-02	1.007955e+01
1.308000e-05	-1.135862e-02	9.993229e+00
1.309000e-05	-1.193159e-02	9.876941e+00
1.310000e-05	-1.291931e-02	9.721552e+00
1.311000e-05	-1.052464e-02	9.675788e+00
1.312000e-05	-1.165167e-02	9.509495e+00
1.313000e-05	-1.022308e-02	9.433784e+00
1.314000e-05	-1.364526e-02	9.326841e+00
1.315000e-05	-1.111899e-02	9.181071e+00
1.316000e-05	-1.150567e-02	9.070629e+00
1.317000e-05	-9.478344e-03	8.924913e+00
1.318000e-05	-1.241034e-02	8.750994e+00
1.319000e-05	-1.243820e-02	8.633180e+00
1.320000e-05	-1.140960e-02	8.493806e+00
1.321000e-05	-9.590088e-03	8.367912e+00
1.322000e-05	-1.170018e-02	8.227895e+00
1.323000e-05	-1.286505e-02	8.090528e+00
1.324000e-05	-1.142913e-02	7.904236e+00
1.325000e-05	-9.581020e-03	7.775886e+00
1.326000e-05	-1.038849e-02	7.586889e+00
1.327000e-05	-1.101452e-02	7.444870e+00
1.328000e-05	-1.116914e-02	7.308596e+00
1.329000e-05	-1.014277e-02	7.119651e+00
1.330000e-05	-8.807890e-03	6.950069e+00
1.331000e-05	-1.013603e-02	6.749023e+00
1.332000e-05	-9.528900e-03	6.600651e+00
1.333000e-05	-9.480738e-03	6.431103e+00
1.334000e-05	-8.357911e-03	6.191707e+00
1.335000e-05	-9.287590e-03	6.010554e+00
1.336000e-05	-9.257666e-03	5.831128e+00
1.337000e-05	-9.167634e-03	5.641632e+00
1.338000e-05	-8.118127e-03	5.482681e+00
1.339000e-05	-7.916888e-03	5.290129e+00
1.340000e-05	-7.881703e-03	5.070524e+00
1.341000e-05	-7.974154e-03	4.880096e+00
1.342000e-05	-6.937125e-03	4.605962e+00
1.343000e-05	-7.743803e-03	4.426884e+00
1.344000e-05	-7.889334e-03	4.235314e+00
1.345000e-05	-8.128268e-03	4.067365e+00
1.346000e-05	-6.175559e-03	3.853758e+00
1.347000e-05	-6.743842e-03	3.631657e+00
1.348000e-05	-5.750759e-03	3.450732e+00
1.349000e-05	-6.623784e-03	3.241225e+00
1.350000e-05	-6.238270e-03	3.038524e+00
1.351000e-05	-6.235883e-03	2.820046e+00
1.352000e-05	-6.770914e-03	2.640025e+00
1.353000e-05	-6.112182e-03	2.384413e+00
1.354000e-05	-6.742711e-03	2.165810e+00
1.355000e-05	-5.583623e-03	1.952761e+00
1.356000e-05	-5.303491e-03	1.805736e+00
1.357000e-05	-5.542836e-03	1.550124e+00
1.358000e-05	-5.250544e-03	1.319024e+00
1.359000e-05	-5.977794e-03	1.087995e+00
1.360000e-05	-4.620299e-03	8.222790e-01
1.361000e-05	-5.402115e-03	6.321514e-01
1.362000e-05	-4.504984e-03	4.201276e-01
1.363000e-05	-3.981007e-03	2.196247e-01
1.364000e-05	-2.618948e-03	1.696586e-02
1.365000e-05	3.317908e-03	-1.731118e-01
1.366000e-05	-2.400328e-05	-3.720542e-01
1.367000e-05	-1.787383e-03	-6.341920e-01
1.368000e-05	-1.607343e-03	-8.047407e-01
1.369000e-05	-2.140938e-03	-9.972159e-01
1.370000e-05	-1.952680e-03	-1.177247e+00
1.371000e-05	-1.939687e-03	-1.460972e+00
1.372000e-05	4.248625e-02	-1.597269e+00
1.373000e-05	8.189197e-02	-1.826820e+00
1.374000e-05	-6.593303e-02	-2.177244e+00
1.375000e-05	-1.697620e-02	-2.433932e+00
1.376000e-05	-4.763590e-02	-2.622077e+00
1.377000e-05	-7.551677e-02	-2.792030e+00
1.378000e-05	6.492029e-02	-2.927971e+00
1.379000e-05	5.042629e-02	-3.045188e+00
1.380000e-05	-1.282544e-01	-3.318895e+00
1.381000e-05	1.727706e-01	-3.427367e+00
1.382000e-05	-8.495029e-02	-3.698925e+00
1.383000e-05	-3.376503e-02	-3.963136e+00
1.384000e-05	1.068414e-01	-4.089948e+00
1.385000e-05	-1.721702e-01	-4.332058e+00
1.386000e-05	1.082049e-01	-4.524685e+00
1.387000e-05	4.566186e-03	-4.673083e+00
1.388000e-05	-2.981255e-02	-5.047645e+00
1.389000e-05	1.090608e-01	-5.169898e+00
1.390000e-05	-1.262819e-01	-5.367371e+00
1.391000e-05	6.200055e-02	-5.549919e+00
1.392000e-05	-2.322267e-02	-5.727772e+00
1.393000e-05	-2.381244e-02	-5.971552e+00
1.394000e-05	7.666622e-02	-6.078949e+00
1.395000e-05	-1.005709e-01	-6.319949e+00
1.396000e-05	1.319981e-01	-6.510471e+00
1.397000e-05	-9.696479e-02	-6.689482e+00
1.398000e-05	3.476366e-02	-6.919480e+00
1.399000e-05	2.232035e-03	-7.028369e+00
1.400000e-05	-5.471522e-02	-7.271525e+00
1.401000e-05	1.002605e-01	-7.420001e+00
1.402000e-05	-7.947954e-02	-7.588873e+00
1.403000e-05	6.770656e-02	-7.756786e+00
1.404000e-05	-6.203008e-02	-7.903138e+00
1.405000e-05	3.794348e-02	-8.104210e+00
1.406000e-05	6.591326e-03	-8.222582e+00
1.407000e-05	-3.022845e-02	-8.379473e+00
1.408000e-05	4.166469e-02	-8.458312e+00
1.409000e-05	-4.791945e-02	-8.652187e+00
1.410000e-05	6.287978e-02	-8.780078e+00
1.411000e-05	-4.163417e-02	-8.888447e+00
1.412000e-05	2.142986e-02	-9.046791e+00
1.413000e-05	-1.390941e-02	-9.181054e+00
1.414000e-05	9.036795e-03	-9.280396e+00
1.415000e-05	1.255855e-02	-9.476215e+00
1.416000e-05	-1.681075e-02	-9.601029e+00
1.417000e-05	1.626695e-02	-9.689823e+00
1.418000e-05	-1.411327e-02	-9.756795e+00
1.419000e-05	3.006193e-02	-9.921451e+00
1.420000e-05	-1.840607e-02	-9.974237e+00
1.421000e-05	1.148143e-02	-1.009000e+01
1.422000e-05	-9.230451e-03	-1.014469e+01
1.423000e-05	1.553494e-02	-1.024250e+01
1.424000e-05	-1.786573e-03	-1.035521e+01
1.425000e-05	3.258630e-04	-1.048266e+01
1.426000e-05	2.313297e-03	-1.054569e+01
1.427000e-05	2.887031e-03	-1.062045e+01
1.428000e-05	1.374929e-02	-1.069263e+01
1.429000e-05	-7.443988e-03	-1.076937e+01
1.430000e-05	4.924621e-03	-1.085113e+01
1.431000e-05	-4.724229e-03	-1.088476e+01
1.432000e-05	1.517869e-02	-1.097892e+01
1.433000e-05	-4.495971e-04	-1.100002e+01
1.434000e-05	2.029607e-03	-1.107576e+01
1.435000e-05	-1.428520e-03	-1.109579e+01
1.436000e-05	6.416777e-03	-1.117890e+01
1.437000e-05	6.038528e-03	-1.118998e+01
1.438000e-05	-2.120469e-04	-1.123266e+01
1.439000e-05	3.837418e-03	-1.125318e+01
1.440000e-05	2.648717e-03	-1.128479e+01
1.441000e-05	8.862395e-03	-1.128569e+01
1.442000e-05	2.753067e-03	-1.129631e+01
1.443000e-05	8.851476e-05	-1.130732e+01
1.444000e-05	1.460689e-03	-1.131691e+01
1.445000e-05	6.446565e-03	-1.130629e+01
1.446000e-05	4.387360e-03	-1.128532e+01
1.447000e-05	2.703289e-03	-1.127531e+01
1.448000e-05	7.818522e-04	-1.127426e+01
1.449000e-05	5.826883e-03	-1.128526e+01
1.450000e-05	6.855303e-03	-1.123370e+01
1.451000e-05	3.092860e-03	-1.121066e+01
1.452000e-05	3.271892e-04	-1.119105e+01
1.453000e-05	3.850568e-03	-1.114897e+01
1.454000e-05	6.607578e-03	-1.109474e+01
1.455000e-05	5.862048e-03	-1.102168e+01
1.456000e-05	2.475265e-03	-1.102005e+01
1.457000e-05	1.710006e-03	-1.098887e+01
1.458000e-05	4.249660e-03	-1.090370e+01
1.459000e-05	5.752811e-03	-1.081060e+01
1.460000e-05	1.643255e-03	-1.075742e+01
1.461000e-05	1.961513e-03	-1.067063e+01
1.462000e-05	2.875579e-03	-1.060637e+01
1.463000e-05	6.447281e-03	-1.050315e+01
1.464000e-05	5.452189e-03	-1.040852e+01
1.465000e-05	1.507064e-03	-1.036065e+01
1.466000e-05	1.484612e-03	-1.025837e+01
1.467000e-05	4.310650e-03	-1.016529e+01
1.468000e-05	6.159381e-03	-1.006892e+01
1.469000e-05	3.364278e-03	-9.963733e+00
1.470000e-05	2.350957e-03	-9.877949e+00
1.471000e-05	3.480023e-03	-9.764178e+00
1.472000e-05	6.023178e-03	-9.697367e+00
1.473000e-05	4.419757e-03	-9.518548e+00
1.474000e-05	2.224509e-03	-9.421710e+00
1.475000e-05	2.841059e-03	-9.295813e+00
1.476000e-05	4.535755e-03	-9.180155e+00
1.477000e-05	3.499858e-03	-9.004313e+00
1.478000e-05	4.482965e-03	-8.918870e+00
1.479000e-05	6.620824e-04	-8.777429e+00
1.480000e-05	5.828955e-03	-8.643129e+00
1.481000e-05	2.049359e-03	-8.515793e+00
1.482000e-05	6.018964e-03	-8.365445e+00
1.483000e-05	8.348821e-04	-8.221628e+00
1.484000e-05	4.797164e-03	-8.052106e+00
1.485000e-05	3.809615e-03	-7.883184e+00
1.486000e-05	2.416640e-03	-7.744312e+00
1.487000e-05	-3.053606e-04	-7.586445e+00
1.488000e-05	2.003386e-04	-7.480469e+00
1.489000e-05	1.666381e-03	-7.275996e+00
1.490000e-05	4.178838e-03	-7.106971e+00
1.491000e-05	2.130062e-03	-6.899019e+00
1.492000e-05	1.465623e-03	-6.729549e+00
1.493000e-05	1.005517e-03	-6.547549e+00
1.494000e-05	-1.746357e-03	-6.358025e+00
1.495000e-05	-1.049002e-04	-6.170973e+00
1.496000e-05	-3.482157e-03	-6.010128e+00
1.497000e-05	6.146465e-04	-5.771955e+00
1.498000e-05	2.091525e-03	-5.629023e+00
1.499000e-05	1.735893e-03	-5.400645e+00
1.500000e-05	4.176762e-04	-5.260103e+00
1.501000e-05	-2.538173e-03	-5.061600e+00
1.502000e-05	-8.856337e-04	-4.797894e+00
1.503000e-05	-2.387506e-03	-4.624388e+00
1.504000e-05	-1.406126e-03	-4.365205e+00
1.505000e-05	-3.232720e-03	-4.181782e+00
1.506000e-05	-1.070523e-03	-4.013734e+00
1.507000e-05	-2.348028e-03	-3.813733e+00
1.508000e-05	-1.038475e-03	-3.652209e+00
1.509000e-05	-1.924213e-03	-3.400676e+00
1.510000e-05	-3.842925e-03	-3.169998e+00
1.511000e-05	-3.876139e-03	-3.009076e+00
1.512000e-05	-2.470584e-03	-2.747895e+00
1.513000e-05	-1.464795e-03	-2.565393e+00
1.514000e-05	-3.081422e-03	-2.356242e+00
1.515000e-05	-3.362384e-03	-2.136266e+00
1.516000e-05	-4.680741e-03	-1.941105e+00
1.517000e-05	-2.453010e-03	-1.740708e+00
1.518000e-05	-4.748965e-03	-1.500576e+00
1.519000e-05	-2.996168e-03	-1.276442e+00
1.520000e-05	-4.892613e-03	-1.044784e+00
1.521000e-05	-2.728609e-03	-8.226843e-01
1.522000e-05	-3.564888e-03	-6.127801e-01
1.523000e-05	-4.529745e-03	-4.189987e-01
1.524000e-05	-3.999609e-03	-1.963910e-01
1.525000e-05	-1.040068e-03	4.150389e-02
1.526000e-05	4.036308e-03	2.745847e-01
1.527000e-05	-4.774497e-03	4.346370e-01
1.528000e-05	3.030919e-03	6.457381e-01
1.529000e-05	-2.438084e-03	7.720880e-01
1.530000e-05	6.544866e-04	1.047718e+00
1.531000e-05	-2.627058e-03	1.268893e+00
1.532000e-05	3.363095e-03	1.491978e+00
1.533000e-05	3.496197e-02	1.691973e+00
1.534000e-05	7.420002e-02	1.903609e+00
1.535000e-05	-5.175572e-02	2.155214e+00
1.536000e-05	-4.077569e-02	2.389896e+00
1.537000e-05	-3.523388e-02	2.591026e+00
1.538000e-05	-4.968290e-02	2.780951e+00
1.539000e-05	-5.375030e-02	2.928391e+00
1.540000e-05	9.837941e-02	3.054215e+00
1.541000e-05	-4.437013e-02	3.329441e+00
1.542000e-05	-1.024030e-02	3.475272e+00
1.543000e-05	1.234462e-01	3.705845e+00
1.544000e-05	-1.181808e-01	3.940954e+00
1.545000e-05	4.513497e-02	4.069005e+00
1.546000e-05	-2.952003e-02	4.361579e+00
1.547000e-05	-5.502063e-02	4.501131e+00
1.548000e-05	6.855144e-02	4.786294e+00
1.549000e-05	-3.051347e-02	4.967969e+00
1.550000e-05	2.184412e-02	5.176921e+00
1.551000e-05	-7.379724e-03	5.367846e+00
1.552000e-05	-3.398215e-02	5.590555e+00
1.553000e-05	1.325805e-02	5.798447e+00
1.554000e-05	-3.048103e-02	5.948902e+00
1.555000e-05	2.885754e-02	6.129445e+00
1.556000e-05	-2.677458e-02	6.310528e+00
1.557000e-05	1.361639e-02	6.559928e+00
1.558000e-05	1.494341e-02	6.677998e+00
1.559000e-05	-4.967252e-02	6.908321e+00
1.560000e-05	2.064731e-02	7.060971e+00
1.561000e-05	-2.827941e-02	7.220071e+00
1.562000e-05	1.819314e-02	7.407871e+00
1.563000e-05	-6.339162e-03	7.640425e+00
1.564000e-05	-7.096957e-03	7.786868e+00
1.565000e-05	-2.822864e-03	7.884712e+00
1.566000e-05	-1.492790e-02	8.090604e+00
1.567000e-05	1.090145e-02	8.177870e+00
1.568000e-05	-2.520412e-02	8.325893e+00
1.569000e-05	4.074289e-03	8.513288e+00
1.570000e-05	-1.024938e-02	8.664156e+00
1.571000e-05	6.836005e-04	8.750501e+00
1.572000e-05	-3.468945e-03	8.885765e+00
1.573000e-05	-1.623236e-02	8.992660e+00
1.574000e-05	-2.371231e-03	9.182103e+00
1.575000e-05	-9.323629e-03	9.288044e+00
1.576000e-05	1.392574e-03	9.403708e+00
1.577000e-05	-1.491569e-02	9.510498e+00
1.578000e-05	-4.863372e-03	9.595237e+00
1.579000e-05	-5.372253e-03	9.741602e+00
1.580000e-05	-3.773341e-03	9.868419e+00
1.581000e-05	-6.011847e-03	1.000368e+01
1.582000e-05	-1.406290e-02	1.006945e+01
1.583000e-05	-5.979856e-03	1.015374e+01
1.584000e-05	-7.674175e-03	1.024844e+01
1.585000e-05	-5.863707e-03	1.031161e+01
1.586000e-05	-1.253733e-02	1.036639e+01
1.587000e-05	-8.386425e-03	1.048005e+01
1.588000e-05	-5.040605e-03	1.051639e+01
1.589000e-05	-5.359801e-03	1.064847e+01
1.590000e-05	-9.679296e-03	1.074273e+01
1.591000e-05	-1.285329e-02	1.080935e+01
1.592000e-05	-8.088968e-03	1.087011e+01
1.593000e-05	-6.087202e-03	1.092436e+01
1.594000e-05	-6.764522e-03	1.096892e+01
1.595000e-05	-1.162901e-02	1.100997e+01
1.596000e-05	-1.091575e-02	1.105158e+01
1.597000e-05	-8.801111e-03	1.107378e+01
1.598000e-05	-8.533295e-03	1.109479e+01
1.599000e-05	-1.098392e-02	1.115489e+01
1.600000e-05	-1.157076e-02	1.115839e+01
1.601000e-05	-8.789972e-03	1.117897e+01
1.602000e-05	-7.167657e-03	1.121855e+01
1.603000e-05	-9.139045e-03	1.119103e+01
1.604000e-05	-1.275343e-02	1.119003e+01
1.605000e-05	-1.134482e-02	1.119150e+01
1.606000e-05	-8.867945e-03	1.121052e+01
1.607000e-05	-9.695943e-03	1.119903e+01
1.608000e-05	-1.034619e-02	1.115900e+01
1.609000e-05	-1.160900e-02	1.117786e+01
1.610000e-05	-8.112857e-03	1.113439e+01
1.611000e-05	-9.698177e-03	1.109686e+01
1.612000e-05	-1.172316e-02	1.109433e+01
1.613000e-05	-1.417772e-02	1.107323e+01
1.614000e-05	-1.125269e-02	1.105162e+01
1.615000e-05	-8.592834e-03	1.099905e+01
1.616000e-05	-9.700730e-03	1.095689e+01
1.617000e-05	-1.175843e-02	1.095433e+01
1.618000e-05	-1.277053e-02	1.087205e+01
1.619000e-05	-1.026862e-02	1.080699e+01
1.620000e-05	-9.284442e-03	1.068220e+01
1.621000e-05	-1.074787e-02	1.066752e+01
1.622000e-05	-1.200104e-02	1.056421e+01
1.623000e-05	-1.116111e-02	1.048018e+01
1.624000e-05	-9.298711e-03	1.043692e+01
1.625000e-05	-1.072859e-02	1.030208e+01
1.626000e-05	-1.192971e-02	1.025794e+01
1.627000e-05	-1.137481e-02	1.016521e+01
1.628000e-05	-1.007079e-02	1.007097e+01
1.629000e-05	-9.751476e-03	9.962757e+00
1.630000e-05	-1.134501e-02	9.876872e+00
1.631000e-05	-1.313220e-02	9.769729e+00
1.632000e-05	-1.138991e-02	9.653861e+00
1.633000e-05	-1.199740e-02	9.539951e+00
1.634000e-05	-9.816066e-03	9.414260e+00
1.635000e-05	-1.370356e-02	9.318383e+00
1.636000e-05	-1.130099e-02	9.129103e+00
1.637000e-05	-1.084585e-02	9.051632e+00
1.638000e-05	-9.448991e-03	8.885861e+00
1.639000e-05	-1.190732e-02	8.799466e+00
1.640000e-05	-1.197754e-02	8.641632e+00
1.641000e-05	-1.152585e-02	8.513807e+00
1.642000e-05	-9.793512e-03	8.355871e+00
1.643000e-05	-1.158630e-02	8.268495e+00
1.644000e-05	-1.188141e-02	8.039626e+00
1.645000e-05	-1.185936e-02	7.904240e+00
1.646000e-05	-1.028592e-02	7.777892e+00
1.647000e-05	-9.179734e-03	7.626414e+00
1.648000e-05	-1.003409e-02	7.408465e+00
1.649000e-05	-1.020337e-02	7.287999e+00
1.650000e-05	-1.018330e-02	7.089601e+00
1.651000e-05	-8.490699e-03	6.898048e+00
1.652000e-05	-9.962225e-03	6.749070e+00
1.653000e-05	-1.099825e-02	6.590075e+00
1.654000e-05	-1.014680e-02	6.381629e+00
1.655000e-05	-8.880383e-03	6.221728e+00
1.656000e-05	-7.559367e-03	6.019148e+00
1.657000e-05	-8.232333e-03	5.851703e+00
1.658000e-05	-8.291563e-03	5.652209e+00
1.659000e-05	-7.891480e-03	5.494731e+00
1.660000e-05	-7.619361e-03	5.281654e+00
1.661000e-05	-8.280317e-03	5.091753e+00
1.662000e-05	-8.970482e-03	4.858546e+00
1.663000e-05	-7.552428e-03	4.644946e+00
1.664000e-05	-7.298509e-03	4.424836e+00
1.665000e-05	-7.733410e-03	4.226286e+00
1.666000e-05	-7.240786e-03	4.066792e+00
1.667000e-05	-7.075308e-03	3.861813e+00
1.668000e-05	-6.108815e-03	3.661708e+00
1.669000e-05	-5.164452e-03	3.451705e+00
1.670000e-05	-6.052839e-03	3.222207e+00
1.671000e-05	-7.192941e-03	3.020120e+00
1.672000e-05	-7.311800e-03	2.798476e+00
1.673000e-05	-6.296695e-03	2.608574e+00
1.674000e-05	-6.349202e-03	2.416290e+00
1.675000e-05	-6.438700e-03	2.143758e+00
1.676000e-05	-7.293498e-03	1.994259e+00
1.677000e-05	-4.047688e-03	1.773808e+00
1.678000e-05	-6.782151e-03	1.512199e+00
1.679000e-05	-4.355644e-03	1.358497e+00
1.680000e-05	-7.556102e-03	1.097996e+00
1.681000e-05	-2.802132e-03	8.727592e-01
1.682000e-05	-5.044506e-03	6.326552e-01
1.683000e-05	-3.147760e-03	4.216303e-01
1.684000e-05	-4.872270e-03	2.114939e-01
1.685000e-05	-5.156064e-03	-2.059201e-03
1.686000e-05	3.493348e-03	-2.235780e-01
1.687000e-05	-4.047239e-04	-3.910053e-01
1.688000e-05	-1.248681e-03	-6.357157e-01
1.689000e-05	5.048491e-05	-8.051869e-01
1.690000e-05	-9.765174e-04	-1.005237e+00
1.691000e-05	-1.100628e-03	-1.214166e+00
1.692000e-05	-1.091320e-03	-1.429342e+00
1.693000e-05	3.807026e-02	-1.607791e+00
1.694000e-05	8.359277e-02	-1.788770e+00
1.695000e-05	-6.559870e-02	-2.155268e+00
1.696000e-05	-1.719812e-02	-2.449457e+00
1.697000e-05	-4.436215e-02	-2.651504e+00
1.698000e-05	-7.618487e-02	-2.804059e+00
1.699000e-05	5.459689e-02	-2.948996e+00
1.700000e-05	6.322837e-02	-3.044137e+00
1.701000e-05	-1.291969e-01	-3.297869e+00
1.702000e-05	1.660737e-01	-3.478844e+00
1.703000e-05	-7.299082e-02	-3.708920e+00
1.704000e-05	-4.892785e-02	-3.943006e+00
1.705000e-05	1.182283e-01	-4.077945e+00
1.706000e-05	-1.716006e-01	-4.342003e+00
1.707000e-05	1.004721e-01	-4.543610e+00
1.708000e-05	1.219324e-02	-4.692509e+00
1.709000e-05	-3.424415e-02	-4.998817e+00
1.710000e-05	1.132212e-01	-5.187394e+00
1.711000e-05	-1.265769e-01	-5.328396e+00
1.712000e-05	5.224165e-02	-5.568873e+00
1.713000e-05	-1.520533e-02	-5.707867e+00
1.714000e-05	-2.858217e-02	-5.949483e+00
1.715000e-05	7.962525e-02	-6.108845e+00
1.716000e-05	-1.005107e-01	-6.288400e+00
1.717000e-05	1.316198e-01	-6.480496e+00
1.718000e-05	-9.019861e-02	-6.669503e+00
1.719000e-05	2.226725e-02	-6.880004e+00
1.720000e-05	1.139244e-02	-7.026346e+00
1.721000e-05	-5.873607e-02	-7.290550e+00
1.722000e-05	9.988711e-02	-7.410446e+00
1.723000e-05	-7.957352e-02	-7.587866e+00
1.724000e-05	6.724308e-02	-7.725761e+00
1.725000e-05	-5.543352e-02	-7.823633e+00
1.726000e-05	2.954902e-02	-8.086156e+00
1.727000e-05	1.093397e-02	-8.252133e+00
1.728000e-05	-3.211804e-02	-8.368974e+00
1.729000e-05	4.244853e-02	-8.486262e+00
1.730000e-05	-4.970467e-02	-8.623138e+00
1.731000e-05	6.392671e-02	-8.820578e+00
1.732000e-05	-3.734209e-02	-8.968979e+00
1.733000e-05	1.760204e-02	-9.058341e+00
1.734000e-05	-1.231800e-02	-9.182581e+00
1.735000e-05	7.373122e-03	-9.298349e+00
1.736000e-05	1.380174e-02	-9.426216e+00
1.737000e-05	-1.798075e-02	-9.544154e+00
1.738000e-05	1.742281e-02	-9.697945e+00
1.739000e-05	-1.489862e-02	-9.794640e+00
1.740000e-05	2.850721e-02	-9.900623e+00
1.741000e-05	-1.762947e-02	-9.975714e+00
1.742000e-05	1.217104e-02	-1.005952e+01
1.743000e-05	-1.166090e-02	-1.016424e+01
1.744000e-05	1.457319e-02	-1.024197e+01
1.745000e-05	2.371848e-04	-1.034569e+01
1.746000e-05	8.057724e-05	-1.045255e+01
1.747000e-05	2.324072e-03	-1.054424e+01
1.748000e-05	2.272977e-03	-1.062852e+01
1.749000e-05	1.328108e-02	-1.070363e+01
1.750000e-05	-7.456899e-03	-1.077784e+01
1.751000e-05	4.800159e-03	-1.088111e+01
1.752000e-05	-3.550040e-03	-1.087569e+01
1.753000e-05	1.375569e-02	-1.096895e+01
1.754000e-05	9.576434e-04	-1.099903e+01
1.755000e-05	2.814760e-03	-1.106319e+01
1.756000e-05	-1.073376e-03	-1.111529e+01
1.757000e-05	4.506256e-03	-1.115847e+01
1.758000e-05	5.939089e-03	-1.119160e+01
1.759000e-05	-1.005301e-04	-1.122216e+01
1.760000e-05	3.985404e-03	-1.122426e+01
1.761000e-05	2.536558e-03	-1.126376e+01
1.762000e-05	9.348534e-03	-1.127581e+01
1.763000e-05	2.662320e-03	-1.130682e+01
1.764000e-05	-2.325141e-05	-1.133384e+01
1.765000e-05	1.279716e-03	-1.129634e+01
1.766000e-05	5.385329e-03	-1.127532e+01
1.767000e-05	6.319068e-03	-1.130586e+01
1.768000e-05	2.610590e-03	-1.131636e+01
1.769000e-05	1.724447e-03	-1.128477e+01
1.770000e-05	5.159498e-03	-1.127276e+01
1.771000e-05	5.829176e-03	-1.122366e+01
1.772000e-05	3.517400e-03	-1.122218e+01
1.773000e-05	7.912068e-04	-1.119050e+01
1.774000e-05	3.010387e-03	-1.116697e+01
1.775000e-05	7.146881e-03	-1.111574e+01
1.776000e-05	5.530403e-03	-1.102371e+01
1.777000e-05	2.685879e-03	-1.103153e+01
1.778000e-05	1.166353e-03	-1.096829e+01
1.779000e-05	4.151412e-03	-1.092373e+01
1.780000e-05	6.450497e-03	-1.082050e+01
1.781000e-05	3.385209e-03	-1.075436e+01
1.782000e-05	2.177609e-03	-1.067258e+01
1.783000e-05	2.652712e-03	-1.060737e+01
1.784000e-05	5.241904e-03	-1.051261e+01
1.785000e-05	4.021136e-03	-1.043837e+01
1.786000e-05	1.351207e-03	-1.033316e+01
1.787000e-05	2.080575e-03	-1.021595e+01
1.788000e-05	3.895145e-03	-1.017511e+01
1.789000e-05	6.239424e-03	-1.004902e+01
1.790000e-05	3.673442e-03	-9.953285e+00
1.791000e-05	2.555873e-03	-9.846970e+00
1.792000e-05	3.430632e-03	-9.793783e+00
1.793000e-05	6.289668e-03	-9.716893e+00
1.794000e-05	4.167626e-03	-9.499600e+00
1.795000e-05	2.716119e-03	-9.434711e+00
1.796000e-05	3.101390e-03	-9.306417e+00
1.797000e-05	4.161447e-03	-9.190102e+00
1.798000e-05	4.617135e-03	-9.046213e+00
1.799000e-05	2.927340e-03	-8.939919e+00
1.800000e-05	2.208398e-03	-8.779104e+00
1.801000e-05	3.752619e-03	-8.642207e+00
1.802000e-05	4.811709e-03	-8.505845e+00
1.803000e-05	3.125388e-03	-8.317968e+00
1.804000e-05	1.933011e-03	-8.231549e+00
1.805000e-05	1.733324e-03	-8.071631e+00
1.806000e-05	3.149529e-03	-7.913711e+00
1.807000e-05	3.415921e-03	-7.795265e+00
1.808000e-05	2.429311e-03	-7.587369e+00
1.809000e-05	1.383775e-03	-7.469974e+00
1.810000e-05	1.733900e-03	-7.239416e+00
1.811000e-05	1.758034e-03	-7.087447e+00
1.812000e-05	1.931414e-03	-6.879049e+00
1.813000e-05	1.879823e-04	-6.730999e+00
1.814000e-05	-7.570035e-05	-6.578100e+00
1.815000e-05	-3.878412e-04	-6.359549e+00
1.816000e-05	6.710122e-04	-6.170574e+00
1.817000e-05	3.789256e-05	-6.022731e+00
1.818000e-05	-5.315063e-04	-5.819628e+00
1.819000e-05	2.963863e-04	-5.590576e+00
1.820000e-05	2.119268e-04	-5.451078e+00
1.821000e-05	-2.498673e-05	-5.251553e+00
1.822000e-05	-7.309702e-04	-5.030600e+00
1.823000e-05	-1.518037e-03	-4.836969e+00
1.824000e-05	-1.043058e-03	-4.569413e+00
1.825000e-05	-1.583862e-03	-4.343658e+00
1.826000e-05	-1.020619e-03	-4.203684e+00
1.827000e-05	-2.226376e-03	-4.007210e+00
1.828000e-05	-2.143718e-03	-3.804734e+00
1.829000e-05	-2.917117e-03	-3.625334e+00
1.830000e-05	-1.181437e-03	-3.459103e+00
1.831000e-05	-3.258540e-03	-3.171130e+00
1.832000e-05	-3.436123e-03	-3.031105e+00
1.833000e-05	-3.112199e-03	-2.777941e+00
1.834000e-05	-2.384700e-03	-2.577395e+00
1.835000e-05	-3.260881e-03	-2.357290e+00
1.836000e-05	-3.916301e-03	-2.145891e+00
1.837000e-05	-5.666302e-03	-1.921708e+00
1.838000e-05	-3.349767e-03	-1.721229e+00
1.839000e-05	-3.731641e-03	-1.511678e+00
1.840000e-05	-2.409114e-03	-1.286968e+00
1.841000e-05	-3.660048e-03	-1.045814e+00
1.842000e-05	-2.609143e-03	-8.332367e-01
1.843000e-05	-4.122771e-03	-6.037015e-01
1.844000e-05	-4.070167e-03	-3.890773e-01
1.845000e-05	-6.048149e-03	-1.893785e-01
1.846000e-05	-1.929240e-03	9.554010e-03
1.847000e-05	4.055334e-03	2.356582e-01
1.848000e-05	-3.298473e-03	4.336607e-01
1.849000e-05	3.545233e-03	6.432366e-01
1.850000e-05	-1.255852e-03	8.035578e-01
1.851000e-05	1.159092e-03	9.982659e-01
1.852000e-05	-2.466207e-03	1.238817e+00
1.853000e-05	2.191551e-03	1.407826e+00
1.854000e-05	3.270195e-02	1.650055e+00
1.855000e-05	7.493315e-02	1.881083e+00
1.856000e-05	-5.029281e-02	2.138211e+00
1.857000e-05	-3.945293e-02	2.379267e+00
1.858000e-05	-3.404714e-02	2.592003e+00
1.859000e-05	-5.123844e-02	2.769975e+00
1.860000e-05	-5.546584e-02	2.937392e+00
1.861000e-05	1.015476e-01	3.065108e+00
1.862000e-05	-3.790206e-02	3.328344e+00
1.863000e-05	-2.038723e-02	3.475262e+00
1.864000e-05	1.227065e-01	3.696315e+00
1.865000e-05	-1.137173e-01	3.911027e+00
1.866000e-05	4.100882e-02	4.089448e+00
1.867000e-05	-2.658585e-02	4.331003e+00
1.868000e-05	-6.146422e-02	4.512555e+00
1.869000e-05	7.017682e-02	4.798261e+00
1.870000e-05	-2.498088e-02	5.008419e+00
1.871000e-05	1.867956e-02	5.178392e+00
1.872000e-05	-3.529031e-03	5.347896e+00
1.873000e-05	-3.490497e-02	5.590499e+00
1.874000e-05	1.301565e-02	5.747374e+00
1.875000e-05	-3.342119e-02	5.940446e+00
1.876000e-05	2.768722e-02	6.166396e+00
1.877000e-05	-2.271517e-02	6.351478e+00
1.878000e-05	1.039209e-02	6.499481e+00
1.879000e-05	1.535479e-02	6.678869e+00
1.880000e-05	-4.761330e-02	6.859349e+00
1.881000e-05	2.267958e-02	7.087874e+00
1.882000e-05	-2.783250e-02	7.269350e+00
1.883000e-05	1.319036e-02	7.419426e+00
1.884000e-05	-2.470375e-03	7.629898e+00
1.885000e-05	-8.905309e-03	7.756740e+00
1.886000e-05	-4.106612e-03	7.883715e+00
1.887000e-05	-1.789736e-02	8.062503e+00
1.888000e-05	1.254629e-02	8.187367e+00
1.889000e-05	-2.258144e-02	8.314344e+00
1.890000e-05	3.702766e-03	8.524287e+00
1.891000e-05	-1.006359e-02	8.621583e+00
1.892000e-05	-1.002516e-03	8.777922e+00
1.893000e-05	-2.858926e-03	8.845741e+00
1.894000e-05	-1.628171e-02	9.041681e+00
1.895000e-05	-3.311954e-03	9.158500e+00
1.896000e-05	-1.232421e-02	9.346365e+00
1.897000e-05	3.049188e-03	9.394236e+00
1.898000e-05	-1.035549e-02	9.499025e+00
1.899000e-05	-4.334167e-03	9.606312e+00
1.900000e-05	-7.440025e-03	9.739983e+00
1.901000e-05	-3.822920e-03	9.868369e+00
1.902000e-05	-5.201718e-03	9.962206e+00
1.903000e-05	-1.373898e-02	1.006938e+01
1.904000e-05	-6.674835e-03	1.014271e+01
1.905000e-05	-7.505493e-03	1.025690e+01
1.906000e-05	-3.989075e-03	1.030308e+01
1.907000e-05	-1.066107e-02	1.038681e+01
1.908000e-05	-9.075435e-03	1.047161e+01
1.909000e-05	-7.670947e-03	1.054626e+01
1.910000e-05	-6.215157e-03	1.066902e+01
1.911000e-05	-8.721779e-03	1.075271e+01
1.912000e-05	-1.197532e-02	1.077993e+01
1.913000e-05	-9.134732e-03	1.087268e+01
1.914000e-05	-5.103984e-03	1.089427e+01
1.915000e-05	-4.987724e-03	1.094737e+01
1.916000e-05	-9.531309e-03	1.095897e+01
1.917000e-05	-1.172822e-02	1.103198e+01
1.918000e-05	-1.037117e-02	1.108316e+01
1.919000e-05	-8.399467e-03	1.110431e+01
1.920000e-05	-1.021828e-02	1.111536e+01
1.921000e-05	-1.053376e-02	1.117739e+01
1.922000e-05	-8.877004e-03	1.118699e+01
1.923000e-05	-7.922814e-03	1.117847e+01
1.924000e-05	-8.007366e-03	1.116900e+01
1.925000e-05	-1.261586e-02	1.118050e+01
1.926000e-05	-1.269885e-02	1.123008e+01
1.927000e-05	-1.095723e-02	1.119848e+01
1.928000e-05	-9.159903e-03	1.118945e+01
1.929000e-05	-9.838840e-03	1.117855e+01
1.930000e-05	-1.038792e-02	1.116647e+01
1.931000e-05	-9.440887e-03	1.117699e+01
1.932000e-05	-9.065175e-03	1.113436e+01
1.933000e-05	-1.087083e-02	1.109533e+01
1.934000e-05	-1.353481e-02	1.106316e+01
1.935000e-05	-1.189371e-02	1.106068e+01
1.936000e-05	-1.126322e-02	1.101998e+01
1.937000e-05	-8.917721e-03	1.094837e+01
1.938000e-05	-1.042924e-02	1.093429e+01
1.939000e-05	-1.280059e-02	1.085018e+01
1.940000e-05	-1.168923e-02	1.080740e+01
1.941000e-05	-9.562443e-03	1.072370e+01
1.942000e-05	-9.645141e-03	1.062855e+01
1.943000e-05	-1.199408e-02	1.059576e+01
1.944000e-05	-1.287423e-02	1.051060e+01
1.945000e-05	-1.033032e-02	1.039689e+01
1.946000e-05	-9.672326e-03	1.031168e+01
1.947000e-05	-9.397819e-03	1.025797e+01
1.948000e-05	-1.320222e-02	1.016473e+01
1.949000e-05	-1.045744e-02	1.006960e+01
1.950000e-05	-9.907667e-03	9.973732e+00
1.951000e-05	-1.016158e-02	9.837521e+00
1.952000e-05	-1.473312e-02	9.763157e+00
1.953000e-05	-1.272255e-02	9.625288e+00
1.954000e-05	-1.122449e-02	9.530521e+00
1.955000e-05	-7.831353e-03	9.394765e+00
1.956000e-05	-1.269105e-02	9.307422e+00
1.957000e-05	-1.269969e-02	9.181049e+00
1.958000e-05	-1.237470e-02	9.011756e+00
1.959000e-05	-9.994681e-03	8.886344e+00
1.960000e-05	-1.048027e-02	8.769498e+00
1.961000e-05	-1.241560e-02	8.633684e+00
1.962000e-05	-1.167930e-02	8.546364e+00
1.963000e-05	-9.453744e-03	8.349971e+00
1.964000e-05	-9.829231e-03	8.188950e+00
1.965000e-05	-1.119266e-02	8.050627e+00
1.966000e-05	-1.282500e-02	7.933787e+00
1.967000e-05	-1.122117e-02	7.766513e+00
1.968000e-05	-8.986234e-03	7.617940e+00
1.969000e-05	-1.016478e-02	7.417445e+00
1.970000e-05	-1.021541e-02	7.320150e+00
1.971000e-05	-1.095513e-02	7.089102e+00
1.972000e-05	-8.790598e-03	6.931074e+00
1.973000e-05	-9.332151e-03	6.739076e+00
1.974000e-05	-1.020159e-02	6.570150e+00
1.975000e-05	-1.011547e-02	6.381183e+00
1.976000e-05	-7.959909e-03	6.242131e+00
1.977000e-05	-7.090258e-03	6.020154e+00
1.978000e-05	-8.315054e-03	5.819707e+00
1.979000e-05	-9.310023e-03	5.663231e+00
1.980000e-05	-9.098846e-03	5.452762e+00
1.981000e-05	-8.340791e-03	5.301202e+00
1.982000e-05	-8.143825e-03	5.111154e+00
1.983000e-05	-8.622511e-03	4.851655e+00
1.984000e-05	-8.601696e-03	4.608548e+00
1.985000e-05	-6.648919e-03	4.415341e+00
1.986000e-05	-6.315020e-03	4.206360e+00
1.987000e-05	-7.160320e-03	4.037914e+00
1.988000e-05	-7.894814e-03	3.796811e+00
1.989000e-05	-6.965270e-03	3.643764e+00
1.990000e-05	-5.466171e-03	3.423258e+00
1.991000e-05	-7.503358e-03	3.272161e+00
1.992000e-05	-7.753456e-03	3.029600e+00
1.993000e-05	-6.096645e-03	2.789575e+00
1.994000e-05	-3.782052e-03	2.610075e+00
1.995000e-05	-4.694101e-03	2.387490e+00
1.996000e-05	-6.079187e-03	2.145314e+00
1.997000e-05	-7.173600e-03	1.973313e+00
1.998000e-05	-6.050023e-03	1.784861e+00
1.999000e-05	-6.641430e-03	1.560205e+00
2.000000e-05	-5.970470e-03	1.311151e+00
2.001000e-05	-5.824295e-03	1.119493e+00
2.002000e-05	-3.815922e-03	8.422354e-01
2.003000e-05	-3.389654e-03	6.222566e-01
2.004000e-05	-3.172854e-03	4.422290e-01
2.005000e-05	-4.840878e-03	1.611274e-01
2.006000e-05	-5.427425e-03	-4.112770e-02
2.007000e-05	3.155004e-03	-2.325804e-01
2.008000e-05	1.025720e-03	-3.710014e-01
2.009000e-05	-1.894927e-03	-6.451419e-01
2.010000e-05	-9.658123e-04	-7.946856e-01
2.011000e-05	-1.751993e-03	-1.006137e+00
2.012000e-05	-9.409740e-04	-1.165212e+00
2.013000e-05	-1.186958e-03	-1.438870e+00
2.014000e-05	3.802034e-02	-1.576245e+00
2.015000e-05	8.439127e-02	-1.825238e+00
2.016000e-05	-6.153616e-02	-2.147141e+00
2.017000e-05	-2.116326e-02	-2.441954e+00
2.018000e-05	-4.706897e-02	-2.641505e+00
2.019000e-05	-7.734753e-02	-2.772011e+00
2.020000e-05	5.386611e-02	-2.928920e+00
2.021000e-05	6.578057e-02	-3.054587e+00
2.022000e-05	-1.293649e-01	-3.317744e+00
2.023000e-05	1.566264e-01	-3.438338e+00
2.024000e-05	-5.840051e-02	-3.708420e+00
2.025000e-05	-5.808690e-02	-3.972982e+00
2.026000e-05	1.213704e-01	-4.079948e+00
2.027000e-05	-1.704437e-01	-4.303907e+00
2.028000e-05	9.073162e-02	-4.534134e+00
2.029000e-05	2.584530e-02	-4.691551e+00
2.030000e-05	-4.218936e-02	-4.987214e+00
2.031000e-05	1.149166e-01	-5.148396e+00
2.032000e-05	-1.214895e-01	-5.316821e+00
2.033000e-05	4.643624e-02	-5.567874e+00
2.034000e-05	-1.150016e-02	-5.745222e+00
2.035000e-05	-3.491740e-02	-5.990977e+00
2.036000e-05	8.547049e-02	-6.087323e+00
2.037000e-05	-9.755940e-02	-6.307894e+00
2.038000e-05	1.234612e-01	-6.469420e+00
2.039000e-05	-8.278900e-02	-6.708944e+00
2.040000e-05	1.658910e-02	-6.922453e+00
2.041000e-05	1.894125e-02	-7.056790e+00
2.042000e-05	-6.554045e-02	-7.278403e+00
2.043000e-05	1.024792e-01	-7.428875e+00
2.044000e-05	-7.438269e-02	-7.587817e+00
2.045000e-05	6.270464e-02	-7.735788e+00
2.046000e-05	-5.292202e-02	-7.894057e+00
2.047000e-05	2.452227e-02	-8.070610e+00
2.048000e-05	1.402179e-02	-8.242029e+00
2.049000e-05	-3.693384e-02	-8.377899e+00
2.050000e-05	4.531562e-02	-8.495764e+00
2.051000e-05	-4.821714e-02	-8.631610e+00
2.052000e-05	5.896573e-02	-8.791523e+00
2.053000e-05	-3.435643e-02	-8.917923e+00
2.054000e-05	1.781136e-02	-9.065260e+00
2.055000e-05	-9.347447e-03	-9.160057e+00
2.056000e-05	2.131311e-03	-9.297370e+00
2.057000e-05	1.612793e-02	-9.424713e+00
2.058000e-05	-1.801051e-02	-9.583072e+00
2.059000e-05	1.666169e-02	-9.687398e+00
2.060000e-05	-1.670258e-02	-9.792711e+00
2.061000e-05	2.925953e-02	-9.909926e+00
2.062000e-05	-1.633220e-02	-9.994765e+00
2.063000e-05	1.116366e-02	-1.008098e+01
2.064000e-05	-9.474117e-03	-1.012471e+01
2.065000e-05	1.190906e-02	-1.027200e+01
2.066000e-05	-2.958473e-04	-1.040316e+01
2.067000e-05	-1.904334e-03	-1.046655e+01
2.068000e-05	2.861865e-03	-1.054518e+01
2.069000e-05	1.429570e-03	-1.062942e+01
2.070000e-05	1.426324e-02	-1.068263e+01
2.071000e-05	-7.012184e-03	-1.075790e+01
2.072000e-05	5.295561e-03	-1.082053e+01
2.073000e-05	-4.718118e-03	-1.090578e+01
2.074000e-05	1.455691e-02	-1.096840e+01
2.075000e-05	8.656492e-04	-1.103102e+01
2.076000e-05	2.707023e-03	-1.109426e+01
2.077000e-05	-7.742191e-04	-1.112626e+01
2.078000e-05	3.554758e-03	-1.116937e+01
2.079000e-05	5.780927e-03	-1.122050e+01
2.080000e-05	1.878136e-04	-1.123215e+01
2.081000e-05	4.663348e-03	-1.123366e+01
2.082000e-05	2.763593e-03	-1.126368e+01
2.083000e-05	9.717456e-03	-1.127526e+01
2.084000e-05	3.365573e-03	-1.129676e+01
2.085000e-05	2.380725e-04	-1.130479e+01
2.086000e-05	5.747846e-04	-1.129677e+01
2.087000e-05	4.284846e-03	-1.132727e+01
2.088000e-05	6.072255e-03	-1.128529e+01
2.089000e-05	4.293219e-03	-1.130534e+01
2.090000e-05	2.887413e-03	-1.127581e+01
2.091000e-05	4.206718e-03	-1.125416e+01
2.092000e-05	5.758961e-03	-1.125370e+01
2.093000e-05	2.394276e-03	-1.122313e+01
2.094000e-05	1.535085e-03	-1.120108e+01
2.095000e-05	3.392894e-03	-1.114947e+01
2.096000e-05	6.885021e-03	-1.112636e+01
2.097000e-05	5.464557e-03	-1.105261e+01
2.098000e-05	3.879077e-03	-1.100964e+01
2.099000e-05	1.619632e-03	-1.096795e+01
2.100000e-05	3.321813e-03	-1.089326e+01
2.101000e-05	5.632841e-03	-1.083003e+01
2.102000e-05	4.161668e-03	-1.073689e+01
2.103000e-05	3.031727e-03	-1.068165e+01
2.104000e-05	3.198465e-03	-1.057692e+01
2.105000e-05	4.888082e-03	-1.048369e+01
2.106000e-05	5.118316e-03	-1.046745e+01
2.107000e-05	1.804756e-03	-1.033310e+01
2.108000e-05	1.679670e-03	-1.023852e+01
2.109000e-05	4.064779e-03	-1.013313e+01
2.110000e-05	5.315568e-03	-1.004957e+01
2.111000e-05	2.317525e-03	-9.964737e+00
2.112000e-05	2.123479e-03	-9.858498e+00
2.113000e-05	4.834669e-03	-9.773213e+00
2.114000e-05	6.091632e-03	-9.649421e+00
2.115000e-05	4.017125e-03	-9.541604e+00
2.116000e-05	1.762180e-03	-9.363756e+00
2.117000e-05	3.154283e-03	-9.296368e+00
2.118000e-05	4.480793e-03	-9.181155e+00
2.119000e-05	4.202739e-03	-9.045836e+00
2.120000e-05	2.386135e-03	-8.938447e+00
2.121000e-05	2.384359e-03	-8.742002e+00
2.122000e-05	4.289549e-03	-8.634209e+00
2.123000e-05	4.730491e-03	-8.504841e+00
2.124000e-05	1.936956e-03	-8.397494e+00
2.125000e-05	7.548320e-04	-8.261103e+00
2.126000e-05	1.857190e-03	-8.052158e+00
2.127000e-05	3.852289e-03	-7.934636e+00
2.128000e-05	2.785393e-03	-7.775291e+00
2.129000e-05	1.198352e-03	-7.598970e+00
2.130000e-05	9.301010e-04	-7.438521e+00
2.131000e-05	2.871935e-03	-7.290548e+00
2.132000e-05	2.445297e-03	-7.067496e+00
2.133000e-05	1.994325e-03	-6.909971e+00
2.134000e-05	7.425826e-05	-6.749603e+00
2.135000e-05	1.499156e-04	-6.551000e+00
2.136000e-05	1.199460e-03	-6.390073e+00
2.137000e-05	-1.224651e-04	-6.180125e+00
2.138000e-05	-1.506711e-03	-6.022702e+00
2.139000e-05	-1.296356e-03	-5.791631e+00
2.140000e-05	2.560142e-04	-5.640153e+00
2.141000e-05	6.085730e-04	-5.401125e+00
2.142000e-05	-1.019351e-03	-5.272183e+00
2.143000e-05	-1.364774e-03	-5.048627e+00
2.144000e-05	-9.366361e-04	-4.848945e+00
2.145000e-05	-4.572188e-04	-4.578891e+00
2.146000e-05	-2.199142e-03	-4.384309e+00
2.147000e-05	-2.496032e-03	-4.172211e+00
2.148000e-05	-2.206929e-03	-4.016790e+00
2.149000e-05	-9.384464e-04	-3.845258e+00
2.150000e-05	-1.971534e-03	-3.635311e+00
2.151000e-05	-2.532201e-03	-3.401680e+00
2.152000e-05	-4.111503e-03	-3.231605e+00
2.153000e-05	-2.676193e-03	-3.040630e+00
2.154000e-05	-2.274771e-03	-2.769572e+00
2.155000e-05	-2.018269e-03	-2.578395e+00
2.156000e-05	-4.227159e-03	-2.366845e+00
2.157000e-05	-2.770233e-03	-2.166865e+00
2.158000e-05	-4.307035e-03	-1.923178e+00
2.159000e-05	-3.303910e-03	-1.732258e+00
2.160000e-05	-4.297771e-03	-1.522680e+00
2.161000e-05	-3.189722e-03	-1.309045e+00
2.162000e-05	-3.734164e-03	-1.056263e+00
2.163000e-05	-2.701158e-03	-8.342854e-01
2.164000e-05	-4.665537e-03	-6.042380e-01
2.165000e-05	-3.140593e-03	-4.000765e-01
2.166000e-05	-4.746124e-03	-1.994763e-01
2.167000e-05	1.644256e-04	1.050256e-02
2.168000e-05	5.310833e-03	2.831356e-01
2.169000e-05	-2.983390e-03	4.226616e-01
2.170000e-05	1.913473e-03	6.456580e-01
2.171000e-05	-3.231841e-03	7.620353e-01
2.172000e-05	-1.282437e-03	1.017210e+00
2.173000e-05	-3.009987e-03	1.247822e+00
2.174000e-05	4.020762e-03	1.536472e+00
2.175000e-05	3.359462e-02	1.703000e+00
2.176000e-05	7.901998e-02	1.892506e+00
2.177000e-05	-4.474381e-02	2.154661e+00
2.178000e-05	-4.413060e-02	2.427717e+00
2.179000e-05	-3.916958e-02	2.620001e+00
2.180000e-05	-4.757483e-02	2.787896e+00
2.181000e-05	-5.756821e-02	2.907267e+00
2.182000e-05	9.548674e-02	3.074084e+00
2.183000e-05	-3.090142e-02	3.329949e+00
2.184000e-05	-2.516967e-02	3.485287e+00
2.185000e-05	1.293633e-01	3.666662e+00
2.186000e-05	-1.114375e-01	3.930456e+00
2.187000e-05	3.285631e-02	4.088949e+00
2.188000e-05	-2.211234e-02	4.310953e+00
2.189000e-05	-6.329260e-02	4.489980e+00
2.190000e-05	6.718670e-02	4.763236e+00
2.191000e-05	-2.391875e-02	4.987345e+00
2.192000e-05	1.694325e-02	5.177845e+00
2.193000e-05	-3.503486e-06	5.348318e+00
2.194000e-05	-3.731278e-02	5.579449e+00
2.195000e-05	1.483515e-02	5.769875e+00
2.196000e-05	-3.043533e-02	5.947845e+00
2.197000e-05	2.487912e-02	6.129942e+00
2.198000e-05	-2.431517e-02	6.319475e+00
2.199000e-05	6.722469e-03	6.518445e+00
2.200000e-05	2.212992e-02	6.697847e+00
2.201000e-05	-4.919789e-02	6.865841e+00
2.202000e-05	1.859721e-02	7.077345e+00
2.203000e-05	-2.638866e-02	7.288399e+00
2.204000e-05	1.443426e-02	7.447317e+00
2.205000e-05	-9.964793e-04	7.618845e+00
2.206000e-05	-1.023131e-02	7.775289e+00
2.207000e-05	-2.414106e-03	7.903633e+00
2.208000e-05	-1.706369e-02	8.081004e+00
2.209000e-05	1.245026e-02	8.137365e+00
2.210000e-05	-2.148977e-02	8.296388e+00
2.211000e-05	1.128806e-03	8.524759e+00
2.212000e-05	-1.042595e-02	8.611582e+00
2.213000e-05	-5.496859e-04	8.747474e+00
2.214000e-05	-5.511856e-05	8.846689e+00
2.215000e-05	-1.732093e-02	9.032206e+00
2.216000e-05	-4.819657e-03	9.201548e+00
2.217000e-05	-1.057877e-02	9.276793e+00
2.218000e-05	2.462189e-03	9.423658e+00
2.219000e-05	-1.128199e-02	9.508553e+00
2.220000e-05	-6.785611e-03	9.654760e+00
2.221000e-05	-6.950021e-03	9.739003e+00
2.222000e-05	-4.330722e-03	9.896816e+00
2.223000e-05	-5.446404e-03	9.993203e+00
2.224000e-05	-1.248575e-02	1.008798e+01
2.225000e-05	-6.604543e-03	1.013318e+01
2.226000e-05	-6.648285e-03	1.022882e+01
2.227000e-05	-3.951015e-03	1.033258e+01
2.228000e-05	-1.095680e-02	1.040536e+01
2.229000e-05	-1.058729e-02	1.050063e+01
2.230000e-05	-7.544196e-03	1.054579e+01
2.231000e-05	-6.340422e-03	1.068847e+01
2.232000e-05	-8.085623e-03	1.075221e+01
2.233000e-05	-1.296918e-02	1.079740e+01
2.234000e-05	-9.674489e-03	1.085215e+01
2.235000e-05	-5.736012e-03	1.090428e+01
2.236000e-05	-4.887820e-03	1.097834e+01
2.237000e-05	-1.054893e-02	1.098894e+01
2.238000e-05	-1.183201e-02	1.103160e+01
2.239000e-05	-9.372784e-03	1.108226e+01
2.240000e-05	-8.797296e-03	1.110423e+01
2.241000e-05	-9.756757e-03	1.115579e+01
2.242000e-05	-1.208771e-02	1.115587e+01
2.243000e-05	-9.423780e-03	1.116892e+01
2.244000e-05	-8.063490e-03	1.117850e+01
2.245000e-05	-8.130993e-03	1.119005e+01
2.246000e-05	-1.237141e-02	1.122053e+01
2.247000e-05	-1.290015e-02	1.120005e+01
2.248000e-05	-1.057094e-02	1.119955e+01
2.249000e-05	-9.823586e-03	1.122010e+01
2.250000e-05	-1.031263e-02	1.118750e+01
2.251000e-05	-1.094752e-02	1.116694e+01
2.252000e-05	-1.018320e-02	1.119697e+01
2.253000e-05	-9.970221e-03	1.112636e+01
2.254000e-05	-1.098347e-02	1.112531e+01
2.255000e-05	-1.220304e-02	1.106166e+01
2.256000e-05	-1.163167e-02	1.100058e+01
2.257000e-05	-9.971660e-03	1.102052e+01
2.258000e-05	-9.513966e-03	1.097832e+01
2.259000e-05	-1.169222e-02	1.090326e+01
2.260000e-05	-1.273017e-02	1.083170e+01
2.261000e-05	-1.087088e-02	1.079787e+01
2.262000e-05	-1.029966e-02	1.068223e+01
2.263000e-05	-1.036461e-02	1.065850e+01
2.264000e-05	-1.163346e-02	1.054431e+01
2.265000e-05	-1.080791e-02	1.051009e+01
2.266000e-05	-1.034029e-02	1.042541e+01
2.267000e-05	-1.210142e-02	1.031418e+01
2.268000e-05	-1.208227e-02	1.025900e+01
2.269000e-05	-1.105502e-02	1.014429e+01
2.270000e-05	-9.866169e-03	1.005955e+01
2.271000e-05	-1.134701e-02	1.000376e+01
2.272000e-05	-1.286801e-02	9.868922e+00
2.273000e-05	-1.195954e-02	9.741179e+00
2.274000e-05	-9.451836e-03	9.625340e+00
2.275000e-05	-1.123466e-02	9.529026e+00
2.276000e-05	-1.178984e-02	9.413312e+00
2.277000e-05	-1.352298e-02	9.349022e+00
2.278000e-05	-1.098389e-02	9.181646e+00
2.279000e-05	-1.122700e-02	9.023731e+00
2.280000e-05	-1.128711e-02	8.944968e+00
2.281000e-05	-1.334580e-02	8.768978e+00
2.282000e-05	-1.098872e-02	8.633208e+00
2.283000e-05	-1.071486e-02	8.507366e+00
2.284000e-05	-9.498111e-03	8.367846e+00
2.285000e-05	-1.148968e-02	8.208527e+00
2.286000e-05	-1.110778e-02	8.061129e+00
2.287000e-05	-1.065241e-02	7.903786e+00
2.288000e-05	-1.022723e-02	7.796439e+00
2.289000e-05	-1.065654e-02	7.578070e+00
2.290000e-05	-1.127372e-02	7.418974e+00
2.291000e-05	-1.053656e-02	7.269599e+00
2.292000e-05	-9.376973e-03	7.140679e+00
2.293000e-05	-9.432119e-03	6.899628e+00
2.294000e-05	-1.009017e-02	6.721574e+00
2.295000e-05	-9.896301e-03	6.592629e+00
2.296000e-05	-8.893218e-03	6.392709e+00
2.297000e-05	-8.116258e-03	6.241707e+00
2.298000e-05	-8.423813e-03	6.031278e+00
2.299000e-05	-9.070550e-03	5.842758e+00
2.300000e-05	-8.575960e-03	5.683784e+00
2.301000e-05	-7.952171e-03	5.514785e+00
2.302000e-05	-7.411476e-03	5.291230e+00
2.303000e-05	-8.356225e-03	5.082683e+00
2.304000e-05	-7.065213e-03	4.900175e+00
2.305000e-05	-7.737333e-03	4.669047e+00
2.306000e-05	-7.461222e-03	4.408415e+00
2.307000e-05	-8.407689e-03	4.225818e+00
2.308000e-05	-8.074827e-03	4.047488e+00
2.309000e-05	-7.228837e-03	3.834334e+00
2.310000e-05	-6.403479e-03	3.634258e+00
2.311000e-05	-5.879864e-03	3.453708e+00
2.312000e-05	-6.769338e-03	3.274678e+00
2.313000e-05	-7.170673e-03	2.979675e+00
2.314000e-05	-6.580271e-03	2.800574e+00
2.315000e-05	-5.786999e-03	2.600551e+00
2.316000e-05	-5.899948e-03	2.437516e+00
2.317000e-05	-5.579493e-03	2.164884e+00
2.318000e-05	-5.620825e-03	1.963763e+00
2.319000e-05	-5.158987e-03	1.786314e+00
2.320000e-05	-5.794330e-03	1.551704e+00
2.321000e-05	-6.379591e-03	1.320174e+00
2.322000e-05	-5.745539e-03	1.119924e+00
2.323000e-05	-5.367580e-03	8.317830e-01
2.324000e-05	-5.683672e-03	6.328065e-01
2.325000e-05	-4.816962e-03	4.037027e-01
2.326000e-05	-3.629565e-03	2.216266e-01
2.327000e-05	-3.873957e-03	-2.100419e-02
2.328000e-05	3.217610e-03	-2.220541e-01
2.329000e-05	1.623794e-03	-4.024239e-01
2.330000e-05	-2.418319e-03	-6.261857e-01
2.331000e-05	-4.676991e-04	-8.536131e-01
2.332000e-05	-2.584013e-03	-1.036137e+00
2.333000e-05	-4.826589e-04	-1.227609e+00
2.334000e-05	-2.841274e-03	-1.478344e+00
2.335000e-05	3.938263e-02	-1.617790e+00
2.336000e-05	8.682089e-02	-1.798717e+00
2.337000e-05	-6.060896e-02	-2.154113e+00
2.338000e-05	-2.673329e-02	-2.442404e+00
2.339000e-05	-3.807724e-02	-2.601000e+00
2.340000e-05	-7.797349e-02	-2.801455e+00
2.341000e-05	4.839363e-02	-2.949395e+00
2.342000e-05	6.843996e-02	-3.074136e+00
2.343000e-05	-1.298469e-01	-3.316264e+00
2.344000e-05	1.522251e-01	-3.487792e+00
2.345000e-05	-4.810644e-02	-3.707322e+00
2.346000e-05	-6.641821e-02	-3.932007e+00
2.347000e-05	1.245993e-01	-4.099896e+00
2.348000e-05	-1.613876e-01	-4.320429e+00
2.349000e-05	7.867076e-02	-4.532557e+00
2.350000e-05	3.097032e-02	-4.690953e+00
2.351000e-05	-4.917266e-02	-4.985768e+00
2.352000e-05	1.171772e-01	-5.166271e+00
2.353000e-05	-1.137754e-01	-5.376294e+00
2.354000e-05	3.765766e-02	-5.547822e+00
2.355000e-05	-5.840057e-04	-5.707265e+00
2.356000e-05	-3.942095e-02	-5.959001e+00
2.357000e-05	8.330145e-02	-6.108294e+00
2.358000e-05	-1.021498e-01	-6.307370e+00
2.359000e-05	1.220121e-01	-6.458919e+00
2.360000e-05	-7.249294e-02	-6.697944e+00
2.361000e-05	6.608046e-03	-6.880424e+00
2.362000e-05	2.657940e-02	-7.017316e+00
2.363000e-05	-6.630853e-02	-7.269793e+00
2.364000e-05	1.024720e-01	-7.419367e+00
2.365000e-05	-7.580437e-02	-7.537217e+00
2.366000e-05	5.946703e-02	-7.745260e+00
2.367000e-05	-4.895196e-02	-7.849557e+00
2.368000e-05	1.876170e-02	-8.065059e+00
2.369000e-05	1.938650e-02	-8.190052e+00
2.370000e-05	-3.499936e-02	-8.379446e+00
2.371000e-05	4.501315e-02	-8.464265e+00
2.372000e-05	-4.766271e-02	-8.574031e+00
2.373000e-05	5.735676e-02	-8.800479e+00
2.374000e-05	-3.175805e-02	-8.938826e+00
2.375000e-05	1.127148e-02	-9.026189e+00
2.376000e-05	-6.471531e-03	-9.180003e+00
2.377000e-05	3.466146e-03	-9.280344e+00
2.378000e-05	1.751701e-02	-9.465163e+00
2.379000e-05	-1.847983e-02	-9.552552e+00
2.380000e-05	1.830026e-02	-9.667973e+00
2.381000e-05	-1.498812e-02	-9.784162e+00
2.382000e-05	2.624506e-02	-9.889527e+00
2.383000e-05	-1.488458e-02	-9.984637e+00
2.384000e-05	8.136920e-03	-1.009095e+01
2.385000e-05	-8.705207e-03	-1.014407e+01
2.386000e-05	9.893378e-03	-1.033097e+01
2.387000e-05	2.144440e-03	-1.038459e+01
2.388000e-05	-1.211194e-03	-1.045210e+01
2.389000e-05	3.592595e-03	-1.050518e+01
2.390000e-05	1.320522e-03	-1.063882e+01
2.391000e-05	1.357130e-02	-1.065410e+01
2.392000e-05	-7.571069e-03	-1.077679e+01
2.393000e-05	5.010827e-03	-1.082058e+01
2.394000e-05	-5.112715e-03	-1.089324e+01
2.395000e-05	1.351402e-02	-1.097797e+01
2.396000e-05	2.147158e-03	-1.103005e+01
2.397000e-05	3.460018e-03	-1.106468e+01
2.398000e-05	-1.258454e-03	-1.111632e+01
2.399000e-05	2.875587e-03	-1.119045e+01
2.400000e-05	5.444049e-03	-1.119993e+01
2.401000e-05	-2.985393e-04	-1.123158e+01
2.402000e-05	4.018325e-03	-1.126363e+01
2.403000e-05	2.049175e-03	-1.125476e+01
2.404000e-05	8.173344e-03	-1.131629e+01
2.405000e-05	3.250613e-03	-1.129632e+01
2.406000e-05	3.699551e-04	-1.131584e+01
2.407000e-05	1.226015e-03	-1.129389e+01
2.408000e-05	4.729928e-03	-1.132627e+01
2.409000e-05	6.224056e-03	-1.129689e+01
2.410000e-05	3.795167e-03	-1.127426e+01
2.411000e-05	2.053290e-03	-1.127674e+01
2.412000e-05	4.829220e-03	-1.128471e+01
2.413000e-05	3.833612e-03	-1.125224e+01
2.414000e-05	2.299009e-03	-1.121256e+01
2.415000e-05	1.856645e-03	-1.120200e+01
2.416000e-05	3.087610e-03	-1.115942e+01
2.417000e-05	6.537038e-03	-1.110577e+01
2.418000e-05	4.835732e-03	-1.105361e+01
2.419000e-05	2.363728e-03	-1.101915e+01
2.420000e-05	2.362763e-03	-1.095844e+01
2.421000e-05	3.426948e-03	-1.088324e+01
2.422000e-05	4.800809e-03	-1.080005e+01
2.423000e-05	4.140726e-03	-1.074787e+01
2.424000e-05	3.832719e-03	-1.069413e+01
2.425000e-05	3.871710e-03	-1.056937e+01
2.426000e-05	4.065366e-03	-1.053223e+01
2.427000e-05	3.315688e-03	-1.040002e+01
2.428000e-05	2.141954e-03	-1.033126e+01
2.429000e-05	3.349756e-03	-1.021744e+01
2.430000e-05	4.185593e-03	-1.015416e+01
2.431000e-05	5.251387e-03	-1.007857e+01
2.432000e-05	2.286135e-03	-9.975268e+00
2.433000e-05	2.532013e-03	-9.881995e+00
2.434000e-05	4.411627e-03	-9.794186e+00
2.435000e-05	5.147727e-03	-9.667845e+00
2.436000e-05	3.401067e-03	-9.550551e+00
2.437000e-05	1.660647e-03	-9.403188e+00
2.438000e-05	4.100776e-03	-9.286946e+00
2.439000e-05	5.095531e-03	-9.181656e+00
2.440000e-05	4.575827e-03	-9.074862e+00
2.441000e-05	2.812611e-03	-8.938974e+00
2.442000e-05	1.603384e-03	-8.800502e+00
2.443000e-05	4.259332e-03	-8.643205e+00
2.444000e-05	4.882830e-03	-8.546345e+00
2.445000e-05	1.517518e-03	-8.357999e+00
2.446000e-05	1.040785e-03	-8.170628e+00
2.447000e-05	1.619022e-03	-8.074654e+00
2.448000e-05	4.124601e-03	-7.883235e+00
2.449000e-05	3.113146e-03	-7.737793e+00
2.450000e-05	7.872139e-04	-7.618371e+00
2.451000e-05	1.153541e-03	-7.480473e+00
2.452000e-05	2.225872e-03	-7.269495e+00
2.453000e-05	2.477699e-03	-7.070044e+00
2.454000e-05	8.499975e-04	-6.889500e+00
2.455000e-05	4.659997e-05	-6.731580e+00
2.456000e-05	1.024014e-03	-6.583653e+00
2.457000e-05	1.301797e-03	-6.350503e+00
2.458000e-05	5.700429e-04	-6.231677e+00
2.459000e-05	-1.429470e-03	-6.034107e+00
2.460000e-05	-4.782371e-04	-5.803155e+00
2.461000e-05	5.866107e-04	-5.611629e+00
2.462000e-05	1.768422e-04	-5.430554e+00
2.463000e-05	-6.505842e-04	-5.242628e+00
2.464000e-05	-2.324139e-03	-5.020127e+00
2.465000e-05	-2.284037e-03	-4.789518e+00
2.466000e-05	5.893279e-06	-4.596442e+00
2.467000e-05	-6.695667e-04	-4.394285e+00
2.468000e-05	-1.616907e-03	-4.174732e+00
2.469000e-05	-3.153745e-03	-4.036313e+00
2.470000e-05	-8.410524e-04	-3.793287e+00
2.471000e-05	-1.502386e-03	-3.616317e+00
2.472000e-05	-1.491277e-03	-3.401654e+00
2.473000e-05	-3.073716e-03	-3.171181e+00
2.474000e-05	-3.179644e-03	-3.011104e+00
2.475000e-05	-1.986169e-03	-2.730526e+00
2.476000e-05	-2.037688e-03	-2.559971e+00
2.477000e-05	-3.676925e-03	-2.359391e+00
2.478000e-05	-4.080288e-03	-2.178345e+00
2.479000e-05	-4.560312e-03	-1.932159e+00
2.480000e-05	-2.961017e-03	-1.734209e+00
2.481000e-05	-4.047843e-03	-1.522156e+00
2.482000e-05	-3.136663e-03	-1.299176e+00
2.483000e-05	-2.885826e-03	-1.024338e+00
2.484000e-05	-2.497417e-03	-8.257842e-01
2.485000e-05	-3.635769e-03	-6.332052e-01
2.486000e-05	-4.160491e-03	-3.815526e-01
2.487000e-05	-4.917657e-03	-2.211301e-01
2.488000e-05	-1.071893e-03	1.052632e-02
2.489000e-05	5.008204e-03	2.625866e-01
2.490000e-05	-3.294520e-03	4.521052e-01
2.491000e-05	2.950311e-03	6.426842e-01
2.492000e-05	-2.262546e-03	7.725290e-01
2.493000e-05	-5.460333e-04	1.055241e+00
2.494000e-05	-2.761455e-03	1.256368e+00
2.495000e-05	2.688753e-03	1.467841e+00
2.496000e-05	3.203095e-02	1.679473e+00
2.497000e-05	7.413311e-02	1.899951e+00
2.498000e-05	-4.547343e-02	2.133611e+00
2.499000e-05	-4.153230e-02	2.365365e+00
2.500000e-05	-3.350233e-02	2.620525e+00
2.501000e-05	-4.945982e-02	2.767399e+00
2.502000e-05	-5.679778e-02	2.935286e+00
2.503000e-05	8.877400e-02	3.061184e+00
2.504000e-05	-1.949074e-02	3.336798e+00
2.505000e-05	-3.560771e-02	3.474717e+00
2.506000e-05	1.287090e-01	3.684258e+00
2.507000e-05	-1.082372e-01	3.897375e+00
2.508000e-05	2.960677e-02	4.078925e+00
2.509000e-05	-1.520445e-02	4.288972e+00
2.510000e-05	-6.769791e-02	4.488950e+00
2.511000e-05	6.766407e-02	4.752691e+00
2.512000e-05	-2.086539e-02	5.016316e+00
2.513000e-05	1.212830e-02	5.187387e+00
2.514000e-05	1.345273e-04	5.366718e+00
2.515000e-05	-3.668505e-02	5.577423e+00
2.516000e-05	1.370493e-02	5.756317e+00
2.517000e-05	-2.965000e-02	5.937398e+00
2.518000e-05	2.319126e-02	6.108841e+00
2.519000e-05	-1.686341e-02	6.348948e+00
2.520000e-05	4.676520e-03	6.498893e+00
2.521000e-05	2.156439e-02	6.668318e+00
2.522000e-05	-5.128436e-02	6.875341e+00
2.523000e-05	1.888623e-02	7.067867e+00
2.524000e-05	-2.609147e-02	7.257841e+00
2.525000e-05	1.122491e-02	7.456794e+00
2.526000e-05	8.263670e-04	7.627841e+00
2.527000e-05	-1.061420e-02	7.756316e+00
2.528000e-05	-3.324646e-03	7.903161e+00
2.529000e-05	-1.660578e-02	8.040998e+00
2.530000e-05	1.218184e-02	8.176874e+00
2.531000e-05	-2.200363e-02	8.275838e+00
2.532000e-05	5.463063e-04	8.493679e+00
2.533000e-05	-7.518700e-03	8.642104e+00
2.534000e-05	-6.617480e-04	8.758396e+00
2.535000e-05	-2.655842e-04	8.895765e+00
2.536000e-05	-1.675106e-02	8.962133e+00
2.537000e-05	-3.464941e-03	9.170470e+00
2.538000e-05	-1.124857e-02	9.318347e+00
2.539000e-05	1.052180e-03	9.423707e+00
2.540000e-05	-1.142647e-02	9.509549e+00
2.541000e-05	-6.454389e-03	9.643740e+00
2.542000e-05	-6.063423e-03	9.700956e+00
2.543000e-05	-3.388952e-03	9.857291e+00
2.544000e-05	-3.601460e-03	9.982078e+00
2.545000e-05	-1.360719e-02	1.006944e+01
2.546000e-05	-7.133660e-03	1.013513e+01
2.547000e-05	-6.741194e-03	1.026844e+01
2.548000e-05	-5.024142e-03	1.030208e+01
2.549000e-05	-1.024767e-02	1.040589e+01
2.550000e-05	-9.140724e-03	1.047001e+01
2.551000e-05	-5.680128e-03	1.059579e+01
2.552000e-05	-4.737574e-03	1.065792e+01
2.553000e-05	-8.906304e-03	1.073318e+01
2.554000e-05	-1.365067e-02	1.077797e+01
2.555000e-05	-8.875280e-03	1.088118e+01
2.556000e-05	-4.850210e-03	1.094619e+01
2.557000e-05	-5.366077e-03	1.092586e+01
2.558000e-05	-1.136361e-02	1.097845e+01
2.559000e-05	-1.254093e-02	1.101160e+01
2.560000e-05	-8.898853e-03	1.113368e+01
2.561000e-05	-8.200848e-03	1.108476e+01
2.562000e-05	-1.038063e-02	1.113626e+01
2.563000e-05	-1.202491e-02	1.115592e+01
2.564000e-05	-8.997788e-03	1.115794e+01
2.565000e-05	-5.865205e-03	1.120999e+01
2.566000e-05	-8.367629e-03	1.121954e+01
2.567000e-05	-1.339566e-02	1.118997e+01
2.568000e-05	-1.288012e-02	1.117847e+01
2.569000e-05	-1.008875e-02	1.122010e+01
2.570000e-05	-9.409909e-03	1.119900e+01
2.571000e-05	-1.024147e-02	1.120848e+01
2.572000e-05	-1.279794e-02	1.116797e+01
2.573000e-05	-1.023603e-02	1.112652e+01
2.574000e-05	-8.698285e-03	1.110546e+01
2.575000e-05	-1.090797e-02	1.109481e+01
2.576000e-05	-1.385756e-02	1.110273e+01
2.577000e-05	-1.203630e-02	1.102150e+01
2.578000e-05	-9.308555e-03	1.101953e+01
2.579000e-05	-8.967113e-03	1.096837e+01
2.580000e-05	-1.168028e-02	1.091478e+01
2.581000e-05	-1.334919e-02	1.083016e+01
2.582000e-05	-1.160279e-02	1.080742e+01
2.583000e-05	-9.998883e-03	1.071419e+01
2.584000e-05	-9.763603e-03	1.060915e+01
2.585000e-05	-1.281628e-02	1.056484e+01
2.586000e-05	-1.147819e-02	1.045958e+01
2.587000e-05	-1.090229e-02	1.037542e+01
2.588000e-05	-1.077538e-02	1.035366e+01
2.589000e-05	-1.203449e-02	1.023645e+01
2.590000e-05	-1.200425e-02	1.015436e+01
2.591000e-05	-1.110088e-02	1.007110e+01
2.592000e-05	-1.017804e-02	9.972806e+00
2.593000e-05	-9.896507e-03	9.887070e+00
2.594000e-05	-1.360188e-02	9.751734e+00
2.595000e-05	-1.131149e-02	9.655387e+00
2.596000e-05	-1.073501e-02	9.539101e+00
2.597000e-05	-1.086763e-02	9.404740e+00
2.598000e-05	-1.318448e-02	9.288920e+00
2.599000e-05	-1.248358e-02	9.172703e+00
2.600000e-05	-1.172857e-02	9.062791e+00
2.601000e-05	-1.158210e-02	8.955912e+00
2.602000e-05	-1.253662e-02	8.760002e+00
2.603000e-05	-1.201550e-02	8.653829e+00
2.604000e-05	-1.063862e-02	8.516920e+00
2.605000e-05	-8.984091e-03	8.418446e+00
2.606000e-05	-1.007753e-02	8.197553e+00
2.607000e-05	-1.225046e-02	8.041679e+00
2.608000e-05	-1.250130e-02	7.905265e+00
2.609000e-05	-9.229587e-03	7.725941e+00
2.610000e-05	-1.044710e-02	7.610394e+00
2.611000e-05	-1.066669e-02	7.479521e+00
2.612000e-05	-1.038690e-02	7.299577e+00
2.613000e-05	-8.991900e-03	7.121605e+00
2.614000e-05	-1.043398e-02	6.909174e+00
2.615000e-05	-1.062710e-02	6.739576e+00
2.616000e-05	-8.780291e-03	6.592104e+00
2.617000e-05	-8.724379e-03	6.372781e+00
2.618000e-05	-9.438302e-03	6.222707e+00
2.619000e-05	-1.046126e-02	6.000229e+00
2.620000e-05	-8.651034e-03	5.822708e+00
2.621000e-05	-7.219229e-03	5.662283e+00
2.622000e-05	-8.348622e-03	5.513286e+00
2.623000e-05	-8.077936e-03	5.272306e+00
2.624000e-05	-8.278409e-03	5.091757e+00
2.625000e-05	-6.530772e-03	4.893180e+00
2.626000e-05	-6.105401e-03	4.678546e+00
2.627000e-05	-7.629584e-03	4.436914e+00
2.628000e-05	-8.805723e-03	4.218362e+00
2.629000e-05	-7.166091e-03	4.028970e+00
2.630000e-05	-7.011673e-03	3.835412e+00
2.631000e-05	-7.192616e-03	3.604784e+00
2.632000e-05	-6.691871e-03	3.404309e+00
2.633000e-05	-7.637147e-03	3.255257e+00
2.634000e-05	-5.613689e-03	2.960604e+00
2.635000e-05	-6.270182e-03	2.810153e+00
2.636000e-05	-6.401482e-03	2.631151e+00
2.637000e-05	-6.544300e-03	2.397545e+00
2.638000e-05	-5.253312e-03	2.156417e+00
2.639000e-05	-5.725556e-03	1.965816e+00
2.640000e-05	-5.149567e-03	1.765914e+00
2.641000e-05	-7.026155e-03	1.534235e+00
2.642000e-05	-5.607127e-03	1.321176e+00
2.643000e-05	-5.581318e-03	1.169575e+00
2.644000e-05	-4.872691e-03	8.153380e-01
2.645000e-05	-5.484478e-03	6.128569e-01
2.646000e-05	-5.365845e-03	4.222329e-01
2.647000e-05	-4.870248e-03	1.942052e-01
2.648000e-05	-3.844300e-03	2.849481e-02
2.649000e-05	2.550634e-03	-2.110290e-01
2.650000e-05	1.232083e-03	-3.610025e-01
2.651000e-05	-2.092328e-03	-5.730844e-01
2.652000e-05	1.401057e-03	-8.450881e-01
2.653000e-05	-2.800826e-03	-1.014038e+00
2.654000e-05	-1.046496e-03	-1.203080e+00
2.655000e-05	-2.148975e-03	-1.458795e+00
2.656000e-05	3.512086e-02	-1.606712e+00
2.657000e-05	8.249063e-02	-1.796267e+00
2.658000e-05	-5.124471e-02	-2.133554e+00
2.659000e-05	-2.673925e-02	-2.450401e+00
2.660000e-05	-3.790488e-02	-2.619978e+00
2.661000e-05	-7.688856e-02	-2.780324e+00
2.662000e-05	3.938475e-02	-2.929924e+00
2.663000e-05	7.511781e-02	-3.043086e+00
2.664000e-05	-1.301575e-01	-3.337340e+00
2.665000e-05	1.449984e-01	-3.497713e+00
2.666000e-05	-3.868571e-02	-3.727395e+00
2.667000e-05	-7.133754e-02	-3.949957e+00
2.668000e-05	1.284903e-01	-4.088398e+00
2.669000e-05	-1.562272e-01	-4.298951e+00
2.670000e-05	6.596017e-02	-4.504084e+00
2.671000e-05	4.187099e-02	-4.689426e+00
2.672000e-05	-5.406256e-02	-4.925185e+00
2.673000e-05	1.166902e-01	-5.167736e+00
2.674000e-05	-1.063413e-01	-5.336715e+00
2.675000e-05	3.199798e-02	-5.547817e+00
2.676000e-05	2.658547e-03	-5.705270e+00
2.677000e-05	-4.648284e-02	-5.959475e+00
2.678000e-05	8.797638e-02	-6.117819e+00
2.679000e-05	-9.555933e-02	-6.285817e+00
2.680000e-05	1.124925e-01	-6.439721e+00
2.681000e-05	-6.452011e-02	-6.677793e+00
2.682000e-05	2.184872e-03	-6.868875e+00
2.683000e-05	3.270804e-02	-7.007266e+00
2.684000e-05	-7.315965e-02	-7.239293e+00
2.685000e-05	9.918329e-02	-7.427873e+00
2.686000e-05	-6.568806e-02	-7.567267e+00
2.687000e-05	5.391963e-02	-7.746788e+00
2.688000e-05	-4.104693e-02	-7.852082e+00
2.689000e-05	1.299462e-02	-8.074577e+00
2.690000e-05	2.271211e-02	-8.219980e+00
2.691000e-05	-3.953299e-02	-8.329871e+00
2.692000e-05	4.659385e-02	-8.515238e+00
2.693000e-05	-4.676181e-02	-8.621059e+00
2.694000e-05	5.303467e-02	-8.812547e+00
2.695000e-05	-2.822678e-02	-8.926818e+00
2.696000e-05	1.197151e-02	-9.043761e+00
2.697000e-05	-4.758908e-03	-9.171452e+00
2.698000e-05	-1.010157e-03	-9.267345e+00
2.699000e-05	1.945338e-02	-9.394687e+00
2.700000e-05	-1.648016e-02	-9.523475e+00
2.701000e-05	1.689337e-02	-9.697823e+00
2.702000e-05	-1.579482e-02	-9.783712e+00
2.703000e-05	2.523782e-02	-9.868978e+00
2.704000e-05	-1.193749e-02	-9.984682e+00
2.705000e-05	8.809248e-03	-1.004158e+01
2.706000e-05	-6.852689e-03	-1.012316e+01
2.707000e-05	8.241338e-03	-1.026997e+01
2.708000e-05	2.270095e-03	-1.037363e+01
2.709000e-05	-9.562935e-04	-1.047205e+01
2.710000e-05	4.402810e-03	-1.051514e+01
2.711000e-05	-1.171438e-03	-1.060935e+01
2.712000e-05	1.376511e-02	-1.067408e+01
2.713000e-05	-5.729727e-03	-1.078725e+01
2.714000e-05	6.081644e-03	-1.085116e+01
2.715000e-05	-5.553206e-03	-1.088313e+01
2.716000e-05	1.305665e-02	-1.094037e+01
2.717000e-05	2.427947e-03	-1.101000e+01
2.718000e-05	4.404805e-03	-1.109513e+01
2.719000e-05	-1.461784e-03	-1.111631e+01
2.720000e-05	2.385164e-03	-1.117997e+01
2.721000e-05	5.773460e-03	-1.117098e+01
2.722000e-05	6.390341e-04	-1.124266e+01
2.723000e-05	2.826688e-03	-1.126314e+01
2.724000e-05	1.674578e-03	-1.128479e+01
2.725000e-05	7.793773e-03	-1.123581e+01
2.726000e-05	4.711288e-03	-1.128582e+01
2.727000e-05	1.263271e-03	-1.131684e+01
2.728000e-05	9.061115e-04	-1.130634e+01
2.729000e-05	4.190130e-03	-1.131732e+01
2.730000e-05	4.711540e-03	-1.129726e+01
2.731000e-05	4.140486e-03	-1.129579e+01
2.732000e-05	2.497620e-03	-1.133522e+01
2.733000e-05	4.333060e-03	-1.128481e+01
2.734000e-05	5.376920e-03	-1.123421e+01
2.735000e-05	3.765805e-03	-1.122061e+01
2.736000e-05	1.996630e-03	-1.121150e+01
2.737000e-05	2.692320e-03	-1.122042e+01
2.738000e-05	5.492601e-03	-1.113634e+01
2.739000e-05	4.434144e-03	-1.107421e+01
2.740000e-05	2.376302e-03	-1.097050e+01
2.741000e-05	9.125510e-04	-1.094787e+01
2.742000e-05	3.534773e-03	-1.089476e+01
2.743000e-05	4.769614e-03	-1.084000e+01
2.744000e-05	4.173597e-03	-1.074631e+01
2.745000e-05	3.055252e-03	-1.068318e+01
2.746000e-05	4.329495e-03	-1.061992e+01
2.747000e-05	5.087181e-03	-1.051171e+01
2.748000e-05	4.685816e-03	-1.040940e+01
2.749000e-05	2.467764e-03	-1.032516e+01
2.750000e-05	3.197911e-03	-1.022892e+01
2.751000e-05	3.454707e-03	-1.015574e+01
2.752000e-05	4.032787e-03	-1.005952e+01
2.753000e-05	2.741149e-03	-9.983812e+00
2.754000e-05	2.416142e-03	-9.890452e+00
2.755000e-05	4.579920e-03	-9.794137e+00
2.756000e-05	4.149690e-03	-9.668473e+00
2.757000e-05	4.925961e-03	-9.522128e+00
2.758000e-05	1.840368e-03	-9.445261e+00
2.759000e-05	3.345136e-03	-9.316920e+00
2.760000e-05	3.500996e-03	-9.162055e+00
2.761000e-05	4.198134e-03	-9.044816e+00
2.762000e-05	3.343520e-03	-8.900524e+00
2.763000e-05	2.681131e-03	-8.792581e+00
2.764000e-05	3.680974e-03	-8.703182e+00
2.765000e-05	4.004860e-03	-8.517338e+00
2.766000e-05	3.319284e-03	-8.408421e+00
2.767000e-05	1.776475e-03	-8.222084e+00
2.768000e-05	1.332023e-03	-8.073182e+00
2.769000e-05	2.636994e-03	-7.885764e+00
2.770000e-05	2.776575e-03	-7.716836e+00
2.771000e-05	1.844113e-03	-7.638499e+00
2.772000e-05	7.969073e-04	-7.470547e+00
2.773000e-05	9.442757e-04	-7.262078e+00
2.774000e-05	2.425051e-03	-7.090049e+00
2.775000e-05	2.080601e-03	-6.901102e+00
2.776000e-05	2.533380e-04	-6.710204e+00
2.777000e-05	6.870630e-04	-6.542205e+00
2.778000e-05	3.857937e-04	-6.361054e+00
2.779000e-05	3.281506e-04	-6.162160e+00
2.780000e-05	-1.096050e-03	-6.023207e+00
2.781000e-05	-5.609702e-04	-5.823242e+00
2.782000e-05	-5.837973e-04	-5.651233e+00
2.783000e-05	-1.432325e-03	-5.452680e+00
2.784000e-05	-2.145927e-03	-5.283683e+00
2.785000e-05	-1.126417e-04	-5.054207e+00
2.786000e-05	-8.207600e-04	-4.830024e+00
2.787000e-05	-1.821489e-03	-4.607945e+00
2.788000e-05	-2.920432e-03	-4.375267e+00
2.789000e-05	-1.244408e-03	-4.175812e+00
2.790000e-05	-1.826322e-03	-4.007866e+00
2.791000e-05	-1.773368e-03	-3.846189e+00
2.792000e-05	-2.805528e-03	-3.606315e+00
2.793000e-05	-1.581913e-03	-3.402234e+00
2.794000e-05	-2.615348e-03	-3.152185e+00
2.795000e-05	-2.068112e-03	-3.001734e+00
2.796000e-05	-1.664894e-03	-2.780548e+00
2.797000e-05	-1.684804e-04	-2.568976e+00
2.798000e-05	-4.116691e-03	-2.368939e+00
2.799000e-05	-5.155746e-03	-2.198372e+00
2.800000e-05	-5.713468e-03	-1.913237e+00
2.801000e-05	-3.497339e-03	-1.742787e+00
2.802000e-05	-4.359725e-03	-1.523632e+00
2.803000e-05	-3.517855e-03	-1.272176e+00
2.804000e-05	-4.021612e-03	-1.016920e+00
2.805000e-05	-2.269455e-03	-8.452157e-01
2.806000e-05	-2.745258e-03	-6.633120e-01
2.807000e-05	-4.326753e-03	-3.821315e-01
2.808000e-05	-5.160604e-03	-2.015226e-01
2.809000e-05	-3.947819e-04	9.371122e-03
2.810000e-05	4.868857e-03	2.020051e-01
2.811000e-05	-4.486674e-03	4.631065e-01
2.812000e-05	2.978666e-03	6.337329e-01
2.813000e-05	-2.320252e-03	7.830253e-01
2.814000e-05	-8.619627e-04	9.957383e-01
2.815000e-05	-6.479462e-04	1.246372e+00
2.816000e-05	1.383392e-03	1.487270e+00
2.817000e-05	2.805231e-02	1.670451e+00
2.818000e-05	7.473100e-02	1.890424e+00
2.819000e-05	-3.533974e-02	2.124054e+00
2.820000e-05	-4.692405e-02	2.345292e+00
2.821000e-05	-3.256730e-02	2.598449e+00
2.822000e-05	-5.203834e-02	2.757896e+00
2.823000e-05	-5.293613e-02	2.906316e+00
2.824000e-05	8.421745e-02	3.062108e+00
2.825000e-05	-1.318749e-02	3.336819e+00
2.826000e-05	-4.419627e-02	3.455136e+00
2.827000e-05	1.311900e-01	3.683660e+00
2.828000e-05	-9.877992e-02	3.839418e+00
2.829000e-05	2.240853e-02	4.087345e+00
2.830000e-05	-1.098918e-02	4.277900e+00
2.831000e-05	-7.302603e-02	4.499925e+00
2.832000e-05	6.705174e-02	4.732608e+00
2.833000e-05	-1.729631e-02	5.016219e+00
2.834000e-05	1.042593e-02	5.185342e+00
2.835000e-05	9.880656e-04	5.356291e+00
2.836000e-05	-3.871063e-02	5.597921e+00
2.837000e-05	1.337356e-02	5.777316e+00
2.838000e-05	-2.395441e-02	5.947841e+00
2.839000e-05	2.028635e-02	6.118790e+00
2.840000e-05	-1.845222e-02	6.348441e+00
2.841000e-05	1.971770e-03	6.529924e+00
2.842000e-05	2.784629e-02	6.679342e+00
2.843000e-05	-5.138708e-02	6.815740e+00
2.844000e-05	1.173050e-02	7.046289e+00
2.845000e-05	-2.423534e-02	7.226792e+00
2.846000e-05	1.243676e-02	7.426318e+00
2.847000e-05	4.962900e-03	7.616370e+00
2.848000e-05	-1.354244e-02	7.745762e+00
2.849000e-05	-3.852931e-03	7.872606e+00
2.850000e-05	-1.739174e-02	8.040001e+00
2.851000e-05	1.369290e-02	8.186865e+00
2.852000e-05	-1.993517e-02	8.282762e+00
2.853000e-05	-2.338147e-03	8.494207e+00
2.854000e-05	-9.707431e-03	8.632080e+00
2.855000e-05	-6.598418e-04	8.757345e+00
2.856000e-05	2.147707e-03	8.855811e+00
2.857000e-05	-1.835047e-02	8.991654e+00
2.858000e-05	-5.989673e-03	9.139020e+00
2.859000e-05	-8.629466e-03	9.276841e+00
2.860000e-05	5.498678e-03	9.375682e+00
2.861000e-05	-1.030557e-02	9.510424e+00
2.862000e-05	-1.039452e-02	9.614736e+00
2.863000e-05	-1.086639e-02	9.729445e+00
2.864000e-05	-3.804735e-03	9.855944e+00
2.865000e-05	-5.371592e-03	9.973577e+00
2.866000e-05	-1.217844e-02	1.003797e+01
2.867000e-05	-8.532703e-03	1.011216e+01
2.868000e-05	-1.472235e-03	1.025742e+01
2.869000e-05	-3.980069e-04	1.031208e+01
2.870000e-05	-9.525881e-03	1.039584e+01
2.871000e-05	-1.354763e-02	1.047951e+01
2.872000e-05	-1.138001e-02	1.055434e+01
2.873000e-05	-5.848002e-03	1.060792e+01
2.874000e-05	-9.091742e-03	1.074416e+01
2.875000e-05	-1.195468e-02	1.082694e+01
2.876000e-05	-8.364592e-03	1.088113e+01
2.877000e-05	-1.943302e-03	1.092324e+01
2.878000e-05	-2.721405e-03	1.096794e+01
2.879000e-05	-1.014638e-02	1.097952e+01
2.880000e-05	-1.699960e-02	1.105058e+01
2.881000e-05	-1.165495e-02	1.106168e+01
2.882000e-05	-9.304564e-03	1.110529e+01
2.883000e-05	-8.093782e-03	1.115491e+01
2.884000e-05	-1.112288e-02	1.110737e+01
2.885000e-05	-8.570330e-03	1.118795e+01
2.886000e-05	-4.108299e-03	1.120793e+01
2.887000e-05	-7.058185e-03	1.119845e+01
2.888000e-05	-1.218703e-02	1.118952e+01
2.889000e-05	-1.575164e-02	1.121045e+01
2.890000e-05	-1.066375e-02	1.121850e+01
2.891000e-05	-1.010157e-02	1.116100e+01
2.892000e-05	-9.223348e-03	1.117900e+01
2.893000e-05	-1.230295e-02	1.118849e+01
2.894000e-05	-9.251913e-03	1.113742e+01
2.895000e-05	-8.997704e-03	1.114549e+01
2.896000e-05	-1.004569e-02	1.108474e+01
2.897000e-05	-1.441988e-02	1.108163e+01
2.898000e-05	-1.312351e-02	1.105205e+01
2.899000e-05	-9.912457e-03	1.098798e+01
2.900000e-05	-7.447912e-03	1.094642e+01
2.901000e-05	-1.121490e-02	1.091533e+01
2.902000e-05	-1.306045e-02	1.088111e+01
2.903000e-05	-1.185649e-02	1.078638e+01
2.904000e-05	-8.865022e-03	1.072523e+01
2.905000e-05	-1.058570e-02	1.063947e+01
2.906000e-05	-1.357657e-02	1.061634e+01
2.907000e-05	-1.279078e-02	1.046111e+01
2.908000e-05	-1.037151e-02	1.040547e+01
2.909000e-05	-1.024104e-02	1.031318e+01
2.910000e-05	-1.178603e-02	1.022897e+01
2.911000e-05	-1.258231e-02	1.016481e+01
2.912000e-05	-1.168052e-02	1.006963e+01
2.913000e-05	-1.028190e-02	9.983261e+00
2.914000e-05	-1.187507e-02	9.898946e+00
2.915000e-05	-1.349835e-02	9.783260e+00
2.916000e-05	-1.181060e-02	9.635437e+00
2.917000e-05	-8.929928e-03	9.501577e+00
2.918000e-05	-9.206658e-03	9.434362e+00
2.919000e-05	-1.213591e-02	9.319046e+00
2.920000e-05	-1.333351e-02	9.171749e+00
2.921000e-05	-1.174666e-02	9.025258e+00
2.922000e-05	-1.149501e-02	8.895939e+00
2.923000e-05	-1.257699e-02	8.779624e+00
2.924000e-05	-1.321073e-02	8.654262e+00
2.925000e-05	-1.132751e-02	8.517991e+00
2.926000e-05	-1.020553e-02	8.388948e+00
2.927000e-05	-9.084959e-03	8.161646e+00
2.928000e-05	-1.128701e-02	8.053227e+00
2.929000e-05	-1.168979e-02	7.924837e+00
2.930000e-05	-9.588417e-03	7.766871e+00
2.931000e-05	-9.581430e-03	7.587645e+00
2.932000e-05	-1.053177e-02	7.461492e+00
2.933000e-05	-1.122473e-02	7.302025e+00
2.934000e-05	-1.032307e-02	7.111730e+00
2.935000e-05	-8.081426e-03	6.892228e+00
2.936000e-05	-8.951319e-03	6.731174e+00
2.937000e-05	-9.748730e-03	6.562253e+00
2.938000e-05	-8.952850e-03	6.403760e+00
2.939000e-05	-8.002460e-03	6.202758e+00
2.940000e-05	-7.715453e-03	6.012684e+00
2.941000e-05	-1.022564e-02	5.803334e+00
2.942000e-05	-9.950217e-03	5.654788e+00
2.943000e-05	-8.440409e-03	5.525911e+00
2.944000e-05	-6.422301e-03	5.313805e+00
2.945000e-05	-7.013903e-03	5.074234e+00
2.946000e-05	-8.267252e-03	4.902708e+00
2.947000e-05	-7.464495e-03	4.656544e+00
2.948000e-05	-6.652821e-03	4.457946e+00
2.949000e-05	-7.265512e-03	4.217939e+00
2.950000e-05	-7.861369e-03	4.058996e+00
2.951000e-05	-8.997102e-03	3.844911e+00
2.952000e-05	-6.741978e-03	3.634862e+00
2.953000e-05	-5.517383e-03	3.433813e+00
2.954000e-05	-6.457561e-03	3.255364e+00
2.955000e-05	-7.487211e-03	3.031680e+00
2.956000e-05	-7.431209e-03	2.850680e+00
2.957000e-05	-5.558913e-03	2.630575e+00
2.958000e-05	-5.443064e-03	2.400096e+00
2.959000e-05	-7.544450e-03	2.166843e+00
2.960000e-05	-6.916570e-03	1.985340e+00
2.961000e-05	-5.769524e-03	1.756918e+00
2.962000e-05	-3.839191e-03	1.551859e+00
2.963000e-05	-5.459005e-03	1.312153e+00
2.964000e-05	-6.167167e-03	1.100103e+00
2.965000e-05	-5.390067e-03	8.453644e-01
2.966000e-05	-4.759268e-03	6.358342e-01
2.967000e-05	-5.190085e-03	4.037567e-01
2.968000e-05	-5.145134e-03	2.247029e-01
2.969000e-05	-4.416234e-03	4.748194e-04
2.970000e-05	2.999656e-03	-2.299302e-01
2.971000e-05	3.023583e-03	-3.909500e-01
2.972000e-05	-3.102401e-03	-5.925355e-01
2.973000e-05	-1.832653e-03	-8.336066e-01
2.974000e-05	-2.654381e-03	-1.004029e+00
2.975000e-05	-2.313013e-03	-1.163685e+00
2.976000e-05	-5.722034e-03	-1.417742e+00
2.977000e-05	3.487929e-02	-1.596216e+00
2.978000e-05	8.776376e-02	-1.816168e+00
2.979000e-05	-4.989611e-02	-2.110406e+00
2.980000e-05	-2.624785e-02	-2.448903e+00
2.981000e-05	-4.042077e-02	-2.630948e+00
2.982000e-05	-7.415805e-02	-2.779426e+00
2.983000e-05	3.242829e-02	-2.978271e+00
2.984000e-05	8.041158e-02	-3.031107e+00
2.985000e-05	-1.318557e-01	-3.305690e+00
2.986000e-05	1.380404e-01	-3.476140e+00
2.987000e-05	-2.529829e-02	-3.684211e+00
2.988000e-05	-7.969900e-02	-3.911976e+00
2.989000e-05	1.300515e-01	-4.098372e+00
2.990000e-05	-1.497382e-01	-4.288324e+00
2.991000e-05	5.451561e-02	-4.512036e+00
2.992000e-05	4.861696e-02	-4.660501e+00
2.993000e-05	-5.711268e-02	-4.945116e+00
2.994000e-05	1.160658e-01	-5.186264e+00
2.995000e-05	-1.016445e-01	-5.344617e+00
2.996000e-05	2.033491e-02	-5.578289e+00
2.997000e-05	1.319267e-02	-5.685666e+00
2.998000e-05	-4.820442e-02	-5.968420e+00
2.999000e-05	8.466963e-02	-6.137817e+00
3.000000e-05	-9.369908e-02	-6.296292e+00
3.001000e-05	1.093877e-01	-6.525319e+00
3.002000e-05	-5.408690e-02	-6.676742e+00
3.003000e-05	-1.188040e-02	-6.898374e+00
3.004000e-05	3.554652e-02	-7.025763e+00
3.005000e-05	-7.199509e-02	-7.268244e+00
3.006000e-05	9.832074e-02	-7.458370e+00
3.007000e-05	-6.294574e-02	-7.587240e+00
3.008000e-05	4.804307e-02	-7.724811e+00
3.009000e-05	-3.449604e-02	-7.889482e+00
3.010000e-05	7.348639e-03	-8.051558e+00
3.011000e-05	2.757100e-02	-8.230002e+00
3.012000e-05	-4.034624e-02	-8.338770e+00
3.013000e-05	4.389246e-02	-8.485810e+00
3.014000e-05	-4.485329e-02	-8.620057e+00
3.015000e-05	5.205760e-02	-8.789422e+00
3.016000e-05	-2.420735e-02	-8.938264e+00
3.017000e-05	3.696661e-03	-9.065712e+00
3.018000e-05	-1.567412e-03	-9.160003e+00
3.019000e-05	-1.012416e-03	-9.298817e+00
3.020000e-05	2.052941e-02	-9.413137e+00
3.021000e-05	-1.783859e-02	-9.572072e+00
3.022000e-05	1.666057e-02	-9.678343e+00
3.023000e-05	-1.462213e-02	-9.782235e+00
3.024000e-05	2.480877e-02	-9.879475e+00
3.025000e-05	-1.081172e-02	-1.001424e+01
3.026000e-05	6.107675e-03	-1.006106e+01
3.027000e-05	-6.693703e-03	-1.010371e+01
3.028000e-05	8.333596e-03	-1.023942e+01
3.029000e-05	4.418319e-03	-1.033409e+01
3.030000e-05	-3.694342e-03	-1.043903e+01
3.031000e-05	4.190559e-03	-1.055413e+01
3.032000e-05	4.974495e-04	-1.062992e+01
3.033000e-05	1.475005e-02	-1.066208e+01
3.034000e-05	-6.958902e-03	-1.076629e+01
3.035000e-05	3.088052e-03	-1.085145e+01
3.036000e-05	-6.139530e-03	-1.092463e+01
3.037000e-05	1.279424e-02	-1.097794e+01
3.038000e-05	3.372260e-03	-1.104100e+01
3.039000e-05	2.528914e-03	-1.108476e+01
3.040000e-05	-1.180120e-04	-1.111729e+01
3.041000e-05	3.686864e-03	-1.116947e+01
3.042000e-05	7.238289e-03	-1.120103e+01
3.043000e-05	-1.045218e-03	-1.123116e+01
3.044000e-05	2.135110e-03	-1.122366e+01
3.045000e-05	1.492381e-03	-1.122426e+01
3.046000e-05	9.127071e-03	-1.126631e+01
3.047000e-05	3.917264e-03	-1.128482e+01
3.048000e-05	3.974513e-04	-1.130629e+01
3.049000e-05	6.415513e-04	-1.129636e+01
3.050000e-05	5.218187e-03	-1.130694e+01
3.051000e-05	6.092432e-03	-1.128584e+01
3.052000e-05	4.426655e-03	-1.127576e+01
3.053000e-05	1.826959e-03	-1.131529e+01
3.054000e-05	4.183161e-03	-1.127426e+01
3.055000e-05	6.132793e-03	-1.124313e+01
3.056000e-05	3.623395e-03	-1.125161e+01
3.057000e-05	7.802698e-04	-1.119155e+01
3.058000e-05	2.726014e-03	-1.117105e+01
3.059000e-05	7.199930e-03	-1.110489e+01
3.060000e-05	6.067411e-03	-1.108373e+01
3.061000e-05	2.883761e-03	-1.101068e+01
3.062000e-05	9.867689e-04	-1.094949e+01
3.063000e-05	2.701659e-03	-1.095574e+01
3.064000e-05	5.266158e-03	-1.083213e+01
3.065000e-05	3.095783e-03	-1.076737e+01
3.066000e-05	2.702539e-03	-1.073366e+01
3.067000e-05	3.637090e-03	-1.057887e+01
3.068000e-05	6.186334e-03	-1.055423e+01
3.069000e-05	4.975963e-03	-1.042792e+01
3.070000e-05	2.546402e-03	-1.033424e+01
3.071000e-05	2.405271e-03	-1.021835e+01
3.072000e-05	4.578214e-03	-1.016474e+01
3.073000e-05	3.857410e-03	-1.005950e+01
3.074000e-05	2.697742e-03	-9.964361e+00
3.075000e-05	2.625899e-03	-9.860528e+00
3.076000e-05	3.436719e-03	-9.774762e+00
3.077000e-05	4.712720e-03	-9.668428e+00
3.078000e-05	3.611514e-03	-9.522656e+00
3.079000e-05	2.495445e-03	-9.383762e+00
3.080000e-05	4.093575e-03	-9.278920e+00
3.081000e-05	5.021114e-03	-9.161102e+00
3.082000e-05	4.660348e-03	-9.085890e+00
3.083000e-05	2.925819e-03	-8.940078e+00
3.084000e-05	2.075319e-03	-8.832133e+00
3.085000e-05	2.341843e-03	-8.641763e+00
3.086000e-05	2.792226e-03	-8.516441e+00
3.087000e-05	3.083638e-03	-8.399020e+00
3.088000e-05	2.278184e-03	-8.231633e+00
3.089000e-05	3.024673e-03	-8.053283e+00
3.090000e-05	2.897673e-03	-7.894861e+00
3.091000e-05	2.190512e-03	-7.767393e+00
3.092000e-05	4.316318e-04	-7.565472e+00
3.093000e-05	4.530275e-04	-7.440551e+00
3.094000e-05	1.094257e-03	-7.262574e+00
3.095000e-05	1.247573e-03	-7.079574e+00
3.096000e-05	3.779264e-04	-6.931127e+00
3.097000e-05	8.827018e-04	-6.711681e+00
3.098000e-05	8.216201e-04	-6.532153e+00
3.099000e-05	1.861906e-03	-6.350078e+00
3.100000e-05	-7.219918e-04	-6.203129e+00
3.101000e-05	-9.121349e-04	-6.024237e+00
3.102000e-05	-7.277022e-05	-5.833782e+00
3.103000e-05	1.373541e-03	-5.602658e+00
3.104000e-05	-1.666674e-03	-5.470706e+00
3.105000e-05	-2.686183e-03	-5.253659e+00
3.106000e-05	-1.543459e-03	-5.084282e+00
3.107000e-05	1.523194e-04	-4.839574e+00
3.108000e-05	-1.136985e-03	-4.649471e+00
3.109000e-05	-2.222773e-03	-4.375788e+00
3.110000e-05	-1.957093e-03	-4.205787e+00
3.111000e-05	-1.594281e-03	-4.007465e+00
3.112000e-05	-1.840018e-03	-3.847266e+00
3.113000e-05	-3.047129e-03	-3.646867e+00
3.114000e-05	-2.972626e-03	-3.392261e+00
3.115000e-05	-2.071294e-03	-3.194708e+00
3.116000e-05	-1.597485e-03	-3.033284e+00
3.117000e-05	-1.571872e-03	-2.793679e+00
3.118000e-05	-2.709639e-03	-2.578446e+00
3.119000e-05	-3.634841e-03	-2.377893e+00
3.120000e-05	-2.673949e-03	-2.197897e+00
3.121000e-05	-4.029373e-03	-1.964787e+00
3.122000e-05	-4.808106e-03	-1.754309e+00
3.123000e-05	-4.518305e-03	-1.553184e+00
3.124000e-05	-4.496641e-03	-1.308651e+00
3.125000e-05	-2.850542e-03	-1.047466e+00
3.126000e-05	-3.301214e-03	-8.362882e-01
3.127000e-05	-3.989859e-03	-6.637632e-01
3.128000e-05	-3.696241e-03	-3.906063e-01
3.129000e-05	-3.425096e-03	-2.326301e-01
3.130000e-05	-4.660323e-04	-1.012632e-02
3.131000e-05	5.423259e-03	2.715303e-01
3.132000e-05	-2.624030e-03	4.411278e-01
3.133000e-05	1.072423e-03	5.930805e-01
3.134000e-05	3.252261e-04	8.004528e-01
3.135000e-05	-1.556069e-03	1.033184e+00
3.136000e-05	-4.717509e-03	1.257190e+00
3.137000e-05	-1.128145e-03	1.435342e+00
3.138000e-05	3.462530e-02	1.660441e+00
3.139000e-05	7.413676e-02	1.888496e+00
3.140000e-05	-3.047320e-02	2.103605e+00
3.141000e-05	-5.160232e-02	2.353135e+00
3.142000e-05	-2.939215e-02	2.599444e+00
3.143000e-05	-5.094002e-02	2.756895e+00
3.144000e-05	-5.499720e-02	2.925262e+00
3.145000e-05	7.759011e-02	3.062058e+00
3.146000e-05	-8.757990e-03	3.295262e+00
3.147000e-05	-4.211157e-02	3.475136e+00
3.148000e-05	1.283221e-01	3.665633e+00
3.149000e-05	-8.865783e-02	3.926416e+00
3.150000e-05	1.054931e-02	4.047394e+00
3.151000e-05	-1.614095e-03	4.321275e+00
3.152000e-05	-7.777827e-02	4.529873e+00
3.153000e-05	6.678315e-02	4.743608e+00
3.154000e-05	-1.820629e-02	4.974740e+00
3.155000e-05	8.637258e-03	5.165287e+00
3.156000e-05	1.922415e-03	5.375188e+00
3.157000e-05	-3.500583e-02	5.566869e+00
3.158000e-05	1.225545e-02	5.787341e+00
3.159000e-05	-2.642494e-02	5.936895e+00
3.160000e-05	1.662443e-02	6.134243e+00
3.161000e-05	-1.287385e-02	6.307394e+00
3.162000e-05	-9.918333e-04	6.517945e+00
3.163000e-05	2.485013e-02	6.686294e+00
3.164000e-05	-4.863011e-02	6.854787e+00
3.165000e-05	1.322166e-02	7.047271e+00
3.166000e-05	-1.980242e-02	7.248320e+00
3.167000e-05	5.924376e-03	7.417266e+00
3.168000e-05	6.415863e-03	7.597842e+00
3.169000e-05	-1.431410e-02	7.764710e+00
3.170000e-05	-1.872694e-03	7.892635e+00
3.171000e-05	-1.757504e-02	8.030525e+00
3.172000e-05	1.160174e-02	8.137340e+00
3.173000e-05	-2.118386e-02	8.365317e+00
3.174000e-05	-2.809803e-03	8.472632e+00
3.175000e-05	-5.612388e-03	8.629627e+00
3.176000e-05	-1.529421e-03	8.728369e+00
3.177000e-05	2.143427e-03	8.844185e+00
3.178000e-05	-1.754562e-02	9.019550e+00
3.179000e-05	-4.121724e-03	9.167995e+00
3.180000e-05	-1.110480e-02	9.275816e+00
3.181000e-05	1.481766e-03	9.402733e+00
3.182000e-05	-1.110498e-02	9.519995e+00
3.183000e-05	-8.602683e-03	9.624235e+00
3.184000e-05	-6.534886e-03	9.721015e+00
3.185000e-05	-3.263162e-03	9.844769e+00
3.186000e-05	-3.974271e-03	9.953552e+00
3.187000e-05	-1.481643e-02	1.007845e+01
3.188000e-05	-8.036427e-03	1.015116e+01
3.189000e-05	-7.066022e-03	1.024790e+01
3.190000e-05	-3.539287e-03	1.030050e+01
3.191000e-05	-1.041707e-02	1.045681e+01
3.192000e-05	-1.010818e-02	1.044938e+01
3.193000e-05	-6.031883e-03	1.052529e+01
3.194000e-05	-4.174735e-03	1.065787e+01
3.195000e-05	-7.710845e-03	1.075166e+01
3.196000e-05	-1.341091e-02	1.079789e+01
3.197000e-05	-9.818093e-03	1.085070e+01
3.198000e-05	-5.332466e-03	1.092374e+01
3.199000e-05	-5.063625e-03	1.094637e+01
3.200000e-05	-1.017004e-02	1.100995e+01
3.201000e-05	-1.292427e-02	1.104158e+01
3.202000e-05	-9.171092e-03	1.108415e+01
3.203000e-05	-6.561942e-03	1.109476e+01
3.204000e-05	-8.791969e-03	1.114684e+01
3.205000e-05	-1.186977e-02	1.117640e+01
3.206000e-05	-9.927086e-03	1.117842e+01
3.207000e-05	-8.043545e-03	1.115947e+01
3.208000e-05	-8.086538e-03	1.119948e+01
3.209000e-05	-1.216403e-02	1.122005e+01
3.210000e-05	-1.287579e-02	1.122002e+01
3.211000e-05	-9.328259e-03	1.120045e+01
3.212000e-05	-7.616902e-03	1.118008e+01
3.213000e-05	-9.991245e-03	1.117850e+01
3.214000e-05	-1.196123e-02	1.115899e+01
3.215000e-05	-1.129539e-02	1.113647e+01
3.216000e-05	-9.739406e-03	1.114589e+01
3.217000e-05	-1.142450e-02	1.110386e+01
3.218000e-05	-1.359997e-02	1.108366e+01
3.219000e-05	-1.327577e-02	1.103158e+01
3.220000e-05	-1.040786e-02	1.098055e+01
3.221000e-05	-8.622104e-03	1.096792e+01
3.222000e-05	-9.093317e-03	1.090379e+01
3.223000e-05	-1.175783e-02	1.085305e+01
3.224000e-05	-1.089276e-02	1.078892e+01
3.225000e-05	-1.119163e-02	1.073671e+01
3.226000e-05	-1.151675e-02	1.065110e+01
3.227000e-05	-1.292055e-02	1.056386e+01
3.228000e-05	-1.358807e-02	1.047108e+01
3.229000e-05	-1.092294e-02	1.041742e+01
3.230000e-05	-9.935697e-03	1.031318e+01
3.231000e-05	-9.898115e-03	1.021802e+01
3.232000e-05	-1.191370e-02	1.015424e+01
3.233000e-05	-1.207394e-02	1.010908e+01
3.234000e-05	-1.167873e-02	9.972765e+00
3.235000e-05	-1.228795e-02	9.899998e+00
3.236000e-05	-1.314771e-02	9.753807e+00
3.237000e-05	-1.192072e-02	9.636415e+00
3.238000e-05	-1.043041e-02	9.550628e+00
3.239000e-05	-1.000605e-02	9.415311e+00
3.240000e-05	-1.112898e-02	9.337996e+00
3.241000e-05	-1.175016e-02	9.172706e+00
3.242000e-05	-1.236021e-02	9.025213e+00
3.243000e-05	-1.140287e-02	8.896320e+00
3.244000e-05	-1.162942e-02	8.769598e+00
3.245000e-05	-1.190533e-02	8.655261e+00
3.246000e-05	-1.136732e-02	8.525971e+00
3.247000e-05	-1.131020e-02	8.389444e+00
3.248000e-05	-1.024902e-02	8.210076e+00
3.249000e-05	-1.173561e-02	8.082206e+00
3.250000e-05	-1.138332e-02	7.914289e+00
3.251000e-05	-1.068995e-02	7.779021e+00
3.252000e-05	-9.877944e-03	7.650621e+00
3.253000e-05	-9.914412e-03	7.480145e+00
3.254000e-05	-9.719963e-03	7.291629e+00
3.255000e-05	-9.869030e-03	7.114677e+00
3.256000e-05	-9.283094e-03	6.912733e+00
3.257000e-05	-1.009147e-02	6.723754e+00
3.258000e-05	-1.040703e-02	6.552683e+00
3.259000e-05	-9.569345e-03	6.404182e+00
3.260000e-05	-9.286271e-03	6.213807e+00
3.261000e-05	-7.520211e-03	6.023182e+00
3.262000e-05	-8.264880e-03	5.832756e+00
3.263000e-05	-7.855957e-03	5.656736e+00
3.264000e-05	-8.094791e-03	5.495891e+00
3.265000e-05	-7.958812e-03	5.303233e+00
3.266000e-05	-8.714797e-03	5.074786e+00
3.267000e-05	-8.399220e-03	4.923231e+00
3.268000e-05	-8.054798e-03	4.668573e+00
3.269000e-05	-6.491419e-03	4.466394e+00
3.270000e-05	-6.217511e-03	4.248519e+00
3.271000e-05	-6.529390e-03	4.058999e+00
3.272000e-05	-6.995803e-03	3.825468e+00
3.273000e-05	-6.614262e-03	3.614314e+00
3.274000e-05	-6.378845e-03	3.464787e+00
3.275000e-05	-6.948827e-03	3.275338e+00
3.276000e-05	-7.546298e-03	3.021730e+00
3.277000e-05	-7.826905e-03	2.821705e+00
3.278000e-05	-6.480395e-03	2.631654e+00
3.279000e-05	-6.160681e-03	2.420547e+00
3.280000e-05	-5.809300e-03	2.177446e+00
3.281000e-05	-6.003527e-03	1.966942e+00
3.282000e-05	-5.232496e-03	1.767421e+00
3.283000e-05	-4.993400e-03	1.552759e+00
3.284000e-05	-5.587855e-03	1.322755e+00
3.285000e-05	-5.861241e-03	1.089176e+00
3.286000e-05	-6.074252e-03	8.169157e-01
3.287000e-05	-4.854196e-03	6.243631e-01
3.288000e-05	-4.839748e-03	4.353092e-01
3.289000e-05	-4.893225e-03	2.032345e-01
3.290000e-05	-4.021539e-03	-8.823625e-03
3.291000e-05	3.963470e-03	-2.004249e-01
3.292000e-05	1.400143e-03	-3.793724e-01
3.293000e-05	-1.879809e-03	-6.140066e-01
3.294000e-05	-8.634231e-04	-7.930566e-01
3.295000e-05	-6.436562e-03	-9.925843e-01
3.296000e-05	-4.491991e-03	-1.203054e+00
3.297000e-05	2.100065e-04	-1.427163e+00
3.298000e-05	3.259881e-02	-1.615762e+00
3.299000e-05	8.833625e-02	-1.785687e+00
3.300000e-05	-4.852628e-02	-2.128430e+00
3.301000e-05	-2.757383e-02	-2.447875e+00
3.302000e-05	-3.594698e-02	-2.620449e+00
3.303000e-05	-7.405144e-02	-2.788868e+00
3.304000e-05	2.613477e-02	-2.928449e+00
3.305000e-05	8.183605e-02	-3.091507e+00
3.306000e-05	-1.233437e-01	-3.295565e+00
3.307000e-05	1.262199e-01	-3.477240e+00
3.308000e-05	-1.380428e-02	-3.686663e+00
3.309000e-05	-8.860194e-02	-3.940873e+00
3.310000e-05	1.321174e-01	-4.059447e+00
3.311000e-05	-1.444982e-01	-4.307322e+00
3.312000e-05	4.328178e-02	-4.522558e+00
3.313000e-05	5.663479e-02	-4.689423e+00
3.314000e-05	-5.930517e-02	-4.942582e+00
3.315000e-05	1.108929e-01	-5.177841e+00
3.316000e-05	-9.116212e-02	-5.344688e+00
3.317000e-05	1.413198e-02	-5.578312e+00
3.318000e-05	1.641460e-02	-5.704188e+00
3.319000e-05	-5.285651e-02	-5.947421e+00
3.320000e-05	8.588757e-02	-6.106318e+00
3.321000e-05	-8.593189e-02	-6.305191e+00
3.322000e-05	9.784308e-02	-6.497291e+00
3.323000e-05	-4.464405e-02	-6.707769e+00
3.324000e-05	-1.566822e-02	-6.879369e+00
3.325000e-05	4.253187e-02	-7.016265e+00
3.326000e-05	-7.707836e-02	-7.226917e+00
3.327000e-05	9.445871e-02	-7.458314e+00
3.328000e-05	-5.569923e-02	-7.565243e+00
3.329000e-05	4.233049e-02	-7.762711e+00
3.330000e-05	-2.907404e-02	-7.860985e+00
3.331000e-05	3.762248e-03	-8.063952e+00
3.332000e-05	3.121129e-02	-8.248904e+00
3.333000e-05	-4.115751e-02	-8.336843e+00
3.334000e-05	4.452670e-02	-8.504688e+00
3.335000e-05	-4.229059e-02	-8.611009e+00
3.336000e-05	4.593140e-02	-8.780496e+00
3.337000e-05	-1.992180e-02	-8.928798e+00
3.338000e-05	4.102483e-03	-9.064185e+00
3.339000e-05	-6.893007e-04	-9.149525e+00
3.340000e-05	-3.720706e-03	-9.297263e+00
3.341000e-05	2.184088e-02	-9.412187e+00
3.342000e-05	-1.725133e-02	-9.540499e+00
3.343000e-05	1.554725e-02	-9.678324e+00
3.344000e-05	-1.410605e-02	-9.771107e+00
3.345000e-05	2.339619e-02	-9.879950e+00
3.346000e-05	-9.500518e-03	-9.984734e+00
3.347000e-05	5.400015e-03	-1.010798e+01
3.348000e-05	-5.434146e-03	-1.013466e+01
3.349000e-05	6.535046e-03	-1.027990e+01
3.350000e-05	5.500402e-03	-1.036319e+01
3.351000e-05	-2.688990e-03	-1.046998e+01
3.352000e-05	4.554393e-03	-1.054331e+01
3.353000e-05	-1.731080e-03	-1.061932e+01
3.354000e-05	1.405343e-02	-1.068153e+01
3.355000e-05	-5.265931e-03	-1.078722e+01
3.356000e-05	3.576567e-03	-1.086000e+01
3.357000e-05	-5.655927e-03	-1.091308e+01
3.358000e-05	1.075479e-02	-1.099897e+01
3.359000e-05	3.334650e-03	-1.102950e+01
3.360000e-05	2.780748e-03	-1.103216e+01
3.361000e-05	-2.362256e-04	-1.112474e+01
3.362000e-05	2.707879e-03	-1.118897e+01
3.363000e-05	6.545076e-03	-1.119150e+01
3.364000e-05	3.712636e-04	-1.123061e+01
3.365000e-05	3.639141e-03	-1.126321e+01
3.366000e-05	9.429418e-04	-1.128378e+01
3.367000e-05	8.252771e-03	-1.129531e+01
3.368000e-05	3.073237e-03	-1.131382e+01
3.369000e-05	4.208260e-04	-1.128584e+01
3.370000e-05	9.012635e-04	-1.132672e+01
3.371000e-05	4.204851e-03	-1.129884e+01
3.372000e-05	5.447598e-03	-1.128584e+01
3.373000e-05	4.642886e-03	-1.128739e+01
3.374000e-05	1.963152e-03	-1.127431e+01
3.375000e-05	4.137968e-03	-1.128521e+01
3.376000e-05	5.511477e-03	-1.124274e+01
3.377000e-05	3.518152e-03	-1.118223e+01
3.378000e-05	2.329426e-03	-1.118145e+01
3.379000e-05	2.645802e-03	-1.114048e+01
3.380000e-05	5.901213e-03	-1.107679e+01
3.381000e-05	6.476714e-03	-1.104421e+01
3.382000e-05	3.130154e-03	-1.102165e+01
3.383000e-05	1.427602e-03	-1.095952e+01
3.384000e-05	3.777456e-03	-1.092483e+01
3.385000e-05	5.302677e-03	-1.082103e+01
3.386000e-05	3.548373e-03	-1.077737e+01
3.387000e-05	2.174522e-03	-1.068263e+01
3.388000e-05	3.182147e-03	-1.064897e+01
3.389000e-05	4.392680e-03	-1.048523e+01
3.390000e-05	5.285079e-03	-1.041795e+01
3.391000e-05	2.767535e-03	-1.030683e+01
3.392000e-05	3.575419e-03	-1.023800e+01
3.393000e-05	4.313725e-03	-1.012329e+01
3.394000e-05	5.194827e-03	-1.006050e+01
3.395000e-05	2.860636e-03	-9.943787e+00
3.396000e-05	1.993139e-03	-9.891002e+00
3.397000e-05	3.428557e-03	-9.784288e+00
3.398000e-05	5.229794e-03	-9.688402e+00
3.399000e-05	4.608550e-03	-9.512127e+00
3.400000e-05	2.268727e-03	-9.433287e+00
3.401000e-05	2.709813e-03	-9.299923e+00
3.402000e-05	4.631503e-03	-9.173131e+00
3.403000e-05	5.214826e-03	-9.087845e+00
3.404000e-05	3.248067e-03	-8.930051e+00
3.405000e-05	2.470237e-03	-8.772205e+00
3.406000e-05	3.374017e-03	-8.635737e+00
3.407000e-05	4.603361e-03	-8.526971e+00
3.408000e-05	2.839778e-03	-8.350004e+00
3.409000e-05	6.792522e-04	-8.233133e+00
3.410000e-05	1.212986e-03	-8.053306e+00
3.411000e-05	3.731457e-03	-7.896821e+00
3.412000e-05	2.841725e-03	-7.737368e+00
3.413000e-05	2.159749e-03	-7.609003e+00
3.414000e-05	3.247771e-04	-7.440596e+00
3.415000e-05	1.701154e-03	-7.280651e+00
3.416000e-05	1.785404e-03	-7.060552e+00
3.417000e-05	5.845089e-04	-6.890574e+00
3.418000e-05	-1.088022e-03	-6.761632e+00
3.419000e-05	-7.467685e-04	-6.544754e+00
3.420000e-05	1.433666e-03	-6.341179e+00
3.421000e-05	9.650114e-04	-6.202181e+00
3.422000e-05	3.129773e-04	-6.013234e+00
3.423000e-05	-8.594032e-04	-5.815732e+00
3.424000e-05	-5.213369e-04	-5.614058e+00
3.425000e-05	-1.563136e-04	-5.423230e+00
3.426000e-05	-8.874394e-04	-5.252760e+00
3.427000e-05	-2.253696e-03	-5.055686e+00
3.428000e-05	-2.378108e-03	-4.859552e+00
3.429000e-05	-1.442817e-03	-4.640025e+00
3.430000e-05	-1.651227e-03	-4.356838e+00
3.431000e-05	-2.881217e-03	-4.185786e+00
3.432000e-05	-2.353478e-03	-3.987345e+00
3.433000e-05	-1.560790e-03	-3.815437e+00
3.434000e-05	-1.843329e-03	-3.657942e+00
3.435000e-05	-1.324175e-03	-3.423261e+00
3.436000e-05	-4.260387e-03	-3.203808e+00
3.437000e-05	-2.823612e-03	-3.014233e+00
3.438000e-05	-2.917225e-03	-2.772133e+00
3.439000e-05	-1.947030e-03	-2.578450e+00
3.440000e-05	-3.314802e-03	-2.378399e+00
3.441000e-05	-3.354163e-03	-2.149000e+00
3.442000e-05	-4.304321e-03	-1.924332e+00
3.443000e-05	-3.197170e-03	-1.694760e+00
3.444000e-05	-4.360353e-03	-1.511784e+00
3.445000e-05	-3.105989e-03	-1.304739e+00
3.446000e-05	-3.945393e-03	-1.058421e+00
3.447000e-05	-2.857228e-03	-8.483657e-01
3.448000e-05	-4.557468e-03	-6.468131e-01
3.449000e-05	-4.270509e-03	-4.126065e-01
3.450000e-05	-4.583416e-03	-2.126027e-01
3.451000e-05	-1.401185e-04	7.894676e-03
3.452000e-05	4.266339e-03	2.019292e-01
3.453000e-05	-1.046673e-03	4.415528e-01
3.454000e-05	2.631455e-03	6.310805e-01
3.455000e-05	1.124721e-04	7.796003e-01
3.456000e-05	-5.748575e-03	1.015708e+00
3.457000e-05	5.030664e-04	1.265232e+00
3.458000e-05	-3.914809e-04	1.468316e+00
3.459000e-05	3.238534e-02	1.668872e+00
3.460000e-05	7.169091e-02	1.879849e+00
3.461000e-05	-2.870487e-02	2.132000e+00
3.462000e-05	-5.016913e-02	2.373561e+00
3.463000e-05	-3.028112e-02	2.607845e+00
3.464000e-05	-5.089781e-02	2.787396e+00
3.465000e-05	-5.468950e-02	2.925212e+00
3.466000e-05	7.387570e-02	3.031059e+00
3.467000e-05	-1.398567e-03	3.337742e+00
3.468000e-05	-4.700590e-02	3.473712e+00
3.469000e-05	1.237905e-01	3.673187e+00
3.470000e-05	-8.413263e-02	3.894769e+00
3.471000e-05	3.190111e-03	4.077894e+00
3.472000e-05	5.747880e-03	4.316346e+00
3.473000e-05	-7.317739e-02	4.478945e+00
3.474000e-05	6.337785e-02	4.721554e+00
3.475000e-05	-1.503972e-02	4.986789e+00
3.476000e-05	4.682340e-03	5.164791e+00
3.477000e-05	6.166530e-03	5.305185e+00
3.478000e-05	-3.782728e-02	5.586816e+00
3.479000e-05	7.774757e-03	5.734766e+00
3.480000e-05	-2.383040e-02	5.936791e+00
3.481000e-05	1.909290e-02	6.134265e+00
3.482000e-05	-1.098366e-02	6.327345e+00
3.483000e-05	-3.826526e-03	6.526813e+00
3.484000e-05	2.583001e-02	6.676315e+00
3.485000e-05	-4.640188e-02	6.834740e+00
3.486000e-05	1.195171e-02	7.045664e+00
3.487000e-05	-1.855033e-02	7.246340e+00
3.488000e-05	3.004282e-03	7.436236e+00
3.489000e-05	6.147401e-03	7.594340e+00
3.490000e-05	-1.285981e-02	7.724655e+00
3.491000e-05	4.518637e-05	7.891657e+00
3.492000e-05	-1.932651e-02	8.049494e+00
3.493000e-05	9.338412e-03	8.184814e+00
3.494000e-05	-1.742178e-02	8.272657e+00
3.495000e-05	-2.194969e-03	8.482633e+00
3.496000e-05	-6.860124e-03	8.652026e+00
3.497000e-05	-4.969649e-03	8.726894e+00
3.498000e-05	3.040529e-03	8.882261e+00
3.499000e-05	-1.532044e-02	8.971502e+00
3.500000e-05	-3.953610e-03	9.149920e+00
3.501000e-05	-1.091927e-02	9.304265e+00
3.502000e-05	-5.270953e-04	9.422657e+00
3.503000e-05	-8.871296e-03	9.507467e+00
3.504000e-05	-6.892289e-03	9.595213e+00
3.505000e-05	-7.008664e-03	9.758997e+00
3.506000e-05	-4.778621e-03	9.835819e+00
3.507000e-05	-3.024239e-03	9.973602e+00
3.508000e-05	-1.175882e-02	1.005679e+01
3.509000e-05	-8.781939e-03	1.013218e+01
3.510000e-05	-9.197882e-03	1.022596e+01
3.511000e-05	-4.875246e-03	1.033068e+01
3.512000e-05	-8.212413e-03	1.037579e+01
3.513000e-05	-9.323086e-03	1.046047e+01
3.514000e-05	-6.019419e-03	1.056329e+01
3.515000e-05	-4.930639e-03	1.061949e+01
3.516000e-05	-6.648707e-03	1.074268e+01
3.517000e-05	-1.152190e-02	1.078889e+01
3.518000e-05	-9.731259e-03	1.087963e+01
3.519000e-05	-7.329158e-03	1.090091e+01
3.520000e-05	-6.368550e-03	1.096781e+01
3.521000e-05	-1.137964e-02	1.097995e+01
3.522000e-05	-1.138296e-02	1.106160e+01
3.523000e-05	-7.876704e-03	1.106418e+01
3.524000e-05	-7.597901e-03	1.110528e+01
3.525000e-05	-9.673052e-03	1.110596e+01
3.526000e-05	-1.066701e-02	1.115839e+01
3.527000e-05	-8.017499e-03	1.117887e+01
3.528000e-05	-8.024819e-03	1.116704e+01
3.529000e-05	-1.030677e-02	1.119045e+01
3.530000e-05	-1.202847e-02	1.120000e+01
3.531000e-05	-1.068298e-02	1.118105e+01
3.532000e-05	-9.598906e-03	1.118912e+01
3.533000e-05	-8.025810e-03	1.119853e+01
3.534000e-05	-1.031245e-02	1.118952e+01
3.535000e-05	-1.109141e-02	1.118795e+01
3.536000e-05	-9.719276e-03	1.113847e+01
3.537000e-05	-1.134096e-02	1.111486e+01
3.538000e-05	-1.256418e-02	1.109524e+01
3.539000e-05	-1.294433e-02	1.110323e+01
3.540000e-05	-1.203592e-02	1.101156e+01
3.541000e-05	-9.091099e-03	1.101010e+01
3.542000e-05	-1.029302e-02	1.096895e+01
3.543000e-05	-1.001871e-02	1.088636e+01
3.544000e-05	-1.061824e-02	1.085366e+01
3.545000e-05	-1.229044e-02	1.079905e+01
3.546000e-05	-1.105060e-02	1.069426e+01
3.547000e-05	-1.211718e-02	1.064048e+01
3.548000e-05	-1.077858e-02	1.056836e+01
3.549000e-05	-1.130184e-02	1.047208e+01
3.550000e-05	-1.144903e-02	1.040746e+01
3.551000e-05	-1.221005e-02	1.031371e+01
3.552000e-05	-1.144113e-02	1.024000e+01
3.553000e-05	-1.255539e-02	1.012439e+01
3.554000e-05	-1.100563e-02	1.009105e+01
3.555000e-05	-1.091192e-02	1.000539e+01
3.556000e-05	-1.095272e-02	9.899022e+00
3.557000e-05	-1.231613e-02	9.752681e+00
3.558000e-05	-1.181805e-02	9.666913e+00
3.559000e-05	-1.246637e-02	9.542600e+00
3.560000e-05	-1.158316e-02	9.455812e+00
3.561000e-05	-1.219033e-02	9.310525e+00
3.562000e-05	-1.122188e-02	9.162758e+00
3.563000e-05	-1.055374e-02	9.064862e+00
3.564000e-05	-1.058884e-02	8.927416e+00
3.565000e-05	-1.149704e-02	8.790179e+00
3.566000e-05	-1.200232e-02	8.644236e+00
3.567000e-05	-1.189369e-02	8.526996e+00
3.568000e-05	-1.096830e-02	8.370496e+00
3.569000e-05	-1.119215e-02	8.224151e+00
3.570000e-05	-1.178669e-02	8.042182e+00
3.571000e-05	-1.151309e-02	7.915816e+00
3.572000e-05	-1.022039e-02	7.759044e+00
3.573000e-05	-9.096092e-03	7.651128e+00
3.574000e-05	-1.044336e-02	7.421099e+00
3.575000e-05	-1.072401e-02	7.310702e+00
3.576000e-05	-9.238683e-03	7.121683e+00
3.577000e-05	-9.900185e-03	6.933254e+00
3.578000e-05	-9.086559e-03	6.743234e+00
3.579000e-05	-9.917187e-03	6.543659e+00
3.580000e-05	-9.917456e-03	6.363758e+00
3.581000e-05	-8.919463e-03	6.246312e+00
3.582000e-05	-8.748699e-03	6.013761e+00
3.583000e-05	-7.817590e-03	5.824338e+00
3.584000e-05	-7.884266e-03	5.684310e+00
3.585000e-05	-8.248594e-03	5.516414e+00
3.586000e-05	-7.859278e-03	5.295336e+00
3.587000e-05	-8.323294e-03	5.104387e+00
3.588000e-05	-8.559665e-03	4.932803e+00
3.589000e-05	-7.485534e-03	4.659650e+00
3.590000e-05	-7.911834e-03	4.419071e+00
3.591000e-05	-5.282078e-03	4.228945e+00
3.592000e-05	-9.595433e-03	4.099574e+00
3.593000e-05	-6.190349e-03	3.816394e+00
3.594000e-05	-8.972676e-03	3.644890e+00
3.595000e-05	-3.581774e-03	3.455788e+00
3.596000e-05	-7.489637e-03	3.236485e+00
3.597000e-05	-3.952048e-03	3.021631e+00
3.598000e-05	-7.224681e-03	2.812182e+00
3.599000e-05	-6.336090e-03	2.613180e+00
3.600000e-05	-8.208596e-03	2.452149e+00
3.601000e-05	-7.652669e-03	2.198020e+00
3.602000e-05	-7.225502e-03	1.966868e+00
3.603000e-05	-5.105034e-03	1.767919e+00
3.604000e-05	-2.966242e-03	1.542363e+00
3.605000e-05	-3.635359e-03	1.341705e+00
3.606000e-05	-3.295855e-03	1.130653e+00
3.607000e-05	-7.311815e-03	8.564420e-01
3.608000e-05	-5.719378e-03	6.263344e-01
3.609000e-05	-7.692481e-03	4.337618e-01
3.610000e-05	-3.469957e-03	2.027592e-01
3.611000e-05	-5.209861e-03	5.776347e-04
3.612000e-05	4.426159e-03	-1.909776e-01
3.613000e-05	3.604347e-03	-3.794211e-01
3.614000e-05	-2.569503e-03	-6.114040e-01
3.615000e-05	-4.367939e-03	-7.915066e-01
3.616000e-05	-1.631748e-03	-1.022028e+00
3.617000e-05	-4.131610e-03	-1.204059e+00
3.618000e-05	-3.161605e-04	-1.454667e+00
3.619000e-05	2.886366e-02	-1.614687e+00
3.620000e-05	8.298140e-02	-1.783211e+00
3.621000e-05	-4.085848e-02	-2.089379e+00
3.622000e-05	-2.901211e-02	-2.397394e+00
3.623000e-05	-3.282610e-02	-2.650920e+00
3.624000e-05	-7.578851e-02	-2.788352e+00
3.625000e-05	2.618516e-02	-2.978392e+00
3.626000e-05	8.313966e-02	-3.052029e+00
3.627000e-05	-1.196936e-01	-3.304688e+00
3.628000e-05	1.135148e-01	-3.494687e+00
3.629000e-05	-2.370366e-05	-3.704612e+00
3.630000e-05	-9.474668e-02	-3.938445e+00
3.631000e-05	1.294664e-01	-4.107871e+00
3.632000e-05	-1.333003e-01	-4.297318e+00
3.633000e-05	3.028506e-02	-4.502553e+00
3.634000e-05	6.015191e-02	-4.707892e+00
3.635000e-05	-6.204846e-02	-4.952587e+00
3.636000e-05	1.109735e-01	-5.185765e+00
3.637000e-05	-8.203453e-02	-5.334241e+00
3.638000e-05	3.554217e-04	-5.555291e+00
3.639000e-05	2.307634e-02	-5.694087e+00
3.640000e-05	-5.019604e-02	-5.967819e+00
3.641000e-05	8.269978e-02	-6.114790e+00
3.642000e-05	-8.495446e-02	-6.274293e+00
3.643000e-05	9.027044e-02	-6.466313e+00
3.644000e-05	-3.237224e-02	-6.676790e+00
3.645000e-05	-2.551956e-02	-6.898317e+00
3.646000e-05	4.388327e-02	-7.015265e+00
3.647000e-05	-7.596361e-02	-7.255140e+00
3.648000e-05	9.070729e-02	-7.416850e+00
3.649000e-05	-4.834950e-02	-7.594238e+00
3.650000e-05	3.671670e-02	-7.754191e+00
3.651000e-05	-2.368094e-02	-7.881425e+00
3.652000e-05	-4.155793e-03	-8.051051e+00
3.653000e-05	3.436638e-02	-8.221075e+00
3.654000e-05	-3.931572e-02	-8.357317e+00
3.655000e-05	4.061815e-02	-8.495184e+00
3.656000e-05	-4.052576e-02	-8.610553e+00
3.657000e-05	4.357208e-02	-8.780897e+00
3.658000e-05	-1.345790e-02	-8.925290e+00
3.659000e-05	-8.635029e-04	-9.053212e+00
3.660000e-05	1.446387e-03	-9.139949e+00
3.661000e-05	-5.353434e-03	-9.277264e+00
3.662000e-05	2.157398e-02	-9.402686e+00
3.663000e-05	-1.731256e-02	-9.511475e+00
3.664000e-05	1.422964e-02	-9.658821e+00
3.665000e-05	-1.297752e-02	-9.754585e+00
3.666000e-05	2.256456e-02	-9.870000e+00
3.667000e-05	-6.463363e-03	-9.963163e+00
3.668000e-05	4.288639e-03	-1.004892e+01
3.669000e-05	-5.702466e-03	-1.015318e+01
3.670000e-05	6.038738e-03	-1.028802e+01
3.671000e-05	5.986625e-03	-1.036371e+01
3.672000e-05	-2.840809e-03	-1.048035e+01
3.673000e-05	4.512641e-03	-1.051124e+01
3.674000e-05	-1.667299e-03	-1.062894e+01
3.675000e-05	1.332762e-02	-1.067258e+01
3.676000e-05	-4.406835e-03	-1.072427e+01
3.677000e-05	2.995757e-03	-1.084898e+01
3.678000e-05	-4.416385e-03	-1.089318e+01
3.679000e-05	1.050673e-02	-1.095737e+01
3.680000e-05	4.531957e-03	-1.101848e+01
3.681000e-05	2.976035e-03	-1.107570e+01
3.682000e-05	-1.262209e-03	-1.112624e+01
3.683000e-05	2.225879e-03	-1.119077e+01
3.684000e-05	6.900627e-03	-1.119048e+01
3.685000e-05	9.211881e-04	-1.124155e+01
3.686000e-05	4.308172e-03	-1.123371e+01
3.687000e-05	1.513736e-03	-1.129466e+01
3.688000e-05	6.589631e-03	-1.127579e+01
3.689000e-05	4.800605e-03	-1.127591e+01
3.690000e-05	-7.286878e-04	-1.131631e+01
3.691000e-05	9.101234e-05	-1.130537e+01
3.692000e-05	3.658777e-03	-1.131579e+01
3.693000e-05	4.721793e-03	-1.129734e+01
3.694000e-05	5.186544e-03	-1.130637e+01
3.695000e-05	3.241857e-03	-1.127587e+01
3.696000e-05	6.132983e-03	-1.129476e+01
3.697000e-05	4.381243e-03	-1.124326e+01
3.698000e-05	2.484582e-03	-1.121266e+01
3.699000e-05	1.375537e-04	-1.120153e+01
3.700000e-05	2.834642e-03	-1.116107e+01
3.701000e-05	6.109553e-03	-1.115791e+01
3.702000e-05	5.137436e-03	-1.103316e+01
3.703000e-05	5.352875e-03	-1.100205e+01
3.704000e-05	3.027441e-03	-1.097987e+01
3.705000e-05	4.672290e-03	-1.093729e+01
3.706000e-05	4.074912e-03	-1.083060e+01
3.707000e-05	1.750698e-03	-1.074737e+01
3.708000e-05	1.275554e-03	-1.067371e+01
3.709000e-05	3.411599e-03	-1.062242e+01
3.710000e-05	4.624471e-03	-1.053323e+01
3.711000e-05	4.925416e-03	-1.042045e+01
3.712000e-05	2.691277e-03	-1.031473e+01
3.713000e-05	5.090792e-03	-1.022800e+01
3.714000e-05	4.350535e-03	-1.016479e+01
3.715000e-05	4.703425e-03	-1.006845e+01
3.716000e-05	2.794801e-03	-1.000579e+01
3.717000e-05	2.412132e-03	-9.870553e+00
3.718000e-05	5.429008e-03	-9.784760e+00
3.719000e-05	4.302738e-03	-9.639924e+00
3.720000e-05	4.206447e-03	-9.552129e+00
3.721000e-05	1.798634e-03	-9.397336e+00
3.722000e-05	3.921687e-03	-9.288046e+00
3.723000e-05	3.922648e-03	-9.163707e+00
3.724000e-05	4.364106e-03	-9.016844e+00
3.725000e-05	1.914847e-03	-8.950076e+00
3.726000e-05	3.401404e-03	-8.794203e+00
3.727000e-05	3.572990e-03	-8.655312e+00
3.728000e-05	3.832207e-03	-8.517894e+00
3.729000e-05	2.302381e-03	-8.359999e+00
3.730000e-05	1.432506e-03	-8.211608e+00
3.731000e-05	2.251935e-03	-8.064232e+00
3.732000e-05	4.032767e-03	-7.893812e+00
3.733000e-05	3.180848e-03	-7.747466e+00
3.734000e-05	2.034985e-03	-7.609446e+00
3.735000e-05	1.145298e-03	-7.442153e+00
3.736000e-05	5.555227e-04	-7.282679e+00
3.737000e-05	1.098580e-03	-7.082101e+00
3.738000e-05	3.443057e-04	-6.921105e+00
3.739000e-05	4.428394e-05	-6.732237e+00
3.740000e-05	-4.834020e-04	-6.564684e+00
3.741000e-05	1.126594e-03	-6.381711e+00
3.742000e-05	4.631308e-04	-6.182759e+00
3.743000e-05	-1.490350e-04	-6.005214e+00
3.744000e-05	-8.637398e-04	-5.826336e+00
3.745000e-05	4.372212e-04	-5.612755e+00
3.746000e-05	-1.334620e-04	-5.443208e+00
3.747000e-05	-9.363661e-04	-5.283757e+00
3.748000e-05	-1.983587e-03	-5.094363e+00
3.749000e-05	-2.042836e-03	-4.841603e+00
3.750000e-05	-9.589750e-04	-4.659504e+00
3.751000e-05	-1.481910e-03	-4.354816e+00
3.752000e-05	-3.320142e-03	-4.166891e+00
3.753000e-05	-3.021014e-03	-4.036895e+00
3.754000e-05	-2.294713e-03	-3.847417e+00
3.755000e-05	-1.386547e-03	-3.657870e+00
3.756000e-05	-2.100257e-03	-3.404311e+00
3.757000e-05	-3.203414e-03	-3.193284e+00
3.758000e-05	-3.381398e-03	-3.002234e+00
3.759000e-05	-1.488543e-03	-2.813658e+00
3.760000e-05	-3.449869e-03	-2.589478e+00
3.761000e-05	-4.016343e-03	-2.408970e+00
3.762000e-05	-5.047537e-03	-2.168574e+00
3.763000e-05	-2.923543e-03	-1.916362e+00
3.764000e-05	-3.334101e-03	-1.744763e+00
3.765000e-05	-2.044563e-03	-1.534262e+00
3.766000e-05	-3.957284e-03	-1.313129e+00
3.767000e-05	-4.620750e-03	-1.048399e+00
3.768000e-05	-3.222602e-03	-8.578659e-01
3.769000e-05	-4.373986e-03	-6.068421e-01
3.770000e-05	-3.601424e-03	-3.710853e-01
3.771000e-05	-5.130152e-03	-1.911814e-01
3.772000e-05	-7.484307e-05	-2.263026e-02
3.773000e-05	7.349351e-03	2.489247e-01
3.774000e-05	-3.374977e-03	4.400551e-01
3.775000e-05	-4.167376e-03	6.015063e-01
3.776000e-05	9.922861e-04	7.700000e-01
3.777000e-05	4.112176e-04	1.051075e+00
3.778000e-05	1.066444e-04	1.235662e+00
3.779000e-05	-1.905383e-04	1.425288e+00
3.780000e-05	2.812485e-02	1.677422e+00
3.781000e-05	7.392060e-02	1.888446e+00
3.782000e-05	-2.279607e-02	2.130055e+00
3.783000e-05	-5.325699e-02	2.373161e+00
3.784000e-05	-3.394347e-02	2.608840e+00
3.785000e-05	-4.842567e-02	2.786265e+00
3.786000e-05	-5.340084e-02	2.934266e+00
3.787000e-05	6.811141e-02	3.091477e+00
3.788000e-05	3.606534e-03	3.313737e+00
3.789000e-05	-4.996793e-02	3.475712e+00
3.790000e-05	1.210819e-01	3.672685e+00
3.791000e-05	-7.424291e-02	3.896687e+00
3.792000e-05	-2.129929e-03	4.085792e+00
3.793000e-05	7.965612e-03	4.296792e+00
3.794000e-05	-7.723938e-02	4.479895e+00
3.795000e-05	5.848809e-02	4.710449e+00
3.796000e-05	-7.345996e-03	4.983691e+00
3.797000e-05	2.105449e-03	5.205810e+00
3.798000e-05	6.960334e-03	5.334162e+00
3.799000e-05	-3.588004e-02	5.585267e+00
3.800000e-05	8.096237e-03	5.765743e+00
3.801000e-05	-2.346048e-02	5.935340e+00
3.802000e-05	1.398273e-02	6.118236e+00
3.803000e-05	-7.781373e-03	6.358267e+00
3.804000e-05	-5.383154e-03	6.507241e+00
3.805000e-05	2.570066e-02	6.665262e+00
3.806000e-05	-4.449944e-02	6.785188e+00
3.807000e-05	9.346748e-03	7.074738e+00
3.808000e-05	-1.650384e-02	7.236766e+00
3.809000e-05	2.039016e-03	7.426216e+00
3.810000e-05	8.757654e-03	7.616312e+00
3.811000e-05	-1.442038e-02	7.745162e+00
3.812000e-05	-1.614418e-03	7.862584e+00
3.813000e-05	-1.797594e-02	8.018970e+00
3.814000e-05	1.039684e-02	8.195761e+00
3.815000e-05	-1.724774e-02	8.324083e+00
3.816000e-05	-4.767365e-03	8.490579e+00
3.817000e-05	-6.224948e-03	8.651025e+00
3.818000e-05	-4.725546e-03	8.727843e+00
3.819000e-05	1.748489e-03	8.904207e+00
3.820000e-05	-1.597762e-02	8.999003e+00
3.821000e-05	-5.498566e-03	9.159894e+00
3.822000e-05	-1.027567e-02	9.276263e+00
3.823000e-05	4.947192e-04	9.381654e+00
3.824000e-05	-8.224078e-03	9.468871e+00
3.825000e-05	-8.536851e-03	9.604207e+00
3.826000e-05	-5.915169e-03	9.707446e+00
3.827000e-05	-5.554697e-03	9.805816e+00
3.828000e-05	-3.602864e-03	9.932177e+00
3.829000e-05	-1.369722e-02	1.009835e+01
3.830000e-05	-8.191249e-03	1.010123e+01
3.831000e-05	-6.760697e-03	1.020832e+01
3.832000e-05	-4.106992e-03	1.031263e+01
3.833000e-05	-8.775092e-03	1.036524e+01
3.834000e-05	-1.096589e-02	1.049845e+01
3.835000e-05	-7.104275e-03	1.054576e+01
3.836000e-05	-5.758865e-03	1.066948e+01
3.837000e-05	-6.689864e-03	1.072268e+01
3.838000e-05	-1.189185e-02	1.080837e+01
3.839000e-05	-1.003578e-02	1.088108e+01
3.840000e-05	-5.622902e-03	1.091273e+01
3.841000e-05	-3.680366e-03	1.093587e+01
3.842000e-05	-9.058548e-03	1.101952e+01
3.843000e-05	-1.254309e-02	1.101200e+01
3.844000e-05	-1.115588e-02	1.108278e+01
3.845000e-05	-8.696291e-03	1.110482e+01
3.846000e-05	-9.139993e-03	1.111591e+01
3.847000e-05	-1.039669e-02	1.116682e+01
3.848000e-05	-8.313642e-03	1.113945e+01
3.849000e-05	-6.580104e-03	1.115645e+01
3.850000e-05	-7.035604e-03	1.122000e+01
3.851000e-05	-1.225070e-02	1.117903e+01
3.852000e-05	-1.375058e-02	1.124103e+01
3.853000e-05	-1.075231e-02	1.117002e+01
3.854000e-05	-7.801559e-03	1.120903e+01
3.855000e-05	-8.211113e-03	1.117898e+01
3.856000e-05	-1.078728e-02	1.122698e+01
3.857000e-05	-9.961385e-03	1.117697e+01
3.858000e-05	-9.208635e-03	1.114536e+01
3.859000e-05	-1.097787e-02	1.109529e+01
3.860000e-05	-1.405257e-02	1.108471e+01
3.861000e-05	-1.296999e-02	1.106273e+01
3.862000e-05	-1.096331e-02	1.100098e+01
3.863000e-05	-8.123318e-03	1.095591e+01
3.864000e-05	-1.005707e-02	1.089534e+01
3.865000e-05	-1.170699e-02	1.086321e+01
3.866000e-05	-1.208401e-02	1.080805e+01
3.867000e-05	-1.040810e-02	1.073276e+01
3.868000e-05	-1.127884e-02	1.065008e+01
3.869000e-05	-1.250220e-02	1.058584e+01
3.870000e-05	-1.214865e-02	1.046016e+01
3.871000e-05	-1.020655e-02	1.039597e+01
3.872000e-05	-1.016673e-02	1.030483e+01
3.873000e-05	-1.075436e-02	1.025948e+01
3.874000e-05	-1.286047e-02	1.013531e+01
3.875000e-05	-1.258908e-02	1.009158e+01
3.876000e-05	-1.127565e-02	9.977310e+00
3.877000e-05	-1.204786e-02	9.879598e+00
3.878000e-05	-1.313681e-02	9.781761e+00
3.879000e-05	-1.220782e-02	9.646444e+00
3.880000e-05	-1.090896e-02	9.551075e+00
3.881000e-05	-9.961428e-03	9.405340e+00
3.882000e-05	-1.237395e-02	9.298525e+00
3.883000e-05	-1.338418e-02	9.161184e+00
3.884000e-05	-1.232066e-02	9.045810e+00
3.885000e-05	-1.193435e-02	8.906468e+00
3.886000e-05	-1.171683e-02	8.801102e+00
3.887000e-05	-1.159952e-02	8.663738e+00
3.888000e-05	-1.086525e-02	8.518995e+00
3.889000e-05	-9.816510e-03	8.359526e+00
3.890000e-05	-1.090487e-02	8.210152e+00
3.891000e-05	-1.248691e-02	8.063258e+00
3.892000e-05	-1.222214e-02	7.906386e+00
3.893000e-05	-1.120314e-02	7.786547e+00
3.894000e-05	-9.878079e-03	7.599123e+00
3.895000e-05	-1.050501e-02	7.429569e+00
3.896000e-05	-1.010230e-02	7.292757e+00
3.897000e-05	-9.037437e-03	7.132736e+00
3.898000e-05	-9.299320e-03	6.922211e+00
3.899000e-05	-8.507761e-03	6.722682e+00
3.900000e-05	-1.047667e-02	6.584286e+00
3.901000e-05	-9.511686e-03	6.403884e+00
3.902000e-05	-8.713433e-03	6.224868e+00
3.903000e-05	-7.854505e-03	6.023283e+00
3.904000e-05	-8.661874e-03	5.845763e+00
3.905000e-05	-8.544756e-03	5.665787e+00
3.906000e-05	-7.991400e-03	5.476840e+00
3.907000e-05	-7.965770e-03	5.306538e+00
3.908000e-05	-7.905575e-03	5.093314e+00
3.909000e-05	-8.182988e-03	4.904284e+00
3.910000e-05	-7.398718e-03	4.663157e+00
3.911000e-05	-6.909654e-03	4.420021e+00
3.912000e-05	-6.937065e-03	4.226092e+00
3.913000e-05	-7.467956e-03	4.060575e+00
3.914000e-05	-6.785373e-03	3.868444e+00
3.915000e-05	-6.841057e-03	3.624816e+00
3.916000e-05	-5.683837e-03	3.436362e+00
3.917000e-05	-6.673133e-03	3.257490e+00
3.918000e-05	-6.249599e-03	2.992208e+00
3.919000e-05	-6.462074e-03	2.812734e+00
3.920000e-05	-5.721561e-03	2.631258e+00
3.921000e-05	-5.916592e-03	2.431084e+00
3.922000e-05	-5.995531e-03	2.198996e+00
3.923000e-05	-7.219350e-03	1.966441e+00
3.924000e-05	-6.037465e-03	1.808921e+00
3.925000e-05	-5.790387e-03	1.554811e+00
3.926000e-05	-5.498342e-03	1.293233e+00
3.927000e-05	-4.546779e-03	1.121679e+00
3.928000e-05	-5.594573e-03	8.273645e-01
3.929000e-05	-4.375008e-03	6.558158e-01
3.930000e-05	-5.464195e-03	4.352880e-01
3.931000e-05	-3.986456e-03	2.258620e-01
3.932000e-05	-3.508592e-03	3.117764e-02
3.933000e-05	6.967601e-04	-2.194726e-01
3.934000e-05	-8.361006e-04	-3.488999e-01
3.935000e-05	1.115904e-03	-5.900526e-01
3.936000e-05	-1.452794e-03	-8.221041e-01
3.937000e-05	-1.844206e-03	-9.815551e-01
3.938000e-05	-4.558782e-03	-1.182525e+00
3.939000e-05	-2.687423e-03	-1.437238e+00
3.940000e-05	3.032566e-02	-1.604686e+00
3.941000e-05	8.346757e-02	-1.793084e+00
3.942000e-05	-3.640547e-02	-2.079372e+00
3.943000e-05	-3.717239e-02	-2.437345e+00
3.944000e-05	-2.929722e-02	-2.628920e+00
3.945000e-05	-7.578483e-02	-2.785319e+00
3.946000e-05	2.084804e-02	-2.958865e+00
3.947000e-05	8.172933e-02	-3.091479e+00
3.948000e-05	-1.098842e-01	-3.304559e+00
3.949000e-05	1.006402e-01	-3.465686e+00
3.950000e-05	8.774984e-03	-3.642609e+00
3.951000e-05	-9.848839e-02	-3.947345e+00
3.952000e-05	1.264348e-01	-4.077420e+00
3.953000e-05	-1.259931e-01	-4.297269e+00
3.954000e-05	1.478265e-02	-4.520453e+00
3.955000e-05	6.953810e-02	-4.677374e+00
3.956000e-05	-6.130556e-02	-4.942478e+00
3.957000e-05	1.031475e-01	-5.167291e+00
3.958000e-05	-7.371874e-02	-5.324137e+00
3.959000e-05	-3.587672e-03	-5.556741e+00
3.960000e-05	2.810208e-02	-5.695109e+00
3.961000e-05	-5.581162e-02	-5.965720e+00
3.962000e-05	7.683145e-02	-6.116237e+00
3.963000e-05	-7.359805e-02	-6.286214e+00
3.964000e-05	8.008517e-02	-6.505216e+00
3.965000e-05	-2.385426e-02	-6.695315e+00
3.966000e-05	-3.021408e-02	-6.898322e+00
3.967000e-05	4.782362e-02	-7.025683e+00
3.968000e-05	-7.424710e-02	-7.254713e+00
3.969000e-05	8.578618e-02	-7.416772e+00
3.970000e-05	-4.247577e-02	-7.594238e+00
3.971000e-05	2.740133e-02	-7.744582e+00
3.972000e-05	-1.808692e-02	-7.870503e+00
3.973000e-05	-5.974702e-03	-8.080974e+00
3.974000e-05	3.587214e-02	-8.218396e+00
3.975000e-05	-4.119479e-02	-8.327317e+00
3.976000e-05	4.052205e-02	-8.483709e+00
3.977000e-05	-3.368433e-02	-8.620454e+00
3.978000e-05	3.837248e-02	-8.767974e+00
3.979000e-05	-1.092062e-02	-8.917741e+00
3.980000e-05	-4.175744e-03	-9.065638e+00
3.981000e-05	4.649457e-03	-9.129973e+00
3.982000e-05	-6.215792e-03	-9.267260e+00
3.983000e-05	2.183389e-02	-9.434558e+00
3.984000e-05	-1.693654e-02	-9.551447e+00
3.985000e-05	1.285133e-02	-9.676845e+00
3.986000e-05	-1.134215e-02	-9.792133e+00
3.987000e-05	2.105684e-02	-9.899419e+00
3.988000e-05	-6.253302e-03	-9.963656e+00
3.989000e-05	2.756906e-03	-1.005798e+01
3.990000e-05	-2.460553e-03	-1.014373e+01
3.991000e-05	5.516762e-03	-1.026045e+01
3.992000e-05	6.232931e-03	-1.036466e+01
3.993000e-05	-3.096140e-03	-1.044992e+01
3.994000e-05	4.133645e-03	-1.054373e+01
3.995000e-05	-7.432710e-04	-1.062739e+01
3.996000e-05	1.409850e-02	-1.065253e+01
3.997000e-05	-4.674275e-03	-1.077572e+01
3.998000e-05	2.062393e-03	-1.087050e+01
3.999000e-05	-3.702441e-03	-1.094213e+01
4.000000e-05	1.000287e-02	-1.097889e+01
4.001000e-05	4.829579e-03	-1.105200e+01
4.002000e-05	1.597797e-03	-1.110421e+01
4.003000e-05	4.054291e-04	-1.113476e+01
4.004000e-05	2.345976e-03	-1.116784e+01
4.005000e-05	6.966385e-03	-1.126208e+01
4.006000e-05	-2.154874e-04	-1.122110e+01
4.007000e-05	3.371684e-03	-1.124271e+01
4.008000e-05	1.875357e-03	-1.128469e+01
4.009000e-05	8.217864e-03	-1.126536e+01
4.010000e-05	4.549684e-03	-1.127629e+01
4.011000e-05	6.525676e-04	-1.128584e+01
4.012000e-05	1.599396e-03	-1.128682e+01
4.013000e-05	4.294714e-03	-1.130591e+01
4.014000e-05	5.434823e-03	-1.128734e+01
4.015000e-05	3.111029e-03	-1.131634e+01
4.016000e-05	7.403009e-04	-1.126586e+01
4.017000e-05	4.946808e-03	-1.126429e+01
4.018000e-05	6.392365e-03	-1.125171e+01
4.019000e-05	3.602027e-03	-1.123311e+01
4.020000e-05	9.529414e-04	-1.121118e+01
4.021000e-05	4.861492e-03	-1.117849e+01
4.022000e-05	7.336475e-03	-1.111832e+01
4.023000e-05	5.239052e-03	-1.106469e+01
4.024000e-05	1.601758e-03	-1.100256e+01
4.025000e-05	7.706681e-04	-1.094937e+01
4.026000e-05	5.728693e-03	-1.091584e+01
4.027000e-05	5.742226e-03	-1.083106e+01
4.028000e-05	2.517937e-03	-1.074792e+01
4.029000e-05	2.188193e-03	-1.069321e+01
4.030000e-05	4.221047e-03	-1.062995e+01
4.031000e-05	5.252779e-03	-1.056374e+01
4.032000e-05	4.540545e-03	-1.039852e+01
4.033000e-05	8.702066e-04	-1.031334e+01
4.034000e-05	2.408052e-03	-1.023842e+01
4.035000e-05	4.750934e-03	-1.018579e+01
4.036000e-05	5.550231e-03	-1.004110e+01
4.037000e-05	2.914752e-03	-9.936862e+00
4.038000e-05	3.240221e-03	-9.882202e+00
4.039000e-05	5.512687e-03	-9.784342e+00
4.040000e-05	5.695060e-03	-9.640100e+00
4.041000e-05	3.710398e-03	-9.542682e+00
4.042000e-05	1.527412e-03	-9.404342e+00
4.043000e-05	3.201076e-03	-9.278522e+00
4.044000e-05	4.994944e-03	-9.172705e+00
4.045000e-05	2.969669e-03	-9.036420e+00
4.046000e-05	2.691564e-03	-8.960101e+00
4.047000e-05	3.803916e-03	-8.804106e+00
4.048000e-05	4.310110e-03	-8.674190e+00
4.049000e-05	3.476748e-03	-8.498471e+00
4.050000e-05	1.678089e-03	-8.380075e+00
4.051000e-05	1.323785e-03	-8.203708e+00
4.052000e-05	3.066335e-03	-8.064815e+00
4.053000e-05	3.243363e-03	-7.946346e+00
4.054000e-05	2.279868e-03	-7.737896e+00
4.055000e-05	1.723011e-03	-7.599575e+00
4.056000e-05	1.862077e-03	-7.462180e+00
4.057000e-05	2.344946e-03	-7.272580e+00
4.058000e-05	2.011834e-03	-7.061654e+00
4.059000e-05	5.880116e-04	-6.933705e+00
4.060000e-05	4.741831e-05	-6.764209e+00
4.061000e-05	-5.446606e-04	-6.534761e+00
4.062000e-05	4.125905e-04	-6.344708e+00
4.063000e-05	-1.937897e-04	-6.162788e+00
4.064000e-05	-9.413695e-04	-6.015811e+00
4.065000e-05	-4.158409e-04	-5.866795e+00
4.066000e-05	-1.499928e-05	-5.624211e+00
4.067000e-05	-5.321453e-04	-5.404756e+00
4.068000e-05	-1.320683e-03	-5.265737e+00
4.069000e-05	-1.307791e-03	-5.036862e+00
4.070000e-05	-1.213767e-03	-4.810726e+00
4.071000e-05	-8.330872e-04	-4.620603e+00
4.072000e-05	-2.119434e-03	-4.346467e+00
4.073000e-05	-2.317019e-03	-4.205846e+00
4.074000e-05	-2.454631e-03	-4.029444e+00
4.075000e-05	-2.172106e-03	-3.838468e+00
4.076000e-05	-2.690011e-03	-3.638923e+00
4.077000e-05	-2.395810e-03	-3.395813e+00
4.078000e-05	-2.940830e-03	-3.216332e+00
4.079000e-05	-2.490000e-03	-3.035208e+00
4.080000e-05	-3.422657e-03	-2.774133e+00
4.081000e-05	-3.649731e-03	-2.589579e+00
4.082000e-05	-3.821399e-03	-2.369425e+00
4.083000e-05	-3.067799e-03	-2.200029e+00
4.084000e-05	-2.628126e-03	-1.946914e+00
4.085000e-05	-3.836558e-03	-1.747341e+00
4.086000e-05	-3.449901e-03	-1.555763e+00
4.087000e-05	-3.751831e-03	-1.314807e+00
4.088000e-05	-2.682560e-03	-1.040947e+00
4.089000e-05	-2.824389e-03	-8.389184e-01
4.090000e-05	-2.828033e-03	-6.183468e-01
4.091000e-05	-5.144747e-03	-3.642329e-01
4.092000e-05	-2.318495e-03	-1.717339e-01
4.093000e-05	-2.237741e-03	-1.365533e-02
4.094000e-05	7.635331e-04	2.163975e-01
4.095000e-05	-4.187210e-03	4.410526e-01
4.096000e-05	4.693034e-03	6.204776e-01
4.097000e-05	-3.898951e-05	7.599701e-01
4.098000e-05	-5.606294e-04	1.010980e+00
4.099000e-05	-4.547422e-03	1.243657e+00
4.100000e-05	3.450247e-03	1.425161e+00
4.101000e-05	2.927017e-02	1.636839e+00
4.102000e-05	6.865803e-02	1.907342e+00
4.103000e-05	-1.983716e-02	2.108974e+00
4.104000e-05	-5.363376e-02	2.402633e+00
4.105000e-05	-3.038073e-02	2.587840e+00
4.106000e-05	-4.979405e-02	2.776768e+00
4.107000e-05	-5.284570e-02	2.934159e+00
4.108000e-05	6.116667e-02	3.050475e+00
4.109000e-05	1.086602e-02	3.314583e+00
4.110000e-05	-5.143060e-02	3.483260e+00
4.111000e-05	1.184010e-01	3.662084e+00
4.112000e-05	-6.537271e-02	3.894217e+00
4.113000e-05	-1.069604e-02	4.086841e+00
4.114000e-05	1.034543e-02	4.274240e+00
4.115000e-05	-7.350940e-02	4.477869e+00
4.116000e-05	5.592220e-02	4.760973e+00
4.117000e-05	-4.988166e-03	5.014610e+00
4.118000e-05	-6.064835e-04	5.165736e+00
4.119000e-05	1.007708e-02	5.322162e+00
4.120000e-05	-3.527642e-02	5.586816e+00
4.121000e-05	4.141374e-03	5.745263e+00
4.122000e-05	-2.190914e-02	5.925763e+00
4.123000e-05	1.257720e-02	6.123213e+00
4.124000e-05	-5.210898e-03	6.317267e+00
4.125000e-05	-7.289329e-03	6.516290e+00
4.126000e-05	2.680545e-02	6.665710e+00
4.127000e-05	-4.325400e-02	6.793110e+00
4.128000e-05	4.713723e-03	7.083206e+00
4.129000e-05	-1.280930e-02	7.266240e+00
4.130000e-05	-5.207626e-04	7.405288e+00
4.131000e-05	8.535090e-03	7.606656e+00
4.132000e-05	-1.428682e-02	7.755161e+00
4.133000e-05	3.162557e-04	7.900078e+00
4.134000e-05	-1.721895e-02	8.049023e+00
4.135000e-05	6.390457e-03	8.175312e+00
4.136000e-05	-1.722180e-02	8.313084e+00
4.137000e-05	-5.595373e-03	8.513003e+00
4.138000e-05	-3.203275e-03	8.600526e+00
4.139000e-05	-4.239285e-03	8.768293e+00
4.140000e-05	1.612366e-03	8.864184e+00
4.141000e-05	-1.647219e-02	8.979971e+00
4.142000e-05	-5.696313e-03	9.106873e+00
4.143000e-05	-8.279957e-03	9.276207e+00
4.144000e-05	-2.811133e-03	9.382609e+00
4.145000e-05	-9.921441e-03	9.499365e+00
4.146000e-05	-8.261197e-03	9.613157e+00
4.147000e-05	-3.830732e-03	9.708899e+00
4.148000e-05	-4.050404e-03	9.815186e+00
4.149000e-05	-3.870081e-03	9.981054e+00
4.150000e-05	-1.326472e-02	1.005691e+01
4.151000e-05	-7.868310e-03	1.014061e+01
4.152000e-05	-6.735757e-03	1.022789e+01
4.153000e-05	-6.331394e-03	1.029895e+01
4.154000e-05	-9.942014e-03	1.037474e+01
4.155000e-05	-9.608983e-03	1.046843e+01
4.156000e-05	-4.935949e-03	1.056326e+01
4.157000e-05	-4.348569e-03	1.060794e+01
4.158000e-05	-8.006487e-03	1.072263e+01
4.159000e-05	-1.180110e-02	1.074734e+01
4.160000e-05	-9.461631e-03	1.087103e+01
4.161000e-05	-5.424140e-03	1.092221e+01
4.162000e-05	-5.853238e-03	1.095646e+01
4.163000e-05	-9.813455e-03	1.096895e+01
4.164000e-05	-1.138182e-02	1.103203e+01
4.165000e-05	-8.882940e-03	1.110225e+01
4.166000e-05	-8.028338e-03	1.108429e+01
4.167000e-05	-9.966468e-03	1.113586e+01
4.168000e-05	-1.089360e-02	1.113692e+01
4.169000e-05	-9.002497e-03	1.113795e+01
4.170000e-05	-7.364967e-03	1.123947e+01
4.171000e-05	-8.856988e-03	1.121845e+01
4.172000e-05	-1.143357e-02	1.119897e+01
4.173000e-05	-1.234310e-02	1.118200e+01
4.174000e-05	-9.430906e-03	1.116900e+01
4.175000e-05	-9.167105e-03	1.119705e+01
4.176000e-05	-1.002545e-02	1.118800e+01
4.177000e-05	-1.136757e-02	1.117800e+01
4.178000e-05	-9.904817e-03	1.112597e+01
4.179000e-05	-8.684414e-03	1.113626e+01
4.180000e-05	-1.051849e-02	1.110418e+01
4.181000e-05	-1.236548e-02	1.105526e+01
4.182000e-05	-1.190038e-02	1.103260e+01
4.183000e-05	-9.542676e-03	1.099007e+01
4.184000e-05	-9.333102e-03	1.094937e+01
4.185000e-05	-1.208920e-02	1.093544e+01
4.186000e-05	-1.296253e-02	1.087121e+01
4.187000e-05	-1.169181e-02	1.079805e+01
4.188000e-05	-8.777596e-03	1.073381e+01
4.189000e-05	-1.017755e-02	1.065863e+01
4.190000e-05	-1.123908e-02	1.055637e+01
4.191000e-05	-1.213824e-02	1.051160e+01
4.192000e-05	-1.106137e-02	1.039697e+01
4.193000e-05	-1.077046e-02	1.033174e+01
4.194000e-05	-1.178357e-02	1.025052e+01
4.195000e-05	-1.248203e-02	1.016434e+01
4.196000e-05	-1.184821e-02	1.006065e+01
4.197000e-05	-1.101763e-02	9.965416e+00
4.198000e-05	-1.190211e-02	9.880098e+00
4.199000e-05	-1.173965e-02	9.773733e+00
4.200000e-05	-1.220276e-02	9.656419e+00
4.201000e-05	-1.116815e-02	9.553107e+00
4.202000e-05	-1.088524e-02	9.406390e+00
4.203000e-05	-1.138389e-02	9.290024e+00
4.204000e-05	-1.312794e-02	9.163729e+00
4.205000e-05	-1.382612e-02	9.045392e+00
4.206000e-05	-1.266907e-02	8.866995e+00
4.207000e-05	-1.026965e-02	8.782656e+00
4.208000e-05	-9.689528e-03	8.625287e+00
4.209000e-05	-1.096461e-02	8.498541e+00
4.210000e-05	-1.108492e-02	8.391151e+00
4.211000e-05	-1.132942e-02	8.222579e+00
4.212000e-05	-1.215259e-02	8.044208e+00
4.213000e-05	-1.249504e-02	7.906891e+00
4.214000e-05	-1.189394e-02	7.748019e+00
4.215000e-05	-1.043208e-02	7.642027e+00
4.216000e-05	-9.151869e-03	7.432103e+00
4.217000e-05	-9.853632e-03	7.270656e+00
4.218000e-05	-1.040820e-02	7.093834e+00
4.219000e-05	-1.078875e-02	6.923755e+00
4.220000e-05	-9.455187e-03	6.731288e+00
4.221000e-05	-9.215413e-03	6.544209e+00
4.222000e-05	-8.687602e-03	6.413288e+00
4.223000e-05	-9.311048e-03	6.195813e+00
4.224000e-05	-7.844756e-03	6.014411e+00
4.225000e-05	-8.588431e-03	5.846340e+00
4.226000e-05	-7.973158e-03	5.677341e+00
4.227000e-05	-8.222175e-03	5.496997e+00
4.228000e-05	-7.665332e-03	5.247334e+00
4.229000e-05	-7.563291e-03	5.095388e+00
4.230000e-05	-7.475344e-03	4.905865e+00
4.231000e-05	-7.653329e-03	4.691683e+00
4.232000e-05	-7.668262e-03	4.408547e+00
4.233000e-05	-7.642499e-03	4.219974e+00
4.234000e-05	-6.882718e-03	4.091573e+00
4.235000e-05	-7.628260e-03	3.846545e+00
4.236000e-05	-7.241581e-03	3.626343e+00
4.237000e-05	-6.180905e-03	3.455387e+00
4.238000e-05	-6.174868e-03	3.237470e+00
4.239000e-05	-5.568013e-03	3.041809e+00
4.240000e-05	-6.758028e-03	2.803208e+00
4.241000e-05	-5.274703e-03	2.634259e+00
4.242000e-05	-6.468831e-03	2.434254e+00
4.243000e-05	-6.078347e-03	2.169925e+00
4.244000e-05	-6.931534e-03	1.987966e+00
4.245000e-05	-6.155567e-03	1.818949e+00
4.246000e-05	-4.983477e-03	1.547441e+00
4.247000e-05	-4.968035e-03	1.344284e+00
4.248000e-05	-4.843097e-03	1.121730e+00
4.249000e-05	-5.819971e-03	8.711460e-01
4.250000e-05	-5.145479e-03	6.564171e-01
4.251000e-05	-1.605774e-03	4.158869e-01
4.252000e-05	-5.295711e-03	2.049144e-01
4.253000e-05	-8.624391e-03	6.553130e-04
4.254000e-05	2.196612e-03	-1.988499e-01
4.255000e-05	4.626738e-03	-3.903962e-01
4.256000e-05	-2.692740e-03	-6.508288e-01
4.257000e-05	-4.744392e-04	-8.010289e-01
4.258000e-05	-5.954877e-03	-1.001104e+00
4.259000e-05	1.788861e-03	-1.171977e+00
4.260000e-05	-3.248944e-03	-1.435712e+00
4.261000e-05	2.904792e-02	-1.594609e+00
4.262000e-05	7.787176e-02	-1.793110e+00
4.263000e-05	-3.013409e-02	-2.089774e+00
4.264000e-05	-3.656077e-02	-2.437166e+00
4.265000e-05	-3.126280e-02	-2.610347e+00
4.266000e-05	-7.640440e-02	-2.827744e+00
4.267000e-05	1.670819e-02	-2.947866e+00
4.268000e-05	8.478549e-02	-3.021478e+00
4.269000e-05	-1.031485e-01	-3.282033e+00
4.270000e-05	8.850731e-02	-3.475061e+00
4.271000e-05	2.010554e-02	-3.693161e+00
4.272000e-05	-1.014800e-01	-3.927746e+00
4.273000e-05	1.193494e-01	-4.077845e+00
4.274000e-05	-1.129354e-01	-4.314617e+00
4.275000e-05	2.638729e-03	-4.520977e+00
4.276000e-05	7.303331e-02	-4.698319e+00
4.277000e-05	-6.332554e-02	-4.901005e+00
4.278000e-05	1.002403e-01	-5.156808e+00
4.279000e-05	-6.166311e-02	-5.324611e+00
4.280000e-05	-1.563857e-02	-5.545738e+00
4.281000e-05	3.204684e-02	-5.692591e+00
4.282000e-05	-5.265152e-02	-5.936789e+00
4.283000e-05	7.319780e-02	-6.116786e+00
4.284000e-05	-6.877715e-02	-6.305108e+00
4.285000e-05	7.128718e-02	-6.466290e+00
4.286000e-05	-1.184990e-02	-6.686210e+00
4.287000e-05	-3.762932e-02	-6.877321e+00
4.288000e-05	4.826788e-02	-7.014713e+00
4.289000e-05	-7.093973e-02	-7.214665e+00
4.290000e-05	7.825393e-02	-7.437344e+00
4.291000e-05	-3.447134e-02	-7.555209e+00
4.292000e-05	2.305997e-02	-7.744710e+00
4.293000e-05	-1.183126e-02	-7.848478e+00
4.294000e-05	-1.286633e-02	-8.059949e+00
4.295000e-05	3.631623e-02	-8.209425e+00
4.296000e-05	-3.800074e-02	-8.345765e+00
4.297000e-05	3.383381e-02	-8.511712e+00
4.298000e-05	-3.051486e-02	-8.610454e+00
4.299000e-05	3.354872e-02	-8.798996e+00
4.300000e-05	-1.762355e-03	-8.906693e+00
4.301000e-05	-5.673696e-03	-9.033611e+00
4.302000e-05	7.891520e-03	-9.141902e+00
4.303000e-05	-8.189610e-03	-9.287765e+00
4.304000e-05	2.171889e-02	-9.412634e+00
4.305000e-05	-1.740665e-02	-9.560550e+00
4.306000e-05	1.163828e-02	-9.687843e+00
4.307000e-05	-1.253295e-02	-9.783633e+00
4.308000e-05	2.058643e-02	-9.859446e+00
4.309000e-05	-1.845153e-03	-9.983604e+00
4.310000e-05	3.277256e-03	-1.007987e+01
4.311000e-05	-9.323336e-04	-1.016421e+01
4.312000e-05	3.510441e-03	-1.025790e+01
4.313000e-05	7.462251e-03	-1.033421e+01
4.314000e-05	-5.847714e-03	-1.045745e+01
4.315000e-05	3.840227e-03	-1.051311e+01
4.316000e-05	-1.630866e-03	-1.061640e+01
4.317000e-05	1.415433e-02	-1.068318e+01
4.318000e-05	-2.206549e-03	-1.076626e+01
4.319000e-05	3.864081e-03	-1.081847e+01
4.320000e-05	-2.950667e-03	-1.088166e+01
4.321000e-05	9.868659e-03	-1.098929e+01
4.322000e-05	4.631658e-03	-1.102992e+01
4.323000e-05	1.544192e-03	-1.107311e+01
4.324000e-05	-9.807293e-04	-1.112614e+01
4.325000e-05	6.984959e-05	-1.114780e+01
4.326000e-05	6.380396e-03	-1.116003e+01
4.327000e-05	2.951542e-04	-1.124163e+01
4.328000e-05	4.677279e-03	-1.121316e+01
4.329000e-05	1.923635e-03	-1.127423e+01
4.330000e-05	8.820438e-03	-1.127529e+01
4.331000e-05	4.303214e-03	-1.129379e+01
4.332000e-05	5.978740e-04	-1.131732e+01
4.333000e-05	-1.026765e-04	-1.131734e+01
4.334000e-05	3.626351e-03	-1.133777e+01
4.335000e-05	4.564341e-03	-1.129734e+01
4.336000e-05	4.163673e-03	-1.129534e+01
4.337000e-05	2.069717e-03	-1.126581e+01
4.338000e-05	4.664219e-03	-1.128329e+01
4.339000e-05	6.297477e-03	-1.123218e+01
4.340000e-05	3.298763e-03	-1.124361e+01
4.341000e-05	1.565708e-03	-1.119101e+01
4.342000e-05	1.741777e-03	-1.116895e+01
4.343000e-05	6.278168e-03	-1.108630e+01
4.344000e-05	5.213660e-03	-1.105473e+01
4.345000e-05	2.615577e-03	-1.101103e+01
4.346000e-05	1.748802e-03	-1.093895e+01
4.347000e-05	4.631692e-03	-1.090486e+01
4.348000e-05	5.632040e-03	-1.083313e+01
4.349000e-05	4.704725e-03	-1.075800e+01
4.350000e-05	2.685314e-03	-1.064473e+01
4.351000e-05	4.107720e-03	-1.059892e+01
4.352000e-05	4.541495e-03	-1.052374e+01
4.353000e-05	4.228739e-03	-1.044958e+01
4.354000e-05	1.623616e-03	-1.029579e+01
4.355000e-05	2.682735e-03	-1.023897e+01
4.356000e-05	5.262807e-03	-1.012526e+01
4.357000e-05	4.777225e-03	-1.006965e+01
4.358000e-05	2.909782e-03	-9.976891e+00
4.359000e-05	3.533080e-03	-9.880528e+00
4.360000e-05	4.966083e-03	-9.805891e+00
4.361000e-05	5.380699e-03	-9.680978e+00
4.362000e-05	4.465563e-03	-9.533686e+00
4.363000e-05	3.424858e-03	-9.404344e+00
4.364000e-05	3.996246e-03	-9.288001e+00
4.365000e-05	3.860810e-03	-9.183809e+00
4.366000e-05	4.516542e-03	-9.027421e+00
4.367000e-05	1.300567e-03	-8.940605e+00
4.368000e-05	3.072689e-03	-8.764706e+00
4.369000e-05	3.969342e-03	-8.635789e+00
4.370000e-05	5.074926e-03	-8.507892e+00
4.371000e-05	2.766849e-03	-8.380571e+00
4.372000e-05	2.689567e-03	-8.252708e+00
4.373000e-05	2.521369e-03	-8.095287e+00
4.374000e-05	3.735683e-03	-7.937444e+00
4.375000e-05	1.462572e-03	-7.748495e+00
4.376000e-05	1.815380e-03	-7.641101e+00
4.377000e-05	1.557248e-03	-7.473162e+00
4.378000e-05	2.386849e-03	-7.274707e+00
4.379000e-05	2.270381e-03	-7.041203e+00
4.380000e-05	6.338595e-04	-6.884183e+00
4.381000e-05	2.039015e-04	-6.773186e+00
4.382000e-05	4.552612e-04	-6.574309e+00
4.383000e-05	1.118916e-03	-6.343232e+00
4.384000e-05	-7.080720e-04	-6.203761e+00
4.385000e-05	-9.312002e-04	-6.025789e+00
4.386000e-05	-9.550317e-04	-5.854369e+00
4.387000e-05	5.906929e-04	-5.624333e+00
4.388000e-05	-7.091128e-04	-5.445735e+00
4.389000e-05	-1.693532e-03	-5.273861e+00
4.390000e-05	-2.140520e-03	-5.063860e+00
4.391000e-05	-8.495023e-04	-4.811631e+00
4.392000e-05	6.252825e-04	-4.610078e+00
4.393000e-05	-1.155056e-03	-4.408393e+00
4.394000e-05	-3.564451e-03	-4.206793e+00
4.395000e-05	-3.468126e-03	-4.027974e+00
4.396000e-05	-7.349488e-04	-3.838996e+00
4.397000e-05	-1.731871e-03	-3.638947e+00
4.398000e-05	-3.494272e-03	-3.436412e+00
4.399000e-05	-5.922785e-03	-3.216812e+00
4.400000e-05	-2.042908e-03	-3.014288e+00
4.401000e-05	-1.216674e-03	-2.804781e+00
4.402000e-05	-2.315182e-03	-2.600129e+00
4.403000e-05	-4.593349e-03	-2.410554e+00
4.404000e-05	-4.262117e-03	-2.179628e+00
4.405000e-05	-3.102108e-03	-1.937442e+00
4.406000e-05	-3.659975e-03	-1.727841e+00
4.407000e-05	-4.506040e-03	-1.566286e+00
4.408000e-05	-4.530738e-03	-1.325739e+00
4.409000e-05	-1.928257e-03	-1.059979e+00
4.410000e-05	-3.352717e-03	-8.194961e-01
4.411000e-05	7.166347e-04	-6.674221e-01
4.412000e-05	-5.661705e-03	-3.932340e-01
4.413000e-05	-7.115067e-03	-1.947354e-01
4.414000e-05	-5.637799e-03	-1.418020e-02
4.415000e-05	1.031124e-02	2.178962e-01
4.416000e-05	-3.329187e-03	4.604762e-01
4.417000e-05	1.031781e-03	6.089486e-01
4.418000e-05	-4.979213e-03	7.789488e-01
4.419000e-05	3.909002e-03	9.605001e-01
4.420000e-05	3.374040e-04	1.232634e+00
4.421000e-05	-4.115829e-04	1.454609e+00
4.422000e-05	2.335158e-02	1.676766e+00
4.423000e-05	6.852157e-02	1.867370e+00
4.424000e-05	-9.338838e-03	2.099476e+00
4.425000e-05	-5.478844e-02	2.311604e+00
4.426000e-05	-3.165560e-02	2.597267e+00
4.427000e-05	-5.218277e-02	2.806839e+00
4.428000e-05	-4.841178e-02	2.934182e+00
4.429000e-05	5.568634e-02	3.072078e+00
4.430000e-05	1.434503e-02	3.323137e+00
4.431000e-05	-5.083313e-02	3.473186e+00
4.432000e-05	1.111126e-01	3.679558e+00
4.433000e-05	-5.384030e-02	3.886768e+00
4.434000e-05	-1.479497e-02	4.086312e+00
4.435000e-05	1.490172e-02	4.316216e+00
4.436000e-05	-7.613987e-02	4.466817e+00
4.437000e-05	5.019871e-02	4.689448e+00
4.438000e-05	1.834835e-03	4.952634e+00
4.439000e-05	-2.933531e-03	5.156735e+00
4.440000e-05	9.187987e-03	5.332086e+00
4.441000e-05	-3.364579e-02	5.565838e+00
4.442000e-05	6.367644e-03	5.765291e+00
4.443000e-05	-1.822487e-02	5.934762e+00
4.444000e-05	7.554304e-03	6.124166e+00
4.445000e-05	-4.292014e-03	6.344842e+00
4.446000e-05	-8.566558e-03	6.485738e+00
4.447000e-05	2.616584e-02	6.675213e+00
4.448000e-05	-3.967466e-02	6.822637e+00
4.449000e-05	1.529876e-03	7.045580e+00
4.450000e-05	-1.023229e-02	7.235641e+00
4.451000e-05	-1.433432e-03	7.414138e+00
4.452000e-05	1.092965e-02	7.565183e+00
4.453000e-05	-1.431703e-02	7.763658e+00
4.454000e-05	-1.944833e-03	7.881552e+00
4.455000e-05	-1.559448e-02	8.008420e+00
4.456000e-05	6.803459e-03	8.195211e+00
4.457000e-05	-1.491521e-02	8.312605e+00
4.458000e-05	-8.755570e-03	8.501551e+00
4.459000e-05	-3.647286e-03	8.619453e+00
4.460000e-05	-4.844936e-03	8.766869e+00
4.461000e-05	3.255226e-03	8.853208e+00
4.462000e-05	-1.565137e-02	8.990550e+00
4.463000e-05	-6.442835e-03	9.145894e+00
4.464000e-05	-9.334851e-03	9.316231e+00
4.465000e-05	-1.285338e-03	9.402560e+00
4.466000e-05	-8.787956e-03	9.468366e+00
4.467000e-05	-1.025349e-02	9.593634e+00
4.468000e-05	-5.912991e-03	9.749448e+00
4.469000e-05	-3.940187e-03	9.835335e+00
4.470000e-05	-3.092396e-03	9.951047e+00
4.471000e-05	-1.227295e-02	1.001834e+01
4.472000e-05	-8.606030e-03	1.014160e+01
4.473000e-05	-5.774480e-03	1.023682e+01
4.474000e-05	-4.873037e-03	1.031098e+01
4.475000e-05	-9.483431e-03	1.039384e+01
4.476000e-05	-1.167202e-02	1.045903e+01
4.477000e-05	-6.944742e-03	1.054221e+01
4.478000e-05	-5.122866e-03	1.059589e+01
4.479000e-05	-7.027022e-03	1.076268e+01
4.480000e-05	-1.300914e-02	1.080692e+01
4.481000e-05	-1.076549e-02	1.088000e+01
4.482000e-05	-4.714635e-03	1.092331e+01
4.483000e-05	-4.401666e-03	1.094529e+01
4.484000e-05	-8.974277e-03	1.101897e+01
4.485000e-05	-1.182897e-02	1.102103e+01
4.486000e-05	-1.005565e-02	1.107363e+01
4.487000e-05	-7.174223e-03	1.111319e+01
4.488000e-05	-9.970101e-03	1.115434e+01
4.489000e-05	-1.117249e-02	1.111644e+01
4.490000e-05	-9.756477e-03	1.115647e+01
4.491000e-05	-7.261314e-03	1.123755e+01
4.492000e-05	-7.124958e-03	1.119847e+01
4.493000e-05	-1.075993e-02	1.120855e+01
4.494000e-05	-1.220766e-02	1.120958e+01
4.495000e-05	-1.012362e-02	1.117948e+01
4.496000e-05	-9.174367e-03	1.120055e+01
4.497000e-05	-9.848790e-03	1.121794e+01
4.498000e-05	-1.245125e-02	1.118955e+01
4.499000e-05	-9.737529e-03	1.112647e+01
4.500000e-05	-9.352065e-03	1.113486e+01
4.501000e-05	-9.365421e-03	1.110629e+01
4.502000e-05	-1.160374e-02	1.108318e+01
4.503000e-05	-1.158073e-02	1.105274e+01
4.504000e-05	-9.888763e-03	1.099012e+01
4.505000e-05	-1.042122e-02	1.097747e+01
4.506000e-05	-1.085434e-02	1.092484e+01
4.507000e-05	-1.184973e-02	1.086166e+01
4.508000e-05	-1.336011e-02	1.076952e+01
4.509000e-05	-9.612989e-03	1.075384e+01
4.510000e-05	-1.227140e-02	1.065113e+01
4.511000e-05	-7.976507e-03	1.054689e+01
4.512000e-05	-1.164845e-02	1.047218e+01
4.513000e-05	-9.313383e-03	1.042597e+01
4.514000e-05	-1.288768e-02	1.034433e+01
4.515000e-05	-1.212466e-02	1.021000e+01
4.516000e-05	-1.488763e-02	1.017634e+01
4.517000e-05	-1.181146e-02	1.007108e+01
4.518000e-05	-1.194510e-02	9.994890e+00
4.519000e-05	-9.069553e-03	9.869527e+00
4.520000e-05	-1.085039e-02	9.783315e+00
4.521000e-05	-1.042449e-02	9.596417e+00
4.522000e-05	-1.147495e-02	9.522180e+00
4.523000e-05	-1.369957e-02	9.435965e+00
4.524000e-05	-1.342453e-02	9.321049e+00
4.525000e-05	-1.333672e-02	9.172708e+00
4.526000e-05	-1.146567e-02	9.056914e+00
4.527000e-05	-1.034990e-02	8.897444e+00
4.528000e-05	-1.050964e-02	8.760605e+00
4.529000e-05	-1.110349e-02	8.634841e+00
4.530000e-05	-1.134446e-02	8.518048e+00
4.531000e-05	-1.135109e-02	8.361096e+00
4.532000e-05	-1.188976e-02	8.220703e+00
4.533000e-05	-1.189245e-02	8.083363e+00
4.534000e-05	-1.112588e-02	7.936341e+00
4.535000e-05	-8.885286e-03	7.769522e+00
4.536000e-05	-1.091496e-02	7.620623e+00
4.537000e-05	-8.914243e-03	7.450556e+00
4.538000e-05	-1.429502e-02	7.283734e+00
4.539000e-05	-8.545637e-03	7.113788e+00
4.540000e-05	-1.309925e-02	6.933312e+00
4.541000e-05	-7.383919e-03	6.713335e+00
4.542000e-05	-9.134611e-03	6.584785e+00
4.543000e-05	-5.846127e-03	6.403390e+00
4.544000e-05	-7.775735e-03	6.186392e+00
4.545000e-05	-9.381310e-03	6.044913e+00
4.546000e-05	-8.858765e-03	5.836387e+00
4.547000e-05	-1.267238e-02	5.675316e+00
4.548000e-05	-7.521132e-03	5.508521e+00
4.549000e-05	-8.661601e-03	5.317966e+00
4.550000e-05	-3.994728e-03	5.126838e+00
4.551000e-05	-6.333489e-03	4.926815e+00
4.552000e-05	-5.539173e-03	4.672810e+00
4.553000e-05	-8.700714e-03	4.429522e+00
4.554000e-05	-7.784600e-03	4.280076e+00
4.555000e-05	-1.004205e-02	4.050101e+00
4.556000e-05	-8.222037e-03	3.838523e+00
4.557000e-05	-7.233789e-03	3.637393e+00
4.558000e-05	-6.324204e-03	3.427495e+00
4.559000e-05	-3.041397e-03	3.257420e+00
4.560000e-05	-6.771642e-03	2.994288e+00
4.561000e-05	-3.713681e-03	2.853309e+00
4.562000e-05	-7.789085e-03	2.662761e+00
4.563000e-05	-6.531991e-03	2.414805e+00
4.564000e-05	-7.087463e-03	2.219547e+00
4.565000e-05	-4.922648e-03	1.960542e+00
4.566000e-05	-6.088419e-03	1.759096e+00
4.567000e-05	-5.390070e-03	1.546315e+00
4.568000e-05	-5.622181e-03	1.343837e+00
4.569000e-05	-5.276039e-03	1.125807e+00
4.570000e-05	-2.945090e-03	8.790962e-01
4.571000e-05	-5.359951e-03	6.468722e-01
4.572000e-05	-8.714689e-03	4.449382e-01
4.573000e-05	-7.561641e-03	2.573619e-01
4.574000e-05	6.009740e-04	-9.343677e-03
4.575000e-05	3.210826e-04	-1.988462e-01
4.576000e-05	5.011174e-03	-3.388949e-01
4.577000e-05	-5.871340e-03	-5.893511e-01
4.578000e-05	3.219698e-03	-7.909802e-01
4.579000e-05	-3.252815e-03	-9.618765e-01
4.580000e-05	-2.581121e-03	-1.210926e+00
4.581000e-05	-6.795917e-03	-1.445159e+00
4.582000e-05	2.608729e-02	-1.603612e+00
4.583000e-05	8.303557e-02	-1.793060e+00
4.584000e-05	-2.463888e-02	-2.105797e+00
4.585000e-05	-4.083240e-02	-2.438166e+00
4.586000e-05	-3.060067e-02	-2.617344e+00
4.587000e-05	-7.276961e-02	-2.784742e+00
4.588000e-05	1.106605e-02	-2.936846e+00
4.589000e-05	8.148567e-02	-3.042476e+00
4.590000e-05	-9.561508e-02	-3.273952e+00
4.591000e-05	7.762051e-02	-3.444658e+00
4.592000e-05	2.475440e-02	-3.654087e+00
4.593000e-05	-1.035302e-01	-3.907246e+00
4.594000e-05	1.166572e-01	-4.067864e+00
4.595000e-05	-1.002835e-01	-4.255690e+00
4.596000e-05	-1.031647e-02	-4.520474e+00
4.597000e-05	7.984434e-02	-4.648344e+00
4.598000e-05	-5.924862e-02	-4.911425e+00
4.599000e-05	8.794896e-02	-5.175189e+00
4.600000e-05	-5.443107e-02	-5.341586e+00
4.601000e-05	-2.153348e-02	-5.523187e+00
4.602000e-05	3.534555e-02	-5.701635e+00
4.603000e-05	-5.308704e-02	-5.968185e+00
4.604000e-05	6.859619e-02	-6.105237e+00
4.605000e-05	-5.599693e-02	-6.284186e+00
4.606000e-05	5.962989e-02	-6.505586e+00
4.607000e-05	-5.225009e-03	-6.684088e+00
4.608000e-05	-4.355121e-02	-6.886270e+00
4.609000e-05	4.849123e-02	-7.025134e+00
4.610000e-05	-6.834133e-02	-7.215689e+00
4.611000e-05	7.305635e-02	-7.417841e+00
4.612000e-05	-2.468473e-02	-7.564187e+00
4.613000e-05	1.430309e-02	-7.712608e+00
4.614000e-05	-6.448119e-03	-7.849452e+00
4.615000e-05	-1.536457e-02	-8.058998e+00
4.616000e-05	3.795184e-02	-8.208349e+00
4.617000e-05	-3.880720e-02	-8.346794e+00
4.618000e-05	3.314250e-02	-8.484109e+00
4.619000e-05	-2.662809e-02	-8.618956e+00
4.620000e-05	2.820296e-02	-8.729419e+00
4.621000e-05	-7.247422e-04	-8.926815e+00
4.622000e-05	-8.493281e-03	-9.043136e+00
4.623000e-05	8.364384e-03	-9.169399e+00
4.624000e-05	-6.374867e-03	-9.285770e+00
4.625000e-05	2.097560e-02	-9.411080e+00
4.626000e-05	-1.408823e-02	-9.539872e+00
4.627000e-05	9.111000e-03	-9.678372e+00
4.628000e-05	-8.200116e-03	-9.771507e+00
4.629000e-05	1.661689e-02	-9.848919e+00
4.630000e-05	-2.082634e-03	-9.973604e+00
4.631000e-05	1.533340e-04	-1.002845e+01
4.632000e-05	-1.234867e-04	-1.014461e+01
4.633000e-05	3.366950e-03	-1.025837e+01
4.634000e-05	7.517780e-03	-1.033266e+01
4.635000e-05	-5.036115e-03	-1.040940e+01
4.636000e-05	4.735998e-03	-1.051366e+01
4.637000e-05	-1.452314e-03	-1.059734e+01
4.638000e-05	1.518937e-02	-1.069103e+01
4.639000e-05	-2.662323e-03	-1.076479e+01
4.640000e-05	2.842175e-03	-1.083898e+01
4.641000e-05	-3.132683e-03	-1.089213e+01
4.642000e-05	7.910995e-03	-1.095629e+01
4.643000e-05	2.984437e-03	-1.100055e+01
4.644000e-05	1.614135e-03	-1.109311e+01
4.645000e-05	1.596212e-04	-1.110519e+01
4.646000e-05	4.614361e-03	-1.119737e+01
4.647000e-05	7.787517e-03	-1.118943e+01
4.648000e-05	5.036879e-04	-1.123305e+01
4.649000e-05	2.303529e-03	-1.125366e+01
4.650000e-05	-3.844601e-04	-1.124426e+01
4.651000e-05	6.296850e-03	-1.127577e+01
4.652000e-05	3.080186e-03	-1.130482e+01
4.653000e-05	2.279757e-03	-1.130637e+01
4.654000e-05	2.961815e-03	-1.131636e+01
4.655000e-05	5.490768e-03	-1.132732e+01
4.656000e-05	5.773224e-03	-1.129686e+01
4.657000e-05	4.111354e-03	-1.130624e+01
4.658000e-05	5.625593e-04	-1.126481e+01
4.659000e-05	1.739297e-03	-1.128474e+01
4.660000e-05	4.198166e-03	-1.123373e+01
4.661000e-05	3.690379e-03	-1.124316e+01
4.662000e-05	3.306508e-03	-1.119303e+01
4.663000e-05	2.260698e-03	-1.116000e+01
4.664000e-05	7.279100e-03	-1.110482e+01
4.665000e-05	5.728112e-03	-1.108371e+01
4.666000e-05	4.462002e-03	-1.102003e+01
4.667000e-05	3.563757e-04	-1.095945e+01
4.668000e-05	3.291476e-03	-1.096534e+01
4.669000e-05	4.359722e-03	-1.082213e+01
4.670000e-05	4.726375e-03	-1.075844e+01
4.671000e-05	3.039373e-03	-1.070476e+01
4.672000e-05	3.896126e-03	-1.063000e+01
4.673000e-05	5.420289e-03	-1.053626e+01
4.674000e-05	5.099571e-03	-1.036858e+01
4.675000e-05	2.426134e-03	-1.034631e+01
4.676000e-05	1.918051e-03	-1.022907e+01
4.677000e-05	4.089929e-03	-1.017576e+01
4.678000e-05	5.859996e-03	-1.010210e+01
4.679000e-05	2.656823e-03	-9.987867e+00
4.680000e-05	2.605064e-03	-9.861578e+00
4.681000e-05	3.729709e-03	-9.765367e+00
4.682000e-05	6.062483e-03	-9.660978e+00
4.683000e-05	4.551664e-03	-9.562211e+00
4.684000e-05	2.097953e-03	-9.436867e+00
4.685000e-05	3.116353e-03	-9.299048e+00
4.686000e-05	5.292091e-03	-9.175756e+00
4.687000e-05	5.508974e-03	-9.069394e+00
4.688000e-05	3.649005e-03	-8.943602e+00
4.689000e-05	1.710731e-03	-8.793712e+00
4.690000e-05	3.951130e-03	-8.657892e+00
4.691000e-05	3.785336e-03	-8.528470e+00
4.692000e-05	2.609516e-03	-8.342155e+00
4.693000e-05	1.268734e-03	-8.254209e+00
4.694000e-05	2.340786e-03	-8.074888e+00
4.695000e-05	4.420977e-03	-7.926891e+00
4.696000e-05	4.354992e-03	-7.758944e+00
4.697000e-05	1.803598e-03	-7.611554e+00
4.698000e-05	1.706994e-03	-7.474157e+00
4.699000e-05	1.691647e-03	-7.276334e+00
4.700000e-05	2.125659e-03	-7.112655e+00
4.701000e-05	5.636665e-04	-6.912132e+00
4.702000e-05	-1.301006e-04	-6.735311e+00
4.703000e-05	9.254571e-04	-6.544864e+00
4.704000e-05	1.415365e-03	-6.366236e+00
4.705000e-05	1.536312e-03	-6.195236e+00
4.706000e-05	8.041071e-04	-6.025367e+00
4.707000e-05	-7.309145e-04	-5.814842e+00
4.708000e-05	-1.903578e-05	-5.594865e+00
4.709000e-05	-1.155796e-03	-5.444315e+00
4.710000e-05	-1.563229e-03	-5.284289e+00
4.711000e-05	-2.379597e-03	-5.075818e+00
4.712000e-05	-7.518941e-04	-4.823257e+00
4.713000e-05	-7.427020e-04	-4.631104e+00
4.714000e-05	-5.807479e-04	-4.419471e+00
4.715000e-05	-1.624819e-03	-4.247495e+00
4.716000e-05	-1.401456e-03	-4.028471e+00
4.717000e-05	-2.221704e-03	-3.860020e+00
4.718000e-05	-2.571726e-03	-3.648973e+00
4.719000e-05	-3.740524e-03	-3.455845e+00
4.720000e-05	-3.120025e-03	-3.236267e+00
4.721000e-05	-3.436933e-03	-3.035288e+00
4.722000e-05	-1.990967e-03	-2.816737e+00
4.723000e-05	-3.106778e-03	-2.591130e+00
4.724000e-05	-2.481115e-03	-2.372104e+00
4.725000e-05	-3.376533e-03	-2.201079e+00
4.726000e-05	-2.806449e-03	-1.947971e+00
4.727000e-05	-5.634347e-03	-1.746843e+00
4.728000e-05	-2.363741e-03	-1.547339e+00
4.729000e-05	-5.459912e-03	-1.346314e+00
4.730000e-05	-8.709790e-04	-1.059499e+00
4.731000e-05	-3.944134e-03	-8.589236e-01
4.732000e-05	-2.729529e-03	-6.794436e-01
4.733000e-05	-8.339944e-03	-3.922381e-01
4.734000e-05	-6.064742e-04	-2.142606e-01
4.735000e-05	-3.458573e-03	6.764540e-03
4.736000e-05	5.718895e-03	2.157898e-01
4.737000e-05	-2.636472e-03	4.195013e-01
4.738000e-05	2.925933e-03	5.979986e-01
4.739000e-05	-1.206632e-03	7.884487e-01
4.740000e-05	-2.827831e-03	1.017926e+00
4.741000e-05	-2.693583e-03	1.234055e+00
4.742000e-05	7.145177e-04	1.403579e+00
4.743000e-05	2.950726e-02	1.644217e+00
4.744000e-05	6.430418e-02	1.846291e+00
4.745000e-05	-7.118772e-03	2.108894e+00
4.746000e-05	-5.685186e-02	2.352054e+00
4.747000e-05	-2.897370e-02	2.576891e+00
4.748000e-05	-5.292703e-02	2.755241e+00
4.749000e-05	-4.908790e-02	2.922708e+00
4.750000e-05	5.079861e-02	3.039025e+00
4.751000e-05	1.962530e-02	3.302128e+00
4.752000e-05	-5.142796e-02	3.463212e+00
4.753000e-05	1.017033e-01	3.641980e+00
4.754000e-05	-4.137941e-02	3.892638e+00
4.755000e-05	-2.320996e-02	4.046838e+00
4.756000e-05	1.832412e-02	4.294188e+00
4.757000e-05	-7.322284e-02	4.506819e+00
4.758000e-05	4.634287e-02	4.718373e+00
4.759000e-05	4.030376e-03	4.982182e+00
4.760000e-05	-5.933865e-03	5.164164e+00
4.761000e-05	1.109319e-02	5.321082e+00
4.762000e-05	-3.236278e-02	5.553787e+00
4.763000e-05	1.539960e-03	5.752736e+00
4.764000e-05	-1.420519e-02	5.934238e+00
4.765000e-05	6.882430e-03	6.132688e+00
4.766000e-05	-1.158264e-03	6.325217e+00
4.767000e-05	-9.651967e-03	6.505216e+00
4.768000e-05	2.535916e-02	6.653138e+00
4.769000e-05	-3.704055e-02	6.822188e+00
4.770000e-05	-2.487445e-03	7.023159e+00
4.771000e-05	-8.377940e-03	7.243714e+00
4.772000e-05	-4.396575e-03	7.404836e+00
4.773000e-05	1.053511e-02	7.592707e+00
4.774000e-05	-1.411709e-02	7.771685e+00
4.775000e-05	-1.168890e-04	7.860504e+00
4.776000e-05	-1.398405e-02	8.017872e+00
4.777000e-05	5.296905e-03	8.146715e+00
4.778000e-05	-1.224800e-02	8.312685e+00
4.779000e-05	-9.394270e-03	8.460547e+00
4.780000e-05	-3.743880e-03	8.669952e+00
4.781000e-05	-6.735405e-03	8.755294e+00
4.782000e-05	2.284711e-03	8.872661e+00
4.783000e-05	-1.410104e-02	8.987398e+00
4.784000e-05	-5.973483e-03	9.165290e+00
4.785000e-05	-8.645446e-03	9.284656e+00
4.786000e-05	-3.236496e-03	9.381052e+00
4.787000e-05	-7.595207e-03	9.516869e+00
4.788000e-05	-1.025914e-02	9.622283e+00
4.789000e-05	-5.803163e-03	9.687895e+00
4.790000e-05	-5.183196e-03	9.843234e+00
4.791000e-05	-3.819531e-03	9.930574e+00
4.792000e-05	-1.203930e-02	1.005639e+01
4.793000e-05	-9.794187e-03	1.015108e+01
4.794000e-05	-7.603222e-03	1.023582e+01
4.795000e-05	-5.339892e-03	1.027902e+01
4.796000e-05	-8.116596e-03	1.041326e+01
4.797000e-05	-8.949362e-03	1.045935e+01
4.798000e-05	-6.512998e-03	1.057276e+01
4.799000e-05	-5.120188e-03	1.061699e+01
4.800000e-05	-8.854103e-03	1.072060e+01
4.801000e-05	-1.237799e-02	1.079631e+01
4.802000e-05	-1.397424e-02	1.086008e+01
4.803000e-05	-5.556176e-03	1.092381e+01
4.804000e-05	-5.680202e-03	1.093634e+01
4.805000e-05	-5.143539e-03	1.101892e+01
4.806000e-05	-1.081033e-02	1.104108e+01
4.807000e-05	-9.769566e-03	1.107216e+01
4.808000e-05	-8.441639e-03	1.111371e+01
4.809000e-05	-9.910644e-03	1.111529e+01
4.810000e-05	-1.060786e-02	1.114592e+01
4.811000e-05	-1.040141e-02	1.117689e+01
4.812000e-05	-7.675696e-03	1.118889e+01
4.813000e-05	-6.612475e-03	1.117997e+01
4.814000e-05	-9.685608e-03	1.119195e+01
4.815000e-05	-1.234032e-02	1.121805e+01
4.816000e-05	-1.053064e-02	1.122102e+01
4.817000e-05	-1.051288e-02	1.121008e+01
4.818000e-05	-8.715505e-03	1.117853e+01
4.819000e-05	-1.152439e-02	1.118792e+01
4.820000e-05	-1.018387e-02	1.114792e+01
4.821000e-05	-1.028632e-02	1.114534e+01
4.822000e-05	-1.036391e-02	1.107534e+01
4.823000e-05	-1.150174e-02	1.108179e+01
4.824000e-05	-1.197519e-02	1.103218e+01
4.825000e-05	-1.011668e-02	1.101158e+01
4.826000e-05	-8.479319e-03	1.095892e+01
4.827000e-05	-9.622984e-03	1.090479e+01
4.828000e-05	-1.206794e-02	1.086327e+01
4.829000e-05	-1.205703e-02	1.077994e+01
4.830000e-05	-9.899584e-03	1.072533e+01
4.831000e-05	-1.311602e-02	1.061965e+01
4.832000e-05	-1.087497e-02	1.056732e+01
4.833000e-05	-1.433754e-02	1.050273e+01
4.834000e-05	-8.557542e-03	1.039759e+01
4.835000e-05	-1.052526e-02	1.030376e+01
4.836000e-05	-8.684837e-03	1.023155e+01
4.837000e-05	-1.252188e-02	1.013534e+01
4.838000e-05	-1.078711e-02	1.007105e+01
4.839000e-05	-1.335490e-02	9.986844e+00
4.840000e-05	-1.056775e-02	9.861024e+00
4.841000e-05	-1.468773e-02	9.793792e+00
4.842000e-05	-1.111045e-02	9.627941e+00
4.843000e-05	-1.156528e-02	9.552206e+00
4.844000e-05	-9.227059e-03	9.426415e+00
4.845000e-05	-1.058509e-02	9.312125e+00
4.846000e-05	-1.301464e-02	9.193759e+00
4.847000e-05	-1.245306e-02	9.064390e+00
4.848000e-05	-1.256505e-02	8.938048e+00
4.849000e-05	-1.121697e-02	8.779659e+00
4.850000e-05	-1.262748e-02	8.645309e+00
4.851000e-05	-1.152387e-02	8.481043e+00
4.852000e-05	-1.045127e-02	8.400128e+00
4.853000e-05	-9.409012e-03	8.212778e+00
4.854000e-05	-1.041434e-02	8.065711e+00
4.855000e-05	-1.081981e-02	7.907391e+00
4.856000e-05	-1.188490e-02	7.781125e+00
4.857000e-05	-1.003735e-02	7.640677e+00
4.858000e-05	-1.043329e-02	7.432204e+00
4.859000e-05	-1.165185e-02	7.280683e+00
4.860000e-05	-1.104239e-02	7.125763e+00
4.861000e-05	-1.059422e-02	6.935835e+00
4.862000e-05	-8.418781e-03	6.743711e+00
4.863000e-05	-9.677972e-03	6.554311e+00
4.864000e-05	-9.203732e-03	6.395890e+00
4.865000e-05	-9.665840e-03	6.225915e+00
4.866000e-05	-8.300479e-03	6.013365e+00
4.867000e-05	-8.064268e-03	5.865841e+00
4.868000e-05	-8.644299e-03	5.655440e+00
4.869000e-05	-8.102886e-03	5.497946e+00
4.870000e-05	-7.148040e-03	5.317916e+00
4.871000e-05	-6.528636e-03	5.117340e+00
4.872000e-05	-7.490620e-03	4.904938e+00
4.873000e-05	-8.905811e-03	4.674255e+00
4.874000e-05	-8.199415e-03	4.469101e+00
4.875000e-05	-7.478912e-03	4.250050e+00
4.876000e-05	-7.123345e-03	4.061103e+00
4.877000e-05	-7.470040e-03	3.870548e+00
4.878000e-05	-7.128234e-03	3.677890e+00
4.879000e-05	-4.898586e-03	3.448392e+00
4.880000e-05	-6.357194e-03	3.267469e+00
4.881000e-05	-8.197743e-03	3.014288e+00
4.882000e-05	-8.211894e-03	2.802883e+00
4.883000e-05	-5.296969e-03	2.613812e+00
4.884000e-05	-3.758659e-03	2.465334e+00
4.885000e-05	-6.939196e-03	2.199076e+00
4.886000e-05	-6.133001e-03	1.969020e+00
4.887000e-05	-3.608026e-03	1.809046e+00
4.888000e-05	-3.267032e-03	1.565461e+00
4.889000e-05	-4.160116e-03	1.323911e+00
4.890000e-05	-5.701226e-03	1.133732e+00
4.891000e-05	-7.950802e-03	8.687214e-01
4.892000e-05	-8.391096e-03	6.584171e-01
4.893000e-05	3.432958e-05	4.264382e-01
4.894000e-05	-7.605118e-03	2.479669e-01
4.895000e-05	-2.409657e-03	1.283152e-02
4.896000e-05	-5.312262e-04	-2.272435e-01
4.897000e-05	5.609765e-03	-4.077947e-01
4.898000e-05	-1.640699e-03	-6.072749e-01
4.899000e-05	2.317200e-04	-8.005039e-01
4.900000e-05	-5.248714e-03	-9.904488e-01
4.901000e-05	-2.727289e-03	-1.188429e+00
4.902000e-05	-8.155087e-04	-1.442987e+00
4.903000e-05	2.439222e-02	-1.583630e+00
4.904000e-05	7.747781e-02	-1.793082e+00
4.905000e-05	-1.982824e-02	-2.067212e+00
4.906000e-05	-3.953969e-02	-2.394161e+00
4.907000e-05	-3.014447e-02	-2.608843e+00
4.908000e-05	-7.427975e-02	-2.784693e+00
4.909000e-05	1.018384e-02	-2.928293e+00
4.910000e-05	8.211919e-02	-3.040524e+00
4.911000e-05	-8.867432e-02	-3.271429e+00
4.912000e-05	6.343923e-02	-3.444632e+00
4.913000e-05	3.409960e-02	-3.682680e+00
4.914000e-05	-1.033811e-01	-3.897691e+00
4.915000e-05	1.062746e-01	-4.097293e+00
4.916000e-05	-8.766770e-02	-4.244112e+00
4.917000e-05	-1.722500e-02	-4.498423e+00
4.918000e-05	8.318750e-02	-4.657867e+00
4.919000e-05	-5.791596e-02	-4.938450e+00
4.920000e-05	8.191326e-02	-5.164737e+00
4.921000e-05	-4.150037e-02	-5.333057e+00
4.922000e-05	-3.191612e-02	-5.555163e+00
4.923000e-05	3.691555e-02	-5.732057e+00
4.924000e-05	-4.909154e-02	-5.965637e+00
4.925000e-05	5.999715e-02	-6.094736e+00
4.926000e-05	-4.877361e-02	-6.285110e+00
4.927000e-05	5.098776e-02	-6.505606e+00
4.928000e-05	4.449739e-03	-6.665162e+00
4.929000e-05	-4.826624e-02	-6.885769e+00
4.930000e-05	4.852843e-02	-7.033637e+00
4.931000e-05	-6.169733e-02	-7.233636e+00
4.932000e-05	6.328143e-02	-7.415695e+00
4.933000e-05	-1.850402e-02	-7.563209e+00
4.934000e-05	8.655717e-03	-7.752585e+00
4.935000e-05	-1.836599e-03	-7.839876e+00
4.936000e-05	-1.747208e-02	-8.087898e+00
4.937000e-05	3.764510e-02	-8.197875e+00
4.938000e-05	-3.362222e-02	-8.374238e+00
4.939000e-05	2.762818e-02	-8.493109e+00
4.940000e-05	-2.279591e-02	-8.639850e+00
4.941000e-05	2.367850e-02	-8.767944e+00
4.942000e-05	2.424621e-03	-8.886741e+00
4.943000e-05	-1.091161e-02	-9.052584e+00
4.944000e-05	8.604066e-03	-9.149895e+00
4.945000e-05	-6.451100e-03	-9.274736e+00
4.946000e-05	2.032456e-02	-9.391108e+00
4.947000e-05	-1.171454e-02	-9.538421e+00
4.948000e-05	7.654170e-03	-9.677764e+00
4.949000e-05	-6.588029e-03	-9.771504e+00
4.950000e-05	1.511369e-02	-9.876441e+00
4.951000e-05	1.148504e-03	-9.971607e+00
4.952000e-05	-1.523751e-03	-1.005790e+01
4.953000e-05	-8.089342e-04	-1.012051e+01
4.954000e-05	2.688995e-03	-1.023790e+01
4.955000e-05	7.174923e-03	-1.033253e+01
4.956000e-05	-3.070984e-03	-1.042797e+01
4.957000e-05	3.578866e-03	-1.053270e+01
4.958000e-05	6.367709e-04	-1.060729e+01
4.959000e-05	1.243639e-02	-1.066261e+01
4.960000e-05	-1.088206e-03	-1.074576e+01
4.961000e-05	5.099277e-04	-1.081045e+01
4.962000e-05	-2.441860e-03	-1.090056e+01
4.963000e-05	7.495284e-03	-1.090787e+01
4.964000e-05	5.935800e-03	-1.101895e+01
4.965000e-05	1.356915e-03	-1.105311e+01
4.966000e-05	-2.379509e-06	-1.113631e+01
4.967000e-05	2.352261e-03	-1.117942e+01
4.968000e-05	6.790507e-03	-1.118850e+01
4.969000e-05	1.500003e-04	-1.124061e+01
4.970000e-05	2.827510e-03	-1.125468e+01
4.971000e-05	8.232259e-04	-1.125364e+01
4.972000e-05	6.530432e-03	-1.128439e+01
4.973000e-05	4.964742e-03	-1.128629e+01
4.974000e-05	-2.844744e-04	-1.130689e+01
4.975000e-05	9.034903e-04	-1.128689e+01
4.976000e-05	4.994586e-03	-1.129572e+01
4.977000e-05	5.418724e-03	-1.126684e+01
4.978000e-05	4.591444e-03	-1.130527e+01
4.979000e-05	1.204604e-03	-1.125584e+01
4.980000e-05	4.348531e-03	-1.125429e+01
4.981000e-05	4.594002e-03	-1.122324e+01
4.982000e-05	2.885487e-03	-1.122266e+01
4.983000e-05	1.558074e-03	-1.118158e+01
4.984000e-05	2.299109e-03	-1.121798e+01
4.985000e-05	5.695746e-03	-1.109687e+01
4.986000e-05	5.667052e-03	-1.105379e+01
4.987000e-05	3.106050e-03	-1.102165e+01
4.988000e-05	2.402063e-03	-1.098997e+01
4.989000e-05	3.469270e-03	-1.093626e+01
4.990000e-05	4.541145e-03	-1.084353e+01
4.991000e-05	3.694460e-03	-1.076748e+01
4.992000e-05	2.701114e-03	-1.068376e+01
4.993000e-05	3.148326e-03	-1.056947e+01
4.994000e-05	4.533669e-03	-1.051471e+01
4.995000e-05	3.865218e-03	-1.042857e+01
4.996000e-05	3.152026e-03	-1.033684e+01
4.997000e-05	3.459177e-03	-1.023060e+01
4.998000e-05	3.783624e-03	-1.018577e+01
4.999000e-05	4.760272e-03	-1.008063e+01
