# 260826_11:40:20.699412
t	CH1	CH2
0.000000e+00	1.226509e-02	4.949699e+00
1.000000e-08	-1.633923e-02	5.169279e+00
2.000000e-08	1.565472e-02	5.357795e+00
3.000000e-08	-7.733832e-03	5.505136e+00
4.000000e-08	-1.885266e-02	5.619504e+00
5.000000e-08	7.791242e-03	5.808900e+00
6.000000e-08	-3.904674e-02	5.927397e+00
7.000000e-08	1.082748e-02	6.094613e+00
8.000000e-08	7.896036e-03	6.193006e+00
9.000000e-08	-1.103984e-02	6.388795e+00
1.000000e-07	-3.465787e-03	6.496038e+00
1.100000e-07	-2.154074e-02	6.624509e+00
1.200000e-07	-1.414354e-03	6.811951e+00
1.300000e-07	-1.131678e-02	6.947188e+00
1.400000e-07	-5.886209e-03	7.053112e+00
1.500000e-07	-1.047090e-02	7.258851e+00
1.600000e-07	-7.930830e-03	7.348276e+00
1.700000e-07	7.182162e-03	7.456113e+00
1.800000e-07	-1.344930e-02	7.632555e+00
1.900000e-07	-1.300219e-02	7.751424e+00
2.000000e-07	-1.964791e-02	7.987750e+00
2.100000e-07	-6.852997e-03	8.064632e+00
2.200000e-07	-2.416238e-03	8.190426e+00
2.300000e-07	-7.917225e-03	8.285663e+00
2.400000e-07	-9.241514e-03	8.410999e+00
2.500000e-07	-9.922548e-03	8.507190e+00
2.600000e-07	-2.512007e-03	8.612455e+00
2.700000e-07	-1.104589e-02	8.695591e+00
2.800000e-07	-1.615202e-02	8.811949e+00
2.900000e-07	-1.701619e-02	8.918768e+00
3.000000e-07	-9.154523e-03	8.982980e+00
3.100000e-07	-5.661737e-03	9.128391e+00
3.200000e-07	-9.064780e-03	9.202533e+00
3.300000e-07	-1.380296e-02	9.289791e+00
3.400000e-07	-1.281160e-02	9.411455e+00
3.500000e-07	-9.635196e-03	9.506790e+00
3.600000e-07	-1.157233e-02	9.591954e+00
3.700000e-07	-1.536054e-02	9.686267e+00
3.800000e-07	-1.588980e-02	9.722376e+00
3.900000e-07	-1.112856e-02	9.876212e+00
4.000000e-07	-8.725243e-03	9.949447e+00
4.100000e-07	-1.301510e-02	1.006414e+01
4.200000e-07	-1.818471e-02	1.011937e+01
4.300000e-07	-1.640787e-02	1.020250e+01
4.400000e-07	-1.168482e-02	1.026629e+01
4.500000e-07	-1.200607e-02	1.037992e+01
4.600000e-07	-1.716150e-02	1.045416e+01
4.700000e-07	-1.688489e-02	1.047834e+01
4.800000e-07	-1.469666e-02	1.056348e+01
4.900000e-07	-1.395412e-02	1.061616e+01
5.000000e-07	-1.738645e-02	1.071829e+01
5.100000e-07	-2.128203e-02	1.078945e+01
5.200000e-07	-1.722628e-02	1.084463e+01
5.300000e-07	-1.398889e-02	1.089678e+01
5.400000e-07	-1.416423e-02	1.093042e+01
5.500000e-07	-1.969391e-02	1.099153e+01
5.600000e-07	-2.076632e-02	1.104408e+01
5.700000e-07	-2.003614e-02	1.109668e+01
5.800000e-07	-1.704740e-02	1.112791e+01
5.900000e-07	-2.046115e-02	1.109937e+01
6.000000e-07	-2.170489e-02	1.123160e+01
6.100000e-07	-2.063559e-02	1.120456e+01
6.200000e-07	-1.843331e-02	1.124661e+01
6.300000e-07	-1.925630e-02	1.126831e+01
6.400000e-07	-2.385740e-02	1.129929e+01
6.500000e-07	-2.404548e-02	1.132937e+01
6.600000e-07	-2.362029e-02	1.132103e+01
6.700000e-07	-2.092122e-02	1.137253e+01
6.800000e-07	-2.291776e-02	1.136362e+01
6.900000e-07	-2.516231e-02	1.139566e+01
7.000000e-07	-2.611192e-02	1.139656e+01
7.100000e-07	-2.415509e-02	1.140518e+01
7.200000e-07	-2.462351e-02	1.141620e+01
7.300000e-07	-2.726357e-02	1.139473e+01
7.400000e-07	-2.870704e-02	1.140776e+01
7.500000e-07	-2.784375e-02	1.143828e+01
7.600000e-07	-2.713457e-02	1.141626e+01
7.700000e-07	-2.907317e-02	1.137678e+01
7.800000e-07	-3.184101e-02	1.139561e+01
7.900000e-07	-3.325510e-02	1.141660e+01
8.000000e-07	-3.183973e-02	1.138565e+01
8.100000e-07	-3.262351e-02	1.137455e+01
8.200000e-07	-3.499839e-02	1.138444e+01
8.300000e-07	-3.760224e-02	1.133242e+01
8.400000e-07	-3.672842e-02	1.129042e+01
8.500000e-07	-3.612724e-02	1.130976e+01
8.600000e-07	-3.803417e-02	1.125678e+01
8.700000e-07	-4.132800e-02	1.117373e+01
8.800000e-07	-4.263446e-02	1.119452e+01
8.900000e-07	-4.177920e-02	1.116244e+01
9.000000e-07	-4.090448e-02	1.106694e+01
9.100000e-07	-4.488226e-02	1.108576e+01
9.200000e-07	-4.719584e-02	1.097363e+01
9.300000e-07	-4.961319e-02	1.096213e+01
9.400000e-07	-4.822859e-02	1.094994e+01
9.500000e-07	-5.149346e-02	1.086729e+01
9.600000e-07	-5.343506e-02	1.084473e+01
9.700000e-07	-5.673540e-02	1.079412e+01
9.800000e-07	-5.523019e-02	1.067946e+01
9.900000e-07	-5.586826e-02	1.065531e+01
1.000000e-06	-5.549598e-02	1.056508e+01
1.010000e-06	-5.519704e-02	1.051152e+01
1.020000e-06	-5.279991e-02	1.041820e+01
1.030000e-06	-4.863075e-02	1.035312e+01
1.040000e-06	-4.670863e-02	1.024884e+01
1.050000e-06	-4.450343e-02	1.021280e+01
1.060000e-06	-4.247825e-02	1.015104e+01
1.070000e-06	-4.014327e-02	1.006741e+01
1.080000e-06	-3.744516e-02	1.002217e+01
1.090000e-06	-3.373970e-02	9.861461e+00
1.100000e-06	-3.300676e-02	9.773730e+00
1.110000e-06	-3.040095e-02	9.721566e+00
1.120000e-06	-2.901014e-02	9.646254e+00
1.130000e-06	-2.760320e-02	9.509994e+00
1.140000e-06	-2.681245e-02	9.435254e+00
1.150000e-06	-2.599404e-02	9.351042e+00
1.160000e-06	-2.413550e-02	9.286387e+00
1.170000e-06	-2.310708e-02	9.132597e+00
1.180000e-06	-2.148297e-02	9.036285e+00
1.190000e-06	-2.144792e-02	8.940644e+00
1.200000e-06	-2.045725e-02	8.876304e+00
1.210000e-06	-1.992586e-02	8.709412e+00
1.220000e-06	-1.833883e-02	8.594674e+00
1.230000e-06	-1.889646e-02	8.517911e+00
1.240000e-06	-1.779818e-02	8.433649e+00
1.250000e-06	-1.694762e-02	8.247410e+00
1.260000e-06	-1.647047e-02	8.194573e+00
1.270000e-06	-1.588043e-02	7.996358e+00
1.280000e-06	-1.603570e-02	7.939466e+00
1.290000e-06	-1.616023e-02	7.784700e+00
1.300000e-06	-1.431905e-02	7.677861e+00
1.310000e-06	-1.335955e-02	7.531542e+00
1.320000e-06	-1.348355e-02	7.372721e+00
1.330000e-06	-1.350619e-02	7.275855e+00
1.340000e-06	-1.334695e-02	7.098914e+00
1.350000e-06	-1.166219e-02	6.963648e+00
1.360000e-06	-1.246235e-02	6.866309e+00
1.370000e-06	-1.275147e-02	6.759967e+00
1.380000e-06	-1.261676e-02	6.572776e+00
1.390000e-06	-1.127463e-02	6.445828e+00
1.400000e-06	-1.063225e-02	6.288362e+00
1.410000e-06	-1.067698e-02	6.141617e+00
1.420000e-06	-1.058290e-02	6.065230e+00
1.430000e-06	-1.000824e-02	5.919488e+00
1.440000e-06	-1.005669e-02	5.741088e+00
1.450000e-06	-1.030059e-02	5.591676e+00
1.460000e-06	-9.915009e-03	5.434328e+00
1.470000e-06	-9.877525e-03	5.297962e+00
1.480000e-06	-9.750609e-03	5.087495e+00
1.490000e-06	-9.142669e-03	4.940490e+00
1.500000e-06	-8.722240e-03	4.790512e+00
1.510000e-06	-8.786829e-03	4.593748e+00
1.520000e-06	-8.198166e-03	4.454907e+00
1.530000e-06	-8.363929e-03	4.318938e+00
1.540000e-06	-7.318400e-03	4.131090e+00
1.550000e-06	-8.246535e-03	3.990644e+00
1.560000e-06	-7.227740e-03	3.833301e+00
1.570000e-06	-7.652501e-03	3.676834e+00
1.580000e-06	-7.500183e-03	3.539015e+00
1.590000e-06	-7.357819e-03	3.330087e+00
1.600000e-06	-6.480126e-03	3.190646e+00
1.610000e-06	-7.152583e-03	3.023176e+00
1.620000e-06	-6.479184e-03	2.897287e+00
1.630000e-06	-7.508170e-03	2.720018e+00
1.640000e-06	-6.378953e-03	2.548612e+00
1.650000e-06	-6.093101e-03	2.341546e+00
1.660000e-06	-5.614707e-03	2.202671e+00
1.670000e-06	-5.934585e-03	2.085730e+00
1.680000e-06	-5.809408e-03	1.909914e+00
1.690000e-06	-6.356024e-03	1.719862e+00
1.700000e-06	-6.686060e-03	1.570568e+00
1.710000e-06	-6.074797e-03	1.393122e+00
1.720000e-06	-5.658585e-03	1.231751e+00
1.730000e-06	-5.152927e-03	1.022225e+00
1.740000e-06	-5.246444e-03	8.138225e-01
1.750000e-06	-5.466757e-03	6.948305e-01
1.760000e-06	-5.591488e-03	4.973343e-01
1.770000e-06	-5.052435e-03	3.290410e-01
1.780000e-06	-4.692758e-03	1.906423e-01
1.790000e-06	-5.915356e-03	1.148550e-03
1.800000e-06	-2.178748e-03	-1.657235e-01
1.810000e-06	2.583187e-03	-3.441657e-01
1.820000e-06	5.230065e-04	-4.804814e-01
1.830000e-06	1.132606e-03	-6.714054e-01
1.840000e-06	-1.285522e-03	-7.873790e-01
1.850000e-06	4.392805e-05	-9.871973e-01
1.860000e-06	-3.956036e-05	-1.062563e+00
1.870000e-06	1.689173e-02	-1.250483e+00
1.880000e-06	8.554423e-02	-1.440938e+00
1.890000e-06	1.312214e-02	-1.702091e+00
1.900000e-06	-2.701235e-02	-1.925648e+00
1.910000e-06	-4.956859e-02	-2.135700e+00
1.920000e-06	-8.824578e-02	-2.326690e+00
1.930000e-06	1.124048e-01	-2.318874e+00
1.940000e-06	-2.590069e-02	-2.471459e+00
1.950000e-06	-9.263134e-02	-2.715667e+00
1.960000e-06	1.587470e-01	-2.788924e+00
1.970000e-06	-5.332599e-02	-2.955170e+00
1.980000e-06	-6.248831e-02	-3.188802e+00
1.990000e-06	1.138009e-01	-3.286217e+00
2.000000e-06	-1.013953e-01	-3.463093e+00
2.010000e-06	-9.252714e-03	-3.602557e+00
2.020000e-06	7.298597e-02	-3.807316e+00
2.030000e-06	-6.527471e-02	-3.987779e+00
2.040000e-06	1.171300e-01	-4.156821e+00
2.050000e-06	-4.211523e-02	-4.272592e+00
2.060000e-06	-4.144736e-02	-4.412533e+00
2.070000e-06	7.333149e-02	-4.539843e+00
2.080000e-06	-8.427319e-02	-4.786697e+00
2.090000e-06	6.766366e-02	-4.925692e+00
2.100000e-06	-7.548901e-03	-5.051557e+00
2.110000e-06	-3.259761e-04	-5.199930e+00
2.120000e-06	4.783146e-02	-5.380803e+00
2.130000e-06	-5.438951e-02	-5.599827e+00
2.140000e-06	5.959659e-02	-5.706792e+00
2.150000e-06	-5.330201e-02	-5.843012e+00
2.160000e-06	1.810549e-02	-5.977951e+00
2.170000e-06	4.744675e-02	-6.137702e+00
2.180000e-06	-3.737165e-02	-6.285646e+00
2.190000e-06	5.961241e-02	-6.443611e+00
2.200000e-06	-4.768792e-02	-6.578854e+00
2.210000e-06	3.421655e-02	-6.737296e+00
2.220000e-06	7.841467e-04	-6.884589e+00
2.230000e-06	-1.160562e-02	-7.012101e+00
2.240000e-06	3.109278e-02	-7.149975e+00
2.250000e-06	-2.381392e-02	-7.315170e+00
2.260000e-06	4.998409e-02	-7.432581e+00
2.270000e-06	-1.918549e-02	-7.600456e+00
2.280000e-06	1.481626e-02	-7.709322e+00
2.290000e-06	-2.770489e-03	-7.854613e+00
2.300000e-06	8.501142e-04	-8.011009e+00
2.310000e-06	2.632403e-02	-8.097741e+00
2.320000e-06	-1.171419e-02	-8.244534e+00
2.330000e-06	2.279950e-02	-8.367873e+00
2.340000e-06	-4.407293e-03	-8.455110e+00
2.350000e-06	2.352861e-02	-8.580981e+00
2.360000e-06	6.146992e-04	-8.726312e+00
2.370000e-06	1.204637e-03	-8.813559e+00
2.380000e-06	5.727922e-03	-8.919372e+00
2.390000e-06	5.555050e-03	-9.033109e+00
2.400000e-06	1.925009e-02	-9.098733e+00
2.410000e-06	9.436214e-05	-9.224559e+00
2.420000e-06	1.127659e-02	-9.298767e+00
2.430000e-06	3.062145e-03	-9.393082e+00
2.440000e-06	1.561537e-02	-9.537894e+00
2.450000e-06	4.579243e-03	-9.612106e+00
2.460000e-06	6.736889e-03	-9.727321e+00
2.470000e-06	5.904578e-03	-9.782478e+00
2.480000e-06	1.174960e-02	-9.845710e+00
2.490000e-06	1.397593e-02	-9.959421e+00
2.500000e-06	7.259198e-03	-1.002464e+01
2.510000e-06	9.171757e-03	-1.011932e+01
2.520000e-06	4.940842e-03	-1.019560e+01
2.530000e-06	1.472374e-02	-1.026776e+01
2.540000e-06	9.866008e-03	-1.039200e+01
2.550000e-06	1.098085e-02	-1.045621e+01
2.560000e-06	7.923600e-03	-1.051945e+01
2.570000e-06	1.307522e-02	-1.060203e+01
2.580000e-06	1.347703e-02	-1.064521e+01
2.590000e-06	9.919410e-03	-1.073834e+01
2.600000e-06	7.922497e-03	-1.080900e+01
2.610000e-06	1.115887e-02	-1.084416e+01
2.620000e-06	1.597128e-02	-1.087774e+01
2.630000e-06	1.305773e-02	-1.091834e+01
2.640000e-06	1.281375e-02	-1.098248e+01
2.650000e-06	1.081808e-02	-1.104423e+01
2.660000e-06	1.349177e-02	-1.107924e+01
2.670000e-06	1.270356e-02	-1.111792e+01
2.680000e-06	1.362257e-02	-1.118003e+01
2.690000e-06	1.387370e-02	-1.121513e+01
2.700000e-06	1.472501e-02	-1.125566e+01
2.710000e-06	1.601590e-02	-1.127777e+01
2.720000e-06	1.531215e-02	-1.132980e+01
2.730000e-06	1.500472e-02	-1.132097e+01
2.740000e-06	1.429907e-02	-1.137053e+01
2.750000e-06	1.673274e-02	-1.142258e+01
2.760000e-06	1.863787e-02	-1.143616e+01
2.770000e-06	1.814922e-02	-1.147576e+01
2.780000e-06	1.689190e-02	-1.144774e+01
2.790000e-06	1.856405e-02	-1.144934e+01
2.800000e-06	1.895768e-02	-1.147976e+01
2.810000e-06	2.002265e-02	-1.152992e+01
2.820000e-06	1.900212e-02	-1.152042e+01
2.830000e-06	2.040073e-02	-1.154039e+01
2.840000e-06	2.175428e-02	-1.149099e+01
2.850000e-06	2.375778e-02	-1.151892e+01
2.860000e-06	2.289282e-02	-1.152042e+01
2.870000e-06	2.273714e-02	-1.148944e+01
2.880000e-06	2.352183e-02	-1.146929e+01
2.890000e-06	2.571103e-02	-1.150838e+01
2.900000e-06	2.715430e-02	-1.147781e+01
2.910000e-06	2.700337e-02	-1.143476e+01
2.920000e-06	2.730379e-02	-1.142526e+01
2.930000e-06	2.909699e-02	-1.136465e+01
2.940000e-06	3.107936e-02	-1.132065e+01
2.950000e-06	3.097178e-02	-1.128992e+01
2.960000e-06	3.125420e-02	-1.126829e+01
2.970000e-06	3.177448e-02	-1.126843e+01
2.980000e-06	3.380656e-02	-1.124571e+01
2.990000e-06	3.462519e-02	-1.114508e+01
3.000000e-06	3.609974e-02	-1.112105e+01
3.010000e-06	3.690301e-02	-1.110929e+01
3.020000e-06	4.010992e-02	-1.103588e+01
3.030000e-06	4.218547e-02	-1.099158e+01
3.040000e-06	4.347034e-02	-1.091100e+01
3.050000e-06	4.390905e-02	-1.087891e+01
3.060000e-06	4.586010e-02	-1.084523e+01
3.070000e-06	4.603459e-02	-1.081360e+01
3.080000e-06	4.707073e-02	-1.076002e+01
3.090000e-06	4.784678e-02	-1.068789e+01
3.100000e-06	4.808525e-02	-1.062573e+01
3.110000e-06	4.703978e-02	-1.061210e+01
3.120000e-06	4.556004e-02	-1.051049e+01
3.130000e-06	4.206101e-02	-1.044776e+01
3.140000e-06	3.985204e-02	-1.039307e+01
3.150000e-06	3.711815e-02	-1.026899e+01
3.160000e-06	3.368205e-02	-1.018425e+01
3.170000e-06	3.151246e-02	-1.011000e+01
3.180000e-06	2.937506e-02	-1.003621e+01
3.190000e-06	2.836913e-02	-9.950570e+00
3.200000e-06	2.404201e-02	-9.846810e+00
3.210000e-06	2.059864e-02	-9.764174e+00
3.220000e-06	1.903878e-02	-9.730965e+00
3.230000e-06	1.891515e-02	-9.593758e+00
3.240000e-06	1.839657e-02	-9.549541e+00
3.250000e-06	1.634171e-02	-9.404258e+00
3.260000e-06	1.378731e-02	-9.330044e+00
3.270000e-06	1.370512e-02	-9.246701e+00
3.280000e-06	1.394158e-02	-9.079967e+00
3.290000e-06	1.113115e-02	-9.001725e+00
3.300000e-06	8.739073e-03	-8.899366e+00
3.310000e-06	1.060692e-02	-8.805157e+00
3.320000e-06	9.376601e-03	-8.677914e+00
3.330000e-06	9.521268e-03	-8.563222e+00
3.340000e-06	6.135018e-03	-8.477307e+00
3.350000e-06	6.049839e-03	-8.309967e+00
3.360000e-06	5.476496e-03	-8.205231e+00
3.370000e-06	6.621918e-03	-8.098438e+00
3.380000e-06	6.016091e-03	-7.975130e+00
3.390000e-06	5.507114e-03	-7.818413e+00
3.400000e-06	5.181071e-03	-7.719966e+00
3.410000e-06	5.222602e-03	-7.543220e+00
3.420000e-06	3.661339e-03	-7.435807e+00
3.430000e-06	1.524353e-03	-7.298389e+00
3.440000e-06	9.801974e-04	-7.202125e+00
3.450000e-06	2.645526e-03	-7.035832e+00
3.460000e-06	3.486379e-03	-6.908888e+00
3.470000e-06	3.459481e-03	-6.750096e+00
3.480000e-06	1.419313e-03	-6.614756e+00
3.490000e-06	1.792149e-03	-6.509387e+00
3.500000e-06	1.238649e-03	-6.422149e+00
3.510000e-06	-1.837986e-04	-6.234877e+00
3.520000e-06	-7.323504e-04	-6.076933e+00
3.530000e-06	-1.401008e-03	-5.927518e+00
3.540000e-06	-2.006005e-04	-5.814702e+00
3.550000e-06	4.565873e-04	-5.635782e+00
3.560000e-06	2.346258e-05	-5.488463e+00
3.570000e-06	-2.051594e-03	-5.308967e+00
3.580000e-06	-1.431094e-03	-5.121042e+00
3.590000e-06	-1.556653e-03	-4.982149e+00
3.600000e-06	-7.552406e-04	-4.762645e+00
3.610000e-06	-2.932883e-03	-4.612247e+00
3.620000e-06	-3.874433e-03	-4.458863e+00
3.630000e-06	-3.301327e-03	-4.339496e+00
3.640000e-06	-1.571916e-03	-4.212678e+00
3.650000e-06	-2.673352e-03	-4.045784e+00
3.660000e-06	-3.853416e-03	-3.947469e+00
3.670000e-06	-4.555891e-03	-3.729064e+00
3.680000e-06	-4.306855e-03	-3.560545e+00
3.690000e-06	-4.033368e-03	-3.434129e+00
3.700000e-06	-4.512539e-03	-3.265335e+00
3.710000e-06	-4.852308e-03	-3.128466e+00
3.720000e-06	-5.386866e-03	-2.916962e+00
3.730000e-06	-4.485438e-03	-2.769021e+00
3.740000e-06	-4.366396e-03	-2.623177e+00
3.750000e-06	-5.751982e-03	-2.444853e+00
3.760000e-06	-5.888031e-03	-2.327814e+00
3.770000e-06	-5.837887e-03	-2.105436e+00
3.780000e-06	-4.453372e-03	-1.959046e+00
3.790000e-06	-4.863142e-03	-1.791155e+00
3.800000e-06	-6.732759e-03	-1.633679e+00
3.810000e-06	-7.867852e-03	-1.455413e+00
3.820000e-06	-6.243853e-03	-1.233277e+00
3.830000e-06	-5.589742e-03	-1.085312e+00
3.840000e-06	-5.826462e-03	-9.079157e-01
3.850000e-06	-7.049537e-03	-7.789922e-01
3.860000e-06	-6.907249e-03	-5.301950e-01
3.870000e-06	-6.207211e-03	-4.106001e-01
3.880000e-06	-7.145985e-03	-2.437277e-01
3.890000e-06	-7.367486e-03	-6.641184e-02
3.900000e-06	-4.337269e-03	7.103021e-02
3.910000e-06	-9.275828e-05	2.725118e-01
3.920000e-06	-1.515893e-03	4.114988e-01
3.930000e-06	2.888944e-04	5.767711e-01
3.940000e-06	-3.419189e-03	7.156159e-01
3.950000e-06	-3.944842e-03	8.424040e-01
3.960000e-06	-3.388490e-03	1.054483e+00
3.970000e-06	7.589237e-03	1.249454e+00
3.980000e-06	4.746245e-02	1.388976e+00
3.990000e-06	5.325998e-02	1.651492e+00
4.000000e-06	-2.942780e-02	1.864038e+00
4.010000e-06	-3.638437e-02	2.010478e+00
4.020000e-06	-7.158364e-02	2.178348e+00
4.030000e-06	-5.058524e-02	2.266080e+00
4.040000e-06	9.197573e-02	2.409878e+00
4.050000e-06	-7.136234e-02	2.640908e+00
4.060000e-06	-3.920282e-02	2.757350e+00
4.070000e-06	1.271608e-01	2.894616e+00
4.080000e-06	-6.885664e-02	3.105192e+00
4.090000e-06	-7.078573e-03	3.199926e+00
4.100000e-06	3.793597e-02	3.409254e+00
4.110000e-06	-8.785834e-02	3.578370e+00
4.120000e-06	1.787648e-02	3.695686e+00
4.130000e-06	2.648156e-02	3.885191e+00
4.140000e-06	-1.573196e-02	4.022506e+00
4.150000e-06	3.666558e-02	4.180876e+00
4.160000e-06	-4.503923e-02	4.378795e+00
4.170000e-06	-2.174100e-03	4.516740e+00
4.180000e-06	-5.200250e-03	4.664120e+00
4.190000e-06	-1.544783e-02	4.862980e+00
4.200000e-06	6.078360e-03	4.992928e+00
4.210000e-06	-8.573653e-03	5.232909e+00
4.220000e-06	1.721150e-02	5.390429e+00
4.230000e-06	-2.110531e-02	5.546718e+00
4.240000e-06	-3.881458e-03	5.654138e+00
4.250000e-06	-6.881716e-03	5.821857e+00
4.260000e-06	-3.485939e-02	5.981875e+00
4.270000e-06	2.258340e-02	6.116715e+00
4.280000e-06	-2.752069e-03	6.233614e+00
4.290000e-06	-5.506520e-03	6.380449e+00
4.300000e-06	-7.163251e-03	6.527747e+00
4.310000e-06	-1.891161e-02	6.675663e+00
4.320000e-06	7.900164e-04	6.842109e+00
4.330000e-06	-1.677356e-02	6.969320e+00
4.340000e-06	-2.704486e-03	7.097291e+00
4.350000e-06	-1.722760e-02	7.243028e+00
4.360000e-06	1.942019e-03	7.380375e+00
4.370000e-06	1.915873e-03	7.517775e+00
4.380000e-06	-1.524883e-02	7.674661e+00
4.390000e-06	-1.326078e-02	7.811575e+00
4.400000e-06	-1.980937e-02	7.960926e+00
4.410000e-06	-7.037257e-04	8.106738e+00
4.420000e-06	-6.853643e-03	8.192078e+00
4.430000e-06	-7.822072e-03	8.277270e+00
4.440000e-06	-1.378270e-02	8.433057e+00
4.450000e-06	-7.596263e-03	8.528321e+00
4.460000e-06	-4.844031e-03	8.624527e+00
4.470000e-06	-1.384346e-02	8.716816e+00
4.480000e-06	-1.748177e-02	8.853553e+00
4.490000e-06	-1.514405e-02	8.910275e+00
4.500000e-06	-4.772897e-03	9.015107e+00
4.510000e-06	-6.028834e-03	9.159471e+00
4.520000e-06	-1.175498e-02	9.263211e+00
4.530000e-06	-1.704332e-02	9.299422e+00
4.540000e-06	-1.258637e-02	9.425057e+00
4.550000e-06	-1.023126e-02	9.528841e+00
4.560000e-06	-1.289414e-02	9.612030e+00
4.570000e-06	-1.528529e-02	9.697746e+00
4.580000e-06	-1.373197e-02	9.773580e+00
4.590000e-06	-7.387285e-03	9.899262e+00
4.600000e-06	-1.022885e-02	9.982025e+00
4.610000e-06	-1.492951e-02	1.009621e+01
4.620000e-06	-1.982280e-02	1.015097e+01
4.630000e-06	-1.570137e-02	1.021360e+01
4.640000e-06	-1.283757e-02	1.027631e+01
4.650000e-06	-1.253030e-02	1.041165e+01
4.660000e-06	-1.634513e-02	1.046563e+01
4.670000e-06	-1.565755e-02	1.050032e+01
4.680000e-06	-1.305913e-02	1.054360e+01
4.690000e-06	-1.418519e-02	1.063723e+01
4.700000e-06	-1.854112e-02	1.070984e+01
4.710000e-06	-2.163167e-02	1.079208e+01
4.720000e-06	-1.748760e-02	1.088468e+01
4.730000e-06	-1.304945e-02	1.088776e+01
4.740000e-06	-1.508683e-02	1.091942e+01
4.750000e-06	-1.913726e-02	1.097300e+01
4.760000e-06	-2.033943e-02	1.103413e+01
4.770000e-06	-1.785235e-02	1.105679e+01
4.780000e-06	-1.732057e-02	1.110834e+01
4.790000e-06	-2.007306e-02	1.113049e+01
4.800000e-06	-2.174885e-02	1.120255e+01
4.810000e-06	-1.977088e-02	1.122458e+01
4.820000e-06	-1.868673e-02	1.127771e+01
4.830000e-06	-1.962008e-02	1.127791e+01
4.840000e-06	-2.395474e-02	1.129082e+01
4.850000e-06	-2.472119e-02	1.130135e+01
4.860000e-06	-2.196077e-02	1.134347e+01
4.870000e-06	-2.003177e-02	1.135500e+01
4.880000e-06	-2.278066e-02	1.138265e+01
4.890000e-06	-2.585662e-02	1.139356e+01
4.900000e-06	-2.570879e-02	1.140720e+01
4.910000e-06	-2.413481e-02	1.141720e+01
4.920000e-06	-2.470131e-02	1.140563e+01
4.930000e-06	-2.742437e-02	1.141678e+01
4.940000e-06	-2.881297e-02	1.140828e+01
4.950000e-06	-2.823076e-02	1.144626e+01
4.960000e-06	-2.748522e-02	1.141631e+01
4.970000e-06	-2.965614e-02	1.144573e+01
4.980000e-06	-3.297939e-02	1.139576e+01
4.990000e-06	-3.307790e-02	1.141663e+01
5.000000e-06	-3.176900e-02	1.135367e+01
5.010000e-06	-3.308168e-02	1.135305e+01
5.020000e-06	-3.624116e-02	1.129260e+01
5.030000e-06	-3.807275e-02	1.131091e+01
5.040000e-06	-3.719663e-02	1.131937e+01
5.050000e-06	-3.678278e-02	1.123581e+01
5.060000e-06	-3.881426e-02	1.124668e+01
5.070000e-06	-4.153128e-02	1.121318e+01
5.080000e-06	-4.218858e-02	1.116060e+01
5.090000e-06	-4.196474e-02	1.111939e+01
5.100000e-06	-4.316783e-02	1.110778e+01
5.110000e-06	-4.628294e-02	1.105624e+01
5.120000e-06	-4.842882e-02	1.098357e+01
5.130000e-06	-4.941233e-02	1.095155e+01
5.140000e-06	-4.874063e-02	1.093942e+01
5.150000e-06	-5.194290e-02	1.084579e+01
5.160000e-06	-5.481031e-02	1.081515e+01
5.170000e-06	-5.661421e-02	1.077202e+01
5.180000e-06	-5.587327e-02	1.069841e+01
5.190000e-06	-5.595481e-02	1.058618e+01
5.200000e-06	-5.679076e-02	1.054257e+01
5.210000e-06	-5.588081e-02	1.047734e+01
5.220000e-06	-5.236281e-02	1.044480e+01
5.230000e-06	-4.810520e-02	1.031057e+01
5.240000e-06	-4.499722e-02	1.025679e+01
5.250000e-06	-4.512000e-02	1.016520e+01
5.260000e-06	-4.334355e-02	1.013041e+01
5.270000e-06	-3.853420e-02	1.006541e+01
5.280000e-06	-3.519346e-02	9.953072e+00
5.290000e-06	-3.390301e-02	9.876380e+00
5.300000e-06	-3.367246e-02	9.784704e+00
5.310000e-06	-3.037562e-02	9.680368e+00
5.320000e-06	-2.754106e-02	9.592201e+00
5.330000e-06	-2.584838e-02	9.498416e+00
5.340000e-06	-2.625245e-02	9.354200e+00
5.350000e-06	-2.575508e-02	9.299516e+00
5.360000e-06	-2.403695e-02	9.275780e+00
5.370000e-06	-2.033353e-02	9.120491e+00
5.380000e-06	-2.062528e-02	8.984253e+00
5.390000e-06	-2.158610e-02	8.897986e+00
5.400000e-06	-2.129333e-02	8.784224e+00
5.410000e-06	-1.949456e-02	8.676785e+00
5.420000e-06	-1.651767e-02	8.584100e+00
5.430000e-06	-1.716523e-02	8.487335e+00
5.440000e-06	-1.818121e-02	8.352143e+00
5.450000e-06	-1.740990e-02	8.256256e+00
5.460000e-06	-1.483186e-02	8.142566e+00
5.470000e-06	-1.494992e-02	8.041679e+00
5.480000e-06	-1.610112e-02	7.877864e+00
5.490000e-06	-1.560029e-02	7.752167e+00
5.500000e-06	-1.329029e-02	7.617278e+00
5.510000e-06	-1.271511e-02	7.458010e+00
5.520000e-06	-1.271571e-02	7.370692e+00
5.530000e-06	-1.319295e-02	7.212725e+00
5.540000e-06	-1.342479e-02	7.076783e+00
5.550000e-06	-1.238825e-02	6.939992e+00
5.560000e-06	-1.117853e-02	6.865276e+00
5.570000e-06	-1.202261e-02	6.688935e+00
5.580000e-06	-1.231027e-02	6.529018e+00
5.590000e-06	-1.125107e-02	6.383145e+00
5.600000e-06	-1.030872e-02	6.265780e+00
5.610000e-06	-1.042635e-02	6.119465e+00
5.620000e-06	-1.137732e-02	6.023648e+00
5.630000e-06	-1.209245e-02	5.886861e+00
5.640000e-06	-1.068902e-02	5.708029e+00
5.650000e-06	-9.620764e-03	5.548992e+00
5.660000e-06	-9.662095e-03	5.402650e+00
5.670000e-06	-1.005377e-02	5.264778e+00
5.680000e-06	-9.583640e-03	5.066781e+00
5.690000e-06	-9.006639e-03	4.867431e+00
5.700000e-06	-9.740841e-03	4.708413e+00
5.710000e-06	-9.755933e-03	4.551516e+00
5.720000e-06	-9.657578e-03	4.433725e+00
5.730000e-06	-8.822668e-03	4.256882e+00
5.740000e-06	-8.355195e-03	4.067807e+00
5.750000e-06	-7.337557e-03	3.929387e+00
5.760000e-06	-7.744850e-03	3.762116e+00
5.770000e-06	-8.395126e-03	3.623753e+00
5.780000e-06	-8.209155e-03	3.465883e+00
5.790000e-06	-8.110351e-03	3.277981e+00
5.800000e-06	-7.929616e-03	3.148991e+00
5.810000e-06	-7.723625e-03	2.971146e+00
5.820000e-06	-7.060240e-03	2.842204e+00
5.830000e-06	-7.335836e-03	2.688337e+00
5.840000e-06	-6.884933e-03	2.487033e+00
5.850000e-06	-6.933532e-03	2.358915e+00
5.860000e-06	-6.367155e-03	2.179591e+00
5.870000e-06	-6.820514e-03	2.012700e+00
5.880000e-06	-6.309485e-03	1.875408e+00
5.890000e-06	-5.690044e-03	1.675908e+00
5.900000e-06	-5.509781e-03	1.508438e+00
5.910000e-06	-5.849674e-03	1.358538e+00
5.920000e-06	-5.993391e-03	1.159044e+00
5.930000e-06	-5.684460e-03	9.610882e-01
5.940000e-06	-5.271904e-03	7.710199e-01
5.950000e-06	-5.162071e-03	6.327775e-01
5.960000e-06	-4.921385e-03	4.548028e-01
5.970000e-06	-4.590268e-03	3.279628e-01
5.980000e-06	-4.084856e-03	9.790684e-02
5.990000e-06	-4.285402e-03	-4.151039e-02
6.000000e-06	7.439845e-05	-2.084540e-01
6.010000e-06	2.510404e-03	-3.572986e-01
6.020000e-06	1.615671e-04	-4.836172e-01
6.030000e-06	1.550553e-03	-7.241197e-01
6.040000e-06	1.128861e-04	-8.615342e-01
6.050000e-06	1.238391e-04	-9.899001e-01
6.060000e-06	2.035821e-03	-1.164672e+00
6.070000e-06	3.326346e-02	-1.294117e+00
6.080000e-06	8.806907e-02	-1.554620e+00
6.090000e-06	-1.723982e-02	-1.797703e+00
6.100000e-06	-2.204949e-02	-2.038454e+00
6.110000e-06	-7.739377e-02	-2.188800e+00
6.120000e-06	-3.670028e-02	-2.325767e+00
6.130000e-06	1.198573e-01	-2.357924e+00
6.140000e-06	-1.030458e-01	-2.595120e+00
6.150000e-06	-5.984741e-05	-2.747322e+00
6.160000e-06	1.333486e-01	-2.790477e+00
6.170000e-06	-1.240230e-01	-3.069410e+00
6.180000e-06	2.173311e-02	-3.213062e+00
6.190000e-06	6.622696e-02	-3.376220e+00
6.200000e-06	-1.275412e-01	-3.535796e+00
6.210000e-06	6.669279e-02	-3.663066e+00
6.220000e-06	1.063065e-02	-3.800358e+00
6.230000e-06	-2.038503e-02	-4.032009e+00
6.240000e-06	1.147269e-01	-4.177922e+00
6.250000e-06	-9.969522e-02	-4.315220e+00
6.260000e-06	2.905189e-02	-4.506162e+00
6.270000e-06	2.210025e-02	-4.570408e+00
6.280000e-06	-6.154319e-02	-4.800829e+00
6.290000e-06	8.191247e-02	-4.947241e+00
6.300000e-06	-4.249604e-02	-5.105792e+00
6.310000e-06	4.506635e-02	-5.254639e+00
6.320000e-06	2.412510e-03	-5.452033e+00
6.330000e-06	-2.512724e-02	-5.624533e+00
6.340000e-06	4.837371e-02	-5.759920e+00
6.350000e-06	-7.361353e-02	-5.916116e+00
6.360000e-06	6.688127e-02	-6.033059e+00
6.370000e-06	-1.751056e-03	-6.159329e+00
6.380000e-06	-4.248635e-03	-6.339397e+00
6.390000e-06	3.835230e-02	-6.454668e+00
6.400000e-06	-4.873338e-02	-6.623059e+00
6.410000e-06	5.575208e-02	-6.779874e+00
6.420000e-06	-3.124295e-02	-6.917320e+00
6.430000e-06	2.180362e-02	-7.044118e+00
6.440000e-06	2.314671e-03	-7.203055e+00
6.450000e-06	-8.072311e-04	-7.319349e+00
6.460000e-06	3.947706e-02	-7.453186e+00
6.470000e-06	-2.583662e-02	-7.643509e+00
6.480000e-06	2.597486e-02	-7.720504e+00
6.490000e-06	-2.016854e-02	-7.945346e+00
6.500000e-06	2.373265e-02	-8.074608e+00
6.510000e-06	9.829563e-03	-8.158899e+00
6.520000e-06	5.859337e-04	-8.254163e+00
6.530000e-06	1.487707e-02	-8.349503e+00
6.540000e-06	-3.592800e-03	-8.458217e+00
6.550000e-06	2.507024e-02	-8.613477e+00
6.560000e-06	-6.809155e-03	-8.719504e+00
6.570000e-06	8.611660e-03	-8.874162e+00
6.580000e-06	-1.442041e-03	-8.951349e+00
6.590000e-06	1.562864e-02	-9.044633e+00
6.600000e-06	1.509576e-02	-9.127367e+00
6.610000e-06	6.559942e-03	-9.254738e+00
6.620000e-06	7.102481e-03	-9.319374e+00
6.630000e-06	2.409866e-03	-9.424611e+00
6.640000e-06	1.436728e-02	-9.549422e+00
6.650000e-06	3.559228e-03	-9.645185e+00
6.660000e-06	9.931930e-03	-9.730346e+00
6.670000e-06	3.374399e-03	-9.823578e+00
6.680000e-06	1.744250e-02	-9.858814e+00
6.690000e-06	1.305235e-02	-9.983028e+00
6.700000e-06	1.101851e-02	-1.008714e+01
6.710000e-06	5.535800e-03	-1.014240e+01
6.720000e-06	6.115940e-03	-1.022459e+01
6.730000e-06	1.359597e-02	-1.028992e+01
6.740000e-06	9.792070e-03	-1.041213e+01
6.750000e-06	1.058734e-02	-1.046784e+01
6.760000e-06	7.251774e-03	-1.058045e+01
6.770000e-06	1.424359e-02	-1.061458e+01
6.780000e-06	1.289520e-02	-1.062574e+01
6.790000e-06	1.465161e-02	-1.074895e+01
6.800000e-06	7.272621e-03	-1.080351e+01
6.810000e-06	1.078703e-02	-1.089518e+01
6.820000e-06	1.150213e-02	-1.089982e+01
6.830000e-06	1.500894e-02	-1.098143e+01
6.840000e-06	9.229777e-03	-1.100350e+01
6.850000e-06	1.122257e-02	-1.100621e+01
6.860000e-06	1.207670e-02	-1.108829e+01
6.870000e-06	1.778311e-02	-1.112087e+01
6.880000e-06	1.689753e-02	-1.118360e+01
6.890000e-06	1.337039e-02	-1.119661e+01
6.900000e-06	1.360587e-02	-1.124629e+01
6.910000e-06	1.277394e-02	-1.129837e+01
6.920000e-06	1.515041e-02	-1.132995e+01
6.930000e-06	1.229510e-02	-1.132097e+01
6.940000e-06	1.303731e-02	-1.134350e+01
6.950000e-06	1.727443e-02	-1.138315e+01
6.960000e-06	2.094193e-02	-1.142458e+01
6.970000e-06	2.235391e-02	-1.146624e+01
6.980000e-06	1.742828e-02	-1.148774e+01
6.990000e-06	1.453562e-02	-1.152679e+01
7.000000e-06	1.633563e-02	-1.148883e+01
7.010000e-06	1.837496e-02	-1.149737e+01
7.020000e-06	1.932787e-02	-1.146892e+01
7.030000e-06	2.096159e-02	-1.149797e+01
7.040000e-06	2.144377e-02	-1.148101e+01
7.050000e-06	2.526377e-02	-1.149849e+01
7.060000e-06	2.438818e-02	-1.150084e+01
7.070000e-06	2.278835e-02	-1.150874e+01
7.080000e-06	2.107980e-02	-1.147692e+01
7.090000e-06	2.400834e-02	-1.147836e+01
7.100000e-06	2.687147e-02	-1.144718e+01
7.110000e-06	2.989064e-02	-1.140731e+01
7.120000e-06	2.816141e-02	-1.141623e+01
7.130000e-06	2.819844e-02	-1.137207e+01
7.140000e-06	3.022671e-02	-1.131298e+01
7.150000e-06	3.101505e-02	-1.129004e+01
7.160000e-06	3.167350e-02	-1.130947e+01
7.170000e-06	3.198816e-02	-1.123729e+01
7.180000e-06	3.494831e-02	-1.117731e+01
7.190000e-06	3.626579e-02	-1.112298e+01
7.200000e-06	3.791669e-02	-1.111902e+01
7.210000e-06	3.607895e-02	-1.108839e+01
7.220000e-06	3.870327e-02	-1.104678e+01
7.230000e-06	4.149510e-02	-1.095213e+01
7.240000e-06	4.343488e-02	-1.089992e+01
7.250000e-06	4.480056e-02	-1.090139e+01
7.260000e-06	4.590486e-02	-1.080473e+01
7.270000e-06	4.831250e-02	-1.079252e+01
7.280000e-06	4.793421e-02	-1.069947e+01
7.290000e-06	4.865261e-02	-1.066626e+01
7.300000e-06	4.752811e-02	-1.062466e+01
7.310000e-06	4.652819e-02	-1.057002e+01
7.320000e-06	4.424235e-02	-1.049994e+01
7.330000e-06	4.219403e-02	-1.037372e+01
7.340000e-06	3.937701e-02	-1.031907e+01
7.350000e-06	3.641285e-02	-1.023733e+01
7.360000e-06	3.352156e-02	-1.016368e+01
7.370000e-06	3.109180e-02	-1.009991e+01
7.380000e-06	2.804440e-02	-1.003413e+01
7.390000e-06	2.590683e-02	-9.930491e+00
7.400000e-06	2.491779e-02	-9.835755e+00
7.410000e-06	2.232279e-02	-9.741595e+00
7.420000e-06	1.952883e-02	-9.668362e+00
7.430000e-06	1.903409e-02	-9.624127e+00
7.440000e-06	1.731275e-02	-9.469915e+00
7.450000e-06	1.586492e-02	-9.384179e+00
7.460000e-06	1.269871e-02	-9.278512e+00
7.470000e-06	1.184010e-02	-9.192150e+00
7.480000e-06	1.220994e-02	-9.037865e+00
7.490000e-06	1.278615e-02	-8.961099e+00
7.500000e-06	1.168698e-02	-8.886836e+00
7.510000e-06	1.190078e-02	-8.802623e+00
7.520000e-06	8.656011e-03	-8.584908e+00
7.530000e-06	7.921812e-03	-8.509395e+00
7.540000e-06	6.248072e-03	-8.403178e+00
7.550000e-06	5.839855e-03	-8.297369e+00
7.560000e-06	4.848139e-03	-8.193126e+00
7.570000e-06	7.399068e-03	-8.076860e+00
7.580000e-06	6.796280e-03	-7.933567e+00
7.590000e-06	7.555139e-03	-7.795278e+00
7.600000e-06	4.375846e-03	-7.685884e+00
7.610000e-06	3.841592e-03	-7.539095e+00
7.620000e-06	1.808847e-03	-7.435727e+00
7.630000e-06	1.688331e-03	-7.266835e+00
7.640000e-06	1.559553e-03	-7.153596e+00
7.650000e-06	2.298630e-03	-6.983778e+00
7.660000e-06	2.821034e-03	-6.847332e+00
7.670000e-06	3.286463e-03	-6.688392e+00
7.680000e-06	2.343269e-03	-6.582251e+00
7.690000e-06	1.166046e-03	-6.476386e+00
7.700000e-06	2.283908e-04	-6.321520e+00
7.710000e-06	-2.208627e-04	-6.182746e+00
7.720000e-06	-5.033186e-04	-6.013754e+00
7.730000e-06	-8.169068e-04	-5.887338e+00
7.740000e-06	-8.548982e-04	-5.751040e+00
7.750000e-06	-2.312145e-04	-5.623150e+00
7.760000e-06	-7.446642e-04	-5.458353e+00
7.770000e-06	-6.665927e-04	-5.256382e+00
7.780000e-06	-1.643371e-03	-5.087010e+00
7.790000e-06	-2.530899e-03	-4.929967e+00
7.800000e-06	-2.817734e-03	-4.751070e+00
7.810000e-06	-2.355259e-03	-4.552648e+00
7.820000e-06	-3.337584e-03	-4.443730e+00
7.830000e-06	-2.510280e-03	-4.326940e+00
7.840000e-06	-2.935665e-03	-4.159571e+00
7.850000e-06	-2.517429e-03	-4.032774e+00
7.860000e-06	-3.253041e-03	-3.856434e+00
7.870000e-06	-3.937060e-03	-3.686936e+00
7.880000e-06	-4.356620e-03	-3.498516e+00
7.890000e-06	-4.092794e-03	-3.381623e+00
7.900000e-06	-4.703814e-03	-3.233803e+00
7.910000e-06	-4.670321e-03	-3.085838e+00
7.920000e-06	-4.902101e-03	-2.864884e+00
7.930000e-06	-4.224304e-03	-2.748990e+00
7.940000e-06	-4.181533e-03	-2.550012e+00
7.950000e-06	-5.188382e-03	-2.403125e+00
7.960000e-06	-5.088825e-03	-2.294903e+00
7.970000e-06	-5.499699e-03	-2.043279e+00
7.980000e-06	-5.623974e-03	-1.887383e+00
7.990000e-06	-6.817016e-03	-1.759020e+00
8.000000e-06	-5.631166e-03	-1.591098e+00
8.010000e-06	-5.623932e-03	-1.342253e+00
8.020000e-06	-5.501865e-03	-1.182579e+00
8.030000e-06	-6.143964e-03	-1.033227e+00
8.040000e-06	-6.622652e-03	-8.742555e-01
8.050000e-06	-6.573987e-03	-7.169410e-01
8.060000e-06	-5.939748e-03	-4.874594e-01
8.070000e-06	-5.871828e-03	-3.589435e-01
8.080000e-06	-7.717020e-03	-2.015738e-01
8.090000e-06	-6.271277e-03	-1.755148e-03
8.100000e-06	-1.450814e-03	1.035844e-01
8.110000e-06	4.973828e-04	3.046710e-01
8.120000e-06	-2.065591e-03	4.515590e-01
8.130000e-06	-1.553378e-03	5.998488e-01
8.140000e-06	-2.468168e-03	7.579697e-01
8.150000e-06	-3.392389e-03	9.140618e-01
8.160000e-06	-1.732057e-03	1.124643e+00
8.170000e-06	1.417812e-02	1.333538e+00
8.180000e-06	6.272559e-02	1.490961e+00
8.190000e-06	2.724103e-02	1.765220e+00
8.200000e-06	-3.794200e-02	1.925645e+00
8.210000e-06	-4.054159e-02	2.083084e+00
8.220000e-06	-8.387312e-02	2.188451e+00
8.230000e-06	-2.657632e-03	2.293191e+00
8.240000e-06	8.107672e-02	2.452984e+00
8.250000e-06	-1.224677e-01	2.675496e+00
8.260000e-06	5.351096e-02	2.759024e+00
8.270000e-06	7.547396e-02	2.977769e+00
8.280000e-06	-8.831463e-02	3.136795e+00
8.290000e-06	4.185790e-02	3.261529e+00
8.300000e-06	-1.038927e-02	3.451482e+00
8.310000e-06	-7.740203e-02	3.631456e+00
8.320000e-06	4.883101e-02	3.749796e+00
8.330000e-06	-3.619569e-03	3.906796e+00
8.340000e-06	5.526768e-03	4.073610e+00
8.350000e-06	2.001835e-02	4.243589e+00
8.360000e-06	-5.269119e-02	4.431528e+00
8.370000e-06	1.365933e-02	4.568874e+00
8.380000e-06	-2.000812e-02	4.746844e+00
8.390000e-06	-3.887245e-04	4.896563e+00
8.400000e-06	-5.475966e-03	5.116117e+00
8.410000e-06	5.138334e-04	5.285663e+00
8.420000e-06	1.291914e-02	5.462454e+00
8.430000e-06	-2.726649e-02	5.577795e+00
8.440000e-06	7.767949e-03	5.676190e+00
8.450000e-06	-2.939960e-02	5.864062e+00
8.460000e-06	-1.642094e-02	6.012059e+00
8.470000e-06	2.161353e-02	6.128848e+00
8.480000e-06	-8.166643e-03	6.305715e+00
8.490000e-06	-1.425217e-03	6.454032e+00
8.500000e-06	-1.590698e-02	6.570452e+00
8.510000e-06	-1.182725e-02	6.747346e+00
8.520000e-06	-2.137451e-03	6.864637e+00
8.530000e-06	-1.313039e-02	7.010506e+00
8.540000e-06	-6.580123e-03	7.107320e+00
8.550000e-06	-1.860801e-02	7.274059e+00
8.560000e-06	7.691719e-03	7.422507e+00
8.570000e-06	-2.777061e-03	7.541849e+00
8.580000e-06	-1.390508e-02	7.737318e+00
8.590000e-06	-1.603736e-02	7.845188e+00
8.600000e-06	-1.697151e-02	8.002979e+00
8.610000e-06	1.768597e-03	8.148895e+00
8.620000e-06	-8.663736e-03	8.262582e+00
8.630000e-06	-9.090559e-03	8.348820e+00
8.640000e-06	-1.500095e-02	8.463608e+00
8.650000e-06	-4.362140e-03	8.560929e+00
8.660000e-06	-4.948286e-03	8.652108e+00
8.670000e-06	-1.474145e-02	8.739870e+00
8.680000e-06	-1.724016e-02	8.866136e+00
8.690000e-06	-1.427473e-02	8.971926e+00
8.700000e-06	-3.099464e-03	9.045734e+00
8.710000e-06	-9.393803e-03	9.190399e+00
8.720000e-06	-1.087218e-02	9.286186e+00
8.730000e-06	-1.974051e-02	9.390924e+00
8.740000e-06	-9.853315e-03	9.464185e+00
8.750000e-06	-1.076102e-02	9.580345e+00
8.760000e-06	-1.058624e-02	9.665157e+00
8.770000e-06	-1.494577e-02	9.732320e+00
8.780000e-06	-1.241418e-02	9.815608e+00
8.790000e-06	-7.938015e-03	9.929367e+00
8.800000e-06	-1.196778e-02	1.004213e+01
8.810000e-06	-1.682844e-02	1.009977e+01
8.820000e-06	-2.171427e-02	1.016095e+01
8.830000e-06	-1.475318e-02	1.028416e+01
8.840000e-06	-9.767260e-03	1.029832e+01
8.850000e-06	-1.131612e-02	1.040312e+01
8.860000e-06	-1.568210e-02	1.044721e+01
8.870000e-06	-1.634545e-02	1.054042e+01
8.880000e-06	-1.531954e-02	1.056308e+01
8.890000e-06	-1.458489e-02	1.065681e+01
8.900000e-06	-2.057676e-02	1.074952e+01
8.910000e-06	-1.968172e-02	1.082205e+01
8.920000e-06	-1.617587e-02	1.087526e+01
8.930000e-06	-1.205838e-02	1.090842e+01
8.940000e-06	-1.418197e-02	1.093995e+01
8.950000e-06	-2.002075e-02	1.099205e+01
8.960000e-06	-2.146504e-02	1.102471e+01
8.970000e-06	-2.003159e-02	1.105676e+01
8.980000e-06	-1.821257e-02	1.111942e+01
8.990000e-06	-2.059585e-02	1.117144e+01
9.000000e-06	-2.112021e-02	1.120461e+01
9.010000e-06	-2.009988e-02	1.121515e+01
9.020000e-06	-1.838179e-02	1.124721e+01
9.030000e-06	-2.031344e-02	1.129882e+01
9.040000e-06	-2.410293e-02	1.129992e+01
9.050000e-06	-2.530873e-02	1.130142e+01
9.060000e-06	-2.302755e-02	1.134355e+01
9.070000e-06	-2.138077e-02	1.135305e+01
9.080000e-06	-2.397048e-02	1.139408e+01
9.090000e-06	-2.518840e-02	1.142471e+01
9.100000e-06	-2.612227e-02	1.139708e+01
9.110000e-06	-2.364545e-02	1.141513e+01
9.120000e-06	-2.579633e-02	1.142665e+01
9.130000e-06	-2.831538e-02	1.144783e+01
9.140000e-06	-3.063321e-02	1.143823e+01
9.150000e-06	-2.934662e-02	1.142624e+01
9.160000e-06	-2.848828e-02	1.140678e+01
9.170000e-06	-2.864442e-02	1.140423e+01
9.180000e-06	-3.173607e-02	1.136623e+01
9.190000e-06	-3.376956e-02	1.139513e+01
9.200000e-06	-3.262645e-02	1.135417e+01
9.210000e-06	-3.444191e-02	1.135362e+01
9.220000e-06	-3.655955e-02	1.137090e+01
9.230000e-06	-3.891325e-02	1.132142e+01
9.240000e-06	-3.730817e-02	1.128832e+01
9.250000e-06	-3.588231e-02	1.124726e+01
9.260000e-06	-3.730594e-02	1.123416e+01
9.270000e-06	-4.035692e-02	1.119310e+01
9.280000e-06	-4.283026e-02	1.117109e+01
9.290000e-06	-4.280052e-02	1.113034e+01
9.300000e-06	-4.476278e-02	1.110729e+01
9.310000e-06	-4.604510e-02	1.101473e+01
9.320000e-06	-4.972216e-02	1.097310e+01
9.330000e-06	-4.874933e-02	1.095147e+01
9.340000e-06	-4.847800e-02	1.092039e+01
9.350000e-06	-5.094257e-02	1.084528e+01
9.360000e-06	-5.435062e-02	1.077366e+01
9.370000e-06	-5.642671e-02	1.072844e+01
9.380000e-06	-5.704148e-02	1.066631e+01
9.390000e-06	-5.587717e-02	1.058473e+01
9.400000e-06	-5.607726e-02	1.053114e+01
9.410000e-06	-5.331553e-02	1.044939e+01
9.420000e-06	-5.044498e-02	1.040455e+01
9.430000e-06	-4.691192e-02	1.029996e+01
9.440000e-06	-4.610205e-02	1.022573e+01
9.450000e-06	-4.303786e-02	1.016207e+01
9.460000e-06	-4.038348e-02	1.011694e+01
9.470000e-06	-3.815363e-02	1.003526e+01
9.480000e-06	-3.635688e-02	9.911997e+00
9.490000e-06	-3.364141e-02	9.836832e+00
9.500000e-06	-3.072283e-02	9.739572e+00
9.510000e-06	-2.883365e-02	9.639431e+00
9.520000e-06	-2.782998e-02	9.573580e+00
9.530000e-06	-2.670235e-02	9.465838e+00
9.540000e-06	-2.604700e-02	9.362673e+00
9.550000e-06	-2.316181e-02	9.309461e+00
9.560000e-06	-2.243315e-02	9.203226e+00
9.570000e-06	-2.283191e-02	9.028415e+00
9.580000e-06	-2.300080e-02	8.974754e+00
9.590000e-06	-2.120461e-02	8.886436e+00
9.600000e-06	-1.932389e-02	8.742646e+00
9.610000e-06	-1.832271e-02	8.644781e+00
9.620000e-06	-1.890604e-02	8.521494e+00
9.630000e-06	-1.831727e-02	8.445283e+00
9.640000e-06	-1.732006e-02	8.341495e+00
9.650000e-06	-1.613677e-02	8.183723e+00
9.660000e-06	-1.630983e-02	8.088486e+00
9.670000e-06	-1.677207e-02	7.895495e+00
9.680000e-06	-1.541188e-02	7.874880e+00
9.690000e-06	-1.386216e-02	7.729065e+00
9.700000e-06	-1.340787e-02	7.613198e+00
9.710000e-06	-1.335942e-02	7.394884e+00
9.720000e-06	-1.398333e-02	7.298907e+00
9.730000e-06	-1.359282e-02	7.171996e+00
9.740000e-06	-1.314131e-02	7.025678e+00
9.750000e-06	-1.282614e-02	6.898985e+00
9.760000e-06	-1.264052e-02	6.783071e+00
9.770000e-06	-1.266223e-02	6.614783e+00
9.780000e-06	-1.123107e-02	6.477932e+00
9.790000e-06	-1.045763e-02	6.331016e+00
9.800000e-06	-1.108213e-02	6.183199e+00
9.810000e-06	-1.214150e-02	6.096887e+00
9.820000e-06	-1.157140e-02	6.000995e+00
9.830000e-06	-1.156298e-02	5.804278e+00
9.840000e-06	-1.027988e-02	5.657951e+00
9.850000e-06	-1.055583e-02	5.466888e+00
9.860000e-06	-9.385833e-03	5.330566e+00
9.870000e-06	-7.620498e-03	5.174146e+00
9.880000e-06	-6.979027e-03	4.993770e+00
9.890000e-06	-8.026301e-03	4.822578e+00
9.900000e-06	-1.053770e-02	4.676307e+00
9.910000e-06	-1.018201e-02	4.508385e+00
9.920000e-06	-8.774348e-03	4.362050e+00
9.930000e-06	-8.396018e-03	4.184328e+00
9.940000e-06	-9.187714e-03	4.012225e+00
9.950000e-06	-7.209430e-03	3.886338e+00
9.960000e-06	-5.519836e-03	3.718038e+00
9.970000e-06	-5.053970e-03	3.602149e+00
9.980000e-06	-7.349249e-03	3.433677e+00
9.990000e-06	-8.728932e-03	3.273300e+00
1.000000e-05	-9.239836e-03	3.116436e+00
1.001000e-05	-7.487385e-03	2.959037e+00
1.002000e-05	-7.181181e-03	2.802604e+00
1.003000e-05	-6.685623e-03	2.584829e+00
1.004000e-05	-5.001652e-03	2.443700e+00
1.005000e-05	-4.482337e-03	2.274257e+00
1.006000e-05	-4.146717e-03	2.128438e+00
1.007000e-05	-6.712165e-03	1.949594e+00
1.008000e-05	-8.071397e-03	1.770675e+00
1.009000e-05	-7.882250e-03	1.613301e+00
1.010000e-05	-6.090372e-03	1.455349e+00
1.011000e-05	-5.135120e-03	1.265332e+00
1.012000e-05	-5.137477e-03	1.118435e+00
1.013000e-05	-5.098985e-03	9.063579e-01
1.014000e-05	-3.727991e-03	7.079867e-01
1.015000e-05	-4.778531e-03	5.506197e-01
1.016000e-05	-6.191671e-03	4.006488e-01
1.017000e-05	-6.388854e-03	2.647764e-01
1.018000e-05	-5.931965e-03	3.477658e-02
1.019000e-05	-3.861995e-03	-1.031183e-01
1.020000e-05	2.089114e-03	-2.810330e-01
1.021000e-05	2.339445e-03	-3.688263e-01
1.022000e-05	6.143712e-04	-5.556711e-01
1.023000e-05	2.340913e-04	-7.283225e-01
1.024000e-05	5.935474e-04	-8.941182e-01
1.025000e-05	4.056446e-04	-1.021532e+00
1.026000e-05	3.385990e-03	-1.207827e+00
1.027000e-05	5.500644e-02	-1.409303e+00
1.028000e-05	6.400737e-02	-1.609301e+00
1.029000e-05	-2.835774e-02	-1.870909e+00
1.030000e-05	-2.472250e-02	-2.061935e+00
1.031000e-05	-1.005809e-01	-2.271013e+00
1.032000e-05	3.509146e-02	-2.326917e+00
1.033000e-05	7.527257e-02	-2.399874e+00
1.034000e-05	-1.360646e-01	-2.618884e+00
1.035000e-05	9.196585e-02	-2.758375e+00
1.036000e-05	6.122950e-02	-2.861533e+00
1.037000e-05	-1.366625e-01	-3.115616e+00
1.038000e-05	9.574565e-02	-3.254163e+00
1.039000e-05	-1.192801e-02	-3.419480e+00
1.040000e-05	-1.041509e-01	-3.589378e+00
1.041000e-05	1.023203e-01	-3.702613e+00
1.042000e-05	-4.768595e-02	-3.864467e+00
1.043000e-05	5.035169e-02	-4.063665e+00
1.044000e-05	6.248135e-02	-4.179500e+00
1.045000e-05	-1.107128e-01	-4.388304e+00
1.046000e-05	8.005013e-02	-4.505221e+00
1.047000e-05	-4.183139e-02	-4.634885e+00
1.048000e-05	-3.469644e-03	-4.874566e+00
1.049000e-05	5.474283e-02	-5.011426e+00
1.050000e-05	-4.472013e-02	-5.188376e+00
1.051000e-05	6.964644e-02	-5.317692e+00
1.052000e-05	-4.201802e-02	-5.535668e+00
1.053000e-05	2.101482e-02	-5.664063e+00
1.054000e-05	7.672303e-03	-5.799953e+00
1.055000e-05	-5.234260e-02	-5.956272e+00
1.056000e-05	8.387291e-02	-6.096137e+00
1.057000e-05	-3.805256e-02	-6.230884e+00
1.058000e-05	3.817404e-02	-6.402458e+00
1.059000e-05	-3.177761e-03	-6.498820e+00
1.060000e-05	-1.872487e-02	-6.675692e+00
1.061000e-05	4.633179e-02	-6.800500e+00
1.062000e-05	-4.138194e-02	-6.980255e+00
1.063000e-05	4.215701e-02	-7.127339e+00
1.064000e-05	-2.295014e-02	-7.224134e+00
1.065000e-05	2.943304e-02	-7.360902e+00
1.066000e-05	1.401312e-02	-7.525646e+00
1.067000e-05	-1.283240e-02	-7.648167e+00
1.068000e-05	2.228529e-02	-7.823529e+00
1.069000e-05	-2.365694e-02	-7.947851e+00
1.070000e-05	3.585842e-02	-8.057186e+00
1.071000e-05	-8.003502e-03	-8.181978e+00
1.072000e-05	1.562025e-02	-8.285744e+00
1.073000e-05	2.217605e-03	-8.432028e+00
1.074000e-05	7.610130e-03	-8.530748e+00
1.075000e-05	2.006194e-02	-8.615238e+00
1.076000e-05	-5.886939e-03	-8.780405e+00
1.077000e-05	1.205960e-02	-8.885763e+00
1.078000e-05	-5.188601e-03	-8.980476e+00
1.079000e-05	2.167884e-02	-9.106139e+00
1.080000e-05	5.440796e-03	-9.190394e+00
1.081000e-05	1.042261e-02	-9.275268e+00
1.082000e-05	2.617338e-03	-9.340929e+00
1.083000e-05	7.828328e-03	-9.456189e+00
1.084000e-05	1.292445e-02	-9.590502e+00
1.085000e-05	5.749851e-03	-9.677167e+00
1.086000e-05	9.281840e-03	-9.739974e+00
1.087000e-05	4.428305e-03	-9.853608e+00
1.088000e-05	1.766232e-02	-9.898771e+00
1.089000e-05	7.728562e-03	-1.000215e+01
1.090000e-05	1.033687e-02	-1.008735e+01
1.091000e-05	1.392576e-03	-1.016343e+01
1.092000e-05	1.065982e-02	-1.023771e+01
1.093000e-05	1.267810e-02	-1.032945e+01
1.094000e-05	1.194395e-02	-1.043314e+01
1.095000e-05	9.449620e-03	-1.049829e+01
1.096000e-05	8.236066e-03	-1.057148e+01
1.097000e-05	1.367054e-02	-1.064513e+01
1.098000e-05	1.045206e-02	-1.067777e+01
1.099000e-05	1.106960e-02	-1.079045e+01
1.100000e-05	6.437943e-03	-1.084253e+01
1.101000e-05	1.371019e-02	-1.086721e+01
1.102000e-05	1.418197e-02	-1.089672e+01
1.103000e-05	1.499974e-02	-1.096298e+01
1.104000e-05	1.144493e-02	-1.104363e+01
1.105000e-05	9.988144e-03	-1.105584e+01
1.106000e-05	1.366414e-02	-1.108174e+01
1.107000e-05	1.450581e-02	-1.114150e+01
1.108000e-05	1.491682e-02	-1.118153e+01
1.109000e-05	1.250981e-02	-1.119518e+01
1.110000e-05	1.491092e-02	-1.125576e+01
1.111000e-05	1.621418e-02	-1.130027e+01
1.112000e-05	1.693249e-02	-1.133102e+01
1.113000e-05	1.338437e-02	-1.133045e+01
1.114000e-05	1.406126e-02	-1.139206e+01
1.115000e-05	1.686628e-02	-1.138403e+01
1.116000e-05	1.996235e-02	-1.141568e+01
1.117000e-05	1.822030e-02	-1.148718e+01
1.118000e-05	1.695930e-02	-1.146674e+01
1.119000e-05	1.757251e-02	-1.147932e+01
1.120000e-05	1.970598e-02	-1.148091e+01
1.121000e-05	2.114112e-02	-1.150989e+01
1.122000e-05	1.959193e-02	-1.148990e+01
1.123000e-05	1.969859e-02	-1.153139e+01
1.124000e-05	2.271615e-02	-1.154047e+01
1.125000e-05	2.501161e-02	-1.151097e+01
1.126000e-05	2.400442e-02	-1.151093e+01
1.127000e-05	2.254863e-02	-1.151944e+01
1.128000e-05	2.349081e-02	-1.148936e+01
1.129000e-05	2.730248e-02	-1.142794e+01
1.130000e-05	2.837883e-02	-1.147731e+01
1.131000e-05	2.730455e-02	-1.142680e+01
1.132000e-05	2.689806e-02	-1.138413e+01
1.133000e-05	2.947348e-02	-1.140306e+01
1.134000e-05	3.207762e-02	-1.135044e+01
1.135000e-05	3.264110e-02	-1.129089e+01
1.136000e-05	3.071844e-02	-1.126894e+01
1.137000e-05	3.223620e-02	-1.122586e+01
1.138000e-05	3.514051e-02	-1.119511e+01
1.139000e-05	3.652676e-02	-1.115307e+01
1.140000e-05	3.716344e-02	-1.110887e+01
1.141000e-05	3.737254e-02	-1.104726e+01
1.142000e-05	3.922349e-02	-1.098430e+01
1.143000e-05	4.303976e-02	-1.093347e+01
1.144000e-05	4.504592e-02	-1.092944e+01
1.145000e-05	4.504731e-02	-1.087738e+01
1.146000e-05	4.561007e-02	-1.080463e+01
1.147000e-05	4.719439e-02	-1.078215e+01
1.148000e-05	4.900738e-02	-1.069847e+01
1.149000e-05	4.925192e-02	-1.065676e+01
1.150000e-05	4.727554e-02	-1.059265e+01
1.151000e-05	4.463148e-02	-1.054100e+01
1.152000e-05	4.243237e-02	-1.049781e+01
1.153000e-05	4.177484e-02	-1.039315e+01
1.154000e-05	3.825333e-02	-1.031004e+01
1.155000e-05	3.458377e-02	-1.020628e+01
1.156000e-05	3.173643e-02	-1.013214e+01
1.157000e-05	2.957234e-02	-1.007641e+01
1.158000e-05	2.848259e-02	-1.000313e+01
1.159000e-05	2.423610e-02	-9.887916e+00
1.160000e-05	2.145231e-02	-9.824678e+00
1.161000e-05	2.075646e-02	-9.729496e+00
1.162000e-05	2.193728e-02	-9.676258e+00
1.163000e-05	1.794616e-02	-9.560118e+00
1.164000e-05	1.522388e-02	-9.467308e+00
1.165000e-05	1.382209e-02	-9.331121e+00
1.166000e-05	1.475906e-02	-9.276338e+00
1.167000e-05	1.512825e-02	-9.131549e+00
1.168000e-05	1.165405e-02	-9.046804e+00
1.169000e-05	9.385706e-03	-8.900941e+00
1.170000e-05	9.962096e-03	-8.836808e+00
1.171000e-05	1.224238e-02	-8.732046e+00
1.172000e-05	1.073294e-02	-8.603227e+00
1.173000e-05	6.220725e-03	-8.488440e+00
1.174000e-05	4.379118e-03	-8.380598e+00
1.175000e-05	6.442153e-03	-8.275859e+00
1.176000e-05	6.317989e-03	-8.149970e+00
1.177000e-05	6.120083e-03	-8.067255e+00
1.178000e-05	4.128510e-03	-7.899541e+00
1.179000e-05	5.403860e-03	-7.773244e+00
1.180000e-05	5.825583e-03	-7.605227e+00
1.181000e-05	5.028304e-03	-7.488933e+00
1.182000e-05	1.523952e-03	-7.333094e+00
1.183000e-05	7.110389e-04	-7.225304e+00
1.184000e-05	1.834584e-03	-7.129516e+00
1.185000e-05	4.338558e-03	-6.941624e+00
1.186000e-05	3.439254e-03	-6.805780e+00
1.187000e-05	1.685418e-03	-6.677310e+00
1.188000e-05	1.825309e-03	-6.531071e+00
1.189000e-05	1.579405e-03	-6.445754e+00
1.190000e-05	9.095402e-04	-6.238886e+00
1.191000e-05	-7.919766e-04	-6.129567e+00
1.192000e-05	-1.120753e-03	-5.981699e+00
1.193000e-05	-1.089461e-03	-5.825257e+00
1.194000e-05	8.145095e-04	-5.708015e+00
1.195000e-05	1.879435e-04	-5.551571e+00
1.196000e-05	-7.413346e-04	-5.322728e+00
1.197000e-05	-1.879654e-03	-5.182302e+00
1.198000e-05	-1.742459e-03	-5.043829e+00
1.199000e-05	-1.117207e-03	-4.836354e+00
1.200000e-05	-2.398486e-03	-4.678492e+00
1.201000e-05	-3.401919e-03	-4.569963e+00
1.202000e-05	-2.635432e-03	-4.382201e+00
1.203000e-05	-2.896449e-03	-4.255283e+00
1.204000e-05	-3.340929e-03	-4.097516e+00
1.205000e-05	-2.861990e-03	-3.992224e+00
1.206000e-05	-4.383654e-03	-3.815225e+00
1.207000e-05	-4.082092e-03	-3.624733e+00
1.208000e-05	-3.575624e-03	-3.465836e+00
1.209000e-05	-3.588067e-03	-3.338517e+00
1.210000e-05	-4.231609e-03	-3.171123e+00
1.211000e-05	-4.066968e-03	-2.972724e+00
1.212000e-05	-4.618403e-03	-2.801776e+00
1.213000e-05	-4.845517e-03	-2.666308e+00
1.214000e-05	-6.015121e-03	-2.506913e+00
1.215000e-05	-6.054296e-03	-2.340025e+00
1.216000e-05	-5.633412e-03	-2.212148e+00
1.217000e-05	-4.733727e-03	-1.991675e+00
1.218000e-05	-5.090023e-03	-1.875232e+00
1.219000e-05	-5.639973e-03	-1.695362e+00
1.220000e-05	-5.982218e-03	-1.559446e+00
1.221000e-05	-6.838181e-03	-1.319108e+00
1.222000e-05	-7.697378e-03	-1.129015e+00
1.223000e-05	-7.715730e-03	-9.501500e-01
1.224000e-05	-7.718029e-03	-7.922290e-01
1.225000e-05	-6.229431e-03	-6.548067e-01
1.226000e-05	-4.808498e-03	-4.642278e-01
1.227000e-05	-5.102198e-03	-3.073920e-01
1.228000e-05	-6.110968e-03	-1.204972e-01
1.229000e-05	-5.144148e-03	2.797493e-02
1.230000e-05	-2.178076e-03	1.966998e-01
1.231000e-05	-3.190915e-03	3.683210e-01
1.232000e-05	-2.998726e-03	5.136144e-01
1.233000e-05	-2.405457e-03	6.414580e-01
1.234000e-05	-1.865679e-03	7.893749e-01
1.235000e-05	-1.873368e-03	9.376198e-01
1.236000e-05	1.929082e-03	1.185745e+00
1.237000e-05	2.578086e-02	1.366745e+00
1.238000e-05	6.855506e-02	1.536101e+00
1.239000e-05	-3.094589e-03	1.800379e+00
1.240000e-05	-3.908325e-02	2.018771e+00
1.241000e-05	-5.213906e-02	2.105620e+00
1.242000e-05	-8.332430e-02	2.201503e+00
1.243000e-05	4.948482e-02	2.329247e+00
1.244000e-05	2.683690e-02	2.555720e+00
1.245000e-05	-1.200096e-01	2.746218e+00
1.246000e-05	1.199915e-01	2.860956e+00
1.247000e-05	6.029193e-03	3.042962e+00
1.248000e-05	-6.760814e-02	3.168895e+00
1.249000e-05	6.531284e-02	3.302596e+00
1.250000e-05	-6.083676e-02	3.505092e+00
1.251000e-05	-4.085752e-02	3.663559e+00
1.252000e-05	5.517308e-02	3.820434e+00
1.253000e-05	-2.046874e-02	4.008450e+00
1.254000e-05	2.587530e-02	4.146666e+00
1.255000e-05	-1.002537e-02	4.336143e+00
1.256000e-05	-3.664347e-02	4.463612e+00
1.257000e-05	1.511276e-02	4.670882e+00
1.258000e-05	-2.833931e-02	4.777975e+00
1.259000e-05	9.022910e-03	4.956217e+00
1.260000e-05	-1.332228e-02	5.148279e+00
1.261000e-05	1.508800e-02	5.316771e+00
1.262000e-05	1.463680e-03	5.474087e+00
1.263000e-05	-2.220208e-02	5.620952e+00
1.264000e-05	8.829931e-03	5.728250e+00
1.265000e-05	-4.237584e-02	5.926722e+00
1.266000e-05	4.208407e-03	6.054612e+00
1.267000e-05	1.113808e-02	6.181401e+00
1.268000e-05	-1.044539e-02	6.348317e+00
1.269000e-05	-1.513852e-03	6.486113e+00
1.270000e-05	-1.836578e-02	6.622960e+00
1.271000e-05	4.177834e-04	6.819949e+00
1.272000e-05	-1.018828e-02	6.917320e+00
1.273000e-05	-1.105894e-02	7.052559e+00
1.274000e-05	-1.327566e-02	7.190823e+00
1.275000e-05	-9.395421e-03	7.308192e+00
1.276000e-05	1.033118e-02	7.495183e+00
1.277000e-05	-1.047458e-02	7.611508e+00
1.278000e-05	-1.305374e-02	7.758344e+00
1.279000e-05	-1.787958e-02	7.907716e+00
1.280000e-05	-8.295113e-03	8.073532e+00
1.281000e-05	-2.322409e-03	8.159375e+00
1.282000e-05	-1.307710e-02	8.297140e+00
1.283000e-05	-1.155789e-02	8.371454e+00
1.284000e-05	-1.078533e-02	8.515164e+00
1.285000e-05	-2.577105e-03	8.581478e+00
1.286000e-05	-7.741863e-03	8.665737e+00
1.287000e-05	-1.946553e-02	8.741375e+00
1.288000e-05	-1.610269e-02	8.907696e+00
1.289000e-05	-1.001762e-02	8.961455e+00
1.290000e-05	-4.428696e-03	9.127893e+00
1.291000e-05	-1.039401e-02	9.251031e+00
1.292000e-05	-1.477184e-02	9.326794e+00
1.293000e-05	-1.224877e-02	9.382074e+00
1.294000e-05	-9.770887e-03	9.497163e+00
1.295000e-05	-1.066738e-02	9.551950e+00
1.296000e-05	-1.903103e-02	9.696712e+00
1.297000e-05	-1.572325e-02	9.790399e+00
1.298000e-05	-1.114431e-02	9.906111e+00
1.299000e-05	-7.226366e-03	9.980395e+00
1.300000e-05	-1.289415e-02	1.004416e+01
1.301000e-05	-1.723867e-02	1.011974e+01
1.302000e-05	-1.800482e-02	1.022348e+01
1.303000e-05	-1.212344e-02	1.025523e+01
1.304000e-05	-1.365037e-02	1.034085e+01
1.305000e-05	-1.631778e-02	1.043365e+01
1.306000e-05	-1.709057e-02	1.049722e+01
1.307000e-05	-1.509080e-02	1.056950e+01
1.308000e-05	-1.134796e-02	1.061518e+01
1.309000e-05	-1.576315e-02	1.068834e+01
1.310000e-05	-1.976506e-02	1.073997e+01
1.311000e-05	-2.007996e-02	1.084263e+01
1.312000e-05	-1.389982e-02	1.091681e+01
1.313000e-05	-1.407727e-02	1.091839e+01
1.314000e-05	-1.771645e-02	1.097152e+01
1.315000e-05	-2.110373e-02	1.103400e+01
1.316000e-05	-2.068328e-02	1.107533e+01
1.317000e-05	-1.597506e-02	1.112894e+01
1.318000e-05	-1.781328e-02	1.113991e+01
1.319000e-05	-2.118320e-02	1.113157e+01
1.320000e-05	-2.141591e-02	1.121355e+01
1.321000e-05	-1.882994e-02	1.125566e+01
1.322000e-05	-1.880802e-02	1.122674e+01
1.323000e-05	-2.125789e-02	1.128837e+01
1.324000e-05	-2.532455e-02	1.131185e+01
1.325000e-05	-2.342120e-02	1.136045e+01
1.326000e-05	-2.049263e-02	1.134253e+01
1.327000e-05	-2.101643e-02	1.134610e+01
1.328000e-05	-2.450000e-02	1.142513e+01
1.329000e-05	-2.629364e-02	1.141671e+01
1.330000e-05	-2.530096e-02	1.136666e+01
1.331000e-05	-2.362067e-02	1.142626e+01
1.332000e-05	-2.662002e-02	1.140816e+01
1.333000e-05	-2.813594e-02	1.143821e+01
1.334000e-05	-2.875931e-02	1.144788e+01
1.335000e-05	-2.717792e-02	1.143678e+01
1.336000e-05	-2.855284e-02	1.139773e+01
1.337000e-05	-3.186080e-02	1.139616e+01
1.338000e-05	-3.350845e-02	1.137628e+01
1.339000e-05	-3.181326e-02	1.137408e+01
1.340000e-05	-3.157506e-02	1.135408e+01
1.341000e-05	-3.405346e-02	1.133250e+01
1.342000e-05	-3.679064e-02	1.133245e+01
1.343000e-05	-3.766882e-02	1.131042e+01
1.344000e-05	-3.751245e-02	1.128678e+01
1.345000e-05	-3.781172e-02	1.123781e+01
1.346000e-05	-4.025557e-02	1.123473e+01
1.347000e-05	-4.244460e-02	1.118410e+01
1.348000e-05	-4.271642e-02	1.114246e+01
1.349000e-05	-4.257206e-02	1.110831e+01
1.350000e-05	-4.466212e-02	1.103626e+01
1.351000e-05	-4.669696e-02	1.098470e+01
1.352000e-05	-5.034685e-02	1.097405e+01
1.353000e-05	-4.923967e-02	1.091007e+01
1.354000e-05	-5.155703e-02	1.090591e+01
1.355000e-05	-5.293110e-02	1.084663e+01
1.356000e-05	-5.657722e-02	1.077007e+01
1.357000e-05	-5.628219e-02	1.073847e+01
1.358000e-05	-5.621933e-02	1.064731e+01
1.359000e-05	-5.573835e-02	1.055512e+01
1.360000e-05	-5.546961e-02	1.053150e+01
1.361000e-05	-5.292841e-02	1.043533e+01
1.362000e-05	-5.023634e-02	1.037407e+01
1.363000e-05	-4.666109e-02	1.030049e+01
1.364000e-05	-4.484947e-02	1.020581e+01
1.365000e-05	-4.356770e-02	1.013002e+01
1.366000e-05	-4.049936e-02	1.010838e+01
1.367000e-05	-3.740078e-02	1.003477e+01
1.368000e-05	-3.406344e-02	9.918912e+00
1.369000e-05	-3.242267e-02	9.816254e+00
1.370000e-05	-3.070156e-02	9.731044e+00
1.371000e-05	-2.851441e-02	9.634755e+00
1.372000e-05	-2.773978e-02	9.529841e+00
1.373000e-05	-2.720087e-02	9.395307e+00
1.374000e-05	-2.636079e-02	9.351074e+00
1.375000e-05	-2.509675e-02	9.276412e+00
1.376000e-05	-2.236792e-02	9.172699e+00
1.377000e-05	-2.074471e-02	9.026357e+00
1.378000e-05	-2.022550e-02	8.972622e+00
1.379000e-05	-2.113863e-02	8.837280e+00
1.380000e-05	-2.126342e-02	8.730965e+00
1.381000e-05	-1.783330e-02	8.594679e+00
1.382000e-05	-1.689621e-02	8.519969e+00
1.383000e-05	-1.714516e-02	8.424179e+00
1.384000e-05	-1.957386e-02	8.287513e+00
1.385000e-05	-1.621226e-02	8.151624e+00
1.386000e-05	-1.456161e-02	8.067354e+00
1.387000e-05	-1.475819e-02	7.907945e+00
1.388000e-05	-1.555526e-02	7.824678e+00
1.389000e-05	-1.504296e-02	7.685914e+00
1.390000e-05	-1.277128e-02	7.531620e+00
1.391000e-05	-1.136138e-02	7.385750e+00
1.392000e-05	-1.363458e-02	7.248405e+00
1.393000e-05	-1.429062e-02	7.109041e+00
1.394000e-05	-1.344713e-02	6.973650e+00
1.395000e-05	-1.183139e-02	6.875807e+00
1.396000e-05	-1.064476e-02	6.730020e+00
1.397000e-05	-1.189724e-02	6.582703e+00
1.398000e-05	-1.138356e-02	6.465377e+00
1.399000e-05	-1.097176e-02	6.308487e+00
1.400000e-05	-8.952070e-03	6.161698e+00
1.401000e-05	-1.074257e-02	6.054258e+00
1.402000e-05	-1.237877e-02	5.919968e+00
1.403000e-05	-1.091189e-02	5.759619e+00
1.404000e-05	-8.564844e-03	5.573220e+00
1.405000e-05	-8.934527e-03	5.443780e+00
1.406000e-05	-9.734295e-03	5.289441e+00
1.407000e-05	-1.146292e-02	5.130592e+00
1.408000e-05	-8.688464e-03	4.941516e+00
1.409000e-05	-7.852834e-03	4.772042e+00
1.410000e-05	-7.954293e-03	4.624149e+00
1.411000e-05	-9.619732e-03	4.475835e+00
1.412000e-05	-9.326310e-03	4.340492e+00
1.413000e-05	-8.970347e-03	4.143187e+00
1.414000e-05	-7.100285e-03	3.969547e+00
1.415000e-05	-8.901570e-03	3.824778e+00
1.416000e-05	-9.168757e-03	3.684884e+00
1.417000e-05	-8.196479e-03	3.531068e+00
1.418000e-05	-7.091453e-03	3.369717e+00
1.419000e-05	-6.588373e-03	3.221623e+00
1.420000e-05	-7.928109e-03	3.025282e+00
1.421000e-05	-8.432680e-03	2.906883e+00
1.422000e-05	-6.713301e-03	2.749521e+00
1.423000e-05	-6.379766e-03	2.541716e+00
1.424000e-05	-6.692635e-03	2.370995e+00
1.425000e-05	-7.365033e-03	2.232674e+00
1.426000e-05	-7.477082e-03	2.055258e+00
1.427000e-05	-5.636052e-03	1.949492e+00
1.428000e-05	-5.948989e-03	1.790516e+00
1.429000e-05	-6.980662e-03	1.558542e+00
1.430000e-05	-6.457684e-03	1.391695e+00
1.431000e-05	-6.248735e-03	1.242703e+00
1.432000e-05	-5.388032e-03	1.015306e+00
1.433000e-05	-6.039156e-03	8.332801e-01
1.434000e-05	-5.933174e-03	7.058330e-01
1.435000e-05	-6.194210e-03	5.789606e-01
1.436000e-05	-5.081323e-03	3.605974e-01
1.437000e-05	-4.411593e-03	1.896921e-01
1.438000e-05	-5.242281e-03	6.986217e-04
1.439000e-05	-2.481442e-03	-1.567710e-01
1.440000e-05	2.737615e-03	-3.030933e-01
1.441000e-05	5.017806e-04	-4.309565e-01
1.442000e-05	5.013966e-04	-6.773852e-01
1.443000e-05	-1.889597e-04	-7.603513e-01
1.444000e-05	7.850537e-04	-9.457936e-01
1.445000e-05	-3.783789e-04	-1.082087e+00
1.446000e-05	1.309888e-02	-1.252009e+00
1.447000e-05	8.095006e-02	-1.459859e+00
1.448000e-05	2.525242e-02	-1.702509e+00
1.449000e-05	-2.881178e-02	-1.914144e+00
1.450000e-05	-4.131531e-02	-2.112666e+00
1.451000e-05	-9.650909e-02	-2.272046e+00
1.452000e-05	1.013481e-01	-2.317921e+00
1.453000e-05	-1.533248e-03	-2.451583e+00
1.454000e-05	-1.155181e-01	-2.692617e+00
1.455000e-05	1.551144e-01	-2.779998e+00
1.456000e-05	-2.791346e-02	-2.954139e+00
1.457000e-05	-8.406966e-02	-3.176775e+00
1.458000e-05	1.200679e-01	-3.316790e+00
1.459000e-05	-8.634757e-02	-3.462537e+00
1.460000e-05	-3.301800e-02	-3.610509e+00
1.461000e-05	8.778082e-02	-3.727642e+00
1.462000e-05	-6.961858e-02	-3.957296e+00
1.463000e-05	1.104346e-01	-4.146795e+00
1.464000e-05	-1.689511e-02	-4.261062e+00
1.465000e-05	-6.403465e-02	-4.411407e+00
1.466000e-05	8.260958e-02	-4.528749e+00
1.467000e-05	-8.256504e-02	-4.704174e+00
1.468000e-05	5.740493e-02	-4.916243e+00
1.469000e-05	6.914244e-03	-5.021479e+00
1.470000e-05	-1.320416e-02	-5.201457e+00
1.471000e-05	5.850489e-02	-5.378829e+00
1.472000e-05	-5.773875e-02	-5.519329e+00
1.473000e-05	5.596567e-02	-5.696815e+00
1.474000e-05	-4.418355e-02	-5.840459e+00
1.475000e-05	-3.334601e-04	-5.978428e+00
1.476000e-05	6.054715e-02	-6.107169e+00
1.477000e-05	-4.254892e-02	-6.304166e+00
1.478000e-05	6.125766e-02	-6.463137e+00
1.479000e-05	-4.174539e-02	-6.560826e+00
1.480000e-05	2.191511e-02	-6.737291e+00
1.481000e-05	1.169632e-02	-6.853613e+00
1.482000e-05	-2.337381e-02	-7.014009e+00
1.483000e-05	3.734016e-02	-7.148471e+00
1.484000e-05	-2.889325e-02	-7.296740e+00
1.485000e-05	5.061590e-02	-7.383059e+00
1.486000e-05	-1.312853e-02	-7.550325e+00
1.487000e-05	8.516965e-03	-7.666220e+00
1.488000e-05	2.081816e-03	-7.864587e+00
1.489000e-05	-7.458713e-03	-7.990054e+00
1.490000e-05	3.149722e-02	-8.107768e+00
1.491000e-05	-1.391001e-02	-8.203084e+00
1.492000e-05	2.239289e-02	-8.337846e+00
1.493000e-05	-4.646671e-03	-8.467041e+00
1.494000e-05	2.202972e-02	-8.548854e+00
1.495000e-05	5.514978e-03	-8.695666e+00
1.496000e-05	-1.936778e-03	-8.762605e+00
1.497000e-05	5.918737e-03	-8.937244e+00
1.498000e-05	1.140666e-03	-8.993030e+00
1.499000e-05	2.233852e-02	-9.085814e+00
1.500000e-05	2.309225e-03	-9.223000e+00
1.501000e-05	1.159437e-02	-9.289272e+00
1.502000e-05	9.867319e-04	-9.391550e+00
1.503000e-05	1.433962e-02	-9.526318e+00
1.504000e-05	6.624919e-03	-9.623531e+00
1.505000e-05	6.187257e-03	-9.685816e+00
1.506000e-05	6.048430e-03	-9.791925e+00
1.507000e-05	1.081468e-02	-9.895116e+00
1.508000e-05	1.747386e-02	-9.968446e+00
1.509000e-05	7.939326e-03	-1.005469e+01
1.510000e-05	8.417864e-03	-1.011887e+01
1.511000e-05	3.476966e-03	-1.015503e+01
1.512000e-05	1.361120e-02	-1.026777e+01
1.513000e-05	1.015808e-02	-1.039247e+01
1.514000e-05	1.136112e-02	-1.044466e+01
1.515000e-05	8.655659e-03	-1.052032e+01
1.516000e-05	1.267187e-02	-1.059148e+01
1.517000e-05	1.253341e-02	-1.063466e+01
1.518000e-05	1.008829e-02	-1.071785e+01
1.519000e-05	9.127966e-03	-1.079295e+01
1.520000e-05	9.339823e-03	-1.082461e+01
1.521000e-05	1.654894e-02	-1.088772e+01
1.522000e-05	1.428155e-02	-1.090935e+01
1.523000e-05	1.332315e-02	-1.095410e+01
1.524000e-05	9.276018e-03	-1.100511e+01
1.525000e-05	1.209827e-02	-1.110739e+01
1.526000e-05	1.412889e-02	-1.115829e+01
1.527000e-05	1.445833e-02	-1.117095e+01
1.528000e-05	1.284342e-02	-1.121458e+01
1.529000e-05	1.433184e-02	-1.119466e+01
1.530000e-05	1.699216e-02	-1.128781e+01
1.531000e-05	1.757580e-02	-1.124942e+01
1.532000e-05	1.439567e-02	-1.129892e+01
1.533000e-05	1.268942e-02	-1.135300e+01
1.534000e-05	1.552342e-02	-1.138255e+01
1.535000e-05	1.827534e-02	-1.136508e+01
1.536000e-05	1.788895e-02	-1.145518e+01
1.537000e-05	1.717860e-02	-1.141838e+01
1.538000e-05	1.726674e-02	-1.148729e+01
1.539000e-05	1.993351e-02	-1.148694e+01
1.540000e-05	2.093685e-02	-1.151992e+01
1.541000e-05	1.885188e-02	-1.151890e+01
1.542000e-05	1.904717e-02	-1.152847e+01
1.543000e-05	2.035490e-02	-1.153092e+01
1.544000e-05	2.302800e-02	-1.154857e+01
1.545000e-05	2.322550e-02	-1.153947e+01
1.546000e-05	2.268650e-02	-1.150904e+01
1.547000e-05	2.271862e-02	-1.153039e+01
1.548000e-05	2.542024e-02	-1.143782e+01
1.549000e-05	2.626423e-02	-1.146631e+01
1.550000e-05	2.741899e-02	-1.143733e+01
1.551000e-05	2.725548e-02	-1.143618e+01
1.552000e-05	2.847453e-02	-1.141367e+01
1.553000e-05	3.029545e-02	-1.137265e+01
1.554000e-05	3.173789e-02	-1.130100e+01
1.555000e-05	3.211622e-02	-1.127844e+01
1.556000e-05	3.152623e-02	-1.126834e+01
1.557000e-05	3.206334e-02	-1.119736e+01
1.558000e-05	3.498607e-02	-1.118360e+01
1.559000e-05	3.605645e-02	-1.115999e+01
1.560000e-05	3.712314e-02	-1.110136e+01
1.561000e-05	3.856743e-02	-1.104576e+01
1.562000e-05	4.029016e-02	-1.099325e+01
1.563000e-05	4.299734e-02	-1.091195e+01
1.564000e-05	4.437730e-02	-1.087694e+01
1.565000e-05	4.445906e-02	-1.082626e+01
1.566000e-05	4.591292e-02	-1.080270e+01
1.567000e-05	4.833478e-02	-1.075062e+01
1.568000e-05	4.977528e-02	-1.070846e+01
1.569000e-05	4.907246e-02	-1.063520e+01
1.570000e-05	4.627706e-02	-1.054265e+01
1.571000e-05	4.469642e-02	-1.051002e+01
1.572000e-05	4.259299e-02	-1.041773e+01
1.573000e-05	4.040364e-02	-1.038312e+01
1.574000e-05	3.731789e-02	-1.025791e+01
1.575000e-05	3.417646e-02	-1.018428e+01
1.576000e-05	3.129191e-02	-1.013037e+01
1.577000e-05	2.992311e-02	-1.005729e+01
1.578000e-05	2.739429e-02	-9.943519e+00
1.579000e-05	2.377530e-02	-9.845812e+00
1.580000e-05	2.255841e-02	-9.801103e+00
1.581000e-05	2.092167e-02	-9.739467e+00
1.582000e-05	2.025367e-02	-9.625783e+00
1.583000e-05	1.765164e-02	-9.541043e+00
1.584000e-05	1.662859e-02	-9.406333e+00
1.585000e-05	1.328495e-02	-9.330541e+00
1.586000e-05	1.478346e-02	-9.217262e+00
1.587000e-05	1.344340e-02	-9.089965e+00
1.588000e-05	1.263141e-02	-8.993604e+00
1.589000e-05	1.014661e-02	-8.888993e+00
1.590000e-05	1.108024e-02	-8.793732e+00
1.591000e-05	1.017994e-02	-8.658440e+00
1.592000e-05	1.024242e-02	-8.552173e+00
1.593000e-05	7.157911e-03	-8.456262e+00
1.594000e-05	5.929310e-03	-8.288571e+00
1.595000e-05	4.753776e-03	-8.214757e+00
1.596000e-05	7.164842e-03	-8.110466e+00
1.597000e-05	6.723535e-03	-7.973755e+00
1.598000e-05	5.577779e-03	-7.856986e+00
1.599000e-05	4.139886e-03	-7.720621e+00
1.600000e-05	4.635299e-03	-7.573646e+00
1.601000e-05	4.809409e-03	-7.374859e+00
1.602000e-05	2.772029e-03	-7.290970e+00
1.603000e-05	1.231930e-03	-7.204804e+00
1.604000e-05	1.243408e-03	-7.035358e+00
1.605000e-05	3.484385e-03	-6.890512e+00
1.606000e-05	3.259247e-03	-6.752073e+00
1.607000e-05	1.580834e-03	-6.674284e+00
1.608000e-05	3.353390e-04	-6.518995e+00
1.609000e-05	1.292789e-03	-6.381678e+00
1.610000e-05	1.613164e-03	-6.204358e+00
1.611000e-05	-3.427601e-04	-6.076907e+00
1.612000e-05	-2.294527e-03	-5.969597e+00
1.613000e-05	-1.489061e-03	-5.783702e+00
1.614000e-05	6.867361e-05	-5.686355e+00
1.615000e-05	-6.046257e-04	-5.507490e+00
1.616000e-05	-1.696811e-03	-5.310120e+00
1.617000e-05	-1.884642e-03	-5.111569e+00
1.618000e-05	-9.809427e-04	-4.982726e+00
1.619000e-05	-1.424756e-03	-4.773776e+00
1.620000e-05	-2.530728e-03	-4.622730e+00
1.621000e-05	-2.750316e-03	-4.497888e+00
1.622000e-05	-3.533670e-03	-4.350070e+00
1.623000e-05	-4.317252e-03	-4.223752e+00
1.624000e-05	-2.085928e-03	-4.075912e+00
1.625000e-05	-5.465540e-03	-3.968973e+00
1.626000e-05	-1.559949e-03	-3.721170e+00
1.627000e-05	-6.756557e-03	-3.562622e+00
1.628000e-05	-1.322133e-04	-3.424779e+00
1.629000e-05	-5.195302e-03	-3.285412e+00
1.630000e-05	-2.272283e-03	-3.119546e+00
1.631000e-05	-5.925566e-03	-2.936617e+00
1.632000e-05	-5.268876e-03	-2.771121e+00
1.633000e-05	-6.435853e-03	-2.614257e+00
1.634000e-05	-5.793238e-03	-2.464308e+00
1.635000e-05	-4.655737e-03	-2.328442e+00
1.636000e-05	-4.440647e-03	-2.078488e+00
1.637000e-05	-3.683213e-03	-1.950524e+00
1.638000e-05	-4.715780e-03	-1.782155e+00
1.639000e-05	-4.397800e-03	-1.662754e+00
1.640000e-05	-8.512743e-03	-1.486432e+00
1.641000e-05	-6.714774e-03	-1.274879e+00
1.642000e-05	-7.932268e-03	-1.087437e+00
1.643000e-05	-4.916232e-03	-9.265385e-01
1.644000e-05	-6.349537e-03	-7.800976e-01
1.645000e-05	-4.547021e-03	-5.312953e-01
1.646000e-05	-6.426330e-03	-4.216976e-01
1.647000e-05	-5.661353e-03	-2.332553e-01
1.648000e-05	-7.668672e-03	-1.059355e-01
1.649000e-05	-4.854548e-03	5.100407e-02
1.650000e-05	-2.109293e-04	2.609076e-01
1.651000e-05	-2.789242e-03	3.894276e-01
1.652000e-05	1.099030e-03	5.472210e-01
1.653000e-05	-2.265093e-03	6.961367e-01
1.654000e-05	-1.564565e-03	8.414763e-01
1.655000e-05	-3.742177e-03	1.049980e+00
1.656000e-05	5.617524e-03	1.200426e+00
1.657000e-05	4.097011e-02	1.418873e+00
1.658000e-05	5.974036e-02	1.620859e+00
1.659000e-05	-2.604175e-02	1.872058e+00
1.660000e-05	-3.515391e-02	2.019451e+00
1.661000e-05	-6.572538e-02	2.156795e+00
1.662000e-05	-6.052090e-02	2.273581e+00
1.663000e-05	8.764570e-02	2.408304e+00
1.664000e-05	-5.019994e-02	2.689857e+00
1.665000e-05	-6.477980e-02	2.748350e+00
1.666000e-05	1.361553e-01	2.924117e+00
1.667000e-05	-5.740305e-02	3.093564e+00
1.668000e-05	-2.332142e-02	3.191475e+00
1.669000e-05	4.997747e-02	3.366800e+00
1.670000e-05	-8.739789e-02	3.558825e+00
1.671000e-05	5.943680e-03	3.713638e+00
1.672000e-05	3.585055e-02	3.873592e+00
1.673000e-05	-2.069956e-02	4.022481e+00
1.674000e-05	3.603692e-02	4.180200e+00
1.675000e-05	-4.045067e-02	4.360803e+00
1.676000e-05	-1.049707e-02	4.525593e+00
1.677000e-05	-3.649273e-05	4.674710e+00
1.678000e-05	-2.077037e-02	4.854404e+00
1.679000e-05	9.799691e-03	5.009379e+00
1.680000e-05	-1.118993e-02	5.251478e+00
1.681000e-05	1.836890e-02	5.389299e+00
1.682000e-05	-1.670895e-02	5.516242e+00
1.683000e-05	-9.631210e-03	5.613579e+00
1.684000e-05	-2.685075e-03	5.781455e+00
1.685000e-05	-3.956065e-02	5.990403e+00
1.686000e-05	1.932015e-02	6.116740e+00
1.687000e-05	-1.395142e-04	6.212561e+00
1.688000e-05	-6.865682e-03	6.399372e+00
1.689000e-05	-4.763909e-03	6.528195e+00
1.690000e-05	-1.982143e-02	6.654090e+00
1.691000e-05	1.209126e-03	6.832080e+00
1.692000e-05	-1.643370e-02	6.948270e+00
1.693000e-05	-3.085590e-03	7.075191e+00
1.694000e-05	-1.735414e-02	7.223552e+00
1.695000e-05	-9.801957e-04	7.361800e+00
1.696000e-05	4.309021e-03	7.498164e+00
1.697000e-05	-1.471856e-02	7.613684e+00
1.698000e-05	-1.262226e-02	7.831354e+00
1.699000e-05	-2.018797e-02	7.930245e+00
1.700000e-05	-2.610520e-03	8.096341e+00
1.701000e-05	-6.335241e-03	8.220555e+00
1.702000e-05	-8.328417e-03	8.305689e+00
1.703000e-05	-1.299284e-02	8.412029e+00
1.704000e-05	-9.019623e-03	8.516795e+00
1.705000e-05	-2.479337e-03	8.592506e+00
1.706000e-05	-1.236539e-02	8.675690e+00
1.707000e-05	-1.704645e-02	8.840475e+00
1.708000e-05	-1.584997e-02	8.920394e+00
1.709000e-05	-6.234412e-03	9.055083e+00
1.710000e-05	-5.886159e-03	9.149897e+00
1.711000e-05	-1.039039e-02	9.246159e+00
1.712000e-05	-1.511867e-02	9.307898e+00
1.713000e-05	-1.269862e-02	9.414634e+00
1.714000e-05	-9.239666e-03	9.537268e+00
1.715000e-05	-1.199554e-02	9.593678e+00
1.716000e-05	-1.583103e-02	9.687293e+00
1.717000e-05	-1.455325e-02	9.774405e+00
1.718000e-05	-9.168516e-03	9.856890e+00
1.719000e-05	-9.847161e-03	9.982545e+00
1.720000e-05	-1.467448e-02	1.006621e+01
1.721000e-05	-1.921191e-02	1.013942e+01
1.722000e-05	-1.557947e-02	1.021406e+01
1.723000e-05	-1.194297e-02	1.028564e+01
1.724000e-05	-1.026051e-02	1.041092e+01
1.725000e-05	-1.896925e-02	1.046513e+01
1.726000e-05	-1.549841e-02	1.052934e+01
1.727000e-05	-1.659349e-02	1.058298e+01
1.728000e-05	-1.172599e-02	1.060626e+01
1.729000e-05	-1.782359e-02	1.071041e+01
1.730000e-05	-1.864619e-02	1.078207e+01
1.731000e-05	-1.699308e-02	1.084508e+01
1.732000e-05	-1.450327e-02	1.090674e+01
1.733000e-05	-1.534784e-02	1.095135e+01
1.734000e-05	-2.082054e-02	1.094105e+01
1.735000e-05	-2.272971e-02	1.100558e+01
1.736000e-05	-1.911693e-02	1.111619e+01
1.737000e-05	-1.534545e-02	1.108781e+01
1.738000e-05	-1.704606e-02	1.111257e+01
1.739000e-05	-1.993273e-02	1.117148e+01
1.740000e-05	-2.312383e-02	1.122608e+01
1.741000e-05	-2.058102e-02	1.126613e+01
1.742000e-05	-2.238649e-02	1.125731e+01
1.743000e-05	-2.274206e-02	1.129826e+01
1.744000e-05	-2.453740e-02	1.131142e+01
1.745000e-05	-2.168578e-02	1.133290e+01
1.746000e-05	-1.897082e-02	1.137340e+01
1.747000e-05	-2.122556e-02	1.136463e+01
1.748000e-05	-2.534029e-02	1.137555e+01
1.749000e-05	-2.858096e-02	1.141420e+01
1.750000e-05	-2.736049e-02	1.139426e+01
1.751000e-05	-2.549580e-02	1.139575e+01
1.752000e-05	-2.597446e-02	1.140766e+01
1.753000e-05	-2.759985e-02	1.138629e+01
1.754000e-05	-2.789780e-02	1.141718e+01
1.755000e-05	-2.746187e-02	1.140671e+01
1.756000e-05	-2.812694e-02	1.141713e+01
1.757000e-05	-3.323134e-02	1.142476e+01
1.758000e-05	-3.537900e-02	1.137615e+01
1.759000e-05	-3.405628e-02	1.140473e+01
1.760000e-05	-3.246176e-02	1.136463e+01
1.761000e-05	-3.238434e-02	1.135205e+01
1.762000e-05	-3.563649e-02	1.131079e+01
1.763000e-05	-3.627101e-02	1.133039e+01
1.764000e-05	-3.829223e-02	1.126782e+01
1.765000e-05	-3.905131e-02	1.125621e+01
1.766000e-05	-4.183380e-02	1.119515e+01
1.767000e-05	-4.380538e-02	1.119449e+01
1.768000e-05	-4.267327e-02	1.113044e+01
1.769000e-05	-4.170495e-02	1.113836e+01
1.770000e-05	-4.267872e-02	1.104575e+01
1.771000e-05	-4.596405e-02	1.100267e+01
1.772000e-05	-4.989548e-02	1.096152e+01
1.773000e-05	-5.093380e-02	1.090997e+01
1.774000e-05	-5.300807e-02	1.088833e+01
1.775000e-05	-5.409935e-02	1.083415e+01
1.776000e-05	-5.666798e-02	1.076209e+01
1.777000e-05	-5.600785e-02	1.069734e+01
1.778000e-05	-5.514373e-02	1.059670e+01
1.779000e-05	-5.443552e-02	1.055312e+01
1.780000e-05	-5.387947e-02	1.051902e+01
1.781000e-05	-5.259659e-02	1.045725e+01
1.782000e-05	-5.033805e-02	1.037255e+01
1.783000e-05	-4.609367e-02	1.028691e+01
1.784000e-05	-4.464601e-02	1.018470e+01
1.785000e-05	-4.236227e-02	1.011897e+01
1.786000e-05	-3.970696e-02	1.007676e+01
1.787000e-05	-3.581334e-02	1.000213e+01
1.788000e-05	-3.338426e-02	9.829014e+00
1.789000e-05	-3.176979e-02	9.784730e+00
1.790000e-05	-3.065219e-02	9.709890e+00
1.791000e-05	-2.900511e-02	9.564651e+00
1.792000e-05	-2.602457e-02	9.508487e+00
1.793000e-05	-2.514050e-02	9.405258e+00
1.794000e-05	-2.501724e-02	9.338490e+00
1.795000e-05	-2.370874e-02	9.255779e+00
1.796000e-05	-2.203024e-02	9.159992e+00
1.797000e-05	-2.116140e-02	9.005777e+00
1.798000e-05	-2.046551e-02	8.930563e+00
1.799000e-05	-2.014217e-02	8.773195e+00
1.800000e-05	-2.024075e-02	8.647860e+00
1.801000e-05	-1.780172e-02	8.571572e+00
1.802000e-05	-1.763054e-02	8.457888e+00
1.803000e-05	-1.791750e-02	8.323141e+00
1.804000e-05	-1.785058e-02	8.265333e+00
1.805000e-05	-1.581784e-02	8.151171e+00
1.806000e-05	-1.511154e-02	8.014128e+00
1.807000e-05	-1.553100e-02	7.905937e+00
1.808000e-05	-1.700499e-02	7.762546e+00
1.809000e-05	-1.482442e-02	7.634753e+00
1.810000e-05	-1.256069e-02	7.520140e+00
1.811000e-05	-1.352844e-02	7.380519e+00
1.812000e-05	-1.452948e-02	7.193226e+00
1.813000e-05	-1.424824e-02	7.078332e+00
1.814000e-05	-1.133412e-02	6.938995e+00
1.815000e-05	-1.134147e-02	6.835804e+00
1.816000e-05	-1.271250e-02	6.648862e+00
1.817000e-05	-1.269213e-02	6.552117e+00
1.818000e-05	-1.157343e-02	6.403623e+00
1.819000e-05	-1.174578e-02	6.256257e+00
1.820000e-05	-1.163786e-02	6.120566e+00
1.821000e-05	-1.022122e-02	6.004175e+00
1.822000e-05	-1.035241e-02	5.896856e+00
1.823000e-05	-9.866167e-03	5.718986e+00
1.824000e-05	-1.008216e-02	5.559620e+00
1.825000e-05	-9.037323e-03	5.363199e+00
1.826000e-05	-9.586719e-03	5.285881e+00
1.827000e-05	-9.794670e-03	5.026463e+00
1.828000e-05	-9.279579e-03	4.876880e+00
1.829000e-05	-9.300356e-03	4.717962e+00
1.830000e-05	-9.711437e-03	4.580119e+00
1.831000e-05	-9.055961e-03	4.434228e+00
1.832000e-05	-8.974549e-03	4.267888e+00
1.833000e-05	-6.959804e-03	4.146463e+00
1.834000e-05	-8.230523e-03	3.970993e+00
1.835000e-05	-6.679213e-03	3.763569e+00
1.836000e-05	-7.009676e-03	3.664255e+00
1.837000e-05	-7.455747e-03	3.499016e+00
1.838000e-05	-8.900470e-03	3.297532e+00
1.839000e-05	-7.905423e-03	3.140067e+00
1.840000e-05	-6.248882e-03	3.012126e+00
1.841000e-05	-6.605821e-03	2.883803e+00
1.842000e-05	-6.056299e-03	2.708411e+00
1.843000e-05	-6.878869e-03	2.490958e+00
1.844000e-05	-6.277278e-03	2.329022e+00
1.845000e-05	-6.199964e-03	2.160095e+00
1.846000e-05	-6.794859e-03	2.023228e+00
1.847000e-05	-6.120985e-03	1.836332e+00
1.848000e-05	-5.787123e-03	1.737358e+00
1.849000e-05	-6.369012e-03	1.528936e+00
1.850000e-05	-5.241426e-03	1.359991e+00
1.851000e-05	-4.629698e-03	1.160720e+00
1.852000e-05	-3.944041e-03	9.731721e-01
1.853000e-05	-6.166488e-03	7.905449e-01
1.854000e-05	-6.371273e-03	6.042015e-01
1.855000e-05	-4.866831e-03	4.858328e-01
1.856000e-05	-3.594916e-03	3.484694e-01
1.857000e-05	-4.838728e-03	1.081392e-01
1.858000e-05	-5.497982e-03	-3.033021e-02
1.859000e-05	-1.048154e-03	-1.978251e-01
1.860000e-05	3.295047e-03	-3.567947e-01
1.861000e-05	2.241431e-04	-4.626093e-01
1.862000e-05	6.640142e-04	-6.935706e-01
1.863000e-05	-1.189945e-03	-8.510579e-01
1.864000e-05	-2.028699e-04	-1.017374e+00
1.865000e-05	2.130413e-03	-1.094795e+00
1.866000e-05	2.896105e-02	-1.283141e+00
1.867000e-05	8.935059e-02	-1.495568e+00
1.868000e-05	-1.247733e-02	-1.725647e+00
1.869000e-05	-2.460956e-02	-1.968350e+00
1.870000e-05	-6.908867e-02	-2.199354e+00
1.871000e-05	-5.619843e-02	-2.316817e+00
1.872000e-05	1.242247e-01	-2.357445e+00
1.873000e-05	-8.446724e-02	-2.525618e+00
1.874000e-05	-2.895589e-02	-2.727296e+00
1.875000e-05	1.497914e-01	-2.801005e+00
1.876000e-05	-1.127596e-01	-2.970778e+00
1.877000e-05	-5.256396e-03	-3.219012e+00
1.878000e-05	8.497560e-02	-3.326325e+00
1.879000e-05	-1.258108e-01	-3.504220e+00
1.880000e-05	4.775468e-02	-3.672559e+00
1.881000e-05	3.002794e-02	-3.768758e+00
1.882000e-05	-4.129103e-02	-4.021963e+00
1.883000e-05	1.231569e-01	-4.158400e+00
1.884000e-05	-8.855491e-02	-4.294194e+00
1.885000e-05	9.511396e-03	-4.473614e+00
1.886000e-05	4.041221e-02	-4.610797e+00
1.887000e-05	-7.456911e-02	-4.778880e+00
1.888000e-05	8.470715e-02	-4.887344e+00
1.889000e-05	-3.479694e-02	-5.103140e+00
1.890000e-05	3.174646e-02	-5.272583e+00
1.891000e-05	1.605878e-02	-5.421479e+00
1.892000e-05	-3.891762e-02	-5.640432e+00
1.893000e-05	5.868408e-02	-5.717921e+00
1.894000e-05	-7.298139e-02	-5.884090e+00
1.895000e-05	5.654386e-02	-6.013579e+00
1.896000e-05	1.230085e-02	-6.158349e+00
1.897000e-05	-1.668304e-02	-6.348801e+00
1.898000e-05	4.953945e-02	-6.464613e+00
1.899000e-05	-5.175575e-02	-6.611507e+00
1.900000e-05	5.140923e-02	-6.748345e+00
1.901000e-05	-2.520128e-02	-6.886197e+00
1.902000e-05	1.300518e-02	-7.053037e+00
1.903000e-05	1.461513e-02	-7.168977e+00
1.904000e-05	-9.932449e-03	-7.327747e+00
1.905000e-05	4.501134e-02	-7.484086e+00
1.906000e-05	-2.772083e-02	-7.612033e+00
1.907000e-05	2.671741e-02	-7.781378e+00
1.908000e-05	-1.611269e-02	-7.945714e+00
1.909000e-05	1.656166e-02	-8.032182e+00
1.910000e-05	1.428705e-02	-8.159324e+00
1.911000e-05	-4.570864e-03	-8.275190e+00
1.912000e-05	2.054738e-02	-8.369375e+00
1.913000e-05	-4.155480e-03	-8.468715e+00
1.914000e-05	2.596721e-02	-8.603506e+00
1.915000e-05	-5.031250e-03	-8.707299e+00
1.916000e-05	8.275002e-03	-8.844662e+00
1.917000e-05	1.116445e-04	-8.958321e+00
1.918000e-05	1.108341e-02	-9.033086e+00
1.919000e-05	1.519942e-02	-9.148840e+00
1.920000e-05	4.775745e-03	-9.224084e+00
1.921000e-05	1.034600e-02	-9.309850e+00
1.922000e-05	2.030575e-03	-9.403533e+00
1.923000e-05	1.525865e-02	-9.567900e+00
1.924000e-05	3.442417e-03	-9.674664e+00
1.925000e-05	1.098913e-02	-9.739323e+00
1.926000e-05	5.543237e-03	-9.793058e+00
1.927000e-05	1.471278e-02	-9.885269e+00
1.928000e-05	1.244620e-02	-1.000092e+01
1.929000e-05	8.544152e-03	-1.010617e+01
1.930000e-05	4.904739e-03	-1.011990e+01
1.931000e-05	5.280413e-03	-1.020461e+01
1.932000e-05	1.388972e-02	-1.028744e+01
1.933000e-05	1.138673e-02	-1.038311e+01
1.934000e-05	1.324641e-02	-1.049674e+01
1.935000e-05	8.214815e-03	-1.055200e+01
1.936000e-05	1.310066e-02	-1.061361e+01
1.937000e-05	9.686468e-03	-1.067576e+01
1.938000e-05	1.082754e-02	-1.072984e+01
1.939000e-05	6.899393e-03	-1.080253e+01
1.940000e-05	1.115806e-02	-1.085516e+01
1.941000e-05	1.588909e-02	-1.085837e+01
1.942000e-05	1.502251e-02	-1.095047e+01
1.943000e-05	1.280150e-02	-1.096408e+01
1.944000e-05	9.336859e-03	-1.105666e+01
1.945000e-05	1.280889e-02	-1.108684e+01
1.946000e-05	1.314312e-02	-1.111935e+01
1.947000e-05	1.499651e-02	-1.119245e+01
1.948000e-05	1.189920e-02	-1.115463e+01
1.949000e-05	1.344940e-02	-1.125484e+01
1.950000e-05	1.730417e-02	-1.126932e+01
1.951000e-05	1.350075e-02	-1.132097e+01
1.952000e-05	1.462652e-02	-1.135002e+01
1.953000e-05	1.144990e-02	-1.136113e+01
1.954000e-05	2.093849e-02	-1.139260e+01
1.955000e-05	1.964657e-02	-1.139566e+01
1.956000e-05	2.015788e-02	-1.143528e+01
1.957000e-05	1.707495e-02	-1.144726e+01
1.958000e-05	1.554318e-02	-1.144781e+01
1.959000e-05	1.854919e-02	-1.151984e+01
1.960000e-05	1.728398e-02	-1.152042e+01
1.961000e-05	1.842551e-02	-1.151844e+01
1.962000e-05	2.018993e-02	-1.151044e+01
1.963000e-05	2.397959e-02	-1.154952e+01
1.964000e-05	2.664589e-02	-1.155045e+01
1.965000e-05	2.504562e-02	-1.151039e+01
1.966000e-05	2.177788e-02	-1.154144e+01
1.967000e-05	2.224357e-02	-1.153937e+01
1.968000e-05	2.359834e-02	-1.146784e+01
1.969000e-05	2.663253e-02	-1.144832e+01
1.970000e-05	2.696750e-02	-1.144733e+01
1.971000e-05	2.777822e-02	-1.140470e+01
1.972000e-05	3.254301e-02	-1.136310e+01
1.973000e-05	3.234920e-02	-1.134255e+01
1.974000e-05	3.348482e-02	-1.126102e+01
1.975000e-05	2.938515e-02	-1.129096e+01
1.976000e-05	3.133796e-02	-1.121679e+01
1.977000e-05	3.327127e-02	-1.119676e+01
1.978000e-05	3.663801e-02	-1.116360e+01
1.979000e-05	3.591373e-02	-1.109907e+01
1.980000e-05	3.738426e-02	-1.109788e+01
1.981000e-05	3.979069e-02	-1.103726e+01
1.982000e-05	4.335203e-02	-1.095470e+01
1.983000e-05	4.335512e-02	-1.093252e+01
1.984000e-05	4.415364e-02	-1.089837e+01
1.985000e-05	4.479200e-02	-1.084520e+01
1.986000e-05	4.778478e-02	-1.079363e+01
1.987000e-05	4.999889e-02	-1.072952e+01
1.988000e-05	4.784312e-02	-1.065584e+01
1.989000e-05	4.724187e-02	-1.059515e+01
1.990000e-05	4.573137e-02	-1.055165e+01
1.991000e-05	4.521763e-02	-1.047899e+01
1.992000e-05	4.205545e-02	-1.044561e+01
1.993000e-05	3.921846e-02	-1.035214e+01
1.994000e-05	3.579347e-02	-1.023633e+01
1.995000e-05	3.381294e-02	-1.017363e+01
1.996000e-05	3.153508e-02	-1.008994e+01
1.997000e-05	2.790720e-02	-1.002566e+01
1.998000e-05	2.532560e-02	-9.918515e+00
1.999000e-05	2.306413e-02	-9.827809e+00
2.000000e-05	2.271912e-02	-9.742597e+00
2.001000e-05	2.070151e-02	-9.677392e+00
2.002000e-05	1.865767e-02	-9.593677e+00
2.003000e-05	1.557039e-02	-9.479463e+00
2.004000e-05	1.663077e-02	-9.383176e+00
2.005000e-05	1.311382e-02	-9.329365e+00
2.006000e-05	1.245095e-02	-9.164621e+00
2.007000e-05	1.292437e-02	-9.058964e+00
2.008000e-05	8.546740e-03	-8.952199e+00
2.009000e-05	1.160744e-02	-8.907411e+00
2.010000e-05	8.645387e-03	-8.751626e+00
2.011000e-05	1.247274e-02	-8.655808e+00
2.012000e-05	7.550031e-03	-8.532614e+00
2.013000e-05	8.455987e-03	-8.424226e+00
2.014000e-05	6.928152e-03	-8.299888e+00
2.015000e-05	4.903531e-03	-8.182196e+00
2.016000e-05	4.400758e-03	-8.097338e+00
2.017000e-05	3.731665e-03	-7.973048e+00
2.018000e-05	3.856959e-03	-7.775752e+00
2.019000e-05	6.342581e-03	-7.688884e+00
2.020000e-05	5.671294e-03	-7.550120e+00
2.021000e-05	3.990345e-03	-7.385750e+00
2.022000e-05	3.440377e-03	-7.296911e+00
2.023000e-05	1.288358e-03	-7.193070e+00
2.024000e-05	1.486131e-03	-7.014252e+00
2.025000e-05	-3.583544e-04	-6.886459e+00
2.026000e-05	1.826617e-03	-6.741469e+00
2.027000e-05	2.088149e-03	-6.594774e+00
2.028000e-05	3.074248e-03	-6.486859e+00
2.029000e-05	1.982833e-03	-6.362071e+00
2.030000e-05	6.087719e-04	-6.193749e+00
2.031000e-05	-1.371515e-04	-6.076782e+00
2.032000e-05	-9.456592e-04	-5.896887e+00
2.033000e-05	-1.520430e-03	-5.741640e+00
2.034000e-05	-1.995215e-03	-5.635229e+00
2.035000e-05	-1.116986e-03	-5.447381e+00
2.036000e-05	-8.653941e-04	-5.247862e+00
2.037000e-05	-7.364149e-04	-5.087415e+00
2.038000e-05	-1.083936e-03	-4.901144e+00
2.039000e-05	-2.391161e-03	-4.733095e+00
2.040000e-05	-3.078561e-03	-4.572172e+00
2.041000e-05	-2.874760e-03	-4.445880e+00
2.042000e-05	-2.558511e-03	-4.337992e+00
2.043000e-05	-4.262627e-03	-4.172223e+00
2.044000e-05	-3.323012e-03	-4.054305e+00
2.045000e-05	-4.078813e-03	-3.856390e+00
2.046000e-05	-2.966602e-03	-3.677562e+00
2.047000e-05	-3.676952e-03	-3.516940e+00
2.048000e-05	-3.969811e-03	-3.382074e+00
2.049000e-05	-3.718144e-03	-3.245255e+00
2.050000e-05	-3.935732e-03	-3.067361e+00
2.051000e-05	-5.115527e-03	-2.845933e+00
2.052000e-05	-5.520418e-03	-2.737994e+00
2.053000e-05	-4.959148e-03	-2.572225e+00
2.054000e-05	-5.468261e-03	-2.432254e+00
2.055000e-05	-4.666211e-03	-2.226407e+00
2.056000e-05	-5.428294e-03	-2.034354e+00
2.057000e-05	-5.052396e-03	-1.898388e+00
2.058000e-05	-5.575127e-03	-1.759617e+00
2.059000e-05	-5.814491e-03	-1.632624e+00
2.060000e-05	-6.223624e-03	-1.394278e+00
2.061000e-05	-6.497526e-03	-1.222176e+00
2.062000e-05	-6.765218e-03	-1.012830e+00
2.063000e-05	-6.387272e-03	-8.864080e-01
2.064000e-05	-6.632456e-03	-7.080434e-01
2.065000e-05	-6.552067e-03	-5.264832e-01
2.066000e-05	-6.402342e-03	-3.695699e-01
2.067000e-05	-7.649768e-03	-2.026476e-01
2.068000e-05	-6.669917e-03	-3.330795e-02
2.069000e-05	-2.804656e-03	7.358784e-02
2.070000e-05	1.541769e-04	3.345670e-01
2.071000e-05	-3.087941e-03	4.314792e-01
2.072000e-05	-9.527064e-04	5.697725e-01
2.073000e-05	-2.958329e-03	7.361472e-01
2.074000e-05	-3.059420e-03	8.635379e-01
2.075000e-05	-2.129582e-03	1.094543e+00
2.076000e-05	1.063484e-02	1.262058e+00
2.077000e-05	5.912389e-02	1.441405e+00
2.078000e-05	3.655868e-02	1.734666e+00
2.079000e-05	-3.713329e-02	1.906093e+00
2.080000e-05	-3.871637e-02	2.081483e+00
2.081000e-05	-8.167228e-02	2.178974e+00
2.082000e-05	-1.771506e-02	2.344112e+00
2.083000e-05	8.898409e-02	2.461482e+00
2.084000e-05	-1.130379e-01	2.643558e+00
2.085000e-05	2.559236e-02	2.789475e+00
2.086000e-05	9.577012e-02	2.984724e+00
2.087000e-05	-8.609553e-02	3.108270e+00
2.088000e-05	3.055176e-02	3.228976e+00
2.089000e-05	3.654683e-03	3.442934e+00
2.090000e-05	-8.421444e-02	3.619428e+00
2.091000e-05	4.305472e-02	3.746694e+00
2.092000e-05	5.654932e-03	3.946668e+00
2.093000e-05	-1.490181e-03	4.054012e+00
2.094000e-05	2.534139e-02	4.242934e+00
2.095000e-05	-5.352631e-02	4.432429e+00
2.096000e-05	1.231680e-02	4.578296e+00
2.097000e-05	-1.624603e-02	4.685715e+00
2.098000e-05	-5.220990e-03	4.864587e+00
2.099000e-05	-1.705914e-03	5.064091e+00
2.100000e-05	-1.643569e-03	5.265111e+00
2.101000e-05	1.519274e-02	5.411006e+00
2.102000e-05	-2.647187e-02	5.547795e+00
2.103000e-05	3.713207e-03	5.695691e+00
2.104000e-05	-2.154900e-02	5.843062e+00
2.105000e-05	-2.252923e-02	6.012981e+00
2.106000e-05	2.393784e-02	6.148370e+00
2.107000e-05	-7.792277e-03	6.264685e+00
2.108000e-05	-3.091122e-03	6.461978e+00
2.109000e-05	-1.095571e-02	6.590776e+00
2.110000e-05	-1.260857e-02	6.707292e+00
2.111000e-05	1.805817e-03	6.854582e+00
2.112000e-05	-1.911690e-02	6.990453e+00
2.113000e-05	-4.758243e-03	7.127242e+00
2.114000e-05	-2.098221e-02	7.265058e+00
2.115000e-05	8.243949e-03	7.443501e+00
2.116000e-05	-3.010402e-03	7.549379e+00
2.117000e-05	-1.244833e-02	7.726666e+00
2.118000e-05	-1.292193e-02	7.863110e+00
2.119000e-05	-1.524440e-02	7.970478e+00
2.120000e-05	5.723252e-04	8.138266e+00
2.121000e-05	-1.129876e-02	8.222633e+00
2.122000e-05	-1.171113e-02	8.338300e+00
2.123000e-05	-1.576833e-02	8.463582e+00
2.124000e-05	-4.300408e-03	8.530370e+00
2.125000e-05	-2.995698e-03	8.632538e+00
2.126000e-05	-1.279157e-02	8.738341e+00
2.127000e-05	-1.619892e-02	8.815084e+00
2.128000e-05	-1.221917e-02	8.940825e+00
2.129000e-05	-5.688783e-03	9.027235e+00
2.130000e-05	-9.963335e-03	9.189324e+00
2.131000e-05	-1.445649e-02	9.255212e+00
2.132000e-05	-1.620285e-02	9.380402e+00
2.133000e-05	-1.044816e-02	9.474612e+00
2.134000e-05	-1.010716e-02	9.551348e+00
2.135000e-05	-1.279773e-02	9.644602e+00
2.136000e-05	-1.385781e-02	9.699349e+00
2.137000e-05	-1.227490e-02	9.795458e+00
2.138000e-05	-1.001166e-02	9.927341e+00
2.139000e-05	-1.230397e-02	9.983079e+00
2.140000e-05	-1.691719e-02	1.006929e+01
2.141000e-05	-1.838365e-02	1.017147e+01
2.142000e-05	-1.409942e-02	1.024456e+01
2.143000e-05	-1.161913e-02	1.031774e+01
2.144000e-05	-1.369082e-02	1.042250e+01
2.145000e-05	-1.579677e-02	1.046671e+01
2.146000e-05	-1.510720e-02	1.054080e+01
2.147000e-05	-1.387494e-02	1.060458e+01
2.148000e-05	-1.595465e-02	1.061626e+01
2.149000e-05	-1.860476e-02	1.071942e+01
2.150000e-05	-1.995549e-02	1.081303e+01
2.151000e-05	-1.541730e-02	1.086436e+01
2.152000e-05	-1.437488e-02	1.089987e+01
2.153000e-05	-1.619743e-02	1.094942e+01
2.154000e-05	-1.883866e-02	1.095355e+01
2.155000e-05	-2.023355e-02	1.105368e+01
2.156000e-05	-1.863368e-02	1.108629e+01
2.157000e-05	-1.795106e-02	1.111879e+01
2.158000e-05	-2.042904e-02	1.116002e+01
2.159000e-05	-2.058944e-02	1.119250e+01
2.160000e-05	-2.070798e-02	1.125671e+01
2.161000e-05	-1.885976e-02	1.124818e+01
2.162000e-05	-2.162517e-02	1.129876e+01
2.163000e-05	-2.264254e-02	1.127040e+01
2.164000e-05	-2.449648e-02	1.131095e+01
2.165000e-05	-2.148419e-02	1.133198e+01
2.166000e-05	-2.187542e-02	1.138415e+01
2.167000e-05	-2.303123e-02	1.136470e+01
2.168000e-05	-2.541389e-02	1.138668e+01
2.169000e-05	-2.467470e-02	1.140466e+01
2.170000e-05	-2.469623e-02	1.138515e+01
2.171000e-05	-2.612076e-02	1.143565e+01
2.172000e-05	-2.804085e-02	1.143791e+01
2.173000e-05	-2.907137e-02	1.138721e+01
2.174000e-05	-2.767290e-02	1.139426e+01
2.175000e-05	-2.834364e-02	1.139623e+01
2.176000e-05	-2.975267e-02	1.143718e+01
2.177000e-05	-3.234973e-02	1.137773e+01
2.178000e-05	-3.207356e-02	1.136473e+01
2.179000e-05	-3.219570e-02	1.138560e+01
2.180000e-05	-3.435710e-02	1.133405e+01
2.181000e-05	-3.609816e-02	1.131110e+01
2.182000e-05	-3.672009e-02	1.131992e+01
2.183000e-05	-3.688533e-02	1.129094e+01
2.184000e-05	-3.738827e-02	1.128839e+01
2.185000e-05	-3.967241e-02	1.122670e+01
2.186000e-05	-4.090586e-02	1.122320e+01
2.187000e-05	-4.225854e-02	1.116250e+01
2.188000e-05	-4.195014e-02	1.107989e+01
2.189000e-05	-4.429019e-02	1.106686e+01
2.190000e-05	-4.628089e-02	1.105530e+01
2.191000e-05	-4.792253e-02	1.096263e+01
2.192000e-05	-4.887154e-02	1.094155e+01
2.193000e-05	-5.055650e-02	1.090899e+01
2.194000e-05	-5.277562e-02	1.086578e+01
2.195000e-05	-5.500185e-02	1.081365e+01
2.196000e-05	-5.597792e-02	1.069049e+01
2.197000e-05	-5.564495e-02	1.063788e+01
2.198000e-05	-5.598464e-02	1.056476e+01
2.199000e-05	-5.506790e-02	1.054307e+01
2.200000e-05	-5.453289e-02	1.047738e+01
2.201000e-05	-5.171525e-02	1.037363e+01
2.202000e-05	-4.904453e-02	1.030052e+01
2.203000e-05	-4.600665e-02	1.022871e+01
2.204000e-05	-4.430329e-02	1.015168e+01
2.205000e-05	-4.094339e-02	1.012996e+01
2.206000e-05	-3.876475e-02	1.003573e+01
2.207000e-05	-3.511639e-02	9.931489e+00
2.208000e-05	-3.357122e-02	9.815883e+00
2.209000e-05	-3.247216e-02	9.763599e+00
2.210000e-05	-2.939060e-02	9.688413e+00
2.211000e-05	-2.783251e-02	9.604118e+00
2.212000e-05	-2.746934e-02	9.499386e+00
2.213000e-05	-2.704064e-02	9.412698e+00
2.214000e-05	-2.525342e-02	9.298915e+00
2.215000e-05	-2.190920e-02	9.255176e+00
2.216000e-05	-2.163023e-02	9.099966e+00
2.217000e-05	-2.214817e-02	8.963699e+00
2.218000e-05	-2.118755e-02	8.888437e+00
2.219000e-05	-1.981022e-02	8.762598e+00
2.220000e-05	-1.891273e-02	8.656808e+00
2.221000e-05	-1.912760e-02	8.530996e+00
2.222000e-05	-1.917111e-02	8.456757e+00
2.223000e-05	-1.816992e-02	8.311074e+00
2.224000e-05	-1.576402e-02	8.224757e+00
2.225000e-05	-1.557877e-02	8.137937e+00
2.226000e-05	-1.587689e-02	7.991100e+00
2.227000e-05	-1.606816e-02	7.845759e+00
2.228000e-05	-1.446187e-02	7.700591e+00
2.229000e-05	-1.347900e-02	7.604204e+00
2.230000e-05	-1.247318e-02	7.426483e+00
2.231000e-05	-1.335357e-02	7.310091e+00
2.232000e-05	-1.306955e-02	7.141695e+00
2.233000e-05	-1.215877e-02	7.056780e+00
2.234000e-05	-1.221523e-02	6.898462e+00
2.235000e-05	-1.270064e-02	6.793673e+00
2.236000e-05	-1.190482e-02	6.616330e+00
2.237000e-05	-1.066824e-02	6.499032e+00
2.238000e-05	-1.072822e-02	6.331067e+00
2.239000e-05	-1.065387e-02	6.225229e+00
2.240000e-05	-1.114836e-02	6.099435e+00
2.241000e-05	-1.084805e-02	5.992121e+00
2.242000e-05	-1.041549e-02	5.784824e+00
2.243000e-05	-1.080095e-02	5.687854e+00
2.244000e-05	-1.025993e-02	5.506861e+00
2.245000e-05	-9.969697e-03	5.332666e+00
2.246000e-05	-8.743640e-03	5.182750e+00
2.247000e-05	-8.467654e-03	5.014250e+00
2.248000e-05	-9.216556e-03	4.844298e+00
2.249000e-05	-9.249463e-03	4.686333e+00
2.250000e-05	-9.115916e-03	4.518044e+00
2.251000e-05	-8.631896e-03	4.403199e+00
2.252000e-05	-8.144885e-03	4.226250e+00
2.253000e-05	-8.253880e-03	4.055325e+00
2.254000e-05	-8.683300e-03	3.936838e+00
2.255000e-05	-8.080251e-03	3.751592e+00
2.256000e-05	-7.551407e-03	3.592646e+00
2.257000e-05	-6.972127e-03	3.414301e+00
2.258000e-05	-6.948930e-03	3.254305e+00
2.259000e-05	-7.238371e-03	3.087888e+00
2.260000e-05	-6.966369e-03	2.919016e+00
2.261000e-05	-7.780238e-03	2.801625e+00
2.262000e-05	-6.878204e-03	2.615829e+00
2.263000e-05	-7.627242e-03	2.454254e+00
2.264000e-05	-7.226997e-03	2.256434e+00
2.265000e-05	-6.349284e-03	2.137962e+00
2.266000e-05	-6.368983e-03	1.971571e+00
2.267000e-05	-6.571039e-03	1.803276e+00
2.268000e-05	-6.165530e-03	1.634250e+00
2.269000e-05	-6.098529e-03	1.465879e+00
2.270000e-05	-5.547631e-03	1.286883e+00
2.271000e-05	-5.808612e-03	1.107413e+00
2.272000e-05	-5.646407e-03	8.668843e-01
2.273000e-05	-5.849628e-03	7.595171e-01
2.274000e-05	-5.298137e-03	5.620475e-01
2.275000e-05	-5.157918e-03	4.132739e-01
2.276000e-05	-4.933365e-03	2.858543e-01
2.277000e-05	-5.106991e-03	4.535527e-02
2.278000e-05	-3.245546e-03	-8.213679e-02
2.279000e-05	8.255626e-04	-2.510054e-01
2.280000e-05	2.349050e-03	-3.588976e-01
2.281000e-05	-4.653898e-04	-5.452260e-01
2.282000e-05	9.923383e-04	-7.372486e-01
2.283000e-05	-2.545987e-04	-8.735606e-01
2.284000e-05	-7.178445e-04	-1.029955e+00
2.285000e-05	3.271984e-03	-1.188375e+00
2.286000e-05	4.994982e-02	-1.357199e+00
2.287000e-05	7.429458e-02	-1.577776e+00
2.288000e-05	-2.908792e-02	-1.807782e+00
2.289000e-05	-2.344723e-02	-2.020980e+00
2.290000e-05	-9.457337e-02	-2.199908e+00
2.291000e-05	1.392063e-02	-2.307321e+00
2.292000e-05	9.360014e-02	-2.387475e+00
2.293000e-05	-1.333421e-01	-2.619330e+00
2.294000e-05	6.813670e-02	-2.758944e+00
2.295000e-05	8.532100e-02	-2.850030e+00
2.296000e-05	-1.402165e-01	-3.062541e+00
2.297000e-05	7.963669e-02	-3.273138e+00
2.298000e-05	1.183440e-02	-3.410403e+00
2.299000e-05	-1.157158e-01	-3.578373e+00
2.300000e-05	1.002983e-01	-3.675136e+00
2.301000e-05	-3.313192e-02	-3.851990e+00
2.302000e-05	2.872545e-02	-4.085065e+00
2.303000e-05	8.426059e-02	-4.200003e+00
2.304000e-05	-1.152682e-01	-4.356224e+00
2.305000e-05	7.068037e-02	-4.497166e+00
2.306000e-05	-2.426810e-02	-4.621082e+00
2.307000e-05	-2.311893e-02	-4.854038e+00
2.308000e-05	6.848159e-02	-4.990399e+00
2.309000e-05	-4.788878e-02	-5.157795e+00
2.310000e-05	6.710352e-02	-5.265270e+00
2.311000e-05	-3.083467e-02	-5.464217e+00
2.312000e-05	7.718411e-03	-5.653659e+00
2.313000e-05	2.379541e-02	-5.779851e+00
2.314000e-05	-6.318451e-02	-5.967295e+00
2.315000e-05	8.484293e-02	-6.064588e+00
2.316000e-05	-3.121304e-02	-6.230862e+00
2.317000e-05	2.631415e-02	-6.381483e+00
2.318000e-05	1.049666e-02	-6.526241e+00
2.319000e-05	-3.071380e-02	-6.675114e+00
2.320000e-05	5.564006e-02	-6.820448e+00
2.321000e-05	-4.329732e-02	-6.929750e+00
2.322000e-05	3.874603e-02	-7.136718e+00
2.323000e-05	-1.695575e-02	-7.203534e+00
2.324000e-05	2.193060e-02	-7.380875e+00
2.325000e-05	2.228310e-02	-7.504667e+00
2.326000e-05	-2.159693e-02	-7.633666e+00
2.327000e-05	2.503024e-02	-7.781955e+00
2.328000e-05	-2.432805e-02	-7.929377e+00
2.329000e-05	3.620433e-02	-8.075737e+00
2.330000e-05	-3.462468e-03	-8.181350e+00
2.331000e-05	9.544125e-03	-8.326743e+00
2.332000e-05	6.427414e-03	-8.399953e+00
2.333000e-05	4.731220e-03	-8.519323e+00
2.334000e-05	2.270134e-02	-8.643560e+00
2.335000e-05	-9.676641e-03	-8.787453e+00
2.336000e-05	1.105553e-02	-8.896741e+00
2.337000e-05	-4.703859e-03	-8.980975e+00
2.338000e-05	2.105009e-02	-9.064734e+00
2.339000e-05	7.297628e-03	-9.169825e+00
2.340000e-05	8.454238e-03	-9.286636e+00
2.341000e-05	4.662286e-03	-9.371449e+00
2.342000e-05	7.822709e-03	-9.446686e+00
2.343000e-05	1.389385e-02	-9.559950e+00
2.344000e-05	3.277972e-03	-9.675138e+00
2.345000e-05	9.037294e-03	-9.759895e+00
2.346000e-05	4.012325e-03	-9.833111e+00
2.347000e-05	1.846968e-02	-9.928268e+00
2.348000e-05	8.773462e-03	-1.002103e+01
2.349000e-05	1.011373e-02	-1.008774e+01
2.350000e-05	2.407122e-03	-1.013195e+01
2.351000e-05	1.020621e-02	-1.024571e+01
2.352000e-05	1.369271e-02	-1.034895e+01
2.353000e-05	1.090713e-02	-1.043514e+01
2.354000e-05	1.011373e-02	-1.051789e+01
2.355000e-05	6.699195e-03	-1.057148e+01
2.356000e-05	1.402571e-02	-1.060358e+01
2.357000e-05	1.181312e-02	-1.071621e+01
2.358000e-05	1.110799e-02	-1.072900e+01
2.359000e-05	6.684472e-03	-1.080355e+01
2.360000e-05	1.429951e-02	-1.085576e+01
2.361000e-05	1.569159e-02	-1.088789e+01
2.362000e-05	1.458458e-02	-1.093895e+01
2.363000e-05	9.463667e-03	-1.101358e+01
2.364000e-05	8.812750e-03	-1.109534e+01
2.365000e-05	1.384601e-02	-1.110035e+01
2.366000e-05	1.604414e-02	-1.115097e+01
2.367000e-05	1.576740e-02	-1.117355e+01
2.368000e-05	1.178909e-02	-1.120716e+01
2.369000e-05	1.547572e-02	-1.125674e+01
2.370000e-05	1.738862e-02	-1.125789e+01
2.371000e-05	1.701548e-02	-1.131094e+01
2.372000e-05	1.292454e-02	-1.134048e+01
2.373000e-05	1.319207e-02	-1.136253e+01
2.374000e-05	1.753484e-02	-1.140418e+01
2.375000e-05	1.971568e-02	-1.140321e+01
2.376000e-05	1.842901e-02	-1.148673e+01
2.377000e-05	1.643753e-02	-1.146589e+01
2.378000e-05	1.813736e-02	-1.149691e+01
2.379000e-05	2.137488e-02	-1.151084e+01
2.380000e-05	2.162072e-02	-1.150944e+01
2.381000e-05	1.945852e-02	-1.152894e+01
2.382000e-05	1.867674e-02	-1.149844e+01
2.383000e-05	2.198849e-02	-1.151995e+01
2.384000e-05	2.342533e-02	-1.153897e+01
2.385000e-05	2.369826e-02	-1.145839e+01
2.386000e-05	2.181351e-02	-1.150024e+01
2.387000e-05	2.480330e-02	-1.148936e+01
2.388000e-05	2.709881e-02	-1.145744e+01
2.389000e-05	2.804021e-02	-1.151631e+01
2.390000e-05	2.640621e-02	-1.141633e+01
2.391000e-05	2.638592e-02	-1.140575e+01
2.392000e-05	2.867867e-02	-1.139223e+01
2.393000e-05	3.045731e-02	-1.132157e+01
2.394000e-05	3.168861e-02	-1.131949e+01
2.395000e-05	3.150987e-02	-1.126789e+01
2.396000e-05	3.242463e-02	-1.122784e+01
2.397000e-05	3.404608e-02	-1.123422e+01
2.398000e-05	3.550818e-02	-1.112455e+01
2.399000e-05	3.600307e-02	-1.110999e+01
2.400000e-05	3.777329e-02	-1.104526e+01
2.401000e-05	4.006168e-02	-1.102520e+01
2.402000e-05	4.241427e-02	-1.100155e+01
2.403000e-05	4.414247e-02	-1.092045e+01
2.404000e-05	4.330603e-02	-1.085629e+01
2.405000e-05	4.550888e-02	-1.083668e+01
2.406000e-05	4.638993e-02	-1.079202e+01
2.407000e-05	4.924120e-02	-1.072999e+01
2.408000e-05	4.821737e-02	-1.066536e+01
2.409000e-05	4.702558e-02	-1.060408e+01
2.410000e-05	4.530895e-02	-1.052955e+01
2.411000e-05	4.386346e-02	-1.045784e+01
2.412000e-05	4.142807e-02	-1.038470e+01
2.413000e-05	3.775071e-02	-1.035052e+01
2.414000e-05	3.485471e-02	-1.018488e+01
2.415000e-05	3.268791e-02	-1.016357e+01
2.416000e-05	3.054885e-02	-1.006934e+01
2.417000e-05	2.720939e-02	-1.002472e+01
2.418000e-05	2.462141e-02	-9.869390e+00
2.419000e-05	2.356598e-02	-9.805206e+00
2.420000e-05	2.109960e-02	-9.731521e+00
2.421000e-05	1.910221e-02	-9.677314e+00
2.422000e-05	1.824815e-02	-9.554147e+00
2.423000e-05	1.681460e-02	-9.437840e+00
2.424000e-05	1.534965e-02	-9.353173e+00
2.425000e-05	1.336474e-02	-9.276391e+00
2.426000e-05	1.278577e-02	-9.152094e+00
2.427000e-05	1.219846e-02	-9.016261e+00
2.428000e-05	1.229055e-02	-8.941570e+00
2.429000e-05	1.156487e-02	-8.854332e+00
2.430000e-05	1.040953e-02	-8.720571e+00
2.431000e-05	8.692881e-03	-8.595408e+00
2.432000e-05	9.506632e-03	-8.511062e+00
2.433000e-05	4.664699e-03	-8.390577e+00
2.434000e-05	5.217475e-03	-8.276362e+00
2.435000e-05	6.232632e-03	-8.141621e+00
2.436000e-05	8.245463e-03	-8.025379e+00
2.437000e-05	3.813872e-03	-7.887517e+00
2.438000e-05	5.351867e-03	-7.743201e+00
2.439000e-05	5.491756e-03	-7.635403e+00
2.440000e-05	5.526563e-03	-7.488418e+00
2.441000e-05	1.503452e-03	-7.362671e+00
2.442000e-05	2.037795e-04	-7.247308e+00
2.443000e-05	2.098517e-03	-7.109012e+00
2.444000e-05	3.519629e-03	-6.962673e+00
2.445000e-05	3.961654e-03	-6.823704e+00
2.446000e-05	9.465250e-04	-6.696440e+00
2.447000e-05	1.749339e-03	-6.541146e+00
2.448000e-05	1.239317e-03	-6.464257e+00
2.449000e-05	2.283867e-03	-6.269016e+00
2.450000e-05	-2.979838e-04	-6.131220e+00
2.451000e-05	-1.494089e-03	-6.023621e+00
2.452000e-05	-1.594586e-03	-5.865308e+00
2.453000e-05	1.509986e-03	-5.697984e+00
2.454000e-05	-2.750585e-04	-5.563096e+00
2.455000e-05	-1.535830e-03	-5.383299e+00
2.456000e-05	-2.718208e-03	-5.222228e+00
2.457000e-05	-1.195409e-03	-5.064808e+00
2.458000e-05	-1.628995e-03	-4.816913e+00
2.459000e-05	-2.616310e-03	-4.725456e+00
2.460000e-05	-4.029443e-03	-4.529046e+00
2.461000e-05	-3.469437e-03	-4.381248e+00
2.462000e-05	-2.958340e-03	-4.294911e+00
2.463000e-05	-2.568695e-03	-4.138990e+00
2.464000e-05	-3.679937e-03	-4.002678e+00
2.465000e-05	-4.413222e-03	-3.835302e+00
2.466000e-05	-3.404182e-03	-3.654777e+00
2.467000e-05	-3.120014e-03	-3.478436e+00
2.468000e-05	-4.313807e-03	-3.368542e+00
2.469000e-05	-6.045660e-03	-3.191651e+00
2.470000e-05	-5.385966e-03	-3.004276e+00
2.471000e-05	-4.390008e-03	-2.823279e+00
2.472000e-05	-4.220134e-03	-2.645916e+00
2.473000e-05	-5.139261e-03	-2.509540e+00
2.474000e-05	-6.226225e-03	-2.389074e+00
2.475000e-05	-4.887465e-03	-2.201753e+00
2.476000e-05	-5.001598e-03	-2.022151e+00
2.477000e-05	-5.288773e-03	-1.864883e+00
2.478000e-05	-7.006901e-03	-1.718962e+00
2.479000e-05	-6.329334e-03	-1.560070e+00
2.480000e-05	-5.893405e-03	-1.369020e+00
2.481000e-05	-5.483382e-03	-1.168544e+00
2.482000e-05	-6.173866e-03	-9.911537e-01
2.483000e-05	-6.636613e-03	-8.322313e-01
2.484000e-05	-6.851101e-03	-6.438130e-01
2.485000e-05	-5.987260e-03	-4.844029e-01
2.486000e-05	-6.444668e-03	-3.073633e-01
2.487000e-05	-7.036993e-03	-2.200750e-01
2.488000e-05	-5.145299e-03	1.102882e-02
2.489000e-05	-6.005829e-04	1.467234e-01
2.490000e-05	-4.480013e-04	3.863498e-01
2.491000e-05	-5.734799e-04	5.240630e-01
2.492000e-05	-1.675697e-03	6.404828e-01
2.493000e-05	-3.338968e-03	7.883024e-01
2.494000e-05	-2.601446e-03	9.751932e-01
2.495000e-05	6.063705e-04	1.147371e+00
2.496000e-05	2.187567e-02	1.335170e+00
2.497000e-05	6.847398e-02	1.544071e+00
2.498000e-05	5.642133e-03	1.778829e+00
2.499000e-05	-3.829128e-02	1.997324e+00
2.500000e-05	-4.712476e-02	2.105567e+00
2.501000e-05	-8.472644e-02	2.242429e+00
2.502000e-05	3.387700e-02	2.326188e+00
2.503000e-05	4.667387e-02	2.534591e+00
2.504000e-05	-1.276390e-01	2.704296e+00
2.505000e-05	1.049177e-01	2.821456e+00
2.506000e-05	2.661578e-02	3.040931e+00
2.507000e-05	-7.636687e-02	3.157896e+00
2.508000e-05	6.250934e-02	3.263561e+00
2.509000e-05	-4.602793e-02	3.473493e+00
2.510000e-05	-5.313000e-02	3.661010e+00
2.511000e-05	5.581298e-02	3.799852e+00
2.512000e-05	-1.853224e-02	3.967897e+00
2.513000e-05	2.124199e-02	4.095084e+00
2.514000e-05	-3.505921e-04	4.326166e+00
2.515000e-05	-4.373246e-02	4.461085e+00
2.516000e-05	1.725981e-02	4.611927e+00
2.517000e-05	-2.663503e-02	4.748870e+00
2.518000e-05	8.386628e-03	4.918096e+00
2.519000e-05	-1.093838e-02	5.138299e+00
2.520000e-05	1.044485e-02	5.336166e+00
2.521000e-05	3.023091e-03	5.463684e+00
2.522000e-05	-2.590652e-02	5.599326e+00
2.523000e-05	1.168233e-02	5.727697e+00
2.524000e-05	-3.856413e-02	5.936266e+00
2.525000e-05	-2.216964e-03	6.063612e+00
2.526000e-05	1.488477e-02	6.169826e+00
2.527000e-05	-1.105370e-02	6.317244e+00
2.528000e-05	2.740961e-04	6.465085e+00
2.529000e-05	-1.922441e-02	6.603458e+00
2.530000e-05	-4.489685e-03	6.798420e+00
2.531000e-05	-8.522856e-03	6.927164e+00
2.532000e-05	-1.050093e-02	7.074062e+00
2.533000e-05	-9.438974e-03	7.138324e+00
2.534000e-05	-1.294476e-02	7.285666e+00
2.535000e-05	8.574624e-03	7.475658e+00
2.536000e-05	-9.459241e-03	7.590456e+00
2.537000e-05	-1.351199e-02	7.738298e+00
2.538000e-05	-1.703300e-02	7.886669e+00
2.539000e-05	-1.124505e-02	8.024535e+00
2.540000e-05	-1.175064e-03	8.140420e+00
2.541000e-05	-9.789658e-03	8.274709e+00
2.542000e-05	-8.367247e-03	8.389849e+00
2.543000e-05	-1.337540e-02	8.494186e+00
2.544000e-05	-4.958193e-03	8.611425e+00
2.545000e-05	-8.446301e-03	8.653159e+00
2.546000e-05	-1.588841e-02	8.779943e+00
2.547000e-05	-1.612346e-02	8.856192e+00
2.548000e-05	-1.242751e-02	8.982956e+00
2.549000e-05	-3.578228e-03	9.116736e+00
2.550000e-05	-9.030493e-03	9.232530e+00
2.551000e-05	-1.303411e-02	9.286240e+00
2.552000e-05	-1.516452e-02	9.351055e+00
2.553000e-05	-1.094012e-02	9.486240e+00
2.554000e-05	-1.066760e-02	9.591478e+00
2.555000e-05	-1.443311e-02	9.657661e+00
2.556000e-05	-1.472440e-02	9.739870e+00
2.557000e-05	-1.200228e-02	9.834707e+00
2.558000e-05	-8.550726e-03	9.968371e+00
2.559000e-05	-1.220972e-02	1.004513e+01
2.560000e-05	-1.723569e-02	1.010990e+01
2.561000e-05	-1.734659e-02	1.018255e+01
2.562000e-05	-1.271231e-02	1.026523e+01
2.563000e-05	-1.135271e-02	1.033834e+01
2.564000e-05	-1.477336e-02	1.040456e+01
2.565000e-05	-1.683301e-02	1.048929e+01
2.566000e-05	-1.643253e-02	1.052140e+01
2.567000e-05	-1.377244e-02	1.062403e+01
2.568000e-05	-1.581066e-02	1.068779e+01
2.569000e-05	-1.868452e-02	1.076997e+01
2.570000e-05	-1.874108e-02	1.083555e+01
2.571000e-05	-1.459630e-02	1.088627e+01
2.572000e-05	-1.370545e-02	1.090032e+01
2.573000e-05	-1.745638e-02	1.094145e+01
2.574000e-05	-2.052383e-02	1.102263e+01
2.575000e-05	-2.201113e-02	1.106466e+01
2.576000e-05	-1.672989e-02	1.110634e+01
2.577000e-05	-1.920979e-02	1.112999e+01
2.578000e-05	-2.042420e-02	1.116307e+01
2.579000e-05	-2.100852e-02	1.123463e+01
2.580000e-05	-1.987384e-02	1.123466e+01
2.581000e-05	-1.894712e-02	1.129724e+01
2.582000e-05	-2.149360e-02	1.130024e+01
2.583000e-05	-2.435678e-02	1.129089e+01
2.584000e-05	-2.444296e-02	1.129299e+01
2.585000e-05	-2.146136e-02	1.135302e+01
2.586000e-05	-2.192475e-02	1.135393e+01
2.587000e-05	-2.488091e-02	1.135413e+01
2.588000e-05	-2.669806e-02	1.140410e+01
2.589000e-05	-2.574190e-02	1.141524e+01
2.590000e-05	-2.442219e-02	1.143716e+01
2.591000e-05	-2.637867e-02	1.143768e+01
2.592000e-05	-2.819833e-02	1.139778e+01
2.593000e-05	-2.899212e-02	1.144476e+01
2.594000e-05	-2.809321e-02	1.143768e+01
2.595000e-05	-2.857785e-02	1.138623e+01
2.596000e-05	-3.104040e-02	1.142673e+01
2.597000e-05	-3.410438e-02	1.137513e+01
2.598000e-05	-3.330500e-02	1.137410e+01
2.599000e-05	-3.249422e-02	1.134257e+01
2.600000e-05	-3.393890e-02	1.137162e+01
2.601000e-05	-3.622243e-02	1.130995e+01
2.602000e-05	-3.811391e-02	1.129089e+01
2.603000e-05	-3.705628e-02	1.128679e+01
2.604000e-05	-3.791018e-02	1.126678e+01
2.605000e-05	-4.012506e-02	1.121663e+01
2.606000e-05	-4.301319e-02	1.123412e+01
2.607000e-05	-4.314895e-02	1.112157e+01
2.608000e-05	-4.112640e-02	1.107831e+01
2.609000e-05	-4.401698e-02	1.101684e+01
2.610000e-05	-4.647415e-02	1.102563e+01
2.611000e-05	-5.055984e-02	1.098105e+01
2.612000e-05	-4.849880e-02	1.091052e+01
2.613000e-05	-5.071997e-02	1.087836e+01
2.614000e-05	-5.234520e-02	1.086531e+01
2.615000e-05	-5.672755e-02	1.081315e+01
2.616000e-05	-5.603392e-02	1.071946e+01
2.617000e-05	-5.622967e-02	1.062631e+01
2.618000e-05	-5.442689e-02	1.055115e+01
2.619000e-05	-5.558788e-02	1.050147e+01
2.620000e-05	-5.431646e-02	1.047681e+01
2.621000e-05	-5.004232e-02	1.037215e+01
2.622000e-05	-4.674138e-02	1.028894e+01
2.623000e-05	-4.495780e-02	1.021518e+01
2.624000e-05	-4.317785e-02	1.013115e+01
2.625000e-05	-4.067954e-02	1.009789e+01
2.626000e-05	-3.742659e-02	1.003466e+01
2.627000e-05	-3.438254e-02	9.910145e+00
2.628000e-05	-3.252651e-02	9.816282e+00
2.629000e-05	-3.161052e-02	9.730024e+00
2.630000e-05	-2.950762e-02	9.616752e+00
2.631000e-05	-2.722544e-02	9.512496e+00
2.632000e-05	-2.560517e-02	9.474708e+00
2.633000e-05	-2.529227e-02	9.340969e+00
2.634000e-05	-2.503418e-02	9.277884e+00
2.635000e-05	-2.326952e-02	9.192598e+00
2.636000e-05	-2.111300e-02	9.066833e+00
2.637000e-05	-2.154850e-02	8.961096e+00
2.638000e-05	-2.111634e-02	8.856728e+00
2.639000e-05	-1.987858e-02	8.710392e+00
2.640000e-05	-1.804671e-02	8.614754e+00
2.641000e-05	-1.724266e-02	8.518994e+00
2.642000e-05	-1.779391e-02	8.432823e+00
2.643000e-05	-1.816272e-02	8.288440e+00
2.644000e-05	-1.660485e-02	8.173126e+00
2.645000e-05	-1.595246e-02	8.078937e+00
2.646000e-05	-1.517171e-02	7.909592e+00
2.647000e-05	-1.663550e-02	7.796753e+00
2.648000e-05	-1.505592e-02	7.700362e+00
2.649000e-05	-1.289309e-02	7.572145e+00
2.650000e-05	-1.289962e-02	7.374275e+00
2.651000e-05	-1.356930e-02	7.286409e+00
2.652000e-05	-1.387755e-02	7.119514e+00
2.653000e-05	-1.251594e-02	7.003701e+00
2.654000e-05	-1.181606e-02	6.897889e+00
2.655000e-05	-1.250823e-02	6.730572e+00
2.656000e-05	-1.221716e-02	6.574225e+00
2.657000e-05	-1.252811e-02	6.465905e+00
2.658000e-05	-1.079796e-02	6.327941e+00
2.659000e-05	-1.118875e-02	6.222650e+00
2.660000e-05	-1.103285e-02	6.056362e+00
2.661000e-05	-1.124788e-02	5.931020e+00
2.662000e-05	-1.011494e-02	5.762117e+00
2.663000e-05	-9.259248e-03	5.575228e+00
2.664000e-05	-1.049448e-02	5.485855e+00
2.665000e-05	-1.011771e-02	5.329538e+00
2.666000e-05	-1.062336e-02	5.170165e+00
2.667000e-05	-9.164982e-03	4.951092e+00
2.668000e-05	-8.506220e-03	4.773545e+00
2.669000e-05	-9.030928e-03	4.624780e+00
2.670000e-05	-8.606926e-03	4.496841e+00
2.671000e-05	-8.810774e-03	4.339520e+00
2.672000e-05	-7.942255e-03	4.151621e+00
2.673000e-05	-7.979386e-03	4.012149e+00
2.674000e-05	-8.084547e-03	3.854333e+00
2.675000e-05	-7.469651e-03	3.687362e+00
2.676000e-05	-7.766315e-03	3.581520e+00
2.677000e-05	-7.574729e-03	3.350691e+00
2.678000e-05	-7.324886e-03	3.224146e+00
2.679000e-05	-7.087131e-03	3.055782e+00
2.680000e-05	-7.467492e-03	2.889336e+00
2.681000e-05	-6.687399e-03	2.790517e+00
2.682000e-05	-6.361954e-03	2.582196e+00
2.683000e-05	-6.340932e-03	2.383596e+00
2.684000e-05	-6.286299e-03	2.224225e+00
2.685000e-05	-6.506418e-03	2.064357e+00
2.686000e-05	-5.706525e-03	1.959492e+00
2.687000e-05	-6.224784e-03	1.759517e+00
2.688000e-05	-6.352150e-03	1.620668e+00
2.689000e-05	-6.125920e-03	1.421726e+00
2.690000e-05	-5.045955e-03	1.224776e+00
2.691000e-05	-5.277848e-03	1.047358e+00
2.692000e-05	-4.643888e-03	8.347265e-01
2.693000e-05	-4.879335e-03	6.763830e-01
2.694000e-05	-5.255787e-03	5.394143e-01
2.695000e-05	-5.398455e-03	3.910473e-01
2.696000e-05	-5.131100e-03	2.211748e-01
2.697000e-05	-5.076325e-03	1.167631e-02
2.698000e-05	-3.134885e-03	-1.572212e-01
2.699000e-05	2.507069e-03	-3.036131e-01
2.700000e-05	2.294108e-03	-4.504550e-01
2.701000e-05	1.317759e-03	-6.488301e-01
2.702000e-05	6.228750e-04	-7.778751e-01
2.703000e-05	7.251207e-04	-9.252424e-01
2.704000e-05	-3.132247e-05	-1.051013e+00
2.705000e-05	9.815977e-03	-1.260530e+00
2.706000e-05	7.425284e-02	-1.430433e+00
2.707000e-05	3.744267e-02	-1.629908e+00
2.708000e-05	-3.100320e-02	-1.914539e+00
2.709000e-05	-3.593091e-02	-2.064563e+00
2.710000e-05	-1.001708e-01	-2.292693e+00
2.711000e-05	8.477886e-02	-2.316441e+00
2.712000e-05	2.193376e-02	-2.460958e+00
2.713000e-05	-1.299439e-01	-2.662062e+00
2.714000e-05	1.442052e-01	-2.769922e+00
2.715000e-05	-2.467080e-03	-2.933636e+00
2.716000e-05	-1.045660e-01	-3.159274e+00
2.717000e-05	1.183584e-01	-3.294741e+00
2.718000e-05	-6.868602e-02	-3.474008e+00
2.719000e-05	-5.776441e-02	-3.590458e+00
2.720000e-05	9.826452e-02	-3.706641e+00
2.721000e-05	-6.926299e-02	-3.957825e+00
2.722000e-05	9.591906e-02	-4.146274e+00
2.723000e-05	6.156045e-03	-4.211033e+00
2.724000e-05	-8.089348e-02	-4.389904e+00
2.725000e-05	8.875394e-02	-4.527768e+00
2.726000e-05	-7.732417e-02	-4.715767e+00
2.727000e-05	3.987409e-02	-4.875587e+00
2.728000e-05	2.208688e-02	-5.008982e+00
2.729000e-05	-2.508601e-02	-5.210827e+00
2.730000e-05	6.724927e-02	-5.298821e+00
2.731000e-05	-5.976514e-02	-5.567796e+00
2.732000e-05	4.861248e-02	-5.726316e+00
2.733000e-05	-2.807406e-02	-5.850981e+00
2.734000e-05	-1.625842e-02	-5.969451e+00
2.735000e-05	7.151345e-02	-6.087127e+00
2.736000e-05	-4.808229e-02	-6.285641e+00
2.737000e-05	5.754623e-02	-6.434556e+00
2.738000e-05	-3.182881e-02	-6.590421e+00
2.739000e-05	1.004024e-02	-6.715238e+00
2.740000e-05	2.400823e-02	-6.833587e+00
2.741000e-05	-3.180291e-02	-6.971350e+00
2.742000e-05	4.393040e-02	-7.165896e+00
2.743000e-05	-2.948185e-02	-7.265688e+00
2.744000e-05	4.618465e-02	-7.400958e+00
2.745000e-05	-7.523271e-03	-7.538301e+00
2.746000e-05	3.131021e-03	-7.709875e+00
2.747000e-05	1.026147e-02	-7.815763e+00
2.748000e-05	-1.529918e-02	-8.023003e+00
2.749000e-05	3.513096e-02	-8.078263e+00
2.750000e-05	-1.211719e-02	-8.222558e+00
2.751000e-05	2.208384e-02	-8.317290e+00
2.752000e-05	-5.341348e-03	-8.431957e+00
2.753000e-05	1.677579e-02	-8.529900e+00
2.754000e-05	1.194540e-02	-8.685691e+00
2.755000e-05	-1.356227e-03	-8.811953e+00
2.756000e-05	8.586580e-03	-8.926765e+00
2.757000e-05	-1.788856e-03	-9.003029e+00
2.758000e-05	2.243323e-02	-9.087767e+00
2.759000e-05	3.332308e-03	-9.209523e+00
2.760000e-05	1.281451e-02	-9.288696e+00
2.761000e-05	1.202195e-03	-9.403927e+00
2.762000e-05	1.220641e-02	-9.486218e+00
2.763000e-05	9.925484e-03	-9.602504e+00
2.764000e-05	7.998136e-03	-9.687768e+00
2.765000e-05	7.605490e-03	-9.741477e+00
2.766000e-05	6.835021e-03	-9.855112e+00
2.767000e-05	1.674183e-02	-9.998901e+00
2.768000e-05	8.228732e-03	-1.003308e+01
2.769000e-05	1.128916e-02	-1.007782e+01
2.770000e-05	1.767432e-03	-1.015301e+01
2.771000e-05	1.195124e-02	-1.025632e+01
2.772000e-05	1.184347e-02	-1.038050e+01
2.773000e-05	1.393979e-02	-1.046729e+01
2.774000e-05	8.774920e-03	-1.053742e+01
2.775000e-05	9.602737e-03	-1.056261e+01
2.776000e-05	1.332562e-02	-1.062311e+01
2.777000e-05	1.153708e-02	-1.068834e+01
2.778000e-05	1.048523e-02	-1.079003e+01
2.779000e-05	6.966227e-03	-1.083405e+01
2.780000e-05	1.359388e-02	-1.087719e+01
2.781000e-05	1.418964e-02	-1.091742e+01
2.782000e-05	1.521233e-02	-1.100105e+01
2.783000e-05	1.007428e-02	-1.099669e+01
2.784000e-05	1.056234e-02	-1.108579e+01
2.785000e-05	1.296395e-02	-1.102945e+01
2.786000e-05	1.548070e-02	-1.118058e+01
2.787000e-05	1.363657e-02	-1.117468e+01
2.788000e-05	1.211845e-02	-1.119618e+01
2.789000e-05	1.450682e-02	-1.125822e+01
2.790000e-05	1.762463e-02	-1.130892e+01
2.791000e-05	1.647303e-02	-1.133092e+01
2.792000e-05	1.379226e-02	-1.135050e+01
2.793000e-05	1.390828e-02	-1.138205e+01
2.794000e-05	1.717125e-02	-1.140358e+01
2.795000e-05	2.001999e-02	-1.144673e+01
2.796000e-05	1.811806e-02	-1.146531e+01
2.797000e-05	1.628467e-02	-1.146786e+01
2.798000e-05	1.742583e-02	-1.149789e+01
2.799000e-05	2.028861e-02	-1.149784e+01
2.800000e-05	2.064486e-02	-1.153802e+01
2.801000e-05	1.951253e-02	-1.153100e+01
2.802000e-05	1.973892e-02	-1.154989e+01
2.803000e-05	2.310831e-02	-1.152892e+01
2.804000e-05	2.480525e-02	-1.152095e+01
2.805000e-05	2.357258e-02	-1.152999e+01
2.806000e-05	2.151117e-02	-1.149932e+01
2.807000e-05	2.408131e-02	-1.147679e+01
2.808000e-05	2.715950e-02	-1.152486e+01
2.809000e-05	2.833430e-02	-1.147681e+01
2.810000e-05	2.679408e-02	-1.139571e+01
2.811000e-05	2.685582e-02	-1.136367e+01
2.812000e-05	3.025548e-02	-1.136203e+01
2.813000e-05	3.215953e-02	-1.135205e+01
2.814000e-05	3.211913e-02	-1.125052e+01
2.815000e-05	3.121532e-02	-1.127781e+01
2.816000e-05	3.236811e-02	-1.121834e+01
2.817000e-05	3.532473e-02	-1.118521e+01
2.818000e-05	3.741074e-02	-1.113204e+01
2.819000e-05	3.645426e-02	-1.112792e+01
2.820000e-05	3.762626e-02	-1.102731e+01
2.821000e-05	4.062572e-02	-1.102518e+01
2.822000e-05	4.353389e-02	-1.094455e+01
2.823000e-05	4.469677e-02	-1.089894e+01
2.824000e-05	4.488348e-02	-1.084729e+01
2.825000e-05	4.565795e-02	-1.080460e+01
2.826000e-05	4.871204e-02	-1.075310e+01
2.827000e-05	4.896362e-02	-1.070897e+01
2.828000e-05	4.786762e-02	-1.062326e+01
2.829000e-05	4.609827e-02	-1.055270e+01
2.830000e-05	4.426742e-02	-1.049839e+01
2.831000e-05	4.356000e-02	-1.049683e+01
2.832000e-05	4.176716e-02	-1.035270e+01
2.833000e-05	3.848247e-02	-1.029701e+01
2.834000e-05	3.428453e-02	-1.018473e+01
2.835000e-05	3.162781e-02	-1.012100e+01
2.836000e-05	2.939497e-02	-1.005831e+01
2.837000e-05	2.747073e-02	-9.960494e+00
2.838000e-05	2.383372e-02	-9.856811e+00
2.839000e-05	2.173003e-02	-9.772628e+00
2.840000e-05	2.068617e-02	-9.709994e+00
2.841000e-05	2.058505e-02	-9.665304e+00
2.842000e-05	1.770281e-02	-9.601549e+00
2.843000e-05	1.598645e-02	-9.416807e+00
2.844000e-05	1.400007e-02	-9.312122e+00
2.845000e-05	1.517568e-02	-9.226282e+00
2.846000e-05	1.356526e-02	-9.090516e+00
2.847000e-05	1.115984e-02	-9.025226e+00
2.848000e-05	9.046508e-03	-8.938517e+00
2.849000e-05	1.090697e-02	-8.823758e+00
2.850000e-05	9.657865e-03	-8.666960e+00
2.851000e-05	9.332052e-03	-8.572703e+00
2.852000e-05	6.136733e-03	-8.478310e+00
2.853000e-05	6.179355e-03	-8.349546e+00
2.854000e-05	6.756302e-03	-8.234803e+00
2.855000e-05	7.257513e-03	-8.098971e+00
2.856000e-05	4.547452e-03	-8.035230e+00
2.857000e-05	4.433801e-03	-7.875334e+00
2.858000e-05	5.904576e-03	-7.721615e+00
2.859000e-05	5.700330e-03	-7.553175e+00
2.860000e-05	3.144468e-03	-7.478833e+00
2.861000e-05	1.276780e-03	-7.298570e+00
2.862000e-05	2.295195e-03	-7.185729e+00
2.863000e-05	3.391733e-03	-7.046911e+00
2.864000e-05	2.853083e-03	-6.928098e+00
2.865000e-05	2.424072e-03	-6.793624e+00
2.866000e-05	1.806963e-03	-6.654859e+00
2.867000e-05	2.187788e-03	-6.530467e+00
2.868000e-05	9.468827e-04	-6.404225e+00
2.869000e-05	-5.047857e-04	-6.215359e+00
2.870000e-05	-1.972529e-03	-6.108941e+00
2.871000e-05	-1.231887e-03	-5.950070e+00
2.872000e-05	-4.381220e-04	-5.814229e+00
2.873000e-05	-5.438418e-05	-5.676912e+00
2.874000e-05	4.246458e-04	-5.531021e+00
2.875000e-05	-8.806519e-04	-5.333070e+00
2.876000e-05	-1.519823e-03	-5.161120e+00
2.877000e-05	-8.325449e-04	-5.024178e+00
2.878000e-05	-1.319451e-03	-4.805671e+00
2.879000e-05	-4.027640e-03	-4.645754e+00
2.880000e-05	-3.967923e-03	-4.505487e+00
2.881000e-05	-2.858143e-03	-4.392594e+00
2.882000e-05	-2.633927e-03	-4.253782e+00
2.883000e-05	-2.437253e-03	-4.105437e+00
2.884000e-05	-2.940932e-03	-3.931071e+00
2.885000e-05	-3.891906e-03	-3.761643e+00
2.886000e-05	-3.354023e-03	-3.621695e+00
2.887000e-05	-4.075665e-03	-3.434805e+00
2.888000e-05	-3.386991e-03	-3.307012e+00
2.889000e-05	-5.342281e-03	-3.141021e+00
2.890000e-05	-5.137336e-03	-2.970669e+00
2.891000e-05	-4.511835e-03	-2.782149e+00
2.892000e-05	-4.227667e-03	-2.603802e+00
2.893000e-05	-4.916895e-03	-2.485860e+00
2.894000e-05	-5.246638e-03	-2.328993e+00
2.895000e-05	-5.656077e-03	-2.139565e+00
2.896000e-05	-4.933076e-03	-1.990094e+00
2.897000e-05	-5.453697e-03	-1.844251e+00
2.898000e-05	-6.169755e-03	-1.634354e+00
2.899000e-05	-6.545355e-03	-1.507441e+00
2.900000e-05	-6.162137e-03	-1.274934e+00
2.901000e-05	-6.231609e-03	-1.095891e+00
2.902000e-05	-5.770868e-03	-9.394923e-01
2.903000e-05	-5.755533e-03	-7.896236e-01
2.904000e-05	-6.560793e-03	-5.942538e-01
2.905000e-05	-6.919001e-03	-4.441263e-01
2.906000e-05	-6.280590e-03	-3.058342e-01
2.907000e-05	-6.491135e-03	-1.269145e-01
2.908000e-05	-4.660279e-03	3.145257e-02
2.909000e-05	-1.054091e-03	2.083801e-01
2.910000e-05	-2.966825e-03	3.998513e-01
2.911000e-05	-6.468179e-04	5.456959e-01
2.912000e-05	-2.427392e-03	6.905105e-01
2.913000e-05	-3.061587e-03	8.499351e-01
2.914000e-05	-3.706572e-03	1.008379e+00
2.915000e-05	3.403311e-03	1.239330e+00
2.916000e-05	3.761379e-02	1.365301e+00
2.917000e-05	6.405531e-02	1.637802e+00
2.918000e-05	-2.192101e-02	1.861536e+00
2.919000e-05	-3.754035e-02	1.990925e+00
2.920000e-05	-6.168662e-02	2.146770e+00
2.921000e-05	-6.788900e-02	2.263508e+00
2.922000e-05	7.762299e-02	2.388346e+00
2.923000e-05	-2.777855e-02	2.581301e+00
2.924000e-05	-8.674680e-02	2.758819e+00
2.925000e-05	1.373877e-01	2.903536e+00
2.926000e-05	-4.364409e-02	3.063063e+00
2.927000e-05	-3.895983e-02	3.170445e+00
2.928000e-05	5.747041e-02	3.366598e+00
2.929000e-05	-8.252783e-02	3.566771e+00
2.930000e-05	-6.927633e-03	3.694638e+00
2.931000e-05	4.285090e-02	3.854034e+00
2.932000e-05	-2.338747e-02	4.020976e+00
2.933000e-05	3.492043e-02	4.176824e+00
2.934000e-05	-3.228857e-02	4.368395e+00
2.935000e-05	-1.887177e-02	4.494166e+00
2.936000e-05	6.371636e-03	4.642038e+00
2.937000e-05	-2.425961e-02	4.850873e+00
2.938000e-05	1.099561e-02	4.990505e+00
2.939000e-05	-1.231127e-02	5.238857e+00
2.940000e-05	1.821859e-02	5.379296e+00
2.941000e-05	-1.188686e-02	5.495240e+00
2.942000e-05	-1.484969e-02	5.632504e+00
2.943000e-05	2.282642e-03	5.778804e+00
2.944000e-05	-4.126159e-02	5.927370e+00
2.945000e-05	1.727713e-02	6.086241e+00
2.946000e-05	3.048915e-03	6.241558e+00
2.947000e-05	-7.882522e-03	6.368446e+00
2.948000e-05	-2.397804e-03	6.515671e+00
2.949000e-05	-2.020564e-02	6.654463e+00
2.950000e-05	5.999092e-04	6.771107e+00
2.951000e-05	-1.490753e-02	6.928369e+00
2.952000e-05	-4.176613e-03	7.074612e+00
2.953000e-05	-1.541523e-02	7.190550e+00
2.954000e-05	-3.875132e-03	7.369798e+00
2.955000e-05	5.578478e-03	7.495712e+00
2.956000e-05	-1.388648e-02	7.653556e+00
2.957000e-05	-1.136299e-02	7.791351e+00
2.958000e-05	-1.878020e-02	7.938793e+00
2.959000e-05	-3.338097e-03	8.074258e+00
2.960000e-05	-4.747921e-03	8.210453e+00
2.961000e-05	-1.123223e-02	8.295817e+00
2.962000e-05	-1.364593e-02	8.381073e+00
2.963000e-05	-9.142242e-03	8.506765e+00
2.964000e-05	-1.100416e-03	8.601932e+00
2.965000e-05	-1.048092e-02	8.665789e+00
2.966000e-05	-1.645393e-02	8.822926e+00
2.967000e-05	-1.582495e-02	8.907795e+00
2.968000e-05	-6.715621e-03	8.974108e+00
2.969000e-05	-5.403586e-03	9.127391e+00
2.970000e-05	-1.287316e-02	9.232633e+00
2.971000e-05	-1.727468e-02	9.298817e+00
2.972000e-05	-1.242460e-02	9.423032e+00
2.973000e-05	-7.966416e-03	9.517890e+00
2.974000e-05	-1.054982e-02	9.581955e+00
2.975000e-05	-1.610175e-02	9.708888e+00
2.976000e-05	-1.543288e-02	9.792450e+00
2.977000e-05	-8.799755e-03	9.856161e+00
2.978000e-05	-9.357503e-03	1.001050e+01
2.979000e-05	-1.573777e-02	1.008521e+01
2.980000e-05	-2.058568e-02	1.011890e+01
2.981000e-05	-1.632042e-02	1.021358e+01
2.982000e-05	-1.100700e-02	1.030576e+01
2.983000e-05	-1.139574e-02	1.036042e+01
2.984000e-05	-1.726735e-02	1.045361e+01
2.985000e-05	-1.700818e-02	1.049836e+01
2.986000e-05	-1.367219e-02	1.050351e+01
2.987000e-05	-1.380579e-02	1.065508e+01
2.988000e-05	-1.825556e-02	1.068832e+01
2.989000e-05	-2.136981e-02	1.077100e+01
2.990000e-05	-1.800224e-02	1.081611e+01
2.991000e-05	-1.313034e-02	1.086779e+01
2.992000e-05	-1.477755e-02	1.089872e+01
2.993000e-05	-1.968584e-02	1.096304e+01
2.994000e-05	-2.129688e-02	1.098410e+01
2.995000e-05	-1.925850e-02	1.105621e+01
2.996000e-05	-1.641669e-02	1.111679e+01
2.997000e-05	-1.926027e-02	1.116147e+01
2.998000e-05	-2.147727e-02	1.119100e+01
2.999000e-05	-2.079953e-02	1.122313e+01
3.000000e-05	-1.894298e-02	1.123871e+01
3.001000e-05	-1.926736e-02	1.127679e+01
3.002000e-05	-2.413628e-02	1.129789e+01
3.003000e-05	-2.515492e-02	1.130142e+01
3.004000e-05	-2.305718e-02	1.134155e+01
3.005000e-05	-2.032821e-02	1.135152e+01
3.006000e-05	-2.218610e-02	1.137460e+01
3.007000e-05	-2.523420e-02	1.137256e+01
3.008000e-05	-2.516010e-02	1.139671e+01
3.009000e-05	-2.416520e-02	1.142818e+01
3.010000e-05	-2.411154e-02	1.142721e+01
3.011000e-05	-2.734045e-02	1.138666e+01
3.012000e-05	-2.936390e-02	1.142723e+01
3.013000e-05	-2.893438e-02	1.145531e+01
3.014000e-05	-2.796094e-02	1.136529e+01
3.015000e-05	-2.857139e-02	1.139623e+01
3.016000e-05	-3.076831e-02	1.141473e+01
3.017000e-05	-3.175614e-02	1.133621e+01
3.018000e-05	-3.112507e-02	1.138370e+01
3.019000e-05	-3.233287e-02	1.131313e+01
3.020000e-05	-3.634116e-02	1.134205e+01
3.021000e-05	-3.867542e-02	1.133204e+01
3.022000e-05	-3.847105e-02	1.129047e+01
3.023000e-05	-3.621105e-02	1.125741e+01
3.024000e-05	-3.745311e-02	1.124826e+01
3.025000e-05	-4.030872e-02	1.122507e+01
3.026000e-05	-4.091583e-02	1.120249e+01
3.027000e-05	-4.064234e-02	1.114249e+01
3.028000e-05	-4.205218e-02	1.107784e+01
3.029000e-05	-4.623400e-02	1.102578e+01
3.030000e-05	-4.937427e-02	1.097315e+01
3.031000e-05	-5.122088e-02	1.095258e+01
3.032000e-05	-4.823578e-02	1.095047e+01
3.033000e-05	-5.105237e-02	1.086839e+01
3.034000e-05	-5.260055e-02	1.082175e+01
3.035000e-05	-5.543902e-02	1.076102e+01
3.036000e-05	-5.521658e-02	1.068939e+01
3.037000e-05	-5.521333e-02	1.062573e+01
3.038000e-05	-5.579276e-02	1.054167e+01
3.039000e-05	-5.739628e-02	1.050846e+01
3.040000e-05	-5.507907e-02	1.039376e+01
3.041000e-05	-4.940415e-02	1.035105e+01
3.042000e-05	-4.432154e-02	1.026584e+01
3.043000e-05	-4.354374e-02	1.017510e+01
3.044000e-05	-4.377032e-02	1.013952e+01
3.045000e-05	-4.040988e-02	1.004786e+01
3.046000e-05	-3.669627e-02	9.943198e+00
3.047000e-05	-3.391340e-02	9.879888e+00
3.048000e-05	-3.336866e-02	9.783228e+00
3.049000e-05	-3.152361e-02	9.697940e+00
3.050000e-05	-2.875359e-02	9.663702e+00
3.051000e-05	-2.661632e-02	9.520990e+00
3.052000e-05	-2.589385e-02	9.413755e+00
3.053000e-05	-2.634908e-02	9.351042e+00
3.054000e-05	-2.487203e-02	9.267307e+00
3.055000e-05	-2.166926e-02	9.130542e+00
3.056000e-05	-2.005504e-02	8.984829e+00
3.057000e-05	-2.074742e-02	8.930520e+00
3.058000e-05	-2.131612e-02	8.806675e+00
3.059000e-05	-1.938536e-02	8.679410e+00
3.060000e-05	-1.807464e-02	8.561725e+00
3.061000e-05	-1.795864e-02	8.467915e+00
3.062000e-05	-1.843244e-02	8.432649e+00
3.063000e-05	-1.792031e-02	8.215912e+00
3.064000e-05	-1.581278e-02	8.141120e+00
3.065000e-05	-1.535543e-02	8.005830e+00
3.066000e-05	-1.535808e-02	7.906934e+00
3.067000e-05	-1.619698e-02	7.753672e+00
3.068000e-05	-1.517399e-02	7.676307e+00
3.069000e-05	-1.242975e-02	7.519917e+00
3.070000e-05	-1.249638e-02	7.362645e+00
3.071000e-05	-1.257518e-02	7.246180e+00
3.072000e-05	-1.376507e-02	7.067388e+00
3.073000e-05	-1.263483e-02	6.962570e+00
3.074000e-05	-1.264350e-02	6.855280e+00
3.075000e-05	-1.224110e-02	6.667568e+00
3.076000e-05	-1.238142e-02	6.530624e+00
3.077000e-05	-1.031449e-02	6.413651e+00
3.078000e-05	-9.225140e-03	6.256889e+00
3.079000e-05	-9.889109e-03	6.130123e+00
3.080000e-05	-1.222075e-02	6.024854e+00
3.081000e-05	-1.190006e-02	5.838938e+00
3.082000e-05	-1.039858e-02	5.739089e+00
3.083000e-05	-9.049851e-03	5.599991e+00
3.084000e-05	-1.023586e-02	5.433778e+00
3.085000e-05	-1.092568e-02	5.306357e+00
3.086000e-05	-8.764218e-03	5.055908e+00
3.087000e-05	-7.626228e-03	4.868034e+00
3.088000e-05	-8.169581e-03	4.730041e+00
3.089000e-05	-9.727405e-03	4.582594e+00
3.090000e-05	-1.035438e-02	4.444778e+00
3.091000e-05	-7.442515e-03	4.296933e+00
3.092000e-05	-6.909402e-03	4.098857e+00
3.093000e-05	-8.611543e-03	3.960470e+00
3.094000e-05	-6.895618e-03	3.762173e+00
3.095000e-05	-1.066493e-02	3.655335e+00
3.096000e-05	-4.472607e-03	3.478942e+00
3.097000e-05	-9.065171e-03	3.307037e+00
3.098000e-05	-3.512911e-03	3.180021e+00
3.099000e-05	-9.009495e-03	3.003250e+00
3.100000e-05	-4.833184e-03	2.844830e+00
3.101000e-05	-7.242080e-03	2.708941e+00
3.102000e-05	-7.289584e-03	2.528981e+00
3.103000e-05	-9.193810e-03	2.319116e+00
3.104000e-05	-8.458395e-03	2.191200e+00
3.105000e-05	-6.023463e-03	2.033254e+00
3.106000e-05	-4.144553e-03	1.846335e+00
3.107000e-05	-4.004315e-03	1.747414e+00
3.108000e-05	-5.993025e-03	1.558438e+00
3.109000e-05	-5.794250e-03	1.351572e+00
3.110000e-05	-7.443432e-03	1.180672e+00
3.111000e-05	-6.214824e-03	9.721134e-01
3.112000e-05	-8.853389e-03	8.105986e-01
3.113000e-05	-5.313678e-03	6.437765e-01
3.114000e-05	-3.901161e-03	4.953318e-01
3.115000e-05	-3.169131e-03	3.490170e-01
3.116000e-05	-4.572596e-03	1.580380e-01
3.117000e-05	-5.113199e-03	-4.100652e-02
3.118000e-05	-1.636932e-03	-1.974024e-01
3.119000e-05	2.016129e-03	-3.161948e-01
3.120000e-05	2.695509e-04	-4.620342e-01
3.121000e-05	-2.666288e-05	-7.214407e-01
3.122000e-05	-7.024147e-04	-8.305290e-01
3.123000e-05	3.223407e-04	-9.673724e-01
3.124000e-05	1.923071e-03	-1.104137e+00
3.125000e-05	2.050255e-02	-1.293663e+00
3.126000e-05	9.091045e-02	-1.494072e+00
3.127000e-05	-3.739485e-03	-1.725595e+00
3.128000e-05	-2.364038e-02	-1.966752e+00
3.129000e-05	-6.061052e-02	-2.187352e+00
3.130000e-05	-7.216431e-02	-2.325295e+00
3.131000e-05	1.245375e-01	-2.347969e+00
3.132000e-05	-6.177789e-02	-2.543593e+00
3.133000e-05	-5.752544e-02	-2.727196e+00
3.134000e-05	1.556295e-01	-2.800998e+00
3.135000e-05	-9.149177e-02	-2.976205e+00
3.136000e-05	-2.886024e-02	-3.220957e+00
3.137000e-05	1.024065e-01	-3.326868e+00
3.138000e-05	-1.199984e-01	-3.534117e+00
3.139000e-05	2.684044e-02	-3.641480e+00
3.140000e-05	5.210695e-02	-3.786780e+00
3.141000e-05	-5.249399e-02	-4.020403e+00
3.142000e-05	1.254711e-01	-4.137920e+00
3.143000e-05	-7.564732e-02	-4.293587e+00
3.144000e-05	-1.547105e-02	-4.453136e+00
3.145000e-05	5.656292e-02	-4.539821e+00
3.146000e-05	-8.061204e-02	-4.767302e+00
3.147000e-05	8.216700e-02	-4.846292e+00
3.148000e-05	-2.399341e-02	-5.072633e+00
3.149000e-05	1.933708e-02	-5.273511e+00
3.150000e-05	3.408166e-02	-5.420959e+00
3.151000e-05	-4.941666e-02	-5.579978e+00
3.152000e-05	6.045452e-02	-5.718292e+00
3.153000e-05	-7.242644e-02	-5.863558e+00
3.154000e-05	4.140645e-02	-6.010529e+00
3.155000e-05	3.056128e-02	-6.128271e+00
3.156000e-05	-2.518534e-02	-6.346795e+00
3.157000e-05	5.817395e-02	-6.463710e+00
3.158000e-05	-5.411953e-02	-6.591404e+00
3.159000e-05	4.796958e-02	-6.758325e+00
3.160000e-05	-1.456743e-02	-6.885265e+00
3.161000e-05	-1.112831e-06	-7.004085e+00
3.162000e-05	1.915771e-02	-7.159446e+00
3.163000e-05	-1.857012e-02	-7.327218e+00
3.164000e-05	5.115354e-02	-7.423163e+00
3.165000e-05	-2.457802e-02	-7.610433e+00
3.166000e-05	2.355457e-02	-7.788380e+00
3.167000e-05	-1.180681e-02	-7.866293e+00
3.168000e-05	9.572428e-03	-8.043135e+00
3.169000e-05	2.200053e-02	-8.139847e+00
3.170000e-05	-9.518024e-03	-8.255636e+00
3.171000e-05	2.049616e-02	-8.349370e+00
3.172000e-05	-7.988611e-03	-8.496214e+00
3.173000e-05	2.631422e-02	-8.590982e+00
3.174000e-05	-1.926795e-03	-8.757793e+00
3.175000e-05	5.562827e-03	-8.824564e+00
3.176000e-05	9.609003e-04	-8.916397e+00
3.177000e-05	7.920474e-03	-9.023160e+00
3.178000e-05	1.875031e-02	-9.125842e+00
3.179000e-05	3.345267e-03	-9.243589e+00
3.180000e-05	1.008776e-02	-9.309399e+00
3.181000e-05	9.366439e-04	-9.414012e+00
3.182000e-05	1.579842e-02	-9.539346e+00
3.183000e-05	5.210921e-03	-9.612135e+00
3.184000e-05	9.704903e-03	-9.738295e+00
3.185000e-05	3.975457e-03	-9.802029e+00
3.186000e-05	1.326463e-02	-9.885817e+00
3.187000e-05	1.400807e-02	-9.989974e+00
3.188000e-05	8.746592e-03	-1.007713e+01
3.189000e-05	5.764442e-03	-1.012835e+01
3.190000e-05	4.812712e-03	-1.019453e+01
3.191000e-05	1.453159e-02	-1.028684e+01
3.192000e-05	1.207377e-02	-1.040258e+01
3.193000e-05	1.201337e-02	-1.046731e+01
3.194000e-05	6.467212e-03	-1.057090e+01
3.195000e-05	1.164112e-02	-1.060356e+01
3.196000e-05	1.136924e-02	-1.059479e+01
3.197000e-05	1.178050e-02	-1.073885e+01
3.198000e-05	7.858870e-03	-1.080261e+01
3.199000e-05	1.010808e-02	-1.084513e+01
3.200000e-05	1.615453e-02	-1.087931e+01
3.201000e-05	1.536695e-02	-1.093093e+01
3.202000e-05	1.311334e-02	-1.100405e+01
3.203000e-05	9.372360e-03	-1.101666e+01
3.204000e-05	1.245831e-02	-1.106837e+01
3.205000e-05	1.362234e-02	-1.113937e+01
3.206000e-05	1.471425e-02	-1.118312e+01
3.207000e-05	1.346142e-02	-1.116363e+01
3.208000e-05	1.496441e-02	-1.127781e+01
3.209000e-05	1.645416e-02	-1.126829e+01
3.210000e-05	1.725499e-02	-1.132052e+01
3.211000e-05	1.403488e-02	-1.132297e+01
3.212000e-05	1.374673e-02	-1.132355e+01
3.213000e-05	1.531066e-02	-1.139456e+01
3.214000e-05	1.877911e-02	-1.145468e+01
3.215000e-05	1.842902e-02	-1.148673e+01
3.216000e-05	1.831055e-02	-1.146769e+01
3.217000e-05	1.867083e-02	-1.151777e+01
3.218000e-05	1.982074e-02	-1.149876e+01
3.219000e-05	2.031661e-02	-1.151631e+01
3.220000e-05	2.037546e-02	-1.149149e+01
3.221000e-05	1.878259e-02	-1.153094e+01
3.222000e-05	2.118053e-02	-1.147947e+01
3.223000e-05	2.296415e-02	-1.155142e+01
3.224000e-05	2.407258e-02	-1.151099e+01
3.225000e-05	2.240193e-02	-1.150845e+01
3.226000e-05	2.346589e-02	-1.152034e+01
3.227000e-05	2.661391e-02	-1.147779e+01
3.228000e-05	2.824367e-02	-1.143784e+01
3.229000e-05	2.731584e-02	-1.143681e+01
3.230000e-05	2.701478e-02	-1.140523e+01
3.231000e-05	2.792870e-02	-1.134310e+01
3.232000e-05	3.070309e-02	-1.134317e+01
3.233000e-05	3.127889e-02	-1.132094e+01
3.234000e-05	3.139636e-02	-1.127797e+01
3.235000e-05	3.122326e-02	-1.124834e+01
3.236000e-05	3.466301e-02	-1.118626e+01
3.237000e-05	3.505332e-02	-1.123515e+01
3.238000e-05	3.619780e-02	-1.108090e+01
3.239000e-05	3.585449e-02	-1.109887e+01
3.240000e-05	3.864988e-02	-1.102428e+01
3.241000e-05	4.146578e-02	-1.096567e+01
3.242000e-05	4.337931e-02	-1.095200e+01
3.243000e-05	4.397469e-02	-1.087746e+01
3.244000e-05	4.469090e-02	-1.083778e+01
3.245000e-05	4.653413e-02	-1.082410e+01
3.246000e-05	4.872999e-02	-1.073105e+01
3.247000e-05	4.883464e-02	-1.065986e+01
3.248000e-05	4.756093e-02	-1.061531e+01
3.249000e-05	4.634084e-02	-1.054212e+01
3.250000e-05	4.496999e-02	-1.049947e+01
3.251000e-05	4.224279e-02	-1.041569e+01
3.252000e-05	3.808860e-02	-1.034204e+01
3.253000e-05	3.463324e-02	-1.025696e+01
3.254000e-05	3.286068e-02	-1.017568e+01
3.255000e-05	3.113028e-02	-1.011004e+01
3.256000e-05	2.891605e-02	-1.002426e+01
3.257000e-05	2.683808e-02	-9.930991e+00
3.258000e-05	2.369562e-02	-9.867784e+00
3.259000e-05	2.233922e-02	-9.782075e+00
3.260000e-05	2.013841e-02	-9.729041e+00
3.261000e-05	1.829954e-02	-9.625702e+00
3.262000e-05	1.538213e-02	-9.469466e+00
3.263000e-05	1.609364e-02	-9.393258e+00
3.264000e-05	1.364966e-02	-9.281042e+00
3.265000e-05	1.460758e-02	-9.225201e+00
3.266000e-05	1.297087e-02	-9.089512e+00
3.267000e-05	1.190647e-02	-8.953225e+00
3.268000e-05	1.039781e-02	-8.878417e+00
3.269000e-05	1.194845e-02	-8.793103e+00
3.270000e-05	9.031620e-03	-8.605858e+00
3.271000e-05	8.309919e-03	-8.532096e+00
3.272000e-05	5.620338e-03	-8.466729e+00
3.273000e-05	7.485247e-03	-8.279891e+00
3.274000e-05	5.184545e-03	-8.152200e+00
3.275000e-05	6.735685e-03	-8.089412e+00
3.276000e-05	5.250667e-03	-7.961624e+00
3.277000e-05	6.198953e-03	-7.826311e+00
3.278000e-05	6.519312e-03	-7.680140e+00
3.279000e-05	5.158323e-03	-7.542623e+00
3.280000e-05	3.216072e-03	-7.413753e+00
3.281000e-05	1.562467e-03	-7.317988e+00
3.282000e-05	1.901178e-03	-7.181071e+00
3.283000e-05	2.005173e-03	-7.013306e+00
3.284000e-05	2.722059e-03	-6.878934e+00
3.285000e-05	1.824857e-03	-6.752044e+00
3.286000e-05	3.154129e-03	-6.623307e+00
3.287000e-05	2.036094e-03	-6.507513e+00
3.288000e-05	1.428182e-03	-6.411600e+00
3.289000e-05	2.157302e-04	-6.204350e+00
3.290000e-05	-1.086269e-03	-6.056387e+00
3.291000e-05	3.934702e-05	-5.908438e+00
3.292000e-05	-7.708400e-04	-5.772196e+00
3.293000e-05	-4.717823e-04	-5.654783e+00
3.294000e-05	-9.168960e-04	-5.445436e+00
3.295000e-05	-5.911234e-04	-5.297915e+00
3.296000e-05	-1.656960e-03	-5.118541e+00
3.297000e-05	-1.392474e-03	-4.922543e+00
3.298000e-05	-2.984581e-03	-4.762219e+00
3.299000e-05	-2.826759e-03	-4.642196e+00
3.300000e-05	-3.218108e-03	-4.464859e+00
3.301000e-05	-3.365355e-03	-4.329047e+00
3.302000e-05	-3.488484e-03	-4.213177e+00
3.303000e-05	-3.171168e-03	-4.053304e+00
3.304000e-05	-3.435384e-03	-3.929513e+00
3.305000e-05	-2.961347e-03	-3.670090e+00
3.306000e-05	-4.030017e-03	-3.540097e+00
3.307000e-05	-4.027053e-03	-3.422120e+00
3.308000e-05	-4.305744e-03	-3.244356e+00
3.309000e-05	-6.111430e-03	-3.097033e+00
3.310000e-05	-2.250752e-03	-2.905482e+00
3.311000e-05	-7.758729e-03	-2.770021e+00
3.312000e-05	-4.151402e-03	-2.571171e+00
3.313000e-05	-7.863483e-03	-2.433277e+00
3.314000e-05	-3.480387e-03	-2.226914e+00
3.315000e-05	-4.695952e-03	-2.074857e+00
3.316000e-05	-4.278265e-03	-1.948391e+00
3.317000e-05	-4.089450e-03	-1.792149e+00
3.318000e-05	-8.196338e-03	-1.622676e+00
3.319000e-05	-5.985761e-03	-1.433352e+00
3.320000e-05	-9.781360e-03	-1.203299e+00
3.321000e-05	-7.099285e-03	-1.063782e+00
3.322000e-05	-6.399291e-03	-8.669632e-01
3.323000e-05	-4.350704e-03	-7.689423e-01
3.324000e-05	-4.480894e-03	-5.275658e-01
3.325000e-05	-4.381813e-03	-3.695488e-01
3.326000e-05	-7.861756e-03	-1.727791e-01
3.327000e-05	-7.683084e-03	-5.531045e-02
3.328000e-05	-4.673471e-03	1.040842e-01
3.329000e-05	-8.395086e-04	3.051142e-01
3.330000e-05	-2.834353e-03	4.404813e-01
3.331000e-05	5.581514e-04	6.062474e-01
3.332000e-05	-2.732524e-03	6.961668e-01
3.333000e-05	3.013345e-04	8.715142e-01
3.334000e-05	-3.904401e-03	1.080490e+00
3.335000e-05	1.248125e-02	1.241530e+00
3.336000e-05	5.258214e-02	1.441458e+00
3.337000e-05	4.642999e-02	1.724591e+00
3.338000e-05	-3.668663e-02	1.916042e+00
3.339000e-05	-3.702976e-02	2.040005e+00
3.340000e-05	-7.904263e-02	2.189371e+00
3.341000e-05	-3.151306e-02	2.304067e+00
3.342000e-05	9.114322e-02	2.430928e+00
3.343000e-05	-9.671939e-02	2.632937e+00
3.344000e-05	-1.974502e-03	2.798922e+00
3.345000e-05	1.112285e-01	2.956696e+00
3.346000e-05	-7.867312e-02	3.106294e+00
3.347000e-05	1.313318e-02	3.219476e+00
3.348000e-05	1.707894e-02	3.401281e+00
3.349000e-05	-9.008173e-02	3.588348e+00
3.350000e-05	3.475447e-02	3.718245e+00
3.351000e-05	1.581498e-02	3.946241e+00
3.352000e-05	-6.501908e-03	4.053507e+00
3.353000e-05	3.374792e-02	4.201905e+00
3.354000e-05	-4.962025e-02	4.410451e+00
3.355000e-05	6.086632e-03	4.566796e+00
3.356000e-05	-1.441499e-02	4.695711e+00
3.357000e-05	-1.303342e-02	4.833084e+00
3.358000e-05	1.661621e-03	5.073957e+00
3.359000e-05	-4.353901e-03	5.244584e+00
3.360000e-05	1.856601e-02	5.389385e+00
3.361000e-05	-2.291374e-02	5.547268e+00
3.362000e-05	2.358451e-03	5.655111e+00
3.363000e-05	-1.513556e-02	5.840485e+00
3.364000e-05	-3.028883e-02	5.970452e+00
3.365000e-05	2.071093e-02	6.137240e+00
3.366000e-05	-9.559542e-03	6.285163e+00
3.367000e-05	-4.540796e-03	6.391426e+00
3.368000e-05	-8.610712e-03	6.530221e+00
3.369000e-05	-1.300080e-02	6.697168e+00
3.370000e-05	2.272656e-03	6.853084e+00
3.371000e-05	-1.792307e-02	6.969950e+00
3.372000e-05	-3.044734e-03	7.096367e+00
3.373000e-05	-1.943756e-02	7.254062e+00
3.374000e-05	3.732009e-03	7.352954e+00
3.375000e-05	-2.758017e-03	7.506769e+00
3.376000e-05	-1.554304e-02	7.697163e+00
3.377000e-05	-1.236422e-02	7.842063e+00
3.378000e-05	-1.600934e-02	7.961349e+00
3.379000e-05	1.225802e-03	8.116861e+00
3.380000e-05	-1.035812e-02	8.222005e+00
3.381000e-05	-8.784888e-03	8.348318e+00
3.382000e-05	-1.445361e-02	8.472062e+00
3.383000e-05	-6.842342e-03	8.509372e+00
3.384000e-05	-5.427408e-03	8.642561e+00
3.385000e-05	-1.435392e-02	8.736791e+00
3.386000e-05	-1.598141e-02	8.823554e+00
3.387000e-05	-1.430016e-02	8.918895e+00
3.388000e-05	-3.956262e-03	9.015134e+00
3.389000e-05	-7.771610e-03	9.180021e+00
3.390000e-05	-1.330568e-02	9.264159e+00
3.391000e-05	-1.736896e-02	9.339394e+00
3.392000e-05	-1.012840e-02	9.433056e+00
3.393000e-05	-9.138861e-03	9.539840e+00
3.394000e-05	-1.380500e-02	9.613658e+00
3.395000e-05	-1.697574e-02	9.679352e+00
3.396000e-05	-1.287858e-02	9.794057e+00
3.397000e-05	-7.124106e-03	9.926866e+00
3.398000e-05	-1.045459e-02	1.002355e+01
3.399000e-05	-1.633772e-02	1.007679e+01
3.400000e-05	-1.946978e-02	1.015192e+01
3.401000e-05	-1.302137e-02	1.025308e+01
3.402000e-05	-1.024300e-02	1.033629e+01
3.403000e-05	-1.432303e-02	1.035100e+01
3.404000e-05	-1.745314e-02	1.046563e+01
3.405000e-05	-1.687375e-02	1.050882e+01
3.406000e-05	-1.176492e-02	1.058203e+01
3.407000e-05	-1.427219e-02	1.064573e+01
3.408000e-05	-1.947193e-02	1.072085e+01
3.409000e-05	-2.184507e-02	1.079205e+01
3.410000e-05	-1.425291e-02	1.085416e+01
3.411000e-05	-1.202803e-02	1.088934e+01
3.412000e-05	-1.639221e-02	1.092095e+01
3.413000e-05	-2.089549e-02	1.101147e+01
3.414000e-05	-2.144336e-02	1.105408e+01
3.415000e-05	-1.636254e-02	1.104723e+01
3.416000e-05	-1.638008e-02	1.113781e+01
3.417000e-05	-2.227797e-02	1.120155e+01
3.418000e-05	-2.290434e-02	1.120255e+01
3.419000e-05	-1.902684e-02	1.122510e+01
3.420000e-05	-1.581690e-02	1.127723e+01
3.421000e-05	-2.118343e-02	1.129839e+01
3.422000e-05	-2.586335e-02	1.126879e+01
3.423000e-05	-2.484887e-02	1.128042e+01
3.424000e-05	-2.032149e-02	1.131950e+01
3.425000e-05	-2.061914e-02	1.136300e+01
3.426000e-05	-2.471229e-02	1.136400e+01
3.427000e-05	-2.660961e-02	1.137526e+01
3.428000e-05	-2.440250e-02	1.138578e+01
3.429000e-05	-2.318058e-02	1.143468e+01
3.430000e-05	-2.601014e-02	1.140620e+01
3.431000e-05	-2.874573e-02	1.142621e+01
3.432000e-05	-2.874222e-02	1.143583e+01
3.433000e-05	-2.813360e-02	1.138586e+01
3.434000e-05	-2.808905e-02	1.138666e+01
3.435000e-05	-3.148034e-02	1.140675e+01
3.436000e-05	-3.318739e-02	1.141521e+01
3.437000e-05	-3.365846e-02	1.140618e+01
3.438000e-05	-3.170645e-02	1.136425e+01
3.439000e-05	-3.279406e-02	1.138517e+01
3.440000e-05	-3.589721e-02	1.130205e+01
3.441000e-05	-3.744254e-02	1.131100e+01
3.442000e-05	-3.687649e-02	1.131792e+01
3.443000e-05	-3.771576e-02	1.127823e+01
3.444000e-05	-3.942854e-02	1.124723e+01
3.445000e-05	-4.188237e-02	1.119513e+01
3.446000e-05	-4.190990e-02	1.115159e+01
3.447000e-05	-4.151502e-02	1.110147e+01
3.448000e-05	-4.354222e-02	1.106633e+01
3.449000e-05	-4.700224e-02	1.103618e+01
3.450000e-05	-4.792244e-02	1.095255e+01
3.451000e-05	-4.931899e-02	1.094149e+01
3.452000e-05	-4.935189e-02	1.088889e+01
3.453000e-05	-5.263378e-02	1.085576e+01
3.454000e-05	-5.555079e-02	1.083460e+01
3.455000e-05	-5.657176e-02	1.074944e+01
3.456000e-05	-5.663348e-02	1.063833e+01
3.457000e-05	-5.572675e-02	1.055578e+01
3.458000e-05	-5.559097e-02	1.053212e+01
3.459000e-05	-5.359633e-02	1.049884e+01
3.460000e-05	-5.171859e-02	1.041465e+01
3.461000e-05	-4.773870e-02	1.035997e+01
3.462000e-05	-4.606278e-02	1.023683e+01
3.463000e-05	-4.381800e-02	1.015268e+01
3.464000e-05	-4.244825e-02	1.012049e+01
3.465000e-05	-3.900956e-02	1.004574e+01
3.466000e-05	-3.630656e-02	9.972042e+00
3.467000e-05	-3.296651e-02	9.818932e+00
3.468000e-05	-3.176882e-02	9.763125e+00
3.469000e-05	-2.935775e-02	9.708286e+00
3.470000e-05	-2.800559e-02	9.583622e+00
3.471000e-05	-2.540999e-02	9.487835e+00
3.472000e-05	-2.558212e-02	9.382703e+00
3.473000e-05	-2.496009e-02	9.329368e+00
3.474000e-05	-2.380754e-02	9.235223e+00
3.475000e-05	-2.288672e-02	9.120493e+00
3.476000e-05	-2.151461e-02	8.973724e+00
3.477000e-05	-2.003979e-02	8.889437e+00
3.478000e-05	-1.962091e-02	8.792596e+00
3.479000e-05	-1.964783e-02	8.676312e+00
3.480000e-05	-1.785682e-02	8.571095e+00
3.481000e-05	-1.719958e-02	8.487256e+00
3.482000e-05	-1.668257e-02	8.331642e+00
3.483000e-05	-1.656134e-02	8.265707e+00
3.484000e-05	-1.656713e-02	8.119012e+00
3.485000e-05	-1.670271e-02	7.952141e+00
3.486000e-05	-1.659624e-02	7.897280e+00
3.487000e-05	-1.405770e-02	7.730491e+00
3.488000e-05	-1.321651e-02	7.614754e+00
3.489000e-05	-1.405434e-02	7.447934e+00
3.490000e-05	-1.404431e-02	7.350487e+00
3.491000e-05	-1.272912e-02	7.172572e+00
3.492000e-05	-1.172103e-02	7.075380e+00
3.493000e-05	-1.232568e-02	6.919541e+00
3.494000e-05	-1.310112e-02	6.793671e+00
3.495000e-05	-1.323529e-02	6.675857e+00
3.496000e-05	-1.113734e-02	6.510517e+00
3.497000e-05	-1.108731e-02	6.330091e+00
3.498000e-05	-1.138108e-02	6.244784e+00
3.499000e-05	-1.181049e-02	6.098936e+00
3.500000e-05	-1.061850e-02	5.992151e+00
3.501000e-05	-9.364661e-03	5.816854e+00
3.502000e-05	-9.836429e-03	5.708410e+00
3.503000e-05	-1.108541e-02	5.490488e+00
3.504000e-05	-1.069610e-02	5.351620e+00
3.505000e-05	-9.892389e-03	5.224172e+00
3.506000e-05	-8.808557e-03	5.024278e+00
3.507000e-05	-9.049955e-03	4.865300e+00
3.508000e-05	-9.405891e-03	4.708359e+00
3.509000e-05	-9.131594e-03	4.570018e+00
3.510000e-05	-8.773697e-03	4.413223e+00
3.511000e-05	-8.349377e-03	4.245277e+00
3.512000e-05	-8.782846e-03	4.084900e+00
3.513000e-05	-8.281081e-03	3.927468e+00
3.514000e-05	-8.333725e-03	3.739117e+00
3.515000e-05	-7.438516e-03	3.613225e+00
3.516000e-05	-8.594356e-03	3.423807e+00
3.517000e-05	-8.175864e-03	3.265929e+00
3.518000e-05	-6.975363e-03	3.108939e+00
3.519000e-05	-5.943196e-03	2.929046e+00
3.520000e-05	-5.837333e-03	2.833200e+00
3.521000e-05	-6.610292e-03	2.628409e+00
3.522000e-05	-6.942183e-03	2.475977e+00
3.523000e-05	-6.944828e-03	2.328957e+00
3.524000e-05	-5.438333e-03	2.099015e+00
3.525000e-05	-6.300599e-03	2.001073e+00
3.526000e-05	-6.258423e-03	1.855178e+00
3.527000e-05	-5.947446e-03	1.663258e+00
3.528000e-05	-5.381099e-03	1.506232e+00
3.529000e-05	-5.375228e-03	1.307990e+00
3.530000e-05	-5.315186e-03	1.170491e+00
3.531000e-05	-5.072294e-03	9.269143e-01
3.532000e-05	-5.638981e-03	7.590409e-01
3.533000e-05	-5.412178e-03	6.206461e-01
3.534000e-05	-5.467472e-03	4.542251e-01
3.535000e-05	-5.004033e-03	2.658330e-01
3.536000e-05	-4.845194e-03	6.488776e-02
3.537000e-05	-3.798347e-03	-7.306053e-02
3.538000e-05	1.518049e-03	-2.409051e-01
3.539000e-05	2.612702e-03	-3.878486e-01
3.540000e-05	1.200554e-04	-5.636673e-01
3.541000e-05	1.500589e-03	-7.447234e-01
3.542000e-05	2.709388e-04	-8.720357e-01
3.543000e-05	3.068114e-04	-9.789253e-01
3.544000e-05	2.734949e-03	-1.156749e+00
3.545000e-05	4.230675e-02	-1.337696e+00
3.546000e-05	8.141796e-02	-1.576322e+00
3.547000e-05	-2.645962e-02	-1.789306e+00
3.548000e-05	-2.305997e-02	-2.010882e+00
3.549000e-05	-8.718803e-02	-2.249881e+00
3.550000e-05	-7.202372e-03	-2.306771e+00
3.551000e-05	1.085889e-01	-2.397423e+00
3.552000e-05	-1.214333e-01	-2.580201e+00
3.553000e-05	4.189566e-02	-2.767826e+00
3.554000e-05	1.034452e-01	-2.860504e+00
3.555000e-05	-1.356554e-01	-3.073888e+00
3.556000e-05	5.825777e-02	-3.245009e+00
3.557000e-05	3.476306e-02	-3.400424e+00
3.558000e-05	-1.249958e-01	-3.557371e+00
3.559000e-05	8.973640e-02	-3.663666e+00
3.560000e-05	-1.584651e-02	-3.851338e+00
3.561000e-05	5.673566e-03	-4.073591e+00
3.562000e-05	9.926987e-02	-4.169848e+00
3.563000e-05	-1.123223e-01	-4.366825e+00
3.564000e-05	5.672107e-02	-4.467714e+00
3.565000e-05	-4.963247e-03	-4.621361e+00
3.566000e-05	-4.276645e-02	-4.812036e+00
3.567000e-05	7.656032e-02	-4.948374e+00
3.568000e-05	-4.920469e-02	-5.125642e+00
3.569000e-05	5.845604e-02	-5.305167e+00
3.570000e-05	-1.682136e-02	-5.473485e+00
3.571000e-05	-9.469355e-03	-5.672610e+00
3.572000e-05	3.887361e-02	-5.750325e+00
3.573000e-05	-7.259459e-02	-5.896295e+00
3.574000e-05	8.071886e-02	-6.064012e+00
3.575000e-05	-2.029960e-02	-6.251557e+00
3.576000e-05	1.418642e-02	-6.380955e+00
3.577000e-05	2.462060e-02	-6.496190e+00
3.578000e-05	-4.380357e-02	-6.662561e+00
3.579000e-05	5.720865e-02	-6.758948e+00
3.580000e-05	-4.463864e-02	-6.936825e+00
3.581000e-05	3.374286e-02	-7.066816e+00
3.582000e-05	-9.413485e-03	-7.243529e+00
3.583000e-05	1.427094e-02	-7.370425e+00
3.584000e-05	3.237402e-02	-7.444191e+00
3.585000e-05	-2.257814e-02	-7.665133e+00
3.586000e-05	2.645970e-02	-7.789930e+00
3.587000e-05	-2.511551e-02	-7.929444e+00
3.588000e-05	2.816853e-02	-8.075263e+00
3.589000e-05	-8.804940e-04	-8.160423e+00
3.590000e-05	6.116310e-03	-8.286211e+00
3.591000e-05	1.185891e-02	-8.349955e+00
3.592000e-05	3.613190e-03	-8.507743e+00
3.593000e-05	2.614744e-02	-8.591590e+00
3.594000e-05	-5.718526e-03	-8.800399e+00
3.595000e-05	1.040150e-02	-8.905137e+00
3.596000e-05	-6.419329e-03	-8.950979e+00
3.597000e-05	1.681235e-02	-9.064712e+00
3.598000e-05	9.374073e-03	-9.138945e+00
3.599000e-05	8.075171e-03	-9.285141e+00
3.600000e-05	7.281452e-03	-9.360448e+00
3.601000e-05	6.935898e-03	-9.475687e+00
3.602000e-05	1.626919e-02	-9.550527e+00
3.603000e-05	3.871496e-03	-9.655642e+00
3.604000e-05	1.020177e-02	-9.751424e+00
3.605000e-05	3.092973e-03	-9.803132e+00
3.606000e-05	1.626048e-02	-9.886340e+00
3.607000e-05	1.019170e-02	-1.001401e+01
3.608000e-05	1.000166e-02	-1.007680e+01
3.609000e-05	3.809906e-03	-1.014250e+01
3.610000e-05	8.005968e-03	-1.023513e+01
3.611000e-05	1.367746e-02	-1.031942e+01
3.612000e-05	1.230879e-02	-1.044411e+01
3.613000e-05	1.134818e-02	-1.051737e+01
3.614000e-05	7.503663e-03	-1.056090e+01
3.615000e-05	1.287607e-02	-1.060416e+01
3.616000e-05	1.063571e-02	-1.067629e+01
3.617000e-05	1.091413e-02	-1.074043e+01
3.618000e-05	6.059639e-03	-1.082156e+01
3.619000e-05	1.298569e-02	-1.089471e+01
3.620000e-05	1.567470e-02	-1.088631e+01
3.621000e-05	1.666365e-02	-1.096290e+01
3.622000e-05	1.223175e-02	-1.097211e+01
3.623000e-05	8.747843e-03	-1.106526e+01
3.624000e-05	1.241954e-02	-1.109824e+01
3.625000e-05	1.356914e-02	-1.111098e+01
3.626000e-05	1.498358e-02	-1.123210e+01
3.627000e-05	1.207493e-02	-1.119413e+01
3.628000e-05	1.354098e-02	-1.128679e+01
3.629000e-05	1.661530e-02	-1.127889e+01
3.630000e-05	1.727165e-02	-1.130091e+01
3.631000e-05	1.489915e-02	-1.134198e+01
3.632000e-05	1.372460e-02	-1.137208e+01
3.633000e-05	1.618930e-02	-1.139413e+01
3.634000e-05	1.915458e-02	-1.141571e+01
3.635000e-05	1.860139e-02	-1.143573e+01
3.636000e-05	1.641015e-02	-1.144681e+01
3.637000e-05	1.649185e-02	-1.150934e+01
3.638000e-05	1.935651e-02	-1.148841e+01
3.639000e-05	2.091846e-02	-1.149894e+01
3.640000e-05	1.996284e-02	-1.152052e+01
3.641000e-05	1.960490e-02	-1.148949e+01
3.642000e-05	2.064148e-02	-1.150800e+01
3.643000e-05	2.327592e-02	-1.149049e+01
3.644000e-05	2.420344e-02	-1.151040e+01
3.645000e-05	2.375839e-02	-1.147879e+01
3.646000e-05	2.180935e-02	-1.149942e+01
3.647000e-05	2.655935e-02	-1.150726e+01
3.648000e-05	2.544191e-02	-1.146681e+01
3.649000e-05	2.764440e-02	-1.142683e+01
3.650000e-05	2.742434e-02	-1.132368e+01
3.651000e-05	2.783890e-02	-1.140313e+01
3.652000e-05	3.437407e-02	-1.137152e+01
3.653000e-05	3.268262e-02	-1.131047e+01
3.654000e-05	3.446008e-02	-1.129837e+01
3.655000e-05	3.092455e-02	-1.120679e+01
3.656000e-05	3.369993e-02	-1.120563e+01
3.657000e-05	3.280651e-02	-1.111317e+01
3.658000e-05	3.389611e-02	-1.113192e+01
3.659000e-05	3.703013e-02	-1.104786e+01
3.660000e-05	3.963399e-02	-1.105673e+01
3.661000e-05	4.607327e-02	-1.099260e+01
3.662000e-05	4.628588e-02	-1.092099e+01
3.663000e-05	4.729133e-02	-1.084834e+01
3.664000e-05	4.480363e-02	-1.084571e+01
3.665000e-05	4.465591e-02	-1.077112e+01
3.666000e-05	4.509159e-02	-1.072992e+01
3.667000e-05	4.745039e-02	-1.067729e+01
3.668000e-05	4.757576e-02	-1.061273e+01
3.669000e-05	4.886230e-02	-1.055209e+01
3.670000e-05	4.783958e-02	-1.048892e+01
3.671000e-05	4.379207e-02	-1.039218e+01
3.672000e-05	3.822181e-02	-1.032952e+01
3.673000e-05	3.176798e-02	-1.022423e+01
3.674000e-05	3.062696e-02	-1.014270e+01
3.675000e-05	2.888416e-02	-1.010782e+01
3.676000e-05	2.967790e-02	-9.983746e+00
3.677000e-05	2.641540e-02	-9.929365e+00
3.678000e-05	2.630401e-02	-9.836707e+00
3.679000e-05	2.280124e-02	-9.751619e+00
3.680000e-05	2.064292e-02	-9.677935e+00
3.681000e-05	1.566549e-02	-9.563105e+00
3.682000e-05	1.451718e-02	-9.436337e+00
3.683000e-05	1.448460e-02	-9.383204e+00
3.684000e-05	1.450969e-02	-9.298990e+00
3.685000e-05	1.537702e-02	-9.172580e+00
3.686000e-05	1.199305e-02	-9.047388e+00
3.687000e-05	1.144446e-02	-8.972046e+00
3.688000e-05	1.118070e-02	-8.867807e+00
3.689000e-05	1.077062e-02	-8.671119e+00
3.690000e-05	7.370431e-03	-8.586331e+00
3.691000e-05	6.673818e-03	-8.529567e+00
3.692000e-05	5.370691e-03	-8.382200e+00
3.693000e-05	8.308521e-03	-8.286439e+00
3.694000e-05	6.434593e-03	-8.161623e+00
3.695000e-05	6.454634e-03	-8.075858e+00
3.696000e-05	4.259979e-03	-7.908521e+00
3.697000e-05	5.786225e-03	-7.764727e+00
3.698000e-05	4.117763e-03	-7.686305e+00
3.699000e-05	3.406319e-03	-7.518542e+00
3.700000e-05	2.171170e-03	-7.363174e+00
3.701000e-05	2.615961e-03	-7.297708e+00
3.702000e-05	3.557799e-03	-7.109586e+00
3.703000e-05	2.956379e-03	-6.964174e+00
3.704000e-05	1.417857e-03	-6.866358e+00
3.705000e-05	8.480722e-04	-6.687440e+00
3.706000e-05	1.207850e-03	-6.612650e+00
3.707000e-05	1.358293e-03	-6.465757e+00
3.708000e-05	8.330059e-04	-6.318992e+00
3.709000e-05	-1.116654e-03	-6.152175e+00
3.710000e-05	-2.396505e-04	-5.983699e+00
3.711000e-05	2.108961e-04	-5.864837e+00
3.712000e-05	5.416248e-04	-5.727966e+00
3.713000e-05	-1.243952e-03	-5.602124e+00
3.714000e-05	-9.322561e-04	-5.384753e+00
3.715000e-05	3.184016e-06	-5.206878e+00
3.716000e-05	-1.404853e-03	-5.076887e+00
3.717000e-05	-3.565939e-03	-4.876511e+00
3.718000e-05	-3.033670e-03	-4.708488e+00
3.719000e-05	-2.805259e-03	-4.519570e+00
3.720000e-05	-1.882102e-03	-4.443654e+00
3.721000e-05	-2.062479e-03	-4.297862e+00
3.722000e-05	-3.447845e-03	-4.138995e+00
3.723000e-05	-3.182461e-03	-4.033676e+00
3.724000e-05	-2.819534e-03	-3.835337e+00
3.725000e-05	-2.934391e-03	-3.665882e+00
3.726000e-05	-4.604217e-03	-3.507942e+00
3.727000e-05	-4.952282e-03	-3.330119e+00
3.728000e-05	-5.627340e-03	-3.173675e+00
3.729000e-05	-4.224867e-03	-3.044804e+00
3.730000e-05	-4.411932e-03	-2.833302e+00
3.731000e-05	-4.122846e-03	-2.677962e+00
3.732000e-05	-4.202396e-03	-2.519015e+00
3.733000e-05	-4.820543e-03	-2.400674e+00
3.734000e-05	-4.586032e-03	-2.211826e+00
3.735000e-05	-6.382104e-03	-2.011725e+00
3.736000e-05	-6.581891e-03	-1.886412e+00
3.737000e-05	-6.160335e-03	-1.696936e+00
3.738000e-05	-5.899381e-03	-1.580598e+00
3.739000e-05	-5.286035e-03	-1.361590e+00
3.740000e-05	-6.091318e-03	-1.180021e+00
3.741000e-05	-5.929314e-03	-9.717015e-01
3.742000e-05	-5.772423e-03	-8.537528e-01
3.743000e-05	-6.035875e-03	-7.073619e-01
3.744000e-05	-5.922151e-03	-4.959805e-01
3.745000e-05	-7.247515e-03	-3.194196e-01
3.746000e-05	-7.232779e-03	-1.600937e-01
3.747000e-05	-5.650370e-03	-1.222519e-02
3.748000e-05	-1.202817e-03	1.561631e-01
3.749000e-05	-2.397071e-03	3.671722e-01
3.750000e-05	-2.040150e-03	4.824827e-01
3.751000e-05	-6.082780e-04	6.314539e-01
3.752000e-05	-1.367569e-03	7.678711e-01
3.753000e-05	-2.411257e-03	8.850645e-01
3.754000e-05	-9.815968e-04	1.124620e+00
3.755000e-05	1.881659e-02	1.313066e+00
3.756000e-05	6.686208e-02	1.502021e+00
3.757000e-05	1.454562e-02	1.777274e+00
3.758000e-05	-4.024782e-02	1.956292e+00
3.759000e-05	-4.575981e-02	2.085137e+00
3.760000e-05	-8.432665e-02	2.209974e+00
3.761000e-05	2.059229e-02	2.324714e+00
3.762000e-05	6.106275e-02	2.503588e+00
3.763000e-05	-1.276432e-01	2.695166e+00
3.764000e-05	8.581481e-02	2.840003e+00
3.765000e-05	4.815745e-02	3.019828e+00
3.766000e-05	-8.157793e-02	3.157346e+00
3.767000e-05	5.498695e-02	3.272009e+00
3.768000e-05	-3.344315e-02	3.454037e+00
3.769000e-05	-6.461122e-02	3.642477e+00
3.770000e-05	5.524308e-02	3.788399e+00
3.771000e-05	-1.321240e-02	3.978350e+00
3.772000e-05	1.445270e-02	4.104582e+00
3.773000e-05	8.072555e-03	4.273141e+00
3.774000e-05	-4.770783e-02	4.463508e+00
3.775000e-05	1.837641e-02	4.599853e+00
3.776000e-05	-2.534287e-02	4.777244e+00
3.777000e-05	4.175224e-03	4.926171e+00
3.778000e-05	-9.883054e-03	5.116321e+00
3.779000e-05	7.981059e-03	5.335715e+00
3.780000e-05	8.376651e-03	5.442032e+00
3.781000e-05	-2.731350e-02	5.578921e+00
3.782000e-05	9.596883e-03	5.728164e+00
3.783000e-05	-3.410053e-02	5.886141e+00
3.784000e-05	-6.461766e-03	6.053557e+00
3.785000e-05	1.797047e-02	6.178974e+00
3.786000e-05	-1.116264e-02	6.286192e+00
3.787000e-05	-5.963564e-04	6.474605e+00
3.788000e-05	-1.681004e-02	6.592906e+00
3.789000e-05	-6.543320e-03	6.760421e+00
3.790000e-05	-4.891614e-03	6.895141e+00
3.791000e-05	-1.399045e-02	7.022004e+00
3.792000e-05	-7.622508e-03	7.137820e+00
3.793000e-05	-1.481956e-02	7.306163e+00
3.794000e-05	1.102710e-02	7.412508e+00
3.795000e-05	-7.037008e-03	7.629478e+00
3.796000e-05	-1.384145e-02	7.739345e+00
3.797000e-05	-1.759032e-02	7.854660e+00
3.798000e-05	-1.290991e-02	8.013483e+00
3.799000e-05	1.387159e-04	8.139442e+00
3.800000e-05	-1.072619e-02	8.285087e+00
3.801000e-05	-9.329014e-03	8.328852e+00
3.802000e-05	-1.239483e-02	8.446187e+00
3.803000e-05	-2.262536e-03	8.569877e+00
3.804000e-05	-6.672321e-03	8.653608e+00
3.805000e-05	-1.664329e-02	8.770345e+00
3.806000e-05	-1.660028e-02	8.868114e+00
3.807000e-05	-1.211997e-02	8.981355e+00
3.808000e-05	-4.007758e-03	9.066711e+00
3.809000e-05	-9.426236e-03	9.211074e+00
3.810000e-05	-1.387943e-02	9.287213e+00
3.811000e-05	-1.485879e-02	9.422348e+00
3.812000e-05	-9.380493e-03	9.436165e+00
3.813000e-05	-1.015791e-02	9.559871e+00
3.814000e-05	-1.407166e-02	9.655711e+00
3.815000e-05	-1.527766e-02	9.769324e+00
3.816000e-05	-1.239436e-02	9.814611e+00
3.817000e-05	-7.630515e-03	9.949916e+00
3.818000e-05	-1.267417e-02	1.001368e+01
3.819000e-05	-1.723667e-02	1.009732e+01
3.820000e-05	-1.862383e-02	1.015250e+01
3.821000e-05	-1.377355e-02	1.022563e+01
3.822000e-05	-1.083416e-02	1.033886e+01
3.823000e-05	-1.489027e-02	1.045298e+01
3.824000e-05	-1.646175e-02	1.045779e+01
3.825000e-05	-1.629182e-02	1.051247e+01
3.826000e-05	-1.385794e-02	1.061371e+01
3.827000e-05	-1.686586e-02	1.066829e+01
3.828000e-05	-1.974763e-02	1.077105e+01
3.829000e-05	-2.006519e-02	1.081252e+01
3.830000e-05	-1.520242e-02	1.088621e+01
3.831000e-05	-1.315814e-02	1.092934e+01
3.832000e-05	-1.664223e-02	1.095002e+01
3.833000e-05	-1.998356e-02	1.097363e+01
3.834000e-05	-2.118001e-02	1.100519e+01
3.835000e-05	-1.744767e-02	1.106621e+01
3.836000e-05	-1.872398e-02	1.112794e+01
3.837000e-05	-2.142463e-02	1.115249e+01
3.838000e-05	-2.163247e-02	1.119357e+01
3.839000e-05	-1.975141e-02	1.125310e+01
3.840000e-05	-1.892543e-02	1.125721e+01
3.841000e-05	-2.133304e-02	1.124736e+01
3.842000e-05	-2.497330e-02	1.132187e+01
3.843000e-05	-2.390505e-02	1.134290e+01
3.844000e-05	-2.057060e-02	1.133357e+01
3.845000e-05	-2.201841e-02	1.138353e+01
3.846000e-05	-2.490091e-02	1.135358e+01
3.847000e-05	-2.688745e-02	1.137618e+01
3.848000e-05	-2.486313e-02	1.141721e+01
3.849000e-05	-2.429646e-02	1.139626e+01
3.850000e-05	-2.585850e-02	1.141723e+01
3.851000e-05	-2.876932e-02	1.141623e+01
3.852000e-05	-2.798067e-02	1.140671e+01
3.853000e-05	-2.728901e-02	1.138676e+01
3.854000e-05	-2.774012e-02	1.139576e+01
3.855000e-05	-3.126704e-02	1.143523e+01
3.856000e-05	-3.329524e-02	1.138522e+01
3.857000e-05	-3.298292e-02	1.137358e+01
3.858000e-05	-3.186093e-02	1.132270e+01
3.859000e-05	-3.502800e-02	1.136205e+01
3.860000e-05	-3.621145e-02	1.132347e+01
3.861000e-05	-3.719753e-02	1.131197e+01
3.862000e-05	-3.543605e-02	1.125837e+01
3.863000e-05	-3.714525e-02	1.126573e+01
3.864000e-05	-3.866890e-02	1.120670e+01
3.865000e-05	-4.063894e-02	1.118305e+01
3.866000e-05	-4.263463e-02	1.114197e+01
3.867000e-05	-4.198800e-02	1.112044e+01
3.868000e-05	-4.417751e-02	1.103676e+01
3.869000e-05	-4.614822e-02	1.104415e+01
3.870000e-05	-5.019295e-02	1.097312e+01
3.871000e-05	-4.868824e-02	1.094102e+01
3.872000e-05	-5.053507e-02	1.089989e+01
3.873000e-05	-5.107722e-02	1.086578e+01
3.874000e-05	-5.554764e-02	1.075165e+01
3.875000e-05	-5.566237e-02	1.068049e+01
3.876000e-05	-5.550127e-02	1.061729e+01
3.877000e-05	-5.496062e-02	1.055272e+01
3.878000e-05	-5.629535e-02	1.050152e+01
3.879000e-05	-5.420353e-02	1.042776e+01
3.880000e-05	-5.149776e-02	1.038402e+01
3.881000e-05	-4.837456e-02	1.029039e+01
3.882000e-05	-4.330756e-02	1.019673e+01
3.883000e-05	-4.567074e-02	1.017160e+01
3.884000e-05	-4.135196e-02	1.010788e+01
3.885000e-05	-3.814369e-02	1.003573e+01
3.886000e-05	-3.521252e-02	9.900513e+00
3.887000e-05	-3.083682e-02	9.835355e+00
3.888000e-05	-3.202810e-02	9.721572e+00
3.889000e-05	-2.734120e-02	9.657854e+00
3.890000e-05	-2.884324e-02	9.570070e+00
3.891000e-05	-2.724292e-02	9.436262e+00
3.892000e-05	-2.946453e-02	9.351599e+00
3.893000e-05	-2.551368e-02	9.288834e+00
3.894000e-05	-2.276975e-02	9.223596e+00
3.895000e-05	-1.993060e-02	9.047888e+00
3.896000e-05	-1.869701e-02	8.961599e+00
3.897000e-05	-1.959488e-02	8.859860e+00
3.898000e-05	-1.935514e-02	8.720519e+00
3.899000e-05	-2.102527e-02	8.605229e+00
3.900000e-05	-2.269988e-02	8.511018e+00
3.901000e-05	-1.858083e-02	8.454734e+00
3.902000e-05	-2.072083e-02	8.278466e+00
3.903000e-05	-1.309625e-02	8.224205e+00
3.904000e-05	-1.561745e-02	8.037958e+00
3.905000e-05	-1.342922e-02	7.949995e+00
3.906000e-05	-1.430185e-02	7.814803e+00
3.907000e-05	-1.298880e-02	7.688412e+00
3.908000e-05	-1.475028e-02	7.563196e+00
3.909000e-05	-1.723377e-02	7.415805e+00
3.910000e-05	-1.606445e-02	7.288537e+00
3.911000e-05	-1.472283e-02	7.149491e+00
3.912000e-05	-1.159294e-02	7.013151e+00
3.913000e-05	-9.549703e-03	6.906912e+00
3.914000e-05	-1.019594e-02	6.772071e+00
3.915000e-05	-1.119255e-02	6.594274e+00
3.916000e-05	-1.015036e-02	6.467853e+00
3.917000e-05	-1.382042e-02	6.308941e+00
3.918000e-05	-1.287679e-02	6.202178e+00
3.919000e-05	-1.480981e-02	6.065806e+00
3.920000e-05	-9.246599e-03	5.949995e+00
3.921000e-05	-7.920097e-03	5.782747e+00
3.922000e-05	-7.987175e-03	5.596828e+00
3.923000e-05	-8.375581e-03	5.484909e+00
3.924000e-05	-1.118039e-02	5.339043e+00
3.925000e-05	-8.983709e-03	5.163145e+00
3.926000e-05	-1.098289e-02	4.952145e+00
3.927000e-05	-9.951412e-03	4.774120e+00
3.928000e-05	-9.840905e-03	4.636804e+00
3.929000e-05	-6.477847e-03	4.486937e+00
3.930000e-05	-7.503809e-03	4.362594e+00
3.931000e-05	-7.644120e-03	4.173727e+00
3.932000e-05	-8.685686e-03	4.012748e+00
3.933000e-05	-8.920274e-03	3.895280e+00
3.934000e-05	-8.330474e-03	3.718491e+00
3.935000e-05	-6.957231e-03	3.592145e+00
3.936000e-05	-7.043381e-03	3.383725e+00
3.937000e-05	-7.915142e-03	3.222800e+00
3.938000e-05	-6.248284e-03	3.067307e+00
3.939000e-05	-7.067530e-03	2.916960e+00
3.940000e-05	-5.979284e-03	2.771097e+00
3.941000e-05	-7.822794e-03	2.560744e+00
3.942000e-05	-7.091359e-03	2.391570e+00
3.943000e-05	-6.067354e-03	2.275303e+00
3.944000e-05	-5.591592e-03	2.077808e+00
3.945000e-05	-6.827053e-03	1.889041e+00
3.946000e-05	-7.223310e-03	1.782171e+00
3.947000e-05	-5.714525e-03	1.573671e+00
3.948000e-05	-5.190639e-03	1.423270e+00
3.949000e-05	-5.505689e-03	1.265380e+00
3.950000e-05	-7.147664e-03	1.086405e+00
3.951000e-05	-6.747941e-03	8.938554e-01
3.952000e-05	-5.768914e-03	6.874106e-01
3.953000e-05	-4.554168e-03	5.385396e-01
3.954000e-05	-5.787949e-03	4.011488e-01
3.955000e-05	-5.651188e-03	2.017801e-01
3.956000e-05	-5.004860e-03	3.272500e-02
3.957000e-05	-2.300017e-03	-1.041698e-01
3.958000e-05	1.876274e-03	-3.235843e-01
3.959000e-05	1.429462e-03	-4.094514e-01
3.960000e-05	-4.812056e-04	-6.152303e-01
3.961000e-05	-2.757105e-05	-7.673013e-01
3.962000e-05	-5.632490e-04	-9.041682e-01
3.963000e-05	-9.808204e-04	-1.051037e+00
3.964000e-05	7.767522e-03	-1.191403e+00
3.965000e-05	6.781830e-02	-1.367879e+00
3.966000e-05	5.059896e-02	-1.599832e+00
3.967000e-05	-3.111374e-02	-1.892016e+00
3.968000e-05	-3.085111e-02	-2.073566e+00
3.969000e-05	-1.016213e-01	-2.304186e+00
3.970000e-05	6.514008e-02	-2.344915e+00
3.971000e-05	4.226738e-02	-2.430404e+00
3.972000e-05	-1.312632e-01	-2.672533e+00
3.973000e-05	1.267073e-01	-2.767425e+00
3.974000e-05	2.519335e-02	-2.872510e+00
3.975000e-05	-1.185440e-01	-3.156702e+00
3.976000e-05	1.089561e-01	-3.303739e+00
3.977000e-05	-4.190318e-02	-3.470909e+00
3.978000e-05	-7.920707e-02	-3.599434e+00
3.979000e-05	1.071355e-01	-3.724138e+00
3.980000e-05	-6.637856e-02	-3.925747e+00
3.981000e-05	7.943715e-02	-4.135217e+00
3.982000e-05	2.736528e-02	-4.241482e+00
3.983000e-05	-9.614077e-02	-4.400832e+00
3.984000e-05	8.742178e-02	-4.477292e+00
3.985000e-05	-6.262304e-02	-4.693090e+00
3.986000e-05	2.630074e-02	-4.866113e+00
3.987000e-05	3.964106e-02	-5.001903e+00
3.988000e-05	-3.466159e-02	-5.177350e+00
3.989000e-05	6.846638e-02	-5.378346e+00
3.990000e-05	-5.681135e-02	-5.526619e+00
3.991000e-05	3.588072e-02	-5.716191e+00
3.992000e-05	-1.207481e-02	-5.812428e+00
3.993000e-05	-3.344661e-02	-5.986373e+00
3.994000e-05	8.271783e-02	-6.106666e+00
3.995000e-05	-4.544244e-02	-6.245090e+00
3.996000e-05	5.371089e-02	-6.423154e+00
3.997000e-05	-2.058834e-02	-6.528825e+00
3.998000e-05	-4.392583e-03	-6.674716e+00
3.999000e-05	3.371025e-02	-6.804504e+00
4.000000e-05	-3.968994e-02	-7.001884e+00
4.001000e-05	4.691699e-02	-7.096771e+00
4.002000e-05	-2.782987e-02	-7.255113e+00
4.003000e-05	4.195775e-02	-7.390979e+00
4.004000e-05	1.280426e-03	-7.527190e+00
4.005000e-05	-2.464642e-03	-7.696818e+00
4.006000e-05	1.705567e-02	-7.834584e+00
4.007000e-05	-1.997193e-02	-7.981475e+00
4.008000e-05	3.533443e-02	-8.108165e+00
4.009000e-05	-1.368432e-02	-8.202480e+00
4.010000e-05	2.159947e-02	-8.285795e+00
4.011000e-05	-1.261513e-03	-8.402084e+00
4.012000e-05	1.238748e-02	-8.542429e+00
4.013000e-05	1.275080e-02	-8.685536e+00
4.014000e-05	-3.528801e-03	-8.772081e+00
4.015000e-05	1.200987e-02	-8.916239e+00
4.016000e-05	-2.720962e-03	-8.991504e+00
4.017000e-05	2.141497e-02	-9.076761e+00
4.018000e-05	2.126515e-03	-9.190453e+00
4.019000e-05	1.200787e-02	-9.325319e+00
4.020000e-05	2.700697e-03	-9.360925e+00
4.021000e-05	9.732035e-03	-9.487265e+00
4.022000e-05	7.572067e-03	-9.550581e+00
4.023000e-05	6.562073e-03	-9.687269e+00
4.024000e-05	1.186083e-02	-9.781454e+00
4.025000e-05	6.565061e-03	-9.852734e+00
4.026000e-05	1.561002e-02	-9.939346e+00
4.027000e-05	5.624848e-03	-1.002513e+01
4.028000e-05	1.145477e-02	-1.006732e+01
4.029000e-05	1.933879e-03	-1.016393e+01
4.030000e-05	1.034177e-02	-1.024626e+01
4.031000e-05	8.643076e-03	-1.035895e+01
4.032000e-05	1.287605e-02	-1.044321e+01
4.033000e-05	1.185417e-02	-1.048982e+01
4.034000e-05	1.128623e-02	-1.056160e+01
4.035000e-05	1.252313e-02	-1.063518e+01
4.036000e-05	1.052789e-02	-1.072682e+01
4.037000e-05	1.209660e-02	-1.074995e+01
4.038000e-05	7.653077e-03	-1.086508e+01
4.039000e-05	1.344511e-02	-1.085571e+01
4.040000e-05	1.178760e-02	-1.090027e+01
4.041000e-05	1.420419e-02	-1.096195e+01
4.042000e-05	1.200836e-02	-1.101663e+01
4.043000e-05	1.211824e-02	-1.108579e+01
4.044000e-05	1.308207e-02	-1.114027e+01
4.045000e-05	1.446898e-02	-1.116143e+01
4.046000e-05	1.404720e-02	-1.116313e+01
4.047000e-05	1.427867e-02	-1.119578e+01
4.048000e-05	1.495128e-02	-1.124877e+01
4.049000e-05	1.463066e-02	-1.132089e+01
4.050000e-05	1.526247e-02	-1.127047e+01
4.051000e-05	1.487610e-02	-1.135100e+01
4.052000e-05	1.608749e-02	-1.135403e+01
4.053000e-05	1.787340e-02	-1.142461e+01
4.054000e-05	1.866803e-02	-1.141416e+01
4.055000e-05	1.861879e-02	-1.146629e+01
4.056000e-05	1.782341e-02	-1.150884e+01
4.057000e-05	1.812752e-02	-1.148982e+01
4.058000e-05	1.861139e-02	-1.151989e+01
4.059000e-05	2.024571e-02	-1.150839e+01
4.060000e-05	2.099209e-02	-1.147997e+01
4.061000e-05	2.133338e-02	-1.151051e+01
4.062000e-05	2.243176e-02	-1.151740e+01
4.063000e-05	2.319513e-02	-1.147092e+01
4.064000e-05	2.350926e-02	-1.150944e+01
4.065000e-05	2.353664e-02	-1.151902e+01
4.066000e-05	2.513456e-02	-1.151884e+01
4.067000e-05	2.633280e-02	-1.147689e+01
4.068000e-05	2.779671e-02	-1.140631e+01
4.069000e-05	2.785433e-02	-1.142621e+01
4.070000e-05	2.831214e-02	-1.137515e+01
4.071000e-05	2.920679e-02	-1.135454e+01
4.072000e-05	2.956668e-02	-1.134148e+01
4.073000e-05	3.149369e-02	-1.129849e+01
4.074000e-05	3.236033e-02	-1.124039e+01
4.075000e-05	3.319950e-02	-1.119676e+01
4.076000e-05	3.510141e-02	-1.119521e+01
4.077000e-05	3.632445e-02	-1.114264e+01
4.078000e-05	3.697439e-02	-1.109837e+01
4.079000e-05	3.841970e-02	-1.106686e+01
4.080000e-05	3.942483e-02	-1.100425e+01
4.081000e-05	4.163661e-02	-1.092105e+01
4.082000e-05	4.306789e-02	-1.088994e+01
4.083000e-05	4.564064e-02	-1.084686e+01
4.084000e-05	4.625028e-02	-1.080520e+01
4.085000e-05	4.832930e-02	-1.076155e+01
4.086000e-05	4.825925e-02	-1.071794e+01
4.087000e-05	4.812902e-02	-1.065680e+01
4.088000e-05	4.676746e-02	-1.059210e+01
4.089000e-05	4.518955e-02	-1.053047e+01
4.090000e-05	4.243983e-02	-1.043633e+01
4.091000e-05	3.997315e-02	-1.041165e+01
4.092000e-05	3.766614e-02	-1.029744e+01
4.093000e-05	3.587151e-02	-1.017366e+01
4.094000e-05	3.253921e-02	-1.013209e+01
4.095000e-05	2.945326e-02	-1.005636e+01
4.096000e-05	2.618023e-02	-1.000213e+01
4.097000e-05	2.435067e-02	-9.887413e+00
4.098000e-05	2.257995e-02	-9.783655e+00
4.099000e-05	2.054647e-02	-9.730466e+00
4.100000e-05	1.856412e-02	-9.646833e+00
4.101000e-05	1.745535e-02	-9.591070e+00
4.102000e-05	1.698865e-02	-9.426358e+00
4.103000e-05	1.471148e-02	-9.343150e+00
4.104000e-05	1.381239e-02	-9.235858e+00
4.105000e-05	1.220404e-02	-9.091046e+00
4.106000e-05	1.168115e-02	-9.024757e+00
4.107000e-05	1.041421e-02	-8.920040e+00
4.108000e-05	1.129499e-02	-8.835283e+00
4.109000e-05	9.706528e-03	-8.699019e+00
4.110000e-05	9.114011e-03	-8.562274e+00
4.111000e-05	7.654997e-03	-8.456453e+00
4.112000e-05	6.759563e-03	-8.342073e+00
4.113000e-05	4.889137e-03	-8.246307e+00
4.114000e-05	5.515854e-03	-8.110516e+00
4.115000e-05	6.497577e-03	-8.044732e+00
4.116000e-05	7.643408e-03	-7.868439e+00
4.117000e-05	5.242630e-03	-7.772149e+00
4.118000e-05	3.864784e-03	-7.615376e+00
4.119000e-05	3.328305e-03	-7.456359e+00
4.120000e-05	3.024534e-03	-7.320571e+00
4.121000e-05	1.852036e-03	-7.254754e+00
4.122000e-05	1.020145e-03	-7.117935e+00
4.123000e-05	1.989883e-03	-6.921622e+00
4.124000e-05	3.653630e-03	-6.774155e+00
4.125000e-05	4.198564e-03	-6.666887e+00
4.126000e-05	2.162840e-03	-6.540597e+00
4.127000e-05	6.440626e-04	-6.424278e+00
4.128000e-05	-4.095493e-04	-6.246461e+00
4.129000e-05	2.645927e-04	-6.139089e+00
4.130000e-05	-4.754905e-04	-5.962119e+00
4.131000e-05	-1.360321e-03	-5.842805e+00
4.132000e-05	-1.411376e-03	-5.675863e+00
4.133000e-05	6.676324e-04	-5.541046e+00
4.134000e-05	1.393105e-03	-5.362174e+00
4.135000e-05	-9.061139e-04	-5.184275e+00
4.136000e-05	-3.559545e-03	-5.022804e+00
4.137000e-05	-2.533053e-03	-4.816254e+00
4.138000e-05	-6.864533e-04	-4.637507e+00
4.139000e-05	-2.490929e-03	-4.518488e+00
4.140000e-05	-4.526777e-03	-4.381651e+00
4.141000e-05	-4.156268e-03	-4.234333e+00
4.142000e-05	-2.185919e-03	-4.097988e+00
4.143000e-05	-1.829749e-03	-3.941071e+00
4.144000e-05	-3.944713e-03	-3.793276e+00
4.145000e-05	-5.283388e-03	-3.624700e+00
4.146000e-05	-4.143577e-03	-3.455333e+00
4.147000e-05	-2.025938e-03	-3.307542e+00
4.148000e-05	-4.428814e-03	-3.159621e+00
4.149000e-05	-6.426602e-03	-2.971670e+00
4.150000e-05	-6.551793e-03	-2.782125e+00
4.151000e-05	-4.445593e-03	-2.645783e+00
4.152000e-05	-4.135479e-03	-2.445791e+00
4.153000e-05	-5.435551e-03	-2.340045e+00
4.154000e-05	-6.951674e-03	-2.178715e+00
4.155000e-05	-5.362699e-03	-1.979571e+00
4.156000e-05	-4.521713e-03	-1.823202e+00
4.157000e-05	-5.662167e-03	-1.656312e+00
4.158000e-05	-7.024200e-03	-1.528494e+00
4.159000e-05	-7.424448e-03	-1.285935e+00
4.160000e-05	-4.846060e-03	-1.107464e+00
4.161000e-05	-5.711985e-03	-9.294947e-01
4.162000e-05	-6.667992e-03	-8.116487e-01
4.163000e-05	-8.481082e-03	-6.528039e-01
4.164000e-05	-7.647995e-03	-4.327315e-01
4.165000e-05	-5.391000e-03	-2.863868e-01
4.166000e-05	-6.121308e-03	-1.264883e-01
4.167000e-05	-4.580508e-03	3.047882e-02
4.168000e-05	-1.388598e-03	2.298815e-01
4.169000e-05	-1.115257e-03	3.878987e-01
4.170000e-05	-1.920458e-04	5.451394e-01
4.171000e-05	-2.041001e-03	6.825105e-01
4.172000e-05	-4.057186e-03	7.789038e-01
4.173000e-05	-3.521596e-03	9.902287e-01
4.174000e-05	2.585390e-03	1.208302e+00
4.175000e-05	3.334787e-02	1.367295e+00
4.176000e-05	6.670005e-02	1.638183e+00
4.177000e-05	-1.408728e-02	1.811455e+00
4.178000e-05	-3.682558e-02	1.988401e+00
4.179000e-05	-5.642057e-02	2.146167e+00
4.180000e-05	-7.451106e-02	2.251556e+00
4.181000e-05	6.561983e-02	2.369371e+00
4.182000e-05	-5.419947e-03	2.576728e+00
4.183000e-05	-1.012482e-01	2.746848e+00
4.184000e-05	1.338536e-01	2.853082e+00
4.185000e-05	-2.483110e-02	3.072464e+00
4.186000e-05	-5.019941e-02	3.178821e+00
4.187000e-05	6.266877e-02	3.345168e+00
4.188000e-05	-7.318479e-02	3.515169e+00
4.189000e-05	-2.034112e-02	3.664086e+00
4.190000e-05	4.773793e-02	3.821462e+00
4.191000e-05	-2.427228e-02	4.000926e+00
4.192000e-05	3.384586e-02	4.149247e+00
4.193000e-05	-2.247062e-02	4.347820e+00
4.194000e-05	-2.881196e-02	4.474661e+00
4.195000e-05	8.465173e-03	4.650037e+00
4.196000e-05	-2.601800e-02	4.779950e+00
4.197000e-05	1.345755e-02	4.971903e+00
4.198000e-05	-1.161547e-02	5.190278e+00
4.199000e-05	1.596562e-02	5.357322e+00
4.200000e-05	-7.821477e-03	5.475191e+00
4.201000e-05	-1.812199e-02	5.620504e+00
4.202000e-05	6.389008e-03	5.729250e+00
4.203000e-05	-4.308007e-02	5.967745e+00
4.204000e-05	1.184495e-02	6.063137e+00
4.205000e-05	6.880397e-03	6.211482e+00
4.206000e-05	-7.591980e-03	6.347317e+00
4.207000e-05	-5.389249e-04	6.474689e+00
4.208000e-05	-2.075723e-02	6.635560e+00
4.209000e-05	-4.452651e-04	6.811003e+00
4.210000e-05	-1.365741e-02	6.958266e+00
4.211000e-05	-7.331694e-03	7.064634e+00
4.212000e-05	-1.441951e-02	7.209924e+00
4.213000e-05	-7.215071e-03	7.318645e+00
4.214000e-05	7.908122e-03	7.436137e+00
4.215000e-05	-1.224534e-02	7.623557e+00
4.216000e-05	-1.207275e-02	7.779375e+00
4.217000e-05	-2.008550e-02	7.948772e+00
4.218000e-05	-6.956525e-03	8.053484e+00
4.219000e-05	-3.479334e-03	8.200501e+00
4.220000e-05	-8.955338e-03	8.297192e+00
4.221000e-05	-1.152689e-02	8.370974e+00
4.222000e-05	-1.109978e-02	8.487640e+00
4.223000e-05	-3.014888e-03	8.582478e+00
4.224000e-05	-1.021873e-02	8.685738e+00
4.225000e-05	-1.702326e-02	8.770975e+00
4.226000e-05	-1.690418e-02	8.877220e+00
4.227000e-05	-8.685612e-03	8.995105e+00
4.228000e-05	-4.073303e-03	9.128338e+00
4.229000e-05	-1.040495e-02	9.202127e+00
4.230000e-05	-1.564166e-02	9.309695e+00
4.231000e-05	-1.460591e-02	9.373055e+00
4.232000e-05	-9.637715e-03	9.517265e+00
4.233000e-05	-1.122778e-02	9.601952e+00
4.234000e-05	-1.423450e-02	9.646718e+00
4.235000e-05	-1.450020e-02	9.771925e+00
4.236000e-05	-9.813125e-03	9.854712e+00
4.237000e-05	-9.054983e-03	9.970454e+00
4.238000e-05	-1.323662e-02	1.006676e+01
4.239000e-05	-1.884553e-02	1.012039e+01
4.240000e-05	-1.691580e-02	1.021353e+01
4.241000e-05	-1.256612e-02	1.028581e+01
4.242000e-05	-1.074873e-02	1.035037e+01
4.243000e-05	-1.617725e-02	1.042508e+01
4.244000e-05	-1.683964e-02	1.048877e+01
4.245000e-05	-1.617653e-02	1.058148e+01
4.246000e-05	-1.367357e-02	1.063463e+01
4.247000e-05	-1.610813e-02	1.070884e+01
4.248000e-05	-1.916517e-02	1.076100e+01
4.249000e-05	-1.730511e-02	1.079416e+01
4.250000e-05	-1.379122e-02	1.087571e+01
4.251000e-05	-1.363993e-02	1.092940e+01
4.252000e-05	-1.922565e-02	1.095145e+01
4.253000e-05	-2.106070e-02	1.101410e+01
4.254000e-05	-2.058386e-02	1.105719e+01
4.255000e-05	-1.665668e-02	1.108939e+01
4.256000e-05	-1.878655e-02	1.115097e+01
4.257000e-05	-2.053271e-02	1.117205e+01
4.258000e-05	-2.117951e-02	1.122653e+01
4.259000e-05	-2.021065e-02	1.123774e+01
4.260000e-05	-1.869233e-02	1.121623e+01
4.261000e-05	-2.231994e-02	1.128029e+01
4.262000e-05	-2.468227e-02	1.130932e+01
4.263000e-05	-2.444433e-02	1.135052e+01
4.264000e-05	-2.077078e-02	1.135245e+01
4.265000e-05	-2.087867e-02	1.137520e+01
4.266000e-05	-2.452595e-02	1.136418e+01
4.267000e-05	-2.630292e-02	1.138560e+01
4.268000e-05	-2.502948e-02	1.141623e+01
4.269000e-05	-2.433857e-02	1.142673e+01
4.270000e-05	-2.748188e-02	1.142425e+01
4.271000e-05	-2.876486e-02	1.144675e+01
4.272000e-05	-2.968218e-02	1.143881e+01
4.273000e-05	-2.769086e-02	1.138666e+01
4.274000e-05	-2.942108e-02	1.140774e+01
4.275000e-05	-3.034692e-02	1.139570e+01
4.276000e-05	-3.280843e-02	1.139363e+01
4.277000e-05	-3.304679e-02	1.139518e+01
4.278000e-05	-3.338249e-02	1.135268e+01
4.279000e-05	-3.524516e-02	1.136257e+01
4.280000e-05	-3.759787e-02	1.133294e+01
4.281000e-05	-3.768047e-02	1.127984e+01
4.282000e-05	-3.719265e-02	1.126783e+01
4.283000e-05	-3.757207e-02	1.125621e+01
4.284000e-05	-4.107310e-02	1.121618e+01
4.285000e-05	-4.241659e-02	1.119509e+01
4.286000e-05	-4.278997e-02	1.111152e+01
4.287000e-05	-4.268295e-02	1.107799e+01
4.288000e-05	-4.512869e-02	1.104581e+01
4.289000e-05	-4.680935e-02	1.099415e+01
4.290000e-05	-5.028235e-02	1.096210e+01
4.291000e-05	-4.899523e-02	1.092952e+01
4.292000e-05	-5.204970e-02	1.087829e+01
4.293000e-05	-5.276302e-02	1.078525e+01
4.294000e-05	-5.633387e-02	1.075205e+01
4.295000e-05	-5.560575e-02	1.068844e+01
4.296000e-05	-5.673204e-02	1.060533e+01
4.297000e-05	-5.636523e-02	1.056165e+01
4.298000e-05	-5.664581e-02	1.051051e+01
4.299000e-05	-5.246268e-02	1.041475e+01
4.300000e-05	-4.982929e-02	1.034452e+01
4.301000e-05	-4.603720e-02	1.029739e+01
4.302000e-05	-4.480565e-02	1.020368e+01
4.303000e-05	-4.267044e-02	1.012910e+01
4.304000e-05	-4.076078e-02	1.004884e+01
4.305000e-05	-3.806171e-02	1.000470e+01
4.306000e-05	-3.466496e-02	9.877891e+00
4.307000e-05	-3.219091e-02	9.785258e+00
4.308000e-05	-3.023828e-02	9.730465e+00
4.309000e-05	-3.006296e-02	9.644775e+00
4.310000e-05	-2.685546e-02	9.549890e+00
4.311000e-05	-2.502488e-02	9.423757e+00
4.312000e-05	-2.528517e-02	9.340046e+00
4.313000e-05	-2.514631e-02	9.257334e+00
4.314000e-05	-2.398645e-02	9.150594e+00
4.315000e-05	-2.144543e-02	9.015758e+00
4.316000e-05	-1.978362e-02	8.922568e+00
4.317000e-05	-1.998135e-02	8.856675e+00
4.318000e-05	-1.927873e-02	8.689389e+00
4.319000e-05	-1.888908e-02	8.573201e+00
4.320000e-05	-1.683525e-02	8.508415e+00
4.321000e-05	-1.770117e-02	8.383173e+00
4.322000e-05	-1.784690e-02	8.247840e+00
4.323000e-05	-1.742664e-02	8.151621e+00
4.324000e-05	-1.548611e-02	8.047259e+00
4.325000e-05	-1.520163e-02	7.868916e+00
4.326000e-05	-1.490787e-02	7.813196e+00
4.327000e-05	-1.483457e-02	7.677337e+00
4.328000e-05	-1.343955e-02	7.489537e+00
4.329000e-05	-1.165001e-02	7.333249e+00
4.330000e-05	-1.201982e-02	7.216299e+00
4.331000e-05	-1.431929e-02	7.117390e+00
4.332000e-05	-1.420764e-02	6.972147e+00
4.333000e-05	-1.210719e-02	6.876330e+00
4.334000e-05	-1.177420e-02	6.719038e+00
4.335000e-05	-1.272766e-02	6.592171e+00
4.336000e-05	-1.190822e-02	6.405749e+00
4.337000e-05	-9.727589e-03	6.286837e+00
4.338000e-05	-9.130859e-03	6.141194e+00
4.339000e-05	-1.085882e-02	6.036757e+00
4.340000e-05	-1.156876e-02	5.888014e+00
4.341000e-05	-1.096573e-02	5.718995e+00
4.342000e-05	-1.038965e-02	5.571621e+00
4.343000e-05	-1.167710e-02	5.423753e+00
4.344000e-05	-1.138008e-02	5.267462e+00
4.345000e-05	-1.056107e-02	5.109487e+00
4.346000e-05	-8.385915e-03	4.928035e+00
4.347000e-05	-7.553401e-03	4.762045e+00
4.348000e-05	-8.325710e-03	4.592671e+00
4.349000e-05	-9.431896e-03	4.455304e+00
4.350000e-05	-9.536423e-03	4.290436e+00
4.351000e-05	-8.393371e-03	4.148590e+00
4.352000e-05	-8.896225e-03	3.962018e+00
4.353000e-05	-8.975116e-03	3.784750e+00
4.354000e-05	-8.291288e-03	3.674830e+00
4.355000e-05	-6.881806e-03	3.509416e+00
4.356000e-05	-5.998222e-03	3.349562e+00
4.357000e-05	-6.371933e-03	3.181619e+00
4.358000e-05	-7.558255e-03	3.043728e+00
4.359000e-05	-7.858314e-03	2.896832e+00
4.360000e-05	-6.649477e-03	2.760466e+00
4.361000e-05	-6.872013e-03	2.558539e+00
4.362000e-05	-6.945869e-03	2.360517e+00
4.363000e-05	-7.732974e-03	2.192750e+00
4.364000e-05	-6.007365e-03	2.043755e+00
4.365000e-05	-5.754524e-03	1.897916e+00
4.366000e-05	-5.897735e-03	1.710010e+00
4.367000e-05	-5.994877e-03	1.528589e+00
4.368000e-05	-5.430698e-03	1.380573e+00
4.369000e-05	-5.098056e-03	1.252150e+00
4.370000e-05	-4.763907e-03	1.032248e+00
4.371000e-05	-5.476210e-03	8.137526e-01
4.372000e-05	-6.058020e-03	6.637327e-01
4.373000e-05	-5.087028e-03	4.978355e-01
4.374000e-05	-4.572275e-03	3.469973e-01
4.375000e-05	-4.969345e-03	1.295395e-01
4.376000e-05	-5.258728e-03	-5.037769e-02
4.377000e-05	-5.239518e-04	-1.876974e-01
4.378000e-05	3.740778e-03	-3.356970e-01
4.379000e-05	1.396032e-03	-4.615317e-01
4.380000e-05	1.105312e-03	-6.599895e-01
4.381000e-05	1.133257e-04	-8.299540e-01
4.382000e-05	1.262250e-03	-9.262961e-01
4.383000e-05	1.127962e-03	-1.104114e+00
4.384000e-05	1.838020e-02	-1.261961e+00
4.385000e-05	8.632902e-02	-1.483113e+00
4.386000e-05	8.471749e-03	-1.683988e+00
4.387000e-05	-2.553603e-02	-1.935700e+00
4.388000e-05	-5.302135e-02	-2.146721e+00
4.389000e-05	-7.966369e-02	-2.283767e+00
4.390000e-05	1.159874e-01	-2.358871e+00
4.391000e-05	-3.781783e-02	-2.482989e+00
4.392000e-05	-8.312878e-02	-2.716695e+00
4.393000e-05	1.555213e-01	-2.790474e+00
4.394000e-05	-6.646945e-02	-2.966121e+00
4.395000e-05	-5.190389e-02	-3.199901e+00
4.396000e-05	1.126239e-01	-3.316693e+00
4.397000e-05	-1.090621e-01	-3.512617e+00
4.398000e-05	2.085907e-03	-3.610980e+00
4.399000e-05	6.712517e-02	-3.779449e+00
4.400000e-05	-6.422859e-02	-4.007404e+00
4.401000e-05	1.213977e-01	-4.147318e+00
4.402000e-05	-5.092030e-02	-4.284037e+00
4.403000e-05	-3.515335e-02	-4.443133e+00
4.404000e-05	7.123162e-02	-4.568746e+00
4.405000e-05	-8.614128e-02	-4.777299e+00
4.406000e-05	7.381302e-02	-4.895742e+00
4.407000e-05	-1.348730e-02	-5.043559e+00
4.408000e-05	5.166800e-03	-5.211908e+00
4.409000e-05	4.433790e-02	-5.401302e+00
4.410000e-05	-5.461957e-02	-5.599904e+00
4.411000e-05	6.202411e-02	-5.716316e+00
4.412000e-05	-6.093165e-02	-5.853033e+00
4.413000e-05	2.273645e-02	-6.001528e+00
4.414000e-05	4.322786e-02	-6.158373e+00
4.415000e-05	-3.595809e-02	-6.347749e+00
4.416000e-05	6.216502e-02	-6.445139e+00
4.417000e-05	-5.121075e-02	-6.609903e+00
4.418000e-05	3.861771e-02	-6.748346e+00
4.419000e-05	-2.722496e-03	-6.874062e+00
4.420000e-05	-9.116166e-03	-7.004588e+00
4.421000e-05	2.838404e-02	-7.158898e+00
4.422000e-05	-2.586047e-02	-7.306767e+00
4.423000e-05	5.097711e-02	-7.442560e+00
4.424000e-05	-2.086871e-02	-7.600001e+00
4.425000e-05	1.927898e-02	-7.718349e+00
4.426000e-05	-6.820632e-03	-7.893691e+00
4.427000e-05	2.417605e-03	-8.011585e+00
4.428000e-05	2.592779e-02	-8.098346e+00
4.429000e-05	-1.185852e-02	-8.234112e+00
4.430000e-05	2.306693e-02	-8.378846e+00
4.431000e-05	-9.116330e-03	-8.453685e+00
4.432000e-05	2.603764e-02	-8.571927e+00
4.433000e-05	1.447358e-03	-8.717691e+00
4.434000e-05	5.824004e-03	-8.844705e+00
4.435000e-05	2.108497e-03	-8.939346e+00
4.436000e-05	4.300516e-03	-9.012578e+00
4.437000e-05	1.676196e-02	-9.116315e+00
4.438000e-05	3.643824e-03	-9.224103e+00
4.439000e-05	1.130703e-02	-9.306922e+00
4.440000e-05	2.326767e-03	-9.413058e+00
4.441000e-05	1.673933e-02	-9.517846e+00
4.442000e-05	8.054303e-03	-9.661157e+00
4.443000e-05	8.975745e-03	-9.708245e+00
4.444000e-05	3.947973e-03	-9.781504e+00
4.445000e-05	8.812098e-03	-9.894766e+00
4.446000e-05	1.424025e-02	-9.970370e+00
4.447000e-05	1.039465e-02	-1.006521e+01
4.448000e-05	8.828032e-03	-1.010985e+01
4.449000e-05	4.706420e-03	-1.019353e+01
4.450000e-05	1.469774e-02	-1.027784e+01
4.451000e-05	1.359241e-02	-1.036255e+01
4.452000e-05	1.317287e-02	-1.045571e+01
4.453000e-05	6.038441e-03	-1.054033e+01
4.454000e-05	9.195277e-03	-1.059261e+01
4.455000e-05	1.149180e-02	-1.065531e+01
4.456000e-05	1.343595e-02	-1.072787e+01
4.457000e-05	9.593544e-03	-1.079205e+01
4.458000e-05	1.048351e-02	-1.082469e+01
4.459000e-05	1.567775e-02	-1.088777e+01
4.460000e-05	1.684824e-02	-1.092785e+01
4.461000e-05	1.402334e-02	-1.097350e+01
4.462000e-05	9.316280e-03	-1.103565e+01
4.463000e-05	9.876869e-03	-1.108692e+01
4.464000e-05	1.263568e-02	-1.112093e+01
4.465000e-05	1.564715e-02	-1.116203e+01
4.466000e-05	1.398904e-02	-1.117516e+01
4.467000e-05	1.420739e-02	-1.120734e+01
4.468000e-05	1.578786e-02	-1.128794e+01
4.469000e-05	1.766293e-02	-1.129882e+01
4.470000e-05	1.518174e-02	-1.131995e+01
4.471000e-05	1.253174e-02	-1.135255e+01
4.472000e-05	1.364021e-02	-1.139255e+01
4.473000e-05	1.843087e-02	-1.142481e+01
4.474000e-05	1.922036e-02	-1.140531e+01
4.475000e-05	1.779524e-02	-1.143636e+01
4.476000e-05	1.695581e-02	-1.148581e+01
4.477000e-05	1.864063e-02	-1.146944e+01
4.478000e-05	2.012181e-02	-1.153792e+01
4.479000e-05	1.940640e-02	-1.153897e+01
4.480000e-05	1.935852e-02	-1.147942e+01
4.481000e-05	2.021774e-02	-1.149994e+01
4.482000e-05	2.375769e-02	-1.148052e+01
4.483000e-05	2.377669e-02	-1.155897e+01
4.484000e-05	2.314055e-02	-1.150932e+01
4.485000e-05	2.191122e-02	-1.148846e+01
4.486000e-05	2.495020e-02	-1.148886e+01
4.487000e-05	2.682773e-02	-1.148579e+01
4.488000e-05	2.768269e-02	-1.144644e+01
4.489000e-05	2.779734e-02	-1.138578e+01
4.490000e-05	2.926225e-02	-1.135371e+01
4.491000e-05	3.097029e-02	-1.132110e+01
4.492000e-05	3.057695e-02	-1.133144e+01
4.493000e-05	3.089684e-02	-1.132942e+01
4.494000e-05	3.093856e-02	-1.122879e+01
4.495000e-05	3.454608e-02	-1.121526e+01
4.496000e-05	3.568349e-02	-1.115120e+01
4.497000e-05	3.667085e-02	-1.115250e+01
4.498000e-05	3.688961e-02	-1.107949e+01
4.499000e-05	3.868340e-02	-1.102581e+01
4.500000e-05	4.132805e-02	-1.094260e+01
4.501000e-05	4.282316e-02	-1.091010e+01
4.502000e-05	4.451581e-02	-1.086836e+01
4.503000e-05	4.498628e-02	-1.087431e+01
4.504000e-05	4.763278e-02	-1.078305e+01
4.505000e-05	4.921158e-02	-1.077204e+01
4.506000e-05	4.835375e-02	-1.066829e+01
4.507000e-05	4.722262e-02	-1.060428e+01
4.508000e-05	4.636082e-02	-1.057167e+01
4.509000e-05	4.585764e-02	-1.048997e+01
4.510000e-05	4.334719e-02	-1.044583e+01
4.511000e-05	3.954528e-02	-1.039212e+01
4.512000e-05	3.605977e-02	-1.027646e+01
4.513000e-05	3.456231e-02	-1.018465e+01
4.514000e-05	3.175222e-02	-1.008947e+01
4.515000e-05	2.883654e-02	-1.000581e+01
4.516000e-05	2.578902e-02	-9.960568e+00
4.517000e-05	2.385725e-02	-9.857358e+00
4.518000e-05	2.301626e-02	-9.782150e+00
4.519000e-05	2.031363e-02	-9.707490e+00
4.520000e-05	1.920827e-02	-9.614256e+00
4.521000e-05	1.626305e-02	-9.510567e+00
4.522000e-05	1.683034e-02	-9.424779e+00
4.523000e-05	1.476036e-02	-9.330544e+00
4.524000e-05	1.477254e-02	-9.214329e+00
4.525000e-05	1.209442e-02	-9.088515e+00
4.526000e-05	1.187366e-02	-8.992676e+00
4.527000e-05	1.072356e-02	-8.908488e+00
4.528000e-05	1.137672e-02	-8.783177e+00
4.529000e-05	9.560715e-03	-8.636914e+00
4.530000e-05	8.822559e-03	-8.551549e+00
4.531000e-05	7.388044e-03	-8.434877e+00
4.532000e-05	5.969733e-03	-8.318512e+00
4.533000e-05	4.403272e-03	-8.203727e+00
4.534000e-05	5.842974e-03	-8.087892e+00
4.535000e-05	6.346192e-03	-7.982651e+00
4.536000e-05	5.383210e-03	-7.824862e+00
4.537000e-05	3.957635e-03	-7.729641e+00
4.538000e-05	4.202061e-03	-7.551123e+00
4.539000e-05	3.678882e-03	-7.414729e+00
4.540000e-05	3.123625e-03	-7.317965e+00
4.541000e-05	1.931720e-03	-7.180675e+00
4.542000e-05	1.672472e-03	-7.015407e+00
4.543000e-05	2.618042e-03	-6.910013e+00
4.544000e-05	2.860758e-03	-6.772596e+00
4.545000e-05	2.290500e-03	-6.614305e+00
4.546000e-05	1.034444e-03	-6.508990e+00
4.547000e-05	2.783189e-04	-6.412651e+00
4.548000e-05	1.163164e-03	-6.224355e+00
4.549000e-05	-4.264161e-04	-6.097431e+00
4.550000e-05	-8.676797e-04	-5.908441e+00
4.551000e-05	-1.171205e-03	-5.752146e+00
4.552000e-05	-1.205263e-03	-5.674828e+00
4.553000e-05	-7.300437e-04	-5.448938e+00
4.554000e-05	-1.059676e-03	-5.281065e+00
4.555000e-05	-7.470061e-04	-5.129966e+00
4.556000e-05	-1.657858e-03	-4.911675e+00
4.557000e-05	-2.066789e-03	-4.781645e+00
4.558000e-05	-3.348641e-03	-4.583125e+00
4.559000e-05	-3.163861e-03	-4.485436e+00
4.560000e-05	-2.598839e-03	-4.329021e+00
4.561000e-05	-2.821943e-03	-4.221728e+00
4.562000e-05	-3.086976e-03	-4.084334e+00
4.563000e-05	-3.332255e-03	-3.888992e+00
4.564000e-05	-3.272696e-03	-3.740641e+00
4.565000e-05	-3.434479e-03	-3.572619e+00
4.566000e-05	-5.069741e-03	-3.424730e+00
4.567000e-05	-5.351012e-03	-3.286384e+00
4.568000e-05	-4.090061e-03	-3.098016e+00
4.569000e-05	-4.172559e-03	-2.908513e+00
4.570000e-05	-5.253848e-03	-2.759521e+00
4.571000e-05	-4.666907e-03	-2.613226e+00
4.572000e-05	-4.075912e-03	-2.452802e+00
4.573000e-05	-3.792650e-03	-2.276934e+00
4.574000e-05	-5.911690e-03	-2.087287e+00
4.575000e-05	-6.681236e-03	-1.950066e+00
4.576000e-05	-6.638740e-03	-1.811700e+00
4.577000e-05	-5.134023e-03	-1.654255e+00
4.578000e-05	-5.087007e-03	-1.445337e+00
4.579000e-05	-6.277485e-03	-1.243753e+00
4.580000e-05	-5.600776e-03	-1.065857e+00
4.581000e-05	-4.917915e-03	-8.884095e-01
4.582000e-05	-5.359063e-03	-7.690674e-01
4.583000e-05	-7.474552e-03	-5.391909e-01
4.584000e-05	-6.999309e-03	-3.901725e-01
4.585000e-05	-5.849569e-03	-2.438052e-01
4.586000e-05	-6.468358e-03	-9.585653e-02
4.587000e-05	-4.504607e-03	5.958158e-02
4.588000e-05	-5.561005e-04	3.038878e-01
4.589000e-05	-1.496908e-03	4.193790e-01
4.590000e-05	8.372714e-04	5.882461e-01
4.591000e-05	-2.561935e-03	7.255882e-01
4.592000e-05	-2.622902e-03	8.705291e-01
4.593000e-05	-2.917723e-03	1.061911e+00
4.594000e-05	7.735938e-03	1.222408e+00
4.595000e-05	4.897300e-02	1.429401e+00
4.596000e-05	5.077861e-02	1.711970e+00
4.597000e-05	-3.308071e-02	1.874511e+00
4.598000e-05	-3.633851e-02	2.021003e+00
4.599000e-05	-7.213812e-02	2.157799e+00
4.600000e-05	-4.213237e-02	2.232657e+00
4.601000e-05	8.984098e-02	2.418428e+00
4.602000e-05	-8.002496e-02	2.641913e+00
4.603000e-05	-2.948518e-02	2.767921e+00
4.604000e-05	1.211132e-01	2.946117e+00
4.605000e-05	-7.364544e-02	3.094642e+00
4.606000e-05	-5.943239e-06	3.220451e+00
4.607000e-05	3.249324e-02	3.409379e+00
4.608000e-05	-8.825904e-02	3.597374e+00
4.609000e-05	2.337445e-02	3.726166e+00
4.610000e-05	2.337331e-02	3.895166e+00
4.611000e-05	-1.444520e-02	4.020005e+00
4.612000e-05	3.363655e-02	4.219437e+00
4.613000e-05	-4.778554e-02	4.389929e+00
4.614000e-05	-7.996182e-04	4.546266e+00
4.615000e-05	-7.417348e-03	4.665667e+00
4.616000e-05	-1.571536e-02	4.843055e+00
4.617000e-05	6.609201e-03	5.041933e+00
4.618000e-05	-8.557397e-03	5.232008e+00
4.619000e-05	1.747432e-02	5.389925e+00
4.620000e-05	-2.282029e-02	5.535242e+00
4.621000e-05	-2.684745e-03	5.653613e+00
4.622000e-05	-9.397176e-03	5.822032e+00
4.623000e-05	-3.446162e-02	5.980954e+00
4.624000e-05	2.337167e-02	6.116813e+00
4.625000e-05	-4.964048e-03	6.253611e+00
4.626000e-05	-4.873294e-03	6.409399e+00
4.627000e-05	-7.692296e-03	6.554696e+00
4.628000e-05	-1.757050e-02	6.676691e+00
4.629000e-05	1.634465e-03	6.844133e+00
4.630000e-05	-1.815793e-02	6.991425e+00
4.631000e-05	-3.040628e-03	7.096165e+00
4.632000e-05	-1.761638e-02	7.234028e+00
4.633000e-05	3.053535e-03	7.369921e+00
4.634000e-05	1.203226e-03	7.526245e+00
4.635000e-05	-1.532960e-02	7.674637e+00
4.636000e-05	-1.290164e-02	7.791976e+00
4.637000e-05	-1.898485e-02	7.930846e+00
4.638000e-05	-7.935975e-04	8.107241e+00
4.639000e-05	-8.014748e-03	8.233079e+00
4.640000e-05	-8.518616e-03	8.328816e+00
4.641000e-05	-1.274746e-02	8.412529e+00
4.642000e-05	-6.371819e-03	8.548795e+00
4.643000e-05	-3.517701e-03	8.602512e+00
4.644000e-05	-1.460591e-02	8.666787e+00
4.645000e-05	-1.638759e-02	8.814050e+00
4.646000e-05	-1.524737e-02	8.938347e+00
4.647000e-05	-4.405386e-03	9.013585e+00
4.648000e-05	-7.857631e-03	9.128399e+00
4.649000e-05	-1.080496e-02	9.264708e+00
4.650000e-05	-1.554392e-02	9.349872e+00
4.651000e-05	-1.148164e-02	9.434182e+00
4.652000e-05	-1.037714e-02	9.539317e+00
4.653000e-05	-1.221275e-02	9.622653e+00
4.654000e-05	-1.460657e-02	9.679267e+00
4.655000e-05	-1.338605e-02	9.844057e+00
4.656000e-05	-9.214852e-03	9.877815e+00
4.657000e-05	-1.107665e-02	1.000997e+01
4.658000e-05	-1.471953e-02	1.009614e+01
4.659000e-05	-1.860281e-02	1.013138e+01
4.660000e-05	-1.503302e-02	1.021405e+01
4.661000e-05	-1.254671e-02	1.027684e+01
4.662000e-05	-1.259388e-02	1.038095e+01
4.663000e-05	-1.623412e-02	1.045666e+01
4.664000e-05	-1.565912e-02	1.050885e+01
4.665000e-05	-1.515943e-02	1.054308e+01
4.666000e-05	-1.506357e-02	1.063581e+01
4.667000e-05	-1.796120e-02	1.074047e+01
4.668000e-05	-2.028009e-02	1.079300e+01
4.669000e-05	-1.683034e-02	1.083416e+01
4.670000e-05	-1.386576e-02	1.091881e+01
4.671000e-05	-1.554067e-02	1.091992e+01
4.672000e-05	-1.886994e-02	1.096245e+01
4.673000e-05	-2.127885e-02	1.102573e+01
4.674000e-05	-1.982713e-02	1.107724e+01
4.675000e-05	-1.896088e-02	1.109881e+01
4.676000e-05	-1.966574e-02	1.116042e+01
4.677000e-05	-2.143387e-02	1.115305e+01
4.678000e-05	-1.984271e-02	1.122467e+01
4.679000e-05	-1.940503e-02	1.126463e+01
4.680000e-05	-1.996876e-02	1.126782e+01
4.681000e-05	-2.415775e-02	1.129877e+01
4.682000e-05	-2.439734e-02	1.131130e+01
4.683000e-05	-2.296091e-02	1.133002e+01
4.684000e-05	-2.132143e-02	1.132255e+01
4.685000e-05	-2.361154e-02	1.140360e+01
4.686000e-05	-2.564522e-02	1.140455e+01
4.687000e-05	-2.643972e-02	1.139518e+01
4.688000e-05	-2.453593e-02	1.141568e+01
4.689000e-05	-2.582116e-02	1.137516e+01
4.690000e-05	-2.727375e-02	1.141558e+01
4.691000e-05	-2.796102e-02	1.141725e+01
4.692000e-05	-2.691307e-02	1.137628e+01
4.693000e-05	-2.714458e-02	1.141666e+01
4.694000e-05	-3.025139e-02	1.140616e+01
4.695000e-05	-3.353351e-02	1.139621e+01
4.696000e-05	-3.372101e-02	1.141568e+01
4.697000e-05	-3.206139e-02	1.138405e+01
4.698000e-05	-3.285745e-02	1.136400e+01
4.699000e-05	-3.529114e-02	1.137293e+01
4.700000e-05	-3.715356e-02	1.132209e+01
4.701000e-05	-3.636023e-02	1.130049e+01
4.702000e-05	-3.738276e-02	1.126733e+01
4.703000e-05	-3.868714e-02	1.120423e+01
4.704000e-05	-4.161658e-02	1.116562e+01
4.705000e-05	-4.149259e-02	1.116049e+01
4.706000e-05	-4.241209e-02	1.111944e+01
4.707000e-05	-4.285961e-02	1.105781e+01
4.708000e-05	-4.682544e-02	1.100518e+01
4.709000e-05	-4.816808e-02	1.097265e+01
4.710000e-05	-4.861346e-02	1.094104e+01
4.711000e-05	-4.911188e-02	1.092844e+01
4.712000e-05	-5.189210e-02	1.086533e+01
4.713000e-05	-5.389352e-02	1.080520e+01
4.714000e-05	-5.638897e-02	1.075009e+01
4.715000e-05	-5.588153e-02	1.065791e+01
4.716000e-05	-5.648653e-02	1.056421e+01
4.717000e-05	-5.552817e-02	1.055210e+01
4.718000e-05	-5.447583e-02	1.047786e+01
4.719000e-05	-5.114573e-02	1.039517e+01
4.720000e-05	-4.780118e-02	1.032109e+01
4.721000e-05	-4.557986e-02	1.025621e+01
4.722000e-05	-4.369164e-02	1.018415e+01
4.723000e-05	-4.249742e-02	1.014044e+01
4.724000e-05	-3.918311e-02	1.007636e+01
4.725000e-05	-3.678226e-02	9.951644e+00
4.726000e-05	-3.359887e-02	9.816912e+00
4.727000e-05	-3.213259e-02	9.813626e+00
4.728000e-05	-3.023613e-02	9.667958e+00
4.729000e-05	-2.767099e-02	9.564123e+00
4.730000e-05	-2.684284e-02	9.499437e+00
4.731000e-05	-2.615043e-02	9.373753e+00
4.732000e-05	-2.570197e-02	9.319515e+00
4.733000e-05	-2.336492e-02	9.254730e+00
4.734000e-05	-2.211510e-02	9.108017e+00
4.735000e-05	-2.208932e-02	8.964782e+00
4.736000e-05	-2.196963e-02	8.890932e+00
4.737000e-05	-2.039077e-02	8.774623e+00
4.738000e-05	-1.953166e-02	8.667886e+00
4.739000e-05	-1.800197e-02	8.552072e+00
4.740000e-05	-1.834144e-02	8.467386e+00
4.741000e-05	-1.807669e-02	8.372065e+00
4.742000e-05	-1.590236e-02	8.176833e+00
4.743000e-05	-1.578018e-02	8.101011e+00
4.744000e-05	-1.623877e-02	7.992349e+00
4.745000e-05	-1.760906e-02	7.837332e+00
4.746000e-05	-1.650774e-02	7.740971e+00
4.747000e-05	-1.341221e-02	7.645255e+00
4.748000e-05	-1.280088e-02	7.496933e+00
4.749000e-05	-1.398625e-02	7.319620e+00
4.750000e-05	-1.426259e-02	7.214698e+00
4.751000e-05	-1.253835e-02	7.047334e+00
4.752000e-05	-1.159563e-02	6.930516e+00
4.753000e-05	-1.299227e-02	6.805250e+00
4.754000e-05	-1.341012e-02	6.648362e+00
4.755000e-05	-1.179504e-02	6.531086e+00
4.756000e-05	-9.966790e-03	6.391619e+00
4.757000e-05	-1.037320e-02	6.224802e+00
4.758000e-05	-1.175473e-02	6.127437e+00
4.759000e-05	-1.246039e-02	6.022200e+00
4.760000e-05	-1.127657e-02	5.857409e+00
4.761000e-05	-9.225639e-03	5.699032e+00
4.762000e-05	-9.011850e-03	5.500462e+00
4.763000e-05	-1.000802e-02	5.432174e+00
4.764000e-05	-9.998427e-03	5.205780e+00
4.765000e-05	-8.947138e-03	5.015805e+00
4.766000e-05	-9.349823e-03	4.865804e+00
4.767000e-05	-9.388901e-03	4.697440e+00
4.768000e-05	-1.001225e-02	4.548992e+00
4.769000e-05	-7.999342e-03	4.404676e+00
4.770000e-05	-7.062156e-03	4.237282e+00
4.771000e-05	-6.903759e-03	4.067408e+00
4.772000e-05	-7.491795e-03	3.918992e+00
4.773000e-05	-8.187189e-03	3.782120e+00
4.774000e-05	-7.502090e-03	3.633223e+00
4.775000e-05	-6.775877e-03	3.435383e+00
4.776000e-05	-7.355560e-03	3.285357e+00
4.777000e-05	-7.766878e-03	3.109965e+00
4.778000e-05	-8.132441e-03	2.972516e+00
4.779000e-05	-6.637000e-03	2.832226e+00
4.780000e-05	-6.530841e-03	2.677832e+00
4.781000e-05	-5.720629e-03	2.466374e+00
4.782000e-05	-6.539938e-03	2.277888e+00
4.783000e-05	-5.585312e-03	2.140017e+00
4.784000e-05	-5.468604e-03	2.003198e+00
4.785000e-05	-5.576173e-03	1.834303e+00
4.786000e-05	-6.760482e-03	1.666309e+00
4.787000e-05	-6.192670e-03	1.477061e+00
4.788000e-05	-5.412414e-03	1.318461e+00
4.789000e-05	-5.085929e-03	1.149569e+00
4.790000e-05	-5.490136e-03	8.986143e-01
4.791000e-05	-5.193111e-03	7.615184e-01
4.792000e-05	-5.389105e-03	5.907249e-01
4.793000e-05	-4.528944e-03	4.337566e-01
4.794000e-05	-5.156023e-03	2.958894e-01
4.795000e-05	-5.202651e-03	1.179328e-01
4.796000e-05	-4.157238e-03	-7.156159e-02
4.797000e-05	1.340353e-03	-2.289314e-01
4.798000e-05	2.870290e-03	-3.872499e-01
4.799000e-05	-7.791435e-04	-4.935930e-01
4.800000e-05	6.661398e-04	-7.051947e-01
4.801000e-05	5.015384e-04	-8.830606e-01
4.802000e-05	9.120959e-04	-9.788251e-01
4.803000e-05	8.151839e-04	-1.135722e+00
4.804000e-05	3.541031e-02	-1.345172e+00
4.805000e-05	8.639873e-02	-1.525172e+00
4.806000e-05	-2.073648e-02	-1.767728e+00
4.807000e-05	-2.303135e-02	-1.988980e+00
4.808000e-05	-8.224561e-02	-2.229755e+00
4.809000e-05	-2.836765e-02	-2.286796e+00
4.810000e-05	1.171333e-01	-2.367894e+00
4.811000e-05	-1.089898e-01	-2.557225e+00
4.812000e-05	1.030949e-02	-2.747347e+00
4.813000e-05	1.227716e-01	-2.851453e+00
4.814000e-05	-1.299798e-01	-3.068840e+00
4.815000e-05	3.281021e-02	-3.242063e+00
4.816000e-05	5.628917e-02	-3.358348e+00
4.817000e-05	-1.286925e-01	-3.516749e+00
4.818000e-05	7.463362e-02	-3.623711e+00
4.819000e-05	4.155347e-03	-3.779856e+00
4.820000e-05	-1.381709e-02	-4.022514e+00
4.821000e-05	1.127609e-01	-4.187896e+00
4.822000e-05	-1.054152e-01	-4.306199e+00
4.823000e-05	3.899858e-02	-4.495167e+00
4.824000e-05	1.451297e-02	-4.593429e+00
4.825000e-05	-5.837052e-02	-4.821405e+00
4.826000e-05	8.370919e-02	-4.957874e+00
4.827000e-05	-4.611933e-02	-5.094166e+00
4.828000e-05	4.975370e-02	-5.253691e+00
4.829000e-05	-4.999164e-03	-5.494086e+00
4.830000e-05	-2.093113e-02	-5.654013e+00
4.831000e-05	4.808996e-02	-5.768875e+00
4.832000e-05	-7.437270e-02	-5.905196e+00
4.833000e-05	7.375581e-02	-6.033060e+00
4.834000e-05	-6.655396e-03	-6.201333e+00
4.835000e-05	1.546534e-03	-6.410329e+00
4.836000e-05	3.610600e-02	-6.495792e+00
4.837000e-05	-4.969421e-02	-6.593109e+00
4.838000e-05	5.813103e-02	-6.789476e+00
4.839000e-05	-3.572059e-02	-6.937197e+00
4.840000e-05	2.622071e-02	-7.004715e+00
4.841000e-05	5.130073e-04	-7.191933e+00
4.842000e-05	1.681683e-03	-7.320326e+00
4.843000e-05	3.949438e-02	-7.474641e+00
4.844000e-05	-2.643715e-02	-7.603509e+00
4.845000e-05	2.960557e-02	-7.760953e+00
4.846000e-05	-2.256423e-02	-7.957845e+00
4.847000e-05	2.556695e-02	-8.063137e+00
4.848000e-05	6.129805e-03	-8.169371e+00
4.849000e-05	7.809388e-04	-8.285213e+00
4.850000e-05	1.592980e-02	-8.399023e+00
4.851000e-05	-1.829105e-03	-8.487796e+00
4.852000e-05	2.819112e-02	-8.583008e+00
4.853000e-05	-7.180194e-03	-8.727748e+00
4.854000e-05	1.067366e-02	-8.874687e+00
4.855000e-05	-3.474129e-03	-8.959848e+00
4.856000e-05	1.479782e-02	-9.033611e+00
4.857000e-05	1.174991e-02	-9.158370e+00
4.858000e-05	6.273332e-03	-9.235212e+00
4.859000e-05	8.971291e-03	-9.320501e+00
4.860000e-05	3.920469e-03	-9.394110e+00
4.861000e-05	1.610508e-02	-9.548949e+00
4.862000e-05	2.778471e-03	-9.685639e+00
4.863000e-05	9.947925e-03	-9.737920e+00
4.864000e-05	2.968530e-03	-9.813032e+00
4.865000e-05	1.665342e-02	-9.885766e+00
4.866000e-05	1.030355e-02	-1.001290e+01
4.867000e-05	9.187044e-03	-1.005671e+01
4.868000e-05	4.659107e-03	-1.016243e+01
4.869000e-05	6.516024e-03	-1.024614e+01
4.870000e-05	1.320763e-02	-1.032895e+01
4.871000e-05	1.085757e-02	-1.042118e+01
4.872000e-05	1.194852e-02	-1.049732e+01
4.873000e-05	7.323742e-03	-1.056948e+01
4.874000e-05	1.409676e-02	-1.059413e+01
4.875000e-05	1.135073e-02	-1.067619e+01
4.876000e-05	1.152760e-02	-1.073092e+01
4.877000e-05	6.431699e-03	-1.078213e+01
4.878000e-05	1.176344e-02	-1.084671e+01
4.879000e-05	1.399179e-02	-1.086780e+01
4.880000e-05	1.452089e-02	-1.095945e+01
4.881000e-05	1.215783e-02	-1.096570e+01
4.882000e-05	9.285512e-03	-1.103621e+01
4.883000e-05	1.290749e-02	-1.107939e+01
4.884000e-05	1.430381e-02	-1.112987e+01
4.885000e-05	1.527999e-02	-1.120216e+01
4.886000e-05	1.236801e-02	-1.123568e+01
4.887000e-05	1.367130e-02	-1.127626e+01
4.888000e-05	1.625516e-02	-1.130747e+01
4.889000e-05	1.717270e-02	-1.132190e+01
4.890000e-05	1.423435e-02	-1.130102e+01
4.891000e-05	1.321677e-02	-1.138310e+01
4.892000e-05	1.642104e-02	-1.143465e+01
4.893000e-05	1.962634e-02	-1.143570e+01
4.894000e-05	1.944206e-02	-1.144576e+01
4.895000e-05	1.695626e-02	-1.147636e+01
4.896000e-05	1.740333e-02	-1.147834e+01
4.897000e-05	1.947718e-02	-1.155094e+01
4.898000e-05	2.033022e-02	-1.150897e+01
4.899000e-05	1.948111e-02	-1.150899e+01
4.900000e-05	1.939075e-02	-1.151794e+01
4.901000e-05	2.144485e-02	-1.154944e+01
4.902000e-05	2.485154e-02	-1.150147e+01
4.903000e-05	2.475170e-02	-1.148942e+01
4.904000e-05	2.254772e-02	-1.152895e+01
4.905000e-05	2.361066e-02	-1.149986e+01
4.906000e-05	2.635911e-02	-1.142784e+01
4.907000e-05	2.769893e-02	-1.144673e+01
4.908000e-05	2.736644e-02	-1.143431e+01
4.909000e-05	2.720665e-02	-1.140473e+01
4.910000e-05	2.876174e-02	-1.137313e+01
4.911000e-05	3.232270e-02	-1.135108e+01
4.912000e-05	3.238890e-02	-1.129954e+01
4.913000e-05	3.144306e-02	-1.128942e+01
4.914000e-05	3.173182e-02	-1.121578e+01
4.915000e-05	3.442484e-02	-1.122508e+01
4.916000e-05	3.657389e-02	-1.116218e+01
4.917000e-05	3.713480e-02	-1.112099e+01
4.918000e-05	3.721784e-02	-1.105744e+01
4.919000e-05	3.874043e-02	-1.103518e+01
4.920000e-05	4.182557e-02	-1.097315e+01
4.921000e-05	4.396187e-02	-1.091999e+01
4.922000e-05	4.459864e-02	-1.086536e+01
4.923000e-05	4.551187e-02	-1.084528e+01
4.924000e-05	4.784291e-02	-1.080362e+01
4.925000e-05	4.834203e-02	-1.072897e+01
4.926000e-05	4.927049e-02	-1.062731e+01
4.927000e-05	4.732193e-02	-1.057323e+01
4.928000e-05	4.441572e-02	-1.059252e+01
4.929000e-05	4.351204e-02	-1.048794e+01
4.930000e-05	4.144743e-02	-1.040413e+01
4.931000e-05	3.875129e-02	-1.034107e+01
4.932000e-05	3.544291e-02	-1.023686e+01
4.933000e-05	3.319665e-02	-1.017213e+01
4.934000e-05	3.134134e-02	-1.011996e+01
4.935000e-05	2.849189e-02	-1.002527e+01
4.936000e-05	2.505739e-02	-9.959039e+00
4.937000e-05	2.244332e-02	-9.814738e+00
4.938000e-05	2.109054e-02	-9.761621e+00
4.939000e-05	1.989160e-02	-9.686890e+00
4.940000e-05	1.829909e-02	-9.614149e+00
4.941000e-05	1.618975e-02	-9.488515e+00
4.942000e-05	1.559230e-02	-9.374253e+00
4.943000e-05	1.353228e-02	-9.318414e+00
4.944000e-05	1.446130e-02	-9.163520e+00
4.945000e-05	1.210084e-02	-9.036336e+00
4.946000e-05	1.071686e-02	-8.962071e+00
4.947000e-05	1.013781e-02	-8.856935e+00
4.948000e-05	1.083835e-02	-8.771046e+00
4.949000e-05	8.635018e-03	-8.606382e+00
4.950000e-05	7.965103e-03	-8.501070e+00
4.951000e-05	5.826958e-03	-8.412249e+00
4.952000e-05	6.825320e-03	-8.277412e+00
4.953000e-05	5.195629e-03	-8.152174e+00
4.954000e-05	6.434248e-03	-8.076907e+00
4.955000e-05	5.215338e-03	-7.942091e+00
4.956000e-05	6.493144e-03	-7.814730e+00
4.957000e-05	4.616307e-03	-7.639458e+00
4.958000e-05	4.360818e-03	-7.480142e+00
4.959000e-05	2.357192e-03	-7.392224e+00
4.960000e-05	1.902916e-03	-7.257435e+00
4.961000e-05	1.905383e-03	-7.140591e+00
4.962000e-05	2.569439e-03	-6.964275e+00
4.963000e-05	2.426869e-03	-6.845904e+00
4.964000e-05	2.879820e-03	-6.709942e+00
4.965000e-05	2.101044e-03	-6.584169e+00
4.966000e-05	1.230526e-03	-6.445384e+00
4.967000e-05	5.936869e-04	-6.349017e+00
4.968000e-05	-2.887045e-04	-6.132196e+00
4.969000e-05	-2.935146e-04	-6.045275e+00
4.970000e-05	-7.804851e-04	-5.847311e+00
4.971000e-05	3.878973e-04	-5.740070e+00
4.972000e-05	1.800847e-04	-5.593698e+00
4.973000e-05	-4.213382e-04	-5.395903e+00
4.974000e-05	-1.319395e-03	-5.285454e+00
4.975000e-05	-1.664432e-03	-5.117983e+00
4.976000e-05	-1.955183e-03	-4.928942e+00
4.977000e-05	-1.950679e-03	-4.730533e+00
4.978000e-05	-3.650142e-03	-4.570027e+00
4.979000e-05	-1.959869e-03	-4.435228e+00
4.980000e-05	-1.951183e-03	-4.317986e+00
4.981000e-05	-4.256135e-03	-4.191122e+00
4.982000e-05	-3.843874e-03	-4.034275e+00
4.983000e-05	-2.750385e-03	-3.887382e+00
4.984000e-05	-2.936663e-03	-3.656435e+00
4.985000e-05	-3.783948e-03	-3.537466e+00
4.986000e-05	-6.786714e-03	-3.390673e+00
4.987000e-05	-1.129676e-03	-3.213726e+00
4.988000e-05	-4.137079e-03	-3.046358e+00
4.989000e-05	-1.452116e-03	-2.874857e+00
4.990000e-05	-8.051845e-03	-2.718467e+00
4.991000e-05	-4.585909e-03	-2.499992e+00
4.992000e-05	-7.551152e-03	-2.422200e+00
4.993000e-05	-4.866899e-03	-2.164777e+00
4.994000e-05	-7.455648e-03	-2.063204e+00
4.995000e-05	-6.395050e-03	-1.867438e+00
4.996000e-05	-4.298848e-03	-1.750992e+00
4.997000e-05	-3.505524e-03	-1.561624e+00
4.998000e-05	-4.745766e-03	-1.412195e+00
4.999000e-05	-9.293536e-03	-1.151174e+00
