# 260826_11:40:38.556426
t	CH1	CH2
0.000000e+00	2.266785e-02	4.979298e+00
1.000000e-08	-2.170869e-02	5.219381e+00
2.000000e-08	1.499724e-02	5.346325e+00
3.000000e-08	7.314384e-03	5.514169e+00
4.000000e-08	-3.821176e-02	5.650857e+00
5.000000e-08	2.733861e-02	5.788348e+00
6.000000e-08	-5.400737e-02	5.977297e+00
7.000000e-08	5.682416e-03	6.104642e+00
8.000000e-08	2.296074e-02	6.229908e+00
9.000000e-08	-1.764520e-02	6.367298e+00
1.000000e-07	4.759648e-03	6.484594e+00
1.100000e-07	-2.631899e-02	6.661934e+00
1.200000e-07	3.067803e-04	6.838929e+00
1.300000e-07	-8.249714e-03	6.946222e+00
1.400000e-07	-1.234515e-02	7.042588e+00
1.500000e-07	-6.882320e-03	7.208855e+00
1.600000e-07	-1.746309e-02	7.356245e+00
1.700000e-07	1.725466e-02	7.485038e+00
1.800000e-07	-1.323390e-02	7.692011e+00
1.900000e-07	-1.236633e-02	7.776757e+00
2.000000e-07	-1.857374e-02	7.938070e+00
2.100000e-07	-1.074253e-02	8.073486e+00
2.200000e-07	2.847924e-03	8.248855e+00
2.300000e-07	-1.314445e-02	8.314668e+00
2.400000e-07	-7.681657e-03	8.407982e+00
2.500000e-07	-1.371770e-02	8.524669e+00
2.600000e-07	5.229393e-05	8.641356e+00
2.700000e-07	-7.516983e-03	8.713670e+00
2.800000e-07	-1.832158e-02	8.808856e+00
2.900000e-07	-1.632928e-02	8.945748e+00
3.000000e-07	-1.084484e-02	9.041982e+00
3.100000e-07	2.457036e-05	9.166597e+00
3.200000e-07	-9.914440e-03	9.270409e+00
3.300000e-07	-1.336868e-02	9.356223e+00
3.400000e-07	-1.495273e-02	9.410934e+00
3.500000e-07	-7.821452e-03	9.555669e+00
3.600000e-07	-8.713173e-03	9.659884e+00
3.700000e-07	-1.458763e-02	9.735121e+00
3.800000e-07	-1.516917e-02	9.809358e+00
3.900000e-07	-1.083216e-02	9.924064e+00
4.000000e-07	-6.029368e-03	1.001776e+01
4.100000e-07	-1.205154e-02	1.007367e+01
4.200000e-07	-1.804071e-02	1.019732e+01
4.300000e-07	-1.783806e-02	1.021995e+01
4.400000e-07	-1.042208e-02	1.033507e+01
4.500000e-07	-9.703191e-03	1.041775e+01
4.600000e-07	-1.517610e-02	1.049306e+01
4.700000e-07	-1.662366e-02	1.055717e+01
4.800000e-07	-1.527015e-02	1.060988e+01
4.900000e-07	-1.204355e-02	1.067146e+01
5.000000e-07	-1.460142e-02	1.076565e+01
5.100000e-07	-1.853127e-02	1.084130e+01
5.200000e-07	-1.824887e-02	1.089299e+01
5.300000e-07	-1.244275e-02	1.090517e+01
5.400000e-07	-1.199774e-02	1.097884e+01
5.500000e-07	-1.689008e-02	1.100990e+01
5.600000e-07	-1.957296e-02	1.104201e+01
5.700000e-07	-2.026036e-02	1.113302e+01
5.800000e-07	-1.440991e-02	1.113612e+01
5.900000e-07	-1.784927e-02	1.120980e+01
6.000000e-07	-1.920306e-02	1.126136e+01
6.100000e-07	-2.045566e-02	1.128149e+01
6.200000e-07	-1.788621e-02	1.130452e+01
6.300000e-07	-1.735417e-02	1.133610e+01
6.400000e-07	-1.993107e-02	1.134817e+01
6.500000e-07	-2.196443e-02	1.135877e+01
6.600000e-07	-2.255261e-02	1.142031e+01
6.700000e-07	-2.031677e-02	1.142978e+01
6.800000e-07	-2.052668e-02	1.145138e+01
6.900000e-07	-2.222603e-02	1.146096e+01
7.000000e-07	-2.367065e-02	1.151341e+01
7.100000e-07	-2.346544e-02	1.150391e+01
7.200000e-07	-2.254606e-02	1.149344e+01
7.300000e-07	-2.427848e-02	1.149344e+01
7.400000e-07	-2.562339e-02	1.147344e+01
7.500000e-07	-2.751523e-02	1.151258e+01
7.600000e-07	-2.612805e-02	1.153549e+01
7.700000e-07	-2.766411e-02	1.152246e+01
7.800000e-07	-2.888272e-02	1.154394e+01
7.900000e-07	-3.140897e-02	1.149396e+01
8.000000e-07	-3.126821e-02	1.144294e+01
8.100000e-07	-3.072158e-02	1.142288e+01
8.200000e-07	-3.221396e-02	1.138073e+01
8.300000e-07	-3.472230e-02	1.142935e+01
8.400000e-07	-3.508962e-02	1.139972e+01
8.500000e-07	-3.485947e-02	1.133610e+01
8.600000e-07	-3.566172e-02	1.136357e+01
8.700000e-07	-3.897421e-02	1.128406e+01
8.800000e-07	-4.046014e-02	1.124193e+01
8.900000e-07	-4.302823e-02	1.119983e+01
9.000000e-07	-4.138388e-02	1.116822e+01
9.100000e-07	-4.534356e-02	1.110454e+01
9.200000e-07	-4.586477e-02	1.108294e+01
9.300000e-07	-5.135969e-02	1.103040e+01
9.400000e-07	-4.688432e-02	1.100830e+01
9.500000e-07	-5.041753e-02	1.092829e+01
9.600000e-07	-4.728123e-02	1.090412e+01
9.700000e-07	-4.909580e-02	1.084141e+01
9.800000e-07	-4.388844e-02	1.080870e+01
9.900000e-07	-4.304493e-02	1.072459e+01
1.000000e-06	-4.086554e-02	1.063088e+01
1.010000e-06	-3.834172e-02	1.057032e+01
1.020000e-06	-3.505367e-02	1.048561e+01
1.030000e-06	-3.313125e-02	1.041995e+01
1.040000e-06	-3.044332e-02	1.034867e+01
1.050000e-06	-2.927314e-02	1.027351e+01
1.060000e-06	-2.717669e-02	1.020033e+01
1.070000e-06	-2.639996e-02	1.011629e+01
1.080000e-06	-2.496843e-02	1.007251e+01
1.090000e-06	-2.289254e-02	9.987848e+00
1.100000e-06	-2.271578e-02	9.883486e+00
1.110000e-06	-2.051549e-02	9.779321e+00
1.120000e-06	-2.059322e-02	9.694115e+00
1.130000e-06	-2.006540e-02	9.577843e+00
1.140000e-06	-1.953331e-02	9.495087e+00
1.150000e-06	-1.809947e-02	9.389825e+00
1.160000e-06	-1.791534e-02	9.276638e+00
1.170000e-06	-1.783548e-02	9.190904e+00
1.180000e-06	-1.660170e-02	9.155107e+00
1.190000e-06	-1.528490e-02	9.001372e+00
1.200000e-06	-1.503003e-02	8.865135e+00
1.210000e-06	-1.542967e-02	8.767245e+00
1.220000e-06	-1.550855e-02	8.653559e+00
1.230000e-06	-1.412936e-02	8.547794e+00
1.240000e-06	-1.328167e-02	8.472530e+00
1.250000e-06	-1.332151e-02	8.348721e+00
1.260000e-06	-1.327807e-02	8.241446e+00
1.270000e-06	-1.301196e-02	8.104634e+00
1.280000e-06	-1.230002e-02	7.968771e+00
1.290000e-06	-1.244573e-02	7.822654e+00
1.300000e-06	-1.188375e-02	7.696216e+00
1.310000e-06	-1.198251e-02	7.579450e+00
1.320000e-06	-1.047751e-02	7.450955e+00
1.330000e-06	-1.061872e-02	7.297137e+00
1.340000e-06	-1.191154e-02	7.168795e+00
1.350000e-06	-1.199099e-02	7.021979e+00
1.360000e-06	-1.054011e-02	6.904712e+00
1.370000e-06	-9.786741e-03	6.809370e+00
1.380000e-06	-1.030452e-02	6.660953e+00
1.390000e-06	-1.091467e-02	6.486258e+00
1.400000e-06	-1.020874e-02	6.327717e+00
1.410000e-06	-8.797080e-03	6.190979e+00
1.420000e-06	-9.104244e-03	6.095162e+00
1.430000e-06	-9.698301e-03	5.969772e+00
1.440000e-06	-9.617914e-03	5.810927e+00
1.450000e-06	-8.142309e-03	5.631975e+00
1.460000e-06	-8.685692e-03	5.465135e+00
1.470000e-06	-8.620680e-03	5.327220e+00
1.480000e-06	-9.459776e-03	5.168843e+00
1.490000e-06	-8.305841e-03	4.988370e+00
1.500000e-06	-7.500424e-03	4.810473e+00
1.510000e-06	-7.901640e-03	4.643100e+00
1.520000e-06	-8.332989e-03	4.505158e+00
1.530000e-06	-8.534398e-03	4.369442e+00
1.540000e-06	-7.324727e-03	4.159499e+00
1.550000e-06	-7.168496e-03	4.009401e+00
1.560000e-06	-7.149811e-03	3.863003e+00
1.570000e-06	-7.956936e-03	3.685762e+00
1.580000e-06	-7.439334e-03	3.599395e+00
1.590000e-06	-7.324131e-03	3.348867e+00
1.600000e-06	-6.603706e-03	3.189949e+00
1.610000e-06	-6.966389e-03	3.042603e+00
1.620000e-06	-7.462691e-03	2.907258e+00
1.630000e-06	-6.144550e-03	2.758846e+00
1.640000e-06	-5.218314e-03	2.539521e+00
1.650000e-06	-5.912681e-03	2.407947e+00
1.660000e-06	-6.628165e-03	2.211501e+00
1.670000e-06	-6.886882e-03	2.064183e+00
1.680000e-06	-5.274078e-03	1.958895e+00
1.690000e-06	-5.488602e-03	1.726996e+00
1.700000e-06	-6.186412e-03	1.561497e+00
1.710000e-06	-6.124760e-03	1.421524e+00
1.720000e-06	-5.607881e-03	1.193155e+00
1.730000e-06	-5.408556e-03	1.034198e+00
1.740000e-06	-5.285049e-03	8.330277e-01
1.750000e-06	-4.897863e-03	7.047104e-01
1.760000e-06	-4.821874e-03	4.973382e-01
1.770000e-06	-4.509944e-03	3.994186e-01
1.780000e-06	-6.522490e-03	1.895197e-01
1.790000e-06	-2.496752e-03	4.723783e-04
1.800000e-06	-5.501462e-03	-1.658473e-01
1.810000e-06	3.508171e-03	-2.747896e-01
1.820000e-06	-5.514872e-04	-4.415038e-01
1.830000e-06	1.063992e-03	-6.005553e-01
1.840000e-06	2.628757e-03	-7.894814e-01
1.850000e-06	1.951461e-03	-9.768235e-01
1.860000e-06	7.803851e-04	-1.083138e+00
1.870000e-06	6.088278e-03	-1.239558e+00
1.880000e-06	8.744284e-02	-1.530112e+00
1.890000e-06	3.473587e-02	-1.682060e+00
1.900000e-06	-4.989566e-02	-1.944273e+00
1.910000e-06	-2.200757e-02	-2.134293e+00
1.920000e-06	-1.309860e-01	-2.346338e+00
1.930000e-06	1.259216e-01	-2.366394e+00
1.940000e-06	3.915080e-02	-2.431032e+00
1.950000e-06	-2.097367e-01	-2.734343e+00
1.960000e-06	2.071685e-01	-2.789453e+00
1.970000e-06	-2.065154e-02	-2.953618e+00
1.980000e-06	-1.584173e-01	-3.238458e+00
1.990000e-06	1.921397e-01	-3.375768e+00
2.000000e-06	-1.026406e-01	-3.501166e+00
2.010000e-06	-7.192991e-02	-3.641509e+00
2.020000e-06	1.546204e-01	-3.716276e+00
2.030000e-06	-1.346878e-01	-4.048904e+00
2.040000e-06	1.426991e-01	-4.186346e+00
2.050000e-06	1.791704e-03	-4.304037e+00
2.060000e-06	-1.264242e-01	-4.449989e+00
2.070000e-06	1.558720e-01	-4.554792e+00
2.080000e-06	-1.344654e-01	-4.735821e+00
2.090000e-06	6.948128e-02	-4.956218e+00
2.100000e-06	2.810313e-02	-5.071513e+00
2.110000e-06	-5.427301e-02	-5.253005e+00
2.120000e-06	1.096478e-01	-5.389303e+00
2.130000e-06	-1.063295e-01	-5.608327e+00
2.140000e-06	8.582680e-02	-5.727745e+00
2.150000e-06	-4.695694e-02	-5.862531e+00
2.160000e-06	-3.014260e-02	-6.028409e+00
2.170000e-06	1.116621e-01	-6.127222e+00
2.180000e-06	-9.555071e-02	-6.385215e+00
2.190000e-06	1.000021e-01	-6.483087e+00
2.200000e-06	-6.075079e-02	-6.587977e+00
2.210000e-06	1.884966e-02	-6.736747e+00
2.220000e-06	3.708387e-02	-6.903514e+00
2.230000e-06	-5.973542e-02	-7.040483e+00
2.240000e-06	7.621737e-02	-7.176803e+00
2.250000e-06	-6.400918e-02	-7.326247e+00
2.260000e-06	7.398557e-02	-7.451008e+00
2.270000e-06	-2.289646e-02	-7.597330e+00
2.280000e-06	3.681860e-03	-7.786778e+00
2.290000e-06	1.640029e-02	-7.883088e+00
2.300000e-06	-2.951301e-02	-8.061465e+00
2.310000e-06	5.675374e-02	-8.167272e+00
2.320000e-06	-3.505693e-02	-8.292536e+00
2.330000e-06	3.810891e-02	-8.406250e+00
2.340000e-06	-1.648739e-02	-8.532986e+00
2.350000e-06	2.521816e-02	-8.649428e+00
2.360000e-06	8.657353e-03	-8.765641e+00
2.370000e-06	-9.981537e-03	-8.864585e+00
2.380000e-06	1.442200e-02	-8.956246e+00
2.390000e-06	-1.001448e-02	-9.071485e+00
2.400000e-06	3.215870e-02	-9.177221e+00
2.410000e-06	-6.190317e-03	-9.251488e+00
2.420000e-06	1.663557e-02	-9.366272e+00
2.430000e-06	-5.845157e-03	-9.452986e+00
2.440000e-06	1.585620e-02	-9.596171e+00
2.450000e-06	6.717851e-03	-9.670938e+00
2.460000e-06	4.430175e-03	-9.777720e+00
2.470000e-06	6.590006e-03	-9.871432e+00
2.480000e-06	5.239828e-03	-9.925142e+00
2.490000e-06	2.074315e-02	-9.989328e+00
2.500000e-06	2.413889e-03	-1.012302e+01
2.510000e-06	1.158074e-02	-1.018882e+01
2.520000e-06	-3.556518e-03	-1.025246e+01
2.530000e-06	1.566904e-02	-1.035665e+01
2.540000e-06	8.541036e-03	-1.046086e+01
2.550000e-06	1.336684e-02	-1.055517e+01
2.560000e-06	6.142559e-03	-1.057727e+01
2.570000e-06	8.985750e-03	-1.069201e+01
2.580000e-06	1.267196e-02	-1.072354e+01
2.590000e-06	8.201329e-03	-1.079823e+01
2.600000e-06	9.240721e-03	-1.086785e+01
2.610000e-06	3.490027e-03	-1.089201e+01
2.620000e-06	1.624719e-02	-1.091717e+01
2.630000e-06	1.186719e-02	-1.098777e+01
2.640000e-06	1.439293e-02	-1.102043e+01
2.650000e-06	6.901497e-03	-1.114206e+01
2.660000e-06	9.172249e-03	-1.114512e+01
2.670000e-06	1.188656e-02	-1.118920e+01
2.680000e-06	1.427989e-02	-1.122938e+01
2.690000e-06	1.289990e-02	-1.124191e+01
2.700000e-06	1.024211e-02	-1.126464e+01
2.710000e-06	1.264039e-02	-1.135714e+01
2.720000e-06	1.495664e-02	-1.138915e+01
2.730000e-06	1.514931e-02	-1.142788e+01
2.740000e-06	1.099879e-02	-1.148991e+01
2.750000e-06	1.144254e-02	-1.145891e+01
2.760000e-06	1.554510e-02	-1.152259e+01
2.770000e-06	1.907696e-02	-1.151461e+01
2.780000e-06	1.645380e-02	-1.149462e+01
2.790000e-06	1.366646e-02	-1.154719e+01
2.800000e-06	1.515598e-02	-1.156677e+01
2.810000e-06	1.835145e-02	-1.154572e+01
2.820000e-06	2.010950e-02	-1.156975e+01
2.830000e-06	1.725829e-02	-1.159732e+01
2.840000e-06	1.688997e-02	-1.157828e+01
2.850000e-06	2.059536e-02	-1.159725e+01
2.860000e-06	2.310698e-02	-1.162685e+01
2.870000e-06	2.190208e-02	-1.161975e+01
2.880000e-06	1.967507e-02	-1.154727e+01
2.890000e-06	2.172095e-02	-1.158714e+01
2.900000e-06	2.501293e-02	-1.156419e+01
2.910000e-06	2.617376e-02	-1.152309e+01
2.920000e-06	2.579508e-02	-1.151499e+01
2.930000e-06	2.536776e-02	-1.149201e+01
2.940000e-06	2.759342e-02	-1.148028e+01
2.950000e-06	2.984172e-02	-1.139778e+01
2.960000e-06	3.038827e-02	-1.143827e+01
2.970000e-06	2.980703e-02	-1.135569e+01
2.980000e-06	3.195864e-02	-1.126406e+01
2.990000e-06	3.426858e-02	-1.126398e+01
3.000000e-06	3.678617e-02	-1.119980e+01
3.010000e-06	3.661327e-02	-1.113722e+01
3.020000e-06	3.712553e-02	-1.112309e+01
3.030000e-06	3.916527e-02	-1.108048e+01
3.040000e-06	4.235445e-02	-1.103080e+01
3.050000e-06	4.275556e-02	-1.102677e+01
3.060000e-06	3.975876e-02	-1.087514e+01
3.070000e-06	3.781919e-02	-1.085303e+01
3.080000e-06	3.631150e-02	-1.084888e+01
3.090000e-06	3.642958e-02	-1.073675e+01
3.100000e-06	3.293762e-02	-1.072351e+01
3.110000e-06	2.977103e-02	-1.065050e+01
3.120000e-06	2.677175e-02	-1.055925e+01
3.130000e-06	2.623630e-02	-1.052566e+01
3.140000e-06	2.337161e-02	-1.043093e+01
3.150000e-06	2.068597e-02	-1.035622e+01
3.160000e-06	1.751178e-02	-1.029146e+01
3.170000e-06	1.690692e-02	-1.016880e+01
3.180000e-06	1.702839e-02	-1.010507e+01
3.190000e-06	1.526128e-02	-1.003090e+01
3.200000e-06	1.162836e-02	-9.925613e+00
3.210000e-06	1.136926e-02	-9.851458e+00
3.220000e-06	1.098422e-02	-9.737245e+00
3.230000e-06	1.234365e-02	-9.694137e+00
3.240000e-06	8.290144e-03	-9.597377e+00
3.250000e-06	8.841168e-03	-9.525486e+00
3.260000e-06	7.412089e-03	-9.378799e+00
3.270000e-06	8.513671e-03	-9.294062e+00
3.280000e-06	7.684486e-03	-9.187320e+00
3.290000e-06	5.639437e-03	-9.063483e+00
3.300000e-06	3.629494e-03	-8.977267e+00
3.310000e-06	8.237879e-03	-8.860559e+00
3.320000e-06	4.736178e-03	-8.758817e+00
3.330000e-06	4.122558e-03	-8.621427e+00
3.340000e-06	2.812840e-03	-8.474235e+00
3.350000e-06	1.130645e-03	-8.409752e+00
3.360000e-06	5.009183e-03	-8.283081e+00
3.370000e-06	3.227100e-03	-8.108246e+00
3.380000e-06	4.766699e-03	-8.062607e+00
3.390000e-06	1.013507e-03	-7.937668e+00
3.400000e-06	3.205701e-03	-7.778877e+00
3.410000e-06	-1.494178e-04	-7.622454e+00
3.420000e-06	7.726476e-04	-7.484161e+00
3.430000e-06	-2.237161e-03	-7.348345e+00
3.440000e-06	1.764844e-03	-7.232580e+00
3.450000e-06	2.626637e-03	-7.126135e+00
3.460000e-06	3.118665e-03	-6.908292e+00
3.470000e-06	1.103368e-03	-6.809950e+00
3.480000e-06	-1.376515e-03	-6.683637e+00
3.490000e-06	-2.127064e-03	-6.536845e+00
3.500000e-06	-3.475261e-03	-6.443554e+00
3.510000e-06	-9.594163e-04	-6.304638e+00
3.520000e-06	-2.822284e-03	-6.114733e+00
3.530000e-06	1.806793e-04	-5.929246e+00
3.540000e-06	-9.870016e-04	-5.850553e+00
3.550000e-06	4.113120e-04	-5.694661e+00
3.560000e-06	-2.135248e-03	-5.578822e+00
3.570000e-06	-5.113101e-03	-5.387320e+00
3.580000e-06	-2.272268e-03	-5.147919e+00
3.590000e-06	-6.471853e-03	-5.021977e+00
3.600000e-06	-9.555817e-04	-4.854574e+00
3.610000e-06	-5.471231e-03	-4.663077e+00
3.620000e-06	8.960048e-04	-4.506261e+00
3.630000e-06	-4.040174e-03	-4.409469e+00
3.640000e-06	-1.984394e-04	-4.242079e+00
3.650000e-06	-4.835278e-03	-4.105212e+00
3.660000e-06	-5.257877e-03	-3.989966e+00
3.670000e-06	-6.324340e-03	-3.740419e+00
3.680000e-06	-7.554750e-03	-3.609949e+00
3.690000e-06	-4.531022e-03	-3.472681e+00
3.700000e-06	-4.109098e-03	-3.336786e+00
3.710000e-06	-1.827820e-03	-3.149970e+00
3.720000e-06	-4.290814e-03	-2.954391e+00
3.730000e-06	-3.273099e-03	-2.791397e+00
3.740000e-06	-7.655400e-03	-2.623078e+00
3.750000e-06	-6.656616e-03	-2.434258e+00
3.760000e-06	-9.968789e-03	-2.367439e+00
3.770000e-06	-4.702964e-03	-2.098263e+00
3.780000e-06	-5.393311e-03	-1.979447e+00
3.790000e-06	-5.195947e-03	-1.821528e+00
3.800000e-06	-5.326866e-03	-1.682578e+00
3.810000e-06	-6.332935e-03	-1.486283e+00
3.820000e-06	-4.920455e-03	-1.254626e+00
3.830000e-06	-8.053200e-03	-1.077333e+00
3.840000e-06	-7.851952e-03	-9.387184e-01
3.850000e-06	-8.436219e-03	-8.004711e-01
3.860000e-06	-5.859366e-03	-6.030487e-01
3.870000e-06	-7.139969e-03	-4.110226e-01
3.880000e-06	-6.452452e-03	-2.542553e-01
3.890000e-06	-6.549915e-03	-9.576054e-02
3.900000e-06	-3.379040e-03	5.058025e-02
3.910000e-06	1.923219e-03	2.515851e-01
3.920000e-06	-4.367176e-03	4.110049e-01
3.930000e-06	-1.563173e-03	5.463183e-01
3.940000e-06	-4.473903e-03	7.136618e-01
3.950000e-06	-1.889835e-03	8.220289e-01
3.960000e-06	-3.715930e-03	1.058104e+00
3.970000e-06	5.529621e-03	1.238980e+00
3.980000e-06	3.894764e-02	1.396851e+00
3.990000e-06	7.922881e-02	1.712010e+00
4.000000e-06	-4.034129e-02	1.882639e+00
4.010000e-06	-3.769452e-02	2.010029e+00
4.020000e-06	-6.118762e-02	2.186821e+00
4.030000e-06	-8.715866e-02	2.263135e+00
4.040000e-06	1.159849e-01	2.397876e+00
4.050000e-06	-3.320794e-02	2.668434e+00
4.060000e-06	-1.306289e-01	2.796847e+00
4.070000e-06	2.124724e-01	2.924091e+00
4.080000e-06	-8.140039e-02	3.095713e+00
4.090000e-06	-4.807285e-02	3.208926e+00
4.100000e-06	9.574381e-02	3.387775e+00
4.110000e-06	-1.220738e-01	3.578396e+00
4.120000e-06	4.590648e-03	3.675189e+00
4.130000e-06	6.061081e-02	3.933667e+00
4.140000e-06	-4.538280e-02	4.041480e+00
4.150000e-06	5.973579e-02	4.228926e+00
4.160000e-06	-4.799555e-02	4.408930e+00
4.170000e-06	-1.788499e-02	4.523696e+00
4.180000e-06	1.582505e-02	4.683139e+00
4.190000e-06	-3.851009e-02	4.840087e+00
4.200000e-06	2.453163e-02	5.039478e+00
4.210000e-06	-2.403770e-02	5.271484e+00
4.220000e-06	2.922414e-02	5.407854e+00
4.230000e-06	-1.876829e-02	5.534763e+00
4.240000e-06	-1.643426e-02	5.672989e+00
4.250000e-06	1.549488e-02	5.839909e+00
4.260000e-06	-5.772571e-02	6.007830e+00
4.270000e-06	3.255924e-02	6.166246e+00
4.280000e-06	-1.559527e-03	6.302535e+00
4.290000e-06	-1.098684e-02	6.388326e+00
4.300000e-06	-8.122632e-04	6.526273e+00
4.310000e-06	-2.660395e-02	6.714620e+00
4.320000e-06	1.111620e-02	6.853537e+00
4.330000e-06	-2.241906e-02	6.997831e+00
4.340000e-06	1.242573e-03	7.104666e+00
4.350000e-06	-1.894036e-02	7.272383e+00
4.360000e-06	-9.962586e-04	7.477855e+00
4.370000e-06	9.957970e-03	7.574217e+00
4.380000e-06	-1.966982e-02	7.733616e+00
4.390000e-06	-1.077513e-02	7.859936e+00
4.400000e-06	-2.368888e-02	8.008275e+00
4.410000e-06	8.103129e-04	8.124692e+00
4.420000e-06	-4.870185e-03	8.240461e+00
4.430000e-06	-8.748837e-03	8.335667e+00
4.440000e-06	-1.251655e-02	8.442433e+00
4.450000e-06	-9.583044e-03	8.546296e+00
4.460000e-06	2.858856e-04	8.672382e+00
4.470000e-06	-1.334153e-02	8.745147e+00
4.480000e-06	-1.795640e-02	8.810937e+00
4.490000e-06	-1.694151e-02	9.038802e+00
4.500000e-06	-4.735729e-03	9.121535e+00
4.510000e-06	-3.317612e-03	9.209276e+00
4.520000e-06	-1.103723e-02	9.304014e+00
4.530000e-06	-1.677113e-02	9.376879e+00
4.540000e-06	-1.138360e-02	9.482486e+00
4.550000e-06	-8.268202e-03	9.558699e+00
4.560000e-06	-1.084386e-02	9.701959e+00
4.570000e-06	-1.571378e-02	9.779726e+00
4.580000e-06	-1.386922e-02	9.820884e+00
4.590000e-06	-7.489545e-03	9.966621e+00
4.600000e-06	-7.785275e-03	1.002890e+01
4.610000e-06	-1.498297e-02	1.012414e+01
4.620000e-06	-1.993258e-02	1.017835e+01
4.630000e-06	-1.555457e-02	1.022303e+01
4.640000e-06	-1.011272e-02	1.036564e+01
4.650000e-06	-1.023756e-02	1.045031e+01
4.660000e-06	-1.581925e-02	1.051604e+01
4.670000e-06	-1.419383e-02	1.056780e+01
4.680000e-06	-1.278494e-02	1.065091e+01
4.690000e-06	-1.163331e-02	1.074396e+01
4.700000e-06	-1.723524e-02	1.077635e+01
4.710000e-06	-2.098388e-02	1.086091e+01
4.720000e-06	-1.688738e-02	1.088349e+01
4.730000e-06	-1.134427e-02	1.093520e+01
4.740000e-06	-1.224117e-02	1.101825e+01
4.750000e-06	-1.815344e-02	1.102140e+01
4.760000e-06	-1.980897e-02	1.106349e+01
4.770000e-06	-1.770556e-02	1.112557e+01
4.780000e-06	-1.507383e-02	1.114622e+01
4.790000e-06	-1.875394e-02	1.120936e+01
4.800000e-06	-2.074337e-02	1.124030e+01
4.810000e-06	-1.928092e-02	1.129401e+01
4.820000e-06	-1.736964e-02	1.129402e+01
4.830000e-06	-1.765251e-02	1.131625e+01
4.840000e-06	-2.305088e-02	1.136722e+01
4.850000e-06	-2.356586e-02	1.136027e+01
4.860000e-06	-2.114451e-02	1.142128e+01
4.870000e-06	-1.731422e-02	1.141883e+01
4.880000e-06	-2.011437e-02	1.144189e+01
4.890000e-06	-2.402296e-02	1.151336e+01
4.900000e-06	-2.437151e-02	1.150159e+01
4.910000e-06	-2.333800e-02	1.151544e+01
4.920000e-06	-2.388922e-02	1.150354e+01
4.930000e-06	-2.710598e-02	1.153449e+01
4.940000e-06	-2.588404e-02	1.153304e+01
4.950000e-06	-2.570842e-02	1.152357e+01
4.960000e-06	-2.347719e-02	1.150399e+01
4.970000e-06	-2.754552e-02	1.150351e+01
4.980000e-06	-3.113739e-02	1.147306e+01
4.990000e-06	-3.285773e-02	1.148186e+01
5.000000e-06	-3.060993e-02	1.143189e+01
5.010000e-06	-3.142399e-02	1.142188e+01
5.020000e-06	-3.379212e-02	1.142034e+01
5.030000e-06	-3.522297e-02	1.136920e+01
5.040000e-06	-3.490532e-02	1.136822e+01
5.050000e-06	-3.387969e-02	1.132667e+01
5.060000e-06	-3.660890e-02	1.131409e+01
5.070000e-06	-4.007525e-02	1.125346e+01
5.080000e-06	-4.325247e-02	1.121190e+01
5.090000e-06	-4.317771e-02	1.122780e+01
5.100000e-06	-4.297666e-02	1.113765e+01
5.110000e-06	-4.630770e-02	1.111399e+01
5.120000e-06	-4.565110e-02	1.103098e+01
5.130000e-06	-4.839466e-02	1.102037e+01
5.140000e-06	-4.570826e-02	1.096782e+01
5.150000e-06	-4.949117e-02	1.089519e+01
5.160000e-06	-4.890266e-02	1.087401e+01
5.170000e-06	-4.987383e-02	1.085033e+01
5.180000e-06	-4.472802e-02	1.077767e+01
5.190000e-06	-4.256309e-02	1.072336e+01
5.200000e-06	-3.787020e-02	1.062281e+01
5.210000e-06	-3.711736e-02	1.053775e+01
5.220000e-06	-3.527985e-02	1.045511e+01
5.230000e-06	-3.157690e-02	1.039880e+01
5.240000e-06	-2.928409e-02	1.031659e+01
5.250000e-06	-2.837239e-02	1.027145e+01
5.260000e-06	-2.949656e-02	1.021975e+01
5.270000e-06	-2.652605e-02	1.012466e+01
5.280000e-06	-2.329135e-02	1.006145e+01
5.290000e-06	-2.026557e-02	9.947569e+00
5.300000e-06	-2.203240e-02	9.852933e+00
5.310000e-06	-2.096442e-02	9.726740e+00
5.320000e-06	-2.132773e-02	9.674984e+00
5.330000e-06	-1.875806e-02	9.546739e+00
5.340000e-06	-1.885283e-02	9.492010e+00
5.350000e-06	-1.897722e-02	9.368320e+00
5.360000e-06	-1.771333e-02	9.304608e+00
5.370000e-06	-1.503611e-02	9.180899e+00
5.380000e-06	-1.472280e-02	9.092909e+00
5.390000e-06	-1.623206e-02	8.967275e+00
5.400000e-06	-1.585624e-02	8.843055e+00
5.410000e-06	-1.600605e-02	8.746195e+00
5.420000e-06	-1.392709e-02	8.631928e+00
5.430000e-06	-1.358538e-02	8.517195e+00
5.440000e-06	-1.370929e-02	8.422031e+00
5.450000e-06	-1.382697e-02	8.316663e+00
5.460000e-06	-1.203441e-02	8.211849e+00
5.470000e-06	-1.165396e-02	8.072559e+00
5.480000e-06	-1.123593e-02	7.906616e+00
5.490000e-06	-1.323816e-02	7.822024e+00
5.500000e-06	-1.318524e-02	7.665133e+00
5.510000e-06	-1.134130e-02	7.560217e+00
5.520000e-06	-1.073262e-02	7.421346e+00
5.530000e-06	-1.147586e-02	7.252560e+00
5.540000e-06	-1.228968e-02	7.096661e+00
5.550000e-06	-1.115063e-02	6.989872e+00
5.560000e-06	-9.694323e-03	6.864609e+00
5.570000e-06	-9.339459e-03	6.767268e+00
5.580000e-06	-1.044607e-02	6.569344e+00
5.590000e-06	-9.707116e-03	6.422530e+00
5.600000e-06	-1.038932e-02	6.294662e+00
5.610000e-06	-8.396316e-03	6.138393e+00
5.620000e-06	-1.038436e-02	6.043101e+00
5.630000e-06	-1.120025e-02	5.946146e+00
5.640000e-06	-9.652210e-03	5.737293e+00
5.650000e-06	-6.408885e-03	5.568397e+00
5.660000e-06	-7.250453e-03	5.442680e+00
5.670000e-06	-8.894384e-03	5.276658e+00
5.680000e-06	-9.858904e-03	5.136662e+00
5.690000e-06	-8.198588e-03	4.856638e+00
5.700000e-06	-7.684188e-03	4.767891e+00
5.710000e-06	-8.895888e-03	4.580949e+00
5.720000e-06	-9.396962e-03	4.444107e+00
5.730000e-06	-7.336037e-03	4.335763e+00
5.740000e-06	-6.759571e-03	4.136230e+00
5.750000e-06	-7.177158e-03	3.948797e+00
5.760000e-06	-7.794384e-03	3.802478e+00
5.770000e-06	-7.888559e-03	3.653203e+00
5.780000e-06	-6.868976e-03	3.516267e+00
5.790000e-06	-5.806720e-03	3.277710e+00
5.800000e-06	-6.270816e-03	3.148367e+00
5.810000e-06	-7.831395e-03	3.000526e+00
5.820000e-06	-6.695013e-03	2.823655e+00
5.830000e-06	-5.831514e-03	2.735792e+00
5.840000e-06	-5.755165e-03	2.465238e+00
5.850000e-06	-6.935353e-03	2.337365e+00
5.860000e-06	-6.740848e-03	2.199420e+00
5.870000e-06	-6.310612e-03	2.033129e+00
5.880000e-06	-4.827013e-03	1.896333e+00
5.890000e-06	-5.203736e-03	1.687266e+00
5.900000e-06	-6.180244e-03	1.527766e+00
5.910000e-06	-6.373683e-03	1.348447e+00
5.920000e-06	-4.179177e-03	1.179520e+00
5.930000e-06	-4.452853e-03	9.720689e-01
5.940000e-06	-5.782406e-03	8.015724e-01
5.950000e-06	-5.309428e-03	6.031528e-01
5.960000e-06	-5.156940e-03	4.557317e-01
5.970000e-06	-4.173367e-03	3.069147e-01
5.980000e-06	-4.385168e-03	1.087181e-01
5.990000e-06	-6.290411e-03	-4.105157e-02
6.000000e-06	-1.469603e-03	-1.889275e-01
6.010000e-06	4.859857e-03	-3.478221e-01
6.020000e-06	-9.273958e-05	-4.611340e-01
6.030000e-06	2.158876e-03	-7.132395e-01
6.040000e-06	-2.208544e-03	-8.915592e-01
6.050000e-06	1.124082e-03	-9.989738e-01
6.060000e-06	1.118275e-03	-1.125242e+00
6.070000e-06	1.977790e-02	-1.292642e+00
6.080000e-06	1.134779e-01	-1.513166e+00
6.090000e-06	-2.251748e-02	-1.756219e+00
6.100000e-06	-2.568166e-02	-1.988930e+00
6.110000e-06	-5.541303e-02	-2.200003e+00
6.120000e-06	-1.072104e-01	-2.346367e+00
6.130000e-06	1.784256e-01	-2.387299e+00
6.140000e-06	-9.021331e-02	-2.533721e+00
6.150000e-06	-8.193459e-02	-2.757349e+00
6.160000e-06	2.374374e-01	-2.798506e+00
6.170000e-06	-1.511801e-01	-3.059330e+00
6.180000e-06	-3.244338e-02	-3.252009e+00
6.190000e-06	1.538040e-01	-3.367770e+00
6.200000e-06	-1.842432e-01	-3.575297e+00
6.210000e-06	5.509992e-02	-3.672109e+00
6.220000e-06	6.823356e-02	-3.807430e+00
6.230000e-06	-1.025457e-01	-4.082486e+00
6.240000e-06	1.958120e-01	-4.188878e+00
6.250000e-06	-1.274036e-01	-4.324620e+00
6.260000e-06	-5.490673e-03	-4.513116e+00
6.270000e-06	9.460391e-02	-4.639380e+00
6.280000e-06	-1.452543e-01	-4.809034e+00
6.290000e-06	1.391140e-01	-4.936775e+00
6.300000e-06	-6.029983e-02	-5.124570e+00
6.310000e-06	2.580876e-02	-5.325565e+00
6.320000e-06	4.568054e-02	-5.449383e+00
6.330000e-06	-8.209861e-02	-5.660013e+00
6.340000e-06	1.100279e-01	-5.766825e+00
6.350000e-06	-1.176144e-01	-5.914667e+00
6.360000e-06	6.811732e-02	-6.072013e+00
6.370000e-06	3.026636e-02	-6.217331e+00
6.380000e-06	-5.221489e-02	-6.417854e+00
6.390000e-06	9.564376e-02	-6.494166e+00
6.400000e-06	-1.012438e-01	-6.692984e+00
6.410000e-06	8.127594e-02	-6.797906e+00
6.420000e-06	-3.468595e-02	-6.915744e+00
6.430000e-06	5.756788e-03	-7.112011e+00
6.440000e-06	3.309365e-02	-7.251410e+00
6.450000e-06	-4.340868e-02	-7.418828e+00
6.460000e-06	7.867442e-02	-7.514138e+00
6.470000e-06	-5.512074e-02	-7.693414e+00
6.480000e-06	4.258329e-02	-7.829775e+00
6.490000e-06	-2.752772e-02	-7.964698e+00
6.500000e-06	1.258352e-02	-8.112641e+00
6.510000e-06	2.860605e-02	-8.187774e+00
6.520000e-06	-2.013335e-02	-8.324190e+00
6.530000e-06	3.537149e-02	-8.398778e+00
6.540000e-06	-2.435786e-02	-8.516675e+00
6.550000e-06	3.938881e-02	-8.660437e+00
6.560000e-06	-1.311654e-02	-8.817651e+00
6.570000e-06	1.010140e-02	-8.924668e+00
6.580000e-06	-3.323124e-03	-8.987777e+00
6.590000e-06	5.890913e-03	-9.103561e+00
6.600000e-06	2.348488e-02	-9.217752e+00
6.610000e-06	-8.422742e-04	-9.312588e+00
6.620000e-06	1.541642e-02	-9.366824e+00
6.630000e-06	-7.837712e-03	-9.492540e+00
6.640000e-06	2.014341e-02	-9.607801e+00
6.650000e-06	-1.440093e-03	-9.693538e+00
6.660000e-06	1.255135e-02	-9.797824e+00
6.670000e-06	-4.367206e-04	-9.870983e+00
6.680000e-06	1.441178e-02	-9.975217e+00
6.690000e-06	1.470346e-02	-1.004941e+01
6.700000e-06	8.504797e-03	-1.010567e+01
6.710000e-06	6.909337e-03	-1.016985e+01
6.720000e-06	-1.810707e-04	-1.031151e+01
6.730000e-06	1.549964e-02	-1.041822e+01
6.740000e-06	6.593972e-03	-1.047393e+01
6.750000e-06	1.280533e-02	-1.050524e+01
6.760000e-06	2.668338e-03	-1.061978e+01
6.770000e-06	1.378712e-02	-1.066251e+01
6.780000e-06	1.113169e-02	-1.074504e+01
6.790000e-06	1.245873e-02	-1.081882e+01
6.800000e-06	6.299796e-03	-1.086088e+01
6.810000e-06	7.491061e-03	-1.090299e+01
6.820000e-06	1.461135e-02	-1.093617e+01
6.830000e-06	1.148540e-02	-1.100085e+01
6.840000e-06	1.243147e-02	-1.107143e+01
6.850000e-06	6.886015e-03	-1.112259e+01
6.860000e-06	1.227394e-02	-1.120615e+01
6.870000e-06	1.374749e-02	-1.121875e+01
6.880000e-06	1.402863e-02	-1.123091e+01
6.890000e-06	9.989563e-03	-1.130346e+01
6.900000e-06	1.128994e-02	-1.130454e+01
6.910000e-06	1.504953e-02	-1.133970e+01
6.920000e-06	1.407637e-02	-1.138820e+01
6.930000e-06	1.105971e-02	-1.144031e+01
6.940000e-06	1.107606e-02	-1.143144e+01
6.950000e-06	1.488990e-02	-1.148051e+01
6.960000e-06	1.828432e-02	-1.154446e+01
6.970000e-06	1.724787e-02	-1.152604e+01
6.980000e-06	1.446122e-02	-1.153462e+01
6.990000e-06	1.461727e-02	-1.153710e+01
7.000000e-06	1.785417e-02	-1.157460e+01
7.010000e-06	1.890969e-02	-1.160727e+01
7.020000e-06	1.710209e-02	-1.156772e+01
7.030000e-06	1.658084e-02	-1.160620e+01
7.040000e-06	1.905156e-02	-1.158836e+01
7.050000e-06	2.216040e-02	-1.159020e+01
7.060000e-06	2.198813e-02	-1.162975e+01
7.070000e-06	2.041893e-02	-1.159830e+01
7.080000e-06	2.016416e-02	-1.159678e+01
7.090000e-06	2.354982e-02	-1.158725e+01
7.100000e-06	2.595266e-02	-1.154605e+01
7.110000e-06	2.508285e-02	-1.152349e+01
7.120000e-06	2.438659e-02	-1.149306e+01
7.130000e-06	2.674124e-02	-1.148448e+01
7.140000e-06	2.945975e-02	-1.147035e+01
7.150000e-06	3.089570e-02	-1.140971e+01
7.160000e-06	3.000064e-02	-1.139620e+01
7.170000e-06	2.903725e-02	-1.137457e+01
7.180000e-06	3.315181e-02	-1.130343e+01
7.190000e-06	3.611569e-02	-1.122244e+01
7.200000e-06	3.597835e-02	-1.116730e+01
7.210000e-06	3.616536e-02	-1.118804e+01
7.220000e-06	3.782577e-02	-1.110609e+01
7.230000e-06	4.223131e-02	-1.103086e+01
7.240000e-06	4.229640e-02	-1.101977e+01
7.250000e-06	4.067970e-02	-1.095317e+01
7.260000e-06	3.905023e-02	-1.089411e+01
7.270000e-06	3.995295e-02	-1.085298e+01
7.280000e-06	3.894035e-02	-1.081690e+01
7.290000e-06	3.573259e-02	-1.075469e+01
7.300000e-06	3.194758e-02	-1.069259e+01
7.310000e-06	2.892483e-02	-1.065937e+01
7.320000e-06	2.727581e-02	-1.055679e+01
7.330000e-06	2.507249e-02	-1.049406e+01
7.340000e-06	2.160626e-02	-1.036882e+01
7.350000e-06	1.850935e-02	-1.033509e+01
7.360000e-06	1.879762e-02	-1.024088e+01
7.370000e-06	1.835424e-02	-1.016777e+01
7.380000e-06	1.734135e-02	-1.009254e+01
7.390000e-06	1.485151e-02	-1.001023e+01
7.400000e-06	1.219362e-02	-9.875113e+00
7.410000e-06	1.213291e-02	-9.852475e+00
7.420000e-06	9.958383e-03	-9.747247e+00
7.430000e-06	9.600270e-03	-9.642106e+00
7.440000e-06	7.289723e-03	-9.586277e+00
7.450000e-06	9.984063e-03	-9.442986e+00
7.460000e-06	7.173983e-03	-9.368246e+00
7.470000e-06	9.336997e-03	-9.231455e+00
7.480000e-06	7.466977e-03	-9.097167e+00
7.490000e-06	6.570492e-03	-9.050979e+00
7.500000e-06	5.629004e-03	-8.905719e+00
7.510000e-06	6.322987e-03	-8.809927e+00
7.520000e-06	3.946427e-03	-8.715090e+00
7.530000e-06	3.476193e-03	-8.609799e+00
7.540000e-06	2.162347e-03	-8.464586e+00
7.550000e-06	3.457891e-03	-8.326242e+00
7.560000e-06	1.945939e-03	-8.251502e+00
7.570000e-06	3.886413e-03	-8.106163e+00
7.580000e-06	3.007296e-03	-8.020449e+00
7.590000e-06	2.596105e-03	-7.905583e+00
7.600000e-06	3.047934e-03	-7.729367e+00
7.610000e-06	2.739211e-03	-7.609272e+00
7.620000e-06	1.220819e-03	-7.443080e+00
7.630000e-06	-1.638790e-03	-7.316161e+00
7.640000e-06	-1.646335e-03	-7.190402e+00
7.650000e-06	-1.937939e-04	-7.103983e+00
7.660000e-06	5.604130e-04	-6.867288e+00
7.670000e-06	5.364318e-04	-6.770872e+00
7.680000e-06	1.761348e-05	-6.623054e+00
7.690000e-06	6.709230e-04	-6.485714e+00
7.700000e-06	-4.474596e-04	-6.398947e+00
7.710000e-06	-2.555445e-03	-6.242479e+00
7.720000e-06	-3.825539e-03	-6.074654e+00
7.730000e-06	-2.907872e-03	-5.946738e+00
7.740000e-06	-2.335642e-03	-5.819473e+00
7.750000e-06	-1.237309e-03	-5.653583e+00
7.760000e-06	-1.194759e-03	-5.465567e+00
7.770000e-06	-2.724253e-03	-5.305208e+00
7.780000e-06	-3.285204e-03	-5.147265e+00
7.790000e-06	-2.743662e-03	-5.007471e+00
7.800000e-06	-3.593526e-03	-4.729999e+00
7.810000e-06	-4.304871e-03	-4.600500e+00
7.820000e-06	-5.000458e-03	-4.484138e+00
7.830000e-06	-3.686017e-03	-4.347865e+00
7.840000e-06	-3.564736e-03	-4.189998e+00
7.850000e-06	-3.774853e-03	-4.074656e+00
7.860000e-06	-4.615500e-03	-3.926312e+00
7.870000e-06	-4.301553e-03	-3.705287e+00
7.880000e-06	-4.571531e-03	-3.547319e+00
7.890000e-06	-4.346957e-03	-3.380975e+00
7.900000e-06	-5.557444e-03	-3.264105e+00
7.910000e-06	-5.958322e-03	-3.075812e+00
7.920000e-06	-5.343539e-03	-2.855212e+00
7.930000e-06	-4.663860e-03	-2.747817e+00
7.940000e-06	-4.968700e-03	-2.588974e+00
7.950000e-06	-5.689635e-03	-2.442979e+00
7.960000e-06	-6.070207e-03	-2.314237e+00
7.970000e-06	-5.816540e-03	-2.034759e+00
7.980000e-06	-6.098269e-03	-1.917836e+00
7.990000e-06	-7.228566e-03	-1.798419e+00
8.000000e-06	-6.862135e-03	-1.620548e+00
8.010000e-06	-6.566438e-03	-1.393047e+00
8.020000e-06	-5.188566e-03	-1.231424e+00
8.030000e-06	-7.105593e-03	-1.062582e+00
8.040000e-06	-7.177328e-03	-8.267092e-01
8.050000e-06	-7.089005e-03	-7.688634e-01
8.060000e-06	-6.110807e-03	-5.388882e-01
8.070000e-06	-7.057284e-03	-3.494436e-01
8.080000e-06	-7.476903e-03	-2.110476e-01
8.090000e-06	-7.105425e-03	-4.367785e-02
8.100000e-06	-1.787500e-03	1.130581e-01
8.110000e-06	1.446892e-03	3.152420e-01
8.120000e-06	-4.658425e-03	4.515538e-01
8.130000e-06	-7.725022e-04	6.100011e-01
8.140000e-06	-2.714579e-03	7.754947e-01
8.150000e-06	-1.913415e-03	8.535855e-01
8.160000e-06	-3.814712e-03	1.132792e+00
8.170000e-06	7.670664e-03	1.283110e+00
8.180000e-06	6.354580e-02	1.463034e+00
8.190000e-06	5.040724e-02	1.744348e+00
8.200000e-06	-5.316322e-02	1.944768e+00
8.210000e-06	-3.229596e-02	2.083130e+00
8.220000e-06	-8.741392e-02	2.199977e+00
8.230000e-06	-4.240691e-02	2.305215e+00
8.240000e-06	1.406173e-01	2.471062e+00
8.250000e-06	-1.431728e-01	2.721188e+00
8.260000e-06	6.521649e-03	2.820400e+00
8.270000e-06	1.565370e-01	2.937322e+00
8.280000e-06	-1.354271e-01	3.145797e+00
8.290000e-06	4.118190e-02	3.220008e+00
8.300000e-06	2.893548e-02	3.500033e+00
8.310000e-06	-1.247826e-01	3.609406e+00
8.320000e-06	6.473169e-02	3.767222e+00
8.330000e-06	7.011340e-03	3.964793e+00
8.340000e-06	-1.903372e-02	4.064089e+00
8.350000e-06	5.256740e-02	4.272587e+00
8.360000e-06	-7.997349e-02	4.431482e+00
8.370000e-06	2.441194e-02	4.596772e+00
8.380000e-06	-1.754380e-02	4.736717e+00
8.390000e-06	-1.110121e-02	4.904044e+00
8.400000e-06	6.699532e-03	5.141667e+00
8.410000e-06	-8.687976e-03	5.302616e+00
8.420000e-06	2.789028e-02	5.460959e+00
8.430000e-06	-3.930239e-02	5.587792e+00
8.440000e-06	9.643758e-03	5.685670e+00
8.450000e-06	-1.767804e-02	5.893583e+00
8.460000e-06	-3.753865e-02	6.061984e+00
8.470000e-06	3.830583e-02	6.176299e+00
8.480000e-06	-1.560096e-02	6.324191e+00
8.490000e-06	3.668242e-04	6.431033e+00
8.500000e-06	-1.147757e-02	6.638400e+00
8.510000e-06	-1.727451e-02	6.767220e+00
8.520000e-06	7.767996e-03	6.895564e+00
8.530000e-06	-2.504435e-02	7.060859e+00
8.540000e-06	3.004723e-03	7.165795e+00
8.550000e-06	-2.555531e-02	7.292663e+00
8.560000e-06	1.189914e-02	7.431459e+00
8.570000e-06	-1.218321e-03	7.609379e+00
8.580000e-06	-1.721087e-02	7.765223e+00
8.590000e-06	-1.097078e-02	7.893569e+00
8.600000e-06	-2.119118e-02	8.041855e+00
8.610000e-06	6.261801e-03	8.204248e+00
8.620000e-06	-1.214124e-02	8.273062e+00
8.630000e-06	-6.723052e-03	8.377771e+00
8.640000e-06	-1.570035e-02	8.482041e+00
8.650000e-06	-4.129567e-03	8.568374e+00
8.660000e-06	-2.476388e-03	8.725536e+00
8.670000e-06	-1.639961e-02	8.747750e+00
8.680000e-06	-1.517982e-02	8.881089e+00
8.690000e-06	-1.533356e-02	9.008827e+00
8.700000e-06	-3.703858e-04	9.134592e+00
8.710000e-06	-7.175771e-03	9.229283e+00
8.720000e-06	-1.117256e-02	9.305143e+00
8.730000e-06	-1.791303e-02	9.429330e+00
8.740000e-06	-9.088351e-03	9.492137e+00
8.750000e-06	-8.174550e-03	9.628825e+00
8.760000e-06	-1.240961e-02	9.703043e+00
8.770000e-06	-1.599908e-02	9.769729e+00
8.780000e-06	-1.451663e-02	9.912033e+00
8.790000e-06	-5.869942e-03	1.001420e+01
8.800000e-06	-8.988701e-03	1.008246e+01
8.810000e-06	-1.397894e-02	1.016727e+01
8.820000e-06	-2.013313e-02	1.022038e+01
8.830000e-06	-1.337641e-02	1.032359e+01
8.840000e-06	-9.642445e-03	1.038772e+01
8.850000e-06	-1.150091e-02	1.045331e+01
8.860000e-06	-1.662507e-02	1.052712e+01
8.870000e-06	-1.581753e-02	1.056835e+01
8.880000e-06	-1.153770e-02	1.067288e+01
8.890000e-06	-1.340744e-02	1.073449e+01
8.900000e-06	-1.643932e-02	1.082685e+01
8.910000e-06	-2.116836e-02	1.085249e+01
8.920000e-06	-1.507256e-02	1.092610e+01
8.930000e-06	-1.166454e-02	1.098775e+01
8.940000e-06	-1.360729e-02	1.101885e+01
8.950000e-06	-1.944092e-02	1.104154e+01
8.960000e-06	-2.110150e-02	1.109304e+01
8.970000e-06	-1.671314e-02	1.112411e+01
8.980000e-06	-1.554650e-02	1.119770e+01
8.990000e-06	-1.795815e-02	1.122025e+01
9.000000e-06	-2.064188e-02	1.125251e+01
9.010000e-06	-1.902477e-02	1.126304e+01
9.020000e-06	-1.695795e-02	1.131351e+01
9.030000e-06	-1.812775e-02	1.133615e+01
9.040000e-06	-2.322214e-02	1.136770e+01
9.050000e-06	-2.434204e-02	1.139873e+01
9.060000e-06	-2.062015e-02	1.142930e+01
9.070000e-06	-1.764586e-02	1.146288e+01
9.080000e-06	-1.976184e-02	1.148193e+01
9.090000e-06	-2.448351e-02	1.150244e+01
9.100000e-06	-2.432822e-02	1.151098e+01
9.110000e-06	-2.229093e-02	1.149491e+01
9.120000e-06	-2.284760e-02	1.151348e+01
9.130000e-06	-2.640496e-02	1.151349e+01
9.140000e-06	-2.812571e-02	1.153594e+01
9.150000e-06	-2.649169e-02	1.149549e+01
9.160000e-06	-2.472182e-02	1.152389e+01
9.170000e-06	-2.700887e-02	1.150354e+01
9.180000e-06	-3.005596e-02	1.150304e+01
9.190000e-06	-3.120765e-02	1.143249e+01
9.200000e-06	-3.021973e-02	1.144193e+01
9.210000e-06	-3.101645e-02	1.145186e+01
9.220000e-06	-3.435271e-02	1.138083e+01
9.230000e-06	-3.619058e-02	1.139025e+01
9.240000e-06	-3.600722e-02	1.136820e+01
9.250000e-06	-3.577156e-02	1.130659e+01
9.260000e-06	-3.733366e-02	1.129361e+01
9.270000e-06	-3.922275e-02	1.125348e+01
9.280000e-06	-4.189512e-02	1.123193e+01
9.290000e-06	-4.145264e-02	1.118872e+01
9.300000e-06	-4.217427e-02	1.112514e+01
9.310000e-06	-4.545722e-02	1.109201e+01
9.320000e-06	-4.871176e-02	1.105038e+01
9.330000e-06	-4.869046e-02	1.100983e+01
9.340000e-06	-4.733116e-02	1.097769e+01
9.350000e-06	-4.864398e-02	1.089519e+01
9.360000e-06	-4.981002e-02	1.087148e+01
9.370000e-06	-4.844189e-02	1.082720e+01
9.380000e-06	-4.488087e-02	1.075514e+01
9.390000e-06	-4.003072e-02	1.069291e+01
9.400000e-06	-3.841222e-02	1.058875e+01
9.410000e-06	-3.672940e-02	1.050714e+01
9.420000e-06	-3.372108e-02	1.045293e+01
9.430000e-06	-3.027461e-02	1.036030e+01
9.440000e-06	-2.991457e-02	1.030451e+01
9.450000e-06	-2.882327e-02	1.022993e+01
9.460000e-06	-2.818103e-02	1.014927e+01
9.470000e-06	-2.391854e-02	1.006409e+01
9.480000e-06	-2.289578e-02	1.006237e+01
9.490000e-06	-2.167999e-02	9.944589e+00
9.500000e-06	-2.244895e-02	9.810854e+00
9.510000e-06	-2.110506e-02	9.717641e+00
9.520000e-06	-2.017930e-02	9.621849e+00
9.530000e-06	-1.886306e-02	9.514640e+00
9.540000e-06	-1.953091e-02	9.431427e+00
9.550000e-06	-1.889770e-02	9.347769e+00
9.560000e-06	-1.667203e-02	9.272507e+00
9.570000e-06	-1.597079e-02	9.167146e+00
9.580000e-06	-1.617965e-02	9.093383e+00
9.590000e-06	-1.794338e-02	8.957238e+00
9.600000e-06	-1.538460e-02	8.792428e+00
9.610000e-06	-1.306315e-02	8.715688e+00
9.620000e-06	-1.203992e-02	8.590894e+00
9.630000e-06	-1.397572e-02	8.494165e+00
9.640000e-06	-1.394452e-02	8.379803e+00
9.650000e-06	-1.383222e-02	8.263037e+00
9.660000e-06	-1.330092e-02	8.148816e+00
9.670000e-06	-1.288317e-02	7.999349e+00
9.680000e-06	-1.257869e-02	7.916136e+00
9.690000e-06	-1.195258e-02	7.770321e+00
9.700000e-06	-1.162188e-02	7.672557e+00
9.710000e-06	-1.131399e-02	7.555612e+00
9.720000e-06	-1.144211e-02	7.366816e+00
9.730000e-06	-1.185570e-02	7.209974e+00
9.740000e-06	-1.159475e-02	7.074612e+00
9.750000e-06	-1.058645e-02	6.947266e+00
9.760000e-06	-9.485995e-03	6.803003e+00
9.770000e-06	-1.052473e-02	6.716160e+00
9.780000e-06	-9.813680e-03	6.556764e+00
9.790000e-06	-1.001352e-02	6.398419e+00
9.800000e-06	-9.975747e-03	6.254632e+00
9.810000e-06	-9.468348e-03	6.127692e+00
9.820000e-06	-9.420524e-03	6.020475e+00
9.830000e-06	-9.644619e-03	5.903480e+00
9.840000e-06	-8.310001e-03	5.715684e+00
9.850000e-06	-9.111623e-03	5.537241e+00
9.860000e-06	-8.875001e-03	5.419472e+00
9.870000e-06	-9.359612e-03	5.243102e+00
9.880000e-06	-8.385734e-03	5.085480e+00
9.890000e-06	-8.163726e-03	4.843104e+00
9.900000e-06	-7.552325e-03	4.695712e+00
9.910000e-06	-7.762601e-03	4.547793e+00
9.920000e-06	-7.554126e-03	4.450077e+00
9.930000e-06	-7.146938e-03	4.293004e+00
9.940000e-06	-7.212744e-03	4.053157e+00
9.950000e-06	-7.696425e-03	3.906762e+00
9.960000e-06	-8.309926e-03	3.778292e+00
9.970000e-06	-7.469860e-03	3.610005e+00
9.980000e-06	-6.876292e-03	3.492160e+00
9.990000e-06	-6.843612e-03	3.253156e+00
1.000000e-05	-7.443588e-03	3.104788e+00
1.001000e-05	-6.431400e-03	2.979942e+00
1.002000e-05	-5.958124e-03	2.821024e+00
1.003000e-05	-6.159824e-03	2.685600e+00
1.004000e-05	-7.330714e-03	2.472076e+00
1.005000e-05	-7.086428e-03	2.275708e+00
1.006000e-05	-6.079789e-03	2.138335e+00
1.007000e-05	-5.759252e-03	2.001972e+00
1.008000e-05	-5.960710e-03	1.841076e+00
1.009000e-05	-5.886692e-03	1.633652e+00
1.010000e-05	-5.700366e-03	1.453733e+00
1.011000e-05	-5.316271e-03	1.306383e+00
1.012000e-05	-6.310495e-03	1.167892e+00
1.013000e-05	-5.187120e-03	9.172829e-01
1.014000e-05	-5.794975e-03	7.693943e-01
1.015000e-05	-6.304657e-03	6.004226e-01
1.016000e-05	-5.373055e-03	4.015989e-01
1.017000e-05	-4.506304e-03	2.868054e-01
1.018000e-05	-4.353092e-03	6.412772e-02
1.019000e-05	-5.493519e-03	-1.136420e-01
1.020000e-05	-1.177483e-04	-2.316067e-01
1.021000e-05	3.662797e-03	-3.999761e-01
1.022000e-05	1.410082e-04	-5.352960e-01
1.023000e-05	2.941688e-03	-7.678236e-01
1.024000e-05	-7.631096e-04	-8.841107e-01
1.025000e-05	-1.042293e-03	-1.008005e+00
1.026000e-05	7.903024e-04	-1.177400e+00
1.027000e-05	4.104130e-02	-1.355402e+00
1.028000e-05	1.012103e-01	-1.576376e+00
1.029000e-05	-5.469218e-02	-1.821537e+00
1.030000e-05	-1.188870e-02	-2.052609e+00
1.031000e-05	-9.734158e-02	-2.293066e+00
1.032000e-05	-1.154150e-02	-2.325869e+00
1.033000e-05	1.549195e-01	-2.396401e+00
1.034000e-05	-1.850529e-01	-2.649484e+00
1.035000e-05	7.617701e-02	-2.777503e+00
1.036000e-05	1.528691e-01	-2.820508e+00
1.037000e-05	-2.109242e-01	-3.144243e+00
1.038000e-05	1.039251e-01	-3.293638e+00
1.039000e-05	4.470941e-02	-3.410506e+00
1.040000e-05	-1.830892e-01	-3.588929e+00
1.041000e-05	1.497569e-01	-3.694143e+00
1.042000e-05	-4.782725e-02	-3.892108e+00
1.043000e-05	5.274176e-04	-4.125193e+00
1.044000e-05	1.499949e-01	-4.210458e+00
1.045000e-05	-1.852657e-01	-4.417874e+00
1.046000e-05	1.077669e-01	-4.525691e+00
1.047000e-05	-1.967301e-02	-4.691588e+00
1.048000e-05	-6.987393e-02	-4.913562e+00
1.049000e-05	1.272988e-01	-4.989854e+00
1.050000e-05	-9.585291e-02	-5.205350e+00
1.051000e-05	9.782768e-02	-5.327145e+00
1.052000e-05	-4.211144e-02	-5.513689e+00
1.053000e-05	-9.132868e-03	-5.714192e+00
1.054000e-05	6.468167e-02	-5.779974e+00
1.055000e-05	-1.185631e-01	-5.986350e+00
1.056000e-05	1.304976e-01	-6.074164e+00
1.057000e-05	-5.632448e-02	-6.260510e+00
1.058000e-05	2.465098e-02	-6.439484e+00
1.059000e-05	3.555277e-02	-6.576221e+00
1.060000e-05	-7.244215e-02	-6.715115e+00
1.061000e-05	9.702285e-02	-6.837884e+00
1.062000e-05	-8.045050e-02	-7.007799e+00
1.063000e-05	6.405864e-02	-7.184222e+00
1.064000e-05	-2.522685e-02	-7.281640e+00
1.065000e-05	1.356073e-02	-7.450903e+00
1.066000e-05	4.166901e-02	-7.534696e+00
1.067000e-05	-4.667986e-02	-7.745691e+00
1.068000e-05	5.243532e-02	-7.850037e+00
1.069000e-05	-4.925190e-02	-7.978402e+00
1.070000e-05	5.066732e-02	-8.104168e+00
1.071000e-05	-1.139246e-02	-8.240353e+00
1.072000e-05	9.726567e-03	-8.326694e+00
1.073000e-05	1.307209e-02	-8.442457e+00
1.074000e-05	-7.960753e-03	-8.599250e+00
1.075000e-05	3.591195e-02	-8.682987e+00
1.076000e-05	-2.110613e-02	-8.849908e+00
1.077000e-05	2.151917e-02	-8.914693e+00
1.078000e-05	-1.432284e-02	-9.030930e+00
1.079000e-05	2.349246e-02	-9.134619e+00
1.080000e-05	4.927464e-03	-9.227879e+00
1.081000e-05	8.113595e-03	-9.335217e+00
1.082000e-05	7.308289e-03	-9.409808e+00
1.083000e-05	3.083274e-03	-9.505595e+00
1.084000e-05	1.760227e-02	-9.629807e+00
1.085000e-05	-1.412163e-03	-9.755644e+00
1.086000e-05	1.292853e-02	-9.819852e+00
1.087000e-05	-2.869271e-03	-9.902559e+00
1.088000e-05	2.021481e-02	-9.978273e+00
1.089000e-05	5.347511e-03	-1.008141e+01
1.090000e-05	1.291947e-02	-1.016772e+01
1.091000e-05	9.781660e-04	-1.020981e+01
1.092000e-05	8.212344e-03	-1.033402e+01
1.093000e-05	1.156667e-02	-1.041827e+01
1.094000e-05	8.646069e-03	-1.051349e+01
1.095000e-05	1.236138e-02	-1.056832e+01
1.096000e-05	4.573978e-03	-1.063983e+01
1.097000e-05	1.408651e-02	-1.069356e+01
1.098000e-05	7.535999e-03	-1.074565e+01
1.099000e-05	1.302638e-02	-1.080890e+01
1.100000e-05	4.267760e-03	-1.086156e+01
1.101000e-05	1.260486e-02	-1.093411e+01
1.102000e-05	1.261758e-02	-1.093817e+01
1.103000e-05	1.302000e-02	-1.104935e+01
1.104000e-05	1.089324e-02	-1.108194e+01
1.105000e-05	7.561979e-03	-1.113457e+01
1.106000e-05	1.196925e-02	-1.119522e+01
1.107000e-05	1.207404e-02	-1.121936e+01
1.108000e-05	1.331032e-02	-1.127194e+01
1.109000e-05	9.856429e-03	-1.130351e+01
1.110000e-05	1.316187e-02	-1.137662e+01
1.111000e-05	1.449708e-02	-1.138577e+01
1.112000e-05	1.506078e-02	-1.142176e+01
1.113000e-05	1.188507e-02	-1.142993e+01
1.114000e-05	1.196479e-02	-1.146241e+01
1.115000e-05	1.454032e-02	-1.146057e+01
1.116000e-05	1.649521e-02	-1.148449e+01
1.117000e-05	1.651930e-02	-1.151656e+01
1.118000e-05	1.486664e-02	-1.153497e+01
1.119000e-05	1.627395e-02	-1.156718e+01
1.120000e-05	1.755189e-02	-1.159825e+01
1.121000e-05	1.802591e-02	-1.158873e+01
1.122000e-05	1.732367e-02	-1.160675e+01
1.123000e-05	1.806918e-02	-1.156925e+01
1.124000e-05	1.975449e-02	-1.158030e+01
1.125000e-05	2.100179e-02	-1.161985e+01
1.126000e-05	2.109516e-02	-1.160768e+01
1.127000e-05	2.028284e-02	-1.162773e+01
1.128000e-05	2.145982e-02	-1.158723e+01
1.129000e-05	2.437424e-02	-1.153714e+01
1.130000e-05	2.610421e-02	-1.156522e+01
1.131000e-05	2.615085e-02	-1.149401e+01
1.132000e-05	2.605380e-02	-1.148351e+01
1.133000e-05	2.750921e-02	-1.144136e+01
1.134000e-05	2.951748e-02	-1.140930e+01
1.135000e-05	2.981818e-02	-1.138970e+01
1.136000e-05	2.889275e-02	-1.136812e+01
1.137000e-05	3.118268e-02	-1.124501e+01
1.138000e-05	3.292736e-02	-1.130249e+01
1.139000e-05	3.577005e-02	-1.126038e+01
1.140000e-05	3.582354e-02	-1.114722e+01
1.141000e-05	3.730157e-02	-1.115662e+01
1.142000e-05	3.889155e-02	-1.112254e+01
1.143000e-05	4.169647e-02	-1.102198e+01
1.144000e-05	4.356424e-02	-1.094725e+01
1.145000e-05	4.059628e-02	-1.091571e+01
1.146000e-05	3.945667e-02	-1.087301e+01
1.147000e-05	3.679858e-02	-1.081048e+01
1.148000e-05	3.650716e-02	-1.078830e+01
1.149000e-05	3.352051e-02	-1.069509e+01
1.150000e-05	3.004365e-02	-1.065201e+01
1.151000e-05	2.813809e-02	-1.057988e+01
1.152000e-05	2.599216e-02	-1.051574e+01
1.153000e-05	2.365701e-02	-1.047246e+01
1.154000e-05	2.060115e-02	-1.038985e+01
1.155000e-05	1.891741e-02	-1.029404e+01
1.156000e-05	1.751758e-02	-1.021090e+01
1.157000e-05	1.717147e-02	-1.012767e+01
1.158000e-05	1.450596e-02	-1.006098e+01
1.159000e-05	1.342036e-02	-9.965695e+00
1.160000e-05	1.220260e-02	-9.873533e+00
1.161000e-05	1.230375e-02	-9.789848e+00
1.162000e-05	1.086516e-02	-9.714691e+00
1.163000e-05	1.050547e-02	-9.599502e+00
1.164000e-05	8.773390e-03	-9.547269e+00
1.165000e-05	9.846411e-03	-9.401927e+00
1.166000e-05	6.520872e-03	-9.306164e+00
1.167000e-05	7.247732e-03	-9.219398e+00
1.168000e-05	5.567867e-03	-9.135539e+00
1.169000e-05	6.108519e-03	-8.987898e+00
1.170000e-05	4.330183e-03	-8.894637e+00
1.171000e-05	6.646471e-03	-8.805923e+00
1.172000e-05	3.443715e-03	-8.656104e+00
1.173000e-05	4.928749e-03	-8.519290e+00
1.174000e-05	1.500646e-03	-8.460002e+00
1.175000e-05	4.056051e-03	-8.316236e+00
1.176000e-05	1.330885e-03	-8.211446e+00
1.177000e-05	4.166450e-03	-8.093658e+00
1.178000e-05	2.154970e-03	-7.999373e+00
1.179000e-05	3.718802e-03	-7.883035e+00
1.180000e-05	1.537244e-03	-7.685188e+00
1.181000e-05	2.177493e-03	-7.556819e+00
1.182000e-05	-1.000482e-03	-7.420901e+00
1.183000e-05	-1.905257e-04	-7.304659e+00
1.184000e-05	3.435017e-04	-7.197346e+00
1.185000e-05	-5.143319e-04	-7.021929e+00
1.186000e-05	7.858939e-04	-6.863604e+00
1.187000e-05	4.523212e-04	-6.737266e+00
1.188000e-05	2.763616e-04	-6.601051e+00
1.189000e-05	1.800330e-05	-6.433106e+00
1.190000e-05	-5.419406e-04	-6.357791e+00
1.191000e-05	-2.892672e-03	-6.159895e+00
1.192000e-05	-1.285715e-03	-6.031503e+00
1.193000e-05	-1.968623e-03	-5.873637e+00
1.194000e-05	-1.080851e-03	-5.766771e+00
1.195000e-05	-1.754033e-03	-5.632024e+00
1.196000e-05	-1.592560e-03	-5.481523e+00
1.197000e-05	-3.280964e-03	-5.225481e+00
1.198000e-05	-2.320048e-03	-5.104656e+00
1.199000e-05	-4.178708e-03	-4.913487e+00
1.200000e-05	-4.079216e-03	-4.695761e+00
1.201000e-05	-4.268660e-03	-4.589418e+00
1.202000e-05	-3.927010e-03	-4.421577e+00
1.203000e-05	-3.485951e-03	-4.316761e+00
1.204000e-05	-4.112869e-03	-4.158843e+00
1.205000e-05	-3.704139e-03	-4.020504e+00
1.206000e-05	-3.763153e-03	-3.844178e+00
1.207000e-05	-3.940770e-03	-3.662128e+00
1.208000e-05	-5.004249e-03	-3.507762e+00
1.209000e-05	-5.043326e-03	-3.391419e+00
1.210000e-05	-5.066762e-03	-3.201599e+00
1.211000e-05	-5.282651e-03	-3.013076e+00
1.212000e-05	-5.376200e-03	-2.842650e+00
1.213000e-05	-5.159866e-03	-2.726761e+00
1.214000e-05	-5.180371e-03	-2.517840e+00
1.215000e-05	-5.552080e-03	-2.418471e+00
1.216000e-05	-6.249178e-03	-2.212070e+00
1.217000e-05	-6.167539e-03	-2.022101e+00
1.218000e-05	-6.729226e-03	-1.896687e+00
1.219000e-05	-6.249474e-03	-1.717286e+00
1.220000e-05	-6.443238e-03	-1.600449e+00
1.221000e-05	-5.789949e-03	-1.337966e+00
1.222000e-05	-5.821215e-03	-1.158916e+00
1.223000e-05	-5.513156e-03	-9.805451e-01
1.224000e-05	-6.925997e-03	-8.340303e-01
1.225000e-05	-6.240620e-03	-7.063107e-01
1.226000e-05	-6.830025e-03	-4.556291e-01
1.227000e-05	-6.849449e-03	-3.279134e-01
1.228000e-05	-7.860016e-03	-1.594711e-01
1.229000e-05	-7.548574e-03	-2.204376e-02
1.230000e-05	-8.227963e-04	1.542672e-01
1.231000e-05	-9.131747e-05	3.578483e-01
1.232000e-05	-2.179892e-03	4.941355e-01
1.233000e-05	-1.030504e-03	6.316101e-01
1.234000e-05	-2.652014e-03	8.078999e-01
1.235000e-05	-2.728583e-03	9.753435e-01
1.236000e-05	-1.416751e-03	1.186923e+00
1.237000e-05	1.725117e-02	1.306242e+00
1.238000e-05	8.088686e-02	1.607318e+00
1.239000e-05	7.348177e-03	1.807929e+00
1.240000e-05	-4.916893e-02	1.996923e+00
1.241000e-05	-3.610966e-02	2.094714e+00
1.242000e-05	-1.007131e-01	2.252129e+00
1.243000e-05	2.881315e-02	2.386296e+00
1.244000e-05	9.477684e-02	2.544216e+00
1.245000e-05	-1.950030e-01	2.755870e+00
1.246000e-05	1.362731e-01	2.839005e+00
1.247000e-05	4.655881e-02	3.050464e+00
1.248000e-05	-1.279919e-01	3.187851e+00
1.249000e-05	9.901407e-02	3.283516e+00
1.250000e-05	-5.302856e-02	3.524692e+00
1.251000e-05	-7.937265e-02	3.641563e+00
1.252000e-05	9.100269e-02	3.831402e+00
1.253000e-05	-3.653106e-02	4.019029e+00
1.254000e-05	2.192780e-02	4.115643e+00
1.255000e-05	1.544528e-02	4.334718e+00
1.256000e-05	-6.878431e-02	4.525088e+00
1.257000e-05	3.977303e-02	4.620430e+00
1.258000e-05	-4.194038e-02	4.828879e+00
1.259000e-05	1.604816e-02	4.947725e+00
1.260000e-05	-1.618019e-02	5.195775e+00
1.261000e-05	1.213510e-02	5.386773e+00
1.262000e-05	1.165200e-02	5.502566e+00
1.263000e-05	-4.110493e-02	5.588879e+00
1.264000e-05	2.570792e-02	5.777721e+00
1.265000e-05	-4.704190e-02	5.976242e+00
1.266000e-05	-2.316150e-03	6.114166e+00
1.267000e-05	2.640428e-02	6.217880e+00
1.268000e-05	-1.920534e-02	6.346271e+00
1.269000e-05	5.490318e-03	6.483140e+00
1.270000e-05	-2.393759e-02	6.661458e+00
1.271000e-05	-3.824747e-03	6.817876e+00
1.272000e-05	-5.180957e-03	6.924718e+00
1.273000e-05	-1.455889e-02	7.112088e+00
1.274000e-05	-3.023187e-03	7.217775e+00
1.275000e-05	-1.932539e-02	7.327247e+00
1.276000e-05	1.624847e-02	7.533035e+00
1.277000e-05	-1.249118e-02	7.651913e+00
1.278000e-05	-1.373359e-02	7.797400e+00
1.279000e-05	-1.763881e-02	7.965719e+00
1.280000e-05	-1.316071e-02	8.052487e+00
1.281000e-05	3.732053e-03	8.218276e+00
1.282000e-05	-1.219446e-02	8.324216e+00
1.283000e-05	-7.516398e-03	8.388850e+00
1.284000e-05	-1.438179e-02	8.526067e+00
1.285000e-05	-7.307570e-04	8.649854e+00
1.286000e-05	-6.463820e-03	8.694166e+00
1.287000e-05	-1.778990e-02	8.829352e+00
1.288000e-05	-1.508953e-02	8.915719e+00
1.289000e-05	-1.209474e-02	9.050430e+00
1.290000e-05	-7.512152e-04	9.195595e+00
1.291000e-05	-1.139877e-02	9.293010e+00
1.292000e-05	-1.311130e-02	9.325695e+00
1.293000e-05	-1.523702e-02	9.471831e+00
1.294000e-05	-7.397806e-03	9.525696e+00
1.295000e-05	-9.334012e-03	9.629375e+00
1.296000e-05	-1.503504e-02	9.724619e+00
1.297000e-05	-1.428845e-02	9.790383e+00
1.298000e-05	-1.083078e-02	9.913089e+00
1.299000e-05	-6.683340e-03	1.004823e+01
1.300000e-05	-1.187994e-02	1.008354e+01
1.301000e-05	-1.709003e-02	1.018730e+01
1.302000e-05	-1.793365e-02	1.026048e+01
1.303000e-05	-1.111162e-02	1.036507e+01
1.304000e-05	-1.018557e-02	1.037875e+01
1.305000e-05	-1.485233e-02	1.047201e+01
1.306000e-05	-1.602395e-02	1.054825e+01
1.307000e-05	-1.439311e-02	1.062026e+01
1.308000e-05	-1.110752e-02	1.066143e+01
1.309000e-05	-1.459700e-02	1.075515e+01
1.310000e-05	-1.907519e-02	1.082830e+01
1.311000e-05	-1.866417e-02	1.088356e+01
1.312000e-05	-1.346648e-02	1.093617e+01
1.313000e-05	-1.160479e-02	1.097730e+01
1.314000e-05	-1.568261e-02	1.105935e+01
1.315000e-05	-1.910662e-02	1.105994e+01
1.316000e-05	-2.003542e-02	1.113412e+01
1.317000e-05	-1.457492e-02	1.116624e+01
1.318000e-05	-1.734918e-02	1.122825e+01
1.319000e-05	-1.973064e-02	1.123938e+01
1.320000e-05	-2.106621e-02	1.125096e+01
1.321000e-05	-1.778018e-02	1.131454e+01
1.322000e-05	-1.630153e-02	1.132817e+01
1.323000e-05	-1.918623e-02	1.132860e+01
1.324000e-05	-2.225282e-02	1.136825e+01
1.325000e-05	-2.282315e-02	1.137970e+01
1.326000e-05	-1.958077e-02	1.140031e+01
1.327000e-05	-1.949354e-02	1.141181e+01
1.328000e-05	-2.244596e-02	1.144241e+01
1.329000e-05	-2.470397e-02	1.144293e+01
1.330000e-05	-2.357126e-02	1.152434e+01
1.331000e-05	-2.232155e-02	1.149402e+01
1.332000e-05	-2.379684e-02	1.152401e+01
1.333000e-05	-2.641056e-02	1.149456e+01
1.334000e-05	-2.708710e-02	1.151404e+01
1.335000e-05	-2.498013e-02	1.158501e+01
1.336000e-05	-2.617542e-02	1.149404e+01
1.337000e-05	-2.940043e-02	1.152398e+01
1.338000e-05	-3.265392e-02	1.148436e+01
1.339000e-05	-3.104872e-02	1.149241e+01
1.340000e-05	-3.099185e-02	1.142138e+01
1.341000e-05	-3.329864e-02	1.139083e+01
1.342000e-05	-3.546414e-02	1.145978e+01
1.343000e-05	-3.446820e-02	1.138677e+01
1.344000e-05	-3.392673e-02	1.134777e+01
1.345000e-05	-3.522930e-02	1.133556e+01
1.346000e-05	-3.922747e-02	1.128401e+01
1.347000e-05	-4.058434e-02	1.128140e+01
1.348000e-05	-4.210102e-02	1.122880e+01
1.349000e-05	-4.166510e-02	1.120720e+01
1.350000e-05	-4.607821e-02	1.109504e+01
1.351000e-05	-4.672085e-02	1.108451e+01
1.352000e-05	-4.995516e-02	1.104138e+01
1.353000e-05	-4.635301e-02	1.099935e+01
1.354000e-05	-4.881403e-02	1.094672e+01
1.355000e-05	-4.703755e-02	1.088367e+01
1.356000e-05	-4.892063e-02	1.083198e+01
1.357000e-05	-4.544635e-02	1.080727e+01
1.358000e-05	-4.331497e-02	1.071407e+01
1.359000e-05	-4.084196e-02	1.066188e+01
1.360000e-05	-3.986747e-02	1.056932e+01
1.361000e-05	-3.597376e-02	1.049607e+01
1.362000e-05	-3.343519e-02	1.044187e+01
1.363000e-05	-2.970992e-02	1.036674e+01
1.364000e-05	-2.842225e-02	1.029306e+01
1.365000e-05	-2.826361e-02	1.019887e+01
1.366000e-05	-2.648533e-02	1.013724e+01
1.367000e-05	-2.377210e-02	1.007196e+01
1.368000e-05	-2.243066e-02	1.001987e+01
1.369000e-05	-2.303939e-02	9.863512e+00
1.370000e-05	-2.223644e-02	9.780826e+00
1.371000e-05	-2.123266e-02	9.715064e+00
1.372000e-05	-1.855399e-02	9.619851e+00
1.373000e-05	-1.917305e-02	9.495013e+00
1.374000e-05	-1.843401e-02	9.429978e+00
1.375000e-05	-1.828568e-02	9.336136e+00
1.376000e-05	-1.494582e-02	9.232534e+00
1.377000e-05	-1.537728e-02	9.155090e+00
1.378000e-05	-1.628629e-02	9.011327e+00
1.379000e-05	-1.653875e-02	8.863662e+00
1.380000e-05	-1.457930e-02	8.739822e+00
1.381000e-05	-1.350665e-02	8.683058e+00
1.382000e-05	-1.325039e-02	8.538245e+00
1.383000e-05	-1.464408e-02	8.482561e+00
1.384000e-05	-1.365086e-02	8.368242e+00
1.385000e-05	-1.267382e-02	8.239432e+00
1.386000e-05	-1.227070e-02	8.086813e+00
1.387000e-05	-1.238811e-02	7.999344e+00
1.388000e-05	-1.283602e-02	7.892557e+00
1.389000e-05	-1.143479e-02	7.717214e+00
1.390000e-05	-1.128211e-02	7.620975e+00
1.391000e-05	-1.150230e-02	7.473453e+00
1.392000e-05	-1.205840e-02	7.305716e+00
1.393000e-05	-1.089132e-02	7.176774e+00
1.394000e-05	-1.026997e-02	7.042455e+00
1.395000e-05	-1.001433e-02	6.925211e+00
1.396000e-05	-1.047147e-02	6.778922e+00
1.397000e-05	-1.023035e-02	6.653483e+00
1.398000e-05	-9.619778e-03	6.465158e+00
1.399000e-05	-9.779549e-03	6.327767e+00
1.400000e-05	-1.034870e-02	6.221425e+00
1.401000e-05	-9.846502e-03	6.084658e+00
1.402000e-05	-8.733928e-03	5.969300e+00
1.403000e-05	-9.080479e-03	5.771473e+00
1.404000e-05	-8.127502e-03	5.622524e+00
1.405000e-05	-8.722727e-03	5.446187e+00
1.406000e-05	-8.399920e-03	5.316317e+00
1.407000e-05	-9.149596e-03	5.178300e+00
1.408000e-05	-8.247363e-03	4.991918e+00
1.409000e-05	-8.062304e-03	4.781523e+00
1.410000e-05	-8.290578e-03	4.623154e+00
1.411000e-05	-8.254742e-03	4.515737e+00
1.412000e-05	-8.723664e-03	4.399899e+00
1.413000e-05	-7.749735e-03	4.169518e+00
1.414000e-05	-8.067193e-03	4.009573e+00
1.415000e-05	-7.627714e-03	3.865135e+00
1.416000e-05	-7.461396e-03	3.705762e+00
1.417000e-05	-6.646301e-03	3.588421e+00
1.418000e-05	-6.839844e-03	3.439946e+00
1.419000e-05	-7.625952e-03	3.200474e+00
1.420000e-05	-7.519209e-03	3.055607e+00
1.421000e-05	-7.191631e-03	2.895814e+00
1.422000e-05	-5.900050e-03	2.788920e+00
1.423000e-05	-6.165413e-03	2.559375e+00
1.424000e-05	-5.751388e-03	2.401044e+00
1.425000e-05	-5.720993e-03	2.213577e+00
1.426000e-05	-5.699458e-03	2.064704e+00
1.427000e-05	-6.551036e-03	1.968395e+00
1.428000e-05	-7.102344e-03	1.770870e+00
1.429000e-05	-6.900069e-03	1.581470e+00
1.430000e-05	-5.254239e-03	1.440100e+00
1.431000e-05	-5.424698e-03	1.264129e+00
1.432000e-05	-6.626933e-03	1.063730e+00
1.433000e-05	-5.400150e-03	8.350791e-01
1.434000e-05	-4.366364e-03	6.953106e-01
1.435000e-05	-4.232651e-03	5.488146e-01
1.436000e-05	-5.776184e-03	3.909988e-01
1.437000e-05	-5.635862e-03	1.925210e-01
1.438000e-05	-4.566906e-03	-1.044881e-02
1.439000e-05	-2.174195e-03	-1.657959e-01
1.440000e-05	2.698021e-03	-3.041419e-01
1.441000e-05	4.251206e-04	-4.104764e-01
1.442000e-05	-4.960146e-04	-6.669527e-01
1.443000e-05	3.628190e-04	-7.990288e-01
1.444000e-05	1.594363e-03	-9.347947e-01
1.445000e-05	-6.943871e-04	-1.083140e+00
1.446000e-05	5.449896e-03	-1.230059e+00
1.447000e-05	7.984278e-02	-1.480530e+00
1.448000e-05	5.267780e-02	-1.680987e+00
1.449000e-05	-5.212743e-02	-1.913743e+00
1.450000e-05	-1.954714e-02	-2.144743e+00
1.451000e-05	-1.323318e-01	-2.314667e+00
1.452000e-05	1.003802e-01	-2.378372e+00
1.453000e-05	6.570986e-02	-2.429955e+00
1.454000e-05	-2.156619e-01	-2.724739e+00
1.455000e-05	1.822624e-01	-2.798451e+00
1.456000e-05	1.336029e-02	-2.903617e+00
1.457000e-05	-1.767394e-01	-3.198951e+00
1.458000e-05	1.833102e-01	-3.326266e+00
1.459000e-05	-8.016867e-02	-3.452162e+00
1.460000e-05	-1.003522e-01	-3.631008e+00
1.461000e-05	1.617801e-01	-3.737646e+00
1.462000e-05	-1.259890e-01	-3.956350e+00
1.463000e-05	1.207270e-01	-4.156745e+00
1.464000e-05	3.083192e-02	-4.280488e+00
1.465000e-05	-1.456092e-01	-4.439983e+00
1.466000e-05	1.562386e-01	-4.566916e+00
1.467000e-05	-1.191165e-01	-4.762697e+00
1.468000e-05	4.532715e-02	-4.934743e+00
1.469000e-05	4.840513e-02	-5.060031e+00
1.470000e-05	-6.827228e-02	-5.250409e+00
1.471000e-05	1.135134e-01	-5.398878e+00
1.472000e-05	-1.005838e-01	-5.585255e+00
1.473000e-05	6.918523e-02	-5.755238e+00
1.474000e-05	-2.612392e-02	-5.870959e+00
1.475000e-05	-5.047139e-02	-5.991003e+00
1.476000e-05	1.228166e-01	-6.106693e+00
1.477000e-05	-9.384458e-02	-6.353146e+00
1.478000e-05	8.915130e-02	-6.513561e+00
1.479000e-05	-4.674053e-02	-6.596848e+00
1.480000e-05	7.151177e-04	-6.765745e+00
1.481000e-05	5.116933e-02	-6.873584e+00
1.482000e-05	-6.901485e-02	-7.061483e+00
1.483000e-05	7.811454e-02	-7.175321e+00
1.484000e-05	-6.075695e-02	-7.316116e+00
1.485000e-05	6.662833e-02	-7.448984e+00
1.486000e-05	-1.148428e-02	-7.577847e+00
1.487000e-05	-7.222219e-03	-7.797244e+00
1.488000e-05	2.425573e-02	-7.922538e+00
1.489000e-05	-3.623245e-02	-8.061912e+00
1.490000e-05	5.783422e-02	-8.176146e+00
1.491000e-05	-3.470891e-02	-8.302037e+00
1.492000e-05	3.333199e-02	-8.397270e+00
1.493000e-05	-1.142793e-02	-8.473541e+00
1.494000e-05	1.934175e-02	-8.639830e+00
1.495000e-05	1.446218e-02	-8.754572e+00
1.496000e-05	-1.345204e-02	-8.871962e+00
1.497000e-05	1.666938e-02	-8.927247e+00
1.498000e-05	-1.181301e-02	-9.090408e+00
1.499000e-05	3.252197e-02	-9.145168e+00
1.500000e-05	-5.683957e-03	-9.271363e+00
1.501000e-05	1.623326e-02	-9.347223e+00
1.502000e-05	-2.871093e-03	-9.470834e+00
1.503000e-05	1.415327e-02	-9.574720e+00
1.504000e-05	7.625670e-03	-9.631883e+00
1.505000e-05	3.192004e-03	-9.766222e+00
1.506000e-05	8.575267e-03	-9.850851e+00
1.507000e-05	2.795403e-03	-9.914566e+00
1.508000e-05	2.095730e-02	-1.000632e+01
1.509000e-05	2.371317e-03	-1.008402e+01
1.510000e-05	1.182623e-02	-1.014828e+01
1.511000e-05	-3.422905e-03	-1.023188e+01
1.512000e-05	1.549994e-02	-1.037622e+01
1.513000e-05	9.708510e-03	-1.045793e+01
1.514000e-05	1.273095e-02	-1.051411e+01
1.515000e-05	6.879585e-03	-1.058835e+01
1.516000e-05	7.742542e-03	-1.065146e+01
1.517000e-05	1.283765e-02	-1.071349e+01
1.518000e-05	8.028175e-03	-1.075477e+01
1.519000e-05	1.093022e-02	-1.082848e+01
1.520000e-05	2.834170e-03	-1.091401e+01
1.521000e-05	1.883184e-02	-1.093622e+01
1.522000e-05	1.017651e-02	-1.097729e+01
1.523000e-05	1.396419e-02	-1.104044e+01
1.524000e-05	4.036774e-03	-1.111506e+01
1.525000e-05	8.613412e-03	-1.115619e+01
1.526000e-05	1.359865e-02	-1.119635e+01
1.527000e-05	1.598507e-02	-1.125044e+01
1.528000e-05	1.409322e-02	-1.128196e+01
1.529000e-05	9.694855e-03	-1.129556e+01
1.530000e-05	1.419212e-02	-1.133662e+01
1.531000e-05	1.243191e-02	-1.139785e+01
1.532000e-05	1.197348e-02	-1.141930e+01
1.533000e-05	1.044324e-02	-1.143888e+01
1.534000e-05	1.313288e-02	-1.147038e+01
1.535000e-05	2.033753e-02	-1.151362e+01
1.536000e-05	2.009612e-02	-1.151454e+01
1.537000e-05	1.581681e-02	-1.152469e+01
1.538000e-05	1.232683e-02	-1.155567e+01
1.539000e-05	1.308397e-02	-1.154560e+01
1.540000e-05	1.681575e-02	-1.155717e+01
1.541000e-05	1.773503e-02	-1.160882e+01
1.542000e-05	1.691574e-02	-1.161723e+01
1.543000e-05	1.990560e-02	-1.160925e+01
1.544000e-05	2.212531e-02	-1.160080e+01
1.545000e-05	2.365567e-02	-1.161725e+01
1.546000e-05	2.063802e-02	-1.158780e+01
1.547000e-05	1.800227e-02	-1.158833e+01
1.548000e-05	2.111435e-02	-1.159872e+01
1.549000e-05	2.374560e-02	-1.153714e+01
1.550000e-05	2.640317e-02	-1.155464e+01
1.551000e-05	2.604853e-02	-1.151159e+01
1.552000e-05	2.735483e-02	-1.148046e+01
1.553000e-05	2.806173e-02	-1.144136e+01
1.554000e-05	3.062163e-02	-1.141735e+01
1.555000e-05	2.879146e-02	-1.135670e+01
1.556000e-05	2.846044e-02	-1.136549e+01
1.557000e-05	3.094702e-02	-1.127414e+01
1.558000e-05	3.482835e-02	-1.130291e+01
1.559000e-05	3.688451e-02	-1.116032e+01
1.560000e-05	3.760733e-02	-1.112827e+01
1.561000e-05	3.743561e-02	-1.115412e+01
1.562000e-05	3.966709e-02	-1.110343e+01
1.563000e-05	4.219961e-02	-1.100941e+01
1.564000e-05	4.184082e-02	-1.094719e+01
1.565000e-05	4.013866e-02	-1.092514e+01
1.566000e-05	3.868664e-02	-1.088246e+01
1.567000e-05	3.871320e-02	-1.082088e+01
1.568000e-05	3.680985e-02	-1.077677e+01
1.569000e-05	3.381700e-02	-1.070466e+01
1.570000e-05	2.902753e-02	-1.064193e+01
1.571000e-05	2.806336e-02	-1.058680e+01
1.572000e-05	2.625217e-02	-1.051719e+01
1.573000e-05	2.295051e-02	-1.047345e+01
1.574000e-05	1.911070e-02	-1.037827e+01
1.575000e-05	1.796982e-02	-1.029394e+01
1.576000e-05	1.891182e-02	-1.020135e+01
1.577000e-05	1.782732e-02	-1.012469e+01
1.578000e-05	1.560110e-02	-1.001947e+01
1.579000e-05	1.200145e-02	-9.916696e+00
1.580000e-05	1.297992e-02	-9.832032e+00
1.581000e-05	1.187496e-02	-9.787792e+00
1.582000e-05	1.230964e-02	-9.654137e+00
1.583000e-05	7.452233e-03	-9.610004e+00
1.584000e-05	5.814590e-03	-9.526065e+00
1.585000e-05	8.202059e-03	-9.409327e+00
1.586000e-05	7.932079e-03	-9.305159e+00
1.587000e-05	1.138292e-02	-9.188874e+00
1.588000e-05	4.922960e-03	-9.082532e+00
1.589000e-05	8.297321e-03	-8.967797e+00
1.590000e-05	6.049324e-03	-8.834079e+00
1.591000e-05	5.982753e-03	-8.797296e+00
1.592000e-05	8.896021e-04	-8.660499e+00
1.593000e-05	2.169220e-03	-8.496187e+00
1.594000e-05	-4.674012e-04	-8.398321e+00
1.595000e-05	5.465544e-03	-8.304637e+00
1.596000e-05	4.161066e-03	-8.179346e+00
1.597000e-05	5.816221e-03	-8.044107e+00
1.598000e-05	2.799843e-03	-7.978190e+00
1.599000e-05	3.969697e-03	-7.790954e+00
1.600000e-05	4.204158e-04	-7.632031e+00
1.601000e-05	-7.175355e-04	-7.525687e+00
1.602000e-05	-2.972158e-03	-7.387769e+00
1.603000e-05	-1.642394e-03	-7.253082e+00
1.604000e-05	1.368553e-03	-7.125245e+00
1.605000e-05	1.898078e-03	-6.967741e+00
1.606000e-05	3.524235e-03	-6.802625e+00
1.607000e-05	-1.114351e-03	-6.675636e+00
1.608000e-05	1.138170e-03	-6.598821e+00
1.609000e-05	-2.206825e-03	-6.422553e+00
1.610000e-05	-2.361639e-03	-6.344666e+00
1.611000e-05	-3.772336e-03	-6.096285e+00
1.612000e-05	-4.077076e-03	-5.968344e+00
1.613000e-05	-1.286889e-03	-5.862053e+00
1.614000e-05	-5.067971e-04	-5.705661e+00
1.615000e-05	-6.594072e-04	-5.589923e+00
1.616000e-05	-2.634828e-03	-5.380824e+00
1.617000e-05	-2.690058e-03	-5.200529e+00
1.618000e-05	-2.645474e-03	-5.032703e+00
1.619000e-05	-3.257809e-03	-4.864481e+00
1.620000e-05	-4.993754e-03	-4.662627e+00
1.621000e-05	-4.603707e-03	-4.526866e+00
1.622000e-05	-3.597039e-03	-4.399924e+00
1.623000e-05	-2.608708e-03	-4.291659e+00
1.624000e-05	-3.753524e-03	-4.128237e+00
1.625000e-05	-4.019594e-03	-3.988470e+00
1.626000e-05	-3.801170e-03	-3.780472e+00
1.627000e-05	-4.699918e-03	-3.611477e+00
1.628000e-05	-4.847520e-03	-3.504678e+00
1.629000e-05	-5.488200e-03	-3.286262e+00
1.630000e-05	-6.159866e-03	-3.159897e+00
1.631000e-05	-4.870730e-03	-2.950445e+00
1.632000e-05	-5.087251e-03	-2.801471e+00
1.633000e-05	-5.887658e-03	-2.643083e+00
1.634000e-05	-6.774507e-03	-2.474733e+00
1.635000e-05	-5.681564e-03	-2.318916e+00
1.636000e-05	-4.680592e-03	-2.117790e+00
1.637000e-05	-5.182439e-03	-1.998470e+00
1.638000e-05	-6.521526e-03	-1.841152e+00
1.639000e-05	-6.322400e-03	-1.674157e+00
1.640000e-05	-6.893543e-03	-1.486834e+00
1.641000e-05	-7.341608e-03	-1.313657e+00
1.642000e-05	-6.952223e-03	-1.116364e+00
1.643000e-05	-7.124903e-03	-9.294460e-01
1.644000e-05	-7.003857e-03	-8.089474e-01
1.645000e-05	-6.623662e-03	-6.341203e-01
1.646000e-05	-6.563189e-03	-3.810514e-01
1.647000e-05	-6.955353e-03	-2.631830e-01
1.648000e-05	-7.264425e-03	-9.683830e-02
1.649000e-05	-4.912900e-03	2.105507e-02
1.650000e-05	1.210662e-03	3.090827e-01
1.651000e-05	-2.946693e-03	3.904524e-01
1.652000e-05	-9.145984e-05	5.563696e-01
1.653000e-05	-2.842752e-03	6.641368e-01
1.654000e-05	-3.038645e-03	8.315300e-01
1.655000e-05	-3.365171e-03	1.000526e+00
1.656000e-05	3.272528e-03	1.208980e+00
1.657000e-05	3.367034e-02	1.406902e+00
1.658000e-05	8.079284e-02	1.620983e+00
1.659000e-05	-3.220835e-02	1.862585e+00
1.660000e-05	-3.953660e-02	1.999404e+00
1.661000e-05	-5.496651e-02	2.166301e+00
1.662000e-05	-9.316203e-02	2.263057e+00
1.663000e-05	1.014727e-01	2.445904e+00
1.664000e-05	-8.317978e-03	2.638306e+00
1.665000e-05	-1.525788e-01	2.777352e+00
1.666000e-05	2.039675e-01	2.883112e+00
1.667000e-05	-5.857728e-02	3.073764e+00
1.668000e-05	-6.431548e-02	3.198926e+00
1.669000e-05	1.023904e-01	3.346823e+00
1.670000e-05	-1.124306e-01	3.607297e+00
1.671000e-05	-1.216837e-02	3.683666e+00
1.672000e-05	6.990255e-02	3.880584e+00
1.673000e-05	-4.785778e-02	4.030484e+00
1.674000e-05	5.416933e-02	4.188875e+00
1.675000e-05	-3.812095e-02	4.398379e+00
1.676000e-05	-2.855204e-02	4.526768e+00
1.677000e-05	2.301514e-02	4.724641e+00
1.678000e-05	-4.148088e-02	4.848985e+00
1.679000e-05	2.436205e-02	4.980358e+00
1.680000e-05	-2.391615e-02	5.270535e+00
1.681000e-05	2.721302e-02	5.396926e+00
1.682000e-05	-1.353951e-02	5.525245e+00
1.683000e-05	-2.283258e-02	5.660489e+00
1.684000e-05	1.879737e-02	5.831379e+00
1.685000e-05	-5.902336e-02	6.009850e+00
1.686000e-05	2.720013e-02	6.104668e+00
1.687000e-05	2.864751e-03	6.282013e+00
1.688000e-05	-1.200667e-02	6.427354e+00
1.689000e-05	2.096470e-03	6.535748e+00
1.690000e-05	-2.722738e-02	6.723612e+00
1.691000e-05	7.875908e-03	6.860611e+00
1.692000e-05	-2.061921e-02	6.967772e+00
1.693000e-05	-2.099127e-03	7.103742e+00
1.694000e-05	-1.666042e-02	7.256985e+00
1.695000e-05	-5.622497e-03	7.439329e+00
1.696000e-05	1.217196e-02	7.573620e+00
1.697000e-05	-1.644192e-02	7.735016e+00
1.698000e-05	-1.035876e-02	7.839884e+00
1.699000e-05	-2.208678e-02	7.998298e+00
1.700000e-05	-2.415269e-03	8.093667e+00
1.701000e-05	-2.569800e-03	8.241433e+00
1.702000e-05	-1.060432e-02	8.345220e+00
1.703000e-05	-1.210431e-02	8.420461e+00
1.704000e-05	-1.087888e-02	8.567196e+00
1.705000e-05	1.658326e-03	8.651982e+00
1.706000e-05	-1.088351e-02	8.764722e+00
1.707000e-05	-1.767327e-02	8.852329e+00
1.708000e-05	-1.655160e-02	8.978275e+00
1.709000e-05	-6.050454e-03	9.083039e+00
1.710000e-05	-3.250660e-03	9.196651e+00
1.711000e-05	-1.217098e-02	9.274066e+00
1.712000e-05	-1.628645e-02	9.386274e+00
1.713000e-05	-1.183000e-02	9.491484e+00
1.714000e-05	-6.452156e-03	9.585774e+00
1.715000e-05	-1.014136e-02	9.629387e+00
1.716000e-05	-1.521123e-02	9.715625e+00
1.717000e-05	-1.339791e-02	9.851383e+00
1.718000e-05	-8.756355e-03	9.933221e+00
1.719000e-05	-7.393416e-03	1.001986e+01
1.720000e-05	-1.435844e-02	1.010467e+01
1.721000e-05	-1.973180e-02	1.017882e+01
1.722000e-05	-1.522448e-02	1.027251e+01
1.723000e-05	-8.889135e-03	1.034562e+01
1.724000e-05	-1.143412e-02	1.044028e+01
1.725000e-05	-1.533661e-02	1.048406e+01
1.726000e-05	-1.716422e-02	1.057825e+01
1.727000e-05	-1.282106e-02	1.061191e+01
1.728000e-05	-1.234670e-02	1.074301e+01
1.729000e-05	-1.854927e-02	1.079570e+01
1.730000e-05	-1.798323e-02	1.085886e+01
1.731000e-05	-1.443319e-02	1.092352e+01
1.732000e-05	-7.400448e-03	1.097572e+01
1.733000e-05	-1.389214e-02	1.098887e+01
1.734000e-05	-1.972209e-02	1.101940e+01
1.735000e-05	-2.495648e-02	1.106253e+01
1.736000e-05	-1.932760e-02	1.110557e+01
1.737000e-05	-1.430006e-02	1.117720e+01
1.738000e-05	-1.678970e-02	1.120883e+01
1.739000e-05	-1.695316e-02	1.123188e+01
1.740000e-05	-1.623324e-02	1.126488e+01
1.741000e-05	-1.571461e-02	1.129457e+01
1.742000e-05	-1.907306e-02	1.137572e+01
1.743000e-05	-2.671863e-02	1.133525e+01
1.744000e-05	-2.587553e-02	1.138780e+01
1.745000e-05	-2.183525e-02	1.137033e+01
1.746000e-05	-1.673570e-02	1.147131e+01
1.747000e-05	-1.642179e-02	1.145148e+01
1.748000e-05	-2.278031e-02	1.146341e+01
1.749000e-05	-2.218935e-02	1.150443e+01
1.750000e-05	-2.349624e-02	1.149241e+01
1.751000e-05	-2.394105e-02	1.154249e+01
1.752000e-05	-2.926232e-02	1.152459e+01
1.753000e-05	-2.910654e-02	1.149344e+01
1.754000e-05	-2.549822e-02	1.149454e+01
1.755000e-05	-2.250177e-02	1.151496e+01
1.756000e-05	-2.430717e-02	1.153343e+01
1.757000e-05	-3.053622e-02	1.151361e+01
1.758000e-05	-3.182776e-02	1.147393e+01
1.759000e-05	-3.000463e-02	1.149341e+01
1.760000e-05	-2.937297e-02	1.145193e+01
1.761000e-05	-3.474770e-02	1.144036e+01
1.762000e-05	-3.730966e-02	1.141080e+01
1.763000e-05	-3.485286e-02	1.135875e+01
1.764000e-05	-3.099134e-02	1.130522e+01
1.765000e-05	-3.495573e-02	1.130501e+01
1.766000e-05	-4.062482e-02	1.128404e+01
1.767000e-05	-4.350142e-02	1.126143e+01
1.768000e-05	-4.158149e-02	1.119985e+01
1.769000e-05	-3.997864e-02	1.113717e+01
1.770000e-05	-4.677394e-02	1.108554e+01
1.771000e-05	-4.714514e-02	1.105305e+01
1.772000e-05	-4.952732e-02	1.104088e+01
1.773000e-05	-4.386881e-02	1.095834e+01
1.774000e-05	-4.957882e-02	1.095619e+01
1.775000e-05	-4.873779e-02	1.088401e+01
1.776000e-05	-5.090374e-02	1.085130e+01
1.777000e-05	-4.393908e-02	1.078715e+01
1.778000e-05	-4.128756e-02	1.070254e+01
1.779000e-05	-3.869597e-02	1.062183e+01
1.780000e-05	-3.794967e-02	1.054622e+01
1.781000e-05	-3.421726e-02	1.045556e+01
1.782000e-05	-3.156553e-02	1.042035e+01
1.783000e-05	-2.984201e-02	1.028717e+01
1.784000e-05	-2.970970e-02	1.025196e+01
1.785000e-05	-3.028590e-02	1.017885e+01
1.786000e-05	-2.460273e-02	1.013764e+01
1.787000e-05	-2.223509e-02	1.006048e+01
1.788000e-05	-2.139563e-02	9.968189e+00
1.789000e-05	-2.342635e-02	9.862430e+00
1.790000e-05	-1.974087e-02	9.788745e+00
1.791000e-05	-1.905781e-02	9.654531e+00
1.792000e-05	-2.021995e-02	9.556244e+00
1.793000e-05	-2.140777e-02	9.473606e+00
1.794000e-05	-1.973400e-02	9.398323e+00
1.795000e-05	-1.610492e-02	9.285161e+00
1.796000e-05	-1.418754e-02	9.209899e+00
1.797000e-05	-1.496250e-02	9.083563e+00
1.798000e-05	-1.742327e-02	8.989801e+00
1.799000e-05	-1.731718e-02	8.833556e+00
1.800000e-05	-1.462474e-02	8.736692e+00
1.801000e-05	-1.542796e-02	8.632479e+00
1.802000e-05	-1.659888e-02	8.517243e+00
1.803000e-05	-1.505308e-02	8.422458e+00
1.804000e-05	-1.312288e-02	8.347068e+00
1.805000e-05	-1.093330e-02	8.209396e+00
1.806000e-05	-1.163063e-02	8.061560e+00
1.807000e-05	-1.344612e-02	7.918741e+00
1.808000e-05	-1.266050e-02	7.831446e+00
1.809000e-05	-1.176341e-02	7.674661e+00
1.810000e-05	-1.209446e-02	7.537269e+00
1.811000e-05	-1.236908e-02	7.381946e+00
1.812000e-05	-1.190556e-02	7.244558e+00
1.813000e-05	-9.996891e-03	7.124661e+00
1.814000e-05	-9.060281e-03	7.012447e+00
1.815000e-05	-9.928156e-03	6.864159e+00
1.816000e-05	-1.183163e-02	6.758290e+00
1.817000e-05	-1.182683e-02	6.588849e+00
1.818000e-05	-9.393272e-03	6.433101e+00
1.819000e-05	-1.005041e-02	6.285658e+00
1.820000e-05	-9.375396e-03	6.179397e+00
1.821000e-05	-1.088657e-02	6.053081e+00
1.822000e-05	-8.454991e-03	5.957740e+00
1.823000e-05	-7.827241e-03	5.736316e+00
1.824000e-05	-9.380160e-03	5.579898e+00
1.825000e-05	-9.528036e-03	5.462107e+00
1.826000e-05	-9.076117e-03	5.284682e+00
1.827000e-05	-8.910773e-03	5.096166e+00
1.828000e-05	-7.289671e-03	4.886267e+00
1.829000e-05	-8.491554e-03	4.747819e+00
1.830000e-05	-8.172822e-03	4.611550e+00
1.831000e-05	-7.745161e-03	4.434633e+00
1.832000e-05	-7.248476e-03	4.329242e+00
1.833000e-05	-7.767461e-03	4.148837e+00
1.834000e-05	-8.800043e-03	3.968846e+00
1.835000e-05	-8.124462e-03	3.821050e+00
1.836000e-05	-7.632610e-03	3.664133e+00
1.837000e-05	-6.867251e-03	3.566320e+00
1.838000e-05	-6.732511e-03	3.289786e+00
1.839000e-05	-6.957600e-03	3.179867e+00
1.840000e-05	-6.060143e-03	3.013028e+00
1.841000e-05	-6.038532e-03	2.856204e+00
1.842000e-05	-5.906124e-03	2.738266e+00
1.843000e-05	-7.336045e-03	2.467963e+00
1.844000e-05	-8.073372e-03	2.347842e+00
1.845000e-05	-6.742477e-03	2.188970e+00
1.846000e-05	-6.492386e-03	2.033575e+00
1.847000e-05	-5.877352e-03	1.916311e+00
1.848000e-05	-6.315005e-03	1.686233e+00
1.849000e-05	-5.551464e-03	1.548867e+00
1.850000e-05	-4.991193e-03	1.379471e+00
1.851000e-05	-4.565130e-03	1.230521e+00
1.852000e-05	-5.980252e-03	9.920925e-01
1.853000e-05	-6.395004e-03	7.700463e-01
1.854000e-05	-5.767173e-03	6.530815e-01
1.855000e-05	-5.869373e-03	4.747103e-01
1.856000e-05	-4.821879e-03	3.079195e-01
1.857000e-05	-4.493345e-03	1.279645e-01
1.858000e-05	-5.392826e-03	-3.053020e-02
1.859000e-05	-1.094483e-03	-1.794287e-01
1.860000e-05	4.049027e-03	-3.453460e-01
1.861000e-05	2.294342e-04	-4.731078e-01
1.862000e-05	1.307224e-03	-7.041630e-01
1.863000e-05	-1.859203e-03	-8.220817e-01
1.864000e-05	-3.681536e-04	-9.774249e-01
1.865000e-05	-6.486599e-04	-1.144243e+00
1.866000e-05	1.577539e-02	-1.312209e+00
1.867000e-05	1.107166e-01	-1.553770e+00
1.868000e-05	-8.780940e-03	-1.735245e+00
1.869000e-05	-3.227944e-02	-1.976950e+00
1.870000e-05	-4.746488e-02	-2.206925e+00
1.871000e-05	-1.167919e-01	-2.346844e+00
1.872000e-05	1.720403e-01	-2.377901e+00
1.873000e-05	-6.324402e-02	-2.503668e+00
1.874000e-05	-1.173278e-01	-2.766371e+00
1.875000e-05	2.368641e-01	-2.779504e+00
1.876000e-05	-1.221031e-01	-3.006833e+00
1.877000e-05	-6.098805e-02	-3.273061e+00
1.878000e-05	1.655205e-01	-3.326745e+00
1.879000e-05	-1.717078e-01	-3.545267e+00
1.880000e-05	2.889702e-02	-3.651588e+00
1.881000e-05	9.300118e-02	-3.826375e+00
1.882000e-05	-1.155410e-01	-4.069988e+00
1.883000e-05	1.868460e-01	-4.167471e+00
1.884000e-05	-9.981334e-02	-4.363646e+00
1.885000e-05	-3.148040e-02	-4.503689e+00
1.886000e-05	1.127871e-01	-4.619380e+00
1.887000e-05	-1.510505e-01	-4.818953e+00
1.888000e-05	1.276628e-01	-4.955845e+00
1.889000e-05	-4.071369e-02	-5.135116e+00
1.890000e-05	8.484016e-03	-5.302191e+00
1.891000e-05	6.180533e-02	-5.490008e+00
1.892000e-05	-9.272532e-02	-5.640513e+00
1.893000e-05	1.090118e-01	-5.747299e+00
1.894000e-05	-1.032279e-01	-5.924193e+00
1.895000e-05	4.784094e-02	-6.079608e+00
1.896000e-05	4.880182e-02	-6.197752e+00
1.897000e-05	-6.586994e-02	-6.385353e+00
1.898000e-05	1.015545e-01	-6.532641e+00
1.899000e-05	-9.400471e-02	-6.659505e+00
1.900000e-05	7.111394e-02	-6.786849e+00
1.901000e-05	-2.041572e-02	-6.924693e+00
1.902000e-05	-9.494180e-03	-7.113590e+00
1.903000e-05	4.537622e-02	-7.245879e+00
1.904000e-05	-4.992250e-02	-7.347303e+00
1.905000e-05	8.042441e-02	-7.492064e+00
1.906000e-05	-5.012601e-02	-7.650882e+00
1.907000e-05	3.621733e-02	-7.819378e+00
1.908000e-05	-1.599361e-02	-7.984191e+00
1.909000e-05	3.627621e-03	-8.093089e+00
1.910000e-05	3.432452e-02	-8.167325e+00
1.911000e-05	-2.710919e-02	-8.292617e+00
1.912000e-05	3.843827e-02	-8.417378e+00
1.913000e-05	-2.275670e-02	-8.545623e+00
1.914000e-05	3.879137e-02	-8.661487e+00
1.915000e-05	-9.357088e-03	-8.796696e+00
1.916000e-05	5.220335e-03	-8.893212e+00
1.917000e-05	2.119470e-03	-8.976826e+00
1.918000e-05	2.520677e-03	-9.114637e+00
1.919000e-05	2.510194e-02	-9.176771e+00
1.920000e-05	-4.913007e-03	-9.313543e+00
1.921000e-05	1.744528e-02	-9.397748e+00
1.922000e-05	-5.753776e-03	-9.452433e+00
1.923000e-05	2.044869e-02	-9.605252e+00
1.924000e-05	-9.407532e-04	-9.693063e+00
1.925000e-05	1.043121e-02	-9.777249e+00
1.926000e-05	1.827090e-03	-9.852508e+00
1.927000e-05	1.418079e-02	-9.934147e+00
1.928000e-05	1.489289e-02	-1.002928e+01
1.929000e-05	5.501540e-03	-1.013419e+01
1.930000e-05	8.295369e-03	-1.015931e+01
1.931000e-05	3.553157e-04	-1.031401e+01
1.932000e-05	1.565169e-02	-1.039977e+01
1.933000e-05	6.228646e-03	-1.046188e+01
1.934000e-05	1.281756e-02	-1.053462e+01
1.935000e-05	4.678471e-03	-1.062885e+01
1.936000e-05	1.238505e-02	-1.070151e+01
1.937000e-05	9.645549e-03	-1.075211e+01
1.938000e-05	1.074240e-02	-1.077720e+01
1.939000e-05	6.925212e-03	-1.087139e+01
1.940000e-05	7.518031e-03	-1.092256e+01
1.941000e-05	1.520743e-02	-1.093719e+01
1.942000e-05	1.148158e-02	-1.097780e+01
1.943000e-05	1.298473e-02	-1.108301e+01
1.944000e-05	5.824459e-03	-1.115389e+01
1.945000e-05	1.127879e-02	-1.112762e+01
1.946000e-05	1.298585e-02	-1.122928e+01
1.947000e-05	1.417200e-02	-1.122101e+01
1.948000e-05	1.102124e-02	-1.133447e+01
1.949000e-05	1.125795e-02	-1.133262e+01
1.950000e-05	1.450192e-02	-1.136627e+01
1.951000e-05	1.553568e-02	-1.139823e+01
1.952000e-05	1.270235e-02	-1.144682e+01
1.953000e-05	1.037561e-02	-1.145933e+01
1.954000e-05	1.374178e-02	-1.150298e+01
1.955000e-05	1.728163e-02	-1.151242e+01
1.956000e-05	1.759740e-02	-1.155714e+01
1.957000e-05	1.396692e-02	-1.157619e+01
1.958000e-05	1.423520e-02	-1.155567e+01
1.959000e-05	1.694104e-02	-1.154930e+01
1.960000e-05	1.865608e-02	-1.159575e+01
1.961000e-05	1.772853e-02	-1.156830e+01
1.962000e-05	1.697624e-02	-1.158880e+01
1.963000e-05	2.024872e-02	-1.162125e+01
1.964000e-05	2.265159e-02	-1.163025e+01
1.965000e-05	2.158365e-02	-1.162728e+01
1.966000e-05	1.931703e-02	-1.160880e+01
1.967000e-05	1.968938e-02	-1.156577e+01
1.968000e-05	2.329632e-02	-1.157770e+01
1.969000e-05	2.570864e-02	-1.150722e+01
1.970000e-05	2.580214e-02	-1.153709e+01
1.971000e-05	2.547691e-02	-1.150204e+01
1.972000e-05	2.656172e-02	-1.144201e+01
1.973000e-05	3.133930e-02	-1.148035e+01
1.974000e-05	2.654191e-02	-1.136933e+01
1.975000e-05	3.134831e-02	-1.139719e+01
1.976000e-05	2.540561e-02	-1.135656e+01
1.977000e-05	3.570315e-02	-1.127294e+01
1.978000e-05	3.480416e-02	-1.123189e+01
1.979000e-05	3.875592e-02	-1.121835e+01
1.980000e-05	3.820041e-02	-1.114622e+01
1.981000e-05	3.716433e-02	-1.112551e+01
1.982000e-05	3.940079e-02	-1.105990e+01
1.983000e-05	3.973299e-02	-1.098979e+01
1.984000e-05	3.950911e-02	-1.094629e+01
1.985000e-05	4.107270e-02	-1.090461e+01
1.986000e-05	4.113107e-02	-1.086045e+01
1.987000e-05	3.991936e-02	-1.080780e+01
1.988000e-05	3.734724e-02	-1.072664e+01
1.989000e-05	3.141139e-02	-1.067491e+01
1.990000e-05	2.661655e-02	-1.063040e+01
1.991000e-05	2.357907e-02	-1.058717e+01
1.992000e-05	2.417777e-02	-1.050364e+01
1.993000e-05	2.275369e-02	-1.043093e+01
1.994000e-05	2.111598e-02	-1.034662e+01
1.995000e-05	1.927284e-02	-1.028088e+01
1.996000e-05	1.800879e-02	-1.014824e+01
1.997000e-05	1.769653e-02	-1.008206e+01
1.998000e-05	1.318863e-02	-9.989324e+00
1.999000e-05	1.074799e-02	-9.926584e+00
2.000000e-05	1.039159e-02	-9.830953e+00
2.001000e-05	1.058766e-02	-9.737217e+00
2.002000e-05	1.036804e-02	-9.643631e+00
2.003000e-05	8.647564e-03	-9.547845e+00
2.004000e-05	9.379185e-03	-9.482606e+00
2.005000e-05	7.455494e-03	-9.368800e+00
2.006000e-05	8.545467e-03	-9.265034e+00
2.007000e-05	5.781498e-03	-9.137164e+00
2.008000e-05	6.071901e-03	-9.062107e+00
2.009000e-05	4.389758e-03	-8.977191e+00
2.010000e-05	7.142384e-03	-8.841024e+00
2.011000e-05	4.046533e-03	-8.736088e+00
2.012000e-05	4.891566e-03	-8.579327e+00
2.013000e-05	1.894545e-03	-8.482683e+00
2.014000e-05	3.019264e-03	-8.386689e+00
2.015000e-05	1.093808e-03	-8.243529e+00
2.016000e-05	3.408171e-03	-8.147715e+00
2.017000e-05	2.544175e-03	-8.041027e+00
2.018000e-05	3.054098e-03	-7.905493e+00
2.019000e-05	2.838678e-03	-7.778294e+00
2.020000e-05	2.180136e-03	-7.608021e+00
2.021000e-05	8.862818e-04	-7.443032e+00
2.022000e-05	-6.119235e-04	-7.348213e+00
2.023000e-05	-4.624884e-04	-7.211478e+00
2.024000e-05	-1.009140e-03	-7.074534e+00
2.025000e-05	1.572783e-03	-6.956741e+00
2.026000e-05	7.222203e-05	-6.788346e+00
2.027000e-05	4.060942e-04	-6.662057e+00
2.028000e-05	-6.982521e-04	-6.526759e+00
2.029000e-05	-1.656066e-03	-6.390376e+00
2.030000e-05	-2.058295e-03	-6.283557e+00
2.031000e-05	-2.752968e-03	-6.084154e+00
2.032000e-05	-2.807995e-03	-5.946242e+00
2.033000e-05	-1.992254e-03	-5.801928e+00
2.034000e-05	-7.260402e-04	-5.674130e+00
2.035000e-05	-1.117945e-03	-5.536213e+00
2.036000e-05	-2.762131e-03	-5.335813e+00
2.037000e-05	-3.432327e-03	-5.128290e+00
2.038000e-05	-3.646974e-03	-4.969474e+00
2.039000e-05	-3.257691e-03	-4.757971e+00
2.040000e-05	-3.461656e-03	-4.631003e+00
2.041000e-05	-4.063899e-03	-4.464159e+00
2.042000e-05	-2.985234e-03	-4.357316e+00
2.043000e-05	-2.955300e-03	-4.241525e+00
2.044000e-05	-3.464597e-03	-4.064008e+00
2.045000e-05	-5.293764e-03	-3.947362e+00
2.046000e-05	-5.126819e-03	-3.727316e+00
2.047000e-05	-5.222079e-03	-3.558892e+00
2.048000e-05	-5.050892e-03	-3.411026e+00
2.049000e-05	-5.920796e-03	-3.294657e+00
2.050000e-05	-5.555809e-03	-3.116791e+00
2.051000e-05	-4.440384e-03	-2.895762e+00
2.052000e-05	-4.414515e-03	-2.768394e+00
2.053000e-05	-4.811069e-03	-2.590524e+00
2.054000e-05	-5.561747e-03	-2.422603e+00
2.055000e-05	-5.995294e-03	-2.275783e+00
2.056000e-05	-5.811739e-03	-2.074657e+00
2.057000e-05	-6.265277e-03	-1.947868e+00
2.058000e-05	-5.896595e-03	-1.788398e+00
2.059000e-05	-7.460037e-03	-1.612054e+00
2.060000e-05	-6.642303e-03	-1.434129e+00
2.061000e-05	-6.572224e-03	-1.211603e+00
2.062000e-05	-6.768750e-03	-1.054682e+00
2.063000e-05	-6.141262e-03	-8.758593e-01
2.064000e-05	-6.698854e-03	-7.499408e-01
2.065000e-05	-6.905458e-03	-5.599098e-01
2.066000e-05	-7.452709e-03	-3.809713e-01
2.067000e-05	-7.200062e-03	-2.220502e-01
2.068000e-05	-7.686929e-03	-7.470415e-02
2.069000e-05	-3.418844e-03	6.221289e-02
2.070000e-05	5.082411e-04	3.237631e-01
2.071000e-05	-2.945477e-03	4.420839e-01
2.072000e-05	1.210812e-03	5.589250e-01
2.073000e-05	-2.819282e-03	7.248945e-01
2.074000e-05	-2.655927e-03	8.210116e-01
2.075000e-05	-3.873233e-03	1.104638e+00
2.076000e-05	6.907750e-03	1.261535e+00
2.077000e-05	5.693501e-02	1.460506e+00
2.078000e-05	5.640800e-02	1.695221e+00
2.079000e-05	-5.272863e-02	1.945691e+00
2.080000e-05	-3.210994e-02	2.050033e+00
2.081000e-05	-8.089823e-02	2.187977e+00
2.082000e-05	-5.346630e-02	2.295639e+00
2.083000e-05	1.382138e-01	2.430429e+00
2.084000e-05	-1.185361e-01	2.722640e+00
2.085000e-05	-2.491913e-02	2.799399e+00
2.086000e-05	1.752150e-01	2.964822e+00
2.087000e-05	-1.270773e-01	3.116822e+00
2.088000e-05	2.205735e-02	3.268034e+00
2.089000e-05	4.688759e-02	3.421384e+00
2.090000e-05	-1.265395e-01	3.577979e+00
2.091000e-05	5.218921e-02	3.737793e+00
2.092000e-05	2.031868e-02	3.935697e+00
2.093000e-05	-2.632937e-02	4.103059e+00
2.094000e-05	5.676021e-02	4.282059e+00
2.095000e-05	-7.480396e-02	4.451082e+00
2.096000e-05	1.648784e-02	4.550277e+00
2.097000e-05	-9.475704e-03	4.745219e+00
2.098000e-05	-1.787426e-02	4.874039e+00
2.099000e-05	1.048376e-02	5.103088e+00
2.100000e-05	-1.269921e-02	5.282588e+00
2.101000e-05	3.154633e-02	5.420928e+00
2.102000e-05	-3.437752e-02	5.566296e+00
2.103000e-05	4.538278e-03	5.683567e+00
2.104000e-05	-9.424301e-03	5.882584e+00
2.105000e-05	-4.184957e-02	6.042085e+00
2.106000e-05	3.822338e-02	6.156297e+00
2.107000e-05	-1.611741e-02	6.313138e+00
2.108000e-05	-3.634732e-03	6.440385e+00
2.109000e-05	-7.239409e-03	6.587779e+00
2.110000e-05	-1.802120e-02	6.745167e+00
2.111000e-05	8.669642e-03	6.894064e+00
2.112000e-05	-2.642812e-02	7.039853e+00
2.113000e-05	3.812301e-03	7.146720e+00
2.114000e-05	-2.275857e-02	7.276565e+00
2.115000e-05	9.474700e-03	7.430433e+00
2.116000e-05	2.539950e-04	7.636750e+00
2.117000e-05	-1.845656e-02	7.735692e+00
2.118000e-05	-9.846944e-03	7.882514e+00
2.119000e-05	-2.097568e-02	8.059928e+00
2.120000e-05	4.969203e-03	8.126695e+00
2.121000e-05	-1.238625e-02	8.262436e+00
2.122000e-05	-6.539219e-03	8.365745e+00
2.123000e-05	-1.376357e-02	8.484037e+00
2.124000e-05	-4.835345e-03	8.579846e+00
2.125000e-05	-3.052678e-03	8.672537e+00
2.126000e-05	-1.669509e-02	8.786249e+00
2.127000e-05	-1.612849e-02	8.885063e+00
2.128000e-05	-1.505012e-02	8.978327e+00
2.129000e-05	-1.846269e-03	9.104511e+00
2.130000e-05	-7.264683e-03	9.259306e+00
2.131000e-05	-1.156271e-02	9.294193e+00
2.132000e-05	-1.538090e-02	9.419280e+00
2.133000e-05	-8.686592e-03	9.494041e+00
2.134000e-05	-8.428704e-03	9.599253e+00
2.135000e-05	-1.353662e-02	9.694538e+00
2.136000e-05	-1.584754e-02	9.787776e+00
2.137000e-05	-1.385265e-02	9.902461e+00
2.138000e-05	-6.313019e-03	9.996650e+00
2.139000e-05	-1.020019e-02	1.007239e+01
2.140000e-05	-1.496630e-02	1.010472e+01
2.141000e-05	-1.969334e-02	1.021940e+01
2.142000e-05	-1.219775e-02	1.029251e+01
2.143000e-05	-9.760564e-03	1.034570e+01
2.144000e-05	-1.179639e-02	1.047193e+01
2.145000e-05	-1.677882e-02	1.051512e+01
2.146000e-05	-1.496697e-02	1.058880e+01
2.147000e-05	-1.212596e-02	1.067138e+01
2.148000e-05	-1.399353e-02	1.071309e+01
2.149000e-05	-1.767294e-02	1.083923e+01
2.150000e-05	-2.068331e-02	1.089048e+01
2.151000e-05	-1.415798e-02	1.090659e+01
2.152000e-05	-1.126255e-02	1.097825e+01
2.153000e-05	-1.327057e-02	1.101938e+01
2.154000e-05	-1.863546e-02	1.105098e+01
2.155000e-05	-1.971739e-02	1.106301e+01
2.156000e-05	-1.710908e-02	1.115604e+01
2.157000e-05	-1.635493e-02	1.118727e+01
2.158000e-05	-1.955527e-02	1.121031e+01
2.159000e-05	-2.000425e-02	1.127198e+01
2.160000e-05	-1.802702e-02	1.128504e+01
2.161000e-05	-1.705301e-02	1.132611e+01
2.162000e-05	-1.826400e-02	1.132815e+01
2.163000e-05	-2.163101e-02	1.132765e+01
2.164000e-05	-2.211662e-02	1.141923e+01
2.165000e-05	-2.054392e-02	1.140035e+01
2.166000e-05	-1.952673e-02	1.141238e+01
2.167000e-05	-2.178774e-02	1.144991e+01
2.168000e-05	-2.412818e-02	1.144334e+01
2.169000e-05	-2.472058e-02	1.145346e+01
2.170000e-05	-2.260356e-02	1.153354e+01
2.171000e-05	-2.391955e-02	1.149454e+01
2.172000e-05	-2.507041e-02	1.154301e+01
2.173000e-05	-2.663703e-02	1.154646e+01
2.174000e-05	-2.554023e-02	1.151251e+01
2.175000e-05	-2.497515e-02	1.151391e+01
2.176000e-05	-2.848057e-02	1.147398e+01
2.177000e-05	-3.109222e-02	1.150258e+01
2.178000e-05	-3.240625e-02	1.148391e+01
2.179000e-05	-3.089224e-02	1.141193e+01
2.180000e-05	-3.101045e-02	1.143188e+01
2.181000e-05	-3.326164e-02	1.145032e+01
2.182000e-05	-3.539047e-02	1.136925e+01
2.183000e-05	-3.595007e-02	1.132975e+01
2.184000e-05	-3.623372e-02	1.130667e+01
2.185000e-05	-3.805825e-02	1.130564e+01
2.186000e-05	-3.984451e-02	1.124153e+01
2.187000e-05	-4.235600e-02	1.121233e+01
2.188000e-05	-4.143489e-02	1.116827e+01
2.189000e-05	-4.329546e-02	1.111667e+01
2.190000e-05	-4.684174e-02	1.110314e+01
2.191000e-05	-4.836597e-02	1.105198e+01
2.192000e-05	-4.868132e-02	1.101930e+01
2.193000e-05	-4.635715e-02	1.096879e+01
2.194000e-05	-4.934603e-02	1.093669e+01
2.195000e-05	-4.898150e-02	1.085346e+01
2.196000e-05	-4.704172e-02	1.078985e+01
2.197000e-05	-4.380119e-02	1.077614e+01
2.198000e-05	-4.380947e-02	1.071388e+01
2.199000e-05	-4.048180e-02	1.058033e+01
2.200000e-05	-3.676922e-02	1.055717e+01
2.201000e-05	-3.405965e-02	1.047403e+01
2.202000e-05	-3.174443e-02	1.035930e+01
2.203000e-05	-3.059251e-02	1.029551e+01
2.204000e-05	-2.768688e-02	1.025148e+01
2.205000e-05	-2.669220e-02	1.018827e+01
2.206000e-05	-2.445217e-02	1.006461e+01
2.207000e-05	-2.506014e-02	1.004037e+01
2.208000e-05	-2.256803e-02	9.956615e+00
2.209000e-05	-2.181661e-02	9.801880e+00
2.210000e-05	-1.945310e-02	9.756169e+00
2.211000e-05	-1.957863e-02	9.623478e+00
2.212000e-05	-2.155254e-02	9.506215e+00
2.213000e-05	-1.959459e-02	9.452478e+00
2.214000e-05	-1.723160e-02	9.336795e+00
2.215000e-05	-1.574941e-02	9.262509e+00
2.216000e-05	-1.737572e-02	9.169223e+00
2.217000e-05	-1.711875e-02	9.082004e+00
2.218000e-05	-1.577200e-02	8.990763e+00
2.219000e-05	-1.392745e-02	8.799978e+00
2.220000e-05	-1.439999e-02	8.725633e+00
2.221000e-05	-1.437329e-02	8.609926e+00
2.222000e-05	-1.462107e-02	8.496685e+00
2.223000e-05	-1.250028e-02	8.419824e+00
2.224000e-05	-1.235363e-02	8.294065e+00
2.225000e-05	-1.251659e-02	8.128290e+00
2.226000e-05	-1.382907e-02	8.051904e+00
2.227000e-05	-1.288420e-02	7.896186e+00
2.228000e-05	-1.162538e-02	7.779947e+00
2.229000e-05	-1.167394e-02	7.664533e+00
2.230000e-05	-1.166321e-02	7.516665e+00
2.231000e-05	-1.150429e-02	7.350790e+00
2.232000e-05	-1.051611e-02	7.210456e+00
2.233000e-05	-1.023483e-02	7.062132e+00
2.234000e-05	-1.071261e-02	6.927295e+00
2.235000e-05	-1.100537e-02	6.833057e+00
2.236000e-05	-1.071280e-02	6.737589e+00
2.237000e-05	-9.637746e-03	6.547266e+00
2.238000e-05	-9.278257e-03	6.409920e+00
2.239000e-05	-9.906054e-03	6.303133e+00
2.240000e-05	-9.494010e-03	6.126739e+00
2.241000e-05	-1.023972e-02	6.032006e+00
2.242000e-05	-9.379201e-03	5.925582e+00
2.243000e-05	-8.849065e-03	5.673759e+00
2.244000e-05	-8.494127e-03	5.557246e+00
2.245000e-05	-8.726527e-03	5.371475e+00
2.246000e-05	-8.424676e-03	5.264632e+00
2.247000e-05	-8.302424e-03	5.074080e+00
2.248000e-05	-8.407788e-03	4.824104e+00
2.249000e-05	-9.236859e-03	4.716712e+00
2.250000e-05	-8.431895e-03	4.589892e+00
2.251000e-05	-7.731022e-03	4.400128e+00
2.252000e-05	-7.168986e-03	4.297059e+00
2.253000e-05	-7.625174e-03	4.045654e+00
2.254000e-05	-6.940597e-03	3.935738e+00
2.255000e-05	-6.911449e-03	3.759896e+00
2.256000e-05	-6.751525e-03	3.662054e+00
2.257000e-05	-7.831471e-03	3.445654e+00
2.258000e-05	-8.268439e-03	3.244678e+00
2.259000e-05	-7.500414e-03	3.117290e+00
2.260000e-05	-7.068204e-03	2.970392e+00
2.261000e-05	-6.230626e-03	2.832479e+00
2.262000e-05	-6.510951e-03	2.686213e+00
2.263000e-05	-5.594700e-03	2.424204e+00
2.264000e-05	-5.578601e-03	2.263686e+00
2.265000e-05	-6.170753e-03	2.157867e+00
2.266000e-05	-6.282489e-03	2.012050e+00
2.267000e-05	-6.227122e-03	1.835730e+00
2.268000e-05	-6.521098e-03	1.654129e+00
2.269000e-05	-6.287418e-03	1.486781e+00
2.270000e-05	-4.783586e-03	1.306338e+00
2.271000e-05	-4.984411e-03	1.148316e+00
2.272000e-05	-5.999261e-03	8.992422e-01
2.273000e-05	-5.072648e-03	7.594147e-01
2.274000e-05	-4.426434e-03	5.614502e-01
2.275000e-05	-5.245144e-03	4.111278e-01
2.276000e-05	-6.095164e-03	2.673055e-01
2.277000e-05	-5.766564e-03	8.312678e-02
2.278000e-05	-5.362505e-03	-8.321052e-02
2.279000e-05	2.250404e-03	-2.300538e-01
2.280000e-05	5.263596e-03	-3.889236e-01
2.281000e-05	-2.399264e-04	-5.531633e-01
2.282000e-05	1.492746e-03	-7.662985e-01
2.283000e-05	-1.170424e-03	-8.931868e-01
2.284000e-05	7.213823e-04	-1.009480e+00
2.285000e-05	1.214351e-03	-1.157875e+00
2.286000e-05	3.462421e-02	-1.345870e+00
2.287000e-05	1.072478e-01	-1.566876e+00
2.288000e-05	-4.700885e-02	-1.799905e+00
2.289000e-05	-1.374519e-02	-2.031083e+00
2.290000e-05	-8.991652e-02	-2.291536e+00
2.291000e-05	-3.737578e-02	-2.377345e+00
2.292000e-05	1.650385e-01	-2.377424e+00
2.293000e-05	-1.681689e-01	-2.576905e+00
2.294000e-05	4.646540e-02	-2.798447e+00
2.295000e-05	1.786360e-01	-2.849479e+00
2.296000e-05	-1.995106e-01	-3.101642e+00
2.297000e-05	7.751531e-02	-3.292613e+00
2.298000e-05	7.212203e-02	-3.416325e+00
2.299000e-05	-1.917113e-01	-3.577954e+00
2.300000e-05	1.302635e-01	-3.713112e+00
2.301000e-05	-2.214308e-02	-3.880039e+00
2.302000e-05	-2.279976e-02	-4.103665e+00
2.303000e-05	1.654969e-01	-4.219425e+00
2.304000e-05	-1.779789e-01	-4.387726e+00
2.305000e-05	8.561044e-02	-4.513213e+00
2.306000e-05	8.463466e-03	-4.701413e+00
2.307000e-05	-9.064492e-02	-4.882062e+00
2.308000e-05	1.325178e-01	-5.009347e+00
2.309000e-05	-9.120111e-02	-5.156224e+00
2.310000e-05	8.510301e-02	-5.326197e+00
2.311000e-05	-2.128424e-02	-5.492669e+00
2.312000e-05	-2.679721e-02	-5.712637e+00
2.313000e-05	7.669679e-02	-5.798379e+00
2.314000e-05	-1.227982e-01	-5.945322e+00
2.315000e-05	1.211015e-01	-6.083042e+00
2.316000e-05	-3.825324e-02	-6.269885e+00
2.317000e-05	6.844126e-03	-6.429930e+00
2.318000e-05	5.054873e-02	-6.535245e+00
2.319000e-05	-8.078761e-02	-6.693138e+00
2.320000e-05	9.609093e-02	-6.820408e+00
2.321000e-05	-7.399185e-02	-6.997173e+00
2.322000e-05	5.086671e-02	-7.154141e+00
2.323000e-05	-1.333883e-02	-7.291537e+00
2.324000e-05	1.356228e-03	-7.419850e+00
2.325000e-05	5.226180e-02	-7.525167e+00
2.326000e-05	-5.018014e-02	-7.733642e+00
2.327000e-05	5.127920e-02	-7.849909e+00
2.328000e-05	-4.620804e-02	-8.037325e+00
2.329000e-05	4.434393e-02	-8.093670e+00
2.330000e-05	-3.025691e-03	-8.229403e+00
2.331000e-05	2.092648e-03	-8.334667e+00
2.332000e-05	1.858251e-02	-8.461382e+00
2.333000e-05	-1.191520e-02	-8.567226e+00
2.334000e-05	3.834918e-02	-8.722412e+00
2.335000e-05	-2.191028e-02	-8.806834e+00
2.336000e-05	1.924731e-02	-8.905191e+00
2.337000e-05	-1.153813e-02	-9.038979e+00
2.338000e-05	2.161393e-02	-9.134641e+00
2.339000e-05	9.035828e-03	-9.218352e+00
2.340000e-05	4.263982e-03	-9.315166e+00
2.341000e-05	7.868470e-03	-9.388379e+00
2.342000e-05	-1.637212e-04	-9.534536e+00
2.343000e-05	1.857363e-02	-9.619378e+00
2.344000e-05	-2.284144e-03	-9.724016e+00
2.345000e-05	1.430057e-02	-9.799830e+00
2.346000e-05	6.755291e-04	-9.902088e+00
2.347000e-05	2.081999e-02	-9.976223e+00
2.348000e-05	5.217426e-03	-1.006894e+01
2.349000e-05	8.946596e-03	-1.013770e+01
2.350000e-05	2.050735e-03	-1.017033e+01
2.351000e-05	7.415393e-03	-1.032259e+01
2.352000e-05	1.293835e-02	-1.041828e+01
2.353000e-05	7.518018e-03	-1.049249e+01
2.354000e-05	1.172808e-02	-1.057680e+01
2.355000e-05	5.992355e-03	-1.063040e+01
2.356000e-05	1.506901e-02	-1.069353e+01
2.357000e-05	6.296064e-03	-1.075467e+01
2.358000e-05	1.225149e-02	-1.082935e+01
2.359000e-05	4.502913e-03	-1.088148e+01
2.360000e-05	1.236304e-02	-1.091511e+01
2.361000e-05	1.175446e-02	-1.096772e+01
2.362000e-05	1.256011e-02	-1.103041e+01
2.363000e-05	1.180106e-02	-1.106056e+01
2.364000e-05	8.179871e-03	-1.116564e+01
2.365000e-05	1.341440e-02	-1.117719e+01
2.366000e-05	1.093662e-02	-1.117136e+01
2.367000e-05	1.355441e-02	-1.125091e+01
2.368000e-05	1.124061e-02	-1.131554e+01
2.369000e-05	1.059392e-02	-1.132557e+01
2.370000e-05	1.405404e-02	-1.138717e+01
2.371000e-05	1.134780e-02	-1.138872e+01
2.372000e-05	1.480671e-02	-1.142141e+01
2.373000e-05	1.246849e-02	-1.150086e+01
2.374000e-05	1.783654e-02	-1.149254e+01
2.375000e-05	1.721947e-02	-1.152204e+01
2.376000e-05	1.616008e-02	-1.153707e+01
2.377000e-05	1.335838e-02	-1.155669e+01
2.378000e-05	1.421171e-02	-1.159527e+01
2.379000e-05	1.606177e-02	-1.154622e+01
2.380000e-05	1.860840e-02	-1.157837e+01
2.381000e-05	1.991242e-02	-1.160875e+01
2.382000e-05	1.927956e-02	-1.159832e+01
2.383000e-05	2.107380e-02	-1.158942e+01
2.384000e-05	1.963913e-02	-1.160875e+01
2.385000e-05	1.981579e-02	-1.160767e+01
2.386000e-05	1.819304e-02	-1.158772e+01
2.387000e-05	2.172878e-02	-1.157780e+01
2.388000e-05	2.325714e-02	-1.157464e+01
2.389000e-05	2.641389e-02	-1.156359e+01
2.390000e-05	2.749465e-02	-1.150259e+01
2.391000e-05	2.747820e-02	-1.152351e+01
2.392000e-05	2.700473e-02	-1.146101e+01
2.393000e-05	2.626580e-02	-1.144030e+01
2.394000e-05	2.806710e-02	-1.137872e+01
2.395000e-05	2.935938e-02	-1.135712e+01
2.396000e-05	3.312265e-02	-1.136509e+01
2.397000e-05	3.301825e-02	-1.122301e+01
2.398000e-05	3.621203e-02	-1.123045e+01
2.399000e-05	3.566646e-02	-1.116931e+01
2.400000e-05	3.816443e-02	-1.110717e+01
2.401000e-05	3.857162e-02	-1.107254e+01
2.402000e-05	4.033236e-02	-1.101140e+01
2.403000e-05	4.167984e-02	-1.095827e+01
2.404000e-05	4.147356e-02	-1.089574e+01
2.405000e-05	4.127803e-02	-1.086406e+01
2.406000e-05	3.813013e-02	-1.083045e+01
2.407000e-05	3.658602e-02	-1.076930e+01
2.408000e-05	3.350558e-02	-1.071457e+01
2.409000e-05	3.094116e-02	-1.067098e+01
2.410000e-05	2.740817e-02	-1.063035e+01
2.411000e-05	2.661810e-02	-1.052469e+01
2.412000e-05	2.493833e-02	-1.048258e+01
2.413000e-05	2.252987e-02	-1.034835e+01
2.414000e-05	1.922916e-02	-1.036409e+01
2.415000e-05	1.742726e-02	-1.019041e+01
2.416000e-05	1.641379e-02	-1.010619e+01
2.417000e-05	1.505952e-02	-1.006238e+01
2.418000e-05	1.397988e-02	-9.987721e+00
2.419000e-05	1.222533e-02	-9.874532e+00
2.420000e-05	1.251633e-02	-9.790424e+00
2.421000e-05	1.100262e-02	-9.735689e+00
2.422000e-05	1.109295e-02	-9.652558e+00
2.423000e-05	8.378478e-03	-9.545767e+00
2.424000e-05	9.231520e-03	-9.471955e+00
2.425000e-05	6.684920e-03	-9.325714e+00
2.426000e-05	7.495317e-03	-9.241453e+00
2.427000e-05	5.131070e-03	-9.115589e+00
2.428000e-05	5.658178e-03	-9.010923e+00
2.429000e-05	5.925850e-03	-8.873163e+00
2.430000e-05	7.985374e-03	-8.809424e+00
2.431000e-05	4.185150e-03	-8.712535e+00
2.432000e-05	4.316925e-03	-8.566794e+00
2.433000e-05	1.711861e-03	-8.462028e+00
2.434000e-05	3.737168e-03	-8.344765e+00
2.435000e-05	1.480429e-03	-8.211422e+00
2.436000e-05	4.101556e-03	-8.104711e+00
2.437000e-05	2.923395e-03	-7.999871e+00
2.438000e-05	4.489285e-03	-7.845029e+00
2.439000e-05	2.587444e-03	-7.663636e+00
2.440000e-05	2.010493e-03	-7.578768e+00
2.441000e-05	-9.914188e-04	-7.410399e+00
2.442000e-05	-9.994283e-04	-7.325661e+00
2.443000e-05	-8.011829e-04	-7.178321e+00
2.444000e-05	-3.813918e-04	-7.050473e+00
2.445000e-05	1.285683e-03	-6.894162e+00
2.446000e-05	1.499161e-03	-6.766819e+00
2.447000e-05	1.337164e-03	-6.619924e+00
2.448000e-05	-1.388865e-03	-6.504159e+00
2.449000e-05	-1.327516e-03	-6.356820e+00
2.450000e-05	-1.859668e-03	-6.199396e+00
2.451000e-05	-1.784301e-03	-6.041554e+00
2.452000e-05	-3.858499e-03	-5.905187e+00
2.453000e-05	-2.418827e-03	-5.737362e+00
2.454000e-05	-1.561605e-03	-5.611128e+00
2.455000e-05	-4.674246e-04	-5.494150e+00
2.456000e-05	-1.902077e-03	-5.243535e+00
2.457000e-05	-4.227896e-03	-5.116114e+00
2.458000e-05	-4.160842e-03	-4.937766e+00
2.459000e-05	-3.779326e-03	-4.686688e+00
2.460000e-05	-3.369492e-03	-4.579921e+00
2.461000e-05	-4.099971e-03	-4.442580e+00
2.462000e-05	-4.623267e-03	-4.306315e+00
2.463000e-05	-4.089646e-03	-4.199373e+00
2.464000e-05	-4.192666e-03	-3.963053e+00
2.465000e-05	-3.785290e-03	-3.895134e+00
2.466000e-05	-4.774920e-03	-3.655630e+00
2.467000e-05	-4.883145e-03	-3.526233e+00
2.468000e-05	-4.407299e-03	-3.369447e+00
2.469000e-05	-4.419316e-03	-3.243523e+00
2.470000e-05	-5.929542e-03	-3.085655e+00
2.471000e-05	-5.828246e-03	-2.834153e+00
2.472000e-05	-6.173764e-03	-2.755263e+00
2.473000e-05	-5.726567e-03	-2.548866e+00
2.474000e-05	-5.372139e-03	-2.378974e+00
2.475000e-05	-5.961863e-03	-2.243074e+00
2.476000e-05	-5.559845e-03	-2.021553e+00
2.477000e-05	-5.671328e-03	-1.875284e+00
2.478000e-05	-6.412075e-03	-1.748337e+00
2.479000e-05	-7.129281e-03	-1.599949e+00
2.480000e-05	-7.424009e-03	-1.358916e+00
2.481000e-05	-6.612862e-03	-1.180471e+00
2.482000e-05	-6.379540e-03	-1.012049e+00
2.483000e-05	-6.813278e-03	-8.536491e-01
2.484000e-05	-6.755412e-03	-6.962833e-01
2.485000e-05	-7.387684e-03	-4.762267e-01
2.486000e-05	-7.538063e-03	-3.379384e-01
2.487000e-05	-7.175810e-03	-2.010002e-01
2.488000e-05	-5.920625e-03	1.100125e-02
2.489000e-05	-5.827624e-04	1.567760e-01
2.490000e-05	-1.657859e-04	3.768698e-01
2.491000e-05	-3.073476e-03	5.026128e-01
2.492000e-05	-1.578297e-03	6.415550e-01
2.493000e-05	-3.716602e-03	7.869259e-01
2.494000e-05	-3.679409e-03	9.452420e-01
2.495000e-05	-1.750784e-03	1.155748e+00
2.496000e-05	1.546604e-02	1.324718e+00
2.497000e-05	7.976628e-02	1.514695e+00
2.498000e-05	1.785024e-02	1.788476e+00
2.499000e-05	-5.066381e-02	1.936871e+00
2.500000e-05	-3.328212e-02	2.113666e+00
2.501000e-05	-9.893971e-02	2.231006e+00
2.502000e-05	1.096577e-02	2.366745e+00
2.503000e-05	1.075580e-01	2.545094e+00
2.504000e-05	-1.872199e-01	2.694692e+00
2.505000e-05	1.110190e-01	2.839979e+00
2.506000e-05	7.103428e-02	3.008458e+00
2.507000e-05	-1.328241e-01	3.188350e+00
2.508000e-05	9.057610e-02	3.302562e+00
2.509000e-05	-3.278826e-02	3.513166e+00
2.510000e-05	-9.205312e-02	3.632534e+00
2.511000e-05	8.547562e-02	3.818928e+00
2.512000e-05	-2.964498e-02	3.978926e+00
2.513000e-05	1.164324e-02	4.134067e+00
2.514000e-05	2.404541e-02	4.312642e+00
2.515000e-05	-7.396732e-02	4.444113e+00
2.516000e-05	3.885487e-02	4.609881e+00
2.517000e-05	-3.575200e-02	4.777350e+00
2.518000e-05	1.233794e-02	4.955162e+00
2.519000e-05	-1.210940e-02	5.166224e+00
2.520000e-05	5.570720e-03	5.335694e+00
2.521000e-05	1.536563e-02	5.463113e+00
2.522000e-05	-4.198497e-02	5.598381e+00
2.523000e-05	2.343821e-02	5.767773e+00
2.524000e-05	-4.211994e-02	5.943246e+00
2.525000e-05	-1.068347e-02	6.062113e+00
2.526000e-05	3.064143e-02	6.228474e+00
2.527000e-05	-1.797731e-02	6.355745e+00
2.528000e-05	5.008659e-03	6.481038e+00
2.529000e-05	-2.157799e-02	6.650406e+00
2.530000e-05	-6.268583e-03	6.817802e+00
2.531000e-05	-2.209897e-03	6.915619e+00
2.532000e-05	-1.822831e-02	7.070509e+00
2.533000e-05	-1.261396e-03	7.198700e+00
2.534000e-05	-2.195963e-02	7.286193e+00
2.535000e-05	1.725233e-02	7.473089e+00
2.536000e-05	-8.274540e-03	7.641858e+00
2.537000e-05	-1.469842e-02	7.799403e+00
2.538000e-05	-1.591907e-02	7.923121e+00
2.539000e-05	-1.591296e-02	8.071459e+00
2.540000e-05	4.529449e-03	8.200197e+00
2.541000e-05	-1.323678e-02	8.283113e+00
2.542000e-05	-6.744273e-03	8.398899e+00
2.543000e-05	-1.433620e-02	8.504717e+00
2.544000e-05	-1.251188e-03	8.610852e+00
2.545000e-05	-5.967276e-03	8.714020e+00
2.546000e-05	-1.704786e-02	8.787825e+00
2.547000e-05	-1.513405e-02	8.907127e+00
2.548000e-05	-1.302904e-02	9.040879e+00
2.549000e-05	3.381574e-04	9.146717e+00
2.550000e-05	-9.754437e-03	9.240382e+00
2.551000e-05	-1.230114e-02	9.326720e+00
2.552000e-05	-1.620864e-02	9.448882e+00
2.553000e-05	-7.919100e-03	9.516166e+00
2.554000e-05	-8.603171e-03	9.620380e+00
2.555000e-05	-1.472968e-02	9.685166e+00
2.556000e-05	-1.455674e-02	9.789326e+00
2.557000e-05	-1.117662e-02	9.883515e+00
2.558000e-05	-4.962163e-03	9.998223e+00
2.559000e-05	-1.105935e-02	1.009356e+01
2.560000e-05	-1.700668e-02	1.014730e+01
2.561000e-05	-1.869937e-02	1.024938e+01
2.562000e-05	-1.134734e-02	1.032311e+01
2.563000e-05	-9.762565e-03	1.039678e+01
2.564000e-05	-1.412030e-02	1.046089e+01
2.565000e-05	-1.556419e-02	1.056665e+01
2.566000e-05	-1.484948e-02	1.062038e+01
2.567000e-05	-1.091034e-02	1.071241e+01
2.568000e-05	-1.409230e-02	1.075465e+01
2.569000e-05	-1.814449e-02	1.086043e+01
2.570000e-05	-1.966093e-02	1.089151e+01
2.571000e-05	-1.246605e-02	1.091464e+01
2.572000e-05	-1.154524e-02	1.094782e+01
2.573000e-05	-1.548243e-02	1.101935e+01
2.574000e-05	-1.997193e-02	1.106146e+01
2.575000e-05	-1.974765e-02	1.108254e+01
2.576000e-05	-1.443261e-02	1.114665e+01
2.577000e-05	-1.662122e-02	1.118833e+01
2.578000e-05	-1.892807e-02	1.119138e+01
2.579000e-05	-2.051666e-02	1.123046e+01
2.580000e-05	-1.744822e-02	1.130501e+01
2.581000e-05	-1.753897e-02	1.130597e+01
2.582000e-05	-2.058832e-02	1.134625e+01
2.583000e-05	-2.315143e-02	1.135870e+01
2.584000e-05	-2.267469e-02	1.138883e+01
2.585000e-05	-1.850647e-02	1.141985e+01
2.586000e-05	-1.908628e-02	1.138243e+01
2.587000e-05	-2.238406e-02	1.145148e+01
2.588000e-05	-2.541772e-02	1.145144e+01
2.589000e-05	-2.301831e-02	1.151446e+01
2.590000e-05	-2.155610e-02	1.152349e+01
2.591000e-05	-2.371303e-02	1.146659e+01
2.592000e-05	-2.710589e-02	1.152604e+01
2.593000e-05	-2.753144e-02	1.151496e+01
2.594000e-05	-2.419387e-02	1.154444e+01
2.595000e-05	-2.668281e-02	1.149404e+01
2.596000e-05	-3.007949e-02	1.148298e+01
2.597000e-05	-3.138830e-02	1.148338e+01
2.598000e-05	-2.973708e-02	1.143096e+01
2.599000e-05	-2.910296e-02	1.144088e+01
2.600000e-05	-3.272860e-02	1.140086e+01
2.601000e-05	-3.581675e-02	1.140075e+01
2.602000e-05	-3.607926e-02	1.137917e+01
2.603000e-05	-3.353875e-02	1.132670e+01
2.604000e-05	-3.573313e-02	1.127612e+01
2.605000e-05	-4.060825e-02	1.131546e+01
2.606000e-05	-4.179352e-02	1.126151e+01
2.607000e-05	-4.055690e-02	1.122082e+01
2.608000e-05	-3.875037e-02	1.118772e+01
2.609000e-05	-4.475843e-02	1.111707e+01
2.610000e-05	-4.782599e-02	1.108348e+01
2.611000e-05	-5.083240e-02	1.101145e+01
2.612000e-05	-4.606271e-02	1.101825e+01
2.613000e-05	-4.741042e-02	1.096722e+01
2.614000e-05	-4.868842e-02	1.088614e+01
2.615000e-05	-5.008538e-02	1.086198e+01
2.616000e-05	-4.599288e-02	1.079977e+01
2.617000e-05	-4.123536e-02	1.074447e+01
2.618000e-05	-4.050854e-02	1.068243e+01
2.619000e-05	-3.970184e-02	1.062027e+01
2.620000e-05	-3.712853e-02	1.047669e+01
2.621000e-05	-3.147502e-02	1.046198e+01
2.622000e-05	-2.997474e-02	1.036824e+01
2.623000e-05	-2.962251e-02	1.027461e+01
2.624000e-05	-2.943928e-02	1.019990e+01
2.625000e-05	-2.540679e-02	1.010674e+01
2.626000e-05	-2.324495e-02	1.008399e+01
2.627000e-05	-2.173852e-02	9.988250e+00
2.628000e-05	-2.413221e-02	9.925508e+00
2.629000e-05	-2.182824e-02	9.777828e+00
2.630000e-05	-2.102921e-02	9.685162e+00
2.631000e-05	-1.876396e-02	9.561374e+00
2.632000e-05	-2.050489e-02	9.504587e+00
2.633000e-05	-1.948816e-02	9.431848e+00
2.634000e-05	-1.825505e-02	9.316692e+00
2.635000e-05	-1.560072e-02	9.242455e+00
2.636000e-05	-1.609375e-02	9.146193e+00
2.637000e-05	-1.667972e-02	9.000846e+00
2.638000e-05	-1.568317e-02	8.905143e+00
2.639000e-05	-1.389836e-02	8.798373e+00
2.640000e-05	-1.318151e-02	8.674611e+00
2.641000e-05	-1.484040e-02	8.608874e+00
2.642000e-05	-1.438013e-02	8.452630e+00
2.643000e-05	-1.469206e-02	8.377224e+00
2.644000e-05	-1.310306e-02	8.262005e+00
2.645000e-05	-1.321767e-02	8.137663e+00
2.646000e-05	-1.270677e-02	7.958821e+00
2.647000e-05	-1.276416e-02	7.843654e+00
2.648000e-05	-1.116757e-02	7.726745e+00
2.649000e-05	-1.112267e-02	7.600972e+00
2.650000e-05	-1.143313e-02	7.474535e+00
2.651000e-05	-1.260964e-02	7.316740e+00
2.652000e-05	-1.140109e-02	7.169392e+00
2.653000e-05	-1.091676e-02	7.023053e+00
2.654000e-05	-1.071672e-02	6.906688e+00
2.655000e-05	-1.152859e-02	6.790449e+00
2.656000e-05	-1.028064e-02	6.673979e+00
2.657000e-05	-9.025948e-03	6.476663e+00
2.658000e-05	-9.107331e-03	6.358744e+00
2.659000e-05	-9.435099e-03	6.253028e+00
2.660000e-05	-9.912150e-03	6.093707e+00
2.661000e-05	-9.678761e-03	6.009293e+00
2.662000e-05	-9.703275e-03	5.892450e+00
2.663000e-05	-9.451746e-03	5.652657e+00
2.664000e-05	-1.022443e-02	5.506682e+00
2.665000e-05	-9.869603e-03	5.378246e+00
2.666000e-05	-8.657438e-03	5.220926e+00
2.667000e-05	-7.364763e-03	4.990974e+00
2.668000e-05	-6.843414e-03	4.821053e+00
2.669000e-05	-7.893558e-03	4.642605e+00
2.670000e-05	-8.062945e-03	4.486189e+00
2.671000e-05	-6.122857e-03	4.379924e+00
2.672000e-05	-6.881227e-03	4.149596e+00
2.673000e-05	-1.038815e-02	4.020501e+00
2.674000e-05	-1.031450e-02	3.885657e+00
2.675000e-05	-6.639161e-03	3.725842e+00
2.676000e-05	-5.258171e-03	3.599496e+00
2.677000e-05	-6.600249e-03	3.391975e+00
2.678000e-05	-7.967770e-03	3.232525e+00
2.679000e-05	-6.148094e-03	3.074585e+00
2.680000e-05	-3.351549e-03	2.917238e+00
2.681000e-05	-4.907624e-03	2.800921e+00
2.682000e-05	-8.310945e-03	2.571855e+00
2.683000e-05	-9.629827e-03	2.400575e+00
2.684000e-05	-7.145599e-03	2.263205e+00
2.685000e-05	-5.310492e-03	2.106733e+00
2.686000e-05	-5.716177e-03	1.967942e+00
2.687000e-05	-5.955401e-03	1.762996e+00
2.688000e-05	-6.263929e-03	1.623021e+00
2.689000e-05	-2.760701e-03	1.432051e+00
2.690000e-05	-3.900360e-03	1.263229e+00
2.691000e-05	-6.179686e-03	1.116737e+00
2.692000e-05	-8.332715e-03	8.446818e-01
2.693000e-05	-7.387612e-03	6.768618e-01
2.694000e-05	-4.736143e-03	5.498898e-01
2.695000e-05	-4.307558e-03	3.909975e-01
2.696000e-05	-4.712959e-03	2.232476e-01
2.697000e-05	-5.211864e-03	2.195133e-02
2.698000e-05	-2.280137e-03	-1.337960e-01
2.699000e-05	4.905287e-03	-3.111379e-01
2.700000e-05	2.892709e-03	-4.295288e-01
2.701000e-05	-1.623856e-03	-5.853728e-01
2.702000e-05	-1.961217e-03	-7.779500e-01
2.703000e-05	-7.125130e-04	-9.142434e-01
2.704000e-05	-9.222978e-04	-1.022109e+00
2.705000e-05	6.095111e-03	-1.200080e+00
2.706000e-05	7.014929e-02	-1.400533e+00
2.707000e-05	6.504844e-02	-1.580980e+00
2.708000e-05	-5.177751e-02	-1.923192e+00
2.709000e-05	-1.368417e-02	-2.092617e+00
2.710000e-05	-1.280003e-01	-2.314165e+00
2.711000e-05	7.340078e-02	-2.368872e+00
2.712000e-05	8.780142e-02	-2.399878e+00
2.713000e-05	-2.134654e-01	-2.733191e+00
2.714000e-05	1.546252e-01	-2.809999e+00
2.715000e-05	4.500714e-02	-2.883059e+00
2.716000e-05	-1.920172e-01	-3.167376e+00
2.717000e-05	1.713269e-01	-3.315742e+00
2.718000e-05	-5.104000e-02	-3.451509e+00
2.719000e-05	-1.243670e-01	-3.599005e+00
2.720000e-05	1.614420e-01	-3.685292e+00
2.721000e-05	-1.129600e-01	-3.956276e+00
2.722000e-05	9.681569e-02	-4.155322e+00
2.723000e-05	6.285436e-02	-4.241408e+00
2.724000e-05	-1.615573e-01	-4.470556e+00
2.725000e-05	1.485288e-01	-4.514721e+00
2.726000e-05	-1.004382e-01	-4.724173e+00
2.727000e-05	2.011088e-02	-4.934613e+00
2.728000e-05	6.849121e-02	-5.010458e+00
2.729000e-05	-7.832174e-02	-5.197984e+00
2.730000e-05	1.134698e-01	-5.397845e+00
2.731000e-05	-8.877330e-02	-5.577344e+00
2.732000e-05	5.422449e-02	-5.734740e+00
2.733000e-05	-5.697397e-03	-5.882460e+00
2.734000e-05	-7.007010e-02	-6.008379e+00
2.735000e-05	1.285836e-01	-6.103646e+00
2.736000e-05	-8.835171e-02	-6.354120e+00
2.737000e-05	7.788310e-02	-6.472589e+00
2.738000e-05	-2.904908e-02	-6.597327e+00
2.739000e-05	-1.667377e-02	-6.744721e+00
2.740000e-05	6.527065e-02	-6.882987e+00
2.741000e-05	-7.295676e-02	-7.070858e+00
2.742000e-05	7.802674e-02	-7.157225e+00
2.743000e-05	-5.606195e-02	-7.315170e+00
2.744000e-05	5.553263e-02	-7.460383e+00
2.745000e-05	1.452057e-03	-7.557271e+00
2.746000e-05	-1.571349e-02	-7.778751e+00
2.747000e-05	3.184629e-02	-7.893564e+00
2.748000e-05	-4.151112e-02	-8.040031e+00
2.749000e-05	5.978713e-02	-8.146767e+00
2.750000e-05	-2.897947e-02	-8.261512e+00
2.751000e-05	3.032758e-02	-8.385320e+00
2.752000e-05	-7.399980e-03	-8.500541e+00
2.753000e-05	1.224347e-02	-8.638854e+00
2.754000e-05	2.058361e-02	-8.733542e+00
2.755000e-05	-1.550800e-02	-8.872387e+00
2.756000e-05	1.778491e-02	-8.976218e+00
2.757000e-05	-1.416896e-02	-9.050459e+00
2.758000e-05	3.203632e-02	-9.164771e+00
2.759000e-05	-2.067179e-03	-9.271981e+00
2.760000e-05	1.468201e-02	-9.327245e+00
2.761000e-05	-1.901434e-03	-9.470903e+00
2.762000e-05	1.113259e-02	-9.556719e+00
2.763000e-05	1.076407e-02	-9.671434e+00
2.764000e-05	2.142710e-03	-9.756245e+00
2.765000e-05	9.613397e-03	-9.850432e+00
2.766000e-05	1.101802e-03	-9.883138e+00
2.767000e-05	2.276520e-02	-1.001675e+01
2.768000e-05	3.766808e-03	-1.004351e+01
2.769000e-05	1.303259e-02	-1.016727e+01
2.770000e-05	-3.028504e-03	-1.025086e+01
2.771000e-05	1.379867e-02	-1.034622e+01
2.772000e-05	9.986402e-03	-1.043033e+01
2.773000e-05	1.121839e-02	-1.052304e+01
2.774000e-05	6.557263e-03	-1.055880e+01
2.775000e-05	6.853780e-03	-1.065191e+01
2.776000e-05	1.462958e-02	-1.073351e+01
2.777000e-05	8.804314e-03	-1.076672e+01
2.778000e-05	1.108289e-02	-1.080043e+01
2.779000e-05	3.349417e-03	-1.091263e+01
2.780000e-05	1.531709e-02	-1.092820e+01
2.781000e-05	1.212392e-02	-1.098582e+01
2.782000e-05	1.403473e-02	-1.104088e+01
2.783000e-05	7.272936e-03	-1.108404e+01
2.784000e-05	8.755597e-03	-1.116567e+01
2.785000e-05	1.309726e-02	-1.122924e+01
2.786000e-05	1.402115e-02	-1.121048e+01
2.787000e-05	1.192935e-02	-1.125343e+01
2.788000e-05	9.851870e-03	-1.131414e+01
2.789000e-05	1.423738e-02	-1.136609e+01
2.790000e-05	1.540096e-02	-1.138722e+01
2.791000e-05	1.455655e-02	-1.146877e+01
2.792000e-05	1.089083e-02	-1.144883e+01
2.793000e-05	1.223908e-02	-1.145343e+01
2.794000e-05	1.722561e-02	-1.150352e+01
2.795000e-05	1.791132e-02	-1.151362e+01
2.796000e-05	1.505244e-02	-1.154559e+01
2.797000e-05	1.330926e-02	-1.156717e+01
2.798000e-05	1.633416e-02	-1.156622e+01
2.799000e-05	1.920488e-02	-1.157970e+01
2.800000e-05	1.925133e-02	-1.160518e+01
2.801000e-05	1.701854e-02	-1.159935e+01
2.802000e-05	1.722619e-02	-1.159878e+01
2.803000e-05	2.056077e-02	-1.162870e+01
2.804000e-05	2.136106e-02	-1.161923e+01
2.805000e-05	2.138754e-02	-1.160975e+01
2.806000e-05	2.028787e-02	-1.160875e+01
2.807000e-05	2.176373e-02	-1.158728e+01
2.808000e-05	2.564731e-02	-1.152312e+01
2.809000e-05	2.606345e-02	-1.154864e+01
2.810000e-05	2.477852e-02	-1.151251e+01
2.811000e-05	2.565549e-02	-1.145198e+01
2.812000e-05	2.757710e-02	-1.147928e+01
2.813000e-05	3.042288e-02	-1.143935e+01
2.814000e-05	2.978211e-02	-1.139030e+01
2.815000e-05	2.850599e-02	-1.139614e+01
2.816000e-05	3.134831e-02	-1.133501e+01
2.817000e-05	3.454914e-02	-1.125191e+01
2.818000e-05	3.638868e-02	-1.123141e+01
2.819000e-05	3.657144e-02	-1.111627e+01
2.820000e-05	3.806182e-02	-1.114722e+01
2.821000e-05	4.098620e-02	-1.108204e+01
2.822000e-05	4.188804e-02	-1.104138e+01
2.823000e-05	4.081187e-02	-1.097625e+01
2.824000e-05	3.934213e-02	-1.089514e+01
2.825000e-05	3.930992e-02	-1.087348e+01
2.826000e-05	3.802165e-02	-1.080895e+01
2.827000e-05	3.663325e-02	-1.077782e+01
2.828000e-05	3.212441e-02	-1.067512e+01
2.829000e-05	2.905953e-02	-1.065098e+01
2.830000e-05	2.814658e-02	-1.058782e+01
2.831000e-05	2.585819e-02	-1.048614e+01
2.832000e-05	2.269812e-02	-1.045146e+01
2.833000e-05	1.995154e-02	-1.037872e+01
2.834000e-05	1.878821e-02	-1.027294e+01
2.835000e-05	1.789564e-02	-1.023993e+01
2.836000e-05	1.687866e-02	-1.009474e+01
2.837000e-05	1.396020e-02	-1.001095e+01
2.838000e-05	1.136612e-02	-9.936220e+00
2.839000e-05	1.284374e-02	-9.862028e+00
2.840000e-05	1.310629e-02	-9.778796e+00
2.841000e-05	1.154156e-02	-9.713583e+00
2.842000e-05	8.088482e-03	-9.609927e+00
2.843000e-05	7.607695e-03	-9.545167e+00
2.844000e-05	8.331693e-03	-9.401324e+00
2.845000e-05	7.979041e-03	-9.295561e+00
2.846000e-05	7.010716e-03	-9.180349e+00
2.847000e-05	4.204484e-03	-9.081560e+00
2.848000e-05	6.001477e-03	-8.959320e+00
2.849000e-05	6.738340e-03	-8.852587e+00
2.850000e-05	6.676501e-03	-8.747215e+00
2.851000e-05	3.518588e-03	-8.700952e+00
2.852000e-05	3.713890e-03	-8.486289e+00
2.853000e-05	9.477052e-04	-8.423399e+00
2.854000e-05	4.395261e-03	-8.294659e+00
2.855000e-05	1.312639e-03	-8.167420e+00
2.856000e-05	2.767275e-03	-8.084708e+00
2.857000e-05	1.049289e-03	-7.979194e+00
2.858000e-05	4.374025e-03	-7.791473e+00
2.859000e-05	1.964888e-03	-7.663080e+00
2.860000e-05	2.269073e-03	-7.525691e+00
2.861000e-05	-2.142775e-03	-7.388822e+00
2.862000e-05	-2.233637e-04	-7.252629e+00
2.863000e-05	-5.390185e-04	-7.167261e+00
2.864000e-05	7.409629e-04	-6.956841e+00
2.865000e-05	4.617225e-04	-6.812530e+00
2.866000e-05	-1.410636e-04	-6.694637e+00
2.867000e-05	7.164097e-04	-6.558844e+00
2.868000e-05	-7.671303e-04	-6.433130e+00
2.869000e-05	-8.909330e-04	-6.313708e+00
2.870000e-05	-2.711600e-03	-6.139335e+00
2.871000e-05	-2.546487e-03	-5.958800e+00
2.872000e-05	-2.422267e-03	-5.833977e+00
2.873000e-05	-8.833632e-04	-5.697163e+00
2.874000e-05	-1.701542e-03	-5.589895e+00
2.875000e-05	-2.466157e-03	-5.431896e+00
2.876000e-05	-3.677338e-03	-5.202021e+00
2.877000e-05	-3.209604e-03	-5.032079e+00
2.878000e-05	-3.217325e-03	-4.864535e+00
2.879000e-05	-3.253386e-03	-4.674152e+00
2.880000e-05	-3.915631e-03	-4.537265e+00
2.881000e-05	-3.821587e-03	-4.369498e+00
2.882000e-05	-2.885500e-03	-4.265183e+00
2.883000e-05	-3.585701e-03	-4.118260e+00
2.884000e-05	-4.718482e-03	-3.980500e+00
2.885000e-05	-5.230385e-03	-3.822071e+00
2.886000e-05	-5.331051e-03	-3.591550e+00
2.887000e-05	-4.266206e-03	-3.484761e+00
2.888000e-05	-5.331505e-03	-3.357316e+00
2.889000e-05	-5.888761e-03	-3.200916e+00
2.890000e-05	-5.778219e-03	-2.991500e+00
2.891000e-05	-5.127600e-03	-2.810049e+00
2.892000e-05	-4.928286e-03	-2.664184e+00
2.893000e-05	-5.293660e-03	-2.496731e+00
2.894000e-05	-6.588046e-03	-2.337421e+00
2.895000e-05	-5.974865e-03	-2.140316e+00
2.896000e-05	-5.384411e-03	-1.979999e+00
2.897000e-05	-6.150177e-03	-1.831678e+00
2.898000e-05	-6.631086e-03	-1.695155e+00
2.899000e-05	-7.296578e-03	-1.548337e+00
2.900000e-05	-5.374929e-03	-1.317757e+00
2.901000e-05	-5.991530e-03	-1.118815e+00
2.902000e-05	-6.411315e-03	-9.483698e-01
2.903000e-05	-7.578178e-03	-7.905263e-01
2.904000e-05	-7.275280e-03	-6.926765e-01
2.905000e-05	-6.942860e-03	-4.315753e-01
2.906000e-05	-6.865741e-03	-2.757305e-01
2.907000e-05	-8.069901e-03	-1.268383e-01
2.908000e-05	-4.976783e-03	1.060368e-02
2.909000e-05	9.988501e-04	2.474851e-01
2.910000e-05	-2.075278e-03	4.194260e-01
2.911000e-05	-1.299893e-03	5.157433e-01
2.912000e-05	-2.394172e-03	6.515341e-01
2.913000e-05	-2.263428e-03	8.200363e-01
2.914000e-05	-3.544660e-03	1.040454e+00
2.915000e-05	1.611933e-03	1.207926e+00
2.916000e-05	2.945971e-02	1.357396e+00
2.917000e-05	8.280153e-02	1.648580e+00
2.918000e-05	-2.364612e-02	1.870535e+00
2.919000e-05	-4.160892e-02	2.008905e+00
2.920000e-05	-5.068613e-02	2.137320e+00
2.921000e-05	-9.537360e-02	2.272009e+00
2.922000e-05	8.631111e-02	2.357899e+00
2.923000e-05	1.670439e-02	2.606849e+00
2.924000e-05	-1.681466e-01	2.768348e+00
2.925000e-05	1.909336e-01	2.862585e+00
2.926000e-05	-3.417731e-02	3.074187e+00
2.927000e-05	-8.142516e-02	3.210446e+00
2.928000e-05	1.043267e-01	3.357118e+00
2.929000e-05	-1.006409e-01	3.597324e+00
2.930000e-05	-2.835714e-02	3.675113e+00
2.931000e-05	7.757228e-02	3.902083e+00
2.932000e-05	-4.531894e-02	4.020905e+00
2.933000e-05	4.937799e-02	4.156746e+00
2.934000e-05	-2.530120e-02	4.387825e+00
2.935000e-05	-3.773533e-02	4.505189e+00
2.936000e-05	2.728641e-02	4.713113e+00
2.937000e-05	-4.331509e-02	4.819881e+00
2.938000e-05	2.339453e-02	5.029253e+00
2.939000e-05	-2.398592e-02	5.259333e+00
2.940000e-05	2.346533e-02	5.397321e+00
2.941000e-05	-5.584165e-03	5.545189e+00
2.942000e-05	-2.583381e-02	5.620455e+00
2.943000e-05	2.260105e-02	5.820880e+00
2.944000e-05	-5.870314e-02	6.008329e+00
2.945000e-05	2.040934e-02	6.125691e+00
2.946000e-05	7.587517e-03	6.262008e+00
2.947000e-05	-1.426439e-02	6.396353e+00
2.948000e-05	4.193632e-03	6.486243e+00
2.949000e-05	-2.561395e-02	6.672538e+00
2.950000e-05	7.921993e-03	6.851484e+00
2.951000e-05	-1.649541e-02	6.987771e+00
2.952000e-05	-5.530192e-03	7.123193e+00
2.953000e-05	-1.403966e-02	7.219830e+00
2.954000e-05	-9.271147e-03	7.388301e+00
2.955000e-05	1.334758e-02	7.544592e+00
2.956000e-05	-1.595307e-02	7.715514e+00
2.957000e-05	-1.084144e-02	7.801360e+00
2.958000e-05	-2.049223e-02	7.987771e+00
2.959000e-05	-4.137128e-03	8.123670e+00
2.960000e-05	-1.769295e-03	8.239378e+00
2.961000e-05	-1.184491e-02	8.345119e+00
2.962000e-05	-1.036180e-02	8.430432e+00
2.963000e-05	-1.090046e-02	8.515244e+00
2.964000e-05	1.697687e-03	8.632003e+00
2.965000e-05	-1.105142e-02	8.734716e+00
2.966000e-05	-1.721108e-02	8.841458e+00
2.967000e-05	-1.643506e-02	8.969227e+00
2.968000e-05	-7.614935e-03	9.091563e+00
2.969000e-05	-3.604239e-03	9.186622e+00
2.970000e-05	-1.086048e-02	9.293037e+00
2.971000e-05	-1.424230e-02	9.386722e+00
2.972000e-05	-1.314522e-02	9.441936e+00
2.973000e-05	-8.034337e-03	9.575171e+00
2.974000e-05	-1.132029e-02	9.678382e+00
2.975000e-05	-1.479829e-02	9.736745e+00
2.976000e-05	-1.396899e-02	9.849881e+00
2.977000e-05	-9.645831e-03	9.954514e+00
2.978000e-05	-7.723643e-03	1.002098e+01
2.979000e-05	-1.329983e-02	1.010514e+01
2.980000e-05	-1.853179e-02	1.014787e+01
2.981000e-05	-1.589360e-02	1.025098e+01
2.982000e-05	-1.110692e-02	1.032612e+01
2.983000e-05	-1.023306e-02	1.041993e+01
2.984000e-05	-1.550289e-02	1.049597e+01
2.985000e-05	-1.547668e-02	1.055775e+01
2.986000e-05	-1.386057e-02	1.067138e+01
2.987000e-05	-1.301827e-02	1.071201e+01
2.988000e-05	-1.620342e-02	1.076567e+01
2.989000e-05	-1.965142e-02	1.084043e+01
2.990000e-05	-1.751668e-02	1.088306e+01
2.991000e-05	-1.239656e-02	1.091524e+01
2.992000e-05	-1.269700e-02	1.100780e+01
2.993000e-05	-1.690996e-02	1.101935e+01
2.994000e-05	-1.873559e-02	1.105256e+01
2.995000e-05	-2.018806e-02	1.110614e+01
2.996000e-05	-1.533745e-02	1.114620e+01
2.997000e-05	-1.841823e-02	1.119937e+01
2.998000e-05	-2.012588e-02	1.122185e+01
2.999000e-05	-1.975398e-02	1.124191e+01
3.000000e-05	-1.838387e-02	1.132617e+01
3.001000e-05	-1.752105e-02	1.129560e+01
3.002000e-05	-2.099564e-02	1.134822e+01
3.003000e-05	-2.261655e-02	1.136875e+01
3.004000e-05	-2.263810e-02	1.135930e+01
3.005000e-05	-1.957667e-02	1.143036e+01
3.006000e-05	-2.051786e-02	1.144239e+01
3.007000e-05	-2.257769e-02	1.143138e+01
3.008000e-05	-2.264698e-02	1.150197e+01
3.009000e-05	-2.279818e-02	1.150494e+01
3.010000e-05	-2.365051e-02	1.145298e+01
3.011000e-05	-2.513378e-02	1.151649e+01
3.012000e-05	-2.544986e-02	1.150656e+01
3.013000e-05	-2.755295e-02	1.150602e+01
3.014000e-05	-2.581628e-02	1.153351e+01
3.015000e-05	-2.773968e-02	1.152404e+01
3.016000e-05	-2.863946e-02	1.153199e+01
3.017000e-05	-3.069946e-02	1.147444e+01
3.018000e-05	-3.140406e-02	1.147088e+01
3.019000e-05	-3.146941e-02	1.140193e+01
3.020000e-05	-3.306058e-02	1.144028e+01
3.021000e-05	-3.339207e-02	1.142027e+01
3.022000e-05	-3.530438e-02	1.139920e+01
3.023000e-05	-3.644671e-02	1.133717e+01
3.024000e-05	-3.724884e-02	1.130609e+01
3.025000e-05	-3.841534e-02	1.129299e+01
3.026000e-05	-3.990792e-02	1.122143e+01
3.027000e-05	-4.262842e-02	1.118082e+01
3.028000e-05	-4.242939e-02	1.114867e+01
3.029000e-05	-4.535684e-02	1.110459e+01
3.030000e-05	-4.562598e-02	1.109291e+01
3.031000e-05	-5.037567e-02	1.102145e+01
3.032000e-05	-4.751857e-02	1.096930e+01
3.033000e-05	-5.043611e-02	1.091719e+01
3.034000e-05	-4.668893e-02	1.089313e+01
3.035000e-05	-4.849829e-02	1.081136e+01
3.036000e-05	-4.525737e-02	1.081712e+01
3.037000e-05	-4.386422e-02	1.070444e+01
3.038000e-05	-3.898223e-02	1.060991e+01
3.039000e-05	-3.804108e-02	1.057817e+01
3.040000e-05	-3.549209e-02	1.047506e+01
3.041000e-05	-3.281853e-02	1.042987e+01
3.042000e-05	-2.919500e-02	1.030616e+01
3.043000e-05	-2.792290e-02	1.028253e+01
3.044000e-05	-2.781937e-02	1.018977e+01
3.045000e-05	-2.618759e-02	1.012519e+01
3.046000e-05	-2.554683e-02	1.007291e+01
3.047000e-05	-2.245729e-02	9.989192e+00
3.048000e-05	-2.226555e-02	9.862957e+00
3.049000e-05	-2.088049e-02	9.750345e+00
3.050000e-05	-2.034579e-02	9.665029e+00
3.051000e-05	-1.885524e-02	9.599224e+00
3.052000e-05	-1.904320e-02	9.463586e+00
3.053000e-05	-1.866838e-02	9.389799e+00
3.054000e-05	-1.840006e-02	9.303588e+00
3.055000e-05	-1.667249e-02	9.190351e+00
3.056000e-05	-1.652091e-02	9.073513e+00
3.057000e-05	-1.552928e-02	8.950820e+00
3.058000e-05	-1.606584e-02	8.874083e+00
3.059000e-05	-1.497437e-02	8.745691e+00
3.060000e-05	-1.443313e-02	8.622004e+00
3.061000e-05	-1.414401e-02	8.516195e+00
3.062000e-05	-1.328108e-02	8.452532e+00
3.063000e-05	-1.304385e-02	8.368113e+00
3.064000e-05	-1.300844e-02	8.189927e+00
3.065000e-05	-1.292118e-02	8.053582e+00
3.066000e-05	-1.260036e-02	7.926690e+00
3.067000e-05	-1.299180e-02	7.832580e+00
3.068000e-05	-1.240192e-02	7.697187e+00
3.069000e-05	-1.146769e-02	7.580843e+00
3.070000e-05	-1.105860e-02	7.419905e+00
3.071000e-05	-1.038199e-02	7.265083e+00
3.072000e-05	-1.026007e-02	7.136212e+00
3.073000e-05	-1.069751e-02	6.989946e+00
3.074000e-05	-1.034567e-02	6.853132e+00
3.075000e-05	-1.076667e-02	6.768745e+00
3.076000e-05	-1.078723e-02	6.630875e+00
3.077000e-05	-1.011349e-02	6.422500e+00
3.078000e-05	-1.077225e-02	6.327211e+00
3.079000e-05	-9.151593e-03	6.169424e+00
3.080000e-05	-9.362021e-03	6.032133e+00
3.081000e-05	-8.948925e-03	5.957768e+00
3.082000e-05	-9.501956e-03	5.779821e+00
3.083000e-05	-8.609745e-03	5.590474e+00
3.084000e-05	-8.440826e-03	5.434557e+00
3.085000e-05	-7.973043e-03	5.275737e+00
3.086000e-05	-8.557415e-03	5.159816e+00
3.087000e-05	-7.733111e-03	4.918315e+00
3.088000e-05	-8.188061e-03	4.748870e+00
3.089000e-05	-8.057187e-03	4.631475e+00
3.090000e-05	-8.172891e-03	4.433678e+00
3.091000e-05	-8.355671e-03	4.388219e+00
3.092000e-05	-7.217433e-03	4.128316e+00
3.093000e-05	-7.002358e-03	3.990474e+00
3.094000e-05	-7.184828e-03	3.822580e+00
3.095000e-05	-6.669361e-03	3.675159e+00
3.096000e-05	-6.736720e-03	3.539296e+00
3.097000e-05	-7.027661e-03	3.307838e+00
3.098000e-05	-7.125118e-03	3.179422e+00
3.099000e-05	-6.643218e-03	2.992078e+00
3.100000e-05	-6.570258e-03	2.864208e+00
3.101000e-05	-6.074059e-03	2.778394e+00
3.102000e-05	-6.597599e-03	2.506789e+00
3.103000e-05	-6.623048e-03	2.369421e+00
3.104000e-05	-5.517779e-03	2.190551e+00
3.105000e-05	-6.028097e-03	2.051604e+00
3.106000e-05	-6.303861e-03	1.895342e+00
3.107000e-05	-6.133225e-03	1.677790e+00
3.108000e-05	-5.504413e-03	1.538322e+00
3.109000e-05	-5.492446e-03	1.409522e+00
3.110000e-05	-6.247708e-03	1.202495e+00
3.111000e-05	-5.525653e-03	9.700448e-01
3.112000e-05	-5.261585e-03	8.105251e-01
3.113000e-05	-4.970847e-03	6.546302e-01
3.114000e-05	-5.280284e-03	4.552592e-01
3.115000e-05	-5.254787e-03	3.780198e-01
3.116000e-05	-4.678667e-03	1.078684e-01
3.117000e-05	-4.665862e-03	-2.003138e-02
3.118000e-05	-1.540951e-03	-1.879274e-01
3.119000e-05	3.861915e-03	-3.672685e-01
3.120000e-05	-9.466910e-04	-4.421591e-01
3.121000e-05	2.130365e-03	-6.986678e-01
3.122000e-05	-2.562494e-04	-8.310276e-01
3.123000e-05	9.212088e-04	-9.984500e-01
3.124000e-05	-1.236319e-03	-1.105592e+00
3.125000e-05	1.267493e-02	-1.292159e+00
3.126000e-05	1.063289e-01	-1.514694e+00
3.127000e-05	5.224358e-03	-1.712790e+00
3.128000e-05	-3.675033e-02	-1.967927e+00
3.129000e-05	-4.043694e-02	-2.185822e+00
3.130000e-05	-1.251230e-01	-2.365292e+00
3.131000e-05	1.591890e-01	-2.357349e+00
3.132000e-05	-3.300035e-02	-2.532640e+00
3.133000e-05	-1.507050e-01	-2.745871e+00
3.134000e-05	2.272492e-01	-2.799975e+00
3.135000e-05	-9.045379e-02	-2.997800e+00
3.136000e-05	-9.072075e-02	-3.259985e+00
3.137000e-05	1.737770e-01	-3.356238e+00
3.138000e-05	-1.542129e-01	-3.534692e+00
3.139000e-05	-1.875976e-03	-3.692212e+00
3.140000e-05	1.125266e-01	-3.807800e+00
3.141000e-05	-1.220718e-01	-4.018535e+00
3.142000e-05	1.766428e-01	-4.146920e+00
3.143000e-05	-7.180973e-02	-4.323616e+00
3.144000e-05	-5.928754e-02	-4.503088e+00
3.145000e-05	1.283284e-01	-4.597848e+00
3.146000e-05	-1.480625e-01	-4.837933e+00
3.147000e-05	1.118312e-01	-4.955766e+00
3.148000e-05	-2.302585e-02	-5.094587e+00
3.149000e-05	-1.072663e-02	-5.312113e+00
3.150000e-05	7.765964e-02	-5.430433e+00
3.151000e-05	-9.823391e-02	-5.629885e+00
3.152000e-05	1.032426e-01	-5.755220e+00
3.153000e-05	-8.848396e-02	-5.902113e+00
3.154000e-05	2.675927e-02	-6.031505e+00
3.155000e-05	6.712241e-02	-6.196802e+00
3.156000e-05	-7.470881e-02	-6.374797e+00
3.157000e-05	9.868333e-02	-6.514163e+00
3.158000e-05	-8.504916e-02	-6.638908e+00
3.159000e-05	5.396931e-02	-6.807247e+00
3.160000e-05	-1.950694e-04	-6.892614e+00
3.161000e-05	-2.562985e-02	-7.112536e+00
3.162000e-05	5.748531e-02	-7.208808e+00
3.163000e-05	-5.575794e-02	-7.365324e+00
3.164000e-05	7.809233e-02	-7.471462e+00
3.165000e-05	-4.489965e-02	-7.619335e+00
3.166000e-05	2.682122e-02	-7.809850e+00
3.167000e-05	-9.694653e-03	-7.904666e+00
3.168000e-05	-5.811365e-03	-8.122536e+00
3.169000e-05	4.255041e-02	-8.187796e+00
3.170000e-05	-2.661914e-02	-8.314638e+00
3.171000e-05	3.909878e-02	-8.389303e+00
3.172000e-05	-2.619144e-02	-8.536594e+00
3.173000e-05	3.424146e-02	-8.621357e+00
3.174000e-05	-6.025887e-03	-8.763246e+00
3.175000e-05	2.303973e-03	-8.903035e+00
3.176000e-05	5.326629e-03	-8.988721e+00
3.177000e-05	-1.501657e-04	-9.093137e+00
3.178000e-05	2.933763e-02	-9.176247e+00
3.179000e-05	-4.198198e-03	-9.303592e+00
3.180000e-05	1.698958e-02	-9.367799e+00
3.181000e-05	-9.201347e-03	-9.471484e+00
3.182000e-05	1.831003e-02	-9.576725e+00
3.183000e-05	2.648406e-04	-9.682588e+00
3.184000e-05	1.031165e-02	-9.777274e+00
3.185000e-05	2.812022e-03	-9.870957e+00
3.186000e-05	1.226500e-02	-9.945671e+00
3.187000e-05	1.726820e-02	-1.000080e+01
3.188000e-05	5.150680e-03	-1.010717e+01
3.189000e-05	8.575722e-03	-1.018933e+01
3.190000e-05	-3.544266e-03	-1.028196e+01
3.191000e-05	1.515438e-02	-1.036773e+01
3.192000e-05	7.161697e-03	-1.047201e+01
3.193000e-05	1.472677e-02	-1.055672e+01
3.194000e-05	5.288171e-03	-1.061832e+01
3.195000e-05	1.258706e-02	-1.064301e+01
3.196000e-05	1.120214e-02	-1.071357e+01
3.197000e-05	1.038065e-02	-1.081730e+01
3.198000e-05	5.841334e-03	-1.085091e+01
3.199000e-05	5.213693e-03	-1.088567e+01
3.200000e-05	1.565286e-02	-1.092672e+01
3.201000e-05	1.360165e-02	-1.098988e+01
3.202000e-05	1.296051e-02	-1.104996e+01
3.203000e-05	6.298082e-03	-1.111302e+01
3.204000e-05	1.107513e-02	-1.117620e+01
3.205000e-05	1.362822e-02	-1.120870e+01
3.206000e-05	1.349258e-02	-1.124141e+01
3.207000e-05	1.045844e-02	-1.129349e+01
3.208000e-05	1.025996e-02	-1.134557e+01
3.209000e-05	1.576825e-02	-1.137667e+01
3.210000e-05	1.500953e-02	-1.138835e+01
3.211000e-05	1.231847e-02	-1.142780e+01
3.212000e-05	1.036552e-02	-1.143193e+01
3.213000e-05	1.322360e-02	-1.146193e+01
3.214000e-05	1.698012e-02	-1.150257e+01
3.215000e-05	1.750932e-02	-1.149412e+01
3.216000e-05	1.435618e-02	-1.153367e+01
3.217000e-05	1.352337e-02	-1.155714e+01
3.218000e-05	1.621732e-02	-1.156817e+01
3.219000e-05	1.896754e-02	-1.159825e+01
3.220000e-05	1.747571e-02	-1.160880e+01
3.221000e-05	1.755676e-02	-1.162015e+01
3.222000e-05	1.838171e-02	-1.161737e+01
3.223000e-05	2.281311e-02	-1.159031e+01
3.224000e-05	2.277896e-02	-1.159940e+01
3.225000e-05	2.111129e-02	-1.153673e+01
3.226000e-05	1.989999e-02	-1.162663e+01
3.227000e-05	2.223712e-02	-1.155714e+01
3.228000e-05	2.534261e-02	-1.155554e+01
3.229000e-05	2.530342e-02	-1.154412e+01
3.230000e-05	2.478996e-02	-1.150409e+01
3.231000e-05	2.544572e-02	-1.145291e+01
3.232000e-05	2.908619e-02	-1.144035e+01
3.233000e-05	2.957080e-02	-1.145830e+01
3.234000e-05	2.981525e-02	-1.135667e+01
3.235000e-05	2.913728e-02	-1.133514e+01
3.236000e-05	3.206966e-02	-1.129399e+01
3.237000e-05	3.535519e-02	-1.123398e+01
3.238000e-05	3.590616e-02	-1.117928e+01
3.239000e-05	3.611614e-02	-1.115769e+01
3.240000e-05	3.761358e-02	-1.112363e+01
3.241000e-05	4.174408e-02	-1.110043e+01
3.242000e-05	4.228721e-02	-1.100980e+01
3.243000e-05	4.153289e-02	-1.094514e+01
3.244000e-05	3.877878e-02	-1.089569e+01
3.245000e-05	3.840317e-02	-1.082293e+01
3.246000e-05	3.750153e-02	-1.080832e+01
3.247000e-05	3.592484e-02	-1.074722e+01
3.248000e-05	3.223675e-02	-1.068306e+01
3.249000e-05	2.856420e-02	-1.064033e+01
3.250000e-05	2.711718e-02	-1.058825e+01
3.251000e-05	2.501668e-02	-1.052519e+01
3.252000e-05	2.240615e-02	-1.041035e+01
3.253000e-05	1.931887e-02	-1.035909e+01
3.254000e-05	1.872348e-02	-1.025243e+01
3.255000e-05	1.800799e-02	-1.017779e+01
3.256000e-05	1.716889e-02	-1.006458e+01
3.257000e-05	1.502197e-02	-9.998872e+00
3.258000e-05	1.214650e-02	-9.906162e+00
3.259000e-05	1.258109e-02	-9.830429e+00
3.260000e-05	1.070211e-02	-9.766745e+00
3.261000e-05	1.011735e-02	-9.654106e+00
3.262000e-05	7.739346e-03	-9.597303e+00
3.263000e-05	9.820356e-03	-9.474539e+00
3.264000e-05	7.575928e-03	-9.368821e+00
3.265000e-05	9.067342e-03	-9.254008e+00
3.266000e-05	7.146301e-03	-9.135667e+00
3.267000e-05	6.519493e-03	-9.051078e+00
3.268000e-05	5.061181e-03	-8.956788e+00
3.269000e-05	5.874834e-03	-8.851979e+00
3.270000e-05	4.529002e-03	-8.756817e+00
3.271000e-05	4.200789e-03	-8.650397e+00
3.272000e-05	3.129290e-03	-8.486185e+00
3.273000e-05	2.833214e-03	-8.357748e+00
3.274000e-05	3.187780e-03	-8.243079e+00
3.275000e-05	3.578361e-03	-8.146766e+00
3.276000e-05	3.334364e-03	-8.029974e+00
3.277000e-05	2.850823e-03	-7.934534e+00
3.278000e-05	2.932449e-03	-7.779295e+00
3.279000e-05	1.500188e-03	-7.669450e+00
3.280000e-05	1.114365e-03	-7.494099e+00
3.281000e-05	-1.459560e-03	-7.366766e+00
3.282000e-05	-1.665983e-04	-7.229499e+00
3.283000e-05	-1.459355e-04	-7.094583e+00
3.284000e-05	9.856664e-04	-6.938264e+00
3.285000e-05	8.300284e-04	-6.759951e+00
3.286000e-05	1.000484e-04	-6.644104e+00
3.287000e-05	1.087053e-04	-6.546241e+00
3.288000e-05	-4.627322e-04	-6.401949e+00
3.289000e-05	-2.708059e-03	-6.263533e+00
3.290000e-05	-2.954782e-03	-6.086204e+00
3.291000e-05	-1.630702e-03	-5.947792e+00
3.292000e-05	-1.544776e-03	-5.802478e+00
3.293000e-05	-1.654160e-03	-5.655658e+00
3.294000e-05	-2.142138e-03	-5.547743e+00
3.295000e-05	-3.212006e-03	-5.357339e+00
3.296000e-05	-1.789869e-03	-5.158717e+00
3.297000e-05	-1.699866e-03	-4.970503e+00
3.298000e-05	-3.604744e-03	-4.800844e+00
3.299000e-05	-4.204420e-03	-4.653606e+00
3.300000e-05	-3.883099e-03	-4.464211e+00
3.301000e-05	-3.152060e-03	-4.359394e+00
3.302000e-05	-4.001628e-03	-4.201028e+00
3.303000e-05	-4.231529e-03	-4.065631e+00
3.304000e-05	-3.909088e-03	-3.956839e+00
3.305000e-05	-4.642373e-03	-3.758315e+00
3.306000e-05	-4.779545e-03	-3.588895e+00
3.307000e-05	-5.066703e-03	-3.450059e+00
3.308000e-05	-4.537246e-03	-3.235180e+00
3.309000e-05	-6.564609e-03	-3.127340e+00
3.310000e-05	-4.560337e-03	-2.936809e+00
3.311000e-05	-7.841932e-03	-2.778997e+00
3.312000e-05	-2.981983e-03	-2.592602e+00
3.313000e-05	-7.651169e-03	-2.452627e+00
3.314000e-05	-2.934043e-03	-2.305806e+00
3.315000e-05	-6.936167e-03	-2.064809e+00
3.316000e-05	-3.342164e-03	-1.948918e+00
3.317000e-05	-6.001990e-03	-1.759999e+00
3.318000e-05	-8.861495e-03	-1.643554e+00
3.319000e-05	-8.630404e-03	-1.475704e+00
3.320000e-05	-8.105786e-03	-1.232578e+00
3.321000e-05	-6.022011e-03	-1.061687e+00
3.322000e-05	-4.292303e-03	-8.883130e-01
3.323000e-05	-5.011030e-03	-7.589673e-01
3.324000e-05	-6.110708e-03	-5.284210e-01
3.325000e-05	-5.158855e-03	-3.799449e-01
3.326000e-05	-9.132195e-03	-2.616767e-01
3.327000e-05	-8.948771e-03	-6.421078e-02
3.328000e-05	-7.684344e-03	4.355663e-02
3.329000e-05	2.457657e-03	2.732393e-01
3.330000e-05	-2.665743e-03	3.995038e-01
3.331000e-05	2.040907e-03	5.768973e-01
3.332000e-05	-1.956304e-03	7.057384e-01
3.333000e-05	-1.134143e-03	9.330352e-01
3.334000e-05	-3.052020e-03	1.091589e+00
3.335000e-05	4.588300e-03	1.240959e+00
3.336000e-05	5.010344e-02	1.438935e+00
3.337000e-05	6.269178e-02	1.714237e+00
3.338000e-05	-4.778967e-02	1.904213e+00
3.339000e-05	-3.409934e-02	2.061005e+00
3.340000e-05	-7.524993e-02	2.187880e+00
3.341000e-05	-6.482850e-02	2.294117e+00
3.342000e-05	1.350593e-01	2.449453e+00
3.343000e-05	-9.495428e-02	2.661610e+00
3.344000e-05	-5.896741e-02	2.788400e+00
3.345000e-05	1.871067e-01	2.965743e+00
3.346000e-05	-1.130936e-01	3.125315e+00
3.347000e-05	2.316015e-03	3.239479e+00
3.348000e-05	6.176283e-02	3.427852e+00
3.349000e-05	-1.259332e-01	3.597876e+00
3.350000e-05	3.845842e-02	3.746216e+00
3.351000e-05	3.311986e-02	3.945192e+00
3.352000e-05	-3.214766e-02	4.051556e+00
3.353000e-05	5.683781e-02	4.228009e+00
3.354000e-05	-6.961159e-02	4.440009e+00
3.355000e-05	8.281108e-03	4.535725e+00
3.356000e-05	-1.632942e-03	4.714245e+00
3.357000e-05	-2.372238e-02	4.851563e+00
3.358000e-05	1.500975e-02	5.080482e+00
3.359000e-05	-1.648772e-02	5.242066e+00
3.360000e-05	3.074528e-02	5.409386e+00
3.361000e-05	-2.985920e-02	5.545745e+00
3.362000e-05	-1.682154e-03	5.682639e+00
3.363000e-05	-3.080486e-03	5.850966e+00
3.364000e-05	-4.960417e-02	6.031360e+00
3.365000e-05	3.727164e-02	6.156745e+00
3.366000e-05	-8.200468e-03	6.325116e+00
3.367000e-05	-4.566053e-03	6.408929e+00
3.368000e-05	-8.760186e-03	6.597276e+00
3.369000e-05	-2.215698e-02	6.785646e+00
3.370000e-05	1.106458e-02	6.883988e+00
3.371000e-05	-2.397019e-02	7.019900e+00
3.372000e-05	6.605501e-04	7.135745e+00
3.373000e-05	-2.442917e-02	7.292540e+00
3.374000e-05	6.788187e-03	7.430404e+00
3.375000e-05	5.434784e-03	7.577152e+00
3.376000e-05	-1.688365e-02	7.703642e+00
3.377000e-05	-1.190766e-02	7.852863e+00
3.378000e-05	-2.336229e-02	8.037356e+00
3.379000e-05	5.609539e-03	8.156620e+00
3.380000e-05	-9.481540e-03	8.262037e+00
3.381000e-05	-8.873712e-03	8.375196e+00
3.382000e-05	-1.632504e-02	8.442010e+00
3.383000e-05	-7.589859e-03	8.586874e+00
3.384000e-05	6.945453e-04	8.664011e+00
3.385000e-05	-1.580641e-02	8.766272e+00
3.386000e-05	-1.366686e-02	8.892531e+00
3.387000e-05	-1.718176e-02	9.009300e+00
3.388000e-05	7.613616e-04	9.122116e+00
3.389000e-05	-7.198482e-03	9.218803e+00
3.390000e-05	-1.223404e-02	9.313641e+00
3.391000e-05	-2.003548e-02	9.417778e+00
3.392000e-05	-1.042595e-02	9.482988e+00
3.393000e-05	-8.003334e-03	9.555748e+00
3.394000e-05	-9.999733e-03	9.683938e+00
3.395000e-05	-1.393494e-02	9.757249e+00
3.396000e-05	-1.257249e-02	9.882938e+00
3.397000e-05	-6.522357e-03	9.984693e+00
3.398000e-05	-1.061178e-02	1.004244e+01
3.399000e-05	-1.574149e-02	1.011715e+01
3.400000e-05	-2.153095e-02	1.021835e+01
3.401000e-05	-1.285477e-02	1.029146e+01
3.402000e-05	-9.548457e-03	1.039562e+01
3.403000e-05	-1.017208e-02	1.045143e+01
3.404000e-05	-1.656998e-02	1.052464e+01
3.405000e-05	-1.488574e-02	1.059777e+01
3.406000e-05	-1.283948e-02	1.065141e+01
3.407000e-05	-1.322130e-02	1.074504e+01
3.408000e-05	-1.622763e-02	1.081725e+01
3.409000e-05	-2.104694e-02	1.084996e+01
3.410000e-05	-1.466859e-02	1.090299e+01
3.411000e-05	-1.202620e-02	1.095422e+01
3.412000e-05	-1.271939e-02	1.101830e+01
3.413000e-05	-1.975202e-02	1.103093e+01
3.414000e-05	-2.032893e-02	1.110349e+01
3.415000e-05	-1.797902e-02	1.113454e+01
3.416000e-05	-1.372066e-02	1.116765e+01
3.417000e-05	-1.831214e-02	1.119930e+01
3.418000e-05	-2.101933e-02	1.127143e+01
3.419000e-05	-1.984684e-02	1.126399e+01
3.420000e-05	-1.763835e-02	1.130657e+01
3.421000e-05	-1.714456e-02	1.131765e+01
3.422000e-05	-2.203048e-02	1.135825e+01
3.423000e-05	-2.278079e-02	1.140923e+01
3.424000e-05	-2.117090e-02	1.139183e+01
3.425000e-05	-1.827404e-02	1.140338e+01
3.426000e-05	-2.151114e-02	1.145191e+01
3.427000e-05	-2.556441e-02	1.148246e+01
3.428000e-05	-2.517428e-02	1.144346e+01
3.429000e-05	-2.190582e-02	1.146296e+01
3.430000e-05	-2.131608e-02	1.149301e+01
3.431000e-05	-2.514072e-02	1.153396e+01
3.432000e-05	-2.781137e-02	1.152454e+01
3.433000e-05	-2.846644e-02	1.150701e+01
3.434000e-05	-2.489580e-02	1.147396e+01
3.435000e-05	-2.672452e-02	1.149401e+01
3.436000e-05	-2.972515e-02	1.143291e+01
3.437000e-05	-3.132254e-02	1.148348e+01
3.438000e-05	-3.014629e-02	1.143296e+01
3.439000e-05	-3.037393e-02	1.142041e+01
3.440000e-05	-3.376993e-02	1.135888e+01
3.441000e-05	-3.678586e-02	1.139827e+01
3.442000e-05	-3.646337e-02	1.134825e+01
3.443000e-05	-3.448174e-02	1.130669e+01
3.444000e-05	-3.558103e-02	1.126506e+01
3.445000e-05	-3.877514e-02	1.128193e+01
3.446000e-05	-4.282865e-02	1.119883e+01
3.447000e-05	-4.225613e-02	1.117927e+01
3.448000e-05	-4.249974e-02	1.115414e+01
3.449000e-05	-4.655384e-02	1.110351e+01
3.450000e-05	-4.739659e-02	1.103189e+01
3.451000e-05	-4.975904e-02	1.101032e+01
3.452000e-05	-4.641224e-02	1.098822e+01
3.453000e-05	-4.846429e-02	1.090519e+01
3.454000e-05	-4.736749e-02	1.085399e+01
3.455000e-05	-4.898918e-02	1.083987e+01
3.456000e-05	-4.442391e-02	1.075559e+01
3.457000e-05	-4.157435e-02	1.068146e+01
3.458000e-05	-3.785475e-02	1.059188e+01
3.459000e-05	-3.833106e-02	1.054764e+01
3.460000e-05	-3.571607e-02	1.044454e+01
3.461000e-05	-3.126528e-02	1.039885e+01
3.462000e-05	-2.822018e-02	1.027704e+01
3.463000e-05	-2.734189e-02	1.022141e+01
3.464000e-05	-2.796378e-02	1.011930e+01
3.465000e-05	-2.567263e-02	1.009569e+01
3.466000e-05	-2.336205e-02	1.004135e+01
3.467000e-05	-2.082408e-02	9.916514e+00
3.468000e-05	-2.161495e-02	9.841830e+00
3.469000e-05	-2.137159e-02	9.717717e+00
3.470000e-05	-1.952649e-02	9.611527e+00
3.471000e-05	-1.743453e-02	9.546692e+00
3.472000e-05	-1.863022e-02	9.473506e+00
3.473000e-05	-1.964648e-02	9.348271e+00
3.474000e-05	-1.864515e-02	9.294629e+00
3.475000e-05	-1.592591e-02	9.190847e+00
3.476000e-05	-1.393267e-02	9.074879e+00
3.477000e-05	-1.689720e-02	8.957268e+00
3.478000e-05	-1.724816e-02	8.812000e+00
3.479000e-05	-1.449669e-02	8.704613e+00
3.480000e-05	-1.158456e-02	8.600950e+00
3.481000e-05	-1.283520e-02	8.495637e+00
3.482000e-05	-1.465941e-02	8.399422e+00
3.483000e-05	-1.489553e-02	8.283532e+00
3.484000e-05	-1.261013e-02	8.177795e+00
3.485000e-05	-1.085551e-02	8.052954e+00
3.486000e-05	-1.228939e-02	7.916662e+00
3.487000e-05	-1.375013e-02	7.808377e+00
3.488000e-05	-1.224433e-02	7.655055e+00
3.489000e-05	-9.673077e-03	7.536242e+00
3.490000e-05	-1.038388e-02	7.370296e+00
3.491000e-05	-1.256390e-02	7.212528e+00
3.492000e-05	-1.307798e-02	7.066138e+00
3.493000e-05	-1.108167e-02	6.968291e+00
3.494000e-05	-9.226625e-03	6.823605e+00
3.495000e-05	-1.051482e-02	6.755189e+00
3.496000e-05	-1.093906e-02	6.568845e+00
3.497000e-05	-1.057443e-02	6.403399e+00
3.498000e-05	-8.969056e-03	6.276557e+00
3.499000e-05	-8.778407e-03	6.148267e+00
3.500000e-05	-9.005763e-03	6.033049e+00
3.501000e-05	-9.889919e-03	5.925039e+00
3.502000e-05	-9.433352e-03	5.706713e+00
3.503000e-05	-8.076483e-03	5.577817e+00
3.504000e-05	-9.067493e-03	5.430999e+00
3.505000e-05	-9.471847e-03	5.265605e+00
3.506000e-05	-9.029988e-03	5.084008e+00
3.507000e-05	-8.241006e-03	4.874157e+00
3.508000e-05	-6.966899e-03	4.726767e+00
3.509000e-05	-7.901025e-03	4.569320e+00
3.510000e-05	-9.102291e-03	4.412578e+00
3.511000e-05	-8.538637e-03	4.305186e+00
3.512000e-05	-7.537542e-03	4.044188e+00
3.513000e-05	-7.001895e-03	3.947793e+00
3.514000e-05	-7.381520e-03	3.788846e+00
3.515000e-05	-6.503620e-03	3.631026e+00
3.516000e-05	-6.250027e-03	3.495611e+00
3.517000e-05	-6.883882e-03	3.264678e+00
3.518000e-05	-7.323943e-03	3.138290e+00
3.519000e-05	-7.713002e-03	2.991495e+00
3.520000e-05	-6.250298e-03	2.833130e+00
3.521000e-05	-5.537824e-03	2.676689e+00
3.522000e-05	-6.097082e-03	2.434633e+00
3.523000e-05	-7.426619e-03	2.297336e+00
3.524000e-05	-6.704483e-03	2.149370e+00
3.525000e-05	-6.376863e-03	2.000549e+00
3.526000e-05	-6.559639e-03	1.884679e+00
3.527000e-05	-5.770236e-03	1.633730e+00
3.528000e-05	-5.734286e-03	1.486762e+00
3.529000e-05	-4.726978e-03	1.298814e+00
3.530000e-05	-5.976224e-03	1.168996e+00
3.531000e-05	-5.748287e-03	8.684158e-01
3.532000e-05	-5.744702e-03	7.604473e-01
3.533000e-05	-5.095693e-03	6.214716e-01
3.534000e-05	-4.660516e-03	4.221015e-01
3.535000e-05	-4.727506e-03	2.862881e-01
3.536000e-05	-4.816027e-03	6.518154e-02
3.537000e-05	-5.131954e-03	-8.255790e-02
3.538000e-05	-2.466467e-04	-1.894778e-01
3.539000e-05	2.869215e-03	-3.678974e-01
3.540000e-05	-1.711437e-03	-5.231409e-01
3.541000e-05	1.650735e-03	-7.052684e-01
3.542000e-05	-1.059909e-03	-8.626604e-01
3.543000e-05	4.702150e-04	-1.008953e+00
3.544000e-05	-6.536329e-05	-1.136927e+00
3.545000e-05	2.861762e-02	-1.305745e+00
3.546000e-05	1.104616e-01	-1.565870e+00
3.547000e-05	-4.043742e-02	-1.816950e+00
3.548000e-05	-1.797004e-02	-2.040076e+00
3.549000e-05	-7.972166e-02	-2.260055e+00
3.550000e-05	-5.847334e-02	-2.358871e+00
3.551000e-05	1.720417e-01	-2.386872e+00
3.552000e-05	-1.474496e-01	-2.544752e+00
3.553000e-05	1.155187e-02	-2.778447e+00
3.554000e-05	2.047275e-01	-2.810476e+00
3.555000e-05	-1.844573e-01	-3.069984e+00
3.556000e-05	4.541725e-02	-3.244614e+00
3.557000e-05	9.725253e-02	-3.376849e+00
3.558000e-05	-1.930066e-01	-3.556875e+00
3.559000e-05	1.109223e-01	-3.683135e+00
3.560000e-05	2.848179e-03	-3.880434e+00
3.561000e-05	-4.684531e-02	-4.103716e+00
3.562000e-05	1.742404e-01	-4.209378e+00
3.563000e-05	-1.643658e-01	-4.365820e+00
3.564000e-05	6.085145e-02	-4.534189e+00
3.565000e-05	3.538674e-02	-4.620960e+00
3.566000e-05	-1.057412e-01	-4.901508e+00
3.567000e-05	1.336556e-01	-5.008900e+00
3.568000e-05	-8.465073e-02	-5.126118e+00
3.569000e-05	6.616417e-02	-5.295246e+00
3.570000e-05	-9.745722e-04	-5.482489e+00
3.571000e-05	-4.432916e-02	-5.672667e+00
3.572000e-05	8.864922e-02	-5.797851e+00
3.573000e-05	-1.220851e-01	-5.935217e+00
3.574000e-05	1.092147e-01	-6.062537e+00
3.575000e-05	-1.990518e-02	-6.288929e+00
3.576000e-05	-1.149042e-02	-6.458434e+00
3.577000e-05	6.232054e-02	-6.535193e+00
3.578000e-05	-8.764168e-02	-6.681963e+00
3.579000e-05	9.556817e-02	-6.828430e+00
3.580000e-05	-6.279690e-02	-6.969224e+00
3.581000e-05	3.927746e-02	-7.122692e+00
3.582000e-05	-6.151640e-04	-7.288437e+00
3.583000e-05	-1.074689e-02	-7.387854e+00
3.584000e-05	6.034412e-02	-7.515643e+00
3.585000e-05	-5.281564e-02	-7.712617e+00
3.586000e-05	4.817194e-02	-7.862008e+00
3.587000e-05	-4.156252e-02	-7.986824e+00
3.588000e-05	3.588508e-02	-8.123642e+00
3.589000e-05	5.975258e-03	-8.198351e+00
3.590000e-05	-4.592791e-03	-8.344165e+00
3.591000e-05	2.289813e-02	-8.408383e+00
3.592000e-05	-1.473691e-02	-8.527805e+00
3.593000e-05	3.868226e-02	-8.670954e+00
3.594000e-05	-1.871600e-02	-8.827307e+00
3.595000e-05	1.591235e-02	-8.904217e+00
3.596000e-05	-8.984536e-03	-8.999352e+00
3.597000e-05	1.653588e-02	-9.133614e+00
3.598000e-05	1.382004e-02	-9.186807e+00
3.599000e-05	2.239498e-03	-9.302167e+00
3.600000e-05	1.065840e-02	-9.419377e+00
3.601000e-05	-1.725223e-03	-9.524013e+00
3.602000e-05	2.064991e-02	-9.628882e+00
3.603000e-05	-2.267973e-03	-9.724115e+00
3.604000e-05	1.332976e-02	-9.779325e+00
3.605000e-05	-2.298527e-03	-9.862537e+00
3.606000e-05	1.861535e-02	-9.986649e+00
3.607000e-05	9.396684e-03	-1.004096e+01
3.608000e-05	1.000309e-02	-1.018714e+01
3.609000e-05	3.111478e-03	-1.019935e+01
3.610000e-05	4.122113e-03	-1.031346e+01
3.611000e-05	1.519664e-02	-1.041772e+01
3.612000e-05	8.388753e-03	-1.047253e+01
3.613000e-05	1.286729e-02	-1.055622e+01
3.614000e-05	3.563761e-03	-1.059983e+01
3.615000e-05	1.460828e-02	-1.068204e+01
3.616000e-05	8.446928e-03	-1.074514e+01
3.617000e-05	1.196831e-02	-1.082883e+01
3.618000e-05	4.014200e-03	-1.086150e+01
3.619000e-05	1.023874e-02	-1.093507e+01
3.620000e-05	1.417201e-02	-1.094570e+01
3.621000e-05	1.398154e-02	-1.101083e+01
3.622000e-05	1.180331e-02	-1.107096e+01
3.623000e-05	6.671741e-03	-1.115456e+01
3.624000e-05	1.120753e-02	-1.119672e+01
3.625000e-05	1.258969e-02	-1.120833e+01
3.626000e-05	1.453127e-02	-1.128196e+01
3.627000e-05	1.047159e-02	-1.129106e+01
3.628000e-05	1.204162e-02	-1.133602e+01
3.629000e-05	1.375508e-02	-1.138817e+01
3.630000e-05	1.517928e-02	-1.141980e+01
3.631000e-05	1.247168e-02	-1.144988e+01
3.632000e-05	1.090762e-02	-1.145183e+01
3.633000e-05	1.392080e-02	-1.148051e+01
3.634000e-05	1.709671e-02	-1.151247e+01
3.635000e-05	1.740640e-02	-1.155312e+01
3.636000e-05	1.516421e-02	-1.157662e+01
3.637000e-05	1.517428e-02	-1.157617e+01
3.638000e-05	1.683905e-02	-1.160778e+01
3.639000e-05	1.883102e-02	-1.157967e+01
3.640000e-05	1.818763e-02	-1.160730e+01
3.641000e-05	1.751103e-02	-1.157988e+01
3.642000e-05	1.873497e-02	-1.164827e+01
3.643000e-05	2.130726e-02	-1.160870e+01
3.644000e-05	2.169746e-02	-1.164935e+01
3.645000e-05	2.077843e-02	-1.155677e+01
3.646000e-05	2.091800e-02	-1.158722e+01
3.647000e-05	2.377916e-02	-1.155422e+01
3.648000e-05	2.600353e-02	-1.152617e+01
3.649000e-05	2.592740e-02	-1.153309e+01
3.650000e-05	2.548954e-02	-1.150356e+01
3.651000e-05	2.762422e-02	-1.146193e+01
3.652000e-05	2.853019e-02	-1.143083e+01
3.653000e-05	3.011420e-02	-1.137882e+01
3.654000e-05	2.983811e-02	-1.131665e+01
3.655000e-05	3.071094e-02	-1.134404e+01
3.656000e-05	3.260032e-02	-1.127449e+01
3.657000e-05	3.574031e-02	-1.124243e+01
3.658000e-05	3.680378e-02	-1.121082e+01
3.659000e-05	3.686032e-02	-1.113519e+01
3.660000e-05	3.921518e-02	-1.107496e+01
3.661000e-05	4.121609e-02	-1.102088e+01
3.662000e-05	4.232431e-02	-1.101027e+01
3.663000e-05	4.054699e-02	-1.091667e+01
3.664000e-05	3.887728e-02	-1.087468e+01
3.665000e-05	3.837175e-02	-1.085043e+01
3.666000e-05	3.717365e-02	-1.079082e+01
3.667000e-05	3.482474e-02	-1.072512e+01
3.668000e-05	3.176726e-02	-1.066198e+01
3.669000e-05	2.881821e-02	-1.063130e+01
3.670000e-05	2.680355e-02	-1.055577e+01
3.671000e-05	2.459376e-02	-1.048154e+01
3.672000e-05	2.046014e-02	-1.039287e+01
3.673000e-05	1.831816e-02	-1.034409e+01
3.674000e-05	1.725715e-02	-1.027188e+01
3.675000e-05	1.792912e-02	-1.016672e+01
3.676000e-05	1.526110e-02	-1.005351e+01
3.677000e-05	1.454808e-02	-9.958220e+00
3.678000e-05	1.192229e-02	-9.874062e+00
3.679000e-05	1.176021e-02	-9.800404e+00
3.680000e-05	1.036235e-02	-9.705720e+00
3.681000e-05	9.730565e-03	-9.631657e+00
3.682000e-05	8.631014e-03	-9.559190e+00
3.683000e-05	1.030674e-02	-9.440408e+00
3.684000e-05	6.847176e-03	-9.358269e+00
3.685000e-05	7.832541e-03	-9.242380e+00
3.686000e-05	5.087666e-03	-9.125690e+00
3.687000e-05	6.446516e-03	-9.041850e+00
3.688000e-05	4.903955e-03	-8.935638e+00
3.689000e-05	5.764936e-03	-8.819921e+00
3.690000e-05	3.496956e-03	-8.715586e+00
3.691000e-05	5.749201e-03	-8.568794e+00
3.692000e-05	2.101107e-03	-8.420003e+00
3.693000e-05	2.826926e-03	-8.355265e+00
3.694000e-05	-4.737660e-04	-8.221979e+00
3.695000e-05	2.798507e-03	-8.106687e+00
3.696000e-05	2.307162e-03	-7.988898e+00
3.697000e-05	4.439879e-03	-7.904578e+00
3.698000e-05	1.075770e-03	-7.695237e+00
3.699000e-05	2.576774e-03	-7.547292e+00
3.700000e-05	3.283289e-04	-7.451953e+00
3.701000e-05	-9.952635e-04	-7.335690e+00
3.702000e-05	-2.771573e-04	-7.159870e+00
3.703000e-05	-1.705294e-03	-7.061503e+00
3.704000e-05	1.445182e-03	-6.835182e+00
3.705000e-05	1.963202e-04	-6.767816e+00
3.706000e-05	2.063568e-04	-6.623000e+00
3.707000e-05	-1.381006e-03	-6.493712e+00
3.708000e-05	-1.308083e-03	-6.378372e+00
3.709000e-05	-3.227939e-03	-6.191443e+00
3.710000e-05	-1.516307e-03	-6.022130e+00
3.711000e-05	-3.156804e-03	-5.906315e+00
3.712000e-05	-1.297706e-03	-5.789396e+00
3.713000e-05	-1.487339e-03	-5.623530e+00
3.714000e-05	-1.616095e-03	-5.484633e+00
3.715000e-05	-3.349010e-03	-5.244608e+00
3.716000e-05	-2.416500e-03	-5.075187e+00
3.717000e-05	-3.542582e-03	-4.958786e+00
3.718000e-05	-3.779206e-03	-4.741337e+00
3.719000e-05	-3.643798e-03	-4.589947e+00
3.720000e-05	-4.223512e-03	-4.453032e+00
3.721000e-05	-3.307488e-03	-4.305790e+00
3.722000e-05	-4.294317e-03	-4.180445e+00
3.723000e-05	-4.162514e-03	-4.031530e+00
3.724000e-05	-4.739559e-03	-3.925257e+00
3.725000e-05	-4.193069e-03	-3.706133e+00
3.726000e-05	-4.676693e-03	-3.537313e+00
3.727000e-05	-4.515371e-03	-3.410523e+00
3.728000e-05	-4.946757e-03	-3.243552e+00
3.729000e-05	-4.892409e-03	-3.066132e+00
3.730000e-05	-5.343907e-03	-2.852153e+00
3.731000e-05	-5.455943e-03	-2.736842e+00
3.732000e-05	-5.797505e-03	-2.569345e+00
3.733000e-05	-5.202470e-03	-2.410051e+00
3.734000e-05	-5.100122e-03	-2.262680e+00
3.735000e-05	-5.447679e-03	-2.042653e+00
3.736000e-05	-6.087479e-03	-1.897787e+00
3.737000e-05	-6.254006e-03	-1.737394e+00
3.738000e-05	-7.130301e-03	-1.609973e+00
3.739000e-05	-5.888965e-03	-1.423020e+00
3.740000e-05	-6.705502e-03	-1.159446e+00
3.741000e-05	-6.512126e-03	-1.021629e+00
3.742000e-05	-6.428875e-03	-8.426790e-01
3.743000e-05	-6.225220e-03	-7.067857e-01
3.744000e-05	-6.822724e-03	-4.742343e-01
3.745000e-05	-6.540333e-03	-3.684161e-01
3.746000e-05	-7.574419e-03	-1.894924e-01
3.747000e-05	-6.221722e-03	-4.312759e-02
3.748000e-05	-2.099399e-03	1.251469e-01
3.749000e-05	8.798276e-04	3.548207e-01
3.750000e-05	-3.212329e-03	4.940866e-01
3.751000e-05	-1.047403e-03	6.105063e-01
3.752000e-05	-3.963235e-03	8.083722e-01
3.753000e-05	-3.524659e-03	9.046896e-01
3.754000e-05	-2.450441e-03	1.124268e+00
3.755000e-05	1.168659e-02	1.293687e+00
3.756000e-05	7.399604e-02	1.534616e+00
3.757000e-05	2.638209e-02	1.796380e+00
3.758000e-05	-5.054219e-02	1.966847e+00
3.759000e-05	-3.267290e-02	2.083589e+00
3.760000e-05	-9.638847e-02	2.230504e+00
3.761000e-05	-6.316308e-03	2.326218e+00
3.762000e-05	1.199087e-01	2.483538e+00
3.763000e-05	-1.758424e-01	2.715240e+00
3.764000e-05	8.218384e-02	2.820980e+00
3.765000e-05	9.563558e-02	2.988426e+00
3.766000e-05	-1.340949e-01	3.168370e+00
3.767000e-05	7.584752e-02	3.249935e+00
3.768000e-05	-1.515598e-02	3.524117e+00
3.769000e-05	-1.027805e-01	3.609955e+00
3.770000e-05	7.986541e-02	3.777376e+00
3.771000e-05	-1.765253e-02	3.956275e+00
3.772000e-05	3.449275e-03	4.064638e+00
3.773000e-05	3.224773e-02	4.272063e+00
3.774000e-05	-7.640101e-02	4.462613e+00
3.775000e-05	3.445576e-02	4.596829e+00
3.776000e-05	-3.235792e-02	4.797249e+00
3.777000e-05	5.866334e-03	4.897792e+00
3.778000e-05	-6.346125e-03	5.165753e+00
3.779000e-05	6.895258e-04	5.344717e+00
3.780000e-05	2.069274e-02	5.492983e+00
3.781000e-05	-3.924702e-02	5.587423e+00
3.782000e-05	2.145357e-02	5.756345e+00
3.783000e-05	-3.667076e-02	5.923692e+00
3.784000e-05	-1.903834e-02	6.053086e+00
3.785000e-05	3.135192e-02	6.198351e+00
3.786000e-05	-1.730692e-02	6.335116e+00
3.787000e-05	3.090852e-03	6.493113e+00
3.788000e-05	-1.897225e-02	6.660457e+00
3.789000e-05	-9.462500e-03	6.808329e+00
3.790000e-05	2.851652e-03	6.925167e+00
3.791000e-05	-1.833543e-02	7.071460e+00
3.792000e-05	-1.259719e-04	7.166851e+00
3.793000e-05	-2.345748e-02	7.326721e+00
3.794000e-05	1.500034e-02	7.502012e+00
3.795000e-05	-6.101491e-03	7.669411e+00
3.796000e-05	-1.509612e-02	7.786752e+00
3.797000e-05	-1.510550e-02	7.935121e+00
3.798000e-05	-1.698469e-02	8.101483e+00
3.799000e-05	6.290200e-03	8.168196e+00
3.800000e-05	-1.278056e-02	8.303042e+00
3.801000e-05	-7.346956e-03	8.358328e+00
3.802000e-05	-1.576521e-02	8.503140e+00
3.803000e-05	-1.024229e-03	8.598932e+00
3.804000e-05	-4.492483e-03	8.683036e+00
3.805000e-05	-1.805599e-02	8.758346e+00
3.806000e-05	-1.600488e-02	8.915145e+00
3.807000e-05	-1.298210e-02	9.050810e+00
3.808000e-05	5.316963e-04	9.184596e+00
3.809000e-05	-1.012811e-02	9.250885e+00
3.810000e-05	-1.309934e-02	9.345665e+00
3.811000e-05	-1.629635e-02	9.420405e+00
3.812000e-05	-7.009589e-03	9.544691e+00
3.813000e-05	-8.730269e-03	9.599876e+00
3.814000e-05	-1.514078e-02	9.715017e+00
3.815000e-05	-1.642175e-02	9.821355e+00
3.816000e-05	-1.108072e-02	9.921511e+00
3.817000e-05	-4.820791e-03	9.986677e+00
3.818000e-05	-1.250043e-02	1.009344e+01
3.819000e-05	-1.716057e-02	1.015722e+01
3.820000e-05	-1.863236e-02	1.026135e+01
3.821000e-05	-1.030039e-02	1.031354e+01
3.822000e-05	-9.591847e-03	1.037572e+01
3.823000e-05	-1.462536e-02	1.047199e+01
3.824000e-05	-1.678911e-02	1.055774e+01
3.825000e-05	-1.406577e-02	1.059983e+01
3.826000e-05	-1.120096e-02	1.066144e+01
3.827000e-05	-1.447142e-02	1.076567e+01
3.828000e-05	-1.916003e-02	1.082733e+01
3.829000e-05	-1.929841e-02	1.088241e+01
3.830000e-05	-1.288460e-02	1.093414e+01
3.831000e-05	-1.160635e-02	1.096732e+01
3.832000e-05	-1.639311e-02	1.104928e+01
3.833000e-05	-2.049467e-02	1.106098e+01
3.834000e-05	-2.030943e-02	1.111454e+01
3.835000e-05	-1.420915e-02	1.114415e+01
3.836000e-05	-1.716590e-02	1.116820e+01
3.837000e-05	-1.985717e-02	1.121840e+01
3.838000e-05	-2.082048e-02	1.125286e+01
3.839000e-05	-1.752153e-02	1.129191e+01
3.840000e-05	-1.625151e-02	1.132559e+01
3.841000e-05	-1.951320e-02	1.138770e+01
3.842000e-05	-2.313655e-02	1.134924e+01
3.843000e-05	-2.318529e-02	1.134875e+01
3.844000e-05	-1.863296e-02	1.142888e+01
3.845000e-05	-1.974029e-02	1.142093e+01
3.846000e-05	-2.309228e-02	1.145191e+01
3.847000e-05	-2.564534e-02	1.151188e+01
3.848000e-05	-2.317402e-02	1.146301e+01
3.849000e-05	-2.019861e-02	1.146349e+01
3.850000e-05	-2.263670e-02	1.147443e+01
3.851000e-05	-2.639448e-02	1.153307e+01
3.852000e-05	-2.799010e-02	1.154401e+01
3.853000e-05	-2.703324e-02	1.150299e+01
3.854000e-05	-2.660214e-02	1.149197e+01
3.855000e-05	-3.000143e-02	1.149444e+01
3.856000e-05	-3.162124e-02	1.148449e+01
3.857000e-05	-2.977131e-02	1.147098e+01
3.858000e-05	-2.828012e-02	1.143341e+01
3.859000e-05	-3.087747e-02	1.139130e+01
3.860000e-05	-3.510041e-02	1.142885e+01
3.861000e-05	-3.688077e-02	1.136972e+01
3.862000e-05	-3.566234e-02	1.130619e+01
3.863000e-05	-3.583216e-02	1.130666e+01
3.864000e-05	-3.847342e-02	1.129303e+01
3.865000e-05	-4.006195e-02	1.123151e+01
3.866000e-05	-4.207638e-02	1.118885e+01
3.867000e-05	-3.995845e-02	1.116872e+01
3.868000e-05	-4.295939e-02	1.113456e+01
3.869000e-05	-4.627511e-02	1.106149e+01
3.870000e-05	-5.106908e-02	1.103191e+01
3.871000e-05	-4.789009e-02	1.096940e+01
3.872000e-05	-4.815092e-02	1.093732e+01
3.873000e-05	-4.676446e-02	1.090466e+01
3.874000e-05	-4.884781e-02	1.084293e+01
3.875000e-05	-4.695366e-02	1.080978e+01
3.876000e-05	-4.399254e-02	1.075409e+01
3.877000e-05	-3.964382e-02	1.068443e+01
3.878000e-05	-3.947126e-02	1.055832e+01
3.879000e-05	-3.724153e-02	1.049663e+01
3.880000e-05	-3.383091e-02	1.044143e+01
3.881000e-05	-2.911292e-02	1.037822e+01
3.882000e-05	-2.846611e-02	1.030254e+01
3.883000e-05	-2.800831e-02	1.019043e+01
3.884000e-05	-2.776604e-02	1.015827e+01
3.885000e-05	-2.541612e-02	1.009309e+01
3.886000e-05	-2.247782e-02	9.999325e+00
3.887000e-05	-2.182512e-02	9.925488e+00
3.888000e-05	-2.172964e-02	9.807849e+00
3.889000e-05	-2.141183e-02	9.696137e+00
3.890000e-05	-1.942337e-02	9.611354e+00
3.891000e-05	-1.917567e-02	9.504589e+00
3.892000e-05	-1.952774e-02	9.438478e+00
3.893000e-05	-1.944118e-02	9.357270e+00
3.894000e-05	-1.704013e-02	9.231004e+00
3.895000e-05	-1.531265e-02	9.147116e+00
3.896000e-05	-1.524620e-02	9.039896e+00
3.897000e-05	-1.623852e-02	8.924608e+00
3.898000e-05	-1.600818e-02	8.809819e+00
3.899000e-05	-1.419081e-02	8.683058e+00
3.900000e-05	-1.327119e-02	8.597847e+00
3.901000e-05	-1.437222e-02	8.463658e+00
3.902000e-05	-1.404573e-02	8.389298e+00
3.903000e-05	-1.389999e-02	8.251932e+00
3.904000e-05	-1.262995e-02	8.085261e+00
3.905000e-05	-1.285307e-02	8.000351e+00
3.906000e-05	-1.305171e-02	7.905604e+00
3.907000e-05	-1.221079e-02	7.747318e+00
3.908000e-05	-1.076724e-02	7.592501e+00
3.909000e-05	-1.065734e-02	7.484409e+00
3.910000e-05	-1.140601e-02	7.297711e+00
3.911000e-05	-1.240519e-02	7.180321e+00
3.912000e-05	-1.214400e-02	7.073507e+00
3.913000e-05	-1.112408e-02	6.916241e+00
3.914000e-05	-1.031751e-02	6.812502e+00
3.915000e-05	-1.093979e-02	6.623958e+00
3.916000e-05	-9.755509e-03	6.475187e+00
3.917000e-05	-9.106297e-03	6.358346e+00
3.918000e-05	-8.601990e-03	6.233029e+00
3.919000e-05	-9.677247e-03	6.125161e+00
3.920000e-05	-1.059883e-02	6.009949e+00
3.921000e-05	-1.097878e-02	5.871949e+00
3.922000e-05	-9.073792e-03	5.643655e+00
3.923000e-05	-8.425702e-03	5.524683e+00
3.924000e-05	-8.239064e-03	5.399320e+00
3.925000e-05	-7.923131e-03	5.180924e+00
3.926000e-05	-7.118370e-03	5.040875e+00
3.927000e-05	-7.797024e-03	4.843028e+00
3.928000e-05	-8.194808e-03	4.665158e+00
3.929000e-05	-7.631216e-03	4.537241e+00
3.930000e-05	-8.297139e-03	4.390474e+00
3.931000e-05	-8.379173e-03	4.241076e+00
3.932000e-05	-8.041716e-03	4.022054e+00
3.933000e-05	-6.281754e-03	3.914734e+00
3.934000e-05	-7.288712e-03	3.726241e+00
3.935000e-05	-7.491955e-03	3.610475e+00
3.936000e-05	-7.332589e-03	3.423147e+00
3.937000e-05	-5.756433e-03	3.221625e+00
3.938000e-05	-7.471360e-03	3.055208e+00
3.939000e-05	-8.626279e-03	2.968363e+00
3.940000e-05	-6.501214e-03	2.809521e+00
3.941000e-05	-4.773789e-03	2.625099e+00
3.942000e-05	-5.548993e-03	2.402001e+00
3.943000e-05	-7.330463e-03	2.285682e+00
3.944000e-05	-7.507025e-03	2.106732e+00
3.945000e-05	-6.094165e-03	1.998899e+00
3.946000e-05	-4.677942e-03	1.790994e+00
3.947000e-05	-4.999257e-03	1.631603e+00
3.948000e-05	-5.890598e-03	1.444576e+00
3.949000e-05	-5.268179e-03	1.244134e+00
3.950000e-05	-4.664303e-03	1.116382e+00
3.951000e-05	-5.789120e-03	8.646293e-01
3.952000e-05	-7.171511e-03	7.183142e-01
3.953000e-05	-6.097699e-03	5.694159e-01
3.954000e-05	-4.147811e-03	4.095013e-01
3.955000e-05	-4.421494e-03	2.326275e-01
3.956000e-05	-4.220942e-03	3.349883e-02
3.957000e-05	-4.333330e-03	-1.137195e-01
3.958000e-05	3.181008e-03	-2.927078e-01
3.959000e-05	3.189036e-03	-4.115064e-01
3.960000e-05	-9.559666e-04	-5.599023e-01
3.961000e-05	1.217158e-04	-7.894262e-01
3.962000e-05	-2.340175e-04	-9.246920e-01
3.963000e-05	2.313221e-04	-1.030082e+00
3.964000e-05	4.614874e-03	-1.219533e+00
3.965000e-05	6.099144e-02	-1.437430e+00
3.966000e-05	7.503574e-02	-1.650531e+00
3.967000e-05	-5.383286e-02	-1.901188e+00
3.968000e-05	-1.335847e-02	-2.083142e+00
3.969000e-05	-1.195498e-01	-2.303191e+00
3.970000e-05	4.975021e-02	-2.366891e+00
3.971000e-05	1.105138e-01	-2.419505e+00
3.972000e-05	-2.057160e-01	-2.712064e+00
3.973000e-05	1.293246e-01	-2.789445e+00
3.974000e-05	7.622198e-02	-2.893592e+00
3.975000e-05	-2.049435e-01	-3.174876e+00
3.976000e-05	1.521837e-01	-3.285114e+00
3.977000e-05	-2.012503e-02	-3.440980e+00
3.978000e-05	-1.421614e-01	-3.629509e+00
3.979000e-05	1.592434e-01	-3.684265e+00
3.980000e-05	-9.786618e-02	-3.946722e+00
3.981000e-05	6.884611e-02	-4.166766e+00
3.982000e-05	9.004895e-02	-4.241432e+00
3.983000e-05	-1.724978e-01	-4.429980e+00
3.984000e-05	1.376979e-01	-4.565169e+00
3.985000e-05	-7.703806e-02	-4.712619e+00
3.986000e-05	-5.109068e-03	-4.944616e+00
3.987000e-05	8.596675e-02	-5.030506e+00
3.988000e-05	-8.492967e-02	-5.195930e+00
3.989000e-05	1.094401e-01	-5.407775e+00
3.990000e-05	-7.646923e-02	-5.583245e+00
3.991000e-05	3.689040e-02	-5.765169e+00
3.992000e-05	1.526148e-02	-5.831954e+00
3.993000e-05	-8.463913e-02	-5.987354e+00
3.994000e-05	1.302605e-01	-6.115667e+00
3.995000e-05	-8.072991e-02	-6.342616e+00
3.996000e-05	6.294061e-02	-6.451088e+00
3.997000e-05	-1.191886e-02	-6.578746e+00
3.998000e-05	-3.366754e-02	-6.725271e+00
3.999000e-05	7.496568e-02	-6.849563e+00
4.000000e-05	-7.629480e-02	-7.070908e+00
4.001000e-05	7.468026e-02	-7.197799e+00
4.002000e-05	-4.911945e-02	-7.313116e+00
4.003000e-05	4.298341e-02	-7.458431e+00
4.004000e-05	1.307113e-02	-7.547796e+00
4.005000e-05	-2.464707e-02	-7.745671e+00
4.006000e-05	3.834775e-02	-7.923489e+00
4.007000e-05	-4.374079e-02	-7.988377e+00
4.008000e-05	5.745937e-02	-8.135743e+00
4.009000e-05	-2.444797e-02	-8.251530e+00
4.010000e-05	2.403177e-02	-8.345745e+00
4.011000e-05	-2.765375e-03	-8.462484e+00
4.012000e-05	6.922468e-03	-8.579827e+00
4.013000e-05	2.487464e-02	-8.693064e+00
4.014000e-05	-1.700676e-02	-8.850562e+00
4.015000e-05	1.912721e-02	-8.936270e+00
4.016000e-05	-1.424796e-02	-9.019906e+00
4.017000e-05	2.915749e-02	-9.136723e+00
4.018000e-05	-7.495984e-04	-9.240934e+00
4.019000e-05	1.272829e-02	-9.365772e+00
4.020000e-05	2.984906e-04	-9.441906e+00
4.021000e-05	8.321402e-03	-9.584118e+00
4.022000e-05	1.211096e-02	-9.641434e+00
4.023000e-05	1.614653e-03	-9.774195e+00
4.024000e-05	1.086933e-02	-9.819879e+00
4.025000e-05	-1.313837e-04	-9.913539e+00
4.026000e-05	2.200417e-02	-1.001680e+01
4.027000e-05	4.158147e-03	-1.005099e+01
4.028000e-05	1.234244e-02	-1.015730e+01
4.029000e-05	-2.687411e-03	-1.021048e+01
4.030000e-05	1.145639e-02	-1.036412e+01
4.031000e-05	9.274361e-03	-1.041878e+01
4.032000e-05	1.087505e-02	-1.050304e+01
4.033000e-05	9.561379e-03	-1.057777e+01
4.034000e-05	7.311364e-03	-1.066091e+01
4.035000e-05	1.347990e-02	-1.070356e+01
4.036000e-05	7.142684e-03	-1.076672e+01
4.037000e-05	1.123013e-02	-1.082043e+01
4.038000e-05	3.260021e-03	-1.088304e+01
4.039000e-05	1.491868e-02	-1.095414e+01
4.040000e-05	1.240958e-02	-1.091670e+01
4.041000e-05	1.512390e-02	-1.101884e+01
4.042000e-05	8.766249e-03	-1.110254e+01
4.043000e-05	9.211495e-03	-1.119522e+01
4.044000e-05	1.207665e-02	-1.116785e+01
4.045000e-05	1.198556e-02	-1.122038e+01
4.046000e-05	1.160228e-02	-1.125236e+01
4.047000e-05	1.014516e-02	-1.134502e+01
4.048000e-05	1.292725e-02	-1.128574e+01
4.049000e-05	1.495908e-02	-1.142869e+01
4.050000e-05	1.493792e-02	-1.144893e+01
4.051000e-05	1.260160e-02	-1.147034e+01
4.052000e-05	1.291251e-02	-1.151241e+01
4.053000e-05	1.602511e-02	-1.148346e+01
4.054000e-05	1.718001e-02	-1.152262e+01
4.055000e-05	1.474872e-02	-1.155354e+01
4.056000e-05	1.349543e-02	-1.156669e+01
4.057000e-05	1.541402e-02	-1.157723e+01
4.058000e-05	1.831920e-02	-1.157770e+01
4.059000e-05	1.869340e-02	-1.158662e+01
4.060000e-05	1.803286e-02	-1.160825e+01
4.061000e-05	1.839879e-02	-1.162773e+01
4.062000e-05	2.044523e-02	-1.162823e+01
4.063000e-05	2.130439e-02	-1.157868e+01
4.064000e-05	1.981938e-02	-1.155988e+01
4.065000e-05	1.890186e-02	-1.157962e+01
4.066000e-05	2.193504e-02	-1.157880e+01
4.067000e-05	2.546031e-02	-1.153665e+01
4.068000e-05	2.700523e-02	-1.154667e+01
4.069000e-05	2.624978e-02	-1.155554e+01
4.070000e-05	2.617226e-02	-1.149196e+01
4.071000e-05	2.700394e-02	-1.147131e+01
4.072000e-05	2.917381e-02	-1.143840e+01
4.073000e-05	2.932993e-02	-1.134708e+01
4.074000e-05	2.977755e-02	-1.135574e+01
4.075000e-05	3.187299e-02	-1.127464e+01
4.076000e-05	3.448403e-02	-1.126193e+01
4.077000e-05	3.595527e-02	-1.121085e+01
4.078000e-05	3.643758e-02	-1.118536e+01
4.079000e-05	3.677144e-02	-1.115319e+01
4.080000e-05	3.914530e-02	-1.109403e+01
4.081000e-05	4.052630e-02	-1.100890e+01
4.082000e-05	4.193319e-02	-1.096687e+01
4.083000e-05	4.142448e-02	-1.091466e+01
4.084000e-05	3.997901e-02	-1.086308e+01
4.085000e-05	3.826848e-02	-1.083090e+01
4.086000e-05	3.610011e-02	-1.079622e+01
4.087000e-05	3.288093e-02	-1.068461e+01
4.088000e-05	2.975516e-02	-1.064293e+01
4.089000e-05	2.767333e-02	-1.059930e+01
4.090000e-05	2.605740e-02	-1.053669e+01
4.091000e-05	2.412758e-02	-1.045156e+01
4.092000e-05	2.032019e-02	-1.035819e+01
4.093000e-05	1.928412e-02	-1.030311e+01
4.094000e-05	1.793248e-02	-1.019085e+01
4.095000e-05	1.677925e-02	-1.007719e+01
4.096000e-05	1.442856e-02	-1.003198e+01
4.097000e-05	1.232094e-02	-9.956693e+00
4.098000e-05	1.265880e-02	-9.832060e+00
4.099000e-05	1.236933e-02	-9.788875e+00
4.100000e-05	1.132316e-02	-9.684188e+00
4.101000e-05	9.944808e-03	-9.649500e+00
4.102000e-05	8.400296e-03	-9.524065e+00
4.103000e-05	9.171365e-03	-9.408879e+00
4.104000e-05	8.150065e-03	-9.265212e+00
4.105000e-05	7.078932e-03	-9.189776e+00
4.106000e-05	3.754850e-03	-9.082088e+00
4.107000e-05	5.804037e-03	-8.949921e+00
4.108000e-05	6.924133e-03	-8.893609e+00
4.109000e-05	7.485608e-03	-8.787816e+00
4.110000e-05	3.834524e-03	-8.633473e+00
4.111000e-05	4.153725e-03	-8.516264e+00
4.112000e-05	1.542946e-03	-8.440928e+00
4.113000e-05	3.920240e-03	-8.304638e+00
4.114000e-05	9.183411e-04	-8.180325e+00
4.115000e-05	3.580349e-03	-8.053638e+00
4.116000e-05	2.547446e-03	-7.977245e+00
4.117000e-05	5.727275e-03	-7.870977e+00
4.118000e-05	3.009000e-03	-7.663535e+00
4.119000e-05	1.208795e-03	-7.506668e+00
4.120000e-05	-1.696345e-03	-7.400349e+00
4.121000e-05	-7.017591e-04	-7.253163e+00
4.122000e-05	4.635128e-04	-7.138190e+00
4.123000e-05	7.631395e-04	-7.028794e+00
4.124000e-05	5.495273e-04	-6.822553e+00
4.125000e-05	-1.244867e-04	-6.685709e+00
4.126000e-05	2.502652e-03	-6.600372e+00
4.127000e-05	-6.087480e-05	-6.451558e+00
4.128000e-05	-1.721842e-03	-6.326788e+00
4.129000e-05	-3.682982e-03	-6.187817e+00
4.130000e-05	-2.676904e-03	-5.999420e+00
4.131000e-05	-2.153517e-03	-5.853582e+00
4.132000e-05	-6.675486e-04	-5.717212e+00
4.133000e-05	-1.817898e-03	-5.589447e+00
4.134000e-05	-1.888038e-03	-5.460954e+00
4.135000e-05	-2.240105e-03	-5.212499e+00
4.136000e-05	-2.750286e-03	-5.073157e+00
4.137000e-05	-4.009457e-03	-4.935763e+00
4.138000e-05	-4.765387e-03	-4.685654e+00
4.139000e-05	-4.632151e-03	-4.537816e+00
4.140000e-05	-3.444912e-03	-4.422500e+00
4.141000e-05	-3.022672e-03	-4.254661e+00
4.142000e-05	-3.172523e-03	-4.126865e+00
4.143000e-05	-4.518542e-03	-4.010951e+00
4.144000e-05	-4.575040e-03	-3.872548e+00
4.145000e-05	-5.040782e-03	-3.613028e+00
4.146000e-05	-4.805702e-03	-3.496207e+00
4.147000e-05	-4.987654e-03	-3.327343e+00
4.148000e-05	-4.932907e-03	-3.200500e+00
4.149000e-05	-4.774832e-03	-2.980447e+00
4.150000e-05	-4.968579e-03	-2.812025e+00
4.151000e-05	-5.751943e-03	-2.674233e+00
4.152000e-05	-6.527996e-03	-2.505708e+00
4.153000e-05	-6.419452e-03	-2.397947e+00
4.154000e-05	-5.223311e-03	-2.190444e+00
4.155000e-05	-5.849299e-03	-2.000472e+00
4.156000e-05	-6.014368e-03	-1.853582e+00
4.157000e-05	-7.433027e-03	-1.695786e+00
4.158000e-05	-6.948228e-03	-1.558944e+00
4.159000e-05	-7.463050e-03	-1.256361e+00
4.160000e-05	-6.771538e-03	-1.137916e+00
4.161000e-05	-6.341303e-03	-9.579186e-01
4.162000e-05	-5.785315e-03	-8.515263e-01
4.163000e-05	-6.402128e-03	-6.647790e-01
4.164000e-05	-6.735830e-03	-4.230502e-01
4.165000e-05	-7.682728e-03	-3.168354e-01
4.166000e-05	-7.684011e-03	-1.573922e-01
4.167000e-05	-5.314002e-03	-1.049738e-02
4.168000e-05	3.222704e-04	1.994035e-01
4.169000e-05	-2.609924e-03	4.004762e-01
4.170000e-05	-1.056637e-03	4.841905e-01
4.171000e-05	-1.444889e-03	6.826092e-01
4.172000e-05	-2.336778e-03	7.974524e-01
4.173000e-05	-3.858205e-03	1.007805e+00
4.174000e-05	8.068872e-04	1.198900e+00
4.175000e-05	2.671859e-02	1.365844e+00
4.176000e-05	8.270070e-02	1.587378e+00
4.177000e-05	-1.445226e-02	1.862007e+00
4.178000e-05	-4.477187e-02	2.009501e+00
4.179000e-05	-4.557550e-02	2.144742e+00
4.180000e-05	-9.837280e-02	2.242055e+00
4.181000e-05	6.622373e-02	2.377371e+00
4.182000e-05	4.367444e-02	2.606750e+00
4.183000e-05	-1.781839e-01	2.786822e+00
4.184000e-05	1.730023e-01	2.861110e+00
4.185000e-05	-1.243654e-02	3.082162e+00
4.186000e-05	-9.687412e-02	3.199329e+00
4.187000e-05	9.991866e-02	3.334588e+00
4.188000e-05	-8.588825e-02	3.556393e+00
4.189000e-05	-4.500782e-02	3.672062e+00
4.190000e-05	8.169668e-02	3.861436e+00
4.191000e-05	-4.046780e-02	3.998979e+00
4.192000e-05	4.357486e-02	4.145796e+00
4.193000e-05	-1.257412e-02	4.386322e+00
4.194000e-05	-5.021409e-02	4.535188e+00
4.195000e-05	2.832915e-02	4.632060e+00
4.196000e-05	-4.651165e-02	4.818405e+00
4.197000e-05	2.371951e-02	5.019326e+00
4.198000e-05	-1.966107e-02	5.198378e+00
4.199000e-05	2.276936e-02	5.376797e+00
4.200000e-05	-1.077841e-03	5.535194e+00
4.201000e-05	-3.005646e-02	5.620982e+00
4.202000e-05	2.235323e-02	5.807802e+00
4.203000e-05	-5.747861e-02	5.965297e+00
4.204000e-05	1.182196e-02	6.125163e+00
4.205000e-05	1.177852e-02	6.238933e+00
4.206000e-05	-1.359515e-02	6.376275e+00
4.207000e-05	6.135524e-03	6.515146e+00
4.208000e-05	-2.295032e-02	6.692012e+00
4.209000e-05	3.585277e-03	6.851409e+00
4.210000e-05	-1.447874e-02	6.975245e+00
4.211000e-05	-9.364504e-03	7.103190e+00
4.212000e-05	-1.170130e-02	7.198351e+00
4.213000e-05	-1.333562e-02	7.368751e+00
4.214000e-05	1.360300e-02	7.516119e+00
4.215000e-05	-1.410288e-02	7.691988e+00
4.216000e-05	-1.007858e-02	7.799358e+00
4.217000e-05	-1.837319e-02	7.977773e+00
4.218000e-05	-7.782607e-03	8.121538e+00
4.219000e-05	-5.817792e-04	8.220883e+00
4.220000e-05	-1.356441e-02	8.325162e+00
4.221000e-05	-9.922965e-03	8.419383e+00
4.222000e-05	-1.406000e-02	8.494694e+00
4.223000e-05	1.556327e-03	8.639932e+00
4.224000e-05	-8.565930e-03	8.724617e+00
4.225000e-05	-1.546365e-02	8.800955e+00
4.226000e-05	-1.624588e-02	8.947650e+00
4.227000e-05	-9.165237e-03	9.051038e+00
4.228000e-05	-3.049968e-03	9.195672e+00
4.229000e-05	-1.122870e-02	9.303560e+00
4.230000e-05	-1.560368e-02	9.327748e+00
4.231000e-05	-1.427387e-02	9.421382e+00
4.232000e-05	-6.753875e-03	9.565695e+00
4.233000e-05	-8.858326e-03	9.641457e+00
4.234000e-05	-1.391563e-02	9.717167e+00
4.235000e-05	-1.417788e-02	9.840878e+00
4.236000e-05	-1.071731e-02	9.953613e+00
4.237000e-05	-7.104193e-03	1.003983e+01
4.238000e-05	-1.275200e-02	1.010712e+01
4.239000e-05	-1.787919e-02	1.017675e+01
4.240000e-05	-1.574155e-02	1.023993e+01
4.241000e-05	-9.733742e-03	1.033452e+01
4.242000e-05	-1.013245e-02	1.040778e+01
4.243000e-05	-1.583570e-02	1.047401e+01
4.244000e-05	-1.627741e-02	1.053722e+01
4.245000e-05	-1.429795e-02	1.063133e+01
4.246000e-05	-1.154755e-02	1.071293e+01
4.247000e-05	-1.527548e-02	1.081655e+01
4.248000e-05	-1.943307e-02	1.086043e+01
4.249000e-05	-1.778257e-02	1.089246e+01
4.250000e-05	-1.202253e-02	1.091667e+01
4.251000e-05	-1.157525e-02	1.097825e+01
4.252000e-05	-1.760387e-02	1.100035e+01
4.253000e-05	-1.934440e-02	1.106349e+01
4.254000e-05	-1.810631e-02	1.116304e+01
4.255000e-05	-1.473191e-02	1.114569e+01
4.256000e-05	-1.820876e-02	1.121977e+01
4.257000e-05	-1.903666e-02	1.123085e+01
4.258000e-05	-1.922079e-02	1.128294e+01
4.259000e-05	-1.708158e-02	1.131412e+01
4.260000e-05	-1.915697e-02	1.130610e+01
4.261000e-05	-2.132918e-02	1.137818e+01
4.262000e-05	-2.195353e-02	1.139920e+01
4.263000e-05	-2.142132e-02	1.141885e+01
4.264000e-05	-1.922520e-02	1.142936e+01
4.265000e-05	-2.026352e-02	1.144986e+01
4.266000e-05	-2.363219e-02	1.148346e+01
4.267000e-05	-2.381609e-02	1.148251e+01
4.268000e-05	-2.309084e-02	1.147299e+01
4.269000e-05	-2.236925e-02	1.153446e+01
4.270000e-05	-2.503204e-02	1.155404e+01
4.271000e-05	-2.647327e-02	1.154306e+01
4.272000e-05	-2.674727e-02	1.150551e+01
4.273000e-05	-2.523065e-02	1.152448e+01
4.274000e-05	-2.739264e-02	1.148352e+01
4.275000e-05	-3.006926e-02	1.148444e+01
4.276000e-05	-3.161781e-02	1.148241e+01
4.277000e-05	-3.032909e-02	1.141394e+01
4.278000e-05	-2.995767e-02	1.144088e+01
4.279000e-05	-3.282831e-02	1.140933e+01
4.280000e-05	-3.603932e-02	1.139938e+01
4.281000e-05	-3.559594e-02	1.134875e+01
4.282000e-05	-3.443386e-02	1.134670e+01
4.283000e-05	-3.546225e-02	1.131551e+01
4.284000e-05	-3.944828e-02	1.128311e+01
4.285000e-05	-4.034598e-02	1.123088e+01
4.286000e-05	-4.160161e-02	1.120827e+01
4.287000e-05	-4.084892e-02	1.114722e+01
4.288000e-05	-4.564330e-02	1.112414e+01
4.289000e-05	-4.637538e-02	1.106395e+01
4.290000e-05	-4.999242e-02	1.102987e+01
4.291000e-05	-4.573872e-02	1.096930e+01
4.292000e-05	-4.975238e-02	1.094667e+01
4.293000e-05	-4.755578e-02	1.090501e+01
4.294000e-05	-5.030344e-02	1.084088e+01
4.295000e-05	-4.547203e-02	1.079769e+01
4.296000e-05	-4.320298e-02	1.067397e+01
4.297000e-05	-3.920722e-02	1.064038e+01
4.298000e-05	-3.876556e-02	1.051875e+01
4.299000e-05	-3.406092e-02	1.048508e+01
4.300000e-05	-3.115340e-02	1.044140e+01
4.301000e-05	-2.895633e-02	1.031667e+01
4.302000e-05	-2.941150e-02	1.026344e+01
4.303000e-05	-2.903758e-02	1.022085e+01
4.304000e-05	-2.676762e-02	1.011562e+01
4.305000e-05	-2.426435e-02	1.004501e+01
4.306000e-05	-2.191707e-02	1.000770e+01
4.307000e-05	-2.215272e-02	9.874432e+00
4.308000e-05	-1.963336e-02	9.748273e+00
4.309000e-05	-1.945135e-02	9.654611e+00
4.310000e-05	-1.845810e-02	9.559273e+00
4.311000e-05	-1.988457e-02	9.494612e+00
4.312000e-05	-2.022376e-02	9.388826e+00
4.313000e-05	-1.950554e-02	9.285611e+00
4.314000e-05	-1.653551e-02	9.221296e+00
4.315000e-05	-1.482617e-02	9.105087e+00
4.316000e-05	-1.412426e-02	8.969824e+00
4.317000e-05	-1.478628e-02	8.854109e+00
4.318000e-05	-1.437948e-02	8.787821e+00
4.319000e-05	-1.377402e-02	8.633456e+00
4.320000e-05	-1.462979e-02	8.526765e+00
4.321000e-05	-1.476607e-02	8.472553e+00
4.322000e-05	-1.511406e-02	8.336087e+00
4.323000e-05	-1.267241e-02	8.209845e+00
4.324000e-05	-1.237519e-02	8.084639e+00
4.325000e-05	-1.182200e-02	7.947795e+00
4.326000e-05	-1.151470e-02	7.812004e+00
4.327000e-05	-1.280427e-02	7.695163e+00
4.328000e-05	-1.214593e-02	7.569296e+00
4.329000e-05	-1.078813e-02	7.452949e+00
4.330000e-05	-1.075576e-02	7.274636e+00
4.331000e-05	-1.119947e-02	7.166713e+00
4.332000e-05	-1.117345e-02	7.009449e+00
4.333000e-05	-1.062383e-02	6.884636e+00
4.334000e-05	-9.899765e-03	6.790741e+00
4.335000e-05	-1.100824e-02	6.652400e+00
4.336000e-05	-9.847979e-03	6.442604e+00
4.337000e-05	-9.993785e-03	6.348739e+00
4.338000e-05	-9.212838e-03	6.200898e+00
4.339000e-05	-9.753756e-03	6.063156e+00
4.340000e-05	-9.686543e-03	5.937295e+00
4.341000e-05	-1.171852e-02	5.788895e+00
4.342000e-05	-8.508136e-03	5.609974e+00
4.343000e-05	-7.934428e-03	5.453634e+00
4.344000e-05	-7.930742e-03	5.347182e+00
4.345000e-05	-8.896601e-03	5.120365e+00
4.346000e-05	-8.640769e-03	4.948816e+00
4.347000e-05	-8.950174e-03	4.750345e+00
4.348000e-05	-7.125435e-03	4.611579e+00
4.349000e-05	-8.680150e-03	4.474132e+00
4.350000e-05	-8.150342e-03	4.368847e+00
4.351000e-05	-8.363857e-03	4.139862e+00
4.352000e-05	-6.998962e-03	3.980372e+00
4.353000e-05	-7.002550e-03	3.833553e+00
4.354000e-05	-7.878006e-03	3.685682e+00
4.355000e-05	-9.049326e-03	3.568294e+00
4.356000e-05	-8.027117e-03	3.379392e+00
4.357000e-05	-6.076725e-03	3.209896e+00
4.358000e-05	-5.965803e-03	3.033158e+00
4.359000e-05	-6.567643e-03	2.906208e+00
4.360000e-05	-6.808216e-03	2.779867e+00
4.361000e-05	-7.283019e-03	2.518815e+00
4.362000e-05	-6.396784e-03	2.379419e+00
4.363000e-05	-6.690426e-03	2.210579e+00
4.364000e-05	-7.398088e-03	2.054132e+00
4.365000e-05	-5.963541e-03	1.937316e+00
4.366000e-05	-4.928390e-03	1.709389e+00
4.367000e-05	-5.394014e-03	1.579997e+00
4.368000e-05	-5.640812e-03	1.370072e+00
4.369000e-05	-6.619610e-03	1.221601e+00
4.370000e-05	-6.149655e-03	1.033499e+00
4.371000e-05	-5.167780e-03	8.115527e-01
4.372000e-05	-5.494379e-03	6.547342e-01
4.373000e-05	-5.231670e-03	5.278357e-01
4.374000e-05	-5.044819e-03	3.989174e-01
4.375000e-05	-4.161379e-03	1.599198e-01
4.376000e-05	-3.892611e-03	-1.152775e-02
4.377000e-05	-2.683019e-03	-1.763498e-01
4.378000e-05	2.918929e-03	-3.348209e-01
4.379000e-05	1.149728e-03	-4.505316e-01
4.380000e-05	-9.945963e-04	-6.586341e-01
4.381000e-05	1.388270e-03	-8.204790e-01
4.382000e-05	-2.474268e-03	-9.472710e-01
4.383000e-05	2.493730e-03	-1.102644e+00
4.384000e-05	9.373441e-03	-1.272158e+00
4.385000e-05	1.022475e-01	-1.503141e+00
4.386000e-05	1.764611e-02	-1.733242e+00
4.387000e-05	-4.211513e-02	-1.954871e+00
4.388000e-05	-3.492317e-02	-2.184721e+00
4.389000e-05	-1.314837e-01	-2.333345e+00
4.390000e-05	1.432143e-01	-2.337844e+00
4.391000e-05	-3.799731e-04	-2.491088e+00
4.392000e-05	-1.784592e-01	-2.765370e+00
4.393000e-05	2.129480e-01	-2.780501e+00
4.394000e-05	-6.091714e-02	-2.965671e+00
4.395000e-05	-1.176227e-01	-3.240032e+00
4.396000e-05	1.780029e-01	-3.326171e+00
4.397000e-05	-1.366458e-01	-3.543643e+00
4.398000e-05	-3.109519e-02	-3.651683e+00
4.399000e-05	1.298056e-01	-3.787298e+00
4.400000e-05	-1.245864e-01	-4.057583e+00
4.401000e-05	1.645500e-01	-4.137770e+00
4.402000e-05	-4.370352e-02	-4.323142e+00
4.403000e-05	-8.508310e-02	-4.441539e+00
4.404000e-05	1.333482e-01	-4.618326e+00
4.405000e-05	-1.416244e-01	-4.795329e+00
4.406000e-05	9.149432e-02	-4.956321e+00
4.407000e-05	2.336352e-03	-5.041613e+00
4.408000e-05	-2.688145e-02	-5.282063e+00
4.409000e-05	8.990663e-02	-5.449925e+00
4.410000e-05	-1.012846e-01	-5.626959e+00
4.411000e-05	9.266582e-02	-5.766722e+00
4.412000e-05	-7.339937e-02	-5.902537e+00
4.413000e-05	4.475403e-03	-6.010506e+00
4.414000e-05	8.672535e-02	-6.167325e+00
4.415000e-05	-7.977104e-02	-6.346250e+00
4.416000e-05	1.015646e-01	-6.502664e+00
4.417000e-05	-7.838033e-02	-6.629379e+00
4.418000e-05	4.007028e-02	-6.747846e+00
4.419000e-05	7.597620e-03	-6.884092e+00
4.420000e-05	-3.783800e-02	-7.100983e+00
4.421000e-05	6.248780e-02	-7.210803e+00
4.422000e-05	-5.448642e-02	-7.336245e+00
4.423000e-05	7.740094e-02	-7.472011e+00
4.424000e-05	-3.382312e-02	-7.598804e+00
4.425000e-05	1.677527e-02	-7.768725e+00
4.426000e-05	7.593005e-04	-7.913116e+00
4.427000e-05	-1.648690e-02	-8.061987e+00
4.428000e-05	4.587726e-02	-8.167224e+00
4.429000e-05	-3.126569e-02	-8.322591e+00
4.430000e-05	3.836112e-02	-8.376778e+00
4.431000e-05	-1.749606e-02	-8.484069e+00
4.432000e-05	3.164479e-02	-8.609958e+00
4.433000e-05	4.918834e-04	-8.755174e+00
4.434000e-05	-4.772016e-03	-8.891588e+00
4.435000e-05	8.882356e-03	-8.937749e+00
4.436000e-05	-3.045734e-03	-9.042510e+00
4.437000e-05	2.904935e-02	-9.166198e+00
4.438000e-05	-5.236469e-03	-9.271584e+00
4.439000e-05	1.677896e-02	-9.358752e+00
4.440000e-05	-4.560895e-03	-9.502061e+00
4.441000e-05	1.924727e-02	-9.606250e+00
4.442000e-05	2.716376e-03	-9.673566e+00
4.443000e-05	6.547882e-03	-9.807299e+00
4.444000e-05	4.651583e-03	-9.870504e+00
4.445000e-05	9.229875e-03	-9.904068e+00
4.446000e-05	1.812235e-02	-1.002823e+01
4.447000e-05	3.496666e-03	-1.013414e+01
4.448000e-05	9.994247e-03	-1.016825e+01
4.449000e-05	-1.176466e-03	-1.025241e+01
4.450000e-05	1.677863e-02	-1.036526e+01
4.451000e-05	7.374242e-03	-1.044086e+01
4.452000e-05	1.216838e-02	-1.052667e+01
4.453000e-05	5.054875e-03	-1.057682e+01
4.454000e-05	1.208034e-02	-1.068156e+01
4.455000e-05	1.199405e-02	-1.070404e+01
4.456000e-05	9.350217e-03	-1.076782e+01
4.457000e-05	8.332411e-03	-1.080894e+01
4.458000e-05	6.376214e-03	-1.090462e+01
4.459000e-05	1.675386e-02	-1.091719e+01
4.460000e-05	1.065839e-02	-1.102930e+01
4.461000e-05	1.422834e-02	-1.101284e+01
4.462000e-05	5.080257e-03	-1.110096e+01
4.463000e-05	1.145603e-02	-1.111665e+01
4.464000e-05	1.168664e-02	-1.121991e+01
4.465000e-05	1.345129e-02	-1.122038e+01
4.466000e-05	1.356756e-02	-1.127244e+01
4.467000e-05	1.253475e-02	-1.129356e+01
4.468000e-05	1.696083e-02	-1.134820e+01
4.469000e-05	1.265661e-02	-1.141762e+01
4.470000e-05	1.229020e-02	-1.137980e+01
4.471000e-05	6.819170e-03	-1.145991e+01
4.472000e-05	1.201841e-02	-1.145989e+01
4.473000e-05	1.818251e-02	-1.152249e+01
4.474000e-05	1.938715e-02	-1.152304e+01
4.475000e-05	1.817775e-02	-1.152412e+01
4.476000e-05	1.696551e-02	-1.157728e+01
4.477000e-05	1.596969e-02	-1.156669e+01
4.478000e-05	1.624731e-02	-1.156773e+01
4.479000e-05	1.477649e-02	-1.159930e+01
4.480000e-05	1.474961e-02	-1.161923e+01
4.481000e-05	1.917615e-02	-1.159825e+01
4.482000e-05	2.262626e-02	-1.162076e+01
4.483000e-05	2.510853e-02	-1.160830e+01
4.484000e-05	2.095933e-02	-1.156933e+01
4.485000e-05	2.181423e-02	-1.157725e+01
4.486000e-05	2.111438e-02	-1.156674e+01
4.487000e-05	2.418156e-02	-1.157517e+01
4.488000e-05	2.338452e-02	-1.153614e+01
4.489000e-05	2.483733e-02	-1.151459e+01
4.490000e-05	2.662282e-02	-1.145141e+01
4.491000e-05	2.977416e-02	-1.147091e+01
4.492000e-05	3.117998e-02	-1.141976e+01
4.493000e-05	3.019716e-02	-1.137625e+01
4.494000e-05	2.986652e-02	-1.130666e+01
4.495000e-05	3.216619e-02	-1.130506e+01
4.496000e-05	3.371919e-02	-1.126239e+01
4.497000e-05	3.439477e-02	-1.119091e+01
4.498000e-05	3.708920e-02	-1.115622e+01
4.499000e-05	3.783754e-02	-1.110564e+01
4.500000e-05	4.281537e-02	-1.103048e+01
4.501000e-05	4.317455e-02	-1.098983e+01
4.502000e-05	4.167633e-02	-1.093780e+01
4.503000e-05	4.021067e-02	-1.089466e+01
4.504000e-05	3.864968e-02	-1.083304e+01
4.505000e-05	3.687592e-02	-1.081930e+01
4.506000e-05	3.372947e-02	-1.073667e+01
4.507000e-05	3.315570e-02	-1.068501e+01
4.508000e-05	2.960639e-02	-1.062203e+01
4.509000e-05	2.838174e-02	-1.055732e+01
4.510000e-05	2.559066e-02	-1.054664e+01
4.511000e-05	2.267227e-02	-1.044143e+01
4.512000e-05	1.924136e-02	-1.037572e+01
4.513000e-05	1.834613e-02	-1.024298e+01
4.514000e-05	1.663944e-02	-1.014583e+01
4.515000e-05	1.645052e-02	-1.009459e+01
4.516000e-05	1.536952e-02	-9.999851e+00
4.517000e-05	1.255470e-02	-9.925663e+00
4.518000e-05	1.262784e-02	-9.821954e+00
4.519000e-05	1.110472e-02	-9.747792e+00
4.520000e-05	1.112272e-02	-9.634687e+00
4.521000e-05	8.252932e-03	-9.580825e+00
4.522000e-05	7.927171e-03	-9.484134e+00
4.523000e-05	7.535257e-03	-9.390298e+00
4.524000e-05	8.279422e-03	-9.254132e+00
4.525000e-05	7.679141e-03	-9.166294e+00
4.526000e-05	4.504945e-03	-9.051512e+00
4.527000e-05	5.914911e-03	-8.938268e+00
4.528000e-05	6.101357e-03	-8.841554e+00
4.529000e-05	5.523427e-03	-8.735142e+00
4.530000e-05	3.916775e-03	-8.601353e+00
4.531000e-05	3.493497e-03	-8.515636e+00
4.532000e-05	1.382681e-03	-8.398873e+00
4.533000e-05	3.145267e-03	-8.222558e+00
4.534000e-05	1.717013e-03	-8.168342e+00
4.535000e-05	3.254135e-03	-8.042530e+00
4.536000e-05	2.307867e-03	-7.937163e+00
4.537000e-05	3.589624e-03	-7.709849e+00
4.538000e-05	1.708460e-03	-7.643451e+00
4.539000e-05	4.951319e-04	-7.463183e+00
4.540000e-05	-2.031826e-03	-7.337791e+00
4.541000e-05	-1.055760e-03	-7.251978e+00
4.542000e-05	-6.026841e-04	-7.115112e+00
4.543000e-05	3.860114e-04	-6.896715e+00
4.544000e-05	8.594713e-04	-6.820376e+00
4.545000e-05	-1.970129e-04	-6.673657e+00
4.546000e-05	7.561600e-04	-6.539165e+00
4.547000e-05	-1.733972e-03	-6.420001e+00
4.548000e-05	-1.944805e-03	-6.293633e+00
4.549000e-05	-2.750087e-03	-6.106212e+00
4.550000e-05	-2.500653e-03	-5.956271e+00
4.551000e-05	-3.372466e-03	-5.843049e+00
4.552000e-05	-1.718013e-03	-5.673632e+00
4.553000e-05	-2.738202e-03	-5.546743e+00
4.554000e-05	-1.709315e-03	-5.340267e+00
4.555000e-05	-2.501823e-03	-5.159395e+00
4.556000e-05	-2.740597e-03	-5.030476e+00
4.557000e-05	-4.694910e-03	-4.741970e+00
4.558000e-05	-3.257721e-03	-4.651078e+00
4.559000e-05	-3.822173e-03	-4.486687e+00
4.560000e-05	-2.780973e-03	-4.388951e+00
4.561000e-05	-4.255731e-03	-4.221557e+00
4.562000e-05	-3.944881e-03	-4.095662e+00
4.563000e-05	-4.154245e-03	-3.976918e+00
4.564000e-05	-4.245494e-03	-3.800465e+00
4.565000e-05	-4.832641e-03	-3.569548e+00
4.566000e-05	-4.916545e-03	-3.453106e+00
4.567000e-05	-5.949933e-03	-3.275735e+00
4.568000e-05	-5.370735e-03	-3.146894e+00
4.569000e-05	-5.033164e-03	-2.928815e+00
4.570000e-05	-4.974284e-03	-2.819074e+00
4.571000e-05	-5.984675e-03	-2.632051e+00
4.572000e-05	-6.012946e-03	-2.443158e+00
4.573000e-05	-5.619197e-03	-2.327818e+00
4.574000e-05	-5.434114e-03	-2.107784e+00
4.575000e-05	-5.881963e-03	-1.977944e+00
4.576000e-05	-6.509539e-03	-1.820621e+00
4.577000e-05	-5.736509e-03	-1.642204e+00
4.578000e-05	-6.181459e-03	-1.504237e+00
4.579000e-05	-6.172314e-03	-1.253007e+00
4.580000e-05	-6.946031e-03	-1.086233e+00
4.581000e-05	-6.944262e-03	-9.263169e-01
4.582000e-05	-6.726104e-03	-7.785213e-01
4.583000e-05	-6.497607e-03	-5.494911e-01
4.584000e-05	-7.457658e-03	-4.004961e-01
4.585000e-05	-7.676825e-03	-2.516527e-01
4.586000e-05	-8.077153e-03	-9.476061e-02
4.587000e-05	-3.875450e-03	6.207907e-02
4.588000e-05	1.637728e-03	2.510840e-01
4.589000e-05	-3.646695e-03	4.100275e-01
4.590000e-05	-5.889347e-04	5.563709e-01
4.591000e-05	-2.350400e-03	7.237694e-01
4.592000e-05	-1.672371e-03	8.625290e-01
4.593000e-05	-4.065417e-03	1.101064e+00
4.594000e-05	3.776679e-03	1.242558e+00
4.595000e-05	4.601239e-02	1.408456e+00
4.596000e-05	6.894510e-02	1.692114e+00
4.597000e-05	-4.160405e-02	1.893116e+00
4.598000e-05	-3.863651e-02	2.051054e+00
4.599000e-05	-7.025358e-02	2.168874e+00
4.600000e-05	-7.557565e-02	2.274639e+00
4.601000e-05	1.262669e-01	2.418955e+00
4.602000e-05	-6.748577e-02	2.670057e+00
4.603000e-05	-8.717554e-02	2.778872e+00
4.604000e-05	1.967517e-01	2.905193e+00
4.605000e-05	-9.863400e-02	3.134693e+00
4.606000e-05	-1.765701e-02	3.179926e+00
4.607000e-05	6.958652e-02	3.407377e+00
4.608000e-05	-1.217533e-01	3.578400e+00
4.609000e-05	2.307287e-02	3.745692e+00
4.610000e-05	4.659588e-02	3.934739e+00
4.611000e-05	-3.341134e-02	4.040484e+00
4.612000e-05	5.984681e-02	4.250379e+00
4.613000e-05	-6.241430e-02	4.408905e+00
4.614000e-05	-3.035387e-03	4.535242e+00
4.615000e-05	1.726864e-03	4.734713e+00
4.616000e-05	-3.027385e-02	4.879562e+00
4.617000e-05	1.863453e-02	5.051061e+00
4.618000e-05	-1.678836e-02	5.261058e+00
4.619000e-05	3.192469e-02	5.429876e+00
4.620000e-05	-2.455575e-02	5.566320e+00
4.621000e-05	-7.418451e-03	5.692592e+00
4.622000e-05	2.353532e-03	5.871389e+00
4.623000e-05	-5.261199e-02	6.021883e+00
4.624000e-05	3.336618e-02	6.157192e+00
4.625000e-05	-5.680597e-03	6.291562e+00
4.626000e-05	-6.405513e-03	6.399427e+00
4.627000e-05	-1.901117e-03	6.578298e+00
4.628000e-05	-2.253115e-02	6.743092e+00
4.629000e-05	9.828043e-03	6.893559e+00
4.630000e-05	-2.439236e-02	7.009302e+00
4.631000e-05	6.123673e-04	7.144695e+00
4.632000e-05	-2.034348e-02	7.253012e+00
4.633000e-05	2.291491e-03	7.370360e+00
4.634000e-05	7.433676e-03	7.565647e+00
4.635000e-05	-1.808482e-02	7.703613e+00
4.636000e-05	-9.595555e-03	7.872984e+00
4.637000e-05	-2.210104e-02	7.978273e+00
4.638000e-05	3.312100e-03	8.145696e+00
4.639000e-05	-7.837411e-03	8.281510e+00
4.640000e-05	-8.989764e-03	8.366697e+00
4.641000e-05	-1.334432e-02	8.481486e+00
4.642000e-05	-6.622469e-03	8.577321e+00
4.643000e-05	2.997488e-05	8.662987e+00
4.644000e-05	-1.417047e-02	8.756242e+00
4.645000e-05	-1.643060e-02	8.871911e+00
4.646000e-05	-1.617998e-02	8.987299e+00
4.647000e-05	-3.310268e-03	9.110538e+00
4.648000e-05	-6.271532e-03	9.198253e+00
4.649000e-05	-1.135348e-02	9.304663e+00
4.650000e-05	-1.673681e-02	9.399325e+00
4.651000e-05	-9.935612e-03	9.504538e+00
4.652000e-05	-7.010606e-03	9.598245e+00
4.653000e-05	-1.124790e-02	9.674009e+00
4.654000e-05	-1.580119e-02	9.768274e+00
4.655000e-05	-1.408120e-02	9.840958e+00
4.656000e-05	-6.747336e-03	9.965622e+00
4.657000e-05	-8.785455e-03	1.007883e+01
4.658000e-05	-1.356761e-02	1.011462e+01
4.659000e-05	-2.070140e-02	1.018930e+01
4.660000e-05	-1.396077e-02	1.027244e+01
4.661000e-05	-9.207649e-03	1.038512e+01
4.662000e-05	-1.113955e-02	1.046891e+01
4.663000e-05	-1.775748e-02	1.049412e+01
4.664000e-05	-1.638339e-02	1.058827e+01
4.665000e-05	-1.176116e-02	1.068183e+01
4.666000e-05	-1.237781e-02	1.070502e+01
4.667000e-05	-1.598547e-02	1.081717e+01
4.668000e-05	-2.196300e-02	1.085988e+01
4.669000e-05	-1.579749e-02	1.089464e+01
4.670000e-05	-9.492736e-03	1.092522e+01
4.671000e-05	-1.489145e-02	1.099880e+01
4.672000e-05	-1.803518e-02	1.104088e+01
4.673000e-05	-2.346650e-02	1.112294e+01
4.674000e-05	-1.369130e-02	1.114356e+01
4.675000e-05	-1.522256e-02	1.117877e+01
4.676000e-05	-1.708817e-02	1.127988e+01
4.677000e-05	-2.228087e-02	1.124096e+01
4.678000e-05	-2.028514e-02	1.130194e+01
4.679000e-05	-1.846923e-02	1.128404e+01
4.680000e-05	-1.711922e-02	1.133864e+01
4.681000e-05	-2.288836e-02	1.137670e+01
4.682000e-05	-2.220526e-02	1.137678e+01
4.683000e-05	-1.961555e-02	1.140938e+01
4.684000e-05	-1.605873e-02	1.145188e+01
4.685000e-05	-1.974391e-02	1.146294e+01
4.686000e-05	-2.705369e-02	1.149241e+01
4.687000e-05	-2.622187e-02	1.147399e+01
4.688000e-05	-2.378536e-02	1.150051e+01
4.689000e-05	-2.083883e-02	1.149204e+01
4.690000e-05	-2.548621e-02	1.153396e+01
4.691000e-05	-2.627907e-02	1.152559e+01
4.692000e-05	-2.656301e-02	1.149648e+01
4.693000e-05	-2.399010e-02	1.148394e+01
4.694000e-05	-2.747102e-02	1.151349e+01
4.695000e-05	-3.223111e-02	1.152301e+01
4.696000e-05	-3.236216e-02	1.153498e+01
4.697000e-05	-3.080022e-02	1.144236e+01
4.698000e-05	-2.937659e-02	1.145138e+01
4.699000e-05	-3.428119e-02	1.140030e+01
4.700000e-05	-3.597272e-02	1.137826e+01
4.701000e-05	-3.630101e-02	1.136722e+01
4.702000e-05	-3.340385e-02	1.130714e+01
4.703000e-05	-3.601590e-02	1.130557e+01
4.704000e-05	-3.853983e-02	1.123251e+01
4.705000e-05	-4.268308e-02	1.124145e+01
4.706000e-05	-4.253294e-02	1.119980e+01
4.707000e-05	-4.282321e-02	1.117512e+01
4.708000e-05	-4.765020e-02	1.109459e+01
4.709000e-05	-4.782666e-02	1.107148e+01
4.710000e-05	-4.936865e-02	1.100685e+01
4.711000e-05	-4.429343e-02	1.098877e+01
4.712000e-05	-4.832878e-02	1.089621e+01
4.713000e-05	-4.704004e-02	1.089399e+01
4.714000e-05	-4.966402e-02	1.082983e+01
4.715000e-05	-4.483767e-02	1.078562e+01
4.716000e-05	-4.243744e-02	1.069401e+01
4.717000e-05	-3.937107e-02	1.061033e+01
4.718000e-05	-3.874253e-02	1.052672e+01
4.719000e-05	-3.464478e-02	1.047361e+01
4.720000e-05	-3.029943e-02	1.040083e+01
4.721000e-05	-2.794529e-02	1.029461e+01
4.722000e-05	-2.799444e-02	1.024238e+01
4.723000e-05	-2.800121e-02	1.017927e+01
4.724000e-05	-2.576103e-02	1.011469e+01
4.725000e-05	-2.426538e-02	1.000990e+01
4.726000e-05	-2.235822e-02	9.938691e+00
4.727000e-05	-2.273226e-02	9.871930e+00
4.728000e-05	-2.129688e-02	9.788245e+00
4.729000e-05	-1.980657e-02	9.633503e+00
4.730000e-05	-1.761227e-02	9.577721e+00
4.731000e-05	-1.807959e-02	9.461481e+00
4.732000e-05	-1.867483e-02	9.357720e+00
4.733000e-05	-1.766361e-02	9.264634e+00
4.734000e-05	-1.684125e-02	9.199347e+00
4.735000e-05	-1.656598e-02	9.114005e+00
4.736000e-05	-1.705536e-02	8.948293e+00
4.737000e-05	-1.543371e-02	8.824060e+00
4.738000e-05	-1.425812e-02	8.727239e+00
4.739000e-05	-1.320509e-02	8.621425e+00
4.740000e-05	-1.346324e-02	8.496187e+00
4.741000e-05	-1.321048e-02	8.409503e+00
4.742000e-05	-1.351741e-02	8.345990e+00
4.743000e-05	-1.297812e-02	8.198897e+00
4.744000e-05	-1.295605e-02	8.043483e+00
4.745000e-05	-1.280966e-02	7.936160e+00
4.746000e-05	-1.291550e-02	7.790426e+00
4.747000e-05	-1.119495e-02	7.695080e+00
4.748000e-05	-1.166367e-02	7.538139e+00
4.749000e-05	-1.173323e-02	7.360320e+00
4.750000e-05	-1.036550e-02	7.253003e+00
4.751000e-05	-1.082695e-02	7.115083e+00
4.752000e-05	-1.058225e-02	6.980792e+00
4.753000e-05	-1.192640e-02	6.842978e+00
4.754000e-05	-1.050058e-02	6.717613e+00
4.755000e-05	-9.745370e-03	6.558342e+00
4.756000e-05	-9.904959e-03	6.421526e+00
4.757000e-05	-1.010242e-02	6.295562e+00
4.758000e-05	-1.017233e-02	6.158867e+00
4.759000e-05	-9.089463e-03	6.022052e+00
4.760000e-05	-7.790515e-03	5.946192e+00
4.761000e-05	-9.332873e-03	5.707284e+00
4.762000e-05	-9.896846e-03	5.590345e+00
4.763000e-05	-9.515395e-03	5.420528e+00
4.764000e-05	-8.758338e-03	5.284584e+00
4.765000e-05	-8.340220e-03	5.115163e+00
4.766000e-05	-8.491692e-03	4.857161e+00
4.767000e-05	-8.324112e-03	4.757716e+00
4.768000e-05	-7.725061e-03	4.569898e+00
4.769000e-05	-7.926755e-03	4.462101e+00
4.770000e-05	-8.502314e-03	4.316585e+00
4.771000e-05	-8.008311e-03	4.064710e+00
4.772000e-05	-7.581843e-03	3.937792e+00
4.773000e-05	-6.564331e-03	3.821498e+00
4.774000e-05	-6.348443e-03	3.622654e+00
4.775000e-05	-7.218404e-03	3.537187e+00
4.776000e-05	-6.666863e-03	3.275661e+00
4.777000e-05	-6.826544e-03	3.157823e+00
4.778000e-05	-6.877647e-03	3.009496e+00
4.779000e-05	-7.576005e-03	2.853103e+00
4.780000e-05	-7.111719e-03	2.726739e+00
4.781000e-05	-6.145294e-03	2.447229e+00
4.782000e-05	-5.985414e-03	2.337814e+00
4.783000e-05	-5.645714e-03	2.139970e+00
4.784000e-05	-6.178786e-03	2.032576e+00
4.785000e-05	-6.378397e-03	1.854714e+00
4.786000e-05	-6.289562e-03	1.676204e+00
4.787000e-05	-5.844262e-03	1.477809e+00
4.788000e-05	-5.684814e-03	1.338813e+00
4.789000e-05	-5.998839e-03	1.180399e+00
4.790000e-05	-5.581946e-03	9.273956e-01
4.791000e-05	-5.741895e-03	7.794210e-01
4.792000e-05	-5.340972e-03	6.226263e-01
4.793000e-05	-4.924356e-03	4.651279e-01
4.794000e-05	-4.914413e-03	3.073608e-01
4.795000e-05	-4.314158e-03	1.168068e-01
4.796000e-05	-5.298627e-03	-7.258289e-02
4.797000e-05	2.102430e-04	-1.989803e-01
4.798000e-05	3.521052e-03	-3.679235e-01
4.799000e-05	-2.231266e-03	-5.141656e-01
4.800000e-05	2.734136e-03	-7.258707e-01
4.801000e-05	-4.051909e-04	-8.625866e-01
4.802000e-05	2.591268e-04	-9.884490e-01
4.803000e-05	1.166630e-04	-1.146350e+00
4.804000e-05	2.343447e-02	-1.334248e+00
4.805000e-05	1.125236e-01	-1.536848e+00
4.806000e-05	-3.086803e-02	-1.805324e+00
4.807000e-05	-2.238120e-02	-1.999480e+00
4.808000e-05	-7.004103e-02	-2.258610e+00
4.809000e-05	-7.771402e-02	-2.347797e+00
4.810000e-05	1.730593e-01	-2.398398e+00
4.811000e-05	-1.228553e-01	-2.535699e+00
4.812000e-05	-2.153954e-02	-2.787452e+00
4.813000e-05	2.224600e-01	-2.799505e+00
4.814000e-05	-1.657140e-01	-3.058927e+00
4.815000e-05	1.500974e-02	-3.273612e+00
4.816000e-05	1.181814e-01	-3.355847e+00
4.817000e-05	-1.884828e-01	-3.576374e+00
4.818000e-05	8.610781e-02	-3.684585e+00
4.819000e-05	3.173432e-02	-3.867980e+00
4.820000e-05	-6.744059e-02	-4.090563e+00
4.821000e-05	1.826653e-01	-4.189426e+00
4.822000e-05	-1.483950e-01	-4.354267e+00
4.823000e-05	3.312849e-02	-4.516692e+00
4.824000e-05	5.988751e-02	-4.618957e+00
4.825000e-05	-1.217352e-01	-4.830011e+00
4.826000e-05	1.343009e-01	-4.947876e+00
4.827000e-05	-7.328978e-02	-5.115246e+00
4.828000e-05	5.335661e-02	-5.294242e+00
4.829000e-05	1.699862e-02	-5.491034e+00
4.830000e-05	-5.783910e-02	-5.703087e+00
4.831000e-05	9.541873e-02	-5.777875e+00
4.832000e-05	-1.196063e-01	-5.945242e+00
4.833000e-05	9.155116e-02	-6.073164e+00
4.834000e-05	5.179521e-04	-6.247831e+00
4.835000e-05	-2.679790e-02	-6.408006e+00
4.836000e-05	7.537816e-02	-6.534116e+00
4.837000e-05	-9.031324e-02	-6.702537e+00
4.838000e-05	9.020536e-02	-6.827905e+00
4.839000e-05	-5.194524e-02	-6.967224e+00
4.840000e-05	2.507278e-02	-7.104114e+00
4.841000e-05	1.234406e-02	-7.251983e+00
4.842000e-05	-2.239547e-02	-7.357325e+00
4.843000e-05	6.828057e-02	-7.514641e+00
4.844000e-05	-5.284180e-02	-7.670513e+00
4.845000e-05	4.609443e-02	-7.828907e+00
4.846000e-05	-3.538548e-02	-7.975271e+00
4.847000e-05	2.738526e-02	-8.093643e+00
4.848000e-05	1.363648e-02	-8.186879e+00
4.849000e-05	-1.129981e-02	-8.334191e+00
4.850000e-05	2.699792e-02	-8.428450e+00
4.851000e-05	-1.770791e-02	-8.558173e+00
4.852000e-05	3.946615e-02	-8.680479e+00
4.853000e-05	-1.588537e-02	-8.807801e+00
4.854000e-05	1.373000e-02	-8.894641e+00
4.855000e-05	-6.581008e-03	-9.000375e+00
4.856000e-05	1.307773e-02	-9.133094e+00
4.857000e-05	1.571409e-02	-9.158372e+00
4.858000e-05	3.086627e-04	-9.325089e+00
4.859000e-05	1.210661e-02	-9.409804e+00
4.860000e-05	-2.587851e-03	-9.482539e+00
4.861000e-05	2.090625e-02	-9.599803e+00
4.862000e-05	-1.159711e-03	-9.714092e+00
4.863000e-05	1.150807e-02	-9.777375e+00
4.864000e-05	-1.479259e-03	-9.892509e+00
4.865000e-05	1.626620e-02	-1.000670e+01
4.866000e-05	1.085587e-02	-1.003093e+01
4.867000e-05	8.371020e-03	-1.014609e+01
4.868000e-05	4.549121e-03	-1.019882e+01
4.869000e-05	3.165007e-03	-1.032204e+01
4.870000e-05	1.507446e-02	-1.040772e+01
4.871000e-05	7.545488e-03	-1.048351e+01
4.872000e-05	1.211921e-02	-1.057727e+01
4.873000e-05	3.109799e-03	-1.059838e+01
4.874000e-05	1.399613e-02	-1.068349e+01
4.875000e-05	9.220937e-03	-1.072510e+01
4.876000e-05	1.151057e-02	-1.078640e+01
4.877000e-05	4.422643e-03	-1.083298e+01
4.878000e-05	9.776664e-03	-1.094261e+01
4.879000e-05	1.357963e-02	-1.090674e+01
4.880000e-05	1.279211e-02	-1.100883e+01
4.881000e-05	1.165388e-02	-1.107399e+01
4.882000e-05	6.805344e-03	-1.110404e+01
4.883000e-05	1.286213e-02	-1.120728e+01
4.884000e-05	1.312072e-02	-1.123980e+01
4.885000e-05	1.298958e-02	-1.124151e+01
4.886000e-05	9.598326e-03	-1.131396e+01
4.887000e-05	1.243846e-02	-1.129514e+01
4.888000e-05	1.535966e-02	-1.135924e+01
4.889000e-05	1.471776e-02	-1.139925e+01
4.890000e-05	1.147187e-02	-1.145985e+01
4.891000e-05	1.170869e-02	-1.143988e+01
4.892000e-05	1.554421e-02	-1.146396e+01
4.893000e-05	1.742951e-02	-1.150451e+01
4.894000e-05	1.607759e-02	-1.155504e+01
4.895000e-05	1.393704e-02	-1.156417e+01
4.896000e-05	1.511827e-02	-1.155619e+01
4.897000e-05	1.857340e-02	-1.157679e+01
4.898000e-05	1.902949e-02	-1.161630e+01
4.899000e-05	1.698736e-02	-1.159728e+01
4.900000e-05	1.717251e-02	-1.157935e+01
4.901000e-05	2.042826e-02	-1.159035e+01
4.902000e-05	2.269801e-02	-1.158722e+01
4.903000e-05	2.139115e-02	-1.160773e+01
4.904000e-05	1.973237e-02	-1.159778e+01
4.905000e-05	2.107701e-02	-1.157874e+01
4.906000e-05	2.409106e-02	-1.157705e+01
4.907000e-05	2.578255e-02	-1.151472e+01
4.908000e-05	2.440790e-02	-1.154607e+01
4.909000e-05	2.363682e-02	-1.150346e+01
4.910000e-05	2.699129e-02	-1.148131e+01
4.911000e-05	2.974467e-02	-1.143131e+01
4.912000e-05	2.981385e-02	-1.144875e+01
4.913000e-05	2.887287e-02	-1.137769e+01
4.914000e-05	3.134480e-02	-1.133504e+01
4.915000e-05	3.414628e-02	-1.128396e+01
4.916000e-05	3.498087e-02	-1.124893e+01
4.917000e-05	3.483905e-02	-1.123928e+01
4.918000e-05	3.692373e-02	-1.114712e+01
4.919000e-05	3.929384e-02	-1.110559e+01
4.920000e-05	4.288642e-02	-1.100943e+01
4.921000e-05	4.178922e-02	-1.096675e+01
4.922000e-05	4.058246e-02	-1.091720e+01
4.923000e-05	3.899344e-02	-1.088411e+01
4.924000e-05	3.822374e-02	-1.086190e+01
4.925000e-05	3.802843e-02	-1.079870e+01
4.926000e-05	3.375844e-02	-1.072664e+01
4.927000e-05	3.001777e-02	-1.064249e+01
4.928000e-05	2.880263e-02	-1.059993e+01
4.929000e-05	2.491767e-02	-1.051725e+01
4.930000e-05	2.680739e-02	-1.048306e+01
4.931000e-05	1.906543e-02	-1.041990e+01
4.932000e-05	2.117742e-02	-1.035567e+01
4.933000e-05	1.846097e-02	-1.022183e+01
4.934000e-05	2.062295e-02	-1.012927e+01
4.935000e-05	1.501191e-02	-1.004295e+01
4.936000e-05	1.282382e-02	-1.000724e+01
4.937000e-05	9.039083e-03	-9.885638e+00
4.938000e-05	1.016529e-02	-9.810404e+00
4.939000e-05	1.047046e-02	-9.717815e+00
4.940000e-05	1.218409e-02	-9.662933e+00
4.941000e-05	9.499054e-03	-9.547720e+00
4.942000e-05	1.083315e-02	-9.443957e+00
4.943000e-05	8.779317e-03	-9.338771e+00
4.944000e-05	7.159039e-03	-9.231928e+00
4.945000e-05	3.510804e-03	-9.126663e+00
4.946000e-05	1.738773e-03	-9.029454e+00
4.947000e-05	5.231929e-03	-8.885262e+00
4.948000e-05	7.453552e-03	-8.819930e+00
4.949000e-05	6.738292e-03	-8.705612e+00
4.950000e-05	5.225531e-03	-8.578345e+00
4.951000e-05	3.525643e-03	-8.433581e+00
4.952000e-05	3.732874e-03	-8.315741e+00
4.953000e-05	3.635932e-04	-8.222430e+00
4.954000e-05	2.294020e-03	-8.155687e+00
4.955000e-05	1.287577e-03	-8.001429e+00
4.956000e-05	3.184128e-03	-7.913084e+00
4.957000e-05	1.687780e-03	-7.724688e+00
4.958000e-05	5.667130e-03	-7.590271e+00
4.959000e-05	1.269817e-03	-7.431553e+00
4.960000e-05	-8.062023e-04	-7.326110e+00
4.961000e-05	-2.238079e-03	-7.178352e+00
4.962000e-05	-3.481237e-05	-7.091931e+00
4.963000e-05	1.055208e-03	-6.875215e+00
4.964000e-05	4.767673e-05	-6.777821e+00
4.965000e-05	5.465583e-04	-6.621551e+00
4.966000e-05	-1.186778e-05	-6.525661e+00
4.967000e-05	1.241061e-03	-6.379343e+00
4.968000e-05	-1.794709e-03	-6.221924e+00
4.969000e-05	-2.533518e-03	-6.042580e+00
4.970000e-05	-4.242732e-03	-5.904288e+00
4.971000e-05	-1.865974e-03	-5.779396e+00
4.972000e-05	-1.412963e-03	-5.652078e+00
4.973000e-05	-1.817790e-03	-5.513633e+00
4.974000e-05	-2.922927e-03	-5.275185e+00
4.975000e-05	-2.216259e-03	-5.076260e+00
4.976000e-05	-1.701964e-03	-4.968342e+00
4.977000e-05	-3.493824e-03	-4.699867e+00
4.978000e-05	-3.900714e-03	-4.619024e+00
4.979000e-05	-5.824577e-03	-4.464633e+00
4.980000e-05	-3.127389e-03	-4.357236e+00
4.981000e-05	-3.050017e-03	-4.201025e+00
4.982000e-05	-3.044954e-03	-4.042579e+00
4.983000e-05	-4.057386e-03	-3.907264e+00
4.984000e-05	-4.108110e-03	-3.685712e+00
4.985000e-05	-4.298936e-03	-3.538365e+00
4.986000e-05	-5.195757e-03	-3.409400e+00
4.987000e-05	-5.968873e-03	-3.222130e+00
4.988000e-05	-6.542769e-03	-3.105758e+00
4.989000e-05	-5.033243e-03	-2.865208e+00
4.990000e-05	-5.078579e-03	-2.736841e+00
4.991000e-05	-4.498957e-03	-2.600422e+00
4.992000e-05	-5.767137e-03	-2.401550e+00
4.993000e-05	-5.803336e-03	-2.254201e+00
4.994000e-05	-6.208421e-03	-2.052578e+00
4.995000e-05	-6.021521e-03	-1.887811e+00
4.996000e-05	-7.172569e-03	-1.768871e+00
4.997000e-05	-7.283382e-03	-1.619550e+00
4.998000e-05	-6.210857e-03	-1.363022e+00
4.999000e-05	-5.554507e-03	-1.210473e+00
