# 260826_11:40:07.908139
t	CH1	CH2
0.000000e+00	1.727430e-02	4.928496e+00
1.000000e-08	-1.517671e-02	5.180995e+00
2.000000e-08	6.734689e-03	5.315942e+00
3.000000e-08	1.220927e-02	5.455689e+00
4.000000e-08	-3.744925e-02	5.601551e+00
5.000000e-08	2.336570e-02	5.727018e+00
6.000000e-08	-4.581223e-02	5.948945e+00
7.000000e-08	-2.744595e-03	6.043283e+00
8.000000e-08	2.420042e-02	6.210550e+00
9.000000e-08	-1.828149e-02	6.377918e+00
1.000000e-07	6.380430e-03	6.473813e+00
1.100000e-07	-2.584413e-02	6.642582e+00
1.200000e-07	-2.903084e-03	6.810479e+00
1.300000e-07	-6.034421e-03	6.905393e+00
1.400000e-07	-1.318092e-02	7.044208e+00
1.500000e-07	-4.342031e-03	7.158950e+00
1.600000e-07	-1.865641e-02	7.295818e+00
1.700000e-07	1.555912e-02	7.433837e+00
1.800000e-07	-1.126964e-02	7.612211e+00
1.900000e-07	-1.337289e-02	7.760998e+00
2.000000e-07	-1.623035e-02	7.904994e+00
2.100000e-07	-1.393652e-02	8.053658e+00
2.200000e-07	4.419129e-03	8.149551e+00
2.300000e-07	-1.134518e-02	8.264286e+00
2.400000e-07	-7.236850e-03	8.411503e+00
2.500000e-07	-1.562361e-02	8.474890e+00
2.600000e-07	-1.359309e-03	8.599579e+00
2.700000e-07	-5.791872e-03	8.664339e+00
2.800000e-07	-1.727619e-02	8.789530e+00
2.900000e-07	-1.484696e-02	8.904842e+00
3.000000e-07	-1.308328e-02	9.011177e+00
3.100000e-07	5.145848e-04	9.134822e+00
3.200000e-07	-1.004012e-02	9.223156e+00
3.300000e-07	-1.479530e-02	9.316843e+00
3.400000e-07	-1.660612e-02	9.410581e+00
3.500000e-07	-7.603335e-03	9.516343e+00
3.600000e-07	-8.204132e-03	9.579972e+00
3.700000e-07	-1.358454e-02	9.685869e+00
3.800000e-07	-1.529947e-02	9.769553e+00
3.900000e-07	-1.162573e-02	9.863261e+00
4.000000e-07	-5.156662e-03	9.929572e+00
4.100000e-07	-1.162393e-02	1.006371e+01
4.200000e-07	-1.770828e-02	1.014639e+01
4.300000e-07	-1.990117e-02	1.021055e+01
4.400000e-07	-1.103391e-02	1.025427e+01
4.500000e-07	-8.455481e-03	1.036850e+01
4.600000e-07	-1.436494e-02	1.045174e+01
4.700000e-07	-1.838680e-02	1.050642e+01
4.800000e-07	-1.524678e-02	1.056958e+01
4.900000e-07	-1.011352e-02	1.063316e+01
5.000000e-07	-1.408278e-02	1.070542e+01
5.100000e-07	-1.946541e-02	1.078861e+01
5.200000e-07	-2.114261e-02	1.084471e+01
5.300000e-07	-1.332740e-02	1.089532e+01
5.400000e-07	-1.074788e-02	1.096794e+01
5.500000e-07	-1.610776e-02	1.101060e+01
5.600000e-07	-2.121804e-02	1.100166e+01
5.700000e-07	-2.037016e-02	1.106382e+01
5.800000e-07	-1.358866e-02	1.112534e+01
5.900000e-07	-1.578019e-02	1.112602e+01
6.000000e-07	-2.061862e-02	1.118000e+01
6.100000e-07	-2.243587e-02	1.123123e+01
6.200000e-07	-1.775266e-02	1.123281e+01
6.300000e-07	-1.617249e-02	1.125442e+01
6.400000e-07	-2.050792e-02	1.131689e+01
6.500000e-07	-2.357691e-02	1.137747e+01
6.600000e-07	-2.270792e-02	1.137850e+01
6.700000e-07	-1.797496e-02	1.136050e+01
6.800000e-07	-1.897444e-02	1.141966e+01
6.900000e-07	-2.243148e-02	1.144260e+01
7.000000e-07	-2.556973e-02	1.144173e+01
7.100000e-07	-2.244038e-02	1.143169e+01
7.200000e-07	-2.041654e-02	1.143366e+01
7.300000e-07	-2.402795e-02	1.141116e+01
7.400000e-07	-2.685484e-02	1.144271e+01
7.500000e-07	-2.721093e-02	1.146477e+01
7.600000e-07	-2.389749e-02	1.145518e+01
7.700000e-07	-2.402219e-02	1.144129e+01
7.800000e-07	-2.766642e-02	1.146116e+01
7.900000e-07	-3.030908e-02	1.144076e+01
8.000000e-07	-2.834340e-02	1.139216e+01
8.100000e-07	-2.691377e-02	1.142005e+01
8.200000e-07	-2.978195e-02	1.138802e+01
8.300000e-07	-3.308406e-02	1.133700e+01
8.400000e-07	-3.441788e-02	1.132800e+01
8.500000e-07	-3.141825e-02	1.134384e+01
8.600000e-07	-3.141711e-02	1.128379e+01
8.700000e-07	-3.504955e-02	1.128224e+01
8.800000e-07	-3.479266e-02	1.119010e+01
8.900000e-07	-3.680640e-02	1.114703e+01
9.000000e-07	-3.398887e-02	1.112542e+01
9.100000e-07	-3.793417e-02	1.105476e+01
9.200000e-07	-3.942662e-02	1.101170e+01
9.300000e-07	-4.331371e-02	1.098911e+01
9.400000e-07	-3.985828e-02	1.096838e+01
9.500000e-07	-4.137123e-02	1.092589e+01
9.600000e-07	-4.201832e-02	1.086121e+01
9.700000e-07	-4.663321e-02	1.078850e+01
9.800000e-07	-4.638169e-02	1.073437e+01
9.900000e-07	-4.721572e-02	1.065416e+01
1.000000e-06	-4.783003e-02	1.062003e+01
1.010000e-06	-5.079516e-02	1.053642e+01
1.020000e-06	-5.025169e-02	1.046521e+01
1.030000e-06	-4.939534e-02	1.039655e+01
1.040000e-06	-4.696187e-02	1.030637e+01
1.050000e-06	-4.825546e-02	1.021009e+01
1.060000e-06	-4.762682e-02	1.016950e+01
1.070000e-06	-4.506415e-02	1.008432e+01
1.080000e-06	-4.138914e-02	1.002013e+01
1.090000e-06	-3.829833e-02	9.955423e+00
1.100000e-06	-3.790914e-02	9.860562e+00
1.110000e-06	-3.696358e-02	9.756948e+00
1.120000e-06	-3.350371e-02	9.653733e+00
1.130000e-06	-3.081847e-02	9.554901e+00
1.140000e-06	-3.108905e-02	9.432158e+00
1.150000e-06	-2.962313e-02	9.379001e+00
1.160000e-06	-2.747149e-02	9.323345e+00
1.170000e-06	-2.446161e-02	9.209052e+00
1.180000e-06	-2.381060e-02	9.052165e+00
1.190000e-06	-2.375395e-02	8.958947e+00
1.200000e-06	-2.366020e-02	8.841115e+00
1.210000e-06	-2.054338e-02	8.736843e+00
1.220000e-06	-2.053369e-02	8.620584e+00
1.230000e-06	-1.987564e-02	8.566367e+00
1.240000e-06	-2.005716e-02	8.441130e+00
1.250000e-06	-1.929165e-02	8.305345e+00
1.260000e-06	-1.868373e-02	8.189977e+00
1.270000e-06	-1.806634e-02	8.051811e+00
1.280000e-06	-1.648123e-02	7.925394e+00
1.290000e-06	-1.610487e-02	7.840080e+00
1.300000e-06	-1.514817e-02	7.713817e+00
1.310000e-06	-1.401649e-02	7.575896e+00
1.320000e-06	-1.459341e-02	7.369083e+00
1.330000e-06	-1.416228e-02	7.272685e+00
1.340000e-06	-1.509852e-02	7.135796e+00
1.350000e-06	-1.385758e-02	7.009551e+00
1.360000e-06	-1.316918e-02	6.872715e+00
1.370000e-06	-1.234118e-02	6.756447e+00
1.380000e-06	-1.223046e-02	6.619986e+00
1.390000e-06	-1.128691e-02	6.502685e+00
1.400000e-06	-1.153148e-02	6.305743e+00
1.410000e-06	-1.153098e-02	6.178449e+00
1.420000e-06	-1.154429e-02	6.083135e+00
1.430000e-06	-1.097473e-02	5.934795e+00
1.440000e-06	-1.112150e-02	5.746958e+00
1.450000e-06	-9.678725e-03	5.608001e+00
1.460000e-06	-8.401179e-03	5.472135e+00
1.470000e-06	-9.685413e-03	5.344269e+00
1.480000e-06	-9.853026e-03	5.145367e+00
1.490000e-06	-9.593621e-03	4.926468e+00
1.500000e-06	-8.989208e-03	4.817421e+00
1.510000e-06	-8.954449e-03	4.601032e+00
1.520000e-06	-9.222026e-03	4.493710e+00
1.530000e-06	-8.727115e-03	4.335316e+00
1.540000e-06	-7.628482e-03	4.157348e+00
1.550000e-06	-7.892575e-03	3.998349e+00
1.560000e-06	-7.898958e-03	3.841580e+00
1.570000e-06	-9.150393e-03	3.672688e+00
1.580000e-06	-7.500041e-03	3.566370e+00
1.590000e-06	-7.331574e-03	3.336822e+00
1.600000e-06	-6.633568e-03	3.218426e+00
1.610000e-06	-7.005572e-03	3.050609e+00
1.620000e-06	-6.722940e-03	2.874688e+00
1.630000e-06	-6.737463e-03	2.796320e+00
1.640000e-06	-7.635028e-03	2.544873e+00
1.650000e-06	-7.528566e-03	2.387895e+00
1.660000e-06	-6.689821e-03	2.229454e+00
1.670000e-06	-6.216741e-03	2.073114e+00
1.680000e-06	-6.445314e-03	1.945289e+00
1.690000e-06	-5.230923e-03	1.765794e+00
1.700000e-06	-6.271703e-03	1.587850e+00
1.710000e-06	-5.591448e-03	1.417430e+00
1.720000e-06	-6.388071e-03	1.251080e+00
1.730000e-06	-5.698844e-03	1.039158e+00
1.740000e-06	-5.293069e-03	8.299786e-01
1.750000e-06	-6.007189e-03	6.926316e-01
1.760000e-06	-6.393536e-03	4.926945e-01
1.770000e-06	-5.861668e-03	3.969209e-01
1.780000e-06	-4.339956e-03	1.674995e-01
1.790000e-06	-3.939833e-03	3.002850e-02
1.800000e-06	-3.693714e-03	-1.779936e-01
1.810000e-06	2.853149e-03	-2.983132e-01
1.820000e-06	8.029079e-04	-4.121339e-01
1.830000e-06	1.223486e-03	-6.227065e-01
1.840000e-06	-2.012468e-04	-7.920764e-01
1.850000e-06	-1.304222e-03	-9.784449e-01
1.860000e-06	-1.850256e-03	-1.055811e+00
1.870000e-06	7.507541e-03	-1.282660e+00
1.880000e-06	7.957421e-02	-1.465759e+00
1.890000e-06	4.625048e-02	-1.685787e+00
1.900000e-06	-4.868782e-02	-1.929892e+00
1.910000e-06	-2.246347e-02	-2.089870e+00
1.920000e-06	-1.245896e-01	-2.327866e+00
1.930000e-06	1.022587e-01	-2.390447e+00
1.940000e-06	4.899341e-02	-2.443787e+00
1.950000e-06	-1.899942e-01	-2.707338e+00
1.960000e-06	1.839474e-01	-2.789550e+00
1.970000e-06	6.563387e-03	-2.878874e+00
1.980000e-06	-1.598542e-01	-3.201652e+00
1.990000e-06	1.722002e-01	-3.347343e+00
2.000000e-06	-7.929346e-02	-3.486289e+00
2.010000e-06	-9.119903e-02	-3.642183e+00
2.020000e-06	1.524581e-01	-3.748070e+00
2.030000e-06	-1.149969e-01	-3.982051e+00
2.040000e-06	1.138736e-01	-4.167922e+00
2.050000e-06	2.376510e-02	-4.233688e+00
2.060000e-06	-1.314453e-01	-4.481683e+00
2.070000e-06	1.424809e-01	-4.527476e+00
2.080000e-06	-1.135340e-01	-4.758422e+00
2.090000e-06	5.078565e-02	-4.906891e+00
2.100000e-06	4.233952e-02	-5.033660e+00
2.110000e-06	-6.696576e-02	-5.233260e+00
2.120000e-06	1.153771e-01	-5.402102e+00
2.130000e-06	-9.828437e-02	-5.609623e+00
2.140000e-06	6.750200e-02	-5.737466e+00
2.150000e-06	-2.261525e-02	-5.834161e+00
2.160000e-06	-4.751598e-02	-5.983155e+00
2.170000e-06	1.195993e-01	-6.116022e+00
2.180000e-06	-9.284893e-02	-6.347890e+00
2.190000e-06	8.516203e-02	-6.463286e+00
2.200000e-06	-4.411956e-02	-6.610551e+00
2.210000e-06	2.521152e-03	-6.718422e+00
2.220000e-06	5.337522e-02	-6.872843e+00
2.230000e-06	-6.685634e-02	-7.045233e+00
2.240000e-06	7.657602e-02	-7.201526e+00
2.250000e-06	-5.831314e-02	-7.327943e+00
2.260000e-06	6.512067e-02	-7.452709e+00
2.270000e-06	-1.130610e-02	-7.601051e+00
2.280000e-06	-9.100616e-03	-7.789052e+00
2.290000e-06	2.901583e-02	-7.876890e+00
2.300000e-06	-3.705720e-02	-8.053231e+00
2.310000e-06	5.972666e-02	-8.158421e+00
2.320000e-06	-3.376644e-02	-8.244210e+00
2.330000e-06	3.339456e-02	-8.367974e+00
2.340000e-06	-1.135566e-02	-8.445317e+00
2.350000e-06	1.737549e-02	-8.602079e+00
2.360000e-06	1.616776e-02	-8.726447e+00
2.370000e-06	-1.412131e-02	-8.874235e+00
2.380000e-06	1.944616e-02	-8.938473e+00
2.390000e-06	-1.225933e-02	-9.032660e+00
2.400000e-06	3.392869e-02	-9.137044e+00
2.410000e-06	-5.866523e-03	-9.264210e+00
2.420000e-06	1.562900e-02	-9.298473e+00
2.430000e-06	-2.968484e-03	-9.431682e+00
2.440000e-06	1.242884e-02	-9.547450e+00
2.450000e-06	8.826480e-03	-9.663292e+00
2.460000e-06	2.616224e-03	-9.727995e+00
2.470000e-06	1.004733e-02	-9.831209e+00
2.480000e-06	4.026282e-03	-9.905339e+00
2.490000e-06	2.284943e-02	-9.960080e+00
2.500000e-06	1.961586e-03	-1.006484e+01
2.510000e-06	1.172942e-02	-1.016855e+01
2.520000e-06	-3.447176e-03	-1.023526e+01
2.530000e-06	1.334115e-02	-1.028642e+01
2.540000e-06	1.054485e-02	-1.043161e+01
2.550000e-06	7.551906e-03	-1.052587e+01
2.560000e-06	9.430215e-03	-1.059893e+01
2.570000e-06	7.117786e-03	-1.064168e+01
2.580000e-06	1.737999e-02	-1.065386e+01
2.590000e-06	8.401830e-03	-1.071903e+01
2.600000e-06	1.164081e-02	-1.082956e+01
2.610000e-06	4.387194e-03	-1.087424e+01
2.620000e-06	1.471125e-02	-1.087494e+01
2.630000e-06	1.031420e-02	-1.095906e+01
2.640000e-06	1.051875e-02	-1.101018e+01
2.650000e-06	6.423766e-03	-1.104429e+01
2.660000e-06	1.095629e-02	-1.109387e+01
2.670000e-06	1.623589e-02	-1.115848e+01
2.680000e-06	1.534584e-02	-1.122171e+01
2.690000e-06	1.389647e-02	-1.121319e+01
2.700000e-06	9.459629e-03	-1.128382e+01
2.710000e-06	1.369086e-02	-1.127590e+01
2.720000e-06	1.155939e-02	-1.135840e+01
2.730000e-06	1.299671e-02	-1.141795e+01
2.740000e-06	1.156206e-02	-1.135968e+01
2.750000e-06	1.515372e-02	-1.139179e+01
2.760000e-06	1.960471e-02	-1.147279e+01
2.770000e-06	1.849400e-02	-1.151189e+01
2.780000e-06	1.612464e-02	-1.153739e+01
2.790000e-06	1.278872e-02	-1.151498e+01
2.800000e-06	1.458498e-02	-1.152650e+01
2.810000e-06	1.634602e-02	-1.152955e+01
2.820000e-06	1.767538e-02	-1.150763e+01
2.830000e-06	1.848115e-02	-1.158858e+01
2.840000e-06	1.973701e-02	-1.155710e+01
2.850000e-06	2.257030e-02	-1.155908e+01
2.860000e-06	2.144299e-02	-1.155800e+01
2.870000e-06	2.004015e-02	-1.157845e+01
2.880000e-06	1.780365e-02	-1.154697e+01
2.890000e-06	2.042638e-02	-1.153603e+01
2.900000e-06	2.275992e-02	-1.151690e+01
2.910000e-06	2.481538e-02	-1.145395e+01
2.920000e-06	2.437993e-02	-1.146282e+01
2.930000e-06	2.526218e-02	-1.145179e+01
2.940000e-06	2.589513e-02	-1.134768e+01
2.950000e-06	2.622003e-02	-1.139898e+01
2.960000e-06	2.575832e-02	-1.133495e+01
2.970000e-06	2.440416e-02	-1.131622e+01
2.980000e-06	2.766136e-02	-1.124430e+01
2.990000e-06	2.957912e-02	-1.123121e+01
3.000000e-06	3.048809e-02	-1.122967e+01
3.010000e-06	3.063493e-02	-1.112547e+01
3.020000e-06	3.069528e-02	-1.114337e+01
3.030000e-06	3.302855e-02	-1.104214e+01
3.040000e-06	3.486156e-02	-1.099958e+01
3.050000e-06	3.490226e-02	-1.092645e+01
3.060000e-06	3.537104e-02	-1.089574e+01
3.070000e-06	3.621922e-02	-1.086121e+01
3.080000e-06	3.909200e-02	-1.077853e+01
3.090000e-06	3.988495e-02	-1.077445e+01
3.100000e-06	3.993536e-02	-1.069182e+01
3.110000e-06	4.096628e-02	-1.062064e+01
3.120000e-06	4.185986e-02	-1.054898e+01
3.130000e-06	4.200222e-02	-1.050432e+01
3.140000e-06	4.089459e-02	-1.042966e+01
3.150000e-06	3.834383e-02	-1.031280e+01
3.160000e-06	3.689752e-02	-1.024169e+01
3.170000e-06	3.579830e-02	-1.016945e+01
3.180000e-06	3.387418e-02	-1.014284e+01
3.190000e-06	3.132788e-02	-9.998604e+00
3.200000e-06	2.913535e-02	-9.894443e+00
3.210000e-06	2.827915e-02	-9.802034e+00
3.220000e-06	2.511054e-02	-9.777448e+00
3.230000e-06	2.227415e-02	-9.673287e+00
3.240000e-06	2.055538e-02	-9.568029e+00
3.250000e-06	2.072821e-02	-9.433764e+00
3.260000e-06	1.733896e-02	-9.388007e+00
3.270000e-06	1.643174e-02	-9.302238e+00
3.280000e-06	1.543873e-02	-9.167450e+00
3.290000e-06	1.523868e-02	-9.020110e+00
3.300000e-06	1.342914e-02	-8.945502e+00
3.310000e-06	1.287013e-02	-8.850683e+00
3.320000e-06	1.208832e-02	-8.736368e+00
3.330000e-06	1.024867e-02	-8.630056e+00
3.340000e-06	9.327613e-03	-8.515214e+00
3.350000e-06	7.506753e-03	-8.356974e+00
3.360000e-06	8.517041e-03	-8.271161e+00
3.370000e-06	8.379724e-03	-8.175973e+00
3.380000e-06	6.688765e-03	-8.061213e+00
3.390000e-06	6.112354e-03	-7.923843e+00
3.400000e-06	6.928871e-03	-7.746430e+00
3.410000e-06	5.233189e-03	-7.618685e+00
3.420000e-06	5.157257e-03	-7.491714e+00
3.430000e-06	2.716212e-03	-7.347398e+00
3.440000e-06	2.826335e-03	-7.250107e+00
3.450000e-06	4.514193e-03	-7.122793e+00
3.460000e-06	4.358278e-03	-6.956401e+00
3.470000e-06	3.002551e-03	-6.799580e+00
3.480000e-06	1.769285e-03	-6.673213e+00
3.490000e-06	2.316065e-03	-6.557449e+00
3.500000e-06	2.425927e-03	-6.439630e+00
3.510000e-06	1.536393e-03	-6.281713e+00
3.520000e-06	-6.162164e-04	-6.124816e+00
3.530000e-06	2.667766e-04	-5.976898e+00
3.540000e-06	8.278585e-04	-5.830555e+00
3.550000e-06	1.009309e-03	-5.714690e+00
3.560000e-06	-6.891504e-04	-5.566372e+00
3.570000e-06	-1.417017e-03	-5.346001e+00
3.580000e-06	-1.247837e-03	-5.227475e+00
3.590000e-06	-3.199507e-04	-5.008130e+00
3.600000e-06	-1.925573e-03	-4.848635e+00
3.610000e-06	-2.310687e-03	-4.681480e+00
3.620000e-06	-2.003277e-03	-4.515242e+00
3.630000e-06	-1.934754e-03	-4.397450e+00
3.640000e-06	-2.199286e-03	-4.241608e+00
3.650000e-06	-3.255128e-03	-4.092846e+00
3.660000e-06	-3.646579e-03	-3.968018e+00
3.670000e-06	-3.511471e-03	-3.788976e+00
3.680000e-06	-3.618021e-03	-3.578481e+00
3.690000e-06	-4.103200e-03	-3.451605e+00
3.700000e-06	-3.735711e-03	-3.333818e+00
3.710000e-06	-4.519216e-03	-3.196897e+00
3.720000e-06	-4.356162e-03	-2.956001e+00
3.730000e-06	-3.964044e-03	-2.798952e+00
3.740000e-06	-4.946114e-03	-2.662586e+00
3.750000e-06	-6.339161e-03	-2.490638e+00
3.760000e-06	-4.453920e-03	-2.363892e+00
3.770000e-06	-4.774560e-03	-2.156846e+00
3.780000e-06	-7.111736e-03	-1.977000e+00
3.790000e-06	-7.409949e-03	-1.790634e+00
3.800000e-06	-5.702120e-03	-1.653633e+00
3.810000e-06	-4.780381e-03	-1.503269e+00
3.820000e-06	-4.969520e-03	-1.283164e+00
3.830000e-06	-5.838982e-03	-1.104242e+00
3.840000e-06	-6.416485e-03	-9.174710e-01
3.850000e-06	-6.713615e-03	-8.000248e-01
3.860000e-06	-6.336818e-03	-6.265022e-01
3.870000e-06	-7.725631e-03	-4.300000e-01
3.880000e-06	-8.136870e-03	-2.826329e-01
3.890000e-06	-7.645155e-03	-1.248420e-01
3.900000e-06	-2.333635e-03	3.060514e-02
3.910000e-06	2.355228e-03	2.231829e-01
3.920000e-06	-3.131779e-03	3.810501e-01
3.930000e-06	-5.162841e-04	5.479631e-01
3.940000e-06	-2.194907e-03	6.672842e-01
3.950000e-06	-1.905254e-03	8.025776e-01
3.960000e-06	-2.947762e-03	1.012626e+00
3.970000e-06	1.365138e-03	1.221049e+00
3.980000e-06	3.521306e-02	1.359995e+00
3.990000e-06	7.917974e-02	1.616079e+00
4.000000e-06	-3.117530e-02	1.844708e+00
4.010000e-06	-3.879511e-02	2.000050e+00
4.020000e-06	-5.878594e-02	2.138970e+00
4.030000e-06	-8.286672e-02	2.253758e+00
4.040000e-06	1.037977e-01	2.370946e+00
4.050000e-06	-2.375082e-02	2.592146e+00
4.060000e-06	-1.289576e-01	2.748947e+00
4.070000e-06	1.903272e-01	2.845737e+00
4.080000e-06	-6.400533e-02	3.083288e+00
4.090000e-06	-5.408939e-02	3.159500e+00
4.100000e-06	9.284819e-02	3.367997e+00
4.110000e-06	-1.108189e-01	3.570423e+00
4.120000e-06	-3.934477e-03	3.685263e+00
4.130000e-06	6.591311e-02	3.874860e+00
4.140000e-06	-4.445191e-02	4.021653e+00
4.150000e-06	5.088516e-02	4.150051e+00
4.160000e-06	-4.161378e-02	4.389997e+00
4.170000e-06	-2.132193e-02	4.465891e+00
4.180000e-06	1.836700e-02	4.664284e+00
4.190000e-06	-3.728885e-02	4.843208e+00
4.200000e-06	2.431005e-02	5.022158e+00
4.210000e-06	-2.266742e-02	5.192053e+00
4.220000e-06	2.430148e-02	5.399996e+00
4.230000e-06	-1.153573e-02	5.516337e+00
4.240000e-06	-2.237583e-02	5.614664e+00
4.250000e-06	1.530922e-02	5.792131e+00
4.260000e-06	-5.495666e-02	5.981020e+00
4.270000e-06	2.699498e-02	6.094816e+00
4.280000e-06	3.259051e-03	6.233205e+00
4.290000e-06	-1.222615e-02	6.370999e+00
4.300000e-06	2.409981e-03	6.517944e+00
4.310000e-06	-2.812435e-02	6.664287e+00
4.320000e-06	9.637656e-03	6.823183e+00
4.330000e-06	-2.070906e-02	6.968422e+00
4.340000e-06	-7.121281e-04	7.073289e+00
4.350000e-06	-1.650336e-02	7.201100e+00
4.360000e-06	-3.915271e-03	7.378531e+00
4.370000e-06	1.117574e-02	7.474395e+00
4.380000e-06	-1.938263e-02	7.695208e+00
4.390000e-06	-1.187438e-02	7.780632e+00
4.400000e-06	-2.094607e-02	7.947499e+00
4.410000e-06	-2.051502e-03	8.105413e+00
4.420000e-06	-3.354177e-03	8.221503e+00
4.430000e-06	-9.498755e-03	8.276868e+00
4.440000e-06	-1.146682e-02	8.420607e+00
4.450000e-06	-1.067351e-02	8.537445e+00
4.460000e-06	-9.411187e-04	8.631604e+00
4.470000e-06	-1.334963e-02	8.706816e+00
4.480000e-06	-1.820498e-02	8.820207e+00
4.490000e-06	-1.513095e-02	8.917921e+00
4.500000e-06	-5.995561e-03	9.043654e+00
4.510000e-06	-3.663867e-03	9.146422e+00
4.520000e-06	-1.191442e-02	9.263185e+00
4.530000e-06	-1.511256e-02	9.338420e+00
4.540000e-06	-1.223597e-02	9.422688e+00
4.550000e-06	-7.025084e-03	9.504921e+00
4.560000e-06	-1.182218e-02	9.592179e+00
4.570000e-06	-1.441307e-02	9.718368e+00
4.580000e-06	-1.311322e-02	9.810630e+00
4.590000e-06	-8.653711e-03	9.915318e+00
4.600000e-06	-8.695544e-03	1.001113e+01
4.610000e-06	-1.404349e-02	1.010477e+01
4.620000e-06	-1.884430e-02	1.012705e+01
4.630000e-06	-1.451744e-02	1.019160e+01
4.640000e-06	-9.298558e-03	1.027687e+01
4.650000e-06	-9.713963e-03	1.039108e+01
4.660000e-06	-1.637363e-02	1.046276e+01
4.670000e-06	-1.647391e-02	1.052890e+01
4.680000e-06	-1.382815e-02	1.061103e+01
4.690000e-06	-1.303351e-02	1.063324e+01
4.700000e-06	-1.537054e-02	1.073645e+01
4.710000e-06	-1.926993e-02	1.080858e+01
4.720000e-06	-1.584546e-02	1.082324e+01
4.730000e-06	-1.096304e-02	1.094692e+01
4.740000e-06	-1.273542e-02	1.096792e+01
4.750000e-06	-1.758110e-02	1.098050e+01
4.760000e-06	-2.091201e-02	1.103366e+01
4.770000e-06	-1.891778e-02	1.107421e+01
4.780000e-06	-1.488782e-02	1.112632e+01
4.790000e-06	-1.767540e-02	1.115795e+01
4.800000e-06	-2.009009e-02	1.120166e+01
4.810000e-06	-1.945312e-02	1.124024e+01
4.820000e-06	-1.710332e-02	1.132376e+01
4.830000e-06	-1.589183e-02	1.129682e+01
4.840000e-06	-2.144402e-02	1.130737e+01
4.850000e-06	-2.235339e-02	1.132752e+01
4.860000e-06	-2.107778e-02	1.136843e+01
4.870000e-06	-1.767502e-02	1.138898e+01
4.880000e-06	-2.011911e-02	1.140121e+01
4.890000e-06	-2.428432e-02	1.135216e+01
4.900000e-06	-2.421465e-02	1.141116e+01
4.910000e-06	-2.201168e-02	1.145316e+01
4.920000e-06	-2.088284e-02	1.143269e+01
4.930000e-06	-2.463222e-02	1.144326e+01
4.940000e-06	-2.603950e-02	1.148271e+01
4.950000e-06	-2.546861e-02	1.146213e+01
4.960000e-06	-2.388870e-02	1.144271e+01
4.970000e-06	-2.656412e-02	1.143272e+01
4.980000e-06	-2.906756e-02	1.142114e+01
4.990000e-06	-3.019995e-02	1.146274e+01
5.000000e-06	-2.854133e-02	1.140203e+01
5.010000e-06	-2.802505e-02	1.137004e+01
5.020000e-06	-3.116133e-02	1.136998e+01
5.030000e-06	-3.304108e-02	1.135545e+01
5.040000e-06	-3.237286e-02	1.131497e+01
5.050000e-06	-3.157791e-02	1.128435e+01
5.060000e-06	-3.252015e-02	1.128226e+01
5.070000e-06	-3.580628e-02	1.123013e+01
5.080000e-06	-3.706397e-02	1.119908e+01
5.090000e-06	-3.670720e-02	1.116650e+01
5.100000e-06	-3.655435e-02	1.110434e+01
5.110000e-06	-3.929873e-02	1.104174e+01
5.120000e-06	-3.939941e-02	1.101061e+01
5.130000e-06	-4.259478e-02	1.097898e+01
5.140000e-06	-3.830694e-02	1.090535e+01
5.150000e-06	-4.254804e-02	1.090329e+01
5.160000e-06	-4.378623e-02	1.085068e+01
5.170000e-06	-4.823275e-02	1.077605e+01
5.180000e-06	-4.719811e-02	1.069390e+01
5.190000e-06	-4.881873e-02	1.064217e+01
5.200000e-06	-4.788761e-02	1.056850e+01
5.210000e-06	-5.110003e-02	1.050492e+01
5.220000e-06	-4.981023e-02	1.045121e+01
5.230000e-06	-4.852311e-02	1.037645e+01
5.240000e-06	-4.654637e-02	1.030416e+01
5.250000e-06	-4.692980e-02	1.021155e+01
5.260000e-06	-4.729568e-02	1.014587e+01
5.270000e-06	-4.373270e-02	1.006374e+01
5.280000e-06	-4.143305e-02	1.001858e+01
5.290000e-06	-3.827916e-02	9.894293e+00
5.300000e-06	-3.824144e-02	9.769535e+00
5.310000e-06	-3.532271e-02	9.724871e+00
5.320000e-06	-3.261550e-02	9.592085e+00
5.330000e-06	-2.939958e-02	9.524845e+00
5.340000e-06	-2.899876e-02	9.421107e+00
5.350000e-06	-2.844272e-02	9.336302e+00
5.360000e-06	-2.696908e-02	9.282661e+00
5.370000e-06	-2.380666e-02	9.124021e+00
5.380000e-06	-2.352858e-02	9.021637e+00
5.390000e-06	-2.342914e-02	8.936348e+00
5.400000e-06	-2.367125e-02	8.848109e+00
5.410000e-06	-2.099309e-02	8.684771e+00
5.420000e-06	-1.976882e-02	8.609579e+00
5.430000e-06	-1.896792e-02	8.543266e+00
5.440000e-06	-1.823474e-02	8.378553e+00
5.450000e-06	-1.818293e-02	8.283067e+00
5.460000e-06	-1.739171e-02	8.147342e+00
5.470000e-06	-1.732585e-02	8.021055e+00
5.480000e-06	-1.710080e-02	7.894733e+00
5.490000e-06	-1.561185e-02	7.758450e+00
5.500000e-06	-1.612196e-02	7.702709e+00
5.510000e-06	-1.413148e-02	7.505348e+00
5.520000e-06	-1.436739e-02	7.357948e+00
5.530000e-06	-1.378556e-02	7.240104e+00
5.540000e-06	-1.328193e-02	7.084187e+00
5.550000e-06	-1.352832e-02	6.946949e+00
5.560000e-06	-1.318837e-02	6.860631e+00
5.570000e-06	-1.249394e-02	6.713792e+00
5.580000e-06	-1.258568e-02	6.577874e+00
5.590000e-06	-1.233845e-02	6.388052e+00
5.600000e-06	-1.260997e-02	6.281731e+00
5.610000e-06	-1.089521e-02	6.145849e+00
5.620000e-06	-1.070795e-02	6.069576e+00
5.630000e-06	-1.051625e-02	5.831712e+00
5.640000e-06	-1.073605e-02	5.685244e+00
5.650000e-06	-1.041103e-02	5.546324e+00
5.660000e-06	-1.053674e-02	5.419481e+00
5.670000e-06	-1.035589e-02	5.248709e+00
5.680000e-06	-9.735656e-03	5.081763e+00
5.690000e-06	-1.022500e-02	4.893668e+00
5.700000e-06	-9.134665e-03	4.704793e+00
5.710000e-06	-1.026435e-02	4.548422e+00
5.720000e-06	-1.019191e-02	4.440108e+00
5.730000e-06	-9.538972e-03	4.274214e+00
5.740000e-06	-8.219403e-03	4.143688e+00
5.750000e-06	-8.009822e-03	3.945271e+00
5.760000e-06	-7.493186e-03	3.787473e+00
5.770000e-06	-8.896181e-03	3.650610e+00
5.780000e-06	-7.956914e-03	3.504738e+00
5.790000e-06	-8.583181e-03	3.303268e+00
5.800000e-06	-8.387139e-03	3.136296e+00
5.810000e-06	-8.097645e-03	2.998897e+00
5.820000e-06	-7.251375e-03	2.861480e+00
5.830000e-06	-7.007152e-03	2.675239e+00
5.840000e-06	-6.493775e-03	2.523138e+00
5.850000e-06	-5.895465e-03	2.334342e+00
5.860000e-06	-5.970803e-03	2.187873e+00
5.870000e-06	-7.398245e-03	2.030549e+00
5.880000e-06	-7.945812e-03	1.900706e+00
5.890000e-06	-6.334795e-03	1.684588e+00
5.900000e-06	-5.206167e-03	1.525239e+00
5.910000e-06	-5.911884e-03	1.337843e+00
5.920000e-06	-6.896056e-03	1.197921e+00
5.930000e-06	-5.910754e-03	9.667697e-01
5.940000e-06	-4.817136e-03	7.689459e-01
5.950000e-06	-4.139185e-03	6.399511e-01
5.960000e-06	-5.507299e-03	4.625827e-01
5.970000e-06	-5.359346e-03	3.238659e-01
5.980000e-06	-4.189906e-03	1.041904e-01
5.990000e-06	-4.196836e-03	-2.518046e-02
6.000000e-06	-1.644079e-03	-1.800990e-01
6.010000e-06	2.181725e-03	-3.589661e-01
6.020000e-06	-1.762767e-03	-4.257632e-01
6.030000e-06	3.127687e-03	-7.468360e-01
6.040000e-06	1.069487e-03	-8.336815e-01
6.050000e-06	4.455940e-04	-9.815738e-01
6.060000e-06	-9.445343e-05	-1.137966e+00
6.070000e-06	1.765906e-02	-1.276970e+00
6.080000e-06	1.084843e-01	-1.495341e+00
6.090000e-06	-9.971116e-03	-1.750493e+00
6.100000e-06	-3.138711e-02	-1.981025e+00
6.110000e-06	-5.437679e-02	-2.182623e+00
6.120000e-06	-9.980318e-02	-2.358395e+00
6.130000e-06	1.645525e-01	-2.368447e+00
6.140000e-06	-6.791111e-02	-2.548394e+00
6.150000e-06	-9.699826e-02	-2.748969e+00
6.160000e-06	2.080617e-01	-2.810004e+00
6.170000e-06	-1.252941e-01	-2.983179e+00
6.180000e-06	-5.184933e-02	-3.294254e+00
6.190000e-06	1.538763e-01	-3.349476e+00
6.200000e-06	-1.655858e-01	-3.527442e+00
6.210000e-06	3.058929e-02	-3.634282e+00
6.220000e-06	8.341551e-02	-3.771682e+00
6.230000e-06	-1.024005e-01	-4.044831e+00
6.240000e-06	1.727188e-01	-4.169949e+00
6.250000e-06	-9.594877e-02	-4.318970e+00
6.260000e-06	-2.230895e-02	-4.444768e+00
6.270000e-06	1.000559e-01	-4.593654e+00
6.280000e-06	-1.371778e-01	-4.841649e+00
6.290000e-06	1.239255e-01	-4.977896e+00
6.300000e-06	-4.622194e-02	-5.076418e+00
6.310000e-06	6.882536e-03	-5.286291e+00
6.320000e-06	6.496233e-02	-5.434187e+00
6.330000e-06	-9.588336e-02	-5.664262e+00
6.340000e-06	1.096335e-01	-5.790973e+00
6.350000e-06	-1.013742e-01	-5.886921e+00
6.360000e-06	5.311855e-02	-6.073256e+00
6.370000e-06	4.837403e-02	-6.201081e+00
6.380000e-06	-6.427810e-02	-6.381101e+00
6.390000e-06	9.488970e-02	-6.475918e+00
6.400000e-06	-9.574353e-02	-6.664183e+00
6.410000e-06	6.892471e-02	-6.779052e+00
6.420000e-06	-1.927140e-02	-6.917495e+00
6.430000e-06	-7.479577e-03	-7.096792e+00
6.440000e-06	4.556118e-02	-7.171658e+00
6.450000e-06	-4.494492e-02	-7.357449e+00
6.460000e-06	7.901213e-02	-7.465311e+00
6.470000e-06	-5.224889e-02	-7.623158e+00
6.480000e-06	3.089752e-02	-7.809603e+00
6.490000e-06	-1.517189e-02	-7.988394e+00
6.500000e-06	1.658697e-03	-8.073739e+00
6.510000e-06	3.746216e-02	-8.168101e+00
6.520000e-06	-2.602406e-02	-8.285342e+00
6.530000e-06	4.046502e-02	-8.360126e+00
6.540000e-06	-2.352257e-02	-8.515947e+00
6.550000e-06	3.892631e-02	-8.652135e+00
6.560000e-06	-1.014533e-02	-8.760028e+00
6.570000e-06	3.626319e-03	-8.875366e+00
6.580000e-06	2.780237e-03	-8.967549e+00
6.590000e-06	2.744887e-03	-9.085763e+00
6.600000e-06	2.714739e-02	-9.147622e+00
6.610000e-06	-5.874227e-03	-9.294839e+00
6.620000e-06	1.770944e-02	-9.388551e+00
6.630000e-06	-6.832307e-03	-9.492662e+00
6.640000e-06	2.185229e-02	-9.570578e+00
6.650000e-06	1.566290e-03	-9.694339e+00
6.660000e-06	1.165993e-02	-9.759051e+00
6.670000e-06	1.763656e-03	-9.842235e+00
6.680000e-06	9.502801e-03	-9.916971e+00
6.690000e-06	1.766333e-02	-9.960130e+00
6.700000e-06	6.274370e-03	-1.008690e+01
6.710000e-06	8.992373e-03	-1.016050e+01
6.720000e-06	-1.471920e-03	-1.027536e+01
6.730000e-06	1.715695e-02	-1.034800e+01
6.740000e-06	8.796494e-03	-1.043324e+01
6.750000e-06	1.517942e-02	-1.051792e+01
6.760000e-06	2.873112e-03	-1.058148e+01
6.770000e-06	1.180885e-02	-1.063369e+01
6.780000e-06	1.148944e-02	-1.068434e+01
6.790000e-06	1.216220e-02	-1.075752e+01
6.800000e-06	7.158917e-03	-1.080113e+01
6.810000e-06	6.423737e-03	-1.090277e+01
6.820000e-06	1.509138e-02	-1.092597e+01
6.830000e-06	1.302180e-02	-1.096953e+01
6.840000e-06	1.383667e-02	-1.104318e+01
6.850000e-06	6.426119e-03	-1.111432e+01
6.860000e-06	1.083437e-02	-1.108702e+01
6.870000e-06	1.397307e-02	-1.118960e+01
6.880000e-06	1.485170e-02	-1.119174e+01
6.890000e-06	1.059120e-02	-1.125379e+01
6.900000e-06	1.053031e-02	-1.130487e+01
6.910000e-06	1.456682e-02	-1.132545e+01
6.920000e-06	1.543132e-02	-1.132005e+01
6.930000e-06	1.296621e-02	-1.136806e+01
6.940000e-06	1.083340e-02	-1.145926e+01
6.950000e-06	1.429539e-02	-1.140368e+01
6.960000e-06	1.735283e-02	-1.148234e+01
6.970000e-06	1.741110e-02	-1.149386e+01
6.980000e-06	1.529702e-02	-1.147647e+01
6.990000e-06	1.435566e-02	-1.152650e+01
7.000000e-06	1.648238e-02	-1.152850e+01
7.010000e-06	1.785931e-02	-1.155950e+01
7.020000e-06	1.726220e-02	-1.155750e+01
7.030000e-06	1.449708e-02	-1.157810e+01
7.040000e-06	1.917448e-02	-1.156853e+01
7.050000e-06	1.887526e-02	-1.156766e+01
7.060000e-06	2.296573e-02	-1.159860e+01
7.070000e-06	1.880885e-02	-1.155751e+01
7.080000e-06	1.891366e-02	-1.151750e+01
7.090000e-06	2.301898e-02	-1.156553e+01
7.100000e-06	2.452223e-02	-1.154244e+01
7.110000e-06	2.477760e-02	-1.149486e+01
7.120000e-06	1.949291e-02	-1.145284e+01
7.130000e-06	2.008716e-02	-1.146922e+01
7.140000e-06	2.578661e-02	-1.140120e+01
7.150000e-06	2.584668e-02	-1.136813e+01
7.160000e-06	3.029076e-02	-1.133683e+01
7.170000e-06	2.379459e-02	-1.131279e+01
7.180000e-06	3.243976e-02	-1.127314e+01
7.190000e-06	3.119092e-02	-1.121161e+01
7.200000e-06	3.067963e-02	-1.114945e+01
7.210000e-06	2.853902e-02	-1.110540e+01
7.220000e-06	2.535312e-02	-1.109281e+01
7.230000e-06	3.191732e-02	-1.104919e+01
7.240000e-06	3.423594e-02	-1.097850e+01
7.250000e-06	3.661951e-02	-1.091597e+01
7.260000e-06	3.959608e-02	-1.082424e+01
7.270000e-06	3.973711e-02	-1.082966e+01
7.280000e-06	4.272638e-02	-1.079853e+01
7.290000e-06	4.098988e-02	-1.071580e+01
7.300000e-06	3.661390e-02	-1.064269e+01
7.310000e-06	3.838252e-02	-1.058005e+01
7.320000e-06	3.871613e-02	-1.051742e+01
7.330000e-06	4.458700e-02	-1.046471e+01
7.340000e-06	4.274685e-02	-1.035760e+01
7.350000e-06	4.032313e-02	-1.030237e+01
7.360000e-06	3.953720e-02	-1.021158e+01
7.370000e-06	3.578672e-02	-1.015942e+01
7.380000e-06	3.362719e-02	-1.006119e+01
7.390000e-06	2.798311e-02	-9.967955e+00
7.400000e-06	2.624552e-02	-9.892762e+00
7.410000e-06	2.717489e-02	-9.798629e+00
7.420000e-06	2.609143e-02	-9.725898e+00
7.430000e-06	2.424224e-02	-9.673213e+00
7.440000e-06	2.137806e-02	-9.545896e+00
7.450000e-06	2.039907e-02	-9.431709e+00
7.460000e-06	1.757099e-02	-9.367400e+00
7.470000e-06	1.636628e-02	-9.219477e+00
7.480000e-06	1.360269e-02	-9.106322e+00
7.490000e-06	1.361724e-02	-9.009579e+00
7.500000e-06	1.338147e-02	-8.923817e+00
7.510000e-06	1.572898e-02	-8.819128e+00
7.520000e-06	1.054728e-02	-8.675318e+00
7.530000e-06	1.003524e-02	-8.559476e+00
7.540000e-06	5.802467e-03	-8.462613e+00
7.550000e-06	8.117380e-03	-8.336320e+00
7.560000e-06	6.315400e-03	-8.221156e+00
7.570000e-06	6.897952e-03	-8.116290e+00
7.580000e-06	6.554253e-03	-8.017530e+00
7.590000e-06	8.082511e-03	-7.882663e+00
7.600000e-06	7.384425e-03	-7.714948e+00
7.610000e-06	6.378642e-03	-7.556976e+00
7.620000e-06	3.312912e-03	-7.461638e+00
7.630000e-06	4.143617e-04	-7.356272e+00
7.640000e-06	2.116196e-03	-7.217451e+00
7.650000e-06	2.576871e-03	-7.040714e+00
7.660000e-06	3.015675e-03	-6.914843e+00
7.670000e-06	2.342169e-03	-6.786496e+00
7.680000e-06	3.852737e-03	-6.641105e+00
7.690000e-06	3.212767e-03	-6.484839e+00
7.700000e-06	2.639198e-03	-6.408550e+00
7.710000e-06	-2.141695e-03	-6.229683e+00
7.720000e-06	-1.253337e-03	-6.062163e+00
7.730000e-06	-1.644086e-03	-5.905818e+00
7.740000e-06	-9.790355e-04	-5.786950e+00
7.750000e-06	6.076172e-04	-5.662684e+00
7.760000e-06	9.610772e-04	-5.503244e+00
7.770000e-06	-3.315955e-04	-5.353263e+00
7.780000e-06	5.331855e-04	-5.095298e+00
7.790000e-06	-1.358137e-03	-4.986924e+00
7.800000e-06	-2.667426e-03	-4.766372e+00
7.810000e-06	-3.708216e-03	-4.630576e+00
7.820000e-06	-3.174952e-03	-4.482262e+00
7.830000e-06	-1.987325e-03	-4.316796e+00
7.840000e-06	-3.110904e-03	-4.218508e+00
7.850000e-06	-3.901591e-03	-4.062183e+00
7.860000e-06	-2.672608e-03	-3.934267e+00
7.870000e-06	-2.468227e-03	-3.726348e+00
7.880000e-06	-2.819395e-03	-3.556921e+00
7.890000e-06	-3.839768e-03	-3.400580e+00
7.900000e-06	-4.097598e-03	-3.251633e+00
7.910000e-06	-4.953513e-03	-3.133413e+00
7.920000e-06	-4.967457e-03	-2.902269e+00
7.930000e-06	-5.317259e-03	-2.786897e+00
7.940000e-06	-5.361223e-03	-2.579005e+00
7.950000e-06	-4.536683e-03	-2.401059e+00
7.960000e-06	-3.662557e-03	-2.312283e+00
7.970000e-06	-4.003339e-03	-2.072615e+00
7.980000e-06	-5.062079e-03	-1.944820e+00
7.990000e-06	-5.420538e-03	-1.787375e+00
8.000000e-06	-6.854922e-03	-1.640028e+00
8.010000e-06	-6.501773e-03	-1.469208e+00
8.020000e-06	-6.755950e-03	-1.221056e+00
8.030000e-06	-6.095638e-03	-1.070588e+00
8.040000e-06	-5.626949e-03	-8.827419e-01
8.050000e-06	-5.736735e-03	-7.773710e-01
8.060000e-06	-5.163886e-03	-5.563407e-01
8.070000e-06	-6.619055e-03	-3.694199e-01
8.080000e-06	-6.535288e-03	-2.099825e-01
8.090000e-06	-6.647878e-03	-1.031292e-01
8.100000e-06	-3.552922e-03	6.371284e-02
8.110000e-06	1.034720e-03	3.052607e-01
8.120000e-06	-1.319502e-03	4.116565e-01
8.130000e-06	6.433835e-04	6.005449e-01
8.140000e-06	-3.484263e-03	7.072637e-01
8.150000e-06	-3.843387e-03	8.657380e-01
8.160000e-06	-3.107556e-03	1.126285e+00
8.170000e-06	8.785425e-03	1.264233e+00
8.180000e-06	6.002326e-02	1.415181e+00
8.190000e-06	5.266931e-02	1.718887e+00
8.200000e-06	-5.060810e-02	1.906915e+00
8.210000e-06	-3.329606e-02	2.033154e+00
8.220000e-06	-8.229113e-02	2.159996e+00
8.230000e-06	-4.106412e-02	2.285311e+00
8.240000e-06	1.251320e-01	2.422756e+00
8.250000e-06	-1.259840e-01	2.655283e+00
8.260000e-06	-4.269828e-03	2.789498e+00
8.270000e-06	1.494002e-01	2.940445e+00
8.280000e-06	-1.206216e-01	3.146390e+00
8.290000e-06	2.846076e-02	3.221605e+00
8.300000e-06	3.618825e-02	3.423178e+00
8.310000e-06	-1.184583e-01	3.610526e+00
8.320000e-06	5.430337e-02	3.728420e+00
8.330000e-06	1.328878e-02	3.986917e+00
8.340000e-06	-2.213163e-02	4.024683e+00
8.350000e-06	5.042835e-02	4.193780e+00
8.360000e-06	-7.194458e-02	4.400571e+00
8.370000e-06	1.993952e-02	4.539475e+00
8.380000e-06	-1.481797e-02	4.705921e+00
8.390000e-06	-1.169559e-02	4.835789e+00
8.400000e-06	1.121750e-02	5.096788e+00
8.410000e-06	-1.392819e-02	5.255239e+00
8.420000e-06	2.424643e-02	5.423128e+00
8.430000e-06	-3.338682e-02	5.567898e+00
8.440000e-06	3.947699e-03	5.655261e+00
8.450000e-06	-9.476365e-03	5.884187e+00
8.460000e-06	-4.047678e-02	6.022128e+00
8.470000e-06	3.622978e-02	6.158369e+00
8.480000e-06	-1.357782e-02	6.276311e+00
8.490000e-06	9.592837e-04	6.403104e+00
8.500000e-06	-9.900195e-03	6.570551e+00
8.510000e-06	-2.125003e-02	6.747894e+00
8.520000e-06	7.830517e-03	6.874813e+00
8.530000e-06	-2.335955e-02	7.001056e+00
8.540000e-06	4.002620e-03	7.106366e+00
8.550000e-06	-2.412465e-02	7.266785e+00
8.560000e-06	9.040913e-03	7.392153e+00
8.570000e-06	1.283434e-03	7.579907e+00
8.580000e-06	-1.657185e-02	7.686368e+00
8.590000e-06	-1.031436e-02	7.892738e+00
8.600000e-06	-2.118285e-02	7.971100e+00
8.610000e-06	4.711275e-03	8.117348e+00
8.620000e-06	-9.619501e-03	8.242710e+00
8.630000e-06	-6.551395e-03	8.346895e+00
8.640000e-06	-1.501249e-02	8.443712e+00
8.650000e-06	-6.330160e-03	8.559025e+00
8.660000e-06	-9.922166e-04	8.652658e+00
8.670000e-06	-1.571861e-02	8.727971e+00
8.680000e-06	-1.517505e-02	8.824709e+00
8.690000e-06	-1.613800e-02	8.998451e+00
8.700000e-06	-9.979578e-04	9.114842e+00
8.710000e-06	-6.781930e-03	9.179052e+00
8.720000e-06	-1.116294e-02	9.254293e+00
8.730000e-06	-1.647103e-02	9.380500e+00
8.740000e-06	-9.598453e-03	9.444739e+00
8.750000e-06	-8.426333e-03	9.547574e+00
8.760000e-06	-1.305558e-02	9.622737e+00
8.770000e-06	-1.524374e-02	9.709001e+00
8.780000e-06	-1.366539e-02	9.822580e+00
8.790000e-06	-5.983683e-03	9.966521e+00
8.800000e-06	-1.041691e-02	1.002263e+01
8.810000e-06	-1.363158e-02	1.010687e+01
8.820000e-06	-1.930678e-02	1.017948e+01
8.830000e-06	-1.346182e-02	1.023279e+01
8.840000e-06	-1.114620e-02	1.029695e+01
8.850000e-06	-1.290418e-02	1.041013e+01
8.860000e-06	-1.661844e-02	1.048382e+01
8.870000e-06	-1.501163e-02	1.056848e+01
8.880000e-06	-1.165769e-02	1.061016e+01
8.890000e-06	-1.227671e-02	1.071424e+01
8.900000e-06	-1.690554e-02	1.073905e+01
8.910000e-06	-2.095453e-02	1.082271e+01
8.920000e-06	-1.455324e-02	1.087334e+01
8.930000e-06	-1.225454e-02	1.091739e+01
8.940000e-06	-1.501406e-02	1.098848e+01
8.950000e-06	-1.983448e-02	1.100163e+01
8.960000e-06	-2.123957e-02	1.104373e+01
8.970000e-06	-1.642312e-02	1.105489e+01
8.980000e-06	-1.480672e-02	1.110740e+01
8.990000e-06	-1.883601e-02	1.118807e+01
9.000000e-06	-2.039120e-02	1.119010e+01
9.010000e-06	-1.858860e-02	1.125476e+01
9.020000e-06	-1.667915e-02	1.124579e+01
9.030000e-06	-1.872145e-02	1.129589e+01
9.040000e-06	-2.341996e-02	1.126590e+01
9.050000e-06	-2.469258e-02	1.134852e+01
9.060000e-06	-2.040109e-02	1.136067e+01
9.070000e-06	-1.797912e-02	1.136106e+01
9.080000e-06	-2.045783e-02	1.143063e+01
9.090000e-06	-2.371214e-02	1.145273e+01
9.100000e-06	-2.287504e-02	1.144318e+01
9.110000e-06	-2.098150e-02	1.143174e+01
9.120000e-06	-2.286394e-02	1.148362e+01
9.130000e-06	-2.771364e-02	1.143274e+01
9.140000e-06	-2.684830e-02	1.146366e+01
9.150000e-06	-2.529634e-02	1.145319e+01
9.160000e-06	-2.330617e-02	1.146121e+01
9.170000e-06	-2.606062e-02	1.147271e+01
9.180000e-06	-3.025004e-02	1.142158e+01
9.190000e-06	-2.970205e-02	1.142066e+01
9.200000e-06	-2.651277e-02	1.142013e+01
9.210000e-06	-2.817600e-02	1.137005e+01
9.220000e-06	-3.169563e-02	1.136997e+01
9.230000e-06	-3.478194e-02	1.133798e+01
9.240000e-06	-3.238508e-02	1.132590e+01
9.250000e-06	-3.168290e-02	1.131286e+01
9.260000e-06	-3.409493e-02	1.123121e+01
9.270000e-06	-3.704542e-02	1.121111e+01
9.280000e-06	-3.647078e-02	1.119605e+01
9.290000e-06	-3.442827e-02	1.113582e+01
9.300000e-06	-3.577928e-02	1.108376e+01
9.310000e-06	-3.875014e-02	1.105223e+01
9.320000e-06	-4.078483e-02	1.100858e+01
9.330000e-06	-4.061166e-02	1.095743e+01
9.340000e-06	-3.940862e-02	1.093590e+01
9.350000e-06	-4.350588e-02	1.087369e+01
9.360000e-06	-4.582214e-02	1.077908e+01
9.370000e-06	-4.760190e-02	1.073702e+01
9.380000e-06	-4.614478e-02	1.066327e+01
9.390000e-06	-4.772466e-02	1.060058e+01
9.400000e-06	-4.928710e-02	1.054798e+01
9.410000e-06	-4.997598e-02	1.050537e+01
9.420000e-06	-4.937806e-02	1.041011e+01
9.430000e-06	-4.720086e-02	1.034497e+01
9.440000e-06	-4.724830e-02	1.026269e+01
9.450000e-06	-4.711456e-02	1.018760e+01
9.460000e-06	-4.669010e-02	1.016632e+01
9.470000e-06	-4.305670e-02	1.005166e+01
9.480000e-06	-4.069766e-02	9.975525e+00
9.490000e-06	-3.819990e-02	9.851211e+00
9.500000e-06	-3.760275e-02	9.788057e+00
9.510000e-06	-3.347422e-02	9.674364e+00
9.520000e-06	-3.123550e-02	9.607504e+00
9.530000e-06	-2.952288e-02	9.463320e+00
9.540000e-06	-2.897435e-02	9.388052e+00
9.550000e-06	-2.939104e-02	9.315291e+00
9.560000e-06	-2.718964e-02	9.212652e+00
9.570000e-06	-2.530489e-02	9.083820e+00
9.580000e-06	-2.417205e-02	8.990056e+00
9.590000e-06	-2.391453e-02	8.874818e+00
9.600000e-06	-2.090939e-02	8.797980e+00
9.610000e-06	-1.966637e-02	8.683211e+00
9.620000e-06	-1.877511e-02	8.566900e+00
9.630000e-06	-2.038556e-02	8.492663e+00
9.640000e-06	-2.005160e-02	8.325974e+00
9.650000e-06	-1.968572e-02	8.240659e+00
9.660000e-06	-1.762416e-02	8.114242e+00
9.670000e-06	-1.725028e-02	7.958955e+00
9.680000e-06	-1.693707e-02	7.871756e+00
9.690000e-06	-1.567295e-02	7.735396e+00
9.700000e-06	-1.413512e-02	7.639656e+00
9.710000e-06	-1.362905e-02	7.472614e+00
9.720000e-06	-1.502766e-02	7.307242e+00
9.730000e-06	-1.532778e-02	7.177976e+00
9.740000e-06	-1.439800e-02	7.071609e+00
9.750000e-06	-1.273984e-02	6.894324e+00
9.760000e-06	-1.339176e-02	6.789027e+00
9.770000e-06	-1.306488e-02	6.659664e+00
9.780000e-06	-1.246389e-02	6.525173e+00
9.790000e-06	-1.035710e-02	6.368374e+00
9.800000e-06	-1.059645e-02	6.230108e+00
9.810000e-06	-1.075647e-02	6.094317e+00
9.820000e-06	-1.118096e-02	5.996925e+00
9.830000e-06	-1.137317e-02	5.789106e+00
9.840000e-06	-1.091073e-02	5.653139e+00
9.850000e-06	-1.037630e-02	5.513263e+00
9.860000e-06	-1.055781e-02	5.376501e+00
9.870000e-06	-1.005446e-02	5.229954e+00
9.880000e-06	-1.022009e-02	5.019480e+00
9.890000e-06	-8.106920e-03	4.830006e+00
9.900000e-06	-8.174283e-03	4.683189e+00
9.910000e-06	-8.331407e-03	4.534292e+00
9.920000e-06	-9.197645e-03	4.418501e+00
9.930000e-06	-8.373195e-03	4.209455e+00
9.940000e-06	-8.009334e-03	4.040034e+00
9.950000e-06	-8.130946e-03	3.904735e+00
9.960000e-06	-9.238908e-03	3.774847e+00
9.970000e-06	-8.117147e-03	3.611499e+00
9.980000e-06	-7.493300e-03	3.440606e+00
9.990000e-06	-6.059197e-03	3.250657e+00
1.000000e-05	-7.027202e-03	3.103265e+00
1.001000e-05	-6.699243e-03	2.924793e+00
1.002000e-05	-6.599055e-03	2.850524e+00
1.003000e-05	-6.640163e-03	2.668507e+00
1.004000e-05	-7.038969e-03	2.421030e+00
1.005000e-05	-7.531627e-03	2.262662e+00
1.006000e-05	-7.839230e-03	2.093718e+00
1.007000e-05	-5.755344e-03	1.997923e+00
1.008000e-05	-5.165196e-03	1.839959e+00
1.009000e-05	-6.025356e-03	1.628153e+00
1.010000e-05	-5.554361e-03	1.472157e+00
1.011000e-05	-5.711021e-03	1.282188e+00
1.012000e-05	-4.704408e-03	1.124742e+00
1.013000e-05	-5.332368e-03	8.826853e-01
1.014000e-05	-6.385681e-03	7.247206e-01
1.015000e-05	-6.338480e-03	5.963523e-01
1.016000e-05	-6.158054e-03	4.309775e-01
1.017000e-05	-5.556888e-03	2.216063e-01
1.018000e-05	-4.632029e-03	3.053257e-02
1.019000e-05	-5.164282e-03	-9.483329e-02
1.020000e-05	1.588265e-03	-2.337555e-01
1.021000e-05	4.446976e-03	-3.995188e-01
1.022000e-05	-1.848825e-04	-5.399698e-01
1.023000e-05	1.226560e-03	-7.689173e-01
1.024000e-05	-5.467485e-04	-9.368119e-01
1.025000e-05	-5.065977e-04	-1.033154e+00
1.026000e-05	4.824091e-04	-1.181598e+00
1.027000e-05	3.704785e-02	-1.372094e+00
1.028000e-05	1.014931e-01	-1.563124e+00
1.029000e-05	-4.432553e-02	-1.834708e+00
1.030000e-05	-1.474983e-02	-2.043304e+00
1.031000e-05	-9.454146e-02	-2.296787e+00
1.032000e-05	-1.963578e-02	-2.388520e+00
1.033000e-05	1.470801e-01	-2.381029e+00
1.034000e-05	-1.649365e-01	-2.614131e+00
1.035000e-05	5.064495e-02	-2.781046e+00
1.036000e-05	1.573874e-01	-2.823159e+00
1.037000e-05	-1.914500e-01	-3.127938e+00
1.038000e-05	8.191365e-02	-3.265213e+00
1.039000e-05	6.207671e-02	-3.423150e+00
1.040000e-05	-1.781207e-01	-3.611576e+00
1.041000e-05	1.282273e-01	-3.725286e+00
1.042000e-05	-2.383143e-02	-3.886816e+00
1.043000e-05	-1.358015e-02	-4.116391e+00
1.044000e-05	1.466706e-01	-4.212625e+00
1.045000e-05	-1.648737e-01	-4.401999e+00
1.046000e-05	8.645202e-02	-4.514866e+00
1.047000e-05	-2.852086e-03	-4.666360e+00
1.048000e-05	-7.552095e-02	-4.913311e+00
1.049000e-05	1.263965e-01	-5.011080e+00
1.050000e-05	-9.466842e-02	-5.151525e+00
1.051000e-05	8.877884e-02	-5.326938e+00
1.052000e-05	-2.305068e-02	-5.508843e+00
1.053000e-05	-2.506164e-02	-5.694836e+00
1.054000e-05	7.551640e-02	-5.771550e+00
1.055000e-05	-1.192220e-01	-5.958996e+00
1.056000e-05	1.199097e-01	-6.096317e+00
1.057000e-05	-3.947437e-02	-6.302258e+00
1.058000e-05	9.668126e-03	-6.421684e+00
1.059000e-05	4.706366e-02	-6.536472e+00
1.060000e-05	-7.853045e-02	-6.715887e+00
1.061000e-05	9.676650e-02	-6.781206e+00
1.062000e-05	-7.141320e-02	-6.988553e+00
1.063000e-05	5.187889e-02	-7.128898e+00
1.064000e-05	-1.283811e-02	-7.275361e+00
1.065000e-05	1.973951e-03	-7.410130e+00
1.066000e-05	5.150318e-02	-7.517371e+00
1.067000e-05	-5.291214e-02	-7.705890e+00
1.068000e-05	5.395700e-02	-7.862708e+00
1.069000e-05	-4.595240e-02	-8.000651e+00
1.070000e-05	4.466791e-02	-8.125393e+00
1.071000e-05	-2.290333e-03	-8.202156e+00
1.072000e-05	2.771211e-03	-8.335446e+00
1.073000e-05	2.058577e-02	-8.411810e+00
1.074000e-05	-1.333091e-02	-8.579075e+00
1.075000e-05	3.947051e-02	-8.636359e+00
1.076000e-05	-2.350087e-02	-8.832706e+00
1.077000e-05	2.061695e-02	-8.886442e+00
1.078000e-05	-1.120231e-02	-9.020131e+00
1.079000e-05	2.234495e-02	-9.124892e+00
1.080000e-05	9.531176e-03	-9.169080e+00
1.081000e-05	4.033175e-03	-9.335998e+00
1.082000e-05	1.081216e-02	-9.400603e+00
1.083000e-05	8.476162e-04	-9.487416e+00
1.084000e-05	1.930628e-02	-9.611160e+00
1.085000e-05	-3.010426e-03	-9.695891e+00
1.086000e-05	1.386630e-02	-9.789529e+00
1.087000e-05	-1.713348e-03	-9.882662e+00
1.088000e-05	2.035268e-02	-9.958373e+00
1.089000e-05	6.535749e-03	-1.008117e+01
1.090000e-05	1.018594e-02	-1.015842e+01
1.091000e-05	2.898308e-03	-1.019168e+01
1.092000e-05	7.077951e-03	-1.028639e+01
1.093000e-05	1.538933e-02	-1.037953e+01
1.094000e-05	8.310059e-03	-1.047434e+01
1.095000e-05	1.191929e-02	-1.052798e+01
1.096000e-05	3.093082e-03	-1.060058e+01
1.097000e-05	1.491694e-02	-1.066179e+01
1.098000e-05	6.881935e-03	-1.071697e+01
1.099000e-05	1.261563e-02	-1.078968e+01
1.100000e-05	4.643727e-03	-1.085324e+01
1.101000e-05	1.268185e-02	-1.093537e+01
1.102000e-05	1.453092e-02	-1.093802e+01
1.103000e-05	1.361069e-02	-1.101063e+01
1.104000e-05	1.121946e-02	-1.105279e+01
1.105000e-05	6.303724e-03	-1.107487e+01
1.106000e-05	1.265680e-02	-1.116893e+01
1.107000e-05	1.215191e-02	-1.113858e+01
1.108000e-05	1.339028e-02	-1.125219e+01
1.109000e-05	9.796050e-03	-1.128629e+01
1.110000e-05	1.307873e-02	-1.130684e+01
1.111000e-05	1.547428e-02	-1.137745e+01
1.112000e-05	1.633911e-02	-1.134707e+01
1.113000e-05	1.158130e-02	-1.139020e+01
1.114000e-05	1.188183e-02	-1.137869e+01
1.115000e-05	1.598101e-02	-1.144233e+01
1.116000e-05	1.748512e-02	-1.144342e+01
1.117000e-05	1.579875e-02	-1.147490e+01
1.118000e-05	1.322940e-02	-1.149647e+01
1.119000e-05	1.556517e-02	-1.155543e+01
1.120000e-05	1.929387e-02	-1.153910e+01
1.121000e-05	1.951818e-02	-1.154550e+01
1.122000e-05	1.691580e-02	-1.157803e+01
1.123000e-05	1.665450e-02	-1.159705e+01
1.124000e-05	2.051554e-02	-1.157818e+01
1.125000e-05	2.112623e-02	-1.158755e+01
1.126000e-05	1.977307e-02	-1.160655e+01
1.127000e-05	1.895961e-02	-1.155707e+01
1.128000e-05	2.144615e-02	-1.157452e+01
1.129000e-05	2.328396e-02	-1.152492e+01
1.130000e-05	2.331032e-02	-1.150442e+01
1.131000e-05	2.350389e-02	-1.143594e+01
1.132000e-05	2.432476e-02	-1.141229e+01
1.133000e-05	2.658770e-02	-1.143913e+01
1.134000e-05	2.761132e-02	-1.138956e+01
1.135000e-05	2.643502e-02	-1.137545e+01
1.136000e-05	2.558425e-02	-1.131587e+01
1.137000e-05	2.617037e-02	-1.130382e+01
1.138000e-05	2.906981e-02	-1.127158e+01
1.139000e-05	2.973713e-02	-1.119913e+01
1.140000e-05	2.996284e-02	-1.117650e+01
1.141000e-05	3.006943e-02	-1.110597e+01
1.142000e-05	3.319812e-02	-1.106129e+01
1.143000e-05	3.416172e-02	-1.102070e+01
1.144000e-05	3.513234e-02	-1.098652e+01
1.145000e-05	3.504061e-02	-1.088539e+01
1.146000e-05	3.541076e-02	-1.086271e+01
1.147000e-05	3.807565e-02	-1.079966e+01
1.148000e-05	3.981154e-02	-1.078697e+01
1.149000e-05	4.021584e-02	-1.071384e+01
1.150000e-05	4.144822e-02	-1.063161e+01
1.151000e-05	4.184255e-02	-1.061850e+01
1.152000e-05	4.315033e-02	-1.050494e+01
1.153000e-05	4.160308e-02	-1.042074e+01
1.154000e-05	3.953661e-02	-1.042603e+01
1.155000e-05	3.756690e-02	-1.026334e+01
1.156000e-05	3.644218e-02	-1.019848e+01
1.157000e-05	3.425473e-02	-1.012692e+01
1.158000e-05	3.267390e-02	-1.006068e+01
1.159000e-05	2.966295e-02	-9.967452e+00
1.160000e-05	2.767424e-02	-9.881165e+00
1.161000e-05	2.647731e-02	-9.797980e+00
1.162000e-05	2.517366e-02	-9.683768e+00
1.163000e-05	2.226209e-02	-9.640634e+00
1.164000e-05	1.861280e-02	-9.534942e+00
1.165000e-05	1.868570e-02	-9.379560e+00
1.166000e-05	1.628578e-02	-9.325794e+00
1.167000e-05	1.713676e-02	-9.210482e+00
1.168000e-05	1.337747e-02	-9.064244e+00
1.169000e-05	1.317453e-02	-9.007452e+00
1.170000e-05	1.227865e-02	-8.892314e+00
1.171000e-05	1.322135e-02	-8.797025e+00
1.172000e-05	1.028592e-02	-8.671688e+00
1.173000e-05	9.789970e-03	-8.565900e+00
1.174000e-05	6.477819e-03	-8.421134e+00
1.175000e-05	8.916320e-03	-8.344317e+00
1.176000e-05	6.455120e-03	-8.178505e+00
1.177000e-05	8.609835e-03	-8.122239e+00
1.178000e-05	6.244783e-03	-7.997400e+00
1.179000e-05	8.047724e-03	-7.870638e+00
1.180000e-05	4.914598e-03	-7.671789e+00
1.181000e-05	5.031508e-03	-7.515396e+00
1.182000e-05	3.596310e-03	-7.378054e+00
1.183000e-05	3.253010e-03	-7.282642e+00
1.184000e-05	3.924365e-03	-7.154944e+00
1.185000e-05	2.723377e-03	-7.008606e+00
1.186000e-05	3.945687e-03	-6.853637e+00
1.187000e-05	3.451444e-03	-6.725346e+00
1.188000e-05	2.966906e-03	-6.579977e+00
1.189000e-05	6.402999e-04	-6.463660e+00
1.190000e-05	9.298064e-04	-6.334345e+00
1.191000e-05	5.654873e-04	-6.196576e+00
1.192000e-05	2.025963e-03	-6.039001e+00
1.193000e-05	-1.791405e-05	-5.874664e+00
1.194000e-05	7.885882e-04	-5.754347e+00
1.195000e-05	9.725368e-04	-5.618427e+00
1.196000e-05	-1.534022e-05	-5.450159e+00
1.197000e-05	-1.843970e-03	-5.300689e+00
1.198000e-05	-1.739441e-03	-5.113188e+00
1.199000e-05	-2.269638e-03	-4.901869e+00
1.200000e-05	-1.442053e-03	-4.703742e+00
1.201000e-05	-1.580479e-03	-4.558396e+00
1.202000e-05	-1.393536e-03	-4.441584e+00
1.203000e-05	-1.783047e-03	-4.282763e+00
1.204000e-05	-3.366934e-03	-4.187924e+00
1.205000e-05	-3.597055e-03	-4.049055e+00
1.206000e-05	-3.980430e-03	-3.882659e+00
1.207000e-05	-4.224194e-03	-3.691660e+00
1.208000e-05	-3.686427e-03	-3.495317e+00
1.209000e-05	-2.925206e-03	-3.377397e+00
1.210000e-05	-3.547152e-03	-3.230980e+00
1.211000e-05	-3.321990e-03	-3.038537e+00
1.212000e-05	-4.708083e-03	-2.841081e+00
1.213000e-05	-5.721037e-03	-2.713691e+00
1.214000e-05	-6.281789e-03	-2.557370e+00
1.215000e-05	-5.402499e-03	-2.399873e+00
1.216000e-05	-4.684359e-03	-2.248952e+00
1.217000e-05	-5.144883e-03	-2.040556e+00
1.218000e-05	-5.677374e-03	-1.863786e+00
1.219000e-05	-6.028368e-03	-1.715294e+00
1.220000e-05	-6.754604e-03	-1.609446e+00
1.221000e-05	-6.706133e-03	-1.355900e+00
1.222000e-05	-6.871143e-03	-1.216950e+00
1.223000e-05	-6.687738e-03	-1.027951e+00
1.224000e-05	-5.760109e-03	-8.616589e-01
1.225000e-05	-5.516671e-03	-7.132082e-01
1.226000e-05	-6.001393e-03	-5.026090e-01
1.227000e-05	-7.085374e-03	-3.458146e-01
1.228000e-05	-8.477873e-03	-1.874237e-01
1.229000e-05	-7.045888e-03	-1.905132e-02
1.230000e-05	-1.918991e-03	1.403461e-01
1.231000e-05	3.760727e-04	3.579185e-01
1.232000e-05	-1.942409e-03	4.651855e-01
1.233000e-05	-1.118815e-03	6.516014e-01
1.234000e-05	-3.034896e-03	7.889460e-01
1.235000e-05	-2.412580e-03	9.279880e-01
1.236000e-05	-1.086954e-03	1.139396e+00
1.237000e-05	1.677376e-02	1.306814e+00
1.238000e-05	7.652265e-02	1.496918e+00
1.239000e-05	1.207257e-02	1.831046e+00
1.240000e-05	-4.915900e-02	1.958921e+00
1.241000e-05	-3.792368e-02	2.046764e+00
1.242000e-05	-9.786702e-02	2.240533e+00
1.243000e-05	2.480505e-02	2.316866e+00
1.244000e-05	8.665289e-02	2.477361e+00
1.245000e-05	-1.741121e-01	2.736368e+00
1.246000e-05	1.210563e-01	2.801077e+00
1.247000e-05	5.618484e-02	3.011678e+00
1.248000e-05	-1.221797e-01	3.178319e+00
1.249000e-05	8.859759e-02	3.223738e+00
1.250000e-05	-4.118646e-02	3.495763e+00
1.251000e-05	-8.223189e-02	3.621703e+00
1.252000e-05	8.345894e-02	3.792051e+00
1.253000e-05	-3.096210e-02	3.988951e+00
1.254000e-05	1.886455e-02	4.064837e+00
1.255000e-05	1.718319e-02	4.308413e+00
1.256000e-05	-6.642234e-02	4.453185e+00
1.257000e-05	3.548421e-02	4.611547e+00
1.258000e-05	-3.863683e-02	4.749924e+00
1.259000e-05	1.404655e-02	4.958370e+00
1.260000e-05	-1.115738e-02	5.158417e+00
1.261000e-05	5.918567e-03	5.337370e+00
1.262000e-05	1.474352e-02	5.443684e+00
1.263000e-05	-3.710787e-02	5.621551e+00
1.264000e-05	2.019387e-02	5.716419e+00
1.265000e-05	-4.015806e-02	5.955863e+00
1.266000e-05	-8.283535e-03	6.053734e+00
1.267000e-05	2.690544e-02	6.221023e+00
1.268000e-05	-1.642296e-02	6.337793e+00
1.269000e-05	7.634484e-03	6.453336e+00
1.270000e-05	-2.121567e-02	6.632127e+00
1.271000e-05	-8.954470e-03	6.790072e+00
1.272000e-05	-4.712678e-03	6.896392e+00
1.273000e-05	-1.955596e-02	7.041207e+00
1.274000e-05	-1.412837e-03	7.129027e+00
1.275000e-05	-1.954945e-02	7.295365e+00
1.276000e-05	1.853391e-02	7.424735e+00
1.277000e-05	-8.817058e-03	7.652682e+00
1.278000e-05	-1.330708e-02	7.748048e+00
1.279000e-05	-1.633285e-02	7.905942e+00
1.280000e-05	-1.881919e-02	8.061708e+00
1.281000e-05	1.054775e-03	8.159973e+00
1.282000e-05	-1.317475e-02	8.265312e+00
1.283000e-05	-4.360218e-03	8.389449e+00
1.284000e-05	-1.387521e-02	8.476865e+00
1.285000e-05	5.811237e-04	8.590003e+00
1.286000e-05	-7.231420e-03	8.675712e+00
1.287000e-05	-1.564747e-02	8.760050e+00
1.288000e-05	-1.662548e-02	8.894440e+00
1.289000e-05	-1.485777e-02	8.980650e+00
1.290000e-05	-2.839500e-03	9.104942e+00
1.291000e-05	-1.113907e-02	9.252159e+00
1.292000e-05	-1.163821e-02	9.307246e+00
1.293000e-05	-1.531741e-02	9.390604e+00
1.294000e-05	-7.227771e-03	9.496295e+00
1.295000e-05	-8.701706e-03	9.569604e+00
1.296000e-05	-1.324317e-02	9.643292e+00
1.297000e-05	-1.428924e-02	9.789527e+00
1.298000e-05	-1.340354e-02	9.842783e+00
1.299000e-05	-8.396763e-03	9.958003e+00
1.300000e-05	-1.349249e-02	1.003426e+01
1.301000e-05	-1.613586e-02	1.009792e+01
1.302000e-05	-1.645811e-02	1.017958e+01
1.303000e-05	-1.095619e-02	1.024327e+01
1.304000e-05	-1.079311e-02	1.035847e+01
1.305000e-05	-1.364239e-02	1.044271e+01
1.306000e-05	-1.518560e-02	1.052545e+01
1.307000e-05	-1.400421e-02	1.055103e+01
1.308000e-05	-1.523487e-02	1.064176e+01
1.309000e-05	-1.670616e-02	1.072337e+01
1.310000e-05	-1.819681e-02	1.079000e+01
1.311000e-05	-1.617045e-02	1.083173e+01
1.312000e-05	-1.270121e-02	1.088529e+01
1.313000e-05	-1.352452e-02	1.093847e+01
1.314000e-05	-1.640822e-02	1.096903e+01
1.315000e-05	-1.699339e-02	1.101963e+01
1.316000e-05	-1.861472e-02	1.105231e+01
1.317000e-05	-1.659543e-02	1.108534e+01
1.318000e-05	-1.839968e-02	1.116598e+01
1.319000e-05	-1.929399e-02	1.115803e+01
1.320000e-05	-1.846568e-02	1.118065e+01
1.321000e-05	-1.885111e-02	1.124329e+01
1.322000e-05	-1.823015e-02	1.126424e+01
1.323000e-05	-1.994064e-02	1.130685e+01
1.324000e-05	-1.991229e-02	1.135642e+01
1.325000e-05	-2.036619e-02	1.139800e+01
1.326000e-05	-1.953105e-02	1.138005e+01
1.327000e-05	-2.172466e-02	1.143001e+01
1.328000e-05	-2.263548e-02	1.143113e+01
1.329000e-05	-2.327529e-02	1.140109e+01
1.330000e-05	-2.289269e-02	1.145276e+01
1.331000e-05	-2.206168e-02	1.147271e+01
1.332000e-05	-2.383489e-02	1.149277e+01
1.333000e-05	-2.491886e-02	1.147269e+01
1.334000e-05	-2.537922e-02	1.143169e+01
1.335000e-05	-2.519200e-02	1.142174e+01
1.336000e-05	-2.546094e-02	1.144426e+01
1.337000e-05	-2.723542e-02	1.142216e+01
1.338000e-05	-2.811789e-02	1.145313e+01
1.339000e-05	-2.952191e-02	1.138121e+01
1.340000e-05	-2.957872e-02	1.138111e+01
1.341000e-05	-3.066335e-02	1.139100e+01
1.342000e-05	-3.231489e-02	1.133898e+01
1.343000e-05	-3.264508e-02	1.132650e+01
1.344000e-05	-3.098848e-02	1.130577e+01
1.345000e-05	-3.192325e-02	1.127422e+01
1.346000e-05	-3.366107e-02	1.120819e+01
1.347000e-05	-3.455304e-02	1.122958e+01
1.348000e-05	-3.691720e-02	1.117695e+01
1.349000e-05	-3.666369e-02	1.110639e+01
1.350000e-05	-3.972794e-02	1.102371e+01
1.351000e-05	-3.892766e-02	1.102061e+01
1.352000e-05	-4.255883e-02	1.099000e+01
1.353000e-05	-3.928046e-02	1.094745e+01
1.354000e-05	-4.206620e-02	1.089432e+01
1.355000e-05	-4.456834e-02	1.085326e+01
1.356000e-05	-4.628429e-02	1.080005e+01
1.357000e-05	-4.585205e-02	1.075487e+01
1.358000e-05	-4.817271e-02	1.065224e+01
1.359000e-05	-4.928543e-02	1.060056e+01
1.360000e-05	-5.126014e-02	1.052595e+01
1.361000e-05	-4.944660e-02	1.050489e+01
1.362000e-05	-4.975809e-02	1.042858e+01
1.363000e-05	-4.901791e-02	1.028387e+01
1.364000e-05	-4.896094e-02	1.024213e+01
1.365000e-05	-4.646907e-02	1.017793e+01
1.366000e-05	-4.400322e-02	1.012472e+01
1.367000e-05	-4.080671e-02	1.004061e+01
1.368000e-05	-3.946773e-02	9.926370e+00
1.369000e-05	-3.900394e-02	9.851634e+00
1.370000e-05	-3.600932e-02	9.736924e+00
1.371000e-05	-3.450553e-02	9.693137e+00
1.372000e-05	-3.331203e-02	9.576498e+00
1.373000e-05	-3.256059e-02	9.471665e+00
1.374000e-05	-2.790202e-02	9.379031e+00
1.375000e-05	-2.517251e-02	9.292264e+00
1.376000e-05	-2.327837e-02	9.179027e+00
1.377000e-05	-2.421741e-02	9.053186e+00
1.378000e-05	-2.375847e-02	8.978453e+00
1.379000e-05	-2.341071e-02	8.891735e+00
1.380000e-05	-2.220604e-02	8.765873e+00
1.381000e-05	-2.231777e-02	8.621085e+00
1.382000e-05	-2.073082e-02	8.505843e+00
1.383000e-05	-1.924929e-02	8.450079e+00
1.384000e-05	-1.662221e-02	8.284321e+00
1.385000e-05	-1.609433e-02	8.231480e+00
1.386000e-05	-1.694498e-02	8.092814e+00
1.387000e-05	-1.818054e-02	7.935372e+00
1.388000e-05	-1.726990e-02	7.791107e+00
1.389000e-05	-1.621249e-02	7.713268e+00
1.390000e-05	-1.524034e-02	7.577000e+00
1.391000e-05	-1.379616e-02	7.410585e+00
1.392000e-05	-1.406419e-02	7.294115e+00
1.393000e-05	-1.300372e-02	7.146268e+00
1.394000e-05	-1.275617e-02	6.999582e+00
1.395000e-05	-1.340326e-02	6.893214e+00
1.396000e-05	-1.413875e-02	6.775347e+00
1.397000e-05	-1.315000e-02	6.609057e+00
1.398000e-05	-1.097915e-02	6.493583e+00
1.399000e-05	-1.120630e-02	6.327296e+00
1.400000e-05	-1.130595e-02	6.199054e+00
1.401000e-05	-1.147270e-02	6.070188e+00
1.402000e-05	-1.054674e-02	5.935869e+00
1.403000e-05	-1.054124e-02	5.778978e+00
1.404000e-05	-1.125169e-02	5.608456e+00
1.405000e-05	-1.118919e-02	5.482685e+00
1.406000e-05	-1.048563e-02	5.334767e+00
1.407000e-05	-9.266383e-03	5.166402e+00
1.408000e-05	-9.381960e-03	4.946922e+00
1.409000e-05	-8.998436e-03	4.778377e+00
1.410000e-05	-9.377214e-03	4.681605e+00
1.411000e-05	-9.147126e-03	4.473690e+00
1.412000e-05	-9.243863e-03	4.355324e+00
1.413000e-05	-9.851396e-03	4.156400e+00
1.414000e-05	-9.580659e-03	4.018425e+00
1.415000e-05	-8.315547e-03	3.821159e+00
1.416000e-05	-8.054740e-03	3.693692e+00
1.417000e-05	-8.270121e-03	3.545843e+00
1.418000e-05	-7.648515e-03	3.378950e+00
1.419000e-05	-8.143111e-03	3.198350e+00
1.420000e-05	-6.569393e-03	3.061131e+00
1.421000e-05	-8.109730e-03	2.892743e+00
1.422000e-05	-7.278379e-03	2.766368e+00
1.423000e-05	-8.222343e-03	2.545848e+00
1.424000e-05	-6.510067e-03	2.396949e+00
1.425000e-05	-7.564828e-03	2.240029e+00
1.426000e-05	-7.939817e-03	2.052637e+00
1.427000e-05	-7.311980e-03	1.956916e+00
1.428000e-05	-4.082052e-03	1.777318e+00
1.429000e-05	-4.526210e-03	1.549469e+00
1.430000e-05	-5.928048e-03	1.399477e+00
1.431000e-05	-8.657723e-03	1.251633e+00
1.432000e-05	-6.823896e-03	1.050058e+00
1.433000e-05	-6.023142e-03	8.505314e-01
1.434000e-05	-5.209453e-03	6.732341e-01
1.435000e-05	-5.936287e-03	5.742657e-01
1.436000e-05	-4.398862e-03	3.968972e-01
1.437000e-05	-4.153612e-03	2.083761e-01
1.438000e-05	-3.216269e-03	-2.097625e-03
1.439000e-05	-3.548893e-03	-1.594147e-01
1.440000e-05	1.090794e-03	-3.163858e-01
1.441000e-05	1.000709e-03	-4.236565e-01
1.442000e-05	6.112804e-04	-6.311528e-01
1.443000e-05	3.624956e-04	-8.110762e-01
1.444000e-05	3.292029e-04	-9.384184e-01
1.445000e-05	-3.106567e-04	-1.045237e+00
1.446000e-05	6.993088e-03	-1.242659e+00
1.447000e-05	7.358220e-02	-1.384234e+00
1.448000e-05	5.688004e-02	-1.623209e+00
1.449000e-05	-5.022998e-02	-1.937915e+00
1.450000e-05	-2.052488e-02	-2.117865e+00
1.451000e-05	-1.223845e-01	-2.304840e+00
1.452000e-05	8.666337e-02	-2.358945e+00
1.453000e-05	6.699071e-02	-2.443683e+00
1.454000e-05	-1.954097e-01	-2.716363e+00
1.455000e-05	1.687777e-01	-2.800552e+00
1.456000e-05	3.450082e-02	-2.884867e+00
1.457000e-05	-1.683063e-01	-3.211075e+00
1.458000e-05	1.640433e-01	-3.306868e+00
1.459000e-05	-5.886833e-02	-3.474762e+00
1.460000e-05	-1.087384e-01	-3.663658e+00
1.461000e-05	1.545835e-01	-3.698471e+00
1.462000e-05	-1.073674e-01	-3.979601e+00
1.463000e-05	9.472004e-02	-4.147392e+00
1.464000e-05	4.583771e-02	-4.223261e+00
1.465000e-05	-1.414412e-01	-4.412229e+00
1.466000e-05	1.415557e-01	-4.527947e+00
1.467000e-05	-1.021182e-01	-4.737016e+00
1.468000e-05	3.143426e-02	-4.926838e+00
1.469000e-05	5.821956e-02	-5.024633e+00
1.470000e-05	-7.413571e-02	-5.233153e+00
1.471000e-05	1.155902e-01	-5.362080e+00
1.472000e-05	-9.225372e-02	-5.611000e+00
1.473000e-05	5.473022e-02	-5.718441e+00
1.474000e-05	-6.779077e-03	-5.844234e+00
1.475000e-05	-6.194298e-02	-5.979201e+00
1.476000e-05	1.239185e-01	-6.149470e+00
1.477000e-05	-8.934372e-02	-6.298442e+00
1.478000e-05	7.893033e-02	-6.463713e+00
1.479000e-05	-2.987955e-02	-6.591031e+00
1.480000e-05	-1.283365e-02	-6.747892e+00
1.481000e-05	5.930129e-02	-6.855767e+00
1.482000e-05	-7.397081e-02	-7.072657e+00
1.483000e-05	7.777494e-02	-7.151026e+00
1.484000e-05	-5.411914e-02	-7.335846e+00
1.485000e-05	5.640203e-02	-7.422660e+00
1.486000e-05	-2.363407e-03	-7.571077e+00
1.487000e-05	-1.663873e-02	-7.767546e+00
1.488000e-05	3.542482e-02	-7.894843e+00
1.489000e-05	-4.249747e-02	-8.032690e+00
1.490000e-05	5.986345e-02	-8.147444e+00
1.491000e-05	-3.195039e-02	-8.294714e+00
1.492000e-05	3.092944e-02	-8.359496e+00
1.493000e-05	-7.292600e-03	-8.474337e+00
1.494000e-05	1.280032e-02	-8.621155e+00
1.495000e-05	1.966074e-02	-8.697390e+00
1.496000e-05	-1.678953e-02	-8.854262e+00
1.497000e-05	2.173658e-02	-8.917525e+00
1.498000e-05	-1.274958e-02	-9.024156e+00
1.499000e-05	3.272859e-02	-9.115943e+00
1.500000e-05	-5.962376e-03	-9.233759e+00
1.501000e-05	1.482594e-02	-9.318997e+00
1.502000e-05	-1.239695e-03	-9.442232e+00
1.503000e-05	1.108213e-02	-9.527020e+00
1.504000e-05	1.033748e-02	-9.631234e+00
1.505000e-05	1.217057e-03	-9.758048e+00
1.506000e-05	1.268494e-02	-9.831602e+00
1.507000e-05	2.733127e-03	-9.874869e+00
1.508000e-05	2.183148e-02	-9.949009e+00
1.509000e-05	1.753958e-03	-1.006482e+01
1.510000e-05	1.339413e-02	-1.016805e+01
1.511000e-05	-2.641245e-03	-1.023226e+01
1.512000e-05	1.352710e-02	-1.035487e+01
1.513000e-05	9.305298e-03	-1.038921e+01
1.514000e-05	1.231079e-02	-1.051534e+01
1.515000e-05	9.664778e-03	-1.055993e+01
1.516000e-05	7.777570e-03	-1.061269e+01
1.517000e-05	1.417624e-02	-1.067434e+01
1.518000e-05	7.635438e-03	-1.074797e+01
1.519000e-05	1.303700e-02	-1.078916e+01
1.520000e-05	5.082919e-03	-1.084479e+01
1.521000e-05	1.507230e-02	-1.095502e+01
1.522000e-05	1.083455e-02	-1.095902e+01
1.523000e-05	1.351700e-02	-1.102110e+01
1.524000e-05	9.924714e-03	-1.106279e+01
1.525000e-05	9.510927e-03	-1.108644e+01
1.526000e-05	1.260023e-02	-1.117801e+01
1.527000e-05	1.378070e-02	-1.119925e+01
1.528000e-05	1.491706e-02	-1.124226e+01
1.529000e-05	1.157765e-02	-1.129474e+01
1.530000e-05	1.417557e-02	-1.125542e+01
1.531000e-05	1.379638e-02	-1.133848e+01
1.532000e-05	1.428280e-02	-1.136853e+01
1.533000e-05	1.168634e-02	-1.138908e+01
1.534000e-05	1.255743e-02	-1.141016e+01
1.535000e-05	1.541832e-02	-1.145326e+01
1.536000e-05	1.771826e-02	-1.150379e+01
1.537000e-05	1.646925e-02	-1.147494e+01
1.538000e-05	1.498129e-02	-1.157445e+01
1.539000e-05	1.661052e-02	-1.147855e+01
1.540000e-05	1.808899e-02	-1.153853e+01
1.541000e-05	1.788157e-02	-1.158745e+01
1.542000e-05	1.629330e-02	-1.158908e+01
1.543000e-05	1.624436e-02	-1.158758e+01
1.544000e-05	1.949811e-02	-1.156761e+01
1.545000e-05	2.055162e-02	-1.154950e+01
1.546000e-05	2.054257e-02	-1.155648e+01
1.547000e-05	1.964368e-02	-1.156748e+01
1.548000e-05	2.147376e-02	-1.154752e+01
1.549000e-05	2.279440e-02	-1.151440e+01
1.550000e-05	2.159150e-02	-1.152554e+01
1.551000e-05	2.482260e-02	-1.143137e+01
1.552000e-05	2.168205e-02	-1.141221e+01
1.553000e-05	2.635159e-02	-1.140121e+01
1.554000e-05	2.386611e-02	-1.139005e+01
1.555000e-05	2.718805e-02	-1.131698e+01
1.556000e-05	2.772916e-02	-1.133437e+01
1.557000e-05	2.757182e-02	-1.127279e+01
1.558000e-05	2.994666e-02	-1.117364e+01
1.559000e-05	2.770201e-02	-1.121710e+01
1.560000e-05	2.954826e-02	-1.111853e+01
1.561000e-05	2.911250e-02	-1.107429e+01
1.562000e-05	3.216371e-02	-1.102124e+01
1.563000e-05	3.425292e-02	-1.101861e+01
1.564000e-05	3.498092e-02	-1.089702e+01
1.565000e-05	3.824060e-02	-1.089529e+01
1.566000e-05	3.733691e-02	-1.086169e+01
1.567000e-05	3.774723e-02	-1.077863e+01
1.568000e-05	3.840057e-02	-1.074592e+01
1.569000e-05	3.907840e-02	-1.068271e+01
1.570000e-05	4.068083e-02	-1.055911e+01
1.571000e-05	4.189414e-02	-1.056897e+01
1.572000e-05	4.214346e-02	-1.047279e+01
1.573000e-05	4.246705e-02	-1.040016e+01
1.574000e-05	4.000567e-02	-1.032437e+01
1.575000e-05	3.881766e-02	-1.026232e+01
1.576000e-05	3.511369e-02	-1.016905e+01
1.577000e-05	3.434975e-02	-1.009429e+01
1.578000e-05	3.231430e-02	-9.971582e+00
1.579000e-05	2.929045e-02	-9.925293e+00
1.580000e-05	2.835754e-02	-9.821158e+00
1.581000e-05	2.545103e-02	-9.746948e+00
1.582000e-05	2.459718e-02	-9.684240e+00
1.583000e-05	2.140829e-02	-9.566928e+00
1.584000e-05	1.916512e-02	-9.503194e+00
1.585000e-05	1.831693e-02	-9.399530e+00
1.586000e-05	1.685079e-02	-9.314736e+00
1.587000e-05	1.578924e-02	-9.167396e+00
1.588000e-05	1.423368e-02	-9.042638e+00
1.589000e-05	1.424375e-02	-8.935450e+00
1.590000e-05	1.310405e-02	-8.821684e+00
1.591000e-05	1.277775e-02	-8.735878e+00
1.592000e-05	1.019238e-02	-8.610578e+00
1.593000e-05	1.020559e-02	-8.545343e+00
1.594000e-05	6.107297e-03	-8.379482e+00
1.595000e-05	8.063614e-03	-8.252688e+00
1.596000e-05	4.956809e-03	-8.166449e+00
1.597000e-05	8.689516e-03	-8.042612e+00
1.598000e-05	5.737069e-03	-7.944323e+00
1.599000e-05	8.467656e-03	-7.768475e+00
1.600000e-05	4.905010e-03	-7.651154e+00
1.601000e-05	5.108145e-03	-7.493244e+00
1.602000e-05	2.194907e-03	-7.376948e+00
1.603000e-05	3.041417e-03	-7.252661e+00
1.604000e-05	7.276896e-04	-7.093242e+00
1.605000e-05	2.988271e-03	-6.986350e+00
1.606000e-05	3.434696e-03	-6.829576e+00
1.607000e-05	4.627679e-03	-6.683268e+00
1.608000e-05	1.817800e-03	-6.546397e+00
1.609000e-05	-1.326240e-03	-6.423159e+00
1.610000e-05	1.989133e-03	-6.274269e+00
1.611000e-05	2.542734e-03	-6.125843e+00
1.612000e-05	-6.355271e-04	-5.997526e+00
1.613000e-05	-3.677715e-03	-5.840084e+00
1.614000e-05	-5.554690e-04	-5.714739e+00
1.615000e-05	9.392423e-04	-5.556420e+00
1.616000e-05	-5.029843e-04	-5.357382e+00
1.617000e-05	-3.249007e-03	-5.186930e+00
1.618000e-05	-3.073781e-03	-5.062055e+00
1.619000e-05	-4.820421e-04	-4.820635e+00
1.620000e-05	6.502144e-05	-4.660108e+00
1.621000e-05	-2.175301e-03	-4.514789e+00
1.622000e-05	-6.002041e-03	-4.379001e+00
1.623000e-05	-4.419825e-03	-4.261133e+00
1.624000e-05	-1.992916e-03	-4.135243e+00
1.625000e-05	-2.032338e-03	-3.997926e+00
1.626000e-05	-4.689388e-03	-3.779060e+00
1.627000e-05	-4.013608e-03	-3.600580e+00
1.628000e-05	-2.751001e-03	-3.453161e+00
1.629000e-05	-2.635940e-03	-3.282819e+00
1.630000e-05	-4.399839e-03	-3.186897e+00
1.631000e-05	-6.411289e-03	-3.007550e+00
1.632000e-05	-5.295041e-03	-2.819452e+00
1.633000e-05	-3.469489e-03	-2.641664e+00
1.634000e-05	-4.286465e-03	-2.523292e+00
1.635000e-05	-6.384400e-03	-2.345391e+00
1.636000e-05	-6.506458e-03	-2.137320e+00
1.637000e-05	-4.863171e-03	-1.998921e+00
1.638000e-05	-3.200666e-03	-1.850583e+00
1.639000e-05	-5.307655e-03	-1.673789e+00
1.640000e-05	-6.403842e-03	-1.525867e+00
1.641000e-05	-5.777553e-03	-1.254634e+00
1.642000e-05	-5.363713e-03	-1.154815e+00
1.643000e-05	-5.104143e-03	-9.863711e-01
1.644000e-05	-7.232103e-03	-7.895275e-01
1.645000e-05	-7.055421e-03	-6.500528e-01
1.646000e-05	-6.328567e-03	-4.410587e-01
1.647000e-05	-5.675197e-03	-2.741879e-01
1.648000e-05	-6.382251e-03	-9.321941e-02
1.649000e-05	-4.385366e-03	1.205269e-02
1.650000e-05	1.037906e-03	2.435777e-01
1.651000e-05	-1.156188e-03	3.999451e-01
1.652000e-05	7.385877e-04	5.358909e-01
1.653000e-05	-1.494377e-03	7.036619e-01
1.654000e-05	-3.958637e-03	8.121526e-01
1.655000e-05	-4.276291e-03	1.001049e+00
1.656000e-05	2.425507e-03	1.180524e+00
1.657000e-05	3.282796e-02	1.379893e+00
1.658000e-05	7.986119e-02	1.673129e+00
1.659000e-05	-2.632456e-02	1.843687e+00
1.660000e-05	-3.893447e-02	1.990470e+00
1.661000e-05	-5.336162e-02	2.137266e+00
1.662000e-05	-8.695878e-02	2.252135e+00
1.663000e-05	9.139032e-02	2.399521e+00
1.664000e-05	-7.925619e-03	2.600625e+00
1.665000e-05	-1.414085e-01	2.747891e+00
1.666000e-05	1.860500e-01	2.855710e+00
1.667000e-05	-4.935026e-02	3.104762e+00
1.668000e-05	-6.777566e-02	3.188525e+00
1.669000e-05	9.666295e-02	3.309919e+00
1.670000e-05	-1.013630e-01	3.499496e+00
1.671000e-05	-1.672711e-02	3.695235e+00
1.672000e-05	6.878596e-02	3.876739e+00
1.673000e-05	-4.575671e-02	4.021631e+00
1.674000e-05	4.754783e-02	4.148976e+00
1.675000e-05	-3.267194e-02	4.350895e+00
1.676000e-05	-3.041311e-02	4.496289e+00
1.677000e-05	2.102685e-02	4.656680e+00
1.678000e-05	-3.913943e-02	4.822605e+00
1.679000e-05	2.507179e-02	4.941551e+00
1.680000e-05	-2.235085e-02	5.212179e+00
1.681000e-05	2.039247e-02	5.380567e+00
1.682000e-05	-7.359308e-03	5.497291e+00
1.683000e-05	-2.552560e-02	5.621659e+00
1.684000e-05	1.707557e-02	5.810522e+00
1.685000e-05	-5.525876e-02	5.969946e+00
1.686000e-05	2.158667e-02	6.085337e+00
1.687000e-05	6.908402e-03	6.244130e+00
1.688000e-05	-1.297187e-02	6.349472e+00
1.689000e-05	3.018438e-03	6.477414e+00
1.690000e-05	-2.927024e-02	6.654264e+00
1.691000e-05	6.864603e-03	6.831079e+00
1.692000e-05	-1.868361e-02	6.957426e+00
1.693000e-05	-2.004008e-03	7.124363e+00
1.694000e-05	-1.392919e-02	7.173159e+00
1.695000e-05	-5.529167e-03	7.349472e+00
1.696000e-05	1.177177e-02	7.504918e+00
1.697000e-05	-1.718180e-02	7.664288e+00
1.698000e-05	-1.165665e-02	7.761054e+00
1.699000e-05	-2.103695e-02	7.959022e+00
1.700000e-05	-4.270540e-03	8.072266e+00
1.701000e-05	-2.462318e-03	8.192081e+00
1.702000e-05	-8.859761e-03	8.314842e+00
1.703000e-05	-8.842448e-03	8.400602e+00
1.704000e-05	-1.074332e-02	8.516416e+00
1.705000e-05	-5.190515e-04	8.610130e+00
1.706000e-05	-1.113591e-02	8.704916e+00
1.707000e-05	-1.811214e-02	8.790600e+00
1.708000e-05	-1.605242e-02	8.947421e+00
1.709000e-05	-8.577523e-03	9.023130e+00
1.710000e-05	-2.931611e-03	9.147446e+00
1.711000e-05	-1.027779e-02	9.244211e+00
1.712000e-05	-1.223736e-02	9.326921e+00
1.713000e-05	-1.249332e-02	9.463762e+00
1.714000e-05	-7.857645e-03	9.546895e+00
1.715000e-05	-1.138138e-02	9.629583e+00
1.716000e-05	-1.481347e-02	9.705848e+00
1.717000e-05	-1.446606e-02	9.809579e+00
1.718000e-05	-1.045938e-02	9.914364e+00
1.719000e-05	-7.453912e-03	9.980654e+00
1.720000e-05	-1.189946e-02	1.006434e+01
1.721000e-05	-1.698817e-02	1.016843e+01
1.722000e-05	-1.511694e-02	1.023176e+01
1.723000e-05	-1.070891e-02	1.030429e+01
1.724000e-05	-1.062365e-02	1.032810e+01
1.725000e-05	-1.585789e-02	1.048368e+01
1.726000e-05	-1.611223e-02	1.049787e+01
1.727000e-05	-1.484047e-02	1.061955e+01
1.728000e-05	-1.227933e-02	1.063326e+01
1.729000e-05	-1.581172e-02	1.070545e+01
1.730000e-05	-1.870457e-02	1.083956e+01
1.731000e-05	-1.598445e-02	1.086336e+01
1.732000e-05	-1.191570e-02	1.087684e+01
1.733000e-05	-1.276787e-02	1.095847e+01
1.734000e-05	-1.862776e-02	1.099003e+01
1.735000e-05	-2.065466e-02	1.101068e+01
1.736000e-05	-2.053163e-02	1.105317e+01
1.737000e-05	-1.496526e-02	1.109340e+01
1.738000e-05	-1.864466e-02	1.118700e+01
1.739000e-05	-1.980386e-02	1.119060e+01
1.740000e-05	-1.900374e-02	1.123016e+01
1.741000e-05	-1.753786e-02	1.127379e+01
1.742000e-05	-1.739045e-02	1.128679e+01
1.743000e-05	-2.175481e-02	1.131690e+01
1.744000e-05	-2.288963e-02	1.135748e+01
1.745000e-05	-2.215804e-02	1.139898e+01
1.746000e-05	-1.956660e-02	1.136010e+01
1.747000e-05	-2.022448e-02	1.138958e+01
1.748000e-05	-2.406551e-02	1.143116e+01
1.749000e-05	-2.315133e-02	1.143171e+01
1.750000e-05	-2.183591e-02	1.144324e+01
1.751000e-05	-2.139587e-02	1.146229e+01
1.752000e-05	-2.472335e-02	1.145121e+01
1.753000e-05	-2.488934e-02	1.146219e+01
1.754000e-05	-2.590006e-02	1.142279e+01
1.755000e-05	-2.500521e-02	1.144269e+01
1.756000e-05	-2.747601e-02	1.144226e+01
1.757000e-05	-2.886386e-02	1.139226e+01
1.758000e-05	-2.990784e-02	1.142171e+01
1.759000e-05	-2.895419e-02	1.139058e+01
1.760000e-05	-2.838151e-02	1.138966e+01
1.761000e-05	-3.064709e-02	1.140860e+01
1.762000e-05	-3.173959e-02	1.134747e+01
1.763000e-05	-3.341048e-02	1.135844e+01
1.764000e-05	-3.147241e-02	1.128386e+01
1.765000e-05	-3.372034e-02	1.127274e+01
1.766000e-05	-3.472858e-02	1.124021e+01
1.767000e-05	-3.681528e-02	1.118905e+01
1.768000e-05	-3.628129e-02	1.111695e+01
1.769000e-05	-3.529242e-02	1.108439e+01
1.770000e-05	-3.962543e-02	1.107166e+01
1.771000e-05	-3.909322e-02	1.098071e+01
1.772000e-05	-4.065002e-02	1.097845e+01
1.773000e-05	-3.803964e-02	1.095690e+01
1.774000e-05	-4.362525e-02	1.089431e+01
1.775000e-05	-4.408044e-02	1.083163e+01
1.776000e-05	-4.793627e-02	1.081757e+01
1.777000e-05	-4.577977e-02	1.068429e+01
1.778000e-05	-4.791610e-02	1.063169e+01
1.779000e-05	-4.845518e-02	1.059853e+01
1.780000e-05	-5.063884e-02	1.056490e+01
1.781000e-05	-4.847864e-02	1.046368e+01
1.782000e-05	-4.748669e-02	1.040797e+01
1.783000e-05	-4.709069e-02	1.027277e+01
1.784000e-05	-4.913665e-02	1.021003e+01
1.785000e-05	-4.938769e-02	1.016885e+01
1.786000e-05	-4.336827e-02	1.006284e+01
1.787000e-05	-3.996771e-02	9.998025e+00
1.788000e-05	-3.851054e-02	9.903894e+00
1.789000e-05	-3.955818e-02	9.790527e+00
1.790000e-05	-3.523624e-02	9.735346e+00
1.791000e-05	-3.071774e-02	9.611611e+00
1.792000e-05	-2.976768e-02	9.534813e+00
1.793000e-05	-3.170066e-02	9.442080e+00
1.794000e-05	-3.079705e-02	9.367426e+00
1.795000e-05	-2.712711e-02	9.251234e+00
1.796000e-05	-2.334492e-02	9.137047e+00
1.797000e-05	-2.355102e-02	9.031615e+00
1.798000e-05	-2.395298e-02	8.947398e+00
1.799000e-05	-2.213934e-02	8.810607e+00
1.800000e-05	-2.007880e-02	8.695167e+00
1.801000e-05	-2.021520e-02	8.588977e+00
1.802000e-05	-2.157737e-02	8.523296e+00
1.803000e-05	-2.084051e-02	8.409076e+00
1.804000e-05	-1.808847e-02	8.242719e+00
1.805000e-05	-1.602733e-02	8.157930e+00
1.806000e-05	-1.606534e-02	8.000257e+00
1.807000e-05	-1.772159e-02	7.944270e+00
1.808000e-05	-1.699745e-02	7.789026e+00
1.809000e-05	-1.545130e-02	7.652659e+00
1.810000e-05	-1.426890e-02	7.495271e+00
1.811000e-05	-1.489358e-02	7.405450e+00
1.812000e-05	-1.502508e-02	7.230106e+00
1.813000e-05	-1.483195e-02	7.102265e+00
1.814000e-05	-1.278188e-02	6.976951e+00
1.815000e-05	-1.239963e-02	6.841660e+00
1.816000e-05	-1.319041e-02	6.705767e+00
1.817000e-05	-1.421879e-02	6.537371e+00
1.818000e-05	-1.220817e-02	6.409532e+00
1.819000e-05	-1.132434e-02	6.303265e+00
1.820000e-05	-1.049308e-02	6.145473e+00
1.821000e-05	-1.230796e-02	6.039183e+00
1.822000e-05	-1.129347e-02	5.882764e+00
1.823000e-05	-1.036856e-02	5.744923e+00
1.824000e-05	-9.945727e-03	5.566876e+00
1.825000e-05	-1.028676e-02	5.411607e+00
1.826000e-05	-1.082853e-02	5.292138e+00
1.827000e-05	-1.008824e-02	5.112616e+00
1.828000e-05	-9.619609e-03	4.895165e+00
1.829000e-05	-9.667713e-03	4.715868e+00
1.830000e-05	-9.406932e-03	4.588001e+00
1.831000e-05	-8.136635e-03	4.452130e+00
1.832000e-05	-8.281085e-03	4.304266e+00
1.833000e-05	-8.419218e-03	4.122718e+00
1.834000e-05	-8.727514e-03	3.946366e+00
1.835000e-05	-8.120789e-03	3.796502e+00
1.836000e-05	-7.397977e-03	3.652034e+00
1.837000e-05	-8.389445e-03	3.515289e+00
1.838000e-05	-8.981019e-03	3.295667e+00
1.839000e-05	-7.612740e-03	3.157396e+00
1.840000e-05	-5.564942e-03	3.010476e+00
1.841000e-05	-6.116043e-03	2.843156e+00
1.842000e-05	-7.190123e-03	2.734814e+00
1.843000e-05	-7.335042e-03	2.503113e+00
1.844000e-05	-6.348389e-03	2.344295e+00
1.845000e-05	-5.646172e-03	2.177474e+00
1.846000e-05	-6.926650e-03	2.070529e+00
1.847000e-05	-7.097236e-03	1.893133e+00
1.848000e-05	-6.594952e-03	1.703268e+00
1.849000e-05	-5.016706e-03	1.524692e+00
1.850000e-05	-5.393188e-03	1.346393e+00
1.851000e-05	-5.664981e-03	1.217945e+00
1.852000e-05	-6.091001e-03	9.763198e-01
1.853000e-05	-4.884921e-03	7.974460e-01
1.854000e-05	-4.503439e-03	6.315302e-01
1.855000e-05	-5.059381e-03	4.730853e-01
1.856000e-05	-5.115625e-03	3.442884e-01
1.857000e-05	-5.561765e-03	1.342116e-01
1.858000e-05	-5.306071e-03	-4.313039e-02
1.859000e-05	-2.039679e-03	-1.820251e-01
1.860000e-05	3.540326e-03	-3.379423e-01
1.861000e-05	-4.823562e-04	-4.656605e-01
1.862000e-05	2.679192e-03	-7.158370e-01
1.863000e-05	-4.125448e-04	-8.436579e-01
1.864000e-05	1.660102e-03	-1.000522e+00
1.865000e-05	-1.342377e-04	-1.148396e+00
1.866000e-05	1.444711e-02	-1.286838e+00
1.867000e-05	1.030791e-01	-1.476913e+00
1.868000e-05	-2.571916e-03	-1.750521e+00
1.869000e-05	-3.425313e-02	-1.980519e+00
1.870000e-05	-4.629084e-02	-2.171129e+00
1.871000e-05	-1.084712e-01	-2.288921e+00
1.872000e-05	1.560552e-01	-2.380024e+00
1.873000e-05	-4.881187e-02	-2.527946e+00
1.874000e-05	-1.153729e-01	-2.757417e+00
1.875000e-05	2.069994e-01	-2.791556e+00
1.876000e-05	-1.075061e-01	-3.002632e+00
1.877000e-05	-7.576814e-02	-3.253757e+00
1.878000e-05	1.607801e-01	-3.348396e+00
1.879000e-05	-1.539659e-01	-3.559867e+00
1.880000e-05	8.436391e-03	-3.674709e+00
1.881000e-05	9.859329e-02	-3.820102e+00
1.882000e-05	-1.094136e-01	-4.074259e+00
1.883000e-05	1.674783e-01	-4.148525e+00
1.884000e-05	-7.679346e-02	-4.347843e+00
1.885000e-05	-4.422499e-02	-4.484862e+00
1.886000e-05	1.110748e-01	-4.621080e+00
1.887000e-05	-1.386599e-01	-4.801725e+00
1.888000e-05	1.158741e-01	-4.938873e+00
1.889000e-05	-3.295725e-02	-5.076440e+00
1.890000e-05	-3.199696e-03	-5.275388e+00
1.891000e-05	7.475540e-02	-5.442236e+00
1.892000e-05	-9.791809e-02	-5.613712e+00
1.893000e-05	1.035051e-01	-5.739022e+00
1.894000e-05	-8.953620e-02	-5.887796e+00
1.895000e-05	3.356570e-02	-6.052308e+00
1.896000e-05	6.217976e-02	-6.147481e+00
1.897000e-05	-7.205294e-02	-6.397049e+00
1.898000e-05	9.832158e-02	-6.506336e+00
1.899000e-05	-8.785917e-02	-6.623709e+00
1.900000e-05	6.094308e-02	-6.780522e+00
1.901000e-05	-6.865002e-03	-6.917042e+00
1.902000e-05	-2.111781e-02	-7.116365e+00
1.903000e-05	5.385756e-02	-7.242755e+00
1.904000e-05	-5.086081e-02	-7.349996e+00
1.905000e-05	8.063102e-02	-7.495817e+00
1.906000e-05	-4.816015e-02	-7.663259e+00
1.907000e-05	2.786128e-02	-7.799579e+00
1.908000e-05	-6.447815e-03	-7.939496e+00
1.909000e-05	-5.180754e-03	-8.053814e+00
1.910000e-05	4.160016e-02	-8.169526e+00
1.911000e-05	-3.127620e-02	-8.295912e+00
1.912000e-05	4.178049e-02	-8.350100e+00
1.913000e-05	-2.219405e-02	-8.476347e+00
1.914000e-05	3.691091e-02	-8.641183e+00
1.915000e-05	-6.908562e-03	-8.756452e+00
1.916000e-05	1.489931e-03	-8.864892e+00
1.917000e-05	6.979189e-03	-8.948502e+00
1.918000e-05	-8.761976e-04	-9.084188e+00
1.919000e-05	2.867783e-02	-9.147548e+00
1.920000e-05	-8.180588e-03	-9.263817e+00
1.921000e-05	1.801871e-02	-9.360075e+00
1.922000e-05	-5.584813e-03	-9.463864e+00
1.923000e-05	2.078744e-02	-9.599051e+00
1.924000e-05	1.480040e-03	-9.655764e+00
1.925000e-05	8.788307e-03	-9.788503e+00
1.926000e-05	3.672140e-03	-9.842732e+00
1.927000e-05	1.099427e-02	-9.917967e+00
1.928000e-05	1.690831e-02	-9.979729e+00
1.929000e-05	2.416472e-03	-1.008645e+01
1.930000e-05	8.807727e-03	-1.016113e+01
1.931000e-05	-8.316216e-04	-1.028374e+01
1.932000e-05	1.902421e-02	-1.031945e+01
1.933000e-05	8.306223e-03	-1.043479e+01
1.934000e-05	1.326839e-02	-1.051747e+01
1.935000e-05	3.477818e-03	-1.059953e+01
1.936000e-05	1.196129e-02	-1.067371e+01
1.937000e-05	1.125955e-02	-1.071592e+01
1.938000e-05	8.647982e-03	-1.077866e+01
1.939000e-05	7.136756e-03	-1.079208e+01
1.940000e-05	6.774984e-03	-1.090489e+01
1.941000e-05	1.653628e-02	-1.094743e+01
1.942000e-05	1.170265e-02	-1.095058e+01
1.943000e-05	1.320267e-02	-1.105268e+01
1.944000e-05	7.003728e-03	-1.109430e+01
1.945000e-05	1.149350e-02	-1.113550e+01
1.946000e-05	1.314872e-02	-1.112905e+01
1.947000e-05	1.322953e-02	-1.116124e+01
1.948000e-05	1.098645e-02	-1.126376e+01
1.949000e-05	1.069035e-02	-1.129487e+01
1.950000e-05	1.418929e-02	-1.132740e+01
1.951000e-05	1.470174e-02	-1.133898e+01
1.952000e-05	1.348077e-02	-1.141046e+01
1.953000e-05	1.200260e-02	-1.138166e+01
1.954000e-05	1.461537e-02	-1.143071e+01
1.955000e-05	1.763917e-02	-1.144234e+01
1.956000e-05	1.686635e-02	-1.152447e+01
1.957000e-05	1.405117e-02	-1.153595e+01
1.958000e-05	1.339091e-02	-1.148493e+01
1.959000e-05	1.600513e-02	-1.153805e+01
1.960000e-05	1.823483e-02	-1.154813e+01
1.961000e-05	1.820730e-02	-1.156760e+01
1.962000e-05	1.781510e-02	-1.156803e+01
1.963000e-05	1.810196e-02	-1.158858e+01
1.964000e-05	1.970086e-02	-1.160811e+01
1.965000e-05	2.194947e-02	-1.160808e+01
1.966000e-05	2.096781e-02	-1.158750e+01
1.967000e-05	1.906720e-02	-1.156705e+01
1.968000e-05	2.067316e-02	-1.151745e+01
1.969000e-05	2.440121e-02	-1.156592e+01
1.970000e-05	2.368961e-02	-1.155342e+01
1.971000e-05	2.313433e-02	-1.147481e+01
1.972000e-05	2.299515e-02	-1.143259e+01
1.973000e-05	2.619011e-02	-1.142161e+01
1.974000e-05	2.793669e-02	-1.134703e+01
1.975000e-05	2.841206e-02	-1.129642e+01
1.976000e-05	2.637507e-02	-1.131435e+01
1.977000e-05	2.670826e-02	-1.119281e+01
1.978000e-05	2.875681e-02	-1.127219e+01
1.979000e-05	3.050125e-02	-1.112901e+01
1.980000e-05	3.036547e-02	-1.116490e+01
1.981000e-05	3.006356e-02	-1.108287e+01
1.982000e-05	3.287544e-02	-1.098166e+01
1.983000e-05	3.613104e-02	-1.094800e+01
1.984000e-05	3.683105e-02	-1.093547e+01
1.985000e-05	3.555429e-02	-1.086379e+01
1.986000e-05	3.600777e-02	-1.086114e+01
1.987000e-05	3.867876e-02	-1.078912e+01
1.988000e-05	4.008323e-02	-1.068487e+01
1.989000e-05	4.104703e-02	-1.066226e+01
1.990000e-05	4.027589e-02	-1.059953e+01
1.991000e-05	4.137386e-02	-1.053643e+01
1.992000e-05	4.247188e-02	-1.048321e+01
1.993000e-05	4.088477e-02	-1.037896e+01
1.994000e-05	3.895902e-02	-1.028482e+01
1.995000e-05	3.751377e-02	-1.023064e+01
1.996000e-05	3.497095e-02	-1.014745e+01
1.997000e-05	3.427595e-02	-1.006369e+01
1.998000e-05	3.034531e-02	-9.989451e+00
1.999000e-05	2.811727e-02	-9.891691e+00
2.000000e-05	2.492978e-02	-9.789659e+00
2.001000e-05	2.458723e-02	-9.756922e+00
2.002000e-05	2.335548e-02	-9.662688e+00
2.003000e-05	2.110038e-02	-9.528976e+00
2.004000e-05	1.966817e-02	-9.441189e+00
2.005000e-05	1.666068e-02	-9.338424e+00
2.006000e-05	1.800352e-02	-9.261209e+00
2.007000e-05	1.487424e-02	-9.145773e+00
2.008000e-05	1.293448e-02	-9.011079e+00
2.009000e-05	1.060470e-02	-8.935774e+00
2.010000e-05	1.206500e-02	-8.809605e+00
2.011000e-05	1.197633e-02	-8.702840e+00
2.012000e-05	1.080353e-02	-8.557558e+00
2.013000e-05	7.242565e-03	-8.483588e+00
2.014000e-05	7.604314e-03	-8.337272e+00
2.015000e-05	6.934779e-03	-8.261634e+00
2.016000e-05	8.010679e-03	-8.074846e+00
2.017000e-05	6.128320e-03	-8.050529e+00
2.018000e-05	5.999780e-03	-7.831693e+00
2.019000e-05	6.142238e-03	-7.764852e+00
2.020000e-05	5.634751e-03	-7.558627e+00
2.021000e-05	4.142175e-03	-7.452160e+00
2.022000e-05	1.185193e-03	-7.335447e+00
2.023000e-05	1.844000e-03	-7.201103e+00
2.024000e-05	3.406452e-03	-7.051137e+00
2.025000e-05	4.293973e-03	-6.914316e+00
2.026000e-05	3.215225e-03	-6.788501e+00
2.027000e-05	2.739325e-03	-6.651707e+00
2.028000e-05	1.909462e-03	-6.524794e+00
2.029000e-05	2.019048e-03	-6.408574e+00
2.030000e-05	-3.405348e-04	-6.220186e+00
2.031000e-05	-1.435431e-03	-6.062692e+00
2.032000e-05	-8.289063e-04	-5.936842e+00
2.033000e-05	4.691836e-04	-5.787975e+00
2.034000e-05	2.186463e-03	-5.652208e+00
2.035000e-05	1.443117e-03	-5.513367e+00
2.036000e-05	-8.692164e-04	-5.274919e+00
2.037000e-05	-1.025238e-03	-5.144821e+00
2.038000e-05	-1.287684e-03	-4.927500e+00
2.039000e-05	-1.815665e-03	-4.759851e+00
2.040000e-05	-2.981574e-03	-4.599603e+00
2.041000e-05	-3.651265e-03	-4.463288e+00
2.042000e-05	-1.900093e-03	-4.356368e+00
2.043000e-05	-5.398936e-04	-4.220028e+00
2.044000e-05	-1.648039e-03	-4.073606e+00
2.045000e-05	-3.060383e-03	-3.964767e+00
2.046000e-05	-3.155622e-03	-3.683318e+00
2.047000e-05	-2.960275e-03	-3.568375e+00
2.048000e-05	-3.005498e-03	-3.450580e+00
2.049000e-05	-4.562453e-03	-3.301663e+00
2.050000e-05	-5.511278e-03	-3.134812e+00
2.051000e-05	-5.128570e-03	-2.944239e+00
2.052000e-05	-4.773442e-03	-2.757947e+00
2.053000e-05	-3.371094e-03	-2.609504e+00
2.054000e-05	-3.828120e-03	-2.441535e+00
2.055000e-05	-3.928578e-03	-2.334186e+00
2.056000e-05	-6.768515e-03	-2.122766e+00
2.057000e-05	-2.901485e-03	-1.966346e+00
2.058000e-05	-9.322440e-03	-1.818478e+00
2.059000e-05	-5.009574e-03	-1.651004e+00
2.060000e-05	-9.198997e-03	-1.482109e+00
2.061000e-05	-4.332762e-03	-1.250029e+00
2.062000e-05	-4.530777e-03	-1.092108e+00
2.063000e-05	-4.000563e-03	-9.137644e-01
2.064000e-05	-5.827775e-03	-8.048710e-01
2.065000e-05	-9.035504e-03	-5.653710e-01
2.066000e-05	-7.547500e-03	-3.984761e-01
2.067000e-05	-9.298599e-03	-2.510565e-01
2.068000e-05	-6.522156e-03	-5.318160e-02
2.069000e-05	-2.518493e-03	6.568540e-02
2.070000e-05	2.734741e-03	2.847593e-01
2.071000e-05	-3.267469e-03	4.115776e-01
2.072000e-05	1.167027e-03	5.994711e-01
2.073000e-05	-4.921857e-03	7.378397e-01
2.074000e-05	-2.698631e-03	8.437028e-01
2.075000e-05	-5.953743e-03	1.064780e+00
2.076000e-05	8.212298e-03	1.233704e+00
2.077000e-05	5.472985e-02	1.422104e+00
2.078000e-05	6.017139e-02	1.728813e+00
2.079000e-05	-4.802561e-02	1.896316e+00
2.080000e-05	-3.532824e-02	2.003629e+00
2.081000e-05	-7.918676e-02	2.180497e+00
2.082000e-05	-5.030818e-02	2.283208e+00
2.083000e-05	1.255847e-01	2.422104e+00
2.084000e-05	-1.092334e-01	2.644736e+00
2.085000e-05	-2.667411e-02	2.789950e+00
2.086000e-05	1.581042e-01	2.887466e+00
2.087000e-05	-1.116925e-01	3.146366e+00
2.088000e-05	1.377725e-02	3.212078e+00
2.089000e-05	4.733970e-02	3.382573e+00
2.090000e-05	-1.208051e-01	3.579571e+00
2.091000e-05	4.580168e-02	3.746319e+00
2.092000e-05	2.287020e-02	3.926942e+00
2.093000e-05	-2.560776e-02	4.024130e+00
2.094000e-05	5.258200e-02	4.223108e+00
2.095000e-05	-6.757877e-02	4.442554e+00
2.096000e-05	1.508272e-02	4.577443e+00
2.097000e-05	-8.724391e-03	4.705892e+00
2.098000e-05	-1.760272e-02	4.924287e+00
2.099000e-05	1.282991e-02	5.103788e+00
2.100000e-05	-1.563809e-02	5.285812e+00
2.101000e-05	2.585149e-02	5.411552e+00
2.102000e-05	-2.962114e-02	5.527394e+00
2.103000e-05	-7.479360e-04	5.654308e+00
2.104000e-05	-4.960919e-03	5.855183e+00
2.105000e-05	-4.272515e-02	6.001530e+00
2.106000e-05	3.637948e-02	6.098470e+00
2.107000e-05	-1.181470e-02	6.295764e+00
2.108000e-05	-2.265816e-03	6.400580e+00
2.109000e-05	-7.497309e-03	6.550050e+00
2.110000e-05	-2.146683e-02	6.726893e+00
2.111000e-05	9.054996e-03	6.862764e+00
2.112000e-05	-2.505043e-02	6.991052e+00
2.113000e-05	3.632709e-03	7.136443e+00
2.114000e-05	-2.294823e-02	7.264729e+00
2.115000e-05	8.084502e-03	7.362152e+00
2.116000e-05	2.859722e-03	7.588427e+00
2.117000e-05	-1.777396e-02	7.695817e+00
2.118000e-05	-1.014386e-02	7.814283e+00
2.119000e-05	-2.202349e-02	8.009603e+00
2.120000e-05	3.150235e-03	8.096940e+00
2.121000e-05	-9.754904e-03	8.254234e+00
2.122000e-05	-6.788088e-03	8.347397e+00
2.123000e-05	-1.325742e-02	8.474659e+00
2.124000e-05	-6.787408e-03	8.567946e+00
2.125000e-05	-1.699999e-03	8.613182e+00
2.126000e-05	-1.577056e-02	8.705945e+00
2.127000e-05	-1.536626e-02	8.843786e+00
2.128000e-05	-1.606604e-02	8.969022e+00
2.129000e-05	-2.780590e-03	9.055261e+00
2.130000e-05	-8.120901e-03	9.169053e+00
2.131000e-05	-1.195247e-02	9.263792e+00
2.132000e-05	-1.618801e-02	9.348497e+00
2.133000e-05	-1.006886e-02	9.463734e+00
2.134000e-05	-8.243052e-03	9.557050e+00
2.135000e-05	-1.281277e-02	9.661785e+00
2.136000e-05	-1.338755e-02	9.717919e+00
2.137000e-05	-1.301786e-02	9.821183e+00
2.138000e-05	-7.473361e-03	9.907418e+00
2.139000e-05	-1.070272e-02	1.001126e+01
2.140000e-05	-1.513064e-02	1.009637e+01
2.141000e-05	-1.994713e-02	1.021000e+01
2.142000e-05	-1.396233e-02	1.022173e+01
2.143000e-05	-1.051296e-02	1.031542e+01
2.144000e-05	-1.107666e-02	1.037055e+01
2.145000e-05	-1.500093e-02	1.048334e+01
2.146000e-05	-1.583977e-02	1.053792e+01
2.147000e-05	-1.248547e-02	1.057216e+01
2.148000e-05	-1.512695e-02	1.068379e+01
2.149000e-05	-1.542252e-02	1.075588e+01
2.150000e-05	-2.325950e-02	1.082076e+01
2.151000e-05	-1.393632e-02	1.086424e+01
2.152000e-05	-1.482059e-02	1.092639e+01
2.153000e-05	-1.051997e-02	1.098995e+01
2.154000e-05	-1.948456e-02	1.100058e+01
2.155000e-05	-1.769969e-02	1.106231e+01
2.156000e-05	-1.764652e-02	1.106444e+01
2.157000e-05	-1.579483e-02	1.112650e+01
2.158000e-05	-1.979231e-02	1.119851e+01
2.159000e-05	-2.158874e-02	1.117061e+01
2.160000e-05	-2.064703e-02	1.125223e+01
2.161000e-05	-1.538982e-02	1.127341e+01
2.162000e-05	-1.644167e-02	1.129597e+01
2.163000e-05	-2.066295e-02	1.131690e+01
2.164000e-05	-2.168030e-02	1.134855e+01
2.165000e-05	-2.457569e-02	1.140750e+01
2.166000e-05	-1.705994e-02	1.140058e+01
2.167000e-05	-2.434179e-02	1.141958e+01
2.168000e-05	-1.961216e-02	1.142168e+01
2.169000e-05	-2.456835e-02	1.144012e+01
2.170000e-05	-1.798255e-02	1.148266e+01
2.171000e-05	-2.163868e-02	1.147226e+01
2.172000e-05	-2.395072e-02	1.144421e+01
2.173000e-05	-2.907099e-02	1.145227e+01
2.174000e-05	-2.887510e-02	1.145316e+01
2.175000e-05	-2.596164e-02	1.146374e+01
2.176000e-05	-2.535652e-02	1.144174e+01
2.177000e-05	-2.626673e-02	1.146164e+01
2.178000e-05	-2.841914e-02	1.143158e+01
2.179000e-05	-2.582049e-02	1.138003e+01
2.180000e-05	-2.908167e-02	1.138053e+01
2.181000e-05	-3.157274e-02	1.132903e+01
2.182000e-05	-3.616695e-02	1.134700e+01
2.183000e-05	-3.336700e-02	1.129737e+01
2.184000e-05	-3.234033e-02	1.125434e+01
2.185000e-05	-3.244384e-02	1.128164e+01
2.186000e-05	-3.442970e-02	1.118063e+01
2.187000e-05	-3.550633e-02	1.115800e+01
2.188000e-05	-3.437648e-02	1.115643e+01
2.189000e-05	-3.735482e-02	1.110274e+01
2.190000e-05	-4.028946e-02	1.101271e+01
2.191000e-05	-4.146619e-02	1.102958e+01
2.192000e-05	-4.047273e-02	1.096950e+01
2.193000e-05	-4.115794e-02	1.092642e+01
2.194000e-05	-4.395941e-02	1.089433e+01
2.195000e-05	-4.448377e-02	1.080111e+01
2.196000e-05	-4.606461e-02	1.074557e+01
2.197000e-05	-4.580352e-02	1.064469e+01
2.198000e-05	-4.726724e-02	1.061971e+01
2.199000e-05	-4.925627e-02	1.061697e+01
2.200000e-05	-5.200645e-02	1.048487e+01
2.201000e-05	-4.981014e-02	1.044056e+01
2.202000e-05	-4.964459e-02	1.037650e+01
2.203000e-05	-4.795091e-02	1.024266e+01
2.204000e-05	-4.828843e-02	1.020958e+01
2.205000e-05	-4.540385e-02	1.011682e+01
2.206000e-05	-4.222698e-02	1.006116e+01
2.207000e-05	-4.124366e-02	9.926599e+00
2.208000e-05	-3.730370e-02	9.882216e+00
2.209000e-05	-3.755975e-02	9.838978e+00
2.210000e-05	-3.516814e-02	9.693794e+00
2.211000e-05	-3.306526e-02	9.587030e+00
2.212000e-05	-3.072448e-02	9.503288e+00
2.213000e-05	-3.051654e-02	9.389102e+00
2.214000e-05	-2.829776e-02	9.316396e+00
2.215000e-05	-2.559609e-02	9.271634e+00
2.216000e-05	-2.325196e-02	9.105892e+00
2.217000e-05	-2.272158e-02	9.020531e+00
2.218000e-05	-2.309725e-02	8.914343e+00
2.219000e-05	-2.258221e-02	8.797030e+00
2.220000e-05	-2.213230e-02	8.692188e+00
2.221000e-05	-2.091445e-02	8.568999e+00
2.222000e-05	-1.925960e-02	8.503711e+00
2.223000e-05	-1.867489e-02	8.367001e+00
2.224000e-05	-1.730631e-02	8.271109e+00
2.225000e-05	-1.653024e-02	8.105846e+00
2.226000e-05	-1.667479e-02	7.987526e+00
2.227000e-05	-1.598661e-02	7.862765e+00
2.228000e-05	-1.628699e-02	7.777343e+00
2.229000e-05	-1.500437e-02	7.649630e+00
2.230000e-05	-1.340848e-02	7.482715e+00
2.231000e-05	-1.366375e-02	7.304822e+00
2.232000e-05	-1.373922e-02	7.175498e+00
2.233000e-05	-1.443685e-02	7.072659e+00
2.234000e-05	-1.442238e-02	6.935768e+00
2.235000e-05	-1.295495e-02	6.818000e+00
2.236000e-05	-1.157654e-02	6.653189e+00
2.237000e-05	-1.140909e-02	6.513321e+00
2.238000e-05	-1.093500e-02	6.356424e+00
2.239000e-05	-1.096067e-02	6.270610e+00
2.240000e-05	-1.100667e-02	6.133266e+00
2.241000e-05	-1.139458e-02	5.989049e+00
2.242000e-05	-1.183605e-02	5.841032e+00
2.243000e-05	-1.130146e-02	5.652286e+00
2.244000e-05	-9.822000e-03	5.525818e+00
2.245000e-05	-1.003762e-02	5.397898e+00
2.246000e-05	-8.684863e-03	5.229102e+00
2.247000e-05	-8.533207e-03	5.028582e+00
2.248000e-05	-8.939426e-03	4.840034e+00
2.249000e-05	-1.072497e-02	4.682190e+00
2.250000e-05	-1.089422e-02	4.526271e+00
2.251000e-05	-8.431793e-03	4.410030e+00
2.252000e-05	-8.119538e-03	4.261035e+00
2.253000e-05	-8.368305e-03	4.052079e+00
2.254000e-05	-8.354627e-03	3.905293e+00
2.255000e-05	-7.998832e-03	3.705367e+00
2.256000e-05	-6.759397e-03	3.650975e+00
2.257000e-05	-7.279991e-03	3.443180e+00
2.258000e-05	-7.901563e-03	3.271581e+00
2.259000e-05	-7.951582e-03	3.094793e+00
2.260000e-05	-7.573129e-03	2.957841e+00
2.261000e-05	-6.140850e-03	2.840526e+00
2.262000e-05	-8.119753e-03	2.641109e+00
2.263000e-05	-9.007550e-03	2.451106e+00
2.264000e-05	-8.354422e-03	2.242237e+00
2.265000e-05	-6.338077e-03	2.114867e+00
2.266000e-05	-5.294486e-03	1.998420e+00
2.267000e-05	-5.276167e-03	1.829931e+00
2.268000e-05	-6.332208e-03	1.652109e+00
2.269000e-05	-6.625282e-03	1.493188e+00
2.270000e-05	-5.270620e-03	1.304689e+00
2.271000e-05	-6.190058e-03	1.104291e+00
2.272000e-05	-7.878469e-03	9.046893e-01
2.273000e-05	-6.962992e-03	7.543171e-01
2.274000e-05	-5.652410e-03	5.574472e-01
2.275000e-05	-3.858828e-03	4.205038e-01
2.276000e-05	-4.826410e-03	2.822330e-01
2.277000e-05	-4.951951e-03	4.156001e-02
2.278000e-05	-4.957794e-03	-1.058106e-01
2.279000e-05	1.595814e-03	-2.441041e-01
2.280000e-05	5.062945e-03	-3.790464e-01
2.281000e-05	-1.856518e-03	-4.918934e-01
2.282000e-05	-5.696734e-04	-7.189424e-01
2.283000e-05	-9.382006e-04	-9.067369e-01
2.284000e-05	1.070092e-03	-1.012029e+00
2.285000e-05	2.499518e-03	-1.159945e+00
2.286000e-05	3.320450e-02	-1.349499e+00
2.287000e-05	1.050635e-01	-1.591546e+00
2.288000e-05	-3.943403e-02	-1.823184e+00
2.289000e-05	-1.683729e-02	-2.032128e+00
2.290000e-05	-8.787839e-02	-2.265704e+00
2.291000e-05	-3.718639e-02	-2.367419e+00
2.292000e-05	1.544291e-01	-2.379526e+00
2.293000e-05	-1.496294e-01	-2.611228e+00
2.294000e-05	2.271198e-02	-2.780447e+00
2.295000e-05	1.723117e-01	-2.862608e+00
2.296000e-05	-1.823905e-01	-3.097937e+00
2.297000e-05	5.887026e-02	-3.285763e+00
2.298000e-05	8.098321e-02	-3.422600e+00
2.299000e-05	-1.795175e-01	-3.600525e+00
2.300000e-05	1.154772e-01	-3.644814e+00
2.301000e-05	-6.154032e-03	-3.906342e+00
2.302000e-05	-3.148698e-02	-4.107388e+00
2.303000e-05	1.563949e-01	-4.180158e+00
2.304000e-05	-1.575808e-01	-4.409951e+00
2.305000e-05	6.911914e-02	-4.544941e+00
2.306000e-05	1.629245e-02	-4.656259e+00
2.307000e-05	-8.848242e-02	-4.864286e+00
2.308000e-05	1.321138e-01	-4.978702e+00
2.309000e-05	-9.016492e-02	-5.159501e+00
2.310000e-05	7.626980e-02	-5.335946e+00
2.311000e-05	-9.804181e-03	-5.497814e+00
2.312000e-05	-3.960491e-02	-5.686336e+00
2.313000e-05	8.501027e-02	-5.809602e+00
2.314000e-05	-1.205840e-01	-5.967921e+00
2.315000e-05	1.107483e-01	-6.055344e+00
2.316000e-05	-2.424075e-02	-6.235737e+00
2.317000e-05	-3.042462e-03	-6.442680e+00
2.318000e-05	5.943043e-02	-6.536945e+00
2.319000e-05	-8.544354e-02	-6.664288e+00
2.320000e-05	9.376921e-02	-6.803680e+00
2.321000e-05	-6.620978e-02	-6.940000e+00
2.322000e-05	4.242130e-02	-7.137993e+00
2.323000e-05	-2.288544e-03	-7.253310e+00
2.324000e-05	-8.395204e-03	-7.361200e+00
2.325000e-05	5.938680e-02	-7.526419e+00
2.326000e-05	-5.578351e-02	-7.675392e+00
2.327000e-05	5.394916e-02	-7.842209e+00
2.328000e-05	-4.270388e-02	-7.989579e+00
2.329000e-05	3.718095e-02	-8.095937e+00
2.330000e-05	4.274796e-03	-8.191654e+00
2.331000e-05	-4.347120e-03	-8.326365e+00
2.332000e-05	2.521369e-02	-8.421633e+00
2.333000e-05	-1.798629e-02	-8.558924e+00
2.334000e-05	4.099503e-02	-8.703259e+00
2.335000e-05	-2.236413e-02	-8.802130e+00
2.336000e-05	1.909597e-02	-8.885818e+00
2.337000e-05	-1.013383e-02	-9.020078e+00
2.338000e-05	1.891522e-02	-9.087366e+00
2.339000e-05	1.311543e-02	-9.179605e+00
2.340000e-05	2.098458e-03	-9.295293e+00
2.341000e-05	1.172893e-02	-9.398028e+00
2.342000e-05	-3.014146e-03	-9.474411e+00
2.343000e-05	2.016631e-02	-9.580528e+00
2.344000e-05	-2.717237e-03	-9.706393e+00
2.345000e-05	1.478613e-02	-9.800576e+00
2.346000e-05	-1.283609e-03	-9.842789e+00
2.347000e-05	1.992352e-02	-9.947520e+00
2.348000e-05	8.561920e-03	-1.003321e+01
2.349000e-05	9.753600e-03	-1.012792e+01
2.350000e-05	2.440077e-03	-1.017166e+01
2.351000e-05	5.229430e-03	-1.029485e+01
2.352000e-05	1.594053e-02	-1.039000e+01
2.353000e-05	8.366206e-03	-1.047579e+01
2.354000e-05	1.225214e-02	-1.052747e+01
2.355000e-05	2.989089e-03	-1.062013e+01
2.356000e-05	1.534593e-02	-1.067426e+01
2.357000e-05	8.801626e-03	-1.071592e+01
2.358000e-05	1.346888e-02	-1.075910e+01
2.359000e-05	5.189524e-03	-1.081216e+01
2.360000e-05	1.134095e-02	-1.088634e+01
2.361000e-05	1.497200e-02	-1.092758e+01
2.362000e-05	1.365444e-02	-1.099963e+01
2.363000e-05	1.121236e-02	-1.103318e+01
2.364000e-05	5.402665e-03	-1.106532e+01
2.365000e-05	1.278069e-02	-1.117807e+01
2.366000e-05	1.388695e-02	-1.117863e+01
2.367000e-05	1.619019e-02	-1.121021e+01
2.368000e-05	1.056700e-02	-1.126234e+01
2.369000e-05	1.329695e-02	-1.128489e+01
2.370000e-05	1.543400e-02	-1.133755e+01
2.371000e-05	1.521044e-02	-1.135060e+01
2.372000e-05	1.223907e-02	-1.138851e+01
2.373000e-05	1.097877e-02	-1.139316e+01
2.374000e-05	1.470916e-02	-1.143224e+01
2.375000e-05	1.807806e-02	-1.149237e+01
2.376000e-05	1.739356e-02	-1.150649e+01
2.377000e-05	1.425603e-02	-1.152640e+01
2.378000e-05	1.577222e-02	-1.153593e+01
2.379000e-05	1.745508e-02	-1.156747e+01
2.380000e-05	1.864497e-02	-1.160860e+01
2.381000e-05	1.726039e-02	-1.154908e+01
2.382000e-05	1.619706e-02	-1.157908e+01
2.383000e-05	1.881068e-02	-1.157758e+01
2.384000e-05	2.017493e-02	-1.157955e+01
2.385000e-05	2.043783e-02	-1.155758e+01
2.386000e-05	1.953440e-02	-1.155803e+01
2.387000e-05	2.036592e-02	-1.153607e+01
2.388000e-05	2.358598e-02	-1.155837e+01
2.389000e-05	2.391765e-02	-1.148599e+01
2.390000e-05	2.281938e-02	-1.146424e+01
2.391000e-05	2.393170e-02	-1.145374e+01
2.392000e-05	2.525163e-02	-1.142766e+01
2.393000e-05	2.488505e-02	-1.137098e+01
2.394000e-05	2.630310e-02	-1.135753e+01
2.395000e-05	2.648202e-02	-1.125540e+01
2.396000e-05	2.726553e-02	-1.128437e+01
2.397000e-05	2.761213e-02	-1.125174e+01
2.398000e-05	2.893368e-02	-1.126964e+01
2.399000e-05	3.078079e-02	-1.113600e+01
2.400000e-05	3.021226e-02	-1.109692e+01
2.401000e-05	3.125968e-02	-1.110169e+01
2.402000e-05	3.293915e-02	-1.102013e+01
2.403000e-05	3.384703e-02	-1.096607e+01
2.404000e-05	3.482768e-02	-1.091532e+01
2.405000e-05	3.553840e-02	-1.086274e+01
2.406000e-05	3.827619e-02	-1.082913e+01
2.407000e-05	4.063618e-02	-1.076645e+01
2.408000e-05	4.119202e-02	-1.070532e+01
2.409000e-05	4.090523e-02	-1.063371e+01
2.410000e-05	4.136268e-02	-1.058953e+01
2.411000e-05	4.243933e-02	-1.050392e+01
2.412000e-05	4.130296e-02	-1.048263e+01
2.413000e-05	3.924058e-02	-1.038898e+01
2.414000e-05	3.813490e-02	-1.029329e+01
2.415000e-05	3.567645e-02	-1.019058e+01
2.416000e-05	3.497849e-02	-1.010682e+01
2.417000e-05	3.344648e-02	-1.005016e+01
2.418000e-05	3.126623e-02	-9.977474e+00
2.419000e-05	2.845063e-02	-9.863685e+00
2.420000e-05	2.587914e-02	-9.789506e+00
2.421000e-05	2.462764e-02	-9.736392e+00
2.422000e-05	2.201007e-02	-9.629655e+00
2.423000e-05	1.987064e-02	-9.495822e+00
2.424000e-05	1.965420e-02	-9.409636e+00
2.425000e-05	1.674640e-02	-9.295422e+00
2.426000e-05	1.697199e-02	-9.219054e+00
2.427000e-05	1.495795e-02	-9.103763e+00
2.428000e-05	1.421001e-02	-8.978530e+00
2.429000e-05	1.246029e-02	-8.903288e+00
2.430000e-05	1.383354e-02	-8.739027e+00
2.431000e-05	1.054815e-02	-8.631187e+00
2.432000e-05	1.028086e-02	-8.566402e+00
2.433000e-05	6.460894e-03	-8.390604e+00
2.434000e-05	8.091456e-03	-8.304843e+00
2.435000e-05	5.942012e-03	-8.179079e+00
2.436000e-05	8.826887e-03	-8.092712e+00
2.437000e-05	6.445673e-03	-7.948547e+00
2.438000e-05	8.346904e-03	-7.821659e+00
2.439000e-05	6.457719e-03	-7.684767e+00
2.440000e-05	5.902686e-03	-7.567817e+00
2.441000e-05	2.555168e-03	-7.410504e+00
2.442000e-05	1.943656e-03	-7.264238e+00
2.443000e-05	2.260279e-03	-7.146501e+00
2.444000e-05	2.972473e-03	-7.028036e+00
2.445000e-05	3.444468e-03	-6.890259e+00
2.446000e-05	3.088808e-03	-6.734847e+00
2.447000e-05	3.123052e-03	-6.607554e+00
2.448000e-05	2.128592e-03	-6.505188e+00
2.449000e-05	1.137562e-03	-6.365896e+00
2.450000e-05	2.625220e-04	-6.197530e+00
2.451000e-05	-2.251436e-04	-6.031108e+00
2.452000e-05	-9.543875e-04	-5.903289e+00
2.453000e-05	8.447069e-07	-5.755452e+00
2.454000e-05	9.179277e-06	-5.628649e+00
2.455000e-05	-9.078212e-04	-5.452239e+00
2.456000e-05	-1.277538e-03	-5.301638e+00
2.457000e-05	-7.574299e-04	-5.072291e+00
2.458000e-05	-1.676506e-03	-4.923822e+00
2.459000e-05	-1.832745e-03	-4.735369e+00
2.460000e-05	-2.053567e-03	-4.596471e+00
2.461000e-05	-3.047645e-03	-4.461609e+00
2.462000e-05	-2.639915e-03	-4.325741e+00
2.463000e-05	-3.832378e-03	-4.177446e+00
2.464000e-05	-2.941355e-03	-3.979163e+00
2.465000e-05	-3.323449e-03	-3.884137e+00
2.466000e-05	-3.783098e-03	-3.671713e+00
2.467000e-05	-4.088832e-03	-3.494821e+00
2.468000e-05	-4.127535e-03	-3.408400e+00
2.469000e-05	-3.671528e-03	-3.260476e+00
2.470000e-05	-5.461959e-03	-3.023707e+00
2.471000e-05	-4.730141e-03	-2.851578e+00
2.472000e-05	-4.687975e-03	-2.694868e+00
2.473000e-05	-4.096593e-03	-2.574846e+00
2.474000e-05	-5.147598e-03	-2.410950e+00
2.475000e-05	-5.483490e-03	-2.199479e+00
2.476000e-05	-6.046031e-03	-2.001508e+00
2.477000e-05	-5.461922e-03	-1.903291e+00
2.478000e-05	-5.899462e-03	-1.765317e+00
2.479000e-05	-6.123249e-03	-1.627998e+00
2.480000e-05	-5.702515e-03	-1.313923e+00
2.481000e-05	-4.768537e-03	-1.188945e+00
2.482000e-05	-6.009465e-03	-1.030526e+00
2.483000e-05	-6.436130e-03	-8.531341e-01
2.484000e-05	-8.067239e-03	-7.157370e-01
2.485000e-05	-6.444995e-03	-4.637129e-01
2.486000e-05	-5.982842e-03	-3.653460e-01
2.487000e-05	-5.941243e-03	-2.305788e-01
2.488000e-05	-5.571021e-03	2.105125e-02
2.489000e-05	-1.763115e-03	1.379670e-01
2.490000e-05	7.895906e-04	3.584159e-01
2.491000e-05	-1.466716e-03	4.627568e-01
2.492000e-05	-2.502670e-04	6.215551e-01
2.493000e-05	-3.195673e-03	7.794449e-01
2.494000e-05	-2.260695e-03	9.168643e-01
2.495000e-05	-1.799341e-03	1.157316e+00
2.496000e-05	1.529932e-02	1.297312e+00
2.497000e-05	7.402239e-02	1.547761e+00
2.498000e-05	1.923975e-02	1.779899e+00
2.499000e-05	-4.786565e-02	1.979345e+00
2.500000e-05	-3.532520e-02	2.084239e+00
2.501000e-05	-9.650864e-02	2.220100e+00
2.502000e-05	1.354649e-02	2.295365e+00
2.503000e-05	9.773788e-02	2.514741e+00
2.504000e-05	-1.700209e-01	2.677341e+00
2.505000e-05	1.012244e-01	2.821052e+00
2.506000e-05	7.513886e-02	2.991578e+00
2.507000e-05	-1.227442e-01	3.188971e+00
2.508000e-05	8.220571e-02	3.223209e+00
2.509000e-05	-2.848748e-02	3.526311e+00
2.510000e-05	-9.111075e-02	3.632629e+00
2.511000e-05	8.078105e-02	3.788599e+00
2.512000e-05	-2.318770e-02	3.957947e+00
2.513000e-05	1.192153e-02	4.035814e+00
2.514000e-05	2.226139e-02	4.296786e+00
2.515000e-05	-6.918742e-02	4.463631e+00
2.516000e-05	3.501612e-02	4.590596e+00
2.517000e-05	-3.458030e-02	4.728969e+00
2.518000e-05	8.452408e-03	4.876894e+00
2.519000e-05	-8.676734e-03	5.119912e+00
2.520000e-05	2.268886e-03	5.345917e+00
2.521000e-05	2.004063e-02	5.473639e+00
2.522000e-05	-3.917621e-02	5.589572e+00
2.523000e-05	1.757599e-02	5.716944e+00
2.524000e-05	-3.758042e-02	5.937792e+00
2.525000e-05	-1.330694e-02	6.053207e+00
2.526000e-05	3.052161e-02	6.190128e+00
2.527000e-05	-1.969541e-02	6.336291e+00
2.528000e-05	4.421474e-03	6.433184e+00
2.529000e-05	-2.170559e-02	6.600531e+00
2.530000e-05	-6.055904e-03	6.780027e+00
2.531000e-05	-8.537669e-04	6.896762e+00
2.532000e-05	-1.881398e-02	7.092214e+00
2.533000e-05	-2.255577e-03	7.107945e+00
2.534000e-05	-2.048262e-02	7.286317e+00
2.535000e-05	1.517878e-02	7.502655e+00
2.536000e-05	-9.093039e-03	7.603054e+00
2.537000e-05	-1.772361e-02	7.778971e+00
2.538000e-05	-1.352443e-02	7.886335e+00
2.539000e-05	-1.455331e-02	8.051634e+00
2.540000e-05	5.794604e-03	8.168476e+00
2.541000e-05	-1.350874e-02	8.273259e+00
2.542000e-05	-8.468668e-03	8.388453e+00
2.543000e-05	-1.462120e-02	8.454341e+00
2.544000e-05	-1.688719e-03	8.559048e+00
2.545000e-05	-5.998444e-03	8.663313e+00
2.546000e-05	-1.911082e-02	8.777424e+00
2.547000e-05	-1.517040e-02	8.885792e+00
2.548000e-05	-1.159707e-02	9.000582e+00
2.549000e-05	1.390235e-03	9.115269e+00
2.550000e-05	-1.041110e-02	9.230206e+00
2.551000e-05	-1.345170e-02	9.286292e+00
2.552000e-05	-1.497303e-02	9.399104e+00
2.553000e-05	-7.507775e-03	9.503817e+00
2.554000e-05	-9.746711e-03	9.570029e+00
2.555000e-05	-1.465101e-02	9.682266e+00
2.556000e-05	-1.470434e-02	9.741023e+00
2.557000e-05	-1.140374e-02	9.843189e+00
2.558000e-05	-4.738770e-03	9.965972e+00
2.559000e-05	-1.210145e-02	1.005224e+01
2.560000e-05	-1.657870e-02	1.012689e+01
2.561000e-05	-1.812420e-02	1.023955e+01
2.562000e-05	-1.002902e-02	1.029519e+01
2.563000e-05	-9.746667e-03	1.030802e+01
2.564000e-05	-1.504898e-02	1.042076e+01
2.565000e-05	-1.655915e-02	1.049587e+01
2.566000e-05	-1.529061e-02	1.056908e+01
2.567000e-05	-1.087278e-02	1.062113e+01
2.568000e-05	-1.534837e-02	1.067282e+01
2.569000e-05	-1.779165e-02	1.078895e+01
2.570000e-05	-1.866210e-02	1.085126e+01
2.571000e-05	-1.170116e-02	1.090584e+01
2.572000e-05	-1.196214e-02	1.092794e+01
2.573000e-05	-1.619277e-02	1.099905e+01
2.574000e-05	-2.036263e-02	1.102313e+01
2.575000e-05	-2.078182e-02	1.109419e+01
2.576000e-05	-1.547568e-02	1.109482e+01
2.577000e-05	-1.625235e-02	1.117652e+01
2.578000e-05	-1.961622e-02	1.117813e+01
2.579000e-05	-2.021418e-02	1.121114e+01
2.580000e-05	-1.790143e-02	1.123121e+01
2.581000e-05	-1.691448e-02	1.127379e+01
2.582000e-05	-1.975988e-02	1.130577e+01
2.583000e-05	-2.419410e-02	1.135600e+01
2.584000e-05	-2.381918e-02	1.133955e+01
2.585000e-05	-1.944573e-02	1.137905e+01
2.586000e-05	-1.843506e-02	1.136006e+01
2.587000e-05	-2.116064e-02	1.140261e+01
2.588000e-05	-2.423268e-02	1.143066e+01
2.589000e-05	-2.230161e-02	1.147171e+01
2.590000e-05	-2.103381e-02	1.144474e+01
2.591000e-05	-2.367457e-02	1.143326e+01
2.592000e-05	-2.653120e-02	1.142219e+01
2.593000e-05	-2.793489e-02	1.147217e+01
2.594000e-05	-2.511032e-02	1.145226e+01
2.595000e-05	-2.449812e-02	1.144169e+01
2.596000e-05	-2.571586e-02	1.148311e+01
2.597000e-05	-2.871900e-02	1.142213e+01
2.598000e-05	-2.882829e-02	1.141964e+01
2.599000e-05	-2.961811e-02	1.137948e+01
2.600000e-05	-3.138083e-02	1.138858e+01
2.601000e-05	-3.346600e-02	1.135898e+01
2.602000e-05	-3.393007e-02	1.133642e+01
2.603000e-05	-3.163266e-02	1.130737e+01
2.604000e-05	-3.174412e-02	1.128171e+01
2.605000e-05	-3.306901e-02	1.128124e+01
2.606000e-05	-3.321954e-02	1.118958e+01
2.607000e-05	-3.724307e-02	1.117855e+01
2.608000e-05	-3.831733e-02	1.110682e+01
2.609000e-05	-4.040115e-02	1.102179e+01
2.610000e-05	-4.015666e-02	1.105211e+01
2.611000e-05	-4.047243e-02	1.100000e+01
2.612000e-05	-3.819284e-02	1.095597e+01
2.613000e-05	-3.932391e-02	1.091589e+01
2.614000e-05	-4.093529e-02	1.087021e+01
2.615000e-05	-4.587845e-02	1.076898e+01
2.616000e-05	-4.834183e-02	1.075592e+01
2.617000e-05	-5.066474e-02	1.064166e+01
2.618000e-05	-5.027440e-02	1.059003e+01
2.619000e-05	-4.883095e-02	1.054792e+01
2.620000e-05	-4.757143e-02	1.049279e+01
2.621000e-05	-4.709839e-02	1.043103e+01
2.622000e-05	-4.640747e-02	1.031534e+01
2.623000e-05	-4.656542e-02	1.026211e+01
2.624000e-05	-4.684968e-02	1.017745e+01
2.625000e-05	-4.716135e-02	1.013484e+01
2.626000e-05	-4.521853e-02	1.003116e+01
2.627000e-05	-3.942012e-02	9.923897e+00
2.628000e-05	-3.545770e-02	9.831059e+00
2.629000e-05	-3.448627e-02	9.727453e+00
2.630000e-05	-3.372630e-02	9.679713e+00
2.631000e-05	-3.128561e-02	9.556003e+00
2.632000e-05	-2.951418e-02	9.473234e+00
2.633000e-05	-2.943626e-02	9.388550e+00
2.634000e-05	-2.948502e-02	9.304238e+00
2.635000e-05	-2.699443e-02	9.189577e+00
2.636000e-05	-2.453344e-02	9.062693e+00
2.637000e-05	-2.255012e-02	8.967502e+00
2.638000e-05	-2.206590e-02	8.851686e+00
2.639000e-05	-2.134400e-02	8.716295e+00
2.640000e-05	-2.075697e-02	8.650534e+00
2.641000e-05	-1.962035e-02	8.557322e+00
2.642000e-05	-2.019055e-02	8.419580e+00
2.643000e-05	-1.904493e-02	8.326267e+00
2.644000e-05	-1.885219e-02	8.222534e+00
2.645000e-05	-1.770740e-02	8.084260e+00
2.646000e-05	-1.603633e-02	7.944801e+00
2.647000e-05	-1.694107e-02	7.821181e+00
2.648000e-05	-1.588913e-02	7.694768e+00
2.649000e-05	-1.646680e-02	7.598025e+00
2.650000e-05	-1.436557e-02	7.420081e+00
2.651000e-05	-1.467632e-02	7.292738e+00
2.652000e-05	-1.423236e-02	7.156374e+00
2.653000e-05	-1.424598e-02	7.011603e+00
2.654000e-05	-1.369393e-02	6.903742e+00
2.655000e-05	-1.202316e-02	6.777450e+00
2.656000e-05	-1.234926e-02	6.639584e+00
2.657000e-05	-1.189895e-02	6.464163e+00
2.658000e-05	-1.319812e-02	6.336343e+00
2.659000e-05	-1.162572e-02	6.220003e+00
2.660000e-05	-1.126001e-02	6.112683e+00
2.661000e-05	-1.163597e-02	5.985845e+00
2.662000e-05	-1.148842e-02	5.818005e+00
2.663000e-05	-1.060181e-02	5.591130e+00
2.664000e-05	-9.542531e-03	5.471687e+00
2.665000e-05	-9.892783e-03	5.314318e+00
2.666000e-05	-1.099968e-02	5.179896e+00
2.667000e-05	-1.030338e-02	4.997271e+00
2.668000e-05	-9.857317e-03	4.818527e+00
2.669000e-05	-8.747742e-03	4.669630e+00
2.670000e-05	-9.019794e-03	4.503235e+00
2.671000e-05	-8.718967e-03	4.375917e+00
2.672000e-05	-7.494322e-03	4.197952e+00
2.673000e-05	-7.703817e-03	3.997976e+00
2.674000e-05	-8.726579e-03	3.843138e+00
2.675000e-05	-8.709240e-03	3.693717e+00
2.676000e-05	-9.094410e-03	3.566369e+00
2.677000e-05	-7.157111e-03	3.387002e+00
2.678000e-05	-6.576937e-03	3.198952e+00
2.679000e-05	-7.649482e-03	3.052235e+00
2.680000e-05	-7.755922e-03	2.913163e+00
2.681000e-05	-6.687931e-03	2.767421e+00
2.682000e-05	-5.573847e-03	2.557873e+00
2.683000e-05	-6.760205e-03	2.388450e+00
2.684000e-05	-6.728808e-03	2.219553e+00
2.685000e-05	-6.509267e-03	2.082111e+00
2.686000e-05	-5.625417e-03	1.937341e+00
2.687000e-05	-6.215320e-03	1.755897e+00
2.688000e-05	-7.089566e-03	1.609422e+00
2.689000e-05	-6.663052e-03	1.420927e+00
2.690000e-05	-6.181953e-03	1.231055e+00
2.691000e-05	-4.718676e-03	1.071055e+00
2.692000e-05	-4.680462e-03	8.805327e-01
2.693000e-05	-5.621233e-03	6.936340e-01
2.694000e-05	-5.082464e-03	5.343207e-01
2.695000e-05	-4.820650e-03	3.989751e-01
2.696000e-05	-5.196446e-03	1.884738e-01
2.697000e-05	-5.110625e-03	1.797619e-02
2.698000e-05	-4.585132e-03	-1.269671e-01
2.699000e-05	3.243890e-03	-2.668382e-01
2.700000e-05	2.695015e-03	-3.930302e-01
2.701000e-05	3.455907e-04	-5.930754e-01
2.702000e-05	1.440745e-03	-8.016001e-01
2.703000e-05	-6.674228e-04	-9.379397e-01
2.704000e-05	-6.252114e-04	-1.065186e+00
2.705000e-05	6.493119e-03	-1.212178e+00
2.706000e-05	6.649448e-02	-1.414686e+00
2.707000e-05	6.430569e-02	-1.614784e+00
2.708000e-05	-5.067694e-02	-1.906390e+00
2.709000e-05	-1.736245e-02	-2.128942e+00
2.710000e-05	-1.191572e-01	-2.306341e+00
2.711000e-05	6.792164e-02	-2.387999e+00
2.712000e-05	8.337990e-02	-2.422683e+00
2.713000e-05	-1.964945e-01	-2.676337e+00
2.714000e-05	1.525254e-01	-2.799575e+00
2.715000e-05	6.000713e-02	-2.876812e+00
2.716000e-05	-1.783763e-01	-3.191620e+00
2.717000e-05	1.531295e-01	-3.297370e+00
2.718000e-05	-3.851633e-02	-3.484761e+00
2.719000e-05	-1.247817e-01	-3.623180e+00
2.720000e-05	1.543446e-01	-3.708444e+00
2.721000e-05	-9.715703e-02	-3.970546e+00
2.722000e-05	7.924710e-02	-4.156939e+00
2.723000e-05	6.748642e-02	-4.242736e+00
2.724000e-05	-1.523912e-01	-4.452755e+00
2.725000e-05	1.344436e-01	-4.518472e+00
2.726000e-05	-8.781571e-02	-4.768469e+00
2.727000e-05	1.353679e-02	-4.926896e+00
2.728000e-05	7.255514e-02	-5.002203e+00
2.729000e-05	-8.304182e-02	-5.193729e+00
2.730000e-05	1.138542e-01	-5.371676e+00
2.731000e-05	-8.328001e-02	-5.591070e+00
2.732000e-05	4.391768e-02	-5.736343e+00
2.733000e-05	9.379102e-03	-5.853634e+00
2.734000e-05	-7.694920e-02	-5.991075e+00
2.735000e-05	1.275667e-01	-6.107388e+00
2.736000e-05	-8.404521e-02	-6.336466e+00
2.737000e-05	6.907483e-02	-6.444810e+00
2.738000e-05	-1.881391e-02	-6.549047e+00
2.739000e-05	-2.730021e-02	-6.737896e+00
2.740000e-05	6.970640e-02	-6.843809e+00
2.741000e-05	-7.535828e-02	-7.012658e+00
2.742000e-05	7.739268e-02	-7.190499e+00
2.743000e-05	-4.832308e-02	-7.316870e+00
2.744000e-05	4.803376e-02	-7.452210e+00
2.745000e-05	7.320420e-03	-7.560576e+00
2.746000e-05	-2.417753e-02	-7.727496e+00
2.747000e-05	4.081884e-02	-7.895364e+00
2.748000e-05	-4.642185e-02	-8.042058e+00
2.749000e-05	5.848089e-02	-8.117418e+00
2.750000e-05	-2.689565e-02	-8.233759e+00
2.751000e-05	2.896404e-02	-8.377999e+00
2.752000e-05	-1.433788e-03	-8.463316e+00
2.753000e-05	7.879014e-03	-8.610057e+00
2.754000e-05	2.348147e-02	-8.696373e+00
2.755000e-05	-1.912876e-02	-8.843660e+00
2.756000e-05	2.314863e-02	-8.936944e+00
2.757000e-05	-1.431065e-02	-9.042634e+00
2.758000e-05	3.091804e-02	-9.125444e+00
2.759000e-05	-3.351025e-03	-9.201706e+00
2.760000e-05	1.479260e-02	-9.357849e+00
2.761000e-05	2.039519e-03	-9.411656e+00
2.762000e-05	8.725410e-03	-9.557495e+00
2.763000e-05	1.218820e-02	-9.643163e+00
2.764000e-05	1.420083e-03	-9.736947e+00
2.765000e-05	1.399988e-02	-9.790631e+00
2.766000e-05	6.798126e-06	-9.905296e+00
2.767000e-05	2.164438e-02	-9.979023e+00
2.768000e-05	1.638603e-03	-1.005527e+01
2.769000e-05	1.288395e-02	-1.014603e+01
2.770000e-05	-9.527779e-04	-1.024221e+01
2.771000e-05	1.336749e-02	-1.030591e+01
2.772000e-05	1.005128e-02	-1.036113e+01
2.773000e-05	1.041303e-02	-1.048587e+01
2.774000e-05	1.031692e-02	-1.054740e+01
2.775000e-05	8.506647e-03	-1.064321e+01
2.776000e-05	1.346789e-02	-1.065527e+01
2.777000e-05	5.471962e-03	-1.073847e+01
2.778000e-05	1.111626e-02	-1.080013e+01
2.779000e-05	4.349114e-03	-1.086334e+01
2.780000e-05	1.540730e-02	-1.089747e+01
2.781000e-05	1.141434e-02	-1.092953e+01
2.782000e-05	1.421451e-02	-1.103026e+01
2.783000e-05	9.699584e-03	-1.104276e+01
2.784000e-05	9.546875e-03	-1.109442e+01
2.785000e-05	1.286791e-02	-1.118947e+01
2.786000e-05	1.131360e-02	-1.120066e+01
2.787000e-05	1.301993e-02	-1.119224e+01
2.788000e-05	9.780966e-03	-1.128440e+01
2.789000e-05	1.424155e-02	-1.131632e+01
2.790000e-05	1.377268e-02	-1.133747e+01
2.791000e-05	1.355484e-02	-1.137906e+01
2.792000e-05	1.189852e-02	-1.140015e+01
2.793000e-05	1.356692e-02	-1.144228e+01
2.794000e-05	1.682731e-02	-1.146129e+01
2.795000e-05	1.720090e-02	-1.144494e+01
2.796000e-05	1.563691e-02	-1.150442e+01
2.797000e-05	1.391861e-02	-1.150445e+01
2.798000e-05	1.639678e-02	-1.152745e+01
2.799000e-05	1.739614e-02	-1.157858e+01
2.800000e-05	1.715783e-02	-1.154745e+01
2.801000e-05	1.678033e-02	-1.156748e+01
2.802000e-05	1.811567e-02	-1.157860e+01
2.803000e-05	2.075626e-02	-1.157901e+01
2.804000e-05	2.071595e-02	-1.155005e+01
2.805000e-05	1.977743e-02	-1.157953e+01
2.806000e-05	1.963995e-02	-1.154904e+01
2.807000e-05	2.081670e-02	-1.149737e+01
2.808000e-05	2.159509e-02	-1.152652e+01
2.809000e-05	2.452211e-02	-1.145197e+01
2.810000e-05	2.470259e-02	-1.146439e+01
2.811000e-05	2.472200e-02	-1.146168e+01
2.812000e-05	2.519170e-02	-1.141961e+01
2.813000e-05	2.636392e-02	-1.142000e+01
2.814000e-05	2.694776e-02	-1.136655e+01
2.815000e-05	2.627849e-02	-1.129395e+01
2.816000e-05	2.692991e-02	-1.128486e+01
2.817000e-05	2.979750e-02	-1.123271e+01
2.818000e-05	2.939267e-02	-1.117605e+01
2.819000e-05	3.049411e-02	-1.114855e+01
2.820000e-05	3.011584e-02	-1.107584e+01
2.821000e-05	3.217847e-02	-1.108124e+01
2.822000e-05	3.428687e-02	-1.101006e+01
2.823000e-05	3.654808e-02	-1.092690e+01
2.824000e-05	3.654421e-02	-1.090637e+01
2.825000e-05	3.676469e-02	-1.085008e+01
2.826000e-05	3.847687e-02	-1.076853e+01
2.827000e-05	3.979057e-02	-1.073547e+01
2.828000e-05	4.072573e-02	-1.068381e+01
2.829000e-05	4.090661e-02	-1.063013e+01
2.830000e-05	4.204418e-02	-1.056753e+01
2.831000e-05	4.240213e-02	-1.052482e+01
2.832000e-05	4.175261e-02	-1.043066e+01
2.833000e-05	3.942284e-02	-1.027490e+01
2.834000e-05	3.690399e-02	-1.026374e+01
2.835000e-05	3.623262e-02	-1.019845e+01
2.836000e-05	3.509834e-02	-1.011339e+01
2.837000e-05	3.243843e-02	-1.001063e+01
2.838000e-05	2.869347e-02	-9.964846e+00
2.839000e-05	2.749622e-02	-9.821633e+00
2.840000e-05	2.540125e-02	-9.787502e+00
2.841000e-05	2.406614e-02	-9.673764e+00
2.842000e-05	2.132314e-02	-9.568528e+00
2.843000e-05	1.981329e-02	-9.492716e+00
2.844000e-05	1.858687e-02	-9.407075e+00
2.845000e-05	1.811078e-02	-9.243311e+00
2.846000e-05	1.635844e-02	-9.147101e+00
2.847000e-05	1.269384e-02	-9.053211e+00
2.848000e-05	1.217515e-02	-8.947377e+00
2.849000e-05	1.234537e-02	-8.860739e+00
2.850000e-05	1.305551e-02	-8.746400e+00
2.851000e-05	9.915721e-03	-8.620159e+00
2.852000e-05	9.652144e-03	-8.503839e+00
2.853000e-05	7.295880e-03	-8.369527e+00
2.854000e-05	7.867605e-03	-8.312708e+00
2.855000e-05	6.221600e-03	-8.157976e+00
2.856000e-05	7.359521e-03	-8.090654e+00
2.857000e-05	5.178266e-03	-7.944972e+00
2.858000e-05	7.423689e-03	-7.827955e+00
2.859000e-05	4.735322e-03	-7.641712e+00
2.860000e-05	5.585581e-03	-7.504313e+00
2.861000e-05	2.589531e-03	-7.388000e+00
2.862000e-05	2.798283e-03	-7.269688e+00
2.863000e-05	2.505434e-03	-7.155245e+00
2.864000e-05	3.127675e-03	-6.977525e+00
2.865000e-05	3.568082e-03	-6.810109e+00
2.866000e-05	2.897014e-03	-6.713789e+00
2.867000e-05	2.721567e-03	-6.568425e+00
2.868000e-05	1.292531e-03	-6.430108e+00
2.869000e-05	5.367177e-04	-6.273739e+00
2.870000e-05	-1.243984e-03	-6.117426e+00
2.871000e-05	-1.680576e-04	-5.998401e+00
2.872000e-05	-7.677793e-05	-5.860159e+00
2.873000e-05	1.715683e-03	-5.695271e+00
2.874000e-05	1.338979e-03	-5.547447e+00
2.875000e-05	2.231613e-04	-5.378456e+00
2.876000e-05	5.066849e-05	-5.198551e+00
2.877000e-05	-1.265631e-03	-5.051108e+00
2.878000e-05	-2.516645e-03	-4.838637e+00
2.879000e-05	-3.061330e-03	-4.663235e+00
2.880000e-05	-3.765094e-03	-4.525319e+00
2.881000e-05	-2.970370e-03	-4.398471e+00
2.882000e-05	-1.811328e-03	-4.293087e+00
2.883000e-05	-2.547629e-03	-4.133745e+00
2.884000e-05	-2.591629e-03	-3.987949e+00
2.885000e-05	-2.482221e-03	-3.817901e+00
2.886000e-05	-2.646451e-03	-3.651505e+00
2.887000e-05	-3.892315e-03	-3.453165e+00
2.888000e-05	-4.632077e-03	-3.333796e+00
2.889000e-05	-4.775367e-03	-3.188900e+00
2.890000e-05	-4.466007e-03	-2.965977e+00
2.891000e-05	-4.696297e-03	-2.811028e+00
2.892000e-05	-4.036788e-03	-2.660688e+00
2.893000e-05	-4.726591e-03	-2.504766e+00
2.894000e-05	-3.732146e-03	-2.369421e+00
2.895000e-05	-4.513800e-03	-2.166426e+00
2.896000e-05	-4.755322e-03	-2.019524e+00
2.897000e-05	-6.096319e-03	-1.861606e+00
2.898000e-05	-6.235704e-03	-1.672787e+00
2.899000e-05	-7.284650e-03	-1.516391e+00
2.900000e-05	-6.580211e-03	-1.354823e+00
2.901000e-05	-5.783960e-03	-1.104317e+00
2.902000e-05	-4.467998e-03	-9.773710e-01
2.903000e-05	-6.333625e-03	-8.005025e-01
2.904000e-05	-7.021764e-03	-6.309817e-01
2.905000e-05	-6.228149e-03	-4.305801e-01
2.906000e-05	-5.687957e-03	-2.837380e-01
2.907000e-05	-7.228124e-03	-1.272919e-01
2.908000e-05	-5.266640e-03	1.207625e-02
2.909000e-05	-7.647171e-04	1.720538e-01
2.910000e-05	-2.581827e-03	3.999986e-01
2.911000e-05	1.098730e-03	5.273631e-01
2.912000e-05	-4.435014e-03	6.641516e-01
2.913000e-05	-1.304003e-03	7.895501e-01
2.914000e-05	-6.751663e-03	1.020975e+00
2.915000e-05	6.177988e-03	1.189552e+00
2.916000e-05	2.847015e-02	1.336920e+00
2.917000e-05	8.317914e-02	1.623053e+00
2.918000e-05	-2.126651e-02	1.812157e+00
2.919000e-05	-4.187190e-02	1.999974e+00
2.920000e-05	-5.339400e-02	2.117890e+00
2.921000e-05	-9.203229e-02	2.232575e+00
2.922000e-05	8.050018e-02	2.349500e+00
2.923000e-05	1.106446e-02	2.559574e+00
2.924000e-05	-1.495407e-01	2.727922e+00
2.925000e-05	1.807221e-01	2.833210e+00
2.926000e-05	-3.090545e-02	3.083809e+00
2.927000e-05	-8.213838e-02	3.169424e+00
2.928000e-05	9.601916e-02	3.299363e+00
2.929000e-05	-9.457250e-02	3.577917e+00
2.930000e-05	-2.809963e-02	3.644263e+00
2.931000e-05	7.329887e-02	3.833708e+00
2.932000e-05	-4.490189e-02	4.001200e+00
2.933000e-05	4.503313e-02	4.149422e+00
2.934000e-05	-2.256447e-02	4.359471e+00
2.935000e-05	-3.617522e-02	4.484866e+00
2.936000e-05	2.427237e-02	4.633660e+00
2.937000e-05	-4.226560e-02	4.801025e+00
2.938000e-05	2.419367e-02	5.001524e+00
2.939000e-05	-2.005215e-02	5.212125e+00
2.940000e-05	1.885288e-02	5.358447e+00
2.941000e-05	-2.250944e-03	5.495917e+00
2.942000e-05	-2.938135e-02	5.642130e+00
2.943000e-05	2.136512e-02	5.780102e+00
2.944000e-05	-5.269754e-02	5.979944e+00
2.945000e-05	1.573645e-02	6.096342e+00
2.946000e-05	1.296479e-02	6.233229e+00
2.947000e-05	-1.744269e-02	6.348447e+00
2.948000e-05	8.715699e-03	6.497313e+00
2.949000e-05	-3.076689e-02	6.674735e+00
2.950000e-05	7.840624e-03	6.811556e+00
2.951000e-05	-1.658119e-02	6.936916e+00
2.952000e-05	-2.112027e-03	7.053735e+00
2.953000e-05	-1.118529e-02	7.170600e+00
2.954000e-05	-9.806401e-03	7.337972e+00
2.955000e-05	1.259631e-02	7.506787e+00
2.956000e-05	-1.839452e-02	7.662738e+00
2.957000e-05	-1.097303e-02	7.791104e+00
2.958000e-05	-1.972420e-02	7.958420e+00
2.959000e-05	-4.407627e-03	8.094739e+00
2.960000e-05	4.510619e-04	8.201030e+00
2.961000e-05	-7.355481e-03	8.324838e+00
2.962000e-05	-1.156213e-02	8.442531e+00
2.963000e-05	-1.403373e-02	8.485895e+00
2.964000e-05	-3.267795e-03	8.631134e+00
2.965000e-05	-8.769911e-03	8.703812e+00
2.966000e-05	-1.646661e-02	8.811500e+00
2.967000e-05	-1.611940e-02	8.946844e+00
2.968000e-05	-7.239647e-03	9.022655e+00
2.969000e-05	-1.902859e-03	9.136418e+00
2.970000e-05	-8.739371e-03	9.252684e+00
2.971000e-05	-1.665852e-02	9.337943e+00
2.972000e-05	-1.479816e-02	9.412133e+00
2.973000e-05	-9.723355e-03	9.505967e+00
2.974000e-05	-9.049498e-03	9.650058e+00
2.975000e-05	-1.439232e-02	9.716894e+00
2.976000e-05	-1.424288e-02	9.811554e+00
2.977000e-05	-1.027342e-02	9.905839e+00
2.978000e-05	-6.213018e-03	1.002008e+01
2.979000e-05	-1.222601e-02	1.008584e+01
2.980000e-05	-1.972665e-02	1.014747e+01
2.981000e-05	-1.609067e-02	1.024205e+01
2.982000e-05	-1.220238e-02	1.034586e+01
2.983000e-05	-9.681499e-03	1.035958e+01
2.984000e-05	-1.628050e-02	1.048227e+01
2.985000e-05	-1.615960e-02	1.052740e+01
2.986000e-05	-1.412640e-02	1.057003e+01
2.987000e-05	-1.071255e-02	1.065323e+01
2.988000e-05	-1.533490e-02	1.072639e+01
2.989000e-05	-1.901112e-02	1.078905e+01
2.990000e-05	-1.787453e-02	1.084326e+01
2.991000e-05	-1.323982e-02	1.093647e+01
2.992000e-05	-1.293040e-02	1.094790e+01
2.993000e-05	-1.799970e-02	1.101960e+01
2.994000e-05	-1.935817e-02	1.101168e+01
2.995000e-05	-1.930452e-02	1.110371e+01
2.996000e-05	-1.373047e-02	1.105640e+01
2.997000e-05	-1.739217e-02	1.115755e+01
2.998000e-05	-1.947744e-02	1.118963e+01
2.999000e-05	-2.082916e-02	1.125268e+01
3.000000e-05	-1.766302e-02	1.129334e+01
3.001000e-05	-1.747644e-02	1.124344e+01
3.002000e-05	-2.067915e-02	1.133697e+01
3.003000e-05	-2.299700e-02	1.134597e+01
3.004000e-05	-2.273068e-02	1.135942e+01
3.005000e-05	-1.851368e-02	1.138901e+01
3.006000e-05	-1.962034e-02	1.136958e+01
3.007000e-05	-2.317301e-02	1.147213e+01
3.008000e-05	-2.369598e-02	1.151221e+01
3.009000e-05	-2.153549e-02	1.143171e+01
3.010000e-05	-1.980792e-02	1.148321e+01
3.011000e-05	-2.425812e-02	1.147321e+01
3.012000e-05	-2.670517e-02	1.143378e+01
3.013000e-05	-2.705404e-02	1.148369e+01
3.014000e-05	-2.397797e-02	1.145314e+01
3.015000e-05	-2.431150e-02	1.146321e+01
3.016000e-05	-2.716033e-02	1.148218e+01
3.017000e-05	-2.953189e-02	1.139063e+01
3.018000e-05	-2.867399e-02	1.142018e+01
3.019000e-05	-2.712552e-02	1.142956e+01
3.020000e-05	-2.993974e-02	1.134858e+01
3.021000e-05	-3.195667e-02	1.131845e+01
3.022000e-05	-3.425583e-02	1.132545e+01
3.023000e-05	-3.181273e-02	1.130329e+01
3.024000e-05	-3.167848e-02	1.128234e+01
3.025000e-05	-3.436828e-02	1.122066e+01
3.026000e-05	-3.725873e-02	1.121010e+01
3.027000e-05	-3.676777e-02	1.117653e+01
3.028000e-05	-3.472289e-02	1.109527e+01
3.029000e-05	-3.749525e-02	1.105314e+01
3.030000e-05	-3.824384e-02	1.101168e+01
3.031000e-05	-4.319359e-02	1.096950e+01
3.032000e-05	-4.006190e-02	1.095790e+01
3.033000e-05	-4.396257e-02	1.091432e+01
3.034000e-05	-4.307818e-02	1.083166e+01
3.035000e-05	-4.786678e-02	1.077703e+01
3.036000e-05	-4.613388e-02	1.070389e+01
3.037000e-05	-4.666458e-02	1.062164e+01
3.038000e-05	-4.595098e-02	1.056900e+01
3.039000e-05	-4.938921e-02	1.051735e+01
3.040000e-05	-5.010158e-02	1.047174e+01
3.041000e-05	-4.990914e-02	1.036800e+01
3.042000e-05	-4.832521e-02	1.029276e+01
3.043000e-05	-4.850997e-02	1.025066e+01
3.044000e-05	-4.753664e-02	1.016700e+01
3.045000e-05	-4.508926e-02	1.011329e+01
3.046000e-05	-4.072265e-02	1.001955e+01
3.047000e-05	-3.661202e-02	9.873322e+00
3.048000e-05	-3.653381e-02	9.830582e+00
3.049000e-05	-3.487868e-02	9.756968e+00
3.050000e-05	-3.468696e-02	9.640107e+00
3.051000e-05	-3.170266e-02	9.544871e+00
3.052000e-05	-3.178107e-02	9.441136e+00
3.053000e-05	-3.043706e-02	9.376946e+00
3.054000e-05	-2.784994e-02	9.311738e+00
3.055000e-05	-2.420126e-02	9.147024e+00
3.056000e-05	-2.083805e-02	9.101685e+00
3.057000e-05	-2.132555e-02	8.936397e+00
3.058000e-05	-2.177411e-02	8.820654e+00
3.059000e-05	-2.210544e-02	8.713794e+00
3.060000e-05	-2.150803e-02	8.599629e+00
3.061000e-05	-2.195703e-02	8.514290e+00
3.062000e-05	-2.240633e-02	8.407603e+00
3.063000e-05	-1.969059e-02	8.294691e+00
3.064000e-05	-1.463078e-02	8.160047e+00
3.065000e-05	-1.401403e-02	8.019713e+00
3.066000e-05	-1.498516e-02	7.914792e+00
3.067000e-05	-1.734632e-02	7.829979e+00
3.068000e-05	-1.624067e-02	7.672686e+00
3.069000e-05	-1.573831e-02	7.525419e+00
3.070000e-05	-1.601528e-02	7.370478e+00
3.071000e-05	-1.562506e-02	7.251109e+00
3.072000e-05	-1.373344e-02	7.102287e+00
3.073000e-05	-1.053576e-02	6.958053e+00
3.074000e-05	-1.019218e-02	6.862080e+00
3.075000e-05	-1.164687e-02	6.694367e+00
3.076000e-05	-1.330129e-02	6.578955e+00
3.077000e-05	-1.312769e-02	6.430580e+00
3.078000e-05	-1.242349e-02	6.274738e+00
3.079000e-05	-1.168864e-02	6.157951e+00
3.080000e-05	-1.188170e-02	6.052106e+00
3.081000e-05	-1.091268e-02	5.915243e+00
3.082000e-05	-9.540309e-03	5.746842e+00
3.083000e-05	-8.488290e-03	5.568925e+00
3.084000e-05	-1.051085e-02	5.420109e+00
3.085000e-05	-1.145089e-02	5.303165e+00
3.086000e-05	-1.125956e-02	5.082692e+00
3.087000e-05	-9.428452e-03	4.931691e+00
3.088000e-05	-7.985485e-03	4.715769e+00
3.089000e-05	-7.720460e-03	4.588076e+00
3.090000e-05	-8.996376e-03	4.462078e+00
3.091000e-05	-7.642230e-03	4.294795e+00
3.092000e-05	-8.389810e-03	4.124143e+00
3.093000e-05	-8.876761e-03	3.947394e+00
3.094000e-05	-1.057125e-02	3.788980e+00
3.095000e-05	-9.374269e-03	3.651132e+00
3.096000e-05	-6.563080e-03	3.524814e+00
3.097000e-05	-6.737499e-03	3.303744e+00
3.098000e-05	-7.605447e-03	3.147946e+00
3.099000e-05	-5.629483e-03	2.991503e+00
3.100000e-05	-6.528419e-03	2.884109e+00
3.101000e-05	-7.121634e-03	2.734767e+00
3.102000e-05	-7.913454e-03	2.503241e+00
3.103000e-05	-8.443268e-03	2.345321e+00
3.104000e-05	-6.715603e-03	2.206951e+00
3.105000e-05	-6.913954e-03	2.030506e+00
3.106000e-05	-5.419025e-03	1.904737e+00
3.107000e-05	-6.460761e-03	1.715393e+00
3.108000e-05	-5.577770e-03	1.544866e+00
3.109000e-05	-6.091366e-03	1.377322e+00
3.110000e-05	-5.553491e-03	1.207951e+00
3.111000e-05	-6.448864e-03	9.879222e-01
3.112000e-05	-6.593623e-03	8.094511e-01
3.113000e-05	-6.369473e-03	6.405303e-01
3.114000e-05	-4.925469e-03	4.737118e-01
3.115000e-05	-5.121241e-03	3.743659e-01
3.116000e-05	-4.446047e-03	1.467418e-01
3.117000e-05	-5.378167e-03	-3.155201e-03
3.118000e-05	-1.247523e-03	-1.999489e-01
3.119000e-05	3.724556e-03	-3.473660e-01
3.120000e-05	-3.614910e-04	-4.442843e-01
3.121000e-05	8.492755e-04	-7.053108e-01
3.122000e-05	-1.452638e-03	-8.320803e-01
3.123000e-05	1.051269e-03	-9.505487e-01
3.124000e-05	-7.953273e-04	-1.146342e+00
3.125000e-05	1.186051e-02	-1.247242e+00
3.126000e-05	9.995060e-02	-1.477240e+00
3.127000e-05	9.249747e-03	-1.708867e+00
3.128000e-05	-3.553057e-02	-1.951122e+00
3.129000e-05	-4.101501e-02	-2.141573e+00
3.130000e-05	-1.161160e-01	-2.349417e+00
3.131000e-05	1.477438e-01	-2.349950e+00
3.132000e-05	-2.704816e-02	-2.507868e+00
3.133000e-05	-1.335946e-01	-2.749016e+00
3.134000e-05	2.049929e-01	-2.811099e+00
3.135000e-05	-8.606804e-02	-2.983047e+00
3.136000e-05	-9.629942e-02	-3.252676e+00
3.137000e-05	1.684001e-01	-3.339446e+00
3.138000e-05	-1.405425e-01	-3.556966e+00
3.139000e-05	-1.226604e-02	-3.644262e+00
3.140000e-05	1.117641e-01	-3.760608e+00
3.141000e-05	-1.143608e-01	-4.022233e+00
3.142000e-05	1.594480e-01	-4.168499e+00
3.143000e-05	-5.546556e-02	-4.315292e+00
3.144000e-05	-6.321861e-02	-4.475309e+00
3.145000e-05	1.208834e-01	-4.537955e+00
3.146000e-05	-1.376017e-01	-4.801751e+00
3.147000e-05	1.061293e-01	-4.947446e+00
3.148000e-05	-1.760507e-02	-5.104263e+00
3.149000e-05	-1.719560e-02	-5.255282e+00
3.150000e-05	8.592420e-02	-5.392233e+00
3.151000e-05	-1.011238e-01	-5.634255e+00
3.152000e-05	9.896166e-02	-5.749900e+00
3.153000e-05	-7.721006e-02	-5.916313e+00
3.154000e-05	1.617255e-02	-6.044180e+00
3.155000e-05	7.619794e-02	-6.149604e+00
3.156000e-05	-7.799300e-02	-6.340150e+00
3.157000e-05	9.918517e-02	-6.485939e+00
3.158000e-05	-8.102124e-02	-6.632204e+00
3.159000e-05	4.942059e-02	-6.767522e+00
3.160000e-05	5.432660e-03	-6.905392e+00
3.161000e-05	-3.240797e-02	-7.076761e+00
3.162000e-05	5.976746e-02	-7.232136e+00
3.163000e-05	-5.620486e-02	-7.348001e+00
3.164000e-05	7.870550e-02	-7.453814e+00
3.165000e-05	-4.007370e-02	-7.579711e+00
3.166000e-05	2.130072e-02	-7.802152e+00
3.167000e-05	1.226994e-03	-7.908966e+00
3.168000e-05	-1.334615e-02	-8.043389e+00
3.169000e-05	4.645478e-02	-8.129423e+00
3.170000e-05	-3.280148e-02	-8.274313e+00
3.171000e-05	3.950307e-02	-8.390999e+00
3.172000e-05	-2.162149e-02	-8.456421e+00
3.173000e-05	3.252506e-02	-8.652261e+00
3.174000e-05	-1.270896e-04	-8.758000e+00
3.175000e-05	-2.755338e-03	-8.916309e+00
3.176000e-05	9.728609e-03	-8.969027e+00
3.177000e-05	-4.180857e-03	-9.064787e+00
3.178000e-05	3.075229e-02	-9.168473e+00
3.179000e-05	-7.576297e-03	-9.224364e+00
3.180000e-05	1.846617e-02	-9.340051e+00
3.181000e-05	-6.784089e-03	-9.464811e+00
3.182000e-05	1.928626e-02	-9.578527e+00
3.183000e-05	2.486105e-03	-9.676364e+00
3.184000e-05	7.336552e-03	-9.768544e+00
3.185000e-05	3.906687e-03	-9.852659e+00
3.186000e-05	8.769882e-03	-9.905966e+00
3.187000e-05	2.054083e-02	-9.979654e+00
3.188000e-05	3.876341e-03	-1.007587e+01
3.189000e-05	9.553707e-03	-1.016850e+01
3.190000e-05	-2.557981e-03	-1.024326e+01
3.191000e-05	1.769454e-02	-1.032702e+01
3.192000e-05	9.089876e-03	-1.047228e+01
3.193000e-05	1.240318e-02	-1.050590e+01
3.194000e-05	4.576283e-03	-1.056903e+01
3.195000e-05	1.219360e-02	-1.066274e+01
3.196000e-05	1.169221e-02	-1.070489e+01
3.197000e-05	8.759983e-03	-1.075650e+01
3.198000e-05	1.011891e-02	-1.081126e+01
3.199000e-05	7.146101e-03	-1.087334e+01
3.200000e-05	1.662546e-02	-1.092747e+01
3.201000e-05	1.100856e-02	-1.095912e+01
3.202000e-05	1.352984e-02	-1.099119e+01
3.203000e-05	6.879599e-03	-1.109521e+01
3.204000e-05	1.144023e-02	-1.113605e+01
3.205000e-05	1.283065e-02	-1.117047e+01
3.206000e-05	1.426022e-02	-1.123124e+01
3.207000e-05	1.223145e-02	-1.129281e+01
3.208000e-05	1.096447e-02	-1.124387e+01
3.209000e-05	1.575425e-02	-1.134695e+01
3.210000e-05	1.442270e-02	-1.136852e+01
3.211000e-05	1.390290e-02	-1.139858e+01
3.212000e-05	1.228977e-02	-1.140119e+01
3.213000e-05	1.356719e-02	-1.144361e+01
3.214000e-05	1.660257e-02	-1.146176e+01
3.215000e-05	1.718264e-02	-1.150387e+01
3.216000e-05	1.529132e-02	-1.150402e+01
3.217000e-05	1.473815e-02	-1.145800e+01
3.218000e-05	1.698143e-02	-1.156852e+01
3.219000e-05	1.882207e-02	-1.153910e+01
3.220000e-05	1.788325e-02	-1.154098e+01
3.221000e-05	1.651813e-02	-1.158855e+01
3.222000e-05	1.774675e-02	-1.158763e+01
3.223000e-05	2.061606e-02	-1.158808e+01
3.224000e-05	2.077916e-02	-1.158708e+01
3.225000e-05	1.939580e-02	-1.159705e+01
3.226000e-05	1.939950e-02	-1.154797e+01
3.227000e-05	2.237396e-02	-1.155533e+01
3.228000e-05	2.420056e-02	-1.149587e+01
3.229000e-05	2.411858e-02	-1.147434e+01
3.230000e-05	2.246986e-02	-1.147334e+01
3.231000e-05	2.358668e-02	-1.146158e+01
3.232000e-05	2.625725e-02	-1.137066e+01
3.233000e-05	2.708547e-02	-1.135805e+01
3.234000e-05	2.658294e-02	-1.135850e+01
3.235000e-05	2.508600e-02	-1.131540e+01
3.236000e-05	2.760739e-02	-1.129279e+01
3.237000e-05	3.006654e-02	-1.123114e+01
3.238000e-05	3.004550e-02	-1.117960e+01
3.239000e-05	2.962372e-02	-1.115542e+01
3.240000e-05	3.055966e-02	-1.108339e+01
3.241000e-05	3.397025e-02	-1.098112e+01
3.242000e-05	3.432937e-02	-1.096955e+01
3.243000e-05	3.456488e-02	-1.095537e+01
3.244000e-05	3.530355e-02	-1.083276e+01
3.245000e-05	3.698044e-02	-1.085119e+01
3.246000e-05	3.896501e-02	-1.075906e+01
3.247000e-05	3.984154e-02	-1.070687e+01
3.248000e-05	4.048433e-02	-1.065221e+01
3.249000e-05	4.118452e-02	-1.059960e+01
3.250000e-05	4.178201e-02	-1.054792e+01
3.251000e-05	4.203073e-02	-1.049236e+01
3.252000e-05	4.012972e-02	-1.041855e+01
3.253000e-05	3.813654e-02	-1.030587e+01
3.254000e-05	3.736817e-02	-1.025209e+01
3.255000e-05	3.571517e-02	-1.017995e+01
3.256000e-05	3.440823e-02	-1.007224e+01
3.257000e-05	3.223667e-02	-9.978002e+00
3.258000e-05	2.824016e-02	-9.884294e+00
3.259000e-05	2.734340e-02	-9.811529e+00
3.260000e-05	2.406696e-02	-9.768901e+00
3.261000e-05	2.329310e-02	-9.703262e+00
3.262000e-05	1.959518e-02	-9.594974e+00
3.263000e-05	1.982601e-02	-9.463189e+00
3.264000e-05	1.700996e-02	-9.326400e+00
3.265000e-05	1.747164e-02	-9.250711e+00
3.266000e-05	1.510359e-02	-9.146442e+00
3.267000e-05	1.433666e-02	-9.050084e+00
3.268000e-05	1.342490e-02	-8.935321e+00
3.269000e-05	1.421326e-02	-8.858660e+00
3.270000e-05	1.142155e-02	-8.683242e+00
3.271000e-05	1.044693e-02	-8.639003e+00
3.272000e-05	8.419822e-03	-8.492717e+00
3.273000e-05	8.173140e-03	-8.367427e+00
3.274000e-05	6.947026e-03	-8.251211e+00
3.275000e-05	7.418347e-03	-8.126847e+00
3.276000e-05	7.234502e-03	-8.000109e+00
3.277000e-05	7.474840e-03	-7.933216e+00
3.278000e-05	7.284702e-03	-7.735899e+00
3.279000e-05	5.705114e-03	-7.627105e+00
3.280000e-05	3.922224e-03	-7.452139e+00
3.281000e-05	2.140528e-03	-7.345947e+00
3.282000e-05	2.920892e-03	-7.239029e+00
3.283000e-05	2.931191e-03	-7.022239e+00
3.284000e-05	3.863982e-03	-6.893848e+00
3.285000e-05	2.632340e-03	-6.788447e+00
3.286000e-05	3.643519e-03	-6.643713e+00
3.287000e-05	1.749316e-03	-6.525947e+00
3.288000e-05	2.353405e-03	-6.408581e+00
3.289000e-05	7.531651e-04	-6.241264e+00
3.290000e-05	1.938671e-04	-6.052765e+00
3.291000e-05	-5.740835e-04	-5.946796e+00
3.292000e-05	-2.780515e-04	-5.810531e+00
3.293000e-05	-4.195181e-04	-5.672164e+00
3.294000e-05	-6.375980e-04	-5.512817e+00
3.295000e-05	-1.167090e-03	-5.324901e+00
3.296000e-05	-1.703367e-03	-5.195798e+00
3.297000e-05	-4.741717e-04	-4.958099e+00
3.298000e-05	-1.545067e-03	-4.828081e+00
3.299000e-05	-2.621871e-03	-4.641450e+00
3.300000e-05	-3.730374e-03	-4.484239e+00
3.301000e-05	-2.975774e-03	-4.365422e+00
3.302000e-05	-1.801597e-03	-4.259503e+00
3.303000e-05	-2.516555e-03	-4.102709e+00
3.304000e-05	-3.519884e-03	-3.905471e+00
3.305000e-05	-4.365631e-03	-3.725423e+00
3.306000e-05	-3.459455e-03	-3.578352e+00
3.307000e-05	-3.568990e-03	-3.420634e+00
3.308000e-05	-4.614915e-03	-3.291238e+00
3.309000e-05	-5.292416e-03	-3.157314e+00
3.310000e-05	-4.946621e-03	-2.905276e+00
3.311000e-05	-4.915740e-03	-2.797921e+00
3.312000e-05	-4.580681e-03	-2.640475e+00
3.313000e-05	-5.351935e-03	-2.462610e+00
3.314000e-05	-5.868997e-03	-2.373866e+00
3.315000e-05	-5.225185e-03	-2.113143e+00
3.316000e-05	-5.438663e-03	-1.966393e+00
3.317000e-05	-5.694225e-03	-1.819499e+00
3.318000e-05	-6.769120e-03	-1.650561e+00
3.319000e-05	-6.740157e-03	-1.461739e+00
3.320000e-05	-5.919943e-03	-1.241059e+00
3.321000e-05	-5.137760e-03	-1.081615e+00
3.322000e-05	-6.054183e-03	-9.242930e-01
3.323000e-05	-6.903789e-03	-7.568936e-01
3.324000e-05	-6.835941e-03	-5.767974e-01
3.325000e-05	-6.542384e-03	-3.779725e-01
3.326000e-05	-6.790528e-03	-2.706013e-01
3.327000e-05	-7.270841e-03	-8.273271e-02
3.328000e-05	-4.608042e-03	3.415546e-02
3.329000e-05	1.863855e-03	2.661803e-01
3.330000e-05	-1.756735e-03	4.116265e-01
3.331000e-05	9.225487e-04	5.299935e-01
3.332000e-05	-2.921250e-03	7.274669e-01
3.333000e-05	-2.855994e-03	8.125253e-01
3.334000e-05	-3.837771e-03	1.034178e+00
3.335000e-05	6.665484e-03	1.212579e+00
3.336000e-05	5.050803e-02	1.412054e+00
3.337000e-05	6.373773e-02	1.725306e+00
3.338000e-05	-4.452335e-02	1.925811e+00
3.339000e-05	-3.387438e-02	2.052079e+00
3.340000e-05	-7.365733e-02	2.201044e+00
3.341000e-05	-5.753024e-02	2.276684e+00
3.342000e-05	1.213542e-01	2.431579e+00
3.343000e-05	-9.334103e-02	2.603704e+00
3.344000e-05	-4.751183e-02	2.787971e+00
3.345000e-05	1.671708e-01	2.908365e+00
3.346000e-05	-1.033637e-01	3.107787e+00
3.347000e-05	-1.368967e-03	3.211526e+00
3.348000e-05	5.771651e-02	3.410629e+00
3.349000e-05	-1.186766e-01	3.591025e+00
3.350000e-05	3.655579e-02	3.706841e+00
3.351000e-05	3.097863e-02	3.905841e+00
3.352000e-05	-2.944425e-02	4.014704e+00
3.353000e-05	5.404615e-02	4.212183e+00
3.354000e-05	-6.287146e-02	4.393098e+00
3.355000e-05	6.560882e-03	4.536819e+00
3.356000e-05	-4.692157e-03	4.696318e+00
3.357000e-05	-2.285851e-02	4.813702e+00
3.358000e-05	1.718642e-02	5.064762e+00
3.359000e-05	-1.613368e-02	5.253233e+00
3.360000e-05	2.610577e-02	5.412080e+00
3.361000e-05	-2.744042e-02	5.566888e+00
3.362000e-05	-5.617588e-03	5.633760e+00
3.363000e-05	-1.507991e-05	5.853258e+00
3.364000e-05	-4.565726e-02	6.021075e+00
3.365000e-05	3.491768e-02	6.105921e+00
3.366000e-05	-9.682749e-03	6.284238e+00
3.367000e-05	-3.564451e-03	6.358124e+00
3.368000e-05	-5.085919e-03	6.537477e+00
3.369000e-05	-2.367097e-02	6.716315e+00
3.370000e-05	8.258450e-03	6.832683e+00
3.371000e-05	-2.427627e-02	7.000080e+00
3.372000e-05	3.925959e-03	7.115966e+00
3.373000e-05	-2.136432e-02	7.233308e+00
3.374000e-05	4.902997e-03	7.341999e+00
3.375000e-05	3.332785e-03	7.528469e+00
3.376000e-05	-1.958931e-02	7.706442e+00
3.377000e-05	-1.023889e-02	7.842284e+00
3.378000e-05	-2.253847e-02	8.030522e+00
3.379000e-05	2.701413e-03	8.084889e+00
3.380000e-05	-7.961281e-03	8.242184e+00
3.381000e-05	-6.699290e-03	8.356445e+00
3.382000e-05	-1.307067e-02	8.452737e+00
3.383000e-05	-8.092787e-03	8.547899e+00
3.384000e-05	-1.925187e-03	8.632157e+00
3.385000e-05	-1.594798e-02	8.725842e+00
3.386000e-05	-1.596829e-02	8.843713e+00
3.387000e-05	-1.598387e-02	8.957947e+00
3.388000e-05	-2.069241e-03	9.044260e+00
3.389000e-05	-6.013490e-03	9.189953e+00
3.390000e-05	-1.155177e-02	9.254714e+00
3.391000e-05	-1.580367e-02	9.380052e+00
3.392000e-05	-1.122913e-02	9.422184e+00
3.393000e-05	-8.798017e-03	9.538499e+00
3.394000e-05	-1.180241e-02	9.613660e+00
3.395000e-05	-1.401225e-02	9.737950e+00
3.396000e-05	-1.273487e-02	9.811604e+00
3.397000e-05	-6.668712e-03	9.886389e+00
3.398000e-05	-9.931451e-03	1.001058e+01
3.399000e-05	-1.435125e-02	1.013527e+01
3.400000e-05	-1.986690e-02	1.016900e+01
3.401000e-05	-1.310546e-02	1.023211e+01
3.402000e-05	-9.169285e-03	1.026577e+01
3.403000e-05	-1.112742e-02	1.042158e+01
3.404000e-05	-1.545897e-02	1.049374e+01
3.405000e-05	-1.577021e-02	1.054897e+01
3.406000e-05	-1.225889e-02	1.061163e+01
3.407000e-05	-1.334389e-02	1.066329e+01
3.408000e-05	-1.652880e-02	1.075494e+01
3.409000e-05	-2.001245e-02	1.081166e+01
3.410000e-05	-1.439691e-02	1.088429e+01
3.411000e-05	-1.136647e-02	1.092590e+01
3.412000e-05	-1.333726e-02	1.096845e+01
3.413000e-05	-1.837586e-02	1.101112e+01
3.414000e-05	-2.073597e-02	1.104066e+01
3.415000e-05	-1.697542e-02	1.108531e+01
3.416000e-05	-1.514163e-02	1.111595e+01
3.417000e-05	-1.916036e-02	1.115748e+01
3.418000e-05	-1.964927e-02	1.118965e+01
3.419000e-05	-1.962346e-02	1.124171e+01
3.420000e-05	-1.810419e-02	1.128431e+01
3.421000e-05	-1.865859e-02	1.129539e+01
3.422000e-05	-2.102576e-02	1.133642e+01
3.423000e-05	-2.133813e-02	1.135848e+01
3.424000e-05	-2.098983e-02	1.138897e+01
3.425000e-05	-1.991429e-02	1.136055e+01
3.426000e-05	-2.066813e-02	1.141060e+01
3.427000e-05	-2.369493e-02	1.140118e+01
3.428000e-05	-2.426516e-02	1.144218e+01
3.429000e-05	-2.297473e-02	1.147264e+01
3.430000e-05	-2.262661e-02	1.142219e+01
3.431000e-05	-2.465360e-02	1.148314e+01
3.432000e-05	-2.573300e-02	1.144171e+01
3.433000e-05	-2.675662e-02	1.144224e+01
3.434000e-05	-2.507629e-02	1.142272e+01
3.435000e-05	-2.691223e-02	1.147222e+01
3.436000e-05	-2.889856e-02	1.142171e+01
3.437000e-05	-2.890205e-02	1.140216e+01
3.438000e-05	-2.955448e-02	1.140958e+01
3.439000e-05	-2.953307e-02	1.136060e+01
3.440000e-05	-3.127344e-02	1.135815e+01
3.441000e-05	-3.185430e-02	1.133692e+01
3.442000e-05	-3.336729e-02	1.132690e+01
3.443000e-05	-3.322275e-02	1.130122e+01
3.444000e-05	-3.429690e-02	1.123224e+01
3.445000e-05	-3.456277e-02	1.123114e+01
3.446000e-05	-3.622627e-02	1.120850e+01
3.447000e-05	-3.621117e-02	1.113692e+01
3.448000e-05	-3.691323e-02	1.112279e+01
3.449000e-05	-3.983330e-02	1.105268e+01
3.450000e-05	-3.988546e-02	1.100950e+01
3.451000e-05	-4.226232e-02	1.099697e+01
3.452000e-05	-4.026601e-02	1.091687e+01
3.453000e-05	-4.395825e-02	1.090276e+01
3.454000e-05	-4.389202e-02	1.083218e+01
3.455000e-05	-4.675853e-02	1.077690e+01
3.456000e-05	-4.675354e-02	1.071226e+01
3.457000e-05	-4.811086e-02	1.066109e+01
3.458000e-05	-4.888796e-02	1.058797e+01
3.459000e-05	-5.040816e-02	1.053579e+01
3.460000e-05	-4.932145e-02	1.041064e+01
3.461000e-05	-4.838926e-02	1.036600e+01
3.462000e-05	-4.760386e-02	1.027226e+01
3.463000e-05	-4.671307e-02	1.020003e+01
3.464000e-05	-4.604920e-02	1.015637e+01
3.465000e-05	-4.270169e-02	1.008518e+01
3.466000e-05	-4.111814e-02	9.998472e+00
3.467000e-05	-3.767703e-02	9.883743e+00
3.468000e-05	-3.740279e-02	9.799977e+00
3.469000e-05	-3.405721e-02	9.715294e+00
3.470000e-05	-3.253137e-02	9.598954e+00
3.471000e-05	-3.061287e-02	9.493813e+00
3.472000e-05	-2.995596e-02	9.409577e+00
3.473000e-05	-2.743336e-02	9.355918e+00
3.474000e-05	-2.567456e-02	9.231158e+00
3.475000e-05	-2.573838e-02	9.124444e+00
3.476000e-05	-2.423009e-02	8.981131e+00
3.477000e-05	-2.223604e-02	8.925319e+00
3.478000e-05	-2.042010e-02	8.787550e+00
3.479000e-05	-2.044443e-02	8.675163e+00
3.480000e-05	-2.118496e-02	8.578426e+00
3.481000e-05	-2.089472e-02	8.483762e+00
3.482000e-05	-1.774739e-02	8.377400e+00
3.483000e-05	-1.806357e-02	8.261137e+00
3.484000e-05	-1.678784e-02	8.136396e+00
3.485000e-05	-1.763764e-02	7.996480e+00
3.486000e-05	-1.655990e-02	7.893765e+00
3.487000e-05	-1.530807e-02	7.787897e+00
3.488000e-05	-1.447282e-02	7.601606e+00
3.489000e-05	-1.519552e-02	7.482167e+00
3.490000e-05	-1.562322e-02	7.317899e+00
3.491000e-05	-1.431635e-02	7.197632e+00
3.492000e-05	-1.372073e-02	7.092209e+00
3.493000e-05	-1.327311e-02	6.956322e+00
3.494000e-05	-1.385980e-02	6.830154e+00
3.495000e-05	-1.344497e-02	6.671740e+00
3.496000e-05	-1.171674e-02	6.535817e+00
3.497000e-05	-1.097961e-02	6.417976e+00
3.498000e-05	-1.177853e-02	6.192156e+00
3.499000e-05	-1.290712e-02	6.115247e+00
3.500000e-05	-1.207779e-02	6.019551e+00
3.501000e-05	-1.065309e-02	5.841710e+00
3.502000e-05	-1.042302e-02	5.683235e+00
3.503000e-05	-1.099994e-02	5.514767e+00
3.504000e-05	-1.028281e-02	5.368472e+00
3.505000e-05	-9.714452e-03	5.230704e+00
3.506000e-05	-9.172220e-03	5.000159e+00
3.507000e-05	-9.959588e-03	4.842155e+00
3.508000e-05	-1.057323e-02	4.704759e+00
3.509000e-05	-9.767851e-03	4.576343e+00
3.510000e-05	-8.844680e-03	4.430605e+00
3.511000e-05	-8.102691e-03	4.241007e+00
3.512000e-05	-9.082076e-03	4.041031e+00
3.513000e-05	-8.426483e-03	3.923790e+00
3.514000e-05	-8.030828e-03	3.756374e+00
3.515000e-05	-7.459135e-03	3.630001e+00
3.516000e-05	-7.765322e-03	3.450180e+00
3.517000e-05	-8.035956e-03	3.284063e+00
3.518000e-05	-7.180155e-03	3.115319e+00
3.519000e-05	-7.550541e-03	2.998772e+00
3.520000e-05	-6.145695e-03	2.819555e+00
3.521000e-05	-7.761727e-03	2.653587e+00
3.522000e-05	-7.448119e-03	2.492609e+00
3.523000e-05	-6.652790e-03	2.312234e+00
3.524000e-05	-5.684946e-03	2.115816e+00
3.525000e-05	-5.582512e-03	1.999997e+00
3.526000e-05	-6.517120e-03	1.870107e+00
3.527000e-05	-5.645931e-03	1.701129e+00
3.528000e-05	-5.717623e-03	1.464167e+00
3.529000e-05	-5.843285e-03	1.323767e+00
3.530000e-05	-5.775606e-03	1.157866e+00
3.531000e-05	-6.286657e-03	9.152132e-01
3.532000e-05	-5.550128e-03	7.663970e-01
3.533000e-05	-4.565958e-03	5.869263e-01
3.534000e-05	-4.852340e-03	4.301314e-01
3.535000e-05	-4.775641e-03	3.141841e-01
3.536000e-05	-4.457582e-03	6.211014e-02
3.537000e-05	-4.329279e-03	-6.573922e-02
3.538000e-05	9.924065e-04	-2.527067e-01
3.539000e-05	3.299548e-03	-3.710251e-01
3.540000e-05	-1.838351e-03	-5.084463e-01
3.541000e-05	3.117999e-03	-7.474198e-01
3.542000e-05	1.101740e-04	-8.546857e-01
3.543000e-05	-6.029462e-04	-1.011052e+00
3.544000e-05	9.854076e-04	-1.149094e+00
3.545000e-05	3.113322e-02	-1.341546e+00
3.546000e-05	1.097938e-01	-1.589472e+00
3.547000e-05	-3.544157e-02	-1.811652e+00
3.548000e-05	-2.050071e-02	-2.032700e+00
3.549000e-05	-8.006626e-02	-2.253231e+00
3.550000e-05	-5.209109e-02	-2.338443e+00
3.551000e-05	1.579119e-01	-2.378448e+00
3.552000e-05	-1.334234e-01	-2.581057e+00
3.553000e-05	-5.550808e-03	-2.769600e+00
3.554000e-05	1.831234e-01	-2.782606e+00
3.555000e-05	-1.742786e-01	-3.115838e+00
3.556000e-05	3.759194e-02	-3.295813e+00
3.557000e-05	9.632818e-02	-3.381103e+00
3.558000e-05	-1.801569e-01	-3.570021e+00
3.559000e-05	9.994025e-02	-3.643815e+00
3.560000e-05	1.258844e-02	-3.874237e+00
3.561000e-05	-4.928641e-02	-4.114914e+00
3.562000e-05	1.625568e-01	-4.190625e+00
3.563000e-05	-1.493742e-01	-4.359451e+00
3.564000e-05	5.295149e-02	-4.507842e+00
3.565000e-05	3.533275e-02	-4.662685e+00
3.566000e-05	-1.032310e-01	-4.852731e+00
3.567000e-05	1.316892e-01	-4.999052e+00
3.568000e-05	-8.310765e-02	-5.140497e+00
3.569000e-05	6.418265e-02	-5.316891e+00
3.570000e-05	6.010969e-03	-5.456738e+00
3.571000e-05	-5.350037e-02	-5.674741e+00
3.572000e-05	9.214479e-02	-5.771031e+00
3.573000e-05	-1.188966e-01	-5.927471e+00
3.574000e-05	1.007257e-01	-6.085339e+00
3.575000e-05	-1.183473e-02	-6.223707e+00
3.576000e-05	-1.699778e-02	-6.411731e+00
3.577000e-05	6.908422e-02	-6.497367e+00
3.578000e-05	-8.849098e-02	-6.665314e+00
3.579000e-05	9.168577e-02	-6.782553e+00
3.580000e-05	-5.858653e-02	-6.937980e+00
3.581000e-05	3.262391e-02	-7.116943e+00
3.582000e-05	7.736236e-03	-7.243787e+00
3.583000e-05	-1.743187e-02	-7.411552e+00
3.584000e-05	6.478365e-02	-7.536912e+00
3.585000e-05	-5.711463e-02	-7.705365e+00
3.586000e-05	5.031854e-02	-7.851180e+00
3.587000e-05	-3.809612e-02	-7.959530e+00
3.588000e-05	3.119731e-02	-8.084394e+00
3.589000e-05	1.181650e-02	-8.210154e+00
3.590000e-05	-8.486802e-03	-8.316340e+00
3.591000e-05	2.944550e-02	-8.430578e+00
3.592000e-05	-1.897812e-02	-8.568968e+00
3.593000e-05	4.126305e-02	-8.616311e+00
3.594000e-05	-2.107980e-02	-8.800576e+00
3.595000e-05	1.653964e-02	-8.886367e+00
3.596000e-05	-6.632287e-03	-9.000028e+00
3.597000e-05	1.644314e-02	-9.065339e+00
3.598000e-05	1.678246e-02	-9.199975e+00
3.599000e-05	3.495686e-03	-9.335946e+00
3.600000e-05	1.088063e-02	-9.369529e+00
3.601000e-05	-1.968822e-03	-9.476838e+00
3.602000e-05	1.696959e-02	-9.591679e+00
3.603000e-05	-1.276035e-03	-9.704867e+00
3.604000e-05	1.364609e-02	-9.808531e+00
3.605000e-05	1.869382e-03	-9.854185e+00
3.606000e-05	2.018503e-02	-9.948002e+00
3.607000e-05	1.109993e-02	-1.002071e+01
3.608000e-05	7.594079e-03	-1.013797e+01
3.609000e-05	2.180515e-03	-1.020160e+01
3.610000e-05	1.623156e-03	-1.031625e+01
3.611000e-05	1.725331e-02	-1.039813e+01
3.612000e-05	8.448994e-03	-1.043334e+01
3.613000e-05	1.508145e-02	-1.057842e+01
3.614000e-05	5.251431e-03	-1.058210e+01
3.615000e-05	1.452204e-02	-1.069429e+01
3.616000e-05	8.482445e-03	-1.067542e+01
3.617000e-05	9.497570e-03	-1.077807e+01
3.618000e-05	5.414790e-03	-1.083022e+01
3.619000e-05	1.030619e-02	-1.087534e+01
3.620000e-05	1.527262e-02	-1.095847e+01
3.621000e-05	1.345161e-02	-1.099058e+01
3.622000e-05	1.192819e-02	-1.104174e+01
3.623000e-05	6.141818e-03	-1.112537e+01
3.624000e-05	1.304114e-02	-1.112799e+01
3.625000e-05	1.371648e-02	-1.119005e+01
3.626000e-05	1.373944e-02	-1.123328e+01
3.627000e-05	9.627162e-03	-1.125234e+01
3.628000e-05	1.267424e-02	-1.131687e+01
3.629000e-05	1.581627e-02	-1.135805e+01
3.630000e-05	1.478157e-02	-1.137645e+01
3.631000e-05	1.116279e-02	-1.137766e+01
3.632000e-05	9.753693e-03	-1.140124e+01
3.633000e-05	1.488032e-02	-1.144224e+01
3.634000e-05	1.811194e-02	-1.149329e+01
3.635000e-05	1.636060e-02	-1.151434e+01
3.636000e-05	1.356830e-02	-1.147597e+01
3.637000e-05	1.395890e-02	-1.150855e+01
3.638000e-05	1.844440e-02	-1.156848e+01
3.639000e-05	1.912572e-02	-1.157801e+01
3.640000e-05	1.668530e-02	-1.155853e+01
3.641000e-05	1.568984e-02	-1.152855e+01
3.642000e-05	1.820426e-02	-1.157861e+01
3.643000e-05	2.156831e-02	-1.157818e+01
3.644000e-05	2.069303e-02	-1.156858e+01
3.645000e-05	1.901305e-02	-1.154003e+01
3.646000e-05	1.913423e-02	-1.154705e+01
3.647000e-05	2.319753e-02	-1.152705e+01
3.648000e-05	2.570980e-02	-1.150389e+01
3.649000e-05	2.410173e-02	-1.149325e+01
3.650000e-05	2.193486e-02	-1.143267e+01
3.651000e-05	2.453486e-02	-1.143218e+01
3.652000e-05	2.657124e-02	-1.143063e+01
3.653000e-05	2.698823e-02	-1.138751e+01
3.654000e-05	2.582705e-02	-1.131850e+01
3.655000e-05	2.549554e-02	-1.129334e+01
3.656000e-05	2.956292e-02	-1.126319e+01
3.657000e-05	3.141845e-02	-1.121166e+01
3.658000e-05	3.098147e-02	-1.112803e+01
3.659000e-05	2.979034e-02	-1.117490e+01
3.660000e-05	3.166664e-02	-1.105279e+01
3.661000e-05	3.381912e-02	-1.100959e+01
3.662000e-05	3.561223e-02	-1.093807e+01
3.663000e-05	3.434758e-02	-1.093587e+01
3.664000e-05	3.504114e-02	-1.083379e+01
3.665000e-05	3.834085e-02	-1.083058e+01
3.666000e-05	4.136063e-02	-1.075700e+01
3.667000e-05	4.132598e-02	-1.071629e+01
3.668000e-05	4.095785e-02	-1.064071e+01
3.669000e-05	4.173299e-02	-1.057908e+01
3.670000e-05	4.255585e-02	-1.050495e+01
3.671000e-05	4.221794e-02	-1.048121e+01
3.672000e-05	3.930970e-02	-1.035708e+01
3.673000e-05	3.714035e-02	-1.028279e+01
3.674000e-05	3.695513e-02	-1.020008e+01
3.675000e-05	3.744253e-02	-1.015595e+01
3.676000e-05	3.419752e-02	-1.005019e+01
3.677000e-05	2.936877e-02	-9.945997e+00
3.678000e-05	2.708649e-02	-9.862739e+00
3.679000e-05	2.712731e-02	-9.798526e+00
3.680000e-05	2.523032e-02	-9.745373e+00
3.681000e-05	2.177683e-02	-9.593155e+00
3.682000e-05	1.880229e-02	-9.504397e+00
3.683000e-05	1.892636e-02	-9.412083e+00
3.684000e-05	1.738300e-02	-9.336900e+00
3.685000e-05	1.751945e-02	-9.191109e+00
3.686000e-05	1.339370e-02	-9.114265e+00
3.687000e-05	1.322270e-02	-8.986978e+00
3.688000e-05	1.372959e-02	-8.896340e+00
3.689000e-05	1.476245e-02	-8.827976e+00
3.690000e-05	1.069880e-02	-8.693687e+00
3.691000e-05	8.906258e-03	-8.566401e+00
3.692000e-05	5.003741e-03	-8.438159e+00
3.693000e-05	8.549215e-03	-8.335295e+00
3.694000e-05	6.492899e-03	-8.199581e+00
3.695000e-05	7.694204e-03	-8.133792e+00
3.696000e-05	5.068052e-03	-7.976948e+00
3.697000e-05	7.921395e-03	-7.812714e+00
3.698000e-05	6.584854e-03	-7.743343e+00
3.699000e-05	6.311876e-03	-7.567448e+00
3.700000e-05	2.760465e-03	-7.399580e+00
3.701000e-05	1.124533e-03	-7.315260e+00
3.702000e-05	2.823576e-03	-7.166924e+00
3.703000e-05	3.091662e-03	-7.010658e+00
3.704000e-05	3.829725e-03	-6.901689e+00
3.705000e-05	1.374298e-03	-6.735396e+00
3.706000e-05	2.792115e-03	-6.620080e+00
3.707000e-05	3.042482e-03	-6.493785e+00
3.708000e-05	2.596648e-03	-6.366991e+00
3.709000e-05	-8.952345e-04	-6.209554e+00
3.710000e-05	-1.300770e-03	-6.031058e+00
3.711000e-05	-9.094646e-04	-5.925789e+00
3.712000e-05	2.827933e-04	-5.764923e+00
3.713000e-05	-4.269904e-04	-5.629579e+00
3.714000e-05	-1.107553e-03	-5.472165e+00
3.715000e-05	-9.134173e-04	-5.283192e+00
3.716000e-05	-4.930632e-05	-5.114289e+00
3.717000e-05	-4.122051e-04	-4.955895e+00
3.718000e-05	-1.611771e-03	-4.776346e+00
3.719000e-05	-2.255568e-03	-4.627550e+00
3.720000e-05	-2.667533e-03	-4.461638e+00
3.721000e-05	-2.233449e-03	-4.335815e+00
3.722000e-05	-3.354151e-03	-4.147952e+00
3.723000e-05	-3.532142e-03	-4.030079e+00
3.724000e-05	-3.471455e-03	-3.903313e+00
3.725000e-05	-2.611174e-03	-3.661738e+00
3.726000e-05	-3.256466e-03	-3.544870e+00
3.727000e-05	-3.640205e-03	-3.359000e+00
3.728000e-05	-4.483414e-03	-3.229655e+00
3.729000e-05	-3.517141e-03	-3.060233e+00
3.730000e-05	-4.548518e-03	-2.843664e+00
3.731000e-05	-4.253513e-03	-2.716792e+00
3.732000e-05	-5.738805e-03	-2.565422e+00
3.733000e-05	-5.232386e-03	-2.439050e+00
3.734000e-05	-5.007417e-03	-2.241134e+00
3.735000e-05	-4.487671e-03	-2.021107e+00
3.736000e-05	-5.568585e-03	-1.913269e+00
3.737000e-05	-5.260869e-03	-1.737345e+00
3.738000e-05	-6.011077e-03	-1.600000e+00
3.739000e-05	-5.129920e-03	-1.359507e+00
3.740000e-05	-5.659625e-03	-1.179029e+00
3.741000e-05	-6.610008e-03	-1.010031e+00
3.742000e-05	-5.901283e-03	-8.731605e-01
3.743000e-05	-7.061016e-03	-7.447884e-01
3.744000e-05	-6.361062e-03	-5.522155e-01
3.745000e-05	-6.920277e-03	-3.373435e-01
3.746000e-05	-6.920376e-03	-1.984489e-01
3.747000e-05	-6.169366e-03	-5.105520e-02
3.748000e-05	-2.065703e-03	9.841685e-02
3.749000e-05	1.253694e-03	3.668661e-01
3.750000e-05	-6.792928e-04	4.336116e-01
3.751000e-05	2.791049e-04	5.930789e-01
3.752000e-05	-4.065494e-03	8.073438e-01
3.753000e-05	-4.512039e-03	8.898919e-01
3.754000e-05	-2.524559e-03	1.146366e+00
3.755000e-05	1.262831e-02	1.285759e+00
3.756000e-05	7.172686e-02	1.476840e+00
3.757000e-05	2.691710e-02	1.789045e+00
3.758000e-05	-4.938058e-02	1.978892e+00
3.759000e-05	-3.463895e-02	2.074214e+00
3.760000e-05	-9.451604e-02	2.210575e+00
3.761000e-05	8.773408e-04	2.315767e+00
3.762000e-05	1.043535e-01	2.454791e+00
3.763000e-05	-1.636225e-01	2.715764e+00
3.764000e-05	7.947128e-02	2.800551e+00
3.765000e-05	9.100609e-02	3.011050e+00
3.766000e-05	-1.233584e-01	3.126919e+00
3.767000e-05	7.094127e-02	3.262187e+00
3.768000e-05	-1.569580e-02	3.485759e+00
3.769000e-05	-9.653639e-02	3.622109e+00
3.770000e-05	7.720824e-02	3.748023e+00
3.771000e-05	-1.770502e-02	3.968868e+00
3.772000e-05	4.799410e-03	4.092738e+00
3.773000e-05	2.902892e-02	4.306786e+00
3.774000e-05	-7.188189e-02	4.452683e+00
3.775000e-05	3.313776e-02	4.580025e+00
3.776000e-05	-3.154777e-02	4.737344e+00
3.777000e-05	4.876253e-03	4.874842e+00
3.778000e-05	-5.467399e-03	5.167395e+00
3.779000e-05	-2.128791e-05	5.327843e+00
3.780000e-05	2.164853e-02	5.423729e+00
3.781000e-05	-3.740205e-02	5.578976e+00
3.782000e-05	1.535501e-02	5.736913e+00
3.783000e-05	-3.234473e-02	5.886391e+00
3.784000e-05	-1.920754e-02	6.032709e+00
3.785000e-05	3.258408e-02	6.171097e+00
3.786000e-05	-1.883710e-02	6.286312e+00
3.787000e-05	4.023116e-03	6.454159e+00
3.788000e-05	-1.828864e-02	6.622099e+00
3.789000e-05	-7.381993e-03	6.769472e+00
3.790000e-05	4.528571e-04	6.876289e+00
3.791000e-05	-2.010813e-02	7.081756e+00
3.792000e-05	-3.616461e-04	7.138419e+00
3.793000e-05	-1.966436e-02	7.275863e+00
3.794000e-05	1.546770e-02	7.441710e+00
3.795000e-05	-8.134700e-03	7.602105e+00
3.796000e-05	-1.758302e-02	7.761421e+00
3.797000e-05	-1.197883e-02	7.905839e+00
3.798000e-05	-1.543927e-02	8.062078e+00
3.799000e-05	5.333956e-03	8.158448e+00
3.800000e-05	-1.288799e-02	8.244738e+00
3.801000e-05	-7.165980e-03	8.390468e+00
3.802000e-05	-1.453236e-02	8.485287e+00
3.803000e-05	-2.813778e-03	8.559526e+00
3.804000e-05	-6.886386e-03	8.644262e+00
3.805000e-05	-1.940888e-02	8.758474e+00
3.806000e-05	-1.353575e-02	8.884363e+00
3.807000e-05	-1.204427e-02	8.980555e+00
3.808000e-05	7.291546e-04	9.125814e+00
3.809000e-05	-9.613151e-03	9.222149e+00
3.810000e-05	-1.312636e-02	9.295367e+00
3.811000e-05	-1.610011e-02	9.418525e+00
3.812000e-05	-8.347696e-03	9.505766e+00
3.813000e-05	-9.789122e-03	9.600502e+00
3.814000e-05	-1.551431e-02	9.692261e+00
3.815000e-05	-1.429680e-02	9.778096e+00
3.816000e-05	-1.177030e-02	9.854338e+00
3.817000e-05	-5.535527e-03	9.967973e+00
3.818000e-05	-1.184184e-02	1.002176e+01
3.819000e-05	-1.614846e-02	1.010584e+01
3.820000e-05	-1.924095e-02	1.020060e+01
3.821000e-05	-9.654695e-03	1.028326e+01
3.822000e-05	-1.320218e-02	1.035745e+01
3.823000e-05	-1.318915e-02	1.043225e+01
3.824000e-05	-2.005379e-02	1.052495e+01
3.825000e-05	-1.223042e-02	1.058048e+01
3.826000e-05	-1.177362e-02	1.062213e+01
3.827000e-05	-1.276499e-02	1.068632e+01
3.828000e-05	-1.831054e-02	1.077808e+01
3.829000e-05	-2.009612e-02	1.083218e+01
3.830000e-05	-1.401946e-02	1.089431e+01
3.831000e-05	-1.292548e-02	1.093739e+01
3.832000e-05	-1.842884e-02	1.097898e+01
3.833000e-05	-1.987242e-02	1.103063e+01
3.834000e-05	-1.838007e-02	1.106116e+01
3.835000e-05	-1.394682e-02	1.106394e+01
3.836000e-05	-1.747903e-02	1.112645e+01
3.837000e-05	-2.164532e-02	1.115898e+01
3.838000e-05	-1.638632e-02	1.120124e+01
3.839000e-05	-2.158622e-02	1.128276e+01
3.840000e-05	-1.692770e-02	1.131429e+01
3.841000e-05	-2.369671e-02	1.131529e+01
3.842000e-05	-1.861550e-02	1.134692e+01
3.843000e-05	-2.018732e-02	1.133897e+01
3.844000e-05	-1.717358e-02	1.137755e+01
3.845000e-05	-1.935811e-02	1.139158e+01
3.846000e-05	-2.474994e-02	1.138266e+01
3.847000e-05	-2.519342e-02	1.145168e+01
3.848000e-05	-2.412858e-02	1.147116e+01
3.849000e-05	-2.328336e-02	1.145321e+01
3.850000e-05	-2.286751e-02	1.144376e+01
3.851000e-05	-2.240215e-02	1.145316e+01
3.852000e-05	-2.252160e-02	1.144171e+01
3.853000e-05	-2.213582e-02	1.146171e+01
3.854000e-05	-2.797431e-02	1.143266e+01
3.855000e-05	-2.928806e-02	1.147216e+01
3.856000e-05	-3.219136e-02	1.143316e+01
3.857000e-05	-2.820291e-02	1.139161e+01
3.858000e-05	-2.686273e-02	1.138006e+01
3.859000e-05	-2.970512e-02	1.140810e+01
3.860000e-05	-2.890089e-02	1.137905e+01
3.861000e-05	-3.135437e-02	1.136690e+01
3.862000e-05	-3.166768e-02	1.136632e+01
3.863000e-05	-3.358868e-02	1.129234e+01
3.864000e-05	-3.923646e-02	1.123169e+01
3.865000e-05	-3.401628e-02	1.121066e+01
3.866000e-05	-3.603754e-02	1.115752e+01
3.867000e-05	-3.212489e-02	1.113430e+01
3.868000e-05	-3.779848e-02	1.110269e+01
3.869000e-05	-3.907127e-02	1.104163e+01
3.870000e-05	-4.308960e-02	1.102100e+01
3.871000e-05	-3.991922e-02	1.093850e+01
3.872000e-05	-4.287387e-02	1.093389e+01
3.873000e-05	-4.253800e-02	1.085276e+01
3.874000e-05	-4.365815e-02	1.081010e+01
3.875000e-05	-4.307987e-02	1.074500e+01
3.876000e-05	-4.864018e-02	1.069227e+01
3.877000e-05	-5.039705e-02	1.058103e+01
3.878000e-05	-5.172767e-02	1.055695e+01
3.879000e-05	-5.147087e-02	1.047429e+01
3.880000e-05	-4.932931e-02	1.039063e+01
3.881000e-05	-4.875080e-02	1.033542e+01
3.882000e-05	-4.579665e-02	1.023168e+01
3.883000e-05	-4.533899e-02	1.018895e+01
3.884000e-05	-4.269049e-02	1.013524e+01
3.885000e-05	-4.374021e-02	1.002011e+01
3.886000e-05	-4.217388e-02	9.964924e+00
3.887000e-05	-4.079285e-02	9.841632e+00
3.888000e-05	-3.690575e-02	9.786500e+00
3.889000e-05	-3.393209e-02	9.674788e+00
3.890000e-05	-3.166860e-02	9.577026e+00
3.891000e-05	-2.847406e-02	9.473265e+00
3.892000e-05	-2.733828e-02	9.368505e+00
3.893000e-05	-2.563288e-02	9.336289e+00
3.894000e-05	-2.680293e-02	9.237553e+00
3.895000e-05	-2.591100e-02	9.101743e+00
3.896000e-05	-2.574558e-02	8.979501e+00
3.897000e-05	-2.505678e-02	8.913261e+00
3.898000e-05	-2.221953e-02	8.757447e+00
3.899000e-05	-2.051066e-02	8.621112e+00
3.900000e-05	-1.801840e-02	8.554847e+00
3.901000e-05	-1.748524e-02	8.460158e+00
3.902000e-05	-1.717393e-02	8.344917e+00
3.903000e-05	-1.876794e-02	8.262585e+00
3.904000e-05	-1.913168e-02	8.101834e+00
3.905000e-05	-1.888113e-02	8.006846e+00
3.906000e-05	-1.722620e-02	7.861134e+00
3.907000e-05	-1.617950e-02	7.683867e+00
3.908000e-05	-1.434237e-02	7.587522e+00
3.909000e-05	-1.316781e-02	7.430560e+00
3.910000e-05	-1.298252e-02	7.283833e+00
3.911000e-05	-1.290779e-02	7.117921e+00
3.912000e-05	-1.339683e-02	7.009554e+00
3.913000e-05	-1.403253e-02	6.903817e+00
3.914000e-05	-1.418728e-02	6.767899e+00
3.915000e-05	-1.372441e-02	6.641032e+00
3.916000e-05	-1.238515e-02	6.493739e+00
3.917000e-05	-1.114821e-02	6.376317e+00
3.918000e-05	-1.119535e-02	6.219552e+00
3.919000e-05	-9.962424e-03	6.083713e+00
3.920000e-05	-1.010689e-02	5.966491e+00
3.921000e-05	-9.867051e-03	5.818982e+00
3.922000e-05	-1.027692e-02	5.660579e+00
3.923000e-05	-1.065082e-02	5.494189e+00
3.924000e-05	-1.127347e-02	5.316817e+00
3.925000e-05	-9.789382e-03	5.206372e+00
3.926000e-05	-1.061194e-02	4.986376e+00
3.927000e-05	-9.259029e-03	4.819376e+00
3.928000e-05	-7.913015e-03	4.669683e+00
3.929000e-05	-7.592997e-03	4.514217e+00
3.930000e-05	-7.957376e-03	4.378865e+00
3.931000e-05	-8.193395e-03	4.186953e+00
3.932000e-05	-8.865479e-03	4.029953e+00
3.933000e-05	-8.195564e-03	3.871108e+00
3.934000e-05	-8.222270e-03	3.725238e+00
3.935000e-05	-9.117167e-03	3.607821e+00
3.936000e-05	-8.870657e-03	3.419524e+00
3.937000e-05	-7.289719e-03	3.219502e+00
3.938000e-05	-6.369098e-03	3.101130e+00
3.939000e-05	-6.862042e-03	2.895292e+00
3.940000e-05	-6.441597e-03	2.797922e+00
3.941000e-05	-7.065524e-03	2.588400e+00
3.942000e-05	-6.896011e-03	2.397497e+00
3.943000e-05	-7.143082e-03	2.231108e+00
3.944000e-05	-6.764173e-03	2.112262e+00
3.945000e-05	-7.096467e-03	1.977370e+00
3.946000e-05	-6.821374e-03	1.778901e+00
3.947000e-05	-5.379075e-03	1.618950e+00
3.948000e-05	-5.029241e-03	1.420954e+00
3.949000e-05	-5.697988e-03	1.222059e+00
3.950000e-05	-5.498302e-03	1.051086e+00
3.951000e-05	-5.191190e-03	8.625290e-01
3.952000e-05	-5.612130e-03	7.242391e-01
3.953000e-05	-6.309068e-03	5.352407e-01
3.954000e-05	-6.186921e-03	4.084236e-01
3.955000e-05	-5.549321e-03	2.108496e-01
3.956000e-05	-5.347979e-03	-1.525128e-03
3.957000e-05	-3.534177e-03	-1.278409e-01
3.958000e-05	1.474239e-03	-2.952833e-01
3.959000e-05	2.302719e-03	-3.820538e-01
3.960000e-05	-2.312250e-04	-5.820802e-01
3.961000e-05	1.827398e-03	-8.005264e-01
3.962000e-05	-2.909459e-04	-9.367645e-01
3.963000e-05	-1.151661e-03	-1.044206e+00
3.964000e-05	3.019163e-03	-1.222683e+00
3.965000e-05	5.996440e-02	-1.414707e+00
3.966000e-05	7.416964e-02	-1.633655e+00
3.967000e-05	-5.008622e-02	-1.877288e+00
3.968000e-05	-1.653924e-02	-2.035891e+00
3.969000e-05	-1.153396e-01	-2.264793e+00
3.970000e-05	5.207191e-02	-2.348370e+00
3.971000e-05	9.882085e-02	-2.412608e+00
3.972000e-05	-1.934717e-01	-2.644859e+00
3.973000e-05	1.339365e-01	-2.800524e+00
3.974000e-05	8.192006e-02	-2.847815e+00
3.975000e-05	-1.822401e-01	-3.212098e+00
3.976000e-05	1.418328e-01	-3.295817e+00
3.977000e-05	-1.919890e-02	-3.444209e+00
3.978000e-05	-1.392173e-01	-3.591707e+00
3.979000e-05	1.537391e-01	-3.729346e+00
3.980000e-05	-8.067338e-02	-3.980021e+00
3.981000e-05	6.156459e-02	-4.169466e+00
3.982000e-05	8.463225e-02	-4.243188e+00
3.983000e-05	-1.583970e-01	-4.422628e+00
3.984000e-05	1.296322e-01	-4.536921e+00
3.985000e-05	-6.969431e-02	-4.768917e+00
3.986000e-05	-5.980422e-03	-4.886388e+00
3.987000e-05	8.207620e-02	-5.003109e+00
3.988000e-05	-8.629291e-02	-5.241654e+00
3.989000e-05	1.142143e-01	-5.350450e+00
3.990000e-05	-7.035886e-02	-5.570475e+00
3.991000e-05	2.754256e-02	-5.695915e+00
3.992000e-05	2.360899e-02	-5.844134e+00
3.993000e-05	-8.550578e-02	-5.961050e+00
3.994000e-05	1.303703e-01	-6.105943e+00
3.995000e-05	-7.736219e-02	-6.317467e+00
3.996000e-05	5.579329e-02	-6.443755e+00
3.997000e-05	-4.814376e-03	-6.570018e+00
3.998000e-05	-3.568117e-02	-6.716945e+00
3.999000e-05	7.843289e-02	-6.814307e+00
4.000000e-05	-7.830950e-02	-6.999152e+00
4.001000e-05	7.226764e-02	-7.149501e+00
4.002000e-05	-4.114900e-02	-7.265814e+00
4.003000e-05	4.133938e-02	-7.433180e+00
4.004000e-05	1.626085e-02	-7.537102e+00
4.005000e-05	-3.336446e-02	-7.749049e+00
4.006000e-05	4.273619e-02	-7.905212e+00
4.007000e-05	-4.490686e-02	-8.003204e+00
4.008000e-05	5.713726e-02	-8.116368e+00
4.009000e-05	-2.421823e-02	-8.243231e+00
4.010000e-05	2.192249e-02	-8.338024e+00
4.011000e-05	2.513722e-03	-8.433184e+00
4.012000e-05	6.491977e-03	-8.580653e+00
4.013000e-05	2.356495e-02	-8.695896e+00
4.014000e-05	-2.086743e-02	-8.831734e+00
4.015000e-05	1.925825e-02	-8.915347e+00
4.016000e-05	-9.842644e-03	-9.021758e+00
4.017000e-05	3.058371e-02	-9.136420e+00
4.018000e-05	-1.113215e-03	-9.221255e+00
4.019000e-05	1.171994e-02	-9.328422e+00
4.020000e-05	2.512698e-03	-9.411632e+00
4.021000e-05	7.542064e-03	-9.507445e+00
4.022000e-05	1.266460e-02	-9.632734e+00
4.023000e-05	-2.631679e-03	-9.738493e+00
4.024000e-05	1.482207e-02	-9.820155e+00
4.025000e-05	1.919355e-03	-9.865242e+00
4.026000e-05	2.444685e-02	-9.929503e+00
4.027000e-05	2.266017e-03	-1.008437e+01
4.028000e-05	7.285457e-03	-1.013753e+01
4.029000e-05	-1.769657e-03	-1.025076e+01
4.030000e-05	1.061511e-02	-1.031789e+01
4.031000e-05	1.324088e-02	-1.039058e+01
4.032000e-05	1.105659e-02	-1.048534e+01
4.033000e-05	1.038126e-02	-1.055857e+01
4.034000e-05	7.576957e-03	-1.062258e+01
4.035000e-05	1.448157e-02	-1.068522e+01
4.036000e-05	5.371120e-03	-1.073747e+01
4.037000e-05	8.883324e-03	-1.077018e+01
4.038000e-05	2.698066e-03	-1.087274e+01
4.039000e-05	1.634418e-02	-1.091685e+01
4.040000e-05	1.469721e-02	-1.096650e+01
4.041000e-05	1.450053e-02	-1.096158e+01
4.042000e-05	8.846459e-03	-1.105326e+01
4.043000e-05	8.261910e-03	-1.113834e+01
4.044000e-05	1.359328e-02	-1.114550e+01
4.045000e-05	1.198133e-02	-1.121106e+01
4.046000e-05	1.231209e-02	-1.123479e+01
4.047000e-05	1.020315e-02	-1.127326e+01
4.048000e-05	1.519243e-02	-1.132489e+01
4.049000e-05	1.597132e-02	-1.133902e+01
4.050000e-05	1.450950e-02	-1.137708e+01
4.051000e-05	1.172956e-02	-1.141166e+01
4.052000e-05	1.372702e-02	-1.142166e+01
4.053000e-05	1.762849e-02	-1.145376e+01
4.054000e-05	1.778611e-02	-1.146481e+01
4.055000e-05	1.523840e-02	-1.150439e+01
4.056000e-05	1.285052e-02	-1.152595e+01
4.057000e-05	1.585422e-02	-1.155707e+01
4.058000e-05	1.801404e-02	-1.156803e+01
4.059000e-05	1.870571e-02	-1.156705e+01
4.060000e-05	1.744132e-02	-1.158818e+01
4.061000e-05	1.868645e-02	-1.153858e+01
4.062000e-05	2.000992e-02	-1.157966e+01
4.063000e-05	2.264430e-02	-1.154767e+01
4.064000e-05	1.726901e-02	-1.156858e+01
4.065000e-05	1.829168e-02	-1.155750e+01
4.066000e-05	2.009750e-02	-1.157502e+01
4.067000e-05	2.357934e-02	-1.154543e+01
4.068000e-05	2.562373e-02	-1.151447e+01
4.069000e-05	2.382785e-02	-1.147389e+01
4.070000e-05	2.633452e-02	-1.145134e+01
4.071000e-05	2.524357e-02	-1.144078e+01
4.072000e-05	2.624999e-02	-1.138845e+01
4.073000e-05	2.392492e-02	-1.135857e+01
4.074000e-05	2.307946e-02	-1.130582e+01
4.075000e-05	2.835637e-02	-1.128234e+01
4.076000e-05	2.926882e-02	-1.123276e+01
4.077000e-05	3.288169e-02	-1.121103e+01
4.078000e-05	3.055426e-02	-1.109747e+01
4.079000e-05	3.116025e-02	-1.112437e+01
4.080000e-05	3.150323e-02	-1.102326e+01
4.081000e-05	3.171978e-02	-1.094855e+01
4.082000e-05	3.286242e-02	-1.098702e+01
4.083000e-05	3.505054e-02	-1.090534e+01
4.084000e-05	3.754485e-02	-1.082166e+01
4.085000e-05	4.014253e-02	-1.079913e+01
4.086000e-05	4.048469e-02	-1.074752e+01
4.087000e-05	4.300604e-02	-1.070432e+01
4.088000e-05	3.936822e-02	-1.060069e+01
4.089000e-05	3.945498e-02	-1.057747e+01
4.090000e-05	3.981636e-02	-1.050587e+01
4.091000e-05	4.132858e-02	-1.045216e+01
4.092000e-05	4.000226e-02	-1.035595e+01
4.093000e-05	3.720749e-02	-1.023471e+01
4.094000e-05	3.748825e-02	-1.018900e+01
4.095000e-05	3.452008e-02	-1.012437e+01
4.096000e-05	3.305747e-02	-9.999086e+00
4.097000e-05	2.774338e-02	-9.915948e+00
4.098000e-05	2.672734e-02	-9.831138e+00
4.099000e-05	2.426684e-02	-9.777997e+00
4.100000e-05	2.479400e-02	-9.713792e+00
4.101000e-05	2.191359e-02	-9.609629e+00
4.102000e-05	2.050033e-02	-9.523273e+00
4.103000e-05	1.929244e-02	-9.408526e+00
4.104000e-05	1.728960e-02	-9.283295e+00
4.105000e-05	1.627619e-02	-9.167527e+00
4.106000e-05	1.253420e-02	-9.072185e+00
4.107000e-05	1.296130e-02	-8.978053e+00
4.108000e-05	1.194943e-02	-8.882138e+00
4.109000e-05	1.250558e-02	-8.726922e+00
4.110000e-05	9.777329e-03	-8.591663e+00
4.111000e-05	1.053841e-02	-8.524845e+00
4.112000e-05	8.148191e-03	-8.391055e+00
4.113000e-05	8.561805e-03	-8.303238e+00
4.114000e-05	6.358838e-03	-8.167978e+00
4.115000e-05	7.969685e-03	-8.062713e+00
4.116000e-05	5.763267e-03	-7.936871e+00
4.117000e-05	7.364654e-03	-7.841034e+00
4.118000e-05	4.832517e-03	-7.631134e+00
4.119000e-05	4.950881e-03	-7.482742e+00
4.120000e-05	4.276433e-03	-7.378950e+00
4.121000e-05	2.677731e-03	-7.241684e+00
4.122000e-05	2.570956e-03	-7.104446e+00
4.123000e-05	3.234213e-03	-6.998457e+00
4.124000e-05	4.872155e-03	-6.850155e+00
4.125000e-05	2.456500e-03	-6.723763e+00
4.126000e-05	2.583452e-03	-6.567476e+00
4.127000e-05	-1.681590e-04	-6.472609e+00
4.128000e-05	1.356783e-03	-6.304238e+00
4.129000e-05	4.588964e-04	-6.126401e+00
4.130000e-05	-9.669701e-05	-5.999476e+00
4.131000e-05	-4.259707e-04	-5.861112e+00
4.132000e-05	7.996595e-05	-5.725769e+00
4.133000e-05	1.227818e-03	-5.608003e+00
4.134000e-05	-1.635992e-05	-5.391055e+00
4.135000e-05	-1.898486e-03	-5.218584e+00
4.136000e-05	-1.604516e-03	-5.052184e+00
4.137000e-05	-2.696349e-03	-4.872138e+00
4.138000e-05	-2.779638e-03	-4.693115e+00
4.139000e-05	-3.167069e-03	-4.506868e+00
4.140000e-05	-3.856171e-03	-4.419525e+00
4.141000e-05	-2.731967e-03	-4.303687e+00
4.142000e-05	-1.779441e-03	-4.135321e+00
4.143000e-05	-1.902664e-03	-4.008975e+00
4.144000e-05	-3.038929e-03	-3.809680e+00
4.145000e-05	-3.850361e-03	-3.641079e+00
4.146000e-05	-4.235311e-03	-3.492788e+00
4.147000e-05	-4.860275e-03	-3.335369e+00
4.148000e-05	-5.076229e-03	-3.179500e+00
4.149000e-05	-5.815545e-03	-2.997500e+00
4.150000e-05	-4.345384e-03	-2.829504e+00
4.151000e-05	-3.581427e-03	-2.692735e+00
4.152000e-05	-3.716638e-03	-2.503294e+00
4.153000e-05	-5.128953e-03	-2.377421e+00
4.154000e-05	-5.534006e-03	-2.198346e+00
4.155000e-05	-5.698747e-03	-2.009976e+00
4.156000e-05	-6.428696e-03	-1.842659e+00
4.157000e-05	-7.129488e-03	-1.703713e+00
4.158000e-05	-7.509415e-03	-1.545422e+00
4.159000e-05	-6.380116e-03	-1.325290e+00
4.160000e-05	-5.210351e-03	-1.136317e+00
4.161000e-05	-4.975961e-03	-1.008947e+00
4.162000e-05	-6.309414e-03	-8.410000e-01
4.163000e-05	-6.796814e-03	-6.410815e-01
4.164000e-05	-6.640380e-03	-4.615827e-01
4.165000e-05	-5.931461e-03	-2.952644e-01
4.166000e-05	-7.678307e-03	-1.858683e-01
4.167000e-05	-6.380330e-03	-1.949981e-02
4.168000e-05	-7.546036e-04	2.219711e-01
4.169000e-05	-1.628247e-03	3.780212e-01
4.170000e-05	-4.504016e-04	5.078345e-01
4.171000e-05	-1.316798e-03	6.726041e-01
4.172000e-05	-3.204342e-03	8.014987e-01
4.173000e-05	-2.642303e-03	1.009002e+00
4.174000e-05	2.235085e-03	1.169997e+00
4.175000e-05	2.620082e-02	1.357896e+00
4.176000e-05	7.947693e-02	1.582574e+00
4.177000e-05	-1.460162e-02	1.853704e+00
4.178000e-05	-4.276811e-02	1.998974e+00
4.179000e-05	-4.644869e-02	2.117845e+00
4.180000e-05	-9.240182e-02	2.210658e+00
4.181000e-05	7.061535e-02	2.358799e+00
4.182000e-05	2.780860e-02	2.558595e+00
4.183000e-05	-1.587365e-01	2.747869e+00
4.184000e-05	1.689185e-01	2.833684e+00
4.185000e-05	-1.545297e-02	3.042683e+00
4.186000e-05	-8.915848e-02	3.160500e+00
4.187000e-05	9.696376e-02	3.286991e+00
4.188000e-05	-8.386672e-02	3.577891e+00
4.189000e-05	-3.934658e-02	3.653208e+00
4.190000e-05	7.785185e-02	3.823630e+00
4.191000e-05	-4.141800e-02	3.989497e+00
4.192000e-05	3.872354e-02	4.096920e+00
4.193000e-05	-1.554265e-02	4.397469e+00
4.194000e-05	-4.236330e-02	4.474859e+00
4.195000e-05	2.858390e-02	4.633183e+00
4.196000e-05	-4.157878e-02	4.800524e+00
4.197000e-05	2.163342e-02	4.969079e+00
4.198000e-05	-1.954926e-02	5.170601e+00
4.199000e-05	1.606108e-02	5.378422e+00
4.200000e-05	1.021040e-03	5.505291e+00
4.201000e-05	-3.139947e-02	5.602501e+00
4.202000e-05	2.074895e-02	5.760531e+00
4.203000e-05	-4.990886e-02	5.949472e+00
4.204000e-05	1.430375e-02	6.094762e+00
4.205000e-05	1.195458e-02	6.241574e+00
4.206000e-05	-1.711143e-02	6.390447e+00
4.207000e-05	4.954168e-03	6.474813e+00
4.208000e-05	-2.583548e-02	6.623734e+00
4.209000e-05	3.433915e-03	6.812554e+00
4.210000e-05	-1.586889e-02	6.937894e+00
4.211000e-05	-7.354481e-03	7.052735e+00
4.212000e-05	-8.928611e-03	7.172530e+00
4.213000e-05	-9.873349e-03	7.326975e+00
4.214000e-05	1.329199e-02	7.523709e+00
4.215000e-05	-1.628271e-02	7.604162e+00
4.216000e-05	-1.220287e-02	7.799998e+00
4.217000e-05	-1.794239e-02	7.918050e+00
4.218000e-05	-7.725045e-03	8.104734e+00
4.219000e-05	-1.070887e-03	8.208526e+00
4.220000e-05	-1.227210e-02	8.306362e+00
4.221000e-05	-8.065412e-03	8.390603e+00
4.222000e-05	-1.170982e-02	8.486866e+00
4.223000e-05	-3.653746e-05	8.599005e+00
4.224000e-05	-1.141100e-02	8.694864e+00
4.225000e-05	-1.802701e-02	8.810530e+00
4.226000e-05	-1.557594e-02	8.894917e+00
4.227000e-05	-9.442485e-03	9.023681e+00
4.228000e-05	-3.192687e-03	9.145894e+00
4.229000e-05	-1.236970e-02	9.273260e+00
4.230000e-05	-1.382259e-02	9.347416e+00
4.231000e-05	-1.270413e-02	9.422131e+00
4.232000e-05	-7.674267e-03	9.527893e+00
4.233000e-05	-1.137035e-02	9.590581e+00
4.234000e-05	-1.522052e-02	9.715292e+00
4.235000e-05	-1.330522e-02	9.799029e+00
4.236000e-05	-1.062692e-02	9.874288e+00
4.237000e-05	-7.713893e-03	9.980597e+00
4.238000e-05	-1.411862e-02	1.009424e+01
4.239000e-05	-1.799148e-02	1.013750e+01
4.240000e-05	-1.573155e-02	1.023015e+01
4.241000e-05	-1.014086e-02	1.028434e+01
4.242000e-05	-9.899798e-03	1.037945e+01
4.243000e-05	-1.540418e-02	1.043173e+01
4.244000e-05	-1.511367e-02	1.051794e+01
4.245000e-05	-1.337436e-02	1.055960e+01
4.246000e-05	-1.260695e-02	1.065273e+01
4.247000e-05	-1.729774e-02	1.074487e+01
4.248000e-05	-1.979389e-02	1.078958e+01
4.249000e-05	-1.756550e-02	1.084131e+01
4.250000e-05	-1.166307e-02	1.089542e+01
4.251000e-05	-1.263081e-02	1.096847e+01
4.252000e-05	-1.671408e-02	1.101055e+01
4.253000e-05	-1.933393e-02	1.105118e+01
4.254000e-05	-1.880855e-02	1.106381e+01
4.255000e-05	-1.471764e-02	1.113787e+01
4.256000e-05	-1.728385e-02	1.116642e+01
4.257000e-05	-2.023124e-02	1.120958e+01
4.258000e-05	-1.971729e-02	1.124213e+01
4.259000e-05	-1.776121e-02	1.126271e+01
4.260000e-05	-1.739144e-02	1.130482e+01
4.261000e-05	-2.052403e-02	1.133647e+01
4.262000e-05	-2.185675e-02	1.134850e+01
4.263000e-05	-2.143393e-02	1.135857e+01
4.264000e-05	-1.859734e-02	1.138850e+01
4.265000e-05	-1.965144e-02	1.141110e+01
4.266000e-05	-2.305341e-02	1.140168e+01
4.267000e-05	-2.444791e-02	1.141916e+01
4.268000e-05	-2.330116e-02	1.148313e+01
4.269000e-05	-2.183376e-02	1.143269e+01
4.270000e-05	-2.427016e-02	1.148168e+01
4.271000e-05	-2.586749e-02	1.147372e+01
4.272000e-05	-2.624568e-02	1.147421e+01
4.273000e-05	-2.370284e-02	1.146271e+01
4.274000e-05	-2.534688e-02	1.147229e+01
4.275000e-05	-2.851155e-02	1.143274e+01
4.276000e-05	-2.980976e-02	1.144213e+01
4.277000e-05	-2.911690e-02	1.144253e+01
4.278000e-05	-2.850157e-02	1.138910e+01
4.279000e-05	-3.116962e-02	1.136750e+01
4.280000e-05	-3.312360e-02	1.136645e+01
4.281000e-05	-3.307587e-02	1.132642e+01
4.282000e-05	-3.118577e-02	1.131397e+01
4.283000e-05	-3.166912e-02	1.123276e+01
4.284000e-05	-3.470041e-02	1.122916e+01
4.285000e-05	-3.665351e-02	1.123205e+01
4.286000e-05	-3.692002e-02	1.113547e+01
4.287000e-05	-3.596076e-02	1.112429e+01
4.288000e-05	-3.919258e-02	1.105216e+01
4.289000e-05	-4.006443e-02	1.102151e+01
4.290000e-05	-4.294139e-02	1.096803e+01
4.291000e-05	-3.895309e-02	1.094595e+01
4.292000e-05	-4.280092e-02	1.089527e+01
4.293000e-05	-4.376819e-02	1.085271e+01
4.294000e-05	-4.654004e-02	1.077698e+01
4.295000e-05	-4.479650e-02	1.069437e+01
4.296000e-05	-4.747120e-02	1.064368e+01
4.297000e-05	-4.927934e-02	1.058900e+01
4.298000e-05	-5.148706e-02	1.052790e+01
4.299000e-05	-4.988698e-02	1.045029e+01
4.300000e-05	-4.936555e-02	1.034703e+01
4.301000e-05	-4.734083e-02	1.029541e+01
4.302000e-05	-4.711787e-02	1.024063e+01
4.303000e-05	-4.564610e-02	1.015692e+01
4.304000e-05	-4.359574e-02	1.012287e+01
4.305000e-05	-4.134565e-02	1.000747e+01
4.306000e-05	-3.939790e-02	9.904845e+00
4.307000e-05	-3.908461e-02	9.821506e+00
4.308000e-05	-3.598733e-02	9.735348e+00
4.309000e-05	-3.347872e-02	9.650188e+00
4.310000e-05	-3.135330e-02	9.494897e+00
4.311000e-05	-2.950052e-02	9.442112e+00
4.312000e-05	-2.802941e-02	9.356423e+00
4.313000e-05	-2.725689e-02	9.291164e+00
4.314000e-05	-2.454307e-02	9.166001e+00
4.315000e-05	-2.377597e-02	9.071586e+00
4.316000e-05	-2.351492e-02	8.955976e+00
4.317000e-05	-2.302641e-02	8.850108e+00
4.318000e-05	-2.080299e-02	8.745323e+00
4.319000e-05	-1.964166e-02	8.620005e+00
4.320000e-05	-1.986901e-02	8.544346e+00
4.321000e-05	-1.974879e-02	8.358606e+00
4.322000e-05	-1.864721e-02	8.303716e+00
4.323000e-05	-1.707009e-02	8.178472e+00
4.324000e-05	-1.636464e-02	8.041665e+00
4.325000e-05	-1.610436e-02	7.903289e+00
4.326000e-05	-1.595253e-02	7.817904e+00
4.327000e-05	-1.469322e-02	7.693188e+00
4.328000e-05	-1.521778e-02	7.525823e+00
4.329000e-05	-1.590204e-02	7.379008e+00
4.330000e-05	-1.406442e-02	7.272080e+00
4.331000e-05	-1.239823e-02	7.123817e+00
4.332000e-05	-1.239737e-02	6.986952e+00
4.333000e-05	-1.325876e-02	6.882709e+00
4.334000e-05	-1.239863e-02	6.733817e+00
4.335000e-05	-1.229368e-02	6.587429e+00
4.336000e-05	-1.206823e-02	6.430556e+00
4.337000e-05	-1.219964e-02	6.294742e+00
4.338000e-05	-1.238414e-02	6.177897e+00
4.339000e-05	-1.179096e-02	6.082105e+00
4.340000e-05	-1.096040e-02	5.942739e+00
4.341000e-05	-1.124882e-02	5.744824e+00
4.342000e-05	-1.082677e-02	5.617926e+00
4.343000e-05	-1.038433e-02	5.452130e+00
4.344000e-05	-9.521833e-03	5.293218e+00
4.345000e-05	-8.676929e-03	5.103742e+00
4.346000e-05	-9.302574e-03	4.925309e+00
4.347000e-05	-1.010547e-02	4.757296e+00
4.348000e-05	-1.011971e-02	4.609580e+00
4.349000e-05	-9.634888e-03	4.473158e+00
4.350000e-05	-8.808627e-03	4.323242e+00
4.351000e-05	-9.394250e-03	4.154218e+00
4.352000e-05	-8.522875e-03	3.987422e+00
4.353000e-05	-5.912826e-03	3.828555e+00
4.354000e-05	-1.108474e-02	3.654133e+00
4.355000e-05	-6.567130e-03	3.534290e+00
4.356000e-05	-1.098885e-02	3.325739e+00
4.357000e-05	-3.404923e-03	3.156968e+00
4.358000e-05	-8.168690e-03	3.059006e+00
4.359000e-05	-5.158873e-03	2.872659e+00
4.360000e-05	-8.531385e-03	2.734343e+00
4.361000e-05	-6.683140e-03	2.534294e+00
4.362000e-05	-9.267616e-03	2.376795e+00
4.363000e-05	-8.205030e-03	2.206975e+00
4.364000e-05	-6.783794e-03	2.060983e+00
4.365000e-05	-5.387483e-03	1.862739e+00
4.366000e-05	-3.227972e-03	1.726192e+00
4.367000e-05	-4.159756e-03	1.537866e+00
4.368000e-05	-4.358899e-03	1.388423e+00
4.369000e-05	-8.823258e-03	1.238976e+00
4.370000e-05	-6.836234e-03	9.884997e-01
4.371000e-05	-9.199472e-03	8.104786e-01
4.372000e-05	-5.173465e-03	7.005315e-01
4.373000e-05	-5.855897e-03	4.641579e-01
4.374000e-05	-2.818583e-03	3.554160e-01
4.375000e-05	-2.575173e-03	1.743195e-01
4.376000e-05	-2.118774e-03	-1.255776e-02
4.377000e-05	-1.476842e-03	-1.705464e-01
4.378000e-05	1.329292e-03	-3.479474e-01
4.379000e-05	-2.421114e-03	-4.537317e-01
4.380000e-05	-1.117685e-03	-6.948156e-01
4.381000e-05	5.492569e-04	-8.225815e-01
4.382000e-05	4.423228e-04	-9.800213e-01
4.383000e-05	1.323772e-03	-1.097340e+00
4.384000e-05	1.232448e-02	-1.274760e+00
4.385000e-05	9.711445e-02	-1.516338e+00
4.386000e-05	1.751573e-02	-1.706393e+00
4.387000e-05	-3.971267e-02	-1.950470e+00
4.388000e-05	-3.729976e-02	-2.200922e+00
4.389000e-05	-1.198864e-01	-2.376915e+00
4.390000e-05	1.365454e-01	-2.328971e+00
4.391000e-05	-7.630531e-03	-2.474766e+00
4.392000e-05	-1.493472e-01	-2.728415e+00
4.393000e-05	2.016823e-01	-2.799528e+00
4.394000e-05	-6.228779e-02	-2.950954e+00
4.395000e-05	-1.116374e-01	-3.243230e+00
4.396000e-05	1.697461e-01	-3.327347e+00
4.397000e-05	-1.241296e-01	-3.515865e+00
4.398000e-05	-3.446005e-02	-3.664205e+00
4.399000e-05	1.207853e-01	-3.770053e+00
4.400000e-05	-1.166413e-01	-4.012734e+00
4.401000e-05	1.499372e-01	-4.148070e+00
4.402000e-05	-3.311490e-02	-4.295815e+00
4.403000e-05	-8.118866e-02	-4.454759e+00
4.404000e-05	1.261016e-01	-4.579607e+00
4.405000e-05	-1.322435e-01	-4.791129e+00
4.406000e-05	9.070503e-02	-4.898423e+00
4.407000e-05	-4.004874e-03	-5.063839e+00
4.408000e-05	-3.058879e-02	-5.294761e+00
4.409000e-05	9.181413e-02	-5.413583e+00
4.410000e-05	-1.001334e-01	-5.623630e+00
4.411000e-05	9.219434e-02	-5.808501e+00
4.412000e-05	-6.318850e-02	-5.905813e+00
4.413000e-05	-2.062335e-04	-6.022079e+00
4.414000e-05	8.705807e-02	-6.121026e+00
4.415000e-05	-8.244397e-02	-6.369570e+00
4.416000e-05	9.642973e-02	-6.495791e+00
4.417000e-05	-7.316633e-02	-6.622634e+00
4.418000e-05	3.674999e-02	-6.758021e+00
4.419000e-05	1.758348e-02	-6.875916e+00
4.420000e-05	-4.131247e-02	-7.055863e+00
4.421000e-05	6.444466e-02	-7.211076e+00
4.422000e-05	-5.736738e-02	-7.316947e+00
4.423000e-05	7.537351e-02	-7.442262e+00
4.424000e-05	-3.263472e-02	-7.592710e+00
4.425000e-05	1.372838e-02	-7.770055e+00
4.426000e-05	7.754398e-03	-7.897372e+00
4.427000e-05	-2.030887e-02	-8.062735e+00
4.428000e-05	5.044917e-02	-8.147473e+00
4.429000e-05	-3.369021e-02	-8.245316e+00
4.430000e-05	3.806421e-02	-8.350049e+00
4.431000e-05	-2.003105e-02	-8.476868e+00
4.432000e-05	2.981251e-02	-8.650707e+00
4.433000e-05	3.584991e-03	-8.797947e+00
4.434000e-05	-4.108137e-03	-8.874260e+00
4.435000e-05	1.232598e-02	-8.958550e+00
4.436000e-05	-5.449478e-03	-9.063311e+00
4.437000e-05	3.105222e-02	-9.128446e+00
4.438000e-05	-8.071298e-03	-9.233293e+00
4.439000e-05	1.731104e-02	-9.368024e+00
4.440000e-05	-5.652338e-03	-9.442207e+00
4.441000e-05	1.836956e-02	-9.577125e+00
4.442000e-05	5.771098e-03	-9.672211e+00
4.443000e-05	7.490548e-03	-9.758019e+00
4.444000e-05	6.690627e-03	-9.812561e+00
4.445000e-05	7.591517e-03	-9.886418e+00
4.446000e-05	2.074872e-02	-9.971125e+00
4.447000e-05	3.016272e-03	-1.008589e+01
4.448000e-05	1.177593e-02	-1.017810e+01
4.449000e-05	-3.988655e-03	-1.025578e+01
4.450000e-05	1.949737e-02	-1.034837e+01
4.451000e-05	4.835325e-03	-1.043176e+01
4.452000e-05	1.463235e-02	-1.049592e+01
4.453000e-05	3.063160e-03	-1.055953e+01
4.454000e-05	1.354833e-02	-1.065228e+01
4.455000e-05	1.332485e-02	-1.069539e+01
4.456000e-05	1.189064e-02	-1.074855e+01
4.457000e-05	1.107326e-02	-1.079076e+01
4.458000e-05	4.210496e-03	-1.087429e+01
4.459000e-05	1.508200e-02	-1.094589e+01
4.460000e-05	8.067102e-03	-1.096870e+01
4.461000e-05	1.191919e-02	-1.100258e+01
4.462000e-05	6.932136e-03	-1.106237e+01
4.463000e-05	1.278958e-02	-1.117835e+01
4.464000e-05	1.634031e-02	-1.116610e+01
4.465000e-05	1.709042e-02	-1.120366e+01
4.466000e-05	1.145463e-02	-1.128176e+01
4.467000e-05	9.576509e-03	-1.130490e+01
4.468000e-05	1.203081e-02	-1.132594e+01
4.469000e-05	1.242087e-02	-1.133740e+01
4.470000e-05	1.162888e-02	-1.135802e+01
4.471000e-05	1.186380e-02	-1.142118e+01
4.472000e-05	1.599813e-02	-1.144281e+01
4.473000e-05	1.885212e-02	-1.145277e+01
4.474000e-05	1.934307e-02	-1.146437e+01
4.475000e-05	1.447739e-02	-1.150539e+01
4.476000e-05	1.435486e-02	-1.149395e+01
4.477000e-05	1.413858e-02	-1.153602e+01
4.478000e-05	1.630161e-02	-1.154758e+01
4.479000e-05	1.578311e-02	-1.156755e+01
4.480000e-05	1.573107e-02	-1.155810e+01
4.481000e-05	1.879549e-02	-1.158862e+01
4.482000e-05	2.153168e-02	-1.155761e+01
4.483000e-05	2.170648e-02	-1.153858e+01
4.484000e-05	1.997805e-02	-1.158657e+01
4.485000e-05	1.902184e-02	-1.157608e+01
4.486000e-05	2.041326e-02	-1.154643e+01
4.487000e-05	2.225258e-02	-1.153592e+01
4.488000e-05	2.244860e-02	-1.151344e+01
4.489000e-05	2.357247e-02	-1.144284e+01
4.490000e-05	2.441548e-02	-1.145236e+01
4.491000e-05	2.675953e-02	-1.136943e+01
4.492000e-05	2.733235e-02	-1.134853e+01
4.493000e-05	2.692738e-02	-1.135692e+01
4.494000e-05	2.574689e-02	-1.129487e+01
4.495000e-05	2.619913e-02	-1.122179e+01
4.496000e-05	2.883260e-02	-1.123174e+01
4.497000e-05	2.907468e-02	-1.116697e+01
4.498000e-05	2.980254e-02	-1.111597e+01
4.499000e-05	3.166061e-02	-1.113287e+01
4.500000e-05	3.437124e-02	-1.102017e+01
4.501000e-05	3.545703e-02	-1.096803e+01
4.502000e-05	3.563471e-02	-1.093487e+01
4.503000e-05	3.522255e-02	-1.087424e+01
4.504000e-05	3.646346e-02	-1.081873e+01
4.505000e-05	3.802392e-02	-1.079802e+01
4.506000e-05	4.039540e-02	-1.072490e+01
4.507000e-05	4.285609e-02	-1.065379e+01
4.508000e-05	4.255913e-02	-1.061011e+01
4.509000e-05	4.239100e-02	-1.055703e+01
4.510000e-05	4.143874e-02	-1.047274e+01
4.511000e-05	4.035709e-02	-1.037853e+01
4.512000e-05	3.892722e-02	-1.029485e+01
4.513000e-05	3.599204e-02	-1.022161e+01
4.514000e-05	3.530986e-02	-1.016645e+01
4.515000e-05	3.526009e-02	-1.007229e+01
4.516000e-05	3.333070e-02	-9.968051e+00
4.517000e-05	2.903618e-02	-9.885769e+00
4.518000e-05	2.690377e-02	-9.820555e+00
4.519000e-05	2.375351e-02	-9.745973e+00
4.520000e-05	2.311853e-02	-9.641183e+00
4.521000e-05	2.090421e-02	-9.556500e+00
4.522000e-05	1.904969e-02	-9.443265e+00
4.523000e-05	1.580477e-02	-9.336974e+00
4.524000e-05	1.743551e-02	-9.282684e+00
4.525000e-05	1.784616e-02	-9.125846e+00
4.526000e-05	1.554350e-02	-9.042634e+00
4.527000e-05	1.106643e-02	-8.966398e+00
4.528000e-05	1.151412e-02	-8.860654e+00
4.529000e-05	1.142704e-02	-8.733845e+00
4.530000e-05	1.085764e-02	-8.578054e+00
4.531000e-05	7.665512e-03	-8.483210e+00
4.532000e-05	6.936837e-03	-8.366550e+00
4.533000e-05	6.809270e-03	-8.241633e+00
4.534000e-05	8.987989e-03	-8.136950e+00
4.535000e-05	8.085818e-03	-8.019080e+00
4.536000e-05	5.701002e-03	-7.914768e+00
4.537000e-05	5.904828e-03	-7.775925e+00
4.538000e-05	5.227985e-03	-7.628010e+00
4.539000e-05	4.763643e-03	-7.471260e+00
4.540000e-05	2.214443e-03	-7.336398e+00
4.541000e-05	4.883495e-04	-7.221078e+00
4.542000e-05	7.281823e-04	-7.092191e+00
4.543000e-05	3.859207e-03	-6.946848e+00
4.544000e-05	4.353038e-03	-6.809629e+00
4.545000e-05	2.359564e-03	-6.672159e+00
4.546000e-05	1.032165e-03	-6.546273e+00
4.547000e-05	1.683475e-03	-6.389080e+00
4.548000e-05	1.560976e-03	-6.272787e+00
4.549000e-05	2.674423e-04	-6.093790e+00
4.550000e-05	-1.937189e-03	-5.958850e+00
4.551000e-05	-2.324648e-03	-5.819526e+00
4.552000e-05	-4.322743e-04	-5.672739e+00
4.553000e-05	1.295371e-03	-5.534847e+00
4.554000e-05	-8.413393e-04	-5.336071e+00
4.555000e-05	-1.823575e-03	-5.187920e+00
4.556000e-05	-1.177664e-03	-4.989526e+00
4.557000e-05	-1.560536e-03	-4.830005e+00
4.558000e-05	-1.903587e-03	-4.641458e+00
4.559000e-05	-4.099211e-03	-4.483337e+00
4.560000e-05	-4.134449e-03	-4.347926e+00
4.561000e-05	-3.144079e-03	-4.259105e+00
4.562000e-05	-1.956635e-03	-4.053735e+00
4.563000e-05	-2.419192e-03	-3.986392e+00
4.564000e-05	-2.924629e-03	-3.745922e+00
4.565000e-05	-3.193404e-03	-3.558925e+00
4.566000e-05	-2.397893e-03	-3.471129e+00
4.567000e-05	-3.427803e-03	-3.293263e+00
4.568000e-05	-5.005263e-03	-3.154393e+00
4.569000e-05	-5.613056e-03	-2.933438e+00
4.570000e-05	-4.763030e-03	-2.806971e+00
4.571000e-05	-4.358358e-03	-2.620055e+00
4.572000e-05	-4.241117e-03	-2.472135e+00
4.573000e-05	-5.044606e-03	-2.324342e+00
4.574000e-05	-5.578794e-03	-2.136287e+00
4.575000e-05	-4.218167e-03	-1.956846e+00
4.576000e-05	-5.184276e-03	-1.829955e+00
4.577000e-05	-5.585770e-03	-1.641107e+00
4.578000e-05	-6.441243e-03	-1.463335e+00
4.579000e-05	-6.041965e-03	-1.272105e+00
4.580000e-05	-5.246463e-03	-1.092262e+00
4.581000e-05	-5.366838e-03	-9.152882e-01
4.582000e-05	-6.089103e-03	-7.789461e-01
4.583000e-05	-6.440091e-03	-6.194221e-01
4.584000e-05	-6.407581e-03	-4.204749e-01
4.585000e-05	-6.442370e-03	-2.416340e-01
4.586000e-05	-7.011120e-03	-1.032630e-01
4.587000e-05	-4.620876e-03	3.365789e-02
4.588000e-05	1.910813e-03	2.056818e-01
4.589000e-05	-2.451222e-03	4.010264e-01
4.590000e-05	2.138995e-04	5.283684e-01
4.591000e-05	-3.313798e-03	6.853157e-01
4.592000e-05	-2.659622e-03	8.316052e-01
4.593000e-05	-3.404188e-03	1.063157e+00
4.594000e-05	5.761780e-03	1.243130e+00
4.595000e-05	4.611379e-02	1.382102e+00
4.596000e-05	6.683423e-02	1.715209e+00
4.597000e-05	-4.076823e-02	1.904834e+00
4.598000e-05	-3.506001e-02	1.993078e+00
4.599000e-05	-7.092512e-02	2.168369e+00
4.600000e-05	-6.473457e-02	2.273735e+00
4.601000e-05	1.167013e-01	2.381028e+00
4.602000e-05	-7.617863e-02	2.644105e+00
4.603000e-05	-6.931139e-02	2.788950e+00
4.604000e-05	1.714386e-01	2.926314e+00
4.605000e-05	-9.253458e-02	3.084839e+00
4.606000e-05	-1.365874e-02	3.201600e+00
4.607000e-05	6.605245e-02	3.420628e+00
4.608000e-05	-1.167533e-01	3.579870e+00
4.609000e-05	2.457716e-02	3.676892e+00
4.610000e-05	3.865699e-02	3.915762e+00
4.611000e-05	-3.311452e-02	3.981080e+00
4.612000e-05	5.174999e-02	4.171530e+00
4.613000e-05	-5.935678e-02	4.370149e+00
4.614000e-05	6.094927e-04	4.537317e+00
4.615000e-05	2.310430e-03	4.675840e+00
4.616000e-05	-2.539465e-02	4.813230e+00
4.617000e-05	1.685227e-02	5.064187e+00
4.618000e-05	-1.901417e-02	5.234235e+00
4.619000e-05	2.562173e-02	5.391050e+00
4.620000e-05	-2.198986e-02	5.566868e+00
4.621000e-05	-1.071138e-02	5.652759e+00
4.622000e-05	2.505533e-03	5.842182e+00
4.623000e-05	-4.856786e-02	6.032078e+00
4.624000e-05	3.345511e-02	6.126917e+00
4.625000e-05	-5.147372e-03	6.264213e+00
4.626000e-05	-6.321902e-03	6.370552e+00
4.627000e-05	-3.732114e-03	6.528474e+00
4.628000e-05	-2.418637e-02	6.707395e+00
4.629000e-05	1.014526e-02	6.853134e+00
4.630000e-05	-2.330760e-02	6.988921e+00
4.631000e-05	8.862694e-04	7.106838e+00
4.632000e-05	-2.058680e-02	7.264210e+00
4.633000e-05	4.120098e-03	7.370600e+00
4.634000e-05	6.138114e-03	7.548423e+00
4.635000e-05	-1.886741e-02	7.684312e+00
4.636000e-05	-1.089994e-02	7.822781e+00
4.637000e-05	-2.118958e-02	7.979100e+00
4.638000e-05	2.657606e-03	8.145886e+00
4.639000e-05	-6.402240e-03	8.222630e+00
4.640000e-05	-8.803022e-03	8.325440e+00
4.641000e-05	-1.338425e-02	8.452634e+00
4.642000e-05	-7.409653e-03	8.516446e+00
4.643000e-05	-1.816587e-04	8.640633e+00
4.644000e-05	-1.508626e-02	8.726947e+00
4.645000e-05	-1.754209e-02	8.812758e+00
4.646000e-05	-1.496258e-02	8.926022e+00
4.647000e-05	-8.992812e-04	9.023210e+00
4.648000e-05	-4.793234e-03	9.198472e+00
4.649000e-05	-1.339540e-02	9.304264e+00
4.650000e-05	-1.708824e-02	9.359022e+00
4.651000e-05	-9.840089e-03	9.451188e+00
4.652000e-05	-7.162129e-03	9.497574e+00
4.653000e-05	-1.258885e-02	9.622233e+00
4.654000e-05	-1.589881e-02	9.746373e+00
4.655000e-05	-1.272238e-02	9.842158e+00
4.656000e-05	-5.948324e-03	9.925843e+00
4.657000e-05	-9.115011e-03	1.004008e+01
4.658000e-05	-1.494875e-02	1.012629e+01
4.659000e-05	-2.031626e-02	1.013792e+01
4.660000e-05	-1.342865e-02	1.023161e+01
4.661000e-05	-9.948094e-03	1.029745e+01
4.662000e-05	-1.153054e-02	1.042065e+01
4.663000e-05	-1.701345e-02	1.049374e+01
4.664000e-05	-1.598567e-02	1.056847e+01
4.665000e-05	-1.174262e-02	1.061101e+01
4.666000e-05	-1.263073e-02	1.066229e+01
4.667000e-05	-1.710069e-02	1.078744e+01
4.668000e-05	-2.057182e-02	1.085069e+01
4.669000e-05	-1.534233e-02	1.087229e+01
4.670000e-05	-1.117283e-02	1.094695e+01
4.671000e-05	-1.321808e-02	1.094792e+01
4.672000e-05	-2.004978e-02	1.102053e+01
4.673000e-05	-2.059012e-02	1.105173e+01
4.674000e-05	-1.852791e-02	1.106337e+01
4.675000e-05	-1.457656e-02	1.113789e+01
4.676000e-05	-1.772039e-02	1.118958e+01
4.677000e-05	-2.102087e-02	1.120216e+01
4.678000e-05	-2.034128e-02	1.122124e+01
4.679000e-05	-1.788572e-02	1.129229e+01
4.680000e-05	-1.694813e-02	1.131427e+01
4.681000e-05	-2.160232e-02	1.133690e+01
4.682000e-05	-2.460509e-02	1.134587e+01
4.683000e-05	-2.130529e-02	1.136855e+01
4.684000e-05	-1.727032e-02	1.139005e+01
4.685000e-05	-1.916826e-02	1.139958e+01
4.686000e-05	-2.406323e-02	1.144071e+01
4.687000e-05	-2.490470e-02	1.143269e+01
4.688000e-05	-2.198689e-02	1.144276e+01
4.689000e-05	-2.140410e-02	1.145264e+01
4.690000e-05	-2.443370e-02	1.148374e+01
4.691000e-05	-2.716345e-02	1.144221e+01
4.692000e-05	-2.676580e-02	1.147309e+01
4.693000e-05	-2.445201e-02	1.143174e+01
4.694000e-05	-2.590775e-02	1.144369e+01
4.695000e-05	-2.926597e-02	1.143271e+01
4.696000e-05	-3.069471e-02	1.147223e+01
4.697000e-05	-2.818245e-02	1.142065e+01
4.698000e-05	-2.695096e-02	1.142055e+01
4.699000e-05	-2.937193e-02	1.139058e+01
4.700000e-05	-3.294470e-02	1.132700e+01
4.701000e-05	-3.329357e-02	1.131535e+01
4.702000e-05	-3.212833e-02	1.129490e+01
4.703000e-05	-3.228595e-02	1.124324e+01
4.704000e-05	-3.382856e-02	1.122111e+01
4.705000e-05	-3.615100e-02	1.116960e+01
4.706000e-05	-3.626963e-02	1.116537e+01
4.707000e-05	-3.577895e-02	1.109382e+01
4.708000e-05	-3.874864e-02	1.106121e+01
4.709000e-05	-3.952382e-02	1.102900e+01
4.710000e-05	-4.280997e-02	1.096900e+01
4.711000e-05	-3.881297e-02	1.093642e+01
4.712000e-05	-4.304330e-02	1.089376e+01
4.713000e-05	-4.334210e-02	1.081013e+01
4.714000e-05	-4.709267e-02	1.075800e+01
4.715000e-05	-4.669813e-02	1.068276e+01
4.716000e-05	-4.783467e-02	1.063061e+01
4.717000e-05	-4.794657e-02	1.057953e+01
4.718000e-05	-5.035113e-02	1.049532e+01
4.719000e-05	-4.960100e-02	1.041921e+01
4.720000e-05	-4.759334e-02	1.037650e+01
4.721000e-05	-4.793041e-02	1.027419e+01
4.722000e-05	-4.899102e-02	1.018998e+01
4.723000e-05	-4.756938e-02	1.014642e+01
4.724000e-05	-4.269484e-02	1.008321e+01
4.725000e-05	-4.001737e-02	9.976974e+00
4.726000e-05	-3.801732e-02	9.883314e+00
4.727000e-05	-3.828787e-02	9.789503e+00
4.728000e-05	-3.506713e-02	9.685818e+00
4.729000e-05	-3.177539e-02	9.609053e+00
4.730000e-05	-3.014058e-02	9.503264e+00
4.731000e-05	-3.041515e-02	9.420054e+00
4.732000e-05	-2.890822e-02	9.345401e+00
4.733000e-05	-2.612186e-02	9.222156e+00
4.734000e-05	-2.399374e-02	9.135946e+00
4.735000e-05	-2.402349e-02	9.040582e+00
4.736000e-05	-2.430326e-02	8.933413e+00
4.737000e-05	-2.178468e-02	8.799056e+00
4.738000e-05	-1.982274e-02	8.702237e+00
4.739000e-05	-1.909720e-02	8.568504e+00
4.740000e-05	-2.007918e-02	8.484213e+00
4.741000e-05	-2.011109e-02	8.368526e+00
4.742000e-05	-1.836322e-02	8.241764e+00
4.743000e-05	-1.732630e-02	8.156945e+00
4.744000e-05	-1.782490e-02	8.028656e+00
4.745000e-05	-1.767113e-02	7.933713e+00
4.746000e-05	-1.713979e-02	7.735902e+00
4.747000e-05	-1.428259e-02	7.661107e+00
4.748000e-05	-1.344620e-02	7.474242e+00
4.749000e-05	-1.482393e-02	7.357969e+00
4.750000e-05	-1.462893e-02	7.217105e+00
4.751000e-05	-1.457403e-02	7.073158e+00
4.752000e-05	-1.202674e-02	6.955899e+00
4.753000e-05	-1.259572e-02	6.800128e+00
4.754000e-05	-1.327847e-02	6.691738e+00
4.755000e-05	-1.393739e-02	6.525343e+00
4.756000e-05	-1.147413e-02	6.367975e+00
4.757000e-05	-1.067221e-02	6.283158e+00
4.758000e-05	-1.128034e-02	6.116367e+00
4.759000e-05	-1.228011e-02	6.009502e+00
4.760000e-05	-1.068955e-02	5.860636e+00
4.761000e-05	-9.697054e-03	5.694762e+00
4.762000e-05	-1.019176e-02	5.544818e+00
4.763000e-05	-9.843711e-03	5.387529e+00
4.764000e-05	-1.082582e-02	5.270531e+00
4.765000e-05	-9.986974e-03	5.071634e+00
4.766000e-05	-8.594461e-03	4.882158e+00
4.767000e-05	-9.104994e-03	4.695187e+00
4.768000e-05	-9.380464e-03	4.566351e+00
4.769000e-05	-8.427248e-03	4.409100e+00
4.770000e-05	-8.763353e-03	4.261613e+00
4.771000e-05	-8.196201e-03	4.092184e+00
4.772000e-05	-6.654940e-03	3.904762e+00
4.773000e-05	-7.619918e-03	3.807420e+00
4.774000e-05	-9.713084e-03	3.670576e+00
4.775000e-05	-7.732507e-03	3.492130e+00
4.776000e-05	-6.718760e-03	3.274608e+00
4.777000e-05	-6.623243e-03	3.125794e+00
4.778000e-05	-7.381399e-03	2.967852e+00
4.779000e-05	-7.554719e-03	2.831031e+00
4.780000e-05	-6.124701e-03	2.670635e+00
4.781000e-05	-6.686771e-03	2.491080e+00
4.782000e-05	-6.704856e-03	2.313763e+00
4.783000e-05	-6.384177e-03	2.155319e+00
4.784000e-05	-6.150193e-03	2.018975e+00
4.785000e-05	-6.405128e-03	1.841579e+00
4.786000e-05	-5.884000e-03	1.653158e+00
4.787000e-05	-6.272965e-03	1.493142e+00
4.788000e-05	-6.449140e-03	1.335786e+00
4.789000e-05	-5.437990e-03	1.147818e+00
4.790000e-05	-5.213981e-03	9.141932e-01
4.791000e-05	-5.984145e-03	7.568709e-01
4.792000e-05	-5.409929e-03	5.800010e-01
4.793000e-05	-5.182091e-03	4.520313e-01
4.794000e-05	-5.631696e-03	3.341842e-01
4.795000e-05	-4.286231e-03	7.210896e-02
4.796000e-05	-5.511691e-03	-7.470946e-02
4.797000e-05	-2.955023e-04	-2.026278e-01
4.798000e-05	3.399149e-03	-3.694988e-01
4.799000e-05	-1.273680e-03	-4.589426e-01
4.800000e-05	1.278206e-03	-7.279422e-01
4.801000e-05	-2.897003e-04	-8.441319e-01
4.802000e-05	8.683447e-05	-1.032603e+00
4.803000e-05	8.871538e-04	-1.148976e+00
4.804000e-05	2.502046e-02	-1.358570e+00
4.805000e-05	1.083942e-01	-1.539021e+00
4.806000e-05	-2.987303e-02	-1.793026e+00
4.807000e-05	-2.222500e-02	-2.033756e+00
4.808000e-05	-7.247115e-02	-2.272731e+00
4.809000e-05	-6.498488e-02	-2.348946e+00
4.810000e-05	1.592053e-01	-2.389474e+00
4.811000e-05	-1.156323e-01	-2.540999e+00
4.812000e-05	-2.895481e-02	-2.799476e+00
4.813000e-05	1.850862e-01	-2.801631e+00
4.814000e-05	-1.630014e-01	-3.035337e+00
4.815000e-05	1.515744e-02	-3.263763e+00
4.816000e-05	1.108233e-01	-3.400475e+00
4.817000e-05	-1.753166e-01	-3.589974e+00
4.818000e-05	8.345894e-02	-3.660767e+00
4.819000e-05	3.072856e-02	-3.834260e+00
4.820000e-05	-6.320262e-02	-4.095312e+00
4.821000e-05	1.652498e-01	-4.181050e+00
4.822000e-05	-1.362101e-01	-4.369522e+00
4.823000e-05	3.388504e-02	-4.504891e+00
4.824000e-05	5.166379e-02	-4.652137e+00
4.825000e-05	-1.112137e-01	-4.822758e+00
4.826000e-05	1.310701e-01	-4.949525e+00
4.827000e-05	-7.429734e-02	-5.126894e+00
4.828000e-05	5.175671e-02	-5.315886e+00
4.829000e-05	1.999100e-02	-5.514344e+00
4.830000e-05	-6.291990e-02	-5.664712e+00
4.831000e-05	9.628755e-02	-5.769079e+00
4.832000e-05	-1.142098e-01	-5.927969e+00
4.833000e-05	8.792487e-02	-6.033309e+00
4.834000e-05	4.242077e-03	-6.235184e+00
4.835000e-05	-2.802627e-02	-6.421606e+00
4.836000e-05	7.666788e-02	-6.505866e+00
4.837000e-05	-9.108046e-02	-6.714788e+00
4.838000e-05	8.724659e-02	-6.801105e+00
4.839000e-05	-4.776047e-02	-6.937001e+00
4.840000e-05	2.265995e-02	-7.125891e+00
4.841000e-05	1.759171e-02	-7.262287e+00
4.842000e-05	-2.433098e-02	-7.400101e+00
4.843000e-05	6.958116e-02	-7.484888e+00
4.844000e-05	-5.517139e-02	-7.694287e+00
4.845000e-05	4.621169e-02	-7.860158e+00
4.846000e-05	-3.210005e-02	-7.959025e+00
4.847000e-05	2.300752e-02	-8.095289e+00
4.848000e-05	1.792754e-02	-8.190556e+00
4.849000e-05	-1.360444e-02	-8.296891e+00
4.850000e-05	3.133092e-02	-8.391630e+00
4.851000e-05	-2.105799e-02	-8.558547e+00
4.852000e-05	4.102399e-02	-8.662691e+00
4.853000e-05	-1.769390e-02	-8.789583e+00
4.854000e-05	1.321159e-02	-8.904891e+00
4.855000e-05	-3.688948e-03	-8.979031e+00
4.856000e-05	1.212926e-02	-9.105837e+00
4.857000e-05	1.881024e-02	-9.189053e+00
4.858000e-05	-2.929105e-03	-9.295897e+00
4.859000e-05	1.510062e-02	-9.350605e+00
4.860000e-05	-3.987678e-03	-9.475391e+00
4.861000e-05	2.106272e-02	-9.589157e+00
4.862000e-05	-2.324679e-03	-9.704915e+00
4.863000e-05	1.314318e-02	-9.779051e+00
4.864000e-05	-3.948571e-04	-9.852188e+00
4.865000e-05	1.677656e-02	-9.917925e+00
4.866000e-05	1.075366e-02	-1.002166e+01
4.867000e-05	6.832966e-03	-1.015490e+01
4.868000e-05	5.088038e-03	-1.020966e+01
4.869000e-05	2.917209e-03	-1.027476e+01
4.870000e-05	1.681439e-02	-1.037747e+01
4.871000e-05	7.824091e-03	-1.046327e+01
4.872000e-05	1.348469e-02	-1.055792e+01
4.873000e-05	3.218046e-03	-1.062011e+01
4.874000e-05	1.465409e-02	-1.065321e+01
4.875000e-05	7.728162e-03	-1.070444e+01
4.876000e-05	1.077451e-02	-1.075960e+01
4.877000e-05	4.883453e-03	-1.080178e+01
4.878000e-05	1.031030e-02	-1.086582e+01
4.879000e-05	1.511956e-02	-1.095855e+01
4.880000e-05	1.304608e-02	-1.096971e+01
4.881000e-05	1.163987e-02	-1.109176e+01
4.882000e-05	7.256329e-03	-1.106587e+01
4.883000e-05	1.177865e-02	-1.119750e+01
4.884000e-05	1.255046e-02	-1.119103e+01
4.885000e-05	1.378475e-02	-1.121126e+01
4.886000e-05	1.076324e-02	-1.129384e+01
4.887000e-05	1.288456e-02	-1.132439e+01
4.888000e-05	1.429062e-02	-1.134645e+01
4.889000e-05	1.435574e-02	-1.135698e+01
4.890000e-05	1.312127e-02	-1.141016e+01
4.891000e-05	1.284074e-02	-1.141966e+01
4.892000e-05	1.527009e-02	-1.144431e+01
4.893000e-05	1.744001e-02	-1.150326e+01
4.894000e-05	1.667035e-02	-1.147537e+01
4.895000e-05	1.487952e-02	-1.148447e+01
4.896000e-05	1.529003e-02	-1.157545e+01
4.897000e-05	1.736157e-02	-1.154552e+01
4.898000e-05	1.847822e-02	-1.160647e+01
4.899000e-05	1.701376e-02	-1.155598e+01
4.900000e-05	1.763000e-02	-1.156905e+01
4.901000e-05	1.914673e-02	-1.157855e+01
4.902000e-05	2.100473e-02	-1.156108e+01
4.903000e-05	2.050917e-02	-1.158758e+01
4.904000e-05	1.996899e-02	-1.155702e+01
4.905000e-05	1.992958e-02	-1.154705e+01
4.906000e-05	2.280362e-02	-1.156547e+01
4.907000e-05	2.295311e-02	-1.154442e+01
4.908000e-05	2.333083e-02	-1.151582e+01
4.909000e-05	2.405599e-02	-1.147082e+01
4.910000e-05	2.524269e-02	-1.144211e+01
4.911000e-05	2.651233e-02	-1.142013e+01
4.912000e-05	2.662707e-02	-1.133655e+01
4.913000e-05	2.621432e-02	-1.135695e+01
4.914000e-05	2.654599e-02	-1.128377e+01
4.915000e-05	2.840120e-02	-1.125274e+01
4.916000e-05	2.925450e-02	-1.122023e+01
4.917000e-05	2.986074e-02	-1.117648e+01
4.918000e-05	3.041127e-02	-1.106445e+01
4.919000e-05	3.079464e-02	-1.107274e+01
4.920000e-05	3.338044e-02	-1.102018e+01
4.921000e-05	3.573116e-02	-1.091850e+01
4.922000e-05	3.585091e-02	-1.094487e+01
4.923000e-05	3.500232e-02	-1.087374e+01
4.924000e-05	3.735921e-02	-1.086960e+01
4.925000e-05	3.983939e-02	-1.076750e+01
4.926000e-05	4.097173e-02	-1.070389e+01
4.927000e-05	4.020196e-02	-1.064266e+01
4.928000e-05	3.965137e-02	-1.058800e+01
4.929000e-05	4.218476e-02	-1.055687e+01
4.930000e-05	4.285807e-02	-1.046116e+01
4.931000e-05	4.086958e-02	-1.035858e+01
4.932000e-05	3.760049e-02	-1.030332e+01
4.933000e-05	3.603027e-02	-1.022908e+01
4.934000e-05	3.614280e-02	-1.012492e+01
4.935000e-05	3.338179e-02	-1.005171e+01
4.936000e-05	3.023275e-02	-9.957898e+00
4.937000e-05	2.711589e-02	-9.902315e+00
4.938000e-05	2.548849e-02	-9.829556e+00
4.939000e-05	2.512288e-02	-9.725391e+00
4.940000e-05	2.281985e-02	-9.660184e+00
4.941000e-05	2.041459e-02	-9.515924e+00
4.942000e-05	1.909971e-02	-9.430156e+00
4.943000e-05	1.691985e-02	-9.344950e+00
4.944000e-05	1.756224e-02	-9.197634e+00
4.945000e-05	1.407655e-02	-9.113794e+00
4.946000e-05	1.195690e-02	-8.985079e+00
4.947000e-05	1.231058e-02	-8.914818e+00
4.948000e-05	1.363780e-02	-8.799484e+00
4.949000e-05	1.159774e-02	-8.662588e+00
4.950000e-05	9.821464e-03	-8.556427e+00
4.951000e-05	7.309809e-03	-8.461237e+00
4.952000e-05	8.666672e-03	-8.314400e+00
4.953000e-05	6.395960e-03	-8.219608e+00
4.954000e-05	8.057198e-03	-8.104293e+00
4.955000e-05	6.195048e-03	-7.997976e+00
4.956000e-05	6.971072e-03	-7.881661e+00
4.957000e-05	6.166019e-03	-7.715343e+00
4.958000e-05	5.762665e-03	-7.556422e+00
4.959000e-05	3.158156e-03	-7.422159e+00
4.960000e-05	2.243482e-03	-7.294272e+00
4.961000e-05	3.047609e-03	-7.174526e+00
4.962000e-05	3.640151e-03	-7.031636e+00
4.963000e-05	4.355206e-03	-6.903314e+00
4.964000e-05	2.742938e-03	-6.736821e+00
4.965000e-05	3.471292e-03	-6.630205e+00
4.966000e-05	1.909788e-03	-6.494313e+00
4.967000e-05	2.546261e-03	-6.357999e+00
4.968000e-05	-2.800701e-04	-6.209532e+00
4.969000e-05	-1.905174e-04	-6.048184e+00
4.970000e-05	-2.097284e-04	-5.892813e+00
4.971000e-05	7.281932e-04	-5.757456e+00
4.972000e-05	1.474573e-03	-5.651630e+00
4.973000e-05	4.898674e-04	-5.463188e+00
4.974000e-05	-7.651965e-04	-5.272766e+00
4.975000e-05	-9.809614e-04	-5.105291e+00
4.976000e-05	-1.132314e-03	-4.964795e+00
4.977000e-05	-2.548376e-03	-4.707322e+00
4.978000e-05	-3.129331e-03	-4.548424e+00
4.979000e-05	-2.739082e-03	-4.462684e+00
4.980000e-05	-2.383350e-03	-4.326341e+00
4.981000e-05	-2.658631e-03	-4.178929e+00
4.982000e-05	-2.442564e-03	-4.011585e+00
4.983000e-05	-3.133954e-03	-3.952736e+00
4.984000e-05	-3.233542e-03	-3.723167e+00
4.985000e-05	-2.538337e-03	-3.534797e+00
4.986000e-05	-4.533397e-03	-3.397524e+00
4.987000e-05	-4.981423e-03	-3.261182e+00
4.988000e-05	-5.008539e-03	-3.080789e+00
4.989000e-05	-4.439506e-03	-2.901140e+00
4.990000e-05	-5.032073e-03	-2.776770e+00
4.991000e-05	-4.456940e-03	-2.597422e+00
4.992000e-05	-5.752567e-03	-2.451104e+00
4.993000e-05	-4.417495e-03	-2.260658e+00
4.994000e-05	-4.487848e-03	-2.082106e+00
4.995000e-05	-6.107999e-03	-1.914765e+00
4.996000e-05	-7.854649e-03	-1.757872e+00
4.997000e-05	-6.311259e-03	-1.628525e+00
4.998000e-05	-4.857462e-03	-1.408478e+00
4.999000e-05	-5.504989e-03	-1.198928e+00
