# 260901_12:33:36.328971
t	CH1	CH2
0.000000e+00	-3.593213e-03	6.894635e+00
1.000000e-08	1.500049e-03	6.883181e+00
2.000000e-08	-1.099945e-02	6.842628e+00
3.000000e-08	-1.746010e-02	6.813078e+00
4.000000e-08	-9.864797e-03	6.850552e+00
5.000000e-08	2.846162e-03	6.811549e+00
6.000000e-08	-3.872672e-03	6.789025e+00
7.000000e-08	-1.427858e-02	6.798923e+00
8.000000e-08	-1.574708e-02	6.726920e+00
9.000000e-08	-4.445883e-03	6.757265e+00
1.000000e-07	-1.066862e-03	6.632109e+00
1.100000e-07	-8.814881e-03	6.577001e+00
1.200000e-07	-1.348580e-02	6.505367e+00
1.300000e-07	-8.075186e-03	6.432587e+00
1.400000e-07	-3.335509e-04	6.441577e+00
1.500000e-07	-7.018949e-03	6.408948e+00
1.600000e-07	-1.242923e-02	6.327896e+00
1.700000e-07	-1.471302e-02	6.254236e+00
1.800000e-07	-1.754779e-03	6.270579e+00
1.900000e-07	-2.633195e-03	6.198998e+00
2.000000e-07	-7.932710e-03	6.125870e+00
2.100000e-07	-1.188498e-02	6.093732e+00
2.200000e-07	-6.891532e-03	6.030525e+00
2.300000e-07	-3.695449e-03	5.989995e+00
2.400000e-07	-7.756029e-03	5.892790e+00
2.500000e-07	-1.112582e-02	5.767548e+00
2.600000e-07	-8.998714e-03	5.661234e+00
2.700000e-07	-8.594114e-04	5.621026e+00
2.800000e-07	-3.786166e-03	5.526917e+00
2.900000e-07	-7.329891e-03	5.452183e+00
3.000000e-07	-1.507411e-02	5.388524e+00
3.100000e-07	-7.110062e-03	5.294790e+00
3.200000e-07	-4.503207e-03	5.209603e+00
3.300000e-07	-3.601467e-03	5.114740e+00
3.400000e-07	-9.253740e-03	4.918020e+00
3.500000e-07	-6.830690e-03	4.832552e+00
3.600000e-07	-3.895002e-03	4.726896e+00
3.700000e-07	-4.569402e-03	4.642135e+00
3.800000e-07	-9.873943e-03	4.587946e+00
3.900000e-07	-1.128696e-02	4.452210e+00
4.000000e-07	-6.427302e-03	4.389475e+00
4.100000e-07	-2.248672e-03	4.275266e+00
4.200000e-07	-4.179706e-03	4.095419e+00
4.300000e-07	-8.446746e-03	4.020078e+00
4.400000e-07	-8.017423e-03	3.946370e+00
4.500000e-07	-5.335752e-03	3.821083e+00
4.600000e-07	-3.624154e-03	3.715390e+00
4.700000e-07	-9.324309e-03	3.610577e+00
4.800000e-07	-8.874272e-03	3.524442e+00
4.900000e-07	-6.218886e-03	3.368524e+00
5.000000e-07	-1.830504e-03	3.241574e+00
5.100000e-07	-6.212047e-03	3.137839e+00
5.200000e-07	-8.506967e-03	3.039600e+00
5.300000e-07	-6.617449e-03	2.903310e+00
5.400000e-07	-2.852881e-03	2.820502e+00
5.500000e-07	-4.368552e-03	2.676388e+00
5.600000e-07	-7.418121e-03	2.493321e+00
5.700000e-07	-8.125956e-03	2.388998e+00
5.800000e-07	-4.525460e-03	2.253286e+00
5.900000e-07	-1.845851e-03	2.126421e+00
6.000000e-07	-6.358485e-03	2.031632e+00
6.100000e-07	-7.869878e-03	1.965967e+00
6.200000e-07	-6.113889e-03	1.768475e+00
6.300000e-07	-2.526447e-03	1.643207e+00
6.400000e-07	-4.019249e-03	1.526412e+00
6.500000e-07	-7.337293e-03	1.368525e+00
6.600000e-07	-8.448129e-03	1.273657e+00
6.700000e-07	-2.309462e-03	1.106364e+00
6.800000e-07	-4.411490e-03	9.052613e-01
6.900000e-07	-3.741783e-03	7.995751e-01
7.000000e-07	-8.280016e-03	6.526856e-01
7.100000e-07	-2.982278e-03	5.354186e-01
7.200000e-07	-2.394764e-03	4.311041e-01
7.300000e-07	-2.653478e-03	3.053684e-01
7.400000e-07	-8.538719e-03	1.154972e-01
7.500000e-07	-4.001432e-03	-9.526059e-03
7.600000e-07	1.273125e-03	-1.342143e-01
7.700000e-07	1.850305e-03	-2.220776e-01
7.800000e-07	-6.101393e-03	-3.678195e-01
7.900000e-07	-2.776720e-03	-4.320540e-01
8.000000e-07	-3.321110e-04	-5.710221e-01
8.100000e-07	2.347004e-03	-7.572944e-01
8.200000e-07	-4.100925e-03	-8.416314e-01
8.300000e-07	-1.174420e-03	-9.578183e-01
8.400000e-07	5.424315e-02	-1.063081e+00
8.500000e-07	3.905364e-02	-1.232051e+00
8.600000e-07	-5.806361e-02	-1.516113e+00
8.700000e-07	-6.969648e-02	-1.696213e+00
8.800000e-07	-7.479469e-02	-1.780450e+00
8.900000e-07	1.737148e-01	-1.717844e+00
9.000000e-07	-5.839540e-02	-1.871558e+00
9.100000e-07	-1.586181e-01	-2.115188e+00
9.200000e-07	2.040133e-01	-2.087417e+00
9.300000e-07	-1.951859e-02	-2.283474e+00
9.400000e-07	-1.933382e-01	-2.524584e+00
9.500000e-07	1.748412e-01	-2.579924e+00
9.600000e-07	-3.066633e-02	-2.641050e+00
9.700000e-07	-1.996397e-01	-2.809476e+00
9.800000e-07	1.724679e-01	-2.861107e+00
9.900000e-07	8.672497e-03	-3.030029e+00
1.000000e-06	-8.715902e-02	-3.200925e+00
1.010000e-06	1.012474e-01	-3.234133e+00
1.020000e-06	-9.863036e-02	-3.389395e+00
1.030000e-06	-4.191909e-03	-3.588820e+00
1.040000e-06	1.017800e-01	-3.609999e+00
1.050000e-06	-1.315919e-01	-3.746766e+00
1.060000e-06	5.247492e-02	-3.967417e+00
1.070000e-06	7.950372e-02	-4.011471e+00
1.080000e-06	-9.093257e-02	-4.116767e+00
1.090000e-06	5.564989e-02	-4.212078e+00
1.100000e-06	-4.076203e-02	-4.334845e+00
1.110000e-06	-3.216152e-02	-4.389971e+00
1.120000e-06	5.876327e-02	-4.445085e+00
1.130000e-06	-1.313512e-02	-4.603505e+00
1.140000e-06	1.905410e-02	-4.715865e+00
1.150000e-06	-4.474808e-02	-4.789324e+00
1.160000e-06	2.525851e-02	-4.927365e+00
1.170000e-06	2.884646e-02	-5.010528e+00
1.180000e-06	-5.322843e-02	-5.144684e+00
1.190000e-06	2.587509e-02	-5.181000e+00
1.200000e-06	-1.759471e-02	-5.275214e+00
1.210000e-06	1.575354e-02	-5.443782e+00
1.220000e-06	4.124893e-02	-5.549419e+00
1.230000e-06	-5.932347e-02	-5.622075e+00
1.240000e-06	1.926469e-02	-5.714640e+00
1.250000e-06	4.537163e-03	-5.768892e+00
1.260000e-06	-1.220369e-03	-5.871654e+00
1.270000e-06	1.719994e-02	-5.914767e+00
1.280000e-06	-3.788724e-02	-5.958971e+00
1.290000e-06	2.358973e-02	-6.021028e+00
1.300000e-06	7.383428e-03	-6.104213e+00
1.310000e-06	-9.148738e-04	-6.169497e+00
1.320000e-06	-7.099940e-03	-6.314283e+00
1.330000e-06	-1.748726e-02	-6.347920e+00
1.340000e-06	2.717165e-02	-6.409023e+00
1.350000e-06	-3.870326e-03	-6.441578e+00
1.360000e-06	7.403347e-04	-6.495285e+00
1.370000e-06	-9.920094e-03	-6.536839e+00
1.380000e-06	-1.627338e-03	-6.618447e+00
1.390000e-06	2.247549e-02	-6.651055e+00
1.400000e-06	-1.111731e-02	-6.654186e+00
1.410000e-06	-8.696461e-03	-6.705843e+00
1.420000e-06	-1.442531e-03	-6.737897e+00
1.430000e-06	1.112051e-02	-6.768499e+00
1.440000e-06	1.307024e-02	-6.790474e+00
1.450000e-06	-1.186211e-02	-6.812024e+00
1.460000e-06	-6.174409e-03	-6.832033e+00
1.470000e-06	2.503778e-03	-6.864707e+00
1.480000e-06	7.656300e-03	-6.875763e+00
1.490000e-06	-2.596860e-04	-6.855788e+00
1.500000e-06	-8.249394e-03	-6.906291e+00
1.510000e-06	4.691093e-03	-6.968446e+00
1.520000e-06	9.080540e-03	-6.971146e+00
1.530000e-06	5.215220e-03	-7.011029e+00
1.540000e-06	-9.565267e-03	-7.042044e+00
1.550000e-06	-7.427883e-03	-7.032503e+00
1.560000e-06	7.658952e-03	-7.012598e+00
1.570000e-06	6.511603e-03	-7.043101e+00
1.580000e-06	1.924426e-03	-7.019074e+00
1.590000e-06	-4.920690e-03	-7.000451e+00
1.600000e-06	4.807645e-04	-6.959503e+00
1.610000e-06	5.275764e-03	-6.926919e+00
1.620000e-06	-1.089074e-04	-6.896869e+00
1.630000e-06	-5.120611e-03	-6.925290e+00
1.640000e-06	-2.106387e-03	-6.884713e+00
1.650000e-06	6.578688e-03	-6.852057e+00
1.660000e-06	7.571866e-03	-6.852629e+00
1.670000e-06	6.523657e-04	-6.800503e+00
1.680000e-06	-5.048601e-03	-6.769974e+00
1.690000e-06	-1.083778e-03	-6.779923e+00
1.700000e-06	4.415580e-03	-6.737922e+00
1.710000e-06	2.132940e-03	-6.703241e+00
1.720000e-06	-1.912034e-03	-6.653208e+00
1.730000e-06	-1.541677e-03	-6.610555e+00
1.740000e-06	4.360724e-03	-6.569475e+00
1.750000e-06	5.528926e-03	-6.496845e+00
1.760000e-06	-1.098442e-03	-6.455159e+00
1.770000e-06	-5.502931e-03	-6.420532e+00
1.780000e-06	-1.141551e-04	-6.380024e+00
1.790000e-06	3.827175e-03	-6.326918e+00
1.800000e-06	1.771133e-03	-6.335265e+00
1.810000e-06	-3.289730e-03	-6.171974e+00
1.820000e-06	-1.073312e-03	-6.085812e+00
1.830000e-06	2.643647e-03	-6.041177e+00
1.840000e-06	3.013314e-03	-5.958998e+00
1.850000e-06	-1.318204e-03	-5.925845e+00
1.860000e-06	-3.719866e-03	-5.822128e+00
1.870000e-06	1.699721e-04	-5.779897e+00
1.880000e-06	1.865406e-03	-5.703212e+00
1.890000e-06	3.665532e-04	-5.602129e+00
1.900000e-06	-3.393274e-03	-5.559441e+00
1.910000e-06	-1.204787e-03	-5.454311e+00
1.920000e-06	3.419577e-03	-5.277866e+00
1.930000e-06	2.051611e-03	-5.230075e+00
1.940000e-06	-3.028477e-03	-5.146295e+00
1.950000e-06	-4.503482e-03	-5.011154e+00
1.960000e-06	-4.502975e-04	-4.947388e+00
1.970000e-06	1.729463e-03	-4.757128e+00
1.980000e-06	-6.356745e-04	-4.702108e+00
1.990000e-06	-3.620084e-03	-4.579474e+00
2.000000e-06	-8.506745e-04	-4.506336e+00
2.010000e-06	2.102003e-03	-4.400075e+00
2.020000e-06	-5.773861e-04	-4.347471e+00
2.030000e-06	-5.230559e-03	-4.233178e+00
2.040000e-06	-3.672205e-03	-4.126872e+00
2.050000e-06	5.027629e-04	-4.042208e+00
2.060000e-06	2.182594e-04	-3.958943e+00
2.070000e-06	-1.865910e-03	-3.810134e+00
2.080000e-06	-4.116404e-03	-3.620657e+00
2.090000e-06	-1.185713e-03	-3.568398e+00
2.100000e-06	5.771986e-04	-3.455135e+00
2.110000e-06	-2.856456e-03	-3.317416e+00
2.120000e-06	-5.226851e-03	-3.221602e+00
2.130000e-06	-2.976606e-03	-3.138947e+00
2.140000e-06	2.890349e-04	-2.918424e+00
2.150000e-06	-2.219879e-04	-2.832079e+00
2.160000e-06	-4.301559e-03	-2.736392e+00
2.170000e-06	-4.148838e-03	-2.581053e+00
2.180000e-06	-2.558760e-03	-2.466263e+00
2.190000e-06	-1.290744e-03	-2.398975e+00
2.200000e-06	-4.818030e-03	-2.223286e+00
2.210000e-06	-3.566549e-03	-2.045763e+00
2.220000e-06	-2.651694e-03	-1.967524e+00
2.230000e-06	-4.801955e-04	-1.852208e+00
2.240000e-06	-3.882564e-03	-1.696422e+00
2.250000e-06	-3.723231e-03	-1.600027e+00
2.260000e-06	-5.820067e-03	-1.457341e+00
2.270000e-06	-9.733229e-04	-1.255188e+00
2.280000e-06	-3.144807e-03	-1.137497e+00
2.290000e-06	-3.517905e-03	-1.000103e+00
2.300000e-06	-5.743043e-03	-9.047883e-01
2.310000e-06	-2.250916e-03	-7.999736e-01
2.320000e-06	-4.067248e-03	-6.306819e-01
2.330000e-06	-4.365982e-03	-4.637369e-01
2.340000e-06	-6.510083e-03	-3.579461e-01
2.350000e-06	-4.570156e-03	-2.322266e-01
2.360000e-06	-9.038445e-04	-9.631579e-02
2.370000e-06	1.141761e-03	9.497569e-03
2.380000e-06	1.612670e-03	1.357391e-01
2.390000e-06	-4.012388e-03	3.242842e-01
2.400000e-06	-1.287122e-03	4.005001e-01
2.410000e-06	-3.361388e-03	4.836907e-01
2.420000e-06	-2.479263e-03	5.920501e-01
2.430000e-06	-4.866410e-03	7.373184e-01
2.440000e-06	3.986892e-03	8.225801e-01
2.450000e-06	3.274423e-02	1.000351e+00
2.460000e-06	5.638232e-02	1.229425e+00
2.470000e-06	-4.304220e-02	1.410500e+00
2.480000e-06	-5.569534e-02	1.620528e+00
2.490000e-06	-1.165130e-01	1.776837e+00
2.500000e-06	8.289907e-02	1.746922e+00
2.510000e-06	8.192589e-02	1.873180e+00
2.520000e-06	-1.663263e-01	1.999500e+00
2.530000e-06	2.432534e-02	2.052558e+00
2.540000e-06	1.372101e-01	2.239850e+00
2.550000e-06	-1.187001e-01	2.409421e+00
2.560000e-06	-2.825928e-02	2.388003e+00
2.570000e-06	1.093279e-01	2.556293e+00
2.580000e-06	-1.549538e-01	2.776893e+00
2.590000e-06	-4.606459e-03	2.811055e+00
2.600000e-06	1.394721e-01	2.968822e+00
2.610000e-06	-8.067349e-02	3.094211e+00
2.620000e-06	-5.053068e-03	3.157897e+00
2.630000e-06	2.209862e-02	3.271630e+00
2.640000e-06	-6.726198e-02	3.460605e+00
2.650000e-06	5.127049e-02	3.568445e+00
2.660000e-06	-2.464158e-02	3.673083e+00
2.670000e-06	-4.472016e-02	3.788492e+00
2.680000e-06	5.885423e-02	3.904687e+00
2.690000e-06	2.724486e-03	3.979925e+00
2.700000e-06	-2.989891e-02	4.072713e+00
2.710000e-06	-1.041539e-02	4.259027e+00
2.720000e-06	-1.903552e-02	4.378446e+00
2.730000e-06	-1.077118e-02	4.433608e+00
2.740000e-06	3.128193e-02	4.545816e+00
2.750000e-06	1.737659e-03	4.680629e+00
2.760000e-06	-4.321687e-02	4.776845e+00
2.770000e-06	4.221171e-03	4.810504e+00
2.780000e-06	2.489391e-02	4.956291e+00
2.790000e-06	-2.710801e-02	5.094664e+00
2.800000e-06	-1.817886e-02	5.209024e+00
2.810000e-06	-6.270812e-03	5.313811e+00
2.820000e-06	-1.781564e-03	5.368496e+00
2.830000e-06	2.454245e-02	5.471128e+00
2.840000e-06	-2.013643e-02	5.536893e+00
2.850000e-06	-2.454153e-02	5.629526e+00
2.860000e-06	-3.154195e-03	5.673180e+00
2.870000e-06	8.350450e-03	5.796795e+00
2.880000e-06	-2.148645e-03	5.893709e+00
2.890000e-06	-2.159637e-02	5.957421e+00
2.900000e-06	-8.802055e-03	6.010550e+00
2.910000e-06	5.850482e-03	6.053136e+00
2.920000e-06	6.162159e-03	6.146266e+00
2.930000e-06	-2.042379e-02	6.167896e+00
2.940000e-06	-2.060888e-02	6.242030e+00
2.950000e-06	-3.194109e-04	6.305310e+00
2.960000e-06	8.216630e-03	6.366919e+00
2.970000e-06	-6.184416e-03	6.389474e+00
2.980000e-06	-1.841554e-02	6.432106e+00
2.990000e-06	-1.084825e-02	6.543761e+00
3.000000e-06	5.997019e-03	6.537392e+00
3.010000e-06	6.233725e-04	6.567970e+00
3.020000e-06	-2.153471e-02	6.651281e+00
3.030000e-06	-1.555641e-02	6.765316e+00
3.040000e-06	6.697566e-04	6.776945e+00
3.050000e-06	8.909382e-03	6.787973e+00
3.060000e-06	-1.014184e-02	6.797974e+00
3.070000e-06	-1.956793e-02	6.819526e+00
3.080000e-06	-9.496581e-03	6.821077e+00
3.090000e-06	2.017221e-03	6.861553e+00
3.100000e-06	-3.455000e-03	6.863081e+00
3.110000e-06	-1.614415e-02	6.852608e+00
3.120000e-06	-1.247255e-02	6.884238e+00
3.130000e-06	3.450748e-04	6.905735e+00
3.140000e-06	2.733562e-03	6.924368e+00
3.150000e-06	-1.377561e-02	6.905360e+00
3.160000e-06	-1.787971e-02	6.926265e+00
3.170000e-06	-6.653068e-03	6.895340e+00
3.180000e-06	2.295111e-03	6.916363e+00
3.190000e-06	-5.219631e-03	6.894312e+00
3.200000e-06	-1.501494e-02	6.904316e+00
3.210000e-06	-1.081302e-02	6.915208e+00
3.220000e-06	-1.853342e-03	6.843233e+00
3.230000e-06	-1.568384e-03	6.871611e+00
3.240000e-06	-1.399439e-02	6.831152e+00
3.250000e-06	-1.419265e-02	6.831078e+00
3.260000e-06	-4.497611e-03	6.820029e+00
3.270000e-06	1.357511e-03	6.821002e+00
3.280000e-06	-8.305181e-03	6.778521e+00
3.290000e-06	-1.584513e-02	6.758449e+00
3.300000e-06	-1.139165e-02	6.756444e+00
3.310000e-06	-2.379440e-03	6.685270e+00
3.320000e-06	-4.554369e-03	6.640107e+00
3.330000e-06	-1.262983e-02	6.546017e+00
3.340000e-06	-1.036813e-02	6.503235e+00
3.350000e-06	-5.130810e-03	6.451183e+00
3.360000e-06	-2.872008e-03	6.400053e+00
3.370000e-06	-7.587893e-03	6.377523e+00
3.380000e-06	-1.222620e-02	6.315916e+00
3.390000e-06	-9.306177e-03	6.252163e+00
3.400000e-06	-4.470618e-03	6.220576e+00
3.410000e-06	-4.604572e-03	6.158949e+00
3.420000e-06	-1.087662e-02	6.074237e+00
3.430000e-06	-9.922961e-03	6.051609e+00
3.440000e-06	-5.939786e-03	5.990052e+00
3.450000e-06	-3.231630e-03	5.968870e+00
3.460000e-06	-9.032940e-03	5.841303e+00
3.470000e-06	-1.007384e-02	5.745787e+00
3.480000e-06	-8.610073e-03	5.649605e+00
3.490000e-06	-1.555709e-03	5.589970e+00
3.500000e-06	-6.763208e-03	5.505741e+00
3.510000e-06	-8.083758e-03	5.421133e+00
3.520000e-06	-1.175190e-02	5.347419e+00
3.530000e-06	-4.108824e-03	5.291785e+00
3.540000e-06	-4.661593e-03	5.167421e+00
3.550000e-06	-6.174448e-03	5.020207e+00
3.560000e-06	-9.970745e-03	4.913785e+00
3.570000e-06	-5.758645e-03	4.789024e+00
3.580000e-06	-5.264066e-03	4.754866e+00
3.590000e-06	-4.980752e-03	4.610603e+00
3.600000e-06	-8.434364e-03	4.504893e+00
3.610000e-06	-8.528630e-03	4.410577e+00
3.620000e-06	-6.124692e-03	4.388945e+00
3.630000e-06	-3.528979e-03	4.240158e+00
3.640000e-06	-4.923477e-03	4.092287e+00
3.650000e-06	-8.550336e-03	4.009497e+00
3.660000e-06	-5.903302e-03	3.874787e+00
3.670000e-06	-5.376697e-03	3.789048e+00
3.680000e-06	-4.442202e-03	3.684235e+00
3.690000e-06	-9.263004e-03	3.609474e+00
3.700000e-06	-7.525844e-03	3.492836e+00
3.710000e-06	-5.341149e-03	3.324889e+00
3.720000e-06	-3.415511e-03	3.188500e+00
3.730000e-06	-7.330317e-03	3.093785e+00
3.740000e-06	-7.195661e-03	3.008948e+00
3.750000e-06	-6.301475e-03	2.841733e+00
3.760000e-06	-3.292456e-03	2.778471e+00
3.770000e-06	-4.982003e-03	2.611078e+00
3.780000e-06	-7.113394e-03	2.422657e+00
3.790000e-06	-6.348719e-03	2.356920e+00
3.800000e-06	-4.180034e-03	2.201153e+00
3.810000e-06	-4.306763e-03	2.114316e+00
3.820000e-06	-6.131327e-03	1.989550e+00
3.830000e-06	-6.604327e-03	1.923738e+00
3.840000e-06	-4.656019e-03	1.696449e+00
3.850000e-06	-3.005049e-03	1.611629e+00
3.860000e-06	-4.333773e-03	1.473133e+00
3.870000e-06	-6.315090e-03	1.325391e+00
3.880000e-06	-6.388371e-03	1.199554e+00
3.890000e-06	-3.171963e-03	1.080656e+00
3.900000e-06	-5.996983e-03	8.821330e-01
3.910000e-06	-5.300365e-03	7.578949e-01
3.920000e-06	-6.605429e-03	6.320804e-01
3.930000e-06	-2.653709e-03	4.836833e-01
3.940000e-06	-2.492769e-03	3.989489e-01
3.950000e-06	-3.629835e-03	2.536630e-01
3.960000e-06	-5.924298e-03	7.313573e-02
3.970000e-06	-4.021783e-03	-4.202882e-02
3.980000e-06	2.290017e-04	-1.788422e-01
3.990000e-06	-6.311429e-04	-3.146828e-01
4.000000e-06	-2.184568e-03	-3.989197e-01
4.010000e-06	-9.521306e-04	-4.751629e-01
4.020000e-06	-2.148827e-03	-6.845787e-01
4.030000e-06	-1.954610e-03	-7.594462e-01
4.040000e-06	-2.914260e-03	-8.831605e-01
4.050000e-06	1.159560e-02	-9.784708e-01
4.060000e-06	7.791022e-02	-1.085189e+00
4.070000e-06	-2.454924e-02	-1.354687e+00
4.080000e-06	-4.167015e-02	-1.602001e+00
4.090000e-06	-1.225122e-01	-1.787446e+00
4.100000e-06	6.659459e-02	-1.757924e+00
4.110000e-06	1.073384e-01	-1.758369e+00
4.120000e-06	-1.566126e-01	-1.956871e+00
4.130000e-06	-6.614455e-04	-2.157791e+00
4.140000e-06	1.765190e-01	-2.107218e+00
4.150000e-06	-1.277756e-01	-2.336714e+00
4.160000e-06	-8.290870e-02	-2.578266e+00
4.170000e-06	1.714540e-01	-2.538446e+00
4.180000e-06	-1.380295e-01	-2.725788e+00
4.190000e-06	-9.011482e-02	-2.822608e+00
4.200000e-06	1.881813e-01	-2.884787e+00
4.210000e-06	-9.782429e-02	-3.128908e+00
4.220000e-06	-3.642092e-03	-3.252733e+00
4.230000e-06	7.077476e-02	-3.285716e+00
4.240000e-06	-1.427290e-01	-3.475160e+00
4.250000e-06	9.896674e-02	-3.579971e+00
4.260000e-06	5.960172e-03	-3.633054e+00
4.270000e-06	-1.058029e-01	-3.874477e+00
4.280000e-06	1.227049e-01	-3.987897e+00
4.290000e-06	-1.785444e-02	-4.052530e+00
4.300000e-06	-4.073917e-02	-4.169347e+00
4.310000e-06	5.134386e-02	-4.271111e+00
4.320000e-06	-7.332393e-02	-4.368371e+00
4.330000e-06	2.227364e-02	-4.413503e+00
4.340000e-06	3.382590e-02	-4.534734e+00
4.350000e-06	-7.679147e-03	-4.694138e+00
4.360000e-06	4.191209e-03	-4.758390e+00
4.370000e-06	-4.391321e-02	-4.871987e+00
4.380000e-06	5.427223e-02	-4.978367e+00
4.390000e-06	-1.507550e-02	-5.042607e+00
4.400000e-06	-2.895655e-02	-5.158894e+00
4.410000e-06	3.184089e-02	-5.231526e+00
4.420000e-06	-3.296711e-02	-5.392868e+00
4.430000e-06	5.116425e-02	-5.507239e+00
4.440000e-06	-1.043520e-02	-5.579946e+00
4.450000e-06	-4.154838e-02	-5.641058e+00
4.460000e-06	3.139781e-02	-5.685238e+00
4.470000e-06	-1.404501e-02	-5.799397e+00
4.480000e-06	2.163765e-02	-5.875687e+00
4.490000e-06	-7.495657e-03	-5.944792e+00
4.500000e-06	-2.030454e-02	-5.989451e+00
4.510000e-06	2.899385e-02	-6.031054e+00
4.520000e-06	-5.660130e-03	-6.096788e+00
4.530000e-06	3.584799e-03	-6.243105e+00
4.540000e-06	-1.837674e-02	-6.334714e+00
4.550000e-06	-1.337590e-03	-6.369422e+00
4.560000e-06	2.383364e-02	-6.420553e+00
4.570000e-06	-1.044690e-02	-6.443207e+00
4.580000e-06	5.441529e-03	-6.487737e+00
4.590000e-06	-1.405184e-02	-6.528970e+00
4.600000e-06	1.234404e-02	-6.630975e+00
4.610000e-06	1.235827e-02	-6.633629e+00
4.620000e-06	-1.731557e-02	-6.696208e+00
4.630000e-06	-1.448878e-03	-6.758318e+00
4.640000e-06	-2.427768e-03	-6.748944e+00
4.650000e-06	1.716146e-02	-6.779024e+00
4.660000e-06	3.382162e-03	-6.810999e+00
4.670000e-06	-1.120538e-02	-6.832052e+00
4.680000e-06	-9.444976e-04	-6.843033e+00
4.690000e-06	3.615916e-03	-6.873613e+00
4.700000e-06	6.952812e-03	-6.922186e+00
4.710000e-06	-5.734901e-03	-6.908689e+00
4.720000e-06	-4.434657e-03	-6.957467e+00
4.730000e-06	4.130513e-03	-6.957890e+00
4.740000e-06	8.514617e-03	-6.959467e+00
4.750000e-06	1.909019e-04	-7.030029e+00
4.760000e-06	-9.320787e-03	-7.030675e+00
4.770000e-06	-6.085115e-05	-7.041552e+00
4.780000e-06	6.893418e-03	-6.990473e+00
4.790000e-06	3.797204e-03	-7.039025e+00
4.800000e-06	-2.384578e-03	-6.941478e+00
4.810000e-06	-4.591265e-03	-6.989627e+00
4.820000e-06	3.598962e-03	-6.928920e+00
4.830000e-06	4.711488e-03	-6.918864e+00
4.840000e-06	-2.845238e-03	-6.936366e+00
4.850000e-06	-3.817871e-03	-6.914687e+00
4.860000e-06	2.060550e-03	-6.884138e+00
4.870000e-06	7.648282e-03	-6.832084e+00
4.880000e-06	3.008506e-03	-6.830550e+00
4.890000e-06	-2.880753e-03	-6.800001e+00
4.900000e-06	-4.299413e-03	-6.810074e+00
4.910000e-06	2.816732e-03	-6.738446e+00
4.920000e-06	4.732830e-03	-6.747395e+00
4.930000e-06	-8.430800e-04	-6.694306e+00
4.940000e-06	-1.756796e-03	-6.651108e+00
4.950000e-06	1.170476e-03	-6.612076e+00
4.960000e-06	4.876516e-03	-6.598924e+00
4.970000e-06	2.230559e-03	-6.537312e+00
4.980000e-06	-3.307239e-03	-6.445732e+00
4.990000e-06	-3.079309e-03	-6.421501e+00
5.000000e-06	2.788825e-03	-6.368922e+00
5.010000e-06	3.873455e-03	-6.346392e+00
5.020000e-06	-1.213701e-03	-6.221711e+00
5.030000e-06	-2.909025e-03	-6.158919e+00
5.040000e-06	8.220811e-04	-6.063281e+00
5.050000e-06	3.089983e-03	-6.000501e+00
5.060000e-06	9.626099e-04	-5.948997e+00
5.070000e-06	-2.977737e-03	-5.905785e+00
5.080000e-06	-8.733789e-04	-5.801082e+00
5.090000e-06	3.110489e-03	-5.737893e+00
5.100000e-06	1.357360e-03	-5.673183e+00
5.110000e-06	-2.271799e-03	-5.599999e+00
5.120000e-06	-3.686407e-03	-5.527369e+00
5.130000e-06	3.226773e-05	-5.429079e+00
5.140000e-06	2.784260e-03	-5.292607e+00
5.150000e-06	-1.067582e-03	-5.199950e+00
5.160000e-06	-3.445449e-03	-5.074762e+00
5.170000e-06	-1.072950e-03	-5.010551e+00
5.180000e-06	7.732651e-04	-4.863786e+00
5.190000e-06	2.030743e-04	-4.748771e+00
5.200000e-06	-4.077546e-03	-4.633779e+00
5.210000e-06	-2.606729e-03	-4.507949e+00
5.220000e-06	-8.646628e-04	-4.453658e+00
5.230000e-06	1.586640e-03	-4.399951e+00
5.240000e-06	-2.655258e-03	-4.303839e+00
5.250000e-06	-3.434805e-03	-4.200000e+00
5.260000e-06	-1.392576e-03	-4.075210e+00
5.270000e-06	1.427090e-03	-4.000048e+00
5.280000e-06	-1.152898e-03	-3.886867e+00
5.290000e-06	-3.249707e-03	-3.757444e+00
5.300000e-06	-2.743674e-03	-3.621078e+00
5.310000e-06	-1.938394e-04	-3.516866e+00
5.320000e-06	-1.055334e-03	-3.410579e+00
5.330000e-06	-3.822394e-03	-3.305762e+00
5.340000e-06	-3.310646e-03	-3.190025e+00
5.350000e-06	-1.800683e-03	-3.094811e+00
5.360000e-06	7.717508e-04	-2.887263e+00
5.370000e-06	-3.022236e-03	-2.780525e+00
5.380000e-06	-4.041199e-03	-2.676263e+00
5.390000e-06	-2.804181e-03	-2.558949e+00
5.400000e-06	-8.266031e-04	-2.413258e+00
5.410000e-06	-2.607823e-03	-2.339474e+00
5.420000e-06	-3.975378e-03	-2.149553e+00
5.430000e-06	-3.520236e-03	-2.010657e+00
5.440000e-06	-2.248062e-03	-1.927841e+00
5.450000e-06	-1.246016e-03	-1.771051e+00
5.460000e-06	-3.990603e-03	-1.672735e+00
5.470000e-06	-3.620579e-03	-1.578524e+00
5.480000e-06	-4.299476e-03	-1.412136e+00
5.490000e-06	-1.602092e-03	-1.221732e+00
5.500000e-06	-2.629265e-03	-1.095816e+00
5.510000e-06	-3.807235e-03	-9.494489e-01
5.520000e-06	-3.943976e-03	-8.622041e-01
5.530000e-06	-3.413206e-03	-7.584186e-01
5.540000e-06	-4.336047e-03	-5.694726e-01
5.550000e-06	-4.957417e-03	-4.200789e-01
5.560000e-06	-4.925167e-03	-3.163647e-01
5.570000e-06	-1.961639e-03	-1.899499e-01
5.580000e-06	-9.137113e-04	-3.268302e-02
5.590000e-06	1.594440e-03	5.058032e-02
5.600000e-06	-1.362097e-03	2.094247e-01
5.610000e-06	-1.607551e-03	3.963458e-01
5.620000e-06	-2.033492e-03	4.200750e-01
5.630000e-06	-3.647208e-03	5.593931e-01
5.640000e-06	-2.979735e-03	6.831128e-01
5.650000e-06	-2.933039e-03	7.884709e-01
5.660000e-06	9.925640e-03	9.136859e-01
5.670000e-06	5.265664e-02	1.091609e+00
5.680000e-06	2.439005e-02	1.293159e+00
5.690000e-06	-5.304246e-02	1.491132e+00
5.700000e-06	-7.534038e-02	1.683680e+00
5.710000e-06	-9.104100e-02	1.706365e+00
5.720000e-06	1.605790e-01	1.789922e+00
5.730000e-06	-2.491950e-02	1.955246e+00
5.740000e-06	-1.795168e-01	2.000025e+00
5.750000e-06	1.682184e-01	2.105138e+00
5.760000e-06	1.748844e-02	2.303285e+00
5.770000e-06	-1.404973e-01	2.378529e+00
5.780000e-06	9.254917e-02	2.441054e+00
5.790000e-06	9.234285e-04	2.670023e+00
5.800000e-06	-1.565909e-01	2.799495e+00
5.810000e-06	1.137185e-01	2.873207e+00
5.820000e-06	4.353999e-02	2.990926e+00
5.830000e-06	-8.006974e-02	3.113764e+00
5.840000e-06	3.454176e-02	3.240476e+00
5.850000e-06	-3.177697e-02	3.326220e+00
5.860000e-06	-1.911392e-02	3.493666e+00
5.870000e-06	4.256620e-02	3.610479e+00
5.880000e-06	-4.907235e-02	3.735733e+00
5.890000e-06	-1.249612e-02	3.850004e+00
5.900000e-06	6.039646e-02	3.947291e+00
5.910000e-06	-3.339959e-02	4.021476e+00
5.920000e-06	-1.801591e-02	4.104220e+00
5.930000e-06	-9.715022e-03	4.303237e+00
5.940000e-06	-2.112903e-02	4.399046e+00
5.950000e-06	8.567669e-03	4.464663e+00
5.960000e-06	3.106181e-02	4.589024e+00
5.970000e-06	-1.771721e-02	4.705191e+00
5.980000e-06	-4.432325e-02	4.789946e+00
5.990000e-06	2.932565e-02	4.822557e+00
6.000000e-06	-3.262678e-03	5.039804e+00
6.010000e-06	-2.518080e-02	5.166317e+00
6.020000e-06	-1.145515e-02	5.222057e+00
6.030000e-06	-3.636737e-03	5.396868e+00
6.040000e-06	1.027906e-02	5.409474e+00
6.050000e-06	1.491326e-02	5.472159e+00
6.060000e-06	-3.131263e-02	5.547349e+00
6.070000e-06	-1.715717e-02	5.620050e+00
6.080000e-06	3.315526e-03	5.705739e+00
6.090000e-06	4.288233e-03	5.859972e+00
6.100000e-06	-7.897458e-03	5.874368e+00
6.110000e-06	-2.169514e-02	5.988870e+00
6.120000e-06	4.530720e-04	6.041579e+00
6.130000e-06	8.665979e-03	6.135664e+00
6.140000e-06	-2.688860e-04	6.136870e+00
6.150000e-06	-2.593089e-02	6.230003e+00
6.160000e-06	-1.488155e-02	6.271734e+00
6.170000e-06	6.437346e-03	6.323916e+00
6.180000e-06	3.584181e-03	6.388947e+00
6.190000e-06	-1.029297e-02	6.400530e+00
6.200000e-06	-1.976376e-02	6.443130e+00
6.210000e-06	-4.554699e-03	6.555285e+00
6.220000e-06	7.464172e-03	6.567398e+00
6.230000e-06	-7.951555e-03	6.598024e+00
6.240000e-06	-2.145257e-02	6.670786e+00
6.250000e-06	-1.100433e-02	6.704963e+00
6.260000e-06	6.526451e-03	6.777466e+00
6.270000e-06	3.754194e-03	6.810000e+00
6.280000e-06	-1.389523e-02	6.797950e+00
6.290000e-06	-2.010120e-02	6.841052e+00
6.300000e-06	-3.956174e-03	6.820054e+00
6.310000e-06	1.852005e-03	6.852108e+00
6.320000e-06	-6.274027e-03	6.871181e+00
6.330000e-06	-1.712666e-02	6.834131e+00
6.340000e-06	-8.830704e-03	6.894712e+00
6.350000e-06	3.572681e-03	6.915888e+00
6.360000e-06	-2.423950e-03	6.894790e+00
6.370000e-06	-1.776853e-02	6.924736e+00
6.380000e-06	-1.712446e-02	6.885839e+00
6.390000e-06	-5.275067e-04	6.897266e+00
6.400000e-06	3.423029e-04	6.915383e+00
6.410000e-06	-7.483701e-03	6.884334e+00
6.420000e-06	-1.661874e-02	6.904213e+00
6.430000e-06	-8.044343e-03	6.884786e+00
6.440000e-06	6.285238e-04	6.893209e+00
6.450000e-06	-6.952930e-03	6.842132e+00
6.460000e-06	-1.650739e-02	6.831555e+00
6.470000e-06	-1.186005e-02	6.821028e+00
6.480000e-06	9.799858e-05	6.800528e+00
6.490000e-06	-1.502240e-03	6.759501e+00
6.500000e-06	-1.127527e-02	6.768949e+00
6.510000e-06	-1.628474e-02	6.757947e+00
6.520000e-06	-8.408014e-03	6.746892e+00
6.530000e-06	-2.066882e-03	6.683732e+00
6.540000e-06	-7.174205e-03	6.619473e+00
6.550000e-06	-1.362532e-02	6.524240e+00
6.560000e-06	-9.654381e-03	6.473136e+00
6.570000e-06	-2.278432e-03	6.463127e+00
6.580000e-06	-5.058433e-03	6.399553e+00
6.590000e-06	-1.070290e-02	6.328470e+00
6.600000e-06	-1.358909e-02	6.325343e+00
6.610000e-06	-5.099188e-03	6.252106e+00
6.620000e-06	-3.992832e-03	6.190024e+00
6.630000e-06	-7.379701e-03	6.137394e+00
6.640000e-06	-1.085834e-02	6.063762e+00
6.650000e-06	-9.003112e-03	6.040552e+00
6.660000e-06	-3.691755e-03	5.988974e+00
6.670000e-06	-4.935934e-03	5.905869e+00
6.680000e-06	-1.059550e-02	5.798029e+00
6.690000e-06	-1.061515e-02	5.693838e+00
6.700000e-06	-4.213648e-03	5.631050e+00
6.710000e-06	-2.868325e-03	5.567970e+00
6.720000e-06	-7.508969e-03	5.503312e+00
6.730000e-06	-1.146175e-02	5.409028e+00
6.740000e-06	-8.950754e-03	5.285370e+00
6.750000e-06	-3.245630e-03	5.261079e+00
6.760000e-06	-4.817613e-03	5.125917e+00
6.770000e-06	-8.194415e-03	5.008956e+00
6.780000e-06	-1.029941e-02	4.861732e+00
6.790000e-06	-4.350272e-03	4.767473e+00
6.800000e-06	-3.345960e-03	4.655255e+00
6.810000e-06	-6.797395e-03	4.560052e+00
6.820000e-06	-1.085905e-02	4.504687e+00
6.830000e-06	-9.346249e-03	4.390551e+00
6.840000e-06	-3.226791e-03	4.346419e+00
6.850000e-06	-3.883164e-03	4.166675e+00
6.860000e-06	-7.302639e-03	4.041655e+00
6.870000e-06	-8.440383e-03	3.947921e+00
6.880000e-06	-4.675792e-03	3.841629e+00
6.890000e-06	-3.022515e-03	3.747866e+00
6.900000e-06	-7.225573e-03	3.652104e+00
6.910000e-06	-9.647366e-03	3.556944e+00
6.920000e-06	-7.001559e-03	3.402133e+00
6.930000e-06	-2.707394e-03	3.262659e+00
6.940000e-06	-5.191903e-03	3.158946e+00
6.950000e-06	-7.893826e-03	3.053633e+00
6.960000e-06	-8.578908e-03	2.948392e+00
6.970000e-06	-3.338040e-03	2.820053e+00
6.980000e-06	-3.086182e-03	2.777445e+00
6.990000e-06	-6.002528e-03	2.567022e+00
7.000000e-06	-7.977896e-03	2.399530e+00
7.010000e-06	-5.251955e-03	2.293339e+00
7.020000e-06	-3.405595e-03	2.208973e+00
7.030000e-06	-5.301772e-03	2.052209e+00
7.040000e-06	-7.973757e-03	1.968896e+00
7.050000e-06	-6.687913e-03	1.811131e+00
7.060000e-06	-2.140034e-03	1.714660e+00
7.070000e-06	-2.312970e-03	1.578949e+00
7.080000e-06	-5.249575e-03	1.401055e+00
7.090000e-06	-6.894874e-03	1.263762e+00
7.100000e-06	-3.540320e-03	1.185896e+00
7.110000e-06	-3.198611e-03	9.680186e-01
7.120000e-06	-4.918693e-03	7.900504e-01
7.130000e-06	-6.909113e-03	7.157883e-01
7.140000e-06	-6.836991e-03	5.990263e-01
7.150000e-06	-1.851388e-03	4.205807e-01
7.160000e-06	-2.466321e-03	3.563450e-01
7.170000e-06	-5.649590e-03	1.685987e-01
7.180000e-06	-6.887025e-03	1.110289e-02
7.190000e-06	1.042186e-03	-6.613664e-02
7.200000e-06	4.297274e-03	-2.100287e-01
7.210000e-06	-2.234313e-03	-3.272668e-01
7.220000e-06	-4.629889e-03	-4.215264e-01
7.230000e-06	-2.845049e-03	-5.683181e-01
7.240000e-06	2.653353e-04	-7.262880e-01
7.250000e-06	-2.867075e-03	-8.105013e-01
7.260000e-06	-3.743549e-03	-9.267919e-01
7.270000e-06	3.053318e-02	-1.040502e+00
7.280000e-06	7.377358e-02	-1.158326e+00
7.290000e-06	-5.516308e-02	-1.483054e+00
7.300000e-06	-4.243038e-02	-1.694631e+00
7.310000e-06	-1.377933e-01	-1.799446e+00
7.320000e-06	1.686295e-01	-1.746799e+00
7.330000e-06	1.688756e-02	-1.811974e+00
7.340000e-06	-2.021472e-01	-2.063075e+00
7.350000e-06	1.563497e-01	-2.096837e+00
7.360000e-06	7.353384e-02	-2.151445e+00
7.370000e-06	-2.028842e-01	-2.442031e+00
7.380000e-06	8.470201e-02	-2.537870e+00
7.390000e-06	6.747781e-02	-2.590026e+00
7.400000e-06	-2.065330e-01	-2.789346e+00
7.410000e-06	7.350254e-02	-2.834082e+00
7.420000e-06	1.043614e-01	-2.957816e+00
7.430000e-06	-1.184747e-01	-3.189972e+00
7.440000e-06	7.307297e-02	-3.245634e+00
7.450000e-06	-2.532910e-02	-3.337815e+00
7.460000e-06	-8.604591e-02	-3.556841e+00
7.470000e-06	1.367512e-01	-3.600500e+00
7.480000e-06	-9.561541e-02	-3.693634e+00
7.490000e-06	-2.193958e-02	-3.906838e+00
7.500000e-06	1.236018e-01	-3.990399e+00
7.510000e-06	-8.342839e-02	-4.083132e+00
7.520000e-06	2.698204e-02	-4.210451e+00
7.530000e-06	2.777605e-03	-4.284736e+00
7.540000e-06	-6.632652e-02	-4.369474e+00
7.550000e-06	5.808286e-02	-4.412580e+00
7.560000e-06	1.473161e-03	-4.600371e+00
7.570000e-06	1.154368e-02	-4.704636e+00
7.580000e-06	-2.731524e-02	-4.767874e+00
7.590000e-06	-7.005945e-03	-4.905817e+00
7.600000e-06	5.427879e-02	-4.977773e+00
7.610000e-06	-4.908602e-02	-5.125712e+00
7.620000e-06	4.365510e-03	-5.159449e+00
7.630000e-06	6.082498e-03	-5.262086e+00
7.640000e-06	-1.398400e-02	-5.399929e+00
7.650000e-06	6.157491e-02	-5.517886e+00
7.660000e-06	-5.273627e-02	-5.630426e+00
7.670000e-06	-4.457905e-03	-5.672182e+00
7.680000e-06	2.240539e-02	-5.756846e+00
7.690000e-06	-1.417384e-02	-5.811054e+00
7.700000e-06	2.699329e-02	-5.935759e+00
7.710000e-06	-3.215441e-02	-5.968470e+00
7.720000e-06	9.256710e-03	-6.010499e+00
7.730000e-06	1.758655e-02	-6.042631e+00
7.740000e-06	-5.636650e-03	-6.128839e+00
7.750000e-06	3.392213e-04	-6.235109e+00
7.760000e-06	-2.062954e-02	-6.336416e+00
7.770000e-06	1.897619e-02	-6.379473e+00
7.780000e-06	7.065698e-03	-6.412004e+00
7.790000e-06	-6.834552e-03	-6.463662e+00
7.800000e-06	-1.380293e-03	-6.545864e+00
7.810000e-06	-8.860314e-03	-6.589472e+00
7.820000e-06	2.231470e-02	-6.591053e+00
7.830000e-06	-3.313688e-03	-6.685059e+00
7.840000e-06	-1.325036e-02	-6.676262e+00
7.850000e-06	6.781272e-04	-6.757370e+00
7.860000e-06	3.244407e-03	-6.778470e+00
7.870000e-06	1.570156e-02	-6.789974e+00
7.880000e-06	-7.582338e-03	-6.790028e+00
7.890000e-06	-5.784077e-03	-6.842475e+00
7.900000e-06	3.054026e-03	-6.832158e+00
7.910000e-06	4.617547e-03	-6.874184e+00
7.920000e-06	1.951512e-03	-6.906856e+00
7.930000e-06	-1.027384e-02	-6.927840e+00
7.940000e-06	2.536912e-03	-6.958969e+00
7.950000e-06	6.242096e-03	-6.979946e+00
7.960000e-06	5.935884e-03	-7.028979e+00
7.970000e-06	-4.353837e-03	-7.062073e+00
7.980000e-06	-6.837771e-03	-6.990176e+00
7.990000e-06	6.443812e-03	-6.969974e+00
8.000000e-06	4.087170e-03	-7.050547e+00
8.010000e-06	8.545138e-04	-6.990675e+00
8.020000e-06	-6.137475e-03	-7.000423e+00
8.030000e-06	2.462772e-04	-6.998376e+00
8.040000e-06	7.107871e-03	-6.947944e+00
8.050000e-06	3.093315e-03	-6.896841e+00
8.060000e-06	-5.007588e-03	-6.926288e+00
8.070000e-06	-1.795864e-03	-6.907232e+00
8.080000e-06	4.685354e-03	-6.884286e+00
8.090000e-06	5.308378e-03	-6.831128e+00
8.100000e-06	-6.744421e-04	-6.831003e+00
8.110000e-06	-4.414097e-03	-6.820976e+00
8.120000e-06	1.874566e-04	-6.779474e+00
8.130000e-06	6.110331e-03	-6.757920e+00
8.140000e-06	2.450803e-03	-6.687390e+00
8.150000e-06	-2.646663e-03	-6.655685e+00
8.160000e-06	-2.011397e-03	-6.641082e+00
8.170000e-06	2.479759e-03	-6.599978e+00
8.180000e-06	4.334570e-03	-6.506369e+00
8.190000e-06	-4.236699e-04	-6.476288e+00
8.200000e-06	-3.420559e-03	-6.432557e+00
8.210000e-06	1.367779e-03	-6.360524e+00
8.220000e-06	5.005149e-03	-6.389445e+00
8.230000e-06	7.895986e-04	-6.296341e+00
8.240000e-06	-4.034779e-03	-6.182175e+00
8.250000e-06	-1.637924e-03	-6.109416e+00
8.260000e-06	2.905251e-03	-6.052182e+00
8.270000e-06	2.679217e-03	-5.989500e+00
8.280000e-06	-1.142486e-03	-5.899420e+00
8.290000e-06	-4.068992e-03	-5.863758e+00
8.300000e-06	1.121618e-03	-5.818951e+00
8.310000e-06	3.370070e-03	-5.696311e+00
8.320000e-06	1.636109e-04	-5.641054e+00
8.330000e-06	-4.448126e-03	-5.559976e+00
8.340000e-06	-3.293151e-03	-5.485315e+00
8.350000e-06	2.149286e-03	-5.328220e+00
8.360000e-06	1.873590e-03	-5.250708e+00
8.370000e-06	-2.829742e-03	-5.168418e+00
8.380000e-06	-2.538033e-03	-5.023230e+00
8.390000e-06	1.189904e-03	-4.948419e+00
8.400000e-06	2.319377e-03	-4.823429e+00
8.410000e-06	-1.154019e-03	-4.705690e+00
8.420000e-06	-4.785807e-03	-4.590078e+00
8.430000e-06	-2.281025e-03	-4.495241e+00
8.440000e-06	8.932229e-04	-4.420078e+00
8.450000e-06	-2.100918e-04	-4.399020e+00
8.460000e-06	-4.182874e-03	-4.252107e+00
8.470000e-06	-3.018663e-03	-4.187395e+00
8.480000e-06	1.339819e-07	-4.024134e+00
8.490000e-06	4.118352e-04	-3.968451e+00
8.500000e-06	-2.088143e-03	-3.883135e+00
8.510000e-06	-4.845008e-03	-3.683735e+00
8.520000e-06	-1.528997e-03	-3.619549e+00
8.530000e-06	-7.243485e-04	-3.484307e+00
8.540000e-06	-1.502054e-03	-3.377972e+00
8.550000e-06	-3.978069e-03	-3.232657e+00
8.560000e-06	-2.492554e-03	-3.178470e+00
8.570000e-06	-9.621380e-04	-3.021153e+00
8.580000e-06	3.581267e-04	-2.842233e+00
8.590000e-06	-5.156597e-03	-2.778500e+00
8.600000e-06	-4.139973e-03	-2.592577e+00
8.610000e-06	-3.743442e-03	-2.527891e+00
8.620000e-06	-5.391479e-04	-2.400103e+00
8.630000e-06	-3.723683e-03	-2.295388e+00
8.640000e-06	-2.832654e-03	-2.094813e+00
8.650000e-06	-4.120765e-03	-2.010100e+00
8.660000e-06	-1.127772e-03	-1.884211e+00
8.670000e-06	-3.392336e-03	-1.747921e+00
8.680000e-06	-3.603654e-03	-1.623128e+00
8.690000e-06	-5.989389e-03	-1.558446e+00
8.700000e-06	-1.855965e-03	-1.307345e+00
8.710000e-06	-1.466787e-03	-1.189549e+00
8.720000e-06	-2.040663e-03	-1.033086e+00
8.730000e-06	-4.145242e-03	-9.352935e-01
8.740000e-06	-2.917094e-03	-8.115749e-01
8.750000e-06	-4.005674e-03	-6.848407e-01
8.760000e-06	-5.179844e-03	-4.848870e-01
8.770000e-06	-5.963452e-03	-4.095012e-01
8.780000e-06	-5.200825e-03	-2.647069e-01
8.790000e-06	-1.083406e-03	-8.789337e-02
8.800000e-06	1.908792e-03	-1.210151e-02
8.810000e-06	2.859699e-03	7.416034e-02
8.820000e-06	-4.473864e-03	2.525548e-01
8.830000e-06	-4.169159e-04	3.899249e-01
8.840000e-06	-3.024443e-03	4.835605e-01
8.850000e-06	-2.750222e-03	6.089210e-01
8.860000e-06	-5.687361e-03	7.062593e-01
8.870000e-06	7.118972e-04	8.004762e-01
8.880000e-06	2.093310e-02	9.472467e-01
8.890000e-06	6.504417e-02	1.167317e+00
8.900000e-06	-1.920325e-02	1.367697e+00
8.910000e-06	-5.046853e-02	1.565342e+00
8.920000e-06	-1.049246e-01	1.695238e+00
8.930000e-06	-1.901568e-03	1.736795e+00
8.940000e-06	1.450290e-01	1.861080e+00
8.950000e-06	-1.175704e-01	1.978422e+00
8.960000e-06	-8.909310e-02	2.021529e+00
8.970000e-06	1.875289e-01	2.176845e+00
8.980000e-06	-7.993283e-02	2.376796e+00
8.990000e-06	-1.016828e-01	2.399473e+00
9.000000e-06	1.436170e-01	2.483634e+00
9.010000e-06	-1.087787e-01	2.765739e+00
9.020000e-06	-8.920037e-02	2.820525e+00
9.030000e-06	1.636101e-01	2.925689e+00
9.040000e-06	-4.432496e-02	3.062583e+00
9.050000e-06	-4.103508e-02	3.146870e+00
9.060000e-06	4.516916e-02	3.231031e+00
9.070000e-06	-7.108456e-02	3.440473e+00
9.080000e-06	3.157215e-02	3.567319e+00
9.090000e-06	3.949280e-03	3.641577e+00
9.100000e-06	-5.422235e-02	3.758846e+00
9.110000e-06	3.398772e-02	3.882610e+00
9.120000e-06	3.158432e-02	4.017422e+00
9.130000e-06	-3.764879e-02	4.071634e+00
9.140000e-06	-1.127258e-02	4.155900e+00
9.150000e-06	-1.326158e-02	4.355871e+00
9.160000e-06	-1.891850e-02	4.421001e+00
9.170000e-06	2.472640e-02	4.535267e+00
9.180000e-06	1.550006e-02	4.640526e+00
9.190000e-06	-3.342703e-02	4.715863e+00
9.200000e-06	-2.150965e-02	4.809527e+00
9.210000e-06	3.645033e-02	4.894686e+00
9.220000e-06	-2.282487e-02	5.082059e+00
9.230000e-06	-2.174647e-02	5.188300e+00
9.240000e-06	-5.659786e-03	5.294207e+00
9.250000e-06	-5.005386e-03	5.367948e+00
9.260000e-06	2.133833e-02	5.450980e+00
9.270000e-06	-8.523883e-03	5.482764e+00
9.280000e-06	-2.908339e-02	5.610449e+00
9.290000e-06	-8.172339e-03	5.621026e+00
9.300000e-06	9.586108e-03	5.764338e+00
9.310000e-06	-1.640367e-03	5.841505e+00
9.320000e-06	-1.738972e-02	5.946317e+00
9.330000e-06	-1.384578e-02	5.999424e+00
9.340000e-06	5.090412e-03	6.061630e+00
9.350000e-06	7.868848e-03	6.125737e+00
9.360000e-06	-1.383731e-02	6.176949e+00
9.370000e-06	-2.324853e-02	6.209499e+00
9.380000e-06	-6.364096e-03	6.276158e+00
9.390000e-06	1.097579e-02	6.358396e+00
9.400000e-06	-5.841704e-03	6.398450e+00
9.410000e-06	-1.340322e-02	6.420553e+00
9.420000e-06	-1.462332e-02	6.493209e+00
9.430000e-06	4.041991e-03	6.546967e+00
9.440000e-06	1.919614e-03	6.558924e+00
9.450000e-06	-1.734593e-02	6.641033e+00
9.460000e-06	-1.806886e-02	6.702791e+00
9.470000e-06	-3.341912e-03	6.766943e+00
9.480000e-06	9.639934e-03	6.748422e+00
9.490000e-06	-4.810083e-03	6.809974e+00
9.500000e-06	-1.824344e-02	6.810499e+00
9.510000e-06	-1.309971e-02	6.801029e+00
9.520000e-06	1.750226e-03	6.851629e+00
9.530000e-06	-1.327146e-03	6.831654e+00
9.540000e-06	-1.289590e-02	6.873107e+00
9.550000e-06	-1.445416e-02	6.893184e+00
9.560000e-06	-2.469497e-03	6.906262e+00
9.570000e-06	3.905860e-03	6.894262e+00
9.580000e-06	-1.103063e-02	6.874887e+00
9.590000e-06	-1.822356e-02	6.914787e+00
9.600000e-06	-1.061221e-02	6.924890e+00
9.610000e-06	1.954188e-03	6.935843e+00
9.620000e-06	-2.091373e-03	6.905136e+00
9.630000e-06	-1.366379e-02	6.895237e+00
9.640000e-06	-1.330185e-02	6.875308e+00
9.650000e-06	-3.660715e-03	6.874307e+00
9.660000e-06	-2.510397e-04	6.872631e+00
9.670000e-06	-1.225721e-02	6.800680e+00
9.680000e-06	-1.606162e-02	6.850079e+00
9.690000e-06	-6.676050e-03	6.840128e+00
9.700000e-06	2.459517e-03	6.810075e+00
9.710000e-06	-5.180409e-03	6.778449e+00
9.720000e-06	-1.499808e-02	6.797973e+00
9.730000e-06	-1.435451e-02	6.757896e+00
9.740000e-06	-3.663203e-03	6.716889e+00
9.750000e-06	-1.970988e-03	6.673074e+00
9.760000e-06	-1.147037e-02	6.589950e+00
9.770000e-06	-1.388413e-02	6.525215e+00
9.780000e-06	-7.028537e-03	6.471707e+00
9.790000e-06	-1.721052e-05	6.450579e+00
9.800000e-06	-7.534466e-03	6.359499e+00
9.810000e-06	-1.356743e-02	6.337371e+00
9.820000e-06	-1.168439e-02	6.283332e+00
9.830000e-06	-1.450665e-03	6.251103e+00
9.840000e-06	-2.658175e-03	6.158974e+00
9.850000e-06	-1.066154e-02	6.126820e+00
9.860000e-06	-1.286259e-02	6.032229e+00
9.870000e-06	-7.381300e-03	6.010075e+00
9.880000e-06	-2.467597e-03	5.948997e+00
9.890000e-06	-8.412049e-03	5.852711e+00
9.900000e-06	-1.094428e-02	5.746446e+00
9.910000e-06	-8.485593e-03	5.672708e+00
9.920000e-06	-1.082519e-03	5.599025e+00
9.930000e-06	-5.150911e-03	5.525445e+00
9.940000e-06	-9.599362e-03	5.443732e+00
9.950000e-06	-1.336939e-02	5.377949e+00
9.960000e-06	-4.761885e-03	5.285841e+00
9.970000e-06	-4.260009e-03	5.200597e+00
9.980000e-06	-6.145030e-03	5.051737e+00
9.990000e-06	-1.152974e-02	4.893365e+00
1.000000e-05	-6.392668e-03	4.839552e+00
1.001000e-05	-3.002590e-03	4.736419e+00
1.002000e-05	-3.338722e-03	4.651177e+00
1.003000e-05	-1.072162e-02	4.588446e+00
1.004000e-05	-9.045474e-03	4.441680e+00
1.005000e-05	-6.139685e-03	4.370523e+00
1.006000e-05	-2.220637e-03	4.283286e+00
1.007000e-05	-7.252580e-03	4.103786e+00
1.008000e-05	-9.121464e-03	4.019500e+00
1.009000e-05	-7.163665e-03	3.887367e+00
1.010000e-05	-3.067665e-03	3.811524e+00
1.011000e-05	-5.815345e-03	3.695291e+00
1.012000e-05	-7.778195e-03	3.610025e+00
1.013000e-05	-8.755966e-03	3.507267e+00
1.014000e-05	-3.119716e-03	3.326843e+00
1.015000e-05	-4.078085e-03	3.210078e+00
1.016000e-05	-6.894248e-03	3.136887e+00
1.017000e-05	-1.035898e-02	2.958124e+00
1.018000e-05	-5.199399e-03	2.904262e+00
1.019000e-05	-2.546293e-03	2.819501e+00
1.020000e-05	-4.440206e-03	2.732209e+00
1.021000e-05	-8.149861e-03	2.494338e+00
1.022000e-05	-7.074427e-03	2.379470e+00
1.023000e-05	-2.680839e-03	2.243684e+00
1.024000e-05	-3.203632e-03	2.116367e+00
1.025000e-05	-7.373196e-03	2.021102e+00
1.026000e-05	-8.407005e-03	1.954396e+00
1.027000e-05	-5.299031e-03	1.799448e+00
1.028000e-05	-2.215569e-03	1.672181e+00
1.029000e-05	-4.472834e-03	1.506818e+00
1.030000e-05	-7.344957e-03	1.359399e+00
1.031000e-05	-5.948735e-03	1.221633e+00
1.032000e-05	-2.150854e-03	1.074317e+00
1.033000e-05	-3.218918e-03	9.453399e-01
1.034000e-05	-6.826506e-03	7.685013e-01
1.035000e-05	-6.740284e-03	6.643082e-01
1.036000e-05	-3.586284e-03	5.463146e-01
1.037000e-05	-1.515984e-03	4.005776e-01
1.038000e-05	-5.562145e-03	3.478671e-01
1.039000e-05	-7.812156e-03	1.152910e-01
1.040000e-05	-2.312575e-03	-1.153125e-02
1.041000e-05	1.319804e-03	-1.362882e-01
1.042000e-05	1.545920e-03	-2.425865e-01
1.043000e-05	-3.903965e-03	-3.689471e-01
1.044000e-05	-1.914270e-03	-4.331026e-01
1.045000e-05	-9.376698e-04	-6.714972e-01
1.046000e-05	-1.122291e-03	-7.688197e-01
1.047000e-05	-4.740398e-03	-8.615563e-01
1.048000e-05	2.310900e-03	-9.893709e-01
1.049000e-05	6.299579e-02	-1.043607e+00
1.050000e-05	2.395815e-02	-1.262106e+00
1.051000e-05	-5.522272e-02	-1.556818e+00
1.052000e-05	-8.275809e-02	-1.736343e+00
1.053000e-05	-4.143538e-02	-1.759920e+00
1.054000e-05	1.628995e-01	-1.716871e+00
1.055000e-05	-8.667875e-02	-1.905135e+00
1.056000e-05	-1.253777e-01	-2.114085e+00
1.057000e-05	2.032360e-01	-2.104816e+00
1.058000e-05	-5.044775e-02	-2.262533e+00
1.059000e-05	-1.761814e-01	-2.515733e+00
1.060000e-05	1.799580e-01	-2.588946e+00
1.061000e-05	-6.488835e-02	-2.621130e+00
1.062000e-05	-1.814052e-01	-2.812451e+00
1.063000e-05	1.898145e-01	-2.842660e+00
1.064000e-05	-2.636067e-02	-3.061952e+00
1.065000e-05	-6.856585e-02	-3.231550e+00
1.066000e-05	1.019479e-01	-3.254131e+00
1.067000e-05	-1.195233e-01	-3.451426e+00
1.068000e-05	2.483182e-02	-3.547446e+00
1.069000e-05	7.917749e-02	-3.599553e+00
1.070000e-05	-1.302954e-01	-3.778367e+00
1.071000e-05	7.639291e-02	-3.967392e+00
1.072000e-05	5.664712e-02	-3.999475e+00
1.073000e-05	-8.533811e-02	-4.127221e+00
1.074000e-05	5.879468e-02	-4.221082e+00
1.075000e-05	-5.182654e-02	-4.346818e+00
1.076000e-05	-1.741935e-02	-4.440025e+00
1.077000e-05	5.438931e-02	-4.455156e+00
1.078000e-05	-1.488998e-02	-4.642603e+00
1.079000e-05	2.038450e-02	-4.744846e+00
1.080000e-05	-4.663440e-02	-4.791924e+00
1.081000e-05	3.455240e-02	-4.965792e+00
1.082000e-05	1.614047e-02	-5.030500e+00
1.083000e-05	-4.982952e-02	-5.157767e+00
1.084000e-05	3.201063e-02	-5.191499e+00
1.085000e-05	-2.247092e-02	-5.353743e+00
1.086000e-05	2.442827e-02	-5.474162e+00
1.087000e-05	2.942439e-02	-5.549423e+00
1.088000e-05	-5.644897e-02	-5.601005e+00
1.089000e-05	2.579931e-02	-5.694714e+00
1.090000e-05	-2.637537e-03	-5.788395e+00
1.091000e-05	2.595586e-03	-5.882080e+00
1.092000e-05	1.120481e-02	-5.916189e+00
1.093000e-05	-3.451597e-02	-5.999472e+00
1.094000e-05	2.808099e-02	-6.021024e+00
1.095000e-05	2.933015e-03	-6.074263e+00
1.096000e-05	2.147431e-03	-6.190999e+00
1.097000e-05	-7.138324e-03	-6.324108e+00
1.098000e-05	-1.318424e-02	-6.357921e+00
1.099000e-05	2.629784e-02	-6.420476e+00
1.100000e-05	-1.023323e-02	-6.452083e+00
1.101000e-05	1.359588e-03	-6.515808e+00
1.102000e-05	-1.072606e-02	-6.548468e+00
1.103000e-05	3.900529e-03	-6.601000e+00
1.104000e-05	2.190452e-02	-6.640530e+00
1.105000e-05	-1.278156e-02	-6.692738e+00
1.106000e-05	-5.035600e-03	-6.706792e+00
1.107000e-05	-3.438687e-03	-6.767419e+00
1.108000e-05	1.116558e-02	-6.779425e+00
1.109000e-05	6.390606e-03	-6.799925e+00
1.110000e-05	-1.273954e-02	-6.830530e+00
1.111000e-05	-2.336557e-03	-6.880129e+00
1.112000e-05	5.781168e-03	-6.832110e+00
1.113000e-05	8.140725e-03	-6.912784e+00
1.114000e-05	-1.891447e-03	-6.895266e+00
1.115000e-05	-7.768962e-03	-6.937266e+00
1.116000e-05	4.375721e-03	-6.946974e+00
1.117000e-05	5.590747e-03	-6.999892e+00
1.118000e-05	2.206663e-03	-6.978999e+00
1.119000e-05	-1.005151e-02	-7.011676e+00
1.120000e-05	-2.843696e-03	-7.081579e+00
1.121000e-05	9.042573e-03	-6.991120e+00
1.122000e-05	6.023754e-03	-7.053602e+00
1.123000e-05	5.591164e-04	-7.012075e+00
1.124000e-05	-6.108734e-03	-6.990701e+00
1.125000e-05	7.604226e-04	-6.961500e+00
1.126000e-05	5.762662e-03	-6.927971e+00
1.127000e-05	-2.812049e-03	-6.936314e+00
1.128000e-05	-4.816045e-03	-6.896238e+00
1.129000e-05	7.596175e-04	-6.913188e+00
1.130000e-05	9.197894e-03	-6.831178e+00
1.131000e-05	4.881196e-03	-6.821055e+00
1.132000e-05	-1.326806e-03	-6.849501e+00
1.133000e-05	-6.292340e-03	-6.800099e+00
1.134000e-05	1.953354e-03	-6.769472e+00
1.135000e-05	4.650777e-03	-6.726862e+00
1.136000e-05	1.880407e-04	-6.685811e+00
1.137000e-05	-2.435485e-03	-6.682130e+00
1.138000e-05	9.527898e-04	-6.640700e+00
1.139000e-05	4.600500e-03	-6.578895e+00
1.140000e-05	2.684559e-03	-6.506345e+00
1.141000e-05	-3.712137e-03	-6.475736e+00
1.142000e-05	-3.850912e-03	-6.432054e+00
1.143000e-05	2.441530e-03	-6.420474e+00
1.144000e-05	5.149053e-03	-6.328440e+00
1.145000e-05	2.323427e-04	-6.265214e+00
1.146000e-05	-2.621529e-03	-6.160997e+00
1.147000e-05	-9.594700e-04	-6.074365e+00
1.148000e-05	3.762450e-03	-6.031054e+00
1.149000e-05	5.799985e-04	-5.999469e+00
1.150000e-05	-3.757381e-03	-5.935413e+00
1.151000e-05	-3.158412e-03	-5.852081e+00
1.152000e-05	3.790097e-03	-5.779973e+00
1.153000e-05	3.304397e-03	-5.665787e+00
1.154000e-05	-2.299829e-03	-5.610578e+00
1.155000e-05	-4.859619e-03	-5.565971e+00
1.156000e-05	-6.747895e-04	-5.425178e+00
1.157000e-05	3.640667e-03	-5.282288e+00
1.158000e-05	-2.460825e-04	-5.229982e+00
1.159000e-05	-4.806615e-03	-5.144265e+00
1.160000e-05	-2.714036e-03	-5.001578e+00
1.161000e-05	2.886675e-03	-4.885893e+00
1.162000e-05	1.965362e-03	-4.730520e+00
1.163000e-05	-3.599762e-03	-4.671181e+00
1.164000e-05	-4.704764e-03	-4.570025e+00
1.165000e-05	-3.977415e-04	-4.504754e+00
1.166000e-05	2.470331e-03	-4.409577e+00
1.167000e-05	-1.514791e-03	-4.326365e+00
1.168000e-05	-4.891777e-03	-4.221532e+00
1.169000e-05	-3.282377e-03	-4.105842e+00
1.170000e-05	4.101525e-04	-4.010629e+00
1.171000e-05	5.802287e-04	-3.927946e+00
1.172000e-05	-3.760351e-03	-3.779610e+00
1.173000e-05	-3.752605e-03	-3.651103e+00
1.174000e-05	-4.831783e-04	-3.557897e+00
1.175000e-05	1.438416e-03	-3.442703e+00
1.176000e-05	-2.601470e-03	-3.287392e+00
1.177000e-05	-5.524441e-03	-3.182651e+00
1.178000e-05	-3.100333e-03	-3.118393e+00
1.179000e-05	4.201341e-05	-2.938995e+00
1.180000e-05	-1.221425e-03	-2.821055e+00
1.181000e-05	-4.555935e-03	-2.757341e+00
1.182000e-05	-2.856077e-03	-2.589502e+00
1.183000e-05	-1.172785e-03	-2.424233e+00
1.184000e-05	-8.463295e-04	-2.388972e+00
1.185000e-05	-4.251638e-03	-2.233259e+00
1.186000e-05	-3.990694e-03	-2.062187e+00
1.187000e-05	-3.321032e-03	-1.968420e+00
1.188000e-05	-5.927015e-04	-1.843131e+00
1.189000e-05	-5.767350e-03	-1.716312e+00
1.190000e-05	-4.733638e-03	-1.580526e+00
1.191000e-05	-5.235075e-03	-1.472284e+00
1.192000e-05	2.657632e-05	-1.284336e+00
1.193000e-05	-1.280801e-03	-1.117817e+00
1.194000e-05	-2.139297e-03	-1.001103e+00
1.195000e-05	-5.069416e-03	-8.927383e-01
1.196000e-05	-3.516619e-03	-7.374437e-01
1.197000e-05	-3.916079e-03	-5.585265e-01
1.198000e-05	-5.263518e-03	-4.437581e-01
1.199000e-05	-5.721140e-03	-3.368936e-01
1.200000e-05	-4.261059e-03	-2.111300e-01
1.201000e-05	-4.321764e-04	-1.262883e-01
1.202000e-05	1.198425e-03	9.511250e-04
1.203000e-05	5.920972e-05	1.248668e-01
1.204000e-05	-3.825957e-03	3.151607e-01
1.205000e-05	-5.693336e-04	4.105263e-01
1.206000e-05	-1.968928e-03	5.647169e-01
1.207000e-05	-3.520772e-03	6.010776e-01
1.208000e-05	-5.044547e-03	8.174209e-01
1.209000e-05	4.647543e-03	8.320778e-01
1.210000e-05	3.840975e-02	1.020906e+00
1.211000e-05	5.088556e-02	1.230503e+00
1.212000e-05	-4.746233e-02	1.430478e+00
1.213000e-05	-5.951804e-02	1.618501e+00
1.214000e-05	-1.151237e-01	1.715788e+00
1.215000e-05	1.110246e-01	1.758294e+00
1.216000e-05	5.545369e-02	1.925213e+00
1.217000e-05	-1.760504e-01	2.000500e+00
1.218000e-05	6.585968e-02	2.071609e+00
1.219000e-05	1.086575e-01	2.261558e+00
1.220000e-05	-1.273664e-01	2.389472e+00
1.221000e-05	5.432799e-03	2.400524e+00
1.222000e-05	8.651722e-02	2.548373e+00
1.223000e-05	-1.622766e-01	2.778798e+00
1.224000e-05	2.742770e-02	2.822555e+00
1.225000e-05	1.187754e-01	2.977421e+00
1.226000e-05	-8.516614e-02	3.104687e+00
1.227000e-05	7.645488e-03	3.168972e+00
1.228000e-05	8.253135e-03	3.294709e+00
1.229000e-05	-5.580503e-02	3.512554e+00
1.230000e-05	5.316352e-02	3.609447e+00
1.231000e-05	-3.290866e-02	3.664057e+00
1.232000e-05	-3.855556e-02	3.818474e+00
1.233000e-05	6.298930e-02	3.935264e+00
1.234000e-05	-7.691729e-03	4.011499e+00
1.235000e-05	-2.688313e-02	4.084132e+00
1.236000e-05	-1.035023e-02	4.260532e+00
1.237000e-05	-2.063226e-02	4.389472e+00
1.238000e-05	-4.846788e-03	4.463182e+00
1.239000e-05	3.228766e-02	4.557870e+00
1.240000e-05	-2.041289e-03	4.672708e+00
1.241000e-05	-4.662728e-02	4.808346e+00
1.242000e-05	1.066718e-02	4.831054e+00
1.243000e-05	1.711040e-02	4.955897e+00
1.244000e-05	-2.476888e-02	5.085790e+00
1.245000e-05	-1.643823e-02	5.220027e+00
1.246000e-05	-4.796437e-03	5.335745e+00
1.247000e-05	2.902139e-04	5.399474e+00
1.248000e-05	2.317154e-02	5.431079e+00
1.249000e-05	-2.485045e-02	5.555868e+00
1.250000e-05	-2.439564e-02	5.639475e+00
1.251000e-05	-1.866999e-03	5.681633e+00
1.252000e-05	8.015893e-03	5.767971e+00
1.253000e-05	-2.274038e-03	5.874262e+00
1.254000e-05	-2.195099e-02	5.979945e+00
1.255000e-05	-5.501739e-03	6.019601e+00
1.256000e-05	5.535450e-03	6.083183e+00
1.257000e-05	6.152388e-03	6.165841e+00
1.258000e-05	-2.281372e-02	6.199449e+00
1.259000e-05	-1.950997e-02	6.251635e+00
1.260000e-05	-1.445440e-05	6.314738e+00
1.261000e-05	8.034137e-03	6.348417e+00
1.262000e-05	-6.958389e-03	6.411525e+00
1.263000e-05	-1.815893e-02	6.461577e+00
1.264000e-05	-9.957703e-03	6.505263e+00
1.265000e-05	6.338366e-03	6.547398e+00
1.266000e-05	-5.256031e-04	6.578053e+00
1.267000e-05	-1.956157e-02	6.644178e+00
1.268000e-05	-1.700497e-02	6.724793e+00
1.269000e-05	4.371644e-04	6.737921e+00
1.270000e-05	7.441190e-03	6.768399e+00
1.271000e-05	-8.896236e-03	6.789974e+00
1.272000e-05	-1.967047e-02	6.810052e+00
1.273000e-05	-9.008686e-03	6.841077e+00
1.274000e-05	3.207704e-04	6.862707e+00
1.275000e-05	-1.103442e-03	6.892604e+00
1.276000e-05	-1.543726e-02	6.873108e+00
1.277000e-05	-1.064027e-02	6.914636e+00
1.278000e-05	-2.935435e-04	6.905910e+00
1.279000e-05	1.796407e-03	6.904787e+00
1.280000e-05	-1.428552e-02	6.926261e+00
1.281000e-05	-1.768421e-02	6.905735e+00
1.282000e-05	-6.941699e-03	6.936342e+00
1.283000e-05	-2.122616e-04	6.896241e+00
1.284000e-05	-3.750329e-03	6.883285e+00
1.285000e-05	-1.358799e-02	6.904285e+00
1.286000e-05	-8.944393e-03	6.854211e+00
1.287000e-05	-2.046942e-03	6.883762e+00
1.288000e-05	-2.697455e-03	6.864209e+00
1.289000e-05	-1.473408e-02	6.850678e+00
1.290000e-05	-1.421411e-02	6.852604e+00
1.291000e-05	-5.919980e-03	6.811053e+00
1.292000e-05	-1.638832e-03	6.808500e+00
1.293000e-05	-7.531559e-03	6.789520e+00
1.294000e-05	-1.368620e-02	6.758971e+00
1.295000e-05	-1.004210e-02	6.737392e+00
1.296000e-05	-2.243849e-03	6.705865e+00
1.297000e-05	-3.891531e-03	6.631103e+00
1.298000e-05	-1.215722e-02	6.576346e+00
1.299000e-05	-1.278207e-02	6.472807e+00
1.300000e-05	-7.210699e-03	6.441157e+00
1.301000e-05	-3.224236e-03	6.410054e+00
1.302000e-05	-8.219144e-03	6.317470e+00
1.303000e-05	-1.194829e-02	6.316890e+00
1.304000e-05	-8.876133e-03	6.253281e+00
1.305000e-05	-2.780531e-03	6.220604e+00
1.306000e-05	-3.890421e-03	6.138396e+00
1.307000e-05	-1.058555e-02	6.064760e+00
1.308000e-05	-1.184248e-02	6.041153e+00
1.309000e-05	-7.407076e-03	6.010003e+00
1.310000e-05	-4.501626e-03	5.938021e+00
1.311000e-05	-8.634032e-03	5.812132e+00
1.312000e-05	-9.763321e-03	5.725289e+00
1.313000e-05	-8.737591e-03	5.641180e+00
1.314000e-05	-2.006256e-03	5.560501e+00
1.315000e-05	-5.614724e-03	5.484338e+00
1.316000e-05	-8.744131e-03	5.389553e+00
1.317000e-05	-1.186201e-02	5.358396e+00
1.318000e-05	-6.216817e-03	5.234760e+00
1.319000e-05	-3.023758e-03	5.127919e+00
1.320000e-05	-6.850715e-03	5.019680e+00
1.321000e-05	-1.124501e-02	4.844231e+00
1.322000e-05	-7.800644e-03	4.788024e+00
1.323000e-05	-3.206594e-03	4.674865e+00
1.324000e-05	-3.709557e-03	4.620078e+00
1.325000e-05	-8.785266e-03	4.515342e+00
1.326000e-05	-9.632298e-03	4.421678e+00
1.327000e-05	-4.200906e-03	4.377449e+00
1.328000e-05	-3.720870e-03	4.180653e+00
1.329000e-05	-6.014576e-03	4.053758e+00
1.330000e-05	-1.081224e-02	3.968950e+00
1.331000e-05	-7.270053e-03	3.853732e+00
1.332000e-05	-3.555430e-03	3.758495e+00
1.333000e-05	-2.003947e-03	3.693182e+00
1.334000e-05	-9.311487e-03	3.578445e+00
1.335000e-05	-8.160949e-03	3.433686e+00
1.336000e-05	-4.676776e-03	3.295313e+00
1.337000e-05	-3.288127e-03	3.189974e+00
1.338000e-05	-7.507921e-03	3.084257e+00
1.339000e-05	-8.926090e-03	2.997446e+00
1.340000e-05	-5.411734e-03	2.853128e+00
1.341000e-05	-2.999682e-03	2.758440e+00
1.342000e-05	-4.859483e-03	2.602598e+00
1.343000e-05	-8.286933e-03	2.452079e+00
1.344000e-05	-6.884407e-03	2.295916e+00
1.345000e-05	-3.762615e-03	2.210552e+00
1.346000e-05	-2.084638e-03	2.034783e+00
1.347000e-05	-7.432397e-03	1.978526e+00
1.348000e-05	-7.549253e-03	1.893758e+00
1.349000e-05	-5.961557e-03	1.737917e+00
1.350000e-05	-2.345308e-03	1.620655e+00
1.351000e-05	-5.463393e-03	1.434653e+00
1.352000e-05	-7.645234e-03	1.346842e+00
1.353000e-05	-5.805646e-03	1.218995e+00
1.354000e-05	-1.132549e-03	1.061709e+00
1.355000e-05	-2.325663e-03	8.332069e-01
1.356000e-05	-6.972695e-03	7.663710e-01
1.357000e-05	-7.490201e-03	6.195515e-01
1.358000e-05	-4.036691e-03	4.837082e-01
1.359000e-05	-1.043712e-03	3.994238e-01
1.360000e-05	-4.415528e-03	2.121564e-01
1.361000e-05	-6.136481e-03	5.275684e-02
1.362000e-05	-2.905273e-03	-1.315388e-02
1.363000e-05	2.188408e-03	-1.779683e-01
1.364000e-05	5.792175e-04	-3.137354e-01
1.365000e-05	-4.581760e-03	-3.904487e-01
1.366000e-05	-3.285801e-03	-4.951630e-01
1.367000e-05	-1.502557e-03	-6.752102e-01
1.368000e-05	-1.055005e-03	-7.899510e-01
1.369000e-05	-3.597869e-03	-8.842092e-01
1.370000e-05	1.379965e-02	-1.020974e+00
1.371000e-05	8.189976e-02	-1.147237e+00
1.372000e-05	-3.435493e-02	-1.389321e+00
1.373000e-05	-3.985106e-02	-1.641426e+00
1.374000e-05	-1.358017e-01	-1.788372e+00
1.375000e-05	1.021465e-01	-1.778920e+00
1.376000e-05	8.676484e-02	-1.807872e+00
1.377000e-05	-1.776938e-01	-2.008897e+00
1.378000e-05	4.165684e-02	-2.125642e+00
1.379000e-05	1.593728e-01	-2.107220e+00
1.380000e-05	-1.499990e-01	-2.358376e+00
1.381000e-05	-3.663174e-02	-2.557892e+00
1.382000e-05	1.503752e-01	-2.560350e+00
1.383000e-05	-1.618365e-01	-2.746687e+00
1.384000e-05	-4.553205e-02	-2.861579e+00
1.385000e-05	1.777848e-01	-2.884183e+00
1.386000e-05	-1.091440e-01	-3.136746e+00
1.387000e-05	1.670766e-02	-3.253155e+00
1.388000e-05	5.011429e-02	-3.315716e+00
1.389000e-05	-1.366850e-01	-3.515161e+00
1.390000e-05	1.179013e-01	-3.579998e+00
1.391000e-05	-2.631115e-02	-3.622535e+00
1.392000e-05	-8.815791e-02	-3.902079e+00
1.393000e-05	1.320442e-01	-3.969847e+00
1.394000e-05	-3.639707e-02	-4.042583e+00
1.395000e-05	-2.335778e-02	-4.199972e+00
1.396000e-05	4.103974e-02	-4.263610e+00
1.397000e-05	-7.683282e-02	-4.377370e+00
1.398000e-05	3.523618e-02	-4.411999e+00
1.399000e-05	2.560463e-02	-4.566844e+00
1.400000e-05	-5.199216e-03	-4.665208e+00
1.401000e-05	-2.646640e-03	-4.726318e+00
1.402000e-05	-3.457092e-02	-4.905710e+00
1.403000e-05	5.794240e-02	-4.978997e+00
1.404000e-05	-2.779335e-02	-5.073557e+00
1.405000e-05	-2.150755e-02	-5.157470e+00
1.406000e-05	2.688422e-02	-5.222504e+00
1.407000e-05	-2.978905e-02	-5.398520e+00
1.408000e-05	5.859254e-02	-5.488287e+00
1.409000e-05	-2.263656e-02	-5.579947e+00
1.410000e-05	-3.170064e-02	-5.653105e+00
1.411000e-05	3.175532e-02	-5.734792e+00
1.412000e-05	-1.719649e-02	-5.811478e+00
1.413000e-05	2.216191e-02	-5.882683e+00
1.414000e-05	-1.661420e-02	-5.958296e+00
1.415000e-05	-1.357962e-02	-5.989474e+00
1.416000e-05	3.054711e-02	-6.041580e+00
1.417000e-05	-5.423694e-03	-6.104766e+00
1.418000e-05	4.423913e-03	-6.250605e+00
1.419000e-05	-1.985833e-02	-6.296313e+00
1.420000e-05	3.323888e-03	-6.398024e+00
1.421000e-05	1.973371e-02	-6.409550e+00
1.422000e-05	-1.105952e-02	-6.454201e+00
1.423000e-05	3.205998e-03	-6.535841e+00
1.424000e-05	-1.488667e-02	-6.557374e+00
1.425000e-05	1.754233e-02	-6.610501e+00
1.426000e-05	1.077186e-02	-6.643030e+00
1.427000e-05	-1.653680e-02	-6.693891e+00
1.428000e-05	-1.221845e-03	-6.755745e+00
1.429000e-05	-2.974989e-03	-6.788920e+00
1.430000e-05	1.802034e-02	-6.758944e+00
1.431000e-05	-1.208220e-03	-6.780001e+00
1.432000e-05	-1.186248e-02	-6.822078e+00
1.433000e-05	-1.812972e-04	-6.862629e+00
1.434000e-05	5.177024e-03	-6.873109e+00
1.435000e-05	8.051660e-03	-6.863808e+00
1.436000e-05	-7.601921e-03	-6.926313e+00
1.437000e-05	-1.784392e-03	-6.947796e+00
1.438000e-05	5.517241e-03	-6.936471e+00
1.439000e-05	7.939137e-03	-6.949522e+00
1.440000e-05	-3.233986e-03	-7.021995e+00
1.441000e-05	-1.165484e-02	-7.031674e+00
1.442000e-05	1.048743e-03	-7.041451e+00
1.443000e-05	8.196694e-03	-7.018719e+00
1.444000e-05	4.604749e-03	-7.031627e+00
1.445000e-05	-2.515016e-03	-7.042926e+00
1.446000e-05	-3.948867e-03	-6.967451e+00
1.447000e-05	5.151322e-03	-6.949923e+00
1.448000e-05	4.759204e-03	-6.927392e+00
1.449000e-05	-3.944168e-03	-6.956437e+00
1.450000e-05	-6.767736e-03	-6.912213e+00
1.451000e-05	3.031621e-03	-6.884181e+00
1.452000e-05	8.632331e-03	-6.862052e+00
1.453000e-05	3.611161e-03	-6.820052e+00
1.454000e-05	-3.921079e-03	-6.780076e+00
1.455000e-05	-3.190099e-03	-6.778973e+00
1.456000e-05	4.392650e-03	-6.738942e+00
1.457000e-05	4.791268e-03	-6.716363e+00
1.458000e-05	-2.112117e-03	-6.684809e+00
1.459000e-05	-2.335918e-03	-6.642101e+00
1.460000e-05	1.939873e-03	-6.589553e+00
1.461000e-05	5.848462e-03	-6.567917e+00
1.462000e-05	6.791675e-04	-6.505764e+00
1.463000e-05	-4.981175e-03	-6.452232e+00
1.464000e-05	-1.305551e-03	-6.421052e+00
1.465000e-05	4.090218e-03	-6.388448e+00
1.466000e-05	3.763935e-03	-6.303290e+00
1.467000e-05	-2.310952e-03	-6.233133e+00
1.468000e-05	-3.424077e-03	-6.138421e+00
1.469000e-05	1.443290e-03	-6.053683e+00
1.470000e-05	3.317466e-03	-6.010525e+00
1.471000e-05	-8.517582e-05	-5.957946e+00
1.472000e-05	-4.482932e-03	-5.843661e+00
1.473000e-05	-1.302743e-04	-5.811079e+00
1.474000e-05	3.336941e-03	-5.707386e+00
1.475000e-05	2.009189e-03	-5.642231e+00
1.476000e-05	-3.202385e-03	-5.599550e+00
1.477000e-05	-3.646380e-03	-5.517390e+00
1.478000e-05	1.245026e-03	-5.430594e+00
1.479000e-05	3.027311e-03	-5.243107e+00
1.480000e-05	-1.189345e-03	-5.149021e+00
1.481000e-05	-4.695060e-03	-5.062712e+00
1.482000e-05	-6.984252e-04	-4.988550e+00
1.483000e-05	1.878184e-03	-4.851641e+00
1.484000e-05	8.662124e-04	-4.674768e+00
1.485000e-05	-3.943849e-03	-4.651053e+00
1.486000e-05	-2.253170e-03	-4.547866e+00
1.487000e-05	4.916075e-04	-4.441184e+00
1.488000e-05	2.120328e-03	-4.378499e+00
1.489000e-05	-2.490112e-03	-4.305789e+00
1.490000e-05	-3.709844e-03	-4.178499e+00
1.491000e-05	-2.243597e-03	-4.044708e+00
1.492000e-05	7.355147e-04	-3.978524e+00
1.493000e-05	-1.392681e-03	-3.885737e+00
1.494000e-05	-4.622151e-03	-3.746367e+00
1.495000e-05	-3.328245e-03	-3.590027e+00
1.496000e-05	-5.265417e-04	-3.567392e+00
1.497000e-05	1.068194e-03	-3.390573e+00
1.498000e-05	-4.062250e-03	-3.273737e+00
1.499000e-05	-3.408380e-03	-3.200025e+00
1.500000e-05	-3.549662e-03	-3.063739e+00
1.501000e-05	1.280616e-03	-2.843264e+00
1.502000e-05	-4.373350e-03	-2.810023e+00
1.503000e-05	-3.668002e-03	-2.684787e+00
1.504000e-05	-3.871622e-03	-2.556820e+00
1.505000e-05	-3.648666e-04	-2.423079e+00
1.506000e-05	-1.248094e-03	-2.336366e+00
1.507000e-05	-2.650819e-03	-2.135922e+00
1.508000e-05	-4.907028e-03	-2.011077e+00
1.509000e-05	-2.622490e-03	-1.925818e+00
1.510000e-05	-2.691981e-03	-1.791023e+00
1.511000e-05	-4.091780e-03	-1.674781e+00
1.512000e-05	-6.181127e-03	-1.560922e+00
1.513000e-05	-3.983043e-03	-1.429581e+00
1.514000e-05	-1.116413e-03	-1.200634e+00
1.515000e-05	-6.365751e-04	-1.075234e+00
1.516000e-05	-3.842589e-03	-9.489224e-01
1.517000e-05	-4.881386e-03	-8.216053e-01
1.518000e-05	-3.215098e-03	-7.478159e-01
1.519000e-05	-3.290748e-03	-5.568462e-01
1.520000e-05	-4.955529e-03	-3.910263e-01
1.521000e-05	-6.729860e-03	-3.047419e-01
1.522000e-05	-2.189269e-03	-1.584474e-01
1.523000e-05	6.617501e-05	-6.263165e-02
1.524000e-05	2.853759e-03	3.060639e-02
1.525000e-05	-2.757564e-03	2.210035e-01
1.526000e-05	-1.532774e-03	3.583895e-01
1.527000e-05	-1.822325e-03	4.520538e-01
1.528000e-05	-2.442621e-03	5.783433e-01
1.529000e-05	-4.577741e-03	7.137316e-01
1.530000e-05	-3.627725e-03	7.914788e-01
1.531000e-05	1.253945e-02	8.421092e-01
1.532000e-05	5.803454e-02	1.146337e+00
1.533000e-05	1.349087e-02	1.325188e+00
1.534000e-05	-5.262882e-02	1.563162e+00
1.535000e-05	-8.295928e-02	1.654667e+00
1.536000e-05	-7.133720e-02	1.736743e+00
1.537000e-05	1.657693e-01	1.799999e+00
1.538000e-05	-5.097938e-02	1.968396e+00
1.539000e-05	-1.674516e-01	2.000028e+00
1.540000e-05	1.852969e-01	2.114737e+00
1.541000e-05	-1.424250e-02	2.314138e+00
1.542000e-05	-1.375315e-01	2.399497e+00
1.543000e-05	1.138002e-01	2.411053e+00
1.544000e-05	-3.204471e-02	2.681580e+00
1.545000e-05	-1.434391e-01	2.798975e+00
1.546000e-05	1.356991e-01	2.872583e+00
1.547000e-05	2.025118e-02	2.981975e+00
1.548000e-05	-7.284302e-02	3.135816e+00
1.549000e-05	4.289532e-02	3.230029e+00
1.550000e-05	-4.747467e-02	3.416247e+00
1.551000e-05	-5.761730e-03	3.464711e+00
1.552000e-05	3.366121e-02	3.620451e+00
1.553000e-05	-5.251513e-02	3.745863e+00
1.554000e-05	-5.449354e-04	3.803531e+00
1.555000e-05	5.603287e-02	3.967340e+00
1.556000e-05	-3.485204e-02	4.000604e+00
1.557000e-05	-1.487221e-02	4.197393e+00
1.558000e-05	-1.090872e-02	4.336287e+00
1.559000e-05	-2.298725e-02	4.409024e+00
1.560000e-05	1.352302e-02	4.514738e+00
1.561000e-05	2.611679e-02	4.568422e+00
1.562000e-05	-2.140222e-02	4.715711e+00
1.563000e-05	-4.143090e-02	4.808972e+00
1.564000e-05	3.527067e-02	4.853633e+00
1.565000e-05	-8.191581e-03	5.049096e+00
1.566000e-05	-2.340417e-02	5.155820e+00
1.567000e-05	-1.037516e-02	5.281579e+00
1.568000e-05	-5.396416e-03	5.367927e+00
1.569000e-05	1.343060e-02	5.399526e+00
1.570000e-05	9.077544e-03	5.475735e+00
1.571000e-05	-3.206938e-02	5.578474e+00
1.572000e-05	-1.578159e-02	5.651051e+00
1.573000e-05	5.743888e-03	5.705840e+00
1.574000e-05	3.036432e-03	5.830028e+00
1.575000e-05	-9.762127e-03	5.944740e+00
1.576000e-05	-1.984898e-02	5.988925e+00
1.577000e-05	2.161329e-03	6.041005e+00
1.578000e-05	8.397991e-03	6.105240e+00
1.579000e-05	-3.804237e-03	6.198870e+00
1.580000e-05	-2.558077e-02	6.219029e+00
1.581000e-05	-1.171715e-02	6.261633e+00
1.582000e-05	7.683436e-03	6.316291e+00
1.583000e-05	-1.163532e-04	6.368420e+00
1.584000e-05	-1.214020e-02	6.411001e+00
1.585000e-05	-1.772717e-02	6.465679e+00
1.586000e-05	3.025182e-04	6.535263e+00
1.587000e-05	7.043965e-03	6.585000e+00
1.588000e-05	-1.024931e-02	6.611077e+00
1.589000e-05	-2.115067e-02	6.693582e+00
1.590000e-05	-1.007901e-02	6.785920e+00
1.591000e-05	7.110431e-03	6.757923e+00
1.592000e-05	4.341271e-04	6.778474e+00
1.593000e-05	-1.444382e-02	6.789550e+00
1.594000e-05	-1.754006e-02	6.821525e+00
1.595000e-05	-1.864314e-04	6.842607e+00
1.596000e-05	3.500098e-04	6.832127e+00
1.597000e-05	-8.716822e-03	6.883582e+00
1.598000e-05	-1.679426e-02	6.882683e+00
1.599000e-05	-7.471304e-03	6.906260e+00
1.600000e-05	3.102429e-03	6.904884e+00
1.601000e-05	-4.973274e-03	6.915339e+00
1.602000e-05	-1.587160e-02	6.935762e+00
1.603000e-05	-1.534035e-02	6.884814e+00
1.604000e-05	-2.512913e-04	6.916868e+00
1.605000e-05	-9.766068e-04	6.914866e+00
1.606000e-05	-8.905864e-03	6.904265e+00
1.607000e-05	-1.540848e-02	6.884712e+00
1.608000e-05	-7.201301e-03	6.903763e+00
1.609000e-05	-2.815211e-04	6.863682e+00
1.610000e-05	-8.131189e-03	6.852154e+00
1.611000e-05	-1.474139e-02	6.831079e+00
1.612000e-05	-1.090621e-02	6.852078e+00
1.613000e-05	6.531372e-04	6.830050e+00
1.614000e-05	-2.974351e-03	6.810000e+00
1.615000e-05	-1.045101e-02	6.778973e+00
1.616000e-05	-1.585209e-02	6.758366e+00
1.617000e-05	-6.914067e-03	6.734370e+00
1.618000e-05	-2.251306e-03	6.675258e+00
1.619000e-05	-8.138571e-03	6.620551e+00
1.620000e-05	-1.167430e-02	6.576366e+00
1.621000e-05	-1.074278e-02	6.472706e+00
1.622000e-05	-1.640739e-03	6.441553e+00
1.623000e-05	-7.311133e-03	6.409504e+00
1.624000e-05	-9.247343e-03	6.367397e+00
1.625000e-05	-1.323735e-02	6.253337e+00
1.626000e-05	-3.182871e-03	6.242156e+00
1.627000e-05	-4.082626e-03	6.210026e+00
1.628000e-05	-8.924304e-03	6.138337e+00
1.629000e-05	-1.246664e-02	6.061262e+00
1.630000e-05	-1.030524e-02	6.012053e+00
1.631000e-05	-3.847784e-03	5.988999e+00
1.632000e-05	-5.156886e-03	5.896359e+00
1.633000e-05	-9.203100e-03	5.758944e+00
1.634000e-05	-9.732528e-03	5.682232e+00
1.635000e-05	-3.360630e-03	5.610025e+00
1.636000e-05	-4.113045e-03	5.546870e+00
1.637000e-05	-8.414228e-03	5.493235e+00
1.638000e-05	-1.358557e-02	5.389550e+00
1.639000e-05	-7.836366e-03	5.347891e+00
1.640000e-05	-4.283355e-03	5.242077e+00
1.641000e-05	-3.741642e-03	5.115338e+00
1.642000e-05	-8.696578e-03	4.961022e+00
1.643000e-05	-8.652943e-03	4.840577e+00
1.644000e-05	-3.024968e-03	4.807943e+00
1.645000e-05	-5.140583e-03	4.632832e+00
1.646000e-05	-8.977473e-03	4.589519e+00
1.647000e-05	-1.225825e-02	4.471712e+00
1.648000e-05	-6.205426e-03	4.398499e+00
1.649000e-05	-3.265611e-03	4.325439e+00
1.650000e-05	-3.948138e-03	4.176450e+00
1.651000e-05	-7.957593e-03	4.041251e+00
1.652000e-05	-8.065145e-03	3.967892e+00
1.653000e-05	-5.113271e-03	3.841580e+00
1.654000e-05	-4.732191e-03	3.708471e+00
1.655000e-05	-6.855394e-03	3.651627e+00
1.656000e-05	-9.230608e-03	3.566923e+00
1.657000e-05	-7.020292e-03	3.356551e+00
1.658000e-05	-3.100070e-03	3.270657e+00
1.659000e-05	-3.245690e-03	3.138419e+00
1.660000e-05	-7.412838e-03	3.041678e+00
1.661000e-05	-8.244052e-03	2.914367e+00
1.662000e-05	-5.267731e-03	2.800598e+00
1.663000e-05	-3.950937e-03	2.736311e+00
1.664000e-05	-6.579755e-03	2.566347e+00
1.665000e-05	-8.601575e-03	2.420528e+00
1.666000e-05	-5.384765e-03	2.296817e+00
1.667000e-05	-2.339510e-03	2.178473e+00
1.668000e-05	-3.703741e-03	2.091156e+00
1.669000e-05	-8.103222e-03	1.946474e+00
1.670000e-05	-6.606541e-03	1.802679e+00
1.671000e-05	-4.965370e-03	1.652208e+00
1.672000e-05	-3.193017e-03	1.505990e+00
1.673000e-05	-5.933029e-03	1.417531e+00
1.674000e-05	-7.141695e-03	1.254208e+00
1.675000e-05	-5.394059e-03	1.188441e+00
1.676000e-05	-2.337381e-03	9.579939e-01
1.677000e-05	-3.847871e-03	8.395477e-01
1.678000e-05	-6.671435e-03	6.927821e-01
1.679000e-05	-5.806510e-03	5.674461e-01
1.680000e-05	-3.515957e-03	4.431042e-01
1.681000e-05	-3.352778e-03	3.459434e-01
1.682000e-05	-5.274613e-03	1.075487e-01
1.683000e-05	-4.624483e-03	3.055288e-02
1.684000e-05	-6.705010e-04	-1.157105e-01
1.685000e-05	3.605251e-03	-2.109763e-01
1.686000e-05	-7.857488e-04	-3.572695e-01
1.687000e-05	-3.011389e-03	-4.120288e-01
1.688000e-05	-3.005886e-03	-5.748496e-01
1.689000e-05	-8.161904e-04	-7.377679e-01
1.690000e-05	-2.021741e-03	-8.214801e-01
1.691000e-05	-1.304529e-03	-9.577919e-01
1.692000e-05	3.821975e-02	-1.021052e+00
1.693000e-05	6.265326e-02	-1.178877e+00
1.694000e-05	-5.854876e-02	-1.473607e+00
1.695000e-05	-4.956288e-02	-1.705687e+00
1.696000e-05	-1.220044e-01	-1.758899e+00
1.697000e-05	1.732663e-01	-1.707371e+00
1.698000e-05	-1.060856e-02	-1.821502e+00
1.699000e-05	-1.890000e-01	-2.082580e+00
1.700000e-05	1.799345e-01	-2.134312e+00
1.701000e-05	4.088541e-02	-2.238898e+00
1.702000e-05	-2.055978e-01	-2.471084e+00
1.703000e-05	1.260760e-01	-2.578423e+00
1.704000e-05	3.320507e-02	-2.620552e+00
1.705000e-05	-2.103393e-01	-2.779447e+00
1.706000e-05	1.151294e-01	-2.841157e+00
1.707000e-05	7.063792e-02	-3.008872e+00
1.708000e-05	-1.095489e-01	-3.209475e+00
1.709000e-05	8.790012e-02	-3.243760e+00
1.710000e-05	-5.311472e-02	-3.408850e+00
1.711000e-05	-6.124472e-02	-3.577943e+00
1.712000e-05	1.289177e-01	-3.589975e+00
1.713000e-05	-1.127905e-01	-3.707265e+00
1.714000e-05	5.042046e-03	-3.915241e+00
1.715000e-05	1.132229e-01	-3.988447e+00
1.716000e-05	-9.324881e-02	-4.085737e+00
1.717000e-05	3.979555e-02	-4.229975e+00
1.718000e-05	-9.226269e-03	-4.283236e+00
1.719000e-05	-5.492016e-02	-4.419925e+00
1.720000e-05	5.966294e-02	-4.414103e+00
1.721000e-05	-6.504817e-03	-4.649896e+00
1.722000e-05	1.607861e-02	-4.715761e+00
1.723000e-05	-3.288500e-02	-4.759472e+00
1.724000e-05	3.287896e-03	-4.926341e+00
1.725000e-05	4.496786e-02	-4.999426e+00
1.726000e-05	-5.118729e-02	-5.125687e+00
1.727000e-05	1.654407e-02	-5.169424e+00
1.728000e-05	-2.425711e-03	-5.265085e+00
1.729000e-05	-5.450907e-03	-5.421131e+00
1.730000e-05	5.662758e-02	-5.535390e+00
1.731000e-05	-5.558867e-02	-5.590448e+00
1.732000e-05	4.696678e-03	-5.653612e+00
1.733000e-05	1.481898e-02	-5.727445e+00
1.734000e-05	-1.167268e-02	-5.862553e+00
1.735000e-05	2.694793e-02	-5.936261e+00
1.736000e-05	-3.471516e-02	-5.977846e+00
1.737000e-05	1.510149e-02	-6.010526e+00
1.738000e-05	1.330583e-02	-6.082587e+00
1.739000e-05	-3.111238e-03	-6.158470e+00
1.740000e-05	-2.011584e-03	-6.283161e+00
1.741000e-05	-2.057567e-02	-6.296265e+00
1.742000e-05	2.179013e-02	-6.398972e+00
1.743000e-05	3.127646e-03	-6.422053e+00
1.744000e-05	-2.013673e-03	-6.474209e+00
1.745000e-05	-2.911877e-03	-6.504888e+00
1.746000e-05	-6.656494e-03	-6.570997e+00
1.747000e-05	2.064285e-02	-6.622026e+00
1.748000e-05	-6.018475e-03	-6.664209e+00
1.749000e-05	-9.713370e-03	-6.714840e+00
1.750000e-05	-4.073778e-05	-6.747942e+00
1.751000e-05	5.957499e-03	-6.768924e+00
1.752000e-05	1.562449e-02	-6.790549e+00
1.753000e-05	-7.809919e-03	-6.801525e+00
1.754000e-05	-7.534757e-03	-6.860055e+00
1.755000e-05	2.191328e-03	-6.862629e+00
1.756000e-05	4.901984e-03	-6.892586e+00
1.757000e-05	2.867137e-03	-6.905786e+00
1.758000e-05	-8.437517e-03	-6.958436e+00
1.759000e-05	2.248107e-03	-6.966926e+00
1.760000e-05	6.613670e-03	-6.988018e+00
1.761000e-05	6.150282e-03	-6.997950e+00
1.762000e-05	-5.495907e-03	-7.010119e+00
1.763000e-05	-7.964930e-03	-7.031534e+00
1.764000e-05	5.152020e-03	-6.987698e+00
1.765000e-05	5.323773e-03	-7.027499e+00
1.766000e-05	2.327452e-03	-7.000685e+00
1.767000e-05	-4.219601e-03	-6.980475e+00
1.768000e-05	-3.741412e-04	-6.989902e+00
1.769000e-05	6.617827e-03	-6.967498e+00
1.770000e-05	1.363873e-03	-6.969396e+00
1.771000e-05	-5.208905e-03	-6.896316e+00
1.772000e-05	-4.276179e-03	-6.916233e+00
1.773000e-05	5.492948e-03	-6.874133e+00
1.774000e-05	5.123151e-03	-6.831059e+00
1.775000e-05	9.198005e-04	-6.831552e+00
1.776000e-05	-3.849220e-03	-6.809999e+00
1.777000e-05	1.386517e-03	-6.789499e+00
1.778000e-05	5.876647e-03	-6.746894e+00
1.779000e-05	2.211848e-03	-6.716789e+00
1.780000e-05	-3.551434e-03	-6.662683e+00
1.781000e-05	-3.010439e-03	-6.640603e+00
1.782000e-05	2.245385e-03	-6.569524e+00
1.783000e-05	4.267118e-03	-6.576917e+00
1.784000e-05	1.379822e-04	-6.515139e+00
1.785000e-05	-2.575460e-03	-6.444203e+00
1.786000e-05	2.255029e-03	-6.389499e+00
1.787000e-05	3.389683e-03	-6.318297e+00
1.788000e-05	1.416186e-03	-6.315385e+00
1.789000e-05	-4.698785e-03	-6.240453e+00
1.790000e-05	-1.853465e-03	-6.127187e+00
1.791000e-05	2.295048e-03	-6.051053e+00
1.792000e-05	2.670044e-03	-5.979499e+00
1.793000e-05	-1.873858e-04	-5.907386e+00
1.794000e-05	-2.382824e-03	-5.852633e+00
1.795000e-05	1.800559e-03	-5.799948e+00
1.796000e-05	1.701414e-03	-5.693836e+00
1.797000e-05	-5.828596e-04	-5.641502e+00
1.798000e-05	-3.172329e-03	-5.579970e+00
1.799000e-05	-2.173978e-03	-5.441211e+00
1.800000e-05	2.542102e-03	-5.306943e+00
1.801000e-05	1.448842e-03	-5.250104e+00
1.802000e-05	-1.921417e-03	-5.148416e+00
1.803000e-05	-3.494906e-03	-5.012079e+00
1.804000e-05	-3.327079e-04	-4.926365e+00
1.805000e-05	8.078990e-04	-4.761698e+00
1.806000e-05	-5.029996e-04	-4.686191e+00
1.807000e-05	-3.380331e-03	-4.591153e+00
1.808000e-05	-1.687177e-03	-4.526343e+00
1.809000e-05	8.938531e-04	-4.420078e+00
1.810000e-05	5.448216e-05	-4.368474e+00
1.811000e-05	-3.107018e-03	-4.263632e+00
1.812000e-05	-3.115457e-03	-4.147935e+00
1.813000e-05	-4.496209e-04	-4.032082e+00
1.814000e-05	7.776334e-04	-3.958447e+00
1.815000e-05	-2.368347e-03	-3.841232e+00
1.816000e-05	-4.686836e-03	-3.674732e+00
1.817000e-05	-2.396195e-03	-3.578949e+00
1.818000e-05	4.912759e-04	-3.505284e+00
1.819000e-05	-1.094387e-03	-3.357371e+00
1.820000e-05	-3.918274e-03	-3.233061e+00
1.821000e-05	-3.995662e-03	-3.158967e+00
1.822000e-05	-1.115272e-03	-3.010127e+00
1.823000e-05	9.993085e-05	-2.841581e+00
1.824000e-05	-4.491576e-03	-2.737866e+00
1.825000e-05	-4.512121e-03	-2.620103e+00
1.826000e-05	-3.867527e-03	-2.496237e+00
1.827000e-05	-2.758563e-04	-2.410000e+00
1.828000e-05	-3.002969e-03	-2.295860e+00
1.829000e-05	-4.109967e-03	-2.094211e+00
1.830000e-05	-5.200606e-03	-1.989501e+00
1.831000e-05	-1.594754e-03	-1.835813e+00
1.832000e-05	-3.212227e-03	-1.767816e+00
1.833000e-05	-3.131330e-03	-1.619603e+00
1.834000e-05	-7.592110e-03	-1.546419e+00
1.835000e-05	-1.467444e-03	-1.324991e+00
1.836000e-05	-1.848714e-03	-1.178996e+00
1.837000e-05	-4.015839e-04	-1.010129e+00
1.838000e-05	-6.004084e-03	-9.562659e-01
1.839000e-05	-3.787660e-03	-8.110775e-01
1.840000e-05	-3.909072e-03	-6.527095e-01
1.841000e-05	-3.465233e-03	-4.947132e-01
1.842000e-05	-5.476311e-03	-3.984736e-01
1.843000e-05	-5.457337e-03	-2.536292e-01
1.844000e-05	-1.379443e-03	-1.453922e-01
1.845000e-05	-3.423037e-04	-1.003007e-02
1.846000e-05	2.640778e-03	1.046870e-01
1.847000e-05	-3.920861e-03	2.636828e-01
1.848000e-05	-3.398237e-04	3.789224e-01
1.849000e-05	-3.450607e-03	5.042079e-01
1.850000e-05	-3.015527e-03	6.104798e-01
1.851000e-05	-4.341059e-03	7.268420e-01
1.852000e-05	1.405627e-03	8.010039e-01
1.853000e-05	2.444928e-02	9.663132e-01
1.854000e-05	6.203965e-02	1.219476e+00
1.855000e-05	-2.757679e-02	1.376896e+00
1.856000e-05	-5.086336e-02	1.597792e+00
1.857000e-05	-1.094353e-01	1.706292e+00
1.858000e-05	2.829782e-02	1.738867e+00
1.859000e-05	1.237691e-01	1.853505e+00
1.860000e-05	-1.359749e-01	2.009474e+00
1.861000e-05	-4.655831e-02	2.013079e+00
1.862000e-05	1.735055e-01	2.198496e+00
1.863000e-05	-9.540515e-02	2.348820e+00
1.864000e-05	-7.884582e-02	2.389473e+00
1.865000e-05	1.385431e-01	2.494164e+00
1.866000e-05	-1.278299e-01	2.755341e+00
1.867000e-05	-6.297445e-02	2.830528e+00
1.868000e-05	1.590799e-01	2.926339e+00
1.869000e-05	-5.839486e-02	3.043204e+00
1.870000e-05	-2.656329e-02	3.158346e+00
1.871000e-05	3.835737e-02	3.242056e+00
1.872000e-05	-7.269315e-02	3.380975e+00
1.873000e-05	4.042307e-02	3.558470e+00
1.874000e-05	-3.169375e-03	3.663079e+00
1.875000e-05	-5.274970e-02	3.767922e+00
1.876000e-05	4.033901e-02	3.883110e+00
1.877000e-05	2.075242e-02	3.977972e+00
1.878000e-05	-3.276724e-02	4.032633e+00
1.879000e-05	-9.186668e-03	4.198050e+00
1.880000e-05	-1.679555e-02	4.387291e+00
1.881000e-05	-1.627430e-02	4.432033e+00
1.882000e-05	3.017445e-02	4.566792e+00
1.883000e-05	1.259616e-02	4.632527e+00
1.884000e-05	-3.978569e-02	4.728297e+00
1.885000e-05	-1.622643e-02	4.799502e+00
1.886000e-05	3.241128e-02	4.904666e+00
1.887000e-05	-2.177147e-02	5.040655e+00
1.888000e-05	-1.876702e-02	5.209474e+00
1.889000e-05	-6.533720e-03	5.285186e+00
1.890000e-05	-5.279843e-03	5.387945e+00
1.891000e-05	2.529403e-02	5.422577e+00
1.892000e-05	-1.161809e-02	5.484764e+00
1.893000e-05	-2.972019e-02	5.599446e+00
1.894000e-05	-9.598563e-03	5.643653e+00
1.895000e-05	8.775383e-03	5.778844e+00
1.896000e-05	1.288368e-03	5.842178e+00
1.897000e-05	-1.839016e-02	5.946344e+00
1.898000e-05	-1.343918e-02	5.999472e+00
1.899000e-05	4.538750e-03	6.063659e+00
1.900000e-05	9.048737e-03	6.104867e+00
1.901000e-05	-1.574628e-02	6.168995e+00
1.902000e-05	-2.332350e-02	6.242133e+00
1.903000e-05	-5.288839e-03	6.335690e+00
1.904000e-05	1.062505e-02	6.347344e+00
1.905000e-05	-4.489772e-03	6.390474e+00
1.906000e-05	-1.563931e-02	6.430502e+00
1.907000e-05	-1.598955e-02	6.483110e+00
1.908000e-05	4.210372e-03	6.549391e+00
1.909000e-05	4.782345e-03	6.587972e+00
1.910000e-05	-1.668704e-02	6.670650e+00
1.911000e-05	-1.908481e-02	6.694712e+00
1.912000e-05	-4.523039e-03	6.786972e+00
1.913000e-05	9.339104e-03	6.769498e+00
1.914000e-05	-5.227065e-03	6.789500e+00
1.915000e-05	-1.810673e-02	6.790025e+00
1.916000e-05	-1.369594e-02	6.811577e+00
1.917000e-05	1.142087e-03	6.841082e+00
1.918000e-05	-8.320086e-04	6.850628e+00
1.919000e-05	-1.263259e-02	6.833104e+00
1.920000e-05	-1.446211e-02	6.884709e+00
1.921000e-05	-3.629111e-03	6.884837e+00
1.922000e-05	4.256652e-03	6.883815e+00
1.923000e-05	-1.007452e-02	6.914213e+00
1.924000e-05	-1.775949e-02	6.883893e+00
1.925000e-05	-1.136533e-02	6.906840e+00
1.926000e-05	5.550322e-04	6.916291e+00
1.927000e-05	-1.328562e-03	6.884237e+00
1.928000e-05	-1.095304e-02	6.886239e+00
1.929000e-05	-1.299869e-02	6.904257e+00
1.930000e-05	-4.217120e-03	6.874686e+00
1.931000e-05	-6.063428e-04	6.842680e+00
1.932000e-05	-1.224030e-02	6.853554e+00
1.933000e-05	-1.577828e-02	6.820507e+00
1.934000e-05	-8.588178e-03	6.811103e+00
1.935000e-05	6.435650e-04	6.810578e+00
1.936000e-05	-4.940752e-03	6.789000e+00
1.937000e-05	-1.250648e-02	6.756920e+00
1.938000e-05	-1.247578e-02	6.735944e+00
1.939000e-05	-2.652492e-03	6.717892e+00
1.940000e-05	-3.378588e-03	6.601977e+00
1.941000e-05	-1.173219e-02	6.529445e+00
1.942000e-05	-1.459705e-02	6.505711e+00
1.943000e-05	-8.103591e-03	6.441204e+00
1.944000e-05	-6.907976e-04	6.421078e+00
1.945000e-05	-5.201153e-03	6.389496e+00
1.946000e-05	-1.154486e-02	6.326839e+00
1.947000e-05	-1.027849e-02	6.272662e+00
1.948000e-05	-2.880622e-03	6.241107e+00
1.949000e-05	-4.265832e-03	6.179002e+00
1.950000e-05	-1.326521e-02	6.145315e+00
1.951000e-05	-1.292403e-02	6.063154e+00
1.952000e-05	-6.497611e-03	6.020001e+00
1.953000e-05	2.964404e-05	5.959522e+00
1.954000e-05	-7.554994e-03	5.845705e+00
1.955000e-05	-9.847849e-03	5.716492e+00
1.956000e-05	-8.315436e-03	5.662133e+00
1.957000e-05	-1.245315e-03	5.609997e+00
1.958000e-05	-8.151792e-03	5.525917e+00
1.959000e-05	-1.202410e-02	5.431584e+00
1.960000e-05	-1.222177e-02	5.367518e+00
1.961000e-05	-2.669597e-03	5.293787e+00
1.962000e-05	-2.244304e-03	5.210548e+00
1.963000e-05	-6.688399e-03	5.032256e+00
1.964000e-05	-1.105220e-02	4.935741e+00
1.965000e-05	-6.695743e-03	4.810602e+00
1.966000e-05	-4.948161e-03	4.705869e+00
1.967000e-05	-6.292329e-03	4.631129e+00
1.968000e-05	-1.121710e-02	4.547395e+00
1.969000e-05	-7.535792e-03	4.431656e+00
1.970000e-05	-3.656620e-03	4.358476e+00
1.971000e-05	-2.809612e-03	4.275637e+00
1.972000e-05	-8.390578e-03	4.085893e+00
1.973000e-05	-8.918250e-03	4.000025e+00
1.974000e-05	-4.949571e-03	3.905837e+00
1.975000e-05	-4.163900e-03	3.789553e+00
1.976000e-05	-7.685043e-03	3.705736e+00
1.977000e-05	-9.899230e-03	3.600024e+00
1.978000e-05	-6.340720e-03	3.496886e+00
1.979000e-05	-3.415337e-03	3.303420e+00
1.980000e-05	-3.680956e-03	3.220477e+00
1.981000e-05	-6.368673e-03	3.075842e+00
1.982000e-05	-7.654221e-03	2.990026e+00
1.983000e-05	-4.617480e-03	2.861232e+00
1.984000e-05	-5.643646e-03	2.798524e+00
1.985000e-05	-8.040979e-03	2.644205e+00
1.986000e-05	-8.370578e-03	2.543812e+00
1.987000e-05	-4.146875e-03	2.378472e+00
1.988000e-05	-1.693749e-03	2.261654e+00
1.989000e-05	-4.550465e-03	2.114839e+00
1.990000e-05	-8.319140e-03	2.012075e+00
1.991000e-05	-7.663123e-03	1.916792e+00
1.992000e-05	-4.484309e-03	1.778941e+00
1.993000e-05	-4.039674e-03	1.672179e+00
1.994000e-05	-5.963085e-03	1.485214e+00
1.995000e-05	-5.643422e-03	1.349441e+00
1.996000e-05	-4.100503e-03	1.231130e+00
1.997000e-05	-3.033572e-03	1.104758e+00
1.998000e-05	-5.662101e-03	9.052621e-01
1.999000e-05	-6.898967e-03	7.784225e-01
2.000000e-05	-4.925831e-03	6.311806e-01
2.001000e-05	-3.098678e-03	5.382647e-01
2.002000e-05	-2.592297e-03	4.090501e-01
2.003000e-05	-5.932171e-03	2.526382e-01
2.004000e-05	-6.817141e-03	6.478855e-02
2.005000e-05	-2.567178e-03	9.447497e-03
2.006000e-05	3.176677e-04	-1.593695e-01
2.007000e-05	8.540663e-04	-2.536326e-01
2.008000e-05	-3.317729e-03	-3.798447e-01
2.009000e-05	-7.865828e-04	-4.641052e-01
2.010000e-05	-1.848599e-03	-5.815786e-01
2.011000e-05	-1.417642e-03	-7.493709e-01
2.012000e-05	-5.082051e-03	-8.631302e-01
2.013000e-05	5.213696e-03	-9.384234e-01
2.014000e-05	7.078589e-02	-1.072184e+00
2.015000e-05	6.272961e-03	-1.293539e+00
2.016000e-05	-5.131049e-02	-1.589947e+00
2.017000e-05	-9.870673e-02	-1.777818e+00
2.018000e-05	-2.153562e-03	-1.787971e+00
2.019000e-05	1.462983e-01	-1.777820e+00
2.020000e-05	-1.107585e-01	-1.935793e+00
2.021000e-05	-8.420106e-02	-2.047609e+00
2.022000e-05	1.957938e-01	-2.075238e+00
2.023000e-05	-7.958091e-02	-2.283585e+00
2.024000e-05	-1.500662e-01	-2.545820e+00
2.025000e-05	1.772365e-01	-2.557947e+00
2.026000e-05	-9.497622e-02	-2.694104e+00
2.027000e-05	-1.558215e-01	-2.830076e+00
2.028000e-05	1.910638e-01	-2.862662e+00
2.029000e-05	-5.618283e-02	-3.033114e+00
2.030000e-05	-4.849141e-02	-3.223054e+00
2.031000e-05	9.463932e-02	-3.253135e+00
2.032000e-05	-1.318067e-01	-3.441505e+00
2.033000e-05	5.463192e-02	-3.599471e+00
2.034000e-05	5.388317e-02	-3.601029e+00
2.035000e-05	-1.267820e-01	-3.807376e+00
2.036000e-05	9.657359e-02	-3.978444e+00
2.037000e-05	3.244742e-02	-4.010453e+00
2.038000e-05	-7.367442e-02	-4.127845e+00
2.039000e-05	5.809474e-02	-4.223579e+00
2.040000e-05	-6.095921e-02	-4.357343e+00
2.041000e-05	-1.543918e-03	-4.410025e+00
2.042000e-05	5.018013e-02	-4.514260e+00
2.043000e-05	-1.508474e-02	-4.652610e+00
2.044000e-05	1.488740e-02	-4.717322e+00
2.045000e-05	-4.664997e-02	-4.841002e+00
2.046000e-05	4.347970e-02	-4.957948e+00
2.047000e-05	4.202309e-03	-5.041078e+00
2.048000e-05	-4.567761e-02	-5.135797e+00
2.049000e-05	3.436239e-02	-5.180978e+00
2.050000e-05	-2.630601e-02	-5.315841e+00
2.051000e-05	3.557038e-02	-5.522711e+00
2.052000e-05	1.513126e-02	-5.568996e+00
2.053000e-05	-5.322199e-02	-5.612005e+00
2.054000e-05	2.919535e-02	-5.695257e+00
2.055000e-05	-8.120320e-03	-5.798446e+00
2.056000e-05	9.681977e-03	-5.854784e+00
2.057000e-05	5.746242e-03	-5.956243e+00
2.058000e-05	-2.979689e-02	-5.998975e+00
2.059000e-05	2.994790e-02	-6.020551e+00
2.060000e-05	-1.435615e-03	-6.026743e+00
2.061000e-05	2.241715e-03	-6.221128e+00
2.062000e-05	-1.263864e-02	-6.276312e+00
2.063000e-05	-9.278459e-03	-6.396919e+00
2.064000e-05	2.730280e-02	-6.400024e+00
2.065000e-05	-1.016176e-02	-6.452504e+00
2.066000e-05	3.780651e-03	-6.485311e+00
2.067000e-05	-1.228082e-02	-6.557892e+00
2.068000e-05	5.844530e-03	-6.580000e+00
2.069000e-05	1.894137e-02	-6.652104e+00
2.070000e-05	-1.478896e-02	-6.674312e+00
2.071000e-05	-2.504226e-03	-6.735765e+00
2.072000e-05	-2.926314e-03	-6.748997e+00
2.073000e-05	1.322149e-02	-6.758920e+00
2.074000e-05	6.449518e-03	-6.800025e+00
2.075000e-05	-1.163798e-02	-6.780026e+00
2.076000e-05	-2.500945e-03	-6.822105e+00
2.077000e-05	3.061045e-03	-6.862156e+00
2.078000e-05	7.327931e-03	-6.844209e+00
2.079000e-05	-3.219091e-03	-6.865860e+00
2.080000e-05	-5.694324e-03	-6.927764e+00
2.081000e-05	4.412575e-03	-6.967444e+00
2.082000e-05	8.000877e-03	-6.989549e+00
2.083000e-05	3.032574e-03	-7.002946e+00
2.084000e-05	-9.373464e-03	-7.001025e+00
2.085000e-05	-3.957476e-03	-7.033552e+00
2.086000e-05	7.628805e-03	-6.978073e+00
2.087000e-05	4.258754e-03	-7.021046e+00
2.088000e-05	-1.173140e-04	-7.018671e+00
2.089000e-05	-5.550560e-03	-6.938419e+00
2.090000e-05	3.609098e-03	-6.971945e+00
2.091000e-05	6.493449e-03	-6.898967e+00
2.092000e-05	-8.451788e-04	-6.905240e+00
2.093000e-05	-5.508927e-03	-6.904787e+00
2.094000e-05	-1.592558e-04	-6.885237e+00
2.095000e-05	8.015310e-03	-6.841505e+00
2.096000e-05	3.849547e-03	-6.821077e+00
2.097000e-05	-1.482441e-03	-6.809525e+00
2.098000e-05	-4.415506e-03	-6.799976e+00
2.099000e-05	2.619504e-03	-6.779520e+00
2.100000e-05	6.194178e-03	-6.726345e+00
2.101000e-05	-2.462573e-04	-6.693289e+00
2.102000e-05	-2.857728e-03	-6.652155e+00
2.103000e-05	5.879525e-04	-6.619574e+00
2.104000e-05	5.329057e-03	-6.588396e+00
2.105000e-05	3.284032e-03	-6.505292e+00
2.106000e-05	-3.980306e-03	-6.484208e+00
2.107000e-05	-2.941744e-03	-6.410579e+00
2.108000e-05	2.821249e-03	-6.369475e+00
2.109000e-05	4.822318e-03	-6.336440e+00
2.110000e-05	-9.593100e-04	-6.265290e+00
2.111000e-05	-3.103198e-03	-6.178946e+00
2.112000e-05	-4.302836e-05	-6.073734e+00
2.113000e-05	3.944701e-03	-6.041576e+00
2.114000e-05	2.148340e-04	-5.987949e+00
2.115000e-05	-3.079609e-03	-5.866311e+00
2.116000e-05	-2.347272e-03	-5.841680e+00
2.117000e-05	2.971307e-03	-5.728474e+00
2.118000e-05	1.668893e-03	-5.655214e+00
2.119000e-05	-1.122707e-04	-5.640075e+00
2.120000e-05	-5.185109e-03	-5.559443e+00
2.121000e-05	1.391882e-03	-5.422555e+00
2.122000e-05	1.893067e-03	-5.263310e+00
2.123000e-05	2.102698e-03	-5.170475e+00
2.124000e-05	-4.372463e-03	-5.086312e+00
2.125000e-05	-4.807533e-04	-5.029979e+00
2.126000e-05	1.632059e-03	-4.847296e+00
2.127000e-05	7.611529e-04	-4.736319e+00
2.128000e-05	-3.245874e-03	-4.671109e+00
2.129000e-05	-6.350471e-03	-4.598992e+00
2.130000e-05	-1.112448e-04	-4.485158e+00
2.131000e-05	2.144233e-03	-4.410024e+00
2.132000e-05	3.015075e-04	-4.316419e+00
2.133000e-05	-2.906533e-03	-4.198978e+00
2.134000e-05	-2.062405e-03	-4.075335e+00
2.135000e-05	7.381249e-04	-4.029575e+00
2.136000e-05	-4.608848e-04	-3.947393e+00
2.137000e-05	-5.826865e-03	-3.766145e+00
2.138000e-05	-3.803755e-03	-3.651554e+00
2.139000e-05	-1.737959e-03	-3.579448e+00
2.140000e-05	1.520423e-03	-3.410105e+00
2.141000e-05	-1.350879e-03	-3.326791e+00
2.142000e-05	-3.053352e-03	-3.210600e+00
2.143000e-05	-2.500342e-03	-3.115243e+00
2.144000e-05	-1.678022e-04	-2.885412e+00
2.145000e-05	-1.415595e-03	-2.820026e+00
2.146000e-05	-6.266532e-03	-2.717390e+00
2.147000e-05	-4.354004e-03	-2.589499e+00
2.148000e-05	-1.972279e-03	-2.472209e+00
2.149000e-05	9.466736e-05	-2.378994e+00
2.150000e-05	-4.071739e-03	-2.203606e+00
2.151000e-05	-3.233807e-03	-2.052204e+00
2.152000e-05	-4.000585e-03	-1.949470e+00
2.153000e-05	-2.475033e-04	-1.823076e+00
2.154000e-05	-4.386373e-03	-1.704363e+00
2.155000e-05	-4.061740e-03	-1.610499e+00
2.156000e-05	-6.655972e-03	-1.435213e+00
2.157000e-05	-1.427840e-03	-1.293709e+00
2.158000e-05	-2.491353e-03	-1.145842e+00
2.159000e-05	-2.686452e-03	-9.685263e-01
2.160000e-05	-4.671253e-03	-8.546831e-01
2.161000e-05	-2.892483e-03	-7.573999e-01
2.162000e-05	-3.281252e-03	-6.009240e-01
2.163000e-05	-4.583410e-03	-4.411542e-01
2.164000e-05	-6.563490e-03	-3.163472e-01
2.165000e-05	-4.843372e-03	-2.115791e-01
2.166000e-05	1.512584e-04	-5.431052e-02
2.167000e-05	1.534486e-03	2.002488e-02
2.168000e-05	-1.038057e-04	9.732068e-02
2.169000e-05	-3.941993e-03	3.657907e-01
2.170000e-05	-8.249959e-05	4.200539e-01
2.171000e-05	-3.211229e-03	5.573144e-01
2.172000e-05	-2.461885e-03	6.630867e-01
2.173000e-05	-4.962892e-03	7.883732e-01
2.174000e-05	6.640874e-03	8.330841e-01
2.175000e-05	4.339956e-02	1.040625e+00
2.176000e-05	4.191255e-02	1.251555e+00
2.177000e-05	-5.190553e-02	1.451604e+00
2.178000e-05	-6.369615e-02	1.648629e+00
2.179000e-05	-1.081310e-01	1.686217e+00
2.180000e-05	1.319177e-01	1.760497e+00
2.181000e-05	2.578025e-02	1.937212e+00
2.182000e-05	-1.827817e-01	2.000526e+00
2.183000e-05	1.090179e-01	2.062707e+00
2.184000e-05	7.617023e-02	2.251583e+00
2.185000e-05	-1.349091e-01	2.369951e+00
2.186000e-05	3.545376e-02	2.420527e+00
2.187000e-05	5.836192e-02	2.559370e+00
2.188000e-05	-1.616172e-01	2.758849e+00
2.189000e-05	5.988030e-02	2.832629e+00
2.190000e-05	9.279186e-02	3.007454e+00
2.191000e-05	-8.559163e-02	3.085237e+00
2.192000e-05	2.106254e-02	3.188474e+00
2.193000e-05	-5.706037e-03	3.304234e+00
2.194000e-05	-4.528438e-02	3.492178e+00
2.195000e-05	4.932374e-02	3.597969e+00
2.196000e-05	-3.880711e-02	3.693711e+00
2.197000e-05	-2.986723e-02	3.808446e+00
2.198000e-05	6.288385e-02	3.906292e+00
2.199000e-05	-1.763951e-02	4.009475e+00
2.200000e-05	-2.271113e-02	4.095715e+00
2.201000e-05	-8.709753e-03	4.242612e+00
2.202000e-05	-2.110649e-02	4.398901e+00
2.203000e-05	1.015045e-05	4.432209e+00
2.204000e-05	3.165574e-02	4.578450e+00
2.205000e-05	-7.439025e-03	4.653060e+00
2.206000e-05	-4.696958e-02	4.769424e+00
2.207000e-05	1.923645e-02	4.871653e+00
2.208000e-05	1.001718e-02	4.965819e+00
2.209000e-05	-2.540296e-02	5.105688e+00
2.210000e-05	-1.389803e-02	5.229500e+00
2.211000e-05	-4.734966e-03	5.358343e+00
2.212000e-05	4.334736e-03	5.399472e+00
2.213000e-05	1.974567e-02	5.472658e+00
2.214000e-05	-2.823464e-02	5.518343e+00
2.215000e-05	-2.307110e-02	5.589526e+00
2.216000e-05	1.372151e-03	5.663134e+00
2.217000e-05	7.108719e-03	5.758995e+00
2.218000e-05	-5.013761e-03	5.893737e+00
2.219000e-05	-2.435415e-02	5.948921e+00
2.220000e-05	-2.834580e-03	6.010027e+00
2.221000e-05	6.951579e-03	6.145785e+00
2.222000e-05	3.919985e-03	6.146342e+00
2.223000e-05	-2.486725e-02	6.209975e+00
2.224000e-05	-1.756301e-02	6.272679e+00
2.225000e-05	4.320197e-03	6.335341e+00
2.226000e-05	5.426252e-03	6.396923e+00
2.227000e-05	-9.450305e-03	6.409999e+00
2.228000e-05	-2.054352e-02	6.421105e+00
2.229000e-05	-6.626847e-03	6.525762e+00
2.230000e-05	7.250588e-03	6.517366e+00
2.231000e-05	-2.340928e-03	6.609568e+00
2.232000e-05	-2.349781e-02	6.711806e+00
2.233000e-05	-1.273919e-02	6.715345e+00
2.234000e-05	2.234225e-03	6.775946e+00
2.235000e-05	8.159320e-03	6.808449e+00
2.236000e-05	-1.365866e-02	6.799498e+00
2.237000e-05	-1.933146e-02	6.820503e+00
2.238000e-05	-6.259373e-03	6.822128e+00
2.239000e-05	3.415412e-03	6.862658e+00
2.240000e-05	-3.487103e-03	6.881629e+00
2.241000e-05	-1.821706e-02	6.864160e+00
2.242000e-05	-1.063012e-02	6.883264e+00
2.243000e-05	-4.192302e-04	6.926260e+00
2.244000e-05	8.836146e-04	6.873788e+00
2.245000e-05	-1.348173e-02	6.905287e+00
2.246000e-05	-1.562783e-02	6.916285e+00
2.247000e-05	-4.019108e-03	6.934315e+00
2.248000e-05	1.263510e-03	6.906267e+00
2.249000e-05	-7.871656e-03	6.885262e+00
2.250000e-05	-1.653030e-02	6.903712e+00
2.251000e-05	-1.076805e-02	6.885212e+00
2.252000e-05	6.523586e-05	6.902237e+00
2.253000e-05	-1.260117e-03	6.841703e+00
2.254000e-05	-1.388947e-02	6.830609e+00
2.255000e-05	-1.328368e-02	6.810554e+00
2.256000e-05	-3.016883e-03	6.810550e+00
2.257000e-05	-1.172770e-03	6.819076e+00
2.258000e-05	-1.062233e-02	6.778946e+00
2.259000e-05	-1.603605e-02	6.747944e+00
2.260000e-05	-1.000479e-02	6.726416e+00
2.261000e-05	6.716942e-04	6.695832e+00
2.262000e-05	-3.965835e-03	6.588576e+00
2.263000e-05	-1.266191e-02	6.526896e+00
2.264000e-05	-1.255872e-02	6.512685e+00
2.265000e-05	-3.557709e-03	6.463080e+00
2.266000e-05	-2.946213e-03	6.409500e+00
2.267000e-05	-9.234355e-03	6.347421e+00
2.268000e-05	-1.442426e-02	6.286336e+00
2.269000e-05	-7.614880e-03	6.273680e+00
2.270000e-05	-1.522334e-03	6.230578e+00
2.271000e-05	-5.638174e-03	6.147920e+00
2.272000e-05	-1.115985e-02	6.104261e+00
2.273000e-05	-1.082206e-02	6.031079e+00
2.274000e-05	-4.344903e-03	6.010025e+00
2.275000e-05	-3.446170e-03	5.896367e+00
2.276000e-05	-1.046717e-02	5.782153e+00
2.277000e-05	-1.196703e-02	5.653739e+00
2.278000e-05	-6.193171e-03	5.621527e+00
2.279000e-05	-5.879944e-04	5.569470e+00
2.280000e-05	-8.007218e-03	5.485813e+00
2.281000e-05	-1.047133e-02	5.420050e+00
2.282000e-05	-1.099234e-02	5.316414e+00
2.283000e-05	-3.277527e-03	5.234182e+00
2.284000e-05	-4.599989e-03	5.137945e+00
2.285000e-05	-7.980402e-03	4.990619e+00
2.286000e-05	-1.126280e-02	4.860757e+00
2.287000e-05	-4.716166e-03	4.799021e+00
2.288000e-05	-2.902234e-03	4.705261e+00
2.289000e-05	-6.339263e-03	4.618029e+00
2.290000e-05	-1.072291e-02	4.486816e+00
2.291000e-05	-9.842872e-03	4.421104e+00
2.292000e-05	-3.269252e-03	4.357394e+00
2.293000e-05	-2.522308e-03	4.200104e+00
2.294000e-05	-7.305559e-03	4.032710e+00
2.295000e-05	-1.116757e-02	3.948445e+00
2.296000e-05	-5.510843e-03	3.852710e+00
2.297000e-05	-1.192038e-03	3.779021e+00
2.298000e-05	-5.592116e-03	3.642209e+00
2.299000e-05	-1.144835e-02	3.578521e+00
2.300000e-05	-8.051093e-03	3.432103e+00
2.301000e-05	-3.238998e-03	3.242233e+00
2.302000e-05	-1.930716e-03	3.188971e+00
2.303000e-05	-9.056331e-03	3.052257e+00
2.304000e-05	-8.378538e-03	2.946447e+00
2.305000e-05	-4.265314e-03	2.831134e+00
2.306000e-05	-1.799373e-03	2.758920e+00
2.307000e-05	-6.371822e-03	2.578000e+00
2.308000e-05	-1.001941e-02	2.451108e+00
2.309000e-05	-6.943568e-03	2.326889e+00
2.310000e-05	-2.143041e-03	2.189498e+00
2.311000e-05	-3.121381e-03	2.084309e+00
2.312000e-05	-7.742493e-03	1.969498e+00
2.313000e-05	-9.364867e-03	1.896257e+00
2.314000e-05	-2.646703e-03	1.665870e+00
2.315000e-05	-1.551918e-04	1.579945e+00
2.316000e-05	-5.344177e-03	1.433053e+00
2.317000e-05	-9.130873e-03	1.304815e+00
2.318000e-05	-6.437011e-03	1.188924e+00
2.319000e-05	-1.412524e-03	1.009101e+00
2.320000e-05	-2.997481e-03	8.106530e-01
2.321000e-05	-7.172258e-03	7.163936e-01
2.322000e-05	-7.373314e-03	5.900553e-01
2.323000e-05	-1.465807e-03	4.916819e-01
2.324000e-05	-6.217065e-04	3.679474e-01
2.325000e-05	-5.228199e-03	1.996316e-01
2.326000e-05	-7.506404e-03	1.154207e-03
2.327000e-05	-2.713890e-03	-7.358145e-02
2.328000e-05	2.998627e-03	-2.105223e-01
2.329000e-05	1.451332e-03	-3.046368e-01
2.330000e-05	-4.341118e-03	-4.094774e-01
2.331000e-05	-2.975752e-03	-4.957180e-01
2.332000e-05	-5.329115e-04	-7.255605e-01
2.333000e-05	-6.276204e-04	-8.105000e-01
2.334000e-05	-3.950520e-03	-9.256892e-01
2.335000e-05	1.910862e-02	-1.010477e+00
2.336000e-05	8.153338e-02	-1.148242e+00
2.337000e-05	-4.216939e-02	-1.410397e+00
2.338000e-05	-3.880428e-02	-1.652579e+00
2.339000e-05	-1.414630e-01	-1.779946e+00
2.340000e-05	1.308062e-01	-1.748447e+00
2.341000e-05	6.168259e-02	-1.789424e+00
2.342000e-05	-1.976303e-01	-1.990451e+00
2.343000e-05	8.984021e-02	-2.114867e+00
2.344000e-05	1.346698e-01	-2.158290e+00
2.345000e-05	-1.732696e-01	-2.398876e+00
2.346000e-05	3.611757e-03	-2.539367e+00
2.347000e-05	1.267765e-01	-2.579951e+00
2.348000e-05	-1.817170e-01	-2.777793e+00
2.349000e-05	-9.406330e-03	-2.822004e+00
2.350000e-05	1.586250e-01	-2.895742e+00
2.351000e-05	-1.135957e-01	-3.168342e+00
2.352000e-05	4.162265e-02	-3.223634e+00
2.353000e-05	2.263957e-02	-3.305814e+00
2.354000e-05	-1.250942e-01	-3.545689e+00
2.355000e-05	1.284188e-01	-3.590000e+00
2.356000e-05	-4.982218e-02	-3.662637e+00
2.357000e-05	-6.584340e-02	-3.904635e+00
2.358000e-05	1.320389e-01	-3.959448e+00
2.359000e-05	-5.825138e-02	-4.073084e+00
2.360000e-05	-3.237168e-03	-4.200500e+00
2.361000e-05	3.047976e-02	-4.293136e+00
2.362000e-05	-7.761269e-02	-4.368972e+00
2.363000e-05	4.334800e-02	-4.441529e+00
2.364000e-05	1.816882e-02	-4.536893e+00
2.365000e-05	4.208016e-03	-4.744661e+00
2.366000e-05	-1.044922e-02	-4.718344e+00
2.367000e-05	-2.886987e-02	-4.873638e+00
2.368000e-05	5.661314e-02	-4.989949e+00
2.369000e-05	-3.491358e-02	-5.063655e+00
2.370000e-05	-1.123484e-02	-5.168917e+00
2.371000e-05	2.005994e-02	-5.202531e+00
2.372000e-05	-2.712189e-02	-5.409874e+00
2.373000e-05	6.293999e-02	-5.547370e+00
2.374000e-05	-3.249134e-02	-5.598976e+00
2.375000e-05	-2.287679e-02	-5.644133e+00
2.376000e-05	2.681363e-02	-5.756793e+00
2.377000e-05	-1.782599e-02	-5.800629e+00
2.378000e-05	2.794949e-02	-5.914686e+00
2.379000e-05	-2.170138e-02	-5.956295e+00
2.380000e-05	-6.816683e-03	-5.999525e+00
2.381000e-05	2.428545e-02	-6.023054e+00
2.382000e-05	-4.623313e-03	-6.158344e+00
2.383000e-05	4.228054e-03	-6.231002e+00
2.384000e-05	-2.222342e-02	-6.335813e+00
2.385000e-05	8.824043e-03	-6.409471e+00
2.386000e-05	1.700795e-02	-6.410526e+00
2.387000e-05	-7.395602e-03	-6.453611e+00
2.388000e-05	2.120840e-03	-6.516888e+00
2.389000e-05	-1.501229e-02	-6.597923e+00
2.390000e-05	1.739141e-02	-6.611049e+00
2.391000e-05	6.993235e-03	-6.621558e+00
2.392000e-05	-1.534374e-02	-6.714819e+00
2.393000e-05	-9.927664e-04	-6.747290e+00
2.394000e-05	-7.762806e-04	-6.759470e+00
2.395000e-05	1.997994e-02	-6.769474e+00
2.396000e-05	-2.636892e-03	-6.790501e+00
2.397000e-05	-1.046388e-02	-6.821055e+00
2.398000e-05	-2.870507e-04	-6.821080e+00
2.399000e-05	4.682180e-03	-6.874687e+00
2.400000e-05	6.905829e-03	-6.893158e+00
2.401000e-05	-8.610550e-03	-6.887758e+00
2.402000e-05	-1.597817e-03	-6.975920e+00
2.403000e-05	6.008317e-03	-6.959468e+00
2.404000e-05	9.365806e-03	-7.009993e+00
2.405000e-05	-2.416297e-03	-6.991525e+00
2.406000e-05	-1.075805e-02	-7.010006e+00
2.407000e-05	1.579989e-03	-6.971528e+00
2.408000e-05	6.760028e-03	-7.029049e+00
2.409000e-05	3.634035e-03	-6.979097e+00
2.410000e-05	-3.766042e-03	-7.001953e+00
2.411000e-05	-3.900929e-03	-6.999049e+00
2.412000e-05	6.109923e-03	-6.987969e+00
2.413000e-05	5.315118e-03	-6.926370e+00
2.414000e-05	-3.645873e-03	-6.964838e+00
2.415000e-05	-4.567946e-03	-6.885336e+00
2.416000e-05	3.150894e-03	-6.843704e+00
2.417000e-05	7.934945e-03	-6.832604e+00
2.418000e-05	1.903222e-03	-6.800029e+00
2.419000e-05	-4.900018e-03	-6.800453e+00
2.420000e-05	-3.275356e-03	-6.789521e+00
2.421000e-05	4.765303e-03	-6.767949e+00
2.422000e-05	4.858700e-03	-6.685316e+00
2.423000e-05	-2.078201e-03	-6.675662e+00
2.424000e-05	-2.194860e-03	-6.610054e+00
2.425000e-05	2.280551e-03	-6.620552e+00
2.426000e-05	5.869814e-03	-6.536946e+00
2.427000e-05	1.254758e-03	-6.504263e+00
2.428000e-05	-4.955586e-03	-6.484207e+00
2.429000e-05	-1.513112e-03	-6.371075e+00
2.430000e-05	3.978473e-03	-6.368444e+00
2.431000e-05	3.803730e-03	-6.328316e+00
2.432000e-05	-2.541077e-03	-6.191079e+00
2.433000e-05	-3.035791e-03	-6.125341e+00
2.434000e-05	1.010098e-03	-6.051706e+00
2.435000e-05	4.183747e-03	-5.998976e+00
2.436000e-05	-4.298766e-04	-5.908417e+00
2.437000e-05	-3.182785e-03	-5.873207e+00
2.438000e-05	-9.656680e-04	-5.810052e+00
2.439000e-05	3.082354e-03	-5.716841e+00
2.440000e-05	6.652360e-04	-5.661628e+00
2.441000e-05	-3.246068e-03	-5.599474e+00
2.442000e-05	-3.218056e-03	-5.545363e+00
2.443000e-05	8.140759e-04	-5.336900e+00
2.444000e-05	3.846660e-03	-5.253059e+00
2.445000e-05	-1.515705e-03	-5.138473e+00
2.446000e-05	-3.624855e-03	-5.063211e+00
2.447000e-05	-1.102409e-03	-4.998548e+00
2.448000e-05	1.849485e-03	-4.822029e+00
2.449000e-05	-6.373128e-07	-4.702860e+00
2.450000e-05	-3.838265e-03	-4.622576e+00
2.451000e-05	-2.647637e-03	-4.546921e+00
2.452000e-05	7.994494e-04	-4.452679e+00
2.453000e-05	2.247244e-03	-4.399975e+00
2.454000e-05	-2.885823e-03	-4.263308e+00
2.455000e-05	-4.468356e-03	-4.199473e+00
2.456000e-05	-4.774746e-04	-4.062233e+00
2.457000e-05	6.826499e-04	-4.000049e+00
2.458000e-05	-6.826598e-04	-3.904288e+00
2.459000e-05	-4.881927e-03	-3.716836e+00
2.460000e-05	-2.885628e-03	-3.599528e+00
2.461000e-05	-3.603145e-04	-3.506266e+00
2.462000e-05	-9.861652e-05	-3.410527e+00
2.463000e-05	-4.266509e-03	-3.265688e+00
2.464000e-05	-3.121729e-03	-3.218526e+00
2.465000e-05	-1.755331e-03	-3.083732e+00
2.466000e-05	1.871043e-03	-2.883658e+00
2.467000e-05	-3.426519e-03	-2.749545e+00
2.468000e-05	-4.741697e-03	-2.653182e+00
2.469000e-05	-3.897727e-03	-2.557970e+00
2.470000e-05	-9.540273e-04	-2.442100e+00
2.471000e-05	-2.113216e-03	-2.306865e+00
2.472000e-05	-4.407638e-03	-2.158867e+00
2.473000e-05	-3.976682e-03	-2.021550e+00
2.474000e-05	-2.298851e-03	-1.934892e+00
2.475000e-05	-2.837730e-04	-1.769476e+00
2.476000e-05	-4.172493e-03	-1.642261e+00
2.477000e-05	-6.205260e-03	-1.537921e+00
2.478000e-05	-3.745435e-03	-1.387454e+00
2.479000e-05	-1.421618e-03	-1.211528e+00
2.480000e-05	-2.532064e-03	-1.053757e+00
2.481000e-05	-5.514829e-03	-9.778709e-01
2.482000e-05	-4.757981e-03	-8.105028e-01
2.483000e-05	-2.500883e-03	-6.973659e-01
2.484000e-05	-3.298929e-03	-4.657436e-01
2.485000e-05	-2.751272e-03	-4.099751e-01
2.486000e-05	-7.614504e-03	-2.757832e-01
2.487000e-05	-2.483908e-03	-2.005014e-01
2.488000e-05	-3.081443e-03	2.000013e-02
2.489000e-05	3.848942e-03	4.310401e-02
2.490000e-05	-3.609419e-03	2.009323e-01
2.491000e-05	-6.222611e-04	3.574209e-01
2.492000e-05	-2.892035e-03	4.416291e-01
2.493000e-05	-2.149315e-03	5.784198e-01
2.494000e-05	-3.793196e-03	6.957356e-01
2.495000e-05	-3.093474e-03	7.995486e-01
2.496000e-05	1.485632e-02	8.426105e-01
2.497000e-05	6.002305e-02	1.156263e+00
2.498000e-05	2.402491e-03	1.314263e+00
2.499000e-05	-5.193599e-02	1.513638e+00
2.500000e-05	-9.033941e-02	1.694785e+00
2.501000e-05	-5.021691e-02	1.755746e+00
2.502000e-05	1.616232e-01	1.791496e+00
2.503000e-05	-7.572013e-02	1.987420e+00
2.504000e-05	-1.422394e-01	2.000526e+00
2.505000e-05	1.867460e-01	2.116338e+00
2.506000e-05	-4.108908e-02	2.336217e+00
2.507000e-05	-1.300527e-01	2.400000e+00
2.508000e-05	1.302086e-01	2.431605e+00
2.509000e-05	-6.010656e-02	2.664063e+00
2.510000e-05	-1.289839e-01	2.800001e+00
2.511000e-05	1.498308e-01	2.924282e+00
2.512000e-05	-4.248047e-03	3.041133e+00
2.513000e-05	-6.210944e-02	3.135342e+00
2.514000e-05	4.581182e-02	3.211028e+00
2.515000e-05	-5.810922e-02	3.327371e+00
2.516000e-05	8.159509e-03	3.536892e+00
2.517000e-05	2.489636e-02	3.630051e+00
2.518000e-05	-5.544465e-02	3.726291e+00
2.519000e-05	1.314600e-02	3.894056e+00
2.520000e-05	4.597546e-02	3.987824e+00
2.521000e-05	-3.600025e-02	4.042055e+00
2.522000e-05	-1.483207e-02	4.107845e+00
2.523000e-05	-1.066179e-02	4.295712e+00
2.524000e-05	-2.197272e-02	4.411506e+00
2.525000e-05	1.958010e-02	4.534186e+00
2.526000e-05	2.453312e-02	4.599551e+00
2.527000e-05	-2.746824e-02	4.706262e+00
2.528000e-05	-3.692989e-02	4.768976e+00
2.529000e-05	3.400621e-02	4.873213e+00
2.530000e-05	-1.222033e-02	4.971603e+00
2.531000e-05	-2.045318e-02	5.138344e+00
2.532000e-05	-6.856069e-03	5.282155e+00
2.533000e-05	-5.499147e-03	5.377895e+00
2.534000e-05	1.916273e-02	5.430075e+00
2.535000e-05	1.724760e-03	5.495236e+00
2.536000e-05	-3.169813e-02	5.578950e+00
2.537000e-05	-1.796095e-02	5.640526e+00
2.538000e-05	8.367618e-03	5.726287e+00
2.539000e-05	3.692763e-03	5.841149e+00
2.540000e-05	-9.486699e-03	5.934792e+00
2.541000e-05	-1.860970e-02	5.998997e+00
2.542000e-05	2.100680e-03	6.012177e+00
2.543000e-05	7.056241e-03	6.115209e+00
2.544000e-05	-9.083028e-03	6.137490e+00
2.545000e-05	-2.600492e-02	6.211078e+00
2.546000e-05	-1.127162e-02	6.275659e+00
2.547000e-05	1.113058e-02	6.325416e+00
2.548000e-05	1.006468e-03	6.398449e+00
2.549000e-05	-9.742871e-03	6.430001e+00
2.550000e-05	-2.042568e-02	6.473654e+00
2.551000e-05	-1.153711e-03	6.506343e+00
2.552000e-05	3.804161e-03	6.518846e+00
2.553000e-05	-1.192802e-02	6.602555e+00
2.554000e-05	-1.996097e-02	6.703290e+00
2.555000e-05	-8.067476e-03	6.727369e+00
2.556000e-05	8.621357e-03	6.798399e+00
2.557000e-05	6.017957e-04	6.748970e+00
2.558000e-05	-1.515594e-02	6.799523e+00
2.559000e-05	-1.810711e-02	6.820575e+00
2.560000e-05	-1.284107e-03	6.821653e+00
2.561000e-05	3.397356e-04	6.842130e+00
2.562000e-05	-9.227574e-03	6.853655e+00
2.563000e-05	-1.613089e-02	6.892206e+00
2.564000e-05	-6.334987e-03	6.883262e+00
2.565000e-05	4.670829e-03	6.895812e+00
2.566000e-05	-4.826338e-03	6.906709e+00
2.567000e-05	-1.556638e-02	6.893714e+00
2.568000e-05	-1.513902e-02	6.915839e+00
2.569000e-05	-6.026311e-04	6.926267e+00
2.570000e-05	-1.028316e-03	6.905317e+00
2.571000e-05	-9.239627e-03	6.914314e+00
2.572000e-05	-1.476734e-02	6.864261e+00
2.573000e-05	-6.808809e-03	6.894631e+00
2.574000e-05	7.977976e-04	6.823208e+00
2.575000e-05	-8.060332e-03	6.860654e+00
2.576000e-05	-1.454726e-02	6.822103e+00
2.577000e-05	-1.138923e-02	6.851550e+00
2.578000e-05	1.080837e-03	6.820999e+00
2.579000e-05	-2.450446e-03	6.810026e+00
2.580000e-05	-1.077488e-02	6.757995e+00
2.581000e-05	-1.763360e-02	6.767920e+00
2.582000e-05	-6.364636e-03	6.726265e+00
2.583000e-05	-1.576754e-03	6.643657e+00
2.584000e-05	-6.004993e-03	6.538995e+00
2.585000e-05	-1.338722e-02	6.555791e+00
2.586000e-05	-9.590605e-03	6.473257e+00
2.587000e-05	-1.503157e-03	6.421580e+00
2.588000e-05	-4.922515e-03	6.398971e+00
2.589000e-05	-1.209088e-02	6.327396e+00
2.590000e-05	-1.441084e-02	6.315841e+00
2.591000e-05	-4.152087e-03	6.231754e+00
2.592000e-05	-1.183727e-03	6.180025e+00
2.593000e-05	-7.177059e-03	6.117366e+00
2.594000e-05	-1.259387e-02	6.053681e+00
2.595000e-05	-9.892877e-03	6.021128e+00
2.596000e-05	-3.643577e-03	5.986924e+00
2.597000e-05	-5.068793e-03	5.932737e+00
2.598000e-05	-8.854564e-03	5.776465e+00
2.599000e-05	-1.143993e-02	5.663187e+00
2.600000e-05	-3.342620e-03	5.599999e+00
2.601000e-05	-4.151349e-03	5.557895e+00
2.602000e-05	-8.054908e-03	5.441706e+00
2.603000e-05	-1.316942e-02	5.378476e+00
2.604000e-05	-7.827788e-03	5.295440e+00
2.605000e-05	-2.570248e-03	5.230599e+00
2.606000e-05	-4.234579e-03	5.082362e+00
2.607000e-05	-9.287278e-03	4.966947e+00
2.608000e-05	-9.500995e-03	4.841677e+00
2.609000e-05	-4.843687e-03	4.736494e+00
2.610000e-05	-2.612457e-03	4.662258e+00
2.611000e-05	-7.710783e-03	4.558498e+00
2.612000e-05	-1.075443e-02	4.443186e+00
2.613000e-05	-7.530910e-03	4.399499e+00
2.614000e-05	-3.150139e-03	4.355390e+00
2.615000e-05	-5.523281e-03	4.178921e+00
2.616000e-05	-8.933381e-03	4.010579e+00
2.617000e-05	-7.901957e-03	3.916940e+00
2.618000e-05	-4.004939e-03	3.831575e+00
2.619000e-05	-3.255723e-03	3.706765e+00
2.620000e-05	-7.938450e-03	3.620100e+00
2.621000e-05	-8.988243e-03	3.505865e+00
2.622000e-05	-5.630716e-03	3.390493e+00
2.623000e-05	-3.993412e-03	3.251101e+00
2.624000e-05	-6.017284e-03	3.137366e+00
2.625000e-05	-7.998983e-03	3.011078e+00
2.626000e-05	-6.483459e-03	2.893336e+00
2.627000e-05	-3.229627e-03	2.811101e+00
2.628000e-05	-2.928923e-03	2.725364e+00
2.629000e-05	-6.025132e-03	2.504861e+00
2.630000e-05	-7.284278e-03	2.399499e+00
2.631000e-05	-5.021464e-03	2.253684e+00
2.632000e-05	-4.267262e-03	2.168470e+00
2.633000e-05	-5.836726e-03	2.041656e+00
2.634000e-05	-7.456782e-03	1.926822e+00
2.635000e-05	-5.569259e-03	1.828072e+00
2.636000e-05	-2.182429e-03	1.683238e+00
2.637000e-05	-3.149630e-03	1.498820e+00
2.638000e-05	-5.196508e-03	1.399000e+00
2.639000e-05	-6.575074e-03	1.252679e+00
2.640000e-05	-4.646174e-03	1.095311e+00
2.641000e-05	-3.162951e-03	9.069714e-01
2.642000e-05	-4.763349e-03	8.385539e-01
2.643000e-05	-6.268325e-03	6.928069e-01
2.644000e-05	-5.779170e-03	5.269159e-01
2.645000e-05	-2.091816e-03	4.005540e-01
2.646000e-05	-2.861960e-03	3.768945e-01
2.647000e-05	-5.926228e-03	1.248938e-01
2.648000e-05	-5.159149e-03	-1.099855e-02
2.649000e-05	-1.474926e-03	-1.172392e-01
2.650000e-05	2.944751e-03	-1.915298e-01
2.651000e-05	-2.119544e-03	-3.594195e-01
2.652000e-05	-2.750915e-03	-4.415538e-01
2.653000e-05	-3.348529e-03	-5.763946e-01
2.654000e-05	-1.133570e-03	-7.368682e-01
2.655000e-05	-3.278798e-03	-8.510277e-01
2.656000e-05	-5.438254e-04	-9.488446e-01
2.657000e-05	4.650305e-02	-1.061579e+00
2.658000e-05	4.970660e-02	-1.223954e+00
2.659000e-05	-5.834580e-02	-1.495714e+00
2.660000e-05	-5.884381e-02	-1.723688e+00
2.661000e-05	-9.853076e-02	-1.779949e+00
2.662000e-05	1.729929e-01	-1.748366e+00
2.663000e-05	-3.744123e-02	-1.822079e+00
2.664000e-05	-1.730969e-01	-2.065088e+00
2.665000e-05	1.911753e-01	-2.109615e+00
2.666000e-05	5.138587e-03	-2.238351e+00
2.667000e-05	-1.976359e-01	-2.473159e+00
2.668000e-05	1.564743e-01	-2.578891e+00
2.669000e-05	-2.521378e-03	-2.632556e+00
2.670000e-05	-2.044878e-01	-2.779524e+00
2.671000e-05	1.516219e-01	-2.852034e+00
2.672000e-05	3.554765e-02	-3.027877e+00
2.673000e-05	-9.959278e-02	-3.220478e+00
2.674000e-05	9.644460e-02	-3.274155e+00
2.675000e-05	-7.983523e-02	-3.369476e+00
2.676000e-05	-3.166462e-02	-3.568922e+00
2.677000e-05	1.141050e-01	-3.610499e+00
2.678000e-05	-1.226033e-01	-3.726717e+00
2.679000e-05	3.182063e-02	-3.926793e+00
2.680000e-05	9.565634e-02	-3.979422e+00
2.681000e-05	-9.548173e-02	-4.146313e+00
2.682000e-05	4.775977e-02	-4.211527e+00
2.683000e-05	-2.490693e-02	-4.305263e+00
2.684000e-05	-4.333810e-02	-4.400473e+00
2.685000e-05	6.024011e-02	-4.465609e+00
2.686000e-05	-1.134557e-02	-4.630975e+00
2.687000e-05	1.861676e-02	-4.734290e+00
2.688000e-05	-3.939297e-02	-4.779000e+00
2.689000e-05	1.582390e-02	-4.964712e+00
2.690000e-05	3.523566e-02	-5.030553e+00
2.691000e-05	-5.350436e-02	-5.126238e+00
2.692000e-05	2.153895e-02	-5.178474e+00
2.693000e-05	-8.237666e-03	-5.265187e+00
2.694000e-05	4.044145e-03	-5.443510e+00
2.695000e-05	4.708281e-02	-5.548316e+00
2.696000e-05	-6.083567e-02	-5.600004e+00
2.697000e-05	1.461843e-02	-5.684684e+00
2.698000e-05	1.076491e-02	-5.768342e+00
2.699000e-05	-6.085780e-03	-5.822554e+00
2.700000e-05	2.075695e-02	-5.916213e+00
2.701000e-05	-3.563304e-02	-5.988921e+00
2.702000e-05	2.104375e-02	-6.001078e+00
2.703000e-05	9.772374e-03	-6.064158e+00
2.704000e-05	-2.954006e-03	-6.179470e+00
2.705000e-05	-4.914997e-03	-6.302657e+00
2.706000e-05	-1.928361e-02	-6.346918e+00
2.707000e-05	2.635045e-02	-6.390448e+00
2.708000e-05	-8.905866e-04	-6.411605e+00
2.709000e-05	-7.297647e-04	-6.515185e+00
2.710000e-05	-6.941124e-03	-6.527943e+00
2.711000e-05	-3.314315e-03	-6.580397e+00
2.712000e-05	2.162875e-02	-6.620607e+00
2.713000e-05	-9.179474e-03	-6.663709e+00
2.714000e-05	-9.583704e-03	-6.706791e+00
2.715000e-05	-1.291205e-03	-6.768894e+00
2.716000e-05	9.013703e-03	-6.779998e+00
2.717000e-05	1.400941e-02	-6.788476e+00
2.718000e-05	-1.047651e-02	-6.821474e+00
2.719000e-05	-5.877489e-03	-6.852107e+00
2.720000e-05	2.949371e-03	-6.864561e+00
2.721000e-05	6.918074e-03	-6.863283e+00
2.722000e-05	1.032730e-03	-6.906312e+00
2.723000e-05	-1.018796e-02	-6.936367e+00
2.724000e-05	3.452394e-03	-6.949467e+00
2.725000e-05	8.041371e-03	-6.980374e+00
2.726000e-05	6.311475e-03	-6.999445e+00
2.727000e-05	-8.455752e-03	-6.981078e+00
2.728000e-05	-7.794435e-03	-6.993127e+00
2.729000e-05	7.306752e-03	-6.950524e+00
2.730000e-05	6.318400e-03	-7.020020e+00
2.731000e-05	1.935532e-03	-6.981002e+00
2.732000e-05	-6.255636e-03	-6.988522e+00
2.733000e-05	5.211320e-04	-7.000321e+00
2.734000e-05	7.301078e-03	-6.928419e+00
2.735000e-05	1.253966e-03	-6.886922e+00
2.736000e-05	-7.017134e-03	-6.875767e+00
2.737000e-05	-2.006542e-03	-6.863762e+00
2.738000e-05	8.144714e-03	-6.851709e+00
2.739000e-05	6.806799e-03	-6.830603e+00
2.740000e-05	-1.234248e-03	-6.811003e+00
2.741000e-05	-6.098101e-03	-6.780050e+00
2.742000e-05	6.020996e-04	-6.768499e+00
2.743000e-05	6.566467e-03	-6.748865e+00
2.744000e-05	1.320738e-03	-6.705714e+00
2.745000e-05	-3.841166e-03	-6.662134e+00
2.746000e-05	-2.222973e-03	-6.622598e+00
2.747000e-05	5.653924e-03	-6.600425e+00
2.748000e-05	4.942795e-03	-6.535318e+00
2.749000e-05	-2.593128e-03	-6.443737e+00
2.750000e-05	-5.056520e-03	-6.443081e+00
2.751000e-05	2.938049e-03	-6.409025e+00
2.752000e-05	4.742261e-03	-6.316942e+00
2.753000e-05	1.262064e-03	-6.294212e+00
2.754000e-05	-5.290960e-03	-6.150124e+00
2.755000e-05	-1.175985e-03	-6.125763e+00
2.756000e-05	3.043114e-03	-6.021579e+00
2.757000e-05	2.254568e-03	-5.998924e+00
2.758000e-05	-2.678870e-03	-5.937346e+00
2.759000e-05	-3.611514e-03	-5.851580e+00
2.760000e-05	3.181055e-03	-5.799448e+00
2.761000e-05	3.952238e-03	-5.663737e+00
2.762000e-05	-2.148450e-04	-5.632100e+00
2.763000e-05	-4.045845e-03	-5.548496e+00
2.764000e-05	-3.015229e-03	-5.495636e+00
2.765000e-05	1.949907e-03	-5.326240e+00
2.766000e-05	1.491605e-03	-5.181103e+00
2.767000e-05	-2.913056e-03	-5.106867e+00
2.768000e-05	-2.588182e-03	-5.021577e+00
2.769000e-05	9.134817e-04	-4.927449e+00
2.770000e-05	1.389520e-03	-4.758965e+00
2.771000e-05	-2.302038e-03	-4.703336e+00
2.772000e-05	-3.434629e-03	-4.559051e+00
2.773000e-05	-1.876299e-03	-4.485761e+00
2.774000e-05	1.382270e-03	-4.420076e+00
2.775000e-05	1.954123e-04	-4.338896e+00
2.776000e-05	-3.589296e-03	-4.262203e+00
2.777000e-05	-2.880825e-03	-4.137348e+00
2.778000e-05	-5.167686e-05	-3.991052e+00
2.779000e-05	3.926434e-04	-3.937894e+00
2.780000e-05	-1.024821e-03	-3.853505e+00
2.781000e-05	-3.564111e-03	-3.652129e+00
2.782000e-05	-1.315139e-03	-3.569497e+00
2.783000e-05	-2.906794e-04	-3.463655e+00
2.784000e-05	-2.001016e-03	-3.356399e+00
2.785000e-05	-4.029613e-03	-3.231179e+00
2.786000e-05	-3.284516e-03	-3.126371e+00
2.787000e-05	-8.784959e-04	-2.949924e+00
2.788000e-05	7.853557e-04	-2.820077e+00
2.789000e-05	-4.645172e-03	-2.737395e+00
2.790000e-05	-3.949284e-03	-2.611654e+00
2.791000e-05	-3.151553e-03	-2.535712e+00
2.792000e-05	1.160589e-03	-2.357975e+00
2.793000e-05	-3.425830e-03	-2.232263e+00
2.794000e-05	-4.233759e-03	-2.034758e+00
2.795000e-05	-5.714417e-03	-1.988424e+00
2.796000e-05	-8.173703e-04	-1.844179e+00
2.797000e-05	-3.521539e-03	-1.716941e+00
2.798000e-05	-3.365220e-03	-1.631126e+00
2.799000e-05	-7.700105e-03	-1.506838e+00
2.800000e-05	-9.932337e-05	-1.295896e+00
2.801000e-05	-7.021466e-04	-1.138446e+00
2.802000e-05	-3.053453e-03	-1.030628e+00
2.803000e-05	-7.932293e-03	-9.162860e-01
2.804000e-05	-2.788930e-03	-7.899502e-01
2.805000e-05	-2.963191e-03	-6.931795e-01
2.806000e-05	-3.828578e-03	-4.346578e-01
2.807000e-05	-7.488016e-03	-3.879486e-01
2.808000e-05	-6.010650e-03	-2.431753e-01
2.809000e-05	1.997974e-04	-9.686086e-02
2.810000e-05	1.537020e-03	1.889738e-02
2.811000e-05	1.157993e-03	7.468553e-02
2.812000e-05	-5.672119e-03	3.342328e-01
2.813000e-05	8.869951e-04	3.979261e-01
2.814000e-05	-3.009036e-03	4.842819e-01
2.815000e-05	-5.086119e-03	6.094987e-01
2.816000e-05	-6.990668e-03	7.577983e-01
2.817000e-05	3.060689e-03	8.215011e-01
2.818000e-05	3.175564e-02	1.019396e+00
2.819000e-05	6.033753e-02	1.218949e+00
2.820000e-05	-3.672039e-02	1.409373e+00
2.821000e-05	-5.434718e-02	1.570975e+00
2.822000e-05	-1.114282e-01	1.745841e+00
2.823000e-05	5.606594e-02	1.737342e+00
2.824000e-05	9.981585e-02	1.873737e+00
2.825000e-05	-1.544799e-01	1.999475e+00
2.826000e-05	-6.753238e-03	2.041578e+00
2.827000e-05	1.595687e-01	2.200006e+00
2.828000e-05	-1.056896e-01	2.377996e+00
2.829000e-05	-5.360670e-02	2.369501e+00
2.830000e-05	1.238802e-01	2.496714e+00
2.831000e-05	-1.428056e-01	2.756866e+00
2.832000e-05	-3.234384e-02	2.821054e+00
2.833000e-05	1.471737e-01	2.936817e+00
2.834000e-05	-7.093994e-02	3.072160e+00
2.835000e-05	-1.118230e-02	3.159426e+00
2.836000e-05	3.203362e-02	3.253605e+00
2.837000e-05	-6.765325e-02	3.489983e+00
2.838000e-05	4.264474e-02	3.564895e+00
2.839000e-05	-1.404590e-02	3.683580e+00
2.840000e-05	-5.151861e-02	3.807897e+00
2.841000e-05	5.334374e-02	3.904689e+00
2.842000e-05	9.514438e-03	3.997401e+00
2.843000e-05	-2.939996e-02	4.043083e+00
2.844000e-05	-8.538885e-03	4.211527e+00
2.845000e-05	-1.507501e-02	4.377345e+00
2.846000e-05	-1.327843e-02	4.451628e+00
2.847000e-05	2.693774e-02	4.557271e+00
2.848000e-05	4.978521e-03	4.623579e+00
2.849000e-05	-4.219048e-02	4.775866e+00
2.850000e-05	-3.798038e-03	4.812108e+00
2.851000e-05	2.777897e-02	4.926237e+00
2.852000e-05	-2.193857e-02	5.073256e+00
2.853000e-05	-1.705275e-02	5.208000e+00
2.854000e-05	-3.951394e-03	5.304812e+00
2.855000e-05	-6.147193e-03	5.388499e+00
2.856000e-05	2.241121e-02	5.431604e+00
2.857000e-05	-1.922816e-02	5.537291e+00
2.858000e-05	-2.649181e-02	5.609002e+00
2.859000e-05	-4.208259e-03	5.653257e+00
2.860000e-05	8.401463e-03	5.765420e+00
2.861000e-05	-6.775073e-04	5.914132e+00
2.862000e-05	-1.924135e-02	5.938445e+00
2.863000e-05	-9.899909e-03	6.000524e+00
2.864000e-05	3.595858e-03	6.062109e+00
2.865000e-05	5.071516e-03	6.126266e+00
2.866000e-05	-1.944999e-02	6.187949e+00
2.867000e-05	-2.086448e-02	6.252053e+00
2.868000e-05	-2.748849e-03	6.336889e+00
2.869000e-05	9.464737e-03	6.366917e+00
2.870000e-05	-6.679241e-03	6.389497e+00
2.871000e-05	-1.538095e-02	6.411078e+00
2.872000e-05	-1.214951e-02	6.452687e+00
2.873000e-05	4.176611e-03	6.558314e+00
2.874000e-05	1.910734e-04	6.576947e+00
2.875000e-05	-2.066803e-02	6.641684e+00
2.876000e-05	-1.717754e-02	6.714765e+00
2.877000e-05	-1.455660e-03	6.728394e+00
2.878000e-05	9.129817e-03	6.789523e+00
2.879000e-05	-7.665184e-03	6.789525e+00
2.880000e-05	-1.842574e-02	6.800000e+00
2.881000e-05	-9.810744e-03	6.811053e+00
2.882000e-05	8.640147e-04	6.861029e+00
2.883000e-05	-3.386040e-03	6.824058e+00
2.884000e-05	-1.593567e-02	6.842706e+00
2.885000e-05	-1.255530e-02	6.891811e+00
2.886000e-05	-9.246787e-04	6.905211e+00
2.887000e-05	3.635507e-03	6.885289e+00
2.888000e-05	-1.047365e-02	6.873837e+00
2.889000e-05	-1.635027e-02	6.925314e+00
2.890000e-05	-8.775143e-03	6.925742e+00
2.891000e-05	9.875576e-04	6.935791e+00
2.892000e-05	-5.113544e-03	6.914759e+00
2.893000e-05	-1.375132e-02	6.885887e+00
2.894000e-05	-1.127797e-02	6.905238e+00
2.895000e-05	-1.899800e-03	6.883212e+00
2.896000e-05	-2.427027e-03	6.862655e+00
2.897000e-05	-1.403674e-02	6.845053e+00
2.898000e-05	-1.416289e-02	6.830531e+00
2.899000e-05	-4.261415e-03	6.810555e+00
2.900000e-05	-6.919795e-04	6.820028e+00
2.901000e-05	-6.445857e-03	6.789446e+00
2.902000e-05	-1.506010e-02	6.767920e+00
2.903000e-05	-1.119077e-02	6.735446e+00
2.904000e-05	-3.279311e-03	6.704791e+00
2.905000e-05	-2.818132e-03	6.590603e+00
2.906000e-05	-1.134356e-02	6.544346e+00
2.907000e-05	-1.249321e-02	6.462710e+00
2.908000e-05	-6.347197e-03	6.453204e+00
2.909000e-05	-1.924004e-03	6.410600e+00
2.910000e-05	-7.943728e-03	6.358946e+00
2.911000e-05	-1.297049e-02	6.315892e+00
2.912000e-05	-9.012971e-03	6.263188e+00
2.913000e-05	-2.074470e-03	6.240681e+00
2.914000e-05	-4.555605e-03	6.158948e+00
2.915000e-05	-1.074838e-02	6.096814e+00
2.916000e-05	-1.165741e-02	6.052132e+00
2.917000e-05	-6.279019e-03	6.010575e+00
2.918000e-05	-2.375907e-03	5.967371e+00
2.919000e-05	-7.882641e-03	5.850183e+00
2.920000e-05	-1.052730e-02	5.725861e+00
2.921000e-05	-8.293633e-03	5.621178e+00
2.922000e-05	-1.036440e-03	5.599549e+00
2.923000e-05	-5.604501e-03	5.505812e+00
2.924000e-05	-9.971709e-03	5.452156e+00
2.925000e-05	-1.171225e-02	5.317469e+00
2.926000e-05	-4.935197e-03	5.302786e+00
2.927000e-05	-3.193753e-03	5.188350e+00
2.928000e-05	-6.887243e-03	5.053251e+00
2.929000e-05	-1.161592e-02	4.933761e+00
2.930000e-05	-6.613415e-03	4.810028e+00
2.931000e-05	-2.680314e-03	4.716887e+00
2.932000e-05	-4.045346e-03	4.632129e+00
2.933000e-05	-1.018120e-02	4.526915e+00
2.934000e-05	-9.079041e-03	4.421630e+00
2.935000e-05	-5.267318e-03	4.347944e+00
2.936000e-05	-3.768964e-03	4.222178e+00
2.937000e-05	-8.036313e-03	4.083786e+00
2.938000e-05	-1.004511e-02	4.019450e+00
2.939000e-05	-5.222836e-03	3.884361e+00
2.940000e-05	-3.275963e-03	3.809453e+00
2.941000e-05	-3.732378e-03	3.653735e+00
2.942000e-05	-8.462513e-03	3.578569e+00
2.943000e-05	-7.523353e-03	3.473685e+00
2.944000e-05	-5.094579e-03	3.305811e+00
2.945000e-05	-4.113730e-03	3.188998e+00
2.946000e-05	-6.440949e-03	3.095310e+00
2.947000e-05	-8.317700e-03	2.999045e+00
2.948000e-05	-5.605441e-03	2.854233e+00
2.949000e-05	-3.356075e-03	2.758996e+00
2.950000e-05	-4.256079e-03	2.671703e+00
2.951000e-05	-7.819605e-03	2.462311e+00
2.952000e-05	-6.854946e-03	2.367445e+00
2.953000e-05	-4.138690e-03	2.229629e+00
2.954000e-05	-2.475266e-03	2.094314e+00
2.955000e-05	-6.621735e-03	2.010575e+00
2.956000e-05	-6.943961e-03	1.895333e+00
2.957000e-05	-6.029557e-03	1.725841e+00
2.958000e-05	-2.608933e-03	1.651127e+00
2.959000e-05	-4.422682e-03	1.483312e+00
2.960000e-05	-5.789732e-03	1.346895e+00
2.961000e-05	-6.130893e-03	1.221079e+00
2.962000e-05	-3.080867e-03	1.023159e+00
2.963000e-05	-2.673943e-03	8.932045e-01
2.964000e-05	-4.976391e-03	7.479235e-01
2.965000e-05	-6.382050e-03	6.311303e-01
2.966000e-05	-5.986204e-03	4.738096e-01
2.967000e-05	-2.733801e-03	4.094762e-01
2.968000e-05	-3.262515e-03	2.627055e-01
2.969000e-05	-4.980516e-03	6.370704e-02
2.970000e-05	-4.539953e-03	-2.153013e-02
2.971000e-05	-4.629565e-04	-1.583970e-01
2.972000e-05	2.590113e-03	-2.935828e-01
2.973000e-05	-2.074515e-03	-3.794461e-01
2.974000e-05	-1.588690e-03	-4.531828e-01
2.975000e-05	-2.040491e-03	-6.916061e-01
2.976000e-05	-1.499385e-03	-7.799462e-01
2.977000e-05	-3.539071e-03	-9.125853e-01
2.978000e-05	7.185166e-03	-1.009447e+00
2.979000e-05	7.282361e-02	-1.073237e+00
2.980000e-05	-9.340655e-03	-1.328192e+00
2.981000e-05	-4.382609e-02	-1.579872e+00
2.982000e-05	-1.103787e-01	-1.768321e+00
2.983000e-05	3.700214e-02	-1.769449e+00
2.984000e-05	1.254690e-01	-1.757869e+00
2.985000e-05	-1.352176e-01	-1.935794e+00
2.986000e-05	-4.311767e-02	-2.136210e+00
2.987000e-05	1.871051e-01	-2.105791e+00
2.988000e-05	-1.066792e-01	-2.255672e+00
2.989000e-05	-1.135793e-01	-2.566192e+00
2.990000e-05	1.730965e-01	-2.558421e+00
2.991000e-05	-1.165650e-01	-2.695187e+00
2.992000e-05	-1.224844e-01	-2.822053e+00
2.993000e-05	1.886405e-01	-2.854262e+00
2.994000e-05	-7.842893e-02	-3.094642e+00
2.995000e-05	-2.717284e-02	-3.252601e+00
2.996000e-05	8.180779e-02	-3.297162e+00
2.997000e-05	-1.398790e-01	-3.492558e+00
2.998000e-05	8.094384e-02	-3.569474e+00
2.999000e-05	2.854915e-02	-3.620026e+00
3.000000e-05	-1.159984e-01	-3.831452e+00
3.001000e-05	1.118372e-01	-3.949916e+00
3.002000e-05	5.623996e-03	-4.011055e+00
3.003000e-05	-5.854268e-02	-4.188944e+00
3.004000e-05	5.312141e-02	-4.262579e+00
3.005000e-05	-7.043299e-02	-4.356846e+00
3.006000e-05	1.262273e-02	-4.409529e+00
3.007000e-05	4.258645e-02	-4.495360e+00
3.008000e-05	-1.126923e-02	-4.683707e+00
3.009000e-05	1.003196e-02	-4.756792e+00
3.010000e-05	-4.530530e-02	-4.863603e+00
3.011000e-05	4.995843e-02	-4.959420e+00
3.012000e-05	-8.041027e-03	-5.031583e+00
3.013000e-05	-3.669377e-02	-5.136894e+00
3.014000e-05	3.296216e-02	-5.232127e+00
3.015000e-05	-2.860977e-02	-5.336793e+00
3.016000e-05	4.443987e-02	-5.486188e+00
3.017000e-05	1.771735e-03	-5.557445e+00
3.018000e-05	-4.850856e-02	-5.630578e+00
3.019000e-05	3.087326e-02	-5.654338e+00
3.020000e-05	-1.193644e-02	-5.790401e+00
3.021000e-05	1.630045e-02	-5.883636e+00
3.022000e-05	-1.451371e-03	-5.916366e+00
3.023000e-05	-2.393545e-02	-5.980972e+00
3.024000e-05	3.074675e-02	-6.022504e+00
3.025000e-05	-2.998856e-03	-6.098263e+00
3.026000e-05	2.625934e-03	-6.193456e+00
3.027000e-05	-1.680017e-02	-6.325262e+00
3.028000e-05	-5.587998e-03	-6.379472e+00
3.029000e-05	2.563562e-02	-6.390000e+00
3.030000e-05	-1.015800e-02	-6.444059e+00
3.031000e-05	5.556713e-03	-6.537742e+00
3.032000e-05	-1.361664e-02	-6.537346e+00
3.033000e-05	1.063867e-02	-6.580002e+00
3.034000e-05	1.529219e-02	-6.632153e+00
3.035000e-05	-1.647255e-02	-6.696140e+00
3.036000e-05	-2.626456e-03	-6.705770e+00
3.037000e-05	-2.901719e-03	-6.797897e+00
3.038000e-05	1.662470e-02	-6.780374e+00
3.039000e-05	5.133155e-03	-6.800499e+00
3.040000e-05	-1.210807e-02	-6.842527e+00
3.041000e-05	-1.781271e-03	-6.834125e+00
3.042000e-05	4.497145e-03	-6.882211e+00
3.043000e-05	8.394109e-03	-6.874639e+00
3.044000e-05	-5.553346e-03	-6.925212e+00
3.045000e-05	-5.398485e-03	-6.936367e+00
3.046000e-05	4.113295e-03	-6.957970e+00
3.047000e-05	9.021179e-03	-6.938480e+00
3.048000e-05	1.623991e-03	-6.999549e+00
3.049000e-05	-1.078983e-02	-7.021655e+00
3.050000e-05	-2.229404e-03	-6.971999e+00
3.051000e-05	8.524877e-03	-7.000152e+00
3.052000e-05	6.340335e-03	-7.001454e+00
3.053000e-05	-1.792642e-03	-7.010576e+00
3.054000e-05	-5.899208e-03	-6.980599e+00
3.055000e-05	3.784459e-03	-6.978602e+00
3.056000e-05	7.204192e-03	-6.916416e+00
3.057000e-05	-2.781257e-03	-6.925814e+00
3.058000e-05	-7.115866e-03	-6.886260e+00
3.059000e-05	2.169765e-04	-6.883636e+00
3.060000e-05	9.254985e-03	-6.812656e+00
3.061000e-05	4.394635e-03	-6.830578e+00
3.062000e-05	-2.980648e-03	-6.820504e+00
3.063000e-05	-5.572694e-03	-6.769474e+00
3.064000e-05	3.980890e-03	-6.779944e+00
3.065000e-05	6.418330e-03	-6.697837e+00
3.066000e-05	-1.328319e-03	-6.674763e+00
3.067000e-05	-3.019291e-03	-6.642682e+00
3.068000e-05	-1.598072e-03	-6.630603e+00
3.069000e-05	6.887539e-03	-6.547894e+00
3.070000e-05	3.034211e-04	-6.537343e+00
3.071000e-05	-2.850326e-03	-6.452211e+00
3.072000e-05	-2.093477e-03	-6.392574e+00
3.073000e-05	6.284937e-03	-6.368475e+00
3.074000e-05	4.524473e-03	-6.326370e+00
3.075000e-05	-1.879642e-03	-6.254683e+00
3.076000e-05	-6.846525e-03	-6.107021e+00
3.077000e-05	-7.464124e-04	-6.084738e+00
3.078000e-05	2.949300e-03	-6.010999e+00
3.079000e-05	1.769490e-03	-5.947974e+00
3.080000e-05	-1.145864e-03	-5.904736e+00
3.081000e-05	8.281447e-05	-5.820080e+00
3.082000e-05	4.957984e-03	-5.747419e+00
3.083000e-05	2.530717e-04	-5.623158e+00
3.084000e-05	-3.723744e-03	-5.600578e+00
3.085000e-05	-6.514772e-03	-5.528445e+00
3.086000e-05	9.553357e-04	-5.421153e+00
3.087000e-05	2.921844e-03	-5.304283e+00
3.088000e-05	1.209799e-03	-5.210477e+00
3.089000e-05	-2.985180e-03	-5.074763e+00
3.090000e-05	-3.918242e-04	-5.040024e+00
3.091000e-05	1.639926e-03	-4.874264e+00
3.092000e-05	-7.357014e-04	-4.778337e+00
3.093000e-05	-4.741004e-03	-4.651612e+00
3.094000e-05	-4.502977e-03	-4.568925e+00
3.095000e-05	1.201167e-03	-4.442232e+00
3.096000e-05	1.800452e-03	-4.390499e+00
3.097000e-05	-1.127550e-04	-4.276815e+00
3.098000e-05	-3.318315e-03	-4.211675e+00
3.099000e-05	-1.561720e-03	-4.085740e+00
3.100000e-05	1.719685e-04	-4.011028e+00
3.101000e-05	-1.145229e-03	-3.937419e+00
3.102000e-05	-3.809820e-03	-3.756868e+00
3.103000e-05	-2.492976e-03	-3.621076e+00
3.104000e-05	-8.812006e-05	-3.548420e+00
3.105000e-05	2.254047e-03	-3.431152e+00
3.106000e-05	-2.153592e-03	-3.313336e+00
3.107000e-05	-3.471018e-03	-3.200575e+00
3.108000e-05	-4.580600e-03	-3.105240e+00
3.109000e-05	-5.700288e-04	-2.937442e+00
3.110000e-05	-1.990264e-03	-2.820074e+00
3.111000e-05	-3.578132e-03	-2.715238e+00
3.112000e-05	-3.373076e-03	-2.558449e+00
3.113000e-05	-7.375844e-04	-2.462131e+00
3.114000e-05	8.586893e-05	-2.399447e+00
3.115000e-05	-3.098833e-03	-2.181405e+00
3.116000e-05	-5.289715e-03	-2.033580e+00
3.117000e-05	-4.648294e-03	-1.956890e+00
3.118000e-05	-1.533481e-03	-1.802075e+00
3.119000e-05	-4.789491e-03	-1.684811e+00
3.120000e-05	-4.333310e-03	-1.578973e+00
3.121000e-05	-6.145913e-03	-1.484083e+00
3.122000e-05	5.330007e-04	-1.194156e+00
3.123000e-05	-4.904060e-04	-1.115839e+00
3.124000e-05	-2.958903e-03	-9.785237e-01
3.125000e-05	-6.461657e-03	-8.427055e-01
3.126000e-05	-4.513908e-03	-7.574199e-01
3.127000e-05	-3.943680e-03	-5.609726e-01
3.128000e-05	-4.317292e-03	-4.121304e-01
3.129000e-05	-6.933291e-03	-3.064384e-01
3.130000e-05	-3.881297e-03	-2.105713e-01
3.131000e-05	8.493746e-04	-3.420934e-02
3.132000e-05	2.704109e-03	3.105150e-02
3.133000e-05	-8.189311e-04	1.483981e-01
3.134000e-05	-2.813012e-03	3.663210e-01
3.135000e-05	-1.434917e-03	4.325538e-01
3.136000e-05	-2.959062e-03	5.558170e-01
3.137000e-05	-3.942257e-03	6.931340e-01
3.138000e-05	-6.032891e-03	7.894521e-01
3.139000e-05	8.583434e-03	8.736079e-01
3.140000e-05	4.946297e-02	1.084686e+00
3.141000e-05	3.355321e-02	1.272135e+00
3.142000e-05	-5.266227e-02	1.462659e+00
3.143000e-05	-7.051333e-02	1.703658e+00
3.144000e-05	-9.757801e-02	1.724894e+00
3.145000e-05	1.471371e-01	1.768995e+00
3.146000e-05	-2.573568e-03	1.965214e+00
3.147000e-05	-1.821685e-01	2.010000e+00
3.148000e-05	1.442935e-01	2.073688e+00
3.149000e-05	4.579325e-02	2.263636e+00
3.150000e-05	-1.384793e-01	2.418476e+00
3.151000e-05	6.492732e-02	2.440104e+00
3.152000e-05	2.645944e-02	2.589906e+00
3.153000e-05	-1.583407e-01	2.788397e+00
3.154000e-05	8.926667e-02	2.841607e+00
3.155000e-05	6.813365e-02	2.978974e+00
3.156000e-05	-8.250160e-02	3.105237e+00
3.157000e-05	3.023397e-02	3.189526e+00
3.158000e-05	-2.131609e-02	3.345259e+00
3.159000e-05	-3.174572e-02	3.483234e+00
3.160000e-05	4.329709e-02	3.589524e+00
3.161000e-05	-4.464304e-02	3.695268e+00
3.162000e-05	-1.947877e-02	3.830553e+00
3.163000e-05	6.486888e-02	3.936790e+00
3.164000e-05	-2.485778e-02	4.010001e+00
3.165000e-05	-2.023342e-02	4.096234e+00
3.166000e-05	-8.939515e-03	4.243658e+00
3.167000e-05	-2.212824e-02	4.400475e+00
3.168000e-05	2.841467e-03	4.484260e+00
3.169000e-05	2.879021e-02	4.567399e+00
3.170000e-05	-1.229201e-02	4.701387e+00
3.171000e-05	-4.287350e-02	4.798422e+00
3.172000e-05	2.734624e-02	4.862577e+00
3.173000e-05	4.177462e-03	5.009849e+00
3.174000e-05	-2.658186e-02	5.155864e+00
3.175000e-05	-1.304058e-02	5.230553e+00
3.176000e-05	-5.581109e-03	5.384795e+00
3.177000e-05	7.229947e-03	5.418949e+00
3.178000e-05	1.603268e-02	5.441134e+00
3.179000e-05	-2.842136e-02	5.556918e+00
3.180000e-05	-1.884271e-02	5.620978e+00
3.181000e-05	4.573192e-03	5.702162e+00
3.182000e-05	3.744282e-03	5.859574e+00
3.183000e-05	-7.612751e-03	5.873289e+00
3.184000e-05	-2.329192e-02	5.988025e+00
3.185000e-05	-4.780019e-05	6.040598e+00
3.186000e-05	7.444330e-03	6.083711e+00
3.187000e-05	5.105860e-04	6.157892e+00
3.188000e-05	-2.574190e-02	6.209999e+00
3.189000e-05	-1.623349e-02	6.272632e+00
3.190000e-05	5.895734e-03	6.336789e+00
3.191000e-05	3.346758e-03	6.347923e+00
3.192000e-05	-1.043520e-02	6.390500e+00
3.193000e-05	-1.896851e-02	6.472104e+00
3.194000e-05	-3.572537e-03	6.543741e+00
3.195000e-05	7.518580e-03	6.567371e+00
3.196000e-05	-6.576725e-03	6.640471e+00
3.197000e-05	-2.288742e-02	6.644251e+00
3.198000e-05	-1.214423e-02	6.745945e+00
3.199000e-05	5.454322e-03	6.767971e+00
3.200000e-05	4.394422e-03	6.768499e+00
3.201000e-05	-1.348531e-02	6.789523e+00
3.202000e-05	-1.936261e-02	6.809525e+00
3.203000e-05	-3.808688e-03	6.812050e+00
3.204000e-05	1.974941e-03	6.862632e+00
3.205000e-05	-6.040260e-03	6.872231e+00
3.206000e-05	-1.706857e-02	6.853162e+00
3.207000e-05	-1.007517e-02	6.893312e+00
3.208000e-05	3.266738e-03	6.873864e+00
3.209000e-05	-1.433447e-03	6.874740e+00
3.210000e-05	-1.518051e-02	6.885366e+00
3.211000e-05	-1.697953e-02	6.916341e+00
3.212000e-05	-2.200026e-03	6.935317e+00
3.213000e-05	-1.231341e-05	6.906361e+00
3.214000e-05	-5.786082e-03	6.905818e+00
3.215000e-05	-1.498348e-02	6.884309e+00
3.216000e-05	-8.085077e-03	6.904188e+00
3.217000e-05	4.622245e-04	6.854335e+00
3.218000e-05	-5.149674e-03	6.844654e+00
3.219000e-05	-1.551986e-02	6.810632e+00
3.220000e-05	-1.452147e-02	6.831053e+00
3.221000e-05	-1.660621e-03	6.811029e+00
3.222000e-05	-1.076869e-04	6.810024e+00
3.223000e-05	-8.528658e-03	6.788925e+00
3.224000e-05	-1.570586e-02	6.758421e+00
3.225000e-05	-8.705927e-03	6.746865e+00
3.226000e-05	-1.545422e-03	6.686236e+00
3.227000e-05	-5.362663e-03	6.577997e+00
3.228000e-05	-1.287025e-02	6.547314e+00
3.229000e-05	-1.239205e-02	6.482656e+00
3.230000e-05	-3.166525e-03	6.431606e+00
3.231000e-05	-2.339928e-03	6.400050e+00
3.232000e-05	-8.878235e-03	6.368394e+00
3.233000e-05	-1.361487e-02	6.316390e+00
3.234000e-05	-8.267982e-03	6.312084e+00
3.235000e-05	-2.138421e-03	6.199600e+00
3.236000e-05	-4.380159e-03	6.156890e+00
3.237000e-05	-1.133528e-02	6.093787e+00
3.238000e-05	-1.195009e-02	6.040653e+00
3.239000e-05	-5.464283e-03	6.029497e+00
3.240000e-05	-4.121824e-03	5.936869e+00
3.241000e-05	-8.461038e-03	5.770099e+00
3.242000e-05	-1.145888e-02	5.684284e+00
3.243000e-05	-6.052294e-03	5.642101e+00
3.244000e-05	-1.142315e-03	5.568446e+00
3.245000e-05	-6.190478e-03	5.504383e+00
3.246000e-05	-1.099497e-02	5.420029e+00
3.247000e-05	-1.105307e-02	5.296395e+00
3.248000e-05	-3.768770e-03	5.280601e+00
3.249000e-05	-3.073990e-03	5.158469e+00
3.250000e-05	-7.901613e-03	4.969095e+00
3.251000e-05	-1.149461e-02	4.832181e+00
3.252000e-05	-6.007032e-03	4.799923e+00
3.253000e-05	-2.928042e-03	4.713210e+00
3.254000e-05	-5.025696e-03	4.590497e+00
3.255000e-05	-1.081174e-02	4.524188e+00
3.256000e-05	-9.167294e-03	4.420101e+00
3.257000e-05	-3.607556e-03	4.318420e+00
3.258000e-05	-3.845198e-03	4.209993e+00
3.259000e-05	-7.122025e-03	4.052203e+00
3.260000e-05	-9.986390e-03	3.968466e+00
3.261000e-05	-5.361802e-03	3.842732e+00
3.262000e-05	-3.341482e-03	3.746896e+00
3.263000e-05	-5.876036e-03	3.633157e+00
3.264000e-05	-9.338516e-03	3.577997e+00
3.265000e-05	-7.591309e-03	3.410657e+00
3.266000e-05	-4.345328e-03	3.284627e+00
3.267000e-05	-4.002019e-03	3.187446e+00
3.268000e-05	-7.289213e-03	3.051604e+00
3.269000e-05	-7.624904e-03	2.948394e+00
3.270000e-05	-5.764318e-03	2.832051e+00
3.271000e-05	-3.710420e-03	2.737390e+00
3.272000e-05	-4.582617e-03	2.587473e+00
3.273000e-05	-7.279594e-03	2.421602e+00
3.274000e-05	-5.433237e-03	2.285389e+00
3.275000e-05	-3.874075e-03	2.188493e+00
3.276000e-05	-4.626037e-03	2.064783e+00
3.277000e-05	-6.525115e-03	1.977476e+00
3.278000e-05	-8.008747e-03	1.852187e+00
3.279000e-05	-4.378787e-03	1.684868e+00
3.280000e-05	-3.366859e-03	1.559016e+00
3.281000e-05	-4.144235e-03	1.412604e+00
3.282000e-05	-5.802907e-03	1.307289e+00
3.283000e-05	-5.346052e-03	1.187019e+00
3.284000e-05	-4.593089e-03	9.910476e-01
3.285000e-05	-4.287215e-03	8.420743e-01
3.286000e-05	-4.604311e-03	7.158385e-01
3.287000e-05	-5.682725e-03	6.194504e-01
3.288000e-05	-4.100410e-03	4.526317e-01
3.289000e-05	-3.615738e-03	3.889711e-01
3.290000e-05	-4.077626e-03	2.086740e-01
3.291000e-05	-4.559821e-03	5.115533e-02
3.292000e-05	-2.129986e-03	-7.310790e-02
3.293000e-05	1.570752e-03	-2.194949e-01
3.294000e-05	9.254049e-05	-3.262906e-01
3.295000e-05	-1.372836e-03	-4.110000e-01
3.296000e-05	-2.945129e-03	-5.568180e-01
3.297000e-05	-2.329294e-03	-6.947144e-01
3.298000e-05	-2.702385e-03	-8.105025e-01
3.299000e-05	-2.219267e-03	-9.152929e-01
3.300000e-05	2.756027e-02	-1.021030e+00
3.301000e-05	7.596692e-02	-1.186291e+00
3.302000e-05	-5.126273e-02	-1.451997e+00
3.303000e-05	-4.055125e-02	-1.662111e+00
3.304000e-05	-1.374835e-01	-1.798950e+00
3.305000e-05	1.522467e-01	-1.745868e+00
3.306000e-05	3.744491e-02	-1.787980e+00
3.307000e-05	-2.015263e-01	-2.021506e+00
3.308000e-05	1.302708e-01	-2.118388e+00
3.309000e-05	1.013460e-01	-2.137791e+00
3.310000e-05	-1.921569e-01	-2.431501e+00
3.311000e-05	4.839370e-02	-2.549471e+00
3.312000e-05	9.451260e-02	-2.580450e+00
3.313000e-05	-1.979696e-01	-2.767846e+00
3.314000e-05	3.658599e-02	-2.863106e+00
3.315000e-05	1.332007e-01	-2.938722e+00
3.316000e-05	-1.179404e-01	-3.208896e+00
3.317000e-05	5.883637e-02	-3.274655e+00
3.318000e-05	-3.270327e-03	-3.347342e+00
3.319000e-05	-1.052881e-01	-3.536264e+00
3.320000e-05	1.320182e-01	-3.589950e+00
3.321000e-05	-7.538402e-02	-3.703111e+00
3.322000e-05	-4.118171e-02	-3.873684e+00
3.323000e-05	1.291250e-01	-4.009422e+00
3.324000e-05	-7.361439e-02	-4.083160e+00
3.325000e-05	1.161885e-02	-4.199449e+00
3.326000e-05	1.689538e-02	-4.305736e+00
3.327000e-05	-7.064842e-02	-4.398474e+00
3.328000e-05	5.222846e-02	-4.411053e+00
3.329000e-05	7.133302e-03	-4.579471e+00
3.330000e-05	6.778836e-03	-4.714810e+00
3.331000e-05	-1.996709e-02	-4.737321e+00
3.332000e-05	-1.631841e-02	-4.904339e+00
3.333000e-05	5.607474e-02	-5.009971e+00
3.334000e-05	-4.293208e-02	-5.104638e+00
3.335000e-05	-1.108179e-03	-5.189921e+00
3.336000e-05	1.345850e-02	-5.242111e+00
3.337000e-05	-2.090483e-02	-5.409046e+00
3.338000e-05	6.071241e-02	-5.565889e+00
3.339000e-05	-4.406012e-02	-5.599974e+00
3.340000e-05	-1.374507e-02	-5.652110e+00
3.341000e-05	2.587121e-02	-5.737339e+00
3.342000e-05	-1.643195e-02	-5.801057e+00
3.343000e-05	2.711473e-02	-5.893661e+00
3.344000e-05	-2.856623e-02	-5.966818e+00
3.345000e-05	1.947839e-03	-6.010048e+00
3.346000e-05	2.266249e-02	-6.042654e+00
3.347000e-05	-4.953583e-03	-6.117997e+00
3.348000e-05	5.736326e-04	-6.262083e+00
3.349000e-05	-2.275587e-02	-6.317844e+00
3.350000e-05	1.509393e-02	-6.390899e+00
3.351000e-05	1.270270e-02	-6.452101e+00
3.352000e-05	-8.656824e-03	-6.514662e+00
3.353000e-05	-1.728717e-03	-6.556367e+00
3.354000e-05	-1.171180e-02	-6.567946e+00
3.355000e-05	2.181756e-02	-6.632025e+00
3.356000e-05	1.978333e-03	-6.681508e+00
3.357000e-05	-1.483275e-02	-6.706662e+00
3.358000e-05	8.253057e-05	-6.747866e+00
3.359000e-05	2.379609e-03	-6.756849e+00
3.360000e-05	1.840844e-02	-6.790999e+00
3.361000e-05	-5.512607e-03	-6.782551e+00
3.362000e-05	-1.024529e-02	-6.813002e+00
3.363000e-05	1.020283e-03	-6.852104e+00
3.364000e-05	6.384839e-03	-6.864188e+00
3.365000e-05	6.528734e-03	-6.894213e+00
3.366000e-05	-1.048671e-02	-6.938232e+00
3.367000e-05	-9.176188e-04	-6.968344e+00
3.368000e-05	6.713300e-03	-6.967457e+00
3.369000e-05	8.842789e-03	-6.970396e+00
3.370000e-05	-4.542043e-03	-7.000050e+00
3.371000e-05	-1.107262e-02	-7.010982e+00
3.372000e-05	3.637675e-03	-6.980477e+00
3.373000e-05	8.169349e-03	-7.000501e+00
3.374000e-05	4.397058e-03	-7.010558e+00
3.375000e-05	-4.759092e-03	-6.991451e+00
3.376000e-05	-3.567980e-03	-6.971449e+00
3.377000e-05	5.636993e-03	-6.950903e+00
3.378000e-05	5.340751e-03	-6.928340e+00
3.379000e-05	-5.006330e-03	-6.915312e+00
3.380000e-05	-4.558600e-03	-6.905711e+00
3.381000e-05	3.690202e-03	-6.874107e+00
3.382000e-05	8.767191e-03	-6.840603e+00
3.383000e-05	1.904661e-03	-6.811000e+00
3.384000e-05	-5.908948e-03	-6.790499e+00
3.385000e-05	-3.320063e-03	-6.789471e+00
3.386000e-05	6.674389e-03	-6.727920e+00
3.387000e-05	4.732933e-03	-6.736292e+00
3.388000e-05	-3.251851e-03	-6.664287e+00
3.389000e-05	-4.076548e-03	-6.631157e+00
3.390000e-05	2.705355e-03	-6.631573e+00
3.391000e-05	6.202957e-03	-6.557395e+00
3.392000e-05	7.896341e-05	-6.505235e+00
3.393000e-05	-6.196147e-03	-6.442586e+00
3.394000e-05	1.076881e-04	-6.421076e+00
3.395000e-05	5.317689e-03	-6.346946e+00
3.396000e-05	3.644201e-03	-6.295293e+00
3.397000e-05	-3.424437e-03	-6.200698e+00
3.398000e-05	-4.096154e-03	-6.094844e+00
3.399000e-05	2.140498e-03	-6.042178e+00
3.400000e-05	3.738510e-03	-5.999999e+00
3.401000e-05	-1.024103e-03	-5.927396e+00
3.402000e-05	-4.467055e-03	-5.842661e+00
3.403000e-05	7.042554e-04	-5.799499e+00
3.404000e-05	4.080981e-03	-5.686812e+00
3.405000e-05	1.551851e-03	-5.642005e+00
3.406000e-05	-4.744969e-03	-5.578975e+00
3.407000e-05	-2.975341e-03	-5.467315e+00
3.408000e-05	2.467392e-03	-5.348368e+00
3.409000e-05	3.511282e-03	-5.221606e+00
3.410000e-05	-2.594187e-03	-5.166469e+00
3.411000e-05	-4.386574e-03	-5.054182e+00
3.412000e-05	-7.365729e-04	-4.979471e+00
3.413000e-05	2.077307e-03	-4.791098e+00
3.414000e-05	-3.645741e-04	-4.666712e+00
3.415000e-05	-4.094935e-03	-4.601603e+00
3.416000e-05	-2.337977e-03	-4.537868e+00
3.417000e-05	1.475055e-03	-4.422103e+00
3.418000e-05	1.334660e-03	-4.379920e+00
3.419000e-05	-3.245695e-03	-4.264733e+00
3.420000e-05	-4.383158e-03	-4.178950e+00
3.421000e-05	-6.529199e-04	-4.044657e+00
3.422000e-05	9.728707e-04	-3.989975e+00
3.423000e-05	-6.254571e-04	-3.903817e+00
3.424000e-05	-3.702254e-03	-3.675740e+00
3.425000e-05	-2.272588e-03	-3.580474e+00
3.426000e-05	2.698363e-04	-3.495386e+00
3.427000e-05	-1.001527e-03	-3.348998e+00
3.428000e-05	-3.422930e-03	-3.264161e+00
3.429000e-05	-4.112121e-03	-3.179896e+00
3.430000e-05	-1.442817e-03	-3.042183e+00
3.431000e-05	8.156617e-04	-2.903734e+00
3.432000e-05	-3.885724e-03	-2.789449e+00
3.433000e-05	-4.222208e-03	-2.652679e+00
3.434000e-05	-2.249992e-03	-2.547794e+00
3.435000e-05	-9.608390e-05	-2.429977e+00
3.436000e-05	-2.314984e-03	-2.294839e+00
3.437000e-05	-3.461555e-03	-2.120390e+00
3.438000e-05	-3.655509e-03	-2.020054e+00
3.439000e-05	-1.638513e-03	-1.883761e+00
3.440000e-05	-1.383910e-03	-1.759497e+00
3.441000e-05	-3.559982e-03	-1.643155e+00
3.442000e-05	-6.276656e-03	-1.548841e+00
3.443000e-05	-3.872745e-03	-1.349541e+00
3.444000e-05	-1.139989e-03	-1.200571e+00
3.445000e-05	-1.382944e-03	-1.063709e+00
3.446000e-05	-4.091866e-03	-9.473909e-01
3.447000e-05	-4.344619e-03	-8.015803e-01
3.448000e-05	-3.370792e-03	-6.937621e-01
3.449000e-05	-4.274572e-03	-4.968647e-01
3.450000e-05	-5.252422e-03	-3.990250e-01
3.451000e-05	-6.048852e-03	-2.932094e-01
3.452000e-05	-1.195238e-03	-1.283689e-01
3.453000e-05	8.728511e-04	-3.157764e-02
3.454000e-05	7.581193e-04	5.321052e-02
3.455000e-05	-3.572385e-03	2.430811e-01
3.456000e-05	2.073967e-04	3.884486e-01
3.457000e-05	-8.981927e-04	4.731556e-01
3.458000e-05	-4.410849e-03	5.895474e-01
3.459000e-05	-6.874940e-03	7.148168e-01
3.460000e-05	-2.869418e-04	8.205000e-01
3.461000e-05	2.068908e-02	8.967642e-01
3.462000e-05	6.257546e-02	1.158848e+00
3.463000e-05	-1.044780e-02	1.348287e+00
3.464000e-05	-5.129445e-02	1.525844e+00
3.465000e-05	-9.651018e-02	1.682709e+00
3.466000e-05	-2.345225e-02	1.768370e+00
3.467000e-05	1.496761e-01	1.810630e+00
3.468000e-05	-9.925631e-02	1.988422e+00
3.469000e-05	-1.117984e-01	2.021101e+00
3.470000e-05	1.861933e-01	2.167324e+00
3.471000e-05	-5.982580e-02	2.316765e+00
3.472000e-05	-1.161112e-01	2.419024e+00
3.473000e-05	1.358780e-01	2.463082e+00
3.474000e-05	-8.518390e-02	2.714662e+00
3.475000e-05	-1.067667e-01	2.811528e+00
3.476000e-05	1.572416e-01	2.905313e+00
3.477000e-05	-2.610706e-02	3.080155e+00
3.478000e-05	-4.976354e-02	3.117818e+00
3.479000e-05	4.798884e-02	3.251478e+00
3.480000e-05	-6.578313e-02	3.378524e+00
3.481000e-05	2.053784e-02	3.535141e+00
3.482000e-05	1.246374e-02	3.621057e+00
3.483000e-05	-5.375220e-02	3.758395e+00
3.484000e-05	2.368730e-02	3.863154e+00
3.485000e-05	3.792393e-02	3.999426e+00
3.486000e-05	-3.796568e-02	4.061102e+00
3.487000e-05	-1.038195e-02	4.138898e+00
3.488000e-05	-1.018570e-02	4.328817e+00
3.489000e-05	-2.026499e-02	4.420603e+00
3.490000e-05	2.058503e-02	4.534763e+00
3.491000e-05	1.913722e-02	4.610951e+00
3.492000e-05	-2.951429e-02	4.724342e+00
3.493000e-05	-2.857710e-02	4.800477e+00
3.494000e-05	3.340940e-02	4.854109e+00
3.495000e-05	-1.842607e-02	5.042605e+00
3.496000e-05	-2.059174e-02	5.179016e+00
3.497000e-05	-5.844135e-03	5.273636e+00
3.498000e-05	-6.781999e-03	5.398470e+00
3.499000e-05	1.884450e-02	5.439530e+00
3.500000e-05	-1.998483e-03	5.496212e+00
3.501000e-05	-2.958677e-02	5.599948e+00
3.502000e-05	-1.209271e-02	5.630553e+00
3.503000e-05	6.886035e-03	5.715917e+00
3.504000e-05	4.744976e-04	5.843000e+00
3.505000e-05	-1.324371e-02	5.987370e+00
3.506000e-05	-1.625504e-02	6.018449e+00
3.507000e-05	3.051743e-03	6.041629e+00
3.508000e-05	7.790274e-03	6.123318e+00
3.509000e-05	-1.055212e-02	6.167871e+00
3.510000e-05	-2.366974e-02	6.220605e+00
3.511000e-05	-8.393443e-03	6.312733e+00
3.512000e-05	8.975472e-03	6.357866e+00
3.513000e-05	-3.522240e-03	6.368475e+00
3.514000e-05	-1.223926e-02	6.409604e+00
3.515000e-05	-1.770581e-02	6.492581e+00
3.516000e-05	-3.696927e-04	6.545389e+00
3.517000e-05	4.873853e-03	6.567370e+00
3.518000e-05	-1.239526e-02	6.672180e+00
3.519000e-05	-2.003174e-02	6.673858e+00
3.520000e-05	-7.808178e-03	6.777925e+00
3.521000e-05	8.179204e-03	6.798495e+00
3.522000e-05	-1.634593e-03	6.769451e+00
3.523000e-05	-1.694641e-02	6.799500e+00
3.524000e-05	-1.739519e-02	6.821602e+00
3.525000e-05	-9.823676e-04	6.852128e+00
3.526000e-05	8.430480e-04	6.841582e+00
3.527000e-05	-1.016672e-02	6.842606e+00
3.528000e-05	-1.511154e-02	6.912283e+00
3.529000e-05	-5.392991e-03	6.923767e+00
3.530000e-05	3.444912e-03	6.913790e+00
3.531000e-05	-7.377003e-03	6.925761e+00
3.532000e-05	-1.605080e-02	6.904365e+00
3.533000e-05	-1.452331e-02	6.875838e+00
3.534000e-05	-3.109300e-05	6.906918e+00
3.535000e-05	-1.534057e-03	6.926763e+00
3.536000e-05	-1.013453e-02	6.913283e+00
3.537000e-05	-1.448913e-02	6.914733e+00
3.538000e-05	-5.859094e-03	6.893685e+00
3.539000e-05	1.035025e-03	6.852682e+00
3.540000e-05	-9.149465e-03	6.851603e+00
3.541000e-05	-1.549912e-02	6.811102e+00
3.542000e-05	-1.058827e-02	6.820528e+00
3.543000e-05	6.713683e-04	6.810025e+00
3.544000e-05	-3.144973e-03	6.800023e+00
3.545000e-05	-1.338700e-02	6.779496e+00
3.546000e-05	-1.615949e-02	6.775945e+00
3.547000e-05	-4.186065e-03	6.705786e+00
3.548000e-05	-6.828285e-04	6.651631e+00
3.549000e-05	-8.908625e-03	6.568017e+00
3.550000e-05	-1.460474e-02	6.493265e+00
3.551000e-05	-9.088344e-03	6.471160e+00
3.552000e-05	-9.144203e-04	6.441204e+00
3.553000e-05	-6.284917e-03	6.389525e+00
3.554000e-05	-1.298628e-02	6.346871e+00
3.555000e-05	-1.267936e-02	6.284813e+00
3.556000e-05	-1.797003e-03	6.251154e+00
3.557000e-05	-2.246643e-03	6.189422e+00
3.558000e-05	-9.815030e-03	6.115339e+00
3.559000e-05	-1.408462e-02	6.052182e+00
3.560000e-05	-8.367618e-03	6.010103e+00
3.561000e-05	-1.452360e-03	5.998923e+00
3.562000e-05	-5.016215e-03	5.884864e+00
3.563000e-05	-1.140486e-02	5.765915e+00
3.564000e-05	-1.302661e-02	5.671332e+00
3.565000e-05	-2.831565e-03	5.620526e+00
3.566000e-05	-3.160803e-03	5.559319e+00
3.567000e-05	-7.822246e-03	5.441209e+00
3.568000e-05	-1.301580e-02	5.399018e+00
3.569000e-05	-5.858112e-03	5.294765e+00
3.570000e-05	-2.872059e-03	5.180626e+00
3.571000e-05	-4.682980e-03	5.095817e+00
3.572000e-05	-1.218533e-02	4.955441e+00
3.573000e-05	-8.673036e-03	4.810651e+00
3.574000e-05	-3.644133e-03	4.747417e+00
3.575000e-05	-2.045462e-03	4.662608e+00
3.576000e-05	-8.722231e-03	4.527494e+00
3.577000e-05	-1.116753e-02	4.472233e+00
3.578000e-05	-6.821419e-03	4.408998e+00
3.579000e-05	-2.315389e-03	4.284791e+00
3.580000e-05	-5.890903e-03	4.135921e+00
3.581000e-05	-9.872751e-03	4.019525e+00
3.582000e-05	-7.971302e-03	3.886363e+00
3.583000e-05	-3.465216e-03	3.821049e+00
3.584000e-05	-3.495737e-03	3.717338e+00
3.585000e-05	-8.711378e-03	3.619550e+00
3.586000e-05	-9.462517e-03	3.534840e+00
3.587000e-05	-4.792653e-03	3.379993e+00
3.588000e-05	-2.020256e-03	3.222554e+00
3.589000e-05	-5.535656e-03	3.137915e+00
3.590000e-05	-8.665882e-03	3.029603e+00
3.591000e-05	-7.442950e-03	2.894440e+00
3.592000e-05	-3.627727e-03	2.840550e+00
3.593000e-05	-4.830593e-03	2.686236e+00
3.594000e-05	-7.831839e-03	2.546744e+00
3.595000e-05	-7.377248e-03	2.379519e+00
3.596000e-05	-3.113945e-03	2.262158e+00
3.597000e-05	-1.821834e-03	2.138391e+00
3.598000e-05	-5.448424e-03	2.030578e+00
3.599000e-05	-8.230105e-03	1.926420e+00
3.600000e-05	-7.148925e-03	1.770548e+00
3.601000e-05	-3.721968e-03	1.703655e+00
3.602000e-05	-4.214076e-03	1.525312e+00
3.603000e-05	-6.506263e-03	1.339523e+00
3.604000e-05	-6.442989e-03	1.250729e+00
3.605000e-05	-3.590894e-03	1.145287e+00
3.606000e-05	-1.276802e-03	8.749159e-01
3.607000e-05	-5.152178e-03	8.199750e-01
3.608000e-05	-6.260369e-03	6.927844e-01
3.609000e-05	-5.744737e-03	5.283912e-01
3.610000e-05	-2.703048e-03	4.306288e-01
3.611000e-05	-3.627978e-03	3.152873e-01
3.612000e-05	-5.810734e-03	1.274438e-01
3.613000e-05	-2.992364e-03	-4.511844e-04
3.614000e-05	4.478794e-04	-1.442670e-01
3.615000e-05	3.604978e-03	-2.315803e-01
3.616000e-05	-3.215665e-03	-3.773222e-01
3.617000e-05	-2.854050e-03	-4.305827e-01
3.618000e-05	-3.726081e-03	-6.089497e-01
3.619000e-05	-2.612143e-04	-7.577444e-01
3.620000e-05	-3.938376e-03	-8.415563e-01
3.621000e-05	3.512029e-03	-9.482922e-01
3.622000e-05	5.499844e-02	-1.032083e+00
3.623000e-05	3.653841e-02	-1.222075e+00
3.624000e-05	-5.721946e-02	-1.537816e+00
3.625000e-05	-7.287437e-02	-1.716264e+00
3.626000e-05	-6.818513e-02	-1.768500e+00
3.627000e-05	1.667620e-01	-1.727415e+00
3.628000e-05	-6.351640e-02	-1.864110e+00
3.629000e-05	-1.461555e-01	-2.114138e+00
3.630000e-05	1.965743e-01	-2.146816e+00
3.631000e-05	-2.677026e-02	-2.251084e+00
3.632000e-05	-1.852261e-01	-2.495685e+00
3.633000e-05	1.683654e-01	-2.589471e+00
3.634000e-05	-3.915115e-02	-2.623027e+00
3.635000e-05	-1.915413e-01	-2.810500e+00
3.636000e-05	1.736594e-01	-2.842608e+00
3.637000e-05	8.017169e-04	-3.104531e+00
3.638000e-05	-8.241246e-02	-3.231999e+00
3.639000e-05	1.000090e-01	-3.262657e+00
3.640000e-05	-1.021319e-01	-3.440003e+00
3.641000e-05	-1.059927e-03	-3.588946e+00
3.642000e-05	9.516992e-02	-3.591548e+00
3.643000e-05	-1.286308e-01	-3.786814e+00
3.644000e-05	5.504951e-02	-3.936869e+00
3.645000e-05	7.615504e-02	-4.000525e+00
3.646000e-05	-8.996492e-02	-4.135743e+00
3.647000e-05	5.453119e-02	-4.221979e+00
3.648000e-05	-4.092962e-02	-4.346743e+00
3.649000e-05	-2.993396e-02	-4.420476e+00
3.650000e-05	5.772643e-02	-4.465184e+00
3.651000e-05	-1.372328e-02	-4.632529e+00
3.652000e-05	1.804916e-02	-4.706812e+00
3.653000e-05	-4.442567e-02	-4.810979e+00
3.654000e-05	2.725709e-02	-4.918244e+00
3.655000e-05	2.716150e-02	-5.020079e+00
3.656000e-05	-5.200872e-02	-5.116293e+00
3.657000e-05	2.601169e-02	-5.210003e+00
3.658000e-05	-1.692090e-02	-5.296162e+00
3.659000e-05	1.548259e-02	-5.483729e+00
3.660000e-05	3.751525e-02	-5.547920e+00
3.661000e-05	-5.940236e-02	-5.631478e+00
3.662000e-05	1.965583e-02	-5.653709e+00
3.663000e-05	4.574559e-03	-5.777895e+00
3.664000e-05	2.279395e-05	-5.861079e+00
3.665000e-05	1.651539e-02	-5.896765e+00
3.666000e-05	-3.663510e-02	-5.949420e+00
3.667000e-05	2.543822e-02	-6.020524e+00
3.668000e-05	5.141505e-03	-6.062586e+00
3.669000e-05	1.081262e-04	-6.219924e+00
3.670000e-05	-7.493048e-03	-6.263711e+00
3.671000e-05	-1.560594e-02	-6.379342e+00
3.672000e-05	2.698317e-02	-6.401000e+00
3.673000e-05	-4.349408e-03	-6.452629e+00
3.674000e-05	2.898369e-04	-6.465187e+00
3.675000e-05	-9.616870e-03	-6.546838e+00
3.676000e-05	-8.090630e-04	-6.589999e+00
3.677000e-05	2.219472e-02	-6.621004e+00
3.678000e-05	-1.078789e-02	-6.674635e+00
3.679000e-05	-6.464772e-03	-6.775791e+00
3.680000e-05	-2.714294e-03	-6.736396e+00
3.681000e-05	9.846670e-03	-6.778474e+00
3.682000e-05	1.215414e-02	-6.820473e+00
3.683000e-05	-1.112622e-02	-6.820029e+00
3.684000e-05	-4.701557e-03	-6.842528e+00
3.685000e-05	2.730927e-03	-6.882077e+00
3.686000e-05	8.796019e-03	-6.863637e+00
3.687000e-05	-1.229167e-04	-6.903742e+00
3.688000e-05	-9.086012e-03	-6.937316e+00
3.689000e-05	3.166287e-03	-6.969521e+00
3.690000e-05	7.035672e-03	-6.950028e+00
3.691000e-05	4.524343e-03	-6.971680e+00
3.692000e-05	-8.670696e-03	-7.000078e+00
3.693000e-05	-6.698827e-03	-7.022628e+00
3.694000e-05	7.505687e-03	-6.992100e+00
3.695000e-05	6.122562e-03	-7.008974e+00
3.696000e-05	1.288619e-03	-7.023028e+00
3.697000e-05	-6.431906e-03	-6.958480e+00
3.698000e-05	2.501851e-05	-7.009479e+00
3.699000e-05	6.686422e-03	-6.927870e+00
3.700000e-05	7.559492e-05	-6.887266e+00
3.701000e-05	-5.722808e-03	-6.854811e+00
3.702000e-05	-1.545554e-03	-6.884191e+00
3.703000e-05	7.949711e-03	-6.851628e+00
3.704000e-05	6.691246e-03	-6.814029e+00
3.705000e-05	-1.989741e-03	-6.840528e+00
3.706000e-05	-6.493847e-03	-6.800499e+00
3.707000e-05	-4.978197e-04	-6.770421e+00
3.708000e-05	7.324826e-03	-6.728316e+00
3.709000e-05	1.370930e-03	-6.706361e+00
3.710000e-05	-2.776009e-03	-6.672733e+00
3.711000e-05	-1.324538e-03	-6.621556e+00
3.712000e-05	4.039350e-03	-6.588449e+00
3.713000e-05	3.615151e-03	-6.527833e+00
3.714000e-05	-3.263629e-03	-6.434183e+00
3.715000e-05	-4.652558e-03	-6.432000e+00
3.716000e-05	2.213672e-03	-6.379996e+00
3.717000e-05	4.747094e-03	-6.295871e+00
3.718000e-05	1.006074e-03	-6.264714e+00
3.719000e-05	-5.119023e-03	-6.119504e+00
3.720000e-05	-1.425081e-03	-6.104711e+00
3.721000e-05	2.808439e-03	-6.040578e+00
3.722000e-05	2.262662e-03	-5.958972e+00
3.723000e-05	-2.350905e-03	-5.946863e+00
3.724000e-05	-3.864949e-03	-5.832680e+00
3.725000e-05	1.518981e-03	-5.748925e+00
3.726000e-05	3.330561e-03	-5.673234e+00
3.727000e-05	-1.306269e-03	-5.610075e+00
3.728000e-05	-4.310894e-03	-5.518396e+00
3.729000e-05	-1.412172e-03	-5.482664e+00
3.730000e-05	3.668386e-03	-5.285690e+00
3.731000e-05	2.161362e-03	-5.222052e+00
3.732000e-05	-3.977242e-03	-5.117368e+00
3.733000e-05	-3.168049e-03	-5.040575e+00
3.734000e-05	2.811288e-04	-4.868888e+00
3.735000e-05	2.686525e-03	-4.788601e+00
3.736000e-05	-1.708447e-03	-4.653154e+00
3.737000e-05	-4.630639e-03	-4.589449e+00
3.738000e-05	-9.964456e-04	-4.504786e+00
3.739000e-05	2.602934e-03	-4.401628e+00
3.740000e-05	-4.311993e-04	-4.367391e+00
3.741000e-05	-3.728067e-03	-4.211127e+00
3.742000e-05	-3.668698e-03	-4.127244e+00
3.743000e-05	9.104162e-04	-4.021602e+00
3.744000e-05	1.037530e-03	-3.958923e+00
3.745000e-05	-2.189779e-03	-3.820122e+00
3.746000e-05	-5.256082e-03	-3.622703e+00
3.747000e-05	-4.183248e-04	-3.548922e+00
3.748000e-05	1.677319e-03	-3.423607e+00
3.749000e-05	-9.340165e-04	-3.307446e+00
3.750000e-05	-5.875022e-03	-3.220576e+00
3.751000e-05	-4.482666e-03	-3.137870e+00
3.752000e-05	6.657774e-06	-2.978470e+00
3.753000e-05	1.461206e-03	-2.811077e+00
3.754000e-05	-5.525509e-03	-2.726392e+00
3.755000e-05	-5.315221e-03	-2.600578e+00
3.756000e-05	-1.883548e-03	-2.453711e+00
3.757000e-05	1.265645e-03	-2.370474e+00
3.758000e-05	-3.179121e-03	-2.273199e+00
3.759000e-05	-5.433867e-03	-2.072759e+00
3.760000e-05	-4.675122e-03	-1.989500e+00
3.761000e-05	2.933627e-05	-1.832654e+00
3.762000e-05	-2.506192e-03	-1.767317e+00
3.763000e-05	-3.766699e-03	-1.612052e+00
3.764000e-05	-7.316125e-03	-1.465391e+00
3.765000e-05	-5.341752e-04	-1.286309e+00
3.766000e-05	-4.628861e-04	-1.148919e+00
3.767000e-05	-1.937983e-03	-1.021654e+00
3.768000e-05	-6.023683e-03	-8.846882e-01
3.769000e-05	-3.828976e-03	-7.789737e-01
3.770000e-05	-3.021057e-03	-6.321780e-01
3.771000e-05	-3.469818e-03	-4.431830e-01
3.772000e-05	-6.988671e-03	-3.573933e-01
3.773000e-05	-5.704449e-03	-2.221553e-01
3.774000e-05	3.983643e-04	-8.623822e-02
3.775000e-05	3.188661e-03	8.951066e-03
3.776000e-05	1.156423e-03	9.634066e-02
3.777000e-05	-4.668716e-03	3.242419e-01
3.778000e-05	-8.010476e-04	4.294513e-01
3.779000e-05	-2.321602e-03	5.422407e-01
3.780000e-05	-1.656958e-03	6.110802e-01
3.781000e-05	-5.631269e-03	7.880197e-01
3.782000e-05	4.006520e-03	8.016026e-01
3.783000e-05	3.456591e-02	9.690785e-01
3.784000e-05	5.512711e-02	1.260029e+00
3.785000e-05	-4.335536e-02	1.429525e+00
3.786000e-05	-5.845506e-02	1.570526e+00
3.787000e-05	-1.126588e-01	1.735189e+00
3.788000e-05	8.708769e-02	1.757944e+00
3.789000e-05	7.663206e-02	1.893190e+00
3.790000e-05	-1.660429e-01	2.000051e+00
3.791000e-05	3.111920e-02	2.061659e+00
3.792000e-05	1.370308e-01	2.239478e+00
3.793000e-05	-1.184573e-01	2.388499e+00
3.794000e-05	-2.255380e-02	2.400000e+00
3.795000e-05	1.019534e-01	2.586814e+00
3.796000e-05	-1.508177e-01	2.736420e+00
3.797000e-05	2.332958e-03	2.831104e+00
3.798000e-05	1.328633e-01	2.958321e+00
3.799000e-05	-8.066242e-02	3.113259e+00
3.800000e-05	-2.212975e-03	3.187972e+00
3.801000e-05	1.944003e-02	3.304208e+00
3.802000e-05	-6.031724e-02	3.439603e+00
3.803000e-05	4.870250e-02	3.587869e+00
3.804000e-05	-2.449874e-02	3.683612e+00
3.805000e-05	-4.336598e-02	3.769376e+00
3.806000e-05	6.101100e-02	3.893188e+00
3.807000e-05	-4.420739e-04	4.020476e+00
3.808000e-05	-3.003454e-02	4.103658e+00
3.809000e-05	-1.004046e-02	4.250479e+00
3.810000e-05	-1.697224e-02	4.398370e+00
3.811000e-05	-6.287404e-03	4.472109e+00
3.812000e-05	2.958379e-02	4.545342e+00
3.813000e-05	8.185319e-04	4.622135e+00
3.814000e-05	-4.507706e-02	4.777374e+00
3.815000e-05	7.223178e-03	4.841078e+00
3.816000e-05	2.260025e-02	4.936296e+00
3.817000e-05	-2.498949e-02	5.062763e+00
3.818000e-05	-1.845122e-02	5.231002e+00
3.819000e-05	-3.243924e-03	5.325313e+00
3.820000e-05	-1.338030e-03	5.378950e+00
3.821000e-05	2.397271e-02	5.452054e+00
3.822000e-05	-2.345089e-02	5.545916e+00
3.823000e-05	-2.339702e-02	5.599500e+00
3.824000e-05	-1.165804e-03	5.643184e+00
3.825000e-05	8.657966e-03	5.818377e+00
3.826000e-05	-3.960297e-03	5.901682e+00
3.827000e-05	-2.212620e-02	5.966446e+00
3.828000e-05	-7.261378e-03	6.000551e+00
3.829000e-05	5.453160e-03	6.043186e+00
3.830000e-05	4.834686e-03	6.135313e+00
3.831000e-05	-2.279051e-02	6.187997e+00
3.832000e-05	-1.869282e-02	6.233061e+00
3.833000e-05	1.657600e-03	6.344739e+00
3.834000e-05	1.031198e-02	6.396925e+00
3.835000e-05	-8.819401e-03	6.389526e+00
3.836000e-05	-1.866381e-02	6.431103e+00
3.837000e-05	-1.151213e-02	6.503838e+00
3.838000e-05	5.752050e-03	6.565344e+00
3.839000e-05	-6.220367e-04	6.547465e+00
3.840000e-05	-2.077472e-02	6.653606e+00
3.841000e-05	-1.497403e-02	6.745967e+00
3.842000e-05	2.030211e-03	6.768447e+00
3.843000e-05	8.539828e-03	6.759000e+00
3.844000e-05	-1.015571e-02	6.789998e+00
3.845000e-05	-2.043164e-02	6.820998e+00
3.846000e-05	-9.227559e-03	6.840626e+00
3.847000e-05	1.753707e-03	6.842682e+00
3.848000e-05	-3.230136e-03	6.872628e+00
3.849000e-05	-1.636183e-02	6.863157e+00
3.850000e-05	-1.181712e-02	6.873259e+00
3.851000e-05	5.490412e-04	6.894237e+00
3.852000e-05	2.145837e-03	6.846315e+00
3.853000e-05	-1.346469e-02	6.903837e+00
3.854000e-05	-1.813044e-02	6.924812e+00
3.855000e-05	-7.387515e-03	6.896338e+00
3.856000e-05	1.624137e-03	6.946789e+00
3.857000e-05	-4.601454e-03	6.915735e+00
3.858000e-05	-1.498133e-02	6.884310e+00
3.859000e-05	-1.106806e-02	6.883256e+00
3.860000e-05	-1.628199e-03	6.913184e+00
3.861000e-05	-1.438895e-03	6.843207e+00
3.862000e-05	-1.494529e-02	6.851553e+00
3.863000e-05	-1.503097e-02	6.820529e+00
3.864000e-05	-4.878952e-03	6.820104e+00
3.865000e-05	1.061058e-03	6.820025e+00
3.866000e-05	-6.074040e-03	6.797498e+00
3.867000e-05	-1.474845e-02	6.757949e+00
3.868000e-05	-1.195507e-02	6.734843e+00
3.869000e-05	-2.629254e-03	6.705297e+00
3.870000e-05	-3.589004e-03	6.620609e+00
3.871000e-05	-1.282089e-02	6.557369e+00
3.872000e-05	-1.301909e-02	6.482784e+00
3.873000e-05	-5.738720e-03	6.462553e+00
3.874000e-05	-1.357756e-03	6.420053e+00
3.875000e-05	-7.108026e-03	6.357444e+00
3.876000e-05	-1.325351e-02	6.306841e+00
3.877000e-05	-9.828551e-03	6.242687e+00
3.878000e-05	-2.362745e-03	6.219626e+00
3.879000e-05	-4.560776e-03	6.158446e+00
3.880000e-05	-1.067575e-02	6.087792e+00
3.881000e-05	-1.138592e-02	6.020684e+00
3.882000e-05	-7.471855e-03	6.010051e+00
3.883000e-05	-2.601352e-03	5.927921e+00
3.884000e-05	-5.614006e-03	5.853153e+00
3.885000e-05	-1.016978e-02	5.693842e+00
3.886000e-05	-1.082755e-02	5.641129e+00
3.887000e-05	-1.479000e-03	5.558474e+00
3.888000e-05	-5.181180e-03	5.514840e+00
3.889000e-05	-8.918593e-03	5.440078e+00
3.890000e-05	-1.504042e-02	5.368420e+00
3.891000e-05	-4.483364e-03	5.281206e+00
3.892000e-05	-1.730438e-03	5.158899e+00
3.893000e-05	-3.487827e-03	5.004129e+00
3.894000e-05	-1.128533e-02	4.905311e+00
3.895000e-05	-7.790832e-03	4.789528e+00
3.896000e-05	-4.426431e-03	4.705290e+00
3.897000e-05	-3.853923e-03	4.610553e+00
3.898000e-05	-1.087322e-02	4.544868e+00
3.899000e-05	-1.090102e-02	4.430627e+00
3.900000e-05	-4.612796e-03	4.348470e+00
3.901000e-05	-4.961915e-04	4.271724e+00
3.902000e-05	-4.425718e-03	4.084716e+00
3.903000e-05	-1.034737e-02	3.968972e+00
3.904000e-05	-8.222165e-03	3.884759e+00
3.905000e-05	-4.898753e-03	3.778501e+00
3.906000e-05	-4.802067e-03	3.663708e+00
3.907000e-05	-1.011920e-02	3.599974e+00
3.908000e-05	-7.668824e-03	3.453236e+00
3.909000e-05	-3.788409e-03	3.295336e+00
3.910000e-05	-1.974733e-03	3.180026e+00
3.911000e-05	-6.871701e-03	3.095833e+00
3.912000e-05	-1.042545e-02	2.947999e+00
3.913000e-05	-7.560833e-03	2.842680e+00
3.914000e-05	-3.747413e-03	2.788894e+00
3.915000e-05	-3.837843e-03	2.598600e+00
3.916000e-05	-6.764986e-03	2.473707e+00
3.917000e-05	-6.991295e-03	2.337939e+00
3.918000e-05	-4.240458e-03	2.230129e+00
3.919000e-05	-2.246096e-03	2.144260e+00
3.920000e-05	-6.037462e-03	2.020551e+00
3.921000e-05	-8.432097e-03	1.844758e+00
3.922000e-05	-7.415920e-03	1.754471e+00
3.923000e-05	-2.833255e-03	1.592128e+00
3.924000e-05	-3.012697e-03	1.432161e+00
3.925000e-05	-5.865684e-03	1.309316e+00
3.926000e-05	-6.892948e-03	1.229605e+00
3.927000e-05	-2.689203e-03	1.011728e+00
3.928000e-05	-2.612119e-03	8.722104e-01
3.929000e-05	-4.906079e-03	7.879447e-01
3.930000e-05	-6.892595e-03	6.301002e-01
3.931000e-05	-4.977246e-03	4.738120e-01
3.932000e-05	-2.337023e-03	3.985237e-01
3.933000e-05	-2.275774e-03	2.306281e-01
3.934000e-05	-5.433564e-03	5.175696e-02
3.935000e-05	-3.425304e-03	-2.080070e-03
3.936000e-05	4.058959e-04	-1.288946e-01
3.937000e-05	2.888569e-03	-3.227380e-01
3.938000e-05	-2.929009e-03	-3.799511e-01
3.939000e-05	-4.026937e-03	-4.846654e-01
3.940000e-05	-2.796157e-03	-6.937088e-01
3.941000e-05	7.703085e-05	-7.904511e-01
3.942000e-05	-2.408444e-03	-8.631617e-01
3.943000e-05	1.052289e-02	-9.995523e-01
3.944000e-05	7.703432e-02	-1.144709e+00
3.945000e-05	-2.220379e-02	-1.347793e+00
3.946000e-05	-4.075642e-02	-1.580504e+00
3.947000e-05	-1.237867e-01	-1.788921e+00
3.948000e-05	6.984800e-02	-1.769971e+00
3.949000e-05	1.050788e-01	-1.767422e+00
3.950000e-05	-1.577418e-01	-1.949872e+00
3.951000e-05	1.424533e-03	-2.167317e+00
3.952000e-05	1.735000e-01	-2.087314e+00
3.953000e-05	-1.280037e-01	-2.377767e+00
3.954000e-05	-7.194266e-02	-2.557897e+00
3.955000e-05	1.610299e-01	-2.589943e+00
3.956000e-05	-1.400457e-01	-2.715264e+00
3.957000e-05	-8.309413e-02	-2.832656e+00
3.958000e-05	1.792651e-01	-2.886164e+00
3.959000e-05	-9.350632e-02	-3.118317e+00
3.960000e-05	-1.250105e-03	-3.260107e+00
3.961000e-05	6.440464e-02	-3.335288e+00
3.962000e-05	-1.381196e-01	-3.473162e+00
3.963000e-05	1.007536e-01	-3.559922e+00
3.964000e-05	3.522578e-04	-3.620554e+00
3.965000e-05	-1.018143e-01	-3.853060e+00
3.966000e-05	1.209681e-01	-3.958971e+00
3.967000e-05	-1.777939e-02	-4.052055e+00
3.968000e-05	-3.885872e-02	-4.159845e+00
3.969000e-05	4.761940e-02	-4.235134e+00
3.970000e-05	-7.471642e-02	-4.378895e+00
3.971000e-05	2.410606e-02	-4.421003e+00
3.972000e-05	3.357284e-02	-4.525219e+00
3.973000e-05	-6.994007e-03	-4.695211e+00
3.974000e-05	2.270614e-03	-4.717369e+00
3.975000e-05	-4.095946e-02	-4.833158e+00
3.976000e-05	5.362557e-02	-4.998394e+00
3.977000e-05	-1.737996e-02	-5.052579e+00
3.978000e-05	-2.791196e-02	-5.168370e+00
3.979000e-05	2.973854e-02	-5.201552e+00
3.980000e-05	-3.044735e-02	-5.399395e+00
3.981000e-05	5.136400e-02	-5.494339e+00
3.982000e-05	-1.273629e-02	-5.589446e+00
3.983000e-05	-3.950915e-02	-5.633057e+00
3.984000e-05	3.203691e-02	-5.737270e+00
3.985000e-05	-1.370658e-02	-5.791978e+00
3.986000e-05	2.022418e-02	-5.914661e+00
3.987000e-05	-8.788244e-03	-5.927843e+00
3.988000e-05	-1.991002e-02	-5.989499e+00
3.989000e-05	2.963126e-02	-6.023604e+00
3.990000e-05	-5.178102e-03	-6.118294e+00
3.991000e-05	4.137201e-03	-6.243052e+00
3.992000e-05	-1.865188e-02	-6.335687e+00
3.993000e-05	4.259513e-04	-6.379496e+00
3.994000e-05	2.327733e-02	-6.442450e+00
3.995000e-05	-9.291261e-03	-6.453079e+00
3.996000e-05	2.922304e-03	-6.496283e+00
3.997000e-05	-1.338956e-02	-6.537869e+00
3.998000e-05	1.373989e-02	-6.611526e+00
3.999000e-05	1.381119e-02	-6.692158e+00
4.000000e-05	-1.640972e-02	-6.686233e+00
4.001000e-05	-8.913558e-04	-6.737366e+00
4.002000e-05	-3.354269e-03	-6.778425e+00
4.003000e-05	1.781486e-02	-6.769421e+00
4.004000e-05	1.547537e-03	-6.789978e+00
4.005000e-05	-1.073981e-02	-6.792077e+00
4.006000e-05	-6.948726e-04	-6.853580e+00
4.007000e-05	5.405196e-03	-6.906216e+00
4.008000e-05	8.268880e-03	-6.863686e+00
4.009000e-05	-7.008551e-03	-6.886838e+00
4.010000e-05	-3.802582e-03	-6.986998e+00
4.011000e-05	4.768385e-03	-6.939421e+00
4.012000e-05	8.663329e-03	-7.019625e+00
4.013000e-05	6.724714e-04	-6.999998e+00
4.014000e-05	-1.044303e-02	-7.000007e+00
4.015000e-05	-7.685576e-04	-6.991629e+00
4.016000e-05	7.945834e-03	-7.030077e+00
4.017000e-05	4.410224e-03	-7.004555e+00
4.018000e-05	-2.356913e-03	-7.029650e+00
4.019000e-05	-5.732424e-03	-7.001175e+00
4.020000e-05	4.611158e-03	-6.906497e+00
4.021000e-05	6.397616e-03	-6.945941e+00
4.022000e-05	-3.015192e-03	-6.936796e+00
4.023000e-05	-5.767243e-03	-6.945843e+00
4.024000e-05	1.764298e-03	-6.872260e+00
4.025000e-05	8.768677e-03	-6.842581e+00
4.026000e-05	3.899186e-03	-6.801102e+00
4.027000e-05	-3.773108e-03	-6.810524e+00
4.028000e-05	-4.032370e-03	-6.811496e+00
4.029000e-05	3.800505e-03	-6.767494e+00
4.030000e-05	5.208493e-03	-6.707367e+00
4.031000e-05	-2.252260e-03	-6.675208e+00
4.032000e-05	-3.261520e-03	-6.672232e+00
4.033000e-05	4.704126e-04	-6.619529e+00
4.034000e-05	5.607946e-03	-6.508949e+00
4.035000e-05	1.993318e-03	-6.523316e+00
4.036000e-05	-4.919321e-03	-6.445206e+00
4.037000e-05	-2.300823e-03	-6.411575e+00
4.038000e-05	3.903008e-03	-6.377923e+00
4.039000e-05	3.872203e-03	-6.306765e+00
4.040000e-05	-2.119162e-03	-6.281281e+00
4.041000e-05	-3.555352e-03	-6.128390e+00
4.042000e-05	1.158910e-03	-6.092657e+00
4.043000e-05	3.399751e-03	-6.000052e+00
4.044000e-05	-1.663885e-04	-5.949399e+00
4.045000e-05	-4.333572e-03	-5.863757e+00
4.046000e-05	-1.548113e-03	-5.821025e+00
4.047000e-05	3.787226e-03	-5.747494e+00
4.048000e-05	2.567243e-03	-5.644157e+00
4.049000e-05	-2.030503e-03	-5.611074e+00
4.050000e-05	-4.112440e-03	-5.505917e+00
4.051000e-05	5.023098e-04	-5.370146e+00
4.052000e-05	2.161664e-03	-5.252683e+00
4.053000e-05	-1.364805e-03	-5.189000e+00
4.054000e-05	-4.184478e-03	-5.055734e+00
4.055000e-05	-1.062865e-03	-5.001025e+00
4.056000e-05	3.271383e-03	-4.863713e+00
4.057000e-05	9.366106e-04	-4.784881e+00
4.058000e-05	-3.173101e-03	-4.592158e+00
4.059000e-05	-3.437800e-03	-4.597419e+00
4.060000e-05	2.534317e-04	-4.444056e+00
4.061000e-05	1.317073e-03	-4.409446e+00
4.062000e-05	-2.526289e-03	-4.296815e+00
4.063000e-05	-4.663517e-03	-4.199050e+00
4.064000e-05	-2.277857e-03	-4.096263e+00
4.065000e-05	1.809763e-03	-4.000550e+00
4.066000e-05	1.425090e-03	-3.888368e+00
4.067000e-05	-4.510776e-03	-3.766890e+00
4.068000e-05	-5.162913e-03	-3.610501e+00
4.069000e-05	-5.670428e-05	-3.555841e+00
4.070000e-05	2.806165e-03	-3.402549e+00
4.071000e-05	-3.306920e-03	-3.306813e+00
4.072000e-05	-5.577852e-03	-3.200951e+00
4.073000e-05	-3.454260e-03	-3.134311e+00
4.074000e-05	1.516512e-03	-2.855785e+00
4.075000e-05	-4.500759e-04	-2.790026e+00
4.076000e-05	-4.654147e-03	-2.686287e+00
4.077000e-05	-4.373345e-03	-2.589549e+00
4.078000e-05	1.344503e-04	-2.432654e+00
4.079000e-05	2.983843e-04	-2.356419e+00
4.080000e-05	-3.414260e-03	-2.129469e+00
4.081000e-05	-6.266643e-03	-2.030048e+00
4.082000e-05	-3.942056e-03	-1.938391e+00
4.083000e-05	-1.159265e-04	-1.820501e+00
4.084000e-05	-3.323344e-03	-1.643284e+00
4.085000e-05	-4.476168e-03	-1.588992e+00
4.086000e-05	-6.782939e-03	-1.432200e+00
4.087000e-05	-1.028308e-03	-1.274054e+00
4.088000e-05	-6.421527e-04	-1.076235e+00
4.089000e-05	-2.759967e-03	-9.699687e-01
4.090000e-05	-5.517998e-03	-8.310553e-01
4.091000e-05	-4.449212e-03	-7.278396e-01
4.092000e-05	-2.998838e-03	-5.599139e-01
4.093000e-05	-3.124924e-03	-4.205528e-01
4.094000e-05	-6.920598e-03	-3.077644e-01
4.095000e-05	-4.446437e-03	-1.684449e-01
4.096000e-05	9.372669e-04	-6.363052e-02
4.097000e-05	2.804559e-03	6.105513e-02
4.098000e-05	-1.886491e-03	2.074045e-01
4.099000e-05	-2.939805e-03	3.678947e-01
4.100000e-05	-6.185584e-04	4.315291e-01
4.101000e-05	-2.754383e-03	5.669895e-01
4.102000e-05	-3.166213e-03	6.626328e-01
4.103000e-05	-6.052028e-03	7.689998e-01
4.104000e-05	1.127444e-02	8.622316e-01
4.105000e-05	5.423111e-02	1.073138e+00
4.106000e-05	2.320777e-02	1.293687e+00
4.107000e-05	-5.304504e-02	1.502035e+00
4.108000e-05	-7.823555e-02	1.650208e+00
4.109000e-05	-8.268169e-02	1.766817e+00
4.110000e-05	1.565693e-01	1.828925e+00
4.111000e-05	-2.900315e-02	1.956846e+00
4.112000e-05	-1.733865e-01	2.010000e+00
4.113000e-05	1.682755e-01	2.084712e+00
4.114000e-05	1.136154e-02	2.283787e+00
4.115000e-05	-1.367156e-01	2.388950e+00
4.116000e-05	9.011163e-02	2.460102e+00
4.117000e-05	-4.834578e-03	2.660606e+00
4.118000e-05	-1.499704e-01	2.799949e+00
4.119000e-05	1.156110e-01	2.882609e+00
4.120000e-05	4.162770e-02	3.041007e+00
4.121000e-05	-7.885149e-02	3.146218e+00
4.122000e-05	3.719469e-02	3.211000e+00
4.123000e-05	-3.445858e-02	3.335768e+00
4.124000e-05	-1.700619e-02	3.525241e+00
4.125000e-05	3.704181e-02	3.598025e+00
4.126000e-05	-4.925112e-02	3.725314e+00
4.127000e-05	-7.346956e-03	3.861103e+00
4.128000e-05	6.057480e-02	3.958245e+00
4.129000e-05	-3.094808e-02	4.010025e+00
4.130000e-05	-1.794281e-02	4.124741e+00
4.131000e-05	-9.980407e-03	4.303285e+00
4.132000e-05	-2.125538e-02	4.410975e+00
4.133000e-05	8.733345e-03	4.524207e+00
4.134000e-05	2.736731e-02	4.596950e+00
4.135000e-05	-1.778176e-02	4.703216e+00
4.136000e-05	-4.180010e-02	4.797924e+00
4.137000e-05	3.153586e-02	4.841533e+00
4.138000e-05	-2.317480e-03	4.958025e+00
4.139000e-05	-2.347962e-02	5.186443e+00
4.140000e-05	-1.138977e-02	5.242583e+00
4.141000e-05	-4.793508e-03	5.355420e+00
4.142000e-05	1.030515e-02	5.399051e+00
4.143000e-05	1.269745e-02	5.473111e+00
4.144000e-05	-3.132830e-02	5.548370e+00
4.145000e-05	-1.674641e-02	5.620000e+00
4.146000e-05	4.599492e-03	5.723190e+00
4.147000e-05	5.359230e-03	5.790527e+00
4.148000e-05	-8.945132e-03	5.934240e+00
4.149000e-05	-2.101621e-02	5.979472e+00
4.150000e-05	1.290640e-03	6.031578e+00
4.151000e-05	8.262646e-03	6.084337e+00
4.152000e-05	-2.583793e-03	6.156398e+00
4.153000e-05	-2.572759e-02	6.200001e+00
4.154000e-05	-1.426739e-02	6.284712e+00
4.155000e-05	7.275237e-03	6.315242e+00
4.156000e-05	1.883884e-03	6.388974e+00
4.157000e-05	-1.096609e-02	6.401023e+00
4.158000e-05	-1.955491e-02	6.423659e+00
4.159000e-05	-2.959591e-03	6.534212e+00
4.160000e-05	6.980387e-03	6.615969e+00
4.161000e-05	-8.026002e-03	6.569555e+00
4.162000e-05	-2.133345e-02	6.713687e+00
4.163000e-05	-1.034576e-02	6.786371e+00
4.164000e-05	7.435212e-03	6.737974e+00
4.165000e-05	2.015784e-03	6.788475e+00
4.166000e-05	-1.624118e-02	6.810548e+00
4.167000e-05	-2.048352e-02	6.800054e+00
4.168000e-05	-2.924870e-03	6.812003e+00
4.169000e-05	1.253193e-03	6.861628e+00
4.170000e-05	-5.812892e-03	6.850633e+00
4.171000e-05	-1.600621e-02	6.862136e+00
4.172000e-05	-7.313475e-03	6.902211e+00
4.173000e-05	2.814419e-03	6.913811e+00
4.174000e-05	-4.546691e-03	6.853211e+00
4.175000e-05	-1.872443e-02	6.885790e+00
4.176000e-05	-1.758144e-02	6.915339e+00
4.177000e-05	-1.274003e-03	6.955865e+00
4.178000e-05	1.397054e-03	6.913787e+00
4.179000e-05	-6.508847e-03	6.913337e+00
4.180000e-05	-1.348442e-02	6.883757e+00
4.181000e-05	-6.820654e-03	6.886263e+00
4.182000e-05	1.899497e-04	6.884657e+00
4.183000e-05	-8.889679e-03	6.841704e+00
4.184000e-05	-1.811896e-02	6.851154e+00
4.185000e-05	-1.378066e-02	6.830578e+00
4.186000e-05	3.359139e-04	6.840000e+00
4.187000e-05	-2.999475e-05	6.779524e+00
4.188000e-05	-7.703459e-03	6.799495e+00
4.189000e-05	-1.433985e-02	6.776947e+00
4.190000e-05	-7.667007e-03	6.736316e+00
4.191000e-05	-2.975559e-03	6.672709e+00
4.192000e-05	-8.453601e-03	6.638498e+00
4.193000e-05	-1.487519e-02	6.565371e+00
4.194000e-05	-1.111685e-02	6.423660e+00
4.195000e-05	-1.114447e-03	6.451632e+00
4.196000e-05	-2.453787e-03	6.379501e+00
4.197000e-05	-8.720173e-03	6.377469e+00
4.198000e-05	-1.235889e-02	6.304241e+00
4.199000e-05	-7.158917e-03	6.263628e+00
4.200000e-05	-5.170412e-03	6.219052e+00
4.201000e-05	-8.659487e-03	6.177869e+00
4.202000e-05	-1.264068e-02	6.062808e+00
4.203000e-05	-9.642067e-03	6.040051e+00
4.204000e-05	-2.192246e-03	5.979050e+00
4.205000e-05	-3.585757e-03	5.886391e+00
4.206000e-05	-9.023951e-03	5.808054e+00
4.207000e-05	-1.168997e-02	5.663785e+00
4.208000e-05	-4.832167e-03	5.630551e+00
4.209000e-05	-4.083641e-03	5.578496e+00
4.210000e-05	-7.236318e-03	5.474238e+00
4.211000e-05	-1.215031e-02	5.430024e+00
4.212000e-05	-8.590364e-03	5.327367e+00
4.213000e-05	-2.944188e-03	5.210552e+00
4.214000e-05	-3.780132e-03	5.116317e+00
4.215000e-05	-9.276454e-03	4.958948e+00
4.216000e-05	-1.079953e-02	4.850679e+00
4.217000e-05	-5.482359e-03	4.788473e+00
4.218000e-05	-3.675651e-03	4.642732e+00
4.219000e-05	-7.298780e-03	4.588022e+00
4.220000e-05	-1.023139e-02	4.475310e+00
4.221000e-05	-6.877600e-03	4.400501e+00
4.222000e-05	-2.709285e-03	4.346819e+00
4.223000e-05	-4.572274e-03	4.197048e+00
4.224000e-05	-9.932997e-03	4.061130e+00
4.225000e-05	-9.745261e-03	3.947445e+00
4.226000e-05	-5.290091e-03	3.852155e+00
4.227000e-05	-3.383837e-03	3.728444e+00
4.228000e-05	-6.876821e-03	3.631652e+00
4.229000e-05	-9.128707e-03	3.567495e+00
4.230000e-05	-5.589628e-03	3.398127e+00
4.231000e-05	-2.786821e-03	3.241684e+00
4.232000e-05	-5.183505e-03	3.176920e+00
4.233000e-05	-9.131234e-03	3.011660e+00
4.234000e-05	-8.195113e-03	2.935842e+00
4.235000e-05	-3.871169e-03	2.830101e+00
4.236000e-05	-2.595783e-03	2.746788e+00
4.237000e-05	-6.901746e-03	2.546442e+00
4.238000e-05	-8.186643e-03	2.389623e+00
4.239000e-05	-5.663490e-03	2.306339e+00
4.240000e-05	-2.724534e-03	2.168445e+00
4.241000e-05	-5.679012e-03	2.051207e+00
4.242000e-05	-8.256538e-03	1.958972e+00
4.243000e-05	-5.965110e-03	1.852608e+00
4.244000e-05	-2.667402e-03	1.672809e+00
4.245000e-05	-4.000069e-03	1.538449e+00
4.246000e-05	-6.245566e-03	1.410149e+00
4.247000e-05	-7.627773e-03	1.284286e+00
4.248000e-05	-4.278883e-03	1.118420e+00
4.249000e-05	-1.907562e-03	9.779400e-01
4.250000e-05	-3.738642e-03	8.305516e-01
4.251000e-05	-5.947583e-03	7.353382e-01
4.252000e-05	-6.109995e-03	5.695436e-01
4.253000e-05	-3.516888e-03	4.616067e-01
4.254000e-05	-2.944406e-03	3.358923e-01
4.255000e-05	-5.264092e-03	1.689914e-01
4.256000e-05	-5.550207e-03	3.157889e-02
4.257000e-05	-1.959144e-03	-8.471042e-02
4.258000e-05	2.687243e-03	-2.219537e-01
4.259000e-05	-3.568195e-04	-3.372670e-01
4.260000e-05	-2.078187e-03	-4.204501e-01
4.261000e-05	-3.451824e-03	-5.568194e-01
4.262000e-05	-1.363348e-03	-7.567881e-01
4.263000e-05	-3.275363e-03	-8.105239e-01
4.264000e-05	-1.612387e-03	-9.253182e-01
4.265000e-05	3.226852e-02	-1.020504e+00
4.266000e-05	6.890402e-02	-1.158925e+00
4.267000e-05	-5.484373e-02	-1.474531e+00
4.268000e-05	-4.546568e-02	-1.713634e+00
4.269000e-05	-1.273089e-01	-1.779399e+00
4.270000e-05	1.641160e-01	-1.748895e+00
4.271000e-05	1.217898e-02	-1.822077e+00
4.272000e-05	-1.944866e-01	-2.022534e+00
4.273000e-05	1.601682e-01	-2.124209e+00
4.274000e-05	6.927356e-02	-2.148296e+00
4.275000e-05	-1.998044e-01	-2.442555e+00
4.276000e-05	9.122776e-02	-2.558820e+00
4.277000e-05	6.229358e-02	-2.600528e+00
4.278000e-05	-2.049873e-01	-2.768872e+00
4.279000e-05	7.974882e-02	-2.832108e+00
4.280000e-05	1.011483e-01	-2.969273e+00
4.281000e-05	-1.142358e-01	-3.169401e+00
4.282000e-05	7.433277e-02	-3.243559e+00
4.283000e-05	-3.005342e-02	-3.398821e+00
4.284000e-05	-8.113121e-02	-3.566245e+00
4.285000e-05	1.298404e-01	-3.599499e+00
4.286000e-05	-9.525240e-02	-3.684133e+00
4.287000e-05	-1.688199e-02	-3.955766e+00
4.288000e-05	1.215403e-01	-3.988924e+00
4.289000e-05	-8.320651e-02	-4.086662e+00
4.290000e-05	2.599243e-02	-4.202030e+00
4.291000e-05	1.193753e-03	-4.295759e+00
4.292000e-05	-6.233577e-02	-4.399974e+00
4.293000e-05	5.578914e-02	-4.432081e+00
4.294000e-05	5.324074e-04	-4.619452e+00
4.295000e-05	9.443221e-03	-4.685707e+00
4.296000e-05	-2.671617e-02	-4.706447e+00
4.297000e-05	-4.250302e-03	-4.898316e+00
4.298000e-05	5.046887e-02	-4.969424e+00
4.299000e-05	-4.822290e-02	-5.074639e+00
4.300000e-05	7.555386e-03	-5.209973e+00
4.301000e-05	5.467979e-03	-5.242658e+00
4.302000e-05	-1.317609e-02	-5.431075e+00
4.303000e-05	5.742365e-02	-5.548317e+00
4.304000e-05	-5.155671e-02	-5.611051e+00
4.305000e-05	-2.765593e-03	-5.654132e+00
4.306000e-05	2.078976e-02	-5.746850e+00
4.307000e-05	-1.375471e-02	-5.831055e+00
4.308000e-05	2.511585e-02	-5.906185e+00
4.309000e-05	-3.261859e-02	-5.976395e+00
4.310000e-05	9.565515e-03	-6.021025e+00
4.311000e-05	1.905924e-02	-6.062655e+00
4.312000e-05	-3.568516e-03	-6.198396e+00
4.313000e-05	-9.045661e-04	-6.243658e+00
4.314000e-05	-2.193306e-02	-6.317817e+00
4.315000e-05	1.835989e-02	-6.380424e+00
4.316000e-05	7.401621e-03	-6.440554e+00
4.317000e-05	-5.713220e-03	-6.455157e+00
4.318000e-05	-1.457183e-03	-6.506742e+00
4.319000e-05	-8.952471e-03	-6.580025e+00
4.320000e-05	2.296749e-02	-6.610552e+00
4.321000e-05	-3.605250e-03	-6.695184e+00
4.322000e-05	-1.405226e-02	-6.696238e+00
4.323000e-05	-8.812141e-04	-6.746870e+00
4.324000e-05	5.402268e-03	-6.779473e+00
4.325000e-05	1.814947e-02	-6.779949e+00
4.326000e-05	-8.727638e-03	-6.830524e+00
4.327000e-05	-9.547769e-03	-6.832055e+00
4.328000e-05	2.043690e-03	-6.833632e+00
4.329000e-05	7.402817e-03	-6.905133e+00
4.330000e-05	3.669062e-03	-6.883710e+00
4.331000e-05	-1.027680e-02	-6.928865e+00
4.332000e-05	1.326212e-03	-6.967399e+00
4.333000e-05	8.435402e-03	-6.907416e+00
4.334000e-05	7.834560e-03	-7.011524e+00
4.335000e-05	-5.647278e-03	-7.043029e+00
4.336000e-05	-1.168987e-02	-7.020553e+00
4.337000e-05	5.546889e-03	-6.951076e+00
4.338000e-05	7.641790e-03	-7.051495e+00
4.339000e-05	4.833284e-03	-7.060502e+00
4.340000e-05	-6.378163e-03	-6.971421e+00
4.341000e-05	-2.426020e-03	-6.998982e+00
4.342000e-05	7.513296e-03	-6.948320e+00
4.343000e-05	4.299930e-03	-6.908866e+00
4.344000e-05	-6.317867e-03	-6.886337e+00
4.345000e-05	-4.815624e-03	-6.874264e+00
4.346000e-05	5.712224e-03	-6.854178e+00
4.347000e-05	8.798517e-03	-6.873656e+00
4.348000e-05	6.377403e-04	-6.800524e+00
4.349000e-05	-6.951441e-03	-6.810001e+00
4.350000e-05	-1.403719e-03	-6.789524e+00
4.351000e-05	7.807606e-03	-6.717416e+00
4.352000e-05	3.998158e-03	-6.715765e+00
4.353000e-05	-3.542837e-03	-6.655257e+00
4.354000e-05	-2.913144e-03	-6.621604e+00
4.355000e-05	4.129074e-03	-6.581449e+00
4.356000e-05	6.258463e-03	-6.547793e+00
4.357000e-05	-8.381501e-04	-6.505711e+00
4.358000e-05	-5.762341e-03	-6.441579e+00
4.359000e-05	2.017587e-04	-6.389001e+00
4.360000e-05	5.370051e-03	-6.358966e+00
4.361000e-05	2.374737e-03	-6.276811e+00
4.362000e-05	-4.323388e-03	-6.232524e+00
4.363000e-05	-2.583782e-03	-6.097816e+00
4.364000e-05	3.011379e-03	-6.041602e+00
4.365000e-05	3.726058e-03	-5.979950e+00
4.366000e-05	-2.716679e-03	-5.927921e+00
4.367000e-05	-4.502971e-03	-5.823657e+00
4.368000e-05	6.334610e-04	-5.809449e+00
4.369000e-05	4.389631e-03	-5.694739e+00
4.370000e-05	5.489233e-04	-5.652553e+00
4.371000e-05	-4.328471e-03	-5.578521e+00
4.372000e-05	-3.135374e-03	-5.454662e+00
4.373000e-05	2.840591e-03	-5.318441e+00
4.374000e-05	2.575978e-03	-5.231154e+00
4.375000e-05	-3.329435e-03	-5.138921e+00
4.376000e-05	-4.807492e-03	-5.042153e+00
4.377000e-05	2.831079e-04	-4.968949e+00
4.378000e-05	2.664609e-03	-4.832004e+00
4.379000e-05	-2.657465e-04	-4.694684e+00
4.380000e-05	-4.831380e-03	-4.630549e+00
4.381000e-05	-2.279828e-03	-4.495791e+00
4.382000e-05	2.785428e-03	-4.440675e+00
4.383000e-05	2.272790e-04	-4.369324e+00
4.384000e-05	-4.409792e-03	-4.273157e+00
4.385000e-05	-4.026564e-03	-4.087898e+00
4.386000e-05	1.938971e-04	-4.041208e+00
4.387000e-05	8.254768e-04	-3.959499e+00
4.388000e-05	-2.295127e-03	-3.834208e+00
4.389000e-05	-4.860171e-03	-3.684712e+00
4.390000e-05	-7.178060e-04	-3.579472e+00
4.391000e-05	2.463511e-03	-3.486308e+00
4.392000e-05	-4.433475e-04	-3.398898e+00
4.393000e-05	-5.907222e-03	-3.263586e+00
4.394000e-05	-4.172552e-03	-3.150422e+00
4.395000e-05	-7.385907e-04	-3.002175e+00
4.396000e-05	1.167465e-03	-2.852579e+00
4.397000e-05	-5.222487e-03	-2.748947e+00
4.398000e-05	-6.141573e-03	-2.642104e+00
4.399000e-05	-1.267845e-03	-2.507815e+00
4.400000e-05	2.956284e-03	-2.410527e+00
4.401000e-05	-2.314787e-03	-2.304733e+00
4.402000e-05	-6.592648e-03	-2.116208e+00
4.403000e-05	-4.876756e-03	-1.999500e+00
4.404000e-05	1.488176e-04	-1.906238e+00
4.405000e-05	-1.385746e-03	-1.757945e+00
4.406000e-05	-5.473416e-03	-1.632605e+00
4.407000e-05	-6.865944e-03	-1.546841e+00
4.408000e-05	-1.805901e-03	-1.318996e+00
4.409000e-05	6.626634e-04	-1.161001e+00
4.410000e-05	-2.543437e-03	-1.042632e+00
4.411000e-05	-5.379858e-03	-9.563146e-01
4.412000e-05	-5.324760e-03	-8.005265e-01
4.413000e-05	-2.075885e-03	-6.652357e-01
4.414000e-05	-4.500766e-03	-5.143841e-01
4.415000e-05	-6.834432e-03	-3.900011e-01
4.416000e-05	-7.402394e-03	-2.626855e-01
4.417000e-05	-2.288190e-04	-1.369383e-01
4.418000e-05	2.518188e-03	-1.105264e-02
4.419000e-05	3.525503e-03	7.213552e-02
4.420000e-05	-4.262715e-03	2.606581e-01
4.421000e-05	-4.578639e-04	3.989224e-01
4.422000e-05	-2.714799e-03	4.836842e-01
4.423000e-05	-2.480276e-03	6.295236e-01
4.424000e-05	-7.678439e-03	7.458134e-01
4.425000e-05	-2.324602e-03	8.105500e-01
4.426000e-05	2.258794e-02	9.592683e-01
4.427000e-05	6.575565e-02	1.168398e+00
4.428000e-05	-1.675218e-02	1.347775e+00
4.429000e-05	-5.234094e-02	1.547338e+00
4.430000e-05	-1.050147e-01	1.734812e+00
4.431000e-05	3.796161e-03	1.767892e+00
4.432000e-05	1.346742e-01	1.852030e+00
4.433000e-05	-1.212505e-01	2.009474e+00
4.434000e-05	-7.730329e-02	2.001526e+00
4.435000e-05	1.735090e-01	2.176873e+00
4.436000e-05	-7.312630e-02	2.356917e+00
4.437000e-05	-9.319713e-02	2.389999e+00
4.438000e-05	1.324849e-01	2.473161e+00
4.439000e-05	-1.104507e-01	2.737741e+00
4.440000e-05	-8.252870e-02	2.800028e+00
4.441000e-05	1.576139e-01	2.926316e+00
4.442000e-05	-4.461659e-02	3.043158e+00
4.443000e-05	-3.743532e-02	3.188396e+00
4.444000e-05	4.270052e-02	3.241578e+00
4.445000e-05	-6.430894e-02	3.449997e+00
4.446000e-05	2.982585e-02	3.516418e+00
4.447000e-05	3.048944e-03	3.641580e+00
4.448000e-05	-5.540174e-02	3.788447e+00
4.449000e-05	3.361528e-02	3.852134e+00
4.450000e-05	2.846294e-02	3.998449e+00
4.451000e-05	-3.620867e-02	4.051631e+00
4.452000e-05	-1.039197e-02	4.139872e+00
4.453000e-05	-1.053267e-02	4.356270e+00
4.454000e-05	-1.496256e-02	4.401079e+00
4.455000e-05	2.518554e-02	4.546318e+00
4.456000e-05	1.356950e-02	4.609580e+00
4.457000e-05	-3.863107e-02	4.755843e+00
4.458000e-05	-2.155948e-02	4.809499e+00
4.459000e-05	3.262641e-02	4.925241e+00
4.460000e-05	-1.935969e-02	5.060235e+00
4.461000e-05	-1.881821e-02	5.167449e+00
4.462000e-05	-3.706118e-03	5.253212e+00
4.463000e-05	-4.115337e-03	5.378370e+00
4.464000e-05	2.180505e-02	5.430530e+00
4.465000e-05	-9.780087e-03	5.535263e+00
4.466000e-05	-3.229779e-02	5.579021e+00
4.467000e-05	-9.715874e-03	5.632108e+00
4.468000e-05	9.180507e-03	5.817320e+00
4.469000e-05	2.874613e-03	5.851631e+00
4.470000e-05	-1.610170e-02	5.944840e+00
4.471000e-05	-1.302589e-02	5.989475e+00
4.472000e-05	3.850380e-03	6.053106e+00
4.473000e-05	7.761556e-03	6.114816e+00
4.474000e-05	-1.453059e-02	6.147946e+00
4.475000e-05	-2.575020e-02	6.222054e+00
4.476000e-05	-5.676225e-03	6.253740e+00
4.477000e-05	1.039515e-02	6.347346e+00
4.478000e-05	-1.614397e-03	6.387999e+00
4.479000e-05	-1.488523e-02	6.419528e+00
4.480000e-05	-1.422969e-02	6.484209e+00
4.481000e-05	3.704850e-03	6.545365e+00
4.482000e-05	5.149999e-03	6.597899e+00
4.483000e-05	-1.993590e-02	6.623578e+00
4.484000e-05	-2.003443e-02	6.692762e+00
4.485000e-05	-5.733938e-03	6.774895e+00
4.486000e-05	1.193847e-02	6.787944e+00
4.487000e-05	-4.040590e-03	6.788474e+00
4.488000e-05	-1.668553e-02	6.799975e+00
4.489000e-05	-1.402090e-02	6.810603e+00
4.490000e-05	7.268976e-04	6.811054e+00
4.491000e-05	-1.117645e-03	6.841582e+00
4.492000e-05	-1.523714e-02	6.863284e+00
4.493000e-05	-1.565418e-02	6.883287e+00
4.494000e-05	-3.546183e-03	6.893311e+00
4.495000e-05	6.210961e-03	6.925314e+00
4.496000e-05	-9.498257e-03	6.912692e+00
4.497000e-05	-1.734789e-02	6.883713e+00
4.498000e-05	-9.724095e-03	6.916838e+00
4.499000e-05	1.984650e-03	6.917341e+00
4.500000e-05	-5.960452e-03	6.903366e+00
4.501000e-05	-1.354252e-02	6.915314e+00
4.502000e-05	-1.171212e-02	6.913691e+00
4.503000e-05	-2.437202e-03	6.905812e+00
4.504000e-05	-6.573035e-04	6.842232e+00
4.505000e-05	-1.277945e-02	6.862105e+00
4.506000e-05	-1.449123e-02	6.850604e+00
4.507000e-05	-6.588926e-03	6.831027e+00
4.508000e-05	1.015470e-03	6.820000e+00
4.509000e-05	-7.737931e-03	6.778474e+00
4.510000e-05	-1.527405e-02	6.746994e+00
4.511000e-05	-1.242860e-02	6.765844e+00
4.512000e-05	-2.044732e-03	6.704890e+00
4.513000e-05	-2.419409e-03	6.631024e+00
4.514000e-05	-1.130442e-02	6.568517e+00
4.515000e-05	-1.291963e-02	6.511766e+00
4.516000e-05	-6.051427e-03	6.451608e+00
4.517000e-05	-1.286606e-03	6.411102e+00
4.518000e-05	-8.563283e-03	6.398999e+00
4.519000e-05	-1.352089e-02	6.315892e+00
4.520000e-05	-1.002439e-02	6.293235e+00
4.521000e-05	-9.773948e-04	6.232105e+00
4.522000e-05	-2.727031e-03	6.197447e+00
4.523000e-05	-1.140700e-02	6.107792e+00
4.524000e-05	-1.227771e-02	6.042655e+00
4.525000e-05	-6.612081e-03	6.020100e+00
4.526000e-05	-1.713022e-03	5.957472e+00
4.527000e-05	-8.953550e-03	5.944260e+00
4.528000e-05	-1.184937e-02	5.765471e+00
4.529000e-05	-9.619697e-03	5.641132e+00
4.530000e-05	4.010265e-04	5.589499e+00
4.531000e-05	-4.824811e-03	5.496468e+00
4.532000e-05	-1.032250e-02	5.443129e+00
4.533000e-05	-1.284147e-02	5.377424e+00
4.534000e-05	-3.971801e-03	5.325262e+00
4.535000e-05	-2.852110e-03	5.199075e+00
4.536000e-05	-6.978434e-03	5.063707e+00
4.537000e-05	-1.331408e-02	4.903362e+00
4.538000e-05	-7.160834e-03	4.821132e+00
4.539000e-05	-1.633076e-03	4.737462e+00
4.540000e-05	-4.470156e-03	4.642229e+00
4.541000e-05	-1.023957e-02	4.546894e+00
4.542000e-05	-1.088390e-02	4.452131e+00
4.543000e-05	-4.266146e-03	4.398925e+00
4.544000e-05	-2.873530e-03	4.273761e+00
4.545000e-05	-7.832191e-03	4.105811e+00
4.546000e-05	-1.054465e-02	4.029054e+00
4.547000e-05	-6.223820e-03	3.886342e+00
4.548000e-05	-2.589599e-03	3.820501e+00
4.549000e-05	-4.450252e-03	3.705290e+00
4.550000e-05	-1.058389e-02	3.600549e+00
4.551000e-05	-9.185780e-03	3.515313e+00
4.552000e-05	-4.687441e-03	3.306915e+00
4.553000e-05	-2.244573e-03	3.230577e+00
4.554000e-05	-7.703532e-03	3.135291e+00
4.555000e-05	-9.403054e-03	3.000570e+00
4.556000e-05	-5.416213e-03	2.882737e+00
4.557000e-05	-2.859426e-03	2.788526e+00
4.558000e-05	-6.057225e-03	2.683182e+00
4.559000e-05	-1.007704e-02	2.493412e+00
4.560000e-05	-7.723654e-03	2.378998e+00
4.561000e-05	-2.820068e-03	2.263232e+00
4.562000e-05	-2.291661e-03	2.147415e+00
4.563000e-05	-7.174113e-03	2.021128e+00
4.564000e-05	-8.655061e-03	1.914866e+00
4.565000e-05	-4.990136e-03	1.779477e+00
4.566000e-05	-1.842168e-03	1.630661e+00
4.567000e-05	-4.680237e-03	1.514811e+00
4.568000e-05	-7.955102e-03	1.339469e+00
4.569000e-05	-6.764862e-03	1.252105e+00
4.570000e-05	-1.996409e-03	1.093336e+00
4.571000e-05	-3.116747e-03	8.842319e-01
4.572000e-05	-6.138071e-03	7.885024e-01
4.573000e-05	-7.134621e-03	6.242093e-01
4.574000e-05	-3.582516e-03	5.352910e-01
4.575000e-05	-8.385326e-04	4.195764e-01
4.576000e-05	-4.858623e-03	2.957620e-01
4.577000e-05	-8.184709e-03	1.048596e-01
4.578000e-05	-2.993723e-03	-2.148244e-02
4.579000e-05	1.790782e-03	-1.558693e-01
4.580000e-05	2.346558e-03	-2.446339e-01
4.581000e-05	-4.802756e-03	-3.689209e-01
4.582000e-05	-2.197378e-03	-4.725815e-01
4.583000e-05	-1.277867e-03	-6.220799e-01
4.584000e-05	-1.013831e-03	-7.588709e-01
4.585000e-05	-4.202475e-03	-8.325776e-01
4.586000e-05	1.541514e-03	-9.783923e-01
4.587000e-05	6.292068e-02	-1.074135e+00
4.588000e-05	2.081830e-02	-1.263585e+00
4.589000e-05	-5.254177e-02	-1.577897e+00
4.590000e-05	-8.716151e-02	-1.757767e+00
4.591000e-05	-3.183494e-02	-1.759472e+00
4.592000e-05	1.550187e-01	-1.756290e+00
4.593000e-05	-8.984214e-02	-1.905186e+00
4.594000e-05	-1.128459e-01	-2.160320e+00
4.595000e-05	1.912124e-01	-2.136821e+00
4.596000e-05	-5.530674e-02	-2.314585e+00
4.597000e-05	-1.636168e-01	-2.517241e+00
4.598000e-05	1.717379e-01	-2.578469e+00
4.599000e-05	-7.001184e-02	-2.643554e+00
4.600000e-05	-1.710804e-01	-2.842475e+00
4.601000e-05	1.837565e-01	-2.853183e+00
4.602000e-05	-3.204042e-02	-3.084984e+00
4.603000e-05	-6.398063e-02	-3.233629e+00
4.604000e-05	9.594910e-02	-3.273208e+00
4.605000e-05	-1.186072e-01	-3.443030e+00
4.606000e-05	2.865660e-02	-3.578423e+00
4.607000e-05	7.352826e-02	-3.610528e+00
4.608000e-05	-1.279495e-01	-3.780899e+00
4.609000e-05	7.582097e-02	-3.967820e+00
4.610000e-05	5.300681e-02	-4.020554e+00
4.611000e-05	-8.051802e-02	-4.197371e+00
4.612000e-05	5.606044e-02	-4.242582e+00
4.613000e-05	-5.191297e-02	-4.357297e+00
4.614000e-05	-1.538815e-02	-4.410601e+00
4.615000e-05	5.373687e-02	-4.494160e+00
4.616000e-05	-1.293183e-02	-4.643582e+00
4.617000e-05	1.510224e-02	-4.765296e+00
4.618000e-05	-4.603162e-02	-4.770453e+00
4.619000e-05	3.513814e-02	-4.978292e+00
4.620000e-05	1.565137e-02	-5.011076e+00
4.621000e-05	-4.897888e-02	-5.165769e+00
4.622000e-05	2.967403e-02	-5.240073e+00
4.623000e-05	-2.160592e-02	-5.376897e+00
4.624000e-05	2.610208e-02	-5.484137e+00
4.625000e-05	2.626880e-02	-5.569397e+00
4.626000e-05	-5.796287e-02	-5.641553e+00
4.627000e-05	2.442180e-02	-5.675238e+00
4.628000e-05	-1.657395e-03	-5.789424e+00
4.629000e-05	5.989563e-03	-5.874059e+00
4.630000e-05	1.167929e-02	-5.926286e+00
4.631000e-05	-3.367387e-02	-5.969875e+00
4.632000e-05	2.837306e-02	-6.001003e+00
4.633000e-05	1.754721e-03	-6.096213e+00
4.634000e-05	1.320347e-03	-6.200525e+00
4.635000e-05	-1.025434e-02	-6.294686e+00
4.636000e-05	-1.241073e-02	-6.358971e+00
4.637000e-05	2.736545e-02	-6.420526e+00
4.638000e-05	-7.378183e-03	-6.441626e+00
4.639000e-05	1.769457e-03	-6.485258e+00
4.640000e-05	-1.106369e-02	-6.547346e+00
4.641000e-05	4.097441e-03	-6.630025e+00
4.642000e-05	2.083635e-02	-6.642076e+00
4.643000e-05	-1.355386e-02	-6.743738e+00
4.644000e-05	-5.381906e-03	-6.695843e+00
4.645000e-05	-2.797874e-03	-6.768392e+00
4.646000e-05	1.302858e-02	-6.779897e+00
4.647000e-05	7.873067e-03	-6.800024e+00
4.648000e-05	-1.193586e-02	-6.810002e+00
4.649000e-05	-3.204709e-03	-6.801105e+00
4.650000e-05	4.613460e-03	-6.831606e+00
4.651000e-05	8.379826e-03	-6.884732e+00
4.652000e-05	-2.362223e-03	-6.895637e+00
4.653000e-05	-8.039809e-03	-6.947764e+00
4.654000e-05	5.173425e-03	-6.921371e+00
4.655000e-05	8.214576e-03	-7.017970e+00
4.656000e-05	3.536105e-03	-7.039455e+00
4.657000e-05	-1.015232e-02	-6.961575e+00
4.658000e-05	-4.996937e-03	-7.020454e+00
4.659000e-05	8.606751e-03	-7.050451e+00
4.660000e-05	5.045248e-03	-7.030634e+00
4.661000e-05	3.736176e-04	-7.041049e+00
4.662000e-05	-6.271613e-03	-7.001924e+00
4.663000e-05	3.527336e-03	-6.980824e+00
4.664000e-05	7.716708e-03	-6.956412e+00
4.665000e-05	-4.099187e-04	-6.886922e+00
4.666000e-05	-6.549559e-03	-6.886761e+00
4.667000e-05	-1.721451e-03	-6.932184e+00
4.668000e-05	8.659224e-03	-6.831578e+00
4.669000e-05	5.854624e-03	-6.860052e+00
4.670000e-05	-1.431905e-03	-6.830974e+00
4.671000e-05	-5.301989e-03	-6.809501e+00
4.672000e-05	2.358640e-03	-6.759946e+00
4.673000e-05	6.667041e-03	-6.716293e+00
4.674000e-05	1.936040e-04	-6.705789e+00
4.675000e-05	-3.763779e-03	-6.683110e+00
4.676000e-05	-1.252933e-03	-6.621578e+00
4.677000e-05	5.340189e-03	-6.549499e+00
4.678000e-05	4.259205e-03	-6.506841e+00
4.679000e-05	-3.766168e-03	-6.484711e+00
4.680000e-05	-3.931364e-03	-6.422025e+00
4.681000e-05	2.716014e-03	-6.400048e+00
4.682000e-05	5.832422e-03	-6.308871e+00
4.683000e-05	-4.216908e-04	-6.274235e+00
4.684000e-05	-3.913892e-03	-6.160521e+00
4.685000e-05	-1.048707e-03	-6.103767e+00
4.686000e-05	4.347182e-03	-6.021501e+00
4.687000e-05	9.690645e-04	-5.969499e+00
4.688000e-05	-4.112822e-03	-5.907262e+00
4.689000e-05	-4.402684e-03	-5.832029e+00
4.690000e-05	2.973039e-03	-5.759497e+00
4.691000e-05	3.995072e-03	-5.684682e+00
4.692000e-05	-4.454021e-04	-5.621075e+00
4.693000e-05	-4.511896e-03	-5.527966e+00
4.694000e-05	-1.190686e-03	-5.394634e+00
4.695000e-05	2.759113e-03	-5.273282e+00
4.696000e-05	4.041314e-04	-5.222002e+00
4.697000e-05	-4.946816e-03	-5.086365e+00
4.698000e-05	-2.770297e-03	-5.002029e+00
4.699000e-05	3.354353e-03	-4.906318e+00
4.700000e-05	2.472859e-03	-4.740491e+00
4.701000e-05	-1.884209e-03	-4.661632e+00
4.702000e-05	-4.910920e-03	-4.589471e+00
4.703000e-05	-1.082222e-03	-4.475132e+00
4.704000e-05	1.891575e-03	-4.400524e+00
4.705000e-05	-5.153611e-04	-4.318345e+00
4.706000e-05	-4.282261e-03	-4.240578e+00
4.707000e-05	-2.471098e-03	-4.094792e+00
4.708000e-05	1.003160e-03	-4.010025e+00
4.709000e-05	1.146818e-04	-3.938399e+00
4.710000e-05	-3.064378e-03	-3.791424e+00
4.711000e-05	-5.423744e-03	-3.661553e+00
4.712000e-05	-2.375800e-04	-3.568921e+00
4.713000e-05	3.043221e-03	-3.432631e+00
4.714000e-05	-1.530987e-03	-3.357392e+00
4.715000e-05	-4.574856e-03	-3.231078e+00
4.716000e-05	-4.033380e-03	-3.136316e+00
4.717000e-05	-3.911008e-05	-2.938825e+00
4.718000e-05	-8.447675e-04	-2.821526e+00
4.719000e-05	-4.798637e-03	-2.727366e+00
4.720000e-05	-4.319251e-03	-2.581073e+00
4.721000e-05	-2.597561e-03	-2.433157e+00
4.722000e-05	1.389479e-03	-2.369974e+00
4.723000e-05	-3.139721e-03	-2.222579e+00
4.724000e-05	-4.661065e-03	-2.042104e+00
4.725000e-05	-5.087342e-03	-1.978946e+00
4.726000e-05	-4.481561e-04	-1.822128e+00
4.727000e-05	-4.704221e-03	-1.716842e+00
4.728000e-05	-3.695444e-03	-1.611001e+00
4.729000e-05	-5.994348e-03	-1.505307e+00
4.730000e-05	-8.715429e-04	-1.254208e+00
4.731000e-05	-4.388458e-04	-1.108312e+00
4.732000e-05	-2.341684e-03	-9.999749e-01
4.733000e-05	-6.981221e-03	-8.537055e-01
4.734000e-05	-4.939816e-03	-7.899734e-01
4.735000e-05	-4.044703e-03	-5.817516e-01
4.736000e-05	-2.245518e-03	-4.211277e-01
4.737000e-05	-4.841247e-03	-3.178171e-01
4.738000e-05	-3.665436e-03	-2.010513e-01
4.739000e-05	-9.743591e-04	-1.262831e-01
4.740000e-05	9.837532e-04	5.263094e-04
4.741000e-05	-1.894066e-03	1.458447e-01
4.742000e-05	-4.558044e-03	3.353169e-01
4.743000e-05	-1.681872e-03	4.010302e-01
4.744000e-05	1.263542e-04	5.757670e-01
4.745000e-05	1.192106e-03	6.016075e-01
4.746000e-05	-4.532949e-03	7.468736e-01
4.747000e-05	3.906761e-03	8.511353e-01
4.748000e-05	3.737223e-02	1.018554e+00
4.749000e-05	4.729750e-02	1.220080e+00
4.750000e-05	-5.028949e-02	1.420079e+00
4.751000e-05	-6.115953e-02	1.632105e+00
4.752000e-05	-1.083848e-01	1.736317e+00
4.753000e-05	1.135302e-01	1.738945e+00
4.754000e-05	4.881497e-02	1.914241e+00
4.755000e-05	-1.749763e-01	1.999500e+00
4.756000e-05	6.974377e-02	2.043158e+00
4.757000e-05	1.057955e-01	2.262131e+00
4.758000e-05	-1.264902e-01	2.389449e+00
4.759000e-05	8.549102e-03	2.390052e+00
4.760000e-05	7.662813e-02	2.567377e+00
4.761000e-05	-1.546207e-01	2.788895e+00
4.762000e-05	3.464561e-02	2.842653e+00
4.763000e-05	1.105654e-01	2.978950e+00
4.764000e-05	-8.347092e-02	3.073760e+00
4.765000e-05	8.703818e-03	3.188473e+00
4.766000e-05	4.170135e-03	3.283691e+00
4.767000e-05	-5.227965e-02	3.462132e+00
4.768000e-05	4.873271e-02	3.598976e+00
4.769000e-05	-3.175405e-02	3.664160e+00
4.770000e-05	-3.349411e-02	3.819953e+00
4.771000e-05	6.284163e-02	3.894812e+00
4.772000e-05	-8.944217e-03	4.001026e+00
4.773000e-05	-2.727785e-02	4.123188e+00
4.774000e-05	-1.052767e-02	4.282659e+00
4.775000e-05	-2.054312e-02	4.358471e+00
4.776000e-05	-2.555065e-03	4.452636e+00
4.777000e-05	3.165598e-02	4.567895e+00
4.778000e-05	-2.993443e-03	4.693134e+00
4.779000e-05	-4.447286e-02	4.787471e+00
4.780000e-05	1.388114e-02	4.853630e+00
4.781000e-05	1.519547e-02	4.945895e+00
4.782000e-05	-2.613846e-02	5.095271e+00
4.783000e-05	-1.661424e-02	5.222054e+00
4.784000e-05	-3.829896e-03	5.334363e+00
4.785000e-05	2.698911e-03	5.399975e+00
4.786000e-05	2.305802e-02	5.451603e+00
4.787000e-05	-2.571478e-02	5.546920e+00
4.788000e-05	-2.257752e-02	5.610000e+00
4.789000e-05	-1.079240e-03	5.641662e+00
4.790000e-05	7.574385e-03	5.829271e+00
4.791000e-05	-3.956930e-03	5.893217e+00
4.792000e-05	-2.184407e-02	5.989926e+00
4.793000e-05	-4.305143e-03	6.010503e+00
4.794000e-05	7.307826e-03	6.083737e+00
4.795000e-05	5.198749e-03	6.135812e+00
4.796000e-05	-2.284025e-02	6.199977e+00
4.797000e-05	-1.982463e-02	6.262109e+00
4.798000e-05	1.938923e-03	6.296263e+00
4.799000e-05	6.863427e-03	6.388425e+00
4.800000e-05	-9.053365e-03	6.408503e+00
4.801000e-05	-1.912337e-02	6.472603e+00
4.802000e-05	-7.224121e-03	6.534712e+00
4.803000e-05	7.279753e-03	6.557349e+00
4.804000e-05	-6.250735e-04	6.578996e+00
4.805000e-05	-2.214512e-02	6.651791e+00
4.806000e-05	-1.525129e-02	6.746867e+00
4.807000e-05	2.512290e-03	6.767420e+00
4.808000e-05	7.052438e-03	6.789475e+00
4.809000e-05	-1.041371e-02	6.799000e+00
4.810000e-05	-2.134421e-02	6.799500e+00
4.811000e-05	-7.765321e-03	6.850105e+00
4.812000e-05	2.271895e-03	6.851583e+00
4.813000e-05	-2.449788e-03	6.822129e+00
4.814000e-05	-1.637670e-02	6.844157e+00
4.815000e-05	-1.082238e-02	6.903759e+00
4.816000e-05	8.962806e-04	6.914263e+00
4.817000e-05	2.192512e-04	6.872214e+00
4.818000e-05	-1.470019e-02	6.855261e+00
4.819000e-05	-1.754434e-02	6.904737e+00
4.820000e-05	-4.991468e-03	6.925265e+00
4.821000e-05	1.347793e-03	6.945367e+00
4.822000e-05	-5.215508e-03	6.903859e+00
4.823000e-05	-1.389872e-02	6.885733e+00
4.824000e-05	-1.033941e-02	6.904712e+00
4.825000e-05	-1.884455e-03	6.883189e+00
4.826000e-05	-2.574483e-03	6.842152e+00
4.827000e-05	-1.467162e-02	6.842129e+00
4.828000e-05	-1.460341e-02	6.851979e+00
4.829000e-05	-3.176214e-03	6.831528e+00
4.830000e-05	3.338085e-05	6.779550e+00
4.831000e-05	-7.262164e-03	6.779473e+00
4.832000e-05	-1.578809e-02	6.728473e+00
4.833000e-05	-1.051601e-02	6.716942e+00
4.834000e-05	-2.084295e-03	6.695287e+00
4.835000e-05	-3.745355e-03	6.601620e+00
4.836000e-05	-1.175004e-02	6.545394e+00
4.837000e-05	-1.237345e-02	6.503159e+00
4.838000e-05	-5.184108e-03	6.441602e+00
4.839000e-05	-2.189782e-03	6.409999e+00
4.840000e-05	-8.146597e-03	6.368498e+00
4.841000e-05	-1.402912e-02	6.315242e+00
4.842000e-05	-8.771906e-03	6.271733e+00
4.843000e-05	-2.458941e-03	6.240552e+00
4.844000e-05	-4.103783e-03	6.166391e+00
4.845000e-05	-1.071712e-02	6.054737e+00
4.846000e-05	-1.021977e-02	6.051603e+00
4.847000e-05	-5.686848e-03	5.990000e+00
4.848000e-05	-3.963837e-03	5.926921e+00
4.849000e-05	-1.041781e-02	5.821729e+00
4.850000e-05	-1.050517e-02	5.694817e+00
4.851000e-05	-7.089530e-03	5.621080e+00
4.852000e-05	-9.375224e-04	5.577474e+00
4.853000e-05	-7.789195e-03	5.495212e+00
4.854000e-05	-8.967014e-03	5.430052e+00
4.855000e-05	-1.022049e-02	5.335889e+00
4.856000e-05	-3.483343e-03	5.240638e+00
4.857000e-05	-4.583663e-03	5.148321e+00
4.858000e-05	-7.436559e-03	5.021579e+00
4.859000e-05	-1.166991e-02	4.872183e+00
4.860000e-05	-4.165312e-03	4.779998e+00
4.861000e-05	-4.273296e-03	4.714235e+00
4.862000e-05	-4.615477e-03	4.609649e+00
4.863000e-05	-1.118000e-02	4.516715e+00
4.864000e-05	-7.758861e-03	4.420573e+00
4.865000e-05	-4.284554e-03	4.357446e+00
4.866000e-05	-4.142497e-03	4.210096e+00
4.867000e-05	-8.211794e-03	4.073729e+00
4.868000e-05	-9.962656e-03	3.958471e+00
4.869000e-05	-4.949974e-03	3.853181e+00
4.870000e-05	-4.084191e-03	3.808021e+00
4.871000e-05	-5.631215e-03	3.652183e+00
4.872000e-05	-9.502257e-03	3.559023e+00
4.873000e-05	-5.907293e-03	3.432657e+00
4.874000e-05	-3.377361e-03	3.246207e+00
4.875000e-05	-3.947491e-03	3.189475e+00
4.876000e-05	-8.235117e-03	3.073231e+00
4.877000e-05	-8.088725e-03	2.977419e+00
4.878000e-05	-4.814779e-03	2.851181e+00
4.879000e-05	-3.338265e-03	2.778446e+00
4.880000e-05	-6.613353e-03	2.580625e+00
4.881000e-05	-8.674717e-03	2.431708e+00
4.882000e-05	-5.379974e-03	2.338369e+00
4.883000e-05	-3.536805e-03	2.250003e+00
4.884000e-05	-4.074259e-03	2.063810e+00
4.885000e-05	-7.782095e-03	2.010022e+00
4.886000e-05	-6.704697e-03	1.884809e+00
4.887000e-05	-4.221243e-03	1.724413e+00
4.888000e-05	-2.385597e-03	1.580048e+00
4.889000e-05	-6.872382e-03	1.493552e+00
4.890000e-05	-7.968183e-03	1.343860e+00
4.891000e-05	-5.218575e-03	1.218496e+00
4.892000e-05	-3.046607e-03	1.020648e+00
4.893000e-05	-3.824769e-03	8.121517e-01
4.894000e-05	-6.774126e-03	7.453884e-01
4.895000e-05	-5.459512e-03	6.104514e-01
4.896000e-05	-3.241505e-03	4.436793e-01
4.897000e-05	-3.050930e-03	3.794712e-01
4.898000e-05	-6.088346e-03	2.516778e-01
4.899000e-05	-6.593045e-03	4.208420e-02
4.900000e-05	-2.126075e-03	-6.256395e-02
4.901000e-05	2.463711e-03	-1.598484e-01
4.902000e-05	7.231245e-04	-3.036881e-01
4.903000e-05	-3.078567e-03	-3.895000e-01
4.904000e-05	-2.212049e-03	-4.467918e-01
4.905000e-05	-1.421306e-03	-6.751865e-01
4.906000e-05	-1.518226e-03	-8.089749e-01
4.907000e-05	-3.420858e-03	-8.841855e-01
4.908000e-05	1.697842e-02	-1.020951e+00
4.909000e-05	8.042133e-02	-1.125292e+00
4.910000e-05	-3.482302e-02	-1.400245e+00
4.911000e-05	-4.218035e-02	-1.662555e+00
4.912000e-05	-1.318069e-01	-1.768974e+00
4.913000e-05	1.033360e-01	-1.767795e+00
4.914000e-05	8.254548e-02	-1.728422e+00
4.915000e-05	-1.765335e-01	-1.999872e+00
4.916000e-05	4.661131e-02	-2.127267e+00
4.917000e-05	1.562666e-01	-2.107265e+00
4.918000e-05	-1.521161e-01	-2.386824e+00
4.919000e-05	-3.317296e-02	-2.568847e+00
4.920000e-05	1.396741e-01	-2.580524e+00
4.921000e-05	-1.612837e-01	-2.747291e+00
4.922000e-05	-4.024635e-02	-2.831630e+00
4.923000e-05	1.654556e-01	-2.855668e+00
4.924000e-05	-1.038668e-01	-3.147797e+00
4.925000e-05	2.198472e-02	-3.242581e+00
4.926000e-05	4.089099e-02	-3.306267e+00
4.927000e-05	-1.284755e-01	-3.525664e+00
4.928000e-05	1.126495e-01	-3.579974e+00
4.929000e-05	-2.570532e-02	-3.651032e+00
4.930000e-05	-8.312333e-02	-3.884587e+00
4.931000e-05	1.302142e-01	-3.968320e+00
4.932000e-05	-3.855265e-02	-4.072609e+00
4.933000e-05	-2.111905e-02	-4.188951e+00
4.934000e-05	3.493669e-02	-4.263684e+00
4.935000e-05	-7.540478e-02	-4.388475e+00
4.936000e-05	3.484989e-02	-4.411033e+00
4.937000e-05	2.641027e-02	-4.549848e+00
4.938000e-05	-3.376069e-03	-4.675138e+00
4.939000e-05	-3.977115e-03	-4.757815e+00
4.940000e-05	-3.115209e-02	-4.864703e+00
4.941000e-05	5.533695e-02	-4.999350e+00
4.942000e-05	-2.890841e-02	-5.024633e+00
4.943000e-05	-2.136644e-02	-5.138897e+00
4.944000e-05	2.531274e-02	-5.214080e+00
4.945000e-05	-2.560375e-02	-5.380327e+00
4.946000e-05	5.783059e-02	-5.535339e+00
4.947000e-05	-2.382077e-02	-5.589497e+00
4.948000e-05	-3.099809e-02	-5.653056e+00
4.949000e-05	3.029555e-02	-5.697266e+00
4.950000e-05	-1.665361e-02	-5.801028e+00
4.951000e-05	2.313826e-02	-5.884612e+00
4.952000e-05	-1.730267e-02	-5.946343e+00
4.953000e-05	-1.041268e-02	-5.988475e+00
4.954000e-05	2.783418e-02	-6.032505e+00
4.955000e-05	-6.027513e-03	-6.084345e+00
4.956000e-05	9.889323e-04	-6.222102e+00
4.957000e-05	-1.824560e-02	-6.276714e+00
4.958000e-05	6.207768e-03	-6.380924e+00
4.959000e-05	2.008447e-02	-6.421003e+00
4.960000e-05	-1.096840e-02	-6.443109e+00
4.961000e-05	2.723530e-03	-6.505238e+00
4.962000e-05	-1.293310e-02	-6.557898e+00
4.963000e-05	1.660804e-02	-6.632525e+00
4.964000e-05	7.948413e-03	-6.632612e+00
4.965000e-05	-1.555023e-02	-6.685291e+00
4.966000e-05	5.185501e-04	-6.747318e+00
4.967000e-05	-2.488787e-04	-6.769924e+00
4.968000e-05	1.661835e-02	-6.799424e+00
4.969000e-05	-3.140319e-03	-6.810503e+00
4.970000e-05	-1.201222e-02	-6.830055e+00
4.971000e-05	1.489866e-03	-6.872558e+00
4.972000e-05	6.533927e-03	-6.894684e+00
4.973000e-05	7.040432e-03	-6.863139e+00
4.974000e-05	-8.876888e-03	-6.926365e+00
4.975000e-05	-1.626595e-03	-7.000365e+00
4.976000e-05	5.873031e-03	-6.979370e+00
4.977000e-05	8.184897e-03	-6.991451e+00
4.978000e-05	-2.163888e-03	-7.050900e+00
4.979000e-05	-1.017480e-02	-7.041573e+00
4.980000e-05	1.359363e-03	-7.032029e+00
4.981000e-05	8.215461e-03	-6.972449e+00
4.982000e-05	2.828562e-03	-7.002551e+00
4.983000e-05	-3.157082e-03	-6.992094e+00
4.984000e-05	-3.913755e-03	-6.987923e+00
4.985000e-05	6.379549e-03	-6.970346e+00
4.986000e-05	6.470170e-03	-6.940364e+00
4.987000e-05	-3.708341e-03	-6.986344e+00
4.988000e-05	-5.478626e-03	-6.914366e+00
4.989000e-05	2.785306e-03	-6.884684e+00
4.990000e-05	7.409197e-03	-6.830681e+00
4.991000e-05	2.030281e-03	-6.811527e+00
4.992000e-05	-4.140553e-03	-6.810474e+00
4.993000e-05	-2.718434e-03	-6.809974e+00
4.994000e-05	5.354233e-03	-6.749945e+00
4.995000e-05	5.420783e-03	-6.707288e+00
4.996000e-05	-1.868942e-03	-6.674258e+00
4.997000e-05	-3.184838e-03	-6.653604e+00
4.998000e-05	1.340281e-03	-6.599028e+00
4.999000e-05	5.566238e-03	-6.587419e+00
