# 260826_11:55:37.734987
t	CH1	CH2
0.000000e+00	-1.012941e-02	3.347419e+00
1.000000e-08	-1.482689e-02	3.493184e+00
2.000000e-08	1.231326e-02	3.598970e+00
3.000000e-08	-3.311459e-02	3.663709e+00
4.000000e-08	-9.527578e-03	3.776969e+00
5.000000e-08	2.228340e-02	3.841707e+00
6.000000e-08	7.546674e-04	3.995867e+00
7.000000e-08	-2.048817e-02	4.000151e+00
8.000000e-08	-3.841957e-03	4.095342e+00
9.000000e-08	-8.533700e-03	4.208678e+00
1.000000e-07	-2.255444e-03	4.325942e+00
1.100000e-07	-4.905773e-03	4.411101e+00
1.200000e-07	-7.605900e-03	4.533788e+00
1.300000e-07	-1.345610e-02	4.608550e+00
1.400000e-07	8.157299e-03	4.653232e+00
1.500000e-07	2.659503e-03	4.757947e+00
1.600000e-07	-2.286507e-02	4.822132e+00
1.700000e-07	-1.172350e-02	4.906792e+00
1.800000e-07	-9.804305e-03	5.073179e+00
1.900000e-07	3.324836e-03	5.165945e+00
2.000000e-07	-3.305541e-03	5.261604e+00
2.100000e-07	-1.140561e-02	5.326940e+00
2.200000e-07	-9.776704e-03	5.391024e+00
2.300000e-07	-2.350570e-03	5.483262e+00
2.400000e-07	-4.128923e-04	5.547892e+00
2.500000e-07	-1.613095e-02	5.590050e+00
2.600000e-07	-1.589325e-02	5.643158e+00
2.700000e-07	-8.202550e-03	5.726968e+00
2.800000e-07	6.023224e-04	5.843152e+00
2.900000e-07	-6.028555e-03	5.934792e+00
3.000000e-07	-1.403773e-02	5.999494e+00
3.100000e-07	-1.088662e-02	6.022080e+00
3.200000e-07	-4.548737e-03	6.053736e+00
3.300000e-07	-2.684480e-03	6.126942e+00
3.400000e-07	-1.294839e-02	6.200025e+00
3.500000e-07	-1.373246e-02	6.254154e+00
3.600000e-07	-1.135576e-02	6.367265e+00
3.700000e-07	-2.464262e-03	6.358945e+00
3.800000e-07	-8.736148e-03	6.380025e+00
3.900000e-07	-1.151224e-02	6.482658e+00
4.000000e-07	-1.170849e-02	6.526861e+00
4.100000e-07	-5.059694e-03	6.610554e+00
4.200000e-07	-3.919714e-03	6.662703e+00
4.300000e-07	-1.269831e-02	6.725389e+00
4.400000e-07	-1.424435e-02	6.747944e+00
4.500000e-07	-1.363056e-02	6.789474e+00
4.600000e-07	-6.059663e-03	6.820629e+00
4.700000e-07	-8.565066e-03	6.853106e+00
4.800000e-07	-1.080549e-02	6.873236e+00
4.900000e-07	-1.326773e-02	6.947367e+00
5.000000e-07	-7.632684e-03	6.926443e+00
5.100000e-07	-6.711411e-03	7.002001e+00
5.200000e-07	-1.240417e-02	7.013129e+00
5.300000e-07	-1.620668e-02	7.054658e+00
5.400000e-07	-1.355414e-02	7.103788e+00
5.500000e-07	-7.866245e-03	7.086767e+00
5.600000e-07	-7.209201e-03	7.147394e+00
5.700000e-07	-1.002223e-02	7.167946e+00
5.800000e-07	-1.440358e-02	7.180026e+00
5.900000e-07	-1.155512e-02	7.199553e+00
6.000000e-07	-1.076586e-02	7.251030e+00
6.100000e-07	-1.259364e-02	7.241051e+00
6.200000e-07	-1.779711e-02	7.261159e+00
6.300000e-07	-1.555281e-02	7.262181e+00
6.400000e-07	-9.881146e-03	7.284787e+00
6.500000e-07	-8.625357e-03	7.315794e+00
6.600000e-07	-1.245775e-02	7.295342e+00
6.700000e-07	-1.688211e-02	7.348842e+00
6.800000e-07	-1.403437e-02	7.348340e+00
6.900000e-07	-1.268930e-02	7.326818e+00
7.000000e-07	-1.386787e-02	7.339519e+00
7.100000e-07	-1.675878e-02	7.308895e+00
7.200000e-07	-1.629744e-02	7.368845e+00
7.300000e-07	-1.205738e-02	7.349521e+00
7.400000e-07	-1.183612e-02	7.328897e+00
7.500000e-07	-1.686527e-02	7.337345e+00
7.600000e-07	-2.046753e-02	7.339443e+00
7.700000e-07	-1.790828e-02	7.347814e+00
7.800000e-07	-1.567594e-02	7.357217e+00
7.900000e-07	-1.718987e-02	7.328888e+00
8.000000e-07	-1.943578e-02	7.276335e+00
8.100000e-07	-1.824772e-02	7.305209e+00
8.200000e-07	-1.606076e-02	7.252158e+00
8.300000e-07	-1.777642e-02	7.232109e+00
8.400000e-07	-2.086025e-02	7.210527e+00
8.500000e-07	-2.239245e-02	7.200528e+00
8.600000e-07	-2.093288e-02	7.169475e+00
8.700000e-07	-2.002519e-02	7.169423e+00
8.800000e-07	-2.058163e-02	7.149446e+00
8.900000e-07	-2.300640e-02	7.116966e+00
9.000000e-07	-2.259620e-02	7.095738e+00
9.100000e-07	-2.155795e-02	7.063261e+00
9.200000e-07	-2.211793e-02	7.031634e+00
9.300000e-07	-2.550645e-02	7.002028e+00
9.400000e-07	-2.558186e-02	6.960000e+00
9.500000e-07	-2.511093e-02	6.927823e+00
9.600000e-07	-2.373947e-02	6.874712e+00
9.700000e-07	-2.545521e-02	6.854112e+00
9.800000e-07	-2.697532e-02	6.842551e+00
9.900000e-07	-2.789753e-02	6.840478e+00
1.000000e-06	-2.697167e-02	6.748946e+00
1.010000e-06	-2.590003e-02	6.717367e+00
1.020000e-06	-2.647637e-02	6.654613e+00
1.030000e-06	-2.738436e-02	6.582521e+00
1.040000e-06	-2.693015e-02	6.537420e+00
1.050000e-06	-2.609223e-02	6.482638e+00
1.060000e-06	-2.604019e-02	6.401076e+00
1.070000e-06	-2.564220e-02	6.389449e+00
1.080000e-06	-2.495122e-02	6.327916e+00
1.090000e-06	-2.283289e-02	6.284687e+00
1.100000e-06	-2.155377e-02	6.223579e+00
1.110000e-06	-2.053178e-02	6.170974e+00
1.120000e-06	-2.088204e-02	6.116365e+00
1.130000e-06	-1.946899e-02	6.034685e+00
1.140000e-06	-1.780840e-02	6.012551e+00
1.150000e-06	-1.603219e-02	5.958449e+00
1.160000e-06	-1.703119e-02	5.885286e+00
1.170000e-06	-1.682636e-02	5.781429e+00
1.180000e-06	-1.524432e-02	5.687664e+00
1.190000e-06	-1.372377e-02	5.623053e+00
1.200000e-06	-1.338964e-02	5.569449e+00
1.210000e-06	-1.346767e-02	5.504191e+00
1.220000e-06	-1.324693e-02	5.433032e+00
1.230000e-06	-1.188860e-02	5.348871e+00
1.240000e-06	-1.155171e-02	5.285737e+00
1.250000e-06	-1.188667e-02	5.211004e+00
1.260000e-06	-1.247931e-02	5.056318e+00
1.270000e-06	-1.150354e-02	4.991878e+00
1.280000e-06	-1.062498e-02	4.854158e+00
1.290000e-06	-1.007552e-02	4.810003e+00
1.300000e-06	-1.000409e-02	4.748242e+00
1.310000e-06	-9.843018e-03	4.643633e+00
1.320000e-06	-9.001430e-03	4.569495e+00
1.330000e-06	-9.414558e-03	4.465658e+00
1.340000e-06	-8.937159e-03	4.411479e+00
1.350000e-06	-8.997242e-03	4.328920e+00
1.360000e-06	-9.194024e-03	4.283563e+00
1.370000e-06	-9.472395e-03	4.077246e+00
1.380000e-06	-8.615316e-03	4.011005e+00
1.390000e-06	-8.791042e-03	3.939943e+00
1.400000e-06	-8.583038e-03	3.845635e+00
1.410000e-06	-8.512112e-03	3.780450e+00
1.420000e-06	-8.190229e-03	3.654214e+00
1.430000e-06	-7.443150e-03	3.610529e+00
1.440000e-06	-7.203705e-03	3.537891e+00
1.450000e-06	-7.488502e-03	3.432488e+00
1.460000e-06	-7.453267e-03	3.276110e+00
1.470000e-06	-7.154719e-03	3.179974e+00
1.480000e-06	-6.790750e-03	3.096162e+00
1.490000e-06	-6.123195e-03	3.010503e+00
1.500000e-06	-6.878614e-03	2.866217e+00
1.510000e-06	-6.506341e-03	2.842500e+00
1.520000e-06	-6.514291e-03	2.747447e+00
1.530000e-06	-6.169308e-03	2.623854e+00
1.540000e-06	-7.163479e-03	2.486134e+00
1.550000e-06	-7.111577e-03	2.397974e+00
1.560000e-06	-6.119807e-03	2.304639e+00
1.570000e-06	-5.927774e-03	2.168424e+00
1.580000e-06	-5.775522e-03	2.104587e+00
1.590000e-06	-5.591290e-03	2.000501e+00
1.600000e-06	-5.919314e-03	1.926817e+00
1.610000e-06	-5.960713e-03	1.818353e+00
1.620000e-06	-5.171429e-03	1.686241e+00
1.630000e-06	-4.933587e-03	1.566924e+00
1.640000e-06	-4.959627e-03	1.472590e+00
1.650000e-06	-5.252742e-03	1.339338e+00
1.660000e-06	-5.316430e-03	1.252532e+00
1.670000e-06	-5.247570e-03	1.186397e+00
1.680000e-06	-5.262636e-03	9.803239e-01
1.690000e-06	-5.571953e-03	8.340853e-01
1.700000e-06	-4.751465e-03	7.683923e-01
1.710000e-06	-4.249931e-03	6.431367e-01
1.720000e-06	-4.246695e-03	5.483647e-01
1.730000e-06	-3.905875e-03	4.220589e-01
1.740000e-06	-4.328037e-03	3.484224e-01
1.750000e-06	-4.594505e-03	2.130830e-01
1.760000e-06	-5.084298e-03	1.052108e-01
1.770000e-06	-3.668313e-03	-9.962469e-04
1.780000e-06	-2.549223e-03	-1.248366e-01
1.790000e-06	-2.767918e-04	-2.095237e-01
1.800000e-06	1.844042e-03	-2.732855e-01
1.810000e-06	-1.731932e-05	-3.984961e-01
1.820000e-06	2.172263e-04	-4.522065e-01
1.830000e-06	-9.431804e-04	-5.975998e-01
1.840000e-06	-9.661560e-04	-7.469646e-01
1.850000e-06	8.311628e-03	-8.105011e-01
1.860000e-06	5.933270e-02	-8.947858e-01
1.870000e-06	2.318728e-02	-1.040680e+00
1.880000e-06	-4.549376e-02	-1.310755e+00
1.890000e-06	-1.046151e-01	-1.470173e+00
1.900000e-06	7.193051e-02	-1.405131e+00
1.910000e-06	7.902150e-02	-1.484130e+00
1.920000e-06	-1.262033e-01	-1.691703e+00
1.930000e-06	-7.609001e-04	-1.797996e+00
1.940000e-06	1.352134e-01	-1.811950e+00
1.950000e-06	-7.016304e-02	-1.934408e+00
1.960000e-06	-8.648132e-02	-2.031203e+00
1.970000e-06	1.184369e-01	-2.095763e+00
1.980000e-06	-1.986624e-02	-2.242728e+00
1.990000e-06	-1.126299e-01	-2.398099e+00
2.000000e-06	1.060547e-01	-2.436632e+00
2.010000e-06	9.665661e-03	-2.599469e+00
2.020000e-06	-6.769730e-02	-2.696388e+00
2.030000e-06	7.345572e-02	-2.779442e+00
2.040000e-06	-4.678321e-02	-2.853704e+00
2.050000e-06	-1.382993e-02	-2.978072e+00
2.060000e-06	5.496385e-02	-3.116837e+00
2.070000e-06	-5.812035e-02	-3.180046e+00
2.080000e-06	3.942222e-02	-3.285313e+00
2.090000e-06	2.721540e-02	-3.340517e+00
2.100000e-06	-5.753681e-02	-3.504761e+00
2.110000e-06	5.620878e-02	-3.588445e+00
2.120000e-06	-1.556295e-02	-3.623203e+00
2.130000e-06	-4.305745e-02	-3.718461e+00
2.140000e-06	5.891932e-02	-3.873258e+00
2.150000e-06	-1.495025e-02	-3.989522e+00
2.160000e-06	3.777608e-03	-4.023258e+00
2.170000e-06	1.138724e-02	-4.146418e+00
2.180000e-06	-2.472398e-02	-4.211601e+00
2.190000e-06	2.798998e-02	-4.337371e+00
2.200000e-06	-1.301747e-02	-4.409500e+00
2.210000e-06	1.299853e-03	-4.444184e+00
2.220000e-06	7.549509e-03	-4.547788e+00
2.230000e-06	-6.054701e-03	-4.642632e+00
2.240000e-06	2.628326e-02	-4.706917e+00
2.250000e-06	-1.112259e-02	-4.791100e+00
2.260000e-06	-3.242469e-03	-4.895865e+00
2.270000e-06	1.087551e-02	-5.012550e+00
2.280000e-06	-8.847209e-03	-5.082809e+00
2.290000e-06	2.191828e-02	-5.169945e+00
2.300000e-06	-9.311550e-03	-5.234129e+00
2.310000e-06	-2.805609e-03	-5.329469e+00
2.320000e-06	1.578532e-02	-5.472204e+00
2.330000e-06	-4.803649e-03	-5.557945e+00
2.340000e-06	1.416827e-02	-5.651580e+00
2.350000e-06	-1.200933e-02	-5.675308e+00
2.360000e-06	2.788663e-03	-5.746966e+00
2.370000e-06	1.305467e-02	-5.832626e+00
2.380000e-06	-6.016251e-04	-5.854708e+00
2.390000e-06	1.092325e-02	-5.957367e+00
2.400000e-06	-7.305220e-03	-6.010078e+00
2.410000e-06	8.172590e-03	-6.021627e+00
2.420000e-06	6.407407e-03	-6.107390e+00
2.430000e-06	8.277829e-04	-6.148054e+00
2.440000e-06	6.018517e-03	-6.315812e+00
2.450000e-06	-4.073026e-03	-6.348019e+00
2.460000e-06	1.199684e-02	-6.410101e+00
2.470000e-06	5.526356e-03	-6.411732e+00
2.480000e-06	3.329893e-03	-6.484887e+00
2.490000e-06	1.407549e-03	-6.558395e+00
2.500000e-06	-1.874164e-04	-6.592000e+00
2.510000e-06	1.065535e-02	-6.664134e+00
2.520000e-06	4.580422e-03	-6.685341e+00
2.530000e-06	4.586914e-03	-6.757916e+00
2.540000e-06	3.832828e-03	-6.770049e+00
2.550000e-06	4.642923e-03	-6.809577e+00
2.560000e-06	8.968642e-03	-6.832208e+00
2.570000e-06	3.149236e-03	-6.873938e+00
2.580000e-06	3.293736e-03	-6.936487e+00
2.590000e-06	3.656101e-03	-7.033729e+00
2.600000e-06	7.971293e-03	-7.055811e+00
2.610000e-06	8.524459e-03	-7.146437e+00
2.620000e-06	2.615776e-03	-7.148470e+00
2.630000e-06	3.700794e-03	-7.189970e+00
2.640000e-06	4.030500e-03	-7.200975e+00
2.650000e-06	8.973729e-03	-7.241575e+00
2.660000e-06	6.344881e-03	-7.243781e+00
2.670000e-06	4.104411e-03	-7.243733e+00
2.680000e-06	4.746803e-03	-7.245282e+00
2.690000e-06	8.074633e-03	-7.324291e+00
2.700000e-06	9.235402e-03	-7.317916e+00
2.710000e-06	4.531188e-03	-7.338946e+00
2.720000e-06	4.686788e-03	-7.349395e+00
2.730000e-06	8.019489e-03	-7.359471e+00
2.740000e-06	9.619145e-03	-7.389500e+00
2.750000e-06	7.411279e-03	-7.381026e+00
2.760000e-06	4.958634e-03	-7.382551e+00
2.770000e-06	7.723542e-03	-7.392579e+00
2.780000e-06	8.801301e-03	-7.422153e+00
2.790000e-06	7.942642e-03	-7.413630e+00
2.800000e-06	5.843374e-03	-7.423082e+00
2.810000e-06	6.747494e-03	-7.433105e+00
2.820000e-06	9.592706e-03	-7.442632e+00
2.830000e-06	9.696920e-03	-7.421656e+00
2.840000e-06	1.003455e-02	-7.442204e+00
2.850000e-06	8.678461e-03	-7.423553e+00
2.860000e-06	1.034013e-02	-7.422576e+00
2.870000e-06	1.182396e-02	-7.432599e+00
2.880000e-06	1.110511e-02	-7.402029e+00
2.890000e-06	7.487937e-03	-7.401550e+00
2.900000e-06	1.062066e-02	-7.400030e+00
2.910000e-06	8.449365e-03	-7.388998e+00
2.920000e-06	1.308845e-02	-7.360449e+00
2.930000e-06	1.170694e-02	-7.347893e+00
2.940000e-06	1.444521e-02	-7.328342e+00
2.950000e-06	1.452951e-02	-7.297360e+00
2.960000e-06	1.501772e-02	-7.266786e+00
2.970000e-06	1.492288e-02	-7.244762e+00
2.980000e-06	1.107638e-02	-7.253128e+00
2.990000e-06	1.163449e-02	-7.222556e+00
3.000000e-06	1.029673e-02	-7.182049e+00
3.010000e-06	1.588652e-02	-7.158474e+00
3.020000e-06	1.808589e-02	-7.148946e+00
3.030000e-06	2.080324e-02	-7.098437e+00
3.040000e-06	2.001854e-02	-7.085764e+00
3.050000e-06	1.968555e-02	-7.034713e+00
3.060000e-06	1.601254e-02	-6.980655e+00
3.070000e-06	1.569549e-02	-6.897367e+00
3.080000e-06	1.420655e-02	-6.855356e+00
3.090000e-06	1.704731e-02	-6.842604e+00
3.100000e-06	2.043060e-02	-6.802550e+00
3.110000e-06	2.203075e-02	-6.780521e+00
3.120000e-06	2.323601e-02	-6.738395e+00
3.130000e-06	2.124601e-02	-6.654737e+00
3.140000e-06	2.031207e-02	-6.631107e+00
3.150000e-06	1.689243e-02	-6.561029e+00
3.160000e-06	1.606467e-02	-6.547895e+00
3.170000e-06	1.555464e-02	-6.496762e+00
3.180000e-06	1.763916e-02	-6.452654e+00
3.190000e-06	1.811959e-02	-6.390526e+00
3.200000e-06	1.717021e-02	-6.348921e+00
3.210000e-06	1.440586e-02	-6.275737e+00
3.220000e-06	1.297932e-02	-6.193505e+00
3.230000e-06	9.039937e-03	-6.136840e+00
3.240000e-06	9.133047e-03	-6.023579e+00
3.250000e-06	9.242249e-03	-5.981551e+00
3.260000e-06	1.059374e-02	-5.908416e+00
3.270000e-06	8.705838e-03	-5.845184e+00
3.280000e-06	8.480740e-03	-5.761552e+00
3.290000e-06	6.508055e-03	-5.686920e+00
3.300000e-06	7.222826e-03	-5.643659e+00
3.310000e-06	3.746554e-03	-5.612123e+00
3.320000e-06	3.995360e-03	-5.547943e+00
3.330000e-06	3.122143e-03	-5.461681e+00
3.340000e-06	5.555202e-03	-5.320271e+00
3.350000e-06	5.656113e-03	-5.221633e+00
3.360000e-06	4.804063e-03	-5.179001e+00
3.370000e-06	3.518845e-03	-5.045159e+00
3.380000e-06	1.293378e-03	-4.982054e+00
3.390000e-06	9.296825e-04	-4.926766e+00
3.400000e-06	-5.639235e-05	-4.763521e+00
3.410000e-06	1.384900e-03	-4.682158e+00
3.420000e-06	5.586764e-04	-4.573054e+00
3.430000e-06	2.529241e-03	-4.517367e+00
3.440000e-06	1.773782e-03	-4.433133e+00
3.450000e-06	2.858169e-03	-4.400976e+00
3.460000e-06	2.397280e-04	-4.337320e+00
3.470000e-06	-4.158255e-04	-4.244153e+00
3.480000e-06	-1.492381e-03	-4.138449e+00
3.490000e-06	-6.251264e-04	-4.054185e+00
3.500000e-06	-1.938437e-03	-4.001002e+00
3.510000e-06	-1.041395e-03	-3.906792e+00
3.520000e-06	-1.483139e-03	-3.751047e+00
3.530000e-06	5.029898e-04	-3.644636e+00
3.540000e-06	-9.846245e-04	-3.561999e+00
3.550000e-06	-1.966174e-03	-3.496313e+00
3.560000e-06	-2.238800e-03	-3.383028e+00
3.570000e-06	-3.479515e-03	-3.277787e+00
3.580000e-06	-3.559843e-03	-3.201007e+00
3.590000e-06	-2.934659e-03	-3.096368e+00
3.600000e-06	-9.922302e-04	-2.993455e+00
3.610000e-06	-2.703657e-03	-2.834683e+00
3.620000e-06	-2.607769e-03	-2.779923e+00
3.630000e-06	-3.397053e-03	-2.685186e+00
3.640000e-06	-2.120906e-03	-2.591503e+00
3.650000e-06	-3.897611e-03	-2.443737e+00
3.660000e-06	-5.032592e-03	-2.402002e+00
3.670000e-06	-3.666189e-03	-2.287340e+00
3.680000e-06	-2.804507e-03	-2.199574e+00
3.690000e-06	-2.991046e-03	-2.035132e+00
3.700000e-06	-4.402550e-03	-1.977900e+00
3.710000e-06	-5.619952e-03	-1.865634e+00
3.720000e-06	-4.396050e-03	-1.760476e+00
3.730000e-06	-2.742837e-03	-1.665187e+00
3.740000e-06	-3.860671e-03	-1.601451e+00
3.750000e-06	-4.750245e-03	-1.484135e+00
3.760000e-06	-5.344388e-03	-1.337747e+00
3.770000e-06	-3.805888e-03	-1.201979e+00
3.780000e-06	-3.392241e-03	-1.065662e+00
3.790000e-06	-5.058067e-03	-9.589748e-01
3.800000e-06	-5.977030e-03	-8.745842e-01
3.810000e-06	-4.927125e-03	-7.809738e-01
3.820000e-06	-3.705555e-03	-6.962382e-01
3.830000e-06	-4.389248e-03	-5.377709e-01
3.840000e-06	-6.139791e-03	-4.131053e-01
3.850000e-06	-6.414983e-03	-3.382670e-01
3.860000e-06	-5.211890e-03	-2.040815e-01
3.870000e-06	-4.094682e-03	-1.368422e-01
3.880000e-06	-4.438783e-03	-4.205389e-02
3.890000e-06	-2.771042e-03	6.113021e-02
3.900000e-06	-1.278864e-03	2.075474e-01
3.910000e-06	-1.819711e-03	3.343397e-01
3.920000e-06	-1.558225e-03	4.205013e-01
3.930000e-06	-3.404395e-03	4.837593e-01
3.940000e-06	-3.218591e-03	5.884012e-01
3.950000e-06	4.838098e-04	7.357119e-01
3.960000e-06	2.608328e-02	7.999951e-01
3.970000e-06	5.002230e-02	9.668445e-01
3.980000e-06	-1.095330e-02	1.124936e+00
3.990000e-06	-7.642197e-02	1.242132e+00
4.000000e-06	-7.286635e-02	1.304392e+00
4.010000e-06	9.168454e-02	1.400503e+00
4.020000e-06	2.845146e-02	1.609544e+00
4.030000e-06	-1.562857e-01	1.741687e+00
4.040000e-06	7.456234e-02	1.768924e+00
4.050000e-06	7.823061e-02	1.893311e+00
4.060000e-06	-1.101884e-01	1.988997e+00
4.070000e-06	4.224545e-03	2.020026e+00
4.080000e-06	7.103449e-02	2.146915e+00
4.090000e-06	-9.919175e-02	2.283257e+00
4.100000e-06	-1.353336e-02	2.367897e+00
4.110000e-06	8.948883e-02	2.434129e+00
4.120000e-06	-4.242639e-02	2.587894e+00
4.130000e-06	-2.492381e-02	2.653737e+00
4.140000e-06	2.862151e-02	2.790026e+00
4.150000e-06	-3.220932e-02	2.905317e+00
4.160000e-06	-5.037950e-03	2.967445e+00
4.170000e-06	1.306865e-02	3.062209e+00
4.180000e-06	-3.458392e-02	3.206418e+00
4.190000e-06	2.650809e-02	3.222682e+00
4.200000e-06	-8.094055e-03	3.386392e+00
4.210000e-06	-1.471050e-02	3.462729e+00
4.220000e-06	1.217549e-02	3.587496e+00
4.230000e-06	-2.882659e-02	3.653204e+00
4.240000e-06	-1.358421e-02	3.758369e+00
4.250000e-06	2.064774e-02	3.853106e+00
4.260000e-06	1.271999e-03	3.926390e+00
4.270000e-06	-1.918181e-02	4.000075e+00
4.280000e-06	-2.235826e-03	4.074786e+00
4.290000e-06	-6.791713e-03	4.219595e+00
4.300000e-06	-2.919298e-03	4.335391e+00
4.310000e-06	-7.280917e-03	4.422076e+00
4.320000e-06	-8.903661e-03	4.474812e+00
4.330000e-06	-1.582368e-02	4.588999e+00
4.340000e-06	7.321420e-03	4.652261e+00
4.350000e-06	2.610152e-03	4.776895e+00
4.360000e-06	-1.872728e-02	4.821054e+00
4.370000e-06	-9.227646e-03	4.926861e+00
4.380000e-06	-8.225499e-03	5.081736e+00
4.390000e-06	1.668444e-03	5.158869e+00
4.400000e-06	-4.995291e-03	5.241579e+00
4.410000e-06	-1.176254e-02	5.356388e+00
4.420000e-06	-1.047358e-02	5.419550e+00
4.430000e-06	-1.674862e-03	5.443284e+00
4.440000e-06	-3.695844e-04	5.546916e+00
4.450000e-06	-1.231511e-02	5.600999e+00
4.460000e-06	-1.502528e-02	5.623155e+00
4.470000e-06	-6.785672e-03	5.747439e+00
4.480000e-06	3.079892e-04	5.811628e+00
4.490000e-06	-6.561420e-03	5.914290e+00
4.500000e-06	-1.189204e-02	5.977970e+00
4.510000e-06	-1.230875e-02	6.022080e+00
4.520000e-06	-4.345952e-03	6.073789e+00
4.530000e-06	-3.900005e-03	6.136892e+00
4.540000e-06	-9.700257e-03	6.200449e+00
4.550000e-06	-1.286992e-02	6.261658e+00
4.560000e-06	-8.143837e-03	6.294342e+00
4.570000e-06	-7.884005e-04	6.378995e+00
4.580000e-06	-7.640025e-03	6.421427e+00
4.590000e-06	-1.266287e-02	6.463603e+00
4.600000e-06	-1.561467e-02	6.486862e+00
4.610000e-06	-7.045999e-03	6.600574e+00
4.620000e-06	-5.154816e-03	6.633155e+00
4.630000e-06	-9.211082e-03	6.712263e+00
4.640000e-06	-1.248982e-02	6.787845e+00
4.650000e-06	-1.113586e-02	6.798973e+00
4.660000e-06	-5.885085e-03	6.812101e+00
4.670000e-06	-8.368132e-03	6.883156e+00
4.680000e-06	-1.336307e-02	6.885762e+00
4.690000e-06	-1.493680e-02	6.905341e+00
4.700000e-06	-8.158860e-03	6.968946e+00
4.710000e-06	-5.296357e-03	6.990024e+00
4.720000e-06	-1.049397e-02	7.021600e+00
4.730000e-06	-1.411709e-02	7.064234e+00
4.740000e-06	-1.342120e-02	7.124338e+00
4.750000e-06	-9.211442e-03	7.115341e+00
4.760000e-06	-9.475727e-03	7.117319e+00
4.770000e-06	-1.259520e-02	7.149468e+00
4.780000e-06	-1.551550e-02	7.189945e+00
4.790000e-06	-1.207514e-02	7.190074e+00
4.800000e-06	-1.047809e-02	7.191077e+00
4.810000e-06	-1.227358e-02	7.240603e+00
4.820000e-06	-1.629253e-02	7.223207e+00
4.830000e-06	-1.520120e-02	7.243132e+00
4.840000e-06	-1.123968e-02	7.283791e+00
4.850000e-06	-1.026124e-02	7.265316e+00
4.860000e-06	-1.301256e-02	7.304312e+00
4.870000e-06	-1.621299e-02	7.266891e+00
4.880000e-06	-1.420434e-02	7.338012e+00
4.890000e-06	-1.220483e-02	7.347398e+00
4.900000e-06	-1.359543e-02	7.336898e+00
4.910000e-06	-1.610560e-02	7.377872e+00
4.920000e-06	-1.794387e-02	7.338944e+00
4.930000e-06	-1.473724e-02	7.367951e+00
4.940000e-06	-1.350023e-02	7.368920e+00
4.950000e-06	-1.614396e-02	7.340922e+00
4.960000e-06	-1.865645e-02	7.345914e+00
4.970000e-06	-1.686345e-02	7.318894e+00
4.980000e-06	-1.521315e-02	7.337276e+00
4.990000e-06	-1.533179e-02	7.296291e+00
5.000000e-06	-1.917738e-02	7.294213e+00
5.010000e-06	-1.980461e-02	7.285638e+00
5.020000e-06	-1.955522e-02	7.251157e+00
5.030000e-06	-1.767148e-02	7.234061e+00
5.040000e-06	-1.865708e-02	7.211603e+00
5.050000e-06	-2.067364e-02	7.190559e+00
5.060000e-06	-1.963640e-02	7.201000e+00
5.070000e-06	-2.009615e-02	7.157498e+00
5.080000e-06	-1.959048e-02	7.128899e+00
5.090000e-06	-2.216694e-02	7.157395e+00
5.100000e-06	-2.344201e-02	7.085188e+00
5.110000e-06	-2.327943e-02	7.081236e+00
5.120000e-06	-2.194827e-02	6.991630e+00
5.130000e-06	-2.310587e-02	7.010551e+00
5.140000e-06	-2.409782e-02	6.949475e+00
5.150000e-06	-2.441374e-02	6.936942e+00
5.160000e-06	-2.329930e-02	6.886366e+00
5.170000e-06	-2.433338e-02	6.884084e+00
5.180000e-06	-2.635255e-02	6.830581e+00
5.190000e-06	-2.774619e-02	6.791503e+00
5.200000e-06	-2.689400e-02	6.769949e+00
5.210000e-06	-2.628353e-02	6.727470e+00
5.220000e-06	-2.632760e-02	6.625160e+00
5.230000e-06	-2.809563e-02	6.618554e+00
5.240000e-06	-2.670352e-02	6.515245e+00
5.250000e-06	-2.607108e-02	6.445191e+00
5.260000e-06	-2.469710e-02	6.430028e+00
5.270000e-06	-2.509178e-02	6.378975e+00
5.280000e-06	-2.515634e-02	6.317867e+00
5.290000e-06	-2.279794e-02	6.275266e+00
5.300000e-06	-2.091951e-02	6.222054e+00
5.310000e-06	-2.049966e-02	6.189973e+00
5.320000e-06	-2.058570e-02	6.127820e+00
5.330000e-06	-2.082232e-02	6.064211e+00
5.340000e-06	-1.840767e-02	6.021026e+00
5.350000e-06	-1.649209e-02	5.968922e+00
5.360000e-06	-1.717767e-02	5.907287e+00
5.370000e-06	-1.668547e-02	5.780502e+00
5.380000e-06	-1.643399e-02	5.666186e+00
5.390000e-06	-1.465819e-02	5.579556e+00
5.400000e-06	-1.326276e-02	5.557976e+00
5.410000e-06	-1.445778e-02	5.526339e+00
5.420000e-06	-1.440836e-02	5.432554e+00
5.430000e-06	-1.321423e-02	5.369020e+00
5.440000e-06	-1.142621e-02	5.285713e+00
5.450000e-06	-1.192837e-02	5.230054e+00
5.460000e-06	-1.241381e-02	5.116844e+00
5.470000e-06	-1.263231e-02	5.021451e+00
5.480000e-06	-1.062005e-02	4.852661e+00
5.490000e-06	-9.922260e-03	4.770000e+00
5.500000e-06	-1.072272e-02	4.716818e+00
5.510000e-06	-1.184381e-02	4.652558e+00
5.520000e-06	-1.042162e-02	4.559426e+00
5.530000e-06	-9.572987e-03	4.474235e+00
5.540000e-06	-9.612384e-03	4.420530e+00
5.550000e-06	-1.027257e-02	4.358971e+00
5.560000e-06	-1.010608e-02	4.253034e+00
5.570000e-06	-8.692217e-03	4.178196e+00
5.580000e-06	-7.473620e-03	4.021507e+00
5.590000e-06	-7.983126e-03	3.937848e+00
5.600000e-06	-8.500683e-03	3.842637e+00
5.610000e-06	-9.439912e-03	3.769874e+00
5.620000e-06	-7.786240e-03	3.654686e+00
5.630000e-06	-7.571245e-03	3.600528e+00
5.640000e-06	-6.979061e-03	3.567820e+00
5.650000e-06	-6.817620e-03	3.431508e+00
5.660000e-06	-7.333524e-03	3.284640e+00
5.670000e-06	-6.521191e-03	3.200503e+00
5.680000e-06	-7.109166e-03	3.095713e+00
5.690000e-06	-6.790743e-03	3.010026e+00
5.700000e-06	-7.342134e-03	2.896818e+00
5.710000e-06	-6.989866e-03	2.841053e+00
5.720000e-06	-6.276300e-03	2.777871e+00
5.730000e-06	-5.256154e-03	2.611659e+00
5.740000e-06	-5.836349e-03	2.514638e+00
5.750000e-06	-5.900679e-03	2.408996e+00
5.760000e-06	-6.143958e-03	2.274186e+00
5.770000e-06	-4.920492e-03	2.170424e+00
5.780000e-06	-4.844749e-03	2.084738e+00
5.790000e-06	-5.606890e-03	2.000451e+00
5.800000e-06	-6.072089e-03	1.875816e+00
5.810000e-06	-5.638437e-03	1.780400e+00
5.820000e-06	-5.175233e-03	1.692761e+00
5.830000e-06	-4.628060e-03	1.588948e+00
5.840000e-06	-5.229896e-03	1.443584e+00
5.850000e-06	-5.274112e-03	1.397422e+00
5.860000e-06	-5.481082e-03	1.254109e+00
5.870000e-06	-4.275960e-03	1.146445e+00
5.880000e-06	-4.405673e-03	9.905514e-01
5.890000e-06	-4.956341e-03	8.641142e-01
5.900000e-06	-6.329005e-03	7.368723e-01
5.910000e-06	-4.797063e-03	6.530355e-01
5.920000e-06	-3.702635e-03	5.873451e-01
5.930000e-06	-4.487853e-03	4.420341e-01
5.940000e-06	-4.813274e-03	3.983737e-01
5.950000e-06	-4.421104e-03	2.632581e-01
5.960000e-06	-5.037598e-03	9.619321e-02
5.970000e-06	-2.468242e-03	1.200119e-02
5.980000e-06	-2.017904e-03	-1.143067e-01
5.990000e-06	-1.224680e-03	-1.695023e-01
6.000000e-06	6.031912e-04	-3.047592e-01
6.010000e-06	-5.560374e-04	-3.600187e-01
6.020000e-06	-1.124462e-03	-4.211291e-01
6.030000e-06	-3.006272e-03	-5.799948e-01
6.040000e-06	-1.733550e-03	-7.153596e-01
6.050000e-06	5.897839e-03	-8.005250e-01
6.060000e-06	5.648043e-02	-8.747867e-01
6.070000e-06	3.052038e-02	-1.031630e+00
6.080000e-06	-3.980063e-02	-1.211650e+00
6.090000e-06	-1.058560e-01	-1.391075e+00
6.100000e-06	6.037625e-02	-1.452632e+00
6.110000e-06	8.114215e-02	-1.454182e+00
6.120000e-06	-1.128375e-01	-1.671574e+00
6.130000e-06	-2.728720e-02	-1.757525e+00
6.140000e-06	1.317714e-01	-1.769500e+00
6.150000e-06	-5.558468e-02	-1.914783e+00
6.160000e-06	-1.004644e-01	-2.021031e+00
6.170000e-06	1.149911e-01	-2.085789e+00
6.180000e-06	-4.140482e-03	-2.261703e+00
6.190000e-06	-1.222424e-01	-2.387547e+00
6.200000e-06	1.034775e-01	-2.412680e+00
6.210000e-06	1.918264e-02	-2.548990e+00
6.220000e-06	-7.422842e-02	-2.705339e+00
6.230000e-06	7.001210e-02	-2.778941e+00
6.240000e-06	-4.204417e-02	-2.822705e+00
6.250000e-06	-1.987886e-02	-2.977998e+00
6.260000e-06	5.832396e-02	-3.084258e+00
6.270000e-06	-5.452986e-02	-3.211070e+00
6.280000e-06	3.024782e-02	-3.334712e+00
6.290000e-06	3.635908e-02	-3.348444e+00
6.300000e-06	-5.792663e-02	-3.493234e+00
6.310000e-06	4.993953e-02	-3.557894e+00
6.320000e-06	-8.979164e-03	-3.612029e+00
6.330000e-06	-5.076629e-02	-3.705317e+00
6.340000e-06	5.779382e-02	-3.874135e+00
6.350000e-06	-9.418453e-03	-4.001525e+00
6.360000e-06	-6.511495e-04	-4.063707e+00
6.370000e-06	1.479734e-02	-4.108862e+00
6.380000e-06	-2.493812e-02	-4.221125e+00
6.390000e-06	2.913049e-02	-4.326867e+00
6.400000e-06	-7.866259e-03	-4.401044e+00
6.410000e-06	-2.585027e-03	-4.462705e+00
6.420000e-06	8.574338e-03	-4.518341e+00
6.430000e-06	-7.891712e-03	-4.683706e+00
6.440000e-06	2.696659e-02	-4.696947e+00
6.450000e-06	-7.737911e-03	-4.793022e+00
6.460000e-06	-8.424318e-03	-4.916417e+00
6.470000e-06	1.289974e-02	-4.991574e+00
6.480000e-06	-7.765426e-03	-5.083308e+00
6.490000e-06	2.212761e-02	-5.117997e+00
6.500000e-06	-5.528141e-03	-5.232178e+00
6.510000e-06	-5.515724e-03	-5.308367e+00
6.520000e-06	1.747254e-02	-5.421808e+00
6.530000e-06	-4.354474e-03	-5.568395e+00
6.540000e-06	1.578843e-02	-5.611551e+00
6.550000e-06	-1.156269e-02	-5.633758e+00
6.560000e-06	-5.275853e-04	-5.717396e+00
6.570000e-06	1.390881e-02	-5.791624e+00
6.580000e-06	4.800609e-04	-5.875813e+00
6.590000e-06	1.201943e-02	-5.967865e+00
6.600000e-06	-7.346562e-03	-5.980448e+00
6.610000e-06	6.833725e-03	-6.021578e+00
6.620000e-06	7.825177e-03	-6.127388e+00
6.630000e-06	3.469311e-04	-6.181976e+00
6.640000e-06	4.254818e-03	-6.243309e+00
6.650000e-06	-4.724460e-03	-6.368945e+00
6.660000e-06	1.130890e-02	-6.410078e+00
6.670000e-06	8.656559e-03	-6.433202e+00
6.680000e-06	2.765518e-03	-6.515362e+00
6.690000e-06	1.794971e-03	-6.569446e+00
6.700000e-06	-1.268543e-03	-6.601676e+00
6.710000e-06	1.145441e-02	-6.624730e+00
6.720000e-06	5.180839e-03	-6.666910e+00
6.730000e-06	2.820096e-03	-6.727415e+00
6.740000e-06	1.907951e-03	-6.790521e+00
6.750000e-06	4.254388e-03	-6.831074e+00
6.760000e-06	9.531583e-03	-6.843154e+00
6.770000e-06	2.979782e-03	-6.856312e+00
6.780000e-06	2.020949e-03	-6.959917e+00
6.790000e-06	3.483804e-03	-7.011129e+00
6.800000e-06	8.032152e-03	-7.034313e+00
6.810000e-06	8.987889e-03	-7.087941e+00
6.820000e-06	3.281861e-03	-7.178394e+00
6.830000e-06	1.696079e-03	-7.178498e+00
6.840000e-06	5.228975e-03	-7.200525e+00
6.850000e-06	7.048283e-03	-7.222599e+00
6.860000e-06	9.761104e-03	-7.222510e+00
6.870000e-06	3.054276e-03	-7.244203e+00
6.880000e-06	7.554950e-03	-7.254306e+00
6.890000e-06	6.352263e-03	-7.265888e+00
6.900000e-06	9.739735e-03	-7.317940e+00
6.910000e-06	1.446495e-03	-7.307916e+00
6.920000e-06	3.991216e-03	-7.340395e+00
6.930000e-06	4.656156e-03	-7.377448e+00
6.940000e-06	1.153479e-02	-7.391021e+00
6.950000e-06	1.077948e-02	-7.350049e+00
6.960000e-06	6.786824e-03	-7.401549e+00
6.970000e-06	7.045887e-03	-7.422079e+00
6.980000e-06	7.124932e-03	-7.411103e+00
6.990000e-06	9.117155e-03	-7.424551e+00
7.000000e-06	6.086102e-03	-7.432603e+00
7.010000e-06	7.657094e-03	-7.453154e+00
7.020000e-06	8.734856e-03	-7.421604e+00
7.030000e-06	1.348950e-02	-7.414602e+00
7.040000e-06	1.125121e-02	-7.424224e+00
7.050000e-06	8.739596e-03	-7.414130e+00
7.060000e-06	7.243356e-03	-7.421130e+00
7.070000e-06	9.568237e-03	-7.413127e+00
7.080000e-06	1.100399e-02	-7.403078e+00
7.090000e-06	1.087843e-02	-7.391050e+00
7.100000e-06	1.103247e-02	-7.381523e+00
7.110000e-06	1.148661e-02	-7.360974e+00
7.120000e-06	1.474906e-02	-7.339920e+00
7.130000e-06	1.348417e-02	-7.349471e+00
7.140000e-06	1.250491e-02	-7.317892e+00
7.150000e-06	1.020749e-02	-7.307393e+00
7.160000e-06	1.345060e-02	-7.276341e+00
7.170000e-06	1.482869e-02	-7.265236e+00
7.180000e-06	1.523228e-02	-7.234132e+00
7.190000e-06	1.440896e-02	-7.221555e+00
7.200000e-06	1.435450e-02	-7.181050e+00
7.210000e-06	1.689003e-02	-7.190498e+00
7.220000e-06	1.731800e-02	-7.149946e+00
7.230000e-06	1.693084e-02	-7.149442e+00
7.240000e-06	1.498070e-02	-7.046737e+00
7.250000e-06	1.638043e-02	-7.004255e+00
7.260000e-06	1.787880e-02	-6.983000e+00
7.270000e-06	1.953401e-02	-6.897795e+00
7.280000e-06	1.853953e-02	-6.865711e+00
7.290000e-06	1.864550e-02	-6.831180e+00
7.300000e-06	2.097679e-02	-6.792054e+00
7.310000e-06	2.183152e-02	-6.770424e+00
7.320000e-06	2.031275e-02	-6.707970e+00
7.330000e-06	1.787850e-02	-6.666265e+00
7.340000e-06	1.827084e-02	-6.652654e+00
7.350000e-06	1.946777e-02	-6.601476e+00
7.360000e-06	1.921464e-02	-6.518870e+00
7.370000e-06	1.785478e-02	-6.476736e+00
7.380000e-06	1.551446e-02	-6.443635e+00
7.390000e-06	1.581766e-02	-6.381478e+00
7.400000e-06	1.541613e-02	-6.307442e+00
7.410000e-06	1.307584e-02	-6.305241e+00
7.420000e-06	1.048653e-02	-6.214204e+00
7.430000e-06	1.055341e-02	-6.076837e+00
7.440000e-06	1.105988e-02	-6.055584e+00
7.450000e-06	1.083886e-02	-5.999474e+00
7.460000e-06	9.365294e-03	-5.939271e+00
7.470000e-06	6.659791e-03	-5.836238e+00
7.480000e-06	8.227519e-03	-5.781051e+00
7.490000e-06	6.628911e-03	-5.718917e+00
7.500000e-06	7.123703e-03	-5.655260e+00
7.510000e-06	3.833000e-03	-5.581505e+00
7.520000e-06	4.437890e-03	-5.538446e+00
7.530000e-06	5.386726e-03	-5.413688e+00
7.540000e-06	4.991062e-03	-5.299368e+00
7.550000e-06	3.589462e-03	-5.214631e+00
7.560000e-06	2.729132e-03	-5.140446e+00
7.570000e-06	1.935138e-03	-5.085766e+00
7.580000e-06	2.386796e-03	-4.953129e+00
7.590000e-06	2.178534e-03	-4.857739e+00
7.600000e-06	1.965403e-03	-4.771002e+00
7.610000e-06	2.001108e-03	-4.685533e+00
7.620000e-06	2.644983e-03	-4.552505e+00
7.630000e-06	3.065808e-03	-4.528341e+00
7.640000e-06	1.282566e-03	-4.444134e+00
7.650000e-06	3.054800e-04	-4.400476e+00
7.660000e-06	-1.326977e-03	-4.317893e+00
7.670000e-06	-6.599749e-04	-4.243082e+00
7.680000e-06	-6.013274e-04	-4.158469e+00
7.690000e-06	-1.137261e-04	-4.084238e+00
7.700000e-06	-3.941860e-04	-4.010974e+00
7.710000e-06	-2.870094e-04	-3.905716e+00
7.720000e-06	4.950171e-05	-3.782375e+00
7.730000e-06	-5.225273e-04	-3.625612e+00
7.740000e-06	-1.859815e-03	-3.569551e+00
7.750000e-06	-2.232815e-03	-3.485838e+00
7.760000e-06	-2.567083e-03	-3.422553e+00
7.770000e-06	-2.001894e-03	-3.306317e+00
7.780000e-06	-1.190508e-03	-3.233579e+00
7.790000e-06	-1.750206e-03	-3.127370e+00
7.800000e-06	-1.594677e-03	-3.004556e+00
7.810000e-06	-1.745525e-03	-2.866233e+00
7.820000e-06	-3.159855e-03	-2.781000e+00
7.830000e-06	-3.492695e-03	-2.696288e+00
7.840000e-06	-3.408747e-03	-2.631050e+00
7.850000e-06	-2.981680e-03	-2.495167e+00
7.860000e-06	-2.950483e-03	-2.403553e+00
7.870000e-06	-3.526456e-03	-2.286317e+00
7.880000e-06	-3.590961e-03	-2.169951e+00
7.890000e-06	-3.359602e-03	-2.044637e+00
7.900000e-06	-4.382912e-03	-1.967922e+00
7.910000e-06	-4.276735e-03	-1.864636e+00
7.920000e-06	-4.223561e-03	-1.778525e+00
7.930000e-06	-3.785089e-03	-1.664710e+00
7.940000e-06	-3.768328e-03	-1.582025e+00
7.950000e-06	-4.024844e-03	-1.455163e+00
7.960000e-06	-4.224441e-03	-1.338365e+00
7.970000e-06	-4.853152e-03	-1.180529e+00
7.980000e-06	-5.079529e-03	-1.085237e+00
7.990000e-06	-6.402754e-03	-1.000001e+00
8.000000e-06	-5.108830e-03	-8.752067e-01
8.010000e-06	-5.570608e-03	-7.909975e-01
8.020000e-06	-4.779238e-03	-6.767657e-01
8.030000e-06	-4.436940e-03	-5.178211e-01
8.040000e-06	-5.436760e-03	-4.126029e-01
8.050000e-06	-5.240104e-03	-3.477658e-01
8.060000e-06	-6.558760e-03	-2.130802e-01
8.070000e-06	-6.574433e-03	-1.177448e-01
8.080000e-06	-5.263907e-03	-3.210526e-02
8.090000e-06	-2.833727e-03	3.213133e-02
8.100000e-06	-1.770602e-04	1.778986e-01
8.110000e-06	-1.067251e-03	3.247132e-01
8.120000e-06	-1.761298e-03	4.190501e-01
8.130000e-06	-3.199171e-03	5.037091e-01
8.140000e-06	-3.474310e-03	6.385474e-01
8.150000e-06	-7.079371e-04	6.837366e-01
8.160000e-06	2.167189e-02	7.784737e-01
8.170000e-06	4.978295e-02	9.063083e-01
8.180000e-06	-7.161097e-03	1.144387e+00
8.190000e-06	-7.048954e-02	1.263178e+00
8.200000e-06	-7.851137e-02	1.305838e+00
8.210000e-06	8.718023e-02	1.410524e+00
8.220000e-06	3.744764e-02	1.627469e+00
8.230000e-06	-1.523968e-01	1.742713e+00
8.240000e-06	6.033626e-02	1.740393e+00
8.250000e-06	8.999563e-02	1.932761e+00
8.260000e-06	-1.009769e-01	2.018497e+00
8.270000e-06	-1.029058e-02	2.021101e+00
8.280000e-06	7.884438e-02	2.167415e+00
8.290000e-06	-8.883803e-02	2.283183e+00
8.300000e-06	-2.894926e-02	2.355921e+00
8.310000e-06	9.385381e-02	2.400631e+00
8.320000e-06	-3.339786e-02	2.556897e+00
8.330000e-06	-3.324154e-02	2.693287e+00
8.340000e-06	3.203753e-02	2.779047e+00
8.350000e-06	-3.175902e-02	2.914313e+00
8.360000e-06	-6.947317e-03	2.987493e+00
8.370000e-06	1.855292e-02	3.043158e+00
8.380000e-06	-3.447897e-02	3.167469e+00
8.390000e-06	2.436158e-02	3.242131e+00
8.400000e-06	-5.311924e-03	3.354945e+00
8.410000e-06	-1.467754e-02	3.461628e+00
8.420000e-06	1.227600e-02	3.567471e+00
8.430000e-06	-2.540317e-02	3.633133e+00
8.440000e-06	-1.727075e-02	3.767466e+00
8.450000e-06	2.071305e-02	3.871178e+00
8.460000e-06	2.991359e-03	3.935443e+00
8.470000e-06	-1.973719e-02	4.001001e+00
8.480000e-06	-5.072273e-03	4.064260e+00
8.490000e-06	-6.809415e-03	4.199003e+00
8.500000e-06	-7.470334e-04	4.342438e+00
8.510000e-06	-6.351175e-03	4.410128e+00
8.520000e-06	-7.254760e-03	4.506238e+00
8.530000e-06	-1.622910e-02	4.608498e+00
8.540000e-06	8.169387e-03	4.682710e+00
8.550000e-06	4.657194e-03	4.767365e+00
8.560000e-06	-1.830154e-02	4.841077e+00
8.570000e-06	-1.210507e-02	4.854436e+00
8.580000e-06	-9.212180e-03	5.054680e+00
8.590000e-06	2.941704e-03	5.125845e+00
8.600000e-06	-4.323856e-03	5.240729e+00
8.610000e-06	-1.159810e-02	5.315340e+00
8.620000e-06	-1.148420e-02	5.399525e+00
8.630000e-06	-2.418850e-03	5.494282e+00
8.640000e-06	4.067042e-05	5.515895e+00
8.650000e-06	-1.180172e-02	5.611522e+00
8.660000e-06	-1.712389e-02	5.632704e+00
8.670000e-06	-8.779288e-03	5.786374e+00
8.680000e-06	5.108982e-04	5.841601e+00
8.690000e-06	-4.465094e-03	5.906313e+00
8.700000e-06	-1.154404e-02	5.956475e+00
8.710000e-06	-1.313980e-02	6.022600e+00
8.720000e-06	-4.164779e-03	6.083764e+00
8.730000e-06	-4.966097e-03	6.167917e+00
8.740000e-06	-1.053342e-02	6.190528e+00
8.750000e-06	-1.395785e-02	6.243128e+00
8.760000e-06	-9.691357e-03	6.334341e+00
8.770000e-06	-2.348765e-03	6.327949e+00
8.780000e-06	-6.489499e-03	6.389551e+00
8.790000e-06	-1.180081e-02	6.442179e+00
8.800000e-06	-1.589292e-02	6.496713e+00
8.810000e-06	-8.539007e-03	6.589547e+00
8.820000e-06	-5.742104e-03	6.703704e+00
8.830000e-06	-9.388839e-03	6.696792e+00
8.840000e-06	-1.315215e-02	6.758471e+00
8.850000e-06	-1.082003e-02	6.780525e+00
8.860000e-06	-5.542845e-03	6.831054e+00
8.870000e-06	-8.411506e-03	6.854154e+00
8.880000e-06	-1.281209e-02	6.884759e+00
8.890000e-06	-1.458139e-02	6.936391e+00
8.900000e-06	-8.855121e-03	7.009445e+00
8.910000e-06	-5.520449e-03	6.989602e+00
8.920000e-06	-9.050646e-03	7.032029e+00
8.930000e-06	-1.392827e-02	7.033732e+00
8.940000e-06	-1.354928e-02	7.106259e+00
8.950000e-06	-1.024014e-02	7.086791e+00
8.960000e-06	-9.656839e-03	7.196494e+00
8.970000e-06	-1.245192e-02	7.180444e+00
8.980000e-06	-1.487378e-02	7.188949e+00
8.990000e-06	-1.079304e-02	7.208979e+00
9.000000e-06	-7.840761e-03	7.219574e+00
9.010000e-06	-1.006667e-02	7.282529e+00
9.020000e-06	-1.547627e-02	7.222631e+00
9.030000e-06	-1.558308e-02	7.273706e+00
9.040000e-06	-1.121245e-02	7.274767e+00
9.050000e-06	-1.043546e-02	7.254758e+00
9.060000e-06	-1.362119e-02	7.305691e+00
9.070000e-06	-1.683816e-02	7.285793e+00
9.080000e-06	-1.390202e-02	7.316845e+00
9.090000e-06	-1.143974e-02	7.307095e+00
9.100000e-06	-1.236126e-02	7.337869e+00
9.110000e-06	-1.674543e-02	7.359974e+00
9.120000e-06	-1.649581e-02	7.337401e+00
9.130000e-06	-1.371031e-02	7.340476e+00
9.140000e-06	-1.270047e-02	7.388801e+00
9.150000e-06	-1.704168e-02	7.359501e+00
9.160000e-06	-1.934960e-02	7.357440e+00
9.170000e-06	-1.708863e-02	7.287295e+00
9.180000e-06	-1.425687e-02	7.336371e+00
9.190000e-06	-1.515335e-02	7.295862e+00
9.200000e-06	-1.956422e-02	7.304813e+00
9.210000e-06	-1.964892e-02	7.303711e+00
9.220000e-06	-1.745983e-02	7.224184e+00
9.230000e-06	-1.684952e-02	7.281111e+00
9.240000e-06	-2.010574e-02	7.210103e+00
9.250000e-06	-2.227797e-02	7.200429e+00
9.260000e-06	-2.165910e-02	7.179952e+00
9.270000e-06	-2.016496e-02	7.168974e+00
9.280000e-06	-1.989945e-02	7.127492e+00
9.290000e-06	-2.405373e-02	7.145919e+00
9.300000e-06	-2.338421e-02	7.144840e+00
9.310000e-06	-2.232746e-02	7.073763e+00
9.320000e-06	-1.864542e-02	7.032580e+00
9.330000e-06	-2.313114e-02	7.022003e+00
9.340000e-06	-2.257124e-02	6.970023e+00
9.350000e-06	-2.612555e-02	6.926867e+00
9.360000e-06	-2.418498e-02	6.916212e+00
9.370000e-06	-2.819723e-02	6.854661e+00
9.380000e-06	-2.844776e-02	6.852533e+00
9.390000e-06	-2.965568e-02	6.792005e+00
9.400000e-06	-2.528840e-02	6.790000e+00
9.410000e-06	-2.531372e-02	6.707419e+00
9.420000e-06	-2.476693e-02	6.707688e+00
9.430000e-06	-2.632771e-02	6.591129e+00
9.440000e-06	-2.840419e-02	6.507346e+00
9.450000e-06	-2.902397e-02	6.455161e+00
9.460000e-06	-2.623077e-02	6.433028e+00
9.470000e-06	-2.415500e-02	6.389974e+00
9.480000e-06	-2.413195e-02	6.358442e+00
9.490000e-06	-2.434549e-02	6.285336e+00
9.500000e-06	-2.207510e-02	6.243708e+00
9.510000e-06	-1.996165e-02	6.190549e+00
9.520000e-06	-1.944607e-02	6.146920e+00
9.530000e-06	-1.973399e-02	6.083162e+00
9.540000e-06	-1.997234e-02	6.031554e+00
9.550000e-06	-1.821631e-02	6.010473e+00
9.560000e-06	-1.604427e-02	5.936316e+00
9.570000e-06	-1.671748e-02	5.811005e+00
9.580000e-06	-1.666671e-02	5.714790e+00
9.590000e-06	-1.543805e-02	5.641028e+00
9.600000e-06	-1.301863e-02	5.570449e+00
9.610000e-06	-1.227274e-02	5.504818e+00
9.620000e-06	-1.190381e-02	5.422683e+00
9.630000e-06	-1.230579e-02	5.378925e+00
9.640000e-06	-1.188823e-02	5.274215e+00
9.650000e-06	-1.201696e-02	5.200553e+00
9.660000e-06	-1.216064e-02	5.104870e+00
9.670000e-06	-1.198760e-02	4.970054e+00
9.680000e-06	-1.115045e-02	4.884689e+00
9.690000e-06	-1.024172e-02	4.780977e+00
9.700000e-06	-9.311451e-03	4.757372e+00
9.710000e-06	-9.065155e-03	4.693708e+00
9.720000e-06	-1.038106e-02	4.580520e+00
9.730000e-06	-1.050072e-02	4.484242e+00
9.740000e-06	-1.037593e-02	4.411527e+00
9.750000e-06	-9.564277e-03	4.369974e+00
9.760000e-06	-8.716849e-03	4.286709e+00
9.770000e-06	-8.234305e-03	4.109741e+00
9.780000e-06	-8.116283e-03	4.032105e+00
9.790000e-06	-7.992358e-03	3.928924e+00
9.800000e-06	-7.377495e-03	3.873712e+00
9.810000e-06	-7.905520e-03	3.789025e+00
9.820000e-06	-7.977475e-03	3.714212e+00
9.830000e-06	-7.786345e-03	3.622029e+00
9.840000e-06	-6.405224e-03	3.527871e+00
9.850000e-06	-7.240605e-03	3.381630e+00
9.860000e-06	-7.553876e-03	3.275213e+00
9.870000e-06	-8.403738e-03	3.200499e+00
9.880000e-06	-6.773416e-03	3.116314e+00
9.890000e-06	-6.318829e-03	3.010504e+00
9.900000e-06	-6.997244e-03	2.926315e+00
9.910000e-06	-6.513416e-03	2.831559e+00
9.920000e-06	-5.933188e-03	2.759351e+00
9.930000e-06	-5.320193e-03	2.655530e+00
9.940000e-06	-6.292336e-03	2.535641e+00
9.950000e-06	-6.807414e-03	2.370396e+00
9.960000e-06	-5.975502e-03	2.274588e+00
9.970000e-06	-6.405766e-03	2.140450e+00
9.980000e-06	-5.919988e-03	2.105737e+00
9.990000e-06	-5.708988e-03	1.991054e+00
1.000000e-05	-5.357474e-03	1.936743e+00
1.001000e-05	-6.067657e-03	1.749904e+00
1.002000e-05	-5.988419e-03	1.724166e+00
1.003000e-05	-6.329148e-03	1.610372e+00
1.004000e-05	-5.643980e-03	1.454107e+00
1.005000e-05	-5.263496e-03	1.366921e+00
1.006000e-05	-5.031731e-03	1.264534e+00
1.007000e-05	-5.691644e-03	1.137395e+00
1.008000e-05	-5.251637e-03	9.515826e-01
1.009000e-05	-4.802828e-03	8.441129e-01
1.010000e-05	-4.235099e-03	7.673987e-01
1.011000e-05	-4.594906e-03	6.736867e-01
1.012000e-05	-3.776992e-03	5.669224e-01
1.013000e-05	-4.012890e-03	4.731115e-01
1.014000e-05	-4.344275e-03	4.004225e-01
1.015000e-05	-4.232853e-03	2.925832e-01
1.016000e-05	-4.915363e-03	9.724459e-02
1.017000e-05	-4.448354e-03	2.195400e-02
1.018000e-05	-3.964854e-03	-9.328666e-02
1.019000e-05	-2.889869e-04	-1.784973e-01
1.020000e-05	2.631685e-03	-3.246879e-01
1.021000e-05	2.382035e-04	-3.379711e-01
1.022000e-05	1.347261e-04	-4.521313e-01
1.023000e-05	-5.032851e-04	-5.686711e-01
1.024000e-05	-8.763699e-04	-6.753369e-01
1.025000e-05	5.829252e-03	-8.005487e-01
1.026000e-05	5.160603e-02	-8.747827e-01
1.027000e-05	3.546309e-02	-1.030047e+00
1.028000e-05	-3.723405e-02	-1.261149e+00
1.029000e-05	-1.047553e-01	-1.440629e+00
1.030000e-05	5.185807e-02	-1.392756e+00
1.031000e-05	8.550916e-02	-1.474208e+00
1.032000e-05	-9.770141e-02	-1.610670e+00
1.033000e-05	-4.479996e-02	-1.786474e+00
1.034000e-05	1.305216e-01	-1.790470e+00
1.035000e-05	-4.083355e-02	-1.894786e+00
1.036000e-05	-1.117656e-01	-2.029150e+00
1.037000e-05	1.108689e-01	-2.055331e+00
1.038000e-05	1.189344e-02	-2.211542e+00
1.039000e-05	-1.284509e-01	-2.370571e+00
1.040000e-05	1.007678e-01	-2.431179e+00
1.041000e-05	2.946579e-02	-2.538468e+00
1.042000e-05	-7.730490e-02	-2.684336e+00
1.043000e-05	7.015206e-02	-2.777970e+00
1.044000e-05	-3.293595e-02	-2.852653e+00
1.045000e-05	-2.853168e-02	-2.957600e+00
1.046000e-05	5.848860e-02	-3.065709e+00
1.047000e-05	-4.944067e-02	-3.210545e+00
1.048000e-05	2.025958e-02	-3.255262e+00
1.049000e-05	4.265152e-02	-3.338865e+00
1.050000e-05	-6.040109e-02	-3.493783e+00
1.051000e-05	4.436035e-02	-3.548470e+00
1.052000e-05	1.812588e-03	-3.592602e+00
1.053000e-05	-5.441113e-02	-3.724988e+00
1.054000e-05	5.367956e-02	-3.822307e+00
1.055000e-05	-4.306637e-03	-3.996441e+00
1.056000e-05	-4.238352e-03	-4.031208e+00
1.057000e-05	1.671722e-02	-4.128367e+00
1.058000e-05	-2.584705e-02	-4.221723e+00
1.059000e-05	2.533116e-02	-4.315384e+00
1.060000e-05	-6.411837e-03	-4.359021e+00
1.061000e-05	-5.571071e-03	-4.432704e+00
1.062000e-05	1.124295e-02	-4.516994e+00
1.063000e-05	-9.305515e-03	-4.631756e+00
1.064000e-05	2.436888e-02	-4.706788e+00
1.065000e-05	-4.907596e-03	-4.759601e+00
1.066000e-05	-1.126723e-02	-4.893888e+00
1.067000e-05	1.349618e-02	-4.980499e+00
1.068000e-05	-9.459594e-03	-5.064259e+00
1.069000e-05	2.058335e-02	-5.166944e+00
1.070000e-05	-3.904658e-03	-5.205105e+00
1.071000e-05	-7.613360e-03	-5.318467e+00
1.072000e-05	1.906431e-02	-5.413228e+00
1.073000e-05	-4.771404e-03	-5.568895e+00
1.074000e-05	1.486344e-02	-5.600551e+00
1.075000e-05	-9.662247e-03	-5.653310e+00
1.076000e-05	-1.821783e-03	-5.717491e+00
1.077000e-05	1.457764e-02	-5.789122e+00
1.078000e-05	-1.448538e-03	-5.863283e+00
1.079000e-05	1.028395e-02	-5.907368e+00
1.080000e-05	-6.150466e-03	-6.000024e+00
1.081000e-05	5.486313e-03	-6.012603e+00
1.082000e-05	9.326172e-03	-6.086813e+00
1.083000e-05	8.087924e-04	-6.181049e+00
1.084000e-05	5.825511e-03	-6.283387e+00
1.085000e-05	-3.491560e-03	-6.370467e+00
1.086000e-05	1.072947e-02	-6.400500e+00
1.087000e-05	7.974524e-03	-6.433655e+00
1.088000e-05	2.732566e-03	-6.495761e+00
1.089000e-05	2.065326e-03	-6.545968e+00
1.090000e-05	-5.965123e-04	-6.621100e+00
1.091000e-05	9.380824e-03	-6.623679e+00
1.092000e-05	4.540249e-03	-6.666312e+00
1.093000e-05	3.352802e-03	-6.757870e+00
1.094000e-05	3.029362e-03	-6.780450e+00
1.095000e-05	6.491487e-03	-6.802075e+00
1.096000e-05	9.334988e-03	-6.820630e+00
1.097000e-05	5.502745e-03	-6.895783e+00
1.098000e-05	1.229773e-03	-6.958893e+00
1.099000e-05	3.329977e-03	-6.991699e+00
1.100000e-05	4.962425e-03	-7.034781e+00
1.101000e-05	9.173597e-03	-7.097861e+00
1.102000e-05	3.185448e-03	-7.129443e+00
1.103000e-05	6.285491e-03	-7.140475e+00
1.104000e-05	6.097610e-03	-7.170523e+00
1.105000e-05	9.870360e-03	-7.222125e+00
1.106000e-05	8.546406e-03	-7.212579e+00
1.107000e-05	2.317302e-03	-7.264258e+00
1.108000e-05	3.152198e-03	-7.294733e+00
1.109000e-05	3.964696e-03	-7.265812e+00
1.110000e-05	8.802080e-03	-7.316362e+00
1.111000e-05	5.593030e-03	-7.337994e+00
1.112000e-05	5.927114e-03	-7.359919e+00
1.113000e-05	6.887331e-03	-7.369970e+00
1.114000e-05	1.195734e-02	-7.380525e+00
1.115000e-05	9.988732e-03	-7.361050e+00
1.116000e-05	3.658485e-03	-7.411923e+00
1.117000e-05	2.960528e-03	-7.371555e+00
1.118000e-05	7.387060e-03	-7.441554e+00
1.119000e-05	1.200061e-02	-7.422602e+00
1.120000e-05	8.037836e-03	-7.452653e+00
1.121000e-05	6.142893e-03	-7.443080e+00
1.122000e-05	8.939450e-03	-7.402233e+00
1.123000e-05	1.226286e-02	-7.414204e+00
1.124000e-05	1.150510e-02	-7.433205e+00
1.125000e-05	6.366153e-03	-7.433105e+00
1.126000e-05	6.442242e-03	-7.421553e+00
1.127000e-05	1.005322e-02	-7.392129e+00
1.128000e-05	1.260441e-02	-7.372049e+00
1.129000e-05	1.150080e-02	-7.369050e+00
1.130000e-05	9.144750e-03	-7.411073e+00
1.131000e-05	1.032871e-02	-7.349999e+00
1.132000e-05	1.342814e-02	-7.369520e+00
1.133000e-05	1.358475e-02	-7.328944e+00
1.134000e-05	1.167085e-02	-7.287896e+00
1.135000e-05	1.082022e-02	-7.287816e+00
1.136000e-05	1.264532e-02	-7.285336e+00
1.137000e-05	1.530827e-02	-7.244255e+00
1.138000e-05	1.484474e-02	-7.245706e+00
1.139000e-05	1.289717e-02	-7.212181e+00
1.140000e-05	1.393605e-02	-7.211550e+00
1.141000e-05	1.567144e-02	-7.191448e+00
1.142000e-05	1.624781e-02	-7.148975e+00
1.143000e-05	1.636827e-02	-7.168395e+00
1.144000e-05	1.503605e-02	-7.076762e+00
1.145000e-05	1.633986e-02	-7.032729e+00
1.146000e-05	1.877648e-02	-7.011596e+00
1.147000e-05	1.976704e-02	-6.928276e+00
1.148000e-05	1.946228e-02	-6.864208e+00
1.149000e-05	1.814739e-02	-6.822127e+00
1.150000e-05	1.964466e-02	-6.771474e+00
1.151000e-05	2.023498e-02	-6.778474e+00
1.152000e-05	2.005018e-02	-6.686844e+00
1.153000e-05	1.836917e-02	-6.667758e+00
1.154000e-05	1.864948e-02	-6.633180e+00
1.155000e-05	1.975888e-02	-6.600575e+00
1.156000e-05	2.018796e-02	-6.538921e+00
1.157000e-05	1.843951e-02	-6.475241e+00
1.158000e-05	1.621982e-02	-6.452679e+00
1.159000e-05	1.495773e-02	-6.381950e+00
1.160000e-05	1.568790e-02	-6.338392e+00
1.161000e-05	1.299136e-02	-6.265817e+00
1.162000e-05	1.224182e-02	-6.201053e+00
1.163000e-05	1.119322e-02	-6.117867e+00
1.164000e-05	1.226065e-02	-6.015733e+00
1.165000e-05	1.254570e-02	-5.971003e+00
1.166000e-05	1.082304e-02	-5.908370e+00
1.167000e-05	6.092780e-03	-5.845666e+00
1.168000e-05	6.987373e-03	-5.781053e+00
1.169000e-05	7.011852e-03	-5.757394e+00
1.170000e-05	7.157297e-03	-5.646213e+00
1.171000e-05	3.431391e-03	-5.602028e+00
1.172000e-05	4.043625e-03	-5.518442e+00
1.173000e-05	5.701422e-03	-5.455234e+00
1.174000e-05	6.898869e-03	-5.306766e+00
1.175000e-05	4.641842e-03	-5.233207e+00
1.176000e-05	1.764124e-03	-5.138923e+00
1.177000e-05	1.255505e-03	-5.085339e+00
1.178000e-05	3.412468e-03	-4.971998e+00
1.179000e-05	3.785657e-03	-4.887217e+00
1.180000e-05	8.862485e-04	-4.741494e+00
1.181000e-05	1.294514e-03	-4.695714e+00
1.182000e-05	3.634488e-03	-4.621004e+00
1.183000e-05	4.147014e-03	-4.517388e+00
1.184000e-05	-2.562175e-04	-4.473632e+00
1.185000e-05	-2.641900e-03	-4.400502e+00
1.186000e-05	-2.257284e-03	-4.318392e+00
1.187000e-05	1.258712e-03	-4.242709e+00
1.188000e-05	1.884568e-03	-4.170445e+00
1.189000e-05	3.606737e-04	-4.063713e+00
1.190000e-05	-1.627759e-03	-4.011527e+00
1.191000e-05	4.288392e-06	-3.937842e+00
1.192000e-05	9.789617e-05	-3.811499e+00
1.193000e-05	-2.013226e-03	-3.645587e+00
1.194000e-05	-3.329856e-03	-3.581048e+00
1.195000e-05	-2.692375e-03	-3.506765e+00
1.196000e-05	-1.497604e-04	-3.412050e+00
1.197000e-05	-3.338634e-04	-3.296267e+00
1.198000e-05	-1.933029e-03	-3.183533e+00
1.199000e-05	-5.223213e-03	-3.128446e+00
1.200000e-05	-3.798115e-03	-2.974008e+00
1.201000e-05	-2.135346e-03	-2.837214e+00
1.202000e-05	-3.008513e-03	-2.789975e+00
1.203000e-05	-4.002638e-03	-2.685315e+00
1.204000e-05	-3.909493e-03	-2.601527e+00
1.205000e-05	-1.759857e-03	-2.495314e+00
1.206000e-05	-1.500455e-03	-2.391552e+00
1.207000e-05	-3.597146e-03	-2.366865e+00
1.208000e-05	-6.239406e-03	-2.231905e+00
1.209000e-05	-4.763578e-03	-2.055105e+00
1.210000e-05	-2.735995e-03	-1.978900e+00
1.211000e-05	-2.461898e-03	-1.854740e+00
1.212000e-05	-4.441918e-03	-1.750946e+00
1.213000e-05	-4.226851e-03	-1.665633e+00
1.214000e-05	-2.863135e-03	-1.591026e+00
1.215000e-05	-3.966049e-03	-1.504138e+00
1.216000e-05	-6.093611e-03	-1.299417e+00
1.217000e-05	-6.427438e-03	-1.183451e+00
1.218000e-05	-4.399633e-03	-1.107236e+00
1.219000e-05	-3.772837e-03	-9.914725e-01
1.220000e-05	-4.969940e-03	-8.662357e-01
1.221000e-05	-5.396398e-03	-7.804739e-01
1.222000e-05	-5.088527e-03	-7.071920e-01
1.223000e-05	-3.535793e-03	-4.992934e-01
1.224000e-05	-4.862567e-03	-4.030553e-01
1.225000e-05	-6.009897e-03	-3.278673e-01
1.226000e-05	-6.358930e-03	-2.150378e-01
1.227000e-05	-4.469848e-03	-1.569172e-01
1.228000e-05	-3.955133e-03	-6.365663e-02
1.229000e-05	-2.838118e-03	7.110151e-02
1.230000e-05	-2.135965e-03	1.669431e-01
1.231000e-05	-1.981672e-03	3.337157e-01
1.232000e-05	-1.997190e-03	3.995238e-01
1.233000e-05	-3.108118e-03	5.022843e-01
1.234000e-05	-2.856845e-03	6.079723e-01
1.235000e-05	5.507731e-05	7.042844e-01
1.236000e-05	2.081877e-02	7.990222e-01
1.237000e-05	5.202379e-02	9.256856e-01
1.238000e-05	-2.742010e-03	1.142263e+00
1.239000e-05	-6.610212e-02	1.250654e+00
1.240000e-05	-8.616088e-02	1.363812e+00
1.241000e-05	7.966012e-02	1.402496e+00
1.242000e-05	4.656941e-02	1.586520e+00
1.243000e-05	-1.463122e-01	1.702266e+00
1.244000e-05	4.487107e-02	1.748443e+00
1.245000e-05	1.023069e-01	1.891182e+00
1.246000e-05	-8.911575e-02	1.987945e+00
1.247000e-05	-2.691279e-02	2.010526e+00
1.248000e-05	8.129032e-02	2.144335e+00
1.249000e-05	-7.920366e-02	2.252786e+00
1.250000e-05	-4.481666e-02	2.396320e+00
1.251000e-05	9.672022e-02	2.422026e+00
1.252000e-05	-2.426231e-02	2.545313e+00
1.253000e-05	-4.111167e-02	2.694257e+00
1.254000e-05	3.627374e-02	2.797974e+00
1.255000e-05	-3.083741e-02	2.904233e+00
1.256000e-05	-1.087573e-02	2.967942e+00
1.257000e-05	1.965960e-02	3.091103e+00
1.258000e-05	-3.467743e-02	3.164921e+00
1.259000e-05	2.057781e-02	3.212600e+00
1.260000e-05	-3.357708e-03	3.326342e+00
1.261000e-05	-1.504619e-02	3.482577e+00
1.262000e-05	1.097062e-02	3.546392e+00
1.263000e-05	-2.322428e-02	3.652178e+00
1.264000e-05	-2.183795e-02	3.776365e+00
1.265000e-05	1.910932e-02	3.810098e+00
1.266000e-05	3.937480e-03	3.923791e+00
1.267000e-05	-1.857848e-02	4.019500e+00
1.268000e-05	-5.548321e-03	4.054689e+00
1.269000e-05	-6.817405e-03	4.220475e+00
1.270000e-05	-1.351307e-03	4.324291e+00
1.271000e-05	-7.470307e-03	4.390050e+00
1.272000e-05	-6.386010e-03	4.504687e+00
1.273000e-05	-1.736523e-02	4.587992e+00
1.274000e-05	6.855251e-03	4.663685e+00
1.275000e-05	5.110739e-03	4.727341e+00
1.276000e-05	-1.760018e-02	4.820075e+00
1.277000e-05	-1.224006e-02	4.953263e+00
1.278000e-05	-8.937628e-03	5.051604e+00
1.279000e-05	2.181148e-04	5.166444e+00
1.280000e-05	-2.951033e-03	5.251000e+00
1.281000e-05	-1.197192e-02	5.294889e+00
1.282000e-05	-1.194279e-02	5.369446e+00
1.283000e-05	-2.191039e-03	5.483185e+00
1.284000e-05	5.433763e-05	5.516792e+00
1.285000e-05	-8.026451e-03	5.568947e+00
1.286000e-05	-1.612629e-02	5.651079e+00
1.287000e-05	-9.046883e-03	5.724862e+00
1.288000e-05	-1.475960e-03	5.810131e+00
1.289000e-05	-4.066121e-03	5.915313e+00
1.290000e-05	-1.234186e-02	5.958970e+00
1.291000e-05	-1.429108e-02	6.050625e+00
1.292000e-05	-4.823302e-03	6.094837e+00
1.293000e-05	-2.031083e-03	6.157319e+00
1.294000e-05	-6.973391e-03	6.198996e+00
1.295000e-05	-1.416468e-02	6.222181e+00
1.296000e-05	-1.178848e-02	6.325313e+00
1.297000e-05	-4.273726e-03	6.387969e+00
1.298000e-05	-6.904471e-03	6.390501e+00
1.299000e-05	-1.105812e-02	6.432134e+00
1.300000e-05	-1.478049e-02	6.514288e+00
1.301000e-05	-6.833279e-03	6.568523e+00
1.302000e-05	-2.086946e-03	6.632228e+00
1.303000e-05	-7.411341e-03	6.694235e+00
1.304000e-05	-1.323610e-02	6.746973e+00
1.305000e-05	-1.451306e-02	6.788973e+00
1.306000e-05	-7.261356e-03	6.790575e+00
1.307000e-05	-8.130003e-03	6.841130e+00
1.308000e-05	-1.199660e-02	6.854708e+00
1.309000e-05	-1.708750e-02	6.916289e+00
1.310000e-05	-9.317711e-03	6.977945e+00
1.311000e-05	-3.840815e-03	6.969025e+00
1.312000e-05	-8.550971e-03	7.012078e+00
1.313000e-05	-1.529741e-02	7.042632e+00
1.314000e-05	-1.546764e-02	7.094757e+00
1.315000e-05	-8.599684e-03	7.105813e+00
1.316000e-05	-9.034679e-03	7.147342e+00
1.317000e-05	-1.293535e-02	7.158969e+00
1.318000e-05	-1.605288e-02	7.179424e+00
1.319000e-05	-9.828433e-03	7.199575e+00
1.320000e-05	-9.091745e-03	7.200028e+00
1.321000e-05	-1.065560e-02	7.222629e+00
1.322000e-05	-1.730744e-02	7.232204e+00
1.323000e-05	-1.600075e-02	7.282612e+00
1.324000e-05	-1.123775e-02	7.274182e+00
1.325000e-05	-1.094866e-02	7.303787e+00
1.326000e-05	-1.432334e-02	7.275265e+00
1.327000e-05	-1.799088e-02	7.336362e+00
1.328000e-05	-1.409084e-02	7.316767e+00
1.329000e-05	-1.204960e-02	7.316870e+00
1.330000e-05	-1.203244e-02	7.318418e+00
1.331000e-05	-1.684673e-02	7.339392e+00
1.332000e-05	-1.727205e-02	7.327319e+00
1.333000e-05	-1.401605e-02	7.370474e+00
1.334000e-05	-1.339702e-02	7.336921e+00
1.335000e-05	-1.539949e-02	7.346424e+00
1.336000e-05	-2.063201e-02	7.308745e+00
1.337000e-05	-1.800315e-02	7.328437e+00
1.338000e-05	-1.461643e-02	7.358872e+00
1.339000e-05	-1.462911e-02	7.316262e+00
1.340000e-05	-2.010407e-02	7.274160e+00
1.341000e-05	-2.120500e-02	7.282237e+00
1.342000e-05	-1.914718e-02	7.232683e+00
1.343000e-05	-1.532394e-02	7.242037e+00
1.344000e-05	-1.873939e-02	7.231057e+00
1.345000e-05	-2.225074e-02	7.200531e+00
1.346000e-05	-2.154771e-02	7.179999e+00
1.347000e-05	-2.000264e-02	7.138998e+00
1.348000e-05	-1.766535e-02	7.167421e+00
1.349000e-05	-2.272617e-02	7.127867e+00
1.350000e-05	-2.409350e-02	7.086866e+00
1.351000e-05	-2.304954e-02	7.094187e+00
1.352000e-05	-2.027140e-02	7.043657e+00
1.353000e-05	-2.273349e-02	7.001952e+00
1.354000e-05	-2.552901e-02	6.989422e+00
1.355000e-05	-2.596118e-02	6.899396e+00
1.356000e-05	-2.263893e-02	6.906813e+00
1.357000e-05	-2.317365e-02	6.884159e+00
1.358000e-05	-2.728181e-02	6.832555e+00
1.359000e-05	-2.966961e-02	6.810026e+00
1.360000e-05	-2.723304e-02	6.787948e+00
1.361000e-05	-2.487822e-02	6.739393e+00
1.362000e-05	-2.504083e-02	6.704788e+00
1.363000e-05	-2.753362e-02	6.642105e+00
1.364000e-05	-2.684167e-02	6.507443e+00
1.365000e-05	-2.507635e-02	6.476211e+00
1.366000e-05	-2.340824e-02	6.423083e+00
1.367000e-05	-2.605522e-02	6.399475e+00
1.368000e-05	-2.641503e-02	6.348369e+00
1.369000e-05	-2.385055e-02	6.285763e+00
1.370000e-05	-2.087147e-02	6.242554e+00
1.371000e-05	-2.010010e-02	6.169003e+00
1.372000e-05	-2.112539e-02	6.146369e+00
1.373000e-05	-2.047255e-02	6.064186e+00
1.374000e-05	-1.810687e-02	6.030052e+00
1.375000e-05	-1.623035e-02	5.999471e+00
1.376000e-05	-1.743190e-02	5.906911e+00
1.377000e-05	-1.797617e-02	5.782128e+00
1.378000e-05	-1.585950e-02	5.706212e+00
1.379000e-05	-1.320734e-02	5.613084e+00
1.380000e-05	-1.278062e-02	5.609423e+00
1.381000e-05	-1.356721e-02	5.516742e+00
1.382000e-05	-1.411326e-02	5.423132e+00
1.383000e-05	-1.216589e-02	5.369895e+00
1.384000e-05	-1.139144e-02	5.315691e+00
1.385000e-05	-1.191474e-02	5.202550e+00
1.386000e-05	-1.355351e-02	5.115892e+00
1.387000e-05	-1.259258e-02	4.981628e+00
1.388000e-05	-9.693132e-03	4.895188e+00
1.389000e-05	-9.825072e-03	4.821030e+00
1.390000e-05	-1.051039e-02	4.707369e+00
1.391000e-05	-1.167567e-02	4.662581e+00
1.392000e-05	-9.786100e-03	4.589930e+00
1.393000e-05	-8.269828e-03	4.475140e+00
1.394000e-05	-7.982821e-03	4.423054e+00
1.395000e-05	-1.133243e-02	4.369000e+00
1.396000e-05	-1.043297e-02	4.295741e+00
1.397000e-05	-7.963065e-03	4.198797e+00
1.398000e-05	-6.936195e-03	4.024052e+00
1.399000e-05	-9.155080e-03	3.967449e+00
1.400000e-05	-9.920746e-03	3.833135e+00
1.401000e-05	-8.556673e-03	3.811502e+00
1.402000e-05	-6.556662e-03	3.693686e+00
1.403000e-05	-7.504074e-03	3.620555e+00
1.404000e-05	-8.253938e-03	3.577399e+00
1.405000e-05	-7.648798e-03	3.402532e+00
1.406000e-05	-6.569407e-03	3.325716e+00
1.407000e-05	-6.532832e-03	3.189974e+00
1.408000e-05	-7.097143e-03	3.106315e+00
1.409000e-05	-7.280488e-03	3.044054e+00
1.410000e-05	-6.872433e-03	2.916296e+00
1.411000e-05	-5.888426e-03	2.822580e+00
1.412000e-05	-5.483430e-03	2.768397e+00
1.413000e-05	-6.519526e-03	2.643184e+00
1.414000e-05	-6.964942e-03	2.485214e+00
1.415000e-05	-5.810588e-03	2.382000e+00
1.416000e-05	-5.754448e-03	2.286241e+00
1.417000e-05	-5.130415e-03	2.221454e+00
1.418000e-05	-6.415353e-03	2.085663e+00
1.419000e-05	-6.005827e-03	2.041529e+00
1.420000e-05	-5.410988e-03	1.977770e+00
1.421000e-05	-5.749608e-03	1.801499e+00
1.422000e-05	-4.838601e-03	1.715121e+00
1.423000e-05	-4.653228e-03	1.620575e+00
1.424000e-05	-4.804691e-03	1.463634e+00
1.425000e-05	-4.702775e-03	1.360474e+00
1.426000e-05	-4.846528e-03	1.263684e+00
1.427000e-05	-4.920380e-03	1.137343e+00
1.428000e-05	-4.743174e-03	1.031053e+00
1.429000e-05	-4.949088e-03	8.741366e-01
1.430000e-05	-4.564453e-03	7.889224e-01
1.431000e-05	-4.172338e-03	6.446856e-01
1.432000e-05	-4.841950e-03	5.899963e-01
1.433000e-05	-5.136890e-03	4.646355e-01
1.434000e-05	-4.795946e-03	3.699501e-01
1.435000e-05	-4.220717e-03	2.856854e-01
1.436000e-05	-3.405449e-03	8.617078e-02
1.437000e-05	-4.075918e-03	2.198012e-02
1.438000e-05	-3.443866e-03	-1.147817e-01
1.439000e-05	-2.842045e-04	-1.880199e-01
1.440000e-05	2.020140e-03	-2.747330e-01
1.441000e-05	-5.820972e-04	-3.689446e-01
1.442000e-05	1.403609e-04	-4.225814e-01
1.443000e-05	-1.003952e-03	-5.979432e-01
1.444000e-05	-8.562146e-04	-7.348334e-01
1.445000e-05	2.664726e-03	-7.804987e-01
1.446000e-05	4.782960e-02	-8.632317e-01
1.447000e-05	4.040809e-02	-9.996224e-01
1.448000e-05	-3.368406e-02	-1.191075e+00
1.449000e-05	-1.035066e-01	-1.430576e+00
1.450000e-05	3.811975e-02	-1.475162e+00
1.451000e-05	8.680608e-02	-1.435082e+00
1.452000e-05	-8.038023e-02	-1.589101e+00
1.453000e-05	-5.891229e-02	-1.797943e+00
1.454000e-05	1.254550e-01	-1.790974e+00
1.455000e-05	-2.640230e-02	-1.905234e+00
1.456000e-05	-1.211923e-01	-1.999071e+00
1.457000e-05	1.069261e-01	-2.076206e+00
1.458000e-05	2.531900e-02	-2.220124e+00
1.459000e-05	-1.333706e-01	-2.377970e+00
1.460000e-05	9.709134e-02	-2.411084e+00
1.461000e-05	3.999766e-02	-2.555815e+00
1.462000e-05	-8.038229e-02	-2.693759e+00
1.463000e-05	6.570241e-02	-2.776942e+00
1.464000e-05	-2.728619e-02	-2.821577e+00
1.465000e-05	-3.486749e-02	-3.036599e+00
1.466000e-05	5.878129e-02	-3.042234e+00
1.467000e-05	-4.444715e-02	-3.219542e+00
1.468000e-05	1.132881e-02	-3.265257e+00
1.469000e-05	4.913114e-02	-3.367346e+00
1.470000e-05	-5.997668e-02	-3.513279e+00
1.471000e-05	3.759054e-02	-3.557920e+00
1.472000e-05	1.041095e-02	-3.612475e+00
1.473000e-05	-5.855999e-02	-3.707833e+00
1.474000e-05	5.031395e-02	-3.841254e+00
1.475000e-05	2.208536e-03	-3.968947e+00
1.476000e-05	-7.742764e-03	-4.042682e+00
1.477000e-05	1.835133e-02	-4.126838e+00
1.478000e-05	-2.468604e-02	-4.210579e+00
1.479000e-05	2.278601e-02	-4.325313e+00
1.480000e-05	-1.865862e-03	-4.400495e+00
1.481000e-05	-7.714463e-03	-4.422705e+00
1.482000e-05	1.374994e-02	-4.515866e+00
1.483000e-05	-9.581186e-03	-4.624752e+00
1.484000e-05	2.181012e-02	-4.707313e+00
1.485000e-05	9.596349e-05	-4.790022e+00
1.486000e-05	-1.256784e-02	-4.905338e+00
1.487000e-05	1.704079e-02	-4.990549e+00
1.488000e-05	-9.447046e-03	-5.073329e+00
1.489000e-05	1.909768e-02	-5.149944e+00
1.490000e-05	-2.450088e-04	-5.232630e+00
1.491000e-05	-9.082165e-03	-5.305915e+00
1.492000e-05	1.907123e-02	-5.503225e+00
1.493000e-05	-5.254062e-03	-5.547888e+00
1.494000e-05	1.385604e-02	-5.610526e+00
1.495000e-05	-6.458594e-03	-5.673759e+00
1.496000e-05	-2.616710e-03	-5.737865e+00
1.497000e-05	1.477952e-02	-5.801048e+00
1.498000e-05	-1.634532e-03	-5.884733e+00
1.499000e-05	1.059260e-02	-5.936341e+00
1.500000e-05	-3.337745e-03	-5.991972e+00
1.501000e-05	5.055680e-03	-6.023127e+00
1.502000e-05	1.058050e-02	-6.065314e+00
1.503000e-05	-1.268627e-03	-6.160070e+00
1.504000e-05	5.457521e-03	-6.273234e+00
1.505000e-05	-3.220133e-03	-6.358966e+00
1.506000e-05	9.941311e-03	-6.399026e+00
1.507000e-05	8.633010e-03	-6.452654e+00
1.508000e-05	1.090932e-03	-6.484862e+00
1.509000e-05	3.539219e-03	-6.528942e+00
1.510000e-05	-1.849294e-03	-6.619050e+00
1.511000e-05	8.439527e-03	-6.634631e+00
1.512000e-05	4.918039e-03	-6.715363e+00
1.513000e-05	2.800467e-03	-6.757443e+00
1.514000e-05	4.321540e-03	-6.780492e+00
1.515000e-05	4.842250e-03	-6.821077e+00
1.516000e-05	1.134251e-02	-6.851680e+00
1.517000e-05	3.193065e-03	-6.895317e+00
1.518000e-05	1.930859e-03	-6.938943e+00
1.519000e-05	2.553886e-03	-7.002072e+00
1.520000e-05	6.642227e-03	-7.053707e+00
1.521000e-05	8.208641e-03	-7.095943e+00
1.522000e-05	3.689070e-03	-7.209969e+00
1.523000e-05	3.910155e-03	-7.188524e+00
1.524000e-05	4.642101e-03	-7.200999e+00
1.525000e-05	8.859265e-03	-7.221579e+00
1.526000e-05	7.465504e-03	-7.224103e+00
1.527000e-05	3.101959e-03	-7.265204e+00
1.528000e-05	4.684303e-03	-7.253784e+00
1.529000e-05	7.720797e-03	-7.276859e+00
1.530000e-05	8.707760e-03	-7.327840e+00
1.531000e-05	5.500762e-03	-7.318944e+00
1.532000e-05	4.353786e-03	-7.348445e+00
1.533000e-05	6.478476e-03	-7.370020e+00
1.534000e-05	9.882017e-03	-7.391446e+00
1.535000e-05	1.000212e-02	-7.379025e+00
1.536000e-05	5.684902e-03	-7.380527e+00
1.537000e-05	6.385279e-03	-7.423098e+00
1.538000e-05	8.003491e-03	-7.403105e+00
1.539000e-05	8.250661e-03	-7.411573e+00
1.540000e-05	7.352511e-03	-7.471609e+00
1.541000e-05	6.639791e-03	-7.422704e+00
1.542000e-05	8.550873e-03	-7.442184e+00
1.543000e-05	1.233927e-02	-7.432182e+00
1.544000e-05	1.266542e-02	-7.453177e+00
1.545000e-05	8.997849e-03	-7.434205e+00
1.546000e-05	8.274930e-03	-7.413578e+00
1.547000e-05	9.514166e-03	-7.410080e+00
1.548000e-05	1.162798e-02	-7.421579e+00
1.549000e-05	1.070956e-02	-7.413105e+00
1.550000e-05	1.068255e-02	-7.412552e+00
1.551000e-05	1.217132e-02	-7.379025e+00
1.552000e-05	1.505176e-02	-7.358448e+00
1.553000e-05	1.430172e-02	-7.349467e+00
1.554000e-05	1.176755e-02	-7.338468e+00
1.555000e-05	1.063620e-02	-7.317864e+00
1.556000e-05	1.224560e-02	-7.286736e+00
1.557000e-05	1.426009e-02	-7.235657e+00
1.558000e-05	1.431711e-02	-7.254156e+00
1.559000e-05	1.416768e-02	-7.222606e+00
1.560000e-05	1.486961e-02	-7.221551e+00
1.561000e-05	1.649225e-02	-7.171473e+00
1.562000e-05	1.706289e-02	-7.120970e+00
1.563000e-05	1.584234e-02	-7.127365e+00
1.564000e-05	1.513327e-02	-7.075939e+00
1.565000e-05	1.703003e-02	-7.055210e+00
1.566000e-05	1.898881e-02	-6.980928e+00
1.567000e-05	1.904267e-02	-6.890015e+00
1.568000e-05	1.894229e-02	-6.865262e+00
1.569000e-05	1.836578e-02	-6.844681e+00
1.570000e-05	1.938046e-02	-6.800525e+00
1.571000e-05	1.942207e-02	-6.759523e+00
1.572000e-05	1.917307e-02	-6.727416e+00
1.573000e-05	1.835009e-02	-6.697265e+00
1.574000e-05	1.965431e-02	-6.663605e+00
1.575000e-05	1.988092e-02	-6.602554e+00
1.576000e-05	1.966970e-02	-6.509918e+00
1.577000e-05	1.804233e-02	-6.495816e+00
1.578000e-05	1.616472e-02	-6.445109e+00
1.579000e-05	1.427996e-02	-6.412576e+00
1.580000e-05	1.527172e-02	-6.348467e+00
1.581000e-05	1.184733e-02	-6.277263e+00
1.582000e-05	1.229824e-02	-6.172979e+00
1.583000e-05	1.116173e-02	-6.109892e+00
1.584000e-05	1.184986e-02	-6.033662e+00
1.585000e-05	1.053599e-02	-6.002025e+00
1.586000e-05	9.837908e-03	-5.947994e+00
1.587000e-05	6.203023e-03	-5.886787e+00
1.588000e-05	6.315483e-03	-5.781553e+00
1.589000e-05	4.793016e-03	-5.759445e+00
1.590000e-05	5.879394e-03	-5.643638e+00
1.591000e-05	4.079958e-03	-5.591101e+00
1.592000e-05	5.095325e-03	-5.558893e+00
1.593000e-05	6.329232e-03	-5.414710e+00
1.594000e-05	6.210003e-03	-5.369590e+00
1.595000e-05	3.657132e-03	-5.226102e+00
1.596000e-05	3.740396e-03	-5.161021e+00
1.597000e-05	3.411291e-03	-5.095135e+00
1.598000e-05	1.603889e-03	-5.012525e+00
1.599000e-05	-1.542795e-04	-4.896963e+00
1.600000e-05	9.764523e-04	-4.761495e+00
1.601000e-05	2.814624e-03	-4.706193e+00
1.602000e-05	2.940824e-03	-4.612099e+00
1.603000e-05	1.683590e-03	-4.529844e+00
1.604000e-05	9.306764e-04	-4.453634e+00
1.605000e-05	1.609985e-03	-4.390978e+00
1.606000e-05	1.018287e-03	-4.329341e+00
1.607000e-05	-4.010687e-04	-4.254633e+00
1.608000e-05	-1.149360e-03	-4.160450e+00
1.609000e-05	-1.160235e-03	-4.075184e+00
1.610000e-05	5.670139e-04	-4.020004e+00
1.611000e-05	5.042542e-04	-3.928921e+00
1.612000e-05	-5.054978e-04	-3.771921e+00
1.613000e-05	-8.619918e-04	-3.645757e+00
1.614000e-05	-2.007771e-04	-3.590548e+00
1.615000e-05	-6.920496e-04	-3.475868e+00
1.616000e-05	-2.435296e-03	-3.443101e+00
1.617000e-05	-3.640716e-03	-3.307340e+00
1.618000e-05	-2.577974e-03	-3.232604e+00
1.619000e-05	-2.196296e-03	-3.148874e+00
1.620000e-05	-1.698136e-03	-3.004680e+00
1.621000e-05	-2.275697e-03	-2.896216e+00
1.622000e-05	-2.505863e-03	-2.801026e+00
1.623000e-05	-1.795522e-03	-2.696318e+00
1.624000e-05	-1.770137e-03	-2.581553e+00
1.625000e-05	-2.881313e-03	-2.516189e+00
1.626000e-05	-3.927197e-03	-2.362003e+00
1.627000e-05	-3.850544e-03	-2.348370e+00
1.628000e-05	-3.736645e-03	-2.189528e+00
1.629000e-05	-3.922472e-03	-2.064657e+00
1.630000e-05	-3.993996e-03	-1.980024e+00
1.631000e-05	-4.187572e-03	-1.865789e+00
1.632000e-05	-4.019175e-03	-1.802520e+00
1.633000e-05	-4.267143e-03	-1.644787e+00
1.634000e-05	-4.524204e-03	-1.601001e+00
1.635000e-05	-4.123841e-03	-1.508817e+00
1.636000e-05	-4.802218e-03	-1.319275e+00
1.637000e-05	-4.369069e-03	-1.232053e+00
1.638000e-05	-4.489928e-03	-1.076363e+00
1.639000e-05	-3.833404e-03	-9.905212e-01
1.640000e-05	-4.795058e-03	-8.556381e-01
1.641000e-05	-5.652590e-03	-8.020238e-01
1.642000e-05	-5.131527e-03	-6.952935e-01
1.643000e-05	-5.246227e-03	-5.293699e-01
1.644000e-05	-5.309640e-03	-4.411527e-01
1.645000e-05	-6.092843e-03	-3.167696e-01
1.646000e-05	-5.973423e-03	-2.426367e-01
1.647000e-05	-4.857700e-03	-1.788672e-01
1.648000e-05	-4.714086e-03	-4.360914e-02
1.649000e-05	-3.560307e-03	4.207902e-02
1.650000e-05	-1.414583e-03	1.864164e-01
1.651000e-05	-3.268884e-03	3.047592e-01
1.652000e-05	-2.490912e-03	3.785210e-01
1.653000e-05	-3.294402e-03	4.832078e-01
1.654000e-05	-3.621652e-03	5.984736e-01
1.655000e-05	-5.682040e-04	7.137080e-01
1.656000e-05	1.880461e-02	7.780211e-01
1.657000e-05	5.247745e-02	9.263618e-01
1.658000e-05	1.143913e-03	1.141831e+00
1.659000e-05	-6.236448e-02	1.201103e+00
1.660000e-05	-9.256168e-02	1.314736e+00
1.661000e-05	7.076817e-02	1.398525e+00
1.662000e-05	5.297358e-02	1.583413e+00
1.663000e-05	-1.377522e-01	1.734763e+00
1.664000e-05	2.476325e-02	1.778846e+00
1.665000e-05	1.081869e-01	1.902704e+00
1.666000e-05	-7.733797e-02	1.977947e+00
1.667000e-05	-4.128949e-02	2.021030e+00
1.668000e-05	8.433076e-02	2.134884e+00
1.669000e-05	-6.927567e-02	2.263654e+00
1.670000e-05	-5.814341e-02	2.355891e+00
1.671000e-05	9.915070e-02	2.429028e+00
1.672000e-05	-1.370616e-02	2.546892e+00
1.673000e-05	-4.928779e-02	2.682186e+00
1.674000e-05	3.712982e-02	2.817997e+00
1.675000e-05	-2.881869e-02	2.843106e+00
1.676000e-05	-1.248669e-02	2.986417e+00
1.677000e-05	2.158768e-02	3.032155e+00
1.678000e-05	-3.502959e-02	3.146414e+00
1.679000e-05	1.824644e-02	3.242579e+00
1.680000e-05	8.425234e-04	3.323816e+00
1.681000e-05	-1.545663e-02	3.473182e+00
1.682000e-05	9.001996e-03	3.547421e+00
1.683000e-05	-2.098722e-02	3.621680e+00
1.684000e-05	-2.292140e-02	3.765891e+00
1.685000e-05	2.124338e-02	3.831028e+00
1.686000e-05	6.428447e-03	3.934341e+00
1.687000e-05	-1.806138e-02	4.018549e+00
1.688000e-05	-7.776473e-03	4.082133e+00
1.689000e-05	-5.852068e-03	4.196496e+00
1.690000e-05	-1.240366e-03	4.344233e+00
1.691000e-05	-7.667430e-03	4.391000e+00
1.692000e-05	-6.541120e-03	4.504211e+00
1.693000e-05	-1.712206e-02	4.567896e+00
1.694000e-05	7.281863e-03	4.643183e+00
1.695000e-05	6.288983e-03	4.785888e+00
1.696000e-05	-1.624547e-02	4.822051e+00
1.697000e-05	-1.327578e-02	4.884161e+00
1.698000e-05	-8.666793e-03	5.041099e+00
1.699000e-05	1.441533e-03	5.156399e+00
1.700000e-05	-3.621433e-03	5.210578e+00
1.701000e-05	-1.024401e-02	5.333842e+00
1.702000e-05	-1.182797e-02	5.398495e+00
1.703000e-05	-1.530036e-03	5.462784e+00
1.704000e-05	3.483312e-04	5.515317e+00
1.705000e-05	-9.278254e-03	5.577972e+00
1.706000e-05	-1.626082e-02	5.642129e+00
1.707000e-05	-9.655900e-03	5.726767e+00
1.708000e-05	-6.913910e-04	5.760100e+00
1.709000e-05	-5.738917e-03	5.885815e+00
1.710000e-05	-1.067264e-02	5.978496e+00
1.711000e-05	-1.380674e-02	6.000554e+00
1.712000e-05	-5.159509e-03	6.062211e+00
1.713000e-05	-4.883674e-03	6.107942e+00
1.714000e-05	-8.873402e-03	6.190575e+00
1.715000e-05	-1.398268e-02	6.242103e+00
1.716000e-05	-9.454306e-03	6.295262e+00
1.717000e-05	-2.894977e-03	6.367966e+00
1.718000e-05	-6.745320e-03	6.389552e+00
1.719000e-05	-1.126562e-02	6.412156e+00
1.720000e-05	-1.595898e-02	6.484733e+00
1.721000e-05	-8.411272e-03	6.546944e+00
1.722000e-05	-6.179951e-03	6.612154e+00
1.723000e-05	-9.477878e-03	6.715357e+00
1.724000e-05	-1.355672e-02	6.737846e+00
1.725000e-05	-1.063022e-02	6.810476e+00
1.726000e-05	-6.359901e-03	6.820076e+00
1.727000e-05	-8.780900e-03	6.862104e+00
1.728000e-05	-1.260843e-02	6.872808e+00
1.729000e-05	-1.570924e-02	6.907765e+00
1.730000e-05	-9.605276e-03	6.968470e+00
1.731000e-05	-6.860213e-03	6.979929e+00
1.732000e-05	-9.624464e-03	7.034150e+00
1.733000e-05	-1.366382e-02	7.012629e+00
1.734000e-05	-1.225678e-02	7.103183e+00
1.735000e-05	-8.963860e-03	7.106894e+00
1.736000e-05	-9.498248e-03	7.116415e+00
1.737000e-05	-1.204294e-02	7.167896e+00
1.738000e-05	-1.564769e-02	7.199479e+00
1.739000e-05	-1.215287e-02	7.199952e+00
1.740000e-05	-1.026128e-02	7.240499e+00
1.741000e-05	-1.096398e-02	7.211604e+00
1.742000e-05	-1.568302e-02	7.251132e+00
1.743000e-05	-1.454404e-02	7.243604e+00
1.744000e-05	-1.110342e-02	7.285184e+00
1.745000e-05	-9.563948e-03	7.273790e+00
1.746000e-05	-1.284715e-02	7.304762e+00
1.747000e-05	-1.559740e-02	7.332840e+00
1.748000e-05	-1.406159e-02	7.295864e+00
1.749000e-05	-1.283471e-02	7.357897e+00
1.750000e-05	-1.352762e-02	7.328321e+00
1.751000e-05	-1.689346e-02	7.376041e+00
1.752000e-05	-1.664322e-02	7.347922e+00
1.753000e-05	-1.406530e-02	7.368395e+00
1.754000e-05	-1.259307e-02	7.397920e+00
1.755000e-05	-1.459681e-02	7.348289e+00
1.756000e-05	-1.797961e-02	7.336000e+00
1.757000e-05	-1.734557e-02	7.340342e+00
1.758000e-05	-1.494736e-02	7.325844e+00
1.759000e-05	-1.718906e-02	7.304813e+00
1.760000e-05	-2.019926e-02	7.284767e+00
1.761000e-05	-1.936531e-02	7.315158e+00
1.762000e-05	-1.803297e-02	7.253132e+00
1.763000e-05	-1.691392e-02	7.221079e+00
1.764000e-05	-1.919580e-02	7.222632e+00
1.765000e-05	-2.118214e-02	7.221003e+00
1.766000e-05	-2.021293e-02	7.191499e+00
1.767000e-05	-1.962855e-02	7.170023e+00
1.768000e-05	-2.051649e-02	7.167973e+00
1.769000e-05	-2.294275e-02	7.097820e+00
1.770000e-05	-2.363447e-02	7.106810e+00
1.771000e-05	-2.272018e-02	7.065633e+00
1.772000e-05	-2.198007e-02	7.063609e+00
1.773000e-05	-2.366272e-02	7.012599e+00
1.774000e-05	-2.525860e-02	7.000574e+00
1.775000e-05	-2.359598e-02	6.988846e+00
1.776000e-05	-2.386492e-02	6.906237e+00
1.777000e-05	-2.409024e-02	6.875136e+00
1.778000e-05	-2.722827e-02	6.823577e+00
1.779000e-05	-2.667465e-02	6.801055e+00
1.780000e-05	-2.765942e-02	6.779999e+00
1.781000e-05	-2.676428e-02	6.688445e+00
1.782000e-05	-2.800882e-02	6.677187e+00
1.783000e-05	-2.875040e-02	6.621627e+00
1.784000e-05	-2.765930e-02	6.509342e+00
1.785000e-05	-2.586783e-02	6.453658e+00
1.786000e-05	-2.572212e-02	6.421549e+00
1.787000e-05	-2.492341e-02	6.409498e+00
1.788000e-05	-2.393387e-02	6.338394e+00
1.789000e-05	-2.310409e-02	6.295289e+00
1.790000e-05	-2.169937e-02	6.203132e+00
1.791000e-05	-2.216184e-02	6.169027e+00
1.792000e-05	-2.210840e-02	6.149324e+00
1.793000e-05	-2.103215e-02	6.074711e+00
1.794000e-05	-1.834999e-02	6.022609e+00
1.795000e-05	-1.574316e-02	5.968975e+00
1.796000e-05	-1.574333e-02	5.917290e+00
1.797000e-05	-1.568774e-02	5.832128e+00
1.798000e-05	-1.506957e-02	5.696366e+00
1.799000e-05	-1.485985e-02	5.632029e+00
1.800000e-05	-1.589368e-02	5.560524e+00
1.801000e-05	-1.634465e-02	5.506846e+00
1.802000e-05	-1.412695e-02	5.444108e+00
1.803000e-05	-1.192672e-02	5.399504e+00
1.804000e-05	-1.039460e-02	5.305812e+00
1.805000e-05	-1.018191e-02	5.202000e+00
1.806000e-05	-1.177122e-02	5.127294e+00
1.807000e-05	-1.156504e-02	4.962500e+00
1.808000e-05	-1.132061e-02	4.917167e+00
1.809000e-05	-1.161418e-02	4.810030e+00
1.810000e-05	-1.104337e-02	4.749845e+00
1.811000e-05	-9.182998e-03	4.683584e+00
1.812000e-05	-8.302595e-03	4.599998e+00
1.813000e-05	-7.648510e-03	4.504791e+00
1.814000e-05	-9.523371e-03	4.401531e+00
1.815000e-05	-1.075162e-02	4.348971e+00
1.816000e-05	-9.794621e-03	4.275761e+00
1.817000e-05	-8.396986e-03	4.117824e+00
1.818000e-05	-7.695211e-03	4.063606e+00
1.819000e-05	-7.941658e-03	3.959422e+00
1.820000e-05	-8.564467e-03	3.855713e+00
1.821000e-05	-7.174705e-03	3.809926e+00
1.822000e-05	-7.624812e-03	3.695238e+00
1.823000e-05	-7.623522e-03	3.621529e+00
1.824000e-05	-8.395112e-03	3.537945e+00
1.825000e-05	-6.624444e-03	3.453184e+00
1.826000e-05	-6.067958e-03	3.304692e+00
1.827000e-05	-5.976909e-03	3.201524e+00
1.828000e-05	-7.073213e-03	3.117240e+00
1.829000e-05	-7.150547e-03	2.982009e+00
1.830000e-05	-6.346514e-03	2.927842e+00
1.831000e-05	-6.290674e-03	2.853583e+00
1.832000e-05	-7.108027e-03	2.778451e+00
1.833000e-05	-6.717015e-03	2.672682e+00
1.834000e-05	-7.102597e-03	2.525708e+00
1.835000e-05	-4.224601e-03	2.372500e+00
1.836000e-05	-6.369113e-03	2.284136e+00
1.837000e-05	-5.709292e-03	2.202051e+00
1.838000e-05	-6.329761e-03	2.095742e+00
1.839000e-05	-4.873484e-03	1.993004e+00
1.840000e-05	-5.129458e-03	1.946344e+00
1.841000e-05	-5.154525e-03	1.832984e+00
1.842000e-05	-4.683398e-03	1.745287e+00
1.843000e-05	-7.382470e-03	1.610506e+00
1.844000e-05	-5.575544e-03	1.464112e+00
1.845000e-05	-6.358020e-03	1.348924e+00
1.846000e-05	-4.222833e-03	1.254136e+00
1.847000e-05	-5.059572e-03	1.178900e+00
1.848000e-05	-5.386647e-03	1.013029e+00
1.849000e-05	-5.493135e-03	8.551408e-01
1.850000e-05	-4.671183e-03	7.790273e-01
1.851000e-05	-5.021942e-03	6.851392e-01
1.852000e-05	-6.056854e-03	5.698949e-01
1.853000e-05	-6.525411e-03	4.646592e-01
1.854000e-05	-3.660379e-03	3.899024e-01
1.855000e-05	-2.513728e-03	2.841157e-01
1.856000e-05	-3.760805e-03	1.273409e-01
1.857000e-05	-3.424029e-03	1.248125e-02
1.858000e-05	-3.731223e-03	-1.041780e-01
1.859000e-05	-5.547386e-04	-1.769961e-01
1.860000e-05	3.428992e-06	-2.836829e-01
1.861000e-05	-9.139414e-04	-3.474186e-01
1.862000e-05	-9.218660e-04	-4.421267e-01
1.863000e-05	-7.253733e-04	-5.578646e-01
1.864000e-05	-1.956231e-03	-7.444159e-01
1.865000e-05	3.322314e-03	-7.989988e-01
1.866000e-05	4.485040e-02	-8.736343e-01
1.867000e-05	4.674544e-02	-1.022523e+00
1.868000e-05	-2.966738e-02	-1.219567e+00
1.869000e-05	-1.007389e-01	-1.441170e+00
1.870000e-05	2.687590e-02	-1.474657e+00
1.871000e-05	8.932446e-02	-1.475129e+00
1.872000e-05	-6.421590e-02	-1.589518e+00
1.873000e-05	-6.839833e-02	-1.757491e+00
1.874000e-05	1.185775e-01	-1.790475e+00
1.875000e-05	-1.417630e-02	-1.843633e+00
1.876000e-05	-1.299600e-01	-2.011179e+00
1.877000e-05	1.011801e-01	-2.085809e+00
1.878000e-05	3.923176e-02	-2.159919e+00
1.879000e-05	-1.368037e-01	-2.346472e+00
1.880000e-05	9.314290e-02	-2.432129e+00
1.881000e-05	5.055078e-02	-2.527811e+00
1.882000e-05	-8.170148e-02	-2.683262e+00
1.883000e-05	6.043855e-02	-2.767967e+00
1.884000e-05	-1.737184e-02	-2.832101e+00
1.885000e-05	-3.960233e-02	-2.969541e+00
1.886000e-05	5.944077e-02	-3.043680e+00
1.887000e-05	-3.684598e-02	-3.161071e+00
1.888000e-05	2.390584e-03	-3.304337e+00
1.889000e-05	5.529292e-02	-3.339895e+00
1.890000e-05	-5.823170e-02	-3.463132e+00
1.891000e-05	2.909916e-02	-3.516917e+00
1.892000e-05	1.767053e-02	-3.601572e+00
1.893000e-05	-6.238282e-02	-3.674287e+00
1.894000e-05	4.656374e-02	-3.850726e+00
1.895000e-05	9.078589e-03	-3.958445e+00
1.896000e-05	-1.106414e-02	-4.033777e+00
1.897000e-05	1.951173e-02	-4.127390e+00
1.898000e-05	-2.302442e-02	-4.201128e+00
1.899000e-05	2.127525e-02	-4.306312e+00
1.900000e-05	9.799687e-04	-4.379550e+00
1.901000e-05	-1.245111e-02	-4.462129e+00
1.902000e-05	1.456117e-02	-4.496912e+00
1.903000e-05	-8.464788e-03	-4.651149e+00
1.904000e-05	2.060517e-02	-4.714888e+00
1.905000e-05	1.851977e-03	-4.799997e+00
1.906000e-05	-1.676654e-02	-4.872913e+00
1.907000e-05	1.660031e-02	-5.011500e+00
1.908000e-05	-8.244254e-03	-5.084234e+00
1.909000e-05	1.720780e-02	-5.147892e+00
1.910000e-05	5.207153e-04	-5.191574e+00
1.911000e-05	-1.196417e-02	-5.318511e+00
1.912000e-05	1.928854e-02	-5.443600e+00
1.913000e-05	-4.333670e-03	-5.558421e+00
1.914000e-05	1.191539e-02	-5.592076e+00
1.915000e-05	-6.030713e-03	-5.642659e+00
1.916000e-05	-4.343590e-03	-5.717765e+00
1.917000e-05	1.631923e-02	-5.802049e+00
1.918000e-05	-4.896971e-04	-5.854257e+00
1.919000e-05	8.935485e-03	-5.907891e+00
1.920000e-05	-4.908907e-03	-5.979022e+00
1.921000e-05	2.541307e-03	-5.992204e+00
1.922000e-05	1.125761e-02	-6.075361e+00
1.923000e-05	-1.347494e-03	-6.149043e+00
1.924000e-05	5.260106e-03	-6.265304e+00
1.925000e-05	-2.682849e-03	-6.338970e+00
1.926000e-05	9.128111e-03	-6.379049e+00
1.927000e-05	9.639878e-03	-6.422152e+00
1.928000e-05	5.129506e-04	-6.464309e+00
1.929000e-05	2.866630e-03	-6.528915e+00
1.930000e-05	-1.568984e-03	-6.611619e+00
1.931000e-05	9.578089e-03	-6.623157e+00
1.932000e-05	5.907798e-03	-6.656263e+00
1.933000e-05	2.435040e-03	-6.738439e+00
1.934000e-05	4.716465e-03	-6.800970e+00
1.935000e-05	4.086881e-03	-6.822076e+00
1.936000e-05	1.048026e-02	-6.822153e+00
1.937000e-05	3.330141e-03	-6.853807e+00
1.938000e-05	2.358628e-03	-6.877021e+00
1.939000e-05	3.857791e-03	-7.009078e+00
1.940000e-05	6.809710e-03	-7.023732e+00
1.941000e-05	8.813297e-03	-7.107287e+00
1.942000e-05	2.110762e-03	-7.148445e+00
1.943000e-05	4.243611e-03	-7.168975e+00
1.944000e-05	5.714303e-03	-7.193074e+00
1.945000e-05	8.171970e-03	-7.200529e+00
1.946000e-05	6.476593e-03	-7.232127e+00
1.947000e-05	4.888143e-03	-7.273683e+00
1.948000e-05	7.792734e-03	-7.264256e+00
1.949000e-05	7.839216e-03	-7.276312e+00
1.950000e-05	7.142578e-03	-7.296941e+00
1.951000e-05	4.215503e-03	-7.337417e+00
1.952000e-05	5.380043e-03	-7.329941e+00
1.953000e-05	7.316925e-03	-7.359519e+00
1.954000e-05	8.638945e-03	-7.380471e+00
1.955000e-05	8.254366e-03	-7.370973e+00
1.956000e-05	6.006517e-03	-7.400649e+00
1.957000e-05	6.963797e-03	-7.383052e+00
1.958000e-05	8.846910e-03	-7.422680e+00
1.959000e-05	9.085269e-03	-7.402102e+00
1.960000e-05	6.642066e-03	-7.432629e+00
1.961000e-05	7.001330e-03	-7.423652e+00
1.962000e-05	9.424864e-03	-7.433179e+00
1.963000e-05	1.009402e-02	-7.451652e+00
1.964000e-05	1.072815e-02	-7.442678e+00
1.965000e-05	7.843353e-03	-7.412607e+00
1.966000e-05	8.511153e-03	-7.401628e+00
1.967000e-05	1.118813e-02	-7.432078e+00
1.968000e-05	1.180235e-02	-7.401600e+00
1.969000e-05	1.091555e-02	-7.411524e+00
1.970000e-05	1.029331e-02	-7.411002e+00
1.971000e-05	1.172647e-02	-7.349971e+00
1.972000e-05	1.159943e-02	-7.368971e+00
1.973000e-05	1.198044e-02	-7.349396e+00
1.974000e-05	8.652286e-03	-7.327471e+00
1.975000e-05	1.238890e-02	-7.358845e+00
1.976000e-05	1.322021e-02	-7.296358e+00
1.977000e-05	1.704135e-02	-7.233686e+00
1.978000e-05	1.439518e-02	-7.235608e+00
1.979000e-05	1.398123e-02	-7.233077e+00
1.980000e-05	1.319889e-02	-7.201050e+00
1.981000e-05	1.464174e-02	-7.178978e+00
1.982000e-05	1.380067e-02	-7.150470e+00
1.983000e-05	1.385023e-02	-7.119370e+00
1.984000e-05	1.586302e-02	-7.105857e+00
1.985000e-05	1.755700e-02	-7.025659e+00
1.986000e-05	2.098401e-02	-6.961073e+00
1.987000e-05	1.960562e-02	-6.908995e+00
1.988000e-05	1.913281e-02	-6.866788e+00
1.989000e-05	1.729935e-02	-6.824631e+00
1.990000e-05	1.883367e-02	-6.811625e+00
1.991000e-05	1.867175e-02	-6.778999e+00
1.992000e-05	1.858364e-02	-6.738470e+00
1.993000e-05	1.919479e-02	-6.695811e+00
1.994000e-05	2.142565e-02	-6.645205e+00
1.995000e-05	2.099029e-02	-6.602100e+00
1.996000e-05	2.002129e-02	-6.549469e+00
1.997000e-05	1.687054e-02	-6.495792e+00
1.998000e-05	1.736185e-02	-6.473158e+00
1.999000e-05	1.582455e-02	-6.402053e+00
2.000000e-05	1.480129e-02	-6.349946e+00
2.001000e-05	1.194624e-02	-6.305889e+00
2.002000e-05	1.287516e-02	-6.183682e+00
2.003000e-05	1.244464e-02	-6.109318e+00
2.004000e-05	1.224746e-02	-6.025712e+00
2.005000e-05	1.048231e-02	-6.021553e+00
2.006000e-05	9.767627e-03	-5.958895e+00
2.007000e-05	8.118663e-03	-5.865311e+00
2.008000e-05	8.895422e-03	-5.833104e+00
2.009000e-05	6.394933e-03	-5.719922e+00
2.010000e-05	5.946196e-03	-5.657259e+00
2.011000e-05	4.029649e-03	-5.613576e+00
2.012000e-05	5.992173e-03	-5.539971e+00
2.013000e-05	5.899452e-03	-5.455133e+00
2.014000e-05	5.195082e-03	-5.339966e+00
2.015000e-05	3.720536e-03	-5.253657e+00
2.016000e-05	3.808646e-03	-5.131471e+00
2.017000e-05	3.532206e-03	-5.086162e+00
2.018000e-05	2.785059e-03	-5.033478e+00
2.019000e-05	1.563573e-03	-4.928342e+00
2.020000e-05	1.246364e-03	-4.733599e+00
2.021000e-05	2.311143e-03	-4.737356e+00
2.022000e-05	2.058232e-03	-4.622032e+00
2.023000e-05	2.737386e-03	-4.518824e+00
2.024000e-05	8.745054e-04	-4.434209e+00
2.025000e-05	1.075620e-03	-4.401027e+00
2.026000e-05	3.089598e-04	-4.318395e+00
2.027000e-05	-4.304402e-05	-4.234232e+00
2.028000e-05	-7.233451e-04	-4.169998e+00
2.029000e-05	-6.464060e-04	-4.066259e+00
2.030000e-05	3.171950e-04	-4.021024e+00
2.031000e-05	4.323458e-04	-3.898896e+00
2.032000e-05	-1.243196e-03	-3.801076e+00
2.033000e-05	-2.372273e-03	-3.654763e+00
2.034000e-05	-2.469747e-03	-3.571970e+00
2.035000e-05	-1.326607e-03	-3.477317e+00
2.036000e-05	-1.019813e-03	-3.393029e+00
2.037000e-05	-2.370618e-03	-3.297318e+00
2.038000e-05	-2.049125e-03	-3.243079e+00
2.039000e-05	-1.912525e-03	-3.169420e+00
2.040000e-05	-8.617308e-04	-3.024480e+00
2.041000e-05	-2.869165e-03	-2.886214e+00
2.042000e-05	-4.626809e-03	-2.801028e+00
2.043000e-05	-3.899485e-03	-2.706817e+00
2.044000e-05	-2.796016e-03	-2.641529e+00
2.045000e-05	-2.064468e-03	-2.495244e+00
2.046000e-05	-4.043676e-03	-2.442079e+00
2.047000e-05	-4.531750e-03	-2.347969e+00
2.048000e-05	-4.179019e-03	-2.213103e+00
2.049000e-05	-2.392724e-03	-2.044134e+00
2.050000e-05	-2.577978e-03	-1.999947e+00
2.051000e-05	-4.329502e-03	-1.916767e+00
2.052000e-05	-4.957623e-03	-1.779474e+00
2.053000e-05	-5.488387e-03	-1.664237e+00
2.054000e-05	-4.082306e-03	-1.601528e+00
2.055000e-05	-4.765221e-03	-1.505916e+00
2.056000e-05	-4.865350e-03	-1.360418e+00
2.057000e-05	-4.721412e-03	-1.213005e+00
2.058000e-05	-3.455657e-03	-1.076288e+00
2.059000e-05	-3.640303e-03	-1.010548e+00
2.060000e-05	-4.867710e-03	-8.662357e-01
2.061000e-05	-6.136399e-03	-8.010026e-01
2.062000e-05	-6.429898e-03	-7.272394e-01
2.063000e-05	-5.999261e-03	-5.403496e-01
2.064000e-05	-4.673084e-03	-4.406015e-01
2.065000e-05	-5.176744e-03	-3.504447e-01
2.066000e-05	-5.389303e-03	-2.426354e-01
2.067000e-05	-4.337957e-03	-1.672960e-01
2.068000e-05	-3.670003e-03	-1.465914e-02
2.069000e-05	-3.358301e-03	7.100382e-02
2.070000e-05	-6.258976e-04	9.637081e-02
2.071000e-05	-2.178011e-03	3.033380e-01
2.072000e-05	-1.039993e-03	4.089737e-01
2.073000e-05	-3.182817e-03	4.437328e-01
2.074000e-05	-2.608648e-03	5.769211e-01
2.075000e-05	-2.278999e-03	6.736829e-01
2.076000e-05	1.603602e-02	7.879235e-01
2.077000e-05	5.256992e-02	8.846867e-01
2.078000e-05	7.259413e-03	1.142254e+00
2.079000e-05	-5.723868e-02	1.241005e+00
2.080000e-05	-9.641185e-02	1.323813e+00
2.081000e-05	6.326493e-02	1.409520e+00
2.082000e-05	6.109204e-02	1.595937e+00
2.083000e-05	-1.278572e-01	1.753753e+00
2.084000e-05	2.605558e-03	1.737969e+00
2.085000e-05	1.114822e-01	1.862629e+00
2.086000e-05	-6.540532e-02	1.967499e+00
2.087000e-05	-5.462163e-02	2.010528e+00
2.088000e-05	8.769460e-02	2.084286e+00
2.089000e-05	-5.709308e-02	2.223653e+00
2.090000e-05	-7.242188e-02	2.366869e+00
2.091000e-05	9.713787e-02	2.430553e+00
2.092000e-05	-6.388709e-03	2.565918e+00
2.093000e-05	-5.459405e-02	2.632133e+00
2.094000e-05	3.863315e-02	2.807497e+00
2.095000e-05	-2.743696e-02	2.843780e+00
2.096000e-05	-1.590219e-02	2.948942e+00
2.097000e-05	2.321778e-02	3.002133e+00
2.098000e-05	-3.270119e-02	3.157417e+00
2.099000e-05	1.507016e-02	3.250530e+00
2.100000e-05	4.300921e-03	3.303789e+00
2.101000e-05	-1.795204e-02	3.411579e+00
2.102000e-05	7.728485e-03	3.596367e+00
2.103000e-05	-1.794448e-02	3.671629e+00
2.104000e-05	-2.517365e-02	3.755818e+00
2.105000e-05	1.831683e-02	3.800104e+00
2.106000e-05	6.469479e-03	3.904818e+00
2.107000e-05	-1.787016e-02	4.028996e+00
2.108000e-05	-8.888915e-03	4.075208e+00
2.109000e-05	-6.626336e-03	4.208441e+00
2.110000e-05	-1.268186e-03	4.315938e+00
2.111000e-05	-8.617564e-03	4.389504e+00
2.112000e-05	-6.756508e-03	4.483260e+00
2.113000e-05	-1.793914e-02	4.587446e+00
2.114000e-05	5.463657e-03	4.653131e+00
2.115000e-05	4.761433e-03	4.765845e+00
2.116000e-05	-1.534521e-02	4.811028e+00
2.117000e-05	-1.348618e-02	4.872187e+00
2.118000e-05	-7.401022e-03	5.042708e+00
2.119000e-05	1.180449e-03	5.094871e+00
2.120000e-05	-4.404901e-03	5.220077e+00
2.121000e-05	-1.078777e-02	5.284865e+00
2.122000e-05	-1.384324e-02	5.379495e+00
2.123000e-05	-2.095179e-03	5.502659e+00
2.124000e-05	-1.678834e-03	5.505785e+00
2.125000e-05	-9.825273e-03	5.588973e+00
2.126000e-05	-1.708487e-02	5.641625e+00
2.127000e-05	-7.397593e-03	5.725263e+00
2.128000e-05	4.351795e-05	5.768524e+00
2.129000e-05	-4.369628e-03	5.883838e+00
2.130000e-05	-1.071408e-02	5.968397e+00
2.131000e-05	-1.460264e-02	6.021080e+00
2.132000e-05	-4.786393e-03	6.084636e+00
2.133000e-05	-4.246962e-03	6.126467e+00
2.134000e-05	-8.566145e-03	6.169996e+00
2.135000e-05	-1.430064e-02	6.221603e+00
2.136000e-05	-9.235146e-03	6.334238e+00
2.137000e-05	-1.782231e-03	6.336420e+00
2.138000e-05	-6.061022e-03	6.431049e+00
2.139000e-05	-1.123739e-02	6.410581e+00
2.140000e-05	-1.545863e-02	6.456333e+00
2.141000e-05	-8.898992e-03	6.569095e+00
2.142000e-05	-5.349457e-03	6.642606e+00
2.143000e-05	-8.592321e-03	6.684286e+00
2.144000e-05	-1.374492e-02	6.756420e+00
2.145000e-05	-1.113142e-02	6.798974e+00
2.146000e-05	-6.476286e-03	6.799975e+00
2.147000e-05	-5.750511e-03	6.842653e+00
2.148000e-05	-1.244950e-02	6.894286e+00
2.149000e-05	-1.526009e-02	6.904790e+00
2.150000e-05	-1.026499e-02	6.957945e+00
2.151000e-05	-5.800438e-03	6.999076e+00
2.152000e-05	-8.266675e-03	6.992601e+00
2.153000e-05	-1.426713e-02	7.084756e+00
2.154000e-05	-1.370410e-02	7.064187e+00
2.155000e-05	-1.112558e-02	7.135313e+00
2.156000e-05	-9.111580e-03	7.117343e+00
2.157000e-05	-1.412448e-02	7.148944e+00
2.158000e-05	-1.559842e-02	7.180473e+00
2.159000e-05	-1.125171e-02	7.189498e+00
2.160000e-05	-6.718463e-03	7.210504e+00
2.161000e-05	-8.827253e-03	7.222578e+00
2.162000e-05	-1.488650e-02	7.211632e+00
2.163000e-05	-1.733620e-02	7.262662e+00
2.164000e-05	-1.308417e-02	7.233658e+00
2.165000e-05	-1.301048e-02	7.264311e+00
2.166000e-05	-1.392405e-02	7.284292e+00
2.167000e-05	-1.640463e-02	7.297261e+00
2.168000e-05	-1.384451e-02	7.327465e+00
2.169000e-05	-1.014534e-02	7.308314e+00
2.170000e-05	-1.120877e-02	7.324844e+00
2.171000e-05	-1.539860e-02	7.318446e+00
2.172000e-05	-1.967488e-02	7.347843e+00
2.173000e-05	-1.718198e-02	7.409772e+00
2.174000e-05	-1.457160e-02	7.329945e+00
2.175000e-05	-1.532215e-02	7.349544e+00
2.176000e-05	-1.944683e-02	7.359494e+00
2.177000e-05	-1.761190e-02	7.338815e+00
2.178000e-05	-1.380387e-02	7.366417e+00
2.179000e-05	-1.274624e-02	7.295745e+00
2.180000e-05	-1.767293e-02	7.254616e+00
2.181000e-05	-2.175286e-02	7.254785e+00
2.182000e-05	-2.066429e-02	7.244709e+00
2.183000e-05	-1.827872e-02	7.241559e+00
2.184000e-05	-1.958677e-02	7.202103e+00
2.185000e-05	-2.272442e-02	7.241051e+00
2.186000e-05	-2.217583e-02	7.170973e+00
2.187000e-05	-1.784325e-02	7.188948e+00
2.188000e-05	-1.744913e-02	7.127945e+00
2.189000e-05	-2.105686e-02	7.146841e+00
2.190000e-05	-2.370484e-02	7.145367e+00
2.191000e-05	-2.278554e-02	7.074761e+00
2.192000e-05	-2.332333e-02	7.042209e+00
2.193000e-05	-2.191535e-02	7.011076e+00
2.194000e-05	-2.495490e-02	7.000976e+00
2.195000e-05	-2.315472e-02	6.967896e+00
2.196000e-05	-2.448311e-02	6.856762e+00
2.197000e-05	-2.351973e-02	6.865161e+00
2.198000e-05	-2.611454e-02	6.821607e+00
2.199000e-05	-2.692465e-02	6.810502e+00
2.200000e-05	-2.711050e-02	6.759525e+00
2.201000e-05	-2.596485e-02	6.736969e+00
2.202000e-05	-2.752753e-02	6.655738e+00
2.203000e-05	-2.817308e-02	6.622530e+00
2.204000e-05	-2.694059e-02	6.507773e+00
2.205000e-05	-2.577205e-02	6.465715e+00
2.206000e-05	-2.404321e-02	6.431083e+00
2.207000e-05	-2.484826e-02	6.399947e+00
2.208000e-05	-2.342267e-02	6.357867e+00
2.209000e-05	-2.301978e-02	6.305890e+00
2.210000e-05	-2.156880e-02	6.284159e+00
2.211000e-05	-2.182289e-02	6.210099e+00
2.212000e-05	-2.134133e-02	6.157868e+00
2.213000e-05	-1.989000e-02	6.075263e+00
2.214000e-05	-1.794713e-02	6.024132e+00
2.215000e-05	-1.655007e-02	5.989975e+00
2.216000e-05	-1.666393e-02	5.917342e+00
2.217000e-05	-1.802917e-02	5.803104e+00
2.218000e-05	-1.589976e-02	5.698286e+00
2.219000e-05	-1.376113e-02	5.633583e+00
2.220000e-05	-1.345301e-02	5.589522e+00
2.221000e-05	-1.321879e-02	5.496265e+00
2.222000e-05	-1.360719e-02	5.455130e+00
2.223000e-05	-1.190262e-02	5.389999e+00
2.224000e-05	-1.206981e-02	5.295716e+00
2.225000e-05	-1.168391e-02	5.231154e+00
2.226000e-05	-1.284433e-02	5.137320e+00
2.227000e-05	-1.327796e-02	4.971005e+00
2.228000e-05	-1.042368e-02	4.877240e+00
2.229000e-05	-8.235630e-03	4.811003e+00
2.230000e-05	-9.158829e-03	4.739419e+00
2.231000e-05	-1.169040e-02	4.645684e+00
2.232000e-05	-1.132092e-02	4.581025e+00
2.233000e-05	-9.338663e-03	4.455766e+00
2.234000e-05	-9.476900e-03	4.432532e+00
2.235000e-05	-1.048254e-02	4.398975e+00
2.236000e-05	-1.127027e-02	4.315288e+00
2.237000e-05	-8.043483e-03	4.158475e+00
2.238000e-05	-6.731581e-03	4.023113e+00
2.239000e-05	-7.354858e-03	3.957997e+00
2.240000e-05	-9.949115e-03	3.895239e+00
2.241000e-05	-9.591399e-03	3.771031e+00
2.242000e-05	-7.308859e-03	3.736267e+00
2.243000e-05	-6.362824e-03	3.632033e+00
2.244000e-05	-8.786958e-03	3.529919e+00
2.245000e-05	-9.189575e-03	3.442708e+00
2.246000e-05	-7.770420e-03	3.306267e+00
2.247000e-05	-5.348102e-03	3.204028e+00
2.248000e-05	-5.648232e-03	3.146293e+00
2.249000e-05	-8.162741e-03	3.073082e+00
2.250000e-05	-6.451439e-03	2.918320e+00
2.251000e-05	-7.012003e-03	2.852108e+00
2.252000e-05	-4.969747e-03	2.759395e+00
2.253000e-05	-8.725050e-03	2.684243e+00
2.254000e-05	-7.715876e-03	2.504663e+00
2.255000e-05	-4.600831e-03	2.390030e+00
2.256000e-05	-2.504955e-03	2.306666e+00
2.257000e-05	-3.974526e-03	2.220928e+00
2.258000e-05	-8.459728e-03	2.115191e+00
2.259000e-05	-6.995321e-03	2.051481e+00
2.260000e-05	-7.574933e-03	1.966867e+00
2.261000e-05	-4.215560e-03	1.822030e+00
2.262000e-05	-5.084591e-03	1.664764e+00
2.263000e-05	-4.788109e-03	1.651054e+00
2.264000e-05	-4.713205e-03	1.545737e+00
2.265000e-05	-2.572869e-03	1.408378e+00
2.266000e-05	-5.163133e-03	1.285162e+00
2.267000e-05	-6.636622e-03	1.169427e+00
2.268000e-05	-8.098715e-03	1.053107e+00
2.269000e-05	-4.429380e-03	8.676658e-01
2.270000e-05	-1.538608e-03	8.009239e-01
2.271000e-05	-1.817774e-03	6.741594e-01
2.272000e-05	-3.800542e-03	5.705237e-01
2.273000e-05	-6.792279e-03	4.831094e-01
2.274000e-05	-3.787540e-03	3.894502e-01
2.275000e-05	-5.079990e-03	2.756868e-01
2.276000e-05	-4.493264e-03	1.072985e-01
2.277000e-05	-5.680863e-03	-8.970996e-03
2.278000e-05	-1.501017e-03	-9.268291e-02
2.279000e-05	8.507811e-04	-1.579424e-01
2.280000e-05	3.633340e-03	-2.726829e-01
2.281000e-05	-1.437993e-03	-3.374459e-01
2.282000e-05	-1.498799e-03	-4.416788e-01
2.283000e-05	-1.734215e-03	-5.369411e-01
2.284000e-05	1.523335e-04	-7.053617e-01
2.285000e-05	2.694359e-03	-7.900225e-01
2.286000e-05	4.001914e-02	-8.532081e-01
2.287000e-05	4.949387e-02	-9.980449e-01
2.288000e-05	-2.591840e-02	-1.179021e+00
2.289000e-05	-9.639258e-02	-1.409122e+00
2.290000e-05	1.480067e-02	-1.494728e+00
2.291000e-05	8.874858e-02	-1.435133e+00
2.292000e-05	-5.067152e-02	-1.590021e+00
2.293000e-05	-7.730528e-02	-1.756993e+00
2.294000e-05	1.119943e-01	-1.799978e+00
2.295000e-05	-3.954853e-03	-1.863658e+00
2.296000e-05	-1.390833e-01	-1.978099e+00
2.297000e-05	9.407235e-02	-2.064184e+00
2.298000e-05	5.219607e-02	-2.150399e+00
2.299000e-05	-1.406473e-01	-2.336470e+00
2.300000e-05	8.416114e-02	-2.431053e+00
2.301000e-05	6.017482e-02	-2.516365e+00
2.302000e-05	-8.018431e-02	-2.692810e+00
2.303000e-05	5.350584e-02	-2.747421e+00
2.304000e-05	-1.185660e-02	-2.811025e+00
2.305000e-05	-4.606931e-02	-3.007516e+00
2.306000e-05	5.605471e-02	-3.043159e+00
2.307000e-05	-2.949380e-02	-3.200494e+00
2.308000e-05	-7.774240e-03	-3.304808e+00
2.309000e-05	5.891864e-02	-3.357892e+00
2.310000e-05	-5.531785e-02	-3.424178e+00
2.311000e-05	2.272749e-02	-3.537945e+00
2.312000e-05	2.567179e-02	-3.611128e+00
2.313000e-05	-6.438412e-02	-3.705712e+00
2.314000e-05	3.975035e-02	-3.851728e+00
2.315000e-05	1.437854e-02	-3.909421e+00
2.316000e-05	-1.396608e-02	-4.054129e+00
2.317000e-05	2.108493e-02	-4.085286e+00
2.318000e-05	-2.266634e-02	-4.194073e+00
2.319000e-05	1.745191e-02	-4.265786e+00
2.320000e-05	5.853048e-03	-4.359521e+00
2.321000e-05	-1.284467e-02	-4.453631e+00
2.322000e-05	1.521678e-02	-4.488862e+00
2.323000e-05	-1.021000e-02	-4.681698e+00
2.324000e-05	1.809387e-02	-4.694842e+00
2.325000e-05	5.614678e-03	-4.810921e+00
2.326000e-05	-1.763748e-02	-4.884214e+00
2.327000e-05	1.459552e-02	-4.991046e+00
2.328000e-05	-8.414885e-03	-5.023755e+00
2.329000e-05	1.400369e-02	-5.159417e+00
2.330000e-05	7.882855e-03	-5.213103e+00
2.331000e-05	-1.260160e-02	-5.327833e+00
2.332000e-05	2.129925e-02	-5.433229e+00
2.333000e-05	-4.289392e-03	-5.548965e+00
2.334000e-05	1.124298e-02	-5.601023e+00
2.335000e-05	-4.949684e-03	-5.643207e+00
2.336000e-05	-9.122196e-03	-5.715912e+00
2.337000e-05	1.480622e-02	-5.820073e+00
2.338000e-05	-2.921799e-04	-5.872632e+00
2.339000e-05	1.358990e-02	-5.926867e+00
2.340000e-05	-1.467000e-03	-5.969921e+00
2.341000e-05	3.161037e-03	-6.021104e+00
2.342000e-05	9.133496e-03	-6.064785e+00
2.343000e-05	-1.313445e-03	-6.218074e+00
2.344000e-05	3.175994e-03	-6.253231e+00
2.345000e-05	-2.182466e-03	-6.336916e+00
2.346000e-05	6.312880e-03	-6.379500e+00
2.347000e-05	1.217742e-02	-6.413626e+00
2.348000e-05	2.734582e-03	-6.483739e+00
2.349000e-05	5.087264e-03	-6.498468e+00
2.350000e-05	-1.065645e-03	-6.599546e+00
2.351000e-05	7.549984e-03	-6.652703e+00
2.352000e-05	6.552147e-03	-6.704313e+00
2.353000e-05	2.372057e-04	-6.738917e+00
2.354000e-05	4.694494e-03	-6.769020e+00
2.355000e-05	1.503592e-03	-6.802648e+00
2.356000e-05	1.062517e-02	-6.813108e+00
2.357000e-05	2.671671e-03	-6.885329e+00
2.358000e-05	3.409233e-03	-6.948487e+00
2.359000e-05	2.674671e-03	-6.983154e+00
2.360000e-05	7.301965e-03	-7.074883e+00
2.361000e-05	9.064381e-03	-7.156336e+00
2.362000e-05	3.234914e-03	-7.159468e+00
2.363000e-05	3.472119e-03	-7.168995e+00
2.364000e-05	2.708952e-03	-7.179527e+00
2.365000e-05	8.054596e-03	-7.211526e+00
2.366000e-05	8.035025e-03	-7.222628e+00
2.367000e-05	4.088990e-03	-7.246183e+00
2.368000e-05	4.189764e-03	-7.244740e+00
2.369000e-05	7.116950e-03	-7.326787e+00
2.370000e-05	7.752138e-03	-7.326445e+00
2.371000e-05	4.850588e-03	-7.308490e+00
2.372000e-05	4.369548e-03	-7.359944e+00
2.373000e-05	5.789923e-03	-7.370423e+00
2.374000e-05	9.239993e-03	-7.351047e+00
2.375000e-05	8.782140e-03	-7.371000e+00
2.376000e-05	6.068505e-03	-7.399501e+00
2.377000e-05	5.919124e-03	-7.422127e+00
2.378000e-05	8.636793e-03	-7.423103e+00
2.379000e-05	9.956475e-03	-7.413652e+00
2.380000e-05	8.961362e-03	-7.442109e+00
2.381000e-05	6.119324e-03	-7.433278e+00
2.382000e-05	8.179410e-03	-7.442104e+00
2.383000e-05	1.061796e-02	-7.402180e+00
2.384000e-05	1.076604e-02	-7.444631e+00
2.385000e-05	8.513439e-03	-7.402579e+00
2.386000e-05	7.468074e-03	-7.442133e+00
2.387000e-05	9.581854e-03	-7.402630e+00
2.388000e-05	1.231259e-02	-7.425054e+00
2.389000e-05	1.088546e-02	-7.411054e+00
2.390000e-05	1.061338e-02	-7.412526e+00
2.391000e-05	1.066480e-02	-7.409953e+00
2.392000e-05	1.436115e-02	-7.388995e+00
2.393000e-05	1.399882e-02	-7.348922e+00
2.394000e-05	1.250095e-02	-7.317941e+00
2.395000e-05	1.132997e-02	-7.307840e+00
2.396000e-05	1.334877e-02	-7.266841e+00
2.397000e-05	1.376557e-02	-7.274262e+00
2.398000e-05	1.466543e-02	-7.224711e+00
2.399000e-05	1.368562e-02	-7.232646e+00
2.400000e-05	1.515062e-02	-7.223602e+00
2.401000e-05	1.635929e-02	-7.169523e+00
2.402000e-05	1.656113e-02	-7.170474e+00
2.403000e-05	1.622444e-02	-7.147891e+00
2.404000e-05	1.557418e-02	-7.077216e+00
2.405000e-05	1.700292e-02	-7.073708e+00
2.406000e-05	1.852956e-02	-6.993480e+00
2.407000e-05	1.917447e-02	-6.947846e+00
2.408000e-05	1.858098e-02	-6.885764e+00
2.409000e-05	1.989471e-02	-6.823553e+00
2.410000e-05	2.004625e-02	-6.812050e+00
2.411000e-05	2.070757e-02	-6.800973e+00
2.412000e-05	1.985902e-02	-6.749369e+00
2.413000e-05	1.961046e-02	-6.686391e+00
2.414000e-05	1.972369e-02	-6.623660e+00
2.415000e-05	1.912794e-02	-6.581003e+00
2.416000e-05	1.857828e-02	-6.539923e+00
2.417000e-05	1.626002e-02	-6.474837e+00
2.418000e-05	1.735394e-02	-6.434158e+00
2.419000e-05	1.665971e-02	-6.431503e+00
2.420000e-05	1.667782e-02	-6.307996e+00
2.421000e-05	1.206965e-02	-6.306268e+00
2.422000e-05	1.327716e-02	-6.224030e+00
2.423000e-05	1.188914e-02	-6.110517e+00
2.424000e-05	1.085918e-02	-6.075159e+00
2.425000e-05	9.006753e-03	-5.991055e+00
2.426000e-05	8.750507e-03	-5.958972e+00
2.427000e-05	7.225002e-03	-5.856862e+00
2.428000e-05	9.148320e-03	-5.802505e+00
2.429000e-05	7.212261e-03	-5.769469e+00
2.430000e-05	6.725330e-03	-5.665263e+00
2.431000e-05	3.609772e-03	-5.621580e+00
2.432000e-05	5.051139e-03	-5.558471e+00
2.433000e-05	4.212182e-03	-5.484262e+00
2.434000e-05	4.154398e-03	-5.372951e+00
2.435000e-05	2.751831e-03	-5.263608e+00
2.436000e-05	3.071057e-03	-5.180998e+00
2.437000e-05	2.903177e-03	-5.086737e+00
2.438000e-05	3.280454e-03	-5.023555e+00
2.439000e-05	1.817541e-03	-4.918868e+00
2.440000e-05	1.420107e-03	-4.801979e+00
2.441000e-05	2.200241e-03	-4.675738e+00
2.442000e-05	2.590851e-03	-4.623079e+00
2.443000e-05	2.226230e-03	-4.538896e+00
2.444000e-05	8.239085e-06	-4.464607e+00
2.445000e-05	-4.868373e-04	-4.412554e+00
2.446000e-05	-5.474024e-04	-4.327872e+00
2.447000e-05	-4.751518e-05	-4.265683e+00
2.448000e-05	-4.496713e-04	-4.181476e+00
2.449000e-05	-1.278644e-03	-4.095791e+00
2.450000e-05	1.709337e-04	-3.982104e+00
2.451000e-05	4.924350e-04	-3.898419e+00
2.452000e-05	4.732390e-04	-3.810677e+00
2.453000e-05	-1.607637e-03	-3.666736e+00
2.454000e-05	-1.047320e-03	-3.582050e+00
2.455000e-05	-1.990604e-03	-3.516340e+00
2.456000e-05	-1.016407e-03	-3.412604e+00
2.457000e-05	-2.195821e-03	-3.326366e+00
2.458000e-05	-2.398248e-03	-3.223603e+00
2.459000e-05	-1.690474e-03	-3.179496e+00
2.460000e-05	-1.124237e-04	-3.045728e+00
2.461000e-05	-1.953937e-03	-2.927237e+00
2.462000e-05	-2.741599e-03	-2.821029e+00
2.463000e-05	-3.255948e-03	-2.709317e+00
2.464000e-05	-3.294674e-03	-2.622583e+00
2.465000e-05	-3.395900e-03	-2.497296e+00
2.466000e-05	-4.269296e-03	-2.422000e+00
2.467000e-05	-3.864651e-03	-2.319342e+00
2.468000e-05	-3.361414e-03	-2.222509e+00
2.469000e-05	-1.991038e-03	-2.105140e+00
2.470000e-05	-2.976705e-03	-1.991499e+00
2.471000e-05	-3.153531e-03	-1.876266e+00
2.472000e-05	-4.219080e-03	-1.791526e+00
2.473000e-05	-3.797416e-03	-1.716213e+00
2.474000e-05	-3.880076e-03	-1.612599e+00
2.475000e-05	-3.926896e-03	-1.478417e+00
2.476000e-05	-4.949154e-03	-1.350420e+00
2.477000e-05	-4.949898e-03	-1.171531e+00
2.478000e-05	-4.773710e-03	-1.085296e+00
2.479000e-05	-3.737324e-03	-9.719553e-01
2.480000e-05	-4.667214e-03	-8.652905e-01
2.481000e-05	-4.937721e-03	-8.120738e-01
2.482000e-05	-5.621689e-03	-6.872622e-01
2.483000e-05	-5.150949e-03	-5.613564e-01
2.484000e-05	-5.598329e-03	-4.135580e-01
2.485000e-05	-5.795183e-03	-3.588698e-01
2.486000e-05	-6.583212e-03	-2.445841e-01
2.487000e-05	-4.732775e-03	-2.105276e-01
2.488000e-05	-4.095909e-03	2.000500e-02
2.489000e-05	-2.383872e-03	4.107769e-02
2.490000e-05	-7.983142e-04	1.264435e-01
2.491000e-05	-3.018333e-03	3.327804e-01
2.492000e-05	-2.253934e-03	4.004237e-01
2.493000e-05	-3.437125e-03	4.726266e-01
2.494000e-05	-3.896095e-03	5.679721e-01
2.495000e-05	-2.092391e-03	7.116342e-01
2.496000e-05	1.388940e-02	7.664673e-01
2.497000e-05	5.154732e-02	8.941815e-01
2.498000e-05	9.568817e-03	1.081780e+00
2.499000e-05	-5.384904e-02	1.239029e+00
2.500000e-05	-1.013641e-01	1.313416e+00
2.501000e-05	5.459425e-02	1.377967e+00
2.502000e-05	6.755834e-02	1.524862e+00
2.503000e-05	-1.152713e-01	1.744783e+00
2.504000e-05	-1.687126e-02	1.717372e+00
2.505000e-05	1.116947e-01	1.852677e+00
2.506000e-05	-5.482086e-02	1.978969e+00
2.507000e-05	-7.006546e-02	2.029551e+00
2.508000e-05	8.761429e-02	2.105257e+00
2.509000e-05	-4.475688e-02	2.239628e+00
2.510000e-05	-8.360847e-02	2.336442e+00
2.511000e-05	9.657866e-02	2.390553e+00
2.512000e-05	2.804274e-03	2.504316e+00
2.513000e-05	-6.053506e-02	2.652552e+00
2.514000e-05	3.859753e-02	2.778375e+00
2.515000e-05	-2.490705e-02	2.831779e+00
2.516000e-05	-1.989498e-02	2.935865e+00
2.517000e-05	2.414053e-02	3.033128e+00
2.518000e-05	-3.003803e-02	3.166891e+00
2.519000e-05	1.097756e-02	3.210525e+00
2.520000e-05	5.618567e-03	3.335260e+00
2.521000e-05	-1.737316e-02	3.401582e+00
2.522000e-05	6.523235e-03	3.567391e+00
2.523000e-05	-1.461899e-02	3.641053e+00
2.524000e-05	-2.821917e-02	3.746391e+00
2.525000e-05	1.635642e-02	3.820525e+00
2.526000e-05	9.444239e-03	3.895435e+00
2.527000e-05	-1.641469e-02	4.018946e+00
2.528000e-05	-1.002851e-02	4.042629e+00
2.529000e-05	-6.520520e-03	4.187946e+00
2.530000e-05	3.958788e-05	4.324237e+00
2.531000e-05	-7.629931e-03	4.399452e+00
2.532000e-05	-4.641036e-03	4.462183e+00
2.533000e-05	-1.844002e-02	4.557845e+00
2.534000e-05	4.558909e-03	4.642154e+00
2.535000e-05	7.153007e-03	4.735895e+00
2.536000e-05	-1.294016e-02	4.839023e+00
2.537000e-05	-1.541762e-02	4.867836e+00
2.538000e-05	-8.573866e-03	5.030654e+00
2.539000e-05	1.521621e-03	5.166266e+00
2.540000e-05	-2.743930e-03	5.220579e+00
2.541000e-05	-9.961692e-03	5.304338e+00
2.542000e-05	-1.404223e-02	5.388495e+00
2.543000e-05	-1.719597e-03	5.461659e+00
2.544000e-05	-1.583629e-04	5.495815e+00
2.545000e-05	-8.055084e-03	5.588046e+00
2.546000e-05	-1.794657e-02	5.622075e+00
2.547000e-05	-9.079379e-03	5.694813e+00
2.548000e-05	7.754853e-05	5.810628e+00
2.549000e-05	-3.372154e-03	5.895338e+00
2.550000e-05	-9.915740e-03	5.977922e+00
2.551000e-05	-1.445476e-02	6.000026e+00
2.552000e-05	-5.022931e-03	6.082708e+00
2.553000e-05	-3.937675e-03	6.116416e+00
2.554000e-05	-8.046715e-03	6.190023e+00
2.555000e-05	-1.536806e-02	6.232582e+00
2.556000e-05	-1.046215e-02	6.294860e+00
2.557000e-05	-3.409484e-03	6.359871e+00
2.558000e-05	-5.984980e-03	6.408975e+00
2.559000e-05	-1.126185e-02	6.432530e+00
2.560000e-05	-1.665533e-02	6.495209e+00
2.561000e-05	-8.627098e-03	6.568346e+00
2.562000e-05	-5.267449e-03	6.622128e+00
2.563000e-05	-7.866213e-03	6.665237e+00
2.564000e-05	-1.393599e-02	6.745887e+00
2.565000e-05	-1.156870e-02	6.778471e+00
2.566000e-05	-6.793754e-03	6.810001e+00
2.567000e-05	-8.295842e-03	6.842154e+00
2.568000e-05	-1.260846e-02	6.862709e+00
2.569000e-05	-1.533645e-02	6.915386e+00
2.570000e-05	-9.976303e-03	6.967945e+00
2.571000e-05	-6.786069e-03	6.959446e+00
2.572000e-05	-9.319530e-03	7.031106e+00
2.573000e-05	-1.477771e-02	7.041207e+00
2.574000e-05	-1.377278e-02	7.083711e+00
2.575000e-05	-1.075716e-02	7.106291e+00
2.576000e-05	-8.418348e-03	7.147894e+00
2.577000e-05	-1.232780e-02	7.188943e+00
2.578000e-05	-1.436601e-02	7.169473e+00
2.579000e-05	-1.327708e-02	7.170999e+00
2.580000e-05	-8.735865e-03	7.260975e+00
2.581000e-05	-9.626529e-03	7.223055e+00
2.582000e-05	-1.522374e-02	7.233078e+00
2.583000e-05	-1.588795e-02	7.273184e+00
2.584000e-05	-1.231578e-02	7.254707e+00
2.585000e-05	-1.009788e-02	7.265193e+00
2.586000e-05	-1.298319e-02	7.336241e+00
2.587000e-05	-1.736425e-02	7.327342e+00
2.588000e-05	-1.464437e-02	7.368238e+00
2.589000e-05	-1.051246e-02	7.288720e+00
2.590000e-05	-1.101259e-02	7.338820e+00
2.591000e-05	-1.672912e-02	7.327999e+00
2.592000e-05	-1.847178e-02	7.348491e+00
2.593000e-05	-1.577004e-02	7.337870e+00
2.594000e-05	-1.247965e-02	7.329864e+00
2.595000e-05	-1.409489e-02	7.347876e+00
2.596000e-05	-1.857610e-02	7.329396e+00
2.597000e-05	-1.710843e-02	7.298563e+00
2.598000e-05	-1.454029e-02	7.386291e+00
2.599000e-05	-1.477468e-02	7.296338e+00
2.600000e-05	-2.028197e-02	7.244790e+00
2.601000e-05	-2.281488e-02	7.284637e+00
2.602000e-05	-1.968812e-02	7.263687e+00
2.603000e-05	-1.474531e-02	7.223657e+00
2.604000e-05	-1.667433e-02	7.240555e+00
2.605000e-05	-2.079243e-02	7.210580e+00
2.606000e-05	-2.342437e-02	7.201500e+00
2.607000e-05	-1.846555e-02	7.179424e+00
2.608000e-05	-1.768311e-02	7.198495e+00
2.609000e-05	-2.205217e-02	7.128367e+00
2.610000e-05	-2.578521e-02	7.136342e+00
2.611000e-05	-2.328836e-02	7.065588e+00
2.612000e-05	-2.002748e-02	7.053683e+00
2.613000e-05	-2.041582e-02	7.021978e+00
2.614000e-05	-2.484585e-02	6.990526e+00
2.615000e-05	-2.554831e-02	6.928397e+00
2.616000e-05	-2.411298e-02	6.926291e+00
2.617000e-05	-2.318592e-02	6.905713e+00
2.618000e-05	-2.679508e-02	6.842555e+00
2.619000e-05	-2.922028e-02	6.809978e+00
2.620000e-05	-2.830070e-02	6.759470e+00
2.621000e-05	-2.487037e-02	6.737917e+00
2.622000e-05	-2.517530e-02	6.686738e+00
2.623000e-05	-2.732796e-02	6.601078e+00
2.624000e-05	-2.793905e-02	6.559796e+00
2.625000e-05	-2.663584e-02	6.465291e+00
2.626000e-05	-2.405751e-02	6.432579e+00
2.627000e-05	-2.597530e-02	6.369001e+00
2.628000e-05	-2.569750e-02	6.348920e+00
2.629000e-05	-2.540927e-02	6.284265e+00
2.630000e-05	-2.128739e-02	6.233606e+00
2.631000e-05	-2.024861e-02	6.199498e+00
2.632000e-05	-2.081654e-02	6.118394e+00
2.633000e-05	-2.099699e-02	6.105161e+00
2.634000e-05	-1.975258e-02	6.032081e+00
2.635000e-05	-1.709239e-02	6.000971e+00
2.636000e-05	-1.657887e-02	5.876295e+00
2.637000e-05	-1.727376e-02	5.844626e+00
2.638000e-05	-1.653398e-02	5.737346e+00
2.639000e-05	-1.419038e-02	5.635535e+00
2.640000e-05	-1.308236e-02	5.580524e+00
2.641000e-05	-1.377290e-02	5.517823e+00
2.642000e-05	-1.437410e-02	5.423159e+00
2.643000e-05	-1.314532e-02	5.360451e+00
2.644000e-05	-1.148980e-02	5.316666e+00
2.645000e-05	-1.100505e-02	5.222132e+00
2.646000e-05	-1.191119e-02	5.137919e+00
2.647000e-05	-1.241964e-02	5.024675e+00
2.648000e-05	-1.039248e-02	4.895265e+00
2.649000e-05	-1.093112e-02	4.802004e+00
2.650000e-05	-1.101745e-02	4.747344e+00
2.651000e-05	-1.120161e-02	4.653689e+00
2.652000e-05	-1.100527e-02	4.600503e+00
2.653000e-05	-8.833959e-03	4.507361e+00
2.654000e-05	-7.140005e-03	4.422559e+00
2.655000e-05	-8.665256e-03	4.379497e+00
2.656000e-05	-9.124981e-03	4.287389e+00
2.657000e-05	-7.946398e-03	4.210449e+00
2.658000e-05	-8.280513e-03	4.053029e+00
2.659000e-05	-8.709806e-03	3.968927e+00
2.660000e-05	-9.103735e-03	3.894785e+00
2.661000e-05	-7.795661e-03	3.801480e+00
2.662000e-05	-6.825935e-03	3.715835e+00
2.663000e-05	-6.113955e-03	3.623129e+00
2.664000e-05	-8.021656e-03	3.569421e+00
2.665000e-05	-7.823958e-03	3.445588e+00
2.666000e-05	-7.658732e-03	3.277738e+00
2.667000e-05	-6.380084e-03	3.210980e+00
2.668000e-05	-7.176002e-03	3.126841e+00
2.669000e-05	-6.826696e-03	3.043554e+00
2.670000e-05	-6.373511e-03	2.948920e+00
2.671000e-05	-5.675935e-03	2.863659e+00
2.672000e-05	-5.625848e-03	2.780970e+00
2.673000e-05	-6.656917e-03	2.673188e+00
2.674000e-05	-6.589015e-03	2.508268e+00
2.675000e-05	-6.126338e-03	2.411503e+00
2.676000e-05	-5.929552e-03	2.295742e+00
2.677000e-05	-5.472445e-03	2.212507e+00
2.678000e-05	-6.465637e-03	2.136793e+00
2.679000e-05	-5.706530e-03	2.022028e+00
2.680000e-05	-4.883928e-03	1.958320e+00
2.681000e-05	-5.378517e-03	1.842029e+00
2.682000e-05	-5.892736e-03	1.736695e+00
2.683000e-05	-5.651559e-03	1.612578e+00
2.684000e-05	-5.388927e-03	1.525138e+00
2.685000e-05	-4.652847e-03	1.350447e+00
2.686000e-05	-4.705831e-03	1.263665e+00
2.687000e-05	-5.592517e-03	1.189421e+00
2.688000e-05	-5.252461e-03	1.042685e+00
2.689000e-05	-4.326682e-03	8.737380e-01
2.690000e-05	-4.566113e-03	7.890013e-01
2.691000e-05	-4.966774e-03	6.952369e-01
2.692000e-05	-5.033394e-03	6.009764e-01
2.693000e-05	-4.932047e-03	4.741369e-01
2.694000e-05	-4.631406e-03	3.989513e-01
2.695000e-05	-4.129603e-03	3.042883e-01
2.696000e-05	-5.111858e-03	1.178723e-01
2.697000e-05	-4.614963e-03	1.352907e-02
2.698000e-05	-2.297732e-03	-7.218146e-02
2.699000e-05	-1.512718e-03	-1.574897e-01
2.700000e-05	3.012597e-04	-2.426303e-01
2.701000e-05	-1.332970e-03	-3.568921e-01
2.702000e-05	1.264057e-03	-4.420751e-01
2.703000e-05	5.323341e-04	-5.164185e-01
2.704000e-05	-1.970963e-03	-7.158369e-01
2.705000e-05	2.782738e-04	-7.874976e-01
2.706000e-05	3.720925e-02	-8.742054e-01
2.707000e-05	5.451454e-02	-9.790199e-01
2.708000e-05	-2.326983e-02	-1.168047e+00
2.709000e-05	-9.617662e-02	-1.397570e+00
2.710000e-05	8.690477e-04	-1.422259e+00
2.711000e-05	9.097745e-02	-1.426054e+00
2.712000e-05	-3.506952e-02	-1.599018e+00
2.713000e-05	-8.863180e-02	-1.777472e+00
2.714000e-05	1.061302e-01	-1.798995e+00
2.715000e-05	9.458497e-03	-1.853184e+00
2.716000e-05	-1.440750e-01	-1.999545e+00
2.717000e-05	8.757726e-02	-2.082159e+00
2.718000e-05	6.355771e-02	-2.170444e+00
2.719000e-05	-1.441903e-01	-2.357990e+00
2.720000e-05	7.227581e-02	-2.451079e+00
2.721000e-05	7.196384e-02	-2.536341e+00
2.722000e-05	-7.829386e-02	-2.670707e+00
2.723000e-05	4.524154e-02	-2.727895e+00
2.724000e-05	-3.079621e-03	-2.803051e+00
2.725000e-05	-4.929932e-02	-2.946440e+00
2.726000e-05	5.385459e-02	-3.063728e+00
2.727000e-05	-2.302240e-02	-3.167945e+00
2.728000e-05	-1.471058e-02	-3.294287e+00
2.729000e-05	6.368365e-02	-3.327441e+00
2.730000e-05	-5.086339e-02	-3.451150e+00
2.731000e-05	1.523825e-02	-3.546397e+00
2.732000e-05	3.301771e-02	-3.601049e+00
2.733000e-05	-6.401060e-02	-3.686239e+00
2.734000e-05	3.524688e-02	-3.820551e+00
2.735000e-05	2.247862e-02	-3.957969e+00
2.736000e-05	-1.717031e-02	-4.043702e+00
2.737000e-05	2.137234e-02	-4.075792e+00
2.738000e-05	-2.159109e-02	-4.180098e+00
2.739000e-05	1.417478e-02	-4.255263e+00
2.740000e-05	9.467845e-03	-4.378918e+00
2.741000e-05	-1.502231e-02	-4.412104e+00
2.742000e-05	1.520209e-02	-4.515787e+00
2.743000e-05	-9.148549e-03	-4.640655e+00
2.744000e-05	1.633588e-02	-4.695266e+00
2.745000e-05	1.060162e-02	-4.788576e+00
2.746000e-05	-2.025243e-02	-4.926338e+00
2.747000e-05	1.655532e-02	-4.988975e+00
2.748000e-05	-8.097587e-03	-5.092759e+00
2.749000e-05	1.475559e-02	-5.126815e+00
2.750000e-05	7.022085e-03	-5.173154e+00
2.751000e-05	-1.469551e-02	-5.286512e+00
2.752000e-05	1.827753e-02	-5.402102e+00
2.753000e-05	-2.289183e-03	-5.515864e+00
2.754000e-05	1.001006e-02	-5.599549e+00
2.755000e-05	-2.353631e-03	-5.663653e+00
2.756000e-05	-8.599533e-03	-5.695870e+00
2.757000e-05	1.612384e-02	-5.780495e+00
2.758000e-05	-2.581792e-04	-5.865184e+00
2.759000e-05	7.453942e-03	-5.907889e+00
2.760000e-05	-2.300309e-03	-5.999972e+00
2.761000e-05	6.269703e-04	-6.013125e+00
2.762000e-05	1.279542e-02	-6.063733e+00
2.763000e-05	-2.195843e-04	-6.129019e+00
2.764000e-05	4.857579e-03	-6.244729e+00
2.765000e-05	-2.112922e-03	-6.327845e+00
2.766000e-05	6.573247e-03	-6.400548e+00
2.767000e-05	1.125001e-02	-6.432104e+00
2.768000e-05	1.719193e-05	-6.463828e+00
2.769000e-05	2.908365e-03	-6.536896e+00
2.770000e-05	-1.663567e-03	-6.599021e+00
2.771000e-05	8.827545e-03	-6.662631e+00
2.772000e-05	7.096783e-03	-6.664239e+00
2.773000e-05	9.245990e-04	-6.758365e+00
2.774000e-05	4.277642e-03	-6.790499e+00
2.775000e-05	2.850136e-03	-6.779099e+00
2.776000e-05	1.098016e-02	-6.823627e+00
2.777000e-05	3.761434e-03	-6.825832e+00
2.778000e-05	1.831122e-03	-6.918428e+00
2.779000e-05	3.692613e-03	-6.991643e+00
2.780000e-05	6.622042e-03	-7.035308e+00
2.781000e-05	9.654319e-03	-7.054790e+00
2.782000e-05	4.252760e-03	-7.147891e+00
2.783000e-05	4.951439e-03	-7.159475e+00
2.784000e-05	4.467299e-03	-7.178998e+00
2.785000e-05	7.492711e-03	-7.212002e+00
2.786000e-05	7.308025e-03	-7.233029e+00
2.787000e-05	3.723647e-03	-7.243704e+00
2.788000e-05	4.386434e-03	-7.265259e+00
2.789000e-05	6.274940e-03	-7.245836e+00
2.790000e-05	9.198488e-03	-7.307917e+00
2.791000e-05	6.177443e-03	-7.326392e+00
2.792000e-05	5.186336e-03	-7.317442e+00
2.793000e-05	7.343646e-03	-7.369519e+00
2.794000e-05	9.180964e-03	-7.377974e+00
2.795000e-05	9.066881e-03	-7.379522e+00
2.796000e-05	6.033846e-03	-7.410975e+00
2.797000e-05	5.179493e-03	-7.401551e+00
2.798000e-05	7.677212e-03	-7.421102e+00
2.799000e-05	9.884900e-03	-7.423104e+00
2.800000e-05	8.846083e-03	-7.441655e+00
2.801000e-05	7.353150e-03	-7.423131e+00
2.802000e-05	8.352739e-03	-7.403632e+00
2.803000e-05	1.066594e-02	-7.454632e+00
2.804000e-05	9.000277e-03	-7.433654e+00
2.805000e-05	6.701884e-03	-7.433155e+00
2.806000e-05	8.036997e-03	-7.403130e+00
2.807000e-05	1.023564e-02	-7.423028e+00
2.808000e-05	1.310588e-02	-7.373078e+00
2.809000e-05	1.153627e-02	-7.391605e+00
2.810000e-05	1.091322e-02	-7.421098e+00
2.811000e-05	1.179662e-02	-7.391973e+00
2.812000e-05	1.272818e-02	-7.409471e+00
2.813000e-05	1.080615e-02	-7.339969e+00
2.814000e-05	1.089501e-02	-7.318420e+00
2.815000e-05	1.130597e-02	-7.317890e+00
2.816000e-05	1.379650e-02	-7.293338e+00
2.817000e-05	1.582530e-02	-7.286263e+00
2.818000e-05	1.533208e-02	-7.245259e+00
2.819000e-05	1.341686e-02	-7.212028e+00
2.820000e-05	1.353571e-02	-7.191553e+00
2.821000e-05	1.434483e-02	-7.200526e+00
2.822000e-05	1.549648e-02	-7.129921e+00
2.823000e-05	1.536348e-02	-7.137425e+00
2.824000e-05	1.526985e-02	-7.106891e+00
2.825000e-05	1.820708e-02	-7.054733e+00
2.826000e-05	1.894763e-02	-7.011126e+00
2.827000e-05	1.805059e-02	-6.951365e+00
2.828000e-05	1.795918e-02	-6.886163e+00
2.829000e-05	1.813641e-02	-6.833134e+00
2.830000e-05	1.927640e-02	-6.841650e+00
2.831000e-05	1.969595e-02	-6.789950e+00
2.832000e-05	2.000753e-02	-6.717925e+00
2.833000e-05	1.924342e-02	-6.696766e+00
2.834000e-05	1.976284e-02	-6.653182e+00
2.835000e-05	1.906934e-02	-6.622029e+00
2.836000e-05	1.820007e-02	-6.549499e+00
2.837000e-05	1.693482e-02	-6.488312e+00
2.838000e-05	1.725239e-02	-6.473636e+00
2.839000e-05	1.606607e-02	-6.422627e+00
2.840000e-05	1.615071e-02	-6.359449e+00
2.841000e-05	1.195662e-02	-6.288313e+00
2.842000e-05	1.447552e-02	-6.232178e+00
2.843000e-05	1.058407e-02	-6.150396e+00
2.844000e-05	1.107563e-02	-6.024736e+00
2.845000e-05	9.519053e-03	-5.990527e+00
2.846000e-05	1.077087e-02	-5.948445e+00
2.847000e-05	7.853665e-03	-5.927266e+00
2.848000e-05	8.229518e-03	-5.822582e+00
2.849000e-05	5.967060e-03	-5.729970e+00
2.850000e-05	7.908822e-03	-5.666240e+00
2.851000e-05	4.719815e-03	-5.622632e+00
2.852000e-05	5.662346e-03	-5.549498e+00
2.853000e-05	4.013609e-03	-5.465787e+00
2.854000e-05	5.277665e-03	-5.360576e+00
2.855000e-05	4.859639e-03	-5.254616e+00
2.856000e-05	3.662589e-03	-5.169973e+00
2.857000e-05	3.163392e-03	-5.077791e+00
2.858000e-05	2.376763e-03	-5.022100e+00
2.859000e-05	2.489401e-03	-4.878867e+00
2.860000e-05	1.563496e-03	-4.793575e+00
2.861000e-05	1.925631e-03	-4.665796e+00
2.862000e-05	2.551187e-03	-4.622549e+00
2.863000e-05	2.925269e-03	-4.577995e+00
2.864000e-05	1.992263e-03	-4.446188e+00
2.865000e-05	5.851496e-04	-4.412502e+00
2.866000e-05	-4.816649e-04	-4.348471e+00
2.867000e-05	-3.633154e-05	-4.285186e+00
2.868000e-05	-4.933835e-05	-4.169024e+00
2.869000e-05	-3.134260e-05	-4.087762e+00
2.870000e-05	-1.884035e-04	-4.021578e+00
2.871000e-05	4.965355e-04	-3.928417e+00
2.872000e-05	5.413143e-04	-3.814157e+00
2.873000e-05	-8.282012e-04	-3.655162e+00
2.874000e-05	-1.636678e-03	-3.591525e+00
2.875000e-05	-1.680550e-03	-3.497769e+00
2.876000e-05	-2.122351e-03	-3.443105e+00
2.877000e-05	-4.025043e-03	-3.329471e+00
2.878000e-05	-2.044548e-03	-3.232537e+00
2.879000e-05	-7.967286e-04	-3.189922e+00
2.880000e-05	-1.521016e-03	-3.023234e+00
2.881000e-05	-2.708018e-03	-2.907896e+00
2.882000e-05	-3.175910e-03	-2.792004e+00
2.883000e-05	-2.771898e-03	-2.748347e+00
2.884000e-05	-3.248931e-03	-2.641556e+00
2.885000e-05	-3.967761e-03	-2.497669e+00
2.886000e-05	-3.947374e-03	-2.433655e+00
2.887000e-05	-3.362633e-03	-2.337422e+00
2.888000e-05	-3.334307e-03	-2.264632e+00
2.889000e-05	-3.774939e-03	-2.095713e+00
2.890000e-05	-4.215862e-03	-1.999999e+00
2.891000e-05	-3.277298e-03	-1.886291e+00
2.892000e-05	-3.697349e-03	-1.802528e+00
2.893000e-05	-4.489467e-03	-1.726315e+00
2.894000e-05	-6.090689e-03	-1.603081e+00
2.895000e-05	-4.390793e-03	-1.528468e+00
2.896000e-05	-4.430351e-03	-1.369480e+00
2.897000e-05	-5.196790e-03	-1.232577e+00
2.898000e-05	-5.261861e-03	-1.126241e+00
2.899000e-05	-3.654469e-03	-1.013050e+00
2.900000e-05	-3.170615e-03	-8.983183e-01
2.901000e-05	-4.566569e-03	-8.230263e-01
2.902000e-05	-6.113072e-03	-7.063908e-01
2.903000e-05	-5.761795e-03	-5.900001e-01
2.904000e-05	-4.400231e-03	-4.240566e-01
2.905000e-05	-4.698416e-03	-3.489199e-01
2.906000e-05	-6.028866e-03	-2.741317e-01
2.907000e-05	-6.147701e-03	-1.499211e-01
2.908000e-05	-4.138944e-03	-7.465927e-02
2.909000e-05	-2.576230e-03	1.150138e-02
2.910000e-05	-1.006584e-03	1.467159e-01
2.911000e-05	-2.997855e-03	2.822538e-01
2.912000e-05	-1.901655e-03	3.674449e-01
2.913000e-05	-1.872944e-03	4.417090e-01
2.914000e-05	-2.676270e-03	5.969210e-01
2.915000e-05	-2.423710e-03	6.547328e-01
2.916000e-05	1.177630e-02	7.669709e-01
2.917000e-05	5.042955e-02	8.846370e-01
2.918000e-05	1.514300e-02	1.123109e+00
2.919000e-05	-4.839769e-02	1.241076e+00
2.920000e-05	-1.031368e-01	1.332814e+00
2.921000e-05	4.498326e-02	1.400369e+00
2.922000e-05	7.390295e-02	1.504283e+00
2.923000e-05	-1.023583e-01	1.673261e+00
2.924000e-05	-3.409948e-02	1.757767e+00
2.925000e-05	1.092836e-01	1.841630e+00
2.926000e-05	-4.317849e-02	1.976444e+00
2.927000e-05	-8.134295e-02	2.000024e+00
2.928000e-05	8.870805e-02	2.094284e+00
2.929000e-05	-3.266264e-02	2.241728e+00
2.930000e-05	-9.354953e-02	2.355443e+00
2.931000e-05	9.436534e-02	2.430551e+00
2.932000e-05	1.286181e-02	2.516410e+00
2.933000e-05	-6.467611e-02	2.651757e+00
2.934000e-05	3.777881e-02	2.807965e+00
2.935000e-05	-2.325896e-02	2.851654e+00
2.936000e-05	-2.091068e-02	2.947793e+00
2.937000e-05	2.389815e-02	3.063106e+00
2.938000e-05	-2.801550e-02	3.146918e+00
2.939000e-05	5.349455e-03	3.221528e+00
2.940000e-05	8.256151e-03	3.283839e+00
2.941000e-05	-1.794578e-02	3.422129e+00
2.942000e-05	5.270636e-03	3.565440e+00
2.943000e-05	-1.225232e-02	3.652628e+00
2.944000e-05	-3.058815e-02	3.757362e+00
2.945000e-05	1.440423e-02	3.790525e+00
2.946000e-05	1.098378e-02	3.875359e+00
2.947000e-05	-1.585392e-02	3.979474e+00
2.948000e-05	-1.158842e-02	4.040683e+00
2.949000e-05	-5.771789e-03	4.188969e+00
2.950000e-05	-6.895742e-04	4.315759e+00
2.951000e-05	-7.762258e-03	4.399496e+00
2.952000e-05	-5.504218e-03	4.462685e+00
2.953000e-05	-1.921185e-02	4.547866e+00
2.954000e-05	2.870173e-03	4.641079e+00
2.955000e-05	6.617542e-03	4.687412e+00
2.956000e-05	-1.321080e-02	4.800001e+00
2.957000e-05	-1.751078e-02	4.865234e+00
2.958000e-05	-8.819398e-03	5.030083e+00
2.959000e-05	2.042691e-04	5.144420e+00
2.960000e-05	-1.972329e-03	5.211050e+00
2.961000e-05	-9.433840e-03	5.294765e+00
2.962000e-05	-1.426494e-02	5.358399e+00
2.963000e-05	-2.086162e-03	5.453159e+00
2.964000e-05	-8.776111e-04	5.504813e+00
2.965000e-05	-8.048184e-03	5.578971e+00
2.966000e-05	-1.902470e-02	5.622031e+00
2.967000e-05	-9.957203e-03	5.715319e+00
2.968000e-05	-8.420188e-04	5.810549e+00
2.969000e-05	-3.075710e-03	5.905762e+00
2.970000e-05	-1.001336e-02	5.947920e+00
2.971000e-05	-1.428649e-02	6.011050e+00
2.972000e-05	-5.751975e-03	6.064158e+00
2.973000e-05	-4.432340e-03	6.136867e+00
2.974000e-05	-8.105732e-03	6.148950e+00
2.975000e-05	-1.453079e-02	6.221052e+00
2.976000e-05	-1.051389e-02	6.285336e+00
2.977000e-05	-3.174758e-03	6.386350e+00
2.978000e-05	-4.864401e-03	6.399596e+00
2.979000e-05	-9.516337e-03	6.411608e+00
2.980000e-05	-1.561436e-02	6.485286e+00
2.981000e-05	-9.551929e-03	6.557923e+00
2.982000e-05	-5.520562e-03	6.672654e+00
2.983000e-05	-6.783048e-03	6.726239e+00
2.984000e-05	-1.398586e-02	6.736891e+00
2.985000e-05	-1.197442e-02	6.788947e+00
2.986000e-05	-7.880168e-03	6.801526e+00
2.987000e-05	-7.487813e-03	6.821128e+00
2.988000e-05	-1.145306e-02	6.865132e+00
2.989000e-05	-1.583249e-02	6.877788e+00
2.990000e-05	-1.007989e-02	6.977396e+00
2.991000e-05	-6.184705e-03	6.979053e+00
2.992000e-05	-7.110727e-03	7.021075e+00
2.993000e-05	-1.400568e-02	7.023133e+00
2.994000e-05	-1.378774e-02	7.086734e+00
2.995000e-05	-1.100012e-02	7.126287e+00
2.996000e-05	-8.264332e-03	7.138965e+00
2.997000e-05	-1.116914e-02	7.137369e+00
2.998000e-05	-1.431056e-02	7.178975e+00
2.999000e-05	-1.372866e-02	7.190501e+00
3.000000e-05	-9.536644e-03	7.251574e+00
3.001000e-05	-1.003508e-02	7.232025e+00
3.002000e-05	-1.480501e-02	7.244230e+00
3.003000e-05	-1.544761e-02	7.242232e+00
3.004000e-05	-1.225250e-02	7.263206e+00
3.005000e-05	-1.090482e-02	7.265743e+00
3.006000e-05	-1.261324e-02	7.264813e+00
3.007000e-05	-1.616428e-02	7.296861e+00
3.008000e-05	-1.506548e-02	7.307395e+00
3.009000e-05	-1.217614e-02	7.377995e+00
3.010000e-05	-1.239630e-02	7.367444e+00
3.011000e-05	-1.506334e-02	7.318020e+00
3.012000e-05	-1.643662e-02	7.315967e+00
3.013000e-05	-1.576755e-02	7.340022e+00
3.014000e-05	-1.390801e-02	7.317524e+00
3.015000e-05	-1.554929e-02	7.358898e+00
3.016000e-05	-1.917667e-02	7.317316e+00
3.017000e-05	-1.778626e-02	7.339369e+00
3.018000e-05	-1.650059e-02	7.345365e+00
3.019000e-05	-1.552845e-02	7.267361e+00
3.020000e-05	-1.938624e-02	7.295209e+00
3.021000e-05	-1.918802e-02	7.265262e+00
3.022000e-05	-1.819771e-02	7.254262e+00
3.023000e-05	-1.702884e-02	7.234105e+00
3.024000e-05	-1.886646e-02	7.212050e+00
3.025000e-05	-2.115260e-02	7.211479e+00
3.026000e-05	-2.114924e-02	7.180999e+00
3.027000e-05	-2.071130e-02	7.209499e+00
3.028000e-05	-1.911820e-02	7.148916e+00
3.029000e-05	-2.161279e-02	7.176894e+00
3.030000e-05	-2.263151e-02	7.066763e+00
3.031000e-05	-2.275733e-02	7.126186e+00
3.032000e-05	-2.155522e-02	7.042085e+00
3.033000e-05	-2.229477e-02	7.031075e+00
3.034000e-05	-2.469690e-02	6.971976e+00
3.035000e-05	-2.556313e-02	6.938368e+00
3.036000e-05	-2.497751e-02	6.895313e+00
3.037000e-05	-2.427197e-02	6.865134e+00
3.038000e-05	-2.594875e-02	6.853580e+00
3.039000e-05	-2.717340e-02	6.851525e+00
3.040000e-05	-2.711880e-02	6.798971e+00
3.041000e-05	-2.491760e-02	6.769393e+00
3.042000e-05	-2.572185e-02	6.684789e+00
3.043000e-05	-2.693325e-02	6.614159e+00
3.044000e-05	-2.727891e-02	6.548917e+00
3.045000e-05	-2.620235e-02	6.446715e+00
3.046000e-05	-2.424577e-02	6.423179e+00
3.047000e-05	-2.588435e-02	6.409499e+00
3.048000e-05	-2.550704e-02	6.399447e+00
3.049000e-05	-2.403591e-02	6.305837e+00
3.050000e-05	-2.150636e-02	6.243586e+00
3.051000e-05	-2.065069e-02	6.202024e+00
3.052000e-05	-2.031259e-02	6.157870e+00
3.053000e-05	-1.982478e-02	6.124763e+00
3.054000e-05	-1.839637e-02	6.042082e+00
3.055000e-05	-1.784326e-02	5.979526e+00
3.056000e-05	-1.745814e-02	5.898943e+00
3.057000e-05	-1.719481e-02	5.864108e+00
3.058000e-05	-1.559032e-02	5.737292e+00
3.059000e-05	-1.329171e-02	5.634109e+00
3.060000e-05	-1.298673e-02	5.600999e+00
3.061000e-05	-1.309023e-02	5.526843e+00
3.062000e-05	-1.303232e-02	5.453686e+00
3.063000e-05	-1.315564e-02	5.368478e+00
3.064000e-05	-1.220844e-02	5.286817e+00
3.065000e-05	-1.141745e-02	5.244158e+00
3.066000e-05	-1.221213e-02	5.138900e+00
3.067000e-05	-1.157663e-02	5.034110e+00
3.068000e-05	-1.042020e-02	4.888293e+00
3.069000e-05	-1.010717e-02	4.821525e+00
3.070000e-05	-9.813858e-03	4.778472e+00
3.071000e-05	-1.020280e-02	4.654659e+00
3.072000e-05	-9.637469e-03	4.612528e+00
3.073000e-05	-8.576128e-03	4.536787e+00
3.074000e-05	-8.506108e-03	4.442606e+00
3.075000e-05	-9.472709e-03	4.389473e+00
3.076000e-05	-1.025092e-02	4.306764e+00
3.077000e-05	-9.922800e-03	4.160446e+00
3.078000e-05	-8.347349e-03	4.064037e+00
3.079000e-05	-8.433404e-03	4.001474e+00
3.080000e-05	-8.955523e-03	3.876187e+00
3.081000e-05	-8.184519e-03	3.823550e+00
3.082000e-05	-7.333384e-03	3.736865e+00
3.083000e-05	-6.699241e-03	3.643052e+00
3.084000e-05	-7.598701e-03	3.578471e+00
3.085000e-05	-7.943516e-03	3.474688e+00
3.086000e-05	-7.789211e-03	3.314792e+00
3.087000e-05	-6.938942e-03	3.213030e+00
3.088000e-05	-6.866342e-03	3.137322e+00
3.089000e-05	-6.939648e-03	3.023108e+00
3.090000e-05	-5.826838e-03	2.948917e+00
3.091000e-05	-7.521304e-03	2.863135e+00
3.092000e-05	-6.339337e-03	2.789476e+00
3.093000e-05	-5.452075e-03	2.684138e+00
3.094000e-05	-5.777779e-03	2.538295e+00
3.095000e-05	-6.917517e-03	2.410982e+00
3.096000e-05	-7.900074e-03	2.296745e+00
3.097000e-05	-6.897749e-03	2.242601e+00
3.098000e-05	-4.276540e-03	2.154790e+00
3.099000e-05	-5.663018e-03	2.042555e+00
3.100000e-05	-5.270432e-03	1.969400e+00
3.101000e-05	-5.757616e-03	1.824583e+00
3.102000e-05	-4.787432e-03	1.746743e+00
3.103000e-05	-4.386470e-03	1.613081e+00
3.104000e-05	-4.968653e-03	1.513691e+00
3.105000e-05	-6.949609e-03	1.400429e+00
3.106000e-05	-5.464144e-03	1.265184e+00
3.107000e-05	-4.554331e-03	1.199900e+00
3.108000e-05	-3.337894e-03	1.043029e+00
3.109000e-05	-5.216129e-03	8.972619e-01
3.110000e-05	-5.434272e-03	7.799503e-01
3.111000e-05	-5.152806e-03	7.041655e-01
3.112000e-05	-2.993325e-03	5.899974e-01
3.113000e-05	-4.247632e-03	5.051644e-01
3.114000e-05	-3.998526e-03	4.199788e-01
3.115000e-05	-4.299457e-03	3.262683e-01
3.116000e-05	-4.115027e-03	2.083800e-01
3.117000e-05	-4.402044e-03	4.208526e-02
3.118000e-05	-3.669765e-03	-2.215295e-02
3.119000e-05	-2.242101e-03	-1.583710e-01
3.120000e-05	1.385595e-03	-2.521803e-01
3.121000e-05	1.716243e-03	-3.664647e-01
3.122000e-05	1.159016e-03	-4.000514e-01
3.123000e-05	-1.140025e-04	-5.558831e-01
3.124000e-05	-1.975939e-03	-6.957081e-01
3.125000e-05	1.343659e-03	-7.794686e-01
3.126000e-05	3.373623e-02	-8.531815e-01
3.127000e-05	5.553534e-02	-9.779387e-01
3.128000e-05	-2.137590e-02	-1.146942e+00
3.129000e-05	-9.066761e-02	-1.399044e+00
3.130000e-05	-1.002186e-02	-1.432226e+00
3.131000e-05	9.137832e-02	-1.412655e+00
3.132000e-05	-2.230291e-02	-1.546445e+00
3.133000e-05	-9.963958e-02	-1.736436e+00
3.134000e-05	1.035423e-01	-1.789928e+00
3.135000e-05	2.211611e-02	-1.833128e+00
3.136000e-05	-1.491222e-01	-1.978021e+00
3.137000e-05	7.727974e-02	-2.062784e+00
3.138000e-05	7.418174e-02	-2.178370e+00
3.139000e-05	-1.428345e-01	-2.335390e+00
3.140000e-05	5.785847e-02	-2.431152e+00
3.141000e-05	8.032085e-02	-2.506759e+00
3.142000e-05	-7.447193e-02	-2.673205e+00
3.143000e-05	3.768229e-02	-2.696887e+00
3.144000e-05	5.413233e-03	-2.770103e+00
3.145000e-05	-5.345356e-02	-2.956937e+00
3.146000e-05	5.025366e-02	-3.012680e+00
3.147000e-05	-1.491415e-02	-3.138466e+00
3.148000e-05	-2.459800e-02	-3.304680e+00
3.149000e-05	6.402501e-02	-3.356264e+00
3.150000e-05	-4.675039e-02	-3.402203e+00
3.151000e-05	8.465015e-03	-3.555918e+00
3.152000e-05	4.038660e-02	-3.600500e+00
3.153000e-05	-6.427398e-02	-3.666782e+00
3.154000e-05	2.697072e-02	-3.809700e+00
3.155000e-05	2.677906e-02	-3.935443e+00
3.156000e-05	-2.095334e-02	-4.001079e+00
3.157000e-05	2.026456e-02	-4.056336e+00
3.158000e-05	-1.936177e-02	-4.159603e+00
3.159000e-05	9.948604e-03	-4.283683e+00
3.160000e-05	1.285521e-02	-4.368993e+00
3.161000e-05	-1.582754e-02	-4.431550e+00
3.162000e-05	1.617977e-02	-4.487787e+00
3.163000e-05	-8.021474e-03	-4.610700e+00
3.164000e-05	1.343233e-02	-4.737289e+00
3.165000e-05	1.324182e-02	-4.737967e+00
3.166000e-05	-2.136756e-02	-4.903804e+00
3.167000e-05	1.604529e-02	-4.958996e+00
3.168000e-05	-8.354235e-03	-5.032755e+00
3.169000e-05	1.053844e-02	-5.127369e+00
3.170000e-05	9.500753e-03	-5.222100e+00
3.171000e-05	-1.439008e-02	-5.317287e+00
3.172000e-05	1.776801e-02	-5.423129e+00
3.173000e-05	-2.414676e-03	-5.515416e+00
3.174000e-05	9.238719e-03	-5.590500e+00
3.175000e-05	1.635797e-03	-5.653683e+00
3.176000e-05	-9.517843e-03	-5.708412e+00
3.177000e-05	1.421762e-02	-5.778000e+00
3.178000e-05	1.070237e-03	-5.843579e+00
3.179000e-05	8.809122e-03	-5.906866e+00
3.180000e-05	1.303405e-03	-5.970497e+00
3.181000e-05	-1.469378e-03	-6.021651e+00
3.182000e-05	1.184453e-02	-6.072782e+00
3.183000e-05	7.029716e-04	-6.129539e+00
3.184000e-05	6.928051e-03	-6.244755e+00
3.185000e-05	-9.207899e-04	-6.305920e+00
3.186000e-05	2.408195e-03	-6.379450e+00
3.187000e-05	1.046131e-02	-6.402130e+00
3.188000e-05	1.898745e-03	-6.464233e+00
3.189000e-05	5.293348e-03	-6.538445e+00
3.190000e-05	-2.619874e-03	-6.590520e+00
3.191000e-05	6.484487e-03	-6.652706e+00
3.192000e-05	8.609669e-03	-6.674838e+00
3.193000e-05	4.124693e-03	-6.737365e+00
3.194000e-05	6.148735e-03	-6.767423e+00
3.195000e-05	1.045162e-03	-6.790498e+00
3.196000e-05	8.501795e-03	-6.821654e+00
3.197000e-05	4.531614e-03	-6.876230e+00
3.198000e-05	2.685400e-03	-6.939933e+00
3.199000e-05	3.333284e-03	-6.981420e+00
3.200000e-05	4.825790e-03	-7.004182e+00
3.201000e-05	1.058024e-02	-7.117787e+00
3.202000e-05	4.956532e-03	-7.138439e+00
3.203000e-05	3.832991e-03	-7.170021e+00
3.204000e-05	3.343774e-03	-7.170475e+00
3.205000e-05	6.421366e-03	-7.189625e+00
3.206000e-05	8.421690e-03	-7.223103e+00
3.207000e-05	4.540830e-03	-7.274658e+00
3.208000e-05	3.779308e-03	-7.245758e+00
3.209000e-05	6.278506e-03	-7.314885e+00
3.210000e-05	8.670952e-03	-7.295841e+00
3.211000e-05	6.214882e-03	-7.319390e+00
3.212000e-05	5.070942e-03	-7.339419e+00
3.213000e-05	6.193238e-03	-7.330946e+00
3.214000e-05	8.650701e-03	-7.368996e+00
3.215000e-05	8.545344e-03	-7.390049e+00
3.216000e-05	5.506902e-03	-7.391050e+00
3.217000e-05	5.387368e-03	-7.401102e+00
3.218000e-05	6.513808e-03	-7.413603e+00
3.219000e-05	9.838226e-03	-7.432103e+00
3.220000e-05	8.237986e-03	-7.412630e+00
3.221000e-05	7.515199e-03	-7.442583e+00
3.222000e-05	7.437263e-03	-7.432105e+00
3.223000e-05	1.100299e-02	-7.443633e+00
3.224000e-05	1.102495e-02	-7.462104e+00
3.225000e-05	9.463129e-03	-7.414127e+00
3.226000e-05	7.510718e-03	-7.402680e+00
3.227000e-05	9.802781e-03	-7.391603e+00
3.228000e-05	1.133479e-02	-7.433055e+00
3.229000e-05	1.172814e-02	-7.402100e+00
3.230000e-05	9.709306e-03	-7.381101e+00
3.231000e-05	1.006465e-02	-7.381021e+00
3.232000e-05	1.311640e-02	-7.349999e+00
3.233000e-05	1.418749e-02	-7.339920e+00
3.234000e-05	1.306699e-02	-7.297417e+00
3.235000e-05	1.166919e-02	-7.316367e+00
3.236000e-05	1.248147e-02	-7.277265e+00
3.237000e-05	1.531965e-02	-7.273816e+00
3.238000e-05	1.474203e-02	-7.235202e+00
3.239000e-05	1.324232e-02	-7.231606e+00
3.240000e-05	1.345809e-02	-7.202099e+00
3.241000e-05	1.651176e-02	-7.180999e+00
3.242000e-05	1.886355e-02	-7.169572e+00
3.243000e-05	1.790475e-02	-7.119417e+00
3.244000e-05	1.594833e-02	-7.106840e+00
3.245000e-05	1.747554e-02	-7.034257e+00
3.246000e-05	1.820844e-02	-6.972133e+00
3.247000e-05	1.848023e-02	-6.891451e+00
3.248000e-05	1.769217e-02	-6.855716e+00
3.249000e-05	1.894997e-02	-6.832608e+00
3.250000e-05	2.079648e-02	-6.790530e+00
3.251000e-05	2.080068e-02	-6.771472e+00
3.252000e-05	1.979942e-02	-6.748494e+00
3.253000e-05	1.957904e-02	-6.666339e+00
3.254000e-05	2.059398e-02	-6.643705e+00
3.255000e-05	2.017835e-02	-6.602125e+00
3.256000e-05	1.949957e-02	-6.520521e+00
3.257000e-05	1.706379e-02	-6.506320e+00
3.258000e-05	1.720673e-02	-6.473733e+00
3.259000e-05	1.537378e-02	-6.411553e+00
3.260000e-05	1.578153e-02	-6.389498e+00
3.261000e-05	1.293529e-02	-6.307893e+00
3.262000e-05	1.337922e-02	-6.204130e+00
3.263000e-05	1.262760e-02	-6.148970e+00
3.264000e-05	1.238980e-02	-6.076288e+00
3.265000e-05	1.048021e-02	-6.011524e+00
3.266000e-05	9.627151e-03	-5.959947e+00
3.267000e-05	7.637431e-03	-5.896291e+00
3.268000e-05	7.913610e-03	-5.832628e+00
3.269000e-05	6.558546e-03	-5.769947e+00
3.270000e-05	6.302220e-03	-5.686785e+00
3.271000e-05	4.649015e-03	-5.603057e+00
3.272000e-05	5.535480e-03	-5.557474e+00
3.273000e-05	4.760250e-03	-5.498710e+00
3.274000e-05	5.421991e-03	-5.340402e+00
3.275000e-05	4.517745e-03	-5.243633e+00
3.276000e-05	3.613990e-03	-5.201051e+00
3.277000e-05	3.135401e-03	-5.096842e+00
3.278000e-05	1.635785e-03	-5.034130e+00
3.279000e-05	1.317842e-03	-4.918345e+00
3.280000e-05	2.183533e-04	-4.802748e+00
3.281000e-05	6.095017e-04	-4.688340e+00
3.282000e-05	2.327109e-03	-4.622080e+00
3.283000e-05	3.475360e-03	-4.539471e+00
3.284000e-05	2.986849e-03	-4.476236e+00
3.285000e-05	1.468806e-03	-4.402528e+00
3.286000e-05	-4.638139e-04	-4.348922e+00
3.287000e-05	-8.560598e-04	-4.274682e+00
3.288000e-05	-6.028398e-04	-4.201503e+00
3.289000e-05	-1.811280e-03	-4.094763e+00
3.290000e-05	-8.037824e-04	-4.012005e+00
3.291000e-05	-3.734150e-04	-3.909923e+00
3.292000e-05	7.524941e-04	-3.823509e+00
3.293000e-05	-1.946173e-04	-3.667262e+00
3.294000e-05	-9.185684e-04	-3.620474e+00
3.295000e-05	-2.342702e-03	-3.506897e+00
3.296000e-05	-1.933417e-03	-3.433632e+00
3.297000e-05	-1.969425e-03	-3.318344e+00
3.298000e-05	-2.226313e-03	-3.283158e+00
3.299000e-05	-3.477408e-03	-3.170446e+00
3.300000e-05	-1.471808e-03	-3.034287e+00
3.301000e-05	-1.666961e-03	-2.906244e+00
3.302000e-05	-1.831001e-03	-2.793555e+00
3.303000e-05	-2.829009e-03	-2.717841e+00
3.304000e-05	-2.866372e-03	-2.633530e+00
3.305000e-05	-2.961875e-03	-2.507870e+00
3.306000e-05	-2.742671e-03	-2.442580e+00
3.307000e-05	-3.545123e-03	-2.359974e+00
3.308000e-05	-4.733993e-03	-2.224054e+00
3.309000e-05	-4.472008e-03	-2.096765e+00
3.310000e-05	-3.746695e-03	-1.971028e+00
3.311000e-05	-3.493587e-03	-1.917240e+00
3.312000e-05	-4.036422e-03	-1.793105e+00
3.313000e-05	-3.918555e-03	-1.718813e+00
3.314000e-05	-3.779656e-03	-1.642004e+00
3.315000e-05	-3.428992e-03	-1.498441e+00
3.316000e-05	-4.084293e-03	-1.380948e+00
3.317000e-05	-5.094046e-03	-1.203607e+00
3.318000e-05	-5.350152e-03	-1.118371e+00
3.319000e-05	-4.442037e-03	-1.022027e+00
3.320000e-05	-4.983270e-03	-9.172645e-01
3.321000e-05	-5.062270e-03	-8.430514e-01
3.322000e-05	-5.088574e-03	-7.083634e-01
3.323000e-05	-4.613046e-03	-5.710013e-01
3.324000e-05	-4.491070e-03	-4.446580e-01
3.325000e-05	-5.354348e-03	-3.678712e-01
3.326000e-05	-6.577778e-03	-2.356605e-01
3.327000e-05	-6.386294e-03	-1.373974e-01
3.328000e-05	-3.956264e-03	-6.320802e-02
3.329000e-05	-3.335601e-03	1.002625e-02
3.330000e-05	-7.623740e-04	1.253369e-01
3.331000e-05	-2.889763e-03	2.901579e-01
3.332000e-05	-2.935624e-03	3.869249e-01
3.333000e-05	-2.817191e-03	4.421539e-01
3.334000e-05	-2.718893e-03	5.864173e-01
3.335000e-05	-1.791335e-03	6.226340e-01
3.336000e-05	1.082816e-02	7.878937e-01
3.337000e-05	5.057287e-02	8.331090e-01
3.338000e-05	1.752948e-02	1.091200e+00
3.339000e-05	-4.596478e-02	1.198049e+00
3.340000e-05	-1.068929e-01	1.304261e+00
3.341000e-05	3.366691e-02	1.356847e+00
3.342000e-05	7.795465e-02	1.483733e+00
3.343000e-05	-9.036657e-02	1.683259e+00
3.344000e-05	-4.970932e-02	1.736317e+00
3.345000e-05	1.080238e-01	1.842554e+00
3.346000e-05	-2.871667e-02	1.944943e+00
3.347000e-05	-9.254159e-02	2.010950e+00
3.348000e-05	8.537048e-02	2.083208e+00
3.349000e-05	-2.050651e-02	2.249075e+00
3.350000e-05	-1.024940e-01	2.327192e+00
3.351000e-05	8.738631e-02	2.371001e+00
3.352000e-05	2.020486e-02	2.492820e+00
3.353000e-05	-6.799204e-02	2.650576e+00
3.354000e-05	3.881380e-02	2.747395e+00
3.355000e-05	-2.168905e-02	2.854080e+00
3.356000e-05	-2.305895e-02	2.936338e+00
3.357000e-05	2.329914e-02	3.030603e+00
3.358000e-05	-2.282805e-02	3.134891e+00
3.359000e-05	6.147283e-04	3.209528e+00
3.360000e-05	8.293641e-03	3.324807e+00
3.361000e-05	-2.138805e-02	3.400100e+00
3.362000e-05	2.455121e-03	3.525842e+00
3.363000e-05	-7.186126e-03	3.632125e+00
3.364000e-05	-2.973515e-02	3.677336e+00
3.365000e-05	1.388710e-02	3.800001e+00
3.366000e-05	1.386369e-02	3.904812e+00
3.367000e-05	-1.267300e-02	4.009476e+00
3.368000e-05	-1.499198e-02	4.042227e+00
3.369000e-05	-7.851213e-03	4.157321e+00
3.370000e-05	-4.720285e-03	4.314762e+00
3.371000e-05	-5.698230e-03	4.407001e+00
3.372000e-05	-2.658190e-03	4.432632e+00
3.373000e-05	-1.606800e-02	4.548871e+00
3.374000e-05	1.849377e-03	4.620106e+00
3.375000e-05	8.589314e-03	4.746816e+00
3.376000e-05	-1.006860e-02	4.799101e+00
3.377000e-05	-1.764137e-02	4.855709e+00
3.378000e-05	-1.005014e-02	4.949101e+00
3.379000e-05	-1.782914e-03	5.134362e+00
3.380000e-05	-1.040007e-03	5.210050e+00
3.381000e-05	-7.550784e-03	5.315766e+00
3.382000e-05	-1.318645e-02	5.356994e+00
3.383000e-05	-3.645158e-03	5.442159e+00
3.384000e-05	1.502096e-04	5.515391e+00
3.385000e-05	-5.331727e-03	5.589941e+00
3.386000e-05	-1.784458e-02	5.630103e+00
3.387000e-05	-1.134341e-02	5.675338e+00
3.388000e-05	-1.189258e-03	5.780078e+00
3.389000e-05	-3.563432e-03	5.894257e+00
3.390000e-05	-8.823902e-03	5.968845e+00
3.391000e-05	-1.489740e-02	6.010525e+00
3.392000e-05	-6.429707e-03	6.052153e+00
3.393000e-05	-3.711256e-03	6.115889e+00
3.394000e-05	-6.316020e-03	6.159371e+00
3.395000e-05	-1.337446e-02	6.209603e+00
3.396000e-05	-1.037438e-02	6.284788e+00
3.397000e-05	-4.336060e-03	6.307395e+00
3.398000e-05	-5.558629e-03	6.398974e+00
3.399000e-05	-1.069175e-02	6.420628e+00
3.400000e-05	-1.545272e-02	6.495334e+00
3.401000e-05	-1.041972e-02	6.536900e+00
3.402000e-05	-5.404814e-03	6.593128e+00
3.403000e-05	-7.067048e-03	6.676806e+00
3.404000e-05	-1.257568e-02	6.726819e+00
3.405000e-05	-1.156375e-02	6.779449e+00
3.406000e-05	-7.910941e-03	6.809529e+00
3.407000e-05	-7.420250e-03	6.830608e+00
3.408000e-05	-1.178280e-02	6.863658e+00
3.409000e-05	-1.572595e-02	6.885315e+00
3.410000e-05	-1.167833e-02	6.918892e+00
3.411000e-05	-7.200560e-03	6.999527e+00
3.412000e-05	-7.253375e-03	7.031504e+00
3.413000e-05	-1.398527e-02	7.031054e+00
3.414000e-05	-1.346441e-02	7.095709e+00
3.415000e-05	-1.118446e-02	7.096362e+00
3.416000e-05	-8.499647e-03	7.106919e+00
3.417000e-05	-1.066880e-02	7.149897e+00
3.418000e-05	-1.554233e-02	7.159448e+00
3.419000e-05	-1.309072e-02	7.200051e+00
3.420000e-05	-1.106385e-02	7.230533e+00
3.421000e-05	-9.457000e-03	7.231103e+00
3.422000e-05	-1.523319e-02	7.261627e+00
3.423000e-05	-1.531206e-02	7.263082e+00
3.424000e-05	-1.234366e-02	7.273713e+00
3.425000e-05	-9.018563e-03	7.262261e+00
3.426000e-05	-1.155092e-02	7.284237e+00
3.427000e-05	-1.589462e-02	7.375841e+00
3.428000e-05	-1.621396e-02	7.265845e+00
3.429000e-05	-1.291116e-02	7.348893e+00
3.430000e-05	-1.257508e-02	7.317845e+00
3.431000e-05	-1.663400e-02	7.319470e+00
3.432000e-05	-1.792426e-02	7.349875e+00
3.433000e-05	-1.521995e-02	7.338492e+00
3.434000e-05	-1.192696e-02	7.358993e+00
3.435000e-05	-1.410195e-02	7.357868e+00
3.436000e-05	-1.887718e-02	7.391349e+00
3.437000e-05	-1.834656e-02	7.336912e+00
3.438000e-05	-1.468414e-02	7.317895e+00
3.439000e-05	-1.407661e-02	7.327312e+00
3.440000e-05	-1.847115e-02	7.305694e+00
3.441000e-05	-2.097577e-02	7.296262e+00
3.442000e-05	-1.872132e-02	7.293656e+00
3.443000e-05	-1.659552e-02	7.232603e+00
3.444000e-05	-1.803867e-02	7.241104e+00
3.445000e-05	-2.151334e-02	7.201051e+00
3.446000e-05	-2.136983e-02	7.210527e+00
3.447000e-05	-1.958466e-02	7.169473e+00
3.448000e-05	-1.782348e-02	7.148346e+00
3.449000e-05	-2.180815e-02	7.118867e+00
3.450000e-05	-2.344798e-02	7.108317e+00
3.451000e-05	-2.293859e-02	7.086161e+00
3.452000e-05	-2.051139e-02	7.044087e+00
3.453000e-05	-2.163059e-02	6.973105e+00
3.454000e-05	-2.376874e-02	6.970053e+00
3.455000e-05	-2.516740e-02	6.968494e+00
3.456000e-05	-2.483927e-02	6.906343e+00
3.457000e-05	-2.366358e-02	6.876159e+00
3.458000e-05	-2.613163e-02	6.832558e+00
3.459000e-05	-2.740321e-02	6.811053e+00
3.460000e-05	-2.747095e-02	6.779999e+00
3.461000e-05	-2.546539e-02	6.717422e+00
3.462000e-05	-2.618698e-02	6.725764e+00
3.463000e-05	-2.780288e-02	6.624654e+00
3.464000e-05	-2.861096e-02	6.549896e+00
3.465000e-05	-2.725232e-02	6.495189e+00
3.466000e-05	-2.486112e-02	6.432583e+00
3.467000e-05	-2.513270e-02	6.411975e+00
3.468000e-05	-2.548174e-02	6.357449e+00
3.469000e-05	-2.399560e-02	6.295840e+00
3.470000e-05	-2.115259e-02	6.224133e+00
3.471000e-05	-2.041918e-02	6.210502e+00
3.472000e-05	-2.157848e-02	6.157367e+00
3.473000e-05	-2.153286e-02	6.086764e+00
3.474000e-05	-1.950098e-02	6.012128e+00
3.475000e-05	-1.643970e-02	6.009999e+00
3.476000e-05	-1.665616e-02	5.947416e+00
3.477000e-05	-1.739879e-02	5.842180e+00
3.478000e-05	-1.658266e-02	5.709322e+00
3.479000e-05	-1.401007e-02	5.653557e+00
3.480000e-05	-1.318595e-02	5.592001e+00
3.481000e-05	-1.389027e-02	5.557944e+00
3.482000e-05	-1.507137e-02	5.433159e+00
3.483000e-05	-1.368544e-02	5.369553e+00
3.484000e-05	-1.155540e-02	5.315817e+00
3.485000e-05	-1.025848e-02	5.244080e+00
3.486000e-05	-1.130494e-02	5.175771e+00
3.487000e-05	-1.293376e-02	5.021611e+00
3.488000e-05	-1.054250e-02	4.906718e+00
3.489000e-05	-9.598779e-03	4.821532e+00
3.490000e-05	-1.060901e-02	4.748400e+00
3.491000e-05	-1.194277e-02	4.694213e+00
3.492000e-05	-1.210068e-02	4.621529e+00
3.493000e-05	-9.158744e-03	4.497194e+00
3.494000e-05	-7.884415e-03	4.453032e+00
3.495000e-05	-8.772776e-03	4.391473e+00
3.496000e-05	-9.528037e-03	4.266266e+00
3.497000e-05	-8.861832e-03	4.161976e+00
3.498000e-05	-7.453243e-03	4.064158e+00
3.499000e-05	-8.293741e-03	3.980479e+00
3.500000e-05	-9.622965e-03	3.906291e+00
3.501000e-05	-9.452999e-03	3.811576e+00
3.502000e-05	-7.077755e-03	3.716793e+00
3.503000e-05	-6.165680e-03	3.612536e+00
3.504000e-05	-7.671612e-03	3.558424e+00
3.505000e-05	-7.790137e-03	3.485591e+00
3.506000e-05	-6.858322e-03	3.335897e+00
3.507000e-05	-5.320633e-03	3.233079e+00
3.508000e-05	-6.257597e-03	3.138895e+00
3.509000e-05	-7.900131e-03	3.032635e+00
3.510000e-05	-7.661240e-03	2.937949e+00
3.511000e-05	-6.591745e-03	2.834188e+00
3.512000e-05	-5.802352e-03	2.760501e+00
3.513000e-05	-6.640978e-03	2.706738e+00
3.514000e-05	-6.723203e-03	2.569325e+00
3.515000e-05	-4.698458e-03	2.390555e+00
3.516000e-05	-4.235991e-03	2.336868e+00
3.517000e-05	-5.059064e-03	2.221559e+00
3.518000e-05	-7.012512e-03	2.106842e+00
3.519000e-05	-6.883821e-03	2.022608e+00
3.520000e-05	-5.270471e-03	1.947946e+00
3.521000e-05	-4.645999e-03	1.844483e+00
3.522000e-05	-5.464132e-03	1.766916e+00
3.523000e-05	-7.018043e-03	1.630508e+00
3.524000e-05	-5.347307e-03	1.487267e+00
3.525000e-05	-3.134809e-03	1.378376e+00
3.526000e-05	-4.311504e-03	1.296212e+00
3.527000e-05	-7.118359e-03	1.149526e+00
3.528000e-05	-6.391948e-03	1.074612e+00
3.529000e-05	-2.921769e-03	9.257121e-01
3.530000e-05	-3.075390e-03	7.899287e-01
3.531000e-05	-6.729917e-03	7.172908e-01
3.532000e-05	-6.774728e-03	5.989773e-01
3.533000e-05	-4.512179e-03	4.947632e-01
3.534000e-05	-1.354933e-03	3.904999e-01
3.535000e-05	-2.922338e-03	3.057670e-01
3.536000e-05	-5.961017e-03	1.778239e-01
3.537000e-05	-6.316194e-03	5.605164e-02
3.538000e-05	-3.445087e-03	-5.270528e-02
3.539000e-05	-3.577762e-04	-1.684146e-01
3.540000e-05	1.089759e-04	-2.511253e-01
3.541000e-05	-1.645650e-03	-3.679408e-01
3.542000e-05	-1.009283e-03	-4.109990e-01
3.543000e-05	-8.926652e-04	-5.453096e-01
3.544000e-05	-2.626573e-04	-6.927342e-01
3.545000e-05	-7.983319e-04	-7.689421e-01
3.546000e-05	2.971649e-02	-8.425791e-01
3.547000e-05	6.011010e-02	-9.879422e-01
3.548000e-05	-1.512270e-02	-1.136866e+00
3.549000e-05	-8.735341e-02	-1.346496e+00
3.550000e-05	-2.389142e-02	-1.444232e+00
3.551000e-05	8.894728e-02	-1.413610e+00
3.552000e-05	-7.044550e-03	-1.549990e+00
3.553000e-05	-1.082364e-01	-1.755386e+00
3.554000e-05	1.042295e-01	-1.810476e+00
3.555000e-05	3.393054e-02	-1.832103e+00
3.556000e-05	-1.524910e-01	-1.997447e+00
3.557000e-05	6.607795e-02	-2.052707e+00
3.558000e-05	8.549730e-02	-2.118842e+00
3.559000e-05	-1.405471e-01	-2.345935e+00
3.560000e-05	4.218147e-02	-2.420128e+00
3.561000e-05	9.021487e-02	-2.484186e+00
3.562000e-05	-6.888908e-02	-2.643655e+00
3.563000e-05	2.945181e-02	-2.778465e+00
3.564000e-05	1.276123e-02	-2.799621e+00
3.565000e-05	-5.483705e-02	-2.936917e+00
3.566000e-05	4.673991e-02	-3.054684e+00
3.567000e-05	-5.773268e-03	-3.148447e+00
3.568000e-05	-3.027814e-02	-3.252628e+00
3.569000e-05	6.611142e-02	-3.307415e+00
3.570000e-05	-4.077512e-02	-3.421628e+00
3.571000e-05	1.291062e-04	-3.537941e+00
3.572000e-05	4.524164e-02	-3.579974e+00
3.573000e-05	-6.277083e-02	-3.654183e+00
3.574000e-05	2.148104e-02	-3.799621e+00
3.575000e-05	3.372863e-02	-3.946916e+00
3.576000e-05	-2.122653e-02	-4.043125e+00
3.577000e-05	2.108374e-02	-4.074388e+00
3.578000e-05	-1.540259e-02	-4.179518e+00
3.579000e-05	6.453199e-03	-4.304786e+00
3.580000e-05	1.567914e-02	-4.366895e+00
3.581000e-05	-1.882882e-02	-4.411529e+00
3.582000e-05	1.539300e-02	-4.485358e+00
3.583000e-05	-6.154294e-03	-4.630179e+00
3.584000e-05	1.142018e-02	-4.707738e+00
3.585000e-05	1.549108e-02	-4.717945e+00
3.586000e-05	-2.247686e-02	-4.904360e+00
3.587000e-05	1.591556e-02	-4.957995e+00
3.588000e-05	-4.236556e-03	-5.033155e+00
3.589000e-05	8.376765e-03	-5.146390e+00
3.590000e-05	1.074280e-02	-5.211501e+00
3.591000e-05	-1.634999e-02	-5.276737e+00
3.592000e-05	1.781149e-02	-5.402698e+00
3.593000e-05	1.391305e-03	-5.545893e+00
3.594000e-05	7.564146e-03	-5.580097e+00
3.595000e-05	1.655730e-03	-5.643129e+00
3.596000e-05	-9.622683e-03	-5.696838e+00
3.597000e-05	1.556198e-02	-5.808998e+00
3.598000e-05	1.720674e-03	-5.842805e+00
3.599000e-05	6.490180e-03	-5.895385e+00
3.600000e-05	8.680138e-04	-5.989519e+00
3.601000e-05	-3.052818e-03	-6.021046e+00
3.602000e-05	1.233066e-02	-6.024708e+00
3.603000e-05	-1.218489e-03	-6.149020e+00
3.604000e-05	3.988776e-03	-6.243353e+00
3.605000e-05	-4.790247e-04	-6.316315e+00
3.606000e-05	4.288433e-03	-6.390595e+00
3.607000e-05	1.379369e-02	-6.421652e+00
3.608000e-05	3.916829e-04	-6.443859e+00
3.609000e-05	3.611416e-03	-6.518317e+00
3.610000e-05	-1.429501e-03	-6.570967e+00
3.611000e-05	6.364434e-03	-6.612129e+00
3.612000e-05	8.274030e-03	-6.693737e+00
3.613000e-05	8.341354e-04	-6.707841e+00
3.614000e-05	5.301533e-03	-6.758921e+00
3.615000e-05	1.660197e-03	-6.801554e+00
3.616000e-05	9.172821e-03	-6.811629e+00
3.617000e-05	4.859834e-03	-6.865659e+00
3.618000e-05	2.088149e-03	-6.948966e+00
3.619000e-05	3.640161e-03	-6.961120e+00
3.620000e-05	5.712922e-03	-7.074701e+00
3.621000e-05	9.436761e-03	-7.044859e+00
3.622000e-05	3.995706e-03	-7.138994e+00
3.623000e-05	3.188603e-03	-7.178971e+00
3.624000e-05	4.045835e-03	-7.179546e+00
3.625000e-05	7.181048e-03	-7.191099e+00
3.626000e-05	9.192310e-03	-7.213554e+00
3.627000e-05	4.886447e-03	-7.232181e+00
3.628000e-05	5.517806e-03	-7.244784e+00
3.629000e-05	6.537849e-03	-7.286811e+00
3.630000e-05	8.480282e-03	-7.318387e+00
3.631000e-05	6.123468e-03	-7.297367e+00
3.632000e-05	3.529537e-03	-7.328921e+00
3.633000e-05	6.733579e-03	-7.318494e+00
3.634000e-05	9.013862e-03	-7.391571e+00
3.635000e-05	9.522152e-03	-7.381521e+00
3.636000e-05	5.713049e-03	-7.411525e+00
3.637000e-05	7.190037e-03	-7.430571e+00
3.638000e-05	9.339576e-03	-7.401576e+00
3.639000e-05	9.821728e-03	-7.431579e+00
3.640000e-05	7.894919e-03	-7.434629e+00
3.641000e-05	6.545804e-03	-7.413181e+00
3.642000e-05	8.407227e-03	-7.445127e+00
3.643000e-05	1.121839e-02	-7.444157e+00
3.644000e-05	1.100691e-02	-7.432204e+00
3.645000e-05	9.519846e-03	-7.411628e+00
3.646000e-05	9.312577e-03	-7.394078e+00
3.647000e-05	1.085434e-02	-7.412150e+00
3.648000e-05	1.121580e-02	-7.411126e+00
3.649000e-05	9.929323e-03	-7.413078e+00
3.650000e-05	8.830262e-03	-7.372528e+00
3.651000e-05	1.114475e-02	-7.380048e+00
3.652000e-05	1.374931e-02	-7.398975e+00
3.653000e-05	1.379652e-02	-7.359043e+00
3.654000e-05	1.317026e-02	-7.287994e+00
3.655000e-05	1.277293e-02	-7.317392e+00
3.656000e-05	1.318238e-02	-7.275763e+00
3.657000e-05	1.290767e-02	-7.255858e+00
3.658000e-05	1.254761e-02	-7.254231e+00
3.659000e-05	1.369887e-02	-7.203579e+00
3.660000e-05	1.464468e-02	-7.212552e+00
3.661000e-05	1.706872e-02	-7.161000e+00
3.662000e-05	1.656901e-02	-7.169999e+00
3.663000e-05	1.533644e-02	-7.088940e+00
3.664000e-05	1.593358e-02	-7.097866e+00
3.665000e-05	1.700644e-02	-7.024287e+00
3.666000e-05	1.751965e-02	-6.963698e+00
3.667000e-05	1.728666e-02	-6.950425e+00
3.668000e-05	1.853127e-02	-6.874863e+00
3.669000e-05	1.944672e-02	-6.823161e+00
3.670000e-05	2.024002e-02	-6.791602e+00
3.671000e-05	2.094745e-02	-6.790996e+00
3.672000e-05	1.991000e-02	-6.758494e+00
3.673000e-05	1.902345e-02	-6.717312e+00
3.674000e-05	1.876799e-02	-6.665135e+00
3.675000e-05	1.868022e-02	-6.622601e+00
3.676000e-05	1.786820e-02	-6.581497e+00
3.677000e-05	1.740879e-02	-6.507291e+00
3.678000e-05	1.874673e-02	-6.485683e+00
3.679000e-05	1.734935e-02	-6.432479e+00
3.680000e-05	1.588880e-02	-6.358946e+00
3.681000e-05	1.255511e-02	-6.305888e+00
3.682000e-05	1.220792e-02	-6.234154e+00
3.683000e-05	1.088839e-02	-6.109966e+00
3.684000e-05	1.138420e-02	-6.066191e+00
3.685000e-05	1.027736e-02	-6.031576e+00
3.686000e-05	1.040302e-02	-5.939919e+00
3.687000e-05	8.951029e-03	-5.917216e+00
3.688000e-05	1.047052e-02	-5.815179e+00
3.689000e-05	8.166504e-03	-5.751925e+00
3.690000e-05	5.854840e-03	-5.696239e+00
3.691000e-05	2.188348e-03	-5.632578e+00
3.692000e-05	4.070262e-03	-5.559025e+00
3.693000e-05	5.150915e-03	-5.446259e+00
3.694000e-05	5.203587e-03	-5.421598e+00
3.695000e-05	4.513868e-03	-5.274638e+00
3.696000e-05	5.133012e-03	-5.163505e+00
3.697000e-05	4.933594e-03	-5.097288e+00
3.698000e-05	3.347800e-03	-5.063083e+00
3.699000e-05	7.147230e-04	-4.938320e+00
3.700000e-05	1.704856e-04	-4.815109e+00
3.701000e-05	1.488633e-03	-4.724319e+00
3.702000e-05	2.950260e-03	-4.655684e+00
3.703000e-05	3.039061e-03	-4.559468e+00
3.704000e-05	2.150221e-03	-4.464738e+00
3.705000e-05	8.471601e-04	-4.401155e+00
3.706000e-05	2.800061e-04	-4.379948e+00
3.707000e-05	5.302089e-05	-4.285212e+00
3.708000e-05	-5.357980e-04	-4.190049e+00
3.709000e-05	-7.097342e-04	-4.116288e+00
3.710000e-05	-8.483604e-04	-4.004129e+00
3.711000e-05	5.296712e-04	-3.937968e+00
3.712000e-05	1.290473e-04	-3.815161e+00
3.713000e-05	-3.415926e-04	-3.677664e+00
3.714000e-05	-1.540765e-03	-3.591554e+00
3.715000e-05	-1.838391e-03	-3.546947e+00
3.716000e-05	-1.667246e-03	-3.444104e+00
3.717000e-05	-2.262979e-03	-3.359894e+00
3.718000e-05	-2.140819e-03	-3.244735e+00
3.719000e-05	-1.502309e-03	-3.169921e+00
3.720000e-05	-1.342060e-03	-3.027157e+00
3.721000e-05	-1.107731e-03	-2.899763e+00
3.722000e-05	-2.931546e-03	-2.835026e+00
3.723000e-05	-4.072629e-03	-2.738393e+00
3.724000e-05	-3.825223e-03	-2.623582e+00
3.725000e-05	-3.623587e-03	-2.538918e+00
3.726000e-05	-3.010648e-03	-2.433157e+00
3.727000e-05	-2.597189e-03	-2.348371e+00
3.728000e-05	-2.776987e-03	-2.264107e+00
3.729000e-05	-3.227471e-03	-2.104739e+00
3.730000e-05	-4.315022e-03	-2.001001e+00
3.731000e-05	-3.227740e-03	-1.957820e+00
3.732000e-05	-3.309263e-03	-1.811506e+00
3.733000e-05	-3.266362e-03	-1.736843e+00
3.734000e-05	-4.166595e-03	-1.621579e+00
3.735000e-05	-4.402039e-03	-1.537842e+00
3.736000e-05	-5.053519e-03	-1.380880e+00
3.737000e-05	-5.722267e-03	-1.242558e+00
3.738000e-05	-4.918573e-03	-1.117792e+00
3.739000e-05	-4.291662e-03	-1.004050e+00
3.740000e-05	-4.316859e-03	-9.158194e-01
3.741000e-05	-4.598661e-03	-8.031300e-01
3.742000e-05	-4.601947e-03	-7.378196e-01
3.743000e-05	-6.191744e-03	-5.530014e-01
3.744000e-05	-7.001969e-03	-4.151832e-01
3.745000e-05	-5.758709e-03	-3.784748e-01
3.746000e-05	-4.081221e-03	-2.651868e-01
3.747000e-05	-5.087159e-03	-1.694499e-01
3.748000e-05	-5.401242e-03	-8.671147e-02
3.749000e-05	-4.000892e-03	2.952625e-02
3.750000e-05	-5.264031e-04	1.257119e-01
3.751000e-05	-1.572966e-03	2.921380e-01
3.752000e-05	-2.039354e-03	3.758975e-01
3.753000e-05	-4.153629e-03	4.326553e-01
3.754000e-05	-3.323921e-03	5.659408e-01
3.755000e-05	-1.260125e-03	6.620542e-01
3.756000e-05	1.014790e-02	7.563172e-01
3.757000e-05	4.690193e-02	8.421028e-01
3.758000e-05	2.088952e-02	1.050181e+00
3.759000e-05	-4.201492e-02	1.198576e+00
3.760000e-05	-1.048653e-01	1.343762e+00
3.761000e-05	2.509608e-02	1.388447e+00
3.762000e-05	8.320458e-02	1.524732e+00
3.763000e-05	-7.602573e-02	1.719782e+00
3.764000e-05	-6.142409e-02	1.736741e+00
3.765000e-05	1.050744e-01	1.841577e+00
3.766000e-05	-1.837739e-02	1.965418e+00
3.767000e-05	-1.038017e-01	2.020001e+00
3.768000e-05	8.289249e-02	2.053157e+00
3.769000e-05	-8.225273e-03	2.219622e+00
3.770000e-05	-1.083634e-01	2.334840e+00
3.771000e-05	8.366747e-02	2.440001e+00
3.772000e-05	2.919820e-02	2.554736e+00
3.773000e-05	-6.842046e-02	2.670557e+00
3.774000e-05	3.448867e-02	2.756447e+00
3.775000e-05	-1.764120e-02	2.852131e+00
3.776000e-05	-2.696798e-02	2.965391e+00
3.777000e-05	2.216203e-02	3.000051e+00
3.778000e-05	-2.079643e-02	3.136317e+00
3.779000e-05	-1.746871e-03	3.209001e+00
3.780000e-05	1.417826e-02	3.293734e+00
3.781000e-05	-1.680987e-02	3.371096e+00
3.782000e-05	-3.754061e-04	3.523343e+00
3.783000e-05	-5.575698e-03	3.621555e+00
3.784000e-05	-3.408839e-02	3.734766e+00
3.785000e-05	8.078932e-03	3.831051e+00
3.786000e-05	1.337294e-02	3.923213e+00
3.787000e-05	-1.306712e-02	3.977446e+00
3.788000e-05	-1.025869e-02	4.031629e+00
3.789000e-05	-5.313917e-03	4.136470e+00
3.790000e-05	7.795643e-04	4.293762e+00
3.791000e-05	-1.037959e-02	4.388446e+00
3.792000e-05	-5.495143e-03	4.483658e+00
3.793000e-05	-2.225972e-02	4.556968e+00
3.794000e-05	-6.768705e-04	4.672575e+00
3.795000e-05	7.578950e-03	4.704368e+00
3.796000e-05	-4.979401e-03	4.778970e+00
3.797000e-05	-1.586605e-02	4.842107e+00
3.798000e-05	-7.053381e-03	4.988074e+00
3.799000e-05	-2.178129e-03	5.102387e+00
3.800000e-05	-4.257733e-03	5.189548e+00
3.801000e-05	-1.148096e-02	5.233233e+00
3.802000e-05	-1.740230e-02	5.368424e+00
3.803000e-05	-3.121349e-03	5.432654e+00
3.804000e-05	9.445843e-04	5.483813e+00
3.805000e-05	-4.291593e-03	5.618973e+00
3.806000e-05	-1.842707e-02	5.590630e+00
3.807000e-05	-9.266441e-03	5.654761e+00
3.808000e-05	-1.181402e-03	5.809549e+00
3.809000e-05	-4.505572e-03	5.894259e+00
3.810000e-05	-1.162816e-02	5.938495e+00
3.811000e-05	-1.632313e-02	6.000502e+00
3.812000e-05	-5.355262e-03	6.022657e+00
3.813000e-05	-2.760284e-03	6.124864e+00
3.814000e-05	-5.121294e-03	6.168872e+00
3.815000e-05	-1.450533e-02	6.221126e+00
3.816000e-05	-1.005159e-02	6.274309e+00
3.817000e-05	-4.945102e-03	6.347421e+00
3.818000e-05	-5.311691e-03	6.379524e+00
3.819000e-05	-1.307231e-02	6.420630e+00
3.820000e-05	-1.709744e-02	6.464187e+00
3.821000e-05	-9.547584e-03	6.546917e+00
3.822000e-05	-3.456454e-03	6.632675e+00
3.823000e-05	-4.558674e-03	6.663831e+00
3.824000e-05	-1.182526e-02	6.766811e+00
3.825000e-05	-1.140190e-02	6.779049e+00
3.826000e-05	-8.221358e-03	6.790525e+00
3.827000e-05	-6.888973e-03	6.831180e+00
3.828000e-05	-1.353502e-02	6.863081e+00
3.829000e-05	-1.797857e-02	6.884838e+00
3.830000e-05	-1.156210e-02	6.936391e+00
3.831000e-05	-4.015316e-03	6.980548e+00
3.832000e-05	-5.578066e-03	7.002052e+00
3.833000e-05	-1.250604e-02	7.041657e+00
3.834000e-05	-1.281745e-02	7.085231e+00
3.835000e-05	-1.082067e-02	7.095813e+00
3.836000e-05	-1.066906e-02	7.148818e+00
3.837000e-05	-1.324488e-02	7.159468e+00
3.838000e-05	-1.458458e-02	7.148923e+00
3.839000e-05	-1.175390e-02	7.220025e+00
3.840000e-05	-8.599935e-03	7.220050e+00
3.841000e-05	-7.011410e-03	7.202032e+00
3.842000e-05	-1.259841e-02	7.231604e+00
3.843000e-05	-1.506060e-02	7.241614e+00
3.844000e-05	-1.502829e-02	7.213631e+00
3.845000e-05	-1.294793e-02	7.326240e+00
3.846000e-05	-1.421181e-02	7.284838e+00
3.847000e-05	-1.535667e-02	7.356768e+00
3.848000e-05	-1.465108e-02	7.266766e+00
3.849000e-05	-1.106939e-02	7.335891e+00
3.850000e-05	-1.148527e-02	7.346898e+00
3.851000e-05	-1.420828e-02	7.358417e+00
3.852000e-05	-1.621825e-02	7.339916e+00
3.853000e-05	-1.644427e-02	7.337476e+00
3.854000e-05	-1.556069e-02	7.338846e+00
3.855000e-05	-1.558045e-02	7.367870e+00
3.856000e-05	-1.655127e-02	7.408942e+00
3.857000e-05	-1.592634e-02	7.357916e+00
3.858000e-05	-1.565197e-02	7.357241e+00
3.859000e-05	-1.447447e-02	7.293195e+00
3.860000e-05	-1.774785e-02	7.254788e+00
3.861000e-05	-1.913060e-02	7.274758e+00
3.862000e-05	-2.144119e-02	7.274657e+00
3.863000e-05	-2.003085e-02	7.233210e+00
3.864000e-05	-2.024371e-02	7.191052e+00
3.865000e-05	-2.045438e-02	7.221053e+00
3.866000e-05	-2.029323e-02	7.189501e+00
3.867000e-05	-1.904664e-02	7.200025e+00
3.868000e-05	-1.799487e-02	7.158399e+00
3.869000e-05	-2.070529e-02	7.146917e+00
3.870000e-05	-2.312442e-02	7.087341e+00
3.871000e-05	-2.414450e-02	7.105260e+00
3.872000e-05	-2.440713e-02	7.045183e+00
3.873000e-05	-2.206643e-02	7.031003e+00
3.874000e-05	-2.350408e-02	6.980523e+00
3.875000e-05	-2.352080e-02	6.968920e+00
3.876000e-05	-2.477135e-02	6.896841e+00
3.877000e-05	-2.511488e-02	6.884213e+00
3.878000e-05	-2.624382e-02	6.844080e+00
3.879000e-05	-2.785291e-02	6.821556e+00
3.880000e-05	-2.776487e-02	6.779451e+00
3.881000e-05	-2.698468e-02	6.708924e+00
3.882000e-05	-2.644976e-02	6.677266e+00
3.883000e-05	-2.551749e-02	6.623078e+00
3.884000e-05	-2.614778e-02	6.550897e+00
3.885000e-05	-2.644252e-02	6.453786e+00
3.886000e-05	-2.536799e-02	6.442632e+00
3.887000e-05	-2.564278e-02	6.410526e+00
3.888000e-05	-2.490662e-02	6.368947e+00
3.889000e-05	-2.439783e-02	6.296812e+00
3.890000e-05	-2.203996e-02	6.244183e+00
3.891000e-05	-2.112841e-02	6.220555e+00
3.892000e-05	-2.021005e-02	6.159447e+00
3.893000e-05	-1.974430e-02	6.086738e+00
3.894000e-05	-1.896149e-02	6.063084e+00
3.895000e-05	-1.864898e-02	5.991004e+00
3.896000e-05	-1.735170e-02	5.958392e+00
3.897000e-05	-1.679010e-02	5.863505e+00
3.898000e-05	-1.547521e-02	5.748345e+00
3.899000e-05	-1.499203e-02	5.635108e+00
3.900000e-05	-1.301947e-02	5.601001e+00
3.901000e-05	-1.248088e-02	5.538318e+00
3.902000e-05	-1.327040e-02	5.444588e+00
3.903000e-05	-1.288946e-02	5.361030e+00
3.904000e-05	-1.284005e-02	5.307391e+00
3.905000e-05	-1.118075e-02	5.224657e+00
3.906000e-05	-1.163294e-02	5.167873e+00
3.907000e-05	-1.156056e-02	5.092057e+00
3.908000e-05	-1.147021e-02	4.916824e+00
3.909000e-05	-1.009297e-02	4.833057e+00
3.910000e-05	-1.015892e-02	4.769924e+00
3.911000e-05	-1.036909e-02	4.686265e+00
3.912000e-05	-1.008315e-02	4.601029e+00
3.913000e-05	-9.006345e-03	4.518343e+00
3.914000e-05	-9.152519e-03	4.432608e+00
3.915000e-05	-9.054726e-03	4.390478e+00
3.916000e-05	-9.625200e-03	4.316941e+00
3.917000e-05	-8.760867e-03	4.179054e+00
3.918000e-05	-8.426528e-03	4.055212e+00
3.919000e-05	-8.246040e-03	3.990451e+00
3.920000e-05	-8.174358e-03	3.897293e+00
3.921000e-05	-8.302813e-03	3.832551e+00
3.922000e-05	-7.324680e-03	3.707822e+00
3.923000e-05	-7.932731e-03	3.653107e+00
3.924000e-05	-7.388991e-03	3.590449e+00
3.925000e-05	-7.962028e-03	3.464762e+00
3.926000e-05	-8.284680e-03	3.367896e+00
3.927000e-05	-7.093101e-03	3.254530e+00
3.928000e-05	-7.041867e-03	3.157843e+00
3.929000e-05	-6.849362e-03	3.054712e+00
3.930000e-05	-6.936431e-03	2.948419e+00
3.931000e-05	-6.571327e-03	2.854662e+00
3.932000e-05	-6.466809e-03	2.809950e+00
3.933000e-05	-6.535410e-03	2.686235e+00
3.934000e-05	-6.579457e-03	2.557272e+00
3.935000e-05	-6.375578e-03	2.412082e+00
3.936000e-05	-5.605634e-03	2.336845e+00
3.937000e-05	-5.580171e-03	2.231078e+00
3.938000e-05	-6.152557e-03	2.157872e+00
3.939000e-05	-6.192815e-03	2.043528e+00
3.940000e-05	-6.034309e-03	1.948922e+00
3.941000e-05	-6.414645e-03	1.873584e+00
3.942000e-05	-5.182460e-03	1.708299e+00
3.943000e-05	-5.546317e-03	1.661610e+00
3.944000e-05	-5.229534e-03	1.527291e+00
3.945000e-05	-5.470093e-03	1.410454e+00
3.946000e-05	-4.746278e-03	1.275686e+00
3.947000e-05	-5.344455e-03	1.199429e+00
3.948000e-05	-4.570263e-03	1.074214e+00
3.949000e-05	-4.866344e-03	9.057671e-01
3.950000e-05	-4.683954e-03	7.904802e-01
3.951000e-05	-4.784517e-03	6.862696e-01
3.952000e-05	-4.705163e-03	6.424551e-01
3.953000e-05	-4.492919e-03	5.036644e-01
3.954000e-05	-4.125591e-03	4.424775e-01
3.955000e-05	-4.269964e-03	3.257656e-01
3.956000e-05	-4.331980e-03	1.799251e-01
3.957000e-05	-4.813698e-03	4.308282e-02
3.958000e-05	-3.899510e-03	-3.208020e-02
3.959000e-05	-1.889458e-03	-1.264170e-01
3.960000e-05	1.332970e-03	-2.626563e-01
3.961000e-05	1.389988e-04	-3.258657e-01
3.962000e-05	2.180026e-05	-3.905239e-01
3.963000e-05	-6.398540e-04	-4.758619e-01
3.964000e-05	-2.637785e-04	-6.027081e-01
3.965000e-05	3.498125e-04	-7.879983e-01
3.966000e-05	2.774282e-02	-8.511564e-01
3.967000e-05	6.100755e-02	-9.574709e-01
3.968000e-05	-1.294361e-02	-1.135842e+00
3.969000e-05	-8.241703e-02	-1.315941e+00
3.970000e-05	-3.411660e-02	-1.471329e+00
3.971000e-05	8.795969e-02	-1.425524e+00
3.972000e-05	6.276303e-03	-1.557866e+00
3.973000e-05	-1.155407e-01	-1.744866e+00
3.974000e-05	1.034308e-01	-1.768999e+00
3.975000e-05	4.723124e-02	-1.811005e+00
3.976000e-05	-1.519661e-01	-1.978495e+00
3.977000e-05	5.303153e-02	-2.053185e+00
3.978000e-05	9.502044e-02	-2.149867e+00
3.979000e-05	-1.319346e-01	-2.295836e+00
3.980000e-05	2.514403e-02	-2.421605e+00
3.981000e-05	9.573758e-02	-2.494262e+00
3.982000e-05	-6.217303e-02	-2.612078e+00
3.983000e-05	1.899414e-02	-2.766393e+00
3.984000e-05	1.951327e-02	-2.790571e+00
3.985000e-05	-5.631603e-02	-2.926362e+00
3.986000e-05	3.943645e-02	-3.071606e+00
3.987000e-05	1.166102e-04	-3.135945e+00
3.988000e-05	-3.640591e-02	-3.212730e+00
3.989000e-05	6.634021e-02	-3.345964e+00
3.990000e-05	-3.412428e-02	-3.400575e+00
3.991000e-05	-6.975659e-03	-3.526895e+00
3.992000e-05	5.024887e-02	-3.600498e+00
3.993000e-05	-6.084742e-02	-3.683758e+00
3.994000e-05	1.517322e-02	-3.809698e+00
3.995000e-05	3.735568e-02	-3.926438e+00
3.996000e-05	-2.323841e-02	-4.042026e+00
3.997000e-05	1.920719e-02	-4.127233e+00
3.998000e-05	-1.252549e-02	-4.170496e+00
3.999000e-05	1.681485e-03	-4.253809e+00
4.000000e-05	1.852514e-02	-4.358417e+00
4.001000e-05	-1.885310e-02	-4.451526e+00
4.002000e-05	1.535154e-02	-4.475812e+00
4.003000e-05	-5.234884e-03	-4.620629e+00
4.004000e-05	8.329511e-03	-4.675734e+00
4.005000e-05	1.802904e-02	-4.729442e+00
4.006000e-05	-2.302744e-02	-4.885208e+00
4.007000e-05	1.379279e-02	-4.968467e+00
4.008000e-05	-4.337769e-03	-5.034152e+00
4.009000e-05	7.187716e-03	-5.096312e+00
4.010000e-05	1.367406e-02	-5.201499e+00
4.011000e-05	-1.586345e-02	-5.275309e+00
4.012000e-05	1.498764e-02	-5.402053e+00
4.013000e-05	2.092827e-03	-5.506412e+00
4.014000e-05	6.099914e-03	-5.590050e+00
4.015000e-05	4.129428e-03	-5.612183e+00
4.016000e-05	-1.137202e-02	-5.726811e+00
4.017000e-05	1.402306e-02	-5.748996e+00
4.018000e-05	2.577332e-03	-5.853131e+00
4.019000e-05	5.363976e-03	-5.904313e+00
4.020000e-05	1.976163e-03	-5.946524e+00
4.021000e-05	-3.250548e-03	-6.021151e+00
4.022000e-05	1.384806e-02	-6.053658e+00
4.023000e-05	9.267169e-04	-6.128567e+00
4.024000e-05	5.316525e-03	-6.253228e+00
4.025000e-05	4.054724e-04	-6.303387e+00
4.026000e-05	2.368477e-03	-6.380499e+00
4.027000e-05	1.258421e-02	-6.402079e+00
4.028000e-05	1.629537e-03	-6.455234e+00
4.029000e-05	4.618560e-03	-6.536340e+00
4.030000e-05	-1.374713e-03	-6.599997e+00
4.031000e-05	5.895609e-03	-6.630131e+00
4.032000e-05	9.600460e-03	-6.645241e+00
4.033000e-05	1.479252e-03	-6.737890e+00
4.034000e-05	4.292388e-03	-6.779496e+00
4.035000e-05	2.085253e-03	-6.792075e+00
4.036000e-05	1.037496e-02	-6.801178e+00
4.037000e-05	6.287551e-03	-6.834785e+00
4.038000e-05	2.184781e-03	-6.919039e+00
4.039000e-05	3.330124e-03	-6.951624e+00
4.040000e-05	4.413257e-03	-7.052304e+00
4.041000e-05	1.089025e-02	-7.077335e+00
4.042000e-05	4.776645e-03	-7.138439e+00
4.043000e-05	4.606473e-03	-7.178498e+00
4.044000e-05	3.843702e-03	-7.189522e+00
4.045000e-05	6.866213e-03	-7.202079e+00
4.046000e-05	8.028226e-03	-7.242150e+00
4.047000e-05	3.241142e-03	-7.242132e+00
4.048000e-05	3.658064e-03	-7.234312e+00
4.049000e-05	6.557583e-03	-7.254836e+00
4.050000e-05	9.545012e-03	-7.275887e+00
4.051000e-05	6.472055e-03	-7.317441e+00
4.052000e-05	3.433451e-03	-7.358446e+00
4.053000e-05	4.877172e-03	-7.359472e+00
4.054000e-05	9.403129e-03	-7.382000e+00
4.055000e-05	9.780481e-03	-7.399026e+00
4.056000e-05	6.920964e-03	-7.362025e+00
4.057000e-05	5.151158e-03	-7.411050e+00
4.058000e-05	8.381037e-03	-7.423004e+00
4.059000e-05	9.253326e-03	-7.412083e+00
4.060000e-05	8.450365e-03	-7.413604e+00
4.061000e-05	6.091262e-03	-7.392181e+00
4.062000e-05	6.563400e-03	-7.421679e+00
4.063000e-05	1.026484e-02	-7.442601e+00
4.064000e-05	1.097993e-02	-7.434078e+00
4.065000e-05	9.193479e-03	-7.424658e+00
4.066000e-05	7.022117e-03	-7.444583e+00
4.067000e-05	9.443202e-03	-7.432078e+00
4.068000e-05	1.184784e-02	-7.393030e+00
4.069000e-05	1.202629e-02	-7.382054e+00
4.070000e-05	1.004188e-02	-7.412026e+00
4.071000e-05	1.031599e-02	-7.400024e+00
4.072000e-05	1.237185e-02	-7.379923e+00
4.073000e-05	1.352900e-02	-7.368921e+00
4.074000e-05	1.314741e-02	-7.327418e+00
4.075000e-05	1.137435e-02	-7.337916e+00
4.076000e-05	1.255987e-02	-7.317338e+00
4.077000e-05	1.467431e-02	-7.256810e+00
4.078000e-05	1.459810e-02	-7.243663e+00
4.079000e-05	1.340005e-02	-7.211630e+00
4.080000e-05	1.299103e-02	-7.252553e+00
4.081000e-05	1.551853e-02	-7.171099e+00
4.082000e-05	1.725001e-02	-7.148998e+00
4.083000e-05	1.724451e-02	-7.148897e+00
4.084000e-05	1.584213e-02	-7.076340e+00
4.085000e-05	1.724145e-02	-7.023784e+00
4.086000e-05	1.875155e-02	-7.011077e+00
4.087000e-05	2.009136e-02	-6.940369e+00
4.088000e-05	1.912205e-02	-6.885840e+00
4.089000e-05	1.738125e-02	-6.854704e+00
4.090000e-05	1.931898e-02	-6.782130e+00
4.091000e-05	2.126527e-02	-6.780498e+00
4.092000e-05	2.118579e-02	-6.707920e+00
4.093000e-05	1.908551e-02	-6.685341e+00
4.094000e-05	1.886351e-02	-6.644208e+00
4.095000e-05	1.953862e-02	-6.603151e+00
4.096000e-05	2.009092e-02	-6.538972e+00
4.097000e-05	1.868512e-02	-6.497341e+00
4.098000e-05	1.766500e-02	-6.473132e+00
4.099000e-05	1.526408e-02	-6.403627e+00
4.100000e-05	1.726396e-02	-6.389950e+00
4.101000e-05	1.358475e-02	-6.296345e+00
4.102000e-05	1.346268e-02	-6.213209e+00
4.103000e-05	1.095791e-02	-6.090423e+00
4.104000e-05	1.133493e-02	-6.075761e+00
4.105000e-05	1.146077e-02	-6.032081e+00
4.106000e-05	1.105833e-02	-5.958974e+00
4.107000e-05	8.344371e-03	-5.897891e+00
4.108000e-05	7.684597e-03	-5.834682e+00
4.109000e-05	5.425808e-03	-5.728975e+00
4.110000e-05	6.652711e-03	-5.686888e+00
4.111000e-05	5.664306e-03	-5.621583e+00
4.112000e-05	5.323014e-03	-5.570025e+00
4.113000e-05	3.347926e-03	-5.475862e+00
4.114000e-05	5.030534e-03	-5.364927e+00
4.115000e-05	5.811710e-03	-5.255260e+00
4.116000e-05	5.438510e-03	-5.180076e+00
4.117000e-05	1.609118e-03	-5.137846e+00
4.118000e-05	1.222269e-03	-5.033132e+00
4.119000e-05	2.525264e-03	-4.950869e+00
4.120000e-05	2.146014e-03	-4.813679e+00
4.121000e-05	1.150976e-04	-4.737841e+00
4.122000e-05	1.421156e-03	-4.624108e+00
4.123000e-05	2.094463e-03	-4.538994e+00
4.124000e-05	2.912688e-03	-4.495238e+00
4.125000e-05	1.060317e-03	-4.431554e+00
4.126000e-05	-1.501051e-03	-4.389974e+00
4.127000e-05	-1.579127e-03	-4.276264e+00
4.128000e-05	-3.829868e-04	-4.211528e+00
4.129000e-05	-5.440665e-04	-4.088345e+00
4.130000e-05	-8.738857e-04	-4.023029e+00
4.131000e-05	-1.368340e-03	-3.969947e+00
4.132000e-05	4.790778e-04	-3.813657e+00
4.133000e-05	-7.968885e-05	-3.689318e+00
4.134000e-05	-1.267894e-03	-3.611627e+00
4.135000e-05	-2.324403e-03	-3.558345e+00
4.136000e-05	-2.871965e-03	-3.435160e+00
4.137000e-05	-1.930972e-03	-3.359394e+00
4.138000e-05	-2.455230e-03	-3.234685e+00
4.139000e-05	-3.077300e-03	-3.149996e+00
4.140000e-05	-3.284745e-03	-3.054139e+00
4.141000e-05	-2.666078e-03	-2.877923e+00
4.142000e-05	-1.969049e-03	-2.832080e+00
4.143000e-05	-2.748349e-03	-2.758870e+00
4.144000e-05	-3.687558e-03	-2.664132e+00
4.145000e-05	-2.762770e-03	-2.546344e+00
4.146000e-05	-3.030760e-03	-2.433178e+00
4.147000e-05	-2.703679e-03	-2.369950e+00
4.148000e-05	-3.553547e-03	-2.253662e+00
4.149000e-05	-3.514782e-03	-2.106739e+00
4.150000e-05	-3.300417e-03	-1.971552e+00
4.151000e-05	-4.017412e-03	-1.906792e+00
4.152000e-05	-3.590381e-03	-1.802627e+00
4.153000e-05	-4.379896e-03	-1.727819e+00
4.154000e-05	-4.920809e-03	-1.633104e+00
4.155000e-05	-4.353128e-03	-1.528493e+00
4.156000e-05	-4.277261e-03	-1.374100e+00
4.157000e-05	-4.787199e-03	-1.275157e+00
4.158000e-05	-5.403385e-03	-1.108293e+00
4.159000e-05	-4.513426e-03	-1.042180e+00
4.160000e-05	-3.854326e-03	-9.268408e-01
4.161000e-05	-4.341300e-03	-8.441051e-01
4.162000e-05	-5.291990e-03	-7.274186e-01
4.163000e-05	-5.768101e-03	-5.721263e-01
4.164000e-05	-4.718706e-03	-4.746594e-01
4.165000e-05	-4.138768e-03	-3.704724e-01
4.166000e-05	-5.588271e-03	-2.846380e-01
4.167000e-05	-6.889381e-03	-1.604001e-01
4.168000e-05	-4.828764e-03	-8.373309e-02
4.169000e-05	-2.557331e-03	-1.945000e-02
4.170000e-05	4.118864e-04	1.122105e-01
4.171000e-05	-3.345305e-03	2.612241e-01
4.172000e-05	-4.417061e-03	3.673936e-01
4.173000e-05	-2.487685e-03	4.106289e-01
4.174000e-05	-2.062886e-03	5.368635e-01
4.175000e-05	-2.424707e-03	6.500291e-01
4.176000e-05	7.277584e-03	7.748673e-01
4.177000e-05	4.627850e-02	8.501776e-01
4.178000e-05	2.610718e-02	1.062201e+00
4.179000e-05	-3.700383e-02	1.221026e+00
4.180000e-05	-1.063752e-01	1.304261e+00
4.181000e-05	1.381592e-02	1.367420e+00
4.182000e-05	8.598791e-02	1.504708e+00
4.183000e-05	-6.435170e-02	1.710109e+00
4.184000e-05	-7.425813e-02	1.696267e+00
4.185000e-05	1.015726e-01	1.831103e+00
4.186000e-05	-9.720888e-03	1.966441e+00
4.187000e-05	-1.095180e-01	2.009976e+00
4.188000e-05	7.837584e-02	2.083059e+00
4.189000e-05	1.323847e-03	2.220100e+00
4.190000e-05	-1.152399e-01	2.344812e+00
4.191000e-05	7.611894e-02	2.400524e+00
4.192000e-05	3.694468e-02	2.482761e+00
4.193000e-05	-7.054931e-02	2.641629e+00
4.194000e-05	3.060850e-02	2.757345e+00
4.195000e-05	-1.267516e-02	2.851704e+00
4.196000e-05	-2.772133e-02	2.966265e+00
4.197000e-05	2.127941e-02	3.000604e+00
4.198000e-05	-1.877505e-02	3.134912e+00
4.199000e-05	-7.739097e-03	3.199545e+00
4.200000e-05	1.498989e-02	3.323233e+00
4.201000e-05	-1.811340e-02	3.378049e+00
4.202000e-05	-1.741714e-03	3.515761e+00
4.203000e-05	-2.861711e-03	3.623053e+00
4.204000e-05	-3.306620e-02	3.715362e+00
4.205000e-05	7.927971e-03	3.780000e+00
4.206000e-05	1.504216e-02	3.903707e+00
4.207000e-05	-1.136060e-02	3.956947e+00
4.208000e-05	-1.576222e-02	4.043153e+00
4.209000e-05	-4.784342e-03	4.117314e+00
4.210000e-05	-1.715401e-03	4.314732e+00
4.211000e-05	-6.514287e-03	4.397472e+00
4.212000e-05	-4.045533e-03	4.452106e+00
4.213000e-05	-1.639817e-02	4.545893e+00
4.214000e-05	-2.253900e-03	4.640980e+00
4.215000e-05	7.875714e-03	4.705316e+00
4.216000e-05	-7.822490e-03	4.779473e+00
4.217000e-05	-1.866970e-02	4.844108e+00
4.218000e-05	-9.062312e-03	4.980496e+00
4.219000e-05	-1.618984e-03	5.136363e+00
4.220000e-05	-1.415979e-03	5.180524e+00
4.221000e-05	-7.306989e-03	5.273183e+00
4.222000e-05	-1.546383e-02	5.369445e+00
4.223000e-05	-3.823871e-03	5.441605e+00
4.224000e-05	-9.491150e-04	5.486334e+00
4.225000e-05	-3.919262e-03	5.577421e+00
4.226000e-05	-1.745701e-02	5.620526e+00
4.227000e-05	-1.114236e-02	5.693837e+00
4.228000e-05	-1.341074e-03	5.717444e+00
4.229000e-05	-1.988258e-03	5.872709e+00
4.230000e-05	-8.999239e-03	5.946368e+00
4.231000e-05	-1.584907e-02	5.999526e+00
4.232000e-05	-7.247120e-03	6.083210e+00
4.233000e-05	-4.378644e-03	6.114367e+00
4.234000e-05	-6.398879e-03	6.156969e+00
4.235000e-05	-1.445914e-02	6.242573e+00
4.236000e-05	-1.111786e-02	6.284184e+00
4.237000e-05	-3.813332e-03	6.327366e+00
4.238000e-05	-3.386961e-03	6.388946e+00
4.239000e-05	-9.867053e-03	6.421129e+00
4.240000e-05	-1.493563e-02	6.454788e+00
4.241000e-05	-1.016829e-02	6.575971e+00
4.242000e-05	-4.966078e-03	6.621105e+00
4.243000e-05	-6.365094e-03	6.705784e+00
4.244000e-05	-1.313540e-02	6.725914e+00
4.245000e-05	-1.229128e-02	6.788974e+00
4.246000e-05	-8.766200e-03	6.810999e+00
4.247000e-05	-7.019108e-03	6.821083e+00
4.248000e-05	-1.138911e-02	6.874658e+00
4.249000e-05	-1.471057e-02	6.894215e+00
4.250000e-05	-1.119893e-02	6.935917e+00
4.251000e-05	-6.840921e-03	6.968497e+00
4.252000e-05	-7.322086e-03	6.991073e+00
4.253000e-05	-1.378384e-02	7.044126e+00
4.254000e-05	-1.413297e-02	7.084762e+00
4.255000e-05	-1.105773e-02	7.096290e+00
4.256000e-05	-8.664006e-03	7.127391e+00
4.257000e-05	-9.936950e-03	7.168446e+00
4.258000e-05	-1.498728e-02	7.167521e+00
4.259000e-05	-1.337955e-02	7.159496e+00
4.260000e-05	-1.045908e-02	7.190025e+00
4.261000e-05	-1.000579e-02	7.221080e+00
4.262000e-05	-1.531043e-02	7.232554e+00
4.263000e-05	-1.677951e-02	7.262636e+00
4.264000e-05	-1.329941e-02	7.303636e+00
4.265000e-05	-1.026262e-02	7.263736e+00
4.266000e-05	-1.122195e-02	7.284811e+00
4.267000e-05	-1.589535e-02	7.245818e+00
4.268000e-05	-1.576548e-02	7.359267e+00
4.269000e-05	-1.218556e-02	7.347296e+00
4.270000e-05	-1.180268e-02	7.398891e+00
4.271000e-05	-1.506583e-02	7.337769e+00
4.272000e-05	-1.790387e-02	7.330892e+00
4.273000e-05	-1.593126e-02	7.338945e+00
4.274000e-05	-1.228222e-02	7.387950e+00
4.275000e-05	-1.424626e-02	7.309951e+00
4.276000e-05	-1.749971e-02	7.347947e+00
4.277000e-05	-1.898852e-02	7.328316e+00
4.278000e-05	-1.619387e-02	7.315341e+00
4.279000e-05	-1.458820e-02	7.308317e+00
4.280000e-05	-1.779215e-02	7.266745e+00
4.281000e-05	-2.026089e-02	7.245283e+00
4.282000e-05	-1.995843e-02	7.276129e+00
4.283000e-05	-1.713658e-02	7.262036e+00
4.284000e-05	-1.743084e-02	7.222583e+00
4.285000e-05	-1.967280e-02	7.252555e+00
4.286000e-05	-2.171006e-02	7.209001e+00
4.287000e-05	-1.915083e-02	7.199950e+00
4.288000e-05	-1.833802e-02	7.188419e+00
4.289000e-05	-2.007851e-02	7.106396e+00
4.290000e-05	-2.473089e-02	7.077841e+00
4.291000e-05	-2.172621e-02	7.064712e+00
4.292000e-05	-2.363853e-02	7.083132e+00
4.293000e-05	-2.035425e-02	7.022130e+00
4.294000e-05	-2.497188e-02	6.960048e+00
4.295000e-05	-2.377826e-02	6.949925e+00
4.296000e-05	-2.286849e-02	6.926763e+00
4.297000e-05	-2.179255e-02	6.883735e+00
4.298000e-05	-2.516350e-02	6.863582e+00
4.299000e-05	-2.911948e-02	6.812053e+00
4.300000e-05	-2.818189e-02	6.780501e+00
4.301000e-05	-2.733562e-02	6.747969e+00
4.302000e-05	-2.688845e-02	6.717816e+00
4.303000e-05	-2.751745e-02	6.583080e+00
4.304000e-05	-2.611795e-02	6.509949e+00
4.305000e-05	-2.521152e-02	6.496744e+00
4.306000e-05	-2.235430e-02	6.442680e+00
4.307000e-05	-2.602111e-02	6.391476e+00
4.308000e-05	-2.611255e-02	6.388396e+00
4.309000e-05	-2.750909e-02	6.327293e+00
4.310000e-05	-2.262365e-02	6.265661e+00
4.311000e-05	-2.109272e-02	6.181028e+00
4.312000e-05	-1.984501e-02	6.147944e+00
4.313000e-05	-1.948437e-02	6.097316e+00
4.314000e-05	-1.836745e-02	6.054104e+00
4.315000e-05	-1.575266e-02	5.991001e+00
4.316000e-05	-1.765370e-02	5.938422e+00
4.317000e-05	-1.783375e-02	5.844307e+00
4.318000e-05	-1.821342e-02	5.738846e+00
4.319000e-05	-1.497181e-02	5.645163e+00
4.320000e-05	-1.309314e-02	5.599527e+00
4.321000e-05	-1.302243e-02	5.537897e+00
4.322000e-05	-1.404988e-02	5.464157e+00
4.323000e-05	-1.355910e-02	5.393029e+00
4.324000e-05	-1.306282e-02	5.307871e+00
4.325000e-05	-1.235874e-02	5.263084e+00
4.326000e-05	-1.171545e-02	5.108948e+00
4.327000e-05	-1.263254e-02	5.033609e+00
4.328000e-05	-1.075634e-02	4.875794e+00
4.329000e-05	-1.063949e-02	4.843680e+00
4.330000e-05	-8.610753e-03	4.778924e+00
4.331000e-05	-1.022653e-02	4.656241e+00
4.332000e-05	-1.075878e-02	4.621529e+00
4.333000e-05	-1.086736e-02	4.527747e+00
4.334000e-05	-9.194840e-03	4.434083e+00
4.335000e-05	-9.255796e-03	4.399549e+00
4.336000e-05	-8.974721e-03	4.326295e+00
4.337000e-05	-8.899736e-03	4.170479e+00
4.338000e-05	-7.954286e-03	4.084164e+00
4.339000e-05	-7.435073e-03	3.960477e+00
4.340000e-05	-8.557066e-03	3.916786e+00
4.341000e-05	-8.123694e-03	3.802555e+00
4.342000e-05	-9.714924e-03	3.747320e+00
4.343000e-05	-8.771904e-03	3.634584e+00
4.344000e-05	-7.600120e-03	3.589971e+00
4.345000e-05	-5.772281e-03	3.514616e+00
4.346000e-05	-5.541078e-03	3.358365e+00
4.347000e-05	-7.456561e-03	3.202582e+00
4.348000e-05	-7.295545e-03	3.157947e+00
4.349000e-05	-6.588864e-03	3.084163e+00
4.350000e-05	-6.096350e-03	2.958447e+00
4.351000e-05	-6.961115e-03	2.864136e+00
4.352000e-05	-7.273075e-03	2.780499e+00
4.353000e-05	-6.157238e-03	2.725842e+00
4.354000e-05	-5.121057e-03	2.579823e+00
4.355000e-05	-5.984079e-03	2.412131e+00
4.356000e-05	-6.310535e-03	2.356845e+00
4.357000e-05	-6.155705e-03	2.252083e+00
4.358000e-05	-5.441605e-03	2.116268e+00
4.359000e-05	-5.254429e-03	2.022083e+00
4.360000e-05	-5.458112e-03	1.979427e+00
4.361000e-05	-5.557819e-03	1.854612e+00
4.362000e-05	-5.244467e-03	1.728791e+00
4.363000e-05	-4.582961e-03	1.653613e+00
4.364000e-05	-4.948613e-03	1.527692e+00
4.365000e-05	-4.936893e-03	1.442978e+00
4.366000e-05	-5.649033e-03	1.287738e+00
4.367000e-05	-5.493983e-03	1.200926e+00
4.368000e-05	-4.297665e-03	1.072691e+00
4.369000e-05	-4.421512e-03	9.762383e-01
4.370000e-05	-5.417387e-03	7.920251e-01
4.371000e-05	-5.533219e-03	7.367906e-01
4.372000e-05	-4.366857e-03	6.100015e-01
4.373000e-05	-4.411475e-03	4.856893e-01
4.374000e-05	-4.904916e-03	4.115051e-01
4.375000e-05	-5.113906e-03	3.162146e-01
4.376000e-05	-3.844673e-03	1.910048e-01
4.377000e-05	-3.987031e-03	7.408533e-02
4.378000e-05	-3.583627e-03	-3.312770e-02
4.379000e-05	-2.557093e-03	-1.467921e-01
4.380000e-05	-2.400257e-04	-2.111253e-01
4.381000e-05	2.248905e-05	-3.352919e-01
4.382000e-05	-2.356730e-04	-4.105764e-01
4.383000e-05	-6.237682e-04	-5.258092e-01
4.384000e-05	-1.336103e-03	-6.916855e-01
4.385000e-05	-2.009621e-03	-7.788685e-01
4.386000e-05	2.305195e-02	-8.220792e-01
4.387000e-05	6.246418e-02	-9.574645e-01
4.388000e-05	-8.562122e-03	-1.137836e+00
4.389000e-05	-7.951858e-02	-1.346415e+00
4.390000e-05	-4.492707e-02	-1.482205e+00
4.391000e-05	8.663730e-02	-1.464058e+00
4.392000e-05	2.000475e-02	-1.555387e+00
4.393000e-05	-1.193152e-01	-1.737888e+00
4.394000e-05	1.001122e-01	-1.790471e+00
4.395000e-05	6.220217e-02	-1.801626e+00
4.396000e-05	-1.490237e-01	-1.977541e+00
4.397000e-05	3.799519e-02	-2.034660e+00
4.398000e-05	1.008885e-01	-2.127989e+00
4.399000e-05	-1.215854e-01	-2.326408e+00
4.400000e-05	8.065725e-03	-2.433077e+00
4.401000e-05	9.868233e-02	-2.465188e+00
4.402000e-05	-5.507163e-02	-2.602629e+00
4.403000e-05	8.651876e-03	-2.727840e+00
4.404000e-05	2.758694e-02	-2.800025e+00
4.405000e-05	-5.541306e-02	-2.906411e+00
4.406000e-05	3.449569e-02	-3.032727e+00
4.407000e-05	7.785051e-03	-3.158966e+00
4.408000e-05	-4.142740e-02	-3.243680e+00
4.409000e-05	6.673694e-02	-3.346293e+00
4.410000e-05	-2.699152e-02	-3.442099e+00
4.411000e-05	-1.356622e-02	-3.516414e+00
4.412000e-05	5.399479e-02	-3.599975e+00
4.413000e-05	-5.654331e-02	-3.653252e+00
4.414000e-05	7.938345e-03	-3.809650e+00
4.415000e-05	4.190912e-02	-3.944920e+00
4.416000e-05	-2.440202e-02	-4.030049e+00
4.417000e-05	1.860552e-02	-4.073787e+00
4.418000e-05	-9.604483e-03	-4.200495e+00
4.419000e-05	-1.359212e-03	-4.263734e+00
4.420000e-05	2.199881e-02	-4.347996e+00
4.421000e-05	-1.963989e-02	-4.392076e+00
4.422000e-05	1.440791e-02	-4.464735e+00
4.423000e-05	-3.119047e-03	-4.580494e+00
4.424000e-05	7.449029e-03	-4.706390e+00
4.425000e-05	2.172101e-02	-4.738369e+00
4.426000e-05	-2.223139e-02	-4.922232e+00
4.427000e-05	1.243072e-02	-4.948422e+00
4.428000e-05	-2.708755e-03	-5.032651e+00
4.429000e-05	5.741738e-03	-5.114416e+00
4.430000e-05	1.649864e-02	-5.221123e+00
4.431000e-05	-1.621011e-02	-5.245289e+00
4.432000e-05	1.254967e-02	-5.368521e+00
4.433000e-05	2.933927e-03	-5.466813e+00
4.434000e-05	5.029436e-03	-5.600499e+00
4.435000e-05	6.932131e-03	-5.611654e+00
4.436000e-05	-1.201494e-02	-5.716861e+00
4.437000e-05	1.215473e-02	-5.748471e+00
4.438000e-05	4.712181e-03	-5.833729e+00
4.439000e-05	6.948165e-03	-5.915361e+00
4.440000e-05	4.272258e-03	-5.968942e+00
4.441000e-05	-5.260606e-03	-5.990129e+00
4.442000e-05	1.151970e-02	-6.053183e+00
4.443000e-05	1.597204e-03	-6.137490e+00
4.444000e-05	4.121161e-03	-6.192157e+00
4.445000e-05	1.174519e-03	-6.284840e+00
4.446000e-05	3.310008e-04	-6.359000e+00
4.447000e-05	1.266676e-02	-6.410578e+00
4.448000e-05	1.358113e-04	-6.455281e+00
4.449000e-05	4.654877e-03	-6.476413e+00
4.450000e-05	-6.841491e-04	-6.589472e+00
4.451000e-05	3.968854e-03	-6.601656e+00
4.452000e-05	9.409420e-03	-6.664759e+00
4.453000e-05	1.953379e-03	-6.737441e+00
4.454000e-05	5.468872e-03	-6.739472e+00
4.455000e-05	1.764079e-03	-6.811048e+00
4.456000e-05	7.950268e-03	-6.832100e+00
4.457000e-05	5.617525e-03	-6.863759e+00
4.458000e-05	2.208678e-03	-6.936291e+00
4.459000e-05	4.555693e-03	-6.938521e+00
4.460000e-05	4.225027e-03	-7.042728e+00
4.461000e-05	9.204440e-03	-7.115834e+00
4.462000e-05	4.144562e-03	-7.136922e+00
4.463000e-05	3.647411e-03	-7.159496e+00
4.464000e-05	3.153058e-03	-7.180024e+00
4.465000e-05	6.307957e-03	-7.210002e+00
4.466000e-05	7.985667e-03	-7.211632e+00
4.467000e-05	5.970728e-03	-7.243186e+00
4.468000e-05	5.384475e-03	-7.235361e+00
4.469000e-05	5.441509e-03	-7.275287e+00
4.470000e-05	7.636144e-03	-7.305917e+00
4.471000e-05	7.568012e-03	-7.288417e+00
4.472000e-05	5.287599e-03	-7.318943e+00
4.473000e-05	5.786707e-03	-7.328946e+00
4.474000e-05	7.287869e-03	-7.391500e+00
4.475000e-05	9.489618e-03	-7.410551e+00
4.476000e-05	8.056998e-03	-7.401550e+00
4.477000e-05	6.415381e-03	-7.401605e+00
4.478000e-05	6.428757e-03	-7.411649e+00
4.479000e-05	9.430164e-03	-7.403153e+00
4.480000e-05	9.626904e-03	-7.424079e+00
4.481000e-05	7.283898e-03	-7.442657e+00
4.482000e-05	6.219030e-03	-7.424682e+00
4.483000e-05	9.845817e-03	-7.422150e+00
4.484000e-05	1.130129e-02	-7.413158e+00
4.485000e-05	9.971094e-03	-7.423080e+00
4.486000e-05	7.689833e-03	-7.393129e+00
4.487000e-05	9.888246e-03	-7.421675e+00
4.488000e-05	1.296555e-02	-7.393080e+00
4.489000e-05	1.229882e-02	-7.411530e+00
4.490000e-05	1.046692e-02	-7.381550e+00
4.491000e-05	9.862776e-03	-7.370574e+00
4.492000e-05	1.224570e-02	-7.358475e+00
4.493000e-05	1.363596e-02	-7.339971e+00
4.494000e-05	1.285069e-02	-7.327947e+00
4.495000e-05	1.114806e-02	-7.325866e+00
4.496000e-05	1.163518e-02	-7.297343e+00
4.497000e-05	1.495415e-02	-7.296762e+00
4.498000e-05	1.495671e-02	-7.232679e+00
4.499000e-05	1.415171e-02	-7.233606e+00
4.500000e-05	1.381974e-02	-7.201127e+00
4.501000e-05	1.607834e-02	-7.191100e+00
4.502000e-05	1.714839e-02	-7.160496e+00
4.503000e-05	1.672890e-02	-7.138394e+00
4.504000e-05	1.524614e-02	-7.098316e+00
4.505000e-05	1.626371e-02	-7.067335e+00
4.506000e-05	1.735161e-02	-6.974150e+00
4.507000e-05	1.920346e-02	-6.951047e+00
4.508000e-05	1.906961e-02	-6.858816e+00
4.509000e-05	1.873419e-02	-6.813259e+00
4.510000e-05	1.871285e-02	-6.813553e+00
4.511000e-05	1.960273e-02	-6.770500e+00
4.512000e-05	2.024004e-02	-6.738922e+00
4.513000e-05	1.922113e-02	-6.678316e+00
4.514000e-05	1.819330e-02	-6.654660e+00
4.515000e-05	1.822100e-02	-6.612554e+00
4.516000e-05	1.979019e-02	-6.529496e+00
4.517000e-05	1.887443e-02	-6.528392e+00
4.518000e-05	1.726044e-02	-6.453737e+00
4.519000e-05	1.496116e-02	-6.432629e+00
4.520000e-05	1.578798e-02	-6.380472e+00
4.521000e-05	1.449125e-02	-6.317365e+00
4.522000e-05	1.363511e-02	-6.245208e+00
4.523000e-05	9.872172e-03	-6.162523e+00
4.524000e-05	1.003675e-02	-6.095691e+00
4.525000e-05	1.020831e-02	-6.031078e+00
4.526000e-05	1.068860e-02	-5.961974e+00
4.527000e-05	7.992638e-03	-5.905841e+00
4.528000e-05	6.909236e-03	-5.854684e+00
4.529000e-05	6.849831e-03	-5.770501e+00
4.530000e-05	5.989661e-03	-5.706791e+00
4.531000e-05	5.395885e-03	-5.643209e+00
4.532000e-05	4.571905e-03	-5.590997e+00
4.533000e-05	5.254167e-03	-5.485341e+00
4.534000e-05	6.124679e-03	-5.384202e+00
4.535000e-05	5.226613e-03	-5.246684e+00
4.536000e-05	3.943420e-03	-5.182079e+00
4.537000e-05	2.466627e-03	-5.126917e+00
4.538000e-05	1.761318e-03	-5.023635e+00
4.539000e-05	2.768531e-03	-4.991475e+00
4.540000e-05	2.625826e-03	-4.814134e+00
4.541000e-05	1.277794e-03	-4.739520e+00
4.542000e-05	1.612399e-03	-4.665184e+00
4.543000e-05	1.833688e-03	-4.559498e+00
4.544000e-05	2.685462e-03	-4.496686e+00
4.545000e-05	8.673249e-04	-4.432580e+00
4.546000e-05	3.147085e-04	-4.348946e+00
4.547000e-05	5.224967e-04	-4.287791e+00
4.548000e-05	3.752597e-04	-4.202579e+00
4.549000e-05	-4.100646e-04	-4.097290e+00
4.550000e-05	-4.765276e-04	-4.053582e+00
4.551000e-05	-2.644915e-04	-3.939921e+00
4.552000e-05	6.429041e-04	-3.864659e+00
4.553000e-05	4.203043e-04	-3.736893e+00
4.554000e-05	-3.866184e-04	-3.602528e+00
4.555000e-05	-2.376195e-03	-3.537922e+00
4.556000e-05	-2.982982e-03	-3.445109e+00
4.557000e-05	-2.990084e-03	-3.319392e+00
4.558000e-05	-1.832721e-03	-3.284162e+00
4.559000e-05	-1.121955e-03	-3.191471e+00
4.560000e-05	-2.725579e-03	-3.104212e+00
4.561000e-05	-2.065628e-03	-2.940369e+00
4.562000e-05	-2.124441e-03	-2.842131e+00
4.563000e-05	-1.614615e-03	-2.718445e+00
4.564000e-05	-3.372134e-03	-2.664112e+00
4.565000e-05	-4.152988e-03	-2.520446e+00
4.566000e-05	-3.338727e-03	-2.464208e+00
4.567000e-05	-2.960566e-03	-2.379975e+00
4.568000e-05	-3.780127e-03	-2.245710e+00
4.569000e-05	-3.840099e-03	-2.107739e+00
4.570000e-05	-4.796249e-03	-2.024053e+00
4.571000e-05	-4.088497e-03	-1.917342e+00
4.572000e-05	-3.957055e-03	-1.814107e+00
4.573000e-05	-4.442850e-03	-1.716843e+00
4.574000e-05	-4.930684e-03	-1.644153e+00
4.575000e-05	-5.000969e-03	-1.558393e+00
4.576000e-05	-4.668590e-03	-1.392978e+00
4.577000e-05	-5.435504e-03	-1.214687e+00
4.578000e-05	-4.775287e-03	-1.148917e+00
4.579000e-05	-4.579106e-03	-1.024603e+00
4.580000e-05	-4.788333e-03	-9.368435e-01
4.581000e-05	-4.972067e-03	-8.221090e-01
4.582000e-05	-5.608598e-03	-7.488948e-01
4.583000e-05	-5.913016e-03	-6.330302e-01
4.584000e-05	-6.200444e-03	-4.657133e-01
4.585000e-05	-5.809938e-03	-3.719475e-01
4.586000e-05	-6.236696e-03	-2.757882e-01
4.587000e-05	-5.913678e-03	-1.814514e-01
4.588000e-05	-4.481093e-03	-8.671572e-02
4.589000e-05	-3.227219e-03	-1.150006e-02
4.590000e-05	-6.386615e-04	8.326072e-02
4.591000e-05	-2.520731e-03	2.881303e-01
4.592000e-05	-3.205143e-03	3.674210e-01
4.593000e-05	-2.495917e-03	4.320776e-01
4.594000e-05	-2.584240e-03	5.358432e-01
4.595000e-05	-3.170916e-03	6.705765e-01
4.596000e-05	6.373120e-03	7.273145e-01
4.597000e-05	4.343372e-02	8.406052e-01
4.598000e-05	2.901418e-02	1.050571e+00
4.599000e-05	-3.373122e-02	1.198425e+00
4.600000e-05	-1.041216e-01	1.281230e+00
4.601000e-05	3.125299e-03	1.386391e+00
4.602000e-05	8.801413e-02	1.442205e+00
4.603000e-05	-5.186832e-02	1.650760e+00
4.604000e-05	-8.517500e-02	1.746865e+00
4.605000e-05	9.794965e-02	1.821604e+00
4.606000e-05	9.929283e-04	1.945470e+00
4.607000e-05	-1.156484e-01	1.990526e+00
4.608000e-05	7.455420e-02	2.063157e+00
4.609000e-05	1.414783e-02	2.209075e+00
4.610000e-05	-1.183012e-01	2.333764e+00
4.611000e-05	6.807448e-02	2.379470e+00
4.612000e-05	4.545571e-02	2.493687e+00
4.613000e-05	-6.955083e-02	2.649626e+00
4.614000e-05	2.600169e-02	2.774418e+00
4.615000e-05	-8.960068e-03	2.830554e+00
4.616000e-05	-2.881722e-02	2.935790e+00
4.617000e-05	1.972997e-02	2.999471e+00
4.618000e-05	-1.481876e-02	3.115388e+00
4.619000e-05	-1.048549e-02	3.210026e+00
4.620000e-05	1.578308e-02	3.274235e+00
4.621000e-05	-1.576163e-02	3.419024e+00
4.622000e-05	-3.926047e-03	3.536338e+00
4.623000e-05	6.622360e-04	3.610051e+00
4.624000e-05	-3.370565e-02	3.713762e+00
4.625000e-05	5.518471e-03	3.788971e+00
4.626000e-05	1.678144e-02	3.874285e+00
4.627000e-05	-9.213159e-03	3.968944e+00
4.628000e-05	-1.627448e-02	4.031554e+00
4.629000e-05	-4.923937e-03	4.164317e+00
4.630000e-05	-1.779731e-03	4.260682e+00
4.631000e-05	-7.043629e-03	4.368450e+00
4.632000e-05	-4.284532e-03	4.443706e+00
4.633000e-05	-1.782339e-02	4.526742e+00
4.634000e-05	-3.280010e-03	4.622074e+00
4.635000e-05	7.783008e-03	4.724334e+00
4.636000e-05	-5.388213e-03	4.759947e+00
4.637000e-05	-1.949091e-02	4.852608e+00
4.638000e-05	-9.318526e-03	4.958945e+00
4.639000e-05	-3.154308e-03	5.134911e+00
4.640000e-05	-3.799661e-04	5.169448e+00
4.641000e-05	-7.102951e-03	5.252707e+00
4.642000e-05	-1.459687e-02	5.336924e+00
4.643000e-05	-4.039742e-03	5.442053e+00
4.644000e-05	-1.878793e-03	5.464866e+00
4.645000e-05	-2.732620e-03	5.567968e+00
4.646000e-05	-1.858959e-02	5.610975e+00
4.647000e-05	-1.312135e-02	5.685836e+00
4.648000e-05	-3.545270e-03	5.759925e+00
4.649000e-05	-2.939350e-03	5.894254e+00
4.650000e-05	-5.570064e-03	5.957467e+00
4.651000e-05	-1.401780e-02	6.018950e+00
4.652000e-05	-6.381515e-03	6.052233e+00
4.653000e-05	-5.201824e-03	6.097889e+00
4.654000e-05	-5.731851e-03	6.167971e+00
4.655000e-05	-1.601792e-02	6.211080e+00
4.656000e-05	-1.240617e-02	6.233183e+00
4.657000e-05	-5.920042e-03	6.335842e+00
4.658000e-05	-2.572898e-03	6.399021e+00
4.659000e-05	-8.040268e-03	6.431476e+00
4.660000e-05	-1.382929e-02	6.453184e+00
4.661000e-05	-9.910743e-03	6.505920e+00
4.662000e-05	-8.209541e-03	6.590004e+00
4.663000e-05	-7.044115e-03	6.661208e+00
4.664000e-05	-1.478345e-02	6.688469e+00
4.665000e-05	-1.298421e-02	6.758924e+00
4.666000e-05	-8.541414e-03	6.800050e+00
4.667000e-05	-4.696146e-03	6.802103e+00
4.668000e-05	-9.151462e-03	6.823684e+00
4.669000e-05	-1.368500e-02	6.905365e+00
4.670000e-05	-1.227730e-02	6.927968e+00
4.671000e-05	-6.885386e-03	6.980971e+00
4.672000e-05	-7.762105e-03	7.010679e+00
4.673000e-05	-1.418793e-02	7.012680e+00
4.674000e-05	-1.304039e-02	7.073184e+00
4.675000e-05	-1.036396e-02	7.115313e+00
4.676000e-05	-7.270931e-03	7.116364e+00
4.677000e-05	-1.069303e-02	7.158920e+00
4.678000e-05	-1.408264e-02	7.177420e+00
4.679000e-05	-1.667190e-02	7.169048e+00
4.680000e-05	-9.307747e-03	7.180504e+00
4.681000e-05	-9.623724e-03	7.252630e+00
4.682000e-05	-1.215995e-02	7.202184e+00
4.683000e-05	-1.634525e-02	7.232609e+00
4.684000e-05	-1.029099e-02	7.284262e+00
4.685000e-05	-8.396380e-03	7.274212e+00
4.686000e-05	-1.196966e-02	7.265815e+00
4.687000e-05	-1.805289e-02	7.275863e+00
4.688000e-05	-1.758119e-02	7.328318e+00
4.689000e-05	-1.328745e-02	7.358347e+00
4.690000e-05	-1.075944e-02	7.368945e+00
4.691000e-05	-1.256717e-02	7.340972e+00
4.692000e-05	-1.546452e-02	7.339900e+00
4.693000e-05	-1.371950e-02	7.369399e+00
4.694000e-05	-1.464179e-02	7.385395e+00
4.695000e-05	-1.561659e-02	7.320000e+00
4.696000e-05	-2.229674e-02	7.359346e+00
4.697000e-05	-1.964936e-02	7.317467e+00
4.698000e-05	-1.574314e-02	7.288441e+00
4.699000e-05	-1.149144e-02	7.305793e+00
4.700000e-05	-1.568474e-02	7.305793e+00
4.701000e-05	-1.774722e-02	7.275213e+00
4.702000e-05	-1.968388e-02	7.235209e+00
4.703000e-05	-1.933086e-02	7.242731e+00
4.704000e-05	-2.069769e-02	7.212103e+00
4.705000e-05	-2.291887e-02	7.221579e+00
4.706000e-05	-2.205228e-02	7.181049e+00
4.707000e-05	-1.880996e-02	7.190551e+00
4.708000e-05	-1.667678e-02	7.157946e+00
4.709000e-05	-2.004477e-02	7.136994e+00
4.710000e-05	-2.289276e-02	7.126815e+00
4.711000e-05	-2.449032e-02	7.085291e+00
4.712000e-05	-2.274116e-02	7.064557e+00
4.713000e-05	-2.289228e-02	7.061129e+00
4.714000e-05	-2.476161e-02	6.990504e+00
4.715000e-05	-2.428531e-02	6.937970e+00
4.716000e-05	-2.438645e-02	6.926743e+00
4.717000e-05	-2.223488e-02	6.884832e+00
4.718000e-05	-2.482322e-02	6.843053e+00
4.719000e-05	-2.692097e-02	6.831555e+00
4.720000e-05	-2.845231e-02	6.780053e+00
4.721000e-05	-2.709934e-02	6.718395e+00
4.722000e-05	-2.722813e-02	6.725818e+00
4.723000e-05	-2.639173e-02	6.602107e+00
4.724000e-05	-2.995244e-02	6.558871e+00
4.725000e-05	-2.635678e-02	6.547240e+00
4.726000e-05	-2.620984e-02	6.444660e+00
4.727000e-05	-2.255557e-02	6.391028e+00
4.728000e-05	-2.485101e-02	6.377946e+00
4.729000e-05	-2.259874e-02	6.297816e+00
4.730000e-05	-2.327427e-02	6.274187e+00
4.731000e-05	-2.096946e-02	6.201528e+00
4.732000e-05	-2.135946e-02	6.159473e+00
4.733000e-05	-2.149156e-02	6.116218e+00
4.734000e-05	-2.018879e-02	6.042609e+00
4.735000e-05	-1.677843e-02	6.021001e+00
4.736000e-05	-1.544080e-02	5.938422e+00
4.737000e-05	-1.529888e-02	5.834161e+00
4.738000e-05	-1.471125e-02	5.738422e+00
4.739000e-05	-1.626952e-02	5.664162e+00
4.740000e-05	-1.483633e-02	5.599004e+00
4.741000e-05	-1.477205e-02	5.538393e+00
4.742000e-05	-1.336623e-02	5.473734e+00
4.743000e-05	-1.425705e-02	5.381474e+00
4.744000e-05	-1.169788e-02	5.306423e+00
4.745000e-05	-1.058611e-02	5.224682e+00
4.746000e-05	-9.262330e-03	5.179422e+00
4.747000e-05	-1.057833e-02	5.085788e+00
4.748000e-05	-1.131035e-02	4.907842e+00
4.749000e-05	-1.123471e-02	4.862603e+00
4.750000e-05	-1.074528e-02	4.759000e+00
4.751000e-05	-1.032776e-02	4.696262e+00
4.752000e-05	-1.030338e-02	4.600529e+00
4.753000e-05	-9.991318e-03	4.517370e+00
4.754000e-05	-9.296131e-03	4.464210e+00
4.755000e-05	-8.090325e-03	4.381026e+00
4.756000e-05	-9.162565e-03	4.326243e+00
4.757000e-05	-9.013198e-03	4.203504e+00
4.758000e-05	-9.352213e-03	4.043687e+00
4.759000e-05	-8.916497e-03	4.010028e+00
4.760000e-05	-7.604694e-03	3.887220e+00
4.761000e-05	-8.009393e-03	3.860529e+00
4.762000e-05	-7.626010e-03	3.727317e+00
4.763000e-05	-7.499655e-03	3.642587e+00
4.764000e-05	-7.102506e-03	3.609999e+00
4.765000e-05	-7.447328e-03	3.507187e+00
4.766000e-05	-7.369227e-03	3.350371e+00
4.767000e-05	-7.604582e-03	3.242630e+00
4.768000e-05	-7.430569e-03	3.148870e+00
4.769000e-05	-7.032423e-03	3.055188e+00
4.770000e-05	-5.959385e-03	3.009951e+00
4.771000e-05	-7.057785e-03	2.855187e+00
4.772000e-05	-7.879835e-03	2.819474e+00
4.773000e-05	-7.416638e-03	2.706268e+00
4.774000e-05	-5.472155e-03	2.540448e+00
4.775000e-05	-5.130645e-03	2.421632e+00
4.776000e-05	-6.600727e-03	2.316420e+00
4.777000e-05	-6.874875e-03	2.242633e+00
4.778000e-05	-5.742799e-03	2.125893e+00
4.779000e-05	-4.476832e-03	2.033112e+00
4.780000e-05	-5.479435e-03	1.978976e+00
4.781000e-05	-6.604245e-03	1.864163e+00
4.782000e-05	-6.190357e-03	1.748345e+00
4.783000e-05	-4.952748e-03	1.652633e+00
4.784000e-05	-4.578614e-03	1.575770e+00
4.785000e-05	-5.038556e-03	1.362553e+00
4.786000e-05	-5.937291e-03	1.276240e+00
4.787000e-05	-4.940216e-03	1.191003e+00
4.788000e-05	-4.625569e-03	1.083216e+00
4.789000e-05	-4.836161e-03	8.967896e-01
4.790000e-05	-5.649213e-03	8.214766e-01
4.791000e-05	-5.225650e-03	6.968435e-01
4.792000e-05	-3.640148e-03	6.000063e-01
4.793000e-05	-3.156748e-03	5.152946e-01
4.794000e-05	-4.042078e-03	4.330052e-01
4.795000e-05	-4.316743e-03	3.263159e-01
4.796000e-05	-4.023854e-03	1.994516e-01
4.797000e-05	-4.707691e-03	3.155920e-02
4.798000e-05	-3.546723e-03	-5.310007e-02
4.799000e-05	-3.161664e-03	-1.263421e-01
4.800000e-05	1.340528e-03	-2.215753e-01
4.801000e-05	3.868411e-04	-3.253394e-01
4.802000e-05	4.555256e-04	-4.215776e-01
4.803000e-05	-8.103725e-04	-4.772105e-01
4.804000e-05	-1.279565e-03	-6.542003e-01
4.805000e-05	-5.607863e-04	-7.584458e-01
4.806000e-05	2.187344e-02	-8.426015e-01
4.807000e-05	6.338723e-02	-9.668909e-01
4.808000e-05	-4.221002e-03	-1.114836e+00
4.809000e-05	-7.399587e-02	-1.377413e+00
4.810000e-05	-5.457991e-02	-1.503331e+00
4.811000e-05	8.385124e-02	-1.445033e+00
4.812000e-05	3.162359e-02	-1.506335e+00
4.813000e-05	-1.257359e-01	-1.725286e+00
4.814000e-05	9.321294e-02	-1.789474e+00
4.815000e-05	7.609609e-02	-1.821501e+00
4.816000e-05	-1.426978e-01	-1.955414e+00
4.817000e-05	2.123909e-02	-2.063705e+00
4.818000e-05	1.052765e-01	-2.085866e+00
4.819000e-05	-1.091253e-01	-2.325881e+00
4.820000e-05	-9.732815e-03	-2.430626e+00
4.821000e-05	1.013917e-01	-2.473257e+00
4.822000e-05	-4.424150e-02	-2.610703e+00
4.823000e-05	2.053502e-04	-2.706917e+00
4.824000e-05	3.319644e-02	-2.800024e+00
4.825000e-05	-5.492982e-02	-2.964984e+00
4.826000e-05	2.681539e-02	-3.003104e+00
4.827000e-05	1.535561e-02	-3.117891e+00
4.828000e-05	-4.594546e-02	-3.233130e+00
4.829000e-05	6.377639e-02	-3.285862e+00
4.830000e-05	-2.022085e-02	-3.430626e+00
4.831000e-05	-2.003494e-02	-3.526438e+00
4.832000e-05	5.639658e-02	-3.599921e+00
4.833000e-05	-5.326809e-02	-3.673730e+00
4.834000e-05	-8.247268e-04	-3.749074e+00
4.835000e-05	4.600260e-02	-3.926366e+00
4.836000e-05	-2.339510e-02	-4.011075e+00
4.837000e-05	1.690078e-02	-4.054238e+00
4.838000e-05	-6.651387e-03	-4.188944e+00
4.839000e-05	-4.656058e-03	-4.242184e+00
4.840000e-05	2.241066e-02	-4.347371e+00
4.841000e-05	-1.868367e-02	-4.399600e+00
4.842000e-05	1.320717e-02	-4.445209e+00
4.843000e-05	-3.362474e-03	-4.598974e+00
4.844000e-05	2.894487e-03	-4.695862e+00
4.845000e-05	2.172929e-02	-4.738416e+00
4.846000e-05	-2.120916e-02	-4.853229e+00
4.847000e-05	1.145953e-02	-4.937917e+00
4.848000e-05	-1.451317e-03	-5.042178e+00
4.849000e-05	2.136545e-03	-5.125287e+00
4.850000e-05	1.739158e-02	-5.179471e+00
4.851000e-05	-1.511641e-02	-5.295762e+00
4.852000e-05	1.098190e-02	-5.361544e+00
4.853000e-05	3.630582e-03	-5.536290e+00
4.854000e-05	3.049440e-03	-5.589475e+00
4.855000e-05	7.981895e-03	-5.633180e+00
4.856000e-05	-1.109433e-02	-5.714867e+00
4.857000e-05	1.164257e-02	-5.770020e+00
4.858000e-05	4.708350e-03	-5.832677e+00
4.859000e-05	5.402806e-03	-5.915338e+00
4.860000e-05	5.151593e-03	-5.967921e+00
4.861000e-05	-5.907921e-03	-6.021551e+00
4.862000e-05	1.040051e-02	-6.022183e+00
4.863000e-05	1.233115e-03	-6.099441e+00
4.864000e-05	3.766862e-03	-6.192105e+00
4.865000e-05	2.370793e-03	-6.337314e+00
4.866000e-05	1.271262e-03	-6.357948e+00
4.867000e-05	1.396794e-02	-6.391574e+00
4.868000e-05	2.137921e-03	-6.433680e+00
4.869000e-05	5.371130e-03	-6.537414e+00
4.870000e-05	-7.932553e-04	-6.550519e+00
4.871000e-05	3.440472e-03	-6.582604e+00
4.872000e-05	9.736400e-03	-6.654780e+00
4.873000e-05	3.108572e-03	-6.687387e+00
4.874000e-05	5.566889e-03	-6.748445e+00
4.875000e-05	1.826790e-03	-6.791073e+00
4.876000e-05	7.681626e-03	-6.841526e+00
4.877000e-05	6.068898e-03	-6.855760e+00
4.878000e-05	2.565472e-03	-6.877365e+00
4.879000e-05	3.627175e-03	-6.970444e+00
4.880000e-05	4.208421e-03	-7.052709e+00
4.881000e-05	9.787555e-03	-7.074313e+00
4.882000e-05	5.158267e-03	-7.107366e+00
4.883000e-05	4.027326e-03	-7.179968e+00
4.884000e-05	3.842722e-03	-7.189452e+00
4.885000e-05	6.095556e-03	-7.231524e+00
4.886000e-05	8.382168e-03	-7.231052e+00
4.887000e-05	5.319515e-03	-7.231079e+00
4.888000e-05	4.703510e-03	-7.264662e+00
4.889000e-05	6.467060e-03	-7.284713e+00
4.890000e-05	8.607341e-03	-7.286863e+00
4.891000e-05	6.921260e-03	-7.296946e+00
4.892000e-05	4.763452e-03	-7.359418e+00
4.893000e-05	6.193276e-03	-7.379969e+00
4.894000e-05	7.881169e-03	-7.379996e+00
4.895000e-05	9.639370e-03	-7.391022e+00
4.896000e-05	6.827019e-03	-7.391025e+00
4.897000e-05	5.476886e-03	-7.392529e+00
4.898000e-05	7.840693e-03	-7.403551e+00
4.899000e-05	8.899537e-03	-7.403103e+00
4.900000e-05	9.548950e-03	-7.462704e+00
4.901000e-05	7.427458e-03	-7.403605e+00
4.902000e-05	8.336649e-03	-7.432660e+00
4.903000e-05	8.636312e-03	-7.443678e+00
4.904000e-05	1.005268e-02	-7.434103e+00
4.905000e-05	8.762778e-03	-7.423053e+00
4.906000e-05	7.568543e-03	-7.413580e+00
4.907000e-05	9.254451e-03	-7.403627e+00
4.908000e-05	1.175508e-02	-7.414077e+00
4.909000e-05	1.128374e-02	-7.422075e+00
4.910000e-05	1.037885e-02	-7.381051e+00
4.911000e-05	9.616504e-03	-7.381021e+00
4.912000e-05	1.197745e-02	-7.361422e+00
4.913000e-05	1.289644e-02	-7.329970e+00
4.914000e-05	1.258557e-02	-7.337870e+00
4.915000e-05	1.258319e-02	-7.316763e+00
4.916000e-05	1.398714e-02	-7.307842e+00
4.917000e-05	1.377687e-02	-7.274738e+00
4.918000e-05	1.399835e-02	-7.233758e+00
4.919000e-05	1.332280e-02	-7.232558e+00
4.920000e-05	1.348481e-02	-7.202049e+00
4.921000e-05	1.382005e-02	-7.160978e+00
4.922000e-05	1.716471e-02	-7.181001e+00
4.923000e-05	1.700155e-02	-7.157469e+00
4.924000e-05	1.646091e-02	-7.077317e+00
4.925000e-05	1.597287e-02	-7.017192e+00
4.926000e-05	1.752135e-02	-7.012605e+00
4.927000e-05	1.851418e-02	-6.908443e+00
4.928000e-05	1.955866e-02	-6.868292e+00
4.929000e-05	1.893393e-02	-6.836058e+00
4.930000e-05	1.918948e-02	-6.811074e+00
4.931000e-05	2.015404e-02	-6.770448e+00
4.932000e-05	2.025549e-02	-6.748396e+00
4.933000e-05	1.990820e-02	-6.686889e+00
4.934000e-05	1.924393e-02	-6.675732e+00
4.935000e-05	2.009889e-02	-6.601628e+00
4.936000e-05	2.005477e-02	-6.538922e+00
4.937000e-05	1.877222e-02	-6.506917e+00
4.938000e-05	1.677719e-02	-6.495286e+00
4.939000e-05	1.581465e-02	-6.413676e+00
4.940000e-05	1.550706e-02	-6.379025e+00
4.941000e-05	1.429612e-02	-6.299366e+00
4.942000e-05	1.429409e-02	-6.224234e+00
4.943000e-05	1.182881e-02	-6.161478e+00
4.944000e-05	1.188118e-02	-6.075740e+00
4.945000e-05	1.158320e-02	-6.023130e+00
4.946000e-05	1.067483e-02	-5.970024e+00
4.947000e-05	9.032638e-03	-5.917393e+00
4.948000e-05	8.569738e-03	-5.823683e+00
4.949000e-05	6.384256e-03	-5.762476e+00
4.950000e-05	6.719188e-03	-5.725265e+00
4.951000e-05	4.835533e-03	-5.633684e+00
4.952000e-05	5.185901e-03	-5.580529e+00
4.953000e-05	5.302102e-03	-5.497342e+00
4.954000e-05	6.020947e-03	-5.343675e+00
4.955000e-05	4.415382e-03	-5.255745e+00
4.956000e-05	3.859552e-03	-5.193529e+00
4.957000e-05	2.470676e-03	-5.128916e+00
4.958000e-05	2.476030e-03	-5.043685e+00
4.959000e-05	1.691591e-03	-5.000050e+00
4.960000e-05	1.741439e-03	-4.783609e+00
4.961000e-05	1.498705e-03	-4.757874e+00
4.962000e-05	2.902137e-03	-4.634158e+00
4.963000e-05	2.572785e-03	-4.558396e+00
4.964000e-05	3.180672e-03	-4.524868e+00
4.965000e-05	4.502734e-04	-4.432055e+00
4.966000e-05	-5.349797e-04	-4.368445e+00
4.967000e-05	-7.944235e-04	-4.277792e+00
4.968000e-05	-2.897420e-04	-4.242030e+00
4.969000e-05	-9.462734e-04	-4.087369e+00
4.970000e-05	-1.037113e-03	-4.022605e+00
4.971000e-05	-1.138288e-03	-3.939498e+00
4.972000e-05	-1.750932e-04	-3.835737e+00
4.973000e-05	-1.135392e-03	-3.727339e+00
4.974000e-05	-1.726763e-03	-3.621582e+00
4.975000e-05	-2.261359e-03	-3.538420e+00
4.976000e-05	-2.612137e-03	-3.424208e+00
4.977000e-05	-2.034124e-03	-3.378470e+00
4.978000e-05	-3.130513e-03	-3.255638e+00
4.979000e-05	-1.998614e-03	-3.199475e+00
4.980000e-05	-3.042040e-03	-3.095691e+00
4.981000e-05	-2.053110e-03	-2.940919e+00
4.982000e-05	-2.308126e-03	-2.831606e+00
4.983000e-05	-3.442852e-03	-2.729470e+00
4.984000e-05	-2.307488e-03	-2.654609e+00
4.985000e-05	-3.635133e-03	-2.539446e+00
4.986000e-05	-2.611479e-03	-2.445109e+00
4.987000e-05	-5.257208e-03	-2.418972e+00
4.988000e-05	-3.884659e-03	-2.275713e+00
4.989000e-05	-5.554303e-03	-2.141317e+00
4.990000e-05	-3.631158e-03	-2.013029e+00
4.991000e-05	-2.874709e-03	-1.936819e+00
4.992000e-05	-3.703297e-03	-1.842082e+00
4.993000e-05	-1.389759e-03	-1.707821e+00
4.994000e-05	-3.703110e-03	-1.604080e+00
4.995000e-05	-4.633388e-03	-1.559920e+00
4.996000e-05	-6.368413e-03	-1.412600e+00
4.997000e-05	-6.451813e-03	-1.238686e+00
4.998000e-05	-3.557861e-03	-1.147992e+00
4.999000e-05	-3.187523e-03	-1.032662e+00
