# 260826_11:55:17.339789
t	CH1	CH2
0.000000e+00	1.011561e-02	3.368399e+00
1.000000e-08	-3.525360e-02	3.473836e+00
2.000000e-08	1.429283e-02	3.569999e+00
3.000000e-08	-1.152612e-02	3.683788e+00
4.000000e-08	-3.788865e-02	3.758450e+00
5.000000e-08	2.752236e-02	3.832157e+00
6.000000e-08	8.581055e-03	3.928422e+00
7.000000e-08	-2.348121e-02	4.029054e+00
8.000000e-08	-1.189256e-02	4.047213e+00
9.000000e-08	2.429746e-03	4.232607e+00
1.000000e-07	-9.952201e-03	4.357521e+00
1.100000e-07	-5.766055e-03	4.421630e+00
1.200000e-07	-5.723706e-03	4.505318e+00
1.300000e-07	-2.005988e-02	4.581977e+00
1.400000e-07	9.226578e-03	4.693242e+00
1.500000e-07	5.825487e-03	4.778442e+00
1.600000e-07	-1.667340e-02	4.833108e+00
1.700000e-07	-1.702369e-02	4.907366e+00
1.800000e-07	-5.038357e-03	5.032717e+00
1.900000e-07	-3.860846e-03	5.178474e+00
2.000000e-07	-1.506778e-03	5.243633e+00
2.100000e-07	-1.093010e-02	5.326421e+00
2.200000e-07	-1.397683e-02	5.409556e+00
2.300000e-07	-3.572618e-05	5.494713e+00
2.400000e-07	-3.013060e-03	5.517471e+00
2.500000e-07	-9.194950e-03	5.610026e+00
2.600000e-07	-1.971418e-02	5.643262e+00
2.700000e-07	-5.842334e-03	5.717472e+00
2.800000e-07	-2.461209e-03	5.823714e+00
2.900000e-07	-3.567072e-03	5.915966e+00
3.000000e-07	-1.218835e-02	5.990050e+00
3.100000e-07	-1.512652e-02	6.041657e+00
3.200000e-07	-4.340402e-03	6.065818e+00
3.300000e-07	-5.789099e-03	6.159422e+00
3.400000e-07	-8.163028e-03	6.212078e+00
3.500000e-07	-1.598143e-02	6.265140e+00
3.600000e-07	-7.964899e-03	6.328895e+00
3.700000e-07	-5.447777e-03	6.319475e+00
3.800000e-07	-5.981933e-03	6.410531e+00
3.900000e-07	-1.395518e-02	6.465208e+00
4.000000e-07	-1.581754e-02	6.496916e+00
4.100000e-07	-8.902038e-03	6.619127e+00
4.200000e-07	-6.021035e-03	6.674786e+00
4.300000e-07	-8.935833e-03	6.676466e+00
4.400000e-07	-1.527154e-02	6.767969e+00
4.500000e-07	-1.163579e-02	6.780000e+00
4.600000e-07	-8.796690e-03	6.842133e+00
4.700000e-07	-8.138521e-03	6.821710e+00
4.800000e-07	-1.353213e-02	6.917314e+00
4.900000e-07	-1.531538e-02	6.905871e+00
5.000000e-07	-1.031831e-02	6.999970e+00
5.100000e-07	-8.093459e-03	6.990525e+00
5.200000e-07	-9.993546e-03	7.032684e+00
5.300000e-07	-1.663160e-02	7.093263e+00
5.400000e-07	-1.458372e-02	7.096792e+00
5.500000e-07	-1.178550e-02	7.137443e+00
5.600000e-07	-9.195171e-03	7.187446e+00
5.700000e-07	-1.307086e-02	7.158499e+00
5.800000e-07	-1.646145e-02	7.201575e+00
5.900000e-07	-1.396146e-02	7.180025e+00
6.000000e-07	-1.150524e-02	7.192005e+00
6.100000e-07	-1.172876e-02	7.212129e+00
6.200000e-07	-1.744326e-02	7.243754e+00
6.300000e-07	-1.623719e-02	7.244259e+00
6.400000e-07	-1.346499e-02	7.272889e+00
6.500000e-07	-1.045094e-02	7.286843e+00
6.600000e-07	-1.528958e-02	7.345367e+00
6.700000e-07	-1.743254e-02	7.319916e+00
6.800000e-07	-1.693967e-02	7.348997e+00
6.900000e-07	-1.340164e-02	7.348970e+00
7.000000e-07	-1.424924e-02	7.337098e+00
7.100000e-07	-1.805938e-02	7.359627e+00
7.200000e-07	-1.847023e-02	7.359842e+00
7.300000e-07	-1.691801e-02	7.368996e+00
7.400000e-07	-1.480892e-02	7.351599e+00
7.500000e-07	-1.825264e-02	7.339895e+00
7.600000e-07	-1.882847e-02	7.386395e+00
7.700000e-07	-1.858054e-02	7.320016e+00
7.800000e-07	-1.578509e-02	7.316992e+00
7.900000e-07	-1.739853e-02	7.307918e+00
8.000000e-07	-2.030763e-02	7.292383e+00
8.100000e-07	-2.177949e-02	7.295285e+00
8.200000e-07	-2.074854e-02	7.263255e+00
8.300000e-07	-2.038150e-02	7.241253e+00
8.400000e-07	-1.999412e-02	7.201580e+00
8.500000e-07	-2.199184e-02	7.211648e+00
8.600000e-07	-2.172876e-02	7.180550e+00
8.700000e-07	-2.154569e-02	7.178498e+00
8.800000e-07	-2.132551e-02	7.147017e+00
8.900000e-07	-2.413177e-02	7.117865e+00
9.000000e-07	-2.489133e-02	7.125392e+00
9.100000e-07	-2.355698e-02	7.084232e+00
9.200000e-07	-2.257462e-02	7.012578e+00
9.300000e-07	-2.287907e-02	7.001651e+00
9.400000e-07	-2.559363e-02	6.929980e+00
9.500000e-07	-2.788152e-02	6.977941e+00
9.600000e-07	-2.663401e-02	6.876389e+00
9.700000e-07	-2.493503e-02	6.841756e+00
9.800000e-07	-2.728912e-02	6.822707e+00
9.900000e-07	-2.823369e-02	6.791526e+00
1.000000e-06	-2.908886e-02	6.759995e+00
1.010000e-06	-2.802556e-02	6.747362e+00
1.020000e-06	-2.916088e-02	6.665710e+00
1.030000e-06	-2.890979e-02	6.541647e+00
1.040000e-06	-3.128009e-02	6.538414e+00
1.050000e-06	-3.070462e-02	6.474431e+00
1.060000e-06	-3.012634e-02	6.452626e+00
1.070000e-06	-2.951928e-02	6.401022e+00
1.080000e-06	-2.941830e-02	6.307368e+00
1.090000e-06	-2.789485e-02	6.305238e+00
1.100000e-06	-2.650291e-02	6.214178e+00
1.110000e-06	-2.601059e-02	6.179446e+00
1.120000e-06	-2.535584e-02	6.137466e+00
1.130000e-06	-2.660278e-02	6.093260e+00
1.140000e-06	-2.510939e-02	6.030579e+00
1.150000e-06	-2.364548e-02	5.948496e+00
1.160000e-06	-2.129399e-02	5.896863e+00
1.170000e-06	-2.036403e-02	5.819073e+00
1.180000e-06	-1.818010e-02	5.696308e+00
1.190000e-06	-1.695358e-02	5.610576e+00
1.200000e-06	-1.768470e-02	5.589495e+00
1.210000e-06	-1.848568e-02	5.506338e+00
1.220000e-06	-1.984187e-02	5.441628e+00
1.230000e-06	-1.897067e-02	5.349921e+00
1.240000e-06	-1.633748e-02	5.274263e+00
1.250000e-06	-1.386654e-02	5.201124e+00
1.260000e-06	-1.153222e-02	5.067338e+00
1.270000e-06	-1.092207e-02	5.000552e+00
1.280000e-06	-1.163358e-02	4.865205e+00
1.290000e-06	-1.225611e-02	4.790520e+00
1.300000e-06	-1.396003e-02	4.736840e+00
1.310000e-06	-1.470128e-02	4.652629e+00
1.320000e-06	-1.354257e-02	4.578521e+00
1.330000e-06	-1.177899e-02	4.445708e+00
1.340000e-06	-1.008798e-02	4.429600e+00
1.350000e-06	-8.639815e-03	4.367491e+00
1.360000e-06	-8.796856e-03	4.264204e+00
1.370000e-06	-9.529898e-03	4.116392e+00
1.380000e-06	-1.051369e-02	4.050704e+00
1.390000e-06	-1.105918e-02	3.977418e+00
1.400000e-06	-1.162482e-02	3.903105e+00
1.410000e-06	-1.001409e-02	3.789896e+00
1.420000e-06	-8.672833e-03	3.683704e+00
1.430000e-06	-6.683675e-03	3.619999e+00
1.440000e-06	-6.751736e-03	3.538336e+00
1.450000e-06	-7.356388e-03	3.383518e+00
1.460000e-06	-7.149119e-03	3.292679e+00
1.470000e-06	-8.884213e-03	3.199499e+00
1.480000e-06	-7.794569e-03	3.105255e+00
1.490000e-06	-8.523827e-03	2.989548e+00
1.500000e-06	-7.523562e-03	2.907212e+00
1.510000e-06	-6.752143e-03	2.850575e+00
1.520000e-06	-6.002352e-03	2.768891e+00
1.530000e-06	-5.657193e-03	2.624544e+00
1.540000e-06	-6.442206e-03	2.513710e+00
1.550000e-06	-7.431900e-03	2.357972e+00
1.560000e-06	-6.881126e-03	2.344207e+00
1.570000e-06	-6.111173e-03	2.178970e+00
1.580000e-06	-6.155121e-03	2.094285e+00
1.590000e-06	-5.960133e-03	1.999974e+00
1.600000e-06	-5.419743e-03	1.936789e+00
1.610000e-06	-5.254166e-03	1.859469e+00
1.620000e-06	-5.569901e-03	1.674661e+00
1.630000e-06	-6.103342e-03	1.581542e+00
1.640000e-06	-6.697322e-03	1.463181e+00
1.650000e-06	-4.872111e-03	1.368841e+00
1.660000e-06	-4.762499e-03	1.252579e+00
1.670000e-06	-4.758418e-03	1.126340e+00
1.680000e-06	-5.413044e-03	1.047543e+00
1.690000e-06	-5.324788e-03	8.810551e-01
1.700000e-06	-4.804201e-03	7.774958e-01
1.710000e-06	-4.963130e-03	6.636239e-01
1.720000e-06	-5.350809e-03	5.583595e-01
1.730000e-06	-4.899028e-03	4.421776e-01
1.740000e-06	-4.652447e-03	3.688934e-01
1.750000e-06	-3.665187e-03	2.435975e-01
1.760000e-06	-4.844587e-03	1.152603e-01
1.770000e-06	-4.371026e-03	5.461809e-04
1.780000e-06	-2.845090e-03	-6.476597e-02
1.790000e-06	-6.882433e-04	-1.920816e-01
1.800000e-06	1.554229e-03	-2.747682e-01
1.810000e-06	-1.306887e-03	-3.790026e-01
1.820000e-06	-6.076407e-04	-4.231868e-01
1.830000e-06	-1.567839e-03	-5.711569e-01
1.840000e-06	5.168738e-04	-7.268749e-01
1.850000e-06	6.227758e-03	-7.610026e-01
1.860000e-06	4.692151e-02	-8.943186e-01
1.870000e-06	4.817597e-02	-1.041138e+00
1.880000e-06	-5.278652e-02	-1.233316e+00
1.890000e-06	-8.410168e-02	-1.474258e+00
1.900000e-06	8.795932e-03	-1.480157e+00
1.910000e-06	1.127870e-01	-1.411209e+00
1.920000e-06	-7.690020e-02	-1.642642e+00
1.930000e-06	-8.275856e-02	-1.798998e+00
1.940000e-06	1.693263e-01	-1.798026e+00
1.950000e-06	-6.024186e-02	-1.914846e+00
1.960000e-06	-1.236899e-01	-2.082209e+00
1.970000e-06	1.377581e-01	-2.114297e+00
1.980000e-06	9.731636e-03	-2.204188e+00
1.990000e-06	-1.318913e-01	-2.390555e+00
2.000000e-06	1.112757e-01	-2.442684e+00
2.010000e-06	3.793067e-02	-2.568576e+00
2.020000e-06	-7.765649e-02	-2.687317e+00
2.030000e-06	6.455686e-02	-2.778446e+00
2.040000e-06	-2.415334e-02	-2.813693e+00
2.050000e-06	-4.602488e-02	-3.010634e+00
2.060000e-06	7.783914e-02	-3.084921e+00
2.070000e-06	-4.260392e-02	-3.219534e+00
2.080000e-06	-1.061430e-02	-3.325816e+00
2.090000e-06	7.922696e-02	-3.347002e+00
2.100000e-06	-7.804269e-02	-3.455340e+00
2.110000e-06	3.378736e-02	-3.579503e+00
2.120000e-06	3.318863e-02	-3.641609e+00
2.130000e-06	-7.302667e-02	-3.727503e+00
2.140000e-06	4.783839e-02	-3.874366e+00
2.150000e-06	2.058150e-02	-3.959502e+00
2.160000e-06	-2.151530e-02	-4.044763e+00
2.170000e-06	2.159275e-02	-4.126921e+00
2.180000e-06	-1.938667e-02	-4.232237e+00
2.190000e-06	1.674178e-02	-4.316894e+00
2.200000e-06	6.220740e-03	-4.401030e+00
2.210000e-06	-1.480140e-02	-4.463733e+00
2.220000e-06	2.162125e-02	-4.498428e+00
2.230000e-06	-1.359742e-02	-4.664783e+00
2.240000e-06	2.553093e-02	-4.728367e+00
2.250000e-06	1.530470e-03	-4.810610e+00
2.260000e-06	-1.800709e-02	-4.947446e+00
2.270000e-06	2.206778e-02	-5.030033e+00
2.280000e-06	-1.497960e-02	-5.094270e+00
2.290000e-06	2.146817e-02	-5.160004e+00
2.300000e-06	4.438491e-03	-5.244188e+00
2.310000e-06	-1.479933e-02	-5.330100e+00
2.320000e-06	2.109520e-02	-5.454288e+00
2.330000e-06	-3.948113e-03	-5.578552e+00
2.340000e-06	1.044367e-02	-5.640107e+00
2.350000e-06	-1.743672e-03	-5.685262e+00
2.360000e-06	-6.043119e-03	-5.748949e+00
2.370000e-06	1.713940e-02	-5.821104e+00
2.380000e-06	1.167625e-03	-5.895741e+00
2.390000e-06	1.030512e-02	-5.946471e+00
2.400000e-06	-2.519112e-03	-5.991053e+00
2.410000e-06	-5.239844e-04	-6.023182e+00
2.420000e-06	1.278285e-02	-6.115317e+00
2.430000e-06	-1.080940e-03	-6.200988e+00
2.440000e-06	8.615422e-03	-6.274946e+00
2.450000e-06	-1.410848e-03	-6.358522e+00
2.460000e-06	6.941825e-03	-6.411080e+00
2.470000e-06	1.270633e-02	-6.452237e+00
2.480000e-06	1.417330e-04	-6.505392e+00
2.490000e-06	5.863819e-03	-6.536450e+00
2.500000e-06	-3.425640e-03	-6.600629e+00
2.510000e-06	1.053573e-02	-6.645162e+00
2.520000e-06	7.491695e-03	-6.716441e+00
2.530000e-06	3.149339e-03	-6.758446e+00
2.540000e-06	4.457284e-03	-6.778579e+00
2.550000e-06	2.377538e-03	-6.821654e+00
2.560000e-06	1.074431e-02	-6.843787e+00
2.570000e-06	4.034854e-03	-6.925419e+00
2.580000e-06	3.974445e-03	-6.968500e+00
2.590000e-06	4.711871e-03	-7.001637e+00
2.600000e-06	7.379492e-03	-7.074366e+00
2.610000e-06	1.056908e-02	-7.116344e+00
2.620000e-06	4.199241e-03	-7.148026e+00
2.630000e-06	4.484919e-03	-7.189027e+00
2.640000e-06	4.511128e-03	-7.221079e+00
2.650000e-06	7.799167e-03	-7.211630e+00
2.660000e-06	8.962334e-03	-7.242261e+00
2.670000e-06	4.682599e-03	-7.254238e+00
2.680000e-06	5.626471e-03	-7.314866e+00
2.690000e-06	8.303427e-03	-7.306391e+00
2.700000e-06	9.254705e-03	-7.317471e+00
2.710000e-06	6.648921e-03	-7.327498e+00
2.720000e-06	5.107476e-03	-7.378001e+00
2.730000e-06	8.120859e-03	-7.370525e+00
2.740000e-06	1.017557e-02	-7.400032e+00
2.750000e-06	1.095764e-02	-7.371152e+00
2.760000e-06	7.790305e-03	-7.430176e+00
2.770000e-06	7.890989e-03	-7.431578e+00
2.780000e-06	9.088135e-03	-7.402732e+00
2.790000e-06	1.097553e-02	-7.432209e+00
2.800000e-06	9.643016e-03	-7.432187e+00
2.810000e-06	8.969409e-03	-7.462159e+00
2.820000e-06	9.767506e-03	-7.452709e+00
2.830000e-06	1.200333e-02	-7.403234e+00
2.840000e-06	1.124961e-02	-7.481605e+00
2.850000e-06	1.056673e-02	-7.453782e+00
2.860000e-06	9.737883e-03	-7.452105e+00
2.870000e-06	1.265933e-02	-7.412083e+00
2.880000e-06	1.321299e-02	-7.432731e+00
2.890000e-06	1.348125e-02	-7.410606e+00
2.900000e-06	1.088782e-02	-7.411078e+00
2.910000e-06	1.191452e-02	-7.398550e+00
2.920000e-06	1.527306e-02	-7.359020e+00
2.930000e-06	1.350635e-02	-7.339920e+00
2.940000e-06	1.516419e-02	-7.369392e+00
2.950000e-06	1.042929e-02	-7.286870e+00
2.960000e-06	1.729720e-02	-7.275789e+00
2.970000e-06	1.774063e-02	-7.264732e+00
2.980000e-06	1.860682e-02	-7.233759e+00
2.990000e-06	1.537067e-02	-7.221103e+00
3.000000e-06	1.368133e-02	-7.211077e+00
3.010000e-06	1.513853e-02	-7.199475e+00
3.020000e-06	1.634998e-02	-7.177999e+00
3.030000e-06	1.650340e-02	-7.157367e+00
3.040000e-06	1.792927e-02	-7.074767e+00
3.050000e-06	2.080891e-02	-7.003710e+00
3.060000e-06	2.168063e-02	-6.990126e+00
3.070000e-06	2.242263e-02	-6.916920e+00
3.080000e-06	1.708942e-02	-6.902311e+00
3.090000e-06	1.692100e-02	-6.851149e+00
3.100000e-06	1.777755e-02	-6.790977e+00
3.110000e-06	2.285299e-02	-6.808473e+00
3.120000e-06	2.375374e-02	-6.717391e+00
3.130000e-06	2.316985e-02	-6.694814e+00
3.140000e-06	2.340780e-02	-6.631658e+00
3.150000e-06	2.272189e-02	-6.601101e+00
3.160000e-06	2.326244e-02	-6.547873e+00
3.170000e-06	1.922060e-02	-6.515815e+00
3.180000e-06	1.919263e-02	-6.463209e+00
3.190000e-06	1.954357e-02	-6.410524e+00
3.200000e-06	2.245717e-02	-6.357422e+00
3.210000e-06	2.031028e-02	-6.325792e+00
3.220000e-06	1.946668e-02	-6.219603e+00
3.230000e-06	1.691798e-02	-6.134869e+00
3.240000e-06	1.611324e-02	-6.063634e+00
3.250000e-06	1.557252e-02	-6.010075e+00
3.260000e-06	1.439289e-02	-5.947420e+00
3.270000e-06	1.243700e-02	-5.884312e+00
3.280000e-06	1.120512e-02	-5.779128e+00
3.290000e-06	1.286056e-02	-5.758895e+00
3.300000e-06	9.827735e-03	-5.661734e+00
3.310000e-06	1.001845e-02	-5.610574e+00
3.320000e-06	6.693644e-03	-5.568918e+00
3.330000e-06	8.256996e-03	-5.462213e+00
3.340000e-06	7.773119e-03	-5.320491e+00
3.350000e-06	7.018959e-03	-5.269657e+00
3.360000e-06	5.302433e-03	-5.159471e+00
3.370000e-06	5.712656e-03	-5.063235e+00
3.380000e-06	5.053480e-03	-5.019522e+00
3.390000e-06	5.017890e-03	-4.904814e+00
3.400000e-06	4.490791e-03	-4.808395e+00
3.410000e-06	2.618251e-03	-4.684732e+00
3.420000e-06	3.596622e-03	-4.631604e+00
3.430000e-06	3.403170e-03	-4.526368e+00
3.440000e-06	3.677411e-03	-4.443631e+00
3.450000e-06	2.339560e-03	-4.400022e+00
3.460000e-06	2.149610e-03	-4.365391e+00
3.470000e-06	1.750932e-03	-4.243683e+00
3.480000e-06	2.349957e-03	-4.158470e+00
3.490000e-06	1.053677e-03	-4.074184e+00
3.500000e-06	7.092043e-04	-4.010525e+00
3.510000e-06	3.038119e-04	-3.915267e+00
3.520000e-06	1.446552e-03	-3.781552e+00
3.530000e-06	1.529398e-03	-3.651775e+00
3.540000e-06	2.448722e-04	-3.579447e+00
3.550000e-06	-4.265981e-04	-3.496289e+00
3.560000e-06	-8.801566e-04	-3.409547e+00
3.570000e-06	-1.882832e-05	-3.305838e+00
3.580000e-06	-8.584993e-04	-3.232075e+00
3.590000e-06	-1.721865e-03	-3.157943e+00
3.600000e-06	-1.520541e-03	-3.041196e+00
3.610000e-06	-9.266273e-04	-2.853209e+00
3.620000e-06	-1.254903e-03	-2.759944e+00
3.630000e-06	-2.193885e-03	-2.703811e+00
3.640000e-06	-3.130275e-03	-2.589997e+00
3.650000e-06	-3.061601e-03	-2.516706e+00
3.660000e-06	-2.660028e-03	-2.409975e+00
3.670000e-06	-2.814937e-03	-2.295341e+00
3.680000e-06	-2.815410e-03	-2.198472e+00
3.690000e-06	-3.334264e-03	-2.061629e+00
3.700000e-06	-3.764843e-03	-1.978970e+00
3.710000e-06	-3.071226e-03	-1.883233e+00
3.720000e-06	-3.970634e-03	-1.768920e+00
3.730000e-06	-4.119302e-03	-1.692182e+00
3.740000e-06	-3.913943e-03	-1.599520e+00
3.750000e-06	-3.624931e-03	-1.486867e+00
3.760000e-06	-3.813577e-03	-1.337363e+00
3.770000e-06	-4.419428e-03	-1.181022e+00
3.780000e-06	-5.339327e-03	-1.103233e+00
3.790000e-06	-4.885611e-03	-9.799724e-01
3.800000e-06	-4.010008e-03	-8.641853e-01
3.810000e-06	-4.324013e-03	-7.895237e-01
3.820000e-06	-5.481712e-03	-6.741579e-01
3.830000e-06	-5.960378e-03	-5.449146e-01
3.840000e-06	-5.438018e-03	-4.210737e-01
3.850000e-06	-4.334381e-03	-3.362895e-01
3.860000e-06	-5.294588e-03	-2.710976e-01
3.870000e-06	-5.665590e-03	-1.658881e-01
3.880000e-06	-4.630080e-03	-2.110251e-02
3.890000e-06	-2.273854e-03	1.132767e-03
3.900000e-06	2.699551e-04	1.600501e-01
3.910000e-06	-3.422070e-03	2.988395e-01
3.920000e-06	-2.904741e-03	3.910000e-01
3.930000e-06	-3.249595e-03	4.841871e-01
3.940000e-06	-3.431842e-03	5.885001e-01
3.950000e-06	-1.090002e-04	7.458120e-01
3.960000e-06	2.128299e-02	7.794553e-01
3.970000e-06	5.150621e-02	9.073235e-01
3.980000e-06	1.922642e-03	1.118821e+00
3.990000e-06	-7.208281e-02	1.262634e+00
4.000000e-06	-9.020157e-02	1.297287e+00
4.010000e-06	7.298552e-02	1.419084e+00
4.020000e-06	5.749052e-02	1.572928e+00
4.030000e-06	-1.214970e-01	1.765361e+00
4.040000e-06	-1.696389e-02	1.718995e+00
4.050000e-06	1.370808e-01	1.896840e+00
4.060000e-06	-1.047245e-01	1.998975e+00
4.070000e-06	-5.567134e-02	2.010053e+00
4.080000e-06	1.194857e-01	2.108901e+00
4.090000e-06	-8.947853e-02	2.275262e+00
4.100000e-06	-6.234955e-02	2.377396e+00
4.110000e-06	1.202183e-01	2.422085e+00
4.120000e-06	-3.696646e-02	2.549025e+00
4.130000e-06	-4.576529e-02	2.686166e+00
4.140000e-06	4.864119e-02	2.800480e+00
4.150000e-06	-5.298394e-02	2.885237e+00
4.160000e-06	6.146505e-03	2.957974e+00
4.170000e-06	1.752761e-02	3.075262e+00
4.180000e-06	-3.373662e-02	3.178950e+00
4.190000e-06	1.045453e-02	3.242110e+00
4.200000e-06	1.488860e-02	3.310950e+00
4.210000e-06	-4.055598e-02	3.496312e+00
4.220000e-06	1.391884e-02	3.579475e+00
4.230000e-06	-7.429766e-03	3.643259e+00
4.240000e-06	-3.875312e-02	3.768922e+00
4.250000e-06	2.632320e-02	3.832684e+00
4.260000e-06	1.022119e-02	3.937370e+00
4.270000e-06	-2.075491e-02	4.012026e+00
4.280000e-06	-1.449231e-02	4.054738e+00
4.290000e-06	2.625932e-03	4.244607e+00
4.300000e-06	-1.234596e-02	4.317473e+00
4.310000e-06	-3.819205e-03	4.431533e+00
4.320000e-06	-4.399926e-03	4.516238e+00
4.330000e-06	-1.834822e-02	4.589953e+00
4.340000e-06	5.561251e-03	4.664688e+00
4.350000e-06	5.560920e-03	4.747971e+00
4.360000e-06	-1.573279e-02	4.842630e+00
4.370000e-06	-1.973560e-02	4.938422e+00
4.380000e-06	-4.967691e-03	5.024737e+00
4.390000e-06	-4.957228e-03	5.159000e+00
4.400000e-06	6.256286e-04	5.233235e+00
4.410000e-06	-1.161274e-02	5.345845e+00
4.420000e-06	-1.501067e-02	5.361578e+00
4.430000e-06	-1.633783e-03	5.465688e+00
4.440000e-06	-1.935441e-03	5.525920e+00
4.450000e-06	-9.832675e-03	5.590053e+00
4.460000e-06	-1.970194e-02	5.655663e+00
4.470000e-06	-6.759072e-03	5.747971e+00
4.480000e-06	-4.897957e-03	5.824184e+00
4.490000e-06	-3.704244e-03	5.936895e+00
4.500000e-06	-1.177892e-02	5.988999e+00
4.510000e-06	-1.306989e-02	6.023157e+00
4.520000e-06	-5.637960e-03	6.096818e+00
4.530000e-06	-6.393533e-03	6.160444e+00
4.540000e-06	-9.693047e-03	6.200532e+00
4.550000e-06	-1.520712e-02	6.243682e+00
4.560000e-06	-9.064188e-03	6.307298e+00
4.570000e-06	-6.034459e-03	6.369949e+00
4.580000e-06	-6.574282e-03	6.390626e+00
4.590000e-06	-1.208514e-02	6.444185e+00
4.600000e-06	-1.373830e-02	6.506448e+00
4.610000e-06	-1.008237e-02	6.560549e+00
4.620000e-06	-6.175600e-03	6.633759e+00
4.630000e-06	-1.042700e-02	6.755897e+00
4.640000e-06	-1.489162e-02	6.738396e+00
4.650000e-06	-1.125344e-02	6.790050e+00
4.660000e-06	-9.327013e-03	6.819580e+00
4.670000e-06	-8.735287e-03	6.841610e+00
4.680000e-06	-1.264232e-02	6.906787e+00
4.690000e-06	-1.438788e-02	6.928418e+00
4.700000e-06	-1.070959e-02	6.988599e+00
4.710000e-06	-7.782997e-03	7.001100e+00
4.720000e-06	-1.071596e-02	7.035180e+00
4.730000e-06	-1.548112e-02	7.064259e+00
4.740000e-06	-1.383079e-02	7.076813e+00
4.750000e-06	-1.201105e-02	7.107366e+00
4.760000e-06	-8.633700e-03	7.179478e+00
4.770000e-06	-1.333979e-02	7.149473e+00
4.780000e-06	-1.515520e-02	7.180025e+00
4.790000e-06	-1.307579e-02	7.190553e+00
4.800000e-06	-1.044031e-02	7.222131e+00
4.810000e-06	-1.191153e-02	7.223106e+00
4.820000e-06	-1.711905e-02	7.245232e+00
4.830000e-06	-1.669408e-02	7.244234e+00
4.840000e-06	-1.381802e-02	7.295312e+00
4.850000e-06	-1.062520e-02	7.275384e+00
4.860000e-06	-1.455656e-02	7.316416e+00
4.870000e-06	-1.696843e-02	7.325894e+00
4.880000e-06	-1.598657e-02	7.307474e+00
4.890000e-06	-1.270283e-02	7.317567e+00
4.900000e-06	-1.421954e-02	7.340028e+00
4.910000e-06	-1.743030e-02	7.376947e+00
4.920000e-06	-1.889075e-02	7.421020e+00
4.930000e-06	-1.656604e-02	7.379082e+00
4.940000e-06	-1.368235e-02	7.346148e+00
4.950000e-06	-1.700794e-02	7.372100e+00
4.960000e-06	-1.980362e-02	7.317544e+00
4.970000e-06	-1.936078e-02	7.376973e+00
4.980000e-06	-1.770174e-02	7.319440e+00
4.990000e-06	-1.760471e-02	7.315943e+00
5.000000e-06	-2.103306e-02	7.305413e+00
5.010000e-06	-2.113744e-02	7.297411e+00
5.020000e-06	-2.006692e-02	7.273778e+00
5.030000e-06	-1.878765e-02	7.253159e+00
5.040000e-06	-2.037934e-02	7.231125e+00
5.050000e-06	-2.242171e-02	7.212599e+00
5.060000e-06	-2.299784e-02	7.170100e+00
5.070000e-06	-2.114612e-02	7.180974e+00
5.080000e-06	-2.076630e-02	7.138917e+00
5.090000e-06	-2.331754e-02	7.136439e+00
5.100000e-06	-2.514091e-02	7.126292e+00
5.110000e-06	-2.377723e-02	7.103759e+00
5.120000e-06	-2.323153e-02	7.071625e+00
5.130000e-06	-2.401842e-02	7.043653e+00
5.140000e-06	-2.734152e-02	6.989018e+00
5.150000e-06	-2.700055e-02	6.937916e+00
5.160000e-06	-2.644048e-02	6.864813e+00
5.170000e-06	-2.449899e-02	6.883308e+00
5.180000e-06	-2.752055e-02	6.831628e+00
5.190000e-06	-2.920186e-02	6.799604e+00
5.200000e-06	-3.023325e-02	6.789444e+00
5.210000e-06	-2.793226e-02	6.716891e+00
5.220000e-06	-2.857567e-02	6.636304e+00
5.230000e-06	-2.972177e-02	6.590529e+00
5.240000e-06	-3.111739e-02	6.557941e+00
5.250000e-06	-2.965888e-02	6.493279e+00
5.260000e-06	-2.925629e-02	6.422628e+00
5.270000e-06	-2.951394e-02	6.388999e+00
5.280000e-06	-3.054843e-02	6.348917e+00
5.290000e-06	-2.912445e-02	6.315337e+00
5.300000e-06	-2.641620e-02	6.242658e+00
5.310000e-06	-2.599981e-02	6.199521e+00
5.320000e-06	-2.569227e-02	6.096936e+00
5.330000e-06	-2.635946e-02	6.044185e+00
5.340000e-06	-2.394614e-02	6.021076e+00
5.350000e-06	-2.138244e-02	5.990543e+00
5.360000e-06	-2.070258e-02	5.906834e+00
5.370000e-06	-2.076426e-02	5.802072e+00
5.380000e-06	-2.047615e-02	5.725833e+00
5.390000e-06	-1.874509e-02	5.642150e+00
5.400000e-06	-1.699223e-02	5.598947e+00
5.410000e-06	-1.717541e-02	5.546785e+00
5.420000e-06	-1.673330e-02	5.401629e+00
5.430000e-06	-1.456829e-02	5.398472e+00
5.440000e-06	-1.405280e-02	5.305233e+00
5.450000e-06	-1.450367e-02	5.230576e+00
5.460000e-06	-1.521696e-02	5.105864e+00
5.470000e-06	-1.468194e-02	4.980026e+00
5.480000e-06	-1.333212e-02	4.864179e+00
5.490000e-06	-1.221629e-02	4.800524e+00
5.500000e-06	-1.143706e-02	4.727390e+00
5.510000e-06	-1.190595e-02	4.644153e+00
5.520000e-06	-1.106707e-02	4.589470e+00
5.530000e-06	-1.092570e-02	4.494734e+00
5.540000e-06	-1.080009e-02	4.431104e+00
5.550000e-06	-1.125575e-02	4.388518e+00
5.560000e-06	-1.062774e-02	4.273230e+00
5.570000e-06	-1.020535e-02	4.146888e+00
5.580000e-06	-8.999383e-03	4.021630e+00
5.590000e-06	-8.859695e-03	3.988988e+00
5.600000e-06	-1.041144e-02	3.863580e+00
5.610000e-06	-9.272910e-03	3.799498e+00
5.620000e-06	-9.095887e-03	3.722729e+00
5.630000e-06	-9.003785e-03	3.621528e+00
5.640000e-06	-8.826867e-03	3.578416e+00
5.650000e-06	-8.151556e-03	3.408574e+00
5.660000e-06	-8.092637e-03	3.293256e+00
5.670000e-06	-7.828906e-03	3.220495e+00
5.680000e-06	-7.581975e-03	3.094808e+00
5.690000e-06	-7.793675e-03	3.009596e+00
5.700000e-06	-7.781176e-03	2.967361e+00
5.710000e-06	-7.652255e-03	2.840551e+00
5.720000e-06	-6.573379e-03	2.748341e+00
5.730000e-06	-6.946561e-03	2.625625e+00
5.740000e-06	-6.134735e-03	2.465658e+00
5.750000e-06	-7.293242e-03	2.367944e+00
5.760000e-06	-6.277523e-03	2.305205e+00
5.770000e-06	-7.022204e-03	2.187946e+00
5.780000e-06	-6.745266e-03	2.102734e+00
5.790000e-06	-6.549438e-03	2.010025e+00
5.800000e-06	-6.205072e-03	1.896260e+00
5.810000e-06	-5.636572e-03	1.820043e+00
5.820000e-06	-6.057069e-03	1.714258e+00
5.830000e-06	-6.671876e-03	1.598974e+00
5.840000e-06	-6.067012e-03	1.453677e+00
5.850000e-06	-5.355567e-03	1.376387e+00
5.860000e-06	-4.955031e-03	1.272071e+00
5.870000e-06	-5.386296e-03	1.168385e+00
5.880000e-06	-4.878274e-03	1.011871e+00
5.890000e-06	-5.140073e-03	8.311302e-01
5.900000e-06	-5.542709e-03	7.579658e-01
5.910000e-06	-4.901942e-03	6.441340e-01
5.920000e-06	-4.757794e-03	5.773657e-01
5.930000e-06	-5.607200e-03	4.535526e-01
5.940000e-06	-4.816175e-03	3.583187e-01
5.950000e-06	-3.796509e-03	2.831489e-01
5.960000e-06	-4.647824e-03	1.057616e-01
5.970000e-06	-3.911127e-03	9.947306e-03
5.980000e-06	-3.182204e-03	-8.478960e-02
5.990000e-06	-1.064117e-03	-1.999804e-01
6.000000e-06	9.002649e-04	-2.737132e-01
6.010000e-06	4.377303e-05	-3.689751e-01
6.020000e-06	1.206984e-04	-4.315607e-01
6.030000e-06	-2.306895e-04	-5.589828e-01
6.040000e-06	-1.330596e-03	-7.088698e-01
6.050000e-06	4.925373e-03	-8.205290e-01
6.060000e-06	4.412180e-02	-8.638408e-01
6.070000e-06	5.135450e-02	-1.021557e+00
6.080000e-06	-4.896518e-02	-1.201713e+00
6.090000e-06	-8.430235e-02	-1.482108e+00
6.100000e-06	3.379115e-04	-1.462712e+00
6.110000e-06	1.213453e-01	-1.452707e+00
6.120000e-06	-6.872438e-02	-1.640687e+00
6.130000e-06	-9.144925e-02	-1.749076e+00
6.140000e-06	1.665474e-01	-1.779476e+00
6.150000e-06	-4.362461e-02	-1.855214e+00
6.160000e-06	-1.297972e-01	-2.030658e+00
6.170000e-06	1.266445e-01	-2.063717e+00
6.180000e-06	2.499257e-02	-2.171738e+00
6.190000e-06	-1.334166e-01	-2.399528e+00
6.200000e-06	9.698048e-02	-2.442182e+00
6.210000e-06	5.042294e-02	-2.528929e+00
6.220000e-06	-8.111398e-02	-2.706367e+00
6.230000e-06	5.657682e-02	-2.726450e+00
6.240000e-06	-1.266657e-02	-2.842088e+00
6.250000e-06	-5.455065e-02	-2.989605e+00
6.260000e-06	7.760745e-02	-3.095716e+00
6.270000e-06	-3.724213e-02	-3.190609e+00
6.280000e-06	-1.977232e-02	-3.254817e+00
6.290000e-06	8.338507e-02	-3.347980e+00
6.300000e-06	-7.321949e-02	-3.493796e+00
6.310000e-06	2.535471e-02	-3.568475e+00
6.320000e-06	4.018997e-02	-3.631135e+00
6.330000e-06	-7.333672e-02	-3.728298e+00
6.340000e-06	4.249376e-02	-3.844217e+00
6.350000e-06	2.455909e-02	-3.999079e+00
6.360000e-06	-2.435445e-02	-4.023212e+00
6.370000e-06	2.207262e-02	-4.129426e+00
6.380000e-06	-2.096188e-02	-4.222686e+00
6.390000e-06	1.369686e-02	-4.317320e+00
6.400000e-06	9.380697e-03	-4.389024e+00
6.410000e-06	-1.669794e-02	-4.441762e+00
6.420000e-06	2.167798e-02	-4.538901e+00
6.430000e-06	-1.364085e-02	-4.633767e+00
6.440000e-06	2.308636e-02	-4.716822e+00
6.450000e-06	3.879641e-03	-4.793557e+00
6.460000e-06	-1.959020e-02	-4.957446e+00
6.470000e-06	2.183116e-02	-4.990554e+00
6.480000e-06	-1.416610e-02	-5.075295e+00
6.490000e-06	1.878540e-02	-5.148576e+00
6.500000e-06	6.881264e-03	-5.261686e+00
6.510000e-06	-1.548889e-02	-5.289504e+00
6.520000e-06	2.095375e-02	-5.441792e+00
6.530000e-06	-1.642878e-03	-5.557027e+00
6.540000e-06	9.933664e-03	-5.630109e+00
6.550000e-06	-5.719989e-04	-5.644140e+00
6.560000e-06	-8.315864e-03	-5.736449e+00
6.570000e-06	1.690262e-02	-5.791059e+00
6.580000e-06	4.185836e-04	-5.885316e+00
6.590000e-06	9.280834e-03	-5.898422e+00
6.600000e-06	-3.338615e-04	-6.010608e+00
6.610000e-06	-1.233458e-04	-6.032159e+00
6.620000e-06	1.443744e-02	-6.075822e+00
6.630000e-06	-1.395842e-03	-6.142210e+00
6.640000e-06	7.740417e-03	-6.264318e+00
6.650000e-06	-1.092208e-03	-6.368497e+00
6.660000e-06	6.925226e-03	-6.441505e+00
6.670000e-06	1.373598e-02	-6.463259e+00
6.680000e-06	4.839198e-04	-6.484867e+00
6.690000e-06	5.946353e-03	-6.538027e+00
6.700000e-06	-2.564349e-03	-6.600581e+00
6.710000e-06	1.023866e-02	-6.652239e+00
6.720000e-06	9.137325e-03	-6.665916e+00
6.730000e-06	2.274665e-03	-6.707925e+00
6.740000e-06	5.631579e-03	-6.768100e+00
6.750000e-06	3.161024e-03	-6.800626e+00
6.760000e-06	1.176993e-02	-6.853233e+00
6.770000e-06	3.407171e-03	-6.866891e+00
6.780000e-06	3.218332e-03	-6.948574e+00
6.790000e-06	5.762243e-03	-7.031284e+00
6.800000e-06	9.068225e-03	-7.083868e+00
6.810000e-06	1.058886e-02	-7.086941e+00
6.820000e-06	3.382338e-03	-7.167999e+00
6.830000e-06	4.548149e-03	-7.188524e+00
6.840000e-06	6.359594e-03	-7.240027e+00
6.850000e-06	9.035435e-03	-7.202105e+00
6.860000e-06	8.971515e-03	-7.242108e+00
6.870000e-06	4.631412e-03	-7.254209e+00
6.880000e-06	6.375841e-03	-7.286314e+00
6.890000e-06	9.803292e-03	-7.284440e+00
6.900000e-06	9.940258e-03	-7.328449e+00
6.910000e-06	5.496585e-03	-7.355421e+00
6.920000e-06	4.737507e-03	-7.379925e+00
6.930000e-06	8.419031e-03	-7.330447e+00
6.940000e-06	1.027072e-02	-7.389075e+00
6.950000e-06	8.953836e-03	-7.421024e+00
6.960000e-06	6.491096e-03	-7.430580e+00
6.970000e-06	7.694753e-03	-7.421152e+00
6.980000e-06	1.088909e-02	-7.422209e+00
6.990000e-06	1.063750e-02	-7.451156e+00
7.000000e-06	8.624126e-03	-7.431256e+00
7.010000e-06	7.523496e-03	-7.452681e+00
7.020000e-06	9.769109e-03	-7.421710e+00
7.030000e-06	1.299435e-02	-7.453153e+00
7.040000e-06	1.112919e-02	-7.414685e+00
7.050000e-06	1.065312e-02	-7.443730e+00
7.060000e-06	1.017561e-02	-7.431610e+00
7.070000e-06	1.247893e-02	-7.432158e+00
7.080000e-06	1.218217e-02	-7.412257e+00
7.090000e-06	1.103167e-02	-7.420154e+00
7.100000e-06	1.082884e-02	-7.391103e+00
7.110000e-06	1.267538e-02	-7.380000e+00
7.120000e-06	1.663484e-02	-7.408049e+00
7.130000e-06	1.413694e-02	-7.350997e+00
7.140000e-06	1.335588e-02	-7.353919e+00
7.150000e-06	1.147655e-02	-7.316395e+00
7.160000e-06	1.569158e-02	-7.317339e+00
7.170000e-06	1.522490e-02	-7.234259e+00
7.180000e-06	1.589960e-02	-7.252585e+00
7.190000e-06	1.506218e-02	-7.221603e+00
7.200000e-06	1.661305e-02	-7.220028e+00
7.210000e-06	1.789789e-02	-7.208549e+00
7.220000e-06	1.811591e-02	-7.167447e+00
7.230000e-06	1.621978e-02	-7.138420e+00
7.240000e-06	1.662257e-02	-7.084868e+00
7.250000e-06	1.952407e-02	-7.052185e+00
7.260000e-06	2.057266e-02	-7.009099e+00
7.270000e-06	2.065821e-02	-6.945941e+00
7.280000e-06	1.860190e-02	-6.893284e+00
7.290000e-06	1.952046e-02	-6.844159e+00
7.300000e-06	2.235103e-02	-6.810027e+00
7.310000e-06	2.345179e-02	-6.789473e+00
7.320000e-06	2.170706e-02	-6.747941e+00
7.330000e-06	2.164132e-02	-6.704287e+00
7.340000e-06	2.269221e-02	-6.664230e+00
7.350000e-06	2.433960e-02	-6.598551e+00
7.360000e-06	2.367115e-02	-6.558897e+00
7.370000e-06	2.146031e-02	-6.484339e+00
7.380000e-06	2.097230e-02	-6.443654e+00
7.390000e-06	2.130050e-02	-6.410575e+00
7.400000e-06	2.128336e-02	-6.377492e+00
7.410000e-06	1.943839e-02	-6.245839e+00
7.420000e-06	1.759684e-02	-6.262080e+00
7.430000e-06	1.769336e-02	-6.126917e+00
7.440000e-06	1.764940e-02	-6.061754e+00
7.450000e-06	1.641193e-02	-6.011000e+00
7.460000e-06	1.422880e-02	-5.957421e+00
7.470000e-06	1.312551e-02	-5.885759e+00
7.480000e-06	1.183978e-02	-5.830600e+00
7.490000e-06	1.281911e-02	-5.768342e+00
7.500000e-06	8.835493e-03	-5.673282e+00
7.510000e-06	8.090817e-03	-5.600123e+00
7.520000e-06	7.700136e-03	-5.576946e+00
7.530000e-06	9.216930e-03	-5.462663e+00
7.540000e-06	8.968505e-03	-5.357965e+00
7.550000e-06	7.358721e-03	-5.221255e+00
7.560000e-06	5.984899e-03	-5.178369e+00
7.570000e-06	5.678257e-03	-5.083285e+00
7.580000e-06	4.323712e-03	-4.980099e+00
7.590000e-06	3.205426e-03	-4.926363e+00
7.600000e-06	2.961176e-03	-4.797167e+00
7.610000e-06	3.175516e-03	-4.673334e+00
7.620000e-06	4.415773e-03	-4.610530e+00
7.630000e-06	4.825549e-03	-4.487418e+00
7.640000e-06	3.060802e-03	-4.423659e+00
7.650000e-06	1.888365e-03	-4.390023e+00
7.660000e-06	1.289186e-03	-4.307943e+00
7.670000e-06	1.058334e-03	-4.252682e+00
7.680000e-06	7.527290e-04	-4.167497e+00
7.690000e-06	6.158102e-04	-4.083708e+00
7.700000e-06	4.446159e-04	-4.000050e+00
7.710000e-06	1.167013e-03	-3.947366e+00
7.720000e-06	1.379250e-03	-3.768994e+00
7.730000e-06	8.717083e-05	-3.663679e+00
7.740000e-06	-7.366740e-04	-3.599446e+00
7.750000e-06	-1.294008e-03	-3.495913e+00
7.760000e-06	-9.583892e-04	-3.401101e+00
7.770000e-06	-1.267993e-03	-3.335369e+00
7.780000e-06	-1.525798e-03	-3.211101e+00
7.790000e-06	-1.345144e-03	-3.186416e+00
7.800000e-06	-1.927884e-03	-3.010026e+00
7.810000e-06	-9.627739e-04	-2.841664e+00
7.820000e-06	-1.223800e-03	-2.780047e+00
7.830000e-06	-2.551886e-03	-2.714858e+00
7.840000e-06	-2.370473e-03	-2.630021e+00
7.850000e-06	-3.447521e-03	-2.485612e+00
7.860000e-06	-3.482909e-03	-2.430575e+00
7.870000e-06	-3.085328e-03	-2.337340e+00
7.880000e-06	-3.875246e-03	-2.199491e+00
7.890000e-06	-2.828518e-03	-2.063104e+00
7.900000e-06	-2.650225e-03	-1.987972e+00
7.910000e-06	-2.792047e-03	-1.913735e+00
7.920000e-06	-3.412235e-03	-1.778444e+00
7.930000e-06	-4.178786e-03	-1.673610e+00
7.940000e-06	-4.944908e-03	-1.598995e+00
7.950000e-06	-3.886346e-03	-1.493284e+00
7.960000e-06	-3.904750e-03	-1.325290e+00
7.970000e-06	-4.163653e-03	-1.179024e+00
7.980000e-06	-4.276597e-03	-1.072283e+00
7.990000e-06	-4.598130e-03	-9.899237e-01
8.000000e-06	-4.526178e-03	-8.531828e-01
8.010000e-06	-4.846237e-03	-7.694249e-01
8.020000e-06	-5.067433e-03	-6.737643e-01
8.030000e-06	-5.447395e-03	-5.163330e-01
8.040000e-06	-5.248715e-03	-4.310525e-01
8.050000e-06	-5.486473e-03	-3.553396e-01
8.060000e-06	-4.804009e-03	-2.320250e-01
8.070000e-06	-5.100251e-03	-1.453909e-01
8.080000e-06	-4.048540e-03	7.399791e-03
8.090000e-06	-2.592040e-03	7.253038e-02
8.100000e-06	-7.536901e-04	1.572974e-01
8.110000e-06	-2.060999e-03	3.162685e-01
8.120000e-06	-2.102981e-03	4.000024e-01
8.130000e-06	-2.338027e-03	4.762168e-01
8.140000e-06	-3.422637e-03	5.885049e-01
8.150000e-06	-5.485509e-04	7.058132e-01
8.160000e-06	2.000615e-02	7.785549e-01
8.170000e-06	4.990165e-02	8.667221e-01
8.180000e-06	4.564148e-03	1.106924e+00
8.190000e-06	-7.002154e-02	1.242160e+00
8.200000e-06	-9.194572e-02	1.346792e+00
8.210000e-06	6.462668e-02	1.379557e+00
8.220000e-06	6.959912e-02	1.559649e+00
8.230000e-06	-1.173968e-01	1.746266e+00
8.240000e-06	-3.311913e-02	1.739343e+00
8.250000e-06	1.439391e-01	1.845790e+00
8.260000e-06	-9.849216e-02	1.999001e+00
8.270000e-06	-6.513570e-02	2.011504e+00
8.280000e-06	1.181079e-01	2.117322e+00
8.290000e-06	-8.040981e-02	2.263312e+00
8.300000e-06	-7.095712e-02	2.366774e+00
8.310000e-06	1.189250e-01	2.424133e+00
8.320000e-06	-2.833141e-02	2.542004e+00
8.330000e-06	-5.061781e-02	2.655237e+00
8.340000e-06	4.616714e-02	2.779455e+00
8.350000e-06	-4.531625e-02	2.877738e+00
8.360000e-06	-1.150249e-03	2.947900e+00
8.370000e-06	1.953990e-02	3.064709e+00
8.380000e-06	-3.539016e-02	3.158426e+00
8.390000e-06	6.929829e-03	3.222587e+00
8.400000e-06	1.999332e-02	3.317874e+00
8.410000e-06	-3.996749e-02	3.455187e+00
8.420000e-06	1.148167e-02	3.570976e+00
8.430000e-06	-5.687101e-03	3.653208e+00
8.440000e-06	-4.047667e-02	3.727977e+00
8.450000e-06	2.480518e-02	3.854085e+00
8.460000e-06	1.138558e-02	3.917921e+00
8.470000e-06	-2.321767e-02	4.001003e+00
8.480000e-06	-1.485597e-02	4.105742e+00
8.490000e-06	4.579658e-03	4.171139e+00
8.500000e-06	-1.086208e-02	4.297392e+00
8.510000e-06	-6.040866e-03	4.433053e+00
8.520000e-06	-4.883510e-03	4.487264e+00
8.530000e-06	-1.788276e-02	4.578575e+00
8.540000e-06	3.927818e-03	4.662660e+00
8.550000e-06	6.747945e-03	4.729944e+00
8.560000e-06	-1.625095e-02	4.811629e+00
8.570000e-06	-1.898301e-02	4.876402e+00
8.580000e-06	-4.025374e-03	5.094687e+00
8.590000e-06	-3.957648e-03	5.169449e+00
8.600000e-06	-2.483925e-04	5.252607e+00
8.610000e-06	-1.312327e-02	5.297892e+00
8.620000e-06	-1.438523e-02	5.401131e+00
8.630000e-06	-1.045107e-03	5.474734e+00
8.640000e-06	-8.594869e-04	5.517418e+00
8.650000e-06	-9.107622e-03	5.599027e+00
8.660000e-06	-1.956030e-02	5.643186e+00
8.670000e-06	-6.615602e-03	5.729847e+00
8.680000e-06	-1.957768e-03	5.783183e+00
8.690000e-06	-3.117076e-03	5.895370e+00
8.700000e-06	-1.295477e-02	5.961497e+00
8.710000e-06	-1.594873e-02	6.031105e+00
8.720000e-06	-4.222364e-03	6.086814e+00
8.730000e-06	-3.865481e-03	6.138420e+00
8.740000e-06	-8.253286e-03	6.211053e+00
8.750000e-06	-1.582725e-02	6.253763e+00
8.760000e-06	-9.624214e-03	6.317316e+00
8.770000e-06	-3.678009e-03	6.368950e+00
8.780000e-06	-5.596160e-03	6.389051e+00
8.790000e-06	-1.407557e-02	6.424755e+00
8.800000e-06	-1.597820e-02	6.495917e+00
8.810000e-06	-9.465071e-03	6.580498e+00
8.820000e-06	-4.536800e-03	6.692783e+00
8.830000e-06	-8.167719e-03	6.727868e+00
8.840000e-06	-1.530983e-02	6.767471e+00
8.850000e-06	-1.235938e-02	6.809025e+00
8.860000e-06	-8.689721e-03	6.831054e+00
8.870000e-06	-7.148534e-03	6.854259e+00
8.880000e-06	-1.467066e-02	6.875238e+00
8.890000e-06	-1.660313e-02	6.927317e+00
8.900000e-06	-1.078959e-02	6.980473e+00
8.910000e-06	-5.089342e-03	6.990030e+00
8.920000e-06	-9.089193e-03	7.062230e+00
8.930000e-06	-1.778946e-02	7.093185e+00
8.940000e-06	-1.473916e-02	7.095293e+00
8.950000e-06	-1.021936e-02	7.127869e+00
8.960000e-06	-8.802015e-03	7.166944e+00
8.970000e-06	-1.366672e-02	7.168525e+00
8.980000e-06	-1.708781e-02	7.200026e+00
8.990000e-06	-1.368284e-02	7.211051e+00
9.000000e-06	-1.080834e-02	7.220101e+00
9.010000e-06	-1.168377e-02	7.251158e+00
9.020000e-06	-1.689683e-02	7.213733e+00
9.030000e-06	-1.670276e-02	7.273788e+00
9.040000e-06	-1.318721e-02	7.274260e+00
9.050000e-06	-1.035665e-02	7.305813e+00
9.060000e-06	-1.554630e-02	7.268989e+00
9.070000e-06	-1.805628e-02	7.326866e+00
9.080000e-06	-1.763366e-02	7.359421e+00
9.090000e-06	-1.321243e-02	7.377451e+00
9.100000e-06	-1.360761e-02	7.369078e+00
9.110000e-06	-1.772027e-02	7.329997e+00
9.120000e-06	-1.870419e-02	7.349697e+00
9.130000e-06	-1.626645e-02	7.420022e+00
9.140000e-06	-1.360969e-02	7.329173e+00
9.150000e-06	-1.685558e-02	7.381574e+00
9.160000e-06	-2.083742e-02	7.387397e+00
9.170000e-06	-2.033158e-02	7.348944e+00
9.180000e-06	-1.628139e-02	7.357522e+00
9.190000e-06	-1.644212e-02	7.337019e+00
9.200000e-06	-1.963238e-02	7.313939e+00
9.210000e-06	-2.260060e-02	7.264834e+00
9.220000e-06	-2.081794e-02	7.263188e+00
9.230000e-06	-1.833965e-02	7.272730e+00
9.240000e-06	-1.926744e-02	7.221155e+00
9.250000e-06	-2.307782e-02	7.190526e+00
9.260000e-06	-2.251488e-02	7.190050e+00
9.270000e-06	-2.161104e-02	7.180474e+00
9.280000e-06	-2.138441e-02	7.179945e+00
9.290000e-06	-2.401089e-02	7.148413e+00
9.300000e-06	-2.591030e-02	7.066313e+00
9.310000e-06	-2.382738e-02	7.092808e+00
9.320000e-06	-2.200356e-02	7.033661e+00
9.330000e-06	-2.309069e-02	7.010624e+00
9.340000e-06	-2.661300e-02	6.992024e+00
9.350000e-06	-2.594376e-02	6.976992e+00
9.360000e-06	-2.546390e-02	6.885861e+00
9.370000e-06	-2.348632e-02	6.854159e+00
9.380000e-06	-2.799481e-02	6.841676e+00
9.390000e-06	-2.927789e-02	6.810525e+00
9.400000e-06	-2.975329e-02	6.819521e+00
9.410000e-06	-2.817080e-02	6.767817e+00
9.420000e-06	-2.823287e-02	6.696310e+00
9.430000e-06	-2.945554e-02	6.621253e+00
9.440000e-06	-3.048979e-02	6.547464e+00
9.450000e-06	-2.906860e-02	6.463304e+00
9.460000e-06	-2.791238e-02	6.442581e+00
9.470000e-06	-2.861392e-02	6.420446e+00
9.480000e-06	-3.020341e-02	6.347867e+00
9.490000e-06	-3.013811e-02	6.274787e+00
9.500000e-06	-2.750278e-02	6.231579e+00
9.510000e-06	-2.621274e-02	6.229520e+00
9.520000e-06	-2.605742e-02	6.137866e+00
9.530000e-06	-2.577473e-02	6.084684e+00
9.540000e-06	-2.398711e-02	6.041076e+00
9.550000e-06	-2.226579e-02	5.989946e+00
9.560000e-06	-2.141004e-02	5.916339e+00
9.570000e-06	-2.141852e-02	5.782077e+00
9.580000e-06	-2.091506e-02	5.725815e+00
9.590000e-06	-1.919685e-02	5.621179e+00
9.600000e-06	-1.758558e-02	5.580022e+00
9.610000e-06	-1.800160e-02	5.526363e+00
9.620000e-06	-1.777398e-02	5.412730e+00
9.630000e-06	-1.638127e-02	5.368521e+00
9.640000e-06	-1.501893e-02	5.274336e+00
9.650000e-06	-1.364678e-02	5.231149e+00
9.660000e-06	-1.377019e-02	5.127364e+00
9.670000e-06	-1.477305e-02	5.001595e+00
9.680000e-06	-1.393776e-02	4.873763e+00
9.690000e-06	-1.209653e-02	4.820449e+00
9.700000e-06	-1.140064e-02	4.768317e+00
9.710000e-06	-1.345704e-02	4.642680e+00
9.720000e-06	-1.320094e-02	4.579974e+00
9.730000e-06	-1.055375e-02	4.494735e+00
9.740000e-06	-9.638183e-03	4.441126e+00
9.750000e-06	-1.047286e-02	4.409421e+00
9.760000e-06	-1.190741e-02	4.295653e+00
9.770000e-06	-1.147150e-02	4.218841e+00
9.780000e-06	-9.849001e-03	4.011604e+00
9.790000e-06	-9.494572e-03	3.958393e+00
9.800000e-06	-1.034310e-02	3.894284e+00
9.810000e-06	-1.040355e-02	3.799971e+00
9.820000e-06	-9.212724e-03	3.726308e+00
9.830000e-06	-8.282315e-03	3.631076e+00
9.840000e-06	-8.521611e-03	3.567865e+00
9.850000e-06	-8.604144e-03	3.465150e+00
9.860000e-06	-8.535442e-03	3.294782e+00
9.870000e-06	-7.574473e-03	3.170995e+00
9.880000e-06	-6.107724e-03	3.115762e+00
9.890000e-06	-8.537207e-03	3.011051e+00
9.900000e-06	-6.466419e-03	2.927338e+00
9.910000e-06	-9.836354e-03	2.811628e+00
9.920000e-06	-5.804841e-03	2.757392e+00
9.930000e-06	-9.066044e-03	2.682576e+00
9.940000e-06	-4.834019e-03	2.514809e+00
9.950000e-06	-6.526553e-03	2.400520e+00
9.960000e-06	-4.094390e-03	2.304285e+00
9.970000e-06	-4.973650e-03	2.209969e+00
9.980000e-06	-7.276942e-03	2.084255e+00
9.990000e-06	-7.635594e-03	2.039974e+00
1.000000e-05	-8.061433e-03	1.937361e+00
1.001000e-05	-6.625150e-03	1.811997e+00
1.002000e-05	-5.616039e-03	1.703783e+00
1.003000e-05	-4.853821e-03	1.579501e+00
1.004000e-05	-4.678738e-03	1.471629e+00
1.005000e-05	-2.775246e-03	1.367892e+00
1.006000e-05	-4.638666e-03	1.250658e+00
1.007000e-05	-6.264669e-03	1.138913e+00
1.008000e-05	-8.657792e-03	1.021893e+00
1.009000e-05	-6.113116e-03	8.920764e-01
1.010000e-05	-4.052375e-03	8.079436e-01
1.011000e-05	-3.872310e-03	7.126540e-01
1.012000e-05	-4.065456e-03	5.478168e-01
1.013000e-05	-4.666795e-03	4.221063e-01
1.014000e-05	-1.756365e-03	3.899445e-01
1.015000e-05	-4.263230e-03	3.120765e-01
1.016000e-05	-5.824967e-03	1.143078e-01
1.017000e-05	-8.553017e-03	-1.000013e-02
1.018000e-05	-3.155451e-03	-5.326440e-02
1.019000e-05	1.095758e-03	-1.485290e-01
1.020000e-05	4.294877e-03	-2.847909e-01
1.021000e-05	-1.036319e-03	-3.399276e-01
1.022000e-05	-1.012630e-03	-4.226591e-01
1.023000e-05	-1.440802e-03	-5.590791e-01
1.024000e-05	-8.567645e-04	-7.158699e-01
1.025000e-05	3.704606e-03	-7.805288e-01
1.026000e-05	4.041754e-02	-8.643083e-01
1.027000e-05	5.504343e-02	-1.010058e+00
1.028000e-05	-4.324100e-02	-1.231189e+00
1.029000e-05	-8.312859e-02	-1.421659e+00
1.030000e-05	-1.180832e-02	-1.463635e+00
1.031000e-05	1.238370e-01	-1.431612e+00
1.032000e-05	-6.290643e-02	-1.612583e+00
1.033000e-05	-9.886641e-02	-1.788947e+00
1.034000e-05	1.599707e-01	-1.809549e+00
1.035000e-05	-2.701686e-02	-1.844295e+00
1.036000e-05	-1.342610e-01	-2.024235e+00
1.037000e-05	1.144180e-01	-2.073217e+00
1.038000e-05	3.977977e-02	-2.181687e+00
1.039000e-05	-1.355039e-01	-2.400504e+00
1.040000e-05	8.078313e-02	-2.421613e+00
1.041000e-05	6.188601e-02	-2.557001e+00
1.042000e-05	-8.244168e-02	-2.676345e+00
1.043000e-05	4.988563e-02	-2.768475e+00
1.044000e-05	-2.432244e-03	-2.831591e+00
1.045000e-05	-6.256265e-02	-2.971035e+00
1.046000e-05	7.673530e-02	-3.095313e+00
1.047000e-05	-2.860007e-02	-3.181008e+00
1.048000e-05	-2.722115e-02	-3.325286e+00
1.049000e-05	8.512481e-02	-3.357976e+00
1.050000e-05	-6.805537e-02	-3.433262e+00
1.051000e-05	1.737313e-02	-3.589000e+00
1.052000e-05	4.502020e-02	-3.580104e+00
1.053000e-05	-7.400029e-02	-3.717524e+00
1.054000e-05	3.537002e-02	-3.904813e+00
1.055000e-05	3.267998e-02	-3.881005e+00
1.056000e-05	-2.540978e-02	-4.073156e+00
1.057000e-05	2.748228e-02	-4.087446e+00
1.058000e-05	-1.983809e-02	-4.211136e+00
1.059000e-05	1.241906e-02	-4.295368e+00
1.060000e-05	9.150416e-03	-4.380553e+00
1.061000e-05	-1.905877e-02	-4.443334e+00
1.062000e-05	2.176368e-02	-4.537001e+00
1.063000e-05	-1.219615e-02	-4.643163e+00
1.064000e-05	2.298248e-02	-4.726317e+00
1.065000e-05	9.028776e-03	-4.769706e+00
1.066000e-05	-1.893943e-02	-4.895870e+00
1.067000e-05	2.152574e-02	-4.978604e+00
1.068000e-05	-1.393414e-02	-5.065818e+00
1.069000e-05	1.500071e-02	-5.167974e+00
1.070000e-05	8.241802e-03	-5.261659e+00
1.071000e-05	-1.719012e-02	-5.349500e+00
1.072000e-05	2.140010e-02	-5.434789e+00
1.073000e-05	1.166346e-03	-5.527476e+00
1.074000e-05	9.501979e-03	-5.609556e+00
1.075000e-05	1.548653e-03	-5.643241e+00
1.076000e-05	-8.991163e-03	-5.738475e+00
1.077000e-05	1.590053e-02	-5.800628e+00
1.078000e-05	1.004038e-03	-5.875342e+00
1.079000e-05	7.123784e-03	-5.936895e+00
1.080000e-05	5.105523e-05	-6.000576e+00
1.081000e-05	-1.432778e-03	-6.051658e+00
1.082000e-05	1.541355e-02	-6.105317e+00
1.083000e-05	-9.610231e-04	-6.198208e+00
1.084000e-05	7.580704e-03	-6.273840e+00
1.085000e-05	-1.927492e-04	-6.357447e+00
1.086000e-05	5.352733e-03	-6.380028e+00
1.087000e-05	1.260282e-02	-6.421660e+00
1.088000e-05	-1.120771e-03	-6.475817e+00
1.089000e-05	5.429242e-03	-6.507972e+00
1.090000e-05	-1.771223e-03	-6.591477e+00
1.091000e-05	9.542162e-03	-6.633663e+00
1.092000e-05	9.054765e-03	-6.676368e+00
1.093000e-05	2.106994e-03	-6.748445e+00
1.094000e-05	5.874373e-03	-6.808000e+00
1.095000e-05	2.942262e-03	-6.800132e+00
1.096000e-05	1.026616e-02	-6.843205e+00
1.097000e-05	4.118291e-03	-6.928843e+00
1.098000e-05	3.039392e-03	-6.898626e+00
1.099000e-05	4.338701e-03	-6.981703e+00
1.100000e-05	6.936861e-03	-7.084868e+00
1.101000e-05	1.013490e-02	-7.128849e+00
1.102000e-05	3.680346e-03	-7.137475e+00
1.103000e-05	4.415414e-03	-7.199503e+00
1.104000e-05	5.095372e-03	-7.200529e+00
1.105000e-05	9.129066e-03	-7.212084e+00
1.106000e-05	9.515899e-03	-7.254134e+00
1.107000e-05	4.803245e-03	-7.252238e+00
1.108000e-05	5.012409e-03	-7.304737e+00
1.109000e-05	8.192890e-03	-7.316299e+00
1.110000e-05	9.281056e-03	-7.317399e+00
1.111000e-05	6.991780e-03	-7.338922e+00
1.112000e-05	4.513330e-03	-7.326994e+00
1.113000e-05	7.474268e-03	-7.360472e+00
1.114000e-05	1.067681e-02	-7.379978e+00
1.115000e-05	1.056340e-02	-7.420528e+00
1.116000e-05	7.538151e-03	-7.401581e+00
1.117000e-05	7.077036e-03	-7.422155e+00
1.118000e-05	1.043210e-02	-7.421729e+00
1.119000e-05	1.121766e-02	-7.463208e+00
1.120000e-05	1.036095e-02	-7.413134e+00
1.121000e-05	7.080238e-03	-7.442684e+00
1.122000e-05	9.650186e-03	-7.453710e+00
1.123000e-05	1.177144e-02	-7.451709e+00
1.124000e-05	1.237577e-02	-7.424760e+00
1.125000e-05	1.038153e-02	-7.412207e+00
1.126000e-05	9.321146e-03	-7.430633e+00
1.127000e-05	1.221864e-02	-7.423680e+00
1.128000e-05	1.376901e-02	-7.421000e+00
1.129000e-05	1.280763e-02	-7.420629e+00
1.130000e-05	1.109132e-02	-7.410548e+00
1.131000e-05	1.184180e-02	-7.381554e+00
1.132000e-05	1.447791e-02	-7.360045e+00
1.133000e-05	1.536897e-02	-7.367896e+00
1.134000e-05	1.380532e-02	-7.318920e+00
1.135000e-05	1.295127e-02	-7.316340e+00
1.136000e-05	1.517075e-02	-7.285267e+00
1.137000e-05	1.704187e-02	-7.274259e+00
1.138000e-05	1.676534e-02	-7.240160e+00
1.139000e-05	1.525481e-02	-7.211154e+00
1.140000e-05	1.457745e-02	-7.210575e+00
1.141000e-05	1.634584e-02	-7.200979e+00
1.142000e-05	1.806511e-02	-7.119499e+00
1.143000e-05	1.756834e-02	-7.136918e+00
1.144000e-05	1.714552e-02	-7.084340e+00
1.145000e-05	1.822432e-02	-7.082184e+00
1.146000e-05	1.964145e-02	-6.988055e+00
1.147000e-05	2.090090e-02	-6.917370e+00
1.148000e-05	1.918950e-02	-6.864238e+00
1.149000e-05	1.967600e-02	-6.831656e+00
1.150000e-05	2.064489e-02	-6.810526e+00
1.151000e-05	2.227896e-02	-6.778950e+00
1.152000e-05	2.166962e-02	-6.756920e+00
1.153000e-05	2.223697e-02	-6.695238e+00
1.154000e-05	2.165618e-02	-6.662706e+00
1.155000e-05	2.283042e-02	-6.632079e+00
1.156000e-05	2.317779e-02	-6.538445e+00
1.157000e-05	2.202347e-02	-6.506863e+00
1.158000e-05	2.073074e-02	-6.462634e+00
1.159000e-05	2.138104e-02	-6.391050e+00
1.160000e-05	2.168905e-02	-6.397974e+00
1.161000e-05	2.006497e-02	-6.295187e+00
1.162000e-05	1.742124e-02	-6.232100e+00
1.163000e-05	1.609229e-02	-6.156918e+00
1.164000e-05	1.469466e-02	-6.063659e+00
1.165000e-05	1.581812e-02	-6.010001e+00
1.166000e-05	1.479220e-02	-5.917946e+00
1.167000e-05	1.422732e-02	-5.896862e+00
1.168000e-05	1.269077e-02	-5.849573e+00
1.169000e-05	1.219891e-02	-5.738068e+00
1.170000e-05	8.343860e-03	-5.644183e+00
1.171000e-05	8.296550e-03	-5.601049e+00
1.172000e-05	5.864205e-03	-5.557421e+00
1.173000e-05	8.297885e-03	-5.523279e+00
1.174000e-05	7.966167e-03	-5.297016e+00
1.175000e-05	7.993746e-03	-5.243704e+00
1.176000e-05	6.968657e-03	-5.180445e+00
1.177000e-05	6.338040e-03	-5.094734e+00
1.178000e-05	4.327717e-03	-5.011576e+00
1.179000e-05	3.305206e-03	-4.906843e+00
1.180000e-05	2.563649e-03	-4.798622e+00
1.181000e-05	3.342198e-03	-4.704237e+00
1.182000e-05	4.009540e-03	-4.623676e+00
1.183000e-05	3.951277e-03	-4.566867e+00
1.184000e-05	3.604970e-03	-4.453258e+00
1.185000e-05	2.536289e-03	-4.399523e+00
1.186000e-05	2.448706e-03	-4.347467e+00
1.187000e-05	1.124688e-03	-4.263154e+00
1.188000e-05	1.409648e-03	-4.179473e+00
1.189000e-05	1.040235e-03	-4.062758e+00
1.190000e-05	1.545054e-03	-4.030576e+00
1.191000e-05	2.247790e-03	-3.926833e+00
1.192000e-05	1.498897e-03	-3.800550e+00
1.193000e-05	-9.350366e-05	-3.683580e+00
1.194000e-05	-3.910063e-04	-3.599524e+00
1.195000e-05	2.852092e-04	-3.516261e+00
1.196000e-05	-8.013674e-04	-3.420026e+00
1.197000e-05	-1.602468e-03	-3.294317e+00
1.198000e-05	-1.348680e-03	-3.241605e+00
1.199000e-05	-1.158716e-03	-3.149393e+00
1.200000e-05	-8.160943e-04	-3.041079e+00
1.201000e-05	-7.461616e-04	-2.883258e+00
1.202000e-05	-1.973972e-03	-2.800496e+00
1.203000e-05	-2.485468e-03	-2.755313e+00
1.204000e-05	-2.862414e-03	-2.600575e+00
1.205000e-05	-2.516243e-03	-2.483304e+00
1.206000e-05	-2.981582e-03	-2.410025e+00
1.207000e-05	-3.387009e-03	-2.347864e+00
1.208000e-05	-2.617898e-03	-2.212069e+00
1.209000e-05	-2.280461e-03	-2.072610e+00
1.210000e-05	-2.267109e-03	-1.988972e+00
1.211000e-05	-3.570314e-03	-1.893132e+00
1.212000e-05	-4.305412e-03	-1.799500e+00
1.213000e-05	-4.658913e-03	-1.703685e+00
1.214000e-05	-4.504604e-03	-1.569947e+00
1.215000e-05	-3.959501e-03	-1.505858e+00
1.216000e-05	-4.920150e-03	-1.347367e+00
1.217000e-05	-4.333525e-03	-1.220974e+00
1.218000e-05	-4.041509e-03	-1.094658e+00
1.219000e-05	-3.950216e-03	-9.885211e-01
1.220000e-05	-4.807458e-03	-9.126792e-01
1.221000e-05	-5.753027e-03	-8.200000e-01
1.222000e-05	-5.378521e-03	-7.031883e-01
1.223000e-05	-5.469122e-03	-5.462895e-01
1.224000e-05	-5.228892e-03	-4.116001e-01
1.225000e-05	-5.538920e-03	-3.368410e-01
1.226000e-05	-6.225484e-03	-2.521515e-01
1.227000e-05	-5.066820e-03	-1.283357e-01
1.228000e-05	-2.796563e-03	-2.163125e-02
1.229000e-05	-2.557813e-03	5.260651e-02
1.230000e-05	-8.344323e-04	1.579011e-01
1.231000e-05	-3.086659e-03	3.163159e-01
1.232000e-05	-3.316731e-03	3.895027e-01
1.233000e-05	-2.835432e-03	4.747169e-01
1.234000e-05	-3.830537e-03	5.889750e-01
1.235000e-05	-1.093758e-03	6.843134e-01
1.236000e-05	1.805378e-02	7.699503e-01
1.237000e-05	5.052605e-02	8.757957e-01
1.238000e-05	1.065223e-02	1.117823e+00
1.239000e-05	-6.630349e-02	1.252709e+00
1.240000e-05	-9.447482e-02	1.275269e+00
1.241000e-05	5.367541e-02	1.410027e+00
1.242000e-05	7.757469e-02	1.530002e+00
1.243000e-05	-1.120961e-01	1.735319e+00
1.244000e-05	-4.926150e-02	1.736741e+00
1.245000e-05	1.501796e-01	1.866764e+00
1.246000e-05	-8.817303e-02	1.989950e+00
1.247000e-05	-7.259426e-02	2.030529e+00
1.248000e-05	1.160011e-01	2.117772e+00
1.249000e-05	-6.806689e-02	2.284659e+00
1.250000e-05	-7.959862e-02	2.367900e+00
1.251000e-05	1.155531e-01	2.430509e+00
1.252000e-05	-1.742126e-02	2.537499e+00
1.253000e-05	-5.449789e-02	2.715214e+00
1.254000e-05	4.391244e-02	2.738951e+00
1.255000e-05	-4.106798e-02	2.905764e+00
1.256000e-05	-5.416982e-03	2.968946e+00
1.257000e-05	2.136311e-02	3.045209e+00
1.258000e-05	-3.206594e-02	3.158426e+00
1.259000e-05	2.784142e-03	3.231658e+00
1.260000e-05	2.533928e-02	3.276897e+00
1.261000e-05	-3.944548e-02	3.484214e+00
1.262000e-05	1.072378e-02	3.577976e+00
1.263000e-05	-2.767608e-03	3.662687e+00
1.264000e-05	-4.211149e-02	3.738420e+00
1.265000e-05	2.070918e-02	3.821659e+00
1.266000e-05	1.348764e-02	3.916847e+00
1.267000e-05	-2.190422e-02	4.009979e+00
1.268000e-05	-1.462856e-02	4.043739e+00
1.269000e-05	4.923273e-03	4.212158e+00
1.270000e-05	-9.731306e-03	4.357418e+00
1.271000e-05	-4.292200e-03	4.421034e+00
1.272000e-05	-6.379704e-03	4.506343e+00
1.273000e-05	-1.854177e-02	4.570525e+00
1.274000e-05	2.292222e-03	4.672708e+00
1.275000e-05	8.741851e-03	4.757947e+00
1.276000e-05	-1.647270e-02	4.812082e+00
1.277000e-05	-2.077681e-02	4.908822e+00
1.278000e-05	-3.457667e-03	5.064286e+00
1.279000e-05	-3.783804e-03	5.137448e+00
1.280000e-05	2.115855e-03	5.251180e+00
1.281000e-05	-1.143599e-02	5.326443e+00
1.282000e-05	-1.570221e-02	5.409529e+00
1.283000e-05	-2.336597e-03	5.433737e+00
1.284000e-05	-1.752481e-03	5.547872e+00
1.285000e-05	-1.009721e-02	5.609451e+00
1.286000e-05	-2.116676e-02	5.661158e+00
1.287000e-05	-6.526732e-03	5.708996e+00
1.288000e-05	-5.929889e-04	5.813109e+00
1.289000e-05	-2.916317e-04	5.886291e+00
1.290000e-05	-1.237528e-02	5.968474e+00
1.291000e-05	-1.684896e-02	6.011581e+00
1.292000e-05	-7.733004e-03	6.067338e+00
1.293000e-05	-5.312307e-03	6.128391e+00
1.294000e-05	-9.515902e-03	6.199529e+00
1.295000e-05	-1.718527e-02	6.244235e+00
1.296000e-05	-9.179866e-03	6.294368e+00
1.297000e-05	-3.193776e-03	6.348495e+00
1.298000e-05	-2.975130e-03	6.409580e+00
1.299000e-05	-1.332265e-02	6.483706e+00
1.300000e-05	-1.651508e-02	6.505815e+00
1.301000e-05	-1.156576e-02	6.600981e+00
1.302000e-05	-4.698375e-03	6.663639e+00
1.303000e-05	-8.784399e-03	6.686842e+00
1.304000e-05	-1.568701e-02	6.757446e+00
1.305000e-05	-1.273898e-02	6.779026e+00
1.306000e-05	-7.085241e-03	6.832053e+00
1.307000e-05	-6.170951e-03	6.844259e+00
1.308000e-05	-1.395635e-02	6.914833e+00
1.309000e-05	-1.661291e-02	6.937920e+00
1.310000e-05	-1.226633e-02	6.987525e+00
1.311000e-05	-6.010524e-03	7.031550e+00
1.312000e-05	-9.014270e-03	7.041131e+00
1.313000e-05	-1.522566e-02	7.033310e+00
1.314000e-05	-1.488222e-02	7.086288e+00
1.315000e-05	-1.117116e-02	7.116920e+00
1.316000e-05	-7.246285e-03	7.137420e+00
1.317000e-05	-1.250168e-02	7.138025e+00
1.318000e-05	-1.686871e-02	7.192024e+00
1.319000e-05	-1.393808e-02	7.200024e+00
1.320000e-05	-9.547490e-03	7.211600e+00
1.321000e-05	-1.035760e-02	7.251132e+00
1.322000e-05	-1.691112e-02	7.263659e+00
1.323000e-05	-1.740747e-02	7.273332e+00
1.324000e-05	-1.274787e-02	7.294766e+00
1.325000e-05	-9.759452e-03	7.276188e+00
1.326000e-05	-1.489197e-02	7.286944e+00
1.327000e-05	-1.867712e-02	7.367867e+00
1.328000e-05	-1.600748e-02	7.300072e+00
1.329000e-05	-1.095348e-02	7.330498e+00
1.330000e-05	-1.262727e-02	7.319022e+00
1.331000e-05	-1.765930e-02	7.360500e+00
1.332000e-05	-1.924258e-02	7.380096e+00
1.333000e-05	-1.553587e-02	7.371556e+00
1.334000e-05	-1.353447e-02	7.341173e+00
1.335000e-05	-1.775404e-02	7.377046e+00
1.336000e-05	-2.119421e-02	7.379542e+00
1.337000e-05	-1.966373e-02	7.349519e+00
1.338000e-05	-1.575169e-02	7.306567e+00
1.339000e-05	-1.497449e-02	7.357919e+00
1.340000e-05	-1.964339e-02	7.336268e+00
1.341000e-05	-2.337806e-02	7.305339e+00
1.342000e-05	-2.091838e-02	7.244260e+00
1.343000e-05	-1.831476e-02	7.272705e+00
1.344000e-05	-1.970142e-02	7.262655e+00
1.345000e-05	-2.319106e-02	7.210654e+00
1.346000e-05	-2.416050e-02	7.209951e+00
1.347000e-05	-2.069838e-02	7.168995e+00
1.348000e-05	-1.972552e-02	7.188421e+00
1.349000e-05	-2.259075e-02	7.157342e+00
1.350000e-05	-2.540868e-02	7.124813e+00
1.351000e-05	-2.483698e-02	7.074258e+00
1.352000e-05	-2.280855e-02	7.054160e+00
1.353000e-05	-2.278885e-02	7.030025e+00
1.354000e-05	-2.752564e-02	6.981473e+00
1.355000e-05	-2.732625e-02	6.968865e+00
1.356000e-05	-2.607465e-02	6.907289e+00
1.357000e-05	-2.348119e-02	6.855208e+00
1.358000e-05	-2.742932e-02	6.832630e+00
1.359000e-05	-2.927193e-02	6.800603e+00
1.360000e-05	-3.015946e-02	6.789397e+00
1.361000e-05	-2.797768e-02	6.717913e+00
1.362000e-05	-2.757298e-02	6.747313e+00
1.363000e-05	-3.063826e-02	6.592627e+00
1.364000e-05	-3.169950e-02	6.519488e+00
1.365000e-05	-3.016741e-02	6.495283e+00
1.366000e-05	-2.753045e-02	6.462101e+00
1.367000e-05	-2.922229e-02	6.380522e+00
1.368000e-05	-3.059049e-02	6.338441e+00
1.369000e-05	-2.906949e-02	6.285311e+00
1.370000e-05	-2.782320e-02	6.274128e+00
1.371000e-05	-2.683856e-02	6.201046e+00
1.372000e-05	-2.470800e-02	6.148392e+00
1.373000e-05	-2.542298e-02	6.064804e+00
1.374000e-05	-2.486283e-02	6.021130e+00
1.375000e-05	-2.386263e-02	5.979471e+00
1.376000e-05	-2.041721e-02	5.917317e+00
1.377000e-05	-1.970970e-02	5.882200e+00
1.378000e-05	-2.062114e-02	5.695794e+00
1.379000e-05	-1.980280e-02	5.641705e+00
1.380000e-05	-1.757997e-02	5.568997e+00
1.381000e-05	-1.597773e-02	5.545888e+00
1.382000e-05	-1.520002e-02	5.462658e+00
1.383000e-05	-1.684034e-02	5.398892e+00
1.384000e-05	-1.682081e-02	5.285784e+00
1.385000e-05	-1.458832e-02	5.241126e+00
1.386000e-05	-1.197554e-02	5.156862e+00
1.387000e-05	-1.308471e-02	4.991655e+00
1.388000e-05	-1.509085e-02	4.895259e+00
1.389000e-05	-1.379575e-02	4.801624e+00
1.390000e-05	-1.115090e-02	4.726918e+00
1.391000e-05	-1.021449e-02	4.661705e+00
1.392000e-05	-1.120433e-02	4.599044e+00
1.393000e-05	-1.262838e-02	4.495785e+00
1.394000e-05	-1.203954e-02	4.451078e+00
1.395000e-05	-1.034228e-02	4.358471e+00
1.396000e-05	-9.930858e-03	4.254782e+00
1.397000e-05	-1.076644e-02	4.189470e+00
1.398000e-05	-1.025488e-02	4.040575e+00
1.399000e-05	-8.840929e-03	3.978917e+00
1.400000e-05	-7.893170e-03	3.874259e+00
1.401000e-05	-9.271270e-03	3.809551e+00
1.402000e-05	-1.014286e-02	3.686214e+00
1.403000e-05	-9.324841e-03	3.600573e+00
1.404000e-05	-8.049395e-03	3.558970e+00
1.405000e-05	-7.565337e-03	3.431128e+00
1.406000e-05	-8.532827e-03	3.285229e+00
1.407000e-05	-8.443134e-03	3.200076e+00
1.408000e-05	-8.056443e-03	3.116784e+00
1.409000e-05	-6.979338e-03	3.031600e+00
1.410000e-05	-7.577103e-03	2.986812e+00
1.411000e-05	-7.532186e-03	2.863601e+00
1.412000e-05	-7.323130e-03	2.789918e+00
1.413000e-05	-7.093959e-03	2.693152e+00
1.414000e-05	-6.605821e-03	2.527282e+00
1.415000e-05	-6.885072e-03	2.399070e+00
1.416000e-05	-6.994561e-03	2.274259e+00
1.417000e-05	-5.738777e-03	2.210495e+00
1.418000e-05	-5.881727e-03	2.074283e+00
1.419000e-05	-6.167306e-03	2.000523e+00
1.420000e-05	-7.276684e-03	1.937367e+00
1.421000e-05	-6.578695e-03	1.788596e+00
1.422000e-05	-5.871722e-03	1.736208e+00
1.423000e-05	-4.788105e-03	1.631020e+00
1.424000e-05	-5.005775e-03	1.515151e+00
1.425000e-05	-5.385836e-03	1.358370e+00
1.426000e-05	-5.104241e-03	1.262630e+00
1.427000e-05	-5.448101e-03	1.148342e+00
1.428000e-05	-5.039418e-03	1.032076e+00
1.429000e-05	-5.931632e-03	9.011302e-01
1.430000e-05	-5.757278e-03	7.889947e-01
1.431000e-05	-4.302494e-03	6.931538e-01
1.432000e-05	-4.302395e-03	6.289658e-01
1.433000e-05	-3.803206e-03	4.726277e-01
1.434000e-05	-4.972039e-03	3.894699e-01
1.435000e-05	-4.206389e-03	3.127329e-01
1.436000e-05	-4.721159e-03	1.378090e-01
1.437000e-05	-4.904951e-03	4.984373e-04
1.438000e-05	-3.631230e-03	-4.366059e-02
1.439000e-05	-2.260981e-03	-1.610252e-01
1.440000e-05	1.814299e-03	-2.431158e-01
1.441000e-05	8.145903e-04	-3.594238e-01
1.442000e-05	4.534975e-06	-4.421091e-01
1.443000e-05	-8.648591e-04	-5.689302e-01
1.444000e-05	-9.641535e-04	-7.168174e-01
1.445000e-05	3.890770e-03	-7.804538e-01
1.446000e-05	3.890082e-02	-8.643410e-01
1.447000e-05	5.677291e-02	-9.900568e-01
1.448000e-05	-3.880879e-02	-1.201090e+00
1.449000e-05	-8.286113e-02	-1.392187e+00
1.450000e-05	-1.904190e-02	-1.413659e+00
1.451000e-05	1.284593e-01	-1.442580e+00
1.452000e-05	-5.580432e-02	-1.621112e+00
1.453000e-05	-1.052405e-01	-1.789900e+00
1.454000e-05	1.538785e-01	-1.799026e+00
1.455000e-05	-1.226953e-02	-1.862715e+00
1.456000e-05	-1.387619e-01	-2.050687e+00
1.457000e-05	9.849083e-02	-2.083746e+00
1.458000e-05	5.401394e-02	-2.191163e+00
1.459000e-05	-1.358837e-01	-2.379028e+00
1.460000e-05	6.509511e-02	-2.471607e+00
1.461000e-05	7.620003e-02	-2.528396e+00
1.462000e-05	-8.373673e-02	-2.685817e+00
1.463000e-05	4.214520e-02	-2.756947e+00
1.464000e-05	8.766848e-03	-2.833211e+00
1.465000e-05	-6.963676e-02	-2.911003e+00
1.466000e-05	7.276368e-02	-3.023717e+00
1.467000e-05	-2.235054e-02	-3.159508e+00
1.468000e-05	-3.403053e-02	-3.294820e+00
1.469000e-05	8.939679e-02	-3.328969e+00
1.470000e-05	-6.176193e-02	-3.442765e+00
1.471000e-05	8.724677e-03	-3.538474e+00
1.472000e-05	5.191530e-02	-3.621556e+00
1.473000e-05	-7.351478e-02	-3.737901e+00
1.474000e-05	3.084410e-02	-3.821337e+00
1.475000e-05	3.513653e-02	-3.919053e+00
1.476000e-05	-2.751194e-02	-4.065137e+00
1.477000e-05	2.373249e-02	-4.085917e+00
1.478000e-05	-1.749295e-02	-4.201660e+00
1.479000e-05	9.035450e-03	-4.286344e+00
1.480000e-05	1.461075e-02	-4.380476e+00
1.481000e-05	-1.990579e-02	-4.413110e+00
1.482000e-05	2.225631e-02	-4.526376e+00
1.483000e-05	-1.141697e-02	-4.642684e+00
1.484000e-05	1.975793e-02	-4.735843e+00
1.485000e-05	9.485326e-03	-4.799634e+00
1.486000e-05	-2.229499e-02	-4.917468e+00
1.487000e-05	1.971458e-02	-4.960555e+00
1.488000e-05	-1.194042e-02	-5.054212e+00
1.489000e-05	1.402650e-02	-5.136974e+00
1.490000e-05	1.198901e-02	-5.252141e+00
1.491000e-05	-1.657268e-02	-5.286450e+00
1.492000e-05	1.950234e-02	-5.411238e+00
1.493000e-05	1.057932e-03	-5.557446e+00
1.494000e-05	5.872608e-03	-5.621102e+00
1.495000e-05	2.502552e-03	-5.653317e+00
1.496000e-05	-1.036117e-02	-5.738444e+00
1.497000e-05	1.634216e-02	-5.810134e+00
1.498000e-05	1.646214e-03	-5.885213e+00
1.499000e-05	8.578013e-03	-5.936444e+00
1.500000e-05	1.962095e-03	-5.980029e+00
1.501000e-05	-3.662403e-03	-6.030656e+00
1.502000e-05	1.636587e-02	-6.083422e+00
1.503000e-05	-1.822256e-03	-6.170636e+00
1.504000e-05	7.391834e-03	-6.243865e+00
1.505000e-05	-6.296817e-04	-6.368500e+00
1.506000e-05	4.129847e-03	-6.390076e+00
1.507000e-05	1.341258e-02	-6.443683e+00
1.508000e-05	6.134453e-04	-6.493841e+00
1.509000e-05	6.317927e-03	-6.556423e+00
1.510000e-05	-1.578201e-03	-6.610581e+00
1.511000e-05	9.257307e-03	-6.654133e+00
1.512000e-05	1.042368e-02	-6.685892e+00
1.513000e-05	2.410712e-03	-6.758471e+00
1.514000e-05	5.699119e-03	-6.789470e+00
1.515000e-05	2.099094e-03	-6.801079e+00
1.516000e-05	1.134748e-02	-6.842637e+00
1.517000e-05	3.244908e-03	-6.897864e+00
1.518000e-05	4.931283e-03	-6.971570e+00
1.519000e-05	3.157682e-03	-7.042082e+00
1.520000e-05	9.571765e-03	-7.054365e+00
1.521000e-05	1.096740e-02	-7.116341e+00
1.522000e-05	7.574966e-03	-7.148499e+00
1.523000e-05	3.786279e-03	-7.159975e+00
1.524000e-05	5.186246e-03	-7.210554e+00
1.525000e-05	6.340959e-03	-7.210103e+00
1.526000e-05	8.464466e-03	-7.253179e+00
1.527000e-05	4.238378e-03	-7.243233e+00
1.528000e-05	5.800131e-03	-7.254788e+00
1.529000e-05	1.077546e-02	-7.315367e+00
1.530000e-05	1.125169e-02	-7.307395e+00
1.531000e-05	9.595530e-03	-7.326947e+00
1.532000e-05	3.375229e-03	-7.339450e+00
1.533000e-05	6.963545e-03	-7.369498e+00
1.534000e-05	6.697461e-03	-7.380054e+00
1.535000e-05	1.051540e-02	-7.411098e+00
1.536000e-05	6.953824e-03	-7.429659e+00
1.537000e-05	8.524262e-03	-7.411551e+00
1.538000e-05	1.106319e-02	-7.430657e+00
1.539000e-05	1.245631e-02	-7.460260e+00
1.540000e-05	1.054337e-02	-7.402178e+00
1.541000e-05	6.466721e-03	-7.413230e+00
1.542000e-05	8.317039e-03	-7.432159e+00
1.543000e-05	1.067628e-02	-7.433107e+00
1.544000e-05	1.254386e-02	-7.452754e+00
1.545000e-05	1.009538e-02	-7.442653e+00
1.546000e-05	1.015139e-02	-7.451683e+00
1.547000e-05	1.171875e-02	-7.432125e+00
1.548000e-05	1.346759e-02	-7.392154e+00
1.549000e-05	1.103053e-02	-7.421629e+00
1.550000e-05	1.081645e-02	-7.421056e+00
1.551000e-05	1.300686e-02	-7.380521e+00
1.552000e-05	1.388233e-02	-7.359949e+00
1.553000e-05	1.449938e-02	-7.368520e+00
1.554000e-05	1.357215e-02	-7.316945e+00
1.555000e-05	1.419600e-02	-7.314940e+00
1.556000e-05	1.406273e-02	-7.274887e+00
1.557000e-05	1.551540e-02	-7.274311e+00
1.558000e-05	1.471368e-02	-7.252634e+00
1.559000e-05	1.485338e-02	-7.223130e+00
1.560000e-05	1.624248e-02	-7.200574e+00
1.561000e-05	1.925755e-02	-7.189604e+00
1.562000e-05	1.702650e-02	-7.158524e+00
1.563000e-05	1.541648e-02	-7.166396e+00
1.564000e-05	1.677631e-02	-7.116317e+00
1.565000e-05	1.878590e-02	-7.042739e+00
1.566000e-05	1.928377e-02	-6.971124e+00
1.567000e-05	1.814038e-02	-6.916373e+00
1.568000e-05	1.958373e-02	-6.873238e+00
1.569000e-05	2.172055e-02	-6.843205e+00
1.570000e-05	2.349597e-02	-6.821078e+00
1.571000e-05	2.157693e-02	-6.749047e+00
1.572000e-05	1.987966e-02	-6.727845e+00
1.573000e-05	2.072751e-02	-6.696364e+00
1.574000e-05	2.302782e-02	-6.673280e+00
1.575000e-05	2.344561e-02	-6.619578e+00
1.576000e-05	2.244033e-02	-6.559942e+00
1.577000e-05	2.222959e-02	-6.495791e+00
1.578000e-05	2.250515e-02	-6.465232e+00
1.579000e-05	2.146265e-02	-6.441602e+00
1.580000e-05	1.998554e-02	-6.348925e+00
1.581000e-05	1.784622e-02	-6.306411e+00
1.582000e-05	1.844975e-02	-6.233179e+00
1.583000e-05	1.935579e-02	-6.096340e+00
1.584000e-05	1.829655e-02	-6.013306e+00
1.585000e-05	1.571218e-02	-6.020575e+00
1.586000e-05	1.414749e-02	-5.928920e+00
1.587000e-05	1.336737e-02	-5.855788e+00
1.588000e-05	1.208940e-02	-5.840129e+00
1.589000e-05	1.141025e-02	-5.727443e+00
1.590000e-05	9.162368e-03	-5.665260e+00
1.591000e-05	8.554294e-03	-5.610054e+00
1.592000e-05	9.520679e-03	-5.569023e+00
1.593000e-05	1.006453e-02	-5.455758e+00
1.594000e-05	8.727824e-03	-5.354770e+00
1.595000e-05	6.350410e-03	-5.233230e+00
1.596000e-05	5.188521e-03	-5.190973e+00
1.597000e-05	7.214808e-03	-5.066313e+00
1.598000e-05	6.186168e-03	-4.999073e+00
1.599000e-05	1.940973e-03	-4.856441e+00
1.600000e-05	9.036275e-04	-4.780097e+00
1.601000e-05	4.572778e-03	-4.694209e+00
1.602000e-05	6.620544e-03	-4.571625e+00
1.603000e-05	4.246658e-03	-4.527868e+00
1.604000e-05	1.667375e-03	-4.473709e+00
1.605000e-05	6.235409e-04	-4.410049e+00
1.606000e-05	3.408477e-03	-4.338343e+00
1.607000e-05	2.435493e-03	-4.244254e+00
1.608000e-05	3.153293e-04	-4.177496e+00
1.609000e-05	-1.237886e-03	-4.075313e+00
1.610000e-05	1.126938e-03	-4.008076e+00
1.611000e-05	2.807163e-03	-3.938389e+00
1.612000e-05	1.239486e-03	-3.821628e+00
1.613000e-05	-7.683919e-04	-3.645283e+00
1.614000e-05	-9.257988e-04	-3.580996e+00
1.615000e-05	4.413056e-04	-3.517361e+00
1.616000e-05	-4.603629e-04	-3.410146e+00
1.617000e-05	-2.146104e-03	-3.327316e+00
1.618000e-05	-2.354240e-03	-3.221604e+00
1.619000e-05	-2.087700e-03	-3.167893e+00
1.620000e-05	-6.240855e-04	-3.082628e+00
1.621000e-05	-1.540504e-03	-2.884759e+00
1.622000e-05	-2.005279e-03	-2.798922e+00
1.623000e-05	-3.332668e-03	-2.718316e+00
1.624000e-05	-2.372786e-03	-2.579599e+00
1.625000e-05	-2.626909e-03	-2.534286e+00
1.626000e-05	-2.406645e-03	-2.421000e+00
1.627000e-05	-3.607804e-03	-2.337791e+00
1.628000e-05	-3.083868e-03	-2.220042e+00
1.629000e-05	-3.151100e-03	-2.052630e+00
1.630000e-05	-2.436146e-03	-1.968472e+00
1.631000e-05	-3.148910e-03	-1.863784e+00
1.632000e-05	-3.741802e-03	-1.789497e+00
1.633000e-05	-4.174339e-03	-1.695233e+00
1.634000e-05	-3.783600e-03	-1.600500e+00
1.635000e-05	-4.248436e-03	-1.486809e+00
1.636000e-05	-4.916531e-03	-1.348940e+00
1.637000e-05	-5.857364e-03	-1.191622e+00
1.638000e-05	-4.707402e-03	-1.083759e+00
1.639000e-05	-3.314996e-03	-9.795276e-01
1.640000e-05	-4.120320e-03	-9.046592e-01
1.641000e-05	-5.103981e-03	-8.000463e-01
1.642000e-05	-5.238183e-03	-7.372867e-01
1.643000e-05	-3.784202e-03	-5.252882e-01
1.644000e-05	-5.695456e-03	-4.610526e-01
1.645000e-05	-6.607404e-03	-3.763671e-01
1.646000e-05	-6.544718e-03	-2.515765e-01
1.647000e-05	-5.206155e-03	-1.574681e-01
1.648000e-05	-2.444445e-03	-2.160258e-02
1.649000e-05	-2.359976e-03	3.052901e-02
1.650000e-05	-4.634918e-04	1.283260e-01
1.651000e-05	-2.074120e-03	2.663207e-01
1.652000e-05	-1.792068e-03	3.800250e-01
1.653000e-05	-2.313247e-03	4.641907e-01
1.654000e-05	-3.591684e-03	5.474749e-01
1.655000e-05	-2.572117e-03	6.438157e-01
1.656000e-05	1.538244e-02	7.884738e-01
1.657000e-05	4.998984e-02	9.381672e-01
1.658000e-05	1.413102e-02	1.096846e+00
1.659000e-05	-6.291662e-02	1.233154e+00
1.660000e-05	-9.570323e-02	1.285791e+00
1.661000e-05	4.366395e-02	1.408952e+00
1.662000e-05	8.720571e-02	1.539000e+00
1.663000e-05	-1.050813e-01	1.747215e+00
1.664000e-05	-6.217472e-02	1.715941e+00
1.665000e-05	1.521663e-01	1.864237e+00
1.666000e-05	-7.799524e-02	1.988500e+00
1.667000e-05	-8.121929e-02	2.010553e+00
1.668000e-05	1.114289e-01	2.075741e+00
1.669000e-05	-5.684043e-02	2.275261e+00
1.670000e-05	-8.791570e-02	2.347843e+00
1.671000e-05	1.107548e-01	2.411633e+00
1.672000e-05	-6.445505e-03	2.538419e+00
1.673000e-05	-5.935594e-02	2.705358e+00
1.674000e-05	4.105550e-02	2.788502e+00
1.675000e-05	-3.546762e-02	2.844708e+00
1.676000e-05	-1.117070e-02	2.958420e+00
1.677000e-05	2.223417e-02	3.033238e+00
1.678000e-05	-2.921919e-02	3.148449e+00
1.679000e-05	-2.154293e-03	3.232529e+00
1.680000e-05	2.814221e-02	3.299292e+00
1.681000e-05	-4.066670e-02	3.424140e+00
1.682000e-05	9.840251e-03	3.528451e+00
1.683000e-05	-7.606354e-04	3.643709e+00
1.684000e-05	-4.324751e-02	3.748446e+00
1.685000e-05	1.780366e-02	3.832560e+00
1.686000e-05	1.592284e-02	3.916417e+00
1.687000e-05	-2.010670e-02	3.989504e+00
1.688000e-05	-1.627259e-02	4.054239e+00
1.689000e-05	4.586967e-03	4.203003e+00
1.690000e-05	-1.191245e-02	4.297418e+00
1.691000e-05	-5.373391e-03	4.420127e+00
1.692000e-05	-5.703576e-03	4.506292e+00
1.693000e-05	-1.645389e-02	4.549950e+00
1.694000e-05	-3.780901e-04	4.611686e+00
1.695000e-05	9.814792e-03	4.747425e+00
1.696000e-05	-1.312483e-02	4.812082e+00
1.697000e-05	-1.944302e-02	4.926821e+00
1.698000e-05	-5.433893e-03	4.992735e+00
1.699000e-05	-6.849263e-03	5.147023e+00
1.700000e-05	2.173925e-03	5.222157e+00
1.701000e-05	-9.974969e-03	5.288840e+00
1.702000e-05	-1.447163e-02	5.419026e+00
1.703000e-05	-5.349706e-03	5.453210e+00
1.704000e-05	-5.031767e-04	5.557866e+00
1.705000e-05	-6.149596e-03	5.579524e+00
1.706000e-05	-1.779885e-02	5.632629e+00
1.707000e-05	-8.932719e-03	5.745042e+00
1.708000e-05	-4.078146e-03	5.832131e+00
1.709000e-05	-1.169264e-03	5.916443e+00
1.710000e-05	-1.003215e-02	5.978948e+00
1.711000e-05	-1.470469e-02	5.990652e+00
1.712000e-05	-7.984900e-03	6.074214e+00
1.713000e-05	-5.205419e-03	6.138500e+00
1.714000e-05	-7.338604e-03	6.200549e+00
1.715000e-05	-1.404043e-02	6.294660e+00
1.716000e-05	-1.064744e-02	6.296365e+00
1.717000e-05	-6.234629e-03	6.348471e+00
1.718000e-05	-3.566927e-03	6.440551e+00
1.719000e-05	-1.233936e-02	6.462134e+00
1.720000e-05	-1.482250e-02	6.486337e+00
1.721000e-05	-1.233133e-02	6.599001e+00
1.722000e-05	-5.307114e-03	6.664134e+00
1.723000e-05	-7.598487e-03	6.697288e+00
1.724000e-05	-1.327265e-02	6.768997e+00
1.725000e-05	-1.234785e-02	6.779024e+00
1.726000e-05	-9.864486e-03	6.820579e+00
1.727000e-05	-7.259586e-03	6.842185e+00
1.728000e-05	-1.249768e-02	6.894237e+00
1.729000e-05	-1.450573e-02	6.908892e+00
1.730000e-05	-1.245101e-02	6.917495e+00
1.731000e-05	-7.061284e-03	6.979028e+00
1.732000e-05	-8.787916e-03	7.051656e+00
1.733000e-05	-1.418287e-02	7.064755e+00
1.734000e-05	-1.509510e-02	7.114342e+00
1.735000e-05	-1.214350e-02	7.136366e+00
1.736000e-05	-9.074676e-03	7.137895e+00
1.737000e-05	-1.397064e-02	7.198970e+00
1.738000e-05	-1.510549e-02	7.181451e+00
1.739000e-05	-1.602693e-02	7.180526e+00
1.740000e-05	-8.550727e-03	7.220030e+00
1.741000e-05	-1.099976e-02	7.233050e+00
1.742000e-05	-1.389427e-02	7.261205e+00
1.743000e-05	-1.872558e-02	7.263183e+00
1.744000e-05	-1.480552e-02	7.284432e+00
1.745000e-05	-1.385774e-02	7.316313e+00
1.746000e-05	-1.434490e-02	7.326834e+00
1.747000e-05	-1.785848e-02	7.305916e+00
1.748000e-05	-1.496591e-02	7.338314e+00
1.749000e-05	-1.190480e-02	7.321976e+00
1.750000e-05	-1.159237e-02	7.346541e+00
1.751000e-05	-1.698043e-02	7.400500e+00
1.752000e-05	-2.128515e-02	7.389648e+00
1.753000e-05	-1.895236e-02	7.377576e+00
1.754000e-05	-1.672133e-02	7.401048e+00
1.755000e-05	-1.490274e-02	7.368600e+00
1.756000e-05	-1.906940e-02	7.308366e+00
1.757000e-05	-1.792790e-02	7.339547e+00
1.758000e-05	-1.717276e-02	7.327919e+00
1.759000e-05	-1.547888e-02	7.357441e+00
1.760000e-05	-2.100680e-02	7.307938e+00
1.761000e-05	-2.224605e-02	7.283987e+00
1.762000e-05	-2.186101e-02	7.264736e+00
1.763000e-05	-1.868241e-02	7.272304e+00
1.764000e-05	-1.917309e-02	7.243705e+00
1.765000e-05	-2.197179e-02	7.229652e+00
1.766000e-05	-2.275902e-02	7.200075e+00
1.767000e-05	-2.116201e-02	7.198971e+00
1.768000e-05	-2.106002e-02	7.168497e+00
1.769000e-05	-2.307697e-02	7.127415e+00
1.770000e-05	-2.583516e-02	7.106438e+00
1.771000e-05	-2.474758e-02	7.064759e+00
1.772000e-05	-2.208366e-02	7.082657e+00
1.773000e-05	-2.216970e-02	7.010677e+00
1.774000e-05	-2.556560e-02	6.969522e+00
1.775000e-05	-2.605269e-02	6.948444e+00
1.776000e-05	-2.596504e-02	6.906339e+00
1.777000e-05	-2.417894e-02	6.844259e+00
1.778000e-05	-2.796055e-02	6.842658e+00
1.779000e-05	-2.937619e-02	6.800599e+00
1.780000e-05	-2.998920e-02	6.768424e+00
1.781000e-05	-2.773944e-02	6.739366e+00
1.782000e-05	-2.770752e-02	6.713337e+00
1.783000e-05	-2.805026e-02	6.612604e+00
1.784000e-05	-3.014429e-02	6.569391e+00
1.785000e-05	-3.032081e-02	6.492338e+00
1.786000e-05	-2.946720e-02	6.421179e+00
1.787000e-05	-2.948328e-02	6.400025e+00
1.788000e-05	-3.080451e-02	6.358921e+00
1.789000e-05	-2.987897e-02	6.315791e+00
1.790000e-05	-2.746822e-02	6.292182e+00
1.791000e-05	-2.545843e-02	6.161522e+00
1.792000e-05	-2.370510e-02	6.168343e+00
1.793000e-05	-2.538773e-02	6.075232e+00
1.794000e-05	-2.453402e-02	6.030601e+00
1.795000e-05	-2.359491e-02	6.010048e+00
1.796000e-05	-2.297221e-02	5.925839e+00
1.797000e-05	-2.243778e-02	5.803074e+00
1.798000e-05	-2.083158e-02	5.685374e+00
1.799000e-05	-1.809837e-02	5.653129e+00
1.800000e-05	-1.561684e-02	5.618996e+00
1.801000e-05	-1.561983e-02	5.497314e+00
1.802000e-05	-1.734536e-02	5.453155e+00
1.803000e-05	-1.801491e-02	5.390047e+00
1.804000e-05	-1.689457e-02	5.355311e+00
1.805000e-05	-1.531401e-02	5.223051e+00
1.806000e-05	-1.490239e-02	5.118313e+00
1.807000e-05	-1.353776e-02	5.040673e+00
1.808000e-05	-1.182768e-02	4.875885e+00
1.809000e-05	-1.067523e-02	4.810051e+00
1.810000e-05	-1.150037e-02	4.787466e+00
1.811000e-05	-1.263691e-02	4.673681e+00
1.812000e-05	-1.392390e-02	4.600523e+00
1.813000e-05	-1.301812e-02	4.536832e+00
1.814000e-05	-1.168223e-02	4.431575e+00
1.815000e-05	-1.017965e-02	4.378970e+00
1.816000e-05	-1.036957e-02	4.272755e+00
1.817000e-05	-9.555392e-03	4.128418e+00
1.818000e-05	-8.938898e-03	4.021154e+00
1.819000e-05	-9.064452e-03	3.969995e+00
1.820000e-05	-1.087663e-02	3.875257e+00
1.821000e-05	-1.059758e-02	3.798550e+00
1.822000e-05	-1.051770e-02	3.714911e+00
1.823000e-05	-8.891556e-03	3.650600e+00
1.824000e-05	-8.557907e-03	3.568968e+00
1.825000e-05	-8.252394e-03	3.431630e+00
1.826000e-05	-7.829396e-03	3.294233e+00
1.827000e-05	-7.743296e-03	3.221072e+00
1.828000e-05	-8.131702e-03	3.126387e+00
1.829000e-05	-8.374803e-03	3.041076e+00
1.830000e-05	-8.531147e-03	2.937889e+00
1.831000e-05	-7.991029e-03	2.821651e+00
1.832000e-05	-6.478776e-03	2.798419e+00
1.833000e-05	-6.432862e-03	2.687178e+00
1.834000e-05	-6.560836e-03	2.524883e+00
1.835000e-05	-6.526675e-03	2.439074e+00
1.836000e-05	-6.107748e-03	2.303184e+00
1.837000e-05	-6.390165e-03	2.188524e+00
1.838000e-05	-6.610751e-03	2.114734e+00
1.839000e-05	-7.157992e-03	2.030574e+00
1.840000e-05	-5.906340e-03	1.987392e+00
1.841000e-05	-5.075014e-03	1.828521e+00
1.842000e-05	-4.710444e-03	1.725658e+00
1.843000e-05	-5.005915e-03	1.630974e+00
1.844000e-05	-5.437737e-03	1.465202e+00
1.845000e-05	-5.525205e-03	1.347446e+00
1.846000e-05	-5.550743e-03	1.271656e+00
1.847000e-05	-5.696594e-03	1.179367e+00
1.848000e-05	-5.893373e-03	1.082074e+00
1.849000e-05	-4.327940e-03	8.722039e-01
1.850000e-05	-3.928190e-03	7.894436e-01
1.851000e-05	-3.859903e-03	7.132315e-01
1.852000e-05	-4.779607e-03	5.889410e-01
1.853000e-05	-5.226854e-03	4.641290e-01
1.854000e-05	-4.687129e-03	3.889198e-01
1.855000e-05	-3.991038e-03	3.546515e-01
1.856000e-05	-4.759835e-03	1.247892e-01
1.857000e-05	-5.128177e-03	1.002132e-02
1.858000e-05	-2.908495e-03	-8.323440e-02
1.859000e-05	-1.037366e-03	-1.679764e-01
1.860000e-05	1.686423e-03	-2.742397e-01
1.861000e-05	-6.852314e-04	-3.783738e-01
1.862000e-05	-9.715250e-04	-4.216318e-01
1.863000e-05	-5.526968e-04	-5.679991e-01
1.864000e-05	-8.267308e-04	-6.963699e-01
1.865000e-05	2.554709e-03	-8.205525e-01
1.866000e-05	3.610178e-02	-8.826369e-01
1.867000e-05	5.850374e-02	-1.001008e+00
1.868000e-05	-3.435869e-02	-1.179504e+00
1.869000e-05	-8.245149e-02	-1.371632e+00
1.870000e-05	-2.899431e-02	-1.434130e+00
1.871000e-05	1.292564e-01	-1.470659e+00
1.872000e-05	-4.660216e-02	-1.591559e+00
1.873000e-05	-1.076723e-01	-1.788903e+00
1.874000e-05	1.471237e-01	-1.779448e+00
1.875000e-05	1.460478e-03	-1.844193e+00
1.876000e-05	-1.421149e-01	-2.041628e+00
1.877000e-05	8.460788e-02	-2.083338e+00
1.878000e-05	6.817738e-02	-2.190580e+00
1.879000e-05	-1.368821e-01	-2.389003e+00
1.880000e-05	5.099007e-02	-2.451130e+00
1.881000e-05	8.854830e-02	-2.476421e+00
1.882000e-05	-8.386535e-02	-2.685815e+00
1.883000e-05	3.312394e-02	-2.778850e+00
1.884000e-05	1.911263e-02	-2.842608e+00
1.885000e-05	-7.454093e-02	-2.948480e+00
1.886000e-05	7.064769e-02	-3.064218e+00
1.887000e-05	-1.386857e-02	-3.190476e+00
1.888000e-05	-4.143310e-02	-3.253815e+00
1.889000e-05	9.016817e-02	-3.337875e+00
1.890000e-05	-5.602134e-02	-3.423215e+00
1.891000e-05	-1.238825e-03	-3.569474e+00
1.892000e-05	5.598688e-02	-3.600032e+00
1.893000e-05	-7.097062e-02	-3.688845e+00
1.894000e-05	2.407008e-02	-3.863191e+00
1.895000e-05	3.988954e-02	-3.988926e+00
1.896000e-05	-2.825704e-02	-4.042159e+00
1.897000e-05	2.273777e-02	-4.105891e+00
1.898000e-05	-1.514693e-02	-4.221112e+00
1.899000e-05	6.106847e-03	-4.285795e+00
1.900000e-05	1.787434e-02	-4.379524e+00
1.901000e-05	-2.120711e-02	-4.432759e+00
1.902000e-05	2.204415e-02	-4.496376e+00
1.903000e-05	-1.005515e-02	-4.611679e+00
1.904000e-05	1.781836e-02	-4.675843e+00
1.905000e-05	1.158527e-02	-4.790984e+00
1.906000e-05	-2.278917e-02	-4.936895e+00
1.907000e-05	2.044559e-02	-4.959454e+00
1.908000e-05	-9.216622e-03	-5.065712e+00
1.909000e-05	1.266119e-02	-5.129453e+00
1.910000e-05	1.388991e-02	-5.220662e+00
1.911000e-05	-1.786692e-02	-5.337903e+00
1.912000e-05	1.787577e-02	-5.454210e+00
1.913000e-05	2.950458e-03	-5.577425e+00
1.914000e-05	4.146208e-03	-5.600129e+00
1.915000e-05	4.928358e-03	-5.664189e+00
1.916000e-05	-1.110347e-02	-5.747447e+00
1.917000e-05	1.863250e-02	-5.781658e+00
1.918000e-05	3.552145e-03	-5.853764e+00
1.919000e-05	6.987525e-03	-5.877419e+00
1.920000e-05	1.958398e-03	-5.999529e+00
1.921000e-05	-4.536311e-03	-6.050656e+00
1.922000e-05	1.578300e-02	-6.085291e+00
1.923000e-05	-3.861589e-04	-6.170984e+00
1.924000e-05	7.519814e-03	-6.254342e+00
1.925000e-05	1.110366e-03	-6.326024e+00
1.926000e-05	4.718769e-03	-6.390029e+00
1.927000e-05	1.465996e-02	-6.433189e+00
1.928000e-05	-1.472705e-04	-6.495316e+00
1.929000e-05	3.821248e-03	-6.547472e+00
1.930000e-05	-2.079905e-03	-6.610051e+00
1.931000e-05	8.339127e-03	-6.641610e+00
1.932000e-05	1.110599e-02	-6.685366e+00
1.933000e-05	3.361877e-03	-6.736946e+00
1.934000e-05	6.737384e-03	-6.768502e+00
1.935000e-05	3.046924e-03	-6.791056e+00
1.936000e-05	1.012016e-02	-6.852705e+00
1.937000e-05	4.861698e-03	-6.903817e+00
1.938000e-05	2.394928e-03	-6.918579e+00
1.939000e-05	4.220314e-03	-6.971186e+00
1.940000e-05	6.906081e-03	-7.033344e+00
1.941000e-05	1.153112e-02	-7.096368e+00
1.942000e-05	6.813587e-03	-7.168975e+00
1.943000e-05	4.569911e-03	-7.190500e+00
1.944000e-05	4.695427e-03	-7.189104e+00
1.945000e-05	6.124080e-03	-7.243133e+00
1.946000e-05	7.983264e-03	-7.201733e+00
1.947000e-05	4.226159e-03	-7.223239e+00
1.948000e-05	5.401849e-03	-7.294262e+00
1.949000e-05	9.708918e-03	-7.286393e+00
1.950000e-05	1.097720e-02	-7.315395e+00
1.951000e-05	8.378787e-03	-7.337920e+00
1.952000e-05	4.510337e-03	-7.319921e+00
1.953000e-05	6.425275e-03	-7.368454e+00
1.954000e-05	9.653191e-03	-7.391051e+00
1.955000e-05	1.002368e-02	-7.379130e+00
1.956000e-05	7.566783e-03	-7.411631e+00
1.957000e-05	7.272663e-03	-7.441528e+00
1.958000e-05	1.002905e-02	-7.450654e+00
1.959000e-05	1.172407e-02	-7.413158e+00
1.960000e-05	1.033542e-02	-7.442205e+00
1.961000e-05	7.356777e-03	-7.442734e+00
1.962000e-05	8.658088e-03	-7.414258e+00
1.963000e-05	1.103574e-02	-7.442258e+00
1.964000e-05	1.202093e-02	-7.441757e+00
1.965000e-05	1.142220e-02	-7.423734e+00
1.966000e-05	1.081430e-02	-7.463684e+00
1.967000e-05	1.218055e-02	-7.431131e+00
1.968000e-05	1.297696e-02	-7.412681e+00
1.969000e-05	1.245806e-02	-7.409231e+00
1.970000e-05	1.082445e-02	-7.420553e+00
1.971000e-05	1.225946e-02	-7.410525e+00
1.972000e-05	1.478166e-02	-7.398450e+00
1.973000e-05	1.588083e-02	-7.339469e+00
1.974000e-05	1.491325e-02	-7.336422e+00
1.975000e-05	1.421839e-02	-7.328917e+00
1.976000e-05	1.434787e-02	-7.314342e+00
1.977000e-05	1.506183e-02	-7.285662e+00
1.978000e-05	1.554845e-02	-7.274209e+00
1.979000e-05	1.494547e-02	-7.231628e+00
1.980000e-05	1.576709e-02	-7.210603e+00
1.981000e-05	1.832176e-02	-7.189427e+00
1.982000e-05	1.895964e-02	-7.199024e+00
1.983000e-05	1.837534e-02	-7.118921e+00
1.984000e-05	1.808419e-02	-7.134290e+00
1.985000e-05	1.759206e-02	-7.014783e+00
1.986000e-05	1.814888e-02	-6.941075e+00
1.987000e-05	1.996826e-02	-6.877394e+00
1.988000e-05	1.991018e-02	-6.875335e+00
1.989000e-05	2.107162e-02	-6.841706e+00
1.990000e-05	2.073550e-02	-6.820981e+00
1.991000e-05	2.173184e-02	-6.788998e+00
1.992000e-05	2.165309e-02	-6.746921e+00
1.993000e-05	2.184074e-02	-6.674762e+00
1.994000e-05	2.210707e-02	-6.642208e+00
1.995000e-05	2.197564e-02	-6.622052e+00
1.996000e-05	2.315577e-02	-6.578447e+00
1.997000e-05	2.241098e-02	-6.504892e+00
1.998000e-05	2.174447e-02	-6.503705e+00
1.999000e-05	2.101535e-02	-6.401027e+00
2.000000e-05	2.076045e-02	-6.368896e+00
2.001000e-05	1.885915e-02	-6.336834e+00
2.002000e-05	1.816351e-02	-6.222125e+00
2.003000e-05	1.838345e-02	-6.119467e+00
2.004000e-05	1.635864e-02	-6.103757e+00
2.005000e-05	1.603253e-02	-6.041123e+00
2.006000e-05	1.501072e-02	-5.977897e+00
2.007000e-05	1.398884e-02	-5.865261e+00
2.008000e-05	1.101649e-02	-5.812105e+00
2.009000e-05	1.158633e-02	-5.798369e+00
2.010000e-05	8.726914e-03	-5.673759e+00
2.011000e-05	8.425165e-03	-5.621122e+00
2.012000e-05	8.504955e-03	-5.579970e+00
2.013000e-05	9.599802e-03	-5.436262e+00
2.014000e-05	8.841027e-03	-5.336993e+00
2.015000e-05	7.083045e-03	-5.254185e+00
2.016000e-05	5.218736e-03	-5.158547e+00
2.017000e-05	4.789634e-03	-5.065284e+00
2.018000e-05	4.370403e-03	-5.011951e+00
2.019000e-05	4.009842e-03	-4.958795e+00
2.020000e-05	3.267413e-03	-4.792100e+00
2.021000e-05	3.369253e-03	-4.634335e+00
2.022000e-05	5.010725e-03	-4.622102e+00
2.023000e-05	3.605427e-03	-4.578395e+00
2.024000e-05	3.452319e-03	-4.474160e+00
2.025000e-05	1.215321e-03	-4.401024e+00
2.026000e-05	1.570504e-03	-4.337944e+00
2.027000e-05	9.445612e-04	-4.283658e+00
2.028000e-05	9.550786e-04	-4.180474e+00
2.029000e-05	1.173797e-03	-4.084812e+00
2.030000e-05	1.964963e-03	-3.981926e+00
2.031000e-05	1.955732e-03	-3.947396e+00
2.032000e-05	1.970849e-03	-3.830997e+00
2.033000e-05	1.200786e-03	-3.674112e+00
2.034000e-05	-5.853121e-04	-3.609523e+00
2.035000e-05	-5.490090e-04	-3.526361e+00
2.036000e-05	-1.203690e-03	-3.432051e+00
2.037000e-05	-5.378290e-04	-3.335313e+00
2.038000e-05	-1.456543e-03	-3.241026e+00
2.039000e-05	-1.373915e-03	-3.187936e+00
2.040000e-05	-1.903346e-03	-3.063702e+00
2.041000e-05	-1.466090e-04	-2.874210e+00
2.042000e-05	4.102965e-04	-2.800472e+00
2.043000e-05	-1.649486e-03	-2.705314e+00
2.044000e-05	-3.447288e-03	-2.620525e+00
2.045000e-05	-3.026819e-03	-2.474338e+00
2.046000e-05	-3.129925e-03	-2.409497e+00
2.047000e-05	-3.013252e-03	-2.378790e+00
2.048000e-05	-2.948146e-03	-2.191946e+00
2.049000e-05	-3.056216e-03	-2.052080e+00
2.050000e-05	-2.897076e-03	-1.979546e+00
2.051000e-05	-2.613172e-03	-1.916285e+00
2.052000e-05	-3.136058e-03	-1.809997e+00
2.053000e-05	-4.069703e-03	-1.655262e+00
2.054000e-05	-4.670175e-03	-1.610499e+00
2.055000e-05	-3.987239e-03	-1.505738e+00
2.056000e-05	-3.564701e-03	-1.367870e+00
2.057000e-05	-4.638621e-03	-1.202599e+00
2.058000e-05	-5.471435e-03	-1.104213e+00
2.059000e-05	-5.356913e-03	-1.001498e+00
2.060000e-05	-3.815334e-03	-9.136880e-01
2.061000e-05	-4.058927e-03	-8.109736e-01
2.062000e-05	-5.020384e-03	-7.244157e-01
2.063000e-05	-5.508008e-03	-5.974183e-01
2.064000e-05	-5.384906e-03	-4.310526e-01
2.065000e-05	-4.524293e-03	-3.379185e-01
2.066000e-05	-6.689299e-03	-2.412052e-01
2.067000e-05	-5.383311e-03	-1.778695e-01
2.068000e-05	-5.175512e-03	-3.155271e-02
2.069000e-05	-2.343358e-03	2.158014e-02
2.070000e-05	-1.944430e-04	1.937673e-01
2.071000e-05	-2.525505e-03	2.947908e-01
2.072000e-05	-3.068453e-03	4.095001e-01
2.073000e-05	-1.956339e-03	4.522132e-01
2.074000e-05	-4.303211e-03	5.503963e-01
2.075000e-05	-7.151732e-04	6.527405e-01
2.076000e-05	1.077175e-02	7.789974e-01
2.077000e-05	4.820595e-02	8.652669e-01
2.078000e-05	1.622911e-02	1.055301e+00
2.079000e-05	-5.800817e-02	1.254134e+00
2.080000e-05	-9.426476e-02	1.296418e+00
2.081000e-05	3.434520e-02	1.348981e+00
2.082000e-05	9.492396e-02	1.528801e+00
2.083000e-05	-9.931378e-02	1.725716e+00
2.084000e-05	-7.117904e-02	1.746366e+00
2.085000e-05	1.496683e-01	1.844261e+00
2.086000e-05	-6.720417e-02	2.009475e+00
2.087000e-05	-8.988636e-02	2.030026e+00
2.088000e-05	1.083979e-01	2.066243e+00
2.089000e-05	-4.237686e-02	2.256687e+00
2.090000e-05	-9.267820e-02	2.357370e+00
2.091000e-05	1.027920e-01	2.450556e+00
2.092000e-05	3.430086e-03	2.568847e+00
2.093000e-05	-6.456342e-02	2.675739e+00
2.094000e-05	3.798840e-02	2.759979e+00
2.095000e-05	-2.864558e-02	2.853787e+00
2.096000e-05	-1.580162e-02	2.937396e+00
2.097000e-05	2.581073e-02	3.054287e+00
2.098000e-05	-2.540956e-02	3.138995e+00
2.099000e-05	-4.903407e-03	3.212055e+00
2.100000e-05	3.160868e-02	3.325264e+00
2.101000e-05	-4.136909e-02	3.403239e+00
2.102000e-05	7.710577e-03	3.578921e+00
2.103000e-05	-4.943645e-04	3.653679e+00
2.104000e-05	-4.095609e-02	3.726472e+00
2.105000e-05	1.527667e-02	3.821108e+00
2.106000e-05	2.129443e-02	3.957820e+00
2.107000e-05	-1.722371e-02	3.989550e+00
2.108000e-05	-1.737242e-02	4.054161e+00
2.109000e-05	3.884052e-03	4.190579e+00
2.110000e-05	-1.203925e-02	4.296390e+00
2.111000e-05	-5.741064e-03	4.391503e+00
2.112000e-05	-6.029222e-03	4.475310e+00
2.113000e-05	-1.527570e-02	4.549475e+00
2.114000e-05	3.252894e-04	4.643633e+00
2.115000e-05	1.399755e-02	4.768467e+00
2.116000e-05	-1.237983e-02	4.810528e+00
2.117000e-05	-2.139247e-02	4.886313e+00
2.118000e-05	-6.621425e-03	5.032707e+00
2.119000e-05	-7.576582e-03	5.106946e+00
2.120000e-05	7.845120e-05	5.240156e+00
2.121000e-05	-1.026926e-02	5.315870e+00
2.122000e-05	-1.369463e-02	5.399575e+00
2.123000e-05	-1.290108e-03	5.494687e+00
2.124000e-05	1.354812e-03	5.536896e+00
2.125000e-05	-6.740166e-03	5.590051e+00
2.126000e-05	-2.035974e-02	5.634131e+00
2.127000e-05	-1.010250e-02	5.687320e+00
2.128000e-05	-4.077280e-03	5.833762e+00
2.129000e-05	-2.416663e-03	5.925839e+00
2.130000e-05	-1.132758e-02	5.979500e+00
2.131000e-05	-1.510219e-02	6.022081e+00
2.132000e-05	-6.250331e-03	6.063761e+00
2.133000e-05	-2.912840e-03	6.098520e+00
2.134000e-05	-7.254429e-03	6.190574e+00
2.135000e-05	-1.526766e-02	6.273161e+00
2.136000e-05	-1.164058e-02	6.297215e+00
2.137000e-05	-6.961946e-03	6.358974e+00
2.138000e-05	-5.435388e-03	6.389104e+00
2.139000e-05	-1.299064e-02	6.442080e+00
2.140000e-05	-1.494212e-02	6.444313e+00
2.141000e-05	-1.022021e-02	6.519505e+00
2.142000e-05	-4.135185e-03	6.642107e+00
2.143000e-05	-7.365806e-03	6.654841e+00
2.144000e-05	-1.472689e-02	6.727497e+00
2.145000e-05	-1.378004e-02	6.798550e+00
2.146000e-05	-1.007730e-02	6.821103e+00
2.147000e-05	-6.710516e-03	6.862603e+00
2.148000e-05	-1.357209e-02	6.894813e+00
2.149000e-05	-1.530234e-02	6.937392e+00
2.150000e-05	-1.084014e-02	6.958975e+00
2.151000e-05	-6.458367e-03	7.021051e+00
2.152000e-05	-8.350812e-03	7.030103e+00
2.153000e-05	-1.527965e-02	7.052764e+00
2.154000e-05	-1.539448e-02	7.105337e+00
2.155000e-05	-1.200289e-02	7.116896e+00
2.156000e-05	-7.695109e-03	7.158497e+00
2.157000e-05	-1.255337e-02	7.168474e+00
2.158000e-05	-1.604569e-02	7.191001e+00
2.159000e-05	-1.503670e-02	7.190075e+00
2.160000e-05	-1.065861e-02	7.221576e+00
2.161000e-05	-1.021185e-02	7.251281e+00
2.162000e-05	-1.523356e-02	7.253655e+00
2.163000e-05	-1.655000e-02	7.262810e+00
2.164000e-05	-1.408614e-02	7.294762e+00
2.165000e-05	-1.044850e-02	7.277366e+00
2.166000e-05	-1.442288e-02	7.296438e+00
2.167000e-05	-1.848972e-02	7.293897e+00
2.168000e-05	-1.724366e-02	7.309041e+00
2.169000e-05	-1.274515e-02	7.329417e+00
2.170000e-05	-1.264911e-02	7.337550e+00
2.171000e-05	-1.637350e-02	7.339026e+00
2.172000e-05	-1.903972e-02	7.410175e+00
2.173000e-05	-1.674902e-02	7.340924e+00
2.174000e-05	-1.417493e-02	7.309001e+00
2.175000e-05	-1.566478e-02	7.350550e+00
2.176000e-05	-1.934476e-02	7.367975e+00
2.177000e-05	-1.899840e-02	7.380971e+00
2.178000e-05	-1.719783e-02	7.350941e+00
2.179000e-05	-1.708875e-02	7.327493e+00
2.180000e-05	-2.031076e-02	7.288387e+00
2.181000e-05	-2.115543e-02	7.275391e+00
2.182000e-05	-1.957632e-02	7.285788e+00
2.183000e-05	-1.842927e-02	7.253185e+00
2.184000e-05	-1.964264e-02	7.240622e+00
2.185000e-05	-2.138684e-02	7.251198e+00
2.186000e-05	-2.373081e-02	7.200000e+00
2.187000e-05	-2.221947e-02	7.179024e+00
2.188000e-05	-2.271472e-02	7.167545e+00
2.189000e-05	-2.271357e-02	7.137418e+00
2.190000e-05	-2.421657e-02	7.123414e+00
2.191000e-05	-2.258389e-02	7.096837e+00
2.192000e-05	-2.300853e-02	7.074232e+00
2.193000e-05	-2.449097e-02	7.030604e+00
2.194000e-05	-2.572122e-02	6.979525e+00
2.195000e-05	-2.500467e-02	6.948470e+00
2.196000e-05	-2.549930e-02	6.896363e+00
2.197000e-05	-2.649634e-02	6.853707e+00
2.198000e-05	-2.827707e-02	6.841630e+00
2.199000e-05	-2.832511e-02	6.831077e+00
2.200000e-05	-2.864780e-02	6.799546e+00
2.201000e-05	-2.831530e-02	6.718393e+00
2.202000e-05	-2.988524e-02	6.706309e+00
2.203000e-05	-3.046662e-02	6.622180e+00
2.204000e-05	-2.940608e-02	6.536839e+00
2.205000e-05	-2.882866e-02	6.533838e+00
2.206000e-05	-2.944771e-02	6.441628e+00
2.207000e-05	-3.096794e-02	6.400553e+00
2.208000e-05	-3.068010e-02	6.378492e+00
2.209000e-05	-2.798842e-02	6.286786e+00
2.210000e-05	-2.788318e-02	6.242207e+00
2.211000e-05	-2.745750e-02	6.190575e+00
2.212000e-05	-2.684372e-02	6.178445e+00
2.213000e-05	-2.447979e-02	6.065737e+00
2.214000e-05	-2.221982e-02	6.021051e+00
2.215000e-05	-2.277105e-02	5.980022e+00
2.216000e-05	-2.273904e-02	5.936842e+00
2.217000e-05	-2.233058e-02	5.832555e+00
2.218000e-05	-1.983873e-02	5.739359e+00
2.219000e-05	-1.868376e-02	5.672656e+00
2.220000e-05	-1.871248e-02	5.589548e+00
2.221000e-05	-1.837851e-02	5.516389e+00
2.222000e-05	-1.671438e-02	5.433628e+00
2.223000e-05	-1.481597e-02	5.369997e+00
2.224000e-05	-1.498828e-02	5.357859e+00
2.225000e-05	-1.537131e-02	5.263126e+00
2.226000e-05	-1.527629e-02	5.188939e+00
2.227000e-05	-1.377581e-02	5.074152e+00
2.228000e-05	-1.190677e-02	4.924307e+00
2.229000e-05	-1.291643e-02	4.811074e+00
2.230000e-05	-1.344359e-02	4.746438e+00
2.231000e-05	-1.185520e-02	4.663207e+00
2.232000e-05	-1.083147e-02	4.590447e+00
2.233000e-05	-1.044329e-02	4.496335e+00
2.234000e-05	-1.202879e-02	4.412604e+00
2.235000e-05	-1.072807e-02	4.379445e+00
2.236000e-05	-1.051858e-02	4.335732e+00
2.237000e-05	-1.016551e-02	4.140392e+00
2.238000e-05	-1.018911e-02	4.041650e+00
2.239000e-05	-1.060325e-02	3.979520e+00
2.240000e-05	-1.018439e-02	3.925258e+00
2.241000e-05	-8.738133e-03	3.802572e+00
2.242000e-05	-8.905054e-03	3.706363e+00
2.243000e-05	-8.511442e-03	3.651050e+00
2.244000e-05	-8.388127e-03	3.559423e+00
2.245000e-05	-8.312458e-03	3.483685e+00
2.246000e-05	-7.984989e-03	3.295337e+00
2.247000e-05	-7.819623e-03	3.220525e+00
2.248000e-05	-8.019352e-03	3.107889e+00
2.249000e-05	-8.138838e-03	3.052626e+00
2.250000e-05	-7.608682e-03	2.967363e+00
2.251000e-05	-6.852506e-03	2.854104e+00
2.252000e-05	-6.965017e-03	2.801445e+00
2.253000e-05	-6.870442e-03	2.704808e+00
2.254000e-05	-6.594457e-03	2.494863e+00
2.255000e-05	-7.137417e-03	2.410045e+00
2.256000e-05	-6.066489e-03	2.297787e+00
2.257000e-05	-5.255404e-03	2.211020e+00
2.258000e-05	-5.608144e-03	2.116234e+00
2.259000e-05	-6.946556e-03	2.001551e+00
2.260000e-05	-7.157585e-03	1.966864e+00
2.261000e-05	-5.773472e-03	1.794475e+00
2.262000e-05	-5.685486e-03	1.736262e+00
2.263000e-05	-5.568135e-03	1.630097e+00
2.264000e-05	-6.015332e-03	1.463757e+00
2.265000e-05	-5.145703e-03	1.399416e+00
2.266000e-05	-4.818533e-03	1.304682e+00
2.267000e-05	-5.567286e-03	1.178467e+00
2.268000e-05	-5.960787e-03	1.032171e+00
2.269000e-05	-6.017848e-03	8.947565e-01
2.270000e-05	-5.026120e-03	7.803949e-01
2.271000e-05	-4.877607e-03	7.152877e-01
2.272000e-05	-5.746584e-03	5.999673e-01
2.273000e-05	-4.136770e-03	4.540815e-01
2.274000e-05	-6.565280e-03	3.899974e-01
2.275000e-05	-3.231240e-03	3.167516e-01
2.276000e-05	-4.434613e-03	1.467817e-01
2.277000e-05	-3.764035e-03	2.102250e-02
2.278000e-05	-3.097589e-03	-4.269071e-02
2.279000e-05	-1.231143e-03	-1.384512e-01
2.280000e-05	2.963323e-03	-2.521893e-01
2.281000e-05	-1.703929e-03	-3.394524e-01
2.282000e-05	-2.079475e-03	-4.325590e-01
2.283000e-05	-3.348039e-03	-5.554803e-01
2.284000e-05	-1.022566e-03	-7.057934e-01
2.285000e-05	3.297560e-03	-7.790001e-01
2.286000e-05	3.596694e-02	-8.726632e-01
2.287000e-05	6.101048e-02	-9.590041e-01
2.288000e-05	-2.795406e-02	-1.178028e+00
2.289000e-05	-8.287017e-02	-1.371087e+00
2.290000e-05	-3.692898e-02	-1.464610e+00
2.291000e-05	1.262707e-01	-1.408636e+00
2.292000e-05	-3.588295e-02	-1.579480e+00
2.293000e-05	-1.114256e-01	-1.799450e+00
2.294000e-05	1.366203e-01	-1.779000e+00
2.295000e-05	1.926786e-02	-1.831715e+00
2.296000e-05	-1.444762e-01	-2.001578e+00
2.297000e-05	6.882559e-02	-2.064683e+00
2.298000e-05	7.980518e-02	-2.151059e+00
2.299000e-05	-1.372247e-01	-2.358429e+00
2.300000e-05	3.409241e-02	-2.431584e+00
2.301000e-05	1.012769e-01	-2.526851e+00
2.302000e-05	-8.174418e-02	-2.705742e+00
2.303000e-05	2.676745e-02	-2.777447e+00
2.304000e-05	2.982327e-02	-2.830610e+00
2.305000e-05	-7.702574e-02	-2.958504e+00
2.306000e-05	6.666214e-02	-3.031682e+00
2.307000e-05	-7.047016e-03	-3.159026e+00
2.308000e-05	-4.925387e-02	-3.274840e+00
2.309000e-05	8.942022e-02	-3.326400e+00
2.310000e-05	-4.805497e-02	-3.433164e+00
2.311000e-05	-1.032237e-02	-3.567975e+00
2.312000e-05	6.224941e-02	-3.600600e+00
2.313000e-05	-6.783993e-02	-3.674821e+00
2.314000e-05	1.762166e-02	-3.862664e+00
2.315000e-05	4.454196e-02	-3.968999e+00
2.316000e-05	-2.994385e-02	-4.041730e+00
2.317000e-05	2.156060e-02	-4.104920e+00
2.318000e-05	-1.306930e-02	-4.210209e+00
2.319000e-05	2.931577e-03	-4.305818e+00
2.320000e-05	2.018805e-02	-4.369025e+00
2.321000e-05	-2.241354e-02	-4.411709e+00
2.322000e-05	2.106756e-02	-4.535850e+00
2.323000e-05	-8.324614e-03	-4.591110e+00
2.324000e-05	1.504939e-02	-4.746844e+00
2.325000e-05	1.421726e-02	-4.770529e+00
2.326000e-05	-2.346693e-02	-4.874896e+00
2.327000e-05	1.916008e-02	-4.989953e+00
2.328000e-05	-7.293625e-03	-5.045214e+00
2.329000e-05	8.525923e-03	-5.128371e+00
2.330000e-05	1.530452e-02	-5.232109e+00
2.331000e-05	-1.855878e-02	-5.289250e+00
2.332000e-05	1.716910e-02	-5.391289e+00
2.333000e-05	4.980018e-03	-5.568424e+00
2.334000e-05	2.284699e-03	-5.571079e+00
2.335000e-05	7.253072e-03	-5.641761e+00
2.336000e-05	-1.245987e-02	-5.707373e+00
2.337000e-05	1.653601e-02	-5.800075e+00
2.338000e-05	2.945562e-03	-5.844238e+00
2.339000e-05	6.646572e-03	-5.936396e+00
2.340000e-05	4.005882e-03	-5.958999e+00
2.341000e-05	-5.673509e-03	-6.042029e+00
2.342000e-05	1.558368e-02	-6.075792e+00
2.343000e-05	-1.049478e-03	-6.200556e+00
2.344000e-05	6.608170e-03	-6.253314e+00
2.345000e-05	2.099504e-03	-6.366872e+00
2.346000e-05	3.212290e-03	-6.419054e+00
2.347000e-05	1.457223e-02	-6.431558e+00
2.348000e-05	1.561463e-05	-6.495290e+00
2.349000e-05	4.870390e-03	-6.537897e+00
2.350000e-05	-1.729041e-03	-6.610650e+00
2.351000e-05	6.814177e-03	-6.662133e+00
2.352000e-05	1.117067e-02	-6.716317e+00
2.353000e-05	2.939348e-03	-6.737500e+00
2.354000e-05	6.533898e-03	-6.739498e+00
2.355000e-05	3.199944e-03	-6.822524e+00
2.356000e-05	9.487532e-03	-6.840681e+00
2.357000e-05	6.493262e-03	-6.924364e+00
2.358000e-05	2.974812e-03	-6.918498e+00
2.359000e-05	4.916568e-03	-6.992133e+00
2.360000e-05	6.628255e-03	-7.064337e+00
2.361000e-05	1.139588e-02	-7.147442e+00
2.362000e-05	5.324744e-03	-7.177500e+00
2.363000e-05	4.117031e-03	-7.199424e+00
2.364000e-05	5.258254e-03	-7.190055e+00
2.365000e-05	6.379695e-03	-7.191607e+00
2.366000e-05	1.119096e-02	-7.222684e+00
2.367000e-05	3.652183e-03	-7.274311e+00
2.368000e-05	8.590391e-03	-7.283866e+00
2.369000e-05	8.365538e-03	-7.276366e+00
2.370000e-05	1.129057e-02	-7.316868e+00
2.371000e-05	6.508137e-03	-7.317947e+00
2.372000e-05	4.866001e-03	-7.338946e+00
2.373000e-05	4.381602e-03	-7.368500e+00
2.374000e-05	1.058716e-02	-7.380026e+00
2.375000e-05	1.008397e-02	-7.390550e+00
2.376000e-05	1.067048e-02	-7.420555e+00
2.377000e-05	8.563946e-03	-7.392055e+00
2.378000e-05	1.020858e-02	-7.440657e+00
2.379000e-05	1.040175e-02	-7.412683e+00
2.380000e-05	7.982552e-03	-7.382133e+00
2.381000e-05	7.195299e-03	-7.452685e+00
2.382000e-05	7.854634e-03	-7.464135e+00
2.383000e-05	1.271266e-02	-7.453232e+00
2.384000e-05	1.279034e-02	-7.423130e+00
2.385000e-05	1.291332e-02	-7.402707e+00
2.386000e-05	9.266330e-03	-7.432208e+00
2.387000e-05	1.191465e-02	-7.440684e+00
2.388000e-05	1.236726e-02	-7.422698e+00
2.389000e-05	1.192283e-02	-7.400529e+00
2.390000e-05	1.067441e-02	-7.412150e+00
2.391000e-05	1.104636e-02	-7.380529e+00
2.392000e-05	1.505670e-02	-7.378474e+00
2.393000e-05	1.432611e-02	-7.388497e+00
2.394000e-05	1.460368e-02	-7.365917e+00
2.395000e-05	1.197628e-02	-7.296341e+00
2.396000e-05	1.514355e-02	-7.315338e+00
2.397000e-05	1.600302e-02	-7.285336e+00
2.398000e-05	1.635820e-02	-7.241809e+00
2.399000e-05	1.366887e-02	-7.231157e+00
2.400000e-05	1.481222e-02	-7.212101e+00
2.401000e-05	1.639259e-02	-7.170550e+00
2.402000e-05	1.770358e-02	-7.179924e+00
2.403000e-05	1.760882e-02	-7.115947e+00
2.404000e-05	1.689544e-02	-7.105269e+00
2.405000e-05	1.832970e-02	-7.024763e+00
2.406000e-05	1.945560e-02	-7.001476e+00
2.407000e-05	2.008579e-02	-6.937041e+00
2.408000e-05	1.917257e-02	-6.935339e+00
2.409000e-05	1.939363e-02	-6.842757e+00
2.410000e-05	2.027712e-02	-6.802126e+00
2.411000e-05	2.204199e-02	-6.790975e+00
2.412000e-05	2.142156e-02	-6.746921e+00
2.413000e-05	2.171836e-02	-6.716791e+00
2.414000e-05	2.220675e-02	-6.622708e+00
2.415000e-05	2.267127e-02	-6.600554e+00
2.416000e-05	2.317555e-02	-6.548920e+00
2.417000e-05	2.169830e-02	-6.495788e+00
2.418000e-05	2.123355e-02	-6.473184e+00
2.419000e-05	2.107526e-02	-6.392056e+00
2.420000e-05	2.097940e-02	-6.378470e+00
2.421000e-05	2.014050e-02	-6.319287e+00
2.422000e-05	1.740786e-02	-6.183109e+00
2.423000e-05	1.789960e-02	-6.137870e+00
2.424000e-05	1.587343e-02	-6.042658e+00
2.425000e-05	1.707857e-02	-6.001025e+00
2.426000e-05	1.545050e-02	-5.948468e+00
2.427000e-05	1.395711e-02	-5.874718e+00
2.428000e-05	1.179718e-02	-5.851578e+00
2.429000e-05	1.320873e-02	-5.758496e+00
2.430000e-05	6.516114e-03	-5.693338e+00
2.431000e-05	9.769425e-03	-5.621626e+00
2.432000e-05	4.940676e-03	-5.568970e+00
2.433000e-05	1.222808e-02	-5.476288e+00
2.434000e-05	8.434847e-03	-5.371942e+00
2.435000e-05	1.159399e-02	-5.230683e+00
2.436000e-05	4.844460e-03	-5.187978e+00
2.437000e-05	5.075330e-03	-5.116764e+00
2.438000e-05	2.224508e-03	-4.999679e+00
2.439000e-05	3.180132e-03	-4.906366e+00
2.440000e-05	2.109917e-03	-4.812475e+00
2.441000e-05	5.237866e-03	-4.702836e+00
2.442000e-05	6.400293e-03	-4.611579e+00
2.443000e-05	4.618800e-03	-4.567421e+00
2.444000e-05	4.636521e-03	-4.455203e+00
2.445000e-05	-5.017100e-04	-4.410576e+00
2.446000e-05	1.510022e-03	-4.357894e+00
2.447000e-05	-1.097362e-03	-4.295234e+00
2.448000e-05	2.923929e-03	-4.178520e+00
2.449000e-05	8.080098e-04	-4.105313e+00
2.450000e-05	3.828769e-03	-4.011051e+00
2.451000e-05	1.396108e-03	-3.918395e+00
2.452000e-05	2.486898e-03	-3.790579e+00
2.453000e-05	-8.357744e-04	-3.694735e+00
2.454000e-05	-1.294999e-03	-3.621049e+00
2.455000e-05	-2.313699e-03	-3.515913e+00
2.456000e-05	-9.749221e-04	-3.462153e+00
2.457000e-05	2.158574e-04	-3.367865e+00
2.458000e-05	-9.180935e-04	-3.243580e+00
2.459000e-05	-1.949290e-04	-3.178920e+00
2.460000e-05	-1.848565e-03	-3.033234e+00
2.461000e-05	-1.178886e-03	-2.925258e+00
2.462000e-05	-2.732373e-03	-2.840550e+00
2.463000e-05	-3.024999e-03	-2.745838e+00
2.464000e-05	-3.732853e-03	-2.640075e+00
2.465000e-05	-2.696898e-03	-2.555787e+00
2.466000e-05	-3.216572e-03	-2.421578e+00
2.467000e-05	-2.672343e-03	-2.378443e+00
2.468000e-05	-1.228654e-03	-2.260550e+00
2.469000e-05	-2.864254e-03	-2.072678e+00
2.470000e-05	-4.701195e-03	-1.979450e+00
2.471000e-05	-4.374903e-03	-1.904761e+00
2.472000e-05	-2.898219e-03	-1.810424e+00
2.473000e-05	-3.328742e-03	-1.685209e+00
2.474000e-05	-5.495457e-03	-1.610028e+00
2.475000e-05	-5.201122e-03	-1.555837e+00
2.476000e-05	-4.008712e-03	-1.347418e+00
2.477000e-05	-3.025000e-03	-1.222076e+00
2.478000e-05	-4.116599e-03	-1.145739e+00
2.479000e-05	-5.525085e-03	-1.011002e+00
2.480000e-05	-6.082331e-03	-9.047357e-01
2.481000e-05	-4.842786e-03	-7.809775e-01
2.482000e-05	-4.415783e-03	-7.168895e-01
2.483000e-05	-4.406933e-03	-5.773680e-01
2.484000e-05	-5.908392e-03	-4.100763e-01
2.485000e-05	-4.698431e-03	-3.778195e-01
2.486000e-05	-4.349108e-03	-2.716530e-01
2.487000e-05	-4.437019e-03	-2.005263e-01
2.488000e-05	-4.685422e-03	3.125020e-10
2.489000e-05	-4.551134e-03	2.055775e-02
2.490000e-05	-1.906908e-03	1.278123e-01
2.491000e-05	-1.225466e-03	3.132182e-01
2.492000e-05	-8.455846e-04	3.799764e-01
2.493000e-05	-2.449864e-03	4.737103e-01
2.494000e-05	-3.497562e-03	5.695263e-01
2.495000e-05	-4.918787e-04	6.832080e-01
2.496000e-05	1.333061e-02	7.674974e-01
2.497000e-05	4.534146e-02	8.821944e-01
2.498000e-05	2.074066e-02	1.066812e+00
2.499000e-05	-5.691558e-02	1.243107e+00
2.500000e-05	-9.447115e-02	1.315837e+00
2.501000e-05	2.466532e-02	1.378952e+00
2.502000e-05	9.953304e-02	1.518872e+00
2.503000e-05	-9.062930e-02	1.726369e+00
2.504000e-05	-8.098770e-02	1.756818e+00
2.505000e-05	1.494707e-01	1.822636e+00
2.506000e-05	-5.504531e-02	1.999499e+00
2.507000e-05	-9.564997e-02	2.000505e+00
2.508000e-05	1.009129e-01	2.085790e+00
2.509000e-05	-2.934225e-02	2.215683e+00
2.510000e-05	-1.004235e-01	2.356921e+00
2.511000e-05	9.523607e-02	2.401078e+00
2.512000e-05	1.544833e-02	2.537423e+00
2.513000e-05	-6.621126e-02	2.604233e+00
2.514000e-05	3.469104e-02	2.779451e+00
2.515000e-05	-2.343212e-02	2.873086e+00
2.516000e-05	-2.221337e-02	2.948891e+00
2.517000e-05	2.567765e-02	3.032657e+00
2.518000e-05	-2.207130e-02	3.158471e+00
2.519000e-05	-9.311810e-03	3.210531e+00
2.520000e-05	3.472841e-02	3.296417e+00
2.521000e-05	-4.054049e-02	3.412055e+00
2.522000e-05	4.410351e-03	3.566974e+00
2.523000e-05	2.423400e-03	3.622161e+00
2.524000e-05	-4.348326e-02	3.725422e+00
2.525000e-05	1.206108e-02	3.852581e+00
2.526000e-05	2.068901e-02	3.926369e+00
2.527000e-05	-1.585523e-02	3.980026e+00
2.528000e-05	-1.916264e-02	4.054716e+00
2.529000e-05	4.454102e-03	4.151529e+00
2.530000e-05	-1.141168e-02	4.314949e+00
2.531000e-05	-5.301717e-03	4.419028e+00
2.532000e-05	-6.728468e-03	4.455239e+00
2.533000e-05	-1.543154e-02	4.558946e+00
2.534000e-05	-5.083432e-03	4.661183e+00
2.535000e-05	1.258654e-02	4.738395e+00
2.536000e-05	-1.156678e-02	4.831005e+00
2.537000e-05	-2.083899e-02	4.876788e+00
2.538000e-05	-4.682015e-03	5.033661e+00
2.539000e-05	-5.719266e-03	5.117470e+00
2.540000e-05	2.551849e-03	5.230604e+00
2.541000e-05	-1.068835e-02	5.296291e+00
2.542000e-05	-1.495043e-02	5.409499e+00
2.543000e-05	-6.019006e-03	5.483711e+00
2.544000e-05	3.191770e-04	5.476942e+00
2.545000e-05	-7.420253e-03	5.570472e+00
2.546000e-05	-1.897944e-02	5.631659e+00
2.547000e-05	-1.046875e-02	5.686868e+00
2.548000e-05	-2.859293e-03	5.811535e+00
2.549000e-05	-2.538423e-04	5.894917e+00
2.550000e-05	-1.028645e-02	5.967474e+00
2.551000e-05	-1.507363e-02	6.032626e+00
2.552000e-05	-9.220936e-03	6.064709e+00
2.553000e-05	-4.335745e-03	6.116920e+00
2.554000e-05	-8.420673e-03	6.179051e+00
2.555000e-05	-1.440956e-02	6.243158e+00
2.556000e-05	-1.070020e-02	6.295761e+00
2.557000e-05	-4.187806e-03	6.347424e+00
2.558000e-05	-1.716598e-03	6.389075e+00
2.559000e-05	-1.243186e-02	6.412657e+00
2.560000e-05	-1.557843e-02	6.476814e+00
2.561000e-05	-1.190936e-02	6.580095e+00
2.562000e-05	-6.686332e-03	6.694208e+00
2.563000e-05	-8.663786e-03	6.685342e+00
2.564000e-05	-1.486185e-02	6.757421e+00
2.565000e-05	-1.183249e-02	6.788524e+00
2.566000e-05	-7.210290e-03	6.791553e+00
2.567000e-05	-6.063803e-03	6.872158e+00
2.568000e-05	-1.370608e-02	6.856235e+00
2.569000e-05	-1.525518e-02	6.917313e+00
2.570000e-05	-1.291563e-02	6.937971e+00
2.571000e-05	-6.134882e-03	6.999477e+00
2.572000e-05	-1.010819e-02	7.022108e+00
2.573000e-05	-1.487677e-02	7.072681e+00
2.574000e-05	-1.519059e-02	7.056816e+00
2.575000e-05	-1.197853e-02	7.105867e+00
2.576000e-05	-8.745267e-03	7.138421e+00
2.577000e-05	-1.286205e-02	7.169051e+00
2.578000e-05	-1.640518e-02	7.149974e+00
2.579000e-05	-1.345008e-02	7.210524e+00
2.580000e-05	-1.048488e-02	7.221555e+00
2.581000e-05	-1.135672e-02	7.252704e+00
2.582000e-05	-1.714792e-02	7.253182e+00
2.583000e-05	-1.791112e-02	7.305833e+00
2.584000e-05	-1.396062e-02	7.263332e+00
2.585000e-05	-1.043117e-02	7.275314e+00
2.586000e-05	-1.366871e-02	7.317842e+00
2.587000e-05	-1.689884e-02	7.347023e+00
2.588000e-05	-1.655462e-02	7.300072e+00
2.589000e-05	-1.335020e-02	7.367070e+00
2.590000e-05	-1.385444e-02	7.337938e+00
2.591000e-05	-1.824848e-02	7.390529e+00
2.592000e-05	-1.948223e-02	7.347550e+00
2.593000e-05	-1.781686e-02	7.351505e+00
2.594000e-05	-1.429238e-02	7.418617e+00
2.595000e-05	-1.743982e-02	7.348971e+00
2.596000e-05	-1.980181e-02	7.346945e+00
2.597000e-05	-1.957682e-02	7.320021e+00
2.598000e-05	-1.533898e-02	7.347917e+00
2.599000e-05	-1.622245e-02	7.308861e+00
2.600000e-05	-1.989489e-02	7.274339e+00
2.601000e-05	-2.225216e-02	7.266306e+00
2.602000e-05	-2.104529e-02	7.274761e+00
2.603000e-05	-1.960470e-02	7.272683e+00
2.604000e-05	-1.991495e-02	7.241204e+00
2.605000e-05	-2.251986e-02	7.241079e+00
2.606000e-05	-2.353709e-02	7.190074e+00
2.607000e-05	-2.174025e-02	7.200524e+00
2.608000e-05	-1.999446e-02	7.147945e+00
2.609000e-05	-2.209258e-02	7.148418e+00
2.610000e-05	-2.575774e-02	7.115862e+00
2.611000e-05	-2.508843e-02	7.094741e+00
2.612000e-05	-2.339503e-02	7.083230e+00
2.613000e-05	-2.280639e-02	7.062628e+00
2.614000e-05	-2.637840e-02	7.010072e+00
2.615000e-05	-2.639103e-02	6.939418e+00
2.616000e-05	-2.562687e-02	6.907864e+00
2.617000e-05	-2.408211e-02	6.874285e+00
2.618000e-05	-2.659924e-02	6.853180e+00
2.619000e-05	-2.760039e-02	6.850526e+00
2.620000e-05	-3.004378e-02	6.768522e+00
2.621000e-05	-2.768484e-02	6.748493e+00
2.622000e-05	-2.805975e-02	6.706288e+00
2.623000e-05	-2.965556e-02	6.624151e+00
2.624000e-05	-3.099404e-02	6.569592e+00
2.625000e-05	-2.962982e-02	6.515760e+00
2.626000e-05	-2.874138e-02	6.453181e+00
2.627000e-05	-2.989285e-02	6.400072e+00
2.628000e-05	-3.018507e-02	6.369446e+00
2.629000e-05	-2.828836e-02	6.316862e+00
2.630000e-05	-2.669550e-02	6.252705e+00
2.631000e-05	-2.642386e-02	6.210521e+00
2.632000e-05	-2.669518e-02	6.127916e+00
2.633000e-05	-2.605231e-02	6.074734e+00
2.634000e-05	-2.366059e-02	6.033151e+00
2.635000e-05	-2.151496e-02	5.989972e+00
2.636000e-05	-2.214008e-02	5.977918e+00
2.637000e-05	-2.345880e-02	5.833702e+00
2.638000e-05	-2.099838e-02	5.778438e+00
2.639000e-05	-1.745829e-02	5.642575e+00
2.640000e-05	-1.664123e-02	5.579047e+00
2.641000e-05	-1.861598e-02	5.556863e+00
2.642000e-05	-1.871273e-02	5.432231e+00
2.643000e-05	-1.625439e-02	5.420097e+00
2.644000e-05	-1.375950e-02	5.335866e+00
2.645000e-05	-1.442596e-02	5.234674e+00
2.646000e-05	-1.508067e-02	5.148867e+00
2.647000e-05	-1.487063e-02	5.051680e+00
2.648000e-05	-1.207937e-02	4.904937e+00
2.649000e-05	-1.176979e-02	4.851125e+00
2.650000e-05	-1.280793e-02	4.788370e+00
2.651000e-05	-1.340509e-02	4.684210e+00
2.652000e-05	-1.175633e-02	4.620470e+00
2.653000e-05	-1.049175e-02	4.517362e+00
2.654000e-05	-1.120047e-02	4.451229e+00
2.655000e-05	-1.323830e-02	4.398972e+00
2.656000e-05	-1.198667e-02	4.257338e+00
2.657000e-05	-9.642547e-03	4.179495e+00
2.658000e-05	-9.101239e-03	4.043677e+00
2.659000e-05	-9.658195e-03	3.939970e+00
2.660000e-05	-1.045143e-02	3.936259e+00
2.661000e-05	-9.238104e-03	3.820521e+00
2.662000e-05	-8.596823e-03	3.726837e+00
2.663000e-05	-8.705358e-03	3.641101e+00
2.664000e-05	-9.847102e-03	3.539942e+00
2.665000e-05	-9.619438e-03	3.464722e+00
2.666000e-05	-8.042472e-03	3.294862e+00
2.667000e-05	-7.687447e-03	3.210597e+00
2.668000e-05	-8.238220e-03	3.166817e+00
2.669000e-05	-8.167404e-03	3.022105e+00
2.670000e-05	-7.157524e-03	2.968415e+00
2.671000e-05	-5.720765e-03	2.853128e+00
2.672000e-05	-7.051305e-03	2.789446e+00
2.673000e-05	-8.551060e-03	2.665229e+00
2.674000e-05	-8.600657e-03	2.545909e+00
2.675000e-05	-6.850884e-03	2.430521e+00
2.676000e-05	-5.385012e-03	2.315308e+00
2.677000e-05	-6.190329e-03	2.201601e+00
2.678000e-05	-6.582904e-03	2.137758e+00
2.679000e-05	-5.711675e-03	2.010526e+00
2.680000e-05	-4.586335e-03	1.977944e+00
2.681000e-05	-5.728944e-03	1.872077e+00
2.682000e-05	-7.724487e-03	1.706314e+00
2.683000e-05	-7.204237e-03	1.572024e+00
2.684000e-05	-5.035037e-03	1.525259e+00
2.685000e-05	-3.754320e-03	1.380471e+00
2.686000e-05	-4.641606e-03	1.284703e+00
2.687000e-05	-5.961037e-03	1.198492e+00
2.688000e-05	-5.853959e-03	1.073099e+00
2.689000e-05	-4.669003e-03	8.722340e-01
2.690000e-05	-3.417439e-03	7.999960e-01
2.691000e-05	-5.255498e-03	7.042617e-01
2.692000e-05	-4.832236e-03	5.893924e-01
2.693000e-05	-5.073472e-03	4.832067e-01
2.694000e-05	-2.802795e-03	4.100223e-01
2.695000e-05	-4.025488e-03	3.146852e-01
2.696000e-05	-5.355183e-03	1.768092e-01
2.697000e-05	-6.019083e-03	4.059988e-02
2.698000e-05	-2.321242e-03	-5.213933e-02
2.699000e-05	-3.468970e-04	-1.489012e-01
2.700000e-05	1.225611e-03	-2.946858e-01
2.701000e-05	9.170990e-05	-3.584436e-01
2.702000e-05	-8.956681e-04	-4.205580e-01
2.703000e-05	3.031850e-04	-5.188987e-01
2.704000e-05	-1.340458e-03	-6.653423e-01
2.705000e-05	7.852408e-04	-7.994512e-01
2.706000e-05	3.011978e-02	-8.630621e-01
2.707000e-05	6.235559e-02	-9.885064e-01
2.708000e-05	-2.250457e-02	-1.147535e+00
2.709000e-05	-7.989310e-02	-1.379534e+00
2.710000e-05	-4.443943e-02	-1.462807e+00
2.711000e-05	1.266734e-01	-1.470130e+00
2.712000e-05	-2.608240e-02	-1.578034e+00
2.713000e-05	-1.169138e-01	-1.758950e+00
2.714000e-05	1.248482e-01	-1.788528e+00
2.715000e-05	3.161616e-02	-1.843241e+00
2.716000e-05	-1.475030e-01	-1.992057e+00
2.717000e-05	5.488014e-02	-2.084264e+00
2.718000e-05	9.501320e-02	-2.167558e+00
2.719000e-05	-1.332127e-01	-2.369999e+00
2.720000e-05	1.909031e-02	-2.421157e+00
2.721000e-05	1.133834e-01	-2.485868e+00
2.722000e-05	-7.864501e-02	-2.664817e+00
2.723000e-05	1.566001e-02	-2.747899e+00
2.724000e-05	3.692285e-02	-2.822084e+00
2.725000e-05	-8.218399e-02	-2.929049e+00
2.726000e-05	6.253108e-02	-3.035613e+00
2.727000e-05	1.861814e-03	-3.148500e+00
2.728000e-05	-5.383627e-02	-3.305315e+00
2.729000e-05	8.707347e-02	-3.315920e+00
2.730000e-05	-3.904779e-02	-3.454138e+00
2.731000e-05	-1.816378e-02	-3.547926e+00
2.732000e-05	6.530085e-02	-3.600003e+00
2.733000e-05	-6.502068e-02	-3.694847e+00
2.734000e-05	8.589742e-03	-3.874688e+00
2.735000e-05	4.903931e-02	-3.948503e+00
2.736000e-05	-2.903722e-02	-4.042162e+00
2.737000e-05	2.018625e-02	-4.077297e+00
2.738000e-05	-1.210723e-02	-4.190083e+00
2.739000e-05	6.300498e-05	-4.265770e+00
2.740000e-05	2.369979e-02	-4.379499e+00
2.741000e-05	-2.187006e-02	-4.423161e+00
2.742000e-05	1.884197e-02	-4.495820e+00
2.743000e-05	-8.443130e-03	-4.623235e+00
2.744000e-05	1.345851e-02	-4.694241e+00
2.745000e-05	1.705409e-02	-4.738604e+00
2.746000e-05	-2.380575e-02	-4.895446e+00
2.747000e-05	1.667123e-02	-4.969524e+00
2.748000e-05	-5.148827e-03	-5.064733e+00
2.749000e-05	7.466574e-03	-5.158948e+00
2.750000e-05	1.946305e-02	-5.212132e+00
2.751000e-05	-1.880715e-02	-5.315803e+00
2.752000e-05	1.515447e-02	-5.452236e+00
2.753000e-05	6.730869e-03	-5.548473e+00
2.754000e-05	2.384111e-03	-5.590579e+00
2.755000e-05	8.183395e-03	-5.652685e+00
2.756000e-05	-1.437401e-02	-5.746874e+00
2.757000e-05	1.572372e-02	-5.778580e+00
2.758000e-05	4.925946e-03	-5.893264e+00
2.759000e-05	6.484211e-03	-5.916845e+00
2.760000e-05	4.758250e-03	-5.989552e+00
2.761000e-05	-6.986281e-03	-6.022082e+00
2.762000e-05	1.492602e-02	-6.084266e+00
2.763000e-05	1.148732e-03	-6.190110e+00
2.764000e-05	5.952022e-03	-6.244365e+00
2.765000e-05	1.146992e-03	-6.365472e+00
2.766000e-05	2.050454e-03	-6.388980e+00
2.767000e-05	1.493189e-02	-6.431610e+00
2.768000e-05	1.530150e-03	-6.494811e+00
2.769000e-05	4.940353e-03	-6.558422e+00
2.770000e-05	-1.876239e-03	-6.601128e+00
2.771000e-05	6.911784e-03	-6.633586e+00
2.772000e-05	1.231738e-02	-6.675915e+00
2.773000e-05	2.844355e-03	-6.758974e+00
2.774000e-05	4.985072e-03	-6.779003e+00
2.775000e-05	2.548057e-03	-6.789554e+00
2.776000e-05	9.461614e-03	-6.832658e+00
2.777000e-05	6.985152e-03	-6.864242e+00
2.778000e-05	1.870277e-03	-6.947977e+00
2.779000e-05	4.579303e-03	-7.001159e+00
2.780000e-05	5.951116e-03	-7.066313e+00
2.781000e-05	1.161676e-02	-7.095944e+00
2.782000e-05	6.797970e-03	-7.137474e+00
2.783000e-05	3.678636e-03	-7.189973e+00
2.784000e-05	5.093997e-03	-7.180528e+00
2.785000e-05	7.154623e-03	-7.231055e+00
2.786000e-05	9.996794e-03	-7.261659e+00
2.787000e-05	4.635921e-03	-7.263262e+00
2.788000e-05	4.603394e-03	-7.286361e+00
2.789000e-05	7.670244e-03	-7.325815e+00
2.790000e-05	1.079511e-02	-7.326968e+00
2.791000e-05	7.558778e-03	-7.347944e+00
2.792000e-05	4.737183e-03	-7.348551e+00
2.793000e-05	6.384800e-03	-7.338975e+00
2.794000e-05	9.639105e-03	-7.348475e+00
2.795000e-05	1.063908e-02	-7.419579e+00
2.796000e-05	7.563730e-03	-7.390580e+00
2.797000e-05	5.467827e-03	-7.461183e+00
2.798000e-05	8.883283e-03	-7.431559e+00
2.799000e-05	1.080461e-02	-7.412155e+00
2.800000e-05	1.137144e-02	-7.443658e+00
2.801000e-05	8.512242e-03	-7.422288e+00
2.802000e-05	9.401687e-03	-7.452205e+00
2.803000e-05	1.152397e-02	-7.433610e+00
2.804000e-05	1.211396e-02	-7.462708e+00
2.805000e-05	1.004106e-02	-7.400678e+00
2.806000e-05	8.173335e-03	-7.433608e+00
2.807000e-05	1.061099e-02	-7.391131e+00
2.808000e-05	1.340868e-02	-7.420705e+00
2.809000e-05	1.363779e-02	-7.380580e+00
2.810000e-05	1.186322e-02	-7.398100e+00
2.811000e-05	1.144731e-02	-7.340001e+00
2.812000e-05	1.457135e-02	-7.350076e+00
2.813000e-05	1.530238e-02	-7.368399e+00
2.814000e-05	1.404949e-02	-7.329394e+00
2.815000e-05	1.284701e-02	-7.336841e+00
2.816000e-05	1.361810e-02	-7.306393e+00
2.817000e-05	1.642637e-02	-7.263837e+00
2.818000e-05	1.690774e-02	-7.261659e+00
2.819000e-05	1.540057e-02	-7.222684e+00
2.820000e-05	1.445546e-02	-7.211580e+00
2.821000e-05	1.807317e-02	-7.190574e+00
2.822000e-05	1.904546e-02	-7.179548e+00
2.823000e-05	1.834837e-02	-7.126894e+00
2.824000e-05	1.655108e-02	-7.076342e+00
2.825000e-05	1.717122e-02	-7.043233e+00
2.826000e-05	1.945124e-02	-7.001224e+00
2.827000e-05	2.058704e-02	-6.967068e+00
2.828000e-05	1.991721e-02	-6.864791e+00
2.829000e-05	1.978073e-02	-6.842179e+00
2.830000e-05	2.068372e-02	-6.820553e+00
2.831000e-05	2.253532e-02	-6.769972e+00
2.832000e-05	2.248028e-02	-6.748895e+00
2.833000e-05	2.220877e-02	-6.708386e+00
2.834000e-05	2.205993e-02	-6.654288e+00
2.835000e-05	2.205469e-02	-6.622601e+00
2.836000e-05	2.325513e-02	-6.548423e+00
2.837000e-05	2.201196e-02	-6.505866e+00
2.838000e-05	2.061382e-02	-6.461135e+00
2.839000e-05	2.038253e-02	-6.440603e+00
2.840000e-05	2.067587e-02	-6.358950e+00
2.841000e-05	2.141584e-02	-6.315867e+00
2.842000e-05	1.815086e-02	-6.274305e+00
2.843000e-05	1.867897e-02	-6.176498e+00
2.844000e-05	1.611777e-02	-6.083214e+00
2.845000e-05	1.637880e-02	-6.031128e+00
2.846000e-05	1.459717e-02	-5.967472e+00
2.847000e-05	1.332597e-02	-5.897312e+00
2.848000e-05	1.084449e-02	-5.822630e+00
2.849000e-05	1.240057e-02	-5.767923e+00
2.850000e-05	9.591987e-03	-5.654212e+00
2.851000e-05	8.906095e-03	-5.630629e+00
2.852000e-05	6.709193e-03	-5.579525e+00
2.853000e-05	8.572044e-03	-5.484258e+00
2.854000e-05	8.955659e-03	-5.347096e+00
2.855000e-05	7.703495e-03	-5.253633e+00
2.856000e-05	5.301481e-03	-5.220497e+00
2.857000e-05	4.038824e-03	-5.115891e+00
2.858000e-05	3.715382e-03	-5.021078e+00
2.859000e-05	3.688698e-03	-4.987365e+00
2.860000e-05	3.094306e-03	-4.833024e+00
2.861000e-05	3.898005e-03	-4.674313e+00
2.862000e-05	5.010100e-03	-4.623705e+00
2.863000e-05	3.293747e-03	-4.558492e+00
2.864000e-05	3.556302e-03	-4.453710e+00
2.865000e-05	1.786483e-03	-4.420602e+00
2.866000e-05	2.209084e-03	-4.368918e+00
2.867000e-05	-4.565889e-04	-4.273128e+00
2.868000e-05	7.427608e-05	-4.199021e+00
2.869000e-05	6.573155e-04	-4.104761e+00
2.870000e-05	6.218727e-04	-4.012074e+00
2.871000e-05	2.581431e-03	-3.938464e+00
2.872000e-05	1.411218e-03	-3.830096e+00
2.873000e-05	3.144450e-03	-3.715735e+00
2.874000e-05	-3.787671e-04	-3.590495e+00
2.875000e-05	7.494002e-04	-3.517288e+00
2.876000e-05	-4.429906e-03	-3.431603e+00
2.877000e-05	-2.072702e-03	-3.346337e+00
2.878000e-05	-2.873290e-03	-3.252152e+00
2.879000e-05	3.743697e-05	-3.179494e+00
2.880000e-05	7.660352e-04	-3.051804e+00
2.881000e-05	4.918197e-04	-2.885738e+00
2.882000e-05	2.686277e-05	-2.800574e+00
2.883000e-05	-3.713857e-03	-2.737390e+00
2.884000e-05	-3.673297e-03	-2.622679e+00
2.885000e-05	-5.452392e-03	-2.536338e+00
2.886000e-05	-2.189375e-03	-2.411129e+00
2.887000e-05	-2.012907e-03	-2.377467e+00
2.888000e-05	-7.974714e-04	-2.241555e+00
2.889000e-05	-2.262808e-03	-2.083228e+00
2.890000e-05	-3.884707e-03	-2.000997e+00
2.891000e-05	-3.919268e-03	-1.935685e+00
2.892000e-05	-5.429577e-03	-1.809875e+00
2.893000e-05	-3.413991e-03	-1.705785e+00
2.894000e-05	-1.760479e-03	-1.621076e+00
2.895000e-05	-1.908254e-03	-1.557888e+00
2.896000e-05	-3.158440e-03	-1.407896e+00
2.897000e-05	-4.139065e-03	-1.250676e+00
2.898000e-05	-5.817662e-03	-1.106311e+00
2.899000e-05	-6.053147e-03	-9.999988e-01
2.900000e-05	-6.542903e-03	-9.162091e-01
2.901000e-05	-3.095394e-03	-7.719988e-01
2.902000e-05	-3.684835e-03	-7.473618e-01
2.903000e-05	-3.392550e-03	-6.074923e-01
2.904000e-05	-3.749260e-03	-4.525751e-01
2.905000e-05	-6.525369e-03	-3.779409e-01
2.906000e-05	-6.827809e-03	-2.936038e-01
2.907000e-05	-7.189205e-03	-1.873920e-01
2.908000e-05	-4.114981e-03	-5.355278e-02
2.909000e-05	-2.148315e-03	2.108138e-02
2.910000e-05	-3.834195e-04	1.267697e-01
2.911000e-05	-2.138827e-03	2.961872e-01
2.912000e-05	-2.640226e-03	3.994500e-01
2.913000e-05	-1.856146e-03	4.731592e-01
2.914000e-05	-3.541028e-03	5.879463e-01
2.915000e-05	-2.387828e-03	6.536819e-01
2.916000e-05	1.030929e-02	7.884276e-01
2.917000e-05	4.582987e-02	8.406893e-01
2.918000e-05	2.589304e-02	1.094792e+00
2.919000e-05	-5.252895e-02	1.223582e+00
2.920000e-05	-9.532587e-02	1.333845e+00
2.921000e-05	1.278787e-02	1.409430e+00
2.922000e-05	1.032940e-01	1.536370e+00
2.923000e-05	-8.324055e-02	1.696787e+00
2.924000e-05	-9.031266e-02	1.745943e+00
2.925000e-05	1.436616e-01	1.853663e+00
2.926000e-05	-4.047707e-02	2.008950e+00
2.927000e-05	-1.029586e-01	1.990000e+00
2.928000e-05	9.259636e-02	2.113768e+00
2.929000e-05	-1.693604e-02	2.233186e+00
2.930000e-05	-1.065534e-01	2.356418e+00
2.931000e-05	8.689859e-02	2.399959e+00
2.932000e-05	2.594488e-02	2.536916e+00
2.933000e-05	-6.786578e-02	2.645114e+00
2.934000e-05	3.214465e-02	2.759451e+00
2.935000e-05	-1.612888e-02	2.894712e+00
2.936000e-05	-2.679789e-02	2.938423e+00
2.937000e-05	2.415195e-02	3.033684e+00
2.938000e-05	-1.929840e-02	3.146947e+00
2.939000e-05	-1.508869e-02	3.211078e+00
2.940000e-05	3.648430e-02	3.316838e+00
2.941000e-05	-3.841857e-02	3.441711e+00
2.942000e-05	4.075539e-03	3.549397e+00
2.943000e-05	6.330056e-03	3.632505e+00
2.944000e-05	-4.165145e-02	3.747871e+00
2.945000e-05	8.662201e-03	3.821106e+00
2.946000e-05	2.125216e-02	3.926316e+00
2.947000e-05	-1.597014e-02	3.970029e+00
2.948000e-05	-1.984942e-02	4.024132e+00
2.949000e-05	4.558860e-03	4.180104e+00
2.950000e-05	-1.085969e-02	4.316396e+00
2.951000e-05	-4.602551e-03	4.400504e+00
2.952000e-05	-5.418013e-03	4.453688e+00
2.953000e-05	-1.403333e-02	4.547970e+00
2.954000e-05	-6.007777e-03	4.682585e+00
2.955000e-05	1.393810e-02	4.716346e+00
2.956000e-05	-1.020536e-02	4.779024e+00
2.957000e-05	-2.169086e-02	4.845815e+00
2.958000e-05	-6.515544e-03	5.022238e+00
2.959000e-05	-7.644547e-03	5.177422e+00
2.960000e-05	2.579040e-03	5.250009e+00
2.961000e-05	-9.135019e-03	5.306739e+00
2.962000e-05	-1.455396e-02	5.350051e+00
2.963000e-05	-6.079079e-03	5.442638e+00
2.964000e-05	1.407588e-03	5.487371e+00
2.965000e-05	-6.284140e-03	5.568429e+00
2.966000e-05	-1.803125e-02	5.641606e+00
2.967000e-05	-1.127423e-02	5.739419e+00
2.968000e-05	-3.639385e-03	5.812080e+00
2.969000e-05	-1.102989e-03	5.906246e+00
2.970000e-05	-9.790779e-03	5.968496e+00
2.971000e-05	-1.497472e-02	6.000055e+00
2.972000e-05	-8.908703e-03	6.094791e+00
2.973000e-05	-2.872493e-03	6.177371e+00
2.974000e-05	-7.189660e-03	6.199424e+00
2.975000e-05	-1.412263e-02	6.231633e+00
2.976000e-05	-1.158658e-02	6.283890e+00
2.977000e-05	-6.324888e-03	6.318971e+00
2.978000e-05	-3.707679e-03	6.380003e+00
2.979000e-05	-1.239874e-02	6.393707e+00
2.980000e-05	-1.596663e-02	6.486241e+00
2.981000e-05	-1.324976e-02	6.550005e+00
2.982000e-05	-5.594661e-03	6.632634e+00
2.983000e-05	-7.146069e-03	6.655292e+00
2.984000e-05	-1.326457e-02	6.729475e+00
2.985000e-05	-1.369248e-02	6.759526e+00
2.986000e-05	-1.094526e-02	6.812055e+00
2.987000e-05	-5.937305e-03	6.832229e+00
2.988000e-05	-1.265698e-02	6.913233e+00
2.989000e-05	-1.632053e-02	6.927343e+00
2.990000e-05	-1.543054e-02	6.937948e+00
2.991000e-05	-7.554178e-03	7.020526e+00
2.992000e-05	-7.002129e-03	6.992679e+00
2.993000e-05	-1.308685e-02	7.086739e+00
2.994000e-05	-1.613893e-02	7.084734e+00
2.995000e-05	-1.320503e-02	7.136415e+00
2.996000e-05	-8.625948e-03	7.148443e+00
2.997000e-05	-1.099920e-02	7.158499e+00
2.998000e-05	-1.652232e-02	7.199549e+00
2.999000e-05	-1.649508e-02	7.210101e+00
3.000000e-05	-1.178325e-02	7.201155e+00
3.001000e-05	-9.451133e-03	7.232606e+00
3.002000e-05	-1.383180e-02	7.232209e+00
3.003000e-05	-1.690300e-02	7.253636e+00
3.004000e-05	-1.508494e-02	7.306258e+00
3.005000e-05	-1.022269e-02	7.273743e+00
3.006000e-05	-1.308239e-02	7.335794e+00
3.007000e-05	-1.807991e-02	7.347389e+00
3.008000e-05	-1.885784e-02	7.327041e+00
3.009000e-05	-1.368358e-02	7.370892e+00
3.010000e-05	-1.175921e-02	7.357572e+00
3.011000e-05	-1.514269e-02	7.380044e+00
3.012000e-05	-1.837961e-02	7.378976e+00
3.013000e-05	-1.775490e-02	7.378125e+00
3.014000e-05	-1.422602e-02	7.388972e+00
3.015000e-05	-1.544849e-02	7.357120e+00
3.016000e-05	-2.007467e-02	7.358967e+00
3.017000e-05	-2.088988e-02	7.360441e+00
3.018000e-05	-1.807622e-02	7.297867e+00
3.019000e-05	-1.592853e-02	7.317842e+00
3.020000e-05	-1.814005e-02	7.294870e+00
3.021000e-05	-2.095326e-02	7.265862e+00
3.022000e-05	-2.109335e-02	7.314164e+00
3.023000e-05	-1.902720e-02	7.253805e+00
3.024000e-05	-1.905138e-02	7.210604e+00
3.025000e-05	-2.203647e-02	7.240632e+00
3.026000e-05	-2.393729e-02	7.231498e+00
3.027000e-05	-2.196182e-02	7.200523e+00
3.028000e-05	-2.043591e-02	7.159444e+00
3.029000e-05	-2.081196e-02	7.147394e+00
3.030000e-05	-2.446763e-02	7.125334e+00
3.031000e-05	-2.434364e-02	7.074264e+00
3.032000e-05	-2.399119e-02	7.043279e+00
3.033000e-05	-2.328605e-02	7.043658e+00
3.034000e-05	-2.607317e-02	7.000550e+00
3.035000e-05	-2.589133e-02	6.958945e+00
3.036000e-05	-2.633890e-02	6.897287e+00
3.037000e-05	-2.436232e-02	6.844810e+00
3.038000e-05	-2.570131e-02	6.862579e+00
3.039000e-05	-2.879143e-02	6.802604e+00
3.040000e-05	-3.084647e-02	6.790499e+00
3.041000e-05	-2.983476e-02	6.767844e+00
3.042000e-05	-2.848779e-02	6.656339e+00
3.043000e-05	-2.896002e-02	6.622676e+00
3.044000e-05	-3.101624e-02	6.558420e+00
3.045000e-05	-3.012821e-02	6.523337e+00
3.046000e-05	-2.813915e-02	6.441156e+00
3.047000e-05	-2.835873e-02	6.399997e+00
3.048000e-05	-3.045164e-02	6.399470e+00
3.049000e-05	-3.140948e-02	6.326341e+00
3.050000e-05	-2.992636e-02	6.292159e+00
3.051000e-05	-2.647366e-02	6.212576e+00
3.052000e-05	-2.517205e-02	6.128445e+00
3.053000e-05	-2.589498e-02	6.136757e+00
3.054000e-05	-2.420919e-02	6.032028e+00
3.055000e-05	-2.264225e-02	5.999544e+00
3.056000e-05	-2.047275e-02	5.937817e+00
3.057000e-05	-2.177631e-02	5.871655e+00
3.058000e-05	-2.255513e-02	5.758416e+00
3.059000e-05	-2.097958e-02	5.651703e+00
3.060000e-05	-1.708981e-02	5.580025e+00
3.061000e-05	-1.595411e-02	5.545912e+00
3.062000e-05	-1.647643e-02	5.443257e+00
3.063000e-05	-1.748324e-02	5.372047e+00
3.064000e-05	-1.476610e-02	5.316840e+00
3.065000e-05	-1.350231e-02	5.292104e+00
3.066000e-05	-1.322591e-02	5.167490e+00
3.067000e-05	-1.430887e-02	5.052726e+00
3.068000e-05	-1.436909e-02	4.926362e+00
3.069000e-05	-1.242502e-02	4.811104e+00
3.070000e-05	-1.139628e-02	4.758445e+00
3.071000e-05	-1.139556e-02	4.683758e+00
3.072000e-05	-1.248135e-02	4.610525e+00
3.073000e-05	-1.123079e-02	4.527313e+00
3.074000e-05	-1.100614e-02	4.452129e+00
3.075000e-05	-9.928937e-03	4.390517e+00
3.076000e-05	-1.113397e-02	4.316263e+00
3.077000e-05	-1.031530e-02	4.178944e+00
3.078000e-05	-9.687118e-03	4.074708e+00
3.079000e-05	-9.284022e-03	3.989994e+00
3.080000e-05	-9.710044e-03	3.915785e+00
3.081000e-05	-9.928836e-03	3.851045e+00
3.082000e-05	-9.226266e-03	3.706838e+00
3.083000e-05	-8.121022e-03	3.633126e+00
3.084000e-05	-8.544136e-03	3.589895e+00
3.085000e-05	-8.427884e-03	3.483259e+00
3.086000e-05	-7.499408e-03	3.326313e+00
3.087000e-05	-7.537311e-03	3.190575e+00
3.088000e-05	-7.149194e-03	3.138938e+00
3.089000e-05	-7.790822e-03	3.061603e+00
3.090000e-05	-9.199596e-03	2.967417e+00
3.091000e-05	-7.491209e-03	2.863654e+00
3.092000e-05	-6.566309e-03	2.788943e+00
3.093000e-05	-6.626173e-03	2.725655e+00
3.094000e-05	-6.641958e-03	2.559367e+00
3.095000e-05	-6.520856e-03	2.431000e+00
3.096000e-05	-5.641248e-03	2.336412e+00
3.097000e-05	-5.777690e-03	2.190571e+00
3.098000e-05	-6.883007e-03	2.127413e+00
3.099000e-05	-6.630615e-03	2.021576e+00
3.100000e-05	-6.837839e-03	1.966895e+00
3.101000e-05	-5.428706e-03	1.841725e+00
3.102000e-05	-5.794015e-03	1.736912e+00
3.103000e-05	-5.390947e-03	1.663076e+00
3.104000e-05	-5.878746e-03	1.496760e+00
3.105000e-05	-5.063607e-03	1.379020e+00
3.106000e-05	-4.337367e-03	1.293759e+00
3.107000e-05	-5.522357e-03	1.190421e+00
3.108000e-05	-5.453435e-03	1.051078e+00
3.109000e-05	-5.991893e-03	9.027292e-01
3.110000e-05	-4.893878e-03	7.899474e-01
3.111000e-05	-4.964372e-03	7.346615e-01
3.112000e-05	-5.492940e-03	5.999472e-01
3.113000e-05	-5.342369e-03	4.936815e-01
3.114000e-05	-4.510400e-03	4.094474e-01
3.115000e-05	-4.029073e-03	3.073064e-01
3.116000e-05	-4.396092e-03	1.873619e-01
3.117000e-05	-4.804005e-03	4.102376e-02
3.118000e-05	-3.535082e-03	-7.258202e-02
3.119000e-05	-2.999844e-03	-1.384750e-01
3.120000e-05	5.721919e-04	-2.336156e-01
3.121000e-05	8.962047e-05	-3.679237e-01
3.122000e-05	-1.883620e-03	-4.505553e-01
3.123000e-05	-9.743802e-04	-4.973751e-01
3.124000e-05	-5.551441e-04	-7.243159e-01
3.125000e-05	2.637086e-03	-7.895263e-01
3.126000e-05	2.884766e-02	-8.311383e-01
3.127000e-05	6.205652e-02	-9.805539e-01
3.128000e-05	-1.843975e-02	-1.158954e+00
3.129000e-05	-7.958762e-02	-1.337559e+00
3.130000e-05	-5.108780e-02	-1.424683e+00
3.131000e-05	1.227345e-01	-1.401652e+00
3.132000e-05	-1.615827e-02	-1.530004e+00
3.133000e-05	-1.227372e-01	-1.759974e+00
3.134000e-05	1.135923e-01	-1.799477e+00
3.135000e-05	4.777662e-02	-1.832159e+00
3.136000e-05	-1.494374e-01	-2.010582e+00
3.137000e-05	4.057123e-02	-2.043642e+00
3.138000e-05	1.069678e-01	-2.148858e+00
3.139000e-05	-1.269869e-01	-2.357426e+00
3.140000e-05	9.490347e-04	-2.423055e+00
3.141000e-05	1.214995e-01	-2.454370e+00
3.142000e-05	-7.430112e-02	-2.665266e+00
3.143000e-05	9.173103e-03	-2.747496e+00
3.144000e-05	4.564156e-02	-2.820055e+00
3.145000e-05	-8.327602e-02	-2.948027e+00
3.146000e-05	5.862907e-02	-3.074262e+00
3.147000e-05	1.091812e-02	-3.119427e+00
3.148000e-05	-5.844067e-02	-3.284216e+00
3.149000e-05	8.435680e-02	-3.327895e+00
3.150000e-05	-3.238358e-02	-3.431684e+00
3.151000e-05	-2.609138e-02	-3.569001e+00
3.152000e-05	6.944855e-02	-3.569531e+00
3.153000e-05	-5.908776e-02	-3.696791e+00
3.154000e-05	-9.834127e-06	-3.844689e+00
3.155000e-05	5.274419e-02	-3.949976e+00
3.156000e-05	-2.707722e-02	-4.033059e+00
3.157000e-05	1.910504e-02	-4.115844e+00
3.158000e-05	-1.067017e-02	-4.180602e+00
3.159000e-05	-3.505123e-03	-4.295395e+00
3.160000e-05	2.594734e-02	-4.340000e+00
3.161000e-05	-2.162753e-02	-4.431634e+00
3.162000e-05	1.712825e-02	-4.492816e+00
3.163000e-05	-7.058177e-03	-4.613639e+00
3.164000e-05	1.010626e-02	-4.675868e+00
3.165000e-05	2.037164e-02	-4.767525e+00
3.166000e-05	-2.127601e-02	-4.896745e+00
3.167000e-05	1.424892e-02	-4.980504e+00
3.168000e-05	-2.213514e-03	-5.063234e+00
3.169000e-05	2.254226e-03	-5.107921e+00
3.170000e-05	2.226009e-02	-5.210933e+00
3.171000e-05	-2.139780e-02	-5.307998e+00
3.172000e-05	1.516114e-02	-5.372712e+00
3.173000e-05	7.721397e-03	-5.497473e+00
3.174000e-05	3.398905e-03	-5.609054e+00
3.175000e-05	1.053273e-02	-5.633288e+00
3.176000e-05	-1.421087e-02	-5.707847e+00
3.177000e-05	1.156896e-02	-5.758550e+00
3.178000e-05	4.104310e-03	-5.843789e+00
3.179000e-05	4.427032e-03	-5.936921e+00
3.180000e-05	5.838765e-03	-5.970549e+00
3.181000e-05	-6.183588e-03	-6.002005e+00
3.182000e-05	1.608555e-02	-6.097217e+00
3.183000e-05	4.772461e-03	-6.150603e+00
3.184000e-05	4.065113e-03	-6.195817e+00
3.185000e-05	1.127030e-03	-6.367899e+00
3.186000e-05	-2.738994e-03	-6.399529e+00
3.187000e-05	1.517779e-02	-6.452157e+00
3.188000e-05	3.021516e-03	-6.476236e+00
3.189000e-05	5.674996e-03	-6.538445e+00
3.190000e-05	-5.008238e-04	-6.550051e+00
3.191000e-05	6.048499e-03	-6.622710e+00
3.192000e-05	1.216735e-02	-6.705342e+00
3.193000e-05	2.372169e-03	-6.748472e+00
3.194000e-05	3.072014e-03	-6.738996e+00
3.195000e-05	9.430834e-04	-6.811580e+00
3.196000e-05	1.031236e-02	-6.832633e+00
3.197000e-05	9.869373e-03	-6.865362e+00
3.198000e-05	4.316305e-03	-6.948598e+00
3.199000e-05	3.295179e-03	-7.003157e+00
3.200000e-05	5.136032e-03	-7.025864e+00
3.201000e-05	1.083377e-02	-7.096367e+00
3.202000e-05	6.734557e-03	-7.148474e+00
3.203000e-05	2.119222e-03	-7.186949e+00
3.204000e-05	4.338420e-03	-7.190025e+00
3.205000e-05	8.047289e-03	-7.250580e+00
3.206000e-05	1.186175e-02	-7.252135e+00
3.207000e-05	6.873172e-03	-7.263189e+00
3.208000e-05	4.012154e-03	-7.275216e+00
3.209000e-05	6.782870e-03	-7.295762e+00
3.210000e-05	9.624021e-03	-7.286442e+00
3.211000e-05	8.482299e-03	-7.346921e+00
3.212000e-05	4.695697e-03	-7.377975e+00
3.213000e-05	5.853141e-03	-7.368546e+00
3.214000e-05	1.012181e-02	-7.370053e+00
3.215000e-05	1.229158e-02	-7.401005e+00
3.216000e-05	9.437510e-03	-7.413106e+00
3.217000e-05	5.724270e-03	-7.393105e+00
3.218000e-05	9.533815e-03	-7.410603e+00
3.219000e-05	1.009961e-02	-7.402630e+00
3.220000e-05	1.141319e-02	-7.442156e+00
3.221000e-05	7.204953e-03	-7.453234e+00
3.222000e-05	7.484909e-03	-7.443107e+00
3.223000e-05	1.064623e-02	-7.451729e+00
3.224000e-05	1.391904e-02	-7.444755e+00
3.225000e-05	1.194427e-02	-7.443711e+00
3.226000e-05	8.847048e-03	-7.411559e+00
3.227000e-05	1.055194e-02	-7.422628e+00
3.228000e-05	1.340894e-02	-7.412155e+00
3.229000e-05	1.356014e-02	-7.442158e+00
3.230000e-05	1.074846e-02	-7.390049e+00
3.231000e-05	9.756657e-03	-7.400026e+00
3.232000e-05	1.242665e-02	-7.399022e+00
3.233000e-05	1.539704e-02	-7.370000e+00
3.234000e-05	1.592757e-02	-7.337445e+00
3.235000e-05	1.428555e-02	-7.336495e+00
3.236000e-05	1.419981e-02	-7.295813e+00
3.237000e-05	1.659880e-02	-7.274736e+00
3.238000e-05	1.569333e-02	-7.272260e+00
3.239000e-05	1.468887e-02	-7.232677e+00
3.240000e-05	1.324573e-02	-7.211601e+00
3.241000e-05	1.532378e-02	-7.180050e+00
3.242000e-05	1.832554e-02	-7.189474e+00
3.243000e-05	1.895243e-02	-7.148920e+00
3.244000e-05	1.752009e-02	-7.135867e+00
3.245000e-05	1.736835e-02	-7.075279e+00
3.246000e-05	1.804573e-02	-7.028132e+00
3.247000e-05	1.972178e-02	-6.967972e+00
3.248000e-05	1.937246e-02	-6.875363e+00
3.249000e-05	1.900158e-02	-6.824182e+00
3.250000e-05	2.047847e-02	-6.800626e+00
3.251000e-05	2.263224e-02	-6.771024e+00
3.252000e-05	2.309328e-02	-6.737971e+00
3.253000e-05	2.181841e-02	-6.716338e+00
3.254000e-05	2.098846e-02	-6.662806e+00
3.255000e-05	2.234446e-02	-6.621630e+00
3.256000e-05	2.357142e-02	-6.549473e+00
3.257000e-05	2.226338e-02	-6.476389e+00
3.258000e-05	2.092103e-02	-6.443259e+00
3.259000e-05	2.097172e-02	-6.421124e+00
3.260000e-05	2.095970e-02	-6.378972e+00
3.261000e-05	2.159083e-02	-6.306388e+00
3.262000e-05	1.761874e-02	-6.252655e+00
3.263000e-05	1.675770e-02	-6.147467e+00
3.264000e-05	1.575996e-02	-6.083287e+00
3.265000e-05	1.763713e-02	-6.040574e+00
3.266000e-05	1.469496e-02	-5.958494e+00
3.267000e-05	1.381598e-02	-5.915810e+00
3.268000e-05	1.228200e-02	-5.811679e+00
3.269000e-05	1.338916e-02	-5.777896e+00
3.270000e-05	9.121085e-03	-5.684784e+00
3.271000e-05	8.087462e-03	-5.613127e+00
3.272000e-05	6.469026e-03	-5.588522e+00
3.273000e-05	1.001589e-02	-5.485355e+00
3.274000e-05	9.620852e-03	-5.390047e+00
3.275000e-05	8.844999e-03	-5.284177e+00
3.276000e-05	5.828071e-03	-5.200471e+00
3.277000e-05	5.767868e-03	-5.093858e+00
3.278000e-05	5.923367e-03	-5.043029e+00
3.279000e-05	4.687273e-03	-4.955462e+00
3.280000e-05	3.237619e-03	-4.811600e+00
3.281000e-05	2.352537e-03	-4.723916e+00
3.282000e-05	3.140861e-03	-4.652676e+00
3.283000e-05	4.771444e-03	-4.559995e+00
3.284000e-05	4.433808e-03	-4.462708e+00
3.285000e-05	2.189385e-03	-4.440600e+00
3.286000e-05	1.775281e-03	-4.358415e+00
3.287000e-05	2.250918e-03	-4.284230e+00
3.288000e-05	2.795362e-03	-4.179575e+00
3.289000e-05	5.509938e-04	-4.116787e+00
3.290000e-05	-8.255319e-04	-4.040576e+00
3.291000e-05	1.332132e-04	-3.978946e+00
3.292000e-05	2.344906e-03	-3.853130e+00
3.293000e-05	1.364682e-03	-3.711759e+00
3.294000e-05	-5.585262e-04	-3.600575e+00
3.295000e-05	-1.642243e-03	-3.537817e+00
3.296000e-05	-5.174054e-04	-3.422076e+00
3.297000e-05	5.475940e-04	-3.327413e+00
3.298000e-05	-9.850908e-04	-3.263681e+00
3.299000e-05	-2.310720e-03	-3.188971e+00
3.300000e-05	-2.648297e-03	-3.086155e+00
3.301000e-05	-8.906615e-04	-2.944767e+00
3.302000e-05	-1.242346e-03	-2.820100e+00
3.303000e-05	-3.130850e-03	-2.766921e+00
3.304000e-05	-3.803690e-03	-2.610053e+00
3.305000e-05	-2.182462e-03	-2.558313e+00
3.306000e-05	-1.481510e-03	-2.420626e+00
3.307000e-05	-2.431814e-03	-2.408970e+00
3.308000e-05	-3.865041e-03	-2.272575e+00
3.309000e-05	-3.929558e-03	-2.084808e+00
3.310000e-05	-2.553245e-03	-2.000049e+00
3.311000e-05	-2.353481e-03	-1.945761e+00
3.312000e-05	-4.621452e-03	-1.800050e+00
3.313000e-05	-5.550515e-03	-1.705806e+00
3.314000e-05	-4.448551e-03	-1.600025e+00
3.315000e-05	-3.280137e-03	-1.508342e+00
3.316000e-05	-3.930878e-03	-1.438969e+00
3.317000e-05	-4.453289e-03	-1.243579e+00
3.318000e-05	-4.351038e-03	-1.136363e+00
3.319000e-05	-3.331372e-03	-1.021551e+00
3.320000e-05	-3.452530e-03	-9.162829e-01
3.321000e-05	-5.072759e-03	-8.205750e-01
3.322000e-05	-5.837548e-03	-7.383906e-01
3.323000e-05	-5.883209e-03	-5.795435e-01
3.324000e-05	-4.983319e-03	-4.425529e-01
3.325000e-05	-3.917457e-03	-3.799934e-01
3.326000e-05	-5.747569e-03	-2.616065e-01
3.327000e-05	-5.803003e-03	-1.894659e-01
3.328000e-05	-3.629776e-03	-7.170646e-02
3.329000e-05	-2.224787e-03	2.107638e-02
3.330000e-05	-6.781395e-04	4.576471e-02
3.331000e-05	-2.646419e-03	2.716895e-01
3.332000e-05	-2.933935e-03	3.884512e-01
3.333000e-05	-2.245290e-03	4.415829e-01
3.334000e-05	-3.217730e-03	5.173498e-01
3.335000e-05	-2.160033e-03	6.436892e-01
3.336000e-05	9.680116e-03	7.704499e-01
3.337000e-05	4.525973e-02	8.322130e-01
3.338000e-05	3.128636e-02	1.053240e+00
3.339000e-05	-4.760590e-02	1.202981e+00
3.340000e-05	-9.549971e-02	1.285758e+00
3.341000e-05	1.094746e-03	1.377976e+00
3.342000e-05	1.071871e-01	1.506340e+00
3.343000e-05	-7.475026e-02	1.734840e+00
3.344000e-05	-9.673137e-02	1.717847e+00
3.345000e-05	1.390941e-01	1.813110e+00
3.346000e-05	-2.559773e-02	1.978951e+00
3.347000e-05	-1.052137e-01	2.000030e+00
3.348000e-05	8.561221e-02	2.074238e+00
3.349000e-05	-3.916861e-03	2.263632e+00
3.350000e-05	-1.117807e-01	2.347294e+00
3.351000e-05	7.920418e-02	2.390983e+00
3.352000e-05	3.768574e-02	2.467841e+00
3.353000e-05	-7.143249e-02	2.654211e+00
3.354000e-05	2.654681e-02	2.759926e+00
3.355000e-05	-1.017744e-02	2.884238e+00
3.356000e-05	-2.986146e-02	2.936420e+00
3.357000e-05	2.467630e-02	3.053628e+00
3.358000e-05	-1.703862e-02	3.119396e+00
3.359000e-05	-1.808438e-02	3.221001e+00
3.360000e-05	3.868140e-02	3.325292e+00
3.361000e-05	-3.718339e-02	3.419678e+00
3.362000e-05	-4.317153e-04	3.528920e+00
3.363000e-05	6.440984e-03	3.611555e+00
3.364000e-05	-4.054927e-02	3.766846e+00
3.365000e-05	5.184323e-03	3.841583e+00
3.366000e-05	2.278136e-02	3.925921e+00
3.367000e-05	-1.409861e-02	3.980505e+00
3.368000e-05	-2.070025e-02	4.043085e+00
3.369000e-05	4.809322e-03	4.169900e+00
3.370000e-05	-9.616034e-03	4.314865e+00
3.371000e-05	-5.361384e-03	4.390603e+00
3.372000e-05	-7.085173e-03	4.484712e+00
3.373000e-05	-1.298086e-02	4.577946e+00
3.374000e-05	-7.775571e-03	4.653210e+00
3.375000e-05	1.211854e-02	4.727870e+00
3.376000e-05	-1.148615e-02	4.801478e+00
3.377000e-05	-2.116899e-02	4.904867e+00
3.378000e-05	-4.700421e-03	5.000134e+00
3.379000e-05	-5.338476e-03	5.096974e+00
3.380000e-05	1.800981e-03	5.221532e+00
3.381000e-05	-1.077550e-02	5.313787e+00
3.382000e-05	-1.484253e-02	5.379072e+00
3.383000e-05	-6.807412e-03	5.455608e+00
3.384000e-05	3.918876e-04	5.506841e+00
3.385000e-05	-7.166950e-03	5.567997e+00
3.386000e-05	-1.789099e-02	5.640508e+00
3.387000e-05	-1.033543e-02	5.687871e+00
3.388000e-05	-2.557013e-03	5.789052e+00
3.389000e-05	-1.755191e-03	5.895317e+00
3.390000e-05	-1.101718e-02	5.966976e+00
3.391000e-05	-1.523212e-02	6.011578e+00
3.392000e-05	-9.160195e-03	6.074187e+00
3.393000e-05	-3.153432e-03	6.136372e+00
3.394000e-05	-9.035754e-03	6.169999e+00
3.395000e-05	-1.442443e-02	6.221558e+00
3.396000e-05	-1.080090e-02	6.285239e+00
3.397000e-05	-4.933640e-03	6.327470e+00
3.398000e-05	-3.331923e-03	6.369478e+00
3.399000e-05	-1.238859e-02	6.452183e+00
3.400000e-05	-1.425087e-02	6.506739e+00
3.401000e-05	-1.233111e-02	6.549501e+00
3.402000e-05	-4.810504e-03	6.674285e+00
3.403000e-05	-8.797449e-03	6.703891e+00
3.404000e-05	-1.403727e-02	6.747996e+00
3.405000e-05	-1.316864e-02	6.789949e+00
3.406000e-05	-8.621400e-03	6.800605e+00
3.407000e-05	-6.710897e-03	6.832180e+00
3.408000e-05	-1.195714e-02	6.865662e+00
3.409000e-05	-1.484974e-02	6.904891e+00
3.410000e-05	-1.228485e-02	6.928950e+00
3.411000e-05	-6.163406e-03	6.988500e+00
3.412000e-05	-9.235182e-03	7.031653e+00
3.413000e-05	-1.445284e-02	7.053234e+00
3.414000e-05	-1.599076e-02	7.076789e+00
3.415000e-05	-1.229618e-02	7.086441e+00
3.416000e-05	-8.822891e-03	7.137995e+00
3.417000e-05	-1.163993e-02	7.159973e+00
3.418000e-05	-1.490690e-02	7.180975e+00
3.419000e-05	-1.349950e-02	7.229598e+00
3.420000e-05	-1.023838e-02	7.230102e+00
3.421000e-05	-1.129796e-02	7.221229e+00
3.422000e-05	-1.562176e-02	7.232732e+00
3.423000e-05	-1.772007e-02	7.253109e+00
3.424000e-05	-1.495775e-02	7.254218e+00
3.425000e-05	-1.137697e-02	7.283758e+00
3.426000e-05	-1.294210e-02	7.285819e+00
3.427000e-05	-1.590651e-02	7.296317e+00
3.428000e-05	-1.717699e-02	7.395473e+00
3.429000e-05	-1.367691e-02	7.328947e+00
3.430000e-05	-1.280972e-02	7.326945e+00
3.431000e-05	-1.682243e-02	7.380072e+00
3.432000e-05	-1.937901e-02	7.369549e+00
3.433000e-05	-1.857260e-02	7.301517e+00
3.434000e-05	-1.470774e-02	7.369420e+00
3.435000e-05	-1.696965e-02	7.408550e+00
3.436000e-05	-1.936479e-02	7.358048e+00
3.437000e-05	-2.036313e-02	7.369045e+00
3.438000e-05	-1.613535e-02	7.329096e+00
3.439000e-05	-1.667250e-02	7.346011e+00
3.440000e-05	-1.915354e-02	7.295439e+00
3.441000e-05	-2.240091e-02	7.314807e+00
3.442000e-05	-2.129928e-02	7.283262e+00
3.443000e-05	-1.986265e-02	7.233861e+00
3.444000e-05	-2.008206e-02	7.262553e+00
3.445000e-05	-2.209454e-02	7.211604e+00
3.446000e-05	-2.371158e-02	7.190079e+00
3.447000e-05	-2.212859e-02	7.179948e+00
3.448000e-05	-2.071171e-02	7.157896e+00
3.449000e-05	-2.170166e-02	7.146917e+00
3.450000e-05	-2.507204e-02	7.106842e+00
3.451000e-05	-2.421987e-02	7.113285e+00
3.452000e-05	-2.428897e-02	7.044184e+00
3.453000e-05	-2.320658e-02	7.053124e+00
3.454000e-05	-2.589852e-02	7.000524e+00
3.455000e-05	-2.639155e-02	6.959446e+00
3.456000e-05	-2.530245e-02	6.907367e+00
3.457000e-05	-2.532029e-02	6.854282e+00
3.458000e-05	-2.703599e-02	6.822230e+00
3.459000e-05	-2.802338e-02	6.829553e+00
3.460000e-05	-2.948470e-02	6.769950e+00
3.461000e-05	-2.795808e-02	6.709418e+00
3.462000e-05	-2.896333e-02	6.696306e+00
3.463000e-05	-2.972698e-02	6.631200e+00
3.464000e-05	-3.008668e-02	6.567643e+00
3.465000e-05	-2.936628e-02	6.536830e+00
3.466000e-05	-2.913206e-02	6.443706e+00
3.467000e-05	-2.906015e-02	6.410073e+00
3.468000e-05	-2.997753e-02	6.367947e+00
3.469000e-05	-2.899760e-02	6.306814e+00
3.470000e-05	-2.655045e-02	6.254679e+00
3.471000e-05	-2.647788e-02	6.200996e+00
3.472000e-05	-2.642359e-02	6.167891e+00
3.473000e-05	-2.675246e-02	6.086308e+00
3.474000e-05	-2.422271e-02	6.041605e+00
3.475000e-05	-2.256387e-02	5.999518e+00
3.476000e-05	-2.144053e-02	5.939389e+00
3.477000e-05	-2.121864e-02	5.844678e+00
3.478000e-05	-2.010397e-02	5.747539e+00
3.479000e-05	-1.842904e-02	5.663158e+00
3.480000e-05	-1.704459e-02	5.630523e+00
3.481000e-05	-1.811452e-02	5.527839e+00
3.482000e-05	-1.789191e-02	5.474684e+00
3.483000e-05	-1.682281e-02	5.399071e+00
3.484000e-05	-1.457751e-02	5.327389e+00
3.485000e-05	-1.449467e-02	5.262653e+00
3.486000e-05	-1.475759e-02	5.117890e+00
3.487000e-05	-1.447675e-02	5.053279e+00
3.488000e-05	-1.195661e-02	4.936807e+00
3.489000e-05	-1.124755e-02	4.860078e+00
3.490000e-05	-1.224521e-02	4.757945e+00
3.491000e-05	-1.283605e-02	4.705285e+00
3.492000e-05	-1.209726e-02	4.611072e+00
3.493000e-05	-1.084065e-02	4.517816e+00
3.494000e-05	-1.141043e-02	4.452056e+00
3.495000e-05	-1.191670e-02	4.379971e+00
3.496000e-05	-1.113432e-02	4.322783e+00
3.497000e-05	-1.032660e-02	4.190496e+00
3.498000e-05	-8.309374e-03	4.062705e+00
3.499000e-05	-9.373674e-03	3.999519e+00
3.500000e-05	-1.067332e-02	3.905310e+00
3.501000e-05	-9.716780e-03	3.810074e+00
3.502000e-05	-8.086651e-03	3.728438e+00
3.503000e-05	-9.555594e-03	3.662080e+00
3.504000e-05	-9.756796e-03	3.568917e+00
3.505000e-05	-1.017658e-02	3.473750e+00
3.506000e-05	-8.284871e-03	3.359263e+00
3.507000e-05	-7.477412e-03	3.221001e+00
3.508000e-05	-7.305270e-03	3.146912e+00
3.509000e-05	-8.100071e-03	3.062132e+00
3.510000e-05	-6.743815e-03	2.976917e+00
3.511000e-05	-6.652134e-03	2.894626e+00
3.512000e-05	-6.567414e-03	2.809446e+00
3.513000e-05	-8.677635e-03	2.713734e+00
3.514000e-05	-8.538251e-03	2.545513e+00
3.515000e-05	-6.924387e-03	2.429524e+00
3.516000e-05	-6.231081e-03	2.345837e+00
3.517000e-05	-5.940904e-03	2.231131e+00
3.518000e-05	-6.594253e-03	2.164413e+00
3.519000e-05	-5.610735e-03	2.051578e+00
3.520000e-05	-5.109133e-03	2.008913e+00
3.521000e-05	-5.987927e-03	1.845127e+00
3.522000e-05	-6.203993e-03	1.734837e+00
3.523000e-05	-6.690060e-03	1.653548e+00
3.524000e-05	-5.851278e-03	1.527789e+00
3.525000e-05	-5.279586e-03	1.399947e+00
3.526000e-05	-5.382954e-03	1.335258e+00
3.527000e-05	-5.982687e-03	1.209521e+00
3.528000e-05	-4.562172e-03	1.093683e+00
3.529000e-05	-4.056672e-03	8.742827e-01
3.530000e-05	-4.151659e-03	7.995236e-01
3.531000e-05	-4.231140e-03	7.157601e-01
3.532000e-05	-4.532355e-03	5.885221e-01
3.533000e-05	-4.934364e-03	5.172828e-01
3.534000e-05	-3.730324e-03	4.004486e-01
3.535000e-05	-5.325498e-03	2.968090e-01
3.536000e-05	-4.845295e-03	1.573642e-01
3.537000e-05	-4.952501e-03	5.207488e-02
3.538000e-05	-1.739847e-03	-5.358520e-02
3.539000e-05	-6.384252e-04	-1.294501e-01
3.540000e-05	1.401685e-03	-2.036131e-01
3.541000e-05	4.681336e-04	-3.273472e-01
3.542000e-05	-3.150682e-04	-4.105279e-01
3.543000e-05	1.373207e-04	-4.758010e-01
3.544000e-05	-9.309203e-04	-6.242421e-01
3.545000e-05	3.527231e-05	-7.894738e-01
3.546000e-05	2.569621e-02	-8.127092e-01
3.547000e-05	6.411957e-02	-9.590063e-01
3.548000e-05	-1.166522e-02	-1.116932e+00
3.549000e-05	-7.731974e-02	-1.371484e+00
3.550000e-05	-5.687628e-02	-1.453683e+00
3.551000e-05	1.194840e-01	-1.420507e+00
3.552000e-05	-2.933176e-03	-1.527455e+00
3.553000e-05	-1.261233e-01	-1.737450e+00
3.554000e-05	1.059540e-01	-1.789551e+00
3.555000e-05	6.103878e-02	-1.800606e+00
3.556000e-05	-1.499477e-01	-1.961010e+00
3.557000e-05	2.516014e-02	-2.094764e+00
3.558000e-05	1.170430e-01	-2.138454e+00
3.559000e-05	-1.197853e-01	-2.318026e+00
3.560000e-05	-1.331029e-02	-2.421501e+00
3.561000e-05	1.336472e-01	-2.474920e+00
3.562000e-05	-7.108693e-02	-2.622091e+00
3.563000e-05	-1.424730e-03	-2.735869e+00
3.564000e-05	5.255086e-02	-2.801010e+00
3.565000e-05	-8.457561e-02	-2.888423e+00
3.566000e-05	5.054623e-02	-3.052212e+00
3.567000e-05	1.656457e-02	-3.108507e+00
3.568000e-05	-6.258433e-02	-3.275262e+00
3.569000e-05	8.226643e-02	-3.337948e+00
3.570000e-05	-2.167257e-02	-3.422058e+00
3.571000e-05	-3.475991e-02	-3.537922e+00
3.572000e-05	6.991906e-02	-3.609527e+00
3.573000e-05	-5.417086e-02	-3.644691e+00
3.574000e-05	-6.815815e-03	-3.842155e+00
3.575000e-05	5.489664e-02	-3.927899e+00
3.576000e-05	-2.954659e-02	-4.040633e+00
3.577000e-05	1.623538e-02	-4.146865e+00
3.578000e-05	-5.937857e-03	-4.200082e+00
3.579000e-05	-5.014464e-03	-4.304817e+00
3.580000e-05	2.697521e-02	-4.378476e+00
3.581000e-05	-2.092549e-02	-4.411632e+00
3.582000e-05	1.654177e-02	-4.475271e+00
3.583000e-05	-3.894494e-03	-4.572162e+00
3.584000e-05	5.675503e-03	-4.716368e+00
3.585000e-05	1.847244e-02	-4.736973e+00
3.586000e-05	-2.308628e-02	-4.876717e+00
3.587000e-05	1.342896e-02	-4.998551e+00
3.588000e-05	1.021768e-03	-5.004235e+00
3.589000e-05	2.991034e-03	-5.116924e+00
3.590000e-05	2.329989e-02	-5.191107e+00
3.591000e-05	-1.757859e-02	-5.335821e+00
3.592000e-05	1.191448e-02	-5.412138e+00
3.593000e-05	8.206242e-03	-5.537968e+00
3.594000e-05	-3.202965e-03	-5.609526e+00
3.595000e-05	9.390967e-03	-5.612708e+00
3.596000e-05	-1.308726e-02	-5.705896e+00
3.597000e-05	1.502756e-02	-5.769553e+00
3.598000e-05	7.528994e-03	-5.874686e+00
3.599000e-05	6.205125e-03	-5.886920e+00
3.600000e-05	5.818649e-03	-5.990049e+00
3.601000e-05	-6.835522e-03	-6.032634e+00
3.602000e-05	1.198734e-02	-6.105241e+00
3.603000e-05	2.322014e-03	-6.149024e+00
3.604000e-05	4.070158e-03	-6.274266e+00
3.605000e-05	5.390145e-03	-6.337996e+00
3.606000e-05	1.319999e-03	-6.389526e+00
3.607000e-05	1.468206e-02	-6.452135e+00
3.608000e-05	1.211483e-03	-6.453714e+00
3.609000e-05	3.721111e-03	-6.518472e+00
3.610000e-05	7.894819e-04	-6.572578e+00
3.611000e-05	5.556891e-03	-6.622682e+00
3.612000e-05	1.340808e-02	-6.685693e+00
3.613000e-05	2.278128e-03	-6.736996e+00
3.614000e-05	7.340254e-03	-6.769977e+00
3.615000e-05	1.269722e-03	-6.811102e+00
3.616000e-05	7.893670e-03	-6.821105e+00
3.617000e-05	5.381272e-03	-6.835236e+00
3.618000e-05	1.139754e-03	-6.978527e+00
3.619000e-05	6.438375e-03	-7.000631e+00
3.620000e-05	7.272438e-03	-7.045783e+00
3.621000e-05	1.230352e-02	-7.095888e+00
3.622000e-05	7.495856e-03	-7.118444e+00
3.623000e-05	3.269313e-03	-7.178500e+00
3.624000e-05	4.249918e-03	-7.220528e+00
3.625000e-05	5.228347e-03	-7.231609e+00
3.626000e-05	5.434570e-03	-7.211682e+00
3.627000e-05	4.984683e-03	-7.284183e+00
3.628000e-05	5.365019e-03	-7.254312e+00
3.629000e-05	1.420022e-02	-7.285343e+00
3.630000e-05	1.068496e-02	-7.335420e+00
3.631000e-05	1.000645e-02	-7.306945e+00
3.632000e-05	2.394235e-03	-7.337997e+00
3.633000e-05	6.246727e-03	-7.379024e+00
3.634000e-05	5.546776e-03	-7.408575e+00
3.635000e-05	8.711220e-03	-7.370556e+00
3.636000e-05	5.755909e-03	-7.410578e+00
3.637000e-05	8.645672e-03	-7.410204e+00
3.638000e-05	1.271408e-02	-7.381133e+00
3.639000e-05	1.277112e-02	-7.430708e+00
3.640000e-05	1.158892e-02	-7.473632e+00
3.641000e-05	4.814295e-03	-7.433655e+00
3.642000e-05	7.623700e-03	-7.433708e+00
3.643000e-05	7.874379e-03	-7.463213e+00
3.644000e-05	1.201240e-02	-7.410734e+00
3.645000e-05	9.240395e-03	-7.412209e+00
3.646000e-05	1.143259e-02	-7.462653e+00
3.647000e-05	1.220573e-02	-7.442630e+00
3.648000e-05	1.541890e-02	-7.432130e+00
3.649000e-05	1.155098e-02	-7.421630e+00
3.650000e-05	9.534029e-03	-7.420079e+00
3.651000e-05	1.044350e-02	-7.380125e+00
3.652000e-05	1.337444e-02	-7.367526e+00
3.653000e-05	1.539926e-02	-7.377471e+00
3.654000e-05	1.339361e-02	-7.329495e+00
3.655000e-05	1.441030e-02	-7.288421e+00
3.656000e-05	1.476043e-02	-7.296312e+00
3.657000e-05	1.734611e-02	-7.286812e+00
3.658000e-05	1.533603e-02	-7.254737e+00
3.659000e-05	1.432016e-02	-7.243129e+00
3.660000e-05	1.525559e-02	-7.211080e+00
3.661000e-05	1.774495e-02	-7.249048e+00
3.662000e-05	1.916748e-02	-7.178499e+00
3.663000e-05	1.819023e-02	-7.128471e+00
3.664000e-05	1.833822e-02	-7.095838e+00
3.665000e-05	1.805512e-02	-7.045829e+00
3.666000e-05	1.946185e-02	-7.013773e+00
3.667000e-05	1.918319e-02	-6.947471e+00
3.668000e-05	1.864579e-02	-6.884367e+00
3.669000e-05	1.946018e-02	-6.852729e+00
3.670000e-05	2.141372e-02	-6.821128e+00
3.671000e-05	2.313155e-02	-6.799523e+00
3.672000e-05	2.227947e-02	-6.768446e+00
3.673000e-05	2.202278e-02	-6.686338e+00
3.674000e-05	2.143241e-02	-6.672234e+00
3.675000e-05	2.274990e-02	-6.621075e+00
3.676000e-05	2.362461e-02	-6.568475e+00
3.677000e-05	2.182076e-02	-6.507393e+00
3.678000e-05	2.103086e-02	-6.473135e+00
3.679000e-05	2.185703e-02	-6.421556e+00
3.680000e-05	2.133788e-02	-6.358521e+00
3.681000e-05	2.094073e-02	-6.337268e+00
3.682000e-05	1.845528e-02	-6.242731e+00
3.683000e-05	1.750609e-02	-6.197546e+00
3.684000e-05	1.764189e-02	-6.083336e+00
3.685000e-05	1.662649e-02	-6.011101e+00
3.686000e-05	1.424791e-02	-5.958472e+00
3.687000e-05	1.274805e-02	-5.894817e+00
3.688000e-05	1.141385e-02	-5.873655e+00
3.689000e-05	1.227640e-02	-5.776522e+00
3.690000e-05	1.003348e-02	-5.665287e+00
3.691000e-05	9.662650e-03	-5.611628e+00
3.692000e-05	8.460059e-03	-5.589020e+00
3.693000e-05	9.078479e-03	-5.496838e+00
3.694000e-05	9.184047e-03	-5.399522e+00
3.695000e-05	7.785484e-03	-5.235236e+00
3.696000e-05	4.459258e-03	-5.180020e+00
3.697000e-05	4.846152e-03	-5.155386e+00
3.698000e-05	4.396502e-03	-5.041682e+00
3.699000e-05	3.866189e-03	-4.968947e+00
3.700000e-05	3.888411e-03	-4.903257e+00
3.701000e-05	3.509951e-03	-4.684239e+00
3.702000e-05	4.352318e-03	-4.632280e+00
3.703000e-05	4.403226e-03	-4.609995e+00
3.704000e-05	3.273669e-03	-4.484738e+00
3.705000e-05	1.452459e-03	-4.422051e+00
3.706000e-05	1.361448e-03	-4.357971e+00
3.707000e-05	5.189570e-04	-4.295762e+00
3.708000e-05	1.648945e-03	-4.200000e+00
3.709000e-05	1.193760e-03	-4.114314e+00
3.710000e-05	1.508796e-03	-3.981579e+00
3.711000e-05	2.118936e-03	-3.978417e+00
3.712000e-05	1.983372e-03	-3.864180e+00
3.713000e-05	7.854997e-04	-3.734284e+00
3.714000e-05	-1.721015e-04	-3.621053e+00
3.715000e-05	-1.418091e-03	-3.557493e+00
3.716000e-05	-1.452405e-03	-3.443153e+00
3.717000e-05	-1.408144e-03	-3.326465e+00
3.718000e-05	-1.057554e-03	-3.242130e+00
3.719000e-05	-3.896979e-04	-3.188945e+00
3.720000e-05	-3.398505e-04	-3.086133e+00
3.721000e-05	4.926544e-04	-2.925715e+00
3.722000e-05	-2.740673e-04	-2.820550e+00
3.723000e-05	-1.396556e-03	-2.746867e+00
3.724000e-05	-2.493549e-03	-2.612129e+00
3.725000e-05	-2.866810e-03	-2.539469e+00
3.726000e-05	-3.682249e-03	-2.421053e+00
3.727000e-05	-3.641255e-03	-2.387468e+00
3.728000e-05	-3.281594e-03	-2.232580e+00
3.729000e-05	-3.423167e-03	-2.104284e+00
3.730000e-05	-1.765957e-03	-1.970070e+00
3.731000e-05	-2.403666e-03	-1.924887e+00
3.732000e-05	-2.644649e-03	-1.802022e+00
3.733000e-05	-3.447215e-03	-1.708763e+00
3.734000e-05	-3.934795e-03	-1.611626e+00
3.735000e-05	-4.115328e-03	-1.528342e+00
3.736000e-05	-4.588274e-03	-1.369023e+00
3.737000e-05	-5.199452e-03	-1.241131e+00
3.738000e-05	-4.899723e-03	-1.125861e+00
3.739000e-05	-3.499719e-03	-1.022096e+00
3.740000e-05	-3.620936e-03	-9.173070e-01
3.741000e-05	-3.815006e-03	-8.215737e-01
3.742000e-05	-3.984227e-03	-7.473186e-01
3.743000e-05	-4.955459e-03	-6.185422e-01
3.744000e-05	-5.037135e-03	-4.621526e-01
3.745000e-05	-4.821185e-03	-3.789686e-01
3.746000e-05	-5.576839e-03	-2.731554e-01
3.747000e-05	-6.297576e-03	-1.984910e-01
3.748000e-05	-4.303963e-03	-7.460646e-02
3.749000e-05	-3.167666e-03	2.102900e-02
3.750000e-05	-4.850623e-04	7.369323e-02
3.751000e-05	-4.076537e-04	2.527132e-01
3.752000e-05	-2.391591e-03	3.794439e-01
3.753000e-05	-2.156945e-03	4.116341e-01
3.754000e-05	-3.701742e-03	5.373224e-01
3.755000e-05	-2.055595e-03	6.527630e-01
3.756000e-05	8.036534e-03	7.583988e-01
3.757000e-05	4.184926e-02	8.521892e-01
3.758000e-05	3.330707e-02	1.053162e+00
3.759000e-05	-4.510630e-02	1.231033e+00
3.760000e-05	-9.417208e-02	1.286712e+00
3.761000e-05	-7.655943e-03	1.328399e+00
3.762000e-05	1.090911e-01	1.485266e+00
3.763000e-05	-6.562694e-02	1.675191e+00
3.764000e-05	-1.024688e-01	1.737368e+00
3.765000e-05	1.338085e-01	1.862533e+00
3.766000e-05	-1.428810e-02	1.988949e+00
3.767000e-05	-1.118975e-01	2.030053e+00
3.768000e-05	7.485146e-02	2.073164e+00
3.769000e-05	7.635911e-03	2.241558e+00
3.770000e-05	-1.154286e-01	2.376893e+00
3.771000e-05	7.021017e-02	2.379529e+00
3.772000e-05	4.906152e-02	2.486915e+00
3.773000e-05	-7.149657e-02	2.664663e+00
3.774000e-05	2.236437e-02	2.748451e+00
3.775000e-05	-3.007328e-03	2.873660e+00
3.776000e-05	-3.530274e-02	2.916871e+00
3.777000e-05	2.239172e-02	3.021080e+00
3.778000e-05	-1.535190e-02	3.137870e+00
3.779000e-05	-2.255548e-02	3.220551e+00
3.780000e-05	4.058478e-02	3.264294e+00
3.781000e-05	-3.191803e-02	3.403130e+00
3.782000e-05	-2.179367e-03	3.505922e+00
3.783000e-05	8.148825e-03	3.620582e+00
3.784000e-05	-3.939312e-02	3.707343e+00
3.785000e-05	1.341308e-03	3.810004e+00
3.786000e-05	2.351957e-02	3.905966e+00
3.787000e-05	-1.400526e-02	3.989001e+00
3.788000e-05	-2.173221e-02	4.041632e+00
3.789000e-05	4.839691e-03	4.168431e+00
3.790000e-05	-7.716276e-03	4.284742e+00
3.791000e-05	-5.112960e-03	4.369529e+00
3.792000e-05	-6.380313e-03	4.463784e+00
3.793000e-05	-1.177906e-02	4.528477e+00
3.794000e-05	-8.633673e-03	4.622655e+00
3.795000e-05	1.253834e-02	4.727319e+00
3.796000e-05	-8.852489e-03	4.799576e+00
3.797000e-05	-2.119456e-02	4.844186e+00
3.798000e-05	-5.356222e-03	4.959236e+00
3.799000e-05	-7.570708e-03	5.096372e+00
3.800000e-05	1.540478e-03	5.220104e+00
3.801000e-05	-8.845890e-03	5.305317e+00
3.802000e-05	-1.227404e-02	5.378027e+00
3.803000e-05	-7.451857e-03	5.462632e+00
3.804000e-05	9.849871e-04	5.498318e+00
3.805000e-05	-6.618335e-03	5.578025e+00
3.806000e-05	-1.767315e-02	5.632130e+00
3.807000e-05	-1.167880e-02	5.716963e+00
3.808000e-05	-5.097340e-03	5.871131e+00
3.809000e-05	-1.871432e-03	5.925336e+00
3.810000e-05	-9.239481e-03	5.948519e+00
3.811000e-05	-1.335622e-02	6.042051e+00
3.812000e-05	-9.342515e-03	6.084787e+00
3.813000e-05	-3.784488e-03	6.136871e+00
3.814000e-05	-8.145926e-03	6.169028e+00
3.815000e-05	-1.245724e-02	6.222107e+00
3.816000e-05	-1.146356e-02	6.317865e+00
3.817000e-05	-8.040749e-03	6.328971e+00
3.818000e-05	-4.519708e-03	6.390501e+00
3.819000e-05	-1.213313e-02	6.432579e+00
3.820000e-05	-1.375159e-02	6.444834e+00
3.821000e-05	-1.287908e-02	6.588495e+00
3.822000e-05	-4.962752e-03	6.642604e+00
3.823000e-05	-7.752255e-03	6.666763e+00
3.824000e-05	-1.176645e-02	6.756896e+00
3.825000e-05	-1.365411e-02	6.798473e+00
3.826000e-05	-1.028717e-02	6.810608e+00
3.827000e-05	-9.272038e-03	6.834130e+00
3.828000e-05	-1.283984e-02	6.835232e+00
3.829000e-05	-1.480650e-02	6.926318e+00
3.830000e-05	-1.301557e-02	6.936972e+00
3.831000e-05	-6.961721e-03	6.979529e+00
3.832000e-05	-8.572888e-03	7.030029e+00
3.833000e-05	-1.248202e-02	7.033715e+00
3.834000e-05	-1.513904e-02	7.113760e+00
3.835000e-05	-1.476009e-02	7.136866e+00
3.836000e-05	-1.043227e-02	7.135421e+00
3.837000e-05	-1.192831e-02	7.167969e+00
3.838000e-05	-1.483345e-02	7.189499e+00
3.839000e-05	-1.545854e-02	7.221051e+00
3.840000e-05	-1.260837e-02	7.241579e+00
3.841000e-05	-1.110899e-02	7.200607e+00
3.842000e-05	-1.320373e-02	7.262830e+00
3.843000e-05	-1.652845e-02	7.274708e+00
3.844000e-05	-1.559378e-02	7.253788e+00
3.845000e-05	-1.216571e-02	7.294832e+00
3.846000e-05	-1.332779e-02	7.306916e+00
3.847000e-05	-1.668221e-02	7.299445e+00
3.848000e-05	-1.798377e-02	7.318542e+00
3.849000e-05	-1.569629e-02	7.376071e+00
3.850000e-05	-1.356378e-02	7.350989e+00
3.851000e-05	-1.436666e-02	7.358970e+00
3.852000e-05	-1.756844e-02	7.358596e+00
3.853000e-05	-1.694844e-02	7.359952e+00
3.854000e-05	-1.545986e-02	7.349646e+00
3.855000e-05	-1.554887e-02	7.349520e+00
3.856000e-05	-1.773734e-02	7.359496e+00
3.857000e-05	-1.970885e-02	7.369450e+00
3.858000e-05	-1.887980e-02	7.357996e+00
3.859000e-05	-1.741011e-02	7.367815e+00
3.860000e-05	-1.830358e-02	7.325494e+00
3.861000e-05	-1.987435e-02	7.265265e+00
3.862000e-05	-2.152548e-02	7.293761e+00
3.863000e-05	-2.048817e-02	7.244362e+00
3.864000e-05	-1.834960e-02	7.222229e+00
3.865000e-05	-1.907059e-02	7.210201e+00
3.866000e-05	-2.207012e-02	7.199549e+00
3.867000e-05	-2.311698e-02	7.200521e+00
3.868000e-05	-2.248524e-02	7.178970e+00
3.869000e-05	-2.148641e-02	7.127447e+00
3.870000e-05	-2.474929e-02	7.115341e+00
3.871000e-05	-2.458668e-02	7.086836e+00
3.872000e-05	-2.386938e-02	7.051805e+00
3.873000e-05	-2.164468e-02	7.011677e+00
3.874000e-05	-2.261454e-02	7.009606e+00
3.875000e-05	-2.429738e-02	6.959493e+00
3.876000e-05	-2.679733e-02	6.916466e+00
3.877000e-05	-2.691322e-02	6.884810e+00
3.878000e-05	-2.847294e-02	6.853182e+00
3.879000e-05	-2.792684e-02	6.811103e+00
3.880000e-05	-2.931984e-02	6.810999e+00
3.881000e-05	-2.901924e-02	6.758442e+00
3.882000e-05	-2.798712e-02	6.686314e+00
3.883000e-05	-2.665099e-02	6.663651e+00
3.884000e-05	-2.875631e-02	6.569067e+00
3.885000e-05	-3.014905e-02	6.506312e+00
3.886000e-05	-3.123633e-02	6.463155e+00
3.887000e-05	-3.091199e-02	6.410525e+00
3.888000e-05	-2.973141e-02	6.379996e+00
3.889000e-05	-2.900222e-02	6.337365e+00
3.890000e-05	-2.812043e-02	6.262659e+00
3.891000e-05	-2.637727e-02	6.219446e+00
3.892000e-05	-2.464624e-02	6.168446e+00
3.893000e-05	-2.394834e-02	6.074812e+00
3.894000e-05	-2.382617e-02	6.030676e+00
3.895000e-05	-2.477104e-02	6.019547e+00
3.896000e-05	-2.302346e-02	5.997894e+00
3.897000e-05	-2.071150e-02	5.834255e+00
3.898000e-05	-1.964933e-02	5.748491e+00
3.899000e-05	-2.034968e-02	5.672655e+00
3.900000e-05	-1.830464e-02	5.599574e+00
3.901000e-05	-1.714982e-02	5.547417e+00
3.902000e-05	-1.601947e-02	5.474284e+00
3.903000e-05	-1.720621e-02	5.399098e+00
3.904000e-05	-1.593746e-02	5.348338e+00
3.905000e-05	-1.482614e-02	5.273203e+00
3.906000e-05	-1.315062e-02	5.189466e+00
3.907000e-05	-1.378481e-02	5.063754e+00
3.908000e-05	-1.386386e-02	4.976237e+00
3.909000e-05	-1.350002e-02	4.832600e+00
3.910000e-05	-1.252210e-02	4.778441e+00
3.911000e-05	-1.145632e-02	4.673683e+00
3.912000e-05	-1.187426e-02	4.629600e+00
3.913000e-05	-1.186414e-02	4.537360e+00
3.914000e-05	-1.110610e-02	4.491654e+00
3.915000e-05	-9.389467e-03	4.389995e+00
3.916000e-05	-9.549533e-03	4.307312e+00
3.917000e-05	-1.029724e-02	4.170670e+00
3.918000e-05	-1.093512e-02	4.053704e+00
3.919000e-05	-1.026850e-02	3.989997e+00
3.920000e-05	-9.507001e-03	3.967338e+00
3.921000e-05	-9.092922e-03	3.812025e+00
3.922000e-05	-9.150815e-03	3.755411e+00
3.923000e-05	-7.779357e-03	3.642600e+00
3.924000e-05	-7.832705e-03	3.598945e+00
3.925000e-05	-6.812962e-03	3.486263e+00
3.926000e-05	-8.670734e-03	3.338389e+00
3.927000e-05	-8.308947e-03	3.241055e+00
3.928000e-05	-7.081702e-03	3.186892e+00
3.929000e-05	-7.417166e-03	3.042654e+00
3.930000e-05	-8.205938e-03	2.957417e+00
3.931000e-05	-9.471093e-03	2.872081e+00
3.932000e-05	-8.322472e-03	2.799045e+00
3.933000e-05	-5.419819e-03	2.673735e+00
3.934000e-05	-4.835401e-03	2.546843e+00
3.935000e-05	-5.026237e-03	2.460054e+00
3.936000e-05	-5.001863e-03	2.354813e+00
3.937000e-05	-6.404498e-03	2.253005e+00
3.938000e-05	-6.937233e-03	2.106842e+00
3.939000e-05	-7.981787e-03	2.020576e+00
3.940000e-05	-8.002224e-03	1.977889e+00
3.941000e-05	-6.835845e-03	1.903105e+00
3.942000e-05	-4.432245e-03	1.747836e+00
3.943000e-05	-3.809602e-03	1.652621e+00
3.944000e-05	-3.636930e-03	1.514387e+00
3.945000e-05	-4.219915e-03	1.410546e+00
3.946000e-05	-5.632846e-03	1.293760e+00
3.947000e-05	-6.258910e-03	1.219445e+00
3.948000e-05	-6.893073e-03	1.054603e+00
3.949000e-05	-7.084293e-03	8.952917e-01
3.950000e-05	-4.947971e-03	7.995211e-01
3.951000e-05	-3.838052e-03	7.242831e-01
3.952000e-05	-3.447047e-03	5.989972e-01
3.953000e-05	-3.114753e-03	5.336554e-01
3.954000e-05	-3.871260e-03	4.114724e-01
3.955000e-05	-4.345836e-03	3.162830e-01
3.956000e-05	-5.695076e-03	2.084434e-01
3.957000e-05	-6.502780e-03	5.055381e-02
3.958000e-05	-3.889149e-03	-2.165909e-02
3.959000e-05	-1.818504e-03	-1.689285e-01
3.960000e-05	1.425576e-03	-2.516092e-01
3.961000e-05	8.553218e-04	-3.493448e-01
3.962000e-05	-5.125777e-04	-4.120289e-01
3.963000e-05	-1.468984e-04	-4.963220e-01
3.964000e-05	-1.351955e-03	-6.541647e-01
3.965000e-05	-6.336991e-04	-7.799500e-01
3.966000e-05	2.233872e-02	-8.316630e-01
3.967000e-05	6.309815e-02	-9.499788e-01
3.968000e-05	-6.686417e-03	-1.117929e+00
3.969000e-05	-7.455501e-02	-1.359451e+00
3.970000e-05	-6.332963e-02	-1.466808e+00
3.971000e-05	1.141430e-01	-1.438059e+00
3.972000e-05	7.756237e-03	-1.489000e+00
3.973000e-05	-1.297639e-01	-1.747401e+00
3.974000e-05	9.640172e-02	-1.789500e+00
3.975000e-05	7.498469e-02	-1.850610e+00
3.976000e-05	-1.464285e-01	-1.970030e+00
3.977000e-05	9.780651e-03	-2.083737e+00
3.978000e-05	1.254717e-01	-2.167053e+00
3.979000e-05	-1.093031e-01	-2.327475e+00
3.980000e-05	-3.116514e-02	-2.421509e+00
3.981000e-05	1.384953e-01	-2.483816e+00
3.982000e-05	-6.591621e-02	-2.642209e+00
3.983000e-05	-9.425439e-03	-2.747397e+00
3.984000e-05	6.076065e-02	-2.790584e+00
3.985000e-05	-8.200174e-02	-2.957522e+00
3.986000e-05	4.565908e-02	-3.021734e+00
3.987000e-05	2.388847e-02	-3.138428e+00
3.988000e-05	-6.438482e-02	-3.253214e+00
3.989000e-05	7.638088e-02	-3.316417e+00
3.990000e-05	-1.397885e-02	-3.421634e+00
3.991000e-05	-4.357260e-02	-3.558472e+00
3.992000e-05	7.257242e-02	-3.590501e+00
3.993000e-05	-4.711506e-02	-3.624347e+00
3.994000e-05	-1.342692e-02	-3.820210e+00
3.995000e-05	5.866277e-02	-3.918927e+00
3.996000e-05	-2.568340e-02	-4.041605e+00
3.997000e-05	1.386209e-02	-4.075320e+00
3.998000e-05	-3.267273e-03	-4.201475e+00
3.999000e-05	-8.901334e-03	-4.255288e+00
4.000000e-05	2.638478e-02	-4.357472e+00
4.001000e-05	-2.111968e-02	-4.441110e+00
4.002000e-05	1.499672e-02	-4.474892e+00
4.003000e-05	6.472125e-04	-4.581305e+00
4.004000e-05	5.149883e-03	-4.674196e+00
4.005000e-05	2.268798e-02	-4.767049e+00
4.006000e-05	-2.193589e-02	-4.876295e+00
4.007000e-05	1.087382e-02	-4.968503e+00
4.008000e-05	1.072077e-03	-5.022709e+00
4.009000e-05	-1.221122e-03	-5.105921e+00
4.010000e-05	2.252153e-02	-5.221532e+00
4.011000e-05	-1.695520e-02	-5.276975e+00
4.012000e-05	1.065905e-02	-5.382133e+00
4.013000e-05	1.148282e-02	-5.528472e+00
4.014000e-05	-2.832261e-03	-5.599529e+00
4.015000e-05	1.167465e-02	-5.643662e+00
4.016000e-05	-1.349766e-02	-5.686844e+00
4.017000e-05	1.370153e-02	-5.790128e+00
4.018000e-05	6.896787e-03	-5.843161e+00
4.019000e-05	1.900757e-03	-5.906420e+00
4.020000e-05	7.336676e-03	-5.938476e+00
4.021000e-05	-8.535714e-03	-6.010634e+00
4.022000e-05	1.423755e-02	-6.085816e+00
4.023000e-05	1.583655e-03	-6.147999e+00
4.024000e-05	3.881666e-03	-6.254266e+00
4.025000e-05	4.997817e-03	-6.297471e+00
4.026000e-05	2.286586e-04	-6.390029e+00
4.027000e-05	1.405073e-02	-6.441583e+00
4.028000e-05	1.395055e-03	-6.485287e+00
4.029000e-05	2.588216e-03	-6.497398e+00
4.030000e-05	1.939503e-04	-6.590101e+00
4.031000e-05	3.780416e-03	-6.591705e+00
4.032000e-05	1.177620e-02	-6.674366e+00
4.033000e-05	2.813057e-03	-6.747998e+00
4.034000e-05	5.905107e-03	-6.728000e+00
4.035000e-05	3.472160e-03	-6.819580e+00
4.036000e-05	7.551454e-03	-6.802083e+00
4.037000e-05	7.372798e-03	-6.886291e+00
4.038000e-05	1.965887e-03	-6.898474e+00
4.039000e-05	4.885164e-03	-6.999111e+00
4.040000e-05	5.089076e-03	-7.064313e+00
4.041000e-05	9.879714e-03	-7.095345e+00
4.042000e-05	6.840636e-03	-7.157499e+00
4.043000e-05	3.492771e-03	-7.178472e+00
4.044000e-05	5.354449e-03	-7.141554e+00
4.045000e-05	7.357196e-03	-7.201057e+00
4.046000e-05	1.060055e-02	-7.232134e+00
4.047000e-05	6.943930e-03	-7.232186e+00
4.048000e-05	4.958814e-03	-7.275211e+00
4.049000e-05	7.379833e-03	-7.295341e+00
4.050000e-05	8.631427e-03	-7.306943e+00
4.051000e-05	8.019559e-03	-7.318021e+00
4.052000e-05	5.199760e-03	-7.357500e+00
4.053000e-05	7.415761e-03	-7.349500e+00
4.054000e-05	1.064144e-02	-7.359052e+00
4.055000e-05	1.156279e-02	-7.411079e+00
4.056000e-05	7.985344e-03	-7.411004e+00
4.057000e-05	5.768664e-03	-7.451633e+00
4.058000e-05	1.042900e-02	-7.432684e+00
4.059000e-05	9.997997e-03	-7.441705e+00
4.060000e-05	9.642209e-03	-7.412204e+00
4.061000e-05	6.331878e-03	-7.433158e+00
4.062000e-05	9.903062e-03	-7.450709e+00
4.063000e-05	1.255915e-02	-7.442157e+00
4.064000e-05	1.313987e-02	-7.461634e+00
4.065000e-05	1.057974e-02	-7.431705e+00
4.066000e-05	9.399624e-03	-7.432182e+00
4.067000e-05	1.214542e-02	-7.423235e+00
4.068000e-05	1.375475e-02	-7.441159e+00
4.069000e-05	1.179502e-02	-7.422053e+00
4.070000e-05	1.066331e-02	-7.420079e+00
4.071000e-05	1.192235e-02	-7.380526e+00
4.072000e-05	1.430194e-02	-7.379024e+00
4.073000e-05	1.513928e-02	-7.340526e+00
4.074000e-05	1.417910e-02	-7.348492e+00
4.075000e-05	1.425486e-02	-7.335892e+00
4.076000e-05	1.543363e-02	-7.306340e+00
4.077000e-05	1.584234e-02	-7.275811e+00
4.078000e-05	1.566745e-02	-7.253239e+00
4.079000e-05	1.387068e-02	-7.272153e+00
4.080000e-05	1.485439e-02	-7.211782e+00
4.081000e-05	1.701809e-02	-7.200053e+00
4.082000e-05	1.890944e-02	-7.179548e+00
4.083000e-05	1.786941e-02	-7.138421e+00
4.084000e-05	1.698936e-02	-7.126917e+00
4.085000e-05	1.780771e-02	-7.044335e+00
4.086000e-05	2.029216e-02	-7.011176e+00
4.087000e-05	1.989183e-02	-6.939046e+00
4.088000e-05	1.836801e-02	-6.876811e+00
4.089000e-05	1.915805e-02	-6.834686e+00
4.090000e-05	2.072795e-02	-6.831980e+00
4.091000e-05	2.230826e-02	-6.769574e+00
4.092000e-05	2.090376e-02	-6.768894e+00
4.093000e-05	2.040943e-02	-6.686889e+00
4.094000e-05	2.193000e-02	-6.644188e+00
4.095000e-05	2.466643e-02	-6.621652e+00
4.096000e-05	2.447962e-02	-6.569525e+00
4.097000e-05	2.224373e-02	-6.527288e+00
4.098000e-05	2.007845e-02	-6.454333e+00
4.099000e-05	2.052639e-02	-6.421151e+00
4.100000e-05	2.129387e-02	-6.388424e+00
4.101000e-05	1.991893e-02	-6.325916e+00
4.102000e-05	1.696784e-02	-6.273759e+00
4.103000e-05	1.787252e-02	-6.159920e+00
4.104000e-05	1.721719e-02	-6.083837e+00
4.105000e-05	1.891878e-02	-6.062125e+00
4.106000e-05	1.483467e-02	-5.978967e+00
4.107000e-05	1.298908e-02	-5.906289e+00
4.108000e-05	1.114111e-02	-5.822234e+00
4.109000e-05	1.370633e-02	-5.780021e+00
4.110000e-05	8.596984e-03	-5.745916e+00
4.111000e-05	8.668374e-03	-5.651178e+00
4.112000e-05	5.539165e-03	-5.578024e+00
4.113000e-05	1.067412e-02	-5.496841e+00
4.114000e-05	9.391611e-03	-5.383097e+00
4.115000e-05	1.007866e-02	-5.275783e+00
4.116000e-05	5.019952e-03	-5.191053e+00
4.117000e-05	5.924858e-03	-5.118316e+00
4.118000e-05	4.967488e-03	-5.042603e+00
4.119000e-05	4.716987e-03	-4.968415e+00
4.120000e-05	2.695984e-03	-4.812755e+00
4.121000e-05	2.398544e-03	-4.697465e+00
4.122000e-05	3.502793e-03	-4.640622e+00
4.123000e-05	5.647784e-03	-4.589949e+00
4.124000e-05	5.444654e-03	-4.495838e+00
4.125000e-05	2.127706e-03	-4.421626e+00
4.126000e-05	1.443466e-04	-4.368444e+00
4.127000e-05	4.798446e-04	-4.275812e+00
4.128000e-05	2.705763e-03	-4.199550e+00
4.129000e-05	1.825971e-03	-4.085886e+00
4.130000e-05	3.706374e-04	-4.042054e+00
4.131000e-05	-2.410575e-04	-3.968971e+00
4.132000e-05	1.963454e-03	-3.851204e+00
4.133000e-05	2.058387e-03	-3.685738e+00
4.134000e-05	1.314977e-03	-3.610051e+00
4.135000e-05	-1.757412e-03	-3.566468e+00
4.136000e-05	-1.226632e-03	-3.453605e+00
4.137000e-05	-3.366129e-04	-3.367941e+00
4.138000e-05	3.903785e-04	-3.243186e+00
4.139000e-05	-7.346937e-04	-3.229495e+00
4.140000e-05	-2.736793e-03	-3.094755e+00
4.141000e-05	-2.409296e-03	-2.954939e+00
4.142000e-05	-1.266501e-04	-2.811072e+00
4.143000e-05	-5.191187e-04	-2.757466e+00
4.144000e-05	-3.113662e-03	-2.664181e+00
4.145000e-05	-3.569914e-03	-2.527413e+00
4.146000e-05	-2.367681e-03	-2.442079e+00
4.147000e-05	-1.748432e-03	-2.397995e+00
4.148000e-05	-2.525642e-03	-2.242784e+00
4.149000e-05	-4.024590e-03	-2.093258e+00
4.150000e-05	-3.830744e-03	-2.031524e+00
4.151000e-05	-2.484415e-03	-1.925362e+00
4.152000e-05	-3.188554e-03	-1.770524e+00
4.153000e-05	-4.266311e-03	-1.753841e+00
4.154000e-05	-5.305626e-03	-1.641101e+00
4.155000e-05	-4.015679e-03	-1.517792e+00
4.156000e-05	-3.758604e-03	-1.411445e+00
4.157000e-05	-4.019626e-03	-1.212133e+00
4.158000e-05	-3.960313e-03	-1.147912e+00
4.159000e-05	-5.349175e-03	-1.040679e+00
4.160000e-05	-4.221303e-03	-9.153892e-01
4.161000e-05	-4.650678e-03	-8.306501e-01
4.162000e-05	-5.242918e-03	-7.283910e-01
4.163000e-05	-6.362321e-03	-6.290760e-01
4.164000e-05	-5.085725e-03	-4.321551e-01
4.165000e-05	-4.788737e-03	-3.584684e-01
4.166000e-05	-3.972070e-03	-2.832327e-01
4.167000e-05	-5.424266e-03	-1.789409e-01
4.168000e-05	-4.387786e-03	-9.225778e-02
4.169000e-05	-3.769443e-03	1.100506e-02
4.170000e-05	-9.882252e-04	1.338172e-01
4.171000e-05	-2.202066e-03	2.421579e-01
4.172000e-05	-3.508409e-03	3.489213e-01
4.173000e-05	-3.355808e-03	4.515580e-01
4.174000e-05	-2.964439e-03	5.479172e-01
4.175000e-05	-1.324735e-03	6.731068e-01
4.176000e-05	8.482686e-03	7.688698e-01
4.177000e-05	4.011262e-02	8.405854e-01
4.178000e-05	3.608307e-02	1.051113e+00
4.179000e-05	-4.171600e-02	1.220028e+00
4.180000e-05	-9.322198e-02	1.295213e+00
4.181000e-05	-1.885282e-02	1.367869e+00
4.182000e-05	1.109942e-01	1.475246e+00
4.183000e-05	-5.572885e-02	1.684338e+00
4.184000e-05	-1.075619e-01	1.746317e+00
4.185000e-05	1.265266e-01	1.839559e+00
4.186000e-05	-3.396532e-03	1.959448e+00
4.187000e-05	-1.141423e-01	2.000551e+00
4.188000e-05	6.665281e-02	2.094684e+00
4.189000e-05	2.103451e-02	2.203530e+00
4.190000e-05	-1.182955e-01	2.315320e+00
4.191000e-05	5.883155e-02	2.409027e+00
4.192000e-05	5.683727e-02	2.496288e+00
4.193000e-05	-7.305198e-02	2.644087e+00
4.194000e-05	1.736821e-02	2.746926e+00
4.195000e-05	2.051661e-03	2.852160e+00
4.196000e-05	-3.805297e-02	2.937393e+00
4.197000e-05	2.524738e-02	3.021107e+00
4.198000e-05	-9.782259e-03	3.137846e+00
4.199000e-05	-2.613826e-02	3.199500e+00
4.200000e-05	3.833429e-02	3.275342e+00
4.201000e-05	-3.170978e-02	3.442658e+00
4.202000e-05	-5.294067e-03	3.526921e+00
4.203000e-05	8.830212e-03	3.640579e+00
4.204000e-05	-3.843051e-02	3.693367e+00
4.205000e-05	-9.351099e-04	3.810576e+00
4.206000e-05	2.703892e-02	3.906741e+00
4.207000e-05	-9.822802e-03	3.968478e+00
4.208000e-05	-2.259823e-02	4.021110e+00
4.209000e-05	2.523089e-03	4.166976e+00
4.210000e-05	-9.157321e-03	4.296170e+00
4.211000e-05	-5.164104e-03	4.390005e+00
4.212000e-05	-6.884808e-03	4.454158e+00
4.213000e-05	-1.272406e-02	4.538901e+00
4.214000e-05	-1.217082e-02	4.642079e+00
4.215000e-05	1.545094e-02	4.725867e+00
4.216000e-05	-6.377289e-03	4.779004e+00
4.217000e-05	-2.193378e-02	4.833639e+00
4.218000e-05	-7.994808e-03	4.990129e+00
4.219000e-05	-6.610694e-03	5.136842e+00
4.220000e-05	2.245710e-03	5.212028e+00
4.221000e-05	-1.019622e-02	5.275763e+00
4.222000e-05	-1.586294e-02	5.388949e+00
4.223000e-05	-8.522988e-03	5.441583e+00
4.224000e-05	2.842923e-03	5.496840e+00
4.225000e-05	-5.146885e-03	5.568896e+00
4.226000e-05	-1.804917e-02	5.611108e+00
4.227000e-05	-1.336793e-02	5.675843e+00
4.228000e-05	-4.031050e-03	5.749146e+00
4.229000e-05	2.214531e-04	5.896389e+00
4.230000e-05	-1.070859e-02	5.966994e+00
4.231000e-05	-1.595459e-02	6.019128e+00
4.232000e-05	-1.163913e-02	6.053183e+00
4.233000e-05	-1.974350e-03	6.158394e+00
4.234000e-05	-6.245923e-03	6.169447e+00
4.235000e-05	-1.470283e-02	6.233108e+00
4.236000e-05	-1.329111e-02	6.296263e+00
4.237000e-05	-5.668890e-03	6.337446e+00
4.238000e-05	-1.951114e-03	6.390504e+00
4.239000e-05	-1.123177e-02	6.432179e+00
4.240000e-05	-1.595375e-02	6.503813e+00
4.241000e-05	-1.412884e-02	6.557420e+00
4.242000e-05	-4.130325e-03	6.612181e+00
4.243000e-05	-6.685471e-03	6.694219e+00
4.244000e-05	-1.305544e-02	6.749397e+00
4.245000e-05	-1.484629e-02	6.789498e+00
4.246000e-05	-8.677062e-03	6.801079e+00
4.247000e-05	-5.806849e-03	6.831132e+00
4.248000e-05	-1.160601e-02	6.853732e+00
4.249000e-05	-1.569754e-02	6.906314e+00
4.250000e-05	-1.394928e-02	6.957421e+00
4.251000e-05	-6.280434e-03	6.990054e+00
4.252000e-05	-8.020373e-03	7.003051e+00
4.253000e-05	-1.394270e-02	7.049709e+00
4.254000e-05	-1.665423e-02	7.095864e+00
4.255000e-05	-1.238786e-02	7.106891e+00
4.256000e-05	-7.841407e-03	7.127871e+00
4.257000e-05	-1.103942e-02	7.178974e+00
4.258000e-05	-1.521916e-02	7.169550e+00
4.259000e-05	-1.481693e-02	7.221002e+00
4.260000e-05	-1.073978e-02	7.209527e+00
4.261000e-05	-1.040510e-02	7.241628e+00
4.262000e-05	-1.460428e-02	7.230128e+00
4.263000e-05	-1.778214e-02	7.244212e+00
4.264000e-05	-1.435206e-02	7.285908e+00
4.265000e-05	-1.030126e-02	7.303342e+00
4.266000e-05	-1.151039e-02	7.295366e+00
4.267000e-05	-1.649222e-02	7.297361e+00
4.268000e-05	-1.795136e-02	7.307015e+00
4.269000e-05	-1.377940e-02	7.386821e+00
4.270000e-05	-1.310226e-02	7.359967e+00
4.271000e-05	-1.629057e-02	7.388527e+00
4.272000e-05	-1.954533e-02	7.382597e+00
4.273000e-05	-1.793532e-02	7.368046e+00
4.274000e-05	-1.416986e-02	7.348448e+00
4.275000e-05	-1.555647e-02	7.368480e+00
4.276000e-05	-1.839919e-02	7.339993e+00
4.277000e-05	-2.029079e-02	7.359496e+00
4.278000e-05	-1.665938e-02	7.326964e+00
4.279000e-05	-1.586708e-02	7.326921e+00
4.280000e-05	-1.893818e-02	7.316362e+00
4.281000e-05	-2.263897e-02	7.327784e+00
4.282000e-05	-2.168243e-02	7.232684e+00
4.283000e-05	-1.953851e-02	7.251231e+00
4.284000e-05	-1.920022e-02	7.261653e+00
4.285000e-05	-2.147006e-02	7.240604e+00
4.286000e-05	-2.372618e-02	7.202024e+00
4.287000e-05	-2.188879e-02	7.177996e+00
4.288000e-05	-2.034008e-02	7.149474e+00
4.289000e-05	-2.193561e-02	7.167894e+00
4.290000e-05	-2.581719e-02	7.147339e+00
4.291000e-05	-2.483568e-02	7.105235e+00
4.292000e-05	-2.386933e-02	7.063685e+00
4.293000e-05	-2.257607e-02	7.013226e+00
4.294000e-05	-2.405507e-02	6.970550e+00
4.295000e-05	-2.676495e-02	6.969392e+00
4.296000e-05	-2.582519e-02	6.915368e+00
4.297000e-05	-2.499254e-02	6.876309e+00
4.298000e-05	-2.584490e-02	6.862704e+00
4.299000e-05	-2.818620e-02	6.831626e+00
4.300000e-05	-2.997248e-02	6.770524e+00
4.301000e-05	-2.856570e-02	6.769492e+00
4.302000e-05	-2.846690e-02	6.676840e+00
4.303000e-05	-2.920225e-02	6.633731e+00
4.304000e-05	-3.121208e-02	6.557946e+00
4.305000e-05	-3.081095e-02	6.504861e+00
4.306000e-05	-2.878921e-02	6.422178e+00
4.307000e-05	-2.747309e-02	6.421104e+00
4.308000e-05	-2.948351e-02	6.379467e+00
4.309000e-05	-2.901772e-02	6.326389e+00
4.310000e-05	-2.919649e-02	6.273153e+00
4.311000e-05	-2.611259e-02	6.200555e+00
4.312000e-05	-2.569257e-02	6.169868e+00
4.313000e-05	-2.586506e-02	6.124216e+00
4.314000e-05	-2.495607e-02	6.042154e+00
4.315000e-05	-2.308255e-02	6.009504e+00
4.316000e-05	-2.029752e-02	5.937415e+00
4.317000e-05	-2.046910e-02	5.855153e+00
4.318000e-05	-2.093394e-02	5.777442e+00
4.319000e-05	-1.987065e-02	5.642706e+00
4.320000e-05	-1.645626e-02	5.590072e+00
4.321000e-05	-1.737400e-02	5.528369e+00
4.322000e-05	-1.722890e-02	5.454305e+00
4.323000e-05	-1.825066e-02	5.410526e+00
4.324000e-05	-1.562643e-02	5.336387e+00
4.325000e-05	-1.333836e-02	5.253209e+00
4.326000e-05	-1.278124e-02	5.189014e+00
4.327000e-05	-1.430487e-02	5.053731e+00
4.328000e-05	-1.379623e-02	4.928384e+00
4.329000e-05	-1.251168e-02	4.841682e+00
4.330000e-05	-1.096116e-02	4.788966e+00
4.331000e-05	-1.231943e-02	4.706307e+00
4.332000e-05	-1.339450e-02	4.610552e+00
4.333000e-05	-1.132157e-02	4.536888e+00
4.334000e-05	-1.011142e-02	4.435153e+00
4.335000e-05	-1.037718e-02	4.420470e+00
4.336000e-05	-1.051726e-02	4.336784e+00
4.337000e-05	-1.114658e-02	4.170440e+00
4.338000e-05	-8.841122e-03	4.095309e+00
4.339000e-05	-8.765077e-03	4.009970e+00
4.340000e-05	-9.535682e-03	3.926840e+00
4.341000e-05	-1.055556e-02	3.830599e+00
4.342000e-05	-8.957095e-03	3.756866e+00
4.343000e-05	-8.510666e-03	3.664203e+00
4.344000e-05	-8.975369e-03	3.589471e+00
4.345000e-05	-9.331473e-03	3.514659e+00
4.346000e-05	-8.793573e-03	3.348913e+00
4.347000e-05	-7.656912e-03	3.260574e+00
4.348000e-05	-7.370183e-03	3.168370e+00
4.349000e-05	-7.125271e-03	3.062629e+00
4.350000e-05	-7.615185e-03	2.978466e+00
4.351000e-05	-7.784287e-03	2.863281e+00
4.352000e-05	-7.277508e-03	2.778970e+00
4.353000e-05	-7.546219e-03	2.724761e+00
4.354000e-05	-7.749037e-03	2.589536e+00
4.355000e-05	-7.618274e-03	2.480075e+00
4.356000e-05	-7.035686e-03	2.358889e+00
4.357000e-05	-5.553996e-03	2.241648e+00
4.358000e-05	-5.579246e-03	2.147368e+00
4.359000e-05	-5.856392e-03	2.032603e+00
4.360000e-05	-6.313265e-03	1.977420e+00
4.361000e-05	-6.025602e-03	1.893704e+00
4.362000e-05	-6.334659e-03	1.767414e+00
4.363000e-05	-7.134174e-03	1.672630e+00
4.364000e-05	-6.159958e-03	1.515863e+00
4.365000e-05	-5.162676e-03	1.410602e+00
4.366000e-05	-4.906317e-03	1.315710e+00
4.367000e-05	-5.259382e-03	1.177995e+00
4.368000e-05	-5.450933e-03	1.083227e+00
4.369000e-05	-5.190034e-03	9.163341e-01
4.370000e-05	-4.023205e-03	8.295474e-01
4.371000e-05	-4.433844e-03	7.267866e-01
4.372000e-05	-5.576992e-03	6.305174e-01
4.373000e-05	-5.353526e-03	5.052340e-01
4.374000e-05	-4.596391e-03	4.300501e-01
4.375000e-05	-4.151471e-03	3.058091e-01
4.376000e-05	-4.580081e-03	1.789871e-01
4.377000e-05	-4.806239e-03	3.257764e-02
4.378000e-05	-2.701834e-03	-5.153433e-02
4.379000e-05	-5.005788e-04	-1.378924e-01
4.380000e-05	1.421470e-03	-2.320855e-01
4.381000e-05	-8.199796e-04	-3.373961e-01
4.382000e-05	-2.325363e-03	-4.205288e-01
4.383000e-05	-6.927425e-04	-4.657886e-01
4.384000e-05	-6.969025e-04	-6.337619e-01
4.385000e-05	1.351375e-05	-7.900213e-01
4.386000e-05	2.191341e-02	-8.416816e-01
4.387000e-05	6.444131e-02	-9.578997e-01
4.388000e-05	-2.041769e-04	-1.127425e+00
4.389000e-05	-7.326390e-02	-1.387879e+00
4.390000e-05	-6.976286e-02	-1.433663e+00
4.391000e-05	1.066062e-01	-1.441180e+00
4.392000e-05	1.946791e-02	-1.467973e+00
4.393000e-05	-1.335066e-01	-1.706471e+00
4.394000e-05	8.586059e-02	-1.789953e+00
4.395000e-05	8.812182e-02	-1.811608e+00
4.396000e-05	-1.401071e-01	-1.971030e+00
4.397000e-05	-6.633153e-03	-2.063811e+00
4.398000e-05	1.331442e-01	-2.166427e+00
4.399000e-05	-1.004988e-01	-2.327449e+00
4.400000e-05	-4.680797e-02	-2.452109e+00
4.401000e-05	1.420300e-01	-2.446264e+00
4.402000e-05	-5.736739e-02	-2.644134e+00
4.403000e-05	-1.703262e-02	-2.707344e+00
4.404000e-05	6.393911e-02	-2.779505e+00
4.405000e-05	-8.226439e-02	-2.907444e+00
4.406000e-05	3.775613e-02	-3.052563e+00
4.407000e-05	3.010625e-02	-3.127476e+00
4.408000e-05	-6.748913e-02	-3.243684e+00
4.409000e-05	7.223520e-02	-3.335867e+00
4.410000e-05	-3.244326e-03	-3.450109e+00
4.411000e-05	-4.892157e-02	-3.527449e+00
4.412000e-05	7.253163e-02	-3.610003e+00
4.413000e-05	-4.286216e-02	-3.673217e+00
4.414000e-05	-2.299652e-02	-3.792166e+00
4.415000e-05	5.901756e-02	-3.937975e+00
4.416000e-05	-2.358455e-02	-4.012107e+00
4.417000e-05	1.158150e-02	-4.065892e+00
4.418000e-05	-4.186734e-04	-4.169977e+00
4.419000e-05	-9.924871e-03	-4.274216e+00
4.420000e-05	2.891199e-02	-4.356471e+00
4.421000e-05	-1.964772e-02	-4.421558e+00
4.422000e-05	1.077400e-02	-4.486392e+00
4.423000e-05	-9.983673e-04	-4.591655e+00
4.424000e-05	1.689504e-03	-4.724320e+00
4.425000e-05	2.396365e-02	-4.737571e+00
4.426000e-05	-2.036483e-02	-4.855316e+00
4.427000e-05	8.144678e-03	-4.959504e+00
4.428000e-05	4.848454e-03	-5.073788e+00
4.429000e-05	-2.410115e-03	-5.105845e+00
4.430000e-05	2.463516e-02	-5.189581e+00
4.431000e-05	-1.738858e-02	-5.304871e+00
4.432000e-05	6.404941e-03	-5.392191e+00
4.433000e-05	1.270730e-02	-5.537422e+00
4.434000e-05	-2.301614e-03	-5.610028e+00
4.435000e-05	1.296118e-02	-5.632187e+00
4.436000e-05	-1.450721e-02	-5.676918e+00
4.437000e-05	1.195207e-02	-5.740502e+00
4.438000e-05	9.046442e-03	-5.813138e+00
4.439000e-05	2.876302e-03	-5.935967e+00
4.440000e-05	7.845100e-03	-5.978996e+00
4.441000e-05	-8.282410e-03	-6.011582e+00
4.442000e-05	1.372189e-02	-6.044762e+00
4.443000e-05	4.448629e-03	-6.149006e+00
4.444000e-05	3.448205e-03	-6.242663e+00
4.445000e-05	3.408701e-03	-6.326889e+00
4.446000e-05	-5.197316e-04	-6.389575e+00
4.447000e-05	1.589561e-02	-6.420629e+00
4.448000e-05	4.368003e-03	-6.434388e+00
4.449000e-05	2.973809e-03	-6.537868e+00
4.450000e-05	1.790298e-04	-6.598481e+00
4.451000e-05	3.626180e-03	-6.631683e+00
4.452000e-05	1.350862e-02	-6.653361e+00
4.453000e-05	3.101205e-03	-6.737446e+00
4.454000e-05	3.683292e-03	-6.779476e+00
4.455000e-05	2.791326e-03	-6.781103e+00
4.456000e-05	8.632259e-03	-6.821057e+00
4.457000e-05	9.416412e-03	-6.855314e+00
4.458000e-05	1.889831e-03	-6.898096e+00
4.459000e-05	4.237853e-03	-7.020126e+00
4.460000e-05	5.655798e-03	-7.024865e+00
4.461000e-05	1.171283e-02	-7.076391e+00
4.462000e-05	7.786360e-03	-7.188471e+00
4.463000e-05	2.639776e-03	-7.157949e+00
4.464000e-05	5.136343e-03	-7.211027e+00
4.465000e-05	6.849362e-03	-7.191084e+00
4.466000e-05	1.053037e-02	-7.241580e+00
4.467000e-05	6.490694e-03	-7.262760e+00
4.468000e-05	3.856506e-03	-7.254266e+00
4.469000e-05	7.723821e-03	-7.295340e+00
4.470000e-05	1.001515e-02	-7.315945e+00
4.471000e-05	9.480921e-03	-7.326399e+00
4.472000e-05	3.784920e-03	-7.337498e+00
4.473000e-05	5.350610e-03	-7.379001e+00
4.474000e-05	8.529218e-03	-7.341021e+00
4.475000e-05	1.143234e-02	-7.410076e+00
4.476000e-05	8.567691e-03	-7.390626e+00
4.477000e-05	5.642313e-03	-7.401126e+00
4.478000e-05	8.121356e-03	-7.412607e+00
4.479000e-05	1.143664e-02	-7.411610e+00
4.480000e-05	1.040214e-02	-7.461705e+00
4.481000e-05	8.220910e-03	-7.452684e+00
4.482000e-05	7.270818e-03	-7.443162e+00
4.483000e-05	1.082691e-02	-7.442781e+00
4.484000e-05	1.221558e-02	-7.470709e+00
4.485000e-05	1.015391e-02	-7.441630e+00
4.486000e-05	8.810080e-03	-7.382159e+00
4.487000e-05	1.013146e-02	-7.432159e+00
4.488000e-05	1.372537e-02	-7.431753e+00
4.489000e-05	1.401249e-02	-7.411633e+00
4.490000e-05	1.230032e-02	-7.390101e+00
4.491000e-05	1.053923e-02	-7.371574e+00
4.492000e-05	1.279205e-02	-7.390045e+00
4.493000e-05	1.496622e-02	-7.339495e+00
4.494000e-05	1.502313e-02	-7.297969e+00
4.495000e-05	1.176099e-02	-7.357416e+00
4.496000e-05	1.241161e-02	-7.275917e+00
4.497000e-05	1.537973e-02	-7.295834e+00
4.498000e-05	1.752975e-02	-7.263183e+00
4.499000e-05	1.628343e-02	-7.221607e+00
4.500000e-05	1.503698e-02	-7.220679e+00
4.501000e-05	1.544467e-02	-7.190125e+00
4.502000e-05	1.851490e-02	-7.189574e+00
4.503000e-05	1.793705e-02	-7.147899e+00
4.504000e-05	1.782124e-02	-7.096414e+00
4.505000e-05	1.649507e-02	-7.036362e+00
4.506000e-05	1.928833e-02	-6.991654e+00
4.507000e-05	2.108161e-02	-6.917048e+00
4.508000e-05	2.032573e-02	-6.906863e+00
4.509000e-05	1.957521e-02	-6.833180e+00
4.510000e-05	1.933036e-02	-6.801104e+00
4.511000e-05	2.203407e-02	-6.789575e+00
4.512000e-05	2.281083e-02	-6.769446e+00
4.513000e-05	2.280471e-02	-6.726838e+00
4.514000e-05	2.130174e-02	-6.674759e+00
4.515000e-05	2.205859e-02	-6.621174e+00
4.516000e-05	2.296613e-02	-6.589521e+00
4.517000e-05	2.335832e-02	-6.517393e+00
4.518000e-05	2.219464e-02	-6.464261e+00
4.519000e-05	2.176434e-02	-6.391178e+00
4.520000e-05	1.984151e-02	-6.369003e+00
4.521000e-05	2.184106e-02	-6.325913e+00
4.522000e-05	1.879994e-02	-6.201734e+00
4.523000e-05	1.811037e-02	-6.110474e+00
4.524000e-05	1.534335e-02	-6.074310e+00
4.525000e-05	1.705310e-02	-6.011180e+00
4.526000e-05	1.575887e-02	-5.980020e+00
4.527000e-05	1.435689e-02	-5.885892e+00
4.528000e-05	1.179141e-02	-5.831705e+00
4.529000e-05	1.209496e-02	-5.769047e+00
4.530000e-05	1.020866e-02	-5.735738e+00
4.531000e-05	1.029139e-02	-5.642651e+00
4.532000e-05	8.082825e-03	-5.579550e+00
4.533000e-05	8.138069e-03	-5.475886e+00
4.534000e-05	8.853485e-03	-5.389542e+00
4.535000e-05	8.558062e-03	-5.264732e+00
4.536000e-05	6.212720e-03	-5.220024e+00
4.537000e-05	6.150630e-03	-5.127316e+00
4.538000e-05	4.135281e-03	-4.983211e+00
4.539000e-05	2.984536e-03	-4.967968e+00
4.540000e-05	3.157910e-03	-4.845655e+00
4.541000e-05	3.901941e-03	-4.695764e+00
4.542000e-05	4.933270e-03	-4.644229e+00
4.543000e-05	3.341017e-03	-4.589547e+00
4.544000e-05	2.987730e-03	-4.515210e+00
4.545000e-05	1.604736e-03	-4.412152e+00
4.546000e-05	1.899924e-03	-4.389470e+00
4.547000e-05	1.135966e-03	-4.294335e+00
4.548000e-05	6.794995e-04	-4.200023e+00
4.549000e-05	2.048255e-04	-4.097366e+00
4.550000e-05	2.124508e-03	-4.041651e+00
4.551000e-05	1.276405e-03	-3.949870e+00
4.552000e-05	8.101897e-04	-3.842206e+00
4.553000e-05	1.426691e-04	-3.726259e+00
4.554000e-05	-3.327758e-04	-3.611124e+00
4.555000e-05	-7.980957e-04	-3.568863e+00
4.556000e-05	-1.020094e-03	-3.452703e+00
4.557000e-05	-1.080801e-03	-3.319420e+00
4.558000e-05	-1.408149e-03	-3.263707e+00
4.559000e-05	-1.475920e-03	-3.178426e+00
4.560000e-05	-3.550241e-04	-3.095234e+00
4.561000e-05	-8.374087e-04	-2.926316e+00
4.562000e-05	-1.719645e-03	-2.851676e+00
4.563000e-05	-1.703091e-03	-2.778439e+00
4.564000e-05	-2.283330e-03	-2.653059e+00
4.565000e-05	-2.604497e-03	-2.566941e+00
4.566000e-05	-3.641510e-03	-2.471702e+00
4.567000e-05	-3.096346e-03	-2.377942e+00
4.568000e-05	-3.097517e-03	-2.285205e+00
4.569000e-05	-1.723429e-03	-2.083417e+00
4.570000e-05	-2.686714e-03	-2.011051e+00
4.571000e-05	-2.887158e-03	-1.926859e+00
4.572000e-05	-3.109517e-03	-1.810605e+00
4.573000e-05	-3.077882e-03	-1.705890e+00
4.574000e-05	-4.715539e-03	-1.651654e+00
4.575000e-05	-3.980311e-03	-1.529414e+00
4.576000e-05	-4.738856e-03	-1.391422e+00
4.577000e-05	-4.396951e-03	-1.252607e+00
4.578000e-05	-3.312718e-03	-1.106341e+00
4.579000e-05	-3.501356e-03	-1.011176e+00
4.580000e-05	-4.264476e-03	-9.568883e-01
4.581000e-05	-3.622612e-03	-8.306050e-01
4.582000e-05	-5.102458e-03	-7.289421e-01
4.583000e-05	-5.883345e-03	-6.121450e-01
4.584000e-05	-5.830398e-03	-4.526327e-01
4.585000e-05	-4.205638e-03	-3.984671e-01
4.586000e-05	-3.933220e-03	-3.141866e-01
4.587000e-05	-5.104661e-03	-1.795171e-01
4.588000e-05	-4.906827e-03	-5.418270e-02
4.589000e-05	-3.682617e-03	1.962888e-02
4.590000e-05	-3.248858e-04	1.236907e-01
4.591000e-05	-3.321166e-04	2.530606e-01
4.592000e-05	-3.366910e-03	3.784986e-01
4.593000e-05	-2.175833e-03	4.510303e-01
4.594000e-05	-3.612146e-03	5.873248e-01
4.595000e-05	-1.899373e-03	6.511341e-01
4.596000e-05	5.579010e-03	7.568934e-01
4.597000e-05	3.777301e-02	8.315579e-01
4.598000e-05	3.847601e-02	1.011064e+00
4.599000e-05	-3.722818e-02	1.239025e+00
4.600000e-05	-9.063981e-02	1.255842e+00
4.601000e-05	-2.757490e-02	1.377346e+00
4.602000e-05	1.115562e-01	1.454713e+00
4.603000e-05	-4.615021e-02	1.643743e+00
4.604000e-05	-1.161497e-01	1.736819e+00
4.605000e-05	1.185578e-01	1.811054e+00
4.606000e-05	8.840823e-03	1.948446e+00
4.607000e-05	-1.176992e-01	2.009501e+00
4.608000e-05	5.699299e-02	2.042135e+00
4.609000e-05	3.277362e-02	2.200554e+00
4.610000e-05	-1.204700e-01	2.357338e+00
4.611000e-05	4.804296e-02	2.358451e+00
4.612000e-05	6.690499e-02	2.493813e+00
4.613000e-05	-7.246817e-02	2.622658e+00
4.614000e-05	1.131478e-02	2.756419e+00
4.615000e-05	7.595832e-03	2.842160e+00
4.616000e-05	-4.171340e-02	2.936344e+00
4.617000e-05	2.323770e-02	3.010007e+00
4.618000e-05	-7.778953e-03	3.076841e+00
4.619000e-05	-2.940266e-02	3.219500e+00
4.620000e-05	3.947037e-02	3.263686e+00
4.621000e-05	-2.792105e-02	3.407979e+00
4.622000e-05	-7.629728e-03	3.525867e+00
4.623000e-05	1.040288e-02	3.611105e+00
4.624000e-05	-3.726764e-02	3.696919e+00
4.625000e-05	-5.865325e-03	3.809926e+00
4.626000e-05	2.672725e-02	3.864789e+00
4.627000e-05	-9.236068e-03	3.988997e+00
4.628000e-05	-2.429465e-02	4.024208e+00
4.629000e-05	2.139880e-03	4.139323e+00
4.630000e-05	-6.963620e-03	4.245742e+00
4.631000e-05	-5.353405e-03	4.368449e+00
4.632000e-05	-7.123962e-03	4.475137e+00
4.633000e-05	-1.046072e-02	4.547446e+00
4.634000e-05	-1.190728e-02	4.632659e+00
4.635000e-05	1.411859e-02	4.676271e+00
4.636000e-05	-6.862983e-03	4.798525e+00
4.637000e-05	-2.191709e-02	4.883239e+00
4.638000e-05	-7.098189e-03	4.961630e+00
4.639000e-05	-6.251714e-03	5.104871e+00
4.640000e-05	2.044178e-03	5.210552e+00
4.641000e-05	-8.466326e-03	5.273291e+00
4.642000e-05	-1.357336e-02	5.379897e+00
4.643000e-05	-9.167253e-03	5.411634e+00
4.644000e-05	1.989620e-03	5.486292e+00
4.645000e-05	-5.587895e-03	5.597972e+00
4.646000e-05	-1.749630e-02	5.610556e+00
4.647000e-05	-1.367324e-02	5.695314e+00
4.648000e-05	-4.063343e-03	5.781204e+00
4.649000e-05	-7.139314e-04	5.886259e+00
4.650000e-05	-9.499201e-03	5.957945e+00
4.651000e-05	-1.418513e-02	6.000030e+00
4.652000e-05	-1.093928e-02	6.084259e+00
4.653000e-05	-1.782442e-03	6.097393e+00
4.654000e-05	-8.269687e-03	6.158470e+00
4.655000e-05	-1.243291e-02	6.212680e+00
4.656000e-05	-1.376658e-02	6.273713e+00
4.657000e-05	-5.075878e-03	6.336947e+00
4.658000e-05	-4.707274e-03	6.409477e+00
4.659000e-05	-1.075642e-02	6.422630e+00
4.660000e-05	-1.726684e-02	6.464286e+00
4.661000e-05	-1.259256e-02	6.527501e+00
4.662000e-05	-5.661631e-03	6.602126e+00
4.663000e-05	-4.962837e-03	6.655313e+00
4.664000e-05	-1.147009e-02	6.727370e+00
4.665000e-05	-1.277543e-02	6.779524e+00
4.666000e-05	-9.915846e-03	6.810003e+00
4.667000e-05	-8.142653e-03	6.841582e+00
4.668000e-05	-1.375125e-02	6.854237e+00
4.669000e-05	-1.718735e-02	6.896263e+00
4.670000e-05	-1.277368e-02	6.938045e+00
4.671000e-05	-6.474809e-03	6.970545e+00
4.672000e-05	-5.385859e-03	7.022629e+00
4.673000e-05	-1.249304e-02	7.033737e+00
4.674000e-05	-1.503195e-02	7.055287e+00
4.675000e-05	-1.480225e-02	7.107841e+00
4.676000e-05	-1.110652e-02	7.158921e+00
4.677000e-05	-1.377390e-02	7.146919e+00
4.678000e-05	-1.570676e-02	7.179521e+00
4.679000e-05	-1.487353e-02	7.168476e+00
4.680000e-05	-9.510284e-03	7.240573e+00
4.681000e-05	-9.023842e-03	7.221629e+00
4.682000e-05	-1.368545e-02	7.262135e+00
4.683000e-05	-1.757412e-02	7.254709e+00
4.684000e-05	-1.684361e-02	7.251662e+00
4.685000e-05	-1.314126e-02	7.304837e+00
4.686000e-05	-1.499254e-02	7.275366e+00
4.687000e-05	-1.684600e-02	7.319367e+00
4.688000e-05	-1.714927e-02	7.325396e+00
4.689000e-05	-1.212552e-02	7.418422e+00
4.690000e-05	-1.237875e-02	7.290046e+00
4.691000e-05	-1.484181e-02	7.327025e+00
4.692000e-05	-1.852207e-02	7.320975e+00
4.693000e-05	-1.822644e-02	7.341025e+00
4.694000e-05	-1.583043e-02	7.318927e+00
4.695000e-05	-1.707610e-02	7.350493e+00
4.696000e-05	-1.856213e-02	7.379550e+00
4.697000e-05	-1.999090e-02	7.298416e+00
4.698000e-05	-1.568691e-02	7.378915e+00
4.699000e-05	-1.644226e-02	7.285491e+00
4.700000e-05	-1.828913e-02	7.267842e+00
4.701000e-05	-2.203505e-02	7.296787e+00
4.702000e-05	-2.090177e-02	7.275360e+00
4.703000e-05	-2.064977e-02	7.272135e+00
4.704000e-05	-1.940567e-02	7.233209e+00
4.705000e-05	-2.076552e-02	7.270152e+00
4.706000e-05	-2.194239e-02	7.190024e+00
4.707000e-05	-2.043096e-02	7.160501e+00
4.708000e-05	-2.001968e-02	7.198945e+00
4.709000e-05	-2.178521e-02	7.157371e+00
4.710000e-05	-2.504731e-02	7.146367e+00
4.711000e-05	-2.388605e-02	7.064290e+00
4.712000e-05	-2.228887e-02	7.053234e+00
4.713000e-05	-2.207086e-02	7.013081e+00
4.714000e-05	-2.451608e-02	6.989100e+00
4.715000e-05	-2.516907e-02	6.967970e+00
4.716000e-05	-2.505513e-02	6.916389e+00
4.717000e-05	-2.683675e-02	6.874263e+00
4.718000e-05	-2.735345e-02	6.861154e+00
4.719000e-05	-2.855022e-02	6.812575e+00
4.720000e-05	-2.877432e-02	6.800576e+00
4.721000e-05	-2.742157e-02	6.787473e+00
4.722000e-05	-2.675675e-02	6.695862e+00
4.723000e-05	-2.964904e-02	6.652633e+00
4.724000e-05	-3.096285e-02	6.591396e+00
4.725000e-05	-3.023495e-02	6.464763e+00
4.726000e-05	-2.906414e-02	6.423079e+00
4.727000e-05	-2.921865e-02	6.401599e+00
4.728000e-05	-3.115342e-02	6.389470e+00
4.729000e-05	-2.871117e-02	6.287417e+00
4.730000e-05	-2.674365e-02	6.253208e+00
4.731000e-05	-2.546307e-02	6.221551e+00
4.732000e-05	-2.682198e-02	6.168970e+00
4.733000e-05	-2.711913e-02	6.077812e+00
4.734000e-05	-2.397708e-02	6.053681e+00
4.735000e-05	-2.233348e-02	6.009574e+00
4.736000e-05	-2.166788e-02	5.928841e+00
4.737000e-05	-2.208470e-02	5.842734e+00
4.738000e-05	-2.084470e-02	5.716014e+00
4.739000e-05	-1.904218e-02	5.682704e+00
4.740000e-05	-1.801944e-02	5.600501e+00
4.741000e-05	-1.783677e-02	5.548918e+00
4.742000e-05	-1.873892e-02	5.493754e+00
4.743000e-05	-1.692187e-02	5.419551e+00
4.744000e-05	-1.460374e-02	5.326890e+00
4.745000e-05	-1.508701e-02	5.250630e+00
4.746000e-05	-1.532388e-02	5.179467e+00
4.747000e-05	-1.552215e-02	5.045159e+00
4.748000e-05	-1.384286e-02	5.008318e+00
4.749000e-05	-1.165021e-02	4.861728e+00
4.750000e-05	-1.185204e-02	4.778971e+00
4.751000e-05	-1.272782e-02	4.694308e+00
4.752000e-05	-1.199624e-02	4.621075e+00
4.753000e-05	-1.091685e-02	4.526888e+00
4.754000e-05	-1.022829e-02	4.442633e+00
4.755000e-05	-1.134473e-02	4.418975e+00
4.756000e-05	-1.214476e-02	4.277266e+00
4.757000e-05	-1.074874e-02	4.252096e+00
4.758000e-05	-9.773450e-03	4.083730e+00
4.759000e-05	-8.923586e-03	4.019074e+00
4.760000e-05	-9.181304e-03	3.946762e+00
4.761000e-05	-9.894751e-03	3.830597e+00
4.762000e-05	-9.501866e-03	3.739364e+00
4.763000e-05	-8.181415e-03	3.652229e+00
4.764000e-05	-8.078442e-03	3.609522e+00
4.765000e-05	-8.547422e-03	3.505783e+00
4.766000e-05	-9.273257e-03	3.387942e+00
4.767000e-05	-7.593310e-03	3.250575e+00
4.768000e-05	-6.753198e-03	3.178920e+00
4.769000e-05	-7.823913e-03	3.074158e+00
4.770000e-05	-6.179789e-03	2.969018e+00
4.771000e-05	-1.007748e-02	2.854680e+00
4.772000e-05	-5.816967e-03	2.819977e+00
4.773000e-05	-8.341778e-03	2.724284e+00
4.774000e-05	-4.273734e-03	2.588337e+00
4.775000e-05	-6.197546e-03	2.430551e+00
4.776000e-05	-4.309492e-03	2.338291e+00
4.777000e-05	-6.450646e-03	2.231076e+00
4.778000e-05	-7.496736e-03	2.146864e+00
4.779000e-05	-8.928118e-03	2.020604e+00
4.780000e-05	-7.553833e-03	1.988944e+00
4.781000e-05	-5.799770e-03	1.884626e+00
4.782000e-05	-4.101281e-03	1.735362e+00
4.783000e-05	-2.901510e-03	1.694075e+00
4.784000e-05	-3.849168e-03	1.507294e+00
4.785000e-05	-4.333057e-03	1.420522e+00
4.786000e-05	-7.404551e-03	1.285686e+00
4.787000e-05	-6.614202e-03	1.230946e+00
4.788000e-05	-7.395512e-03	1.113601e+00
4.789000e-05	-4.825161e-03	9.038579e-01
4.790000e-05	-4.666683e-03	7.995724e-01
4.791000e-05	-3.497379e-03	7.162631e-01
4.792000e-05	-2.106947e-03	6.310688e-01
4.793000e-05	-3.321995e-03	4.737116e-01
4.794000e-05	-4.519457e-03	4.295724e-01
4.795000e-05	-7.046870e-03	3.458094e-01
4.796000e-05	-5.414530e-03	1.893683e-01
4.797000e-05	-5.947373e-03	6.160158e-02
4.798000e-05	-2.512784e-03	-3.205676e-02
4.799000e-05	-2.028010e-03	-1.474462e-01
4.800000e-05	1.762626e-03	-2.225316e-01
4.801000e-05	1.126047e-03	-3.353687e-01
4.802000e-05	1.987568e-04	-4.214789e-01
4.803000e-05	-7.549945e-04	-4.847412e-01
4.804000e-05	-2.375456e-03	-6.642908e-01
4.805000e-05	-2.042843e-03	-7.779500e-01
4.806000e-05	1.786973e-02	-8.616317e-01
4.807000e-05	6.209075e-02	-9.379487e-01
4.808000e-05	4.530024e-03	-1.095347e+00
4.809000e-05	-7.038436e-02	-1.359505e+00
4.810000e-05	-7.464281e-02	-1.505831e+00
4.811000e-05	1.013286e-01	-1.461580e+00
4.812000e-05	3.160730e-02	-1.506326e+00
4.813000e-05	-1.343006e-01	-1.706899e+00
4.814000e-05	6.796141e-02	-1.799999e+00
4.815000e-05	1.025028e-01	-1.791084e+00
4.816000e-05	-1.328702e-01	-1.979454e+00
4.817000e-05	-2.357967e-02	-2.104637e+00
4.818000e-05	1.385182e-01	-2.107524e+00
4.819000e-05	-8.788604e-02	-2.284895e+00
4.820000e-05	-5.987241e-02	-2.422159e+00
4.821000e-05	1.420211e-01	-2.492116e+00
4.822000e-05	-4.869540e-02	-2.663136e+00
4.823000e-05	-2.741053e-02	-2.786919e+00
4.824000e-05	6.864219e-02	-2.768031e+00
4.825000e-05	-7.852896e-02	-2.876071e+00
4.826000e-05	2.998850e-02	-3.062687e+00
4.827000e-05	3.682205e-02	-3.126947e+00
4.828000e-05	-6.786554e-02	-3.264212e+00
4.829000e-05	6.717402e-02	-3.327368e+00
4.830000e-05	5.404449e-03	-3.370633e+00
4.831000e-05	-5.489757e-02	-3.536896e+00
4.832000e-05	7.000118e-02	-3.598950e+00
4.833000e-05	-3.540654e-02	-3.645267e+00
4.834000e-05	-2.883246e-02	-3.781162e+00
4.835000e-05	6.364406e-02	-3.937421e+00
4.836000e-05	-2.128587e-02	-4.041607e+00
4.837000e-05	7.659740e-03	-4.085738e+00
4.838000e-05	2.330087e-03	-4.169977e+00
4.839000e-05	-1.195250e-02	-4.236240e+00
4.840000e-05	2.785844e-02	-4.347923e+00
4.841000e-05	-1.849211e-02	-4.422158e+00
4.842000e-05	9.978784e-03	-4.474820e+00
4.843000e-05	3.968292e-03	-4.571660e+00
4.844000e-05	2.016228e-04	-4.685766e+00
4.845000e-05	2.468046e-02	-4.739002e+00
4.846000e-05	-1.853674e-02	-4.814293e+00
4.847000e-05	6.249448e-03	-4.948999e+00
4.848000e-05	6.054254e-03	-5.051662e+00
4.849000e-05	-6.143616e-03	-5.137321e+00
4.850000e-05	2.522632e-02	-5.151030e+00
4.851000e-05	-1.416103e-02	-5.286967e+00
4.852000e-05	5.781440e-03	-5.381734e+00
4.853000e-05	1.462248e-02	-5.477391e+00
4.854000e-05	-4.520243e-03	-5.589053e+00
4.855000e-05	1.346711e-02	-5.633112e+00
4.856000e-05	-1.336555e-02	-5.717371e+00
4.857000e-05	9.351648e-03	-5.799498e+00
4.858000e-05	9.765722e-03	-5.833663e+00
4.859000e-05	1.290846e-03	-5.884367e+00
4.860000e-05	9.602498e-03	-5.989000e+00
4.861000e-05	-7.937550e-03	-6.000579e+00
4.862000e-05	1.252862e-02	-6.063668e+00
4.863000e-05	4.708349e-03	-6.130499e+00
4.864000e-05	1.994365e-03	-6.233814e+00
4.865000e-05	5.228767e-03	-6.317442e+00
4.866000e-05	-1.869715e-03	-6.369051e+00
4.867000e-05	1.357505e-02	-6.401554e+00
4.868000e-05	3.704108e-03	-6.485740e+00
4.869000e-05	3.559193e-03	-6.496392e+00
4.870000e-05	9.863573e-04	-6.598625e+00
4.871000e-05	2.389818e-03	-6.604159e+00
4.872000e-05	1.287346e-02	-6.646267e+00
4.873000e-05	4.230330e-03	-6.716892e+00
4.874000e-05	3.759512e-03	-6.778949e+00
4.875000e-05	3.106957e-03	-6.780578e+00
4.876000e-05	6.103458e-03	-6.851579e+00
4.877000e-05	9.974417e-03	-6.883720e+00
4.878000e-05	1.487553e-03	-6.927398e+00
4.879000e-05	4.110840e-03	-6.990624e+00
4.880000e-05	5.585566e-03	-7.055342e+00
4.881000e-05	1.002817e-02	-7.136896e+00
4.882000e-05	8.831651e-03	-7.146894e+00
4.883000e-05	2.448921e-03	-7.188550e+00
4.884000e-05	5.240705e-03	-7.189500e+00
4.885000e-05	6.313709e-03	-7.220628e+00
4.886000e-05	1.046067e-02	-7.242132e+00
4.887000e-05	6.077963e-03	-7.262654e+00
4.888000e-05	4.922898e-03	-7.274842e+00
4.889000e-05	6.976151e-03	-7.275268e+00
4.890000e-05	9.765193e-03	-7.326392e+00
4.891000e-05	9.210327e-03	-7.316942e+00
4.892000e-05	5.101298e-03	-7.337969e+00
4.893000e-05	6.991709e-03	-7.368994e+00
4.894000e-05	9.204472e-03	-7.388997e+00
4.895000e-05	1.071775e-02	-7.362001e+00
4.896000e-05	9.209641e-03	-7.430100e+00
4.897000e-05	5.681338e-03	-7.431078e+00
4.898000e-05	8.448230e-03	-7.431150e+00
4.899000e-05	1.097997e-02	-7.441680e+00
4.900000e-05	1.107905e-02	-7.442758e+00
4.901000e-05	7.875030e-03	-7.452785e+00
4.902000e-05	8.698696e-03	-7.434208e+00
4.903000e-05	1.159273e-02	-7.453683e+00
4.904000e-05	1.325129e-02	-7.432682e+00
4.905000e-05	1.041667e-02	-7.433606e+00
4.906000e-05	9.296553e-03	-7.453185e+00
4.907000e-05	1.065409e-02	-7.402157e+00
4.908000e-05	1.305022e-02	-7.441658e+00
4.909000e-05	1.380495e-02	-7.390630e+00
4.910000e-05	1.168455e-02	-7.411056e+00
4.911000e-05	1.203374e-02	-7.382076e+00
4.912000e-05	1.379493e-02	-7.389550e+00
4.913000e-05	1.676232e-02	-7.388522e+00
4.914000e-05	1.441432e-02	-7.326994e+00
4.915000e-05	1.294775e-02	-7.298887e+00
4.916000e-05	1.314615e-02	-7.306890e+00
4.917000e-05	1.578789e-02	-7.292689e+00
4.918000e-05	1.686775e-02	-7.254183e+00
4.919000e-05	1.497390e-02	-7.242684e+00
4.920000e-05	1.478711e-02	-7.221079e+00
4.921000e-05	1.669142e-02	-7.170150e+00
4.922000e-05	1.861152e-02	-7.179949e+00
4.923000e-05	1.749426e-02	-7.138965e+00
4.924000e-05	1.800726e-02	-7.086917e+00
4.925000e-05	1.647917e-02	-7.054713e+00
4.926000e-05	2.170217e-02	-7.011237e+00
4.927000e-05	1.987483e-02	-6.939446e+00
4.928000e-05	2.107985e-02	-6.897787e+00
4.929000e-05	1.717151e-02	-6.884684e+00
4.930000e-05	2.096969e-02	-6.830528e+00
4.931000e-05	1.984702e-02	-6.799499e+00
4.932000e-05	2.241493e-02	-6.737922e+00
4.933000e-05	2.090362e-02	-6.756367e+00
4.934000e-05	2.356004e-02	-6.684260e+00
4.935000e-05	2.505607e-02	-6.631105e+00
4.936000e-05	2.449653e-02	-6.589497e+00
4.937000e-05	2.262318e-02	-6.507916e+00
4.938000e-05	1.823770e-02	-6.462215e+00
4.939000e-05	2.020920e-02	-6.422150e+00
4.940000e-05	1.860625e-02	-6.360049e+00
4.941000e-05	2.207172e-02	-6.345917e+00
4.942000e-05	1.785060e-02	-6.245253e+00
4.943000e-05	1.952141e-02	-6.167997e+00
4.944000e-05	1.691564e-02	-6.084311e+00
4.945000e-05	1.872630e-02	-6.012105e+00
4.946000e-05	1.354473e-02	-5.980048e+00
4.947000e-05	1.303314e-02	-5.875816e+00
4.948000e-05	9.814903e-03	-5.852708e+00
4.949000e-05	1.152323e-02	-5.790472e+00
4.950000e-05	1.032785e-02	-5.693738e+00
4.951000e-05	9.235865e-03	-5.640629e+00
4.952000e-05	8.463179e-03	-5.578550e+00
4.953000e-05	9.398237e-03	-5.505333e+00
4.954000e-05	9.773687e-03	-5.350548e+00
4.955000e-05	8.106228e-03	-5.283364e+00
4.956000e-05	5.755415e-03	-5.202101e+00
4.957000e-05	4.541085e-03	-5.107393e+00
4.958000e-05	4.115272e-03	-5.032156e+00
4.959000e-05	3.841266e-03	-4.988918e+00
4.960000e-05	4.116911e-03	-4.832754e+00
4.961000e-05	3.869372e-03	-4.708917e+00
4.962000e-05	5.375568e-03	-4.651533e+00
4.963000e-05	4.647338e-03	-4.610422e+00
4.964000e-05	4.049236e-03	-4.475363e+00
4.965000e-05	1.853988e-03	-4.431576e+00
4.966000e-05	2.314914e-03	-4.388996e+00
4.967000e-05	1.179139e-03	-4.307287e+00
4.968000e-05	1.686452e-03	-4.190076e+00
4.969000e-05	7.866475e-04	-4.134813e+00
4.970000e-05	1.713666e-03	-4.052080e+00
4.971000e-05	1.458616e-03	-3.968970e+00
4.972000e-05	2.047635e-03	-3.852253e+00
4.973000e-05	4.976676e-04	-3.693890e+00
4.974000e-05	1.653874e-04	-3.630651e+00
4.975000e-05	-4.037796e-05	-3.577945e+00
4.976000e-05	-2.344293e-04	-3.473756e+00
4.977000e-05	-1.030626e-03	-3.378968e+00
4.978000e-05	-2.048178e-03	-3.234706e+00
4.979000e-05	-1.671871e-03	-3.200445e+00
4.980000e-05	-8.106745e-04	-3.084784e+00
4.981000e-05	-1.331197e-04	-2.955938e+00
4.982000e-05	-6.460130e-04	-2.831603e+00
4.983000e-05	-1.992252e-03	-2.768892e+00
4.984000e-05	-2.648857e-03	-2.641655e+00
4.985000e-05	-2.030904e-03	-2.548415e+00
4.986000e-05	-3.038315e-03	-2.472578e+00
4.987000e-05	-3.207052e-03	-2.369470e+00
4.988000e-05	-3.241357e-03	-2.264183e+00
4.989000e-05	-2.624535e-03	-2.124259e+00
4.990000e-05	-3.244382e-03	-2.011025e+00
4.991000e-05	-3.447556e-03	-1.927917e+00
4.992000e-05	-3.764820e-03	-1.792529e+00
4.993000e-05	-4.121958e-03	-1.747264e+00
4.994000e-05	-4.021870e-03	-1.652600e+00
4.995000e-05	-3.985863e-03	-1.537962e+00
4.996000e-05	-3.989803e-03	-1.470501e+00
4.997000e-05	-4.695259e-03	-1.253129e+00
4.998000e-05	-4.819797e-03	-1.176816e+00
4.999000e-05	-4.530333e-03	-1.033576e+00
