# 260826_11:55:15.512347
t	CH1	CH2
0.000000e+00	-2.792295e-02	3.417339e+00
1.000000e-08	-9.029004e-03	3.482088e+00
2.000000e-08	1.420196e-02	3.608470e+00
3.000000e-08	-3.790366e-02	3.672658e+00
4.000000e-08	-9.225995e-03	3.787896e+00
5.000000e-08	2.907392e-02	3.851656e+00
6.000000e-08	-7.274123e-03	3.986823e+00
7.000000e-08	-2.533857e-02	4.040501e+00
8.000000e-08	1.327042e-03	4.092285e+00
9.000000e-08	-6.658384e-03	4.280056e+00
1.000000e-07	-4.087612e-03	4.387848e+00
1.100000e-07	-8.760683e-03	4.432029e+00
1.200000e-07	-8.904416e-03	4.535339e+00
1.300000e-07	-1.632675e-02	4.568022e+00
1.400000e-07	1.633257e-02	4.722612e+00
1.500000e-07	-4.136882e-03	4.737494e+00
1.600000e-07	-2.442145e-02	4.802604e+00
1.700000e-07	-8.281207e-03	4.916847e+00
1.800000e-07	-7.097422e-03	5.072185e+00
1.900000e-07	4.604067e-03	5.168472e+00
2.000000e-07	-8.514047e-03	5.240609e+00
2.100000e-07	-1.254456e-02	5.357367e+00
2.200000e-07	-1.031977e-02	5.411076e+00
2.300000e-07	1.810580e-03	5.493635e+00
2.400000e-07	-3.606984e-03	5.536992e+00
2.500000e-07	-1.789319e-02	5.608475e+00
2.600000e-07	-1.530013e-02	5.681658e+00
2.700000e-07	-3.389412e-03	5.736392e+00
2.800000e-07	6.448623e-04	5.833108e+00
2.900000e-07	-7.486534e-03	5.905792e+00
3.000000e-07	-1.441816e-02	5.959447e+00
3.100000e-07	-1.322848e-02	6.040676e+00
3.200000e-07	-2.240595e-03	6.105213e+00
3.300000e-07	-5.793435e-03	6.126344e+00
3.400000e-07	-1.237717e-02	6.208950e+00
3.500000e-07	-1.401767e-02	6.243158e+00
3.600000e-07	-7.869220e-03	6.305217e+00
3.700000e-07	-2.241531e-03	6.388922e+00
3.800000e-07	-9.231910e-03	6.410002e+00
3.900000e-07	-1.429264e-02	6.422108e+00
4.000000e-07	-1.615695e-02	6.504713e+00
4.100000e-07	-6.014511e-03	6.569501e+00
4.200000e-07	-5.528004e-03	6.611160e+00
4.300000e-07	-1.128604e-02	6.703216e+00
4.400000e-07	-1.400873e-02	6.757397e+00
4.500000e-07	-1.188083e-02	6.800001e+00
4.600000e-07	-6.364516e-03	6.821503e+00
4.700000e-07	-1.131224e-02	6.852583e+00
4.800000e-07	-1.337464e-02	6.843762e+00
4.900000e-07	-1.614062e-02	6.916216e+00
5.000000e-07	-7.963369e-03	6.937371e+00
5.100000e-07	-7.348105e-03	6.989975e+00
5.200000e-07	-1.122994e-02	7.032604e+00
5.300000e-07	-1.605318e-02	7.064609e+00
5.400000e-07	-1.440830e-02	7.104742e+00
5.500000e-07	-1.036934e-02	7.085343e+00
5.600000e-07	-1.123858e-02	7.137366e+00
5.700000e-07	-1.485497e-02	7.178872e+00
5.800000e-07	-1.717816e-02	7.148425e+00
5.900000e-07	-1.181013e-02	7.189978e+00
6.000000e-07	-1.013976e-02	7.199053e+00
6.100000e-07	-1.283862e-02	7.233025e+00
6.200000e-07	-1.766336e-02	7.231529e+00
6.300000e-07	-1.565489e-02	7.253613e+00
6.400000e-07	-1.192797e-02	7.244162e+00
6.500000e-07	-1.164931e-02	7.283633e+00
6.600000e-07	-1.686538e-02	7.314210e+00
6.700000e-07	-1.884302e-02	7.314293e+00
6.800000e-07	-1.449446e-02	7.305261e+00
6.900000e-07	-1.296450e-02	7.303720e+00
7.000000e-07	-1.492380e-02	7.329292e+00
7.100000e-07	-1.852649e-02	7.339772e+00
7.200000e-07	-1.920460e-02	7.326946e+00
7.300000e-07	-1.537557e-02	7.318796e+00
7.400000e-07	-1.478359e-02	7.338545e+00
7.500000e-07	-1.870360e-02	7.358370e+00
7.600000e-07	-2.069072e-02	7.307820e+00
7.700000e-07	-1.890007e-02	7.337217e+00
7.800000e-07	-1.650097e-02	7.275744e+00
7.900000e-07	-1.806079e-02	7.276265e+00
8.000000e-07	-2.069837e-02	7.287191e+00
8.100000e-07	-2.143018e-02	7.223638e+00
8.200000e-07	-1.965206e-02	7.212632e+00
8.300000e-07	-1.838432e-02	7.202063e+00
8.400000e-07	-2.126790e-02	7.211028e+00
8.500000e-07	-2.389506e-02	7.201478e+00
8.600000e-07	-2.307236e-02	7.210400e+00
8.700000e-07	-2.034625e-02	7.159471e+00
8.800000e-07	-2.087573e-02	7.136770e+00
8.900000e-07	-2.489350e-02	7.096192e+00
9.000000e-07	-2.488497e-02	7.054163e+00
9.100000e-07	-2.413062e-02	7.035634e+00
9.200000e-07	-2.090348e-02	7.041054e+00
9.300000e-07	-2.453416e-02	6.989549e+00
9.400000e-07	-2.681132e-02	6.930418e+00
9.500000e-07	-2.702752e-02	6.935737e+00
9.600000e-07	-2.471151e-02	6.865138e+00
9.700000e-07	-2.470236e-02	6.812608e+00
9.800000e-07	-2.864628e-02	6.820503e+00
9.900000e-07	-3.074172e-02	6.769476e+00
1.000000e-06	-2.932276e-02	6.738424e+00
1.010000e-06	-2.705792e-02	6.666215e+00
1.020000e-06	-2.863039e-02	6.624633e+00
1.030000e-06	-3.159719e-02	6.541921e+00
1.040000e-06	-3.188254e-02	6.456240e+00
1.050000e-06	-2.954473e-02	6.432111e+00
1.060000e-06	-2.826275e-02	6.372532e+00
1.070000e-06	-3.054408e-02	6.349925e+00
1.080000e-06	-3.173168e-02	6.328794e+00
1.090000e-06	-2.996333e-02	6.244238e+00
1.100000e-06	-2.701761e-02	6.222054e+00
1.110000e-06	-2.650356e-02	6.148445e+00
1.120000e-06	-2.767154e-02	6.087265e+00
1.130000e-06	-2.659418e-02	6.033114e+00
1.140000e-06	-2.286700e-02	6.010481e+00
1.150000e-06	-2.108695e-02	5.978868e+00
1.160000e-06	-2.165671e-02	5.904682e+00
1.170000e-06	-2.200854e-02	5.719879e+00
1.180000e-06	-2.154814e-02	5.632662e+00
1.190000e-06	-1.889167e-02	5.589955e+00
1.200000e-06	-1.863257e-02	5.558395e+00
1.210000e-06	-1.877977e-02	5.487214e+00
1.220000e-06	-1.909502e-02	5.403055e+00
1.230000e-06	-1.547237e-02	5.288375e+00
1.240000e-06	-1.269477e-02	5.232133e+00
1.250000e-06	-1.279604e-02	5.138973e+00
1.260000e-06	-1.445749e-02	5.064535e+00
1.270000e-06	-1.497149e-02	4.930323e+00
1.280000e-06	-1.311882e-02	4.853607e+00
1.290000e-06	-1.317112e-02	4.800448e+00
1.300000e-06	-1.326489e-02	4.708188e+00
1.310000e-06	-1.348080e-02	4.620531e+00
1.320000e-06	-1.137042e-02	4.538296e+00
1.330000e-06	-9.719241e-03	4.433633e+00
1.340000e-06	-1.074140e-02	4.400503e+00
1.350000e-06	-1.228297e-02	4.369295e+00
1.360000e-06	-1.091823e-02	4.212087e+00
1.370000e-06	-9.682046e-03	4.045215e+00
1.380000e-06	-9.826365e-03	4.020550e+00
1.390000e-06	-1.130597e-02	3.878820e+00
1.400000e-06	-1.161542e-02	3.822582e+00
1.410000e-06	-8.364923e-03	3.719346e+00
1.420000e-06	-7.186751e-03	3.652612e+00
1.430000e-06	-8.002995e-03	3.579954e+00
1.440000e-06	-9.692925e-03	3.537316e+00
1.450000e-06	-8.062841e-03	3.331004e+00
1.460000e-06	-6.988831e-03	3.212584e+00
1.470000e-06	-8.015059e-03	3.169997e+00
1.480000e-06	-9.056015e-03	3.056241e+00
1.490000e-06	-1.025266e-02	2.958947e+00
1.500000e-06	-7.905673e-03	2.856739e+00
1.510000e-06	-6.878701e-03	2.790978e+00
1.520000e-06	-6.221844e-03	2.738721e+00
1.530000e-06	-6.786258e-03	2.561500e+00
1.540000e-06	-6.921184e-03	2.435559e+00
1.550000e-06	-6.016782e-03	2.348871e+00
1.560000e-06	-6.088545e-03	2.243107e+00
1.570000e-06	-7.667579e-03	2.149921e+00
1.580000e-06	-7.380441e-03	2.033112e+00
1.590000e-06	-7.179331e-03	1.980923e+00
1.600000e-06	-4.813266e-03	1.875680e+00
1.610000e-06	-4.557494e-03	1.759371e+00
1.620000e-06	-6.205738e-03	1.674707e+00
1.630000e-06	-6.682019e-03	1.579869e+00
1.640000e-06	-5.486952e-03	1.412508e+00
1.650000e-06	-3.667817e-03	1.327322e+00
1.660000e-06	-5.770466e-03	1.202005e+00
1.670000e-06	-6.899558e-03	1.115791e+00
1.680000e-06	-7.062045e-03	9.303426e-01
1.690000e-06	-4.143682e-03	8.121065e-01
1.700000e-06	-4.108134e-03	7.187698e-01
1.710000e-06	-4.835104e-03	6.230804e-01
1.720000e-06	-5.412839e-03	5.182212e-01
1.730000e-06	-4.522070e-03	4.110780e-01
1.740000e-06	-3.574435e-03	3.378935e-01
1.750000e-06	-3.856354e-03	2.025803e-01
1.760000e-06	-5.961640e-03	5.465947e-02
1.770000e-06	-4.221248e-03	-1.105006e-02
1.780000e-06	-2.410882e-03	-1.547670e-01
1.790000e-06	1.076485e-03	-2.506526e-01
1.800000e-06	6.042576e-04	-3.142382e-01
1.810000e-06	-3.969817e-03	-4.194724e-01
1.820000e-06	-5.028006e-04	-4.837855e-01
1.830000e-06	-2.236600e-04	-6.986790e-01
1.840000e-06	1.804119e-03	-7.759221e-01
1.850000e-06	1.125081e-02	-8.190286e-01
1.860000e-06	6.664642e-02	-9.753631e-01
1.870000e-06	1.215330e-02	-1.061230e+00
1.880000e-06	-6.292163e-02	-1.300860e+00
1.890000e-06	-9.828594e-02	-1.462657e+00
1.900000e-06	1.072420e-01	-1.393686e+00
1.910000e-06	4.838516e-02	-1.511340e+00
1.920000e-06	-1.536838e-01	-1.692260e+00
1.930000e-06	4.610961e-02	-1.790447e+00
1.940000e-06	1.390604e-01	-1.788576e+00
1.950000e-06	-1.418947e-01	-1.954366e+00
1.960000e-06	-5.731884e-02	-2.072610e+00
1.970000e-06	1.687255e-01	-2.155809e+00
1.980000e-06	-8.259396e-02	-2.322660e+00
1.990000e-06	-9.705452e-02	-2.429025e+00
2.000000e-06	1.655106e-01	-2.472685e+00
2.010000e-06	-4.835684e-02	-2.617577e+00
2.020000e-06	-4.658212e-02	-2.755342e+00
2.030000e-06	9.351309e-02	-2.788423e+00
2.040000e-06	-9.383758e-02	-2.902713e+00
2.050000e-06	2.337325e-02	-3.041625e+00
2.060000e-06	5.632790e-02	-3.083341e+00
2.070000e-06	-8.353982e-02	-3.269052e+00
2.080000e-06	6.823450e-02	-3.356270e+00
2.090000e-06	1.376282e-02	-3.369500e+00
2.100000e-06	-7.236100e-02	-3.524792e+00
2.110000e-06	8.397242e-02	-3.588449e+00
2.120000e-06	-3.533116e-02	-3.651051e+00
2.130000e-06	-4.108155e-02	-3.808955e+00
2.140000e-06	7.323429e-02	-3.924364e+00
2.150000e-06	-2.549938e-02	-3.999053e+00
2.160000e-06	1.159217e-02	-4.072762e+00
2.170000e-06	5.365795e-03	-4.166942e+00
2.180000e-06	-2.046435e-02	-4.282204e+00
2.190000e-06	3.537894e-02	-4.386394e+00
2.200000e-06	-2.155752e-02	-4.439574e+00
2.210000e-06	1.137624e-02	-4.501640e+00
2.220000e-06	3.286575e-03	-4.606501e+00
2.230000e-06	-5.721283e-03	-4.672765e+00
2.240000e-06	3.230892e-02	-4.736396e+00
2.250000e-06	-1.878446e-02	-4.821630e+00
2.260000e-06	4.336636e-03	-4.947943e+00
2.270000e-06	9.364187e-03	-5.010079e+00
2.280000e-06	-1.174980e-02	-5.134842e+00
2.290000e-06	2.944354e-02	-5.198548e+00
2.300000e-06	-1.543297e-02	-5.272757e+00
2.310000e-06	2.738389e-03	-5.367977e+00
2.320000e-06	1.766055e-02	-5.523792e+00
2.330000e-06	-6.099603e-03	-5.577449e+00
2.340000e-06	1.931794e-02	-5.601103e+00
2.350000e-06	-1.559475e-02	-5.763765e+00
2.360000e-06	8.981297e-03	-5.787972e+00
2.370000e-06	9.366397e-03	-5.830005e+00
2.380000e-06	6.854121e-06	-5.873841e+00
2.390000e-06	1.307053e-02	-5.976447e+00
2.400000e-06	-9.861317e-03	-5.999024e+00
2.410000e-06	1.248975e-02	-6.052208e+00
2.420000e-06	4.566194e-03	-6.116891e+00
2.430000e-06	3.549661e-03	-6.182005e+00
2.440000e-06	7.408874e-03	-6.304291e+00
2.450000e-06	-3.601322e-03	-6.367025e+00
2.460000e-06	1.390142e-02	-6.399629e+00
2.470000e-06	5.328529e-03	-6.454211e+00
2.480000e-06	5.260710e-03	-6.496394e+00
2.490000e-06	9.656894e-04	-6.557448e+00
2.500000e-06	-4.680731e-04	-6.610106e+00
2.510000e-06	1.254226e-02	-6.643738e+00
2.520000e-06	5.150886e-03	-6.746314e+00
2.530000e-06	6.185530e-03	-6.767450e+00
2.540000e-06	3.379465e-03	-6.789003e+00
2.550000e-06	6.034540e-03	-6.830557e+00
2.560000e-06	1.023934e-02	-6.852105e+00
2.570000e-06	2.553908e-03	-6.943796e+00
2.580000e-06	5.181923e-03	-6.950580e+00
2.590000e-06	1.290707e-03	-7.069630e+00
2.600000e-06	1.072430e-02	-7.074717e+00
2.610000e-06	8.069094e-03	-7.166420e+00
2.620000e-06	6.528202e-03	-7.187425e+00
2.630000e-06	5.046428e-03	-7.159000e+00
2.640000e-06	6.494691e-03	-7.210528e+00
2.650000e-06	1.065539e-02	-7.221058e+00
2.660000e-06	7.333495e-03	-7.273182e+00
2.670000e-06	3.815693e-03	-7.282291e+00
2.680000e-06	5.255051e-03	-7.294313e+00
2.690000e-06	8.258660e-03	-7.297320e+00
2.700000e-06	1.082302e-02	-7.327922e+00
2.710000e-06	7.255133e-03	-7.378397e+00
2.720000e-06	8.060196e-03	-7.344970e+00
2.730000e-06	9.401844e-03	-7.388999e+00
2.740000e-06	9.649769e-03	-7.359604e+00
2.750000e-06	9.116610e-03	-7.370104e+00
2.760000e-06	4.738571e-03	-7.420052e+00
2.770000e-06	8.237153e-03	-7.432056e+00
2.780000e-06	9.515656e-03	-7.432130e+00
2.790000e-06	1.299253e-02	-7.421081e+00
2.800000e-06	1.044438e-02	-7.443109e+00
2.810000e-06	9.398480e-03	-7.411058e+00
2.820000e-06	1.086647e-02	-7.421709e+00
2.830000e-06	1.132993e-02	-7.442060e+00
2.840000e-06	1.108845e-02	-7.442107e+00
2.850000e-06	9.463286e-03	-7.451210e+00
2.860000e-06	1.127809e-02	-7.421608e+00
2.870000e-06	1.238184e-02	-7.400557e+00
2.880000e-06	1.478409e-02	-7.421482e+00
2.890000e-06	1.201180e-02	-7.410032e+00
2.900000e-06	1.081464e-02	-7.410479e+00
2.910000e-06	1.268420e-02	-7.370003e+00
2.920000e-06	1.555529e-02	-7.359475e+00
2.930000e-06	1.398979e-02	-7.355447e+00
2.940000e-06	1.350791e-02	-7.287423e+00
2.950000e-06	1.375051e-02	-7.325287e+00
2.960000e-06	1.576338e-02	-7.264190e+00
2.970000e-06	1.814243e-02	-7.254762e+00
2.980000e-06	1.547291e-02	-7.242107e+00
2.990000e-06	1.381521e-02	-7.220129e+00
3.000000e-06	1.519255e-02	-7.221029e+00
3.010000e-06	1.815584e-02	-7.180478e+00
3.020000e-06	1.823961e-02	-7.168948e+00
3.030000e-06	1.744390e-02	-7.127321e+00
3.040000e-06	1.731330e-02	-7.062266e+00
3.050000e-06	1.907146e-02	-7.011608e+00
3.060000e-06	2.090983e-02	-6.937434e+00
3.070000e-06	2.008597e-02	-6.896846e+00
3.080000e-06	1.931350e-02	-6.882212e+00
3.090000e-06	1.963110e-02	-6.812108e+00
3.100000e-06	2.192450e-02	-6.830005e+00
3.110000e-06	2.260724e-02	-6.798951e+00
3.120000e-06	2.197972e-02	-6.727846e+00
3.130000e-06	2.148099e-02	-6.664639e+00
3.140000e-06	2.236189e-02	-6.632084e+00
3.150000e-06	2.418156e-02	-6.601955e+00
3.160000e-06	2.423619e-02	-6.527873e+00
3.170000e-06	2.130556e-02	-6.464717e+00
3.180000e-06	2.118033e-02	-6.433636e+00
3.190000e-06	2.166150e-02	-6.381001e+00
3.200000e-06	2.151659e-02	-6.338795e+00
3.210000e-06	1.876763e-02	-6.255315e+00
3.220000e-06	1.819214e-02	-6.190107e+00
3.230000e-06	1.682765e-02	-6.087799e+00
3.240000e-06	1.801887e-02	-6.002111e+00
3.250000e-06	1.680653e-02	-5.989500e+00
3.260000e-06	1.660786e-02	-5.927846e+00
3.270000e-06	1.219974e-02	-5.843610e+00
3.280000e-06	1.287348e-02	-5.790005e+00
3.290000e-06	1.002852e-02	-5.726891e+00
3.300000e-06	9.531514e-03	-5.633635e+00
3.310000e-06	7.357089e-03	-5.600530e+00
3.320000e-06	8.949950e-03	-5.558917e+00
3.330000e-06	9.338793e-03	-5.443086e+00
3.340000e-06	9.043697e-03	-5.284700e+00
3.350000e-06	7.331312e-03	-5.222608e+00
3.360000e-06	5.284229e-03	-5.157354e+00
3.370000e-06	4.864675e-03	-5.034688e+00
3.380000e-06	4.762370e-03	-4.990530e+00
3.390000e-06	4.300237e-03	-4.884267e+00
3.400000e-06	2.588136e-03	-4.788884e+00
3.410000e-06	4.207064e-03	-4.645214e+00
3.420000e-06	5.500698e-03	-4.570058e+00
3.430000e-06	5.133657e-03	-4.508295e+00
3.440000e-06	1.678487e-03	-4.423184e+00
3.450000e-06	1.576835e-03	-4.380475e+00
3.460000e-06	1.619581e-03	-4.327269e+00
3.470000e-06	3.092011e-03	-4.230087e+00
3.480000e-06	1.085894e-03	-4.088399e+00
3.490000e-06	2.363656e-04	-4.053662e+00
3.500000e-06	6.906513e-04	-3.979528e+00
3.510000e-06	1.910054e-03	-3.897391e+00
3.520000e-06	2.287344e-03	-3.719351e+00
3.530000e-06	-3.574284e-04	-3.612613e+00
3.540000e-06	-4.579668e-04	-3.570075e+00
3.550000e-06	3.016259e-04	-3.476240e+00
3.560000e-06	9.562993e-04	-3.360055e+00
3.570000e-06	-5.308969e-04	-3.255665e+00
3.580000e-06	-1.889072e-03	-3.210578e+00
3.590000e-06	-2.325467e-03	-3.108267e+00
3.600000e-06	-5.073553e-04	-2.961130e+00
3.610000e-06	-3.682488e-04	-2.843637e+00
3.620000e-06	-2.419676e-03	-2.768973e+00
3.630000e-06	-3.561768e-03	-2.715215e+00
3.640000e-06	-2.031595e-03	-2.539900e+00
3.650000e-06	-2.149606e-03	-2.475188e+00
3.660000e-06	-2.471723e-03	-2.399978e+00
3.670000e-06	-3.932766e-03	-2.287366e+00
3.680000e-06	-3.596363e-03	-2.110424e+00
3.690000e-06	-2.151193e-03	-2.031158e+00
3.700000e-06	-2.911386e-03	-1.938349e+00
3.710000e-06	-4.167086e-03	-1.846632e+00
3.720000e-06	-5.414772e-03	-1.789424e+00
3.730000e-06	-4.257357e-03	-1.644083e+00
3.740000e-06	-2.812603e-03	-1.589524e+00
3.750000e-06	-2.958565e-03	-1.505741e+00
3.760000e-06	-4.296166e-03	-1.307266e+00
3.770000e-06	-4.462462e-03	-1.191026e+00
3.780000e-06	-4.311157e-03	-1.044213e+00
3.790000e-06	-3.762413e-03	-9.898987e-01
3.800000e-06	-5.187002e-03	-8.536068e-01
3.810000e-06	-6.006241e-03	-7.899761e-01
3.820000e-06	-5.920199e-03	-6.552385e-01
3.830000e-06	-4.471879e-03	-5.267389e-01
3.840000e-06	-4.820643e-03	-3.915788e-01
3.850000e-06	-4.959354e-03	-3.177424e-01
3.860000e-06	-6.009200e-03	-2.114780e-01
3.870000e-06	-4.441014e-03	-9.779230e-02
3.880000e-06	-2.766510e-03	-1.527957e-03
3.890000e-06	-6.303058e-04	4.267889e-02
3.900000e-06	-1.178361e-03	2.170420e-01
3.910000e-06	-3.202273e-03	3.162928e-01
3.920000e-06	-2.497971e-03	3.990249e-01
3.930000e-06	-3.109190e-03	5.317379e-01
3.940000e-06	-2.717583e-03	6.194473e-01
3.950000e-06	1.957840e-03	7.237380e-01
3.960000e-06	3.445106e-02	8.501036e-01
3.970000e-06	5.075870e-02	9.569904e-01
3.980000e-06	-2.726808e-02	1.154417e+00
3.990000e-06	-8.947726e-02	1.253131e+00
4.000000e-06	-6.194659e-02	1.366891e+00
4.010000e-06	1.271402e-01	1.450597e+00
4.020000e-06	-1.687507e-02	1.656477e+00
4.030000e-06	-1.544180e-01	1.725816e+00
4.040000e-06	1.292767e-01	1.767442e+00
4.050000e-06	4.693721e-02	1.944813e+00
4.060000e-06	-1.352300e-01	1.999475e+00
4.070000e-06	3.683752e-02	2.021126e+00
4.080000e-06	7.182072e-02	2.165967e+00
4.090000e-06	-1.366360e-01	2.344759e+00
4.100000e-06	2.317184e-02	2.386365e+00
4.110000e-06	9.844668e-02	2.450055e+00
4.120000e-06	-7.972922e-02	2.596023e+00
4.130000e-06	-2.125995e-03	2.723214e+00
4.140000e-06	2.762001e-02	2.807522e+00
4.150000e-06	-5.254655e-02	2.902685e+00
4.160000e-06	2.070867e-02	2.987972e+00
4.170000e-06	5.170218e-03	3.092713e+00
4.180000e-06	-4.091582e-02	3.176422e+00
4.190000e-06	4.507785e-02	3.260630e+00
4.200000e-06	-2.588470e-02	3.356795e+00
4.210000e-06	-1.248812e-02	3.503709e+00
4.220000e-06	1.491048e-02	3.597471e+00
4.230000e-06	-3.459924e-02	3.693685e+00
4.240000e-06	-1.381187e-02	3.757925e+00
4.250000e-06	2.960049e-02	3.830081e+00
4.260000e-06	-5.195382e-03	3.967867e+00
4.270000e-06	-2.540469e-02	3.990051e+00
4.280000e-06	3.535187e-05	4.085757e+00
4.290000e-06	-6.921254e-03	4.250970e+00
4.300000e-06	-3.410878e-03	4.385343e+00
4.310000e-06	-8.702978e-03	4.440628e+00
4.320000e-06	-8.169049e-03	4.534888e+00
4.330000e-06	-1.909638e-02	4.609069e+00
4.340000e-06	1.614052e-02	4.702209e+00
4.350000e-06	-2.887595e-03	4.777371e+00
4.360000e-06	-2.226258e-02	4.820583e+00
4.370000e-06	-8.391303e-03	4.946262e+00
4.380000e-06	-8.593511e-03	5.073131e+00
4.390000e-06	3.581006e-03	5.186445e+00
4.400000e-06	-7.437904e-03	5.241107e+00
4.410000e-06	-1.363092e-02	5.387821e+00
4.420000e-06	-1.263322e-02	5.410051e+00
4.430000e-06	7.719517e-04	5.474709e+00
4.440000e-06	-2.605270e-03	5.586373e+00
4.450000e-06	-1.592886e-02	5.559021e+00
4.460000e-06	-1.595343e-02	5.652081e+00
4.470000e-06	-5.485865e-03	5.755722e+00
4.480000e-06	9.315845e-04	5.832080e+00
4.490000e-06	-7.070476e-03	5.924892e+00
4.500000e-06	-1.451236e-02	5.968449e+00
4.510000e-06	-1.504592e-02	6.042053e+00
4.520000e-06	-1.575237e-03	6.095236e+00
4.530000e-06	-5.224982e-03	6.127821e+00
4.540000e-06	-1.149743e-02	6.220003e+00
4.550000e-06	-1.514242e-02	6.253162e+00
4.560000e-06	-7.960877e-03	6.305312e+00
4.570000e-06	-1.342550e-03	6.368897e+00
4.580000e-06	-9.097770e-03	6.390050e+00
4.590000e-06	-1.448441e-02	6.433631e+00
4.600000e-06	-1.810412e-02	6.525285e+00
4.610000e-06	-5.906780e-03	6.578447e+00
4.620000e-06	-5.996764e-03	6.611636e+00
4.630000e-06	-1.171963e-02	6.684266e+00
4.640000e-06	-1.543143e-02	6.746395e+00
4.650000e-06	-1.094681e-02	6.790475e+00
4.660000e-06	-6.045640e-03	6.831050e+00
4.670000e-06	-9.801006e-03	6.851584e+00
4.680000e-06	-1.474388e-02	6.883638e+00
4.690000e-06	-1.679593e-02	6.927268e+00
4.700000e-06	-8.567284e-03	6.958371e+00
4.710000e-06	-7.506479e-03	6.997529e+00
4.720000e-06	-1.213571e-02	7.012558e+00
4.730000e-06	-1.746220e-02	7.093179e+00
4.740000e-06	-1.461569e-02	7.083766e+00
4.750000e-06	-9.433950e-03	7.086242e+00
4.760000e-06	-9.937826e-03	7.197366e+00
4.770000e-06	-1.442114e-02	7.178369e+00
4.780000e-06	-1.662916e-02	7.179500e+00
4.790000e-06	-1.105391e-02	7.190026e+00
4.800000e-06	-1.007565e-02	7.189503e+00
4.810000e-06	-1.337656e-02	7.190525e+00
4.820000e-06	-1.974018e-02	7.242105e+00
4.830000e-06	-1.691592e-02	7.242087e+00
4.840000e-06	-1.156133e-02	7.265188e+00
4.850000e-06	-1.165852e-02	7.245657e+00
4.860000e-06	-1.594911e-02	7.273166e+00
4.870000e-06	-1.903906e-02	7.277288e+00
4.880000e-06	-1.530516e-02	7.345318e+00
4.890000e-06	-1.291052e-02	7.255765e+00
4.900000e-06	-1.502359e-02	7.327326e+00
4.910000e-06	-1.971183e-02	7.307429e+00
4.920000e-06	-1.911227e-02	7.345742e+00
4.930000e-06	-1.554691e-02	7.317825e+00
4.940000e-06	-1.436685e-02	7.335300e+00
4.950000e-06	-1.864282e-02	7.305741e+00
4.960000e-06	-2.082039e-02	7.335797e+00
4.970000e-06	-1.808327e-02	7.316246e+00
4.980000e-06	-1.591311e-02	7.298215e+00
4.990000e-06	-1.771363e-02	7.265713e+00
5.000000e-06	-2.110804e-02	7.262111e+00
5.010000e-06	-2.183714e-02	7.254637e+00
5.020000e-06	-2.030373e-02	7.213128e+00
5.030000e-06	-1.957636e-02	7.211529e+00
5.040000e-06	-2.176526e-02	7.211058e+00
5.050000e-06	-2.331801e-02	7.179975e+00
5.060000e-06	-2.256049e-02	7.188423e+00
5.070000e-06	-2.040246e-02	7.158823e+00
5.080000e-06	-2.117199e-02	7.148322e+00
5.090000e-06	-2.464760e-02	7.077291e+00
5.100000e-06	-2.520689e-02	7.075212e+00
5.110000e-06	-2.391018e-02	7.041659e+00
5.120000e-06	-2.313260e-02	7.043656e+00
5.130000e-06	-2.551949e-02	7.001001e+00
5.140000e-06	-2.576142e-02	6.927871e+00
5.150000e-06	-2.659082e-02	6.915767e+00
5.160000e-06	-2.618244e-02	6.866688e+00
5.170000e-06	-2.616300e-02	6.833658e+00
5.180000e-06	-2.817836e-02	6.821556e+00
5.190000e-06	-2.888098e-02	6.799551e+00
5.200000e-06	-2.948043e-02	6.748804e+00
5.210000e-06	-2.820728e-02	6.736240e+00
5.220000e-06	-2.918639e-02	6.652610e+00
5.230000e-06	-3.024709e-02	6.590305e+00
5.240000e-06	-3.067566e-02	6.504293e+00
5.250000e-06	-2.997448e-02	6.431609e+00
5.260000e-06	-2.992600e-02	6.400001e+00
5.270000e-06	-3.016402e-02	6.379897e+00
5.280000e-06	-2.982150e-02	6.326820e+00
5.290000e-06	-2.923727e-02	6.234736e+00
5.300000e-06	-2.727902e-02	6.212053e+00
5.310000e-06	-2.677493e-02	6.158874e+00
5.320000e-06	-2.583745e-02	6.127263e+00
5.330000e-06	-2.572942e-02	6.013659e+00
5.340000e-06	-2.449691e-02	6.011051e+00
5.350000e-06	-2.291439e-02	5.948396e+00
5.360000e-06	-2.210356e-02	5.866235e+00
5.370000e-06	-2.164013e-02	5.730379e+00
5.380000e-06	-2.009065e-02	5.636211e+00
5.390000e-06	-1.876868e-02	5.611530e+00
5.400000e-06	-1.801252e-02	5.548351e+00
5.410000e-06	-1.734503e-02	5.446641e+00
5.420000e-06	-1.712441e-02	5.392003e+00
5.430000e-06	-1.627115e-02	5.299324e+00
5.440000e-06	-1.531415e-02	5.263761e+00
5.450000e-06	-1.495869e-02	5.171375e+00
5.460000e-06	-1.477696e-02	5.067642e+00
5.470000e-06	-1.304466e-02	4.919925e+00
5.480000e-06	-1.354594e-02	4.833634e+00
5.490000e-06	-1.289487e-02	4.780505e+00
5.500000e-06	-1.179212e-02	4.708268e+00
5.510000e-06	-1.194679e-02	4.624553e+00
5.520000e-06	-1.129048e-02	4.560374e+00
5.530000e-06	-1.216458e-02	4.463111e+00
5.540000e-06	-1.234334e-02	4.390501e+00
5.550000e-06	-1.136379e-02	4.317893e+00
5.560000e-06	-1.045399e-02	4.213560e+00
5.570000e-06	-9.699806e-03	4.056295e+00
5.580000e-06	-9.265343e-03	3.981001e+00
5.590000e-06	-9.188757e-03	3.908771e+00
5.600000e-06	-9.079544e-03	3.823482e+00
5.610000e-06	-9.492399e-03	3.738896e+00
5.620000e-06	-9.841067e-03	3.635636e+00
5.630000e-06	-9.541650e-03	3.589451e+00
5.640000e-06	-8.658439e-03	3.527716e+00
5.650000e-06	-8.951770e-03	3.371899e+00
5.660000e-06	-7.901282e-03	3.215132e+00
5.670000e-06	-6.901606e-03	3.178976e+00
5.680000e-06	-8.010517e-03	3.067166e+00
5.690000e-06	-8.029933e-03	2.999975e+00
5.700000e-06	-8.135910e-03	2.836235e+00
5.710000e-06	-6.717747e-03	2.800453e+00
5.720000e-06	-6.614542e-03	2.758295e+00
5.730000e-06	-7.758107e-03	2.591503e+00
5.740000e-06	-7.566263e-03	2.442705e+00
5.750000e-06	-6.630588e-03	2.349797e+00
5.760000e-06	-5.592852e-03	2.223112e+00
5.770000e-06	-6.632186e-03	2.180869e+00
5.780000e-06	-6.585335e-03	2.044162e+00
5.790000e-06	-6.034205e-03	1.989899e+00
5.800000e-06	-5.409301e-03	1.816193e+00
5.810000e-06	-5.468869e-03	1.750446e+00
5.820000e-06	-6.987211e-03	1.633086e+00
5.830000e-06	-6.142815e-03	1.588420e+00
5.840000e-06	-5.845330e-03	1.400578e+00
5.850000e-06	-4.722579e-03	1.318192e+00
5.860000e-06	-4.902845e-03	1.222557e+00
5.870000e-06	-5.376930e-03	1.116644e+00
5.880000e-06	-5.780087e-03	9.302475e-01
5.890000e-06	-3.610649e-03	8.320768e-01
5.900000e-06	-3.471017e-03	7.188435e-01
5.910000e-06	-4.704899e-03	6.350594e-01
5.920000e-06	-7.017058e-03	5.093150e-01
5.930000e-06	-6.026004e-03	4.130541e-01
5.940000e-06	-4.010090e-03	3.987974e-01
5.950000e-06	-3.425378e-03	2.250743e-01
5.960000e-06	-5.799330e-03	5.565946e-02
5.970000e-06	-4.266483e-03	-3.108000e-02
5.980000e-06	-2.590415e-03	-1.363642e-01
5.990000e-06	1.300052e-03	-2.595512e-01
6.000000e-06	2.373114e-03	-3.042892e-01
6.010000e-06	-2.315857e-03	-4.189486e-01
6.020000e-06	-2.535312e-04	-5.122603e-01
6.030000e-06	-3.171011e-04	-6.391771e-01
6.040000e-06	6.516953e-04	-7.674446e-01
6.050000e-06	9.555514e-03	-8.310261e-01
6.060000e-06	6.505108e-02	-9.338105e-01
6.070000e-06	1.731858e-02	-1.049783e+00
6.080000e-06	-6.059022e-02	-1.311230e+00
6.090000e-06	-9.898302e-02	-1.474659e+00
6.100000e-06	9.974325e-02	-1.482633e+00
6.110000e-06	5.808236e-02	-1.541689e+00
6.120000e-06	-1.488324e-01	-1.711736e+00
6.130000e-06	2.259741e-02	-1.828501e+00
6.140000e-06	1.517429e-01	-1.780525e+00
6.150000e-06	-1.301424e-01	-1.974318e+00
6.160000e-06	-7.380936e-02	-2.092259e+00
6.170000e-06	1.713223e-01	-2.074836e+00
6.180000e-06	-6.718755e-02	-2.320205e+00
6.190000e-06	-1.094654e-01	-2.441080e+00
6.200000e-06	1.643467e-01	-2.451683e+00
6.210000e-06	-3.746702e-02	-2.626546e+00
6.220000e-06	-5.618501e-02	-2.755338e+00
6.230000e-06	9.553222e-02	-2.798997e+00
6.240000e-06	-8.893502e-02	-2.892259e+00
6.250000e-06	1.291403e-02	-3.051126e+00
6.260000e-06	6.120693e-02	-3.134762e+00
6.270000e-06	-8.308305e-02	-3.247151e+00
6.280000e-06	6.022113e-02	-3.296743e+00
6.290000e-06	2.538879e-02	-3.368074e+00
6.300000e-06	-7.786918e-02	-3.511766e+00
6.310000e-06	8.102530e-02	-3.579024e+00
6.320000e-06	-2.702647e-02	-3.650156e+00
6.330000e-06	-4.862903e-02	-3.807443e+00
6.340000e-06	7.356175e-02	-3.879892e+00
6.350000e-06	-2.235884e-02	-3.999027e+00
6.360000e-06	5.585006e-03	-4.063237e+00
6.370000e-06	8.607654e-03	-4.186895e+00
6.380000e-06	-2.217634e-02	-4.271682e+00
6.390000e-06	3.583291e-02	-4.346291e+00
6.400000e-06	-2.050716e-02	-4.419049e+00
6.410000e-06	7.584914e-03	-4.464663e+00
6.420000e-06	7.938902e-03	-4.557499e+00
6.430000e-06	-7.832988e-03	-4.722740e+00
6.440000e-06	3.141448e-02	-4.696268e+00
6.450000e-06	-1.943763e-02	-4.880158e+00
6.460000e-06	-1.450118e-04	-4.956448e+00
6.470000e-06	1.291272e-02	-4.999050e+00
6.480000e-06	-1.230114e-02	-5.144266e+00
6.490000e-06	3.051533e-02	-5.179051e+00
6.500000e-06	-1.375890e-02	-5.271735e+00
6.510000e-06	9.709615e-05	-5.376421e+00
6.520000e-06	2.020701e-02	-5.495188e+00
6.530000e-06	-8.495020e-03	-5.586447e+00
6.540000e-06	1.809848e-02	-5.621030e+00
6.550000e-06	-1.585301e-02	-5.683166e+00
6.560000e-06	7.850482e-03	-5.786923e+00
6.570000e-06	1.174058e-02	-5.830059e+00
6.580000e-06	-6.469529e-04	-5.943787e+00
6.590000e-06	1.344627e-02	-5.955871e+00
6.600000e-06	-9.827579e-03	-6.019551e+00
6.610000e-06	1.267281e-02	-6.061010e+00
6.620000e-06	5.837804e-03	-6.103817e+00
6.630000e-06	1.244177e-03	-6.249183e+00
6.640000e-06	6.579911e-03	-6.285369e+00
6.650000e-06	-3.256646e-03	-6.376446e+00
6.660000e-06	1.402934e-02	-6.420131e+00
6.670000e-06	6.179645e-03	-6.481163e+00
6.680000e-06	3.168268e-03	-6.504766e+00
6.690000e-06	2.394103e-03	-6.576998e+00
6.700000e-06	2.242238e-03	-6.609455e+00
6.710000e-06	1.123284e-02	-6.641264e+00
6.720000e-06	6.009318e-03	-6.724794e+00
6.730000e-06	2.406155e-03	-6.776395e+00
6.740000e-06	6.568986e-03	-6.800050e+00
6.750000e-06	5.852179e-03	-6.800055e+00
6.760000e-06	1.280730e-02	-6.811712e+00
6.770000e-06	1.308800e-03	-6.884764e+00
6.780000e-06	5.155825e-03	-6.979451e+00
6.790000e-06	2.913691e-03	-7.020284e+00
6.800000e-06	9.910322e-03	-7.092767e+00
6.810000e-06	9.245480e-03	-7.155344e+00
6.820000e-06	4.108508e-03	-7.169397e+00
6.830000e-06	7.746462e-03	-7.178951e+00
6.840000e-06	5.050539e-03	-7.209000e+00
6.850000e-06	1.156256e-02	-7.201054e+00
6.860000e-06	4.357690e-03	-7.260583e+00
6.870000e-06	3.868569e-03	-7.254238e+00
6.880000e-06	4.501371e-03	-7.273190e+00
6.890000e-06	1.058040e-02	-7.314316e+00
6.900000e-06	9.267740e-03	-7.336871e+00
6.910000e-06	7.575757e-03	-7.308892e+00
6.920000e-06	7.103874e-03	-7.368474e+00
6.930000e-06	8.931337e-03	-7.368476e+00
6.940000e-06	1.038118e-02	-7.398980e+00
6.950000e-06	7.789495e-03	-7.409504e+00
6.960000e-06	5.317887e-03	-7.409031e+00
6.970000e-06	8.369976e-03	-7.440104e+00
6.980000e-06	1.111647e-02	-7.431107e+00
6.990000e-06	1.163234e-02	-7.431562e+00
7.000000e-06	1.010184e-02	-7.422633e+00
7.010000e-06	9.345399e-03	-7.422133e+00
7.020000e-06	1.146162e-02	-7.412108e+00
7.030000e-06	1.129061e-02	-7.431183e+00
7.040000e-06	9.638539e-03	-7.454134e+00
7.050000e-06	8.644513e-03	-7.422584e+00
7.060000e-06	1.012481e-02	-7.433108e+00
7.070000e-06	1.290583e-02	-7.401134e+00
7.080000e-06	1.287435e-02	-7.431058e+00
7.090000e-06	1.283835e-02	-7.390531e+00
7.100000e-06	1.230623e-02	-7.389555e+00
7.110000e-06	1.496591e-02	-7.367953e+00
7.120000e-06	1.470035e-02	-7.368978e+00
7.130000e-06	1.403093e-02	-7.317923e+00
7.140000e-06	1.266108e-02	-7.358420e+00
7.150000e-06	1.429253e-02	-7.316270e+00
7.160000e-06	1.513758e-02	-7.285291e+00
7.170000e-06	1.597938e-02	-7.244238e+00
7.180000e-06	1.583701e-02	-7.242611e+00
7.190000e-06	1.516631e-02	-7.221581e+00
7.200000e-06	1.630499e-02	-7.219504e+00
7.210000e-06	1.842448e-02	-7.191001e+00
7.220000e-06	1.790914e-02	-7.159449e+00
7.230000e-06	1.676490e-02	-7.177869e+00
7.240000e-06	1.830582e-02	-7.085186e+00
7.250000e-06	1.866127e-02	-7.035708e+00
7.260000e-06	1.880199e-02	-6.956950e+00
7.270000e-06	1.975210e-02	-6.904914e+00
7.280000e-06	2.021479e-02	-6.833166e+00
7.290000e-06	2.118676e-02	-6.831583e+00
7.300000e-06	2.188668e-02	-6.820080e+00
7.310000e-06	2.272233e-02	-6.788948e+00
7.320000e-06	2.163532e-02	-6.756894e+00
7.330000e-06	2.262160e-02	-6.645216e+00
7.340000e-06	2.276388e-02	-6.631108e+00
7.350000e-06	2.239248e-02	-6.579455e+00
7.360000e-06	2.260682e-02	-6.537368e+00
7.370000e-06	2.207039e-02	-6.504718e+00
7.380000e-06	2.208427e-02	-6.421186e+00
7.390000e-06	2.165006e-02	-6.399528e+00
7.400000e-06	2.198419e-02	-6.358823e+00
7.410000e-06	1.897772e-02	-6.254268e+00
7.420000e-06	1.972528e-02	-6.200005e+00
7.430000e-06	1.770663e-02	-6.107297e+00
7.440000e-06	1.754377e-02	-6.021612e+00
7.450000e-06	1.630378e-02	-5.960003e+00
7.460000e-06	1.585403e-02	-5.937869e+00
7.470000e-06	1.272197e-02	-5.864587e+00
7.480000e-06	1.233985e-02	-5.801002e+00
7.490000e-06	9.823088e-03	-5.726270e+00
7.500000e-06	1.078497e-02	-5.641187e+00
7.510000e-06	8.735012e-03	-5.610055e+00
7.520000e-06	9.741148e-03	-5.537794e+00
7.530000e-06	8.661728e-03	-5.453038e+00
7.540000e-06	8.788840e-03	-5.308345e+00
7.550000e-06	7.316103e-03	-5.212611e+00
7.560000e-06	5.825393e-03	-5.139454e+00
7.570000e-06	5.085357e-03	-5.053691e+00
7.580000e-06	3.965441e-03	-5.009975e+00
7.590000e-06	4.100955e-03	-4.917615e+00
7.600000e-06	4.161284e-03	-4.706402e+00
7.610000e-06	4.523794e-03	-4.634188e+00
7.620000e-06	3.669250e-03	-4.610524e+00
7.630000e-06	3.879555e-03	-4.486875e+00
7.640000e-06	2.266713e-03	-4.463611e+00
7.650000e-06	2.374237e-03	-4.390000e+00
7.660000e-06	1.732760e-03	-4.314792e+00
7.670000e-06	1.471874e-03	-4.252580e+00
7.680000e-06	6.304033e-04	-4.137826e+00
7.690000e-06	1.634378e-03	-4.033187e+00
7.700000e-06	5.401615e-04	-3.989501e+00
7.710000e-06	2.002668e-03	-3.897291e+00
7.720000e-06	1.916652e-03	-3.778875e+00
7.730000e-06	1.333761e-03	-3.634736e+00
7.740000e-06	1.613411e-04	-3.579451e+00
7.750000e-06	-1.338055e-03	-3.484742e+00
7.760000e-06	-2.262715e-03	-3.410554e+00
7.770000e-06	-9.428580e-04	-3.285242e+00
7.780000e-06	-1.692388e-03	-3.191530e+00
7.790000e-06	-9.868979e-04	-3.127822e+00
7.800000e-06	-1.411593e-03	-2.971008e+00
7.810000e-06	1.847157e-04	-2.842608e+00
7.820000e-06	-1.995333e-03	-2.799951e+00
7.830000e-06	-1.747061e-03	-2.658191e+00
7.840000e-06	-3.659152e-03	-2.581978e+00
7.850000e-06	-3.417660e-03	-2.484792e+00
7.860000e-06	-3.345889e-03	-2.371955e+00
7.870000e-06	-2.464525e-03	-2.338337e+00
7.880000e-06	-3.287846e-03	-2.159929e+00
7.890000e-06	-2.902124e-03	-2.022612e+00
7.900000e-06	-3.925112e-03	-1.968424e+00
7.910000e-06	-1.553910e-03	-1.853711e+00
7.920000e-06	-3.520280e-03	-1.799924e+00
7.930000e-06	-3.796892e-03	-1.614637e+00
7.940000e-06	-5.265357e-03	-1.559946e+00
7.950000e-06	-3.297263e-03	-1.426587e+00
7.960000e-06	-3.945708e-03	-1.317770e+00
7.970000e-06	-4.463345e-03	-1.199928e+00
7.980000e-06	-5.494182e-03	-1.062163e+00
7.990000e-06	-4.708666e-03	-9.898488e-01
8.000000e-06	-4.422528e-03	-8.442056e-01
8.010000e-06	-3.833679e-03	-7.795000e-01
8.020000e-06	-5.245221e-03	-6.851857e-01
8.030000e-06	-5.116742e-03	-4.783439e-01
8.040000e-06	-4.340552e-03	-4.015516e-01
8.050000e-06	-3.575934e-03	-3.273449e-01
8.060000e-06	-5.489608e-03	-2.035843e-01
8.070000e-06	-6.095120e-03	-1.457175e-01
8.080000e-06	-4.405553e-03	-3.350664e-02
8.090000e-06	-4.084870e-04	6.067882e-02
8.100000e-06	-4.153837e-04	1.874960e-01
8.110000e-06	-3.836387e-03	3.528192e-01
8.120000e-06	-2.996828e-03	3.796261e-01
8.130000e-06	-2.332540e-03	4.927841e-01
8.140000e-06	-1.848768e-03	5.885709e-01
8.150000e-06	1.857780e-03	7.132106e-01
8.160000e-06	3.047441e-02	7.894497e-01
8.170000e-06	5.222225e-02	9.343692e-01
8.180000e-06	-2.441099e-02	1.186915e+00
8.190000e-06	-8.565590e-02	1.252658e+00
8.200000e-06	-7.194708e-02	1.306369e+00
8.210000e-06	1.238529e-01	1.400052e+00
8.220000e-06	-4.153336e-03	1.619443e+00
8.230000e-06	-1.564597e-01	1.727712e+00
8.240000e-06	1.179227e-01	1.735393e+00
8.250000e-06	5.908260e-02	1.923788e+00
8.260000e-06	-1.364294e-01	1.999500e+00
8.270000e-06	2.053680e-02	2.031575e+00
8.280000e-06	8.166750e-02	2.155366e+00
8.290000e-06	-1.351153e-01	2.354738e+00
8.300000e-06	9.182033e-03	2.355845e+00
8.310000e-06	1.089579e-01	2.441183e+00
8.320000e-06	-7.380045e-02	2.578566e+00
8.330000e-06	-8.635252e-03	2.710213e+00
8.340000e-06	3.261213e-02	2.819975e+00
8.350000e-06	-5.730123e-02	2.884762e+00
8.360000e-06	1.612489e-02	2.967946e+00
8.370000e-06	8.276525e-03	3.083709e+00
8.380000e-06	-4.385161e-02	3.197449e+00
8.390000e-06	4.451922e-02	3.251078e+00
8.400000e-06	-2.030313e-02	3.376920e+00
8.410000e-06	-1.478274e-02	3.452682e+00
8.420000e-06	1.443945e-02	3.586947e+00
8.430000e-06	-3.417058e-02	3.662733e+00
8.440000e-06	-1.927904e-02	3.737418e+00
8.450000e-06	2.989346e-02	3.852029e+00
8.460000e-06	-3.272785e-03	3.925371e+00
8.470000e-06	-2.500825e-02	4.041502e+00
8.480000e-06	7.703940e-04	4.084312e+00
8.490000e-06	-4.748298e-03	4.202030e+00
8.500000e-06	-5.146313e-03	4.334367e+00
8.510000e-06	-1.048134e-02	4.402051e+00
8.520000e-06	-7.579714e-03	4.514836e+00
8.530000e-06	-1.946601e-02	4.577997e+00
8.540000e-06	1.686194e-02	4.672683e+00
8.550000e-06	-8.912288e-04	4.756923e+00
8.560000e-06	-2.136613e-02	4.841030e+00
8.570000e-06	-9.884394e-03	4.903841e+00
8.580000e-06	-7.764420e-03	5.022154e+00
8.590000e-06	3.639955e-04	5.186971e+00
8.600000e-06	-8.800323e-03	5.242105e+00
8.610000e-06	-1.271597e-02	5.316362e+00
8.620000e-06	-1.090868e-02	5.390049e+00
8.630000e-06	2.955552e-03	5.462712e+00
8.640000e-06	-1.904608e-03	5.515871e+00
8.650000e-06	-1.544903e-02	5.580025e+00
8.660000e-06	-1.714960e-02	5.692607e+00
8.670000e-06	-6.229802e-03	5.696817e+00
8.680000e-06	-9.258525e-04	5.861106e+00
8.690000e-06	-8.095818e-03	5.965316e+00
8.700000e-06	-1.324446e-02	5.977997e+00
8.710000e-06	-1.267178e-02	6.032033e+00
8.720000e-06	-2.231879e-03	6.053267e+00
8.730000e-06	-6.904318e-03	6.136867e+00
8.740000e-06	-1.171100e-02	6.197527e+00
8.750000e-06	-1.454223e-02	6.221232e+00
8.760000e-06	-8.173696e-03	6.324766e+00
8.770000e-06	-3.420233e-03	6.337895e+00
8.780000e-06	-9.558078e-03	6.389526e+00
8.790000e-06	-1.371205e-02	6.410604e+00
8.800000e-06	-1.548715e-02	6.513741e+00
8.810000e-06	-5.310307e-03	6.609449e+00
8.820000e-06	-5.932478e-03	6.663658e+00
8.830000e-06	-1.099685e-02	6.653265e+00
8.840000e-06	-1.476386e-02	6.775774e+00
8.850000e-06	-1.107458e-02	6.788998e+00
8.860000e-06	-7.312387e-03	6.810553e+00
8.870000e-06	-1.138875e-02	6.841133e+00
8.880000e-06	-1.516605e-02	6.872663e+00
8.890000e-06	-1.691288e-02	6.914791e+00
8.900000e-06	-8.268814e-03	6.949896e+00
8.910000e-06	-6.693637e-03	6.989526e+00
8.920000e-06	-1.075986e-02	7.002529e+00
8.930000e-06	-1.608968e-02	7.052232e+00
8.940000e-06	-1.372209e-02	7.074688e+00
8.950000e-06	-1.000153e-02	7.076267e+00
8.960000e-06	-1.033618e-02	7.125921e+00
8.970000e-06	-1.496552e-02	7.178973e+00
8.980000e-06	-1.716865e-02	7.188480e+00
8.990000e-06	-1.187093e-02	7.200029e+00
9.000000e-06	-1.054060e-02	7.190580e+00
9.010000e-06	-1.243177e-02	7.222053e+00
9.020000e-06	-1.736264e-02	7.212157e+00
9.030000e-06	-1.604247e-02	7.252662e+00
9.040000e-06	-1.207139e-02	7.233211e+00
9.050000e-06	-1.180110e-02	7.234187e+00
9.060000e-06	-1.607072e-02	7.284689e+00
9.070000e-06	-1.929511e-02	7.304765e+00
9.080000e-06	-1.545483e-02	7.317717e+00
9.090000e-06	-1.348514e-02	7.316344e+00
9.100000e-06	-1.394565e-02	7.287341e+00
9.110000e-06	-1.836005e-02	7.336297e+00
9.120000e-06	-1.805589e-02	7.318821e+00
9.130000e-06	-1.510742e-02	7.335875e+00
9.140000e-06	-1.416670e-02	7.314871e+00
9.150000e-06	-1.848225e-02	7.286321e+00
9.160000e-06	-2.078758e-02	7.336247e+00
9.170000e-06	-1.914427e-02	7.276271e+00
9.180000e-06	-1.752210e-02	7.275846e+00
9.190000e-06	-1.841213e-02	7.254267e+00
9.200000e-06	-2.126182e-02	7.254165e+00
9.210000e-06	-2.127161e-02	7.252183e+00
9.220000e-06	-2.046147e-02	7.212584e+00
9.230000e-06	-1.827235e-02	7.222131e+00
9.240000e-06	-1.987296e-02	7.190086e+00
9.250000e-06	-2.435998e-02	7.190473e+00
9.260000e-06	-2.297375e-02	7.189453e+00
9.270000e-06	-1.969117e-02	7.138421e+00
9.280000e-06	-1.982333e-02	7.136469e+00
9.290000e-06	-2.363193e-02	7.087816e+00
9.300000e-06	-2.571725e-02	7.046193e+00
9.310000e-06	-2.461079e-02	7.024662e+00
9.320000e-06	-2.094808e-02	7.014030e+00
9.330000e-06	-2.414199e-02	6.979503e+00
9.340000e-06	-2.630946e-02	6.959449e+00
9.350000e-06	-2.814233e-02	6.937791e+00
9.360000e-06	-2.630879e-02	6.865666e+00
9.370000e-06	-2.494510e-02	6.832129e+00
9.380000e-06	-2.870160e-02	6.810579e+00
9.390000e-06	-2.863984e-02	6.779976e+00
9.400000e-06	-2.882253e-02	6.778871e+00
9.410000e-06	-2.508081e-02	6.716272e+00
9.420000e-06	-2.931371e-02	6.603989e+00
9.430000e-06	-3.101719e-02	6.608976e+00
9.440000e-06	-3.462494e-02	6.466268e+00
9.450000e-06	-3.060847e-02	6.454131e+00
9.460000e-06	-2.886467e-02	6.412003e+00
9.470000e-06	-2.850254e-02	6.379898e+00
9.480000e-06	-2.931212e-02	6.337892e+00
9.490000e-06	-2.863420e-02	6.284662e+00
9.500000e-06	-2.641028e-02	6.201082e+00
9.510000e-06	-2.863374e-02	6.179450e+00
9.520000e-06	-2.953424e-02	6.088216e+00
9.530000e-06	-2.852438e-02	6.034609e+00
9.540000e-06	-2.352609e-02	6.001001e+00
9.550000e-06	-2.056303e-02	5.937371e+00
9.560000e-06	-1.877423e-02	5.877216e+00
9.570000e-06	-2.143580e-02	5.768846e+00
9.580000e-06	-2.128217e-02	5.654688e+00
9.590000e-06	-2.006125e-02	5.611005e+00
9.600000e-06	-1.930760e-02	5.539397e+00
9.610000e-06	-1.920314e-02	5.496166e+00
9.620000e-06	-1.990864e-02	5.431979e+00
9.630000e-06	-1.492060e-02	5.337821e+00
9.640000e-06	-1.268474e-02	5.274687e+00
9.650000e-06	-1.113850e-02	5.169926e+00
9.660000e-06	-1.611060e-02	5.025667e+00
9.670000e-06	-1.656137e-02	4.949350e+00
9.680000e-06	-1.507335e-02	4.833166e+00
9.690000e-06	-1.277698e-02	4.778954e+00
9.700000e-06	-1.229455e-02	4.706790e+00
9.710000e-06	-1.238798e-02	4.602487e+00
9.720000e-06	-1.074406e-02	4.568795e+00
9.730000e-06	-9.157228e-03	4.423187e+00
9.740000e-06	-9.198509e-03	4.410504e+00
9.750000e-06	-1.199487e-02	4.330396e+00
9.760000e-06	-1.324246e-02	4.264154e+00
9.770000e-06	-1.161903e-02	4.077191e+00
9.780000e-06	-1.004489e-02	3.990480e+00
9.790000e-06	-9.542185e-03	3.918842e+00
9.800000e-06	-9.321428e-03	3.823093e+00
9.810000e-06	-8.664617e-03	3.729877e+00
9.820000e-06	-7.849301e-03	3.635611e+00
9.830000e-06	-8.363256e-03	3.589502e+00
9.840000e-06	-9.670999e-03	3.546819e+00
9.850000e-06	-8.921280e-03	3.373951e+00
9.860000e-06	-8.726763e-03	3.253587e+00
9.870000e-06	-7.712245e-03	3.169900e+00
9.880000e-06	-7.830262e-03	3.076691e+00
9.890000e-06	-7.110948e-03	2.970954e+00
9.900000e-06	-7.059287e-03	2.905716e+00
9.910000e-06	-6.655200e-03	2.812003e+00
9.920000e-06	-6.554800e-03	2.699845e+00
9.930000e-06	-6.951394e-03	2.582401e+00
9.940000e-06	-7.042117e-03	2.465155e+00
9.950000e-06	-6.499221e-03	2.360294e+00
9.960000e-06	-6.336907e-03	2.265637e+00
9.970000e-06	-5.950848e-03	2.168423e+00
9.980000e-06	-6.635423e-03	2.033609e+00
9.990000e-06	-6.948441e-03	1.998926e+00
1.000000e-05	-5.191435e-03	1.906719e+00
1.001000e-05	-6.019405e-03	1.720898e+00
1.002000e-05	-6.283428e-03	1.683737e+00
1.003000e-05	-5.380159e-03	1.530849e+00
1.004000e-05	-4.026823e-03	1.414085e+00
1.005000e-05	-5.343763e-03	1.318917e+00
1.006000e-05	-6.582131e-03	1.233479e+00
1.007000e-05	-5.056566e-03	1.107245e+00
1.008000e-05	-4.578459e-03	9.208951e-01
1.009000e-05	-4.578486e-03	8.230315e-01
1.010000e-05	-5.952913e-03	7.683998e-01
1.011000e-05	-5.645807e-03	6.340830e-01
1.012000e-05	-4.947377e-03	4.877913e-01
1.013000e-05	-3.218484e-03	4.136303e-01
1.014000e-05	-4.332823e-03	3.188451e-01
1.015000e-05	-4.709439e-03	2.351043e-01
1.016000e-05	-4.622748e-03	5.526190e-02
1.017000e-05	-2.746752e-03	-2.007750e-02
1.018000e-05	-2.092145e-03	-1.043630e-01
1.019000e-05	-7.558494e-04	-2.401026e-01
1.020000e-05	2.254595e-04	-3.438168e-01
1.021000e-05	-1.106707e-03	-4.079512e-01
1.022000e-05	1.247907e-03	-4.526601e-01
1.023000e-05	-3.171597e-04	-6.500536e-01
1.024000e-05	-3.165189e-04	-7.749184e-01
1.025000e-05	9.007031e-03	-8.106276e-01
1.026000e-05	6.425199e-02	-9.342856e-01
1.027000e-05	2.403428e-02	-1.060729e+00
1.028000e-05	-6.156338e-02	-1.301210e+00
1.029000e-05	-1.035633e-01	-1.472604e+00
1.030000e-05	8.781517e-02	-1.455537e+00
1.031000e-05	7.044589e-02	-1.471809e+00
1.032000e-05	-1.386420e-01	-1.698763e+00
1.033000e-05	6.823942e-04	-1.768477e+00
1.034000e-05	1.627860e-01	-1.789525e+00
1.035000e-05	-1.173881e-01	-1.932739e+00
1.036000e-05	-8.967681e-02	-2.033628e+00
1.037000e-05	1.722194e-01	-2.086793e+00
1.038000e-05	-5.457320e-02	-2.290678e+00
1.039000e-05	-1.203722e-01	-2.438580e+00
1.040000e-05	1.628624e-01	-2.432230e+00
1.041000e-05	-2.631773e-02	-2.607551e+00
1.042000e-05	-6.627501e-02	-2.755369e+00
1.043000e-05	9.705303e-02	-2.778450e+00
1.044000e-05	-8.300100e-02	-2.912684e+00
1.045000e-05	4.817409e-03	-3.031057e+00
1.046000e-05	6.694728e-02	-3.114841e+00
1.047000e-05	-8.142493e-02	-3.239131e+00
1.048000e-05	5.068161e-02	-3.325816e+00
1.049000e-05	3.706773e-02	-3.377347e+00
1.050000e-05	-8.240730e-02	-3.524786e+00
1.051000e-05	7.609767e-02	-3.567974e+00
1.052000e-05	-1.772639e-02	-3.610555e+00
1.053000e-05	-5.609495e-02	-3.806501e+00
1.054000e-05	7.468569e-02	-3.932760e+00
1.055000e-05	-1.881670e-02	-4.027974e+00
1.056000e-05	2.926256e-03	-4.063739e+00
1.057000e-05	1.082379e-02	-4.176545e+00
1.058000e-05	-2.359769e-02	-4.271659e+00
1.059000e-05	3.375960e-02	-4.324393e+00
1.060000e-05	-1.752841e-02	-4.398449e+00
1.061000e-05	3.290294e-03	-4.464212e+00
1.062000e-05	1.071994e-02	-4.594951e+00
1.063000e-05	-7.906279e-03	-4.703687e+00
1.064000e-05	3.229685e-02	-4.745421e+00
1.065000e-05	-1.593057e-02	-4.820657e+00
1.066000e-05	-2.187020e-03	-4.974796e+00
1.067000e-05	1.682997e-02	-5.010049e+00
1.068000e-05	-1.557405e-02	-5.093291e+00
1.069000e-05	2.978712e-02	-5.166426e+00
1.070000e-05	-1.164299e-02	-5.250734e+00
1.071000e-05	-1.743133e-03	-5.396926e+00
1.072000e-05	2.136280e-02	-5.500763e+00
1.073000e-05	-8.652764e-03	-5.587948e+00
1.074000e-05	1.858514e-02	-5.619656e+00
1.075000e-05	-1.353857e-02	-5.683838e+00
1.076000e-05	6.049401e-03	-5.787371e+00
1.077000e-05	1.213442e-02	-5.839107e+00
1.078000e-05	-1.864139e-03	-5.913240e+00
1.079000e-05	1.341517e-02	-5.926921e+00
1.080000e-05	-9.152622e-03	-6.019499e+00
1.081000e-05	1.156553e-02	-6.031483e+00
1.082000e-05	6.086310e-03	-6.166345e+00
1.083000e-05	2.902639e-04	-6.250135e+00
1.084000e-05	8.596632e-03	-6.314816e+00
1.085000e-05	-1.873992e-03	-6.356948e+00
1.086000e-05	1.327710e-02	-6.431103e+00
1.087000e-05	5.489532e-03	-6.463635e+00
1.088000e-05	2.609579e-03	-6.545821e+00
1.089000e-05	2.732970e-03	-6.587871e+00
1.090000e-05	3.885107e-04	-6.600129e+00
1.091000e-05	1.190110e-02	-6.661159e+00
1.092000e-05	4.316947e-03	-6.755366e+00
1.093000e-05	4.948228e-03	-6.756947e+00
1.094000e-05	5.693592e-03	-6.808524e+00
1.095000e-05	5.874347e-03	-6.840551e+00
1.096000e-05	9.554926e-03	-6.851135e+00
1.097000e-05	2.518647e-03	-6.934745e+00
1.098000e-05	4.782621e-03	-6.957974e+00
1.099000e-05	4.171260e-03	-7.019687e+00
1.100000e-05	9.677186e-03	-7.124742e+00
1.101000e-05	8.389852e-03	-7.156820e+00
1.102000e-05	3.321954e-03	-7.167448e+00
1.103000e-05	6.136883e-03	-7.180501e+00
1.104000e-05	5.439881e-03	-7.220030e+00
1.105000e-05	1.045103e-02	-7.241581e+00
1.106000e-05	7.735533e-03	-7.202109e+00
1.107000e-05	5.114007e-03	-7.272712e+00
1.108000e-05	7.449187e-03	-7.293712e+00
1.109000e-05	8.336034e-03	-7.354767e+00
1.110000e-05	8.884744e-03	-7.356793e+00
1.111000e-05	4.813641e-03	-7.317446e+00
1.112000e-05	6.796837e-03	-7.388476e+00
1.113000e-05	8.829486e-03	-7.368475e+00
1.114000e-05	1.188021e-02	-7.399103e+00
1.115000e-05	9.140715e-03	-7.410003e+00
1.116000e-05	6.183317e-03	-7.410576e+00
1.117000e-05	7.757887e-03	-7.410509e+00
1.118000e-05	1.151766e-02	-7.422584e+00
1.119000e-05	1.092903e-02	-7.462580e+00
1.120000e-05	8.436612e-03	-7.421556e+00
1.121000e-05	8.116767e-03	-7.451587e+00
1.122000e-05	9.773279e-03	-7.441606e+00
1.123000e-05	1.257441e-02	-7.442684e+00
1.124000e-05	1.091721e-02	-7.441137e+00
1.125000e-05	1.019722e-02	-7.433032e+00
1.126000e-05	1.124702e-02	-7.472185e+00
1.127000e-05	1.357569e-02	-7.442054e+00
1.128000e-05	1.426933e-02	-7.420055e+00
1.129000e-05	1.237786e-02	-7.391030e+00
1.130000e-05	1.066771e-02	-7.391055e+00
1.131000e-05	1.253096e-02	-7.368401e+00
1.132000e-05	1.518814e-02	-7.378950e+00
1.133000e-05	1.506958e-02	-7.376421e+00
1.134000e-05	1.386969e-02	-7.318321e+00
1.135000e-05	1.362436e-02	-7.306319e+00
1.136000e-05	1.596768e-02	-7.264763e+00
1.137000e-05	1.704655e-02	-7.272710e+00
1.138000e-05	1.631970e-02	-7.233686e+00
1.139000e-05	1.485384e-02	-7.212037e+00
1.140000e-05	1.611487e-02	-7.210029e+00
1.141000e-05	1.831604e-02	-7.170500e+00
1.142000e-05	1.788242e-02	-7.179423e+00
1.143000e-05	1.745448e-02	-7.067369e+00
1.144000e-05	1.701839e-02	-7.132269e+00
1.145000e-05	1.930111e-02	-7.041109e+00
1.146000e-05	1.978511e-02	-6.958578e+00
1.147000e-05	1.967142e-02	-6.926192e+00
1.148000e-05	1.965053e-02	-6.874184e+00
1.149000e-05	2.023599e-02	-6.811063e+00
1.150000e-05	2.224882e-02	-6.809504e+00
1.151000e-05	2.140249e-02	-6.789000e+00
1.152000e-05	2.172538e-02	-6.717969e+00
1.153000e-05	2.116648e-02	-6.696168e+00
1.154000e-05	2.338065e-02	-6.613688e+00
1.155000e-05	2.302382e-02	-6.589983e+00
1.156000e-05	2.351482e-02	-6.568867e+00
1.157000e-05	2.089700e-02	-6.495290e+00
1.158000e-05	2.270546e-02	-6.422084e+00
1.159000e-05	2.190446e-02	-6.389025e+00
1.160000e-05	2.238598e-02	-6.387900e+00
1.161000e-05	1.771538e-02	-6.256735e+00
1.162000e-05	1.828209e-02	-6.172029e+00
1.163000e-05	1.685400e-02	-6.116795e+00
1.164000e-05	1.806927e-02	-6.051109e+00
1.165000e-05	1.513637e-02	-5.999504e+00
1.166000e-05	1.559966e-02	-5.948372e+00
1.167000e-05	1.256846e-02	-5.905686e+00
1.168000e-05	1.461220e-02	-5.821007e+00
1.169000e-05	1.076306e-02	-5.737374e+00
1.170000e-05	9.615120e-03	-5.622613e+00
1.171000e-05	8.021914e-03	-5.610055e+00
1.172000e-05	8.742390e-03	-5.549345e+00
1.173000e-05	9.532921e-03	-5.433089e+00
1.174000e-05	8.650529e-03	-5.308820e+00
1.175000e-05	7.383881e-03	-5.230630e+00
1.176000e-05	7.096966e-03	-5.138921e+00
1.177000e-05	6.402058e-03	-5.072662e+00
1.178000e-05	4.719841e-03	-5.000973e+00
1.179000e-05	2.979402e-03	-4.846645e+00
1.180000e-05	1.788467e-03	-4.782402e+00
1.181000e-05	3.679899e-03	-4.651717e+00
1.182000e-05	4.339968e-03	-4.621529e+00
1.183000e-05	4.334910e-03	-4.508446e+00
1.184000e-05	3.202292e-03	-4.443634e+00
1.185000e-05	4.285533e-03	-4.400008e+00
1.186000e-05	2.892623e-03	-4.336895e+00
1.187000e-05	2.023861e-03	-4.224133e+00
1.188000e-05	-3.375178e-04	-4.189452e+00
1.189000e-05	-4.607495e-04	-4.044712e+00
1.190000e-05	6.488523e-04	-3.999004e+00
1.191000e-05	2.431514e-03	-3.907289e+00
1.192000e-05	1.487053e-03	-3.739404e+00
1.193000e-05	1.416292e-03	-3.625137e+00
1.194000e-05	9.879837e-04	-3.608924e+00
1.195000e-05	-5.235801e-04	-3.486213e+00
1.196000e-05	-7.836109e-04	-3.421905e+00
1.197000e-05	-2.912857e-03	-3.286317e+00
1.198000e-05	-2.769862e-03	-3.211007e+00
1.199000e-05	-5.879610e-04	-3.138320e+00
1.200000e-05	9.209229e-04	-2.984081e+00
1.201000e-05	1.443784e-04	-2.854211e+00
1.202000e-05	-1.565446e-03	-2.788976e+00
1.203000e-05	-2.790391e-03	-2.656713e+00
1.204000e-05	-2.175688e-03	-2.570028e+00
1.205000e-05	-2.876966e-03	-2.485215e+00
1.206000e-05	-3.181126e-03	-2.371573e+00
1.207000e-05	-3.351621e-03	-2.305270e+00
1.208000e-05	-1.653614e-03	-2.182979e+00
1.209000e-05	-1.773261e-03	-2.021705e+00
1.210000e-05	-3.359044e-03	-1.969422e+00
1.211000e-05	-4.258329e-03	-1.865187e+00
1.212000e-05	-5.893264e-03	-1.759944e+00
1.213000e-05	-4.094502e-03	-1.666658e+00
1.214000e-05	-4.595998e-03	-1.589003e+00
1.215000e-05	-4.100487e-03	-1.483792e+00
1.216000e-05	-4.016513e-03	-1.325344e+00
1.217000e-05	-3.910816e-03	-1.181449e+00
1.218000e-05	-3.437962e-03	-1.044641e+00
1.219000e-05	-4.535478e-03	-9.694489e-01
1.220000e-05	-5.319282e-03	-8.656355e-01
1.221000e-05	-6.351379e-03	-8.008776e-01
1.222000e-05	-5.383460e-03	-7.256909e-01
1.223000e-05	-5.558945e-03	-5.187212e-01
1.224000e-05	-4.763258e-03	-4.120544e-01
1.225000e-05	-5.122647e-03	-3.668448e-01
1.226000e-05	-5.389436e-03	-2.406330e-01
1.227000e-05	-5.172496e-03	-1.078197e-01
1.228000e-05	-4.110421e-03	-5.275721e-05
1.229000e-05	-2.144414e-03	4.207633e-02
1.230000e-05	-1.164300e-03	1.769732e-01
1.231000e-05	-3.373554e-03	3.363404e-01
1.232000e-05	-8.938171e-04	4.305750e-01
1.233000e-05	-3.033378e-03	5.017615e-01
1.234000e-05	-3.873661e-03	5.995447e-01
1.235000e-05	7.362245e-04	7.352092e-01
1.236000e-05	3.104167e-02	8.384497e-01
1.237000e-05	5.564773e-02	9.053594e-01
1.238000e-05	-2.095043e-02	1.194793e+00
1.239000e-05	-8.249530e-02	1.262079e+00
1.240000e-05	-7.876231e-02	1.315239e+00
1.241000e-05	1.217171e-01	1.398525e+00
1.242000e-05	5.429074e-03	1.586952e+00
1.243000e-05	-1.615862e-01	1.693265e+00
1.244000e-05	1.006809e-01	1.757393e+00
1.245000e-05	7.460474e-02	1.902288e+00
1.246000e-05	-1.316557e-01	2.009475e+00
1.247000e-05	7.175321e-03	2.011553e+00
1.248000e-05	9.430901e-02	2.145337e+00
1.249000e-05	-1.302361e-01	2.283630e+00
1.250000e-05	-4.871708e-03	2.358865e+00
1.251000e-05	1.159217e-01	2.450603e+00
1.252000e-05	-7.171921e-02	2.587371e+00
1.253000e-05	-1.791891e-02	2.654229e+00
1.254000e-05	4.056839e-02	2.798547e+00
1.255000e-05	-5.679025e-02	2.873713e+00
1.256000e-05	1.683151e-02	2.998346e+00
1.257000e-05	1.084006e-02	3.062705e+00
1.258000e-05	-4.568820e-02	3.177520e+00
1.259000e-05	4.065580e-02	3.221579e+00
1.260000e-05	-1.768169e-02	3.355794e+00
1.261000e-05	-1.861830e-02	3.471105e+00
1.262000e-05	1.601174e-02	3.597449e+00
1.263000e-05	-2.929139e-02	3.682758e+00
1.264000e-05	-2.170147e-02	3.726863e+00
1.265000e-05	3.111781e-02	3.840627e+00
1.266000e-05	-1.685690e-03	3.945845e+00
1.267000e-05	-2.560629e-02	4.009625e+00
1.268000e-05	-1.108258e-03	4.103183e+00
1.269000e-05	-4.332931e-03	4.170527e+00
1.270000e-05	-4.888046e-03	4.326816e+00
1.271000e-05	-1.004846e-02	4.411001e+00
1.272000e-05	-6.554348e-03	4.514740e+00
1.273000e-05	-2.105066e-02	4.598448e+00
1.274000e-05	1.559300e-02	4.662689e+00
1.275000e-05	-1.887889e-03	4.746893e+00
1.276000e-05	-2.130078e-02	4.821503e+00
1.277000e-05	-1.093657e-02	4.926291e+00
1.278000e-05	-6.627526e-03	5.082633e+00
1.279000e-05	1.364374e-03	5.168995e+00
1.280000e-05	-7.169371e-03	5.239500e+00
1.281000e-05	-1.266829e-02	5.385287e+00
1.282000e-05	-1.293995e-02	5.389525e+00
1.283000e-05	2.427802e-03	5.463159e+00
1.284000e-05	-2.872942e-03	5.556444e+00
1.285000e-05	-1.532197e-02	5.586973e+00
1.286000e-05	-1.811648e-02	5.672605e+00
1.287000e-05	-5.126220e-03	5.715341e+00
1.288000e-05	-2.342405e-04	5.807649e+00
1.289000e-05	-7.068470e-03	5.885344e+00
1.290000e-05	-1.454747e-02	5.969025e+00
1.291000e-05	-1.396064e-02	6.030556e+00
1.292000e-05	-2.547412e-03	6.063260e+00
1.293000e-05	-7.103980e-03	6.138318e+00
1.294000e-05	-1.221988e-02	6.219477e+00
1.295000e-05	-1.519705e-02	6.233106e+00
1.296000e-05	-6.444056e-03	6.294812e+00
1.297000e-05	-2.197718e-03	6.365421e+00
1.298000e-05	-8.734000e-03	6.408500e+00
1.299000e-05	-1.408006e-02	6.431605e+00
1.300000e-05	-1.678648e-02	6.544712e+00
1.301000e-05	-6.799257e-03	6.560401e+00
1.302000e-05	-5.996224e-03	6.613582e+00
1.303000e-05	-1.171679e-02	6.715836e+00
1.304000e-05	-1.533335e-02	6.767445e+00
1.305000e-05	-1.128585e-02	6.798477e+00
1.306000e-05	-6.532939e-03	6.821079e+00
1.307000e-05	-1.006622e-02	6.862058e+00
1.308000e-05	-1.448155e-02	6.852233e+00
1.309000e-05	-1.572302e-02	6.926817e+00
1.310000e-05	-8.364733e-03	6.957772e+00
1.311000e-05	-7.836106e-03	7.000554e+00
1.312000e-05	-1.117099e-02	7.012550e+00
1.313000e-05	-1.556009e-02	7.064156e+00
1.314000e-05	-1.364672e-02	7.044134e+00
1.315000e-05	-1.116015e-02	7.114369e+00
1.316000e-05	-9.579935e-03	7.145870e+00
1.317000e-05	-1.344256e-02	7.167950e+00
1.318000e-05	-1.567619e-02	7.199475e+00
1.319000e-05	-1.258485e-02	7.179452e+00
1.320000e-05	-1.235021e-02	7.211078e+00
1.321000e-05	-1.213339e-02	7.211580e+00
1.322000e-05	-1.720523e-02	7.241583e+00
1.323000e-05	-1.583297e-02	7.232581e+00
1.324000e-05	-1.337159e-02	7.251632e+00
1.325000e-05	-1.221589e-02	7.312639e+00
1.326000e-05	-1.503531e-02	7.275763e+00
1.327000e-05	-1.746917e-02	7.275295e+00
1.328000e-05	-1.520269e-02	7.335892e+00
1.329000e-05	-1.325119e-02	7.287252e+00
1.330000e-05	-1.437309e-02	7.288844e+00
1.331000e-05	-1.740174e-02	7.348926e+00
1.332000e-05	-1.845331e-02	7.365920e+00
1.333000e-05	-1.653497e-02	7.327324e+00
1.334000e-05	-1.532474e-02	7.306245e+00
1.335000e-05	-1.771058e-02	7.337827e+00
1.336000e-05	-2.001449e-02	7.307801e+00
1.337000e-05	-1.891152e-02	7.296290e+00
1.338000e-05	-1.757917e-02	7.254697e+00
1.339000e-05	-1.826152e-02	7.296190e+00
1.340000e-05	-2.036783e-02	7.265163e+00
1.341000e-05	-2.098312e-02	7.265138e+00
1.342000e-05	-1.982483e-02	7.243161e+00
1.343000e-05	-1.973831e-02	7.222105e+00
1.344000e-05	-2.155873e-02	7.200525e+00
1.345000e-05	-2.347827e-02	7.202002e+00
1.346000e-05	-2.187992e-02	7.178500e+00
1.347000e-05	-2.042978e-02	7.167949e+00
1.348000e-05	-2.050911e-02	7.156921e+00
1.349000e-05	-2.413953e-02	7.125746e+00
1.350000e-05	-2.446447e-02	7.064216e+00
1.351000e-05	-2.470126e-02	7.034712e+00
1.352000e-05	-2.393443e-02	7.030555e+00
1.353000e-05	-2.403983e-02	6.970001e+00
1.354000e-05	-2.665170e-02	6.919399e+00
1.355000e-05	-2.627843e-02	6.946370e+00
1.356000e-05	-2.562798e-02	6.876237e+00
1.357000e-05	-2.652255e-02	6.833609e+00
1.358000e-05	-2.757411e-02	6.812053e+00
1.359000e-05	-2.902764e-02	6.790924e+00
1.360000e-05	-2.896987e-02	6.758873e+00
1.361000e-05	-2.911796e-02	6.707717e+00
1.362000e-05	-2.898393e-02	6.624662e+00
1.363000e-05	-3.016148e-02	6.560025e+00
1.364000e-05	-3.020354e-02	6.527818e+00
1.365000e-05	-2.993053e-02	6.414111e+00
1.366000e-05	-2.921523e-02	6.411554e+00
1.367000e-05	-2.976590e-02	6.369474e+00
1.368000e-05	-2.952679e-02	6.336819e+00
1.369000e-05	-2.983495e-02	6.265165e+00
1.370000e-05	-2.777144e-02	6.221584e+00
1.371000e-05	-2.718331e-02	6.159426e+00
1.372000e-05	-2.571836e-02	6.097842e+00
1.373000e-05	-2.616773e-02	6.033583e+00
1.374000e-05	-2.436385e-02	6.011005e+00
1.375000e-05	-2.293670e-02	5.968949e+00
1.376000e-05	-2.199692e-02	5.847161e+00
1.377000e-05	-2.167017e-02	5.780478e+00
1.378000e-05	-2.062187e-02	5.642712e+00
1.379000e-05	-1.930977e-02	5.599978e+00
1.380000e-05	-1.781232e-02	5.569321e+00
1.381000e-05	-1.805643e-02	5.483262e+00
1.382000e-05	-1.837483e-02	5.412032e+00
1.383000e-05	-1.703170e-02	5.358372e+00
1.384000e-05	-1.559863e-02	5.266240e+00
1.385000e-05	-1.374427e-02	5.189504e+00
1.386000e-05	-1.363661e-02	5.087318e+00
1.387000e-05	-1.331444e-02	4.938952e+00
1.388000e-05	-1.248000e-02	4.834096e+00
1.389000e-05	-1.161824e-02	4.789979e+00
1.390000e-05	-1.246484e-02	4.697765e+00
1.391000e-05	-1.200499e-02	4.613580e+00
1.392000e-05	-1.232844e-02	4.569450e+00
1.393000e-05	-1.124611e-02	4.455112e+00
1.394000e-05	-1.065844e-02	4.420051e+00
1.395000e-05	-1.099136e-02	4.358396e+00
1.396000e-05	-1.115901e-02	4.216058e+00
1.397000e-05	-1.043203e-02	4.097290e+00
1.398000e-05	-9.033681e-03	3.991527e+00
1.399000e-05	-8.536459e-03	3.887821e+00
1.400000e-05	-9.144287e-03	3.853106e+00
1.401000e-05	-9.092978e-03	3.748947e+00
1.402000e-05	-9.267338e-03	3.673137e+00
1.403000e-05	-8.438826e-03	3.591500e+00
1.404000e-05	-9.069958e-03	3.508266e+00
1.405000e-05	-9.848029e-03	3.341472e+00
1.406000e-05	-8.319646e-03	3.234185e+00
1.407000e-05	-7.346640e-03	3.179900e+00
1.408000e-05	-6.875088e-03	3.105162e+00
1.409000e-05	-8.040099e-03	2.980978e+00
1.410000e-05	-8.378537e-03	2.895241e+00
1.411000e-05	-7.642181e-03	2.821002e+00
1.412000e-05	-6.764189e-03	2.748393e+00
1.413000e-05	-7.451606e-03	2.565654e+00
1.414000e-05	-7.264128e-03	2.433134e+00
1.415000e-05	-7.425158e-03	2.348869e+00
1.416000e-05	-5.792963e-03	2.234608e+00
1.417000e-05	-6.226054e-03	2.198476e+00
1.418000e-05	-6.249956e-03	2.045158e+00
1.419000e-05	-6.885210e-03	2.009477e+00
1.420000e-05	-5.465238e-03	1.875292e+00
1.421000e-05	-5.172960e-03	1.750900e+00
1.422000e-05	-5.459033e-03	1.634157e+00
1.423000e-05	-6.855594e-03	1.571351e+00
1.424000e-05	-5.986712e-03	1.434578e+00
1.425000e-05	-5.773445e-03	1.337320e+00
1.426000e-05	-4.510305e-03	1.201633e+00
1.427000e-05	-6.088261e-03	1.107770e+00
1.428000e-05	-4.883082e-03	9.708489e-01
1.429000e-05	-5.012613e-03	8.235804e-01
1.430000e-05	-4.391366e-03	7.579438e-01
1.431000e-05	-4.965532e-03	6.020594e-01
1.432000e-05	-5.118901e-03	5.278461e-01
1.433000e-05	-4.981726e-03	4.235791e-01
1.434000e-05	-4.238205e-03	3.793488e-01
1.435000e-05	-4.203108e-03	2.555807e-01
1.436000e-05	-5.449430e-03	4.718692e-02
1.437000e-05	-4.140436e-03	-5.002987e-02
1.438000e-05	-2.811407e-03	-9.371422e-02
1.439000e-05	1.096703e-03	-2.300261e-01
1.440000e-05	1.874056e-03	-3.243118e-01
1.441000e-05	-1.569357e-03	-4.084719e-01
1.442000e-05	-4.040000e-04	-4.617813e-01
1.443000e-05	-1.461055e-03	-6.275761e-01
1.444000e-05	-5.559017e-04	-7.838683e-01
1.445000e-05	7.202161e-03	-8.105775e-01
1.446000e-05	6.069110e-02	-9.647604e-01
1.447000e-05	3.133521e-02	-1.090131e+00
1.448000e-05	-5.685329e-02	-1.270707e+00
1.449000e-05	-1.035522e-01	-1.480081e+00
1.450000e-05	7.638045e-02	-1.470661e+00
1.451000e-05	7.808586e-02	-1.473162e+00
1.452000e-05	-1.268585e-01	-1.690731e+00
1.453000e-05	-2.142663e-02	-1.799452e+00
1.454000e-05	1.692059e-01	-1.810998e+00
1.455000e-05	-1.040948e-01	-1.953813e+00
1.456000e-05	-1.041714e-01	-2.051583e+00
1.457000e-05	1.708283e-01	-2.104909e+00
1.458000e-05	-3.945280e-02	-2.209232e+00
1.459000e-05	-1.304758e-01	-2.408526e+00
1.460000e-05	1.598947e-01	-2.453159e+00
1.461000e-05	-1.534062e-02	-2.575970e+00
1.462000e-05	-7.250727e-02	-2.734816e+00
1.463000e-05	9.698770e-02	-2.757945e+00
1.464000e-05	-7.448888e-02	-2.911708e+00
1.465000e-05	-6.026910e-03	-3.009985e+00
1.466000e-05	7.180781e-02	-3.102793e+00
1.467000e-05	-7.650752e-02	-3.268552e+00
1.468000e-05	4.009074e-02	-3.315415e+00
1.469000e-05	4.735863e-02	-3.347996e+00
1.470000e-05	-8.555718e-02	-3.513841e+00
1.471000e-05	7.221368e-02	-3.597422e+00
1.472000e-05	-1.049278e-02	-3.621125e+00
1.473000e-05	-6.307533e-02	-3.763321e+00
1.474000e-05	7.294977e-02	-3.902716e+00
1.475000e-05	-1.349999e-02	-4.028076e+00
1.476000e-05	-1.713201e-03	-4.053183e+00
1.477000e-05	1.486501e-02	-4.155921e+00
1.478000e-05	-2.449932e-02	-4.219182e+00
1.479000e-05	3.397573e-02	-4.337341e+00
1.480000e-05	-1.455870e-02	-4.397525e+00
1.481000e-05	-7.661180e-04	-4.461835e+00
1.482000e-05	1.276430e-02	-4.546445e+00
1.483000e-05	-1.050006e-02	-4.719707e+00
1.484000e-05	3.057637e-02	-4.727392e+00
1.485000e-05	-1.382403e-02	-4.842129e+00
1.486000e-05	-6.716934e-03	-4.943820e+00
1.487000e-05	1.942707e-02	-4.969601e+00
1.488000e-05	-1.693343e-02	-5.084214e+00
1.489000e-05	2.934199e-02	-5.207400e+00
1.490000e-05	-1.015395e-02	-5.251212e+00
1.491000e-05	-4.529303e-03	-5.386429e+00
1.492000e-05	2.226801e-02	-5.512288e+00
1.493000e-05	-8.831627e-03	-5.576475e+00
1.494000e-05	1.721272e-02	-5.600100e+00
1.495000e-05	-1.368601e-02	-5.683737e+00
1.496000e-05	4.473644e-03	-5.766450e+00
1.497000e-05	1.515776e-02	-5.821134e+00
1.498000e-05	-1.805193e-03	-5.924744e+00
1.499000e-05	1.399099e-02	-5.985891e+00
1.500000e-05	-8.817253e-03	-5.987952e+00
1.501000e-05	9.630564e-03	-6.031083e+00
1.502000e-05	7.089227e-03	-6.126368e+00
1.503000e-05	-1.004122e-03	-6.260182e+00
1.504000e-05	7.430855e-03	-6.303790e+00
1.505000e-05	-3.074528e-03	-6.377972e+00
1.506000e-05	1.347892e-02	-6.410052e+00
1.507000e-05	7.044969e-03	-6.452233e+00
1.508000e-05	1.249760e-03	-6.494742e+00
1.509000e-05	4.335274e-03	-6.546445e+00
1.510000e-05	-1.672111e-04	-6.600029e+00
1.511000e-05	1.309515e-02	-6.643760e+00
1.512000e-05	4.961313e-03	-6.705892e+00
1.513000e-05	3.859288e-03	-6.758850e+00
1.514000e-05	5.084511e-03	-6.779575e+00
1.515000e-05	5.042842e-03	-6.812079e+00
1.516000e-05	1.023778e-02	-6.862159e+00
1.517000e-05	1.221466e-03	-6.876291e+00
1.518000e-05	5.298120e-03	-6.998475e+00
1.519000e-05	5.067716e-03	-7.031112e+00
1.520000e-05	8.300521e-03	-7.104263e+00
1.521000e-05	1.018733e-02	-7.136322e+00
1.522000e-05	4.484357e-03	-7.187445e+00
1.523000e-05	6.649945e-03	-7.207948e+00
1.524000e-05	3.318228e-03	-7.190003e+00
1.525000e-05	9.479879e-03	-7.220582e+00
1.526000e-05	8.457780e-03	-7.240587e+00
1.527000e-05	6.422298e-03	-7.252686e+00
1.528000e-05	6.927686e-03	-7.274762e+00
1.529000e-05	7.774839e-03	-7.276214e+00
1.530000e-05	9.742608e-03	-7.325346e+00
1.531000e-05	6.732723e-03	-7.356398e+00
1.532000e-05	6.617694e-03	-7.357423e+00
1.533000e-05	7.089258e-03	-7.398001e+00
1.534000e-05	9.659587e-03	-7.400528e+00
1.535000e-05	1.014688e-02	-7.410503e+00
1.536000e-05	7.764736e-03	-7.420104e+00
1.537000e-05	7.773721e-03	-7.420555e+00
1.538000e-05	8.760870e-03	-7.441111e+00
1.539000e-05	1.127724e-02	-7.433157e+00
1.540000e-05	1.049167e-02	-7.422109e+00
1.541000e-05	9.387627e-03	-7.442662e+00
1.542000e-05	1.024755e-02	-7.423084e+00
1.543000e-05	1.131381e-02	-7.442184e+00
1.544000e-05	1.166749e-02	-7.411207e+00
1.545000e-05	1.120872e-02	-7.441058e+00
1.546000e-05	9.781061e-03	-7.431209e+00
1.547000e-05	1.182034e-02	-7.431579e+00
1.548000e-05	1.306751e-02	-7.441581e+00
1.549000e-05	1.402849e-02	-7.412005e+00
1.550000e-05	1.172603e-02	-7.411026e+00
1.551000e-05	1.313035e-02	-7.390479e+00
1.552000e-05	1.403455e-02	-7.366972e+00
1.553000e-05	1.461717e-02	-7.376973e+00
1.554000e-05	1.435420e-02	-7.338846e+00
1.555000e-05	1.353816e-02	-7.336818e+00
1.556000e-05	1.462396e-02	-7.275240e+00
1.557000e-05	1.646428e-02	-7.264582e+00
1.558000e-05	1.683140e-02	-7.262758e+00
1.559000e-05	1.632171e-02	-7.211606e+00
1.560000e-05	1.612591e-02	-7.209978e+00
1.561000e-05	1.773453e-02	-7.179028e+00
1.562000e-05	1.798328e-02	-7.158974e+00
1.563000e-05	1.824218e-02	-7.127397e+00
1.564000e-05	1.811405e-02	-7.066267e+00
1.565000e-05	1.834389e-02	-7.031636e+00
1.566000e-05	1.920943e-02	-6.969531e+00
1.567000e-05	2.090237e-02	-6.907342e+00
1.568000e-05	2.074483e-02	-6.903167e+00
1.569000e-05	2.016514e-02	-6.850582e+00
1.570000e-05	2.123304e-02	-6.800528e+00
1.571000e-05	2.285915e-02	-6.758450e+00
1.572000e-05	2.267776e-02	-6.737343e+00
1.573000e-05	2.207714e-02	-6.704263e+00
1.574000e-05	2.243938e-02	-6.612086e+00
1.575000e-05	2.331640e-02	-6.618978e+00
1.576000e-05	2.419262e-02	-6.538475e+00
1.577000e-05	2.362784e-02	-6.475716e+00
1.578000e-05	2.203512e-02	-6.442158e+00
1.579000e-05	2.104647e-02	-6.391055e+00
1.580000e-05	2.213820e-02	-6.327350e+00
1.581000e-05	1.956456e-02	-6.305319e+00
1.582000e-05	1.952477e-02	-6.201512e+00
1.583000e-05	1.659699e-02	-6.116272e+00
1.584000e-05	1.633130e-02	-6.023136e+00
1.585000e-05	1.691975e-02	-5.989028e+00
1.586000e-05	1.605221e-02	-5.929371e+00
1.587000e-05	1.328900e-02	-5.873290e+00
1.588000e-05	1.321129e-02	-5.790033e+00
1.589000e-05	1.224867e-02	-5.728899e+00
1.590000e-05	1.087120e-02	-5.654637e+00
1.591000e-05	8.999948e-03	-5.580554e+00
1.592000e-05	8.545547e-03	-5.559450e+00
1.593000e-05	9.440706e-03	-5.494191e+00
1.594000e-05	9.763653e-03	-5.318866e+00
1.595000e-05	7.618182e-03	-5.203062e+00
1.596000e-05	5.354023e-03	-5.168973e+00
1.597000e-05	5.228911e-03	-5.104741e+00
1.598000e-05	4.856019e-03	-5.011003e+00
1.599000e-05	3.625323e-03	-4.908371e+00
1.600000e-05	4.396789e-03	-4.728432e+00
1.601000e-05	2.449422e-03	-4.693161e+00
1.602000e-05	5.008813e-03	-4.610955e+00
1.603000e-05	3.329262e-03	-4.507892e+00
1.604000e-05	4.065101e-03	-4.445635e+00
1.605000e-05	2.542036e-03	-4.400503e+00
1.606000e-05	2.351919e-03	-4.327771e+00
1.607000e-05	2.886109e-03	-4.252182e+00
1.608000e-05	6.831261e-04	-4.159400e+00
1.609000e-05	2.116947e-04	-4.076637e+00
1.610000e-05	-1.998717e-03	-4.000604e+00
1.611000e-05	2.118999e-03	-3.887296e+00
1.612000e-05	1.679198e-03	-3.840279e+00
1.613000e-05	1.292118e-03	-3.643164e+00
1.614000e-05	1.811021e-04	-3.589453e+00
1.615000e-05	9.019900e-04	-3.494767e+00
1.616000e-05	-5.386411e-05	-3.401532e+00
1.617000e-05	-2.575067e-03	-3.284766e+00
1.618000e-05	-4.348799e-03	-3.223559e+00
1.619000e-05	-1.976608e-03	-3.139398e+00
1.620000e-05	3.300595e-04	-3.004033e+00
1.621000e-05	1.385278e-03	-2.845211e+00
1.622000e-05	-5.586509e-04	-2.799976e+00
1.623000e-05	-2.864083e-03	-2.695793e+00
1.624000e-05	-1.775617e-03	-2.572027e+00
1.625000e-05	-3.417109e-03	-2.466217e+00
1.626000e-05	-3.199732e-03	-2.400505e+00
1.627000e-05	-4.672374e-03	-2.317845e+00
1.628000e-05	-2.828602e-03	-2.181428e+00
1.629000e-05	-1.996707e-03	-2.003630e+00
1.630000e-05	-1.419584e-03	-1.949478e+00
1.631000e-05	-3.656418e-03	-1.873716e+00
1.632000e-05	-4.323751e-03	-1.760449e+00
1.633000e-05	-4.141927e-03	-1.665213e+00
1.634000e-05	-3.981415e-03	-1.599498e+00
1.635000e-05	-3.678466e-03	-1.478267e+00
1.636000e-05	-5.003172e-03	-1.319772e+00
1.637000e-05	-4.222460e-03	-1.191004e+00
1.638000e-05	-4.293607e-03	-1.097189e+00
1.639000e-05	-3.385769e-03	-1.009526e+00
1.640000e-05	-5.142788e-03	-8.757133e-01
1.641000e-05	-4.876575e-03	-8.004776e-01
1.642000e-05	-5.195532e-03	-6.757159e-01
1.643000e-05	-4.257573e-03	-5.073238e-01
1.644000e-05	-4.911568e-03	-4.125829e-01
1.645000e-05	-6.568552e-03	-3.273711e-01
1.646000e-05	-6.865478e-03	-2.326065e-01
1.647000e-05	-4.714379e-03	-9.882217e-02
1.648000e-05	-3.234019e-03	-1.313039e-02
1.649000e-05	-2.153128e-03	4.102882e-02
1.650000e-05	-6.816230e-04	1.669419e-01
1.651000e-05	-3.252583e-03	3.047367e-01
1.652000e-05	-8.014431e-04	4.000224e-01
1.653000e-05	-3.472918e-03	5.037303e-01
1.654000e-05	-3.353713e-03	5.809973e-01
1.655000e-05	-6.842259e-04	7.142102e-01
1.656000e-05	2.765206e-02	8.084224e-01
1.657000e-05	5.601467e-02	9.554641e-01
1.658000e-05	-1.701939e-02	1.124764e+00
1.659000e-05	-7.879911e-02	1.262555e+00
1.660000e-05	-8.678276e-02	1.325714e+00
1.661000e-05	1.172329e-01	1.390015e+00
1.662000e-05	1.670657e-02	1.596439e+00
1.663000e-05	-1.609433e-01	1.736837e+00
1.664000e-05	8.315921e-02	1.718388e+00
1.665000e-05	9.080512e-02	1.903762e+00
1.666000e-05	-1.286514e-01	1.979524e+00
1.667000e-05	-9.083501e-03	2.010551e+00
1.668000e-05	1.043563e-01	2.103787e+00
1.669000e-05	-1.244789e-01	2.311630e+00
1.670000e-05	-1.899555e-02	2.318370e+00
1.671000e-05	1.222277e-01	2.441025e+00
1.672000e-05	-6.680422e-02	2.576870e+00
1.673000e-05	-2.607030e-02	2.702734e+00
1.674000e-05	4.603810e-02	2.800020e+00
1.675000e-05	-5.861674e-02	2.904206e+00
1.676000e-05	1.273678e-02	2.957972e+00
1.677000e-05	1.266336e-02	3.063180e+00
1.678000e-05	-4.479909e-02	3.196870e+00
1.679000e-05	3.912451e-02	3.240624e+00
1.680000e-05	-1.328970e-02	3.355989e+00
1.681000e-05	-2.405647e-02	3.452653e+00
1.682000e-05	1.604377e-02	3.567321e+00
1.683000e-05	-2.565588e-02	3.682630e+00
1.684000e-05	-2.477647e-02	3.787446e+00
1.685000e-05	2.974279e-02	3.830105e+00
1.686000e-05	-1.700091e-03	3.924794e+00
1.687000e-05	-2.615681e-02	4.030001e+00
1.688000e-05	-2.538641e-03	4.073307e+00
1.689000e-05	-3.260579e-03	4.199474e+00
1.690000e-05	-6.150701e-03	4.328413e+00
1.691000e-05	-8.582579e-03	4.441026e+00
1.692000e-05	-4.056352e-03	4.473287e+00
1.693000e-05	-2.093679e-02	4.588499e+00
1.694000e-05	1.362644e-02	4.593105e+00
1.695000e-05	-1.310462e-03	4.725898e+00
1.696000e-05	-2.076792e-02	4.819528e+00
1.697000e-05	-1.149801e-02	4.894284e+00
1.698000e-05	-6.860747e-03	5.112187e+00
1.699000e-05	1.833779e-05	5.177472e+00
1.700000e-05	-6.003560e-03	5.230051e+00
1.701000e-05	-1.104465e-02	5.315290e+00
1.702000e-05	-1.311455e-02	5.401022e+00
1.703000e-05	1.025015e-03	5.514159e+00
1.704000e-05	-4.271322e-03	5.535339e+00
1.705000e-05	-1.335796e-02	5.598372e+00
1.706000e-05	-1.757276e-02	5.653106e+00
1.707000e-05	-5.044519e-03	5.736219e+00
1.708000e-05	-1.263414e-03	5.781654e+00
1.709000e-05	-6.302031e-03	5.923814e+00
1.710000e-05	-1.198195e-02	5.999367e+00
1.711000e-05	-1.423076e-02	6.040581e+00
1.712000e-05	-3.990916e-03	6.084186e+00
1.713000e-05	-7.078294e-03	6.135870e+00
1.714000e-05	-8.636640e-03	6.179055e+00
1.715000e-05	-1.425456e-02	6.211134e+00
1.716000e-05	-8.167814e-03	6.305267e+00
1.717000e-05	-4.621980e-03	6.337347e+00
1.718000e-05	-8.325025e-03	6.398501e+00
1.719000e-05	-1.228732e-02	6.412130e+00
1.720000e-05	-1.603315e-02	6.485135e+00
1.721000e-05	-7.028101e-03	6.596417e+00
1.722000e-05	-6.136102e-03	6.693108e+00
1.723000e-05	-9.953503e-03	6.724612e+00
1.724000e-05	-1.440413e-02	6.746394e+00
1.725000e-05	-1.187383e-02	6.797450e+00
1.726000e-05	-7.723411e-03	6.781031e+00
1.727000e-05	-9.778247e-03	6.832085e+00
1.728000e-05	-1.331295e-02	6.854186e+00
1.729000e-05	-1.523850e-02	6.895314e+00
1.730000e-05	-9.122710e-03	6.936322e+00
1.731000e-05	-7.408045e-03	6.998499e+00
1.732000e-05	-1.252400e-02	7.001052e+00
1.733000e-05	-1.574408e-02	7.033710e+00
1.734000e-05	-1.412936e-02	7.084617e+00
1.735000e-05	-1.252926e-02	7.095312e+00
1.736000e-05	-1.007695e-02	7.146844e+00
1.737000e-05	-1.285480e-02	7.137372e+00
1.738000e-05	-1.271543e-02	7.158998e+00
1.739000e-05	-1.325209e-02	7.198898e+00
1.740000e-05	-1.232175e-02	7.210503e+00
1.741000e-05	-1.557756e-02	7.190053e+00
1.742000e-05	-1.657385e-02	7.222028e+00
1.743000e-05	-1.523505e-02	7.233608e+00
1.744000e-05	-1.049847e-02	7.253211e+00
1.745000e-05	-1.104609e-02	7.324715e+00
1.746000e-05	-1.430539e-02	7.235762e+00
1.747000e-05	-1.884742e-02	7.287268e+00
1.748000e-05	-1.703406e-02	7.294724e+00
1.749000e-05	-1.557011e-02	7.316304e+00
1.750000e-05	-1.575730e-02	7.346243e+00
1.751000e-05	-1.668228e-02	7.327893e+00
1.752000e-05	-1.728153e-02	7.337778e+00
1.753000e-05	-1.398818e-02	7.326391e+00
1.754000e-05	-1.507996e-02	7.299191e+00
1.755000e-05	-1.769854e-02	7.336795e+00
1.756000e-05	-2.126680e-02	7.305320e+00
1.757000e-05	-1.833702e-02	7.286299e+00
1.758000e-05	-1.808713e-02	7.288323e+00
1.759000e-05	-1.798558e-02	7.285267e+00
1.760000e-05	-1.962230e-02	7.273661e+00
1.761000e-05	-2.008842e-02	7.243136e+00
1.762000e-05	-1.945068e-02	7.251609e+00
1.763000e-05	-1.924399e-02	7.242584e+00
1.764000e-05	-2.225055e-02	7.220077e+00
1.765000e-05	-2.448815e-02	7.200477e+00
1.766000e-05	-2.251461e-02	7.179524e+00
1.767000e-05	-2.065241e-02	7.158970e+00
1.768000e-05	-2.087012e-02	7.128821e+00
1.769000e-05	-2.358692e-02	7.115443e+00
1.770000e-05	-2.315297e-02	7.097242e+00
1.771000e-05	-2.289045e-02	7.054583e+00
1.772000e-05	-2.292346e-02	7.033057e+00
1.773000e-05	-2.505673e-02	6.971483e+00
1.774000e-05	-2.746053e-02	6.979975e+00
1.775000e-05	-2.627350e-02	6.885770e+00
1.776000e-05	-2.625898e-02	6.905190e+00
1.777000e-05	-2.478185e-02	6.845135e+00
1.778000e-05	-2.728745e-02	6.822106e+00
1.779000e-05	-2.780433e-02	6.790474e+00
1.780000e-05	-2.955600e-02	6.778971e+00
1.781000e-05	-2.857245e-02	6.687343e+00
1.782000e-05	-2.945495e-02	6.652789e+00
1.783000e-05	-3.001423e-02	6.572501e+00
1.784000e-05	-3.026538e-02	6.488744e+00
1.785000e-05	-2.962442e-02	6.423558e+00
1.786000e-05	-2.999478e-02	6.411028e+00
1.787000e-05	-3.040769e-02	6.379975e+00
1.788000e-05	-2.884648e-02	6.328345e+00
1.789000e-05	-2.927796e-02	6.256191e+00
1.790000e-05	-2.749507e-02	6.222056e+00
1.791000e-05	-2.593916e-02	6.158875e+00
1.792000e-05	-2.647216e-02	6.098240e+00
1.793000e-05	-2.542931e-02	6.031686e+00
1.794000e-05	-2.455012e-02	6.011052e+00
1.795000e-05	-2.379799e-02	5.949347e+00
1.796000e-05	-2.293756e-02	5.895242e+00
1.797000e-05	-2.182771e-02	5.761902e+00
1.798000e-05	-2.068675e-02	5.674761e+00
1.799000e-05	-1.849263e-02	5.622024e+00
1.800000e-05	-1.819349e-02	5.548471e+00
1.801000e-05	-1.820251e-02	5.484712e+00
1.802000e-05	-1.747343e-02	5.420535e+00
1.803000e-05	-1.667880e-02	5.359849e+00
1.804000e-05	-1.485741e-02	5.264160e+00
1.805000e-05	-1.565892e-02	5.170952e+00
1.806000e-05	-1.607598e-02	5.046740e+00
1.807000e-05	-1.362107e-02	4.921371e+00
1.808000e-05	-1.218407e-02	4.805187e+00
1.809000e-05	-1.273838e-02	4.800453e+00
1.810000e-05	-1.345883e-02	4.717770e+00
1.811000e-05	-1.361698e-02	4.622585e+00
1.812000e-05	-1.169788e-02	4.550896e+00
1.813000e-05	-1.056656e-02	4.453708e+00
1.814000e-05	-1.129407e-02	4.410980e+00
1.815000e-05	-1.159934e-02	4.328895e+00
1.816000e-05	-1.078341e-02	4.204713e+00
1.817000e-05	-1.066810e-02	4.076350e+00
1.818000e-05	-9.563586e-03	4.011628e+00
1.819000e-05	-1.028235e-02	3.947395e+00
1.820000e-05	-9.369176e-03	3.874161e+00
1.821000e-05	-8.716200e-03	3.758399e+00
1.822000e-05	-8.355552e-03	3.684662e+00
1.823000e-05	-8.949368e-03	3.601979e+00
1.824000e-05	-9.114969e-03	3.537866e+00
1.825000e-05	-9.049518e-03	3.381950e+00
1.826000e-05	-7.354832e-03	3.263135e+00
1.827000e-05	-7.236833e-03	3.139426e+00
1.828000e-05	-8.327520e-03	3.095266e+00
1.829000e-05	-8.384103e-03	3.032004e+00
1.830000e-05	-7.421609e-03	2.896288e+00
1.831000e-05	-6.648219e-03	2.801076e+00
1.832000e-05	-6.079006e-03	2.768341e+00
1.833000e-05	-7.948082e-03	2.624532e+00
1.834000e-05	-7.658258e-03	2.444262e+00
1.835000e-05	-6.019966e-03	2.348951e+00
1.836000e-05	-5.587830e-03	2.276738e+00
1.837000e-05	-6.444185e-03	2.189471e+00
1.838000e-05	-8.203353e-03	2.053683e+00
1.839000e-05	-6.626215e-03	1.989949e+00
1.840000e-05	-4.387967e-03	1.907741e+00
1.841000e-05	-4.281786e-03	1.751924e+00
1.842000e-05	-6.977549e-03	1.643717e+00
1.843000e-05	-6.414890e-03	1.560822e+00
1.844000e-05	-5.922451e-03	1.455681e+00
1.845000e-05	-4.766265e-03	1.309772e+00
1.846000e-05	-4.860621e-03	1.214553e+00
1.847000e-05	-5.061880e-03	1.139847e+00
1.848000e-05	-5.662270e-03	1.000406e+00
1.849000e-05	-4.371594e-03	8.245893e-01
1.850000e-05	-4.327832e-03	7.793962e-01
1.851000e-05	-4.498109e-03	6.350567e-01
1.852000e-05	-5.124645e-03	5.597948e-01
1.853000e-05	-4.635672e-03	4.421291e-01
1.854000e-05	-4.660332e-03	3.694474e-01
1.855000e-05	-4.097827e-03	2.441831e-01
1.856000e-05	-5.535628e-03	6.628466e-02
1.857000e-05	-4.243763e-03	1.153013e-02
1.858000e-05	-3.163851e-03	-1.037617e-01
1.859000e-05	-5.819230e-04	-2.184736e-01
1.860000e-05	1.640658e-03	-3.537355e-01
1.861000e-05	-1.019664e-03	-4.079972e-01
1.862000e-05	4.987850e-06	-4.811788e-01
1.863000e-05	-1.486641e-03	-6.579233e-01
1.864000e-05	-9.266216e-04	-7.848407e-01
1.865000e-05	5.384372e-03	-7.995013e-01
1.866000e-05	5.874140e-02	-9.042403e-01
1.867000e-05	3.637797e-02	-1.059626e+00
1.868000e-05	-5.543783e-02	-1.289153e+00
1.869000e-05	-1.033297e-01	-1.480689e+00
1.870000e-05	6.330226e-02	-1.422611e+00
1.871000e-05	8.871336e-02	-1.441280e+00
1.872000e-05	-1.138878e-01	-1.669128e+00
1.873000e-05	-4.490518e-02	-1.809925e+00
1.874000e-05	1.723549e-01	-1.800030e+00
1.875000e-05	-9.136124e-02	-1.922862e+00
1.876000e-05	-1.181560e-01	-2.070655e+00
1.877000e-05	1.684166e-01	-2.093315e+00
1.878000e-05	-2.598170e-02	-2.258102e+00
1.879000e-05	-1.371801e-01	-2.408521e+00
1.880000e-05	1.549575e-01	-2.462607e+00
1.881000e-05	-2.161499e-03	-2.575466e+00
1.882000e-05	-7.925496e-02	-2.744342e+00
1.883000e-05	9.617979e-02	-2.787947e+00
1.884000e-05	-6.657587e-02	-2.831706e+00
1.885000e-05	-1.500441e-02	-3.008026e+00
1.886000e-05	7.583793e-02	-3.112363e+00
1.887000e-05	-7.319885e-02	-3.217075e+00
1.888000e-05	3.077050e-02	-3.323292e+00
1.889000e-05	5.796717e-02	-3.355921e+00
1.890000e-05	-8.817397e-02	-3.523236e+00
1.891000e-05	6.620225e-02	-3.599971e+00
1.892000e-05	2.543338e-04	-3.630102e+00
1.893000e-05	-6.845420e-02	-3.766418e+00
1.894000e-05	7.246146e-02	-3.941259e+00
1.895000e-05	-6.539505e-03	-3.987422e+00
1.896000e-05	-5.706386e-03	-4.074182e+00
1.897000e-05	1.653487e-02	-4.126846e+00
1.898000e-05	-2.674815e-02	-4.252682e+00
1.899000e-05	3.160544e-02	-4.325316e+00
1.900000e-05	-1.001874e-02	-4.409050e+00
1.901000e-05	-4.691409e-03	-4.442728e+00
1.902000e-05	1.654843e-02	-4.556416e+00
1.903000e-05	-1.257206e-02	-4.662214e+00
1.904000e-05	3.293648e-02	-4.754736e+00
1.905000e-05	-1.023508e-02	-4.811706e+00
1.906000e-05	-1.120559e-02	-4.936843e+00
1.907000e-05	1.979685e-02	-5.019051e+00
1.908000e-05	-1.747731e-02	-5.114713e+00
1.909000e-05	3.017734e-02	-5.178421e+00
1.910000e-05	-6.175339e-03	-5.230659e+00
1.911000e-05	-7.579160e-03	-5.375423e+00
1.912000e-05	2.463038e-02	-5.472263e+00
1.913000e-05	-8.687765e-03	-5.587398e+00
1.914000e-05	1.727810e-02	-5.610079e+00
1.915000e-05	-1.275287e-02	-5.653687e+00
1.916000e-05	1.369054e-03	-5.756471e+00
1.917000e-05	1.584600e-02	-5.839654e+00
1.918000e-05	-9.007232e-04	-5.893736e+00
1.919000e-05	1.401968e-02	-5.945393e+00
1.920000e-05	-8.370029e-03	-5.990029e+00
1.921000e-05	8.286187e-03	-6.021082e+00
1.922000e-05	9.477794e-03	-6.103166e+00
1.923000e-05	-1.455753e-03	-6.228180e+00
1.924000e-05	8.179852e-03	-6.293343e+00
1.925000e-05	-3.512903e-03	-6.366899e+00
1.926000e-05	1.297836e-02	-6.400049e+00
1.927000e-05	8.980344e-03	-6.482655e+00
1.928000e-05	7.273824e-04	-6.494366e+00
1.929000e-05	3.601094e-03	-6.565970e+00
1.930000e-05	-8.657849e-04	-6.611554e+00
1.931000e-05	1.430755e-02	-6.672183e+00
1.932000e-05	5.058692e-03	-6.724292e+00
1.933000e-05	2.351626e-03	-6.757919e+00
1.934000e-05	5.401193e-03	-6.819050e+00
1.935000e-05	5.838756e-03	-6.800578e+00
1.936000e-05	1.123087e-02	-6.841632e+00
1.937000e-05	-3.165561e-04	-6.924219e+00
1.938000e-05	4.505576e-03	-6.989470e+00
1.939000e-05	6.218907e-03	-7.009979e+00
1.940000e-05	1.098931e-02	-7.083717e+00
1.941000e-05	9.845436e-03	-7.126290e+00
1.942000e-05	1.884843e-03	-7.187949e+00
1.943000e-05	5.748684e-03	-7.188451e+00
1.944000e-05	6.356893e-03	-7.220055e+00
1.945000e-05	1.084174e-02	-7.221558e+00
1.946000e-05	6.226059e-03	-7.252557e+00
1.947000e-05	3.433672e-03	-7.261784e+00
1.948000e-05	7.761536e-03	-7.314239e+00
1.949000e-05	1.080458e-02	-7.306317e+00
1.950000e-05	9.669042e-03	-7.306370e+00
1.951000e-05	3.822401e-03	-7.355895e+00
1.952000e-05	5.856532e-03	-7.357001e+00
1.953000e-05	9.877028e-03	-7.389425e+00
1.954000e-05	1.249945e-02	-7.369929e+00
1.955000e-05	9.159628e-03	-7.396481e+00
1.956000e-05	5.263173e-03	-7.409080e+00
1.957000e-05	7.980737e-03	-7.430580e+00
1.958000e-05	1.193926e-02	-7.422082e+00
1.959000e-05	1.145908e-02	-7.439158e+00
1.960000e-05	8.527372e-03	-7.453557e+00
1.961000e-05	8.308975e-03	-7.462161e+00
1.962000e-05	1.208573e-02	-7.421634e+00
1.963000e-05	1.404912e-02	-7.441657e+00
1.964000e-05	1.088084e-02	-7.452213e+00
1.965000e-05	7.864625e-03	-7.461129e+00
1.966000e-05	1.021033e-02	-7.431583e+00
1.967000e-05	1.335179e-02	-7.402133e+00
1.968000e-05	1.479697e-02	-7.409579e+00
1.969000e-05	1.208528e-02	-7.401582e+00
1.970000e-05	1.116770e-02	-7.409051e+00
1.971000e-05	1.303099e-02	-7.378976e+00
1.972000e-05	1.616287e-02	-7.388444e+00
1.973000e-05	1.490121e-02	-7.358450e+00
1.974000e-05	1.341573e-02	-7.345846e+00
1.975000e-05	1.301215e-02	-7.325796e+00
1.976000e-05	1.650750e-02	-7.305391e+00
1.977000e-05	1.711940e-02	-7.274063e+00
1.978000e-05	1.528579e-02	-7.252109e+00
1.979000e-05	1.433834e-02	-7.241608e+00
1.980000e-05	1.629041e-02	-7.220505e+00
1.981000e-05	1.874401e-02	-7.211000e+00
1.982000e-05	1.883378e-02	-7.169424e+00
1.983000e-05	1.786745e-02	-7.127918e+00
1.984000e-05	1.766053e-02	-7.097266e+00
1.985000e-05	1.945942e-02	-7.063661e+00
1.986000e-05	2.005661e-02	-6.989508e+00
1.987000e-05	1.971637e-02	-6.957870e+00
1.988000e-05	1.892196e-02	-6.925248e+00
1.989000e-05	2.057367e-02	-6.860558e+00
1.990000e-05	2.193309e-02	-6.799504e+00
1.991000e-05	2.298583e-02	-6.799947e+00
1.992000e-05	2.164743e-02	-6.737821e+00
1.993000e-05	2.146236e-02	-6.687292e+00
1.994000e-05	2.359319e-02	-6.631612e+00
1.995000e-05	2.433308e-02	-6.580429e+00
1.996000e-05	2.301520e-02	-6.527952e+00
1.997000e-05	2.120967e-02	-6.504795e+00
1.998000e-05	2.159001e-02	-6.453584e+00
1.999000e-05	2.232571e-02	-6.380033e+00
2.000000e-05	2.188330e-02	-6.378391e+00
2.001000e-05	1.848586e-02	-6.275240e+00
2.002000e-05	1.873024e-02	-6.209584e+00
2.003000e-05	1.833904e-02	-6.107894e+00
2.004000e-05	1.832769e-02	-6.031689e+00
2.005000e-05	1.664895e-02	-5.999553e+00
2.006000e-05	1.560305e-02	-5.938271e+00
2.007000e-05	1.262319e-02	-5.874715e+00
2.008000e-05	1.244381e-02	-5.761556e+00
2.009000e-05	1.063085e-02	-5.699898e+00
2.010000e-05	1.011424e-02	-5.674716e+00
2.011000e-05	8.285531e-03	-5.599533e+00
2.012000e-05	8.793599e-03	-5.539444e+00
2.013000e-05	1.021439e-02	-5.465591e+00
2.014000e-05	8.283021e-03	-5.319802e+00
2.015000e-05	7.221385e-03	-5.223112e+00
2.016000e-05	5.797579e-03	-5.139374e+00
2.017000e-05	5.408003e-03	-5.075667e+00
2.018000e-05	4.481762e-03	-5.031004e+00
2.019000e-05	4.661553e-03	-4.817342e+00
2.020000e-05	4.093822e-03	-4.739374e+00
2.021000e-05	4.494852e-03	-4.644691e+00
2.022000e-05	3.991868e-03	-4.572550e+00
2.023000e-05	4.277350e-03	-4.568322e+00
2.024000e-05	2.947021e-03	-4.443687e+00
2.025000e-05	1.282940e-03	-4.390526e+00
2.026000e-05	6.821525e-04	-4.367845e+00
2.027000e-05	1.791726e-03	-4.234113e+00
2.028000e-05	2.569560e-03	-4.147425e+00
2.029000e-05	1.484340e-03	-4.045739e+00
2.030000e-05	7.779144e-05	-4.019476e+00
2.031000e-05	1.131154e-03	-3.937817e+00
2.032000e-05	1.835782e-03	-3.790978e+00
2.033000e-05	1.810875e-03	-3.684609e+00
2.034000e-05	6.221637e-05	-3.609078e+00
2.035000e-05	-1.431170e-03	-3.477817e+00
2.036000e-05	-4.290742e-04	-3.410558e+00
2.037000e-05	-6.399341e-04	-3.306816e+00
2.038000e-05	-9.130679e-04	-3.221080e+00
2.039000e-05	-2.337792e-03	-3.199396e+00
2.040000e-05	-1.313264e-03	-3.042978e+00
2.041000e-05	-1.437117e-03	-2.863718e+00
2.042000e-05	-5.709690e-04	-2.769496e+00
2.043000e-05	-1.757810e-03	-2.698317e+00
2.044000e-05	-4.016295e-03	-2.600554e+00
2.045000e-05	-2.959618e-03	-2.486241e+00
2.046000e-05	-1.902801e-03	-2.439029e+00
2.047000e-05	-2.344003e-03	-2.338421e+00
2.048000e-05	-3.263072e-03	-2.190600e+00
2.049000e-05	-2.589760e-03	-2.043682e+00
2.050000e-05	-2.122256e-03	-1.979449e+00
2.051000e-05	-1.582974e-03	-1.835191e+00
2.052000e-05	-3.325328e-03	-1.770399e+00
2.053000e-05	-4.525450e-03	-1.675662e+00
2.054000e-05	-4.044697e-03	-1.618978e+00
2.055000e-05	-4.227386e-03	-1.515692e+00
2.056000e-05	-4.176954e-03	-1.328924e+00
2.057000e-05	-5.270093e-03	-1.201052e+00
2.058000e-05	-5.562164e-03	-1.086314e+00
2.059000e-05	-4.008505e-03	-1.008956e+00
2.060000e-05	-3.433680e-03	-8.751646e-01
2.061000e-05	-4.351252e-03	-7.709563e-01
2.062000e-05	-5.472348e-03	-7.061860e-01
2.063000e-05	-5.312317e-03	-5.283202e-01
2.064000e-05	-4.888982e-03	-4.110565e-01
2.065000e-05	-4.907325e-03	-3.578672e-01
2.066000e-05	-5.790550e-03	-2.306842e-01
2.067000e-05	-5.737820e-03	-1.178935e-01
2.068000e-05	-3.888358e-03	-3.360289e-02
2.069000e-05	-1.193608e-03	2.205013e-02
2.070000e-05	-8.801408e-04	1.668956e-01
2.071000e-05	-2.831739e-03	3.247880e-01
2.072000e-05	-2.389174e-03	4.105223e-01
2.073000e-05	-2.235080e-03	5.142089e-01
2.074000e-05	-3.654196e-03	6.084198e-01
2.075000e-05	2.844529e-04	6.817389e-01
2.076000e-05	2.393088e-02	7.785499e-01
2.077000e-05	5.639874e-02	9.033367e-01
2.078000e-05	-1.294724e-02	1.166187e+00
2.079000e-05	-7.456890e-02	1.251604e+00
2.080000e-05	-9.342312e-02	1.287317e+00
2.081000e-05	1.108858e-01	1.418521e+00
2.082000e-05	2.884286e-02	1.585970e+00
2.083000e-05	-1.582578e-01	1.714813e+00
2.084000e-05	6.200621e-02	1.776843e+00
2.085000e-05	1.045923e-01	1.883260e+00
2.086000e-05	-1.250553e-01	1.999474e+00
2.087000e-05	-2.207696e-02	2.011051e+00
2.088000e-05	1.095123e-01	2.133810e+00
2.089000e-05	-1.173459e-01	2.291158e+00
2.090000e-05	-3.732002e-02	2.337872e+00
2.091000e-05	1.304591e-01	2.410596e+00
2.092000e-05	-6.033544e-02	2.566861e+00
2.093000e-05	-3.018429e-02	2.652332e+00
2.094000e-05	4.929676e-02	2.828497e+00
2.095000e-05	-5.914252e-02	2.923733e+00
2.096000e-05	8.676429e-03	2.936344e+00
2.097000e-05	1.484911e-02	3.073179e+00
2.098000e-05	-4.666888e-02	3.187446e+00
2.099000e-05	3.496894e-02	3.230025e+00
2.100000e-05	-5.267225e-03	3.355837e+00
2.101000e-05	-2.356379e-02	3.410150e+00
2.102000e-05	1.831800e-02	3.576970e+00
2.103000e-05	-2.641217e-02	3.652630e+00
2.104000e-05	-3.026644e-02	3.777917e+00
2.105000e-05	2.837917e-02	3.822578e+00
2.106000e-05	2.077224e-03	3.935842e+00
2.107000e-05	-2.604153e-02	4.028499e+00
2.108000e-05	-3.268748e-03	4.072655e+00
2.109000e-05	-1.718055e-03	4.207398e+00
2.110000e-05	-5.156626e-03	4.334816e+00
2.111000e-05	-8.194222e-03	4.419550e+00
2.112000e-05	-5.453231e-03	4.534261e+00
2.113000e-05	-2.372878e-02	4.578423e+00
2.114000e-05	1.234719e-02	4.662555e+00
2.115000e-05	2.277873e-03	4.736420e+00
2.116000e-05	-2.032804e-02	4.811574e+00
2.117000e-05	-1.232441e-02	4.905162e+00
2.118000e-05	-5.949979e-03	5.061111e+00
2.119000e-05	9.779948e-04	5.175767e+00
2.120000e-05	-5.824316e-03	5.251474e+00
2.121000e-05	-1.199450e-02	5.305789e+00
2.122000e-05	-1.519273e-02	5.419950e+00
2.123000e-05	7.042214e-04	5.474262e+00
2.124000e-05	-2.132024e-03	5.513392e+00
2.125000e-05	-1.251483e-02	5.609972e+00
2.126000e-05	-1.771652e-02	5.633031e+00
2.127000e-05	-5.360528e-03	5.753765e+00
2.128000e-05	-7.643095e-04	5.841055e+00
2.129000e-05	-6.132290e-03	5.895794e+00
2.130000e-05	-1.323351e-02	5.976447e+00
2.131000e-05	-1.617126e-02	6.010025e+00
2.132000e-05	-2.928780e-03	6.083586e+00
2.133000e-05	-6.356290e-03	6.136917e+00
2.134000e-05	-1.054549e-02	6.199449e+00
2.135000e-05	-1.519436e-02	6.252103e+00
2.136000e-05	-8.750541e-03	6.335263e+00
2.137000e-05	-3.343660e-03	6.346397e+00
2.138000e-05	-7.980405e-03	6.381476e+00
2.139000e-05	-1.420047e-02	6.422058e+00
2.140000e-05	-1.724610e-02	6.443637e+00
2.141000e-05	-6.971111e-03	6.559397e+00
2.142000e-05	-5.639976e-03	6.671532e+00
2.143000e-05	-8.844023e-03	6.673768e+00
2.144000e-05	-1.456265e-02	6.767395e+00
2.145000e-05	-1.102947e-02	6.789473e+00
2.146000e-05	-6.510416e-03	6.790474e+00
2.147000e-05	-1.051123e-02	6.832107e+00
2.148000e-05	-1.470491e-02	6.881159e+00
2.149000e-05	-1.636878e-02	6.865218e+00
2.150000e-05	-9.581953e-03	6.946322e+00
2.151000e-05	-6.634082e-03	6.978950e+00
2.152000e-05	-9.939217e-03	7.032029e+00
2.153000e-05	-1.578391e-02	7.083107e+00
2.154000e-05	-1.292795e-02	7.104734e+00
2.155000e-05	-1.376697e-02	7.105743e+00
2.156000e-05	-9.402913e-03	7.155840e+00
2.157000e-05	-1.637070e-02	7.166521e+00
2.158000e-05	-1.359002e-02	7.177973e+00
2.159000e-05	-1.224065e-02	7.208525e+00
2.160000e-05	-8.835405e-03	7.191050e+00
2.161000e-05	-1.113259e-02	7.202004e+00
2.162000e-05	-1.755172e-02	7.242052e+00
2.163000e-05	-1.708331e-02	7.231632e+00
2.164000e-05	-1.563874e-02	7.243631e+00
2.165000e-05	-1.349404e-02	7.271162e+00
2.166000e-05	-1.596440e-02	7.274113e+00
2.167000e-05	-1.496930e-02	7.263340e+00
2.168000e-05	-1.481451e-02	7.266766e+00
2.169000e-05	-1.218188e-02	7.355792e+00
2.170000e-05	-1.715482e-02	7.322294e+00
2.171000e-05	-1.787556e-02	7.336724e+00
2.172000e-05	-1.906773e-02	7.338374e+00
2.173000e-05	-1.486411e-02	7.337298e+00
2.174000e-05	-1.509880e-02	7.306396e+00
2.175000e-05	-1.638925e-02	7.337351e+00
2.176000e-05	-1.805811e-02	7.325268e+00
2.177000e-05	-1.727943e-02	7.336847e+00
2.178000e-05	-1.837350e-02	7.336292e+00
2.179000e-05	-2.013768e-02	7.295798e+00
2.180000e-05	-2.184689e-02	7.285642e+00
2.181000e-05	-2.049927e-02	7.254685e+00
2.182000e-05	-1.846581e-02	7.253104e+00
2.183000e-05	-1.914647e-02	7.232558e+00
2.184000e-05	-2.075458e-02	7.221054e+00
2.185000e-05	-2.267157e-02	7.200529e+00
2.186000e-05	-2.125462e-02	7.190503e+00
2.187000e-05	-2.232088e-02	7.158974e+00
2.188000e-05	-2.221922e-02	7.147820e+00
2.189000e-05	-2.479842e-02	7.127347e+00
2.190000e-05	-2.375020e-02	7.085666e+00
2.191000e-05	-2.271019e-02	7.055162e+00
2.192000e-05	-2.200369e-02	7.032583e+00
2.193000e-05	-2.478358e-02	7.008976e+00
2.194000e-05	-2.752853e-02	6.948945e+00
2.195000e-05	-2.707097e-02	6.927347e+00
2.196000e-05	-2.633442e-02	6.864217e+00
2.197000e-05	-2.638345e-02	6.863108e+00
2.198000e-05	-2.829082e-02	6.812077e+00
2.199000e-05	-2.821766e-02	6.820481e+00
2.200000e-05	-2.850243e-02	6.759394e+00
2.201000e-05	-2.806787e-02	6.727316e+00
2.202000e-05	-2.973850e-02	6.674184e+00
2.203000e-05	-3.047206e-02	6.601454e+00
2.204000e-05	-3.017334e-02	6.487717e+00
2.205000e-05	-2.929457e-02	6.461561e+00
2.206000e-05	-2.915553e-02	6.421105e+00
2.207000e-05	-2.988637e-02	6.389448e+00
2.208000e-05	-3.055032e-02	6.326821e+00
2.209000e-05	-2.952226e-02	6.275137e+00
2.210000e-05	-2.838455e-02	6.222081e+00
2.211000e-05	-2.811006e-02	6.169950e+00
2.212000e-05	-2.683345e-02	6.107771e+00
2.213000e-05	-2.494230e-02	6.083161e+00
2.214000e-05	-2.307257e-02	6.001029e+00
2.215000e-05	-2.219590e-02	5.979470e+00
2.216000e-05	-2.214886e-02	5.876267e+00
2.217000e-05	-2.194002e-02	5.751904e+00
2.218000e-05	-2.033866e-02	5.675690e+00
2.219000e-05	-1.948724e-02	5.600082e+00
2.220000e-05	-1.912176e-02	5.569425e+00
2.221000e-05	-1.799718e-02	5.496693e+00
2.222000e-05	-1.652107e-02	5.442103e+00
2.223000e-05	-1.487128e-02	5.358871e+00
2.224000e-05	-1.488471e-02	5.293713e+00
2.225000e-05	-1.516039e-02	5.202430e+00
2.226000e-05	-1.507811e-02	5.074791e+00
2.227000e-05	-1.472498e-02	4.972379e+00
2.228000e-05	-1.346187e-02	4.848111e+00
2.229000e-05	-1.193958e-02	4.771974e+00
2.230000e-05	-1.234835e-02	4.718270e+00
2.231000e-05	-1.183536e-02	4.643610e+00
2.232000e-05	-1.132808e-02	4.558401e+00
2.233000e-05	-1.036818e-02	4.476164e+00
2.234000e-05	-1.061520e-02	4.411509e+00
2.235000e-05	-1.114493e-02	4.359399e+00
2.236000e-05	-1.113582e-02	4.222613e+00
2.237000e-05	-9.979676e-03	4.097845e+00
2.238000e-05	-9.285539e-03	4.010554e+00
2.239000e-05	-9.285382e-03	3.956897e+00
2.240000e-05	-1.041835e-02	3.845659e+00
2.241000e-05	-9.291722e-03	3.779451e+00
2.242000e-05	-8.654447e-03	3.655686e+00
2.243000e-05	-8.625905e-03	3.580003e+00
2.244000e-05	-8.320458e-03	3.497846e+00
2.245000e-05	-9.261837e-03	3.412430e+00
2.246000e-05	-8.209473e-03	3.243210e+00
2.247000e-05	-7.651858e-03	3.189998e+00
2.248000e-05	-8.207101e-03	3.058217e+00
2.249000e-05	-8.063950e-03	2.992530e+00
2.250000e-05	-7.078734e-03	2.918265e+00
2.251000e-05	-6.973609e-03	2.802558e+00
2.252000e-05	-6.693214e-03	2.748372e+00
2.253000e-05	-6.638457e-03	2.654032e+00
2.254000e-05	-7.007969e-03	2.444237e+00
2.255000e-05	-6.747363e-03	2.380400e+00
2.256000e-05	-6.147702e-03	2.254661e+00
2.257000e-05	-6.577309e-03	2.170400e+00
2.258000e-05	-7.042802e-03	2.095712e+00
2.259000e-05	-6.913051e-03	2.001454e+00
2.260000e-05	-5.625218e-03	1.906342e+00
2.261000e-05	-5.472069e-03	1.790880e+00
2.262000e-05	-5.697327e-03	1.685271e+00
2.263000e-05	-5.514248e-03	1.570376e+00
2.264000e-05	-5.033665e-03	1.443158e+00
2.265000e-05	-4.523797e-03	1.348896e+00
2.266000e-05	-5.223693e-03	1.254058e+00
2.267000e-05	-5.659648e-03	1.126246e+00
2.268000e-05	-5.941014e-03	1.009553e+00
2.269000e-05	-5.571877e-03	8.336303e-01
2.270000e-05	-5.158946e-03	7.793951e-01
2.271000e-05	-5.039725e-03	6.251144e-01
2.272000e-05	-5.477606e-03	5.678711e-01
2.273000e-05	-5.182254e-03	4.341305e-01
2.274000e-05	-4.803154e-03	3.788976e-01
2.275000e-05	-4.376832e-03	2.541129e-01
2.276000e-05	-4.018548e-03	6.731966e-02
2.277000e-05	-3.615212e-03	-4.856250e-05
2.278000e-05	-4.280755e-03	-1.137103e-01
2.279000e-05	-9.081505e-04	-1.995247e-01
2.280000e-05	1.690717e-03	-2.942078e-01
2.281000e-05	-5.473477e-04	-3.784709e-01
2.282000e-05	-2.479222e-05	-4.317029e-01
2.283000e-05	-2.233737e-03	-6.494746e-01
2.284000e-05	-4.945568e-04	-7.447670e-01
2.285000e-05	5.535553e-03	-8.100476e-01
2.286000e-05	5.561234e-02	-9.138117e-01
2.287000e-05	4.229954e-02	-1.058626e+00
2.288000e-05	-5.377624e-02	-1.259731e+00
2.289000e-05	-1.021144e-01	-1.480631e+00
2.290000e-05	5.107180e-02	-1.455634e+00
2.291000e-05	9.546610e-02	-1.439209e+00
2.292000e-05	-1.032666e-01	-1.640079e+00
2.293000e-05	-6.356676e-02	-1.817972e+00
2.294000e-05	1.753514e-01	-1.769501e+00
2.295000e-05	-7.788696e-02	-1.922787e+00
2.296000e-05	-1.301595e-01	-2.061052e+00
2.297000e-05	1.636440e-01	-2.094309e+00
2.298000e-05	-1.191285e-02	-2.229056e+00
2.299000e-05	-1.439310e-01	-2.418022e+00
2.300000e-05	1.468282e-01	-2.441159e+00
2.301000e-05	9.318024e-03	-2.555991e+00
2.302000e-05	-8.479340e-02	-2.723238e+00
2.303000e-05	9.351885e-02	-2.779496e+00
2.304000e-05	-5.679408e-02	-2.871205e+00
2.305000e-05	-2.368170e-02	-3.019597e+00
2.306000e-05	7.601778e-02	-3.113843e+00
2.307000e-05	-6.653406e-02	-3.228001e+00
2.308000e-05	1.756817e-02	-3.315288e+00
2.309000e-05	7.009759e-02	-3.385892e+00
2.310000e-05	-8.944961e-02	-3.482764e+00
2.311000e-05	6.262248e-02	-3.577946e+00
2.312000e-05	9.710137e-03	-3.620600e+00
2.313000e-05	-7.366402e-02	-3.784496e+00
2.314000e-05	6.878173e-02	-3.893138e+00
2.315000e-05	-4.888102e-03	-3.978425e+00
2.316000e-05	-1.121510e-02	-4.062108e+00
2.317000e-05	2.155015e-02	-4.157868e+00
2.318000e-05	-2.639440e-02	-4.231553e+00
2.319000e-05	3.026704e-02	-4.295869e+00
2.320000e-05	-5.391424e-03	-4.399522e+00
2.321000e-05	-9.999011e-03	-4.462158e+00
2.322000e-05	1.876354e-02	-4.555466e+00
2.323000e-05	-1.624800e-02	-4.663159e+00
2.324000e-05	3.094615e-02	-4.755848e+00
2.325000e-05	-6.589065e-03	-4.820100e+00
2.326000e-05	-1.207997e-02	-4.936367e+00
2.327000e-05	2.422727e-02	-5.018528e+00
2.328000e-05	-1.788994e-02	-5.074711e+00
2.329000e-05	2.763648e-02	-5.167896e+00
2.330000e-05	-5.400180e-03	-5.251609e+00
2.331000e-05	-1.060050e-02	-5.375950e+00
2.332000e-05	2.445925e-02	-5.482711e+00
2.333000e-05	-9.152717e-03	-5.587444e+00
2.334000e-05	1.776705e-02	-5.610102e+00
2.335000e-05	-1.049306e-02	-5.723637e+00
2.336000e-05	-9.398251e-04	-5.746000e+00
2.337000e-05	1.686148e-02	-5.840078e+00
2.338000e-05	-2.076369e-03	-5.864237e+00
2.339000e-05	1.345605e-02	-5.946871e+00
2.340000e-05	-6.902643e-03	-6.009454e+00
2.341000e-05	6.629193e-03	-6.031158e+00
2.342000e-05	1.135634e-02	-6.105292e+00
2.343000e-05	-2.534165e-03	-6.251583e+00
2.344000e-05	9.198456e-03	-6.241664e+00
2.345000e-05	-3.418892e-03	-6.356872e+00
2.346000e-05	1.237364e-02	-6.408476e+00
2.347000e-05	9.921502e-03	-6.472710e+00
2.348000e-05	3.466748e-04	-6.463244e+00
2.349000e-05	4.417575e-03	-6.566971e+00
2.350000e-05	-2.569888e-03	-6.579601e+00
2.351000e-05	1.227089e-02	-6.642610e+00
2.352000e-05	5.087290e-03	-6.704216e+00
2.353000e-05	3.600358e-03	-6.756396e+00
2.354000e-05	5.691741e-03	-6.788525e+00
2.355000e-05	5.022392e-03	-6.810079e+00
2.356000e-05	1.303192e-02	-6.811659e+00
2.357000e-05	1.790261e-03	-6.884739e+00
2.358000e-05	5.842385e-03	-6.978950e+00
2.359000e-05	2.787866e-03	-7.042161e+00
2.360000e-05	8.802978e-03	-7.051639e+00
2.361000e-05	8.864535e-03	-7.144892e+00
2.362000e-05	4.953941e-03	-7.177423e+00
2.363000e-05	6.978451e-03	-7.209425e+00
2.364000e-05	6.607359e-03	-7.190525e+00
2.365000e-05	1.107938e-02	-7.242104e+00
2.366000e-05	7.111787e-03	-7.241634e+00
2.367000e-05	3.318211e-03	-7.272188e+00
2.368000e-05	4.558266e-03	-7.294712e+00
2.369000e-05	7.999462e-03	-7.295291e+00
2.370000e-05	1.040454e-02	-7.296267e+00
2.371000e-05	7.796823e-03	-7.348895e+00
2.372000e-05	8.150748e-03	-7.329473e+00
2.373000e-05	1.026331e-02	-7.398474e+00
2.374000e-05	9.606164e-03	-7.390425e+00
2.375000e-05	9.778205e-03	-7.419554e+00
2.376000e-05	4.469988e-03	-7.410104e+00
2.377000e-05	7.210317e-03	-7.441584e+00
2.378000e-05	1.086331e-02	-7.431630e+00
2.379000e-05	1.220304e-02	-7.412574e+00
2.380000e-05	1.035072e-02	-7.422154e+00
2.381000e-05	7.718804e-03	-7.421135e+00
2.382000e-05	1.143027e-02	-7.422104e+00
2.383000e-05	1.196458e-02	-7.392585e+00
2.384000e-05	9.797672e-03	-7.452636e+00
2.385000e-05	7.634053e-03	-7.430557e+00
2.386000e-05	1.081159e-02	-7.412634e+00
2.387000e-05	1.540926e-02	-7.442529e+00
2.388000e-05	1.625924e-02	-7.401483e+00
2.389000e-05	1.216198e-02	-7.420078e+00
2.390000e-05	1.184198e-02	-7.368956e+00
2.391000e-05	1.217888e-02	-7.390529e+00
2.392000e-05	1.529291e-02	-7.348422e+00
2.393000e-05	1.380258e-02	-7.348425e+00
2.394000e-05	1.246274e-02	-7.326421e+00
2.395000e-05	1.426063e-02	-7.315816e+00
2.396000e-05	1.721116e-02	-7.295345e+00
2.397000e-05	1.870647e-02	-7.264162e+00
2.398000e-05	1.548683e-02	-7.254711e+00
2.399000e-05	1.487053e-02	-7.211578e+00
2.400000e-05	1.550054e-02	-7.190527e+00
2.401000e-05	1.827113e-02	-7.191450e+00
2.402000e-05	1.789080e-02	-7.158447e+00
2.403000e-05	1.704144e-02	-7.145845e+00
2.404000e-05	1.826067e-02	-7.084790e+00
2.405000e-05	2.039929e-02	-7.053167e+00
2.406000e-05	2.112049e-02	-7.000556e+00
2.407000e-05	2.039203e-02	-6.884870e+00
2.408000e-05	1.969179e-02	-6.896766e+00
2.409000e-05	2.015709e-02	-6.821581e+00
2.410000e-05	2.179065e-02	-6.801452e+00
2.411000e-05	2.154168e-02	-6.799000e+00
2.412000e-05	2.132268e-02	-6.726946e+00
2.413000e-05	2.114637e-02	-6.704790e+00
2.414000e-05	2.421994e-02	-6.653612e+00
2.415000e-05	2.489061e-02	-6.599603e+00
2.416000e-05	2.411451e-02	-6.558449e+00
2.417000e-05	2.189558e-02	-6.496241e+00
2.418000e-05	2.180955e-02	-6.442633e+00
2.419000e-05	2.131602e-02	-6.390600e+00
2.420000e-05	2.153567e-02	-6.379900e+00
2.421000e-05	1.858003e-02	-6.295765e+00
2.422000e-05	1.931777e-02	-6.263556e+00
2.423000e-05	1.847028e-02	-6.167745e+00
2.424000e-05	1.909597e-02	-6.043633e+00
2.425000e-05	1.684723e-02	-5.999028e+00
2.426000e-05	1.611898e-02	-5.939374e+00
2.427000e-05	1.177945e-02	-5.884717e+00
2.428000e-05	1.207811e-02	-5.791057e+00
2.429000e-05	1.035985e-02	-5.729422e+00
2.430000e-05	1.014265e-02	-5.694164e+00
2.431000e-05	7.884921e-03	-5.600055e+00
2.432000e-05	1.017842e-02	-5.559445e+00
2.433000e-05	1.072741e-02	-5.466663e+00
2.434000e-05	1.144440e-02	-5.358949e+00
2.435000e-05	8.483495e-03	-5.211062e+00
2.436000e-05	5.564739e-03	-5.170477e+00
2.437000e-05	4.772946e-03	-5.075265e+00
2.438000e-05	3.232087e-03	-5.021079e+00
2.439000e-05	3.108065e-03	-4.928321e+00
2.440000e-05	2.645490e-03	-4.768579e+00
2.441000e-05	4.578723e-03	-4.676122e+00
2.442000e-05	6.860203e-03	-4.624079e+00
2.443000e-05	6.011350e-03	-4.558397e+00
2.444000e-05	3.267186e-03	-4.473763e+00
2.445000e-05	4.044918e-04	-4.400428e+00
2.446000e-05	-5.677799e-04	-4.358869e+00
2.447000e-05	6.948854e-05	-4.224685e+00
2.448000e-05	6.640330e-04	-4.179474e+00
2.449000e-05	1.565909e-03	-4.045641e+00
2.450000e-05	2.917813e-03	-3.991053e+00
2.451000e-05	3.200076e-03	-3.959320e+00
2.452000e-05	1.632442e-03	-3.780380e+00
2.453000e-05	9.865266e-05	-3.645216e+00
2.454000e-05	-1.902846e-03	-3.560500e+00
2.455000e-05	-1.793059e-03	-3.485770e+00
2.456000e-05	-1.531967e-03	-3.423107e+00
2.457000e-05	-8.148392e-04	-3.317344e+00
2.458000e-05	-9.571482e-04	-3.212533e+00
2.459000e-05	-6.339555e-04	-3.167922e+00
2.460000e-05	-3.514445e-04	-3.053638e+00
2.461000e-05	-1.706480e-03	-2.865690e+00
2.462000e-05	-3.616009e-03	-2.790528e+00
2.463000e-05	-3.863870e-03	-2.687820e+00
2.464000e-05	-2.526106e-03	-2.580530e+00
2.465000e-05	-1.722802e-03	-2.486189e+00
2.466000e-05	-1.574407e-03	-2.410604e+00
2.467000e-05	-2.796851e-03	-2.327844e+00
2.468000e-05	-2.722093e-03	-2.164607e+00
2.469000e-05	-2.635588e-03	-2.063113e+00
2.470000e-05	-3.130832e-03	-1.968924e+00
2.471000e-05	-4.510121e-03	-1.886690e+00
2.472000e-05	-5.098180e-03	-1.790449e+00
2.473000e-05	-4.649666e-03	-1.675735e+00
2.474000e-05	-3.062534e-03	-1.609498e+00
2.475000e-05	-3.499006e-03	-1.535717e+00
2.476000e-05	-3.962832e-03	-1.346399e+00
2.477000e-05	-4.054654e-03	-1.173107e+00
2.478000e-05	-3.769475e-03	-1.097191e+00
2.479000e-05	-3.576638e-03	-9.810515e-01
2.480000e-05	-4.987717e-03	-9.052383e-01
2.481000e-05	-5.720537e-03	-7.905527e-01
2.482000e-05	-5.236857e-03	-7.167661e-01
2.483000e-05	-5.197677e-03	-4.793990e-01
2.484000e-05	-4.713997e-03	-4.025792e-01
2.485000e-05	-5.016313e-03	-3.188460e-01
2.486000e-05	-5.252346e-03	-2.726568e-01
2.487000e-05	-5.052295e-03	-2.000250e-01
2.488000e-05	-3.455098e-03	5.000031e-05
2.489000e-05	-3.452026e-03	4.050506e-02
2.490000e-05	-1.274177e-03	1.665130e-01
2.491000e-05	-2.540749e-03	3.128340e-01
2.492000e-05	-1.535911e-03	4.190197e-01
2.493000e-05	-2.228883e-03	4.426817e-01
2.494000e-05	-3.858313e-03	5.999736e-01
2.495000e-05	-5.903879e-04	6.832065e-01
2.496000e-05	2.206092e-02	7.883696e-01
2.497000e-05	5.768079e-02	9.027315e-01
2.498000e-05	-8.099000e-03	1.133784e+00
2.499000e-05	-7.115375e-02	1.241579e+00
2.500000e-05	-9.889500e-02	1.304839e+00
2.501000e-05	1.036020e-01	1.378472e+00
2.502000e-05	3.973383e-02	1.596869e+00
2.503000e-05	-1.539674e-01	1.684364e+00
2.504000e-05	3.907284e-02	1.737788e+00
2.505000e-05	1.163815e-01	1.900709e+00
2.506000e-05	-1.168941e-01	1.989447e+00
2.507000e-05	-3.634637e-02	2.012076e+00
2.508000e-05	1.201006e-01	2.124289e+00
2.509000e-05	-1.120566e-01	2.252659e+00
2.510000e-05	-4.803308e-02	2.357293e+00
2.511000e-05	1.309922e-01	2.390125e+00
2.512000e-05	-5.322784e-02	2.594362e+00
2.513000e-05	-4.113563e-02	2.651285e+00
2.514000e-05	5.277790e-02	2.777947e+00
2.515000e-05	-5.701780e-02	2.892687e+00
2.516000e-05	9.559170e-03	2.986346e+00
2.517000e-05	1.850350e-02	3.051133e+00
2.518000e-05	-4.709436e-02	3.157942e+00
2.519000e-05	2.856646e-02	3.230053e+00
2.520000e-05	-2.766977e-03	3.324738e+00
2.521000e-05	-2.739929e-02	3.459082e+00
2.522000e-05	1.619695e-02	3.586418e+00
2.523000e-05	-2.017169e-02	3.661108e+00
2.524000e-05	-3.289253e-02	3.755417e+00
2.525000e-05	3.019507e-02	3.809929e+00
2.526000e-05	3.295448e-03	3.906868e+00
2.527000e-05	-2.541936e-02	4.000975e+00
2.528000e-05	-6.752542e-03	4.073207e+00
2.529000e-05	-1.795988e-03	4.187397e+00
2.530000e-05	-5.290874e-03	4.344316e+00
2.531000e-05	-8.646642e-03	4.408123e+00
2.532000e-05	-4.906386e-03	4.473163e+00
2.533000e-05	-2.462063e-02	4.587922e+00
2.534000e-05	1.301685e-02	4.672609e+00
2.535000e-05	4.017289e-03	4.735295e+00
2.536000e-05	-1.917583e-02	4.799499e+00
2.537000e-05	-1.620852e-02	4.863858e+00
2.538000e-05	-6.305274e-03	5.011608e+00
2.539000e-05	1.497521e-03	5.135370e+00
2.540000e-05	-4.153817e-03	5.209558e+00
2.541000e-05	-1.191433e-02	5.275312e+00
2.542000e-05	-1.672888e-02	5.388500e+00
2.543000e-05	1.119439e-03	5.481584e+00
2.544000e-05	-1.696789e-03	5.514917e+00
2.545000e-05	-1.042671e-02	5.608997e+00
2.546000e-05	-2.038468e-02	5.621580e+00
2.547000e-05	-6.603958e-03	5.715240e+00
2.548000e-05	-7.890100e-04	5.759374e+00
2.549000e-05	-4.769402e-03	5.905662e+00
2.550000e-05	-1.345680e-02	5.968997e+00
2.551000e-05	-1.666360e-02	6.001029e+00
2.552000e-05	-3.623831e-03	6.061636e+00
2.553000e-05	-5.238268e-03	6.146822e+00
2.554000e-05	-9.690214e-03	6.167424e+00
2.555000e-05	-1.620242e-02	6.251054e+00
2.556000e-05	-8.422053e-03	6.294263e+00
2.557000e-05	-2.928966e-03	6.357369e+00
2.558000e-05	-5.746984e-03	6.399500e+00
2.559000e-05	-1.326201e-02	6.430630e+00
2.560000e-05	-1.683048e-02	6.494210e+00
2.561000e-05	-7.801549e-03	6.588422e+00
2.562000e-05	-5.138582e-03	6.610507e+00
2.563000e-05	-9.624037e-03	6.724212e+00
2.564000e-05	-1.632519e-02	6.745920e+00
2.565000e-05	-1.192996e-02	6.758924e+00
2.566000e-05	-6.299001e-03	6.810027e+00
2.567000e-05	-8.400783e-03	6.831129e+00
2.568000e-05	-1.432180e-02	6.854086e+00
2.569000e-05	-1.621247e-02	6.884286e+00
2.570000e-05	-8.791342e-03	6.926871e+00
2.571000e-05	-7.021828e-03	6.978452e+00
2.572000e-05	-1.034760e-02	7.020579e+00
2.573000e-05	-1.713130e-02	7.011608e+00
2.574000e-05	-1.380111e-02	7.083240e+00
2.575000e-05	-1.047710e-02	7.105243e+00
2.576000e-05	-8.723181e-03	7.146842e+00
2.577000e-05	-1.395214e-02	7.149425e+00
2.578000e-05	-1.664455e-02	7.187474e+00
2.579000e-05	-1.226228e-02	7.190003e+00
2.580000e-05	-1.099337e-02	7.190602e+00
2.581000e-05	-1.265135e-02	7.222079e+00
2.582000e-05	-1.918448e-02	7.222129e+00
2.583000e-05	-1.649485e-02	7.231613e+00
2.584000e-05	-1.294277e-02	7.262584e+00
2.585000e-05	-1.033669e-02	7.265685e+00
2.586000e-05	-1.492886e-02	7.324168e+00
2.587000e-05	-1.847164e-02	7.253791e+00
2.588000e-05	-1.481576e-02	7.287245e+00
2.589000e-05	-1.221187e-02	7.334822e+00
2.590000e-05	-1.499089e-02	7.325749e+00
2.591000e-05	-1.856952e-02	7.355895e+00
2.592000e-05	-1.805524e-02	7.357922e+00
2.593000e-05	-1.573891e-02	7.315875e+00
2.594000e-05	-1.439684e-02	7.348375e+00
2.595000e-05	-1.909779e-02	7.287820e+00
2.596000e-05	-2.016389e-02	7.346746e+00
2.597000e-05	-1.855559e-02	7.286237e+00
2.598000e-05	-1.704687e-02	7.294740e+00
2.599000e-05	-1.727048e-02	7.256241e+00
2.600000e-05	-2.084813e-02	7.243186e+00
2.601000e-05	-2.074301e-02	7.262169e+00
2.602000e-05	-1.964524e-02	7.274058e+00
2.603000e-05	-1.962938e-02	7.241132e+00
2.604000e-05	-2.190315e-02	7.212528e+00
2.605000e-05	-2.318769e-02	7.179474e+00
2.606000e-05	-2.173143e-02	7.169448e+00
2.607000e-05	-1.937124e-02	7.167973e+00
2.608000e-05	-2.144498e-02	7.147823e+00
2.609000e-05	-2.414573e-02	7.116841e+00
2.610000e-05	-2.493085e-02	7.127237e+00
2.611000e-05	-2.388640e-02	7.074139e+00
2.612000e-05	-2.344060e-02	7.022582e+00
2.613000e-05	-2.386815e-02	7.001028e+00
2.614000e-05	-2.767919e-02	6.939374e+00
2.615000e-05	-2.537065e-02	6.936792e+00
2.616000e-05	-2.569530e-02	6.865288e+00
2.617000e-05	-2.521822e-02	6.856187e+00
2.618000e-05	-2.879554e-02	6.821579e+00
2.619000e-05	-2.828839e-02	6.809978e+00
2.620000e-05	-2.848821e-02	6.768374e+00
2.621000e-05	-2.807206e-02	6.716366e+00
2.622000e-05	-2.931196e-02	6.655187e+00
2.623000e-05	-3.009487e-02	6.581505e+00
2.624000e-05	-3.038467e-02	6.505876e+00
2.625000e-05	-2.949522e-02	6.443158e+00
2.626000e-05	-2.995118e-02	6.411576e+00
2.627000e-05	-3.060717e-02	6.379950e+00
2.628000e-05	-3.025337e-02	6.327345e+00
2.629000e-05	-2.887531e-02	6.265163e+00
2.630000e-05	-2.710192e-02	6.223058e+00
2.631000e-05	-2.743815e-02	6.180425e+00
2.632000e-05	-2.644142e-02	6.106840e+00
2.633000e-05	-2.545738e-02	6.034587e+00
2.634000e-05	-2.356562e-02	6.011029e+00
2.635000e-05	-2.305633e-02	5.989472e+00
2.636000e-05	-2.240780e-02	5.896215e+00
2.637000e-05	-2.160214e-02	5.781403e+00
2.638000e-05	-2.032112e-02	5.664664e+00
2.639000e-05	-1.875757e-02	5.621082e+00
2.640000e-05	-1.837610e-02	5.528949e+00
2.641000e-05	-1.830907e-02	5.455266e+00
2.642000e-05	-1.816425e-02	5.422008e+00
2.643000e-05	-1.655954e-02	5.358400e+00
2.644000e-05	-1.584790e-02	5.285166e+00
2.645000e-05	-1.568489e-02	5.211427e+00
2.646000e-05	-1.553521e-02	5.147292e+00
2.647000e-05	-1.310827e-02	4.961945e+00
2.648000e-05	-1.147348e-02	4.856190e+00
2.649000e-05	-1.224262e-02	4.792553e+00
2.650000e-05	-1.421292e-02	4.726294e+00
2.651000e-05	-1.251102e-02	4.654186e+00
2.652000e-05	-1.058921e-02	4.589950e+00
2.653000e-05	-1.131734e-02	4.474691e+00
2.654000e-05	-1.176844e-02	4.431508e+00
2.655000e-05	-1.207574e-02	4.348896e+00
2.656000e-05	-1.055769e-02	4.245661e+00
2.657000e-05	-9.535052e-03	4.126851e+00
2.658000e-05	-1.021554e-02	4.032579e+00
2.659000e-05	-1.109702e-02	3.949320e+00
2.660000e-05	-9.302258e-03	3.864159e+00
2.661000e-05	-8.560913e-03	3.749451e+00
2.662000e-05	-7.637738e-03	3.666264e+00
2.663000e-05	-9.190619e-03	3.611053e+00
2.664000e-05	-1.019264e-02	3.558795e+00
2.665000e-05	-9.969214e-03	3.363506e+00
2.666000e-05	-7.541687e-03	3.296613e+00
2.667000e-05	-7.497037e-03	3.179501e+00
2.668000e-05	-9.184095e-03	3.067192e+00
2.669000e-05	-6.585477e-03	3.011527e+00
2.670000e-05	-7.861031e-03	2.846291e+00
2.671000e-05	-4.448481e-03	2.823055e+00
2.672000e-05	-8.800531e-03	2.768396e+00
2.673000e-05	-7.634296e-03	2.614581e+00
2.674000e-05	-9.095081e-03	2.415717e+00
2.675000e-05	-7.362241e-03	2.390428e+00
2.676000e-05	-7.918819e-03	2.235234e+00
2.677000e-05	-6.621326e-03	2.180400e+00
2.678000e-05	-6.604434e-03	2.065160e+00
2.679000e-05	-4.013444e-03	2.011528e+00
2.680000e-05	-3.590124e-03	1.916319e+00
2.681000e-05	-5.012427e-03	1.789953e+00
2.682000e-05	-5.884371e-03	1.655736e+00
2.683000e-05	-7.880277e-03	1.569403e+00
2.684000e-05	-5.974681e-03	1.442758e+00
2.685000e-05	-7.172453e-03	1.359323e+00
2.686000e-05	-4.880488e-03	1.262657e+00
2.687000e-05	-5.919537e-03	1.139392e+00
2.688000e-05	-3.335615e-03	9.830767e-01
2.689000e-05	-4.444086e-03	8.436854e-01
2.690000e-05	-4.294121e-03	7.598711e-01
2.691000e-05	-5.691694e-03	6.631368e-01
2.692000e-05	-5.776140e-03	5.783726e-01
2.693000e-05	-5.470715e-03	4.646080e-01
2.694000e-05	-5.133687e-03	3.599237e-01
2.695000e-05	-4.101326e-03	2.346618e-01
2.696000e-05	-5.317901e-03	7.776460e-02
2.697000e-05	-3.240155e-03	-1.949981e-02
2.698000e-05	-2.718352e-03	-9.271308e-02
2.699000e-05	4.797550e-04	-1.979447e-01
2.700000e-05	1.710039e-03	-3.227328e-01
2.701000e-05	-4.229985e-04	-3.689472e-01
2.702000e-05	-8.839036e-04	-4.816827e-01
2.703000e-05	-2.404502e-03	-5.969944e-01
2.704000e-05	-1.324751e-03	-7.638431e-01
2.705000e-05	4.524142e-03	-7.889760e-01
2.706000e-05	5.183680e-02	-9.332791e-01
2.707000e-05	4.724859e-02	-1.019077e+00
2.708000e-05	-5.086891e-02	-1.238548e+00
2.709000e-05	-1.002081e-01	-1.491178e+00
2.710000e-05	3.718781e-02	-1.525188e+00
2.711000e-05	1.035440e-01	-1.441258e+00
2.712000e-05	-8.990448e-02	-1.648700e+00
2.713000e-05	-8.114803e-02	-1.827996e+00
2.714000e-05	1.773887e-01	-1.790580e+00
2.715000e-05	-6.629934e-02	-1.902834e+00
2.716000e-05	-1.404648e-01	-2.063684e+00
2.717000e-05	1.575722e-01	-2.054296e+00
2.718000e-05	1.282787e-03	-2.218182e+00
2.719000e-05	-1.508538e-01	-2.417499e+00
2.720000e-05	1.394800e-01	-2.442682e+00
2.721000e-05	2.233889e-02	-2.535417e+00
2.722000e-05	-8.974710e-02	-2.733789e+00
2.723000e-05	8.804372e-02	-2.768448e+00
2.724000e-05	-4.567502e-02	-2.871681e+00
2.725000e-05	-3.527849e-02	-2.968530e+00
2.726000e-05	8.103426e-02	-3.062240e+00
2.727000e-05	-6.175312e-02	-3.207051e+00
2.728000e-05	9.004289e-03	-3.326314e+00
2.729000e-05	7.648985e-02	-3.337922e+00
2.730000e-05	-8.938364e-02	-3.471635e+00
2.731000e-05	5.357012e-02	-3.597970e+00
2.732000e-05	1.944381e-02	-3.609028e+00
2.733000e-05	-7.771263e-02	-3.744272e+00
2.734000e-05	6.461903e-02	-3.873214e+00
2.735000e-05	2.898306e-03	-4.017547e+00
2.736000e-05	-1.502058e-02	-4.050210e+00
2.737000e-05	2.375399e-02	-4.145972e+00
2.738000e-05	-2.704080e-02	-4.231080e+00
2.739000e-05	2.679267e-02	-4.345845e+00
2.740000e-05	-2.477016e-03	-4.418474e+00
2.741000e-05	-1.145945e-02	-4.473159e+00
2.742000e-05	2.128122e-02	-4.546917e+00
2.743000e-05	-1.482854e-02	-4.651139e+00
2.744000e-05	2.923703e-02	-4.727792e+00
2.745000e-05	-3.211442e-03	-4.856578e+00
2.746000e-05	-1.757920e-02	-4.956318e+00
2.747000e-05	2.482053e-02	-4.998001e+00
2.748000e-05	-1.826451e-02	-5.094662e+00
2.749000e-05	2.781848e-02	-5.177949e+00
2.750000e-05	-1.557901e-03	-5.250158e+00
2.751000e-05	-1.202050e-02	-5.375377e+00
2.752000e-05	2.585228e-02	-5.513784e+00
2.753000e-05	-9.005605e-03	-5.566922e+00
2.754000e-05	1.575480e-02	-5.620575e+00
2.755000e-05	-8.868622e-03	-5.682237e+00
2.756000e-05	-2.988948e-03	-5.769395e+00
2.757000e-05	1.897535e-02	-5.819079e+00
2.758000e-05	-7.504668e-04	-5.863187e+00
2.759000e-05	1.374088e-02	-5.916872e+00
2.760000e-05	-6.008902e-03	-5.989029e+00
2.761000e-05	5.047696e-03	-6.090631e+00
2.762000e-05	1.283792e-02	-6.143213e+00
2.763000e-05	-2.936294e-03	-6.200051e+00
2.764000e-05	7.440404e-03	-6.314741e+00
2.765000e-05	-3.275827e-03	-6.345899e+00
2.766000e-05	1.058558e-02	-6.387999e+00
2.767000e-05	1.185008e-02	-6.442656e+00
2.768000e-05	-8.965453e-05	-6.504717e+00
2.769000e-05	4.477455e-03	-6.556371e+00
2.770000e-05	-2.263271e-03	-6.620525e+00
2.771000e-05	1.335409e-02	-6.640710e+00
2.772000e-05	7.018843e-03	-6.765288e+00
2.773000e-05	2.753792e-03	-6.745874e+00
2.774000e-05	5.510252e-03	-6.778449e+00
2.775000e-05	3.149104e-03	-6.831004e+00
2.776000e-05	1.211350e-02	-6.831107e+00
2.777000e-05	2.268535e-03	-6.903314e+00
2.778000e-05	4.285561e-03	-6.937920e+00
2.779000e-05	4.424067e-03	-7.021036e+00
2.780000e-05	1.053373e-02	-7.082312e+00
2.781000e-05	1.146418e-02	-7.093371e+00
2.782000e-05	3.178173e-03	-7.178474e+00
2.783000e-05	3.697170e-03	-7.178451e+00
2.784000e-05	3.554211e-03	-7.198502e+00
2.785000e-05	9.574138e-03	-7.191008e+00
2.786000e-05	8.920648e-03	-7.242083e+00
2.787000e-05	5.392307e-03	-7.272734e+00
2.788000e-05	7.075275e-03	-7.273165e+00
2.789000e-05	8.940740e-03	-7.295790e+00
2.790000e-05	1.028251e-02	-7.314792e+00
2.791000e-05	6.431900e-03	-7.357296e+00
2.792000e-05	5.282272e-03	-7.357400e+00
2.793000e-05	7.935498e-03	-7.377973e+00
2.794000e-05	1.077539e-02	-7.380050e+00
2.795000e-05	1.028538e-02	-7.399455e+00
2.796000e-05	6.704758e-03	-7.421079e+00
2.797000e-05	6.315985e-03	-7.431633e+00
2.798000e-05	9.163954e-03	-7.430558e+00
2.799000e-05	1.221483e-02	-7.440955e+00
2.800000e-05	1.015248e-02	-7.442157e+00
2.801000e-05	8.610874e-03	-7.413578e+00
2.802000e-05	9.840770e-03	-7.441558e+00
2.803000e-05	1.246860e-02	-7.431132e+00
2.804000e-05	1.210581e-02	-7.483083e+00
2.805000e-05	9.756901e-03	-7.420559e+00
2.806000e-05	9.514253e-03	-7.431057e+00
2.807000e-05	1.238023e-02	-7.422133e+00
2.808000e-05	1.416267e-02	-7.432133e+00
2.809000e-05	1.352993e-02	-7.421032e+00
2.810000e-05	1.107422e-02	-7.430080e+00
2.811000e-05	1.229608e-02	-7.388978e+00
2.812000e-05	1.606612e-02	-7.387979e+00
2.813000e-05	1.338179e-02	-7.348496e+00
2.814000e-05	1.440039e-02	-7.337347e+00
2.815000e-05	1.117448e-02	-7.334290e+00
2.816000e-05	1.722809e-02	-7.277291e+00
2.817000e-05	1.702097e-02	-7.254237e+00
2.818000e-05	1.866076e-02	-7.242161e+00
2.819000e-05	1.466050e-02	-7.232080e+00
2.820000e-05	1.617911e-02	-7.231058e+00
2.821000e-05	1.653838e-02	-7.189475e+00
2.822000e-05	1.867452e-02	-7.169495e+00
2.823000e-05	1.709952e-02	-7.155371e+00
2.824000e-05	1.704604e-02	-7.125720e+00
2.825000e-05	1.849310e-02	-7.021166e+00
2.826000e-05	2.156596e-02	-7.002032e+00
2.827000e-05	2.262021e-02	-6.934850e+00
2.828000e-05	1.899930e-02	-6.923747e+00
2.829000e-05	1.862643e-02	-6.842658e+00
2.830000e-05	1.846710e-02	-6.780532e+00
2.831000e-05	2.445056e-02	-6.769451e+00
2.832000e-05	2.322444e-02	-6.748371e+00
2.833000e-05	2.275866e-02	-6.713347e+00
2.834000e-05	2.245265e-02	-6.633614e+00
2.835000e-05	2.459445e-02	-6.590004e+00
2.836000e-05	2.424503e-02	-6.558395e+00
2.837000e-05	2.126192e-02	-6.525745e+00
2.838000e-05	1.968226e-02	-6.415188e+00
2.839000e-05	1.990602e-02	-6.430505e+00
2.840000e-05	2.370081e-02	-6.338419e+00
2.841000e-05	2.086195e-02	-6.267792e+00
2.842000e-05	1.971213e-02	-6.192584e+00
2.843000e-05	1.641965e-02	-6.117944e+00
2.844000e-05	1.733064e-02	-6.055210e+00
2.845000e-05	1.651559e-02	-6.029526e+00
2.846000e-05	1.553951e-02	-5.918899e+00
2.847000e-05	1.178538e-02	-5.875741e+00
2.848000e-05	1.247061e-02	-5.821007e+00
2.849000e-05	1.286350e-02	-5.697424e+00
2.850000e-05	1.189091e-02	-5.664689e+00
2.851000e-05	9.236196e-03	-5.620555e+00
2.852000e-05	6.868026e-03	-5.569396e+00
2.853000e-05	9.029538e-03	-5.455687e+00
2.854000e-05	9.366371e-03	-5.359525e+00
2.855000e-05	9.194537e-03	-5.223585e+00
2.856000e-05	4.860078e-03	-5.160949e+00
2.857000e-05	3.777607e-03	-5.096264e+00
2.858000e-05	5.142026e-03	-5.011581e+00
2.859000e-05	5.629888e-03	-4.928771e+00
2.860000e-05	2.920343e-03	-4.792109e+00
2.861000e-05	2.758397e-03	-4.664895e+00
2.862000e-05	3.947471e-03	-4.631532e+00
2.863000e-05	5.557985e-03	-4.539350e+00
2.864000e-05	4.306153e-03	-4.453112e+00
2.865000e-05	1.247607e-03	-4.430053e+00
2.866000e-05	1.385904e-03	-4.318350e+00
2.867000e-05	1.787799e-03	-4.273687e+00
2.868000e-05	2.163227e-03	-4.188349e+00
2.869000e-05	4.746892e-04	-4.066191e+00
2.870000e-05	-3.833315e-04	-4.000554e+00
2.871000e-05	9.965458e-04	-3.887842e+00
2.872000e-05	2.934327e-03	-3.802434e+00
2.873000e-05	2.034505e-03	-3.644238e+00
2.874000e-05	-7.346120e-04	-3.600477e+00
2.875000e-05	-1.980461e-03	-3.527292e+00
2.876000e-05	-9.208469e-04	-3.410553e+00
2.877000e-05	-2.933852e-04	-3.287392e+00
2.878000e-05	-2.436158e-03	-3.231555e+00
2.879000e-05	-2.079479e-03	-3.168949e+00
2.880000e-05	-3.744544e-04	-3.013631e+00
2.881000e-05	1.148691e-03	-2.886738e+00
2.882000e-05	4.937520e-05	-2.800053e+00
2.883000e-05	-3.043882e-03	-2.726791e+00
2.884000e-05	-3.551262e-03	-2.590532e+00
2.885000e-05	-2.681940e-03	-2.486916e+00
2.886000e-05	-1.986448e-03	-2.411555e+00
2.887000e-05	-3.169127e-03	-2.339294e+00
2.888000e-05	-3.414087e-03	-2.203556e+00
2.889000e-05	-3.298488e-03	-2.035712e+00
2.890000e-05	-1.045132e-03	-1.969925e+00
2.891000e-05	-2.837592e-03	-1.845244e+00
2.892000e-05	-4.272925e-03	-1.801529e+00
2.893000e-05	-4.497843e-03	-1.645668e+00
2.894000e-05	-2.668525e-03	-1.590029e+00
2.895000e-05	-2.711883e-03	-1.519296e+00
2.896000e-05	-4.411975e-03	-1.339396e+00
2.897000e-05	-6.385655e-03	-1.183029e+00
2.898000e-05	-5.822756e-03	-1.106864e+00
2.899000e-05	-1.563015e-03	-1.010525e+00
2.900000e-05	-2.384650e-03	-8.582147e-01
2.901000e-05	-5.032688e-03	-8.005027e-01
2.902000e-05	-7.578935e-03	-6.783372e-01
2.903000e-05	-6.061785e-03	-5.709753e-01
2.904000e-05	-3.542487e-03	-4.221343e-01
2.905000e-05	-5.069860e-03	-3.388237e-01
2.906000e-05	-7.393181e-03	-2.046831e-01
2.907000e-05	-6.794286e-03	-1.178949e-01
2.908000e-05	-2.903745e-03	-4.405421e-02
2.909000e-05	-3.681461e-04	2.057619e-02
2.910000e-05	-1.113873e-03	1.548117e-01
2.911000e-05	-4.225516e-03	3.438340e-01
2.912000e-05	-2.220138e-03	3.994223e-01
2.913000e-05	-1.306264e-03	4.711052e-01
2.914000e-05	-2.474270e-03	5.979209e-01
2.915000e-05	-2.482712e-03	6.931802e-01
2.916000e-05	1.803889e-02	8.080197e-01
2.917000e-05	5.827870e-02	8.922327e-01
2.918000e-05	-3.039900e-03	1.162240e+00
2.919000e-05	-6.742639e-02	1.241075e+00
2.920000e-05	-1.045673e-01	1.265263e+00
2.921000e-05	9.478636e-02	1.406418e+00
2.922000e-05	5.070572e-02	1.575489e+00
2.923000e-05	-1.470688e-01	1.724737e+00
2.924000e-05	1.897274e-02	1.693913e+00
2.925000e-05	1.277371e-01	1.912129e+00
2.926000e-05	-1.105363e-01	2.009922e+00
2.927000e-05	-4.952324e-02	2.020026e+00
2.928000e-05	1.244046e-01	2.083334e+00
2.929000e-05	-1.030505e-01	2.293178e+00
2.930000e-05	-6.144700e-02	2.337844e+00
2.931000e-05	1.341973e-01	2.460526e+00
2.932000e-05	-4.412996e-02	2.495888e+00
2.933000e-05	-4.699951e-02	2.681685e+00
2.934000e-05	5.442598e-02	2.788443e+00
2.935000e-05	-5.748904e-02	2.913185e+00
2.936000e-05	5.146650e-03	2.955420e+00
2.937000e-05	1.974611e-02	3.042184e+00
2.938000e-05	-4.571705e-02	3.187892e+00
2.939000e-05	2.531892e-02	3.220501e+00
2.940000e-05	3.470177e-03	3.344810e+00
2.941000e-05	-2.852118e-02	3.401076e+00
2.942000e-05	1.627659e-02	3.576893e+00
2.943000e-05	-1.718650e-02	3.631653e+00
2.944000e-05	-3.610827e-02	3.746272e+00
2.945000e-05	3.008156e-02	3.810054e+00
2.946000e-05	5.395279e-03	3.945291e+00
2.947000e-05	-2.435062e-02	3.998500e+00
2.948000e-05	-8.583624e-03	4.063183e+00
2.949000e-05	-4.389443e-04	4.216901e+00
2.950000e-05	-6.026922e-03	4.335262e+00
2.951000e-05	-8.183243e-03	4.408525e+00
2.952000e-05	-4.045199e-03	4.522709e+00
2.953000e-05	-2.273565e-02	4.577401e+00
2.954000e-05	1.176549e-02	4.651606e+00
2.955000e-05	3.883254e-03	4.744417e+00
2.956000e-05	-1.960595e-02	4.830525e+00
2.957000e-05	-1.584524e-02	4.914162e+00
2.958000e-05	-5.033981e-03	5.021500e+00
2.959000e-05	5.775102e-04	5.136890e+00
2.960000e-05	-3.604530e-03	5.240953e+00
2.961000e-05	-1.091665e-02	5.284866e+00
2.962000e-05	-1.487320e-02	5.397454e+00
2.963000e-05	1.491707e-03	5.481607e+00
2.964000e-05	-1.989432e-03	5.515292e+00
2.965000e-05	-1.035589e-02	5.577972e+00
2.966000e-05	-2.031965e-02	5.622529e+00
2.967000e-05	-6.410351e-03	5.685891e+00
2.968000e-05	-1.574781e-03	5.809529e+00
2.969000e-05	-4.238378e-03	5.941768e+00
2.970000e-05	-1.264763e-02	5.986871e+00
2.971000e-05	-1.498572e-02	6.051529e+00
2.972000e-05	-2.470319e-03	6.061683e+00
2.973000e-05	-4.783454e-03	6.124841e+00
2.974000e-05	-9.481791e-03	6.179475e+00
2.975000e-05	-1.702563e-02	6.211582e+00
2.976000e-05	-8.320295e-03	6.324309e+00
2.977000e-05	-4.041947e-03	6.346370e+00
2.978000e-05	-6.690354e-03	6.399999e+00
2.979000e-05	-1.410728e-02	6.432103e+00
2.980000e-05	-1.681984e-02	6.482712e+00
2.981000e-05	-7.058008e-03	6.539918e+00
2.982000e-05	-5.678308e-03	6.640031e+00
2.983000e-05	-9.002821e-03	6.693842e+00
2.984000e-05	-1.762684e-02	6.726817e+00
2.985000e-05	-1.046028e-02	6.788421e+00
2.986000e-05	-8.805173e-03	6.799578e+00
2.987000e-05	-6.721837e-03	6.831579e+00
2.988000e-05	-1.485120e-02	6.853164e+00
2.989000e-05	-1.506544e-02	6.873216e+00
2.990000e-05	-9.779730e-03	6.937844e+00
2.991000e-05	-6.481639e-03	6.978877e+00
2.992000e-05	-1.062240e-02	7.022030e+00
2.993000e-05	-1.740408e-02	7.052504e+00
2.994000e-05	-1.614465e-02	7.064264e+00
2.995000e-05	-1.006624e-02	7.165789e+00
2.996000e-05	-7.568355e-03	7.185792e+00
2.997000e-05	-1.194214e-02	7.147921e+00
2.998000e-05	-1.554375e-02	7.189448e+00
2.999000e-05	-1.522211e-02	7.189999e+00
3.000000e-05	-1.150206e-02	7.220525e+00
3.001000e-05	-1.324180e-02	7.240529e+00
3.002000e-05	-1.762519e-02	7.252107e+00
3.003000e-05	-1.583429e-02	7.253609e+00
3.004000e-05	-1.097906e-02	7.262709e+00
3.005000e-05	-8.140593e-03	7.243132e+00
3.006000e-05	-1.412753e-02	7.266217e+00
3.007000e-05	-1.997407e-02	7.273716e+00
3.008000e-05	-1.790108e-02	7.286372e+00
3.009000e-05	-1.472918e-02	7.305290e+00
3.010000e-05	-1.561778e-02	7.325817e+00
3.011000e-05	-1.657507e-02	7.296822e+00
3.012000e-05	-1.924945e-02	7.357847e+00
3.013000e-05	-1.227806e-02	7.357301e+00
3.014000e-05	-1.357056e-02	7.328821e+00
3.015000e-05	-1.404695e-02	7.316767e+00
3.016000e-05	-2.316955e-02	7.338321e+00
3.017000e-05	-1.879092e-02	7.299168e+00
3.018000e-05	-2.180232e-02	7.345716e+00
3.019000e-05	-1.684050e-02	7.315266e+00
3.020000e-05	-2.165299e-02	7.295168e+00
3.021000e-05	-1.937375e-02	7.252639e+00
3.022000e-05	-1.730925e-02	7.252584e+00
3.023000e-05	-1.574762e-02	7.242056e+00
3.024000e-05	-1.731908e-02	7.211109e+00
3.025000e-05	-2.558744e-02	7.220527e+00
3.026000e-05	-2.485568e-02	7.160448e+00
3.027000e-05	-2.755420e-02	7.187945e+00
3.028000e-05	-2.142084e-02	7.137374e+00
3.029000e-05	-2.468554e-02	7.138843e+00
3.030000e-05	-2.055512e-02	7.064218e+00
3.031000e-05	-2.219186e-02	7.043708e+00
3.032000e-05	-1.814814e-02	7.031556e+00
3.033000e-05	-2.382303e-02	7.020954e+00
3.034000e-05	-2.865358e-02	6.978450e+00
3.035000e-05	-3.129762e-02	6.927819e+00
3.036000e-05	-2.908922e-02	6.885765e+00
3.037000e-05	-2.494125e-02	6.844159e+00
3.038000e-05	-2.682328e-02	6.800560e+00
3.039000e-05	-2.693287e-02	6.801478e+00
3.040000e-05	-2.841404e-02	6.789946e+00
3.041000e-05	-2.668481e-02	6.767269e+00
3.042000e-05	-2.951056e-02	6.613686e+00
3.043000e-05	-3.110706e-02	6.542978e+00
3.044000e-05	-3.386816e-02	6.534300e+00
3.045000e-05	-3.145055e-02	6.462657e+00
3.046000e-05	-2.956433e-02	6.410582e+00
3.047000e-05	-2.883322e-02	6.380026e+00
3.048000e-05	-2.949968e-02	6.358346e+00
3.049000e-05	-2.912358e-02	6.265342e+00
3.050000e-05	-2.690880e-02	6.212531e+00
3.051000e-05	-2.808302e-02	6.198951e+00
3.052000e-05	-2.766574e-02	6.147795e+00
3.053000e-05	-2.665810e-02	6.063664e+00
3.054000e-05	-2.300476e-02	6.000553e+00
3.055000e-05	-2.322658e-02	5.998397e+00
3.056000e-05	-2.352675e-02	5.906214e+00
3.057000e-05	-2.189473e-02	5.822404e+00
3.058000e-05	-2.080940e-02	5.697297e+00
3.059000e-05	-1.691054e-02	5.611102e+00
3.060000e-05	-2.015242e-02	5.579445e+00
3.061000e-05	-1.934457e-02	5.497767e+00
3.062000e-05	-1.906509e-02	5.441509e+00
3.063000e-05	-1.564079e-02	5.359446e+00
3.064000e-05	-1.392759e-02	5.295189e+00
3.065000e-05	-1.362726e-02	5.221504e+00
3.066000e-05	-1.374775e-02	5.139271e+00
3.067000e-05	-1.473120e-02	4.960532e+00
3.068000e-05	-1.273860e-02	4.845685e+00
3.069000e-05	-1.486170e-02	4.800403e+00
3.070000e-05	-1.542483e-02	4.718345e+00
3.071000e-05	-1.509009e-02	4.633160e+00
3.072000e-05	-1.020760e-02	4.578899e+00
3.073000e-05	-7.590592e-03	4.477212e+00
3.074000e-05	-8.833778e-03	4.412530e+00
3.075000e-05	-1.190267e-02	4.370400e+00
3.076000e-05	-1.174349e-02	4.247163e+00
3.077000e-05	-1.134924e-02	4.087325e+00
3.078000e-05	-1.079093e-02	4.011078e+00
3.079000e-05	-1.146740e-02	3.967372e+00
3.080000e-05	-1.103128e-02	3.865638e+00
3.081000e-05	-7.648052e-03	3.782475e+00
3.082000e-05	-6.488544e-03	3.676192e+00
3.083000e-05	-5.539423e-03	3.621507e+00
3.084000e-05	-9.648338e-03	3.548344e+00
3.085000e-05	-9.433479e-03	3.435008e+00
3.086000e-05	-9.252958e-03	3.255636e+00
3.087000e-05	-7.710754e-03	3.209949e+00
3.088000e-05	-8.930701e-03	3.125785e+00
3.089000e-05	-9.423716e-03	3.011578e+00
3.090000e-05	-7.323367e-03	2.907770e+00
3.091000e-05	-5.457929e-03	2.841555e+00
3.092000e-05	-5.327455e-03	2.748899e+00
3.093000e-05	-7.708757e-03	2.635513e+00
3.094000e-05	-7.295222e-03	2.456688e+00
3.095000e-05	-6.934444e-03	2.371925e+00
3.096000e-05	-5.598587e-03	2.276286e+00
3.097000e-05	-6.392541e-03	2.170530e+00
3.098000e-05	-7.080047e-03	2.096191e+00
3.099000e-05	-8.334293e-03	1.981928e+00
3.100000e-05	-6.283814e-03	1.938216e+00
3.101000e-05	-5.011738e-03	1.812007e+00
3.102000e-05	-4.338913e-03	1.694790e+00
3.103000e-05	-5.510014e-03	1.600129e+00
3.104000e-05	-7.367315e-03	1.464612e+00
3.105000e-05	-5.035985e-03	1.339399e+00
3.106000e-05	-4.737124e-03	1.243211e+00
3.107000e-05	-5.090608e-03	1.138846e+00
3.108000e-05	-7.528543e-03	1.002024e+00
3.109000e-05	-6.860216e-03	8.641572e-01
3.110000e-05	-4.493397e-03	7.793499e-01
3.111000e-05	-3.499534e-03	6.341857e-01
3.112000e-05	-4.352539e-03	5.493238e-01
3.113000e-05	-5.064429e-03	4.346355e-01
3.114000e-05	-4.038393e-03	3.809001e-01
3.115000e-05	-1.668567e-03	2.277082e-01
3.116000e-05	-4.730951e-03	1.077173e-01
3.117000e-05	-6.843608e-03	1.023888e-03
3.118000e-05	-5.075734e-03	-1.227591e-01
3.119000e-05	-1.088051e-03	-2.004959e-01
3.120000e-05	2.694016e-03	-2.927329e-01
3.121000e-05	-7.275266e-04	-3.979698e-01
3.122000e-05	-1.249553e-03	-4.416301e-01
3.123000e-05	-8.299658e-04	-6.174661e-01
3.124000e-05	9.429571e-04	-7.349156e-01
3.125000e-05	3.819449e-03	-8.099986e-01
3.126000e-05	4.751437e-02	-9.237102e-01
3.127000e-05	5.126507e-02	-1.019525e+00
3.128000e-05	-4.768898e-02	-1.238052e+00
3.129000e-05	-9.720759e-02	-1.459030e+00
3.130000e-05	2.256226e-02	-1.504754e+00
3.131000e-05	1.093845e-01	-1.441158e+00
3.132000e-05	-7.598801e-02	-1.637574e+00
3.133000e-05	-9.626916e-02	-1.776971e+00
3.134000e-05	1.786205e-01	-1.770949e+00
3.135000e-05	-5.562470e-02	-1.902734e+00
3.136000e-05	-1.476088e-01	-2.102580e+00
3.137000e-05	1.506712e-01	-2.052716e+00
3.138000e-05	1.643110e-02	-2.207097e+00
3.139000e-05	-1.567872e-01	-2.397968e+00
3.140000e-05	1.313075e-01	-2.422633e+00
3.141000e-05	3.633559e-02	-2.556437e+00
3.142000e-05	-9.099717e-02	-2.714185e+00
3.143000e-05	8.435767e-02	-2.778371e+00
3.144000e-05	-3.495414e-02	-2.861155e+00
3.145000e-05	-4.492447e-02	-2.967448e+00
3.146000e-05	8.262164e-02	-3.102277e+00
3.147000e-05	-5.425824e-02	-3.188998e+00
3.148000e-05	-2.702121e-03	-3.322742e+00
3.149000e-05	8.217225e-02	-3.364916e+00
3.150000e-05	-8.831166e-02	-3.493258e+00
3.151000e-05	4.690572e-02	-3.597924e+00
3.152000e-05	2.940933e-02	-3.599103e+00
3.153000e-05	-8.072291e-02	-3.763492e+00
3.154000e-05	6.043819e-02	-3.854235e+00
3.155000e-05	9.798856e-03	-3.966925e+00
3.156000e-05	-1.738808e-02	-4.051079e+00
3.157000e-05	2.659785e-02	-4.166370e+00
3.158000e-05	-2.840144e-02	-4.239605e+00
3.159000e-05	2.439228e-02	-4.324816e+00
3.160000e-05	1.819216e-03	-4.428422e+00
3.161000e-05	-1.436757e-02	-4.461656e+00
3.162000e-05	2.240225e-02	-4.526289e+00
3.163000e-05	-1.632409e-02	-4.692708e+00
3.164000e-05	2.825509e-02	-4.734340e+00
3.165000e-05	1.578633e-03	-4.799997e+00
3.166000e-05	-1.973646e-02	-4.943817e+00
3.167000e-05	2.473246e-02	-5.029550e+00
3.168000e-05	-2.020235e-02	-5.103812e+00
3.169000e-05	2.606427e-02	-5.157468e+00
3.170000e-05	2.431544e-03	-5.251607e+00
3.171000e-05	-1.513968e-02	-5.327950e+00
3.172000e-05	2.594028e-02	-5.472230e+00
3.173000e-05	-8.521569e-03	-5.547346e+00
3.174000e-05	1.667382e-02	-5.609979e+00
3.175000e-05	-5.862778e-03	-5.683263e+00
3.176000e-05	-5.819407e-03	-5.786445e+00
3.177000e-05	1.754839e-02	-5.810603e+00
3.178000e-05	-4.560855e-04	-5.853166e+00
3.179000e-05	1.312737e-02	-5.935866e+00
3.180000e-05	-5.708258e-03	-5.988502e+00
3.181000e-05	1.958340e-03	-6.041583e+00
3.182000e-05	1.377446e-02	-6.114366e+00
3.183000e-05	-2.360807e-03	-6.209005e+00
3.184000e-05	1.000604e-02	-6.304163e+00
3.185000e-05	-3.162550e-03	-6.378372e+00
3.186000e-05	9.011201e-03	-6.409975e+00
3.187000e-05	1.287738e-02	-6.451133e+00
3.188000e-05	5.356669e-04	-6.476888e+00
3.189000e-05	5.340802e-03	-6.547396e+00
3.190000e-05	-3.806949e-03	-6.599483e+00
3.191000e-05	1.176970e-02	-6.653679e+00
3.192000e-05	8.121882e-03	-6.704291e+00
3.193000e-05	3.087599e-03	-6.727347e+00
3.194000e-05	6.262572e-03	-6.788474e+00
3.195000e-05	3.338362e-03	-6.830530e+00
3.196000e-05	1.275095e-02	-6.834134e+00
3.197000e-05	1.601528e-03	-6.894237e+00
3.198000e-05	2.835010e-03	-6.926500e+00
3.199000e-05	4.562002e-03	-7.030528e+00
3.200000e-05	9.158103e-03	-7.074261e+00
3.201000e-05	1.119124e-02	-7.115841e+00
3.202000e-05	3.102116e-03	-7.177870e+00
3.203000e-05	5.456718e-03	-7.218451e+00
3.204000e-05	5.176950e-03	-7.188951e+00
3.205000e-05	1.023764e-02	-7.232003e+00
3.206000e-05	8.160684e-03	-7.231107e+00
3.207000e-05	5.466076e-03	-7.271661e+00
3.208000e-05	6.663342e-03	-7.272690e+00
3.209000e-05	9.155940e-03	-7.346267e+00
3.210000e-05	9.348377e-03	-7.336393e+00
3.211000e-05	5.827605e-03	-7.347446e+00
3.212000e-05	5.547347e-03	-7.347924e+00
3.213000e-05	8.571857e-03	-7.379950e+00
3.214000e-05	1.118099e-02	-7.398478e+00
3.215000e-05	1.051963e-02	-7.410556e+00
3.216000e-05	7.550540e-03	-7.409479e+00
3.217000e-05	7.221509e-03	-7.410004e+00
3.218000e-05	1.037379e-02	-7.442082e+00
3.219000e-05	1.160760e-02	-7.421057e+00
3.220000e-05	9.544656e-03	-7.411612e+00
3.221000e-05	8.413978e-03	-7.451610e+00
3.222000e-05	9.470594e-03	-7.451659e+00
3.223000e-05	1.279456e-02	-7.460185e+00
3.224000e-05	1.199125e-02	-7.432130e+00
3.225000e-05	9.331036e-03	-7.421635e+00
3.226000e-05	9.554891e-03	-7.441084e+00
3.227000e-05	1.157126e-02	-7.431104e+00
3.228000e-05	1.411147e-02	-7.412108e+00
3.229000e-05	1.279882e-02	-7.411579e+00
3.230000e-05	1.142082e-02	-7.390529e+00
3.231000e-05	1.313523e-02	-7.370551e+00
3.232000e-05	1.575007e-02	-7.367427e+00
3.233000e-05	1.502718e-02	-7.378902e+00
3.234000e-05	1.297553e-02	-7.305870e+00
3.235000e-05	1.184058e-02	-7.316343e+00
3.236000e-05	1.573908e-02	-7.265387e+00
3.237000e-05	1.735048e-02	-7.275214e+00
3.238000e-05	1.703626e-02	-7.242137e+00
3.239000e-05	1.573028e-02	-7.222082e+00
3.240000e-05	1.622840e-02	-7.199530e+00
3.241000e-05	1.816274e-02	-7.200025e+00
3.242000e-05	1.784893e-02	-7.177476e+00
3.243000e-05	1.608377e-02	-7.127897e+00
3.244000e-05	1.616943e-02	-7.114820e+00
3.245000e-05	1.907244e-02	-7.042661e+00
3.246000e-05	2.129457e-02	-7.021957e+00
3.247000e-05	2.069904e-02	-6.905921e+00
3.248000e-05	2.062616e-02	-6.864243e+00
3.249000e-05	2.016885e-02	-6.842633e+00
3.250000e-05	2.174850e-02	-6.800527e+00
3.251000e-05	2.084656e-02	-6.789473e+00
3.252000e-05	2.083111e-02	-6.757296e+00
3.253000e-05	2.144551e-02	-6.716766e+00
3.254000e-05	2.310846e-02	-6.633163e+00
3.255000e-05	2.472313e-02	-6.631076e+00
3.256000e-05	2.557299e-02	-6.559347e+00
3.257000e-05	2.188568e-02	-6.486366e+00
3.258000e-05	2.126114e-02	-6.443559e+00
3.259000e-05	2.117363e-02	-6.410555e+00
3.260000e-05	2.109703e-02	-6.328945e+00
3.261000e-05	1.841552e-02	-6.316291e+00
3.262000e-05	1.753240e-02	-6.232636e+00
3.263000e-05	1.820081e-02	-6.076396e+00
3.264000e-05	1.968584e-02	-6.046133e+00
3.265000e-05	1.850164e-02	-5.990029e+00
3.266000e-05	1.598382e-02	-5.959350e+00
3.267000e-05	1.253360e-02	-5.865762e+00
3.268000e-05	1.214241e-02	-5.800612e+00
3.269000e-05	1.283824e-02	-5.766848e+00
3.270000e-05	9.570739e-03	-5.673218e+00
3.271000e-05	7.873203e-03	-5.601584e+00
3.272000e-05	8.079497e-03	-5.578399e+00
3.273000e-05	1.001984e-02	-5.457140e+00
3.274000e-05	1.027787e-02	-5.337853e+00
3.275000e-05	7.832639e-03	-5.261610e+00
3.276000e-05	5.295887e-03	-5.179453e+00
3.277000e-05	4.830076e-03	-5.075745e+00
3.278000e-05	4.706617e-03	-5.001533e+00
3.279000e-05	3.624198e-03	-4.929295e+00
3.280000e-05	2.947891e-03	-4.791059e+00
3.281000e-05	3.876420e-03	-4.696247e+00
3.282000e-05	5.681304e-03	-4.612633e+00
3.283000e-05	5.061071e-03	-4.547947e+00
3.284000e-05	3.277835e-03	-4.454166e+00
3.285000e-05	1.590102e-03	-4.400028e+00
3.286000e-05	9.504783e-04	-4.329868e+00
3.287000e-05	9.345148e-04	-4.242191e+00
3.288000e-05	1.890087e-03	-4.189475e+00
3.289000e-05	9.923387e-04	-4.065766e+00
3.290000e-05	9.116749e-04	-4.001031e+00
3.291000e-05	1.074124e-04	-3.929372e+00
3.292000e-05	9.963223e-04	-3.783483e+00
3.293000e-05	1.125049e-03	-3.695665e+00
3.294000e-05	-1.918268e-04	-3.599975e+00
3.295000e-05	-7.956279e-04	-3.498766e+00
3.296000e-05	-8.704235e-04	-3.412612e+00
3.297000e-05	-9.570498e-04	-3.308846e+00
3.298000e-05	-5.206934e-04	-3.201607e+00
3.299000e-05	-1.225939e-03	-3.148924e+00
3.300000e-05	-1.522903e-03	-3.033635e+00
3.301000e-05	-1.831998e-03	-2.898218e+00
3.302000e-05	-1.301319e-03	-2.810076e+00
3.303000e-05	-1.944335e-03	-2.717844e+00
3.304000e-05	-2.413860e-03	-2.612057e+00
3.305000e-05	-3.941417e-03	-2.487771e+00
3.306000e-05	-3.564273e-03	-2.402058e+00
3.307000e-05	-2.150673e-03	-2.357871e+00
3.308000e-05	-2.577130e-03	-2.202508e+00
3.309000e-05	-3.213503e-03	-2.073765e+00
3.310000e-05	-3.108473e-03	-1.989500e+00
3.311000e-05	-2.991950e-03	-1.895266e+00
3.312000e-05	-4.303772e-03	-1.789475e+00
3.313000e-05	-4.386196e-03	-1.675267e+00
3.314000e-05	-4.192104e-03	-1.619554e+00
3.315000e-05	-3.914745e-03	-1.466895e+00
3.316000e-05	-4.419285e-03	-1.360376e+00
3.317000e-05	-4.212401e-03	-1.182032e+00
3.318000e-05	-4.042124e-03	-1.087266e+00
3.319000e-05	-3.520685e-03	-9.814525e-01
3.320000e-05	-4.718839e-03	-8.662159e-01
3.321000e-05	-5.465565e-03	-8.000050e-01
3.322000e-05	-5.657568e-03	-6.963683e-01
3.323000e-05	-5.455795e-03	-5.619252e-01
3.324000e-05	-5.070048e-03	-4.610564e-01
3.325000e-05	-5.099668e-03	-3.388487e-01
3.326000e-05	-5.008371e-03	-2.331093e-01
3.327000e-05	-4.375211e-03	-1.488464e-01
3.328000e-05	-4.147647e-03	-3.313771e-02
3.329000e-05	-1.920272e-03	2.107507e-02
3.330000e-05	-3.190652e-04	1.538919e-01
3.331000e-05	-3.051545e-03	3.252316e-01
3.332000e-05	-1.647233e-03	3.984737e-01
3.333000e-05	-4.370715e-03	4.616301e-01
3.334000e-05	-4.834485e-03	5.689448e-01
3.335000e-05	-1.234425e-03	6.621803e-01
3.336000e-05	2.051243e-02	7.884186e-01
3.337000e-05	5.862075e-02	8.728590e-01
3.338000e-05	-2.335878e-04	1.183708e+00
3.339000e-05	-6.618986e-02	1.231578e+00
3.340000e-05	-1.066804e-01	1.315218e+00
3.341000e-05	8.747246e-02	1.377968e+00
3.342000e-05	6.083595e-02	1.532889e+00
3.343000e-05	-1.432010e-01	1.747713e+00
3.344000e-05	-1.400543e-03	1.746415e+00
3.345000e-05	1.385508e-01	1.871260e+00
3.346000e-05	-1.022097e-01	2.008971e+00
3.347000e-05	-6.421532e-02	2.010000e+00
3.348000e-05	1.268651e-01	2.093787e+00
3.349000e-05	-9.167712e-02	2.280560e+00
3.350000e-05	-7.212201e-02	2.376317e+00
3.351000e-05	1.340062e-01	2.440126e+00
3.352000e-05	-3.915416e-02	2.587288e+00
3.353000e-05	-5.354810e-02	2.702263e+00
3.354000e-05	5.727196e-02	2.788421e+00
3.355000e-05	-5.346876e-02	2.843234e+00
3.356000e-05	6.210932e-04	2.975872e+00
3.357000e-05	2.155867e-02	3.060630e+00
3.358000e-05	-4.235137e-02	3.156867e+00
3.359000e-05	2.161820e-02	3.221100e+00
3.360000e-05	7.302026e-03	3.336742e+00
3.361000e-05	-3.275254e-02	3.431128e+00
3.362000e-05	1.554986e-02	3.536872e+00
3.363000e-05	-1.271804e-02	3.630583e+00
3.364000e-05	-3.955321e-02	3.715788e+00
3.365000e-05	2.765088e-02	3.830000e+00
3.366000e-05	7.844673e-03	3.903314e+00
3.367000e-05	-2.218598e-02	4.030475e+00
3.368000e-05	-9.762128e-03	4.051705e+00
3.369000e-05	-5.795404e-04	4.167463e+00
3.370000e-05	-7.334822e-03	4.325889e+00
3.371000e-05	-7.353342e-03	4.389002e+00
3.372000e-05	-3.553641e-03	4.444209e+00
3.373000e-05	-2.357045e-02	4.545395e+00
3.374000e-05	8.769441e-03	4.640105e+00
3.375000e-05	6.236437e-03	4.736323e+00
3.376000e-05	-1.584259e-02	4.778449e+00
3.377000e-05	-1.633697e-02	4.925208e+00
3.378000e-05	-5.268692e-03	4.999001e+00
3.379000e-05	-2.176756e-03	5.165397e+00
3.380000e-05	-3.098234e-03	5.220049e+00
3.381000e-05	-1.033080e-02	5.303713e+00
3.382000e-05	-1.670140e-02	5.348949e+00
3.383000e-05	7.608889e-05	5.473177e+00
3.384000e-05	-2.002316e-03	5.526291e+00
3.385000e-05	-8.006228e-03	5.557892e+00
3.386000e-05	-2.041094e-02	5.632526e+00
3.387000e-05	-6.490247e-03	5.694862e+00
3.388000e-05	-2.122352e-03	5.860101e+00
3.389000e-05	-2.471901e-03	5.903684e+00
3.390000e-05	-1.147757e-02	5.949922e+00
3.391000e-05	-1.689073e-02	6.030527e+00
3.392000e-05	-5.157463e-03	6.063185e+00
3.393000e-05	-5.061657e-03	6.115821e+00
3.394000e-05	-8.643130e-03	6.218419e+00
3.395000e-05	-1.652500e-02	6.220607e+00
3.396000e-05	-9.519665e-03	6.284264e+00
3.397000e-05	-4.326385e-03	6.337346e+00
3.398000e-05	-5.608204e-03	6.398500e+00
3.399000e-05	-1.153353e-02	6.431079e+00
3.400000e-05	-1.693573e-02	6.482737e+00
3.401000e-05	-9.590230e-03	6.557418e+00
3.402000e-05	-6.687253e-03	6.640578e+00
3.403000e-05	-7.798722e-03	6.722319e+00
3.404000e-05	-1.466293e-02	6.726347e+00
3.405000e-05	-1.176066e-02	6.789899e+00
3.406000e-05	-7.995149e-03	6.829500e+00
3.407000e-05	-7.453662e-03	6.822054e+00
3.408000e-05	-1.400331e-02	6.863659e+00
3.409000e-05	-1.680473e-02	6.923738e+00
3.410000e-05	-9.954372e-03	6.967393e+00
3.411000e-05	-6.892755e-03	6.988426e+00
3.412000e-05	-9.128404e-03	7.020505e+00
3.413000e-05	-1.696190e-02	7.052183e+00
3.414000e-05	-1.492133e-02	7.064664e+00
3.415000e-05	-1.095999e-02	7.145838e+00
3.416000e-05	-8.470641e-03	7.127269e+00
3.417000e-05	-1.319164e-02	7.179421e+00
3.418000e-05	-1.586182e-02	7.179448e+00
3.419000e-05	-1.240111e-02	7.188978e+00
3.420000e-05	-1.067218e-02	7.220076e+00
3.421000e-05	-1.112293e-02	7.200055e+00
3.422000e-05	-1.824874e-02	7.213057e+00
3.423000e-05	-1.654918e-02	7.234057e+00
3.424000e-05	-1.344636e-02	7.252687e+00
3.425000e-05	-1.156490e-02	7.292758e+00
3.426000e-05	-1.591680e-02	7.254662e+00
3.427000e-05	-1.825445e-02	7.275816e+00
3.428000e-05	-1.570744e-02	7.304314e+00
3.429000e-05	-1.298495e-02	7.316824e+00
3.430000e-05	-1.375441e-02	7.336302e+00
3.431000e-05	-1.820737e-02	7.316843e+00
3.432000e-05	-1.801368e-02	7.278375e+00
3.433000e-05	-1.648757e-02	7.327854e+00
3.434000e-05	-1.462913e-02	7.327326e+00
3.435000e-05	-1.805015e-02	7.355395e+00
3.436000e-05	-1.968401e-02	7.336421e+00
3.437000e-05	-1.822879e-02	7.316820e+00
3.438000e-05	-1.536547e-02	7.283790e+00
3.439000e-05	-1.806410e-02	7.296197e+00
3.440000e-05	-2.159504e-02	7.265163e+00
3.441000e-05	-2.128413e-02	7.252161e+00
3.442000e-05	-2.014914e-02	7.283663e+00
3.443000e-05	-1.918114e-02	7.242058e+00
3.444000e-05	-2.172727e-02	7.231559e+00
3.445000e-05	-2.250566e-02	7.200476e+00
3.446000e-05	-2.308695e-02	7.188524e+00
3.447000e-05	-2.042581e-02	7.188400e+00
3.448000e-05	-2.162709e-02	7.146871e+00
3.449000e-05	-2.407005e-02	7.106363e+00
3.450000e-05	-2.435148e-02	7.085189e+00
3.451000e-05	-2.281852e-02	7.044288e+00
3.452000e-05	-2.289764e-02	7.042085e+00
3.453000e-05	-2.502949e-02	7.020955e+00
3.454000e-05	-2.742990e-02	6.988426e+00
3.455000e-05	-2.629255e-02	6.916819e+00
3.456000e-05	-2.650015e-02	6.894288e+00
3.457000e-05	-2.502550e-02	6.843110e+00
3.458000e-05	-2.702100e-02	6.831606e+00
3.459000e-05	-2.874974e-02	6.801028e+00
3.460000e-05	-2.991921e-02	6.748324e+00
3.461000e-05	-2.840575e-02	6.716896e+00
3.462000e-05	-2.890096e-02	6.695162e+00
3.463000e-05	-3.038870e-02	6.580956e+00
3.464000e-05	-3.082591e-02	6.526344e+00
3.465000e-05	-2.994542e-02	6.445161e+00
3.466000e-05	-2.876291e-02	6.422005e+00
3.467000e-05	-2.973265e-02	6.419950e+00
3.468000e-05	-3.081084e-02	6.318921e+00
3.469000e-05	-2.999962e-02	6.284740e+00
3.470000e-05	-2.709776e-02	6.212583e+00
3.471000e-05	-2.687773e-02	6.178977e+00
3.472000e-05	-2.636023e-02	6.127321e+00
3.473000e-05	-2.712140e-02	6.035262e+00
3.474000e-05	-2.399282e-02	6.031602e+00
3.475000e-05	-2.326414e-02	5.938997e+00
3.476000e-05	-2.267350e-02	5.887266e+00
3.477000e-05	-2.198625e-02	5.832113e+00
3.478000e-05	-2.029147e-02	5.687768e+00
3.479000e-05	-1.870238e-02	5.611056e+00
3.480000e-05	-1.822780e-02	5.569924e+00
3.481000e-05	-1.825972e-02	5.507242e+00
3.482000e-05	-1.774749e-02	5.433104e+00
3.483000e-05	-1.714061e-02	5.349425e+00
3.484000e-05	-1.546507e-02	5.284765e+00
3.485000e-05	-1.579703e-02	5.221607e+00
3.486000e-05	-1.459029e-02	5.147298e+00
3.487000e-05	-1.382082e-02	4.972506e+00
3.488000e-05	-1.374396e-02	4.876243e+00
3.489000e-05	-1.317968e-02	4.810503e+00
3.490000e-05	-1.277743e-02	4.728320e+00
3.491000e-05	-1.193759e-02	4.654659e+00
3.492000e-05	-1.162582e-02	4.550451e+00
3.493000e-05	-1.243658e-02	4.485212e+00
3.494000e-05	-1.252502e-02	4.423530e+00
3.495000e-05	-1.116583e-02	4.338974e+00
3.496000e-05	-1.043867e-02	4.266685e+00
3.497000e-05	-9.676685e-03	4.098295e+00
3.498000e-05	-9.810209e-03	4.011057e+00
3.499000e-05	-9.751152e-03	3.958845e+00
3.500000e-05	-8.947078e-03	3.845164e+00
3.501000e-05	-8.668613e-03	3.800975e+00
3.502000e-05	-1.007695e-02	3.657713e+00
3.503000e-05	-1.095819e-02	3.601029e+00
3.504000e-05	-9.258043e-03	3.568920e+00
3.505000e-05	-7.930893e-03	3.423980e+00
3.506000e-05	-7.333185e-03	3.247261e+00
3.507000e-05	-9.912392e-03	3.201477e+00
3.508000e-05	-9.155012e-03	3.067243e+00
3.509000e-05	-7.277909e-03	3.052126e+00
3.510000e-05	-6.302701e-03	2.908245e+00
3.511000e-05	-7.382327e-03	2.831479e+00
3.512000e-05	-8.124436e-03	2.759397e+00
3.513000e-05	-7.474582e-03	2.606058e+00
3.514000e-05	-6.111445e-03	2.457214e+00
3.515000e-05	-5.882259e-03	2.370524e+00
3.516000e-05	-6.900221e-03	2.275663e+00
3.517000e-05	-8.607564e-03	2.209549e+00
3.518000e-05	-6.404918e-03	2.094809e+00
3.519000e-05	-5.505556e-03	2.000475e+00
3.520000e-05	-5.197492e-03	1.927746e+00
3.521000e-05	-6.206638e-03	1.782083e+00
3.522000e-05	-6.812861e-03	1.695735e+00
3.523000e-05	-5.561785e-03	1.641581e+00
3.524000e-05	-4.467136e-03	1.444207e+00
3.525000e-05	-5.693911e-03	1.358394e+00
3.526000e-05	-6.674944e-03	1.274683e+00
3.527000e-05	-5.839683e-03	1.159318e+00
3.528000e-05	-3.542338e-03	1.004578e+00
3.529000e-05	-3.445834e-03	8.241582e-01
3.530000e-05	-5.488962e-03	7.703988e-01
3.531000e-05	-6.448852e-03	6.136858e-01
3.532000e-05	-4.832754e-03	5.384240e-01
3.533000e-05	-4.199777e-03	4.446580e-01
3.534000e-05	-3.842669e-03	3.693476e-01
3.535000e-05	-5.609001e-03	2.350658e-01
3.536000e-05	-5.126342e-03	7.783868e-02
3.537000e-05	-4.102246e-03	-1.892081e-02
3.538000e-05	-1.581254e-03	-3.123421e-02
3.539000e-05	-2.036080e-03	-2.079746e-01
3.540000e-05	1.559442e-03	-2.927577e-01
3.541000e-05	-6.364726e-04	-3.479221e-01
3.542000e-05	1.097080e-03	-4.611313e-01
3.543000e-05	-6.919282e-04	-5.559408e-01
3.544000e-05	-1.236890e-03	-7.332656e-01
3.545000e-05	1.560752e-03	-8.090000e-01
3.546000e-05	4.492497e-02	-8.733089e-01
3.547000e-05	5.685173e-02	-1.008125e+00
3.548000e-05	-4.636098e-02	-1.258547e+00
3.549000e-05	-9.649395e-02	-1.467626e+00
3.550000e-05	9.987387e-03	-1.486714e+00
3.551000e-05	1.177333e-01	-1.470783e+00
3.552000e-05	-6.401675e-02	-1.597048e+00
3.553000e-05	-1.127612e-01	-1.789447e+00
3.554000e-05	1.748092e-01	-1.801000e+00
3.555000e-05	-4.166660e-02	-1.881784e+00
3.556000e-05	-1.549450e-01	-2.039154e+00
3.557000e-05	1.422139e-01	-2.105290e+00
3.558000e-05	2.915991e-02	-2.228552e+00
3.559000e-05	-1.586819e-01	-2.409023e+00
3.560000e-05	1.234388e-01	-2.421531e+00
3.561000e-05	5.049519e-02	-2.573862e+00
3.562000e-05	-9.479972e-02	-2.681767e+00
3.563000e-05	7.507402e-02	-2.778943e+00
3.564000e-05	-2.455089e-02	-2.850175e+00
3.565000e-05	-5.283823e-02	-2.937398e+00
3.566000e-05	8.235905e-02	-3.113840e+00
3.567000e-05	-4.728990e-02	-3.178520e+00
3.568000e-05	-1.296812e-02	-3.315187e+00
3.569000e-05	8.984250e-02	-3.338945e+00
3.570000e-05	-8.679172e-02	-3.439736e+00
3.571000e-05	3.859918e-02	-3.576922e+00
3.572000e-05	3.662062e-02	-3.630478e+00
3.573000e-05	-8.352540e-02	-3.723237e+00
3.574000e-05	5.568412e-02	-3.872204e+00
3.575000e-05	1.740343e-02	-3.996421e+00
3.576000e-05	-2.238430e-02	-4.061629e+00
3.577000e-05	2.801219e-02	-4.116371e+00
3.578000e-05	-2.706841e-02	-4.219531e+00
3.579000e-05	2.174972e-02	-4.345343e+00
3.580000e-05	4.952035e-03	-4.367447e+00
3.581000e-05	-1.869350e-02	-4.451605e+00
3.582000e-05	2.540696e-02	-4.535770e+00
3.583000e-05	-1.691834e-02	-4.642636e+00
3.584000e-05	2.644536e-02	-4.714890e+00
3.585000e-05	4.053440e-03	-4.809475e+00
3.586000e-05	-2.110202e-02	-4.932314e+00
3.587000e-05	2.767167e-02	-4.989449e+00
3.588000e-05	-1.915228e-02	-5.052311e+00
3.589000e-05	2.137129e-02	-5.148321e+00
3.590000e-05	4.313178e-03	-5.231105e+00
3.591000e-05	-1.646642e-02	-5.386815e+00
3.592000e-05	2.699957e-02	-5.451788e+00
3.593000e-05	-7.285662e-03	-5.506372e+00
3.594000e-05	1.570448e-02	-5.600000e+00
3.595000e-05	-3.320577e-03	-5.682208e+00
3.596000e-05	-6.116203e-03	-5.716369e+00
3.597000e-05	1.783860e-02	-5.788549e+00
3.598000e-05	-3.007525e-03	-5.882162e+00
3.599000e-05	1.193288e-02	-5.945397e+00
3.600000e-05	-2.177802e-03	-5.999000e+00
3.601000e-05	2.522894e-03	-6.021159e+00
3.602000e-05	1.640268e-02	-6.115294e+00
3.603000e-05	-1.744230e-03	-6.208500e+00
3.604000e-05	9.290581e-03	-6.274218e+00
3.605000e-05	-2.852878e-03	-6.385946e+00
3.606000e-05	7.825824e-03	-6.400027e+00
3.607000e-05	1.002927e-02	-6.460609e+00
3.608000e-05	-7.782058e-04	-6.484717e+00
3.609000e-05	5.670557e-03	-6.574895e+00
3.610000e-05	1.090179e-03	-6.619026e+00
3.611000e-05	1.256184e-02	-6.652133e+00
3.612000e-05	1.086523e-02	-6.705791e+00
3.613000e-05	2.472183e-03	-6.746922e+00
3.614000e-05	6.612315e-03	-6.749474e+00
3.615000e-05	-2.415624e-03	-6.820553e+00
3.616000e-05	9.136866e-03	-6.842109e+00
3.617000e-05	1.495789e-03	-6.883185e+00
3.618000e-05	6.695875e-03	-6.906402e+00
3.619000e-05	8.027745e-03	-6.998959e+00
3.620000e-05	1.009392e-02	-7.092182e+00
3.621000e-05	1.244263e-02	-7.093815e+00
3.622000e-05	2.854521e-03	-7.168471e+00
3.623000e-05	4.120810e-03	-7.208975e+00
3.624000e-05	8.997362e-04	-7.200054e+00
3.625000e-05	7.559230e-03	-7.202107e+00
3.626000e-05	9.211286e-03	-7.240684e+00
3.627000e-05	5.252309e-03	-7.273608e+00
3.628000e-05	9.003218e-03	-7.262716e+00
3.629000e-05	8.649457e-03	-7.296368e+00
3.630000e-05	1.123058e-02	-7.295271e+00
3.631000e-05	5.600306e-03	-7.356322e+00
3.632000e-05	5.668814e-03	-7.346471e+00
3.633000e-05	6.227587e-03	-7.399446e+00
3.634000e-05	1.015896e-02	-7.381455e+00
3.635000e-05	9.201978e-03	-7.399008e+00
3.636000e-05	7.461947e-03	-7.441106e+00
3.637000e-05	7.403938e-03	-7.431657e+00
3.638000e-05	1.139807e-02	-7.441035e+00
3.639000e-05	1.166816e-02	-7.441630e+00
3.640000e-05	9.764213e-03	-7.442057e+00
3.641000e-05	9.194278e-03	-7.432554e+00
3.642000e-05	7.906924e-03	-7.472060e+00
3.643000e-05	1.264614e-02	-7.432585e+00
3.644000e-05	9.281753e-03	-7.442585e+00
3.645000e-05	1.115683e-02	-7.421635e+00
3.646000e-05	9.724792e-03	-7.433009e+00
3.647000e-05	1.289934e-02	-7.390633e+00
3.648000e-05	1.420568e-02	-7.411580e+00
3.649000e-05	1.399164e-02	-7.421004e+00
3.650000e-05	1.267569e-02	-7.430978e+00
3.651000e-05	1.214184e-02	-7.370029e+00
3.652000e-05	1.423834e-02	-7.389447e+00
3.653000e-05	1.405861e-02	-7.337475e+00
3.654000e-05	1.422997e-02	-7.367823e+00
3.655000e-05	1.182421e-02	-7.346320e+00
3.656000e-05	1.480562e-02	-7.284844e+00
3.657000e-05	1.769512e-02	-7.303138e+00
3.658000e-05	1.854007e-02	-7.233133e+00
3.659000e-05	1.677349e-02	-7.232136e+00
3.660000e-05	1.683281e-02	-7.221057e+00
3.661000e-05	1.640044e-02	-7.189003e+00
3.662000e-05	1.712379e-02	-7.149423e+00
3.663000e-05	1.665320e-02	-7.118947e+00
3.664000e-05	1.670645e-02	-7.126270e+00
3.665000e-05	1.889485e-02	-7.025112e+00
3.666000e-05	1.991394e-02	-7.010579e+00
3.667000e-05	2.246680e-02	-6.905376e+00
3.668000e-05	2.084812e-02	-6.913265e+00
3.669000e-05	2.074214e-02	-6.812587e+00
3.670000e-05	2.054395e-02	-6.820979e+00
3.671000e-05	2.100905e-02	-6.818973e+00
3.672000e-05	2.137399e-02	-6.748346e+00
3.673000e-05	2.208248e-02	-6.667798e+00
3.674000e-05	2.370644e-02	-6.623637e+00
3.675000e-05	2.335798e-02	-6.602504e+00
3.676000e-05	2.487221e-02	-6.550329e+00
3.677000e-05	2.287965e-02	-6.476770e+00
3.678000e-05	2.356581e-02	-6.443714e+00
3.679000e-05	2.082880e-02	-6.420004e+00
3.680000e-05	2.030205e-02	-6.359473e+00
3.681000e-05	1.891309e-02	-6.316271e+00
3.682000e-05	1.917590e-02	-6.194084e+00
3.683000e-05	1.843379e-02	-6.159904e+00
3.684000e-05	1.818055e-02	-6.031663e+00
3.685000e-05	1.686483e-02	-5.991053e+00
3.686000e-05	1.626469e-02	-5.988396e+00
3.687000e-05	1.364069e-02	-5.854770e+00
3.688000e-05	1.131949e-02	-5.811583e+00
3.689000e-05	1.067190e-02	-5.697950e+00
3.690000e-05	9.001466e-03	-5.645291e+00
3.691000e-05	1.000475e-02	-5.611558e+00
3.692000e-05	9.430848e-03	-5.579376e+00
3.693000e-05	1.058577e-02	-5.496241e+00
3.694000e-05	9.493936e-03	-5.360380e+00
3.695000e-05	7.430346e-03	-5.275088e+00
3.696000e-05	5.291428e-03	-5.169427e+00
3.697000e-05	4.317316e-03	-5.065241e+00
3.698000e-05	4.216375e-03	-5.041583e+00
3.699000e-05	4.246252e-03	-4.969272e+00
3.700000e-05	3.792986e-03	-4.755615e+00
3.701000e-05	4.105598e-03	-4.654347e+00
3.702000e-05	4.882529e-03	-4.642582e+00
3.703000e-05	4.134764e-03	-4.569946e+00
3.704000e-05	2.996939e-03	-4.493662e+00
3.705000e-05	1.440863e-03	-4.401499e+00
3.706000e-05	1.716055e-03	-4.350423e+00
3.707000e-05	1.119987e-03	-4.243615e+00
3.708000e-05	1.220977e-03	-4.169428e+00
3.709000e-05	1.526183e-03	-4.086617e+00
3.710000e-05	1.357789e-03	-4.031532e+00
3.711000e-05	1.721121e-03	-3.936475e+00
3.712000e-05	1.549457e-03	-3.782506e+00
3.713000e-05	-6.010361e-05	-3.682241e+00
3.714000e-05	-2.402845e-04	-3.612525e+00
3.715000e-05	-6.194036e-04	-3.536796e+00
3.716000e-05	-7.294302e-04	-3.432109e+00
3.717000e-05	-1.062093e-03	-3.316872e+00
3.718000e-05	-2.661004e-03	-3.212583e+00
3.719000e-05	-1.662783e-03	-3.159950e+00
3.720000e-05	-2.071959e-03	-3.045638e+00
3.721000e-05	-1.294704e-03	-2.866766e+00
3.722000e-05	-7.611809e-04	-2.801453e+00
3.723000e-05	-8.808331e-04	-2.738917e+00
3.724000e-05	-1.878129e-03	-2.623058e+00
3.725000e-05	-3.504891e-03	-2.498269e+00
3.726000e-05	-3.751192e-03	-2.420053e+00
3.727000e-05	-2.748014e-03	-2.328900e+00
3.728000e-05	-2.998157e-03	-2.213081e+00
3.729000e-05	-2.740219e-03	-2.065688e+00
3.730000e-05	-3.131946e-03	-1.990074e+00
3.731000e-05	-2.554657e-03	-1.926245e+00
3.732000e-05	-1.874926e-03	-1.770553e+00
3.733000e-05	-4.388280e-03	-1.695218e+00
3.734000e-05	-5.204577e-03	-1.611004e+00
3.735000e-05	-4.526822e-03	-1.488294e+00
3.736000e-05	-3.787099e-03	-1.350499e+00
3.737000e-05	-4.376085e-03	-1.204108e+00
3.738000e-05	-5.700479e-03	-1.088242e+00
3.739000e-05	-4.976455e-03	-1.011532e+00
3.740000e-05	-3.757793e-03	-9.168172e-01
3.741000e-05	-2.908518e-03	-7.895290e-01
3.742000e-05	-4.222435e-03	-7.678698e-01
3.743000e-05	-5.357435e-03	-5.499266e-01
3.744000e-05	-5.542520e-03	-4.120354e-01
3.745000e-05	-5.537435e-03	-3.683950e-01
3.746000e-05	-6.157995e-03	-2.651354e-01
3.747000e-05	-6.070900e-03	-1.598988e-01
3.748000e-05	-4.120114e-03	-3.411065e-02
3.749000e-05	-2.611912e-03	4.062626e-02
3.750000e-05	3.846623e-05	1.163341e-01
3.751000e-05	-2.586788e-03	3.126851e-01
3.752000e-05	-2.485635e-03	4.194497e-01
3.753000e-05	-3.133649e-03	4.606263e-01
3.754000e-05	-2.748748e-03	5.784183e-01
3.755000e-05	-1.222216e-03	6.817051e-01
3.756000e-05	1.544182e-02	8.094723e-01
3.757000e-05	5.705390e-02	8.717053e-01
3.758000e-05	4.796903e-03	1.153755e+00
3.759000e-05	-6.312256e-02	1.221554e+00
3.760000e-05	-1.108351e-01	1.274235e+00
3.761000e-05	7.703195e-02	1.386995e+00
3.762000e-05	7.177454e-02	1.493789e+00
3.763000e-05	-1.344649e-01	1.713234e+00
3.764000e-05	-2.219169e-02	1.727369e+00
3.765000e-05	1.470241e-01	1.858704e+00
3.766000e-05	-9.436891e-02	1.998421e+00
3.767000e-05	-7.486337e-02	2.000049e+00
3.768000e-05	1.293634e-01	2.092758e+00
3.769000e-05	-8.211661e-02	2.263178e+00
3.770000e-05	-8.464185e-02	2.326423e+00
3.771000e-05	1.341053e-01	2.398001e+00
3.772000e-05	-2.851769e-02	2.564712e+00
3.773000e-05	-5.870528e-02	2.670702e+00
3.774000e-05	5.743665e-02	2.788947e+00
3.775000e-05	-5.045937e-02	2.864079e+00
3.776000e-05	-2.121853e-03	2.944368e+00
3.777000e-05	2.272283e-02	3.071651e+00
3.778000e-05	-4.178272e-02	3.196341e+00
3.779000e-05	1.546929e-02	3.210551e+00
3.780000e-05	1.225417e-02	3.305790e+00
3.781000e-05	-3.299872e-02	3.439529e+00
3.782000e-05	1.321417e-02	3.544863e+00
3.783000e-05	-1.005805e-02	3.652103e+00
3.784000e-05	-4.104529e-02	3.745813e+00
3.785000e-05	2.728075e-02	3.840026e+00
3.786000e-05	9.263463e-03	3.954841e+00
3.787000e-05	-2.149566e-02	3.998454e+00
3.788000e-05	-1.103886e-02	4.071679e+00
3.789000e-05	5.330277e-04	4.198490e+00
3.790000e-05	-8.120939e-03	4.315313e+00
3.791000e-05	-7.528072e-03	4.397526e+00
3.792000e-05	-4.078182e-03	4.484785e+00
3.793000e-05	-2.194247e-02	4.586867e+00
3.794000e-05	8.462673e-03	4.652254e+00
3.795000e-05	7.522669e-03	4.764866e+00
3.796000e-05	-1.625574e-02	4.800974e+00
3.797000e-05	-1.882603e-02	4.873182e+00
3.798000e-05	-5.456409e-03	5.069978e+00
3.799000e-05	-3.197008e-03	5.145288e+00
3.800000e-05	-1.431272e-03	5.208500e+00
3.801000e-05	-1.037200e-02	5.284161e+00
3.802000e-05	-1.568213e-02	5.378496e+00
3.803000e-05	1.016607e-03	5.452730e+00
3.804000e-05	-2.063989e-03	5.534717e+00
3.805000e-05	-9.590047e-03	5.586922e+00
3.806000e-05	-2.161676e-02	5.630578e+00
3.807000e-05	-7.554496e-03	5.705740e+00
3.808000e-05	-2.358350e-03	5.810481e+00
3.809000e-05	-3.071231e-03	5.925683e+00
3.810000e-05	-1.084256e-02	5.977899e+00
3.811000e-05	-1.556822e-02	6.020551e+00
3.812000e-05	-4.392756e-03	6.052560e+00
3.813000e-05	-6.101188e-03	6.135844e+00
3.814000e-05	-1.004716e-02	6.178997e+00
3.815000e-05	-1.625190e-02	6.243632e+00
3.816000e-05	-9.606050e-03	6.304234e+00
3.817000e-05	-3.813543e-03	6.375868e+00
3.818000e-05	-5.248586e-03	6.378974e+00
3.819000e-05	-1.230592e-02	6.420078e+00
3.820000e-05	-1.705211e-02	6.472187e+00
3.821000e-05	-9.344661e-03	6.545865e+00
3.822000e-05	-6.278504e-03	6.670951e+00
3.823000e-05	-8.819980e-03	6.664289e+00
3.824000e-05	-1.569050e-02	6.746768e+00
3.825000e-05	-1.165909e-02	6.788999e+00
3.826000e-05	-7.700350e-03	6.809524e+00
3.827000e-05	-8.046422e-03	6.832104e+00
3.828000e-05	-1.403227e-02	6.842662e+00
3.829000e-05	-1.667155e-02	6.865290e+00
3.830000e-05	-1.079564e-02	6.938271e+00
3.831000e-05	-7.318035e-03	6.978395e+00
3.832000e-05	-1.008632e-02	7.010053e+00
3.833000e-05	-1.633607e-02	7.063630e+00
3.834000e-05	-1.373871e-02	7.052716e+00
3.835000e-05	-1.164886e-02	7.124283e+00
3.836000e-05	-8.530726e-03	7.125295e+00
3.837000e-05	-1.371451e-02	7.177371e+00
3.838000e-05	-1.598417e-02	7.169425e+00
3.839000e-05	-1.406525e-02	7.189473e+00
3.840000e-05	-1.097083e-02	7.190528e+00
3.841000e-05	-1.167604e-02	7.211002e+00
3.842000e-05	-1.800853e-02	7.241054e+00
3.843000e-05	-1.615200e-02	7.233612e+00
3.844000e-05	-1.289360e-02	7.244639e+00
3.845000e-05	-1.095958e-02	7.283138e+00
3.846000e-05	-1.555015e-02	7.293206e+00
3.847000e-05	-1.789659e-02	7.335668e+00
3.848000e-05	-1.575805e-02	7.326738e+00
3.849000e-05	-1.285295e-02	7.353771e+00
3.850000e-05	-1.456126e-02	7.278875e+00
3.851000e-05	-1.929704e-02	7.315272e+00
3.852000e-05	-1.793751e-02	7.365850e+00
3.853000e-05	-1.607516e-02	7.318775e+00
3.854000e-05	-1.416086e-02	7.336851e+00
3.855000e-05	-1.774780e-02	7.315675e+00
3.856000e-05	-2.007438e-02	7.298864e+00
3.857000e-05	-1.805738e-02	7.356341e+00
3.858000e-05	-1.655708e-02	7.324815e+00
3.859000e-05	-1.780973e-02	7.313637e+00
3.860000e-05	-2.132292e-02	7.276237e+00
3.861000e-05	-2.180995e-02	7.292162e+00
3.862000e-05	-2.097487e-02	7.263605e+00
3.863000e-05	-2.025367e-02	7.223153e+00
3.864000e-05	-2.156337e-02	7.221053e+00
3.865000e-05	-2.159343e-02	7.250025e+00
3.866000e-05	-1.959353e-02	7.170000e+00
3.867000e-05	-1.891552e-02	7.177901e+00
3.868000e-05	-2.168962e-02	7.167869e+00
3.869000e-05	-2.514744e-02	7.167393e+00
3.870000e-05	-2.692597e-02	7.116765e+00
3.871000e-05	-2.509341e-02	7.083660e+00
3.872000e-05	-2.322635e-02	7.022058e+00
3.873000e-05	-2.314831e-02	7.040528e+00
3.874000e-05	-2.556038e-02	6.970450e+00
3.875000e-05	-2.426965e-02	6.927293e+00
3.876000e-05	-2.508788e-02	6.896266e+00
3.877000e-05	-2.545309e-02	6.844636e+00
3.878000e-05	-3.003716e-02	6.830582e+00
3.879000e-05	-3.080339e-02	6.819525e+00
3.880000e-05	-3.029349e-02	6.819425e+00
3.881000e-05	-2.751759e-02	6.717890e+00
3.882000e-05	-2.845178e-02	6.674663e+00
3.883000e-05	-2.830852e-02	6.583404e+00
3.884000e-05	-2.930623e-02	6.538320e+00
3.885000e-05	-2.995745e-02	6.454636e+00
3.886000e-05	-3.033745e-02	6.401556e+00
3.887000e-05	-3.180622e-02	6.400426e+00
3.888000e-05	-3.164084e-02	6.328896e+00
3.889000e-05	-3.051884e-02	6.246240e+00
3.890000e-05	-2.657276e-02	6.234632e+00
3.891000e-05	-2.665305e-02	6.180452e+00
3.892000e-05	-2.577332e-02	6.166344e+00
3.893000e-05	-2.635883e-02	6.053685e+00
3.894000e-05	-2.459101e-02	6.030554e+00
3.895000e-05	-2.364500e-02	5.958823e+00
3.896000e-05	-2.282977e-02	5.917318e+00
3.897000e-05	-2.250538e-02	5.812059e+00
3.898000e-05	-2.051030e-02	5.676792e+00
3.899000e-05	-1.846406e-02	5.622056e+00
3.900000e-05	-1.833858e-02	5.590925e+00
3.901000e-05	-1.900325e-02	5.476792e+00
3.902000e-05	-1.878808e-02	5.424683e+00
3.903000e-05	-1.674891e-02	5.389921e+00
3.904000e-05	-1.559189e-02	5.255765e+00
3.905000e-05	-1.457260e-02	5.220587e+00
3.906000e-05	-1.591073e-02	5.106764e+00
3.907000e-05	-1.372373e-02	4.971478e+00
3.908000e-05	-1.320392e-02	4.836714e+00
3.909000e-05	-1.246301e-02	4.800477e+00
3.910000e-05	-1.318326e-02	4.717893e+00
3.911000e-05	-1.278408e-02	4.664631e+00
3.912000e-05	-1.202610e-02	4.580502e+00
3.913000e-05	-1.090522e-02	4.446290e+00
3.914000e-05	-1.146426e-02	4.413080e+00
3.915000e-05	-1.062769e-02	4.359924e+00
3.916000e-05	-1.120650e-02	4.277239e+00
3.917000e-05	-1.028708e-02	4.148900e+00
3.918000e-05	-1.042969e-02	4.043056e+00
3.919000e-05	-1.006494e-02	3.939949e+00
3.920000e-05	-1.015559e-02	3.856688e+00
3.921000e-05	-9.510257e-03	3.801075e+00
3.922000e-05	-8.409892e-03	3.697717e+00
3.923000e-05	-9.149030e-03	3.612978e+00
3.924000e-05	-8.781833e-03	3.589346e+00
3.925000e-05	-7.821467e-03	3.404983e+00
3.926000e-05	-7.350174e-03	3.285213e+00
3.927000e-05	-7.465295e-03	3.199501e+00
3.928000e-05	-8.268763e-03	3.126790e+00
3.929000e-05	-8.504731e-03	3.012082e+00
3.930000e-05	-8.004346e-03	2.968320e+00
3.931000e-05	-6.868987e-03	2.813608e+00
3.932000e-05	-7.439325e-03	2.748995e+00
3.933000e-05	-7.032890e-03	2.624066e+00
3.934000e-05	-6.137486e-03	2.465243e+00
3.935000e-05	-5.888382e-03	2.401476e+00
3.936000e-05	-6.145844e-03	2.327737e+00
3.937000e-05	-7.594240e-03	2.200528e+00
3.938000e-05	-7.285562e-03	2.057213e+00
3.939000e-05	-5.926837e-03	2.010555e+00
3.940000e-05	-5.795764e-03	1.969312e+00
3.941000e-05	-5.239879e-03	1.792478e+00
3.942000e-05	-7.259952e-03	1.706288e+00
3.943000e-05	-6.390022e-03	1.589429e+00
3.944000e-05	-4.704776e-03	1.454741e+00
3.945000e-05	-4.346667e-03	1.389946e+00
3.946000e-05	-5.347099e-03	1.254687e+00
3.947000e-05	-5.637184e-03	1.148848e+00
3.948000e-05	-5.687270e-03	1.025555e+00
3.949000e-05	-4.923635e-03	8.661580e-01
3.950000e-05	-5.373553e-03	7.709511e-01
3.951000e-05	-6.353338e-03	6.962609e-01
3.952000e-05	-5.564549e-03	5.504239e-01
3.953000e-05	-4.537814e-03	4.641843e-01
3.954000e-05	-3.522041e-03	3.799775e-01
3.955000e-05	-3.789056e-03	2.760881e-01
3.956000e-05	-4.160674e-03	1.487933e-01
3.957000e-05	-4.794355e-03	1.002782e-02
3.958000e-05	-3.811685e-03	-5.368515e-02
3.959000e-05	-2.637966e-03	-1.674484e-01
3.960000e-05	2.117995e-03	-2.712338e-01
3.961000e-05	-5.180185e-04	-3.674448e-01
3.962000e-05	-4.283341e-04	-4.215763e-01
3.963000e-05	-1.744507e-03	-5.180431e-01
3.964000e-05	-8.631868e-04	-7.433142e-01
3.965000e-05	2.151873e-03	-7.995222e-01
3.966000e-05	4.229640e-02	-8.721839e-01
3.967000e-05	5.944072e-02	-1.007597e+00
3.968000e-05	-4.280629e-02	-1.216621e+00
3.969000e-05	-9.294380e-02	-1.489631e+00
3.970000e-05	-2.478723e-03	-1.484207e+00
3.971000e-05	1.224141e-01	-1.441206e+00
3.972000e-05	-5.423029e-02	-1.627123e+00
3.973000e-05	-1.232510e-01	-1.797868e+00
3.974000e-05	1.713719e-01	-1.800474e+00
3.975000e-05	-2.832827e-02	-1.869708e+00
3.976000e-05	-1.599030e-01	-2.029524e+00
3.977000e-05	1.340758e-01	-2.064136e+00
3.978000e-05	4.425794e-02	-2.227148e+00
3.979000e-05	-1.592740e-01	-2.387523e+00
3.980000e-05	1.120526e-01	-2.441606e+00
3.981000e-05	6.320377e-02	-2.524837e+00
3.982000e-05	-9.638504e-02	-2.691686e+00
3.983000e-05	6.771390e-02	-2.768422e+00
3.984000e-05	-1.218586e-02	-2.819604e+00
3.985000e-05	-6.041173e-02	-2.957372e+00
3.986000e-05	8.210223e-02	-3.072686e+00
3.987000e-05	-3.814695e-02	-3.196050e+00
3.988000e-05	-2.282034e-02	-3.292809e+00
3.989000e-05	9.557710e-02	-3.325418e+00
3.990000e-05	-8.265504e-02	-3.470156e+00
3.991000e-05	2.782827e-02	-3.547949e+00
3.992000e-05	4.481276e-02	-3.610075e+00
3.993000e-05	-8.475124e-02	-3.695366e+00
3.994000e-05	5.079456e-02	-3.872685e+00
3.995000e-05	2.315916e-02	-3.976998e+00
3.996000e-05	-2.569564e-02	-4.040684e+00
3.997000e-05	2.829688e-02	-4.125341e+00
3.998000e-05	-2.573741e-02	-4.229053e+00
3.999000e-05	1.872745e-02	-4.293842e+00
4.000000e-05	9.350299e-03	-4.377444e+00
4.001000e-05	-2.123663e-02	-4.451683e+00
4.002000e-05	2.654938e-02	-4.574868e+00
4.003000e-05	-1.598032e-02	-4.660630e+00
4.004000e-05	2.519849e-02	-4.685739e+00
4.005000e-05	6.087989e-03	-4.796974e+00
4.006000e-05	-2.355833e-02	-4.943789e+00
4.007000e-05	2.693291e-02	-5.008002e+00
4.008000e-05	-1.767937e-02	-5.091739e+00
4.009000e-05	2.050319e-02	-5.145893e+00
4.010000e-05	6.275697e-03	-5.199005e+00
4.011000e-05	-1.814065e-02	-5.345869e+00
4.012000e-05	2.552354e-02	-5.431608e+00
4.013000e-05	-6.240164e-03	-5.566446e+00
4.014000e-05	1.227885e-02	-5.620076e+00
4.015000e-05	-1.342739e-03	-5.673657e+00
4.016000e-05	-7.639240e-03	-5.758322e+00
4.017000e-05	2.060571e-02	-5.810054e+00
4.018000e-05	-2.100628e-03	-5.883713e+00
4.019000e-05	1.111745e-02	-5.955866e+00
4.020000e-05	-1.889589e-03	-5.979949e+00
4.021000e-05	-1.276628e-04	-6.061078e+00
4.022000e-05	1.420558e-02	-6.084239e+00
4.023000e-05	-3.198410e-03	-6.187553e+00
4.024000e-05	8.508149e-03	-6.271767e+00
4.025000e-05	-1.328798e-03	-6.336369e+00
4.026000e-05	7.357635e-03	-6.409022e+00
4.027000e-05	1.413927e-02	-6.462105e+00
4.028000e-05	-1.301022e-03	-6.485739e+00
4.029000e-05	6.635516e-03	-6.526371e+00
4.030000e-05	-3.957559e-03	-6.578980e+00
4.031000e-05	1.053644e-02	-6.632084e+00
4.032000e-05	7.255379e-03	-6.694818e+00
4.033000e-05	3.160468e-03	-6.726422e+00
4.034000e-05	7.065354e-03	-6.789471e+00
4.035000e-05	3.617370e-03	-6.811104e+00
4.036000e-05	1.257778e-02	-6.850109e+00
4.037000e-05	3.692556e-03	-6.903792e+00
4.038000e-05	3.926036e-03	-6.975475e+00
4.039000e-05	4.279695e-03	-6.978605e+00
4.040000e-05	6.149459e-03	-7.033664e+00
4.041000e-05	1.024375e-02	-7.114821e+00
4.042000e-05	3.733461e-03	-7.177895e+00
4.043000e-05	5.293604e-03	-7.158975e+00
4.044000e-05	5.856961e-03	-7.179553e+00
4.045000e-05	9.300474e-03	-7.221027e+00
4.046000e-05	8.748747e-03	-7.231033e+00
4.047000e-05	4.723053e-03	-7.271662e+00
4.048000e-05	6.265764e-03	-7.294715e+00
4.049000e-05	9.296404e-03	-7.294762e+00
4.050000e-05	1.020385e-02	-7.314769e+00
4.051000e-05	7.460596e-03	-7.346869e+00
4.052000e-05	5.551889e-03	-7.338497e+00
4.053000e-05	7.750968e-03	-7.398452e+00
4.054000e-05	1.066917e-02	-7.369451e+00
4.055000e-05	9.867689e-03	-7.401578e+00
4.056000e-05	7.002050e-03	-7.409529e+00
4.057000e-05	8.237106e-03	-7.400055e+00
4.058000e-05	9.681331e-03	-7.451109e+00
4.059000e-05	1.139568e-02	-7.441029e+00
4.060000e-05	9.442170e-03	-7.431082e+00
4.061000e-05	8.417712e-03	-7.431107e+00
4.062000e-05	9.800227e-03	-7.442158e+00
4.063000e-05	1.203861e-02	-7.431608e+00
4.064000e-05	1.178754e-02	-7.451610e+00
4.065000e-05	1.163056e-02	-7.432208e+00
4.066000e-05	9.748413e-03	-7.431608e+00
4.067000e-05	1.268827e-02	-7.431085e+00
4.068000e-05	1.339864e-02	-7.410533e+00
4.069000e-05	1.266521e-02	-7.412081e+00
4.070000e-05	1.102439e-02	-7.349956e+00
4.071000e-05	1.151850e-02	-7.370498e+00
4.072000e-05	1.356203e-02	-7.358426e+00
4.073000e-05	1.528576e-02	-7.368900e+00
4.074000e-05	1.432016e-02	-7.318846e+00
4.075000e-05	1.375839e-02	-7.307246e+00
4.076000e-05	1.463593e-02	-7.296340e+00
4.077000e-05	1.708720e-02	-7.312715e+00
4.078000e-05	1.583916e-02	-7.252109e+00
4.079000e-05	1.551304e-02	-7.222559e+00
4.080000e-05	1.564198e-02	-7.220103e+00
4.081000e-05	1.795254e-02	-7.200055e+00
4.082000e-05	1.803070e-02	-7.188898e+00
4.083000e-05	1.749113e-02	-7.126374e+00
4.084000e-05	1.754275e-02	-7.115744e+00
4.085000e-05	1.775177e-02	-7.031718e+00
4.086000e-05	1.907551e-02	-6.980537e+00
4.087000e-05	1.983291e-02	-6.938724e+00
4.088000e-05	2.106389e-02	-6.884170e+00
4.089000e-05	2.053232e-02	-6.812611e+00
4.090000e-05	2.047587e-02	-6.810505e+00
4.091000e-05	2.082998e-02	-6.790028e+00
4.092000e-05	2.143802e-02	-6.757371e+00
4.093000e-05	2.332728e-02	-6.706243e+00
4.094000e-05	2.417591e-02	-6.642116e+00
4.095000e-05	2.208268e-02	-6.601031e+00
4.096000e-05	2.326453e-02	-6.567976e+00
4.097000e-05	2.268661e-02	-6.507820e+00
4.098000e-05	2.448172e-02	-6.473182e+00
4.099000e-05	2.152121e-02	-6.419453e+00
4.100000e-05	2.087648e-02	-6.378949e+00
4.101000e-05	1.822429e-02	-6.336815e+00
4.102000e-05	2.013201e-02	-6.221137e+00
4.103000e-05	1.832241e-02	-6.136421e+00
4.104000e-05	1.681914e-02	-6.084241e+00
4.105000e-05	1.475174e-02	-6.000480e+00
4.106000e-05	1.684254e-02	-5.928872e+00
4.107000e-05	1.457893e-02	-5.875691e+00
4.108000e-05	1.311448e-02	-5.832132e+00
4.109000e-05	1.034499e-02	-5.788973e+00
4.110000e-05	9.435956e-03	-5.686288e+00
4.111000e-05	9.779189e-03	-5.612558e+00
4.112000e-05	1.044040e-02	-5.578922e+00
4.113000e-05	9.646290e-03	-5.485738e+00
4.114000e-05	7.667329e-03	-5.351404e+00
4.115000e-05	8.163145e-03	-5.244115e+00
4.116000e-05	8.290431e-03	-5.178950e+00
4.117000e-05	7.250022e-03	-5.055821e+00
4.118000e-05	4.033425e-03	-5.012535e+00
4.119000e-05	1.840937e-03	-4.936298e+00
4.120000e-05	3.435496e-03	-4.802562e+00
4.121000e-05	4.975389e-03	-4.676253e+00
4.122000e-05	4.819828e-03	-4.601633e+00
4.123000e-05	3.359399e-03	-4.568923e+00
4.124000e-05	2.647848e-03	-4.486738e+00
4.125000e-05	3.023709e-03	-4.401079e+00
4.126000e-05	3.456156e-03	-4.388920e+00
4.127000e-05	1.134326e-03	-4.274162e+00
4.128000e-05	1.210306e-04	-4.189531e+00
4.129000e-05	1.377907e-03	-4.107195e+00
4.130000e-05	1.973294e-03	-4.041107e+00
4.131000e-05	2.794904e-03	-3.938874e+00
4.132000e-05	5.993415e-04	-3.782009e+00
4.133000e-05	-9.794965e-05	-3.666184e+00
4.134000e-05	3.026384e-04	-3.602055e+00
4.135000e-05	1.491244e-04	-3.508819e+00
4.136000e-05	-1.068122e-03	-3.441133e+00
4.137000e-05	-2.051803e-03	-3.328292e+00
4.138000e-05	-1.447280e-03	-3.213611e+00
4.139000e-05	-9.874950e-04	-3.169925e+00
4.140000e-05	-8.691410e-04	-3.034115e+00
4.141000e-05	-1.280540e-03	-2.907220e+00
4.142000e-05	-2.012225e-03	-2.800503e+00
4.143000e-05	-2.979709e-03	-2.718297e+00
4.144000e-05	-1.967422e-03	-2.625133e+00
4.145000e-05	-2.169157e-03	-2.488770e+00
4.146000e-05	-3.020127e-03	-2.422083e+00
4.147000e-05	-3.130664e-03	-2.358401e+00
4.148000e-05	-2.736089e-03	-2.223662e+00
4.149000e-05	-2.438141e-03	-2.065170e+00
4.150000e-05	-2.957116e-03	-1.980001e+00
4.151000e-05	-4.425750e-03	-1.907267e+00
4.152000e-05	-4.692908e-03	-1.781052e+00
4.153000e-05	-3.750876e-03	-1.716792e+00
4.154000e-05	-4.182905e-03	-1.603032e+00
4.155000e-05	-4.630988e-03	-1.548320e+00
4.156000e-05	-4.617690e-03	-1.374030e+00
4.157000e-05	-4.179593e-03	-1.214658e+00
4.158000e-05	-4.003566e-03	-1.107764e+00
4.159000e-05	-4.031824e-03	-1.001108e+00
4.160000e-05	-4.456651e-03	-8.767974e-01
4.161000e-05	-4.447250e-03	-8.105043e-01
4.162000e-05	-4.827896e-03	-7.568685e-01
4.163000e-05	-5.315995e-03	-5.599263e-01
4.164000e-05	-6.012693e-03	-4.151342e-01
4.165000e-05	-5.849992e-03	-3.389475e-01
4.166000e-05	-5.193801e-03	-2.337120e-01
4.167000e-05	-4.495546e-03	-1.474725e-01
4.168000e-05	-3.733190e-03	-4.518803e-02
4.169000e-05	-2.828382e-03	1.002375e-02
4.170000e-05	-2.220672e-05	1.443417e-01
4.171000e-05	-4.946735e-04	2.706253e-01
4.172000e-05	-3.411968e-03	4.089686e-01
4.173000e-05	-5.306869e-03	4.810575e-01
4.174000e-05	-4.301857e-03	5.564406e-01
4.175000e-05	4.479724e-04	6.915302e-01
4.176000e-05	1.567224e-02	7.674421e-01
4.177000e-05	5.514733e-02	8.622263e-01
4.178000e-05	7.471317e-03	1.121728e+00
4.179000e-05	-5.797995e-02	1.241145e+00
4.180000e-05	-1.102834e-01	1.274659e+00
4.181000e-05	6.614934e-02	1.397397e+00
4.182000e-05	7.636065e-02	1.534809e+00
4.183000e-05	-1.239164e-01	1.721288e+00
4.184000e-05	-4.194361e-02	1.737815e+00
4.185000e-05	1.548086e-01	1.851677e+00
4.186000e-05	-8.680958e-02	2.008470e+00
4.187000e-05	-8.703434e-02	2.009500e+00
4.188000e-05	1.320111e-01	2.083756e+00
4.189000e-05	-6.920913e-02	2.270078e+00
4.190000e-05	-9.462518e-02	2.356321e+00
4.191000e-05	1.305239e-01	2.427549e+00
4.192000e-05	-2.122827e-02	2.524813e+00
4.193000e-05	-6.365337e-02	2.660131e+00
4.194000e-05	5.732435e-02	2.794972e+00
4.195000e-05	-4.825137e-02	2.853083e+00
4.196000e-05	-6.903115e-03	2.915840e+00
4.197000e-05	2.392681e-02	3.050575e+00
4.198000e-05	-3.734116e-02	3.165390e+00
4.199000e-05	1.052410e-02	3.210026e+00
4.200000e-05	1.561327e-02	3.294759e+00
4.201000e-05	-3.667927e-02	3.420200e+00
4.202000e-05	1.325351e-02	3.555368e+00
4.203000e-05	-6.300180e-03	3.640575e+00
4.204000e-05	-4.318807e-02	3.684840e+00
4.205000e-05	2.443903e-02	3.819476e+00
4.206000e-05	1.115695e-02	3.954758e+00
4.207000e-05	-2.021605e-02	4.007972e+00
4.208000e-05	-1.211155e-02	4.052577e+00
4.209000e-05	2.442855e-04	4.136466e+00
4.210000e-05	-9.273542e-03	4.314754e+00
4.211000e-05	-6.638461e-03	4.428001e+00
4.212000e-05	-3.265816e-03	4.483205e+00
4.213000e-05	-2.329953e-02	4.535970e+00
4.214000e-05	5.197612e-03	4.620051e+00
4.215000e-05	6.980800e-03	4.734838e+00
4.216000e-05	-1.426109e-02	4.829424e+00
4.217000e-05	-1.835753e-02	4.872658e+00
4.218000e-05	-5.246790e-03	5.010049e+00
4.219000e-05	-4.976866e-03	5.155388e+00
4.220000e-05	-4.361440e-04	5.199002e+00
4.221000e-05	-9.762653e-03	5.303712e+00
4.222000e-05	-1.661863e-02	5.397896e+00
4.223000e-05	-1.986276e-03	5.452053e+00
4.224000e-05	-2.401196e-03	5.523766e+00
4.225000e-05	-7.493610e-03	5.557895e+00
4.226000e-05	-2.044234e-02	5.642001e+00
4.227000e-05	-7.352689e-03	5.732738e+00
4.228000e-05	-1.913089e-03	5.830022e+00
4.229000e-05	-3.518147e-03	5.844237e+00
4.230000e-05	-1.205589e-02	5.977973e+00
4.231000e-05	-1.625666e-02	6.009999e+00
4.232000e-05	-4.415115e-03	6.083682e+00
4.233000e-05	-5.984632e-03	6.136763e+00
4.234000e-05	-9.577389e-03	6.158922e+00
4.235000e-05	-1.613461e-02	6.210580e+00
4.236000e-05	-7.789258e-03	6.283663e+00
4.237000e-05	-4.310137e-03	6.346317e+00
4.238000e-05	-6.248976e-03	6.368474e+00
4.239000e-05	-1.330471e-02	6.411079e+00
4.240000e-05	-1.609532e-02	6.463181e+00
4.241000e-05	-8.684195e-03	6.556446e+00
4.242000e-05	-6.020991e-03	6.602401e+00
4.243000e-05	-9.278036e-03	6.692760e+00
4.244000e-05	-1.625531e-02	6.778391e+00
4.245000e-05	-1.150197e-02	6.777400e+00
4.246000e-05	-7.840439e-03	6.800975e+00
4.247000e-05	-7.775190e-03	6.821055e+00
4.248000e-05	-1.370728e-02	6.841709e+00
4.249000e-05	-1.488319e-02	6.905288e+00
4.250000e-05	-1.077499e-02	6.958368e+00
4.251000e-05	-7.489401e-03	7.006970e+00
4.252000e-05	-9.615548e-03	6.991528e+00
4.253000e-05	-1.580989e-02	7.063155e+00
4.254000e-05	-1.438032e-02	7.083136e+00
4.255000e-05	-1.125825e-02	7.124791e+00
4.256000e-05	-9.008348e-03	7.165895e+00
4.257000e-05	-1.324194e-02	7.156921e+00
4.258000e-05	-1.593285e-02	7.159498e+00
4.259000e-05	-1.309259e-02	7.220474e+00
4.260000e-05	-1.075066e-02	7.210527e+00
4.261000e-05	-1.169402e-02	7.221054e+00
4.262000e-05	-1.633162e-02	7.242554e+00
4.263000e-05	-1.655843e-02	7.262607e+00
4.264000e-05	-1.497773e-02	7.222612e+00
4.265000e-05	-1.152933e-02	7.252136e+00
4.266000e-05	-1.399213e-02	7.254588e+00
4.267000e-05	-1.655383e-02	7.294238e+00
4.268000e-05	-1.600068e-02	7.355265e+00
4.269000e-05	-1.425491e-02	7.352349e+00
4.270000e-05	-1.378277e-02	7.316221e+00
4.271000e-05	-1.720050e-02	7.294275e+00
4.272000e-05	-1.813013e-02	7.356473e+00
4.273000e-05	-1.766600e-02	7.327244e+00
4.274000e-05	-1.501203e-02	7.307295e+00
4.275000e-05	-1.752095e-02	7.358015e+00
4.276000e-05	-1.950951e-02	7.328345e+00
4.277000e-05	-1.988962e-02	7.304322e+00
4.278000e-05	-1.729927e-02	7.335841e+00
4.279000e-05	-1.744554e-02	7.285664e+00
4.280000e-05	-1.936719e-02	7.254211e+00
4.281000e-05	-2.045809e-02	7.254666e+00
4.282000e-05	-2.074775e-02	7.263107e+00
4.283000e-05	-1.985588e-02	7.252036e+00
4.284000e-05	-2.108599e-02	7.222529e+00
4.285000e-05	-2.200067e-02	7.199009e+00
4.286000e-05	-2.279342e-02	7.199974e+00
4.287000e-05	-2.181098e-02	7.197970e+00
4.288000e-05	-2.198038e-02	7.146922e+00
4.289000e-05	-2.384020e-02	7.127864e+00
4.290000e-05	-2.421292e-02	7.146816e+00
4.291000e-05	-2.404187e-02	7.053165e+00
4.292000e-05	-2.451859e-02	7.053635e+00
4.293000e-05	-2.234118e-02	7.011552e+00
4.294000e-05	-2.704955e-02	6.968924e+00
4.295000e-05	-2.551505e-02	6.925792e+00
4.296000e-05	-2.754570e-02	6.906267e+00
4.297000e-05	-2.478535e-02	6.830587e+00
4.298000e-05	-2.660735e-02	6.831583e+00
4.299000e-05	-2.786769e-02	6.790476e+00
4.300000e-05	-2.911309e-02	6.798974e+00
4.301000e-05	-3.014929e-02	6.758891e+00
4.302000e-05	-3.005273e-02	6.666139e+00
4.303000e-05	-3.205574e-02	6.601032e+00
4.304000e-05	-3.080149e-02	6.488323e+00
4.305000e-05	-3.020444e-02	6.484237e+00
4.306000e-05	-2.705072e-02	6.430556e+00
4.307000e-05	-2.859526e-02	6.399999e+00
4.308000e-05	-2.818445e-02	6.368794e+00
4.309000e-05	-3.140581e-02	6.266167e+00
4.310000e-05	-2.802412e-02	6.231609e+00
4.311000e-05	-2.949409e-02	6.179500e+00
4.312000e-05	-2.667128e-02	6.179394e+00
4.313000e-05	-2.678095e-02	6.055192e+00
4.314000e-05	-2.363255e-02	6.022079e+00
4.315000e-05	-2.138941e-02	5.979449e+00
4.316000e-05	-2.091171e-02	5.867219e+00
4.317000e-05	-2.127828e-02	5.844506e+00
4.318000e-05	-2.237843e-02	5.717772e+00
4.319000e-05	-1.926868e-02	5.624130e+00
4.320000e-05	-1.957336e-02	5.599375e+00
4.321000e-05	-1.751193e-02	5.517817e+00
4.322000e-05	-1.838615e-02	5.442084e+00
4.323000e-05	-1.587712e-02	5.398949e+00
4.324000e-05	-1.498652e-02	5.285215e+00
4.325000e-05	-1.303812e-02	5.202528e+00
4.326000e-05	-1.416496e-02	5.149348e+00
4.327000e-05	-1.433553e-02	5.001530e+00
4.328000e-05	-1.316968e-02	4.884221e+00
4.329000e-05	-1.264718e-02	4.820554e+00
4.330000e-05	-1.233644e-02	4.739794e+00
4.331000e-05	-1.339122e-02	4.644662e+00
4.332000e-05	-1.221392e-02	4.599951e+00
4.333000e-05	-1.150755e-02	4.476667e+00
4.334000e-05	-1.035389e-02	4.421082e+00
4.335000e-05	-1.153974e-02	4.379447e+00
4.336000e-05	-1.102949e-02	4.244685e+00
4.337000e-05	-1.112647e-02	4.148852e+00
4.338000e-05	-9.545507e-03	4.023057e+00
4.339000e-05	-1.019652e-02	3.959299e+00
4.340000e-05	-9.000664e-03	3.875263e+00
4.341000e-05	-9.303111e-03	3.791001e+00
4.342000e-05	-9.187977e-03	3.687216e+00
4.343000e-05	-8.581395e-03	3.612080e+00
4.344000e-05	-9.030966e-03	3.558371e+00
4.345000e-05	-9.660249e-03	3.414658e+00
4.346000e-05	-9.679434e-03	3.286695e+00
4.347000e-05	-7.910549e-03	3.231003e+00
4.348000e-05	-7.231085e-03	3.127841e+00
4.349000e-05	-7.385027e-03	3.010508e+00
4.350000e-05	-7.590987e-03	2.928793e+00
4.351000e-05	-7.912416e-03	2.821634e+00
4.352000e-05	-7.152996e-03	2.748926e+00
4.353000e-05	-7.058552e-03	2.677766e+00
4.354000e-05	-7.882016e-03	2.489270e+00
4.355000e-05	-7.825514e-03	2.409978e+00
4.356000e-05	-5.807099e-03	2.267266e+00
4.357000e-05	-5.377834e-03	2.220552e+00
4.358000e-05	-5.317071e-03	2.076691e+00
4.359000e-05	-6.713278e-03	2.001528e+00
4.360000e-05	-6.325309e-03	1.937796e+00
4.361000e-05	-6.218649e-03	1.852605e+00
4.362000e-05	-5.373820e-03	1.636315e+00
4.363000e-05	-5.799685e-03	1.633053e+00
4.364000e-05	-7.255378e-03	1.465711e+00
4.365000e-05	-6.127458e-03	1.359449e+00
4.366000e-05	-4.673155e-03	1.214683e+00
4.367000e-05	-5.096632e-03	1.189970e+00
4.368000e-05	-5.293089e-03	9.635281e-01
4.369000e-05	-5.475437e-03	8.546572e-01
4.370000e-05	-4.761503e-03	7.900264e-01
4.371000e-05	-5.088475e-03	6.546870e-01
4.372000e-05	-4.691886e-03	5.814003e-01
4.373000e-05	-6.125591e-03	4.346632e-01
4.374000e-05	-4.488393e-03	4.109788e-01
4.375000e-05	-3.389322e-03	2.567108e-01
4.376000e-05	-3.020504e-03	1.397712e-01
4.377000e-05	-4.185422e-03	2.157657e-02
4.378000e-05	-3.475419e-03	-9.215633e-02
4.379000e-05	-2.596128e-03	-1.774446e-01
4.380000e-05	1.194315e-03	-2.811815e-01
4.381000e-05	-7.427614e-04	-3.774183e-01
4.382000e-05	-7.302894e-06	-4.111288e-01
4.383000e-05	-7.905503e-04	-5.734421e-01
4.384000e-05	-3.939579e-04	-7.023180e-01
4.385000e-05	2.198613e-03	-8.105499e-01
4.386000e-05	3.784491e-02	-8.611828e-01
4.387000e-05	6.255533e-02	-9.485272e-01
4.388000e-05	-4.035082e-02	-1.185943e+00
4.389000e-05	-9.019641e-02	-1.388023e+00
4.390000e-05	-1.527232e-02	-1.476762e+00
4.391000e-05	1.272243e-01	-1.452238e+00
4.392000e-05	-4.306750e-02	-1.598546e+00
4.393000e-05	-1.290756e-01	-1.767348e+00
4.394000e-05	1.687561e-01	-1.821478e+00
4.395000e-05	-1.369258e-02	-1.829705e+00
4.396000e-05	-1.637715e-01	-2.050026e+00
4.397000e-05	1.234515e-01	-2.087213e+00
4.398000e-05	5.944486e-02	-2.178046e+00
4.399000e-05	-1.607380e-01	-2.387968e+00
4.400000e-05	9.752018e-02	-2.450583e+00
4.401000e-05	7.644289e-02	-2.483765e+00
4.402000e-05	-9.599700e-02	-2.701688e+00
4.403000e-05	5.936161e-02	-2.756871e+00
4.404000e-05	-4.755129e-04	-2.830177e+00
4.405000e-05	-6.910101e-02	-2.996897e+00
4.406000e-05	8.005523e-02	-3.103212e+00
4.407000e-05	-3.051130e-02	-3.185425e+00
4.408000e-05	-3.158615e-02	-3.253762e+00
4.409000e-05	9.876351e-02	-3.336872e+00
4.410000e-05	-7.822323e-02	-3.471205e+00
4.411000e-05	1.962907e-02	-3.576895e+00
4.412000e-05	5.215357e-02	-3.589050e+00
4.413000e-05	-8.598699e-02	-3.714261e+00
4.414000e-05	4.255216e-02	-3.910234e+00
4.415000e-05	2.931199e-02	-3.986946e+00
4.416000e-05	-2.763472e-02	-4.090683e+00
4.417000e-05	2.945610e-02	-4.096313e+00
4.418000e-05	-2.565388e-02	-4.209025e+00
4.419000e-05	1.473915e-02	-4.293265e+00
4.420000e-05	1.428379e-02	-4.398001e+00
4.421000e-05	-2.332329e-02	-4.432606e+00
4.422000e-05	2.713467e-02	-4.515268e+00
4.423000e-05	-1.672290e-02	-4.670154e+00
4.424000e-05	2.261112e-02	-4.715766e+00
4.425000e-05	1.132866e-02	-4.788476e+00
4.426000e-05	-2.681737e-02	-4.915317e+00
4.427000e-05	2.636206e-02	-4.977025e+00
4.428000e-05	-1.726015e-02	-5.072112e+00
4.429000e-05	1.960700e-02	-5.106921e+00
4.430000e-05	1.021598e-02	-5.249630e+00
4.431000e-05	-2.051815e-02	-5.344264e+00
4.432000e-05	2.457884e-02	-5.490560e+00
4.433000e-05	-4.343357e-03	-5.546972e+00
4.434000e-05	1.177859e-02	-5.620000e+00
4.435000e-05	5.138120e-04	-5.662685e+00
4.436000e-05	-1.088020e-02	-5.735372e+00
4.437000e-05	1.971371e-02	-5.827551e+00
4.438000e-05	-1.357486e-03	-5.872713e+00
4.439000e-05	1.034466e-02	-5.935370e+00
4.440000e-05	-1.056361e-04	-5.978525e+00
4.441000e-05	-1.597479e-03	-6.061079e+00
4.442000e-05	1.612029e-02	-6.082762e+00
4.443000e-05	-3.444396e-03	-6.207005e+00
4.444000e-05	8.782701e-03	-6.292264e+00
4.445000e-05	-1.862982e-03	-6.335847e+00
4.446000e-05	4.942150e-03	-6.388526e+00
4.447000e-05	1.472362e-02	-6.453628e+00
4.448000e-05	4.602307e-04	-6.524138e+00
4.449000e-05	7.451309e-03	-6.536425e+00
4.450000e-05	-3.233330e-03	-6.607555e+00
4.451000e-05	1.069551e-02	-6.662604e+00
4.452000e-05	8.989370e-03	-6.705262e+00
4.453000e-05	2.742869e-03	-6.757871e+00
4.454000e-05	6.757266e-03	-6.788448e+00
4.455000e-05	2.145397e-03	-6.811050e+00
4.456000e-05	1.136178e-02	-6.820057e+00
4.457000e-05	3.861129e-03	-6.885742e+00
4.458000e-05	2.880454e-03	-6.915854e+00
4.459000e-05	4.388861e-03	-7.008656e+00
4.460000e-05	7.686655e-03	-7.101712e+00
4.461000e-05	1.207285e-02	-7.113893e+00
4.462000e-05	5.554236e-03	-7.156500e+00
4.463000e-05	4.152104e-03	-7.188001e+00
4.464000e-05	4.808150e-03	-7.200479e+00
4.465000e-05	7.937524e-03	-7.231080e+00
4.466000e-05	9.104167e-03	-7.211582e+00
4.467000e-05	4.990551e-03	-7.291114e+00
4.468000e-05	4.884257e-03	-7.283814e+00
4.469000e-05	9.323266e-03	-7.325791e+00
4.470000e-05	1.068318e-02	-7.325816e+00
4.471000e-05	7.337120e-03	-7.356395e+00
4.472000e-05	5.098719e-03	-7.376372e+00
4.473000e-05	7.563710e-03	-7.368471e+00
4.474000e-05	1.089740e-02	-7.378501e+00
4.475000e-05	1.106888e-02	-7.389556e+00
4.476000e-05	6.472270e-03	-7.401025e+00
4.477000e-05	6.015591e-03	-7.401978e+00
4.478000e-05	8.858927e-03	-7.461608e+00
4.479000e-05	1.006390e-02	-7.422534e+00
4.480000e-05	9.626956e-03	-7.461034e+00
4.481000e-05	9.613183e-03	-7.453685e+00
4.482000e-05	1.077988e-02	-7.462564e+00
4.483000e-05	1.322266e-02	-7.423612e+00
4.484000e-05	1.315019e-02	-7.462609e+00
4.485000e-05	9.428699e-03	-7.431158e+00
4.486000e-05	8.698371e-03	-7.432537e+00
4.487000e-05	1.108385e-02	-7.403084e+00
4.488000e-05	1.286485e-02	-7.421632e+00
4.489000e-05	1.250445e-02	-7.421084e+00
4.490000e-05	1.322061e-02	-7.399549e+00
4.491000e-05	1.453652e-02	-7.370025e+00
4.492000e-05	1.585018e-02	-7.379424e+00
4.493000e-05	1.354901e-02	-7.328946e+00
4.494000e-05	1.251969e-02	-7.356902e+00
4.495000e-05	1.228172e-02	-7.317369e+00
4.496000e-05	1.504440e-02	-7.303769e+00
4.497000e-05	1.711590e-02	-7.275241e+00
4.498000e-05	1.714545e-02	-7.244233e+00
4.499000e-05	1.616992e-02	-7.250633e+00
4.500000e-05	1.714504e-02	-7.232054e+00
4.501000e-05	1.724158e-02	-7.189478e+00
4.502000e-05	1.641794e-02	-7.149950e+00
4.503000e-05	1.521384e-02	-7.137922e+00
4.504000e-05	1.667589e-02	-7.084795e+00
4.505000e-05	1.948309e-02	-7.023688e+00
4.506000e-05	2.056402e-02	-6.991080e+00
4.507000e-05	2.102528e-02	-6.906948e+00
4.508000e-05	2.070948e-02	-6.856747e+00
4.509000e-05	2.089599e-02	-6.823588e+00
4.510000e-05	2.114774e-02	-6.801579e+00
4.511000e-05	2.055944e-02	-6.798925e+00
4.512000e-05	1.992676e-02	-6.758399e+00
4.513000e-05	2.181561e-02	-6.686315e+00
4.514000e-05	2.389923e-02	-6.652664e+00
4.515000e-05	2.589542e-02	-6.610529e+00
4.516000e-05	2.473569e-02	-6.547404e+00
4.517000e-05	2.317640e-02	-6.508267e+00
4.518000e-05	2.200611e-02	-6.434188e+00
4.519000e-05	2.054432e-02	-6.401106e+00
4.520000e-05	1.973411e-02	-6.380501e+00
4.521000e-05	1.823368e-02	-6.296322e+00
4.522000e-05	1.867698e-02	-6.251686e+00
4.523000e-05	1.934099e-02	-6.158479e+00
4.524000e-05	1.971661e-02	-6.055213e+00
4.525000e-05	1.757303e-02	-6.000083e+00
4.526000e-05	1.529112e-02	-5.978924e+00
4.527000e-05	1.374133e-02	-5.895840e+00
4.528000e-05	1.206335e-02	-5.842584e+00
4.529000e-05	1.093719e-02	-5.758379e+00
4.530000e-05	9.409548e-03	-5.646218e+00
4.531000e-05	8.986666e-03	-5.611055e+00
4.532000e-05	9.873348e-03	-5.579974e+00
4.533000e-05	1.093552e-02	-5.486367e+00
4.534000e-05	9.603227e-03	-5.350477e+00
4.535000e-05	7.854064e-03	-5.255716e+00
4.536000e-05	5.198533e-03	-5.149555e+00
4.537000e-05	4.785384e-03	-5.075720e+00
4.538000e-05	2.857113e-03	-4.992084e+00
4.539000e-05	3.738914e-03	-4.916748e+00
4.540000e-05	3.557895e-03	-4.811638e+00
4.541000e-05	4.599563e-03	-4.705290e+00
4.542000e-05	5.141577e-03	-4.602536e+00
4.543000e-05	4.728499e-03	-4.599471e+00
4.544000e-05	2.724337e-03	-4.475189e+00
4.545000e-05	1.717895e-03	-4.431555e+00
4.546000e-05	-1.698149e-04	-4.338403e+00
4.547000e-05	6.305351e-04	-4.234216e+00
4.548000e-05	1.911066e-03	-4.190953e+00
4.549000e-05	2.085744e-03	-4.076741e+00
4.550000e-05	1.242826e-03	-3.990609e+00
4.551000e-05	7.231342e-04	-3.949347e+00
4.552000e-05	3.455650e-04	-3.834609e+00
4.553000e-05	1.050826e-03	-3.705293e+00
4.554000e-05	-1.223886e-04	-3.591028e+00
4.555000e-05	-1.306363e-03	-3.528344e+00
4.556000e-05	-1.095488e-03	-3.424134e+00
4.557000e-05	-2.081603e-04	-3.328375e+00
4.558000e-05	1.119642e-04	-3.244135e+00
4.559000e-05	-1.196715e-03	-3.158873e+00
4.560000e-05	-1.863192e-03	-3.014786e+00
4.561000e-05	-1.394007e-03	-2.916748e+00
4.562000e-05	-1.150504e-03	-2.810505e+00
4.563000e-05	-2.536976e-03	-2.718345e+00
4.564000e-05	-2.767303e-03	-2.612632e+00
4.565000e-05	-3.484975e-03	-2.548294e+00
4.566000e-05	-1.542163e-03	-2.432608e+00
4.567000e-05	-1.357254e-03	-2.358924e+00
4.568000e-05	-2.732520e-03	-2.213611e+00
4.569000e-05	-4.702558e-03	-2.085245e+00
4.570000e-05	-4.179153e-03	-1.980077e+00
4.571000e-05	-3.251257e-03	-1.886793e+00
4.572000e-05	-2.630744e-03	-1.821530e+00
4.573000e-05	-3.083074e-03	-1.728218e+00
4.574000e-05	-4.220323e-03	-1.621055e+00
4.575000e-05	-3.705313e-03	-1.517894e+00
4.576000e-05	-2.944498e-03	-1.331455e+00
4.577000e-05	-4.097977e-03	-1.253609e+00
4.578000e-05	-4.835230e-03	-1.118767e+00
4.579000e-05	-4.912319e-03	-1.023079e+00
4.580000e-05	-4.093365e-03	-9.272197e-01
4.581000e-05	-3.977011e-03	-8.015592e-01
4.582000e-05	-5.232932e-03	-7.273249e-01
4.583000e-05	-5.189163e-03	-6.009266e-01
4.584000e-05	-5.613799e-03	-4.236367e-01
4.585000e-05	-4.117469e-03	-3.298500e-01
4.586000e-05	-5.177766e-03	-2.551644e-01
4.587000e-05	-5.659859e-03	-1.404224e-01
4.588000e-05	-4.290990e-03	-3.263846e-02
4.589000e-05	-2.666885e-03	2.000357e-02
4.590000e-05	2.765190e-04	1.048353e-01
4.591000e-05	-2.663390e-03	3.007026e-01
4.592000e-05	-3.658361e-03	3.784959e-01
4.593000e-05	-3.201234e-03	4.510826e-01
4.594000e-05	-3.279775e-03	5.573419e-01
4.595000e-05	-1.651052e-03	6.511551e-01
4.596000e-05	1.359537e-02	7.458683e-01
4.597000e-05	5.391161e-02	8.611525e-01
4.598000e-05	1.342852e-02	1.091722e+00
4.599000e-05	-5.592137e-02	1.220601e+00
4.600000e-05	-1.130317e-01	1.323692e+00
4.601000e-05	5.558043e-02	1.346342e+00
4.602000e-05	8.683138e-02	1.505788e+00
4.603000e-05	-1.115770e-01	1.729653e+00
4.604000e-05	-6.078956e-02	1.695816e+00
4.605000e-05	1.607193e-01	1.851147e+00
4.606000e-05	-7.630409e-02	1.987921e+00
4.607000e-05	-9.701010e-02	2.000050e+00
4.608000e-05	1.300350e-01	2.073733e+00
4.609000e-05	-6.044485e-02	2.250529e+00
4.610000e-05	-1.051441e-01	2.295238e+00
4.611000e-05	1.272302e-01	2.410950e+00
4.612000e-05	-1.068928e-02	2.515808e+00
4.613000e-05	-6.856046e-02	2.630100e+00
4.614000e-05	5.405744e-02	2.766371e+00
4.615000e-05	-4.315915e-02	2.863156e+00
4.616000e-05	-9.474727e-03	2.965893e+00
4.617000e-05	2.461934e-02	3.041075e+00
4.618000e-05	-3.650091e-02	3.145916e+00
4.619000e-05	4.007959e-03	3.210099e+00
4.620000e-05	2.289349e-02	3.313687e+00
4.621000e-05	-3.559378e-02	3.397550e+00
4.622000e-05	1.150556e-02	3.566367e+00
4.623000e-05	-3.739604e-03	3.621071e+00
4.624000e-05	-4.626582e-02	3.754860e+00
4.625000e-05	2.408792e-02	3.840525e+00
4.626000e-05	1.320658e-02	3.924238e+00
4.627000e-05	-2.074373e-02	3.989922e+00
4.628000e-05	-1.591323e-02	4.070229e+00
4.629000e-05	2.750106e-03	4.178846e+00
4.630000e-05	-7.162370e-03	4.292187e+00
4.631000e-05	-6.743291e-03	4.407975e+00
4.632000e-05	-3.848982e-03	4.503108e+00
4.633000e-05	-2.234678e-02	4.536892e+00
4.634000e-05	4.641613e-03	4.601126e+00
4.635000e-05	8.869374e-03	4.746814e+00
4.636000e-05	-1.330427e-02	4.788972e+00
4.637000e-05	-2.037453e-02	4.862233e+00
4.638000e-05	-4.230929e-03	5.036973e+00
4.639000e-05	-4.151255e-03	5.114768e+00
4.640000e-05	4.030962e-04	5.209050e+00
4.641000e-05	-1.202177e-02	5.293259e+00
4.642000e-05	-1.676088e-02	5.356868e+00
4.643000e-05	-3.551105e-04	5.452030e+00
4.644000e-05	-7.527964e-04	5.515786e+00
4.645000e-05	-7.104272e-03	5.556822e+00
4.646000e-05	-2.134383e-02	5.622050e+00
4.647000e-05	-7.867700e-03	5.694787e+00
4.648000e-05	-2.834101e-03	5.799422e+00
4.649000e-05	-1.012056e-03	5.893242e+00
4.650000e-05	-1.415055e-02	5.966821e+00
4.651000e-05	-1.411197e-02	5.989502e+00
4.652000e-05	-5.361503e-03	6.062107e+00
4.653000e-05	-2.727122e-03	6.134342e+00
4.654000e-05	-7.786923e-03	6.187420e+00
4.655000e-05	-1.589594e-02	6.202104e+00
4.656000e-05	-9.102022e-03	6.282162e+00
4.657000e-05	-6.448784e-03	6.348363e+00
4.658000e-05	-5.837275e-03	6.369447e+00
4.659000e-05	-1.490228e-02	6.411051e+00
4.660000e-05	-1.700418e-02	6.522729e+00
4.661000e-05	-8.985652e-03	6.537918e+00
4.662000e-05	-2.957621e-03	6.629984e+00
4.663000e-05	-7.969899e-03	6.674256e+00
4.664000e-05	-1.480854e-02	6.706842e+00
4.665000e-05	-1.296321e-02	6.778399e+00
4.666000e-05	-9.337116e-03	6.801001e+00
4.667000e-05	-8.477083e-03	6.840104e+00
4.668000e-05	-1.424790e-02	6.902107e+00
4.669000e-05	-1.536638e-02	6.913212e+00
4.670000e-05	-1.056110e-02	6.946871e+00
4.671000e-05	-5.386983e-03	6.968876e+00
4.672000e-05	-9.346226e-03	6.999525e+00
4.673000e-05	-1.642947e-02	7.021678e+00
4.674000e-05	-1.636902e-02	7.074114e+00
4.675000e-05	-1.213948e-02	7.096242e+00
4.676000e-05	-9.415136e-03	7.147391e+00
4.677000e-05	-1.230021e-02	7.165896e+00
4.678000e-05	-1.615268e-02	7.198424e+00
4.679000e-05	-1.317289e-02	7.199527e+00
4.680000e-05	-1.138064e-02	7.221001e+00
4.681000e-05	-1.070829e-02	7.232053e+00
4.682000e-05	-1.743062e-02	7.210604e+00
4.683000e-05	-1.702891e-02	7.251603e+00
4.684000e-05	-1.504893e-02	7.223083e+00
4.685000e-05	-1.122014e-02	7.263635e+00
4.686000e-05	-1.350291e-02	7.273210e+00
4.687000e-05	-1.763826e-02	7.252238e+00
4.688000e-05	-1.641459e-02	7.289217e+00
4.689000e-05	-1.327215e-02	7.297440e+00
4.690000e-05	-1.415280e-02	7.365771e+00
4.691000e-05	-1.822561e-02	7.326896e+00
4.692000e-05	-1.862204e-02	7.325776e+00
4.693000e-05	-1.623170e-02	7.387371e+00
4.694000e-05	-1.471902e-02	7.348425e+00
4.695000e-05	-1.729781e-02	7.329295e+00
4.696000e-05	-2.028072e-02	7.336815e+00
4.697000e-05	-1.854178e-02	7.286744e+00
4.698000e-05	-1.679795e-02	7.356671e+00
4.699000e-05	-1.668731e-02	7.275266e+00
4.700000e-05	-2.044732e-02	7.252716e+00
4.701000e-05	-2.150967e-02	7.263633e+00
4.702000e-05	-2.109611e-02	7.234134e+00
4.703000e-05	-1.908105e-02	7.242133e+00
4.704000e-05	-2.115740e-02	7.201582e+00
4.705000e-05	-2.233023e-02	7.209978e+00
4.706000e-05	-2.237595e-02	7.199449e+00
4.707000e-05	-2.141368e-02	7.169526e+00
4.708000e-05	-2.140204e-02	7.157843e+00
4.709000e-05	-2.348621e-02	7.166244e+00
4.710000e-05	-2.478453e-02	7.094714e+00
4.711000e-05	-2.406932e-02	7.065191e+00
4.712000e-05	-2.282223e-02	7.031634e+00
4.713000e-05	-2.327625e-02	7.021003e+00
4.714000e-05	-2.610591e-02	7.008398e+00
4.715000e-05	-2.552515e-02	6.947892e+00
4.716000e-05	-2.614439e-02	6.886418e+00
4.717000e-05	-2.564127e-02	6.844686e+00
4.718000e-05	-2.857662e-02	6.811057e+00
4.719000e-05	-2.891418e-02	6.810952e+00
4.720000e-05	-2.965732e-02	6.768473e+00
4.721000e-05	-2.830425e-02	6.698894e+00
4.722000e-05	-2.843294e-02	6.663139e+00
4.723000e-05	-2.981900e-02	6.601103e+00
4.724000e-05	-3.120936e-02	6.496741e+00
4.725000e-05	-3.006056e-02	6.464243e+00
4.726000e-05	-2.894195e-02	6.421078e+00
4.727000e-05	-3.010314e-02	6.369450e+00
4.728000e-05	-3.079731e-02	6.389422e+00
4.729000e-05	-3.029911e-02	6.297236e+00
4.730000e-05	-2.809627e-02	6.284060e+00
4.731000e-05	-2.673284e-02	6.190551e+00
4.732000e-05	-2.685666e-02	6.156794e+00
4.733000e-05	-2.719927e-02	6.055112e+00
4.734000e-05	-2.456257e-02	6.021555e+00
4.735000e-05	-2.329122e-02	5.999403e+00
4.736000e-05	-2.255042e-02	5.928770e+00
4.737000e-05	-2.216905e-02	5.774036e+00
4.738000e-05	-2.211100e-02	5.686239e+00
4.739000e-05	-1.935078e-02	5.601128e+00
4.740000e-05	-1.814101e-02	5.579400e+00
4.741000e-05	-1.741818e-02	5.488791e+00
4.742000e-05	-1.850332e-02	5.444685e+00
4.743000e-05	-1.731264e-02	5.380477e+00
4.744000e-05	-1.585058e-02	5.316744e+00
4.745000e-05	-1.389138e-02	5.231529e+00
4.746000e-05	-1.492795e-02	5.157818e+00
4.747000e-05	-1.445104e-02	5.031053e+00
4.748000e-05	-1.348998e-02	4.874842e+00
4.749000e-05	-1.222625e-02	4.821528e+00
4.750000e-05	-1.258934e-02	4.757895e+00
4.751000e-05	-1.303333e-02	4.673659e+00
4.752000e-05	-1.296038e-02	4.609425e+00
4.753000e-05	-1.164980e-02	4.516813e+00
4.754000e-05	-1.036569e-02	4.411630e+00
4.755000e-05	-1.061797e-02	4.379921e+00
4.756000e-05	-1.113658e-02	4.315194e+00
4.757000e-05	-1.084743e-02	4.100801e+00
4.758000e-05	-1.001695e-02	4.022582e+00
4.759000e-05	-9.674578e-03	3.988950e+00
4.760000e-05	-1.057865e-02	3.865689e+00
4.761000e-05	-1.011625e-02	3.790925e+00
4.762000e-05	-8.490488e-03	3.697842e+00
4.763000e-05	-8.419878e-03	3.622083e+00
4.764000e-05	-8.673244e-03	3.547969e+00
4.765000e-05	-9.422024e-03	3.474559e+00
4.766000e-05	-9.001998e-03	3.295768e+00
4.767000e-05	-7.528965e-03	3.200028e+00
4.768000e-05	-7.641914e-03	3.148346e+00
4.769000e-05	-7.998413e-03	3.013632e+00
4.770000e-05	-8.179487e-03	2.938872e+00
4.771000e-05	-6.981924e-03	2.843159e+00
4.772000e-05	-6.695150e-03	2.779899e+00
4.773000e-05	-6.454235e-03	2.645236e+00
4.774000e-05	-7.431768e-03	2.499794e+00
4.775000e-05	-7.324875e-03	2.410999e+00
4.776000e-05	-6.688057e-03	2.275193e+00
4.777000e-05	-5.394645e-03	2.210529e+00
4.778000e-05	-5.788325e-03	2.097842e+00
4.779000e-05	-6.905390e-03	2.002029e+00
4.780000e-05	-7.267926e-03	1.918346e+00
4.781000e-05	-5.175031e-03	1.802082e+00
4.782000e-05	-4.978479e-03	1.754737e+00
4.783000e-05	-5.648637e-03	1.602085e+00
4.784000e-05	-6.855472e-03	1.489211e+00
4.785000e-05	-5.049748e-03	1.379373e+00
4.786000e-05	-4.193463e-03	1.295687e+00
4.787000e-05	-4.250980e-03	1.209323e+00
4.788000e-05	-5.858480e-03	1.034656e+00
4.789000e-05	-5.662647e-03	8.651159e-01
4.790000e-05	-5.269749e-03	7.900500e-01
4.791000e-05	-4.582026e-03	6.866646e-01
4.792000e-05	-5.513670e-03	6.094026e-01
4.793000e-05	-5.191143e-03	4.536580e-01
4.794000e-05	-5.084916e-03	3.900027e-01
4.795000e-05	-3.124290e-03	3.061635e-01
4.796000e-05	-4.776414e-03	1.278925e-01
4.797000e-05	-5.588763e-03	5.205545e-02
4.798000e-05	-3.441433e-03	-8.223277e-02
4.799000e-05	-1.601398e-03	-1.858946e-01
4.800000e-05	2.138377e-03	-2.616826e-01
4.801000e-05	-4.920907e-04	-3.883734e-01
4.802000e-05	-9.164841e-04	-4.305826e-01
4.803000e-05	-1.118262e-03	-5.949170e-01
4.804000e-05	-1.001293e-03	-7.328092e-01
4.805000e-05	1.187978e-03	-7.904748e-01
4.806000e-05	3.507274e-02	-8.721314e-01
4.807000e-05	6.598516e-02	-9.885722e-01
4.808000e-05	-3.614155e-02	-1.195971e+00
4.809000e-05	-8.695068e-02	-1.398624e+00
4.810000e-05	-2.872007e-02	-1.491664e+00
4.811000e-05	1.302816e-01	-1.420201e+00
4.812000e-05	-3.453632e-02	-1.585446e+00
4.813000e-05	-1.339333e-01	-1.796916e+00
4.814000e-05	1.650045e-01	-1.809976e+00
4.815000e-05	3.153729e-03	-1.871202e+00
4.816000e-05	-1.651592e-01	-2.039022e+00
4.817000e-05	1.114121e-01	-2.073341e+00
4.818000e-05	7.594706e-02	-2.178598e+00
4.819000e-05	-1.618923e-01	-2.386997e+00
4.820000e-05	8.090128e-02	-2.431653e+00
4.821000e-05	8.750140e-02	-2.504286e+00
4.822000e-05	-9.527109e-02	-2.711684e+00
4.823000e-05	4.975480e-02	-2.778273e+00
4.824000e-05	1.214954e-02	-2.809152e+00
4.825000e-05	-7.378377e-02	-2.988393e+00
4.826000e-05	7.733594e-02	-3.073237e+00
4.827000e-05	-2.291686e-02	-3.156493e+00
4.828000e-05	-4.151462e-02	-3.273240e+00
4.829000e-05	1.029713e-01	-3.317417e+00
4.830000e-05	-7.227782e-02	-3.431679e+00
4.831000e-05	1.051730e-02	-3.566868e+00
4.832000e-05	5.991056e-02	-3.578076e+00
4.833000e-05	-8.474693e-02	-3.702865e+00
4.834000e-05	3.620315e-02	-3.879785e+00
4.835000e-05	3.500533e-02	-3.986947e+00
4.836000e-05	-3.140634e-02	-4.041555e+00
4.837000e-05	3.030501e-02	-4.095342e+00
4.838000e-05	-2.201461e-02	-4.227573e+00
4.839000e-05	1.143047e-02	-4.294237e+00
4.840000e-05	1.638766e-02	-4.378449e+00
4.841000e-05	-2.527918e-02	-4.463130e+00
4.842000e-05	2.741216e-02	-4.525316e+00
4.843000e-05	-1.522980e-02	-4.649607e+00
4.844000e-05	1.974351e-02	-4.714316e+00
4.845000e-05	1.348180e-02	-4.767997e+00
4.846000e-05	-2.651382e-02	-4.903315e+00
4.847000e-05	2.763422e-02	-4.987951e+00
4.848000e-05	-1.537175e-02	-5.081209e+00
4.849000e-05	1.561747e-02	-5.157367e+00
4.850000e-05	1.244526e-02	-5.220103e+00
4.851000e-05	-2.066243e-02	-5.335846e+00
4.852000e-05	2.432653e-02	-5.449554e+00
4.853000e-05	-2.590559e-03	-5.555367e+00
4.854000e-05	9.127091e-03	-5.619026e+00
4.855000e-05	2.263322e-03	-5.663138e+00
4.856000e-05	-1.219227e-02	-5.744917e+00
4.857000e-05	1.966963e-02	-5.820500e+00
4.858000e-05	-5.542952e-04	-5.903134e+00
4.859000e-05	9.384762e-03	-5.955293e+00
4.860000e-05	1.583137e-03	-5.966950e+00
4.861000e-05	-3.983580e-03	-6.021080e+00
4.862000e-05	1.741917e-02	-6.072235e+00
4.863000e-05	-4.170484e-03	-6.198950e+00
4.864000e-05	8.390678e-03	-6.272180e+00
4.865000e-05	-1.273339e-03	-6.316867e+00
4.866000e-05	5.563002e-03	-6.388526e+00
4.867000e-05	1.516456e-02	-6.441080e+00
4.868000e-05	-7.692000e-04	-6.533212e+00
4.869000e-05	6.906810e-03	-6.505867e+00
4.870000e-05	-2.840946e-03	-6.607480e+00
4.871000e-05	8.868459e-03	-6.630655e+00
4.872000e-05	9.884291e-03	-6.695189e+00
4.873000e-05	7.641614e-04	-6.755371e+00
4.874000e-05	5.936874e-03	-6.747875e+00
4.875000e-05	3.170170e-03	-6.819504e+00
4.876000e-05	1.317287e-02	-6.811605e+00
4.877000e-05	4.685172e-03	-6.924237e+00
4.878000e-05	2.484675e-03	-6.988001e+00
4.879000e-05	4.425657e-03	-7.010957e+00
4.880000e-05	8.579541e-03	-7.072211e+00
4.881000e-05	1.275692e-02	-7.094867e+00
4.882000e-05	4.138380e-03	-7.156947e+00
4.883000e-05	3.379419e-03	-7.158422e+00
4.884000e-05	4.792673e-03	-7.218499e+00
4.885000e-05	9.452736e-03	-7.220503e+00
4.886000e-05	9.015088e-03	-7.262554e+00
4.887000e-05	4.011743e-03	-7.263608e+00
4.888000e-05	5.713712e-03	-7.283710e+00
4.889000e-05	1.006278e-02	-7.294817e+00
4.890000e-05	1.074792e-02	-7.314847e+00
4.891000e-05	6.287916e-03	-7.327820e+00
4.892000e-05	3.649328e-03	-7.367950e+00
4.893000e-05	7.395375e-03	-7.358498e+00
4.894000e-05	1.142829e-02	-7.377499e+00
4.895000e-05	1.143607e-02	-7.401006e+00
4.896000e-05	6.519050e-03	-7.378582e+00
4.897000e-05	6.088590e-03	-7.411060e+00
4.898000e-05	1.076754e-02	-7.421058e+00
4.899000e-05	1.333830e-02	-7.421510e+00
4.900000e-05	9.943062e-03	-7.472634e+00
4.901000e-05	6.722464e-03	-7.441564e+00
4.902000e-05	9.205752e-03	-7.452108e+00
4.903000e-05	1.323034e-02	-7.452212e+00
4.904000e-05	1.243908e-02	-7.442587e+00
4.905000e-05	9.399841e-03	-7.420587e+00
4.906000e-05	8.452333e-03	-7.442632e+00
4.907000e-05	1.195305e-02	-7.441634e+00
4.908000e-05	1.495434e-02	-7.431583e+00
4.909000e-05	1.325946e-02	-7.441583e+00
4.910000e-05	1.064970e-02	-7.380503e+00
4.911000e-05	1.195112e-02	-7.400976e+00
4.912000e-05	1.603703e-02	-7.398574e+00
4.913000e-05	1.549934e-02	-7.347924e+00
4.914000e-05	1.352733e-02	-7.355901e+00
4.915000e-05	1.162378e-02	-7.306340e+00
4.916000e-05	1.554513e-02	-7.314773e+00
4.917000e-05	1.773691e-02	-7.244717e+00
4.918000e-05	1.614523e-02	-7.273660e+00
4.919000e-05	1.361454e-02	-7.161635e+00
4.920000e-05	1.516991e-02	-7.221032e+00
4.921000e-05	1.768327e-02	-7.219530e+00
4.922000e-05	1.765586e-02	-7.167999e+00
4.923000e-05	1.692959e-02	-7.127899e+00
4.924000e-05	1.698533e-02	-7.107342e+00
4.925000e-05	1.933427e-02	-7.112713e+00
4.926000e-05	1.976556e-02	-6.949554e+00
4.927000e-05	1.997962e-02	-6.916376e+00
4.928000e-05	1.948599e-02	-6.874147e+00
4.929000e-05	1.992064e-02	-6.853608e+00
4.930000e-05	2.147996e-02	-6.801505e+00
4.931000e-05	2.230759e-02	-6.800554e+00
4.932000e-05	2.131215e-02	-6.726375e+00
4.933000e-05	2.079024e-02	-6.727268e+00
4.934000e-05	2.263913e-02	-6.634612e+00
4.935000e-05	2.348863e-02	-6.621507e+00
4.936000e-05	2.424866e-02	-6.588925e+00
4.937000e-05	2.132084e-02	-6.507820e+00
4.938000e-05	2.116949e-02	-6.464687e+00
4.939000e-05	2.158798e-02	-6.419582e+00
4.940000e-05	2.235956e-02	-6.400853e+00
4.941000e-05	2.091064e-02	-6.288221e+00
4.942000e-05	1.758516e-02	-6.212706e+00
4.943000e-05	1.761697e-02	-6.128878e+00
4.944000e-05	1.802015e-02	-6.064714e+00
4.945000e-05	1.861644e-02	-6.011081e+00
4.946000e-05	1.613462e-02	-6.008876e+00
4.947000e-05	1.406447e-02	-5.898218e+00
4.948000e-05	1.250715e-02	-5.831037e+00
4.949000e-05	1.279504e-02	-5.737950e+00
4.950000e-05	9.669356e-03	-5.716188e+00
4.951000e-05	8.373713e-03	-5.632059e+00
4.952000e-05	6.629274e-03	-5.549525e+00
4.953000e-05	9.843755e-03	-5.477168e+00
4.954000e-05	9.877717e-03	-5.377982e+00
4.955000e-05	8.408547e-03	-5.236137e+00
4.956000e-05	6.309419e-03	-5.192028e+00
4.957000e-05	5.497106e-03	-5.107269e+00
4.958000e-05	5.478821e-03	-5.001588e+00
4.959000e-05	4.511005e-03	-4.939350e+00
4.960000e-05	3.761491e-03	-4.831062e+00
4.961000e-05	3.489073e-03	-4.665371e+00
4.962000e-05	4.851234e-03	-4.631033e+00
4.963000e-05	4.131790e-03	-4.549403e+00
4.964000e-05	3.763742e-03	-4.464242e+00
4.965000e-05	2.108604e-03	-4.411505e+00
4.966000e-05	2.264350e-03	-4.338399e+00
4.967000e-05	2.971307e-04	-4.256190e+00
4.968000e-05	2.326940e-03	-4.200482e+00
4.969000e-05	1.595535e-03	-4.116742e+00
4.970000e-05	2.523258e-03	-4.012107e+00
4.971000e-05	4.825911e-04	-3.949474e+00
4.972000e-05	1.601259e-03	-3.825513e+00
4.973000e-05	8.146573e-04	-3.663269e+00
4.974000e-05	-1.783354e-05	-3.621030e+00
4.975000e-05	-4.737043e-04	-3.518871e+00
4.976000e-05	-6.808684e-04	-3.392159e+00
4.977000e-05	-1.632551e-04	-3.337894e+00
4.978000e-05	-4.239685e-04	-3.222133e+00
4.979000e-05	-1.394837e-03	-3.169454e+00
4.980000e-05	-1.908822e-03	-3.086220e+00
4.981000e-05	-1.148072e-03	-2.905821e+00
4.982000e-05	-2.080714e-03	-2.821558e+00
4.983000e-05	-2.235538e-03	-2.707821e+00
4.984000e-05	-3.133309e-03	-2.652559e+00
4.985000e-05	-2.588103e-03	-2.518824e+00
4.986000e-05	-2.356139e-03	-2.413061e+00
4.987000e-05	-2.330941e-03	-2.398876e+00
4.988000e-05	-3.077622e-03	-2.233617e+00
4.989000e-05	-3.563949e-03	-2.058739e+00
4.990000e-05	-3.112418e-03	-1.990475e+00
4.991000e-05	-2.993309e-03	-1.887819e+00
4.992000e-05	-3.140555e-03	-1.800006e+00
4.993000e-05	-3.239879e-03	-1.706270e+00
4.994000e-05	-5.260198e-03	-1.631060e+00
4.995000e-05	-5.996262e-03	-1.538347e+00
4.996000e-05	-4.443273e-03	-1.392606e+00
4.997000e-05	-3.382389e-03	-1.213109e+00
4.998000e-05	-3.484507e-03	-1.098371e+00
4.999000e-05	-5.233126e-03	-1.011632e+00
