# 260826_12:15:01.428863
t	CH1	CH2
0.000000e+00	-3.629872e-02	1.002307e+01
1.000000e-08	-4.049250e-02	9.938944e+00
2.000000e-08	-4.416771e-02	9.896340e+00
3.000000e-08	-4.539021e-02	9.823632e+00
4.000000e-08	-4.118474e-02	9.719012e+00
5.000000e-08	-4.190482e-02	9.616255e+00
6.000000e-08	-4.411854e-02	9.578999e+00
7.000000e-08	-4.821366e-02	9.497392e+00
8.000000e-08	-4.705227e-02	9.435231e+00
9.000000e-08	-4.726508e-02	9.338520e+00
1.000000e-07	-4.735767e-02	9.306762e+00
1.100000e-07	-4.848074e-02	9.232151e+00
1.200000e-07	-4.671087e-02	9.130948e+00
1.300000e-07	-4.194829e-02	9.023208e+00
1.400000e-07	-3.881183e-02	8.898816e+00
1.500000e-07	-3.757287e-02	8.801052e+00
1.600000e-07	-3.794622e-02	8.726841e+00
1.700000e-07	-3.454502e-02	8.632530e+00
1.800000e-07	-3.060283e-02	8.507340e+00
1.900000e-07	-2.923710e-02	8.443177e+00
2.000000e-07	-2.956133e-02	8.348914e+00
2.100000e-07	-2.886098e-02	8.192474e+00
2.200000e-07	-2.399189e-02	8.086658e+00
2.300000e-07	-2.218175e-02	8.018820e+00
2.400000e-07	-2.130401e-02	7.802529e+00
2.500000e-07	-2.315356e-02	7.653716e+00
2.600000e-07	-2.119894e-02	7.570420e+00
2.700000e-07	-1.982180e-02	7.372421e+00
2.800000e-07	-1.694493e-02	7.250555e+00
2.900000e-07	-1.922817e-02	7.096312e+00
3.000000e-07	-1.793457e-02	6.928870e+00
3.100000e-07	-1.682696e-02	6.830051e+00
3.200000e-07	-1.470396e-02	6.695710e+00
3.300000e-07	-1.506521e-02	6.493636e+00
3.400000e-07	-1.621402e-02	6.307291e+00
3.500000e-07	-1.461782e-02	6.189898e+00
3.600000e-07	-1.311864e-02	6.034103e+00
3.700000e-07	-1.196436e-02	5.898863e+00
3.800000e-07	-1.296576e-02	5.736716e+00
3.900000e-07	-1.271456e-02	5.538343e+00
4.000000e-07	-1.264787e-02	5.350850e+00
4.100000e-07	-1.100237e-02	5.200499e+00
4.200000e-07	-1.222922e-02	4.967790e+00
4.300000e-07	-1.329288e-02	4.767821e+00
4.400000e-07	-1.125448e-02	4.590449e+00
4.500000e-07	-9.896009e-03	4.442028e+00
4.600000e-07	-9.427957e-03	4.282711e+00
4.700000e-07	-1.056818e-02	4.011506e+00
4.800000e-07	-1.087817e-02	3.864717e+00
4.900000e-07	-9.879976e-03	3.716792e+00
5.000000e-07	-9.045729e-03	3.548922e+00
5.100000e-07	-8.898923e-03	3.316719e+00
5.200000e-07	-9.126508e-03	3.149341e+00
5.300000e-07	-9.558669e-03	2.958400e+00
5.400000e-07	-8.275497e-03	2.831976e+00
5.500000e-07	-7.823359e-03	2.608903e+00
5.600000e-07	-8.685504e-03	2.369329e+00
5.700000e-07	-8.561316e-03	2.200974e+00
5.800000e-07	-6.969713e-03	2.011003e+00
5.900000e-07	-6.241856e-03	1.861531e+00
6.000000e-07	-7.166418e-03	1.630482e+00
6.100000e-07	-8.172789e-03	1.412981e+00
6.200000e-07	-7.517443e-03	1.231482e+00
6.300000e-07	-5.836746e-03	9.794020e-01
6.400000e-07	-5.869875e-03	7.683734e-01
6.500000e-07	-6.407531e-03	5.993749e-01
6.600000e-07	-6.165258e-03	4.510001e-01
6.700000e-07	-4.749066e-03	2.178786e-01
6.800000e-07	-4.097593e-03	-5.117637e-02
6.900000e-07	-1.214255e-05	-1.995463e-01
7.000000e-07	1.852025e-03	-3.494686e-01
7.100000e-07	-1.173308e-03	-5.355159e-01
7.200000e-07	1.703831e-03	-7.580163e-01
7.300000e-07	-1.551000e-04	-9.173883e-01
7.400000e-07	1.353228e-04	-1.093211e+00
7.500000e-07	2.611861e-04	-1.282259e+00
7.600000e-07	3.583512e-02	-1.483866e+00
7.700000e-07	8.923955e-02	-1.684258e+00
7.800000e-07	-8.180546e-03	-1.928965e+00
7.900000e-07	-3.657719e-02	-2.213824e+00
8.000000e-07	-5.715461e-02	-2.442606e+00
8.100000e-07	-7.274635e-02	-2.528320e+00
8.200000e-07	1.238750e-01	-2.608024e+00
8.300000e-07	-4.675007e-02	-2.809597e+00
8.400000e-07	-6.800136e-02	-3.095839e+00
8.500000e-07	1.773752e-01	-3.217974e+00
8.600000e-07	-8.577899e-02	-3.391126e+00
8.700000e-07	-3.027995e-02	-3.589050e+00
8.800000e-07	1.084800e-01	-3.724787e+00
8.900000e-07	-1.347500e-01	-4.008120e+00
9.000000e-07	3.064604e-02	-4.166994e+00
9.100000e-07	4.868065e-02	-4.315810e+00
9.200000e-07	-4.709599e-02	-4.503962e+00
9.300000e-07	1.272134e-01	-4.654678e+00
9.400000e-07	-7.921475e-02	-4.843256e+00
9.500000e-07	3.466591e-03	-5.044209e+00
9.600000e-07	4.173060e-02	-5.201546e+00
9.700000e-07	-7.679084e-02	-5.465355e+00
9.800000e-07	9.329765e-02	-5.629650e+00
9.900000e-07	-4.266706e-02	-5.791077e+00
1.000000e-06	4.100332e-02	-5.946445e+00
1.010000e-06	1.915849e-02	-6.093834e+00
1.020000e-06	-4.662490e-02	-6.326892e+00
1.030000e-06	6.768829e-02	-6.462703e+00
1.040000e-06	-7.291165e-02	-6.592148e+00
1.050000e-06	5.716278e-02	-6.746890e+00
1.060000e-06	1.951707e-02	-6.884306e+00
1.070000e-06	-2.039727e-02	-7.105362e+00
1.080000e-06	5.147432e-02	-7.202600e+00
1.090000e-06	-5.306173e-02	-7.337492e+00
1.100000e-06	5.644923e-02	-7.514782e+00
1.110000e-06	-2.123515e-02	-7.674279e+00
1.120000e-06	1.605378e-02	-7.803121e+00
1.130000e-06	9.945213e-03	-7.949040e+00
1.140000e-06	-6.077623e-03	-8.114756e+00
1.150000e-06	4.853823e-02	-8.160048e+00
1.160000e-06	-2.339960e-02	-8.316912e+00
1.170000e-06	2.693288e-02	-8.439524e+00
1.180000e-06	-1.426824e-02	-8.519593e+00
1.190000e-06	1.516077e-02	-8.654458e+00
1.200000e-06	1.808498e-02	-8.809974e+00
1.210000e-06	-2.383663e-03	-8.887333e+00
1.220000e-06	2.266461e-02	-8.998444e+00
1.230000e-06	-1.141242e-03	-9.094233e+00
1.240000e-06	3.041259e-02	-9.148045e+00
1.250000e-06	1.649404e-03	-9.284208e+00
1.260000e-06	6.421228e-03	-9.338961e+00
1.270000e-06	2.570482e-03	-9.453277e+00
1.280000e-06	8.693218e-03	-9.578916e+00
1.290000e-06	2.078040e-02	-9.641103e+00
1.300000e-06	6.165415e-03	-9.724808e+00
1.310000e-06	1.715866e-02	-9.778421e+00
1.320000e-06	6.724367e-03	-9.811076e+00
1.330000e-06	1.903992e-02	-9.914776e+00
1.340000e-06	7.419342e-03	-9.925866e+00
1.350000e-06	8.514783e-03	-9.968897e+00
1.360000e-06	7.093099e-03	-1.001158e+01
1.370000e-06	1.570947e-02	-1.009116e+01
1.380000e-06	2.065641e-02	-1.010576e+01
1.390000e-06	1.391653e-02	-1.016887e+01
1.400000e-06	1.333880e-02	-1.021002e+01
1.410000e-06	1.027950e-02	-1.026252e+01
1.420000e-06	1.936709e-02	-1.024533e+01
1.430000e-06	1.581391e-02	-1.030626e+01
1.440000e-06	1.354590e-02	-1.033841e+01
1.450000e-06	1.236316e-02	-1.034852e+01
1.460000e-06	1.797437e-02	-1.033944e+01
1.470000e-06	2.109269e-02	-1.039847e+01
1.480000e-06	1.945709e-02	-1.037052e+01
1.490000e-06	1.611037e-02	-1.039100e+01
1.500000e-06	1.644034e-02	-1.042044e+01
1.510000e-06	2.293974e-02	-1.036902e+01
1.520000e-06	2.151773e-02	-1.037745e+01
1.530000e-06	2.160445e-02	-1.035784e+01
1.540000e-06	1.933970e-02	-1.032837e+01
1.550000e-06	2.293252e-02	-1.033581e+01
1.560000e-06	2.794225e-02	-1.025476e+01
1.570000e-06	2.718204e-02	-1.025316e+01
1.580000e-06	2.507804e-02	-1.021944e+01
1.590000e-06	2.473181e-02	-1.013877e+01
1.600000e-06	2.975915e-02	-1.011418e+01
1.610000e-06	2.966337e-02	-1.005218e+01
1.620000e-06	2.923009e-02	-1.001002e+01
1.630000e-06	2.865872e-02	-9.958317e+00
1.640000e-06	3.289957e-02	-9.924711e+00
1.650000e-06	3.781562e-02	-9.853627e+00
1.660000e-06	3.590749e-02	-9.811023e+00
1.670000e-06	3.422367e-02	-9.737860e+00
1.680000e-06	3.661780e-02	-9.653158e+00
1.690000e-06	3.966115e-02	-9.599474e+00
1.700000e-06	4.098751e-02	-9.528394e+00
1.710000e-06	3.751059e-02	-9.484135e+00
1.720000e-06	3.570637e-02	-9.339866e+00
1.730000e-06	3.733899e-02	-9.211554e+00
1.740000e-06	3.737142e-02	-9.149313e+00
1.750000e-06	3.404485e-02	-9.063134e+00
1.760000e-06	2.897197e-02	-8.968892e+00
1.770000e-06	2.659090e-02	-8.863057e+00
1.780000e-06	2.681482e-02	-8.779396e+00
1.790000e-06	2.479101e-02	-8.664728e+00
1.800000e-06	2.139361e-02	-8.508789e+00
1.810000e-06	1.851764e-02	-8.410924e+00
1.820000e-06	1.755423e-02	-8.306733e+00
1.830000e-06	1.746178e-02	-8.220525e+00
1.840000e-06	1.626772e-02	-8.075158e+00
1.850000e-06	1.232025e-02	-7.957319e+00
1.860000e-06	1.099183e-02	-7.830919e+00
1.870000e-06	1.096898e-02	-7.672080e+00
1.880000e-06	1.103608e-02	-7.536130e+00
1.890000e-06	8.977365e-03	-7.407797e+00
1.900000e-06	6.440664e-03	-7.270503e+00
1.910000e-06	6.485315e-03	-7.136713e+00
1.920000e-06	7.033180e-03	-6.926237e+00
1.930000e-06	5.532883e-03	-6.799396e+00
1.940000e-06	3.930170e-03	-6.652028e+00
1.950000e-06	2.675803e-03	-6.484654e+00
1.960000e-06	3.373683e-03	-6.378817e+00
1.970000e-06	4.321420e-03	-6.166290e+00
1.980000e-06	3.307913e-03	-5.998370e+00
1.990000e-06	1.578551e-03	-5.851003e+00
2.000000e-06	6.977648e-04	-5.694103e+00
2.010000e-06	1.775927e-03	-5.567216e+00
2.020000e-06	1.812011e-03	-5.263037e+00
2.030000e-06	1.351623e-04	-5.096157e+00
2.040000e-06	-1.826696e-03	-4.946262e+00
2.050000e-06	-1.163656e-03	-4.724136e+00
2.060000e-06	4.571168e-04	-4.514740e+00
2.070000e-06	-1.238398e-03	-4.391372e+00
2.080000e-06	-1.656308e-03	-4.240951e+00
2.090000e-06	-3.004788e-03	-4.082082e+00
2.100000e-06	-1.855493e-03	-3.944041e+00
2.110000e-06	-2.703934e-03	-3.684031e+00
2.120000e-06	-4.309331e-03	-3.503685e+00
2.130000e-06	-4.055948e-03	-3.355692e+00
2.140000e-06	-3.468499e-03	-3.137790e+00
2.150000e-06	-4.177663e-03	-2.915211e+00
2.160000e-06	-4.360480e-03	-2.776695e+00
2.170000e-06	-3.941831e-03	-2.567317e+00
2.180000e-06	-5.939355e-03	-2.397473e+00
2.190000e-06	-5.725786e-03	-2.197220e+00
2.200000e-06	-7.016085e-03	-1.979820e+00
2.210000e-06	-4.522763e-03	-1.817900e+00
2.220000e-06	-4.893561e-03	-1.610849e+00
2.230000e-06	-4.697135e-03	-1.376791e+00
2.240000e-06	-6.129321e-03	-1.116213e+00
2.250000e-06	-6.517411e-03	-9.366672e-01
2.260000e-06	-8.095046e-03	-7.978458e-01
2.270000e-06	-6.815410e-03	-5.876907e-01
2.280000e-06	-7.166873e-03	-3.267432e-01
2.290000e-06	-5.998685e-03	-1.893485e-01
2.300000e-06	-1.900995e-03	1.207757e-02
2.310000e-06	1.713693e-03	2.117753e-01
2.320000e-06	-1.469597e-03	4.211239e-01
2.330000e-06	2.002605e-04	5.785751e-01
2.340000e-06	-2.320367e-03	6.969986e-01
2.350000e-06	-3.754290e-03	8.668569e-01
2.360000e-06	-4.461010e-03	1.148476e+00
2.370000e-06	4.839959e-03	1.318389e+00
2.380000e-06	4.087197e-02	1.509942e+00
2.390000e-06	6.987179e-02	1.819604e+00
2.400000e-06	-2.256930e-02	1.992104e+00
2.410000e-06	-4.583236e-02	2.181175e+00
2.420000e-06	-4.930758e-02	2.340599e+00
2.430000e-06	-8.900614e-02	2.487392e+00
2.440000e-06	5.133650e-02	2.673958e+00
2.450000e-06	4.122887e-02	2.874782e+00
2.460000e-06	-1.331643e-01	3.012734e+00
2.470000e-06	1.303076e-01	3.189570e+00
2.480000e-06	1.060211e-02	3.404908e+00
2.490000e-06	-8.103502e-02	3.590021e+00
2.500000e-06	6.988269e-02	3.706539e+00
2.510000e-06	-6.857377e-02	3.938993e+00
2.520000e-06	-3.441400e-02	4.125911e+00
2.530000e-06	5.023386e-02	4.328493e+00
2.540000e-06	-2.424153e-02	4.489993e+00
2.550000e-06	2.789066e-02	4.686909e+00
2.560000e-06	-1.700503e-02	4.866461e+00
2.570000e-06	-3.422004e-02	5.046441e+00
2.580000e-06	1.438945e-02	5.316937e+00
2.590000e-06	-3.150168e-02	5.484936e+00
2.600000e-06	1.393537e-02	5.653679e+00
2.610000e-06	-1.881864e-02	5.794874e+00
2.620000e-06	1.570714e-02	5.991675e+00
2.630000e-06	-1.004479e-02	6.129496e+00
2.640000e-06	-2.514996e-02	6.286332e+00
2.650000e-06	8.507974e-03	6.455280e+00
2.660000e-06	-3.826095e-02	6.653352e+00
2.670000e-06	6.203005e-03	6.800648e+00
2.680000e-06	9.355366e-03	6.918465e+00
2.690000e-06	-1.385296e-02	7.085439e+00
2.700000e-06	-5.146560e-03	7.171074e+00
2.710000e-06	-2.460883e-02	7.320068e+00
2.720000e-06	-3.146219e-03	7.528937e+00
2.730000e-06	-1.241242e-02	7.624256e+00
2.740000e-06	-7.080673e-03	7.782654e+00
2.750000e-06	-1.292015e-02	7.930070e+00
2.760000e-06	-1.332172e-02	8.115893e+00
2.770000e-06	7.107138e-03	8.252675e+00
2.780000e-06	-1.482600e-02	8.297968e+00
2.790000e-06	-1.411423e-02	8.423754e+00
2.800000e-06	-2.131534e-02	8.518014e+00
2.810000e-06	-1.032621e-02	8.621251e+00
2.820000e-06	-5.916973e-03	8.677860e+00
2.830000e-06	-1.208857e-02	8.781078e+00
2.840000e-06	-1.442740e-02	8.938460e+00
2.850000e-06	-1.659635e-02	9.024299e+00
2.860000e-06	-7.665819e-03	9.129016e+00
2.870000e-06	-1.269012e-02	9.234704e+00
2.880000e-06	-1.700636e-02	9.307415e+00
2.890000e-06	-1.982658e-02	9.370048e+00
2.900000e-06	-1.257828e-02	9.464310e+00
2.910000e-06	-9.498575e-03	9.527439e+00
2.920000e-06	-1.609171e-02	9.610629e+00
2.930000e-06	-2.012872e-02	9.686280e+00
2.940000e-06	-1.847635e-02	9.750993e+00
2.950000e-06	-1.504071e-02	9.813607e+00
2.960000e-06	-1.346457e-02	9.937363e+00
2.970000e-06	-1.920352e-02	9.948396e+00
2.980000e-06	-1.894596e-02	9.992574e+00
2.990000e-06	-1.671546e-02	9.974704e+00
3.000000e-06	-1.512132e-02	1.005676e+01
3.010000e-06	-2.127912e-02	1.010728e+01
3.020000e-06	-2.596784e-02	1.013744e+01
3.030000e-06	-2.378087e-02	1.016092e+01
3.040000e-06	-1.886975e-02	1.017099e+01
3.050000e-06	-1.779850e-02	1.022218e+01
3.060000e-06	-2.339561e-02	1.024117e+01
3.070000e-06	-2.434009e-02	1.026515e+01
3.080000e-06	-2.378351e-02	1.025321e+01
3.090000e-06	-2.219910e-02	1.024470e+01
3.100000e-06	-2.511907e-02	1.030681e+01
3.110000e-06	-2.928761e-02	1.026526e+01
3.120000e-06	-2.844531e-02	1.023478e+01
3.130000e-06	-2.508497e-02	1.027530e+01
3.140000e-06	-2.439858e-02	1.024370e+01
3.150000e-06	-2.967008e-02	1.022365e+01
3.160000e-06	-3.356917e-02	1.019255e+01
3.170000e-06	-3.448240e-02	1.017150e+01
3.180000e-06	-3.073396e-02	1.016994e+01
3.190000e-06	-3.275004e-02	1.012839e+01
3.200000e-06	-3.552867e-02	1.010721e+01
3.210000e-06	-3.794262e-02	1.007366e+01
3.220000e-06	-3.614462e-02	1.002355e+01
3.230000e-06	-3.596356e-02	9.980974e+00
3.240000e-06	-4.009881e-02	9.928392e+00
3.250000e-06	-4.353937e-02	9.876283e+00
3.260000e-06	-4.424294e-02	9.793045e+00
3.270000e-06	-4.139449e-02	9.698315e+00
3.280000e-06	-4.382751e-02	9.653053e+00
3.290000e-06	-4.724070e-02	9.549965e+00
3.300000e-06	-4.914287e-02	9.487314e+00
3.310000e-06	-4.707740e-02	9.401606e+00
3.320000e-06	-4.570075e-02	9.337394e+00
3.330000e-06	-4.800945e-02	9.264807e+00
3.340000e-06	-4.857780e-02	9.222025e+00
3.350000e-06	-4.684200e-02	9.138887e+00
3.360000e-06	-4.060478e-02	8.993072e+00
3.370000e-06	-3.811472e-02	8.916708e+00
3.380000e-06	-3.846202e-02	8.781420e+00
3.390000e-06	-3.854528e-02	8.696307e+00
3.400000e-06	-3.443134e-02	8.569444e+00
3.410000e-06	-2.939185e-02	8.475707e+00
3.420000e-06	-2.732092e-02	8.400474e+00
3.430000e-06	-2.807414e-02	8.236363e+00
3.440000e-06	-2.700804e-02	8.199396e+00
3.450000e-06	-2.443632e-02	8.022553e+00
3.460000e-06	-2.286246e-02	7.928712e+00
3.470000e-06	-2.244831e-02	7.768947e+00
3.480000e-06	-2.357888e-02	7.642107e+00
3.490000e-06	-2.146126e-02	7.499309e+00
3.500000e-06	-1.779736e-02	7.348788e+00
3.510000e-06	-1.762329e-02	7.170442e+00
3.520000e-06	-1.774929e-02	7.043130e+00
3.530000e-06	-1.790470e-02	6.894234e+00
3.540000e-06	-1.618149e-02	6.777996e+00
3.550000e-06	-1.484242e-02	6.572573e+00
3.560000e-06	-1.491943e-02	6.441527e+00
3.570000e-06	-1.622423e-02	6.264283e+00
3.580000e-06	-1.407237e-02	6.117765e+00
3.590000e-06	-1.272167e-02	6.001449e+00
3.600000e-06	-1.216480e-02	5.865054e+00
3.610000e-06	-1.324842e-02	5.623977e+00
3.620000e-06	-1.237696e-02	5.465181e+00
3.630000e-06	-1.245235e-02	5.286308e+00
3.640000e-06	-1.102968e-02	5.096210e+00
3.650000e-06	-1.132390e-02	4.853128e+00
3.660000e-06	-1.222304e-02	4.696686e+00
3.670000e-06	-1.179651e-02	4.546290e+00
3.680000e-06	-9.554008e-03	4.390922e+00
3.690000e-06	-8.698722e-03	4.180019e+00
3.700000e-06	-9.277270e-03	3.990476e+00
3.710000e-06	-1.030320e-02	3.841003e+00
3.720000e-06	-1.031206e-02	3.644079e+00
3.730000e-06	-8.809922e-03	3.473686e+00
3.740000e-06	-8.907488e-03	3.263979e+00
3.750000e-06	-9.202337e-03	3.073633e+00
3.760000e-06	-9.421876e-03	2.895784e+00
3.770000e-06	-7.460000e-03	2.737895e+00
3.780000e-06	-6.764095e-03	2.545134e+00
3.790000e-06	-7.739280e-03	2.305787e+00
3.800000e-06	-9.069643e-03	2.116366e+00
3.810000e-06	-9.080697e-03	1.980398e+00
3.820000e-06	-7.529821e-03	1.738291e+00
3.830000e-06	-6.099221e-03	1.537816e+00
3.840000e-06	-6.908551e-03	1.347767e+00
3.850000e-06	-7.283382e-03	1.145745e+00
3.860000e-06	-6.186410e-03	8.436817e-01
3.870000e-06	-5.186624e-03	6.957581e-01
3.880000e-06	-5.306313e-03	5.157107e-01
3.890000e-06	-7.107262e-03	3.072481e-01
3.900000e-06	-7.154482e-03	1.341118e-01
3.910000e-06	-3.578669e-03	-9.478691e-02
3.920000e-06	4.138674e-03	-2.711305e-01
3.930000e-06	8.934829e-04	-4.491027e-01
3.940000e-06	-1.818650e-03	-6.217268e-01
3.950000e-06	1.062379e-04	-8.091489e-01
3.960000e-06	6.576937e-04	-9.690250e-01
3.970000e-06	5.411930e-04	-1.126494e+00
3.980000e-06	6.291592e-03	-1.360965e+00
3.990000e-06	6.335316e-02	-1.578945e+00
4.000000e-06	7.082739e-02	-1.768995e+00
4.010000e-06	-4.344433e-02	-2.041779e+00
4.020000e-06	-2.417735e-02	-2.346995e+00
4.030000e-06	-9.506812e-02	-2.505910e+00
4.040000e-06	-1.097720e-03	-2.568399e+00
4.050000e-06	1.199723e-01	-2.662154e+00
4.060000e-06	-1.380659e-01	-2.905411e+00
4.070000e-06	4.469716e-02	-3.137897e+00
4.080000e-06	9.509361e-02	-3.261227e+00
4.090000e-06	-1.521905e-01	-3.484360e+00
4.100000e-06	8.571870e-02	-3.631000e+00
4.110000e-06	1.321936e-02	-3.790699e+00
4.120000e-06	-1.188697e-01	-4.043254e+00
4.130000e-06	1.042554e-01	-4.200519e+00
4.140000e-06	-3.339961e-02	-4.350094e+00
4.150000e-06	3.628599e-02	-4.599971e+00
4.160000e-06	7.238736e-02	-4.715387e+00
4.170000e-06	-1.167915e-01	-4.948924e+00
4.180000e-06	8.551723e-02	-5.115337e+00
4.190000e-06	-4.383061e-02	-5.314916e+00
4.200000e-06	-2.485837e-03	-5.578520e+00
4.210000e-06	6.550871e-02	-5.705209e+00
4.220000e-06	-5.786101e-02	-5.885253e+00
4.230000e-06	8.379532e-02	-5.999974e+00
4.240000e-06	-4.756663e-02	-6.179573e+00
4.250000e-06	2.041530e-02	-6.399024e+00
4.260000e-06	1.371629e-02	-6.516261e+00
4.270000e-06	-5.997843e-02	-6.663756e+00
4.280000e-06	9.666111e-02	-6.790069e+00
4.290000e-06	-3.741984e-02	-6.918044e+00
4.300000e-06	4.007982e-02	-7.177943e+00
4.310000e-06	-1.937893e-03	-7.293781e+00
4.320000e-06	-2.162295e-02	-7.410124e+00
4.330000e-06	5.314918e-02	-7.548916e+00
4.340000e-06	-3.912105e-02	-7.758466e+00
4.350000e-06	4.547502e-02	-7.893183e+00
4.360000e-06	-2.476608e-02	-8.030598e+00
4.370000e-06	3.625092e-02	-8.157867e+00
4.380000e-06	1.545553e-02	-8.261274e+00
4.390000e-06	-1.239280e-02	-8.347969e+00
4.400000e-06	2.355619e-02	-8.473206e+00
4.410000e-06	-2.095313e-02	-8.571672e+00
4.420000e-06	3.966303e-02	-8.756937e+00
4.430000e-06	-3.834328e-03	-8.852153e+00
4.440000e-06	1.425246e-02	-8.927412e+00
4.450000e-06	4.294867e-03	-9.011152e+00
4.460000e-06	1.155525e-02	-9.135263e+00
4.470000e-06	2.531119e-02	-9.189069e+00
4.480000e-06	-3.371730e-03	-9.326208e+00
4.490000e-06	1.181226e-02	-9.378967e+00
4.500000e-06	-4.125109e-04	-9.475858e+00
4.510000e-06	2.433160e-02	-9.560000e+00
4.520000e-06	8.087864e-03	-9.694129e+00
4.530000e-06	8.625192e-03	-9.726937e+00
4.540000e-06	8.684820e-03	-9.779445e+00
4.550000e-06	1.272798e-02	-9.864252e+00
4.560000e-06	1.886380e-02	-9.895335e+00
4.570000e-06	6.995831e-03	-9.919493e+00
4.580000e-06	1.050894e-02	-1.001004e+01
4.590000e-06	1.044702e-02	-1.003951e+01
4.600000e-06	2.171515e-02	-1.008410e+01
4.610000e-06	1.344168e-02	-1.011691e+01
4.620000e-06	9.754902e-03	-1.019141e+01
4.630000e-06	7.727631e-03	-1.022120e+01
4.640000e-06	1.488364e-02	-1.023467e+01
4.650000e-06	2.254442e-02	-1.027425e+01
4.660000e-06	1.610537e-02	-1.032472e+01
4.670000e-06	1.496290e-02	-1.030989e+01
4.680000e-06	1.466402e-02	-1.033839e+01
4.690000e-06	1.977514e-02	-1.035795e+01
4.700000e-06	1.735550e-02	-1.040849e+01
4.710000e-06	1.480337e-02	-1.038947e+01
4.720000e-06	1.277203e-02	-1.041849e+01
4.730000e-06	2.134316e-02	-1.037195e+01
4.740000e-06	2.606709e-02	-1.036695e+01
4.750000e-06	2.297060e-02	-1.032851e+01
4.760000e-06	2.029015e-02	-1.032684e+01
4.770000e-06	1.880509e-02	-1.028679e+01
4.780000e-06	2.423875e-02	-1.025576e+01
4.790000e-06	2.641104e-02	-1.028412e+01
4.800000e-06	2.452565e-02	-1.023158e+01
4.810000e-06	2.523612e-02	-1.021989e+01
4.820000e-06	2.824041e-02	-1.014623e+01
4.830000e-06	3.229748e-02	-1.007426e+01
4.840000e-06	3.015492e-02	-1.006148e+01
4.850000e-06	2.746631e-02	-9.969446e+00
4.860000e-06	2.827996e-02	-9.947891e+00
4.870000e-06	3.411087e-02	-9.915182e+00
4.880000e-06	3.694388e-02	-9.861507e+00
4.890000e-06	3.689823e-02	-9.769491e+00
4.900000e-06	3.578319e-02	-9.684160e+00
4.910000e-06	3.899512e-02	-9.673053e+00
4.920000e-06	4.182802e-02	-9.588520e+00
4.930000e-06	3.936842e-02	-9.525791e+00
4.940000e-06	3.601700e-02	-9.450444e+00
4.950000e-06	3.378531e-02	-9.275708e+00
4.960000e-06	3.628000e-02	-9.220975e+00
4.970000e-06	3.703183e-02	-9.117211e+00
4.980000e-06	3.372846e-02	-9.040025e+00
4.990000e-06	2.959235e-02	-8.927208e+00
5.000000e-06	2.741666e-02	-8.842028e+00
5.010000e-06	2.609980e-02	-8.726969e+00
5.020000e-06	2.267977e-02	-8.632999e+00
5.030000e-06	1.825257e-02	-8.484681e+00
5.040000e-06	1.637255e-02	-8.377919e+00
5.050000e-06	1.732500e-02	-8.263582e+00
5.060000e-06	1.790773e-02	-8.167767e+00
5.070000e-06	1.634511e-02	-8.073576e+00
5.080000e-06	1.214551e-02	-7.906741e+00
5.090000e-06	1.031510e-02	-7.747313e+00
5.100000e-06	1.054066e-02	-7.620395e+00
5.110000e-06	1.014121e-02	-7.473104e+00
5.120000e-06	7.079479e-03	-7.295735e+00
5.130000e-06	6.136684e-03	-7.199997e+00
5.140000e-06	6.545119e-03	-7.101951e+00
5.150000e-06	7.422659e-03	-6.843030e+00
5.160000e-06	6.198081e-03	-6.745740e+00
5.170000e-06	3.172053e-03	-6.587921e+00
5.180000e-06	3.317476e-03	-6.431501e+00
5.190000e-06	3.594658e-03	-6.284637e+00
5.200000e-06	3.489209e-03	-6.083583e+00
5.210000e-06	1.812323e-03	-5.927763e+00
5.220000e-06	1.122420e-03	-5.828392e+00
5.230000e-06	1.231626e-03	-5.621001e+00
5.240000e-06	2.549820e-03	-5.470474e+00
5.250000e-06	9.929991e-04	-5.261448e+00
5.260000e-06	-1.625592e-03	-5.031000e+00
5.270000e-06	-6.869811e-04	-4.810875e+00
5.280000e-06	-9.284767e-04	-4.660001e+00
5.290000e-06	-1.138940e-04	-4.441582e+00
5.300000e-06	-2.044143e-03	-4.325741e+00
5.310000e-06	-2.200700e-03	-4.187344e+00
5.320000e-06	-3.195353e-03	-4.009350e+00
5.330000e-06	-1.252597e-03	-3.829398e+00
5.340000e-06	-2.885703e-03	-3.610925e+00
5.350000e-06	-3.875212e-03	-3.441474e+00
5.360000e-06	-4.677100e-03	-3.252451e+00
5.370000e-06	-2.068978e-03	-3.072083e+00
5.380000e-06	-3.541749e-03	-2.862554e+00
5.390000e-06	-3.599071e-03	-2.662157e+00
5.400000e-06	-5.828362e-03	-2.462158e+00
5.410000e-06	-6.296872e-03	-2.305111e+00
5.420000e-06	-6.877229e-03	-2.050505e+00
5.430000e-06	-2.641084e-03	-1.894114e+00
5.440000e-06	-5.319770e-03	-1.724708e+00
5.450000e-06	-5.210534e-03	-1.536296e+00
5.460000e-06	-6.227206e-03	-1.290525e+00
5.470000e-06	-5.740822e-03	-1.091557e+00
5.480000e-06	-7.060782e-03	-8.635568e-01
5.490000e-06	-8.074221e-03	-6.641069e-01
5.500000e-06	-8.171522e-03	-4.615292e-01
5.510000e-06	-6.705855e-03	-2.730106e-01
5.520000e-06	-3.830233e-03	-1.126845e-01
5.530000e-06	5.513431e-04	7.333429e-02
5.540000e-06	7.053310e-05	2.854169e-01
5.550000e-06	-3.237465e-03	4.748054e-01
5.560000e-06	5.428750e-04	6.427041e-01
5.570000e-06	-2.308846e-03	7.906240e-01
5.580000e-06	-3.505710e-03	1.012176e+00
5.590000e-06	-3.272982e-03	1.241228e+00
5.600000e-06	1.466095e-02	1.411223e+00
5.610000e-06	6.352520e-02	1.656929e+00
5.620000e-06	4.428505e-02	1.885361e+00
5.630000e-06	-5.098043e-02	2.077384e+00
5.640000e-06	-3.794506e-02	2.293782e+00
5.650000e-06	-7.011827e-02	2.403029e+00
5.660000e-06	-5.924906e-02	2.549020e+00
5.670000e-06	1.029420e-01	2.759544e+00
5.680000e-06	-6.818755e-02	2.928493e+00
5.690000e-06	-4.746699e-02	3.095783e+00
5.700000e-06	1.479030e-01	3.264833e+00
5.710000e-06	-8.904308e-02	3.487965e+00
5.720000e-06	-9.404943e-03	3.630653e+00
5.730000e-06	4.059063e-02	3.802727e+00
5.740000e-06	-9.898758e-02	4.013125e+00
5.750000e-06	2.684893e-02	4.201275e+00
5.760000e-06	2.145127e-02	4.402155e+00
5.770000e-06	-1.840608e-02	4.599624e+00
5.780000e-06	2.969692e-02	4.759022e+00
5.790000e-06	-4.879452e-02	4.982621e+00
5.800000e-06	1.603358e-03	5.191602e+00
5.810000e-06	-1.172172e-02	5.380175e+00
5.820000e-06	-1.359899e-02	5.557942e+00
5.830000e-06	6.288061e-03	5.705940e+00
5.840000e-06	-1.559519e-02	5.935916e+00
5.850000e-06	2.292633e-02	6.053805e+00
5.860000e-06	-3.144972e-02	6.241704e+00
5.870000e-06	-4.913088e-03	6.361542e+00
5.880000e-06	-8.452990e-03	6.567912e+00
5.890000e-06	-3.249486e-02	6.666413e+00
5.900000e-06	2.276166e-02	6.873679e+00
5.910000e-06	-6.612150e-03	6.981122e+00
5.920000e-06	-1.005213e-02	7.117915e+00
5.930000e-06	-1.285512e-02	7.232711e+00
5.940000e-06	-1.827760e-02	7.382705e+00
5.950000e-06	3.096754e-04	7.580599e+00
5.960000e-06	-2.038473e-02	7.730365e+00
5.970000e-06	-2.191171e-03	7.854882e+00
5.980000e-06	-2.093769e-02	8.022801e+00
5.990000e-06	2.195772e-03	8.140550e+00
6.000000e-06	-2.193929e-03	8.284383e+00
6.010000e-06	-1.821598e-02	8.378994e+00
6.020000e-06	-1.693176e-02	8.453261e+00
6.030000e-06	-1.938463e-02	8.549199e+00
6.040000e-06	-2.837143e-03	8.664355e+00
6.050000e-06	-1.080896e-02	8.739493e+00
6.060000e-06	-1.333607e-02	8.842759e+00
6.070000e-06	-1.592654e-02	8.960595e+00
6.080000e-06	-1.077007e-02	9.076392e+00
6.090000e-06	-7.578017e-03	9.160648e+00
6.100000e-06	-1.673681e-02	9.275282e+00
6.110000e-06	-2.029437e-02	9.329412e+00
6.120000e-06	-1.851451e-02	9.411253e+00
6.130000e-06	-9.352396e-03	9.506785e+00
6.140000e-06	-1.191983e-02	9.528445e+00
6.150000e-06	-1.809142e-02	9.633778e+00
6.160000e-06	-1.885346e-02	9.707389e+00
6.170000e-06	-1.577564e-02	9.741120e+00
6.180000e-06	-1.408246e-02	9.834328e+00
6.190000e-06	-1.810400e-02	9.918489e+00
6.200000e-06	-2.139975e-02	9.989474e+00
6.210000e-06	-1.911498e-02	1.001163e+01
6.220000e-06	-1.456384e-02	1.006371e+01
6.230000e-06	-1.593315e-02	1.011483e+01
6.240000e-06	-2.225513e-02	1.011736e+01
6.250000e-06	-2.525400e-02	1.014804e+01
6.260000e-06	-2.148836e-02	1.016052e+01
6.270000e-06	-1.698049e-02	1.016110e+01
6.280000e-06	-2.088298e-02	1.021265e+01
6.290000e-06	-2.550869e-02	1.026267e+01
6.300000e-06	-2.392558e-02	1.025420e+01
6.310000e-06	-2.160991e-02	1.027373e+01
6.320000e-06	-2.230050e-02	1.027224e+01
6.330000e-06	-2.613592e-02	1.026480e+01
6.340000e-06	-3.021326e-02	1.030624e+01
6.350000e-06	-2.725852e-02	1.027523e+01
6.360000e-06	-2.504002e-02	1.025426e+01
6.370000e-06	-2.643005e-02	1.023473e+01
6.380000e-06	-3.152850e-02	1.020210e+01
6.390000e-06	-3.300999e-02	1.018168e+01
6.400000e-06	-3.204406e-02	1.014984e+01
6.410000e-06	-3.185528e-02	1.011891e+01
6.420000e-06	-3.472083e-02	1.011846e+01
6.430000e-06	-3.696021e-02	1.008676e+01
6.440000e-06	-3.661271e-02	1.006320e+01
6.450000e-06	-3.625768e-02	1.001212e+01
6.460000e-06	-3.798122e-02	9.959419e+00
6.470000e-06	-4.166757e-02	9.898392e+00
6.480000e-06	-4.270124e-02	9.853678e+00
6.490000e-06	-4.217425e-02	9.800494e+00
6.500000e-06	-4.223596e-02	9.695857e+00
6.510000e-06	-4.567517e-02	9.622075e+00
6.520000e-06	-4.842432e-02	9.517890e+00
6.530000e-06	-4.811879e-02	9.454210e+00
6.540000e-06	-4.681933e-02	9.381523e+00
6.550000e-06	-4.755586e-02	9.316914e+00
6.560000e-06	-4.716299e-02	9.232633e+00
6.570000e-06	-4.659350e-02	9.170423e+00
6.580000e-06	-4.415983e-02	9.054733e+00
6.590000e-06	-4.091899e-02	8.920487e+00
6.600000e-06	-3.914408e-02	8.812582e+00
6.610000e-06	-3.704030e-02	8.768964e+00
6.620000e-06	-3.586237e-02	8.624182e+00
6.630000e-06	-3.313198e-02	8.537469e+00
6.640000e-06	-3.127131e-02	8.454605e+00
6.650000e-06	-2.892876e-02	8.369396e+00
6.660000e-06	-2.734879e-02	8.232102e+00
6.670000e-06	-2.502589e-02	8.108137e+00
6.680000e-06	-2.445385e-02	7.970474e+00
6.690000e-06	-2.212648e-02	7.834082e+00
6.700000e-06	-2.175055e-02	7.738367e+00
6.710000e-06	-2.008317e-02	7.590497e+00
6.720000e-06	-1.982908e-02	7.434680e+00
6.730000e-06	-1.909401e-02	7.252633e+00
6.740000e-06	-1.936184e-02	7.117216e+00
6.750000e-06	-1.770582e-02	6.969920e+00
6.760000e-06	-1.639773e-02	6.833054e+00
6.770000e-06	-1.606858e-02	6.726888e+00
6.780000e-06	-1.560444e-02	6.495761e+00
6.790000e-06	-1.527496e-02	6.369870e+00
6.800000e-06	-1.387227e-02	6.211003e+00
6.810000e-06	-1.316906e-02	6.064183e+00
6.820000e-06	-1.364287e-02	5.926890e+00
6.830000e-06	-1.364654e-02	5.759288e+00
6.840000e-06	-1.386368e-02	5.589895e+00
6.850000e-06	-1.204837e-02	5.430975e+00
6.860000e-06	-1.161422e-02	5.224054e+00
6.870000e-06	-1.208657e-02	5.003376e+00
6.880000e-06	-1.190241e-02	4.780425e+00
6.890000e-06	-1.119622e-02	4.643078e+00
6.900000e-06	-9.457371e-03	4.453659e+00
6.910000e-06	-9.554385e-03	4.316716e+00
6.920000e-06	-9.694808e-03	4.083639e+00
6.930000e-06	-1.120430e-02	3.918316e+00
6.940000e-06	-1.004036e-02	3.729320e+00
6.950000e-06	-8.656656e-03	3.580450e+00
6.960000e-06	-8.873833e-03	3.418404e+00
6.970000e-06	-1.056406e-02	3.160425e+00
6.980000e-06	-8.842658e-03	3.002031e+00
6.990000e-06	-7.545859e-03	2.842080e+00
7.000000e-06	-7.033458e-03	2.685151e+00
7.010000e-06	-8.806956e-03	2.453451e+00
7.020000e-06	-9.277117e-03	2.262504e+00
7.030000e-06	-7.579033e-03	2.094058e+00
7.040000e-06	-6.926977e-03	1.895133e+00
7.050000e-06	-6.993846e-03	1.663582e+00
7.060000e-06	-7.688369e-03	1.483632e+00
7.070000e-06	-7.233673e-03	1.304129e+00
7.080000e-06	-5.607783e-03	1.012610e+00
7.090000e-06	-5.541762e-03	8.209274e-01
7.100000e-06	-6.486711e-03	6.200551e-01
7.110000e-06	-6.417753e-03	4.415051e-01
7.120000e-06	-4.746210e-03	2.446093e-01
7.130000e-06	-4.022956e-03	4.145413e-02
7.140000e-06	-9.948656e-04	-1.384424e-01
7.150000e-06	3.057141e-03	-3.164172e-01
7.160000e-06	-1.843332e-03	-4.827331e-01
7.170000e-06	4.676509e-04	-7.158647e-01
7.180000e-06	-5.058850e-04	-8.648318e-01
7.190000e-06	-9.477869e-06	-1.032080e+00
7.200000e-06	-1.206677e-03	-1.221648e+00
7.210000e-06	2.141005e-02	-1.452780e+00
7.220000e-06	8.821159e-02	-1.661623e+00
7.230000e-06	2.109532e-02	-1.873282e+00
7.240000e-06	-4.593881e-02	-2.169173e+00
7.250000e-06	-3.934591e-02	-2.460603e+00
7.260000e-06	-9.942550e-02	-2.556845e+00
7.270000e-06	9.304958e-02	-2.588947e+00
7.280000e-06	1.827095e-02	-2.734937e+00
7.290000e-06	-1.233251e-01	-3.042385e+00
7.300000e-06	1.749401e-01	-3.188442e+00
7.310000e-06	-1.608488e-02	-3.327964e+00
7.320000e-06	-9.230738e-02	-3.568971e+00
7.330000e-06	1.330032e-01	-3.703679e+00
7.340000e-06	-1.044019e-01	-3.885463e+00
7.350000e-06	-2.748228e-02	-4.146287e+00
7.360000e-06	9.301478e-02	-4.293178e+00
7.370000e-06	-6.950000e-02	-4.473780e+00
7.380000e-06	1.190128e-01	-4.621683e+00
7.390000e-06	-3.147135e-02	-4.800123e+00
7.400000e-06	-5.307075e-02	-5.021729e+00
7.410000e-06	8.425773e-02	-5.179591e+00
7.420000e-06	-9.254907e-02	-5.422757e+00
7.430000e-06	7.712065e-02	-5.601075e+00
7.440000e-06	-1.065758e-02	-5.738491e+00
7.450000e-06	1.330512e-03	-5.926364e+00
7.460000e-06	5.701235e-02	-6.063178e+00
7.470000e-06	-6.895435e-02	-6.235735e+00
7.480000e-06	7.326421e-02	-6.411053e+00
7.490000e-06	-5.469920e-02	-6.538570e+00
7.500000e-06	1.779111e-02	-6.746312e+00
7.510000e-06	5.808379e-02	-6.854050e+00
7.520000e-06	-4.720518e-02	-7.054702e+00
7.530000e-06	6.629042e-02	-7.200050e+00
7.540000e-06	-4.985592e-02	-7.325891e+00
7.550000e-06	3.745032e-02	-7.473254e+00
7.560000e-06	4.406880e-03	-7.590074e+00
7.570000e-06	-9.265622e-03	-7.779543e+00
7.580000e-06	3.421858e-02	-7.898437e+00
7.590000e-06	-2.641291e-02	-8.055684e+00
7.600000e-06	5.839814e-02	-8.208417e+00
7.610000e-06	-2.198162e-02	-8.295808e+00
7.620000e-06	1.920087e-02	-8.399497e+00
7.630000e-06	-2.399625e-03	-8.516284e+00
7.640000e-06	1.643444e-03	-8.663231e+00
7.650000e-06	3.219274e-02	-8.790020e+00
7.660000e-06	-9.313044e-03	-8.905233e+00
7.670000e-06	2.405068e-02	-8.968989e+00
7.680000e-06	-5.842124e-03	-9.065234e+00
7.690000e-06	2.658976e-02	-9.167918e+00
7.700000e-06	7.256586e-03	-9.250603e+00
7.710000e-06	5.397002e-03	-9.348314e+00
7.720000e-06	7.807692e-03	-9.412649e+00
7.730000e-06	6.208619e-03	-9.516864e+00
7.740000e-06	2.393181e-02	-9.600098e+00
7.750000e-06	4.035678e-03	-9.686758e+00
7.760000e-06	1.521482e-02	-9.745368e+00
7.770000e-06	4.477498e-03	-9.811094e+00
7.780000e-06	1.730761e-02	-9.853731e+00
7.790000e-06	1.111367e-02	-9.936788e+00
7.800000e-06	9.728726e-03	-9.948965e+00
7.810000e-06	1.085921e-02	-9.990571e+00
7.820000e-06	1.448212e-02	-1.003363e+01
7.830000e-06	2.135803e-02	-1.009421e+01
7.840000e-06	1.193032e-02	-1.013679e+01
7.850000e-06	1.249480e-02	-1.020150e+01
7.860000e-06	7.044531e-03	-1.022072e+01
7.870000e-06	1.740774e-02	-1.023568e+01
7.880000e-06	1.697300e-02	-1.029581e+01
7.890000e-06	1.563278e-02	-1.030729e+01
7.900000e-06	1.429397e-02	-1.032839e+01
7.910000e-06	1.703866e-02	-1.036552e+01
7.920000e-06	2.110546e-02	-1.029946e+01
7.930000e-06	1.936978e-02	-1.035955e+01
7.940000e-06	1.684417e-02	-1.036785e+01
7.950000e-06	1.467754e-02	-1.038697e+01
7.960000e-06	2.083205e-02	-1.037844e+01
7.970000e-06	2.086987e-02	-1.039852e+01
7.980000e-06	2.067150e-02	-1.037792e+01
7.990000e-06	2.116817e-02	-1.032736e+01
8.000000e-06	2.310572e-02	-1.030736e+01
8.010000e-06	2.773077e-02	-1.027570e+01
8.020000e-06	2.791813e-02	-1.023367e+01
8.030000e-06	2.648955e-02	-1.018155e+01
8.040000e-06	2.433590e-02	-1.014936e+01
8.050000e-06	2.651208e-02	-1.008623e+01
8.060000e-06	2.891192e-02	-1.007266e+01
8.070000e-06	2.866733e-02	-1.002953e+01
8.080000e-06	3.020335e-02	-9.989369e+00
8.090000e-06	3.225968e-02	-9.936788e+00
8.100000e-06	3.780661e-02	-9.905131e+00
8.110000e-06	3.775071e-02	-9.792996e+00
8.120000e-06	3.587433e-02	-9.737365e+00
8.130000e-06	3.519953e-02	-9.695631e+00
8.140000e-06	3.706261e-02	-9.621553e+00
8.150000e-06	3.936684e-02	-9.548445e+00
8.160000e-06	3.939934e-02	-9.454683e+00
8.170000e-06	3.779002e-02	-9.370443e+00
8.180000e-06	3.749296e-02	-9.262553e+00
8.190000e-06	3.855908e-02	-9.147942e+00
8.200000e-06	3.485898e-02	-9.073634e+00
8.210000e-06	3.065016e-02	-8.958392e+00
8.220000e-06	2.635315e-02	-8.894161e+00
8.230000e-06	2.491284e-02	-8.799425e+00
8.240000e-06	2.438824e-02	-8.686766e+00
8.250000e-06	2.332588e-02	-8.558468e+00
8.260000e-06	2.078285e-02	-8.432503e+00
8.270000e-06	1.865110e-02	-8.317692e+00
8.280000e-06	1.698523e-02	-8.242975e+00
8.290000e-06	1.503438e-02	-8.116288e+00
8.300000e-06	1.309475e-02	-8.011400e+00
8.310000e-06	9.656185e-03	-7.882950e+00
8.320000e-06	1.086753e-02	-7.655084e+00
8.330000e-06	1.144246e-02	-7.525788e+00
8.340000e-06	1.048289e-02	-7.380371e+00
8.350000e-06	8.522046e-03	-7.273633e+00
8.360000e-06	6.406518e-03	-7.167793e+00
8.370000e-06	5.428775e-03	-6.976341e+00
8.380000e-06	4.354806e-03	-6.809450e+00
8.390000e-06	3.954164e-03	-6.673555e+00
8.400000e-06	4.236321e-03	-6.484163e+00
8.410000e-06	3.790490e-03	-6.379472e+00
8.420000e-06	3.315216e-03	-6.239950e+00
8.430000e-06	4.956904e-03	-6.010425e+00
8.440000e-06	2.783174e-03	-5.873583e+00
8.450000e-06	6.998929e-04	-5.734761e+00
8.460000e-06	-1.890547e-03	-5.557791e+00
8.470000e-06	-2.044362e-04	-5.376766e+00
8.480000e-06	1.469055e-03	-5.127267e+00
8.490000e-06	7.159218e-04	-5.008741e+00
8.500000e-06	-5.945384e-04	-4.687164e+00
8.510000e-06	-1.309169e-04	-4.598371e+00
8.520000e-06	-7.066164e-05	-4.410974e+00
8.530000e-06	-1.108450e-03	-4.253577e+00
8.540000e-06	-3.419899e-03	-4.094736e+00
8.550000e-06	-5.457688e-03	-3.936645e+00
8.560000e-06	-2.949675e-03	-3.716112e+00
8.570000e-06	-2.683041e-03	-3.536741e+00
8.580000e-06	-1.436718e-03	-3.377746e+00
8.590000e-06	-4.556223e-03	-3.200297e+00
8.600000e-06	-2.364860e-03	-2.997691e+00
8.610000e-06	-4.393299e-03	-2.758393e+00
8.620000e-06	-3.385502e-03	-2.590344e+00
8.630000e-06	-6.780490e-03	-2.421425e+00
8.640000e-06	-4.964594e-03	-2.238849e+00
8.650000e-06	-8.103188e-03	-2.029925e+00
8.660000e-06	-3.987171e-03	-1.850979e+00
8.670000e-06	-5.131698e-03	-1.662028e+00
8.680000e-06	-2.879351e-03	-1.447948e+00
8.690000e-06	-7.488311e-03	-1.207295e+00
8.700000e-06	-6.436412e-03	-1.018822e+00
8.710000e-06	-7.815814e-03	-8.108761e-01
8.720000e-06	-6.628282e-03	-6.008699e-01
8.730000e-06	-7.301211e-03	-4.088711e-01
8.740000e-06	-7.404216e-03	-2.294289e-01
8.750000e-06	-3.550371e-03	-2.790388e-02
8.760000e-06	2.634562e-03	1.580488e-01
8.770000e-06	-4.819513e-04	3.805986e-01
8.780000e-06	-9.459476e-04	5.175184e-01
8.790000e-06	-3.027797e-03	7.268869e-01
8.800000e-06	-4.232598e-03	8.543303e-01
8.810000e-06	-2.897136e-03	1.125392e+00
8.820000e-06	1.978162e-03	1.295914e+00
8.830000e-06	2.989250e-02	1.495359e+00
8.840000e-06	7.353402e-02	1.770621e+00
8.850000e-06	-7.836670e-05	1.979524e+00
8.860000e-06	-5.174378e-02	2.137517e+00
8.870000e-06	-4.077861e-02	2.327467e+00
8.880000e-06	-9.063475e-02	2.474286e+00
8.890000e-06	7.911107e-03	2.623276e+00
8.900000e-06	8.811829e-02	2.862753e+00
8.910000e-06	-1.412754e-01	2.980678e+00
8.920000e-06	7.537794e-02	3.127393e+00
8.930000e-06	7.086782e-02	3.340219e+00
8.940000e-06	-1.080469e-01	3.587996e+00
8.950000e-06	5.970073e-02	3.675381e+00
8.960000e-06	-3.231388e-02	3.905013e+00
8.970000e-06	-6.801440e-02	4.043910e+00
8.980000e-06	5.314992e-02	4.295967e+00
8.990000e-06	-1.623197e-02	4.473888e+00
9.000000e-06	1.344422e-02	4.653702e+00
9.010000e-06	4.226556e-03	4.822707e+00
9.020000e-06	-4.981446e-02	5.075931e+00
9.030000e-06	2.232321e-02	5.274832e+00
9.040000e-06	-3.265412e-02	5.455282e+00
9.050000e-06	9.819755e-03	5.591599e+00
9.060000e-06	-1.178796e-02	5.792695e+00
9.070000e-06	5.764222e-03	5.971073e+00
9.080000e-06	1.832961e-03	6.117939e+00
9.090000e-06	-3.697628e-02	6.284834e+00
9.100000e-06	9.314959e-03	6.423175e+00
9.110000e-06	-3.105588e-02	6.557594e+00
9.120000e-06	-4.644683e-03	6.758096e+00
9.130000e-06	1.955522e-02	6.905437e+00
9.140000e-06	-1.596711e-02	7.063303e+00
9.150000e-06	-6.490975e-03	7.149517e+00
9.160000e-06	-2.095870e-02	7.276437e+00
9.170000e-06	-8.142807e-03	7.465429e+00
9.180000e-06	-8.743681e-03	7.653302e+00
9.190000e-06	-1.590153e-02	7.760049e+00
9.200000e-06	-5.384324e-03	7.928514e+00
9.210000e-06	-1.809445e-02	8.073832e+00
9.220000e-06	8.908438e-03	8.191149e+00
9.230000e-06	-1.399328e-02	8.286885e+00
9.240000e-06	-1.536621e-02	8.380674e+00
9.250000e-06	-1.965627e-02	8.496390e+00
9.260000e-06	-1.243391e-02	8.632702e+00
9.270000e-06	-3.269687e-03	8.686362e+00
9.280000e-06	-1.378209e-02	8.750073e+00
9.290000e-06	-1.229609e-02	8.886336e+00
9.300000e-06	-1.655039e-02	9.032727e+00
9.310000e-06	-7.475515e-03	9.148497e+00
9.320000e-06	-1.043895e-02	9.233304e+00
9.330000e-06	-1.910493e-02	9.286333e+00
9.340000e-06	-1.961955e-02	9.360097e+00
9.350000e-06	-1.574658e-02	9.454780e+00
9.360000e-06	-8.167878e-03	9.497418e+00
9.370000e-06	-1.475873e-02	9.591629e+00
9.380000e-06	-1.868589e-02	9.654781e+00
9.390000e-06	-1.852143e-02	9.739015e+00
9.400000e-06	-1.423263e-02	9.811075e+00
9.410000e-06	-1.483653e-02	9.885437e+00
9.420000e-06	-2.040987e-02	9.957518e+00
9.430000e-06	-2.045634e-02	9.981125e+00
9.440000e-06	-1.760083e-02	1.002415e+01
9.450000e-06	-1.301536e-02	1.007623e+01
9.460000e-06	-1.902791e-02	1.009736e+01
9.470000e-06	-2.432236e-02	1.013738e+01
9.480000e-06	-2.502945e-02	1.015902e+01
9.490000e-06	-1.891207e-02	1.020010e+01
9.500000e-06	-1.739903e-02	1.019217e+01
9.510000e-06	-2.204391e-02	1.020425e+01
9.520000e-06	-2.545075e-02	1.025426e+01
9.530000e-06	-2.382061e-02	1.027423e+01
9.540000e-06	-2.221851e-02	1.026465e+01
9.550000e-06	-2.444748e-02	1.029378e+01
9.560000e-06	-2.863070e-02	1.028631e+01
9.570000e-06	-3.028044e-02	1.028524e+01
9.580000e-06	-2.507272e-02	1.029325e+01
9.590000e-06	-2.386653e-02	1.021520e+01
9.600000e-06	-2.763025e-02	1.022366e+01
9.610000e-06	-3.255569e-02	1.019019e+01
9.620000e-06	-3.370054e-02	1.015060e+01
9.630000e-06	-3.212160e-02	1.016049e+01
9.640000e-06	-3.238871e-02	1.010899e+01
9.650000e-06	-3.611647e-02	1.009684e+01
9.660000e-06	-3.759553e-02	1.007421e+01
9.670000e-06	-3.555885e-02	1.004365e+01
9.680000e-06	-3.505629e-02	9.971026e+00
9.690000e-06	-3.885353e-02	9.928391e+00
9.700000e-06	-4.239336e-02	9.886786e+00
9.710000e-06	-4.407391e-02	9.823573e+00
9.720000e-06	-4.140491e-02	9.728814e+00
9.730000e-06	-4.411800e-02	9.623659e+00
9.740000e-06	-4.647601e-02	9.570441e+00
9.750000e-06	-4.918015e-02	9.457786e+00
9.760000e-06	-4.765780e-02	9.454706e+00
9.770000e-06	-4.514922e-02	9.367945e+00
9.780000e-06	-4.859674e-02	9.315758e+00
9.790000e-06	-4.643568e-02	9.213126e+00
9.800000e-06	-4.654473e-02	9.129970e+00
9.810000e-06	-4.050350e-02	9.073602e+00
9.820000e-06	-3.997973e-02	8.866762e+00
9.830000e-06	-3.863330e-02	8.801103e+00
9.840000e-06	-3.916779e-02	8.716836e+00
9.850000e-06	-3.340589e-02	8.612551e+00
9.860000e-06	-3.003895e-02	8.487362e+00
9.870000e-06	-2.727815e-02	8.412053e+00
9.880000e-06	-2.959074e-02	8.307417e+00
9.890000e-06	-2.773034e-02	8.190945e+00
9.900000e-06	-2.374186e-02	8.033154e+00
9.910000e-06	-2.268433e-02	7.939315e+00
9.920000e-06	-2.181104e-02	7.801576e+00
9.930000e-06	-2.474743e-02	7.664657e+00
9.940000e-06	-2.009092e-02	7.558316e+00
9.950000e-06	-1.909867e-02	7.319844e+00
9.960000e-06	-1.658313e-02	7.222030e+00
9.970000e-06	-1.967024e-02	7.044637e+00
9.980000e-06	-1.787232e-02	6.896812e+00
9.990000e-06	-1.712024e-02	6.799950e+00
1.000000e-05	-1.476630e-02	6.681660e+00
1.001000e-05	-1.628990e-02	6.453604e+00
1.002000e-05	-1.570219e-02	6.287236e+00
1.003000e-05	-1.366232e-02	6.158372e+00
1.004000e-05	-1.246356e-02	6.022531e+00
1.005000e-05	-1.251442e-02	5.895258e+00
1.006000e-05	-1.473947e-02	5.654557e+00
1.007000e-05	-1.354040e-02	5.485709e+00
1.008000e-05	-1.192116e-02	5.358817e+00
1.009000e-05	-1.017250e-02	5.148870e+00
1.010000e-05	-1.196973e-02	4.895638e+00
1.011000e-05	-1.237094e-02	4.727340e+00
1.012000e-05	-1.064206e-02	4.569874e+00
1.013000e-05	-1.053451e-02	4.422503e+00
1.014000e-05	-8.580944e-03	4.313008e+00
1.015000e-05	-1.195395e-02	4.041954e+00
1.016000e-05	-1.005215e-02	3.853634e+00
1.017000e-05	-1.001039e-02	3.674237e+00
1.018000e-05	-6.229781e-03	3.527345e+00
1.019000e-05	-8.855343e-03	3.347213e+00
1.020000e-05	-8.420666e-03	3.116816e+00
1.021000e-05	-9.185121e-03	2.947293e+00
1.022000e-05	-8.678793e-03	2.780947e+00
1.023000e-05	-7.824672e-03	2.569245e+00
1.024000e-05	-9.894577e-03	2.356894e+00
1.025000e-05	-8.638622e-03	2.168797e+00
1.026000e-05	-6.805957e-03	2.009900e+00
1.027000e-05	-4.469047e-03	1.781026e+00
1.028000e-05	-6.455564e-03	1.569424e+00
1.029000e-05	-6.061872e-03	1.389446e+00
1.030000e-05	-8.242832e-03	1.199946e+00
1.031000e-05	-6.523925e-03	9.681621e-01
1.032000e-05	-8.166389e-03	7.162672e-01
1.033000e-05	-7.075449e-03	5.467946e-01
1.034000e-05	-6.362468e-03	3.792986e-01
1.035000e-05	-3.445462e-03	1.367934e-01
1.036000e-05	-1.952666e-03	-4.318426e-02
1.037000e-05	3.047769e-03	-2.511303e-01
1.038000e-05	1.532186e-03	-4.000238e-01
1.039000e-05	-2.951103e-03	-5.561474e-01
1.040000e-05	5.515204e-04	-7.990251e-01
1.041000e-05	-1.796517e-03	-9.569700e-01
1.042000e-05	-4.035980e-04	-1.134841e+00
1.043000e-05	2.724862e-03	-1.304741e+00
1.044000e-05	4.790872e-02	-1.505885e+00
1.045000e-05	8.998313e-02	-1.725385e+00
1.046000e-05	-3.141259e-02	-1.991073e+00
1.047000e-05	-2.763380e-02	-2.295837e+00
1.048000e-05	-7.574513e-02	-2.494233e+00
1.049000e-05	-4.979969e-02	-2.568919e+00
1.050000e-05	1.394864e-01	-2.591048e+00
1.051000e-05	-9.593859e-02	-2.883761e+00
1.052000e-05	-2.336510e-02	-3.127318e+00
1.053000e-05	1.551359e-01	-3.211575e+00
1.054000e-05	-1.399442e-01	-3.411330e+00
1.055000e-05	2.563858e-02	-3.630025e+00
1.056000e-05	7.559461e-02	-3.759122e+00
1.057000e-05	-1.467961e-01	-4.031653e+00
1.058000e-05	7.627540e-02	-4.178941e+00
1.059000e-05	7.657642e-03	-4.337466e+00
1.060000e-05	-1.816129e-02	-4.498918e+00
1.061000e-05	1.216073e-01	-4.724202e+00
1.062000e-05	-1.144704e-01	-4.885885e+00
1.063000e-05	5.121961e-02	-5.062758e+00
1.064000e-05	2.554791e-03	-5.253232e+00
1.065000e-05	-5.532474e-02	-5.535263e+00
1.066000e-05	9.540476e-02	-5.630156e+00
1.067000e-05	-6.417084e-02	-5.852705e+00
1.068000e-05	7.148110e-02	-5.989440e+00
1.069000e-05	-1.697622e-02	-6.149392e+00
1.070000e-05	-1.911829e-02	-6.387911e+00
1.071000e-05	5.405061e-02	-6.444211e+00
1.072000e-05	-8.204641e-02	-6.671550e+00
1.073000e-05	8.803163e-02	-6.748440e+00
1.074000e-05	-1.428815e-02	-6.936760e+00
1.075000e-05	7.773507e-03	-7.115411e+00
1.076000e-05	3.318310e-02	-7.263127e+00
1.077000e-05	-4.908035e-02	-7.379495e+00
1.078000e-05	6.515934e-02	-7.526808e+00
1.079000e-05	-3.906361e-02	-7.664232e+00
1.080000e-05	3.689226e-02	-7.883149e+00
1.081000e-05	-7.893015e-03	-7.959123e+00
1.082000e-05	1.156982e-02	-8.086311e+00
1.083000e-05	3.824740e-02	-8.202075e+00
1.084000e-05	-2.555481e-02	-8.318886e+00
1.085000e-05	3.313158e-02	-8.441626e+00
1.086000e-05	-2.325935e-02	-8.580043e+00
1.087000e-05	3.162883e-02	-8.666282e+00
1.088000e-05	6.136384e-03	-8.821573e+00
1.089000e-05	6.702732e-03	-8.916360e+00
1.090000e-05	1.487989e-02	-9.000044e+00
1.091000e-05	-2.087802e-04	-9.115886e+00
1.092000e-05	2.920379e-02	-9.159021e+00
1.093000e-05	-3.988511e-03	-9.292710e+00
1.094000e-05	1.395145e-02	-9.368438e+00
1.095000e-05	-7.060688e-04	-9.485804e+00
1.096000e-05	1.950018e-02	-9.549094e+00
1.097000e-05	1.481319e-02	-9.643207e+00
1.098000e-05	7.189078e-03	-9.716285e+00
1.099000e-05	1.219612e-02	-9.739918e+00
1.100000e-05	6.086945e-03	-9.842697e+00
1.101000e-05	1.920503e-02	-9.866680e+00
1.102000e-05	7.350500e-03	-9.927395e+00
1.103000e-05	1.210634e-02	-9.988470e+00
1.104000e-05	8.951396e-03	-1.004007e+01
1.105000e-05	2.016512e-02	-1.007358e+01
1.106000e-05	1.682547e-02	-1.013731e+01
1.107000e-05	1.129229e-02	-1.020049e+01
1.108000e-05	9.362629e-03	-1.020957e+01
1.109000e-05	1.117175e-02	-1.022130e+01
1.110000e-05	2.055104e-02	-1.025570e+01
1.111000e-05	1.644172e-02	-1.024528e+01
1.112000e-05	1.523067e-02	-1.030891e+01
1.113000e-05	1.376272e-02	-1.033699e+01
1.114000e-05	1.909692e-02	-1.032939e+01
1.115000e-05	1.955597e-02	-1.036945e+01
1.116000e-05	1.732891e-02	-1.042100e+01
1.117000e-05	1.420324e-02	-1.038997e+01
1.118000e-05	1.747533e-02	-1.038010e+01
1.119000e-05	2.460817e-02	-1.036999e+01
1.120000e-05	2.231804e-02	-1.033994e+01
1.121000e-05	2.142725e-02	-1.034787e+01
1.122000e-05	1.904562e-02	-1.032681e+01
1.123000e-05	2.302070e-02	-1.029528e+01
1.124000e-05	2.596525e-02	-1.027361e+01
1.125000e-05	2.645619e-02	-1.024310e+01
1.126000e-05	2.504609e-02	-1.020144e+01
1.127000e-05	2.625398e-02	-1.012729e+01
1.128000e-05	3.118699e-02	-1.010413e+01
1.129000e-05	3.082320e-02	-1.007160e+01
1.130000e-05	2.814298e-02	-9.998976e+00
1.131000e-05	2.737264e-02	-9.968868e+00
1.132000e-05	3.199725e-02	-9.896760e+00
1.133000e-05	3.789395e-02	-9.843051e+00
1.134000e-05	3.678887e-02	-9.789419e+00
1.135000e-05	3.556668e-02	-9.737810e+00
1.136000e-05	3.722285e-02	-9.662108e+00
1.137000e-05	4.050821e-02	-9.589474e+00
1.138000e-05	4.034282e-02	-9.528339e+00
1.139000e-05	3.666418e-02	-9.432601e+00
1.140000e-05	3.538556e-02	-9.338662e+00
1.141000e-05	3.705354e-02	-9.231055e+00
1.142000e-05	3.835095e-02	-9.117336e+00
1.143000e-05	3.420664e-02	-9.052075e+00
1.144000e-05	2.855414e-02	-8.937241e+00
1.145000e-05	2.553259e-02	-8.842106e+00
1.146000e-05	2.560142e-02	-8.788871e+00
1.147000e-05	2.502013e-02	-8.674103e+00
1.148000e-05	2.170742e-02	-8.527710e+00
1.149000e-05	1.737188e-02	-8.418974e+00
1.150000e-05	1.723776e-02	-8.304687e+00
1.151000e-05	1.727476e-02	-8.159441e+00
1.152000e-05	1.601040e-02	-8.064506e+00
1.153000e-05	1.212667e-02	-7.947360e+00
1.154000e-05	1.002751e-02	-7.804799e+00
1.155000e-05	1.144197e-02	-7.651453e+00
1.156000e-05	1.132764e-02	-7.515133e+00
1.157000e-05	8.916663e-03	-7.366367e+00
1.158000e-05	6.539989e-03	-7.221499e+00
1.159000e-05	5.994212e-03	-7.134632e+00
1.160000e-05	6.643791e-03	-6.895107e+00
1.161000e-05	5.753628e-03	-6.757316e+00
1.162000e-05	4.028507e-03	-6.600424e+00
1.163000e-05	3.585518e-03	-6.442557e+00
1.164000e-05	3.382191e-03	-6.345237e+00
1.165000e-05	4.416141e-03	-6.125214e+00
1.166000e-05	3.353052e-03	-5.957368e+00
1.167000e-05	1.776573e-03	-5.800426e+00
1.168000e-05	3.397538e-04	-5.672055e+00
1.169000e-05	1.175731e-03	-5.491057e+00
1.170000e-05	1.711979e-03	-5.253503e+00
1.171000e-05	-9.861670e-05	-5.093006e+00
1.172000e-05	-8.594956e-04	-4.891009e+00
1.173000e-05	-9.680208e-04	-4.653005e+00
1.174000e-05	4.677937e-04	-4.516136e+00
1.175000e-05	-6.865676e-04	-4.325820e+00
1.176000e-05	-9.265434e-04	-4.200448e+00
1.177000e-05	-3.845199e-03	-4.021453e+00
1.178000e-05	-1.388034e-03	-3.871983e+00
1.179000e-05	-3.883451e-03	-3.600950e+00
1.180000e-05	-3.989349e-03	-3.483055e+00
1.181000e-05	-4.542417e-03	-3.314081e+00
1.182000e-05	-1.968212e-03	-3.155163e+00
1.183000e-05	-3.549555e-03	-2.883557e+00
1.184000e-05	-4.045782e-03	-2.695685e+00
1.185000e-05	-5.737367e-03	-2.494611e+00
1.186000e-05	-5.111855e-03	-2.346798e+00
1.187000e-05	-4.103338e-03	-2.124663e+00
1.188000e-05	-4.910952e-03	-1.927669e+00
1.189000e-05	-6.552414e-03	-1.776745e+00
1.190000e-05	-6.576747e-03	-1.608322e+00
1.191000e-05	-3.805531e-03	-1.323539e+00
1.192000e-05	-3.566357e-03	-1.104609e+00
1.193000e-05	-7.211738e-03	-8.951893e-01
1.194000e-05	-9.835556e-03	-7.272709e-01
1.195000e-05	-7.715547e-03	-4.835617e-01
1.196000e-05	-5.464906e-03	-3.347156e-01
1.197000e-05	-4.961237e-03	-8.619447e-02
1.198000e-05	-6.960424e-04	6.222896e-02
1.199000e-05	6.670081e-04	2.253842e-01
1.200000e-05	-1.103964e-03	4.532565e-01
1.201000e-05	1.691347e-03	6.101765e-01
1.202000e-05	-4.265094e-03	7.710686e-01
1.203000e-05	-5.278682e-03	9.484175e-01
1.204000e-05	-4.898907e-03	1.151621e+00
1.205000e-05	1.011226e-02	1.400045e+00
1.206000e-05	5.133122e-02	1.582248e+00
1.207000e-05	6.361244e-02	1.833757e+00
1.208000e-05	-3.983163e-02	2.062730e+00
1.209000e-05	-3.893249e-02	2.211705e+00
1.210000e-05	-5.638766e-02	2.381600e+00
1.211000e-05	-8.358907e-02	2.474887e+00
1.212000e-05	8.094930e-02	2.744492e+00
1.213000e-05	-6.627937e-03	2.877862e+00
1.214000e-05	-1.089667e-01	3.052759e+00
1.215000e-05	1.622565e-01	3.203176e+00
1.216000e-05	-4.404625e-02	3.425391e+00
1.217000e-05	-5.184008e-02	3.620550e+00
1.218000e-05	6.981972e-02	3.739620e+00
1.219000e-05	-9.127504e-02	3.961070e+00
1.220000e-05	-3.647047e-03	4.150567e+00
1.221000e-05	4.055547e-02	4.390624e+00
1.222000e-05	-2.948647e-02	4.537520e+00
1.223000e-05	3.311788e-02	4.698413e+00
1.224000e-05	-3.498213e-02	4.957538e+00
1.225000e-05	-1.812069e-02	5.129070e+00
1.226000e-05	5.713025e-03	5.358517e+00
1.227000e-05	-2.496305e-02	5.518396e+00
1.228000e-05	1.581285e-02	5.694309e+00
1.229000e-05	-2.084571e-02	5.834279e+00
1.230000e-05	2.252407e-02	6.051678e+00
1.231000e-05	-2.330345e-02	6.202097e+00
1.232000e-05	-1.823077e-02	6.336441e+00
1.233000e-05	4.963960e-03	6.494834e+00
1.234000e-05	-4.167555e-02	6.635382e+00
1.235000e-05	1.884304e-02	6.812151e+00
1.236000e-05	1.563926e-03	6.960070e+00
1.237000e-05	-1.178554e-02	7.104858e+00
1.238000e-05	-8.169361e-03	7.181652e+00
1.239000e-05	-2.283077e-02	7.359120e+00
1.240000e-05	8.793090e-05	7.479544e+00
1.241000e-05	-1.878191e-02	7.667836e+00
1.242000e-05	-4.824956e-03	7.841253e+00
1.243000e-05	-1.823242e-02	7.973125e+00
1.244000e-05	-5.604533e-03	8.097870e+00
1.245000e-05	3.878744e-03	8.234775e+00
1.246000e-05	-1.726827e-02	8.317020e+00
1.247000e-05	-1.497819e-02	8.424208e+00
1.248000e-05	-2.204609e-02	8.547944e+00
1.249000e-05	-6.191230e-03	8.613207e+00
1.250000e-05	-8.056222e-03	8.707515e+00
1.251000e-05	-1.229521e-02	8.822628e+00
1.252000e-05	-1.543163e-02	8.959064e+00
1.253000e-05	-1.417691e-02	9.045359e+00
1.254000e-05	-6.413753e-03	9.167571e+00
1.255000e-05	-1.440267e-02	9.264203e+00
1.256000e-05	-2.007184e-02	9.348913e+00
1.257000e-05	-1.895826e-02	9.371698e+00
1.258000e-05	-1.267045e-02	9.485832e+00
1.259000e-05	-1.065000e-02	9.550420e+00
1.260000e-05	-1.682424e-02	9.602680e+00
1.261000e-05	-2.028846e-02	9.718307e+00
1.262000e-05	-1.694373e-02	9.782068e+00
1.263000e-05	-1.588075e-02	9.854854e+00
1.264000e-05	-1.390814e-02	9.908383e+00
1.265000e-05	-2.115560e-02	9.967540e+00
1.266000e-05	-1.727882e-02	1.001263e+01
1.267000e-05	-1.607748e-02	1.004318e+01
1.268000e-05	-1.570915e-02	1.006733e+01
1.269000e-05	-2.411614e-02	1.008783e+01
1.270000e-05	-2.553327e-02	1.015039e+01
1.271000e-05	-2.429422e-02	1.013999e+01
1.272000e-05	-1.672092e-02	1.020099e+01
1.273000e-05	-1.817707e-02	1.018413e+01
1.274000e-05	-2.318489e-02	1.022365e+01
1.275000e-05	-2.391060e-02	1.023470e+01
1.276000e-05	-2.443169e-02	1.022621e+01
1.277000e-05	-2.222080e-02	1.024531e+01
1.278000e-05	-2.742063e-02	1.025480e+01
1.279000e-05	-2.913275e-02	1.027471e+01
1.280000e-05	-2.868708e-02	1.025668e+01
1.281000e-05	-2.241566e-02	1.024575e+01
1.282000e-05	-2.567079e-02	1.025478e+01
1.283000e-05	-2.987368e-02	1.026118e+01
1.284000e-05	-3.365583e-02	1.018160e+01
1.285000e-05	-3.369121e-02	1.017197e+01
1.286000e-05	-3.154244e-02	1.016944e+01
1.287000e-05	-3.389490e-02	1.008691e+01
1.288000e-05	-3.608321e-02	1.009586e+01
1.289000e-05	-3.663549e-02	1.006571e+01
1.290000e-05	-3.519841e-02	1.003218e+01
1.291000e-05	-3.727068e-02	9.940522e+00
1.292000e-05	-4.107547e-02	9.938391e+00
1.293000e-05	-4.449288e-02	9.865204e+00
1.294000e-05	-4.300512e-02	9.752070e+00
1.295000e-05	-4.227779e-02	9.707812e+00
1.296000e-05	-4.503680e-02	9.622528e+00
1.297000e-05	-4.660012e-02	9.539439e+00
1.298000e-05	-4.673252e-02	9.484685e+00
1.299000e-05	-4.513866e-02	9.409424e+00
1.300000e-05	-4.680422e-02	9.318821e+00
1.301000e-05	-4.924427e-02	9.256207e+00
1.302000e-05	-5.065751e-02	9.211050e+00
1.303000e-05	-4.680339e-02	9.126833e+00
1.304000e-05	-4.001791e-02	8.971471e+00
1.305000e-05	-3.743832e-02	8.845231e+00
1.306000e-05	-3.794553e-02	8.749998e+00
1.307000e-05	-3.675225e-02	8.635205e+00
1.308000e-05	-3.249094e-02	8.550877e+00
1.309000e-05	-2.955153e-02	8.463236e+00
1.310000e-05	-2.847522e-02	8.369897e+00
1.311000e-05	-2.914300e-02	8.294730e+00
1.312000e-05	-2.713218e-02	8.109341e+00
1.313000e-05	-2.352165e-02	8.004104e+00
1.314000e-05	-2.222685e-02	7.873659e+00
1.315000e-05	-2.265087e-02	7.747313e+00
1.316000e-05	-2.255732e-02	7.612601e+00
1.317000e-05	-1.939948e-02	7.446156e+00
1.318000e-05	-1.745072e-02	7.256710e+00
1.319000e-05	-1.834907e-02	7.159367e+00
1.320000e-05	-1.954634e-02	7.040975e+00
1.321000e-05	-1.843269e-02	6.863681e+00
1.322000e-05	-1.639506e-02	6.758866e+00
1.323000e-05	-1.517866e-02	6.489398e+00
1.324000e-05	-1.596788e-02	6.389947e+00
1.325000e-05	-1.512076e-02	6.232603e+00
1.326000e-05	-1.289161e-02	6.105237e+00
1.327000e-05	-1.189471e-02	5.969899e+00
1.328000e-05	-1.255162e-02	5.762452e+00
1.329000e-05	-1.389018e-02	5.590498e+00
1.330000e-05	-1.402489e-02	5.422108e+00
1.331000e-05	-1.111154e-02	5.234632e+00
1.332000e-05	-1.226490e-02	5.113130e+00
1.333000e-05	-1.158273e-02	4.844051e+00
1.334000e-05	-1.317428e-02	4.674056e+00
1.335000e-05	-1.062380e-02	4.495714e+00
1.336000e-05	-7.960837e-03	4.359469e+00
1.337000e-05	-8.193264e-03	4.147742e+00
1.338000e-05	-9.725002e-03	3.938822e+00
1.339000e-05	-1.144237e-02	3.780950e+00
1.340000e-05	-8.469723e-03	3.601526e+00
1.341000e-05	-1.012711e-02	3.472505e+00
1.342000e-05	-9.254906e-03	3.210453e+00
1.343000e-05	-1.059472e-02	3.034081e+00
1.344000e-05	-7.593536e-03	2.882585e+00
1.345000e-05	-6.508059e-03	2.688242e+00
1.346000e-05	-6.332671e-03	2.472063e+00
1.347000e-05	-8.880495e-03	2.272132e+00
1.348000e-05	-8.027051e-03	2.093684e+00
1.349000e-05	-8.076217e-03	1.907717e+00
1.350000e-05	-6.254329e-03	1.735666e+00
1.351000e-05	-7.184829e-03	1.496688e+00
1.352000e-05	-7.196103e-03	1.335242e+00
1.353000e-05	-6.338683e-03	1.083936e+00
1.354000e-05	-5.697531e-03	8.420076e-01
1.355000e-05	-4.844601e-03	6.626329e-01
1.356000e-05	-6.580522e-03	4.936355e-01
1.357000e-05	-6.488290e-03	3.161444e-01
1.358000e-05	-4.531373e-03	6.361159e-02
1.359000e-05	-4.777703e-04	-1.064434e-01
1.360000e-05	4.009732e-03	-2.738619e-01
1.361000e-05	-2.361508e-03	-4.401267e-01
1.362000e-05	3.747681e-04	-6.928081e-01
1.363000e-05	4.545259e-04	-8.521803e-01
1.364000e-05	1.819316e-03	-1.021075e+00
1.365000e-05	-1.692556e-03	-1.177041e+00
1.366000e-05	1.212402e-02	-1.410204e+00
1.367000e-05	7.689244e-02	-1.608025e+00
1.368000e-05	5.245040e-02	-1.841629e+00
1.369000e-05	-5.080123e-02	-2.113889e+00
1.370000e-05	-2.448263e-02	-2.408996e+00
1.371000e-05	-1.050781e-01	-2.517317e+00
1.372000e-05	4.026342e-02	-2.579421e+00
1.373000e-05	8.741473e-02	-2.694259e+00
1.374000e-05	-1.550843e-01	-2.959096e+00
1.375000e-05	1.137654e-01	-3.187946e+00
1.376000e-05	4.766381e-02	-3.304261e+00
1.377000e-05	-1.413913e-01	-3.516441e+00
1.378000e-05	1.278105e-01	-3.650575e+00
1.379000e-05	-4.273221e-02	-3.823334e+00
1.380000e-05	-8.750276e-02	-4.113736e+00
1.381000e-05	1.165923e-01	-4.221529e+00
1.382000e-05	-6.750685e-02	-4.431251e+00
1.383000e-05	8.251804e-02	-4.571075e+00
1.384000e-05	3.016148e-02	-4.758041e+00
1.385000e-05	-1.033439e-01	-4.990546e+00
1.386000e-05	1.042086e-01	-5.127341e+00
1.387000e-05	-8.022056e-02	-5.359496e+00
1.388000e-05	4.040626e-02	-5.547946e+00
1.389000e-05	3.107684e-02	-5.716836e+00
1.390000e-05	-3.915313e-02	-5.875358e+00
1.391000e-05	8.164176e-02	-6.010623e+00
1.392000e-05	-6.976103e-02	-6.213750e+00
1.393000e-05	5.500551e-02	-6.420498e+00
1.394000e-05	-1.670177e-02	-6.506813e+00
1.395000e-05	-3.132834e-02	-6.704338e+00
1.396000e-05	9.063626e-02	-6.791523e+00
1.397000e-05	-5.769480e-02	-7.002222e+00
1.398000e-05	6.255027e-02	-7.199988e+00
1.399000e-05	-3.065010e-02	-7.295258e+00
1.400000e-05	7.347961e-03	-7.462077e+00
1.401000e-05	3.676453e-02	-7.588441e+00
1.402000e-05	-3.253176e-02	-7.699014e+00
1.403000e-05	5.157317e-02	-7.874836e+00
1.404000e-05	-3.622359e-02	-8.062179e+00
1.405000e-05	5.239198e-02	-8.117340e+00
1.406000e-05	-7.625163e-03	-8.305781e+00
1.407000e-05	3.625135e-03	-8.359423e+00
1.408000e-05	1.450841e-02	-8.485682e+00
1.409000e-05	-1.347303e-02	-8.613198e+00
1.410000e-05	4.226511e-02	-8.727989e+00
1.411000e-05	-1.081650e-02	-8.844204e+00
1.412000e-05	2.436083e-02	-8.939390e+00
1.413000e-05	-4.129076e-03	-9.012230e+00
1.414000e-05	1.843266e-02	-9.137915e+00
1.415000e-05	1.471095e-02	-9.221624e+00
1.416000e-05	9.211193e-04	-9.286810e+00
1.417000e-05	1.352952e-02	-9.400567e+00
1.418000e-05	1.053384e-03	-9.506434e+00
1.419000e-05	2.629823e-02	-9.580020e+00
1.420000e-05	5.877626e-03	-9.652231e+00
1.421000e-05	1.468395e-02	-9.738886e+00
1.422000e-05	6.143818e-03	-9.788425e+00
1.423000e-05	1.352339e-02	-9.863226e+00
1.424000e-05	1.425291e-02	-9.896812e+00
1.425000e-05	8.264607e-03	-9.948897e+00
1.426000e-05	1.159670e-02	-9.989520e+00
1.427000e-05	1.111455e-02	-1.003218e+01
1.428000e-05	2.180875e-02	-1.009426e+01
1.429000e-05	1.349185e-02	-1.011736e+01
1.430000e-05	1.343562e-02	-1.018059e+01
1.431000e-05	8.176370e-03	-1.021965e+01
1.432000e-05	1.486751e-02	-1.024265e+01
1.433000e-05	1.749742e-02	-1.023476e+01
1.434000e-05	1.483714e-02	-1.026736e+01
1.435000e-05	1.481464e-02	-1.037887e+01
1.436000e-05	1.532288e-02	-1.031794e+01
1.437000e-05	2.037841e-02	-1.040002e+01
1.438000e-05	1.791982e-02	-1.037054e+01
1.439000e-05	1.643464e-02	-1.038092e+01
1.440000e-05	1.489167e-02	-1.037957e+01
1.441000e-05	2.079422e-02	-1.037890e+01
1.442000e-05	2.322471e-02	-1.036942e+01
1.443000e-05	2.168876e-02	-1.033839e+01
1.444000e-05	2.082006e-02	-1.036632e+01
1.445000e-05	2.022118e-02	-1.033626e+01
1.446000e-05	2.469800e-02	-1.029628e+01
1.447000e-05	2.529327e-02	-1.023218e+01
1.448000e-05	2.575949e-02	-1.022308e+01
1.449000e-05	2.590572e-02	-1.013039e+01
1.450000e-05	2.920614e-02	-1.013679e+01
1.451000e-05	3.035526e-02	-1.006513e+01
1.452000e-05	2.868591e-02	-1.001155e+01
1.453000e-05	2.786634e-02	-9.988945e+00
1.454000e-05	2.968367e-02	-9.937338e+00
1.455000e-05	3.491542e-02	-9.875232e+00
1.456000e-05	3.667127e-02	-9.790603e+00
1.457000e-05	3.544910e-02	-9.737896e+00
1.458000e-05	3.583981e-02	-9.726233e+00
1.459000e-05	3.846434e-02	-9.661554e+00
1.460000e-05	4.066990e-02	-9.578417e+00
1.461000e-05	3.934916e-02	-9.503735e+00
1.462000e-05	3.606052e-02	-9.369540e+00
1.463000e-05	3.609182e-02	-9.295129e+00
1.464000e-05	3.683721e-02	-9.170417e+00
1.465000e-05	3.578100e-02	-9.095734e+00
1.466000e-05	3.246877e-02	-9.001446e+00
1.467000e-05	2.747656e-02	-8.865207e+00
1.468000e-05	2.488991e-02	-8.811524e+00
1.469000e-05	2.622951e-02	-8.747214e+00
1.470000e-05	2.356148e-02	-8.590975e+00
1.471000e-05	2.060168e-02	-8.434003e+00
1.472000e-05	1.589983e-02	-8.358372e+00
1.473000e-05	1.648031e-02	-8.262550e+00
1.474000e-05	1.609313e-02	-8.126765e+00
1.475000e-05	1.444181e-02	-8.031451e+00
1.476000e-05	1.034966e-02	-7.924213e+00
1.477000e-05	1.026109e-02	-7.717233e+00
1.478000e-05	1.073380e-02	-7.557889e+00
1.479000e-05	1.131209e-02	-7.402024e+00
1.480000e-05	8.416516e-03	-7.265082e+00
1.481000e-05	6.343605e-03	-7.199867e+00
1.482000e-05	5.691940e-03	-7.010023e+00
1.483000e-05	5.001567e-03	-6.850453e+00
1.484000e-05	5.038299e-03	-6.684684e+00
1.485000e-05	2.584628e-03	-6.555770e+00
1.486000e-05	3.788833e-03	-6.400026e+00
1.487000e-05	4.211739e-03	-6.243079e+00
1.488000e-05	4.491457e-03	-6.042483e+00
1.489000e-05	7.491692e-04	-5.882159e+00
1.490000e-05	7.689901e-04	-5.780240e+00
1.491000e-05	1.450217e-03	-5.599826e+00
1.492000e-05	1.962684e-03	-5.430866e+00
1.493000e-05	-8.593911e-05	-5.169873e+00
1.494000e-05	-2.001863e-03	-4.990475e+00
1.495000e-05	-1.612914e-03	-4.788317e+00
1.496000e-05	9.698981e-04	-4.589425e+00
1.497000e-05	-6.775895e-04	-4.421529e+00
1.498000e-05	-2.446640e-03	-4.314584e+00
1.499000e-05	-3.611189e-03	-4.157716e+00
1.500000e-05	-2.578389e-03	-3.989919e+00
1.501000e-05	-5.003585e-04	-3.768767e+00
1.502000e-05	-4.077439e-03	-3.568867e+00
1.503000e-05	-5.540963e-03	-3.369950e+00
1.504000e-05	-4.629456e-03	-3.249950e+00
1.505000e-05	-1.126647e-03	-3.040396e+00
1.506000e-05	-3.998775e-03	-2.799926e+00
1.507000e-05	-5.360620e-03	-2.651528e+00
1.508000e-05	-7.372458e-03	-2.441528e+00
1.509000e-05	-3.450073e-03	-2.253988e+00
1.510000e-05	-4.686024e-03	-2.030978e+00
1.511000e-05	-4.878476e-03	-1.852079e+00
1.512000e-05	-7.577753e-03	-1.673055e+00
1.513000e-05	-4.554501e-03	-1.483159e+00
1.514000e-05	-5.295992e-03	-1.230424e+00
1.515000e-05	-5.777380e-03	-1.051428e+00
1.516000e-05	-9.241382e-03	-8.829529e-01
1.517000e-05	-8.882301e-03	-6.810041e-01
1.518000e-05	-5.946669e-03	-4.314289e-01
1.519000e-05	-4.837629e-03	-2.405776e-01
1.520000e-05	-4.189360e-03	-9.203033e-02
1.521000e-05	2.741329e-04	1.174470e-01
1.522000e-05	-5.012846e-04	3.485173e-01
1.523000e-05	-1.079348e-03	4.963093e-01
1.524000e-05	-2.507969e-04	6.844606e-01
1.525000e-05	-4.986566e-03	8.515514e-01
1.526000e-05	-4.284967e-03	1.013935e+00
1.527000e-05	-1.380823e-03	1.253703e+00
1.528000e-05	2.255717e-02	1.441280e+00
1.529000e-05	7.095439e-02	1.685941e+00
1.530000e-05	2.581130e-02	1.887991e+00
1.531000e-05	-5.547271e-02	2.097917e+00
1.532000e-05	-3.540866e-02	2.308867e+00
1.533000e-05	-7.966837e-02	2.423678e+00
1.534000e-05	-3.494247e-02	2.539650e+00
1.535000e-05	1.097040e-01	2.780099e+00
1.536000e-05	-1.145714e-01	2.960496e+00
1.537000e-05	6.583586e-03	3.105336e+00
1.538000e-05	1.251406e-01	3.297639e+00
1.539000e-05	-1.139754e-01	3.558469e+00
1.540000e-05	2.732098e-02	3.663308e+00
1.541000e-05	1.113255e-02	3.854333e+00
1.542000e-05	-9.159477e-02	4.013205e+00
1.543000e-05	4.772018e-02	4.255306e+00
1.544000e-05	1.738303e-03	4.434209e+00
1.545000e-05	-6.703025e-03	4.601178e+00
1.546000e-05	2.399561e-02	4.810049e+00
1.547000e-05	-5.678690e-02	5.052758e+00
1.548000e-05	1.659274e-02	5.223682e+00
1.549000e-05	-2.577447e-02	5.432204e+00
1.550000e-05	-8.863936e-04	5.551096e+00
1.551000e-05	-8.935356e-04	5.739171e+00
1.552000e-05	-6.251811e-03	5.917945e+00
1.553000e-05	1.719439e-02	6.096932e+00
1.554000e-05	-3.875913e-02	6.252307e+00
1.555000e-05	4.726924e-03	6.370044e+00
1.556000e-05	-1.964608e-02	6.549616e+00
1.557000e-05	-2.282090e-02	6.728965e+00
1.558000e-05	2.428836e-02	6.876283e+00
1.559000e-05	-1.241839e-02	6.992678e+00
1.560000e-05	-5.415808e-03	7.147466e+00
1.561000e-05	-1.585170e-02	7.265760e+00
1.562000e-05	-1.408639e-02	7.453753e+00
1.563000e-05	-2.567008e-03	7.571601e+00
1.564000e-05	-1.976402e-02	7.727990e+00
1.565000e-05	-1.995336e-03	7.906388e+00
1.566000e-05	-2.187278e-02	8.033706e+00
1.567000e-05	6.553500e-03	8.181496e+00
1.568000e-05	-8.172219e-03	8.266408e+00
1.569000e-05	-1.621496e-02	8.399648e+00
1.570000e-05	-1.717291e-02	8.486333e+00
1.571000e-05	-1.713097e-02	8.591625e+00
1.572000e-05	-1.604324e-03	8.656308e+00
1.573000e-05	-1.341917e-02	8.749451e+00
1.574000e-05	-1.193134e-02	8.876208e+00
1.575000e-05	-1.679920e-02	8.973647e+00
1.576000e-05	-9.176689e-03	9.098912e+00
1.577000e-05	-9.634825e-03	9.201600e+00
1.578000e-05	-1.796123e-02	9.304761e+00
1.579000e-05	-2.010134e-02	9.359549e+00
1.580000e-05	-1.646502e-02	9.443803e+00
1.581000e-05	-7.999982e-03	9.487464e+00
1.582000e-05	-1.345080e-02	9.571048e+00
1.583000e-05	-1.853057e-02	9.612756e+00
1.584000e-05	-1.836386e-02	9.748412e+00
1.585000e-05	-1.506001e-02	9.791671e+00
1.586000e-05	-1.405307e-02	9.845878e+00
1.587000e-05	-2.016187e-02	9.906841e+00
1.588000e-05	-2.169168e-02	9.959048e+00
1.589000e-05	-1.784539e-02	1.001215e+01
1.590000e-05	-1.318355e-02	1.008518e+01
1.591000e-05	-1.728064e-02	1.010586e+01
1.592000e-05	-2.282117e-02	1.011839e+01
1.593000e-05	-2.549757e-02	1.012894e+01
1.594000e-05	-2.041244e-02	1.018897e+01
1.595000e-05	-1.820721e-02	1.018157e+01
1.596000e-05	-2.225645e-02	1.024370e+01
1.597000e-05	-2.560995e-02	1.027373e+01
1.598000e-05	-2.371005e-02	1.024523e+01
1.599000e-05	-2.104311e-02	1.024463e+01
1.600000e-05	-2.238027e-02	1.026581e+01
1.601000e-05	-2.668461e-02	1.026431e+01
1.602000e-05	-2.988276e-02	1.025428e+01
1.603000e-05	-2.592265e-02	1.028568e+01
1.604000e-05	-2.462443e-02	1.026575e+01
1.605000e-05	-2.823390e-02	1.024323e+01
1.606000e-05	-3.214958e-02	1.022171e+01
1.607000e-05	-3.318073e-02	1.017298e+01
1.608000e-05	-3.073961e-02	1.020004e+01
1.609000e-05	-3.143259e-02	1.012891e+01
1.610000e-05	-3.444033e-02	1.011679e+01
1.611000e-05	-3.699778e-02	1.006528e+01
1.612000e-05	-3.578304e-02	1.003313e+01
1.613000e-05	-3.569015e-02	1.000155e+01
1.614000e-05	-3.922056e-02	9.949493e+00
1.615000e-05	-4.273813e-02	9.898889e+00
1.616000e-05	-4.401605e-02	9.773577e+00
1.617000e-05	-4.181761e-02	9.769990e+00
1.618000e-05	-4.280746e-02	9.653707e+00
1.619000e-05	-4.573378e-02	9.612000e+00
1.620000e-05	-4.775620e-02	9.507395e+00
1.621000e-05	-4.730845e-02	9.444756e+00
1.622000e-05	-4.555434e-02	9.400549e+00
1.623000e-05	-4.649294e-02	9.297263e+00
1.624000e-05	-4.823291e-02	9.253628e+00
1.625000e-05	-4.693853e-02	9.148472e+00
1.626000e-05	-4.368799e-02	9.014662e+00
1.627000e-05	-3.963863e-02	8.948866e+00
1.628000e-05	-3.928402e-02	8.810551e+00
1.629000e-05	-3.823212e-02	8.737335e+00
1.630000e-05	-3.433225e-02	8.632078e+00
1.631000e-05	-3.070316e-02	8.546365e+00
1.632000e-05	-2.924089e-02	8.421628e+00
1.633000e-05	-2.890143e-02	8.367391e+00
1.634000e-05	-2.915076e-02	8.211603e+00
1.635000e-05	-2.523301e-02	8.046238e+00
1.636000e-05	-2.417854e-02	7.998842e+00
1.637000e-05	-2.138717e-02	7.802083e+00
1.638000e-05	-2.356230e-02	7.717735e+00
1.639000e-05	-2.115770e-02	7.549470e+00
1.640000e-05	-1.904830e-02	7.440125e+00
1.641000e-05	-1.748041e-02	7.202059e+00
1.642000e-05	-1.825315e-02	7.086737e+00
1.643000e-05	-1.878853e-02	6.969846e+00
1.644000e-05	-1.847837e-02	6.801500e+00
1.645000e-05	-1.503883e-02	6.646239e+00
1.646000e-05	-1.584760e-02	6.488084e+00
1.647000e-05	-1.610796e-02	6.327865e+00
1.648000e-05	-1.488980e-02	6.202000e+00
1.649000e-05	-1.231946e-02	6.073630e+00
1.650000e-05	-1.242653e-02	5.897741e+00
1.651000e-05	-1.260327e-02	5.735189e+00
1.652000e-05	-1.350753e-02	5.546839e+00
1.653000e-05	-1.233507e-02	5.368900e+00
1.654000e-05	-1.187191e-02	5.191424e+00
1.655000e-05	-1.247096e-02	4.957970e+00
1.656000e-05	-1.264163e-02	4.759399e+00
1.657000e-05	-1.152377e-02	4.610452e+00
1.658000e-05	-1.010087e-02	4.442603e+00
1.659000e-05	-8.851053e-03	4.315258e+00
1.660000e-05	-9.592071e-03	4.020578e+00
1.661000e-05	-1.012792e-02	3.907212e+00
1.662000e-05	-9.880079e-03	3.736741e+00
1.663000e-05	-9.164297e-03	3.559396e+00
1.664000e-05	-9.580754e-03	3.326717e+00
1.665000e-05	-9.917501e-03	3.159371e+00
1.666000e-05	-9.576245e-03	2.989400e+00
1.667000e-05	-7.531128e-03	2.810453e+00
1.668000e-05	-7.394721e-03	2.621479e+00
1.669000e-05	-7.557827e-03	2.379404e+00
1.670000e-05	-7.691648e-03	2.210925e+00
1.671000e-05	-8.082103e-03	2.012554e+00
1.672000e-05	-6.653342e-03	1.841035e+00
1.673000e-05	-7.515451e-03	1.640054e+00
1.674000e-05	-7.175370e-03	1.401555e+00
1.675000e-05	-7.304036e-03	1.221459e+00
1.676000e-05	-6.310932e-03	1.031392e+00
1.677000e-05	-5.660311e-03	7.898248e-01
1.678000e-05	-6.501872e-03	5.689513e-01
1.679000e-05	-7.011561e-03	4.119026e-01
1.680000e-05	-5.164458e-03	1.694536e-01
1.681000e-05	-3.126440e-03	-2.902131e-02
1.682000e-05	7.920326e-04	-1.790224e-01
1.683000e-05	3.512773e-03	-3.379460e-01
1.684000e-05	-2.457625e-03	-5.254409e-01
1.685000e-05	1.531704e-03	-7.168949e-01
1.686000e-05	-1.301398e-03	-8.969646e-01
1.687000e-05	-5.323920e-04	-1.074233e+00
1.688000e-05	-1.053904e-03	-1.284253e+00
1.689000e-05	3.084078e-02	-1.473887e+00
1.690000e-05	9.519955e-02	-1.642707e+00
1.691000e-05	-6.631403e-03	-1.897410e+00
1.692000e-05	-3.683226e-02	-2.222157e+00
1.693000e-05	-5.320647e-02	-2.451200e+00
1.694000e-05	-8.765563e-02	-2.548317e+00
1.695000e-05	1.304569e-01	-2.609496e+00
1.696000e-05	-3.731853e-02	-2.761521e+00
1.697000e-05	-8.586347e-02	-3.094438e+00
1.698000e-05	1.892605e-01	-3.199470e+00
1.699000e-05	-8.196666e-02	-3.389595e+00
1.700000e-05	-4.457121e-02	-3.567999e+00
1.701000e-05	1.245734e-01	-3.715332e+00
1.702000e-05	-1.418586e-01	-3.978567e+00
1.703000e-05	2.521867e-02	-4.147469e+00
1.704000e-05	6.233915e-02	-4.293781e+00
1.705000e-05	-6.343598e-02	-4.515911e+00
1.706000e-05	1.389218e-01	-4.660155e+00
1.707000e-05	-8.215931e-02	-4.863232e+00
1.708000e-05	-4.693635e-03	-5.073654e+00
1.709000e-05	5.650521e-02	-5.171075e+00
1.710000e-05	-9.080968e-02	-5.451727e+00
1.711000e-05	1.026051e-01	-5.600527e+00
1.712000e-05	-4.594429e-02	-5.758151e+00
1.713000e-05	3.851349e-02	-5.946921e+00
1.714000e-05	2.746699e-02	-6.105182e+00
1.715000e-05	-5.799458e-02	-6.296440e+00
1.716000e-05	7.843851e-02	-6.421152e+00
1.717000e-05	-8.286895e-02	-6.599651e+00
1.718000e-05	5.778659e-02	-6.726915e+00
1.719000e-05	2.577739e-02	-6.905756e+00
1.720000e-05	-2.830284e-02	-7.034835e+00
1.721000e-05	6.240967e-02	-7.213653e+00
1.722000e-05	-6.194870e-02	-7.357467e+00
1.723000e-05	6.206194e-02	-7.493282e+00
1.724000e-05	-2.202811e-02	-7.610203e+00
1.725000e-05	1.378400e-02	-7.832773e+00
1.726000e-05	1.568919e-02	-7.917994e+00
1.727000e-05	-1.458580e-02	-8.125307e+00
1.728000e-05	5.573347e-02	-8.199548e+00
1.729000e-05	-3.052203e-02	-8.305860e+00
1.730000e-05	3.345225e-02	-8.420644e+00
1.731000e-05	-1.604855e-02	-8.578338e+00
1.732000e-05	1.864808e-02	-8.685306e+00
1.733000e-05	2.071852e-02	-8.760070e+00
1.734000e-05	-3.462464e-03	-8.875262e+00
1.735000e-05	2.230078e-02	-8.999096e+00
1.736000e-05	-6.858109e-03	-9.105233e+00
1.737000e-05	3.132442e-02	-9.157868e+00
1.738000e-05	-5.257524e-04	-9.223131e+00
1.739000e-05	1.071505e-02	-9.347941e+00
1.740000e-05	3.358966e-03	-9.444677e+00
1.741000e-05	1.320310e-02	-9.536389e+00
1.742000e-05	2.170774e-02	-9.652181e+00
1.743000e-05	5.145117e-03	-9.676260e+00
1.744000e-05	1.541048e-02	-9.747843e+00
1.745000e-05	3.962117e-03	-9.823128e+00
1.746000e-05	1.935626e-02	-9.884781e+00
1.747000e-05	8.534511e-03	-9.916916e+00
1.748000e-05	1.120017e-02	-9.969946e+00
1.749000e-05	8.748900e-03	-1.001105e+01
1.750000e-05	1.651107e-02	-1.006363e+01
1.751000e-05	1.997170e-02	-1.011626e+01
1.752000e-05	1.243664e-02	-1.014889e+01
1.753000e-05	1.169910e-02	-1.022254e+01
1.754000e-05	9.056022e-03	-1.025354e+01
1.755000e-05	1.890713e-02	-1.026480e+01
1.756000e-05	1.707819e-02	-1.028728e+01
1.757000e-05	1.463132e-02	-1.032587e+01
1.758000e-05	1.306580e-02	-1.035940e+01
1.759000e-05	1.725796e-02	-1.035747e+01
1.760000e-05	1.990178e-02	-1.035895e+01
1.761000e-05	1.852546e-02	-1.040052e+01
1.762000e-05	1.549956e-02	-1.037900e+01
1.763000e-05	1.608185e-02	-1.040948e+01
1.764000e-05	2.362266e-02	-1.039892e+01
1.765000e-05	2.263971e-02	-1.035052e+01
1.766000e-05	2.162707e-02	-1.034884e+01
1.767000e-05	1.947650e-02	-1.030674e+01
1.768000e-05	2.089771e-02	-1.031678e+01
1.769000e-05	2.556685e-02	-1.030618e+01
1.770000e-05	2.642330e-02	-1.026269e+01
1.771000e-05	2.591262e-02	-1.020094e+01
1.772000e-05	2.573914e-02	-1.015729e+01
1.773000e-05	3.030414e-02	-1.014468e+01
1.774000e-05	3.057158e-02	-1.001358e+01
1.775000e-05	2.935733e-02	-1.003050e+01
1.776000e-05	2.716045e-02	-9.958919e+00
1.777000e-05	3.045583e-02	-9.917237e+00
1.778000e-05	3.687300e-02	-9.895103e+00
1.779000e-05	3.741372e-02	-9.830943e+00
1.780000e-05	3.657044e-02	-9.756817e+00
1.781000e-05	3.517901e-02	-9.703628e+00
1.782000e-05	3.911659e-02	-9.631027e+00
1.783000e-05	4.135822e-02	-9.537319e+00
1.784000e-05	3.884560e-02	-9.453132e+00
1.785000e-05	3.533435e-02	-9.398287e+00
1.786000e-05	3.534301e-02	-9.253553e+00
1.787000e-05	3.702077e-02	-9.148366e+00
1.788000e-05	3.569157e-02	-9.083104e+00
1.789000e-05	3.038436e-02	-8.899342e+00
1.790000e-05	2.587361e-02	-8.843632e+00
1.791000e-05	2.625260e-02	-8.789397e+00
1.792000e-05	2.573584e-02	-8.694157e+00
1.793000e-05	2.209441e-02	-8.589283e+00
1.794000e-05	1.720110e-02	-8.399453e+00
1.795000e-05	1.739400e-02	-8.315685e+00
1.796000e-05	1.842101e-02	-8.168996e+00
1.797000e-05	1.624050e-02	-8.104654e+00
1.798000e-05	1.161458e-02	-7.998923e+00
1.799000e-05	1.005088e-02	-7.829427e+00
1.800000e-05	1.123008e-02	-7.632005e+00
1.801000e-05	1.178915e-02	-7.524713e+00
1.802000e-05	1.072448e-02	-7.368872e+00
1.803000e-05	7.654146e-03	-7.251976e+00
1.804000e-05	6.907679e-03	-7.106265e+00
1.805000e-05	7.463257e-03	-6.926738e+00
1.806000e-05	5.758504e-03	-6.779395e+00
1.807000e-05	3.329625e-03	-6.612028e+00
1.808000e-05	1.964359e-03	-6.454683e+00
1.809000e-05	3.934082e-03	-6.367817e+00
1.810000e-05	4.833708e-03	-6.199793e+00
1.811000e-05	3.560314e-03	-5.988899e+00
1.812000e-05	1.684435e-03	-5.843949e+00
1.813000e-05	1.054134e-03	-5.683608e+00
1.814000e-05	1.988435e-03	-5.536263e+00
1.815000e-05	2.110661e-03	-5.325611e+00
1.816000e-05	-8.331519e-04	-5.104187e+00
1.817000e-05	-1.150475e-03	-4.955639e+00
1.818000e-05	-1.459740e-03	-4.716632e+00
1.819000e-05	4.215360e-04	-4.537238e+00
1.820000e-05	-8.404042e-04	-4.369322e+00
1.821000e-05	-1.827958e-03	-4.242024e+00
1.822000e-05	-3.318721e-03	-4.112054e+00
1.823000e-05	-2.163100e-03	-3.925613e+00
1.824000e-05	-2.070086e-03	-3.682559e+00
1.825000e-05	-3.260424e-03	-3.504063e+00
1.826000e-05	-4.404787e-03	-3.283690e+00
1.827000e-05	-4.608867e-03	-3.127297e+00
1.828000e-05	-4.259931e-03	-2.954140e+00
1.829000e-05	-3.838025e-03	-2.748867e+00
1.830000e-05	-4.459748e-03	-2.539370e+00
1.831000e-05	-7.820305e-03	-2.398375e+00
1.832000e-05	-4.925692e-03	-2.157741e+00
1.833000e-05	-4.185890e-03	-1.968317e+00
1.834000e-05	-2.605616e-03	-1.799822e+00
1.835000e-05	-6.010340e-03	-1.629397e+00
1.836000e-05	-6.558413e-03	-1.387347e+00
1.837000e-05	-6.500948e-03	-1.158270e+00
1.838000e-05	-6.078540e-03	-9.472735e-01
1.839000e-05	-8.582921e-03	-7.789221e-01
1.840000e-05	-8.878676e-03	-5.481682e-01
1.841000e-05	-7.134760e-03	-3.678696e-01
1.842000e-05	-5.147501e-03	-1.983974e-01
1.843000e-05	-1.275010e-03	-1.990099e-02
1.844000e-05	1.438274e-03	2.016824e-01
1.845000e-05	-2.341070e-03	3.906238e-01
1.846000e-05	-1.008308e-03	5.385435e-01
1.847000e-05	-2.188432e-03	7.078949e-01
1.848000e-05	-4.737058e-03	8.749606e-01
1.849000e-05	-4.428209e-03	1.148569e+00
1.850000e-05	3.245174e-03	1.327395e+00
1.851000e-05	3.890143e-02	1.528567e+00
1.852000e-05	7.567431e-02	1.790603e+00
1.853000e-05	-2.076987e-02	1.982156e+00
1.854000e-05	-4.631167e-02	2.180047e+00
1.855000e-05	-4.752478e-02	2.360525e+00
1.856000e-05	-9.437828e-02	2.503837e+00
1.857000e-05	4.438193e-02	2.663838e+00
1.858000e-05	5.764487e-02	2.852787e+00
1.859000e-05	-1.488573e-01	3.031725e+00
1.860000e-05	1.331109e-01	3.118574e+00
1.861000e-05	1.688663e-02	3.423359e+00
1.862000e-05	-9.062527e-02	3.570550e+00
1.863000e-05	7.844466e-02	3.697336e+00
1.864000e-05	-6.886269e-02	3.908995e+00
1.865000e-05	-4.154608e-02	4.098911e+00
1.866000e-05	5.644773e-02	4.317996e+00
1.867000e-05	-2.719051e-02	4.518967e+00
1.868000e-05	2.703399e-02	4.643787e+00
1.869000e-05	-1.397463e-02	4.924788e+00
1.870000e-05	-4.066395e-02	5.128436e+00
1.871000e-05	2.065863e-02	5.306965e+00
1.872000e-05	-3.303364e-02	5.474913e+00
1.873000e-05	1.618068e-02	5.631208e+00
1.874000e-05	-2.185941e-02	5.794306e+00
1.875000e-05	1.753580e-02	6.022075e+00
1.876000e-05	-7.246786e-03	6.119997e+00
1.877000e-05	-2.934009e-02	6.285837e+00
1.878000e-05	1.128318e-02	6.433253e+00
1.879000e-05	-4.245464e-02	6.601752e+00
1.880000e-05	7.605575e-03	6.779648e+00
1.881000e-05	1.243261e-02	6.938911e+00
1.882000e-05	-1.511876e-02	7.075784e+00
1.883000e-05	-5.546394e-03	7.208548e+00
1.884000e-05	-2.329391e-02	7.320091e+00
1.885000e-05	-9.067378e-04	7.488517e+00
1.886000e-05	-1.375656e-02	7.673783e+00
1.887000e-05	-1.090155e-02	7.762650e+00
1.888000e-05	-1.341098e-02	7.949070e+00
1.889000e-05	-1.410406e-02	8.085938e+00
1.890000e-05	8.257438e-03	8.224651e+00
1.891000e-05	-1.714944e-02	8.317564e+00
1.892000e-05	-1.512747e-02	8.411676e+00
1.893000e-05	-2.029043e-02	8.517440e+00
1.894000e-05	-8.208616e-03	8.642281e+00
1.895000e-05	-4.598804e-03	8.687912e+00
1.896000e-05	-1.363834e-02	8.760074e+00
1.897000e-05	-1.536084e-02	8.909437e+00
1.898000e-05	-1.569385e-02	9.054299e+00
1.899000e-05	-7.836822e-03	9.129920e+00
1.900000e-05	-1.194161e-02	9.214178e+00
1.901000e-05	-2.051606e-02	9.305936e+00
1.902000e-05	-1.891195e-02	9.399572e+00
1.903000e-05	-1.304321e-02	9.464732e+00
1.904000e-05	-7.089716e-03	9.537918e+00
1.905000e-05	-1.783995e-02	9.582121e+00
1.906000e-05	-1.884376e-02	9.662809e+00
1.907000e-05	-1.919978e-02	9.760988e+00
1.908000e-05	-1.367259e-02	9.815201e+00
1.909000e-05	-1.683756e-02	9.895883e+00
1.910000e-05	-2.104062e-02	9.948869e+00
1.911000e-05	-2.027401e-02	9.980649e+00
1.912000e-05	-1.482105e-02	1.005466e+01
1.913000e-05	-1.370511e-02	1.006471e+01
1.914000e-05	-2.001764e-02	1.010689e+01
1.915000e-05	-2.462063e-02	1.014639e+01
1.916000e-05	-2.358517e-02	1.016039e+01
1.917000e-05	-1.821833e-02	1.020114e+01
1.918000e-05	-1.894070e-02	1.022315e+01
1.919000e-05	-2.474011e-02	1.022315e+01
1.920000e-05	-2.552562e-02	1.025518e+01
1.921000e-05	-2.288264e-02	1.024468e+01
1.922000e-05	-2.144636e-02	1.020520e+01
1.923000e-05	-2.417140e-02	1.023471e+01
1.924000e-05	-2.843064e-02	1.024581e+01
1.925000e-05	-2.936485e-02	1.026323e+01
1.926000e-05	-2.354705e-02	1.029568e+01
1.927000e-05	-2.515182e-02	1.023523e+01
1.928000e-05	-3.079436e-02	1.022310e+01
1.929000e-05	-3.393651e-02	1.024305e+01
1.930000e-05	-3.292255e-02	1.017160e+01
1.931000e-05	-3.103058e-02	1.014097e+01
1.932000e-05	-3.205160e-02	1.011741e+01
1.933000e-05	-3.504236e-02	1.010579e+01
1.934000e-05	-3.827993e-02	1.003468e+01
1.935000e-05	-3.478842e-02	1.002365e+01
1.936000e-05	-3.701374e-02	9.990976e+00
1.937000e-05	-3.930733e-02	9.958369e+00
1.938000e-05	-4.326949e-02	9.886357e+00
1.939000e-05	-4.266148e-02	9.813628e+00
1.940000e-05	-4.226164e-02	9.737360e+00
1.941000e-05	-4.428118e-02	9.615131e+00
1.942000e-05	-4.902772e-02	9.579974e+00
1.943000e-05	-4.894897e-02	9.497336e+00
1.944000e-05	-4.641312e-02	9.422583e+00
1.945000e-05	-4.399819e-02	9.359890e+00
1.946000e-05	-4.667635e-02	9.273759e+00
1.947000e-05	-4.858956e-02	9.192102e+00
1.948000e-05	-4.533635e-02	9.137918e+00
1.949000e-05	-4.214429e-02	9.012094e+00
1.950000e-05	-4.064029e-02	8.905286e+00
1.951000e-05	-4.111823e-02	8.779946e+00
1.952000e-05	-3.714303e-02	8.696310e+00
1.953000e-05	-3.288942e-02	8.621021e+00
1.954000e-05	-2.708424e-02	8.504262e+00
1.955000e-05	-2.699461e-02	8.400952e+00
1.956000e-05	-2.661925e-02	8.317258e+00
1.957000e-05	-2.824977e-02	8.170342e+00
1.958000e-05	-2.500162e-02	8.022601e+00
1.959000e-05	-2.547822e-02	7.905262e+00
1.960000e-05	-2.337182e-02	7.749395e+00
1.961000e-05	-2.272542e-02	7.652605e+00
1.962000e-05	-1.971145e-02	7.517865e+00
1.963000e-05	-1.615092e-02	7.296370e+00
1.964000e-05	-1.607080e-02	7.200421e+00
1.965000e-05	-1.882266e-02	7.032607e+00
1.966000e-05	-1.893035e-02	6.894234e+00
1.967000e-05	-1.670135e-02	6.778444e+00
1.968000e-05	-1.593746e-02	6.601423e+00
1.969000e-05	-1.636699e-02	6.392003e+00
1.970000e-05	-1.770738e-02	6.294686e+00
1.971000e-05	-1.382278e-02	6.137866e+00
1.972000e-05	-1.134045e-02	5.990950e+00
1.973000e-05	-1.101211e-02	5.863153e+00
1.974000e-05	-1.323832e-02	5.653055e+00
1.975000e-05	-1.381701e-02	5.464182e+00
1.976000e-05	-1.177599e-02	5.306188e+00
1.977000e-05	-1.163468e-02	5.136737e+00
1.978000e-05	-1.210168e-02	4.893555e+00
1.979000e-05	-1.315961e-02	4.716262e+00
1.980000e-05	-1.079121e-02	4.548323e+00
1.981000e-05	-9.508138e-03	4.389525e+00
1.982000e-05	-8.641462e-03	4.220350e+00
1.983000e-05	-9.993654e-03	4.020974e+00
1.984000e-05	-9.836719e-03	3.791529e+00
1.985000e-05	-9.699409e-03	3.652629e+00
1.986000e-05	-7.810981e-03	3.472689e+00
1.987000e-05	-9.722653e-03	3.262010e+00
1.988000e-05	-1.010349e-02	3.074662e+00
1.989000e-05	-9.972206e-03	2.895290e+00
1.990000e-05	-8.398434e-03	2.740346e+00
1.991000e-05	-5.763522e-03	2.485257e+00
1.992000e-05	-7.484350e-03	2.316241e+00
1.993000e-05	-7.350623e-03	2.107318e+00
1.994000e-05	-7.029139e-03	1.998446e+00
1.995000e-05	-4.854321e-03	1.739795e+00
1.996000e-05	-7.627479e-03	1.539274e+00
1.997000e-05	-8.377550e-03	1.338796e+00
1.998000e-05	-8.656603e-03	1.097245e+00
1.999000e-05	-5.907928e-03	8.656592e-01
2.000000e-05	-5.469489e-03	7.077619e-01
2.001000e-05	-5.817178e-03	4.851644e-01
2.002000e-05	-4.901550e-03	3.678458e-01
2.003000e-05	-3.950035e-03	9.661178e-02
2.004000e-05	-2.636975e-03	-7.573423e-02
2.005000e-05	3.536974e-03	-2.637066e-01
2.006000e-05	-2.134396e-05	-3.990513e-01
2.007000e-05	-2.465385e-03	-6.221787e-01
2.008000e-05	1.715487e-04	-8.310703e-01
2.009000e-05	6.684109e-05	-9.895250e-01
2.010000e-05	7.344423e-04	-1.117942e+00
2.011000e-05	5.641645e-03	-1.306897e+00
2.012000e-05	5.889575e-02	-1.569494e+00
2.013000e-05	8.017772e-02	-1.736571e+00
2.014000e-05	-4.725423e-02	-2.062205e+00
2.015000e-05	-2.146027e-02	-2.318395e+00
2.016000e-05	-9.303410e-02	-2.482261e+00
2.017000e-05	-1.478747e-02	-2.609445e+00
2.018000e-05	1.347028e-01	-2.641679e+00
2.019000e-05	-1.420157e-01	-2.895436e+00
2.020000e-05	3.833298e-02	-3.137420e+00
2.021000e-05	1.161952e-01	-3.261178e+00
2.022000e-05	-1.648956e-01	-3.484332e+00
2.023000e-05	8.453902e-02	-3.610525e+00
2.024000e-05	2.492595e-02	-3.839123e+00
2.025000e-05	-1.365700e-01	-4.043206e+00
2.026000e-05	1.135493e-01	-4.219499e+00
2.027000e-05	-3.409596e-02	-4.348467e+00
2.028000e-05	2.762419e-02	-4.547449e+00
2.029000e-05	8.975947e-02	-4.705408e+00
2.030000e-05	-1.311500e-01	-4.927543e+00
2.031000e-05	9.205208e-02	-5.084285e+00
2.032000e-05	-4.141200e-02	-5.326360e+00
2.033000e-05	-1.538141e-02	-5.557494e+00
2.034000e-05	7.726627e-02	-5.684231e+00
2.035000e-05	-6.642548e-02	-5.893255e+00
2.036000e-05	9.280509e-02	-5.958947e+00
2.037000e-05	-5.130668e-02	-6.139069e+00
2.038000e-05	1.834654e-02	-6.369996e+00
2.039000e-05	2.397448e-02	-6.505659e+00
2.040000e-05	-7.266978e-02	-6.665160e+00
2.041000e-05	1.048880e-01	-6.778469e+00
2.042000e-05	-4.496586e-02	-6.940092e+00
2.043000e-05	3.930064e-02	-7.148392e+00
2.044000e-05	3.411953e-03	-7.265252e+00
2.045000e-05	-2.869988e-02	-7.411097e+00
2.046000e-05	6.318017e-02	-7.507417e+00
2.047000e-05	-4.628432e-02	-7.677384e+00
2.048000e-05	5.184564e-02	-7.874833e+00
2.049000e-05	-2.979869e-02	-8.030603e+00
2.050000e-05	3.498804e-02	-8.125862e+00
2.051000e-05	1.785313e-02	-8.202151e+00
2.052000e-05	-1.562123e-02	-8.347971e+00
2.053000e-05	2.905159e-02	-8.442130e+00
2.054000e-05	-2.529297e-02	-8.571091e+00
2.055000e-05	4.478510e-02	-8.715366e+00
2.056000e-05	-5.375854e-03	-8.792103e+00
2.057000e-05	1.608592e-02	-8.897358e+00
2.058000e-05	3.748570e-03	-8.992675e+00
2.059000e-05	8.733198e-03	-9.086263e+00
2.060000e-05	2.596276e-02	-9.180048e+00
2.061000e-05	-4.958703e-03	-9.285229e+00
2.062000e-05	1.440022e-02	-9.380392e+00
2.063000e-05	-2.417400e-03	-9.464910e+00
2.064000e-05	2.603191e-02	-9.589943e+00
2.065000e-05	1.027718e-02	-9.663679e+00
2.066000e-05	1.142814e-02	-9.706312e+00
2.067000e-05	7.922197e-03	-9.748919e+00
2.068000e-05	9.462437e-03	-9.821202e+00
2.069000e-05	1.940637e-02	-9.896788e+00
2.070000e-05	7.016446e-03	-9.948867e+00
2.071000e-05	1.151883e-02	-9.978997e+00
2.072000e-05	8.405437e-03	-1.005253e+01
2.073000e-05	2.171597e-02	-1.003213e+01
2.074000e-05	1.530415e-02	-1.015528e+01
2.075000e-05	1.334420e-02	-1.021949e+01
2.076000e-05	8.284832e-03	-1.023307e+01
2.077000e-05	1.315851e-02	-1.027465e+01
2.078000e-05	2.060042e-02	-1.031723e+01
2.079000e-05	1.546014e-02	-1.028684e+01
2.080000e-05	1.455188e-02	-1.033782e+01
2.081000e-05	1.278548e-02	-1.037789e+01
2.082000e-05	1.968902e-02	-1.038089e+01
2.083000e-05	1.957636e-02	-1.038905e+01
2.084000e-05	1.814313e-02	-1.035152e+01
2.085000e-05	1.348242e-02	-1.037162e+01
2.086000e-05	1.971918e-02	-1.040748e+01
2.087000e-05	2.359143e-02	-1.037005e+01
2.088000e-05	2.227016e-02	-1.034945e+01
2.089000e-05	2.084604e-02	-1.031732e+01
2.090000e-05	1.872041e-02	-1.032639e+01
2.091000e-05	2.351480e-02	-1.030478e+01
2.092000e-05	2.613255e-02	-1.025315e+01
2.093000e-05	2.626597e-02	-1.024104e+01
2.094000e-05	2.525242e-02	-1.019996e+01
2.095000e-05	2.719469e-02	-1.015633e+01
2.096000e-05	3.084144e-02	-1.008463e+01
2.097000e-05	2.950199e-02	-1.001007e+01
2.098000e-05	2.803218e-02	-9.990421e+00
2.099000e-05	2.882536e-02	-9.956367e+00
2.100000e-05	3.369968e-02	-9.895757e+00
2.101000e-05	3.609407e-02	-9.820523e+00
2.102000e-05	3.551670e-02	-9.768920e+00
2.103000e-05	3.579565e-02	-9.716287e+00
2.104000e-05	3.799945e-02	-9.643632e+00
2.105000e-05	4.123656e-02	-9.589970e+00
2.106000e-05	4.009877e-02	-9.486210e+00
2.107000e-05	3.719342e-02	-9.432397e+00
2.108000e-05	3.577027e-02	-9.307657e+00
2.109000e-05	3.637969e-02	-9.189000e+00
2.110000e-05	3.607099e-02	-9.116236e+00
2.111000e-05	3.221302e-02	-9.031051e+00
2.112000e-05	2.832379e-02	-8.915735e+00
2.113000e-05	2.656241e-02	-8.782025e+00
2.114000e-05	2.638910e-02	-8.737945e+00
2.115000e-05	2.474367e-02	-8.641999e+00
2.116000e-05	2.052837e-02	-8.493606e+00
2.117000e-05	1.702902e-02	-8.379419e+00
2.118000e-05	1.741858e-02	-8.283682e+00
2.119000e-05	1.718357e-02	-8.138372e+00
2.120000e-05	1.447195e-02	-8.083102e+00
2.121000e-05	1.021365e-02	-7.926212e+00
2.122000e-05	1.055253e-02	-7.776695e+00
2.123000e-05	1.285239e-02	-7.571470e+00
2.124000e-05	1.229163e-02	-7.465057e+00
2.125000e-05	7.903511e-03	-7.296239e+00
2.126000e-05	6.369544e-03	-7.199924e+00
2.127000e-05	8.394005e-03	-7.044024e+00
2.128000e-05	7.457566e-03	-6.853555e+00
2.129000e-05	3.044323e-03	-6.706191e+00
2.130000e-05	6.347858e-04	-6.557869e+00
2.131000e-05	2.905283e-03	-6.412001e+00
2.132000e-05	5.674750e-03	-6.293737e+00
2.133000e-05	5.463712e-03	-6.103108e+00
2.134000e-05	2.936074e-03	-5.928237e+00
2.135000e-05	1.232114e-03	-5.788921e+00
2.136000e-05	2.311281e-03	-5.641978e+00
2.137000e-05	2.544249e-03	-5.452976e+00
2.138000e-05	-9.924547e-04	-5.230003e+00
2.139000e-05	-3.336301e-03	-5.052003e+00
2.140000e-05	-1.090306e-03	-4.812428e+00
2.141000e-05	7.741209e-04	-4.641055e+00
2.142000e-05	2.977999e-03	-4.483583e+00
2.143000e-05	-9.543761e-04	-4.336339e+00
2.144000e-05	-2.555027e-03	-4.178746e+00
2.145000e-05	-4.432300e-03	-4.029875e+00
2.146000e-05	-1.840939e-03	-3.830971e+00
2.147000e-05	-4.775576e-03	-3.579899e+00
2.148000e-05	-4.015780e-03	-3.441477e+00
2.149000e-05	-4.662567e-03	-3.222501e+00
2.150000e-05	2.614232e-04	-3.065005e+00
2.151000e-05	-1.859282e-03	-2.872504e+00
2.152000e-05	-4.271377e-03	-2.702555e+00
2.153000e-05	-8.437750e-03	-2.493036e+00
2.154000e-05	-7.612994e-03	-2.333689e+00
2.155000e-05	-6.291170e-03	-2.051555e+00
2.156000e-05	-3.905217e-03	-1.894710e+00
2.157000e-05	-5.449167e-03	-1.725737e+00
2.158000e-05	-3.543094e-03	-1.526193e+00
2.159000e-05	-3.465268e-03	-1.302559e+00
2.160000e-05	-4.799292e-03	-1.083061e+00
2.161000e-05	-8.042118e-03	-8.945843e-01
2.162000e-05	-1.144105e-02	-7.266355e-01
2.163000e-05	-9.286088e-03	-4.529778e-01
2.164000e-05	-6.556677e-03	-2.815841e-01
2.165000e-05	-3.701364e-03	-1.041393e-01
2.166000e-05	1.686574e-03	6.430941e-02
2.167000e-05	2.252974e-03	2.869132e-01
2.168000e-05	-2.175304e-03	4.637354e-01
2.169000e-05	3.794294e-05	6.127553e-01
2.170000e-05	-5.752467e-03	8.095763e-01
2.171000e-05	-5.488485e-03	1.011326e+00
2.172000e-05	-4.641094e-03	1.230221e+00
2.173000e-05	1.345027e-02	1.369674e+00
2.174000e-05	6.197033e-02	1.633306e+00
2.175000e-05	5.139724e-02	1.893883e+00
2.176000e-05	-5.050081e-02	2.063788e+00
2.177000e-05	-3.442619e-02	2.253361e+00
2.178000e-05	-6.715814e-02	2.421128e+00
2.179000e-05	-6.963127e-02	2.577918e+00
2.180000e-05	1.063881e-01	2.728495e+00
2.181000e-05	-6.091364e-02	2.937517e+00
2.182000e-05	-6.445096e-02	3.074812e+00
2.183000e-05	1.623828e-01	3.252787e+00
2.184000e-05	-8.882838e-02	3.456941e+00
2.185000e-05	-1.394744e-02	3.622082e+00
2.186000e-05	5.189258e-02	3.791703e+00
2.187000e-05	-1.036198e-01	4.000098e+00
2.188000e-05	2.442846e-02	4.150280e+00
2.189000e-05	2.432898e-02	4.432171e+00
2.190000e-05	-2.360573e-02	4.549049e+00
2.191000e-05	3.502966e-02	4.748017e+00
2.192000e-05	-5.069664e-02	4.930244e+00
2.193000e-05	1.563883e-03	5.142103e+00
2.194000e-05	-8.905582e-03	5.361100e+00
2.195000e-05	-1.529197e-02	5.509419e+00
2.196000e-05	1.031912e-02	5.676885e+00
2.197000e-05	-1.846619e-02	5.897462e+00
2.198000e-05	2.520089e-02	6.073258e+00
2.199000e-05	-3.314696e-02	6.193124e+00
2.200000e-05	-5.778604e-03	6.338996e+00
2.201000e-05	-4.534454e-03	6.506886e+00
2.202000e-05	-3.744868e-02	6.686383e+00
2.203000e-05	2.351953e-02	6.863230e+00
2.204000e-05	-5.981975e-03	6.990171e+00
2.205000e-05	-8.705168e-03	7.117412e+00
2.206000e-05	-1.075174e-02	7.211752e+00
2.207000e-05	-1.920480e-02	7.383171e+00
2.208000e-05	2.408135e-03	7.562047e+00
2.209000e-05	-2.154038e-02	7.737381e+00
2.210000e-05	-1.783740e-03	7.843757e+00
2.211000e-05	-2.264581e-02	8.033280e+00
2.212000e-05	-1.338370e-04	8.178938e+00
2.213000e-05	-1.610498e-03	8.264783e+00
2.214000e-05	-1.763242e-02	8.340595e+00
2.215000e-05	-1.526123e-02	8.444232e+00
2.216000e-05	-2.096033e-02	8.571044e+00
2.217000e-05	-2.683310e-03	8.624761e+00
2.218000e-05	-1.000561e-02	8.709490e+00
2.219000e-05	-1.151700e-02	8.844179e+00
2.220000e-05	-1.603817e-02	8.972094e+00
2.221000e-05	-1.211953e-02	9.066386e+00
2.222000e-05	-8.269970e-03	9.169572e+00
2.223000e-05	-1.744627e-02	9.254654e+00
2.224000e-05	-2.056462e-02	9.308593e+00
2.225000e-05	-1.862382e-02	9.392204e+00
2.226000e-05	-9.428268e-03	9.487837e+00
2.227000e-05	-1.133183e-02	9.578968e+00
2.228000e-05	-1.685229e-02	9.611709e+00
2.229000e-05	-1.921856e-02	9.697386e+00
2.230000e-05	-1.649159e-02	9.781619e+00
2.231000e-05	-1.481318e-02	9.833803e+00
2.232000e-05	-1.951444e-02	9.927938e+00
2.233000e-05	-2.197256e-02	9.938549e+00
2.234000e-05	-1.958572e-02	1.000215e+01
2.235000e-05	-1.360044e-02	1.003518e+01
2.236000e-05	-1.629729e-02	1.009473e+01
2.237000e-05	-2.137469e-02	1.012626e+01
2.238000e-05	-2.499470e-02	1.012839e+01
2.239000e-05	-2.130648e-02	1.019000e+01
2.240000e-05	-1.811255e-02	1.019167e+01
2.241000e-05	-2.173556e-02	1.020313e+01
2.242000e-05	-2.701775e-02	1.019420e+01
2.243000e-05	-2.436313e-02	1.024523e+01
2.244000e-05	-2.149622e-02	1.028328e+01
2.245000e-05	-2.252946e-02	1.027521e+01
2.246000e-05	-2.608298e-02	1.025531e+01
2.247000e-05	-2.932664e-02	1.026470e+01
2.248000e-05	-2.558552e-02	1.024521e+01
2.249000e-05	-2.421910e-02	1.027523e+01
2.250000e-05	-2.751376e-02	1.022266e+01
2.251000e-05	-3.285458e-02	1.022265e+01
2.252000e-05	-3.268431e-02	1.021105e+01
2.253000e-05	-3.227254e-02	1.023899e+01
2.254000e-05	-3.048753e-02	1.012942e+01
2.255000e-05	-3.415582e-02	1.010840e+01
2.256000e-05	-3.628195e-02	1.005678e+01
2.257000e-05	-3.608822e-02	1.004321e+01
2.258000e-05	-3.517541e-02	1.002158e+01
2.259000e-05	-3.823178e-02	9.989470e+00
2.260000e-05	-4.300076e-02	9.897390e+00
2.261000e-05	-4.371125e-02	9.883279e+00
2.262000e-05	-4.272477e-02	9.790494e+00
2.263000e-05	-4.232796e-02	9.707362e+00
2.264000e-05	-4.509374e-02	9.642577e+00
2.265000e-05	-4.815793e-02	9.528916e+00
2.266000e-05	-4.778629e-02	9.494259e+00
2.267000e-05	-4.671755e-02	9.351028e+00
2.268000e-05	-4.552033e-02	9.327265e+00
2.269000e-05	-4.762639e-02	9.225133e+00
2.270000e-05	-4.742069e-02	9.210950e+00
2.271000e-05	-4.443322e-02	9.066236e+00
2.272000e-05	-4.080158e-02	8.960814e+00
2.273000e-05	-3.917692e-02	8.812633e+00
2.274000e-05	-3.810035e-02	8.738420e+00
2.275000e-05	-3.708125e-02	8.623678e+00
2.276000e-05	-3.203869e-02	8.528343e+00
2.277000e-05	-2.862846e-02	8.433131e+00
2.278000e-05	-2.729234e-02	8.349493e+00
2.279000e-05	-2.774357e-02	8.264081e+00
2.280000e-05	-2.665639e-02	8.087191e+00
2.281000e-05	-2.471280e-02	7.971020e+00
2.282000e-05	-2.198003e-02	7.864128e+00
2.283000e-05	-2.336883e-02	7.737817e+00
2.284000e-05	-2.225389e-02	7.619949e+00
2.285000e-05	-2.006827e-02	7.474134e+00
2.286000e-05	-1.665847e-02	7.313711e+00
2.287000e-05	-1.725222e-02	7.107266e+00
2.288000e-05	-1.813343e-02	6.989874e+00
2.289000e-05	-1.886908e-02	6.833606e+00
2.290000e-05	-1.708472e-02	6.707811e+00
2.291000e-05	-1.659821e-02	6.538835e+00
2.292000e-05	-1.630334e-02	6.359421e+00
2.293000e-05	-1.562680e-02	6.182499e+00
2.294000e-05	-1.347171e-02	6.055156e+00
2.295000e-05	-1.202760e-02	5.958870e+00
2.296000e-05	-1.236586e-02	5.739969e+00
2.297000e-05	-1.232573e-02	5.559894e+00
2.298000e-05	-1.345929e-02	5.401050e+00
2.299000e-05	-1.244733e-02	5.223525e+00
2.300000e-05	-1.193697e-02	5.010525e+00
2.301000e-05	-1.202960e-02	4.802975e+00
2.302000e-05	-1.281977e-02	4.653107e+00
2.303000e-05	-1.120408e-02	4.455109e+00
2.304000e-05	-1.031980e-02	4.318371e+00
2.305000e-05	-8.369432e-03	4.125761e+00
2.306000e-05	-1.004991e-02	3.926243e+00
2.307000e-05	-9.263827e-03	3.758795e+00
2.308000e-05	-8.605061e-03	3.580501e+00
2.309000e-05	-8.566875e-03	3.409931e+00
2.310000e-05	-9.539653e-03	3.169847e+00
2.311000e-05	-9.597462e-03	3.011583e+00
2.312000e-05	-9.445471e-03	2.843030e+00
2.313000e-05	-8.379204e-03	2.673614e+00
2.314000e-05	-6.516329e-03	2.442056e+00
2.315000e-05	-7.537176e-03	2.243078e+00
2.316000e-05	-7.267837e-03	2.055057e+00
2.317000e-05	-7.158335e-03	1.886164e+00
2.318000e-05	-6.404563e-03	1.664735e+00
2.319000e-05	-6.658531e-03	1.486111e+00
2.320000e-05	-7.984084e-03	1.293633e+00
2.321000e-05	-7.528767e-03	1.084059e+00
2.322000e-05	-6.554874e-03	8.415039e-01
2.323000e-05	-5.635670e-03	6.215263e-01
2.324000e-05	-5.769673e-03	4.510078e-01
2.325000e-05	-4.977780e-03	2.635851e-01
2.326000e-05	-4.713363e-03	4.198019e-02
2.327000e-05	-8.184786e-04	-1.274396e-01
2.328000e-05	4.222496e-03	-2.958896e-01
2.329000e-05	-1.049452e-03	-4.923029e-01
2.330000e-05	2.182709e-03	-6.858661e-01
2.331000e-05	-7.038108e-04	-8.638055e-01
2.332000e-05	3.116475e-04	-1.031605e+00
2.333000e-05	-1.142092e-03	-1.249629e+00
2.334000e-05	1.766793e-02	-1.452100e+00
2.335000e-05	8.805768e-02	-1.641600e+00
2.336000e-05	2.629216e-02	-1.842783e+00
2.337000e-05	-4.697876e-02	-2.157521e+00
2.338000e-05	-3.250619e-02	-2.429629e+00
2.339000e-05	-1.053447e-01	-2.558437e+00
2.340000e-05	9.011553e-02	-2.577947e+00
2.341000e-05	3.403998e-02	-2.724815e+00
2.342000e-05	-1.463423e-01	-3.012780e+00
2.343000e-05	1.733366e-01	-3.178966e+00
2.344000e-05	-8.950178e-03	-3.325938e+00
2.345000e-05	-1.105533e-01	-3.558520e+00
2.346000e-05	1.475536e-01	-3.652133e+00
2.347000e-05	-1.013732e-01	-3.867992e+00
2.348000e-05	-3.944161e-02	-4.096862e+00
2.349000e-05	1.067641e-01	-4.243154e+00
2.350000e-05	-8.490764e-02	-4.513724e+00
2.351000e-05	1.247161e-01	-4.591127e+00
2.352000e-05	-2.426181e-02	-4.810622e+00
2.353000e-05	-6.832246e-02	-5.011602e+00
2.354000e-05	9.903163e-02	-5.138467e+00
2.355000e-05	-1.030597e-01	-5.380678e+00
2.356000e-05	8.070104e-02	-5.590522e+00
2.357000e-05	-7.814029e-03	-5.756945e+00
2.358000e-05	-5.700648e-03	-5.925839e+00
2.359000e-05	6.868619e-02	-6.043078e+00
2.360000e-05	-7.922480e-02	-6.264959e+00
2.361000e-05	8.049389e-02	-6.412075e+00
2.362000e-05	-5.778925e-02	-6.548016e+00
2.363000e-05	1.090692e-02	-6.706416e+00
2.364000e-05	6.764523e-02	-6.831650e+00
2.365000e-05	-5.662297e-02	-7.053833e+00
2.366000e-05	7.625673e-02	-7.161043e+00
2.367000e-05	-5.590392e-02	-7.325915e+00
2.368000e-05	3.975332e-02	-7.453207e+00
2.369000e-05	7.669648e-03	-7.601021e+00
2.370000e-05	-1.559041e-02	-7.789144e+00
2.371000e-05	4.033467e-02	-7.905390e+00
2.372000e-05	-3.459331e-02	-8.033679e+00
2.373000e-05	6.508911e-02	-8.178892e+00
2.374000e-05	-2.380707e-02	-8.305263e+00
2.375000e-05	2.175675e-02	-8.398997e+00
2.376000e-05	-1.891313e-03	-8.495860e+00
2.377000e-05	-1.243434e-03	-8.653202e+00
2.378000e-05	3.479677e-02	-8.767945e+00
2.379000e-05	-1.283793e-02	-8.894259e+00
2.380000e-05	2.764193e-02	-8.936494e+00
2.381000e-05	-7.004229e-03	-9.063782e+00
2.382000e-05	2.872252e-02	-9.158388e+00
2.383000e-05	8.502962e-03	-9.190100e+00
2.384000e-05	3.067743e-03	-9.288413e+00
2.385000e-05	7.738195e-03	-9.412198e+00
2.386000e-05	2.376703e-03	-9.516837e+00
2.387000e-05	2.566823e-02	-9.631027e+00
2.388000e-05	4.563066e-03	-9.664785e+00
2.389000e-05	1.806119e-02	-9.717837e+00
2.390000e-05	6.045363e-03	-9.819575e+00
2.391000e-05	1.765776e-02	-9.883728e+00
2.392000e-05	1.184081e-02	-9.907387e+00
2.393000e-05	6.211311e-03	-9.967970e+00
2.394000e-05	9.434618e-03	-9.959996e+00
2.395000e-05	1.202695e-02	-1.001565e+01
2.396000e-05	2.264202e-02	-1.008478e+01
2.397000e-05	1.367662e-02	-1.015836e+01
2.398000e-05	1.463790e-02	-1.015994e+01
2.399000e-05	7.825616e-03	-1.021320e+01
2.400000e-05	1.724402e-02	-1.026420e+01
2.401000e-05	1.660416e-02	-1.027426e+01
2.402000e-05	1.465135e-02	-1.032586e+01
2.403000e-05	1.347440e-02	-1.035739e+01
2.404000e-05	1.683543e-02	-1.036740e+01
2.405000e-05	2.060094e-02	-1.039007e+01
2.406000e-05	1.902257e-02	-1.034997e+01
2.407000e-05	1.727028e-02	-1.038047e+01
2.408000e-05	1.450948e-02	-1.036907e+01
2.409000e-05	2.264490e-02	-1.042050e+01
2.410000e-05	2.211210e-02	-1.035890e+01
2.411000e-05	2.155929e-02	-1.035747e+01
2.412000e-05	1.937527e-02	-1.039694e+01
2.413000e-05	2.112241e-02	-1.031788e+01
2.414000e-05	2.607377e-02	-1.026521e+01
2.415000e-05	2.594853e-02	-1.025212e+01
2.416000e-05	2.608100e-02	-1.023305e+01
2.417000e-05	2.484021e-02	-1.015949e+01
2.418000e-05	2.899332e-02	-1.013676e+01
2.419000e-05	2.970811e-02	-1.004363e+01
2.420000e-05	3.017103e-02	-1.000958e+01
2.421000e-05	3.038962e-02	-9.987896e+00
2.422000e-05	2.988092e-02	-9.926788e+00
2.423000e-05	3.385904e-02	-9.864730e+00
2.424000e-05	3.526235e-02	-9.792473e+00
2.425000e-05	3.606092e-02	-9.716916e+00
2.426000e-05	3.627200e-02	-9.694732e+00
2.427000e-05	3.794310e-02	-9.620000e+00
2.428000e-05	4.036758e-02	-9.577915e+00
2.429000e-05	3.992566e-02	-9.494684e+00
2.430000e-05	3.744862e-02	-9.367966e+00
2.431000e-05	3.602834e-02	-9.274053e+00
2.432000e-05	3.565153e-02	-9.148445e+00
2.433000e-05	3.418856e-02	-9.095761e+00
2.434000e-05	3.202296e-02	-8.989920e+00
2.435000e-05	2.768709e-02	-8.893707e+00
2.436000e-05	2.560083e-02	-8.779476e+00
2.437000e-05	2.392327e-02	-8.735262e+00
2.438000e-05	2.326689e-02	-8.547896e+00
2.439000e-05	2.037541e-02	-8.451527e+00
2.440000e-05	1.861474e-02	-8.347293e+00
2.441000e-05	1.649829e-02	-8.231478e+00
2.442000e-05	1.528790e-02	-8.086763e+00
2.443000e-05	1.361731e-02	-8.002472e+00
2.444000e-05	1.107742e-02	-7.820476e+00
2.445000e-05	8.886581e-03	-7.723103e+00
2.446000e-05	9.672907e-03	-7.519396e+00
2.447000e-05	1.081694e-02	-7.391949e+00
2.448000e-05	1.019390e-02	-7.294351e+00
2.449000e-05	6.845108e-03	-7.156820e+00
2.450000e-05	6.236654e-03	-6.947293e+00
2.451000e-05	6.353223e-03	-6.781450e+00
2.452000e-05	5.583619e-03	-6.673581e+00
2.453000e-05	2.492970e-03	-6.517212e+00
2.454000e-05	1.476513e-03	-6.380949e+00
2.455000e-05	3.889502e-03	-6.199924e+00
2.456000e-05	3.690899e-03	-6.010453e+00
2.457000e-05	2.296968e-03	-5.884131e+00
2.458000e-05	1.558797e-03	-5.744215e+00
2.459000e-05	1.551976e-03	-5.528847e+00
2.460000e-05	1.786453e-03	-5.339241e+00
2.461000e-05	7.552982e-04	-5.157291e+00
2.462000e-05	-2.084787e-03	-4.979394e+00
2.463000e-05	-2.455518e-03	-4.763787e+00
2.464000e-05	-4.553370e-04	-4.548347e+00
2.465000e-05	-3.259082e-04	-4.410954e+00
2.466000e-05	-1.195767e-03	-4.263107e+00
2.467000e-05	-2.508128e-03	-4.105661e+00
2.468000e-05	-2.601070e-03	-3.906320e+00
2.469000e-05	-8.201070e-04	-3.696683e+00
2.470000e-05	-3.044606e-03	-3.556696e+00
2.471000e-05	-5.016536e-03	-3.348321e+00
2.472000e-05	-4.917097e-03	-3.199399e+00
2.473000e-05	-2.317523e-03	-2.998347e+00
2.474000e-05	-4.357875e-03	-2.799395e+00
2.475000e-05	-5.249920e-03	-2.610925e+00
2.476000e-05	-8.324204e-03	-2.399956e+00
2.477000e-05	-3.450174e-03	-2.270342e+00
2.478000e-05	-3.551075e-03	-2.008950e+00
2.479000e-05	-3.634871e-03	-1.851953e+00
2.480000e-05	-8.253561e-03	-1.691531e+00
2.481000e-05	-6.835887e-03	-1.481080e+00
2.482000e-05	-4.071288e-03	-1.209724e+00
2.483000e-05	-2.975648e-03	-9.893737e-01
2.484000e-05	-1.071536e-02	-8.494789e-01
2.485000e-05	-1.212399e-02	-6.093261e-01
2.486000e-05	-7.864915e-03	-3.988712e-01
2.487000e-05	-2.057647e-03	-2.420526e-01
2.488000e-05	-4.583926e-04	1.105007e-02
2.489000e-05	-1.787164e-04	1.595724e-01
2.490000e-05	-3.221996e-03	3.300463e-01
2.491000e-05	1.755149e-04	5.269646e-01
2.492000e-05	2.104257e-04	7.269120e-01
2.493000e-05	-5.246404e-03	8.346792e-01
2.494000e-05	-7.219609e-03	1.104966e+00
2.495000e-05	-2.201088e-04	1.294310e+00
2.496000e-05	3.052350e-02	1.454854e+00
2.497000e-05	7.809343e-02	1.738047e+00
2.498000e-05	1.578444e-03	1.951020e+00
2.499000e-05	-5.456572e-02	2.129096e+00
2.500000e-05	-3.680624e-02	2.317491e+00
2.501000e-05	-8.731981e-02	2.504158e+00
2.502000e-05	-2.058951e-03	2.603779e+00
2.503000e-05	9.892011e-02	2.832224e+00
2.504000e-05	-1.496269e-01	3.010101e+00
2.505000e-05	7.128364e-02	3.148042e+00
2.506000e-05	8.588065e-02	3.381701e+00
2.507000e-05	-1.185684e-01	3.570523e+00
2.508000e-05	6.084608e-02	3.665263e+00
2.509000e-05	-2.704965e-02	3.866958e+00
2.510000e-05	-7.269408e-02	4.092804e+00
2.511000e-05	6.025978e-02	4.255983e+00
2.512000e-05	-1.821505e-02	4.446287e+00
2.513000e-05	7.964584e-03	4.604226e+00
2.514000e-05	1.214720e-02	4.823750e+00
2.515000e-05	-5.538217e-02	5.032878e+00
2.516000e-05	2.424128e-02	5.275832e+00
2.517000e-05	-3.556964e-02	5.452783e+00
2.518000e-05	1.140176e-02	5.580124e+00
2.519000e-05	-1.248287e-02	5.760095e+00
2.520000e-05	6.332274e-03	5.949549e+00
2.521000e-05	6.252703e-03	6.138440e+00
2.522000e-05	-3.928079e-02	6.255258e+00
2.523000e-05	1.325622e-02	6.401130e+00
2.524000e-05	-3.226432e-02	6.572244e+00
2.525000e-05	-9.595831e-03	6.758996e+00
2.526000e-05	1.980133e-02	6.906936e+00
2.527000e-05	-1.661011e-02	7.043752e+00
2.528000e-05	-3.041604e-03	7.128020e+00
2.529000e-05	-1.984998e-02	7.304863e+00
2.530000e-05	-7.869795e-03	7.434412e+00
2.531000e-05	-7.106323e-03	7.623726e+00
2.532000e-05	-1.682429e-02	7.767569e+00
2.533000e-05	-4.993692e-03	7.960539e+00
2.534000e-05	-2.067092e-02	8.035312e+00
2.535000e-05	7.831135e-03	8.180648e+00
2.536000e-05	-1.411989e-02	8.316414e+00
2.537000e-05	-1.490856e-02	8.390577e+00
2.538000e-05	-1.966492e-02	8.496461e+00
2.539000e-05	-1.430042e-02	8.584100e+00
2.540000e-05	-1.366743e-03	8.685882e+00
2.541000e-05	-1.319997e-02	8.778524e+00
2.542000e-05	-1.171520e-02	8.875307e+00
2.543000e-05	-1.669130e-02	9.043323e+00
2.544000e-05	-8.708818e-03	9.108020e+00
2.545000e-05	-1.166918e-02	9.233678e+00
2.546000e-05	-1.902573e-02	9.305758e+00
2.547000e-05	-2.008975e-02	9.348546e+00
2.548000e-05	-1.565011e-02	9.424730e+00
2.549000e-05	-7.280656e-03	9.536865e+00
2.550000e-05	-1.441866e-02	9.572022e+00
2.551000e-05	-1.700350e-02	9.665804e+00
2.552000e-05	-1.912237e-02	9.718466e+00
2.553000e-05	-1.584921e-02	9.803147e+00
2.554000e-05	-1.643841e-02	9.855337e+00
2.555000e-05	-2.098611e-02	9.947942e+00
2.556000e-05	-1.994936e-02	9.980525e+00
2.557000e-05	-1.754431e-02	1.004315e+01
2.558000e-05	-1.271995e-02	1.005371e+01
2.559000e-05	-1.869730e-02	1.009736e+01
2.560000e-05	-2.311424e-02	1.011642e+01
2.561000e-05	-2.476923e-02	1.016952e+01
2.562000e-05	-2.040867e-02	1.017105e+01
2.563000e-05	-1.822893e-02	1.019260e+01
2.564000e-05	-2.217899e-02	1.023270e+01
2.565000e-05	-2.531165e-02	1.025421e+01
2.566000e-05	-2.366564e-02	1.023476e+01
2.567000e-05	-2.259465e-02	1.025411e+01
2.568000e-05	-2.238806e-02	1.024521e+01
2.569000e-05	-2.747976e-02	1.027528e+01
2.570000e-05	-2.935002e-02	1.024376e+01
2.571000e-05	-2.552617e-02	1.026483e+01
2.572000e-05	-2.373657e-02	1.026468e+01
2.573000e-05	-2.850790e-02	1.023171e+01
2.574000e-05	-3.284425e-02	1.022315e+01
2.575000e-05	-3.448476e-02	1.019010e+01
2.576000e-05	-3.125861e-02	1.014947e+01
2.577000e-05	-3.157033e-02	1.010844e+01
2.578000e-05	-3.448623e-02	1.009681e+01
2.579000e-05	-3.648828e-02	1.004481e+01
2.580000e-05	-3.580379e-02	1.003271e+01
2.581000e-05	-3.526079e-02	9.982076e+00
2.582000e-05	-3.893125e-02	9.958917e+00
2.583000e-05	-4.305632e-02	9.857338e+00
2.584000e-05	-4.451943e-02	9.812547e+00
2.585000e-05	-4.197336e-02	9.729415e+00
2.586000e-05	-4.257020e-02	9.636159e+00
2.587000e-05	-4.616003e-02	9.609074e+00
2.588000e-05	-4.826967e-02	9.516889e+00
2.589000e-05	-4.713141e-02	9.423652e+00
2.590000e-05	-4.534783e-02	9.381049e+00
2.591000e-05	-4.619314e-02	9.305762e+00
2.592000e-05	-4.930837e-02	9.203129e+00
2.593000e-05	-4.622671e-02	9.128871e+00
2.594000e-05	-4.064448e-02	9.044228e+00
2.595000e-05	-3.897552e-02	8.935812e+00
2.596000e-05	-3.882592e-02	8.790527e+00
2.597000e-05	-3.892775e-02	8.708815e+00
2.598000e-05	-3.382213e-02	8.613125e+00
2.599000e-05	-2.926700e-02	8.497889e+00
2.600000e-05	-2.801967e-02	8.401029e+00
2.601000e-05	-2.910833e-02	8.360411e+00
2.602000e-05	-2.860841e-02	8.212524e+00
2.603000e-05	-2.430762e-02	8.052104e+00
2.604000e-05	-2.217394e-02	7.916864e+00
2.605000e-05	-2.255896e-02	7.791926e+00
2.606000e-05	-2.460662e-02	7.664735e+00
2.607000e-05	-2.137545e-02	7.539792e+00
2.608000e-05	-1.839983e-02	7.347995e+00
2.609000e-05	-1.634888e-02	7.210428e+00
2.610000e-05	-1.806889e-02	7.065282e+00
2.611000e-05	-1.927291e-02	6.936290e+00
2.612000e-05	-1.739863e-02	6.821074e+00
2.613000e-05	-1.556870e-02	6.694555e+00
2.614000e-05	-1.661068e-02	6.433637e+00
2.615000e-05	-1.729254e-02	6.336841e+00
2.616000e-05	-1.494768e-02	6.168396e+00
2.617000e-05	-1.299759e-02	6.032478e+00
2.618000e-05	-1.083203e-02	5.885633e+00
2.619000e-05	-1.286513e-02	5.655183e+00
2.620000e-05	-1.336564e-02	5.507216e+00
2.621000e-05	-1.244926e-02	5.368366e+00
2.622000e-05	-1.089734e-02	5.148321e+00
2.623000e-05	-1.111575e-02	4.927691e+00
2.624000e-05	-1.326761e-02	4.736343e+00
2.625000e-05	-1.165865e-02	4.578348e+00
2.626000e-05	-1.067724e-02	4.412523e+00
2.627000e-05	-8.356508e-03	4.283701e+00
2.628000e-05	-9.907750e-03	4.031456e+00
2.629000e-05	-1.135204e-02	3.863608e+00
2.630000e-05	-9.692285e-03	3.704189e+00
2.631000e-05	-7.399143e-03	3.538364e+00
2.632000e-05	-7.303881e-03	3.316659e+00
2.633000e-05	-9.922787e-03	3.116791e+00
2.634000e-05	-1.038994e-02	2.928318e+00
2.635000e-05	-8.451331e-03	2.769429e+00
2.636000e-05	-7.296063e-03	2.570768e+00
2.637000e-05	-8.055325e-03	2.351396e+00
2.638000e-05	-8.340094e-03	2.148348e+00
2.639000e-05	-7.672335e-03	2.011454e+00
2.640000e-05	-5.082772e-03	1.811426e+00
2.641000e-05	-6.218439e-03	1.573922e+00
2.642000e-05	-7.215108e-03	1.419379e+00
2.643000e-05	-8.018515e-03	1.201451e+00
2.644000e-05	-6.338338e-03	9.786920e-01
2.645000e-05	-6.004879e-03	7.483932e-01
2.646000e-05	-5.592224e-03	5.579221e-01
2.647000e-05	-5.791511e-03	3.898746e-01
2.648000e-05	-5.146646e-03	1.702986e-01
2.649000e-05	-3.518498e-03	-7.210276e-02
2.650000e-05	2.992664e-03	-2.105764e-01
2.651000e-05	2.231962e-03	-3.585237e-01
2.652000e-05	-1.864321e-03	-5.468886e-01
2.653000e-05	2.345889e-03	-7.880462e-01
2.654000e-05	-8.544948e-04	-9.494986e-01
2.655000e-05	-9.593714e-05	-1.084711e+00
2.656000e-05	1.141209e-03	-1.283309e+00
2.657000e-05	4.073581e-02	-1.526421e+00
2.658000e-05	9.565399e-02	-1.745441e+00
2.659000e-05	-3.230813e-02	-2.020046e+00
2.660000e-05	-2.564204e-02	-2.245941e+00
2.661000e-05	-7.060239e-02	-2.454229e+00
2.662000e-05	-6.457219e-02	-2.607422e+00
2.663000e-05	1.510008e-01	-2.599525e+00
2.664000e-05	-9.159542e-02	-2.821231e+00
2.665000e-05	-3.928270e-02	-3.115414e+00
2.666000e-05	1.745491e-01	-3.229519e+00
2.667000e-05	-1.434551e-01	-3.412128e+00
2.668000e-05	1.678329e-02	-3.599028e+00
2.669000e-05	9.175117e-02	-3.744915e+00
2.670000e-05	-1.600465e-01	-3.990050e+00
2.671000e-05	7.796813e-02	-4.158467e+00
2.672000e-05	1.756770e-02	-4.336912e+00
2.673000e-05	-3.204163e-02	-4.516940e+00
2.674000e-05	1.364960e-01	-4.693305e+00
2.675000e-05	-1.236790e-01	-4.875410e+00
2.676000e-05	4.805486e-02	-5.084807e+00
2.677000e-05	1.409875e-02	-5.224148e+00
2.678000e-05	-6.905789e-02	-5.514787e+00
2.679000e-05	1.065484e-01	-5.652604e+00
2.680000e-05	-7.099611e-02	-5.790554e+00
2.681000e-05	7.491760e-02	-5.987941e+00
2.682000e-05	-1.267714e-02	-6.136391e+00
2.683000e-05	-2.757615e-02	-6.327965e+00
2.684000e-05	6.581803e-02	-6.463754e+00
2.685000e-05	-9.397060e-02	-6.641130e+00
2.686000e-05	9.267135e-02	-6.748419e+00
2.687000e-05	-1.424783e-02	-6.935410e+00
2.688000e-05	1.856359e-03	-7.076285e+00
2.689000e-05	4.249751e-02	-7.222152e+00
2.690000e-05	-5.758457e-02	-7.369548e+00
2.691000e-05	7.399163e-02	-7.504734e+00
2.692000e-05	-4.329514e-02	-7.663757e+00
2.693000e-05	3.699018e-02	-7.822748e+00
2.694000e-05	-7.185801e-03	-7.969072e+00
2.695000e-05	5.914623e-03	-8.096287e+00
2.696000e-05	4.446221e-02	-8.181069e+00
2.697000e-05	-3.204639e-02	-8.326937e+00
2.698000e-05	4.130338e-02	-8.421522e+00
2.699000e-05	-2.727179e-02	-8.560992e+00
2.700000e-05	3.606509e-02	-8.684832e+00
2.701000e-05	4.848916e-03	-8.770119e+00
2.702000e-05	4.842681e-03	-8.905761e+00
2.703000e-05	1.464780e-02	-9.010069e+00
2.704000e-05	-1.574674e-03	-9.094834e+00
2.705000e-05	3.226050e-02	-9.120997e+00
2.706000e-05	-3.961496e-03	-9.293209e+00
2.707000e-05	1.617771e-02	-9.379838e+00
2.708000e-05	-1.365395e-03	-9.464757e+00
2.709000e-05	1.983372e-02	-9.547496e+00
2.710000e-05	1.356754e-02	-9.663201e+00
2.711000e-05	7.292779e-03	-9.736786e+00
2.712000e-05	1.300787e-02	-9.737894e+00
2.713000e-05	6.743069e-03	-9.842149e+00
2.714000e-05	2.129438e-02	-9.884788e+00
2.715000e-05	8.557005e-03	-9.926965e+00
2.716000e-05	1.273129e-02	-9.979467e+00
2.717000e-05	6.993438e-03	-9.972549e+00
2.718000e-05	1.855959e-02	-1.007360e+01
2.719000e-05	1.629654e-02	-1.008824e+01
2.720000e-05	1.250586e-02	-1.017896e+01
2.721000e-05	1.049548e-02	-1.019012e+01
2.722000e-05	1.125966e-02	-1.020523e+01
2.723000e-05	2.023777e-02	-1.025373e+01
2.724000e-05	1.750961e-02	-1.027619e+01
2.725000e-05	1.500965e-02	-1.032731e+01
2.726000e-05	1.314510e-02	-1.030047e+01
2.727000e-05	1.856996e-02	-1.034847e+01
2.728000e-05	1.884917e-02	-1.038000e+01
2.729000e-05	1.873862e-02	-1.038949e+01
2.730000e-05	1.439910e-02	-1.042107e+01
2.731000e-05	1.779659e-02	-1.036985e+01
2.732000e-05	2.345693e-02	-1.037996e+01
2.733000e-05	2.243561e-02	-1.038894e+01
2.734000e-05	2.177599e-02	-1.038900e+01
2.735000e-05	1.912962e-02	-1.032586e+01
2.736000e-05	2.234522e-02	-1.030678e+01
2.737000e-05	2.637403e-02	-1.030361e+01
2.738000e-05	2.569304e-02	-1.024415e+01
2.739000e-05	2.484226e-02	-1.018002e+01
2.740000e-05	2.592249e-02	-1.013626e+01
2.741000e-05	3.073333e-02	-1.015568e+01
2.742000e-05	3.057951e-02	-1.002065e+01
2.743000e-05	2.919616e-02	-1.000145e+01
2.744000e-05	2.912939e-02	-9.947417e+00
2.745000e-05	3.245363e-02	-9.895234e+00
2.746000e-05	3.654620e-02	-9.842702e+00
2.747000e-05	3.470731e-02	-9.771448e+00
2.748000e-05	3.517999e-02	-9.726287e+00
2.749000e-05	3.620964e-02	-9.634554e+00
2.750000e-05	4.001118e-02	-9.590974e+00
2.751000e-05	4.112878e-02	-9.497335e+00
2.752000e-05	3.906278e-02	-9.442647e+00
2.753000e-05	3.563865e-02	-9.346789e+00
2.754000e-05	3.543257e-02	-9.231504e+00
2.755000e-05	3.668489e-02	-9.126763e+00
2.756000e-05	3.533891e-02	-9.062581e+00
2.757000e-05	2.918042e-02	-8.977812e+00
2.758000e-05	2.520642e-02	-8.873528e+00
2.759000e-05	2.590819e-02	-8.768445e+00
2.760000e-05	2.542481e-02	-8.666076e+00
2.761000e-05	2.196165e-02	-8.495685e+00
2.762000e-05	1.794290e-02	-8.408974e+00
2.763000e-05	1.646177e-02	-8.304733e+00
2.764000e-05	1.765062e-02	-8.200395e+00
2.765000e-05	1.703225e-02	-8.084633e+00
2.766000e-05	1.202678e-02	-7.989871e+00
2.767000e-05	8.264475e-03	-7.730839e+00
2.768000e-05	9.730551e-03	-7.631950e+00
2.769000e-05	1.206617e-02	-7.505731e+00
2.770000e-05	1.144031e-02	-7.324761e+00
2.771000e-05	7.370563e-03	-7.261474e+00
2.772000e-05	6.329000e-03	-7.105628e+00
2.773000e-05	7.484430e-03	-6.924114e+00
2.774000e-05	7.437985e-03	-6.758316e+00
2.775000e-05	4.334394e-03	-6.589925e+00
2.776000e-05	1.831119e-03	-6.473553e+00
2.777000e-05	2.300259e-03	-6.345743e+00
2.778000e-05	4.540704e-03	-6.146762e+00
2.779000e-05	4.698723e-03	-5.967844e+00
2.780000e-05	1.303235e-03	-5.818929e+00
2.781000e-05	-3.296297e-05	-5.652658e+00
2.782000e-05	1.397557e-03	-5.515637e+00
2.783000e-05	3.124537e-03	-5.252509e+00
2.784000e-05	-4.518608e-04	-5.074607e+00
2.785000e-05	-2.008353e-03	-4.904114e+00
2.786000e-05	-2.237093e-03	-4.662659e+00
2.787000e-05	5.044627e-04	-4.545662e+00
2.788000e-05	-4.392138e-04	-4.378369e+00
2.789000e-05	-1.893571e-03	-4.230451e+00
2.790000e-05	-4.746127e-03	-4.052027e+00
2.791000e-05	-1.716452e-03	-3.892533e+00
2.792000e-05	-1.935223e-03	-3.631430e+00
2.793000e-05	-1.996517e-03	-3.462507e+00
2.794000e-05	-4.816890e-03	-3.303609e+00
2.795000e-05	-4.123927e-03	-3.146216e+00
2.796000e-05	-3.843186e-03	-2.905134e+00
2.797000e-05	-3.743422e-03	-2.735712e+00
2.798000e-05	-6.079807e-03	-2.556195e+00
2.799000e-05	-6.814573e-03	-2.348740e+00
2.800000e-05	-6.047427e-03	-2.145637e+00
2.801000e-05	-4.282934e-03	-1.915314e+00
2.802000e-05	-4.047922e-03	-1.769324e+00
2.803000e-05	-5.635971e-03	-1.600824e+00
2.804000e-05	-6.152900e-03	-1.323584e+00
2.805000e-05	-6.524683e-03	-1.084634e+00
2.806000e-05	-6.767773e-03	-9.151132e-01
2.807000e-05	-8.653350e-03	-6.862671e-01
2.808000e-05	-8.171843e-03	-5.171104e-01
2.809000e-05	-7.185512e-03	-3.346895e-01
2.810000e-05	-5.261678e-03	-1.546895e-01
2.811000e-05	2.151037e-04	2.217515e-02
2.812000e-05	1.894836e-03	2.133340e-01
2.813000e-05	-3.376485e-03	4.212276e-01
2.814000e-05	-2.453896e-04	5.701027e-01
2.815000e-05	-3.222912e-03	7.685234e-01
2.816000e-05	-3.796711e-03	9.080171e-01
2.817000e-05	-4.979667e-03	1.179476e+00
2.818000e-05	7.573788e-03	1.370547e+00
2.819000e-05	4.844018e-02	1.560071e+00
2.820000e-05	6.959213e-02	1.822754e+00
2.821000e-05	-4.001488e-02	2.023252e+00
2.822000e-05	-4.126889e-02	2.231679e+00
2.823000e-05	-5.367400e-02	2.420199e+00
2.824000e-05	-8.929006e-02	2.456988e+00
2.825000e-05	7.966105e-02	2.704966e+00
2.826000e-05	6.502195e-03	2.897414e+00
2.827000e-05	-1.293652e-01	3.023258e+00
2.828000e-05	1.707024e-01	3.209699e+00
2.829000e-05	-3.847369e-02	3.456939e+00
2.830000e-05	-6.284357e-02	3.612029e+00
2.831000e-05	7.811754e-02	3.720046e+00
2.832000e-05	-9.492124e-02	3.960523e+00
2.833000e-05	-6.582397e-03	4.108515e+00
2.834000e-05	4.819902e-02	4.369574e+00
2.835000e-05	-3.303518e-02	4.547497e+00
2.836000e-05	3.581164e-02	4.706413e+00
2.837000e-05	-3.253864e-02	4.939588e+00
2.838000e-05	-2.143075e-02	5.117496e+00
2.839000e-05	9.251744e-03	5.339097e+00
2.840000e-05	-3.016436e-02	5.526338e+00
2.841000e-05	1.738891e-02	5.653805e+00
2.842000e-05	-2.353017e-02	5.873436e+00
2.843000e-05	2.663571e-02	5.992204e+00
2.844000e-05	-2.131299e-02	6.190100e+00
2.845000e-05	-2.023727e-02	6.327416e+00
2.846000e-05	8.857890e-03	6.454361e+00
2.847000e-05	-4.504991e-02	6.654882e+00
2.848000e-05	1.953503e-02	6.771601e+00
2.849000e-05	2.265215e-03	6.969470e+00
2.850000e-05	-1.324632e-02	7.084408e+00
2.851000e-05	-7.090976e-03	7.182629e+00
2.852000e-05	-2.277430e-02	7.351720e+00
2.853000e-05	2.856351e-03	7.527447e+00
2.854000e-05	-1.941275e-02	7.655304e+00
2.855000e-05	-5.002167e-03	7.851630e+00
2.856000e-05	-1.840181e-02	7.948673e+00
2.857000e-05	-6.745791e-03	8.096417e+00
2.858000e-05	4.747800e-03	8.234653e+00
2.859000e-05	-1.873423e-02	8.350442e+00
2.860000e-05	-1.458892e-02	8.453232e+00
2.861000e-05	-2.213578e-02	8.517442e+00
2.862000e-05	-5.002528e-03	8.634731e+00
2.863000e-05	-6.590831e-03	8.707441e+00
2.864000e-05	-1.374685e-02	8.812655e+00
2.865000e-05	-1.517509e-02	8.929493e+00
2.866000e-05	-1.347404e-02	9.045828e+00
2.867000e-05	-6.536718e-03	9.168549e+00
2.868000e-05	-1.495077e-02	9.193156e+00
2.869000e-05	-2.050554e-02	9.298390e+00
2.870000e-05	-2.009410e-02	9.391652e+00
2.871000e-05	-1.122229e-02	9.476333e+00
2.872000e-05	-9.408208e-03	9.568017e+00
2.873000e-05	-1.848190e-02	9.592648e+00
2.874000e-05	-1.893300e-02	9.657855e+00
2.875000e-05	-1.744464e-02	9.772567e+00
2.876000e-05	-1.405470e-02	9.835853e+00
2.877000e-05	-1.666294e-02	9.886366e+00
2.878000e-05	-2.243007e-02	9.939545e+00
2.879000e-05	-2.019815e-02	1.001113e+01
2.880000e-05	-1.520283e-02	1.000318e+01
2.881000e-05	-1.417928e-02	1.005423e+01
2.882000e-05	-2.029378e-02	1.011694e+01
2.883000e-05	-2.547528e-02	1.012837e+01
2.884000e-05	-2.219685e-02	1.014957e+01
2.885000e-05	-1.767972e-02	1.017060e+01
2.886000e-05	-1.975592e-02	1.017213e+01
2.887000e-05	-2.596635e-02	1.022321e+01
2.888000e-05	-2.503554e-02	1.025371e+01
2.889000e-05	-2.356678e-02	1.024383e+01
2.890000e-05	-2.104068e-02	1.027481e+01
2.891000e-05	-2.450734e-02	1.025568e+01
2.892000e-05	-2.986196e-02	1.027633e+01
2.893000e-05	-2.912205e-02	1.028573e+01
2.894000e-05	-2.340501e-02	1.023416e+01
2.895000e-05	-2.470610e-02	1.023275e+01
2.896000e-05	-3.063652e-02	1.023463e+01
2.897000e-05	-3.547564e-02	1.019368e+01
2.898000e-05	-3.330225e-02	1.017057e+01
2.899000e-05	-2.972871e-02	1.012842e+01
2.900000e-05	-3.131340e-02	1.009641e+01
2.901000e-05	-3.649834e-02	1.009629e+01
2.902000e-05	-3.809078e-02	1.006376e+01
2.903000e-05	-3.520559e-02	1.004360e+01
2.904000e-05	-3.618106e-02	9.960951e+00
2.905000e-05	-4.155874e-02	9.926936e+00
2.906000e-05	-4.376119e-02	9.876183e+00
2.907000e-05	-4.330038e-02	9.841447e+00
2.908000e-05	-4.147045e-02	9.674839e+00
2.909000e-05	-4.351482e-02	9.604152e+00
2.910000e-05	-4.862816e-02	9.560445e+00
2.911000e-05	-4.857470e-02	9.476812e+00
2.912000e-05	-4.578361e-02	9.413075e+00
2.913000e-05	-4.451143e-02	9.337337e+00
2.914000e-05	-4.771022e-02	9.255682e+00
2.915000e-05	-4.958041e-02	9.182522e+00
2.916000e-05	-4.671304e-02	9.119312e+00
2.917000e-05	-4.069936e-02	8.981021e+00
2.918000e-05	-3.876614e-02	8.885707e+00
2.919000e-05	-3.922577e-02	8.778946e+00
2.920000e-05	-3.749519e-02	8.674635e+00
2.921000e-05	-3.191288e-02	8.599993e+00
2.922000e-05	-2.891760e-02	8.473736e+00
2.923000e-05	-2.716574e-02	8.390002e+00
2.924000e-05	-2.855994e-02	8.273654e+00
2.925000e-05	-2.736600e-02	8.068322e+00
2.926000e-05	-2.348462e-02	8.042600e+00
2.927000e-05	-2.233655e-02	7.883736e+00
2.928000e-05	-2.305553e-02	7.758895e+00
2.929000e-05	-2.268914e-02	7.612654e+00
2.930000e-05	-2.032041e-02	7.486807e+00
2.931000e-05	-1.660777e-02	7.345764e+00
2.932000e-05	-1.842091e-02	7.148396e+00
2.933000e-05	-1.864722e-02	7.022554e+00
2.934000e-05	-1.953738e-02	6.884659e+00
2.935000e-05	-1.558774e-02	6.767897e+00
2.936000e-05	-1.504649e-02	6.571374e+00
2.937000e-05	-1.568877e-02	6.400003e+00
2.938000e-05	-1.705746e-02	6.234132e+00
2.939000e-05	-1.367557e-02	6.107286e+00
2.940000e-05	-1.268765e-02	5.960398e+00
2.941000e-05	-1.234061e-02	5.811523e+00
2.942000e-05	-1.358791e-02	5.611503e+00
2.943000e-05	-1.357379e-02	5.442632e+00
2.944000e-05	-1.128034e-02	5.274163e+00
2.945000e-05	-1.002603e-02	5.054232e+00
2.946000e-05	-1.066943e-02	4.863659e+00
2.947000e-05	-1.298350e-02	4.675234e+00
2.948000e-05	-1.196815e-02	4.506238e+00
2.949000e-05	-9.269896e-03	4.338945e+00
2.950000e-05	-8.910435e-03	4.150744e+00
2.951000e-05	-1.031228e-02	3.970444e+00
2.952000e-05	-1.118647e-02	3.800976e+00
2.953000e-05	-9.795468e-03	3.642033e+00
2.954000e-05	-7.532438e-03	3.445082e+00
2.955000e-05	-7.754411e-03	3.192477e+00
2.956000e-05	-1.008326e-02	3.052579e+00
2.957000e-05	-1.113288e-02	2.894133e+00
2.958000e-05	-8.695036e-03	2.706720e+00
2.959000e-05	-4.653882e-03	2.483559e+00
2.960000e-05	-6.279666e-03	2.283660e+00
2.961000e-05	-9.250964e-03	2.095212e+00
2.962000e-05	-8.313438e-03	1.936792e+00
2.963000e-05	-5.782000e-03	1.716214e+00
2.964000e-05	-5.732968e-03	1.507891e+00
2.965000e-05	-7.078972e-03	1.286317e+00
2.966000e-05	-8.842586e-03	1.095712e+00
2.967000e-05	-6.805901e-03	8.224791e-01
2.968000e-05	-4.475173e-03	7.035829e-01
2.969000e-05	-3.795697e-03	5.036815e-01
2.970000e-05	-7.289008e-03	2.972418e-01
2.971000e-05	-7.287402e-03	1.030578e-01
2.972000e-05	-1.657888e-03	-8.528929e-02
2.973000e-05	7.293135e-03	-2.832582e-01
2.974000e-05	1.786887e-04	-4.416303e-01
2.975000e-05	-1.918262e-03	-6.541819e-01
2.976000e-05	-1.059418e-03	-8.616315e-01
2.977000e-05	2.427321e-03	-9.594976e-01
2.978000e-05	4.338025e-04	-1.147445e+00
2.979000e-05	8.917124e-03	-1.390019e+00
2.980000e-05	7.136942e-02	-1.570071e+00
2.981000e-05	6.001574e-02	-1.812173e+00
2.982000e-05	-5.171480e-02	-2.103905e+00
2.983000e-05	-2.035022e-02	-2.377470e+00
2.984000e-05	-1.066680e-01	-2.496340e+00
2.985000e-05	3.156973e-02	-2.578969e+00
2.986000e-05	1.049775e-01	-2.663212e+00
2.987000e-05	-1.675611e-01	-2.966569e+00
2.988000e-05	1.098451e-01	-3.158472e+00
2.989000e-05	6.707465e-02	-3.263281e+00
2.990000e-05	-1.577003e-01	-3.517411e+00
2.991000e-05	1.357150e-01	-3.611627e+00
2.992000e-05	-3.605654e-02	-3.833808e+00
2.993000e-05	-1.047395e-01	-4.053808e+00
2.994000e-05	1.275077e-01	-4.191023e+00
2.995000e-05	-7.339714e-02	-4.400574e+00
2.996000e-05	8.021358e-02	-4.599523e+00
2.997000e-05	4.472622e-02	-4.745415e+00
2.998000e-05	-1.205584e-01	-4.989545e+00
2.999000e-05	1.135794e-01	-5.145365e+00
3.000000e-05	-8.236282e-02	-5.367916e+00
3.001000e-05	3.383801e-02	-5.597947e+00
3.002000e-05	4.129018e-02	-5.705808e+00
3.003000e-05	-5.055627e-02	-5.924861e+00
3.004000e-05	9.495410e-02	-5.999550e+00
3.005000e-05	-7.728733e-02	-6.222128e+00
3.006000e-05	5.802526e-02	-6.399523e+00
3.007000e-05	-1.497975e-02	-6.516387e+00
3.008000e-05	-4.138165e-02	-6.705835e+00
3.009000e-05	1.018506e-01	-6.810575e+00
3.010000e-05	-6.385633e-02	-6.983142e+00
3.011000e-05	6.710182e-02	-7.177494e+00
3.012000e-05	-3.121178e-02	-7.314310e+00
3.013000e-05	1.109765e-03	-7.471606e+00
3.014000e-05	4.224513e-02	-7.548515e+00
3.015000e-05	-3.964615e-02	-7.739945e+00
3.016000e-05	5.735614e-02	-7.927887e+00
3.017000e-05	-4.102741e-02	-8.021203e+00
3.018000e-05	5.603021e-02	-8.136862e+00
3.019000e-05	-5.000650e-03	-8.235756e+00
3.020000e-05	2.266039e-03	-8.377897e+00
3.021000e-05	1.715432e-02	-8.465631e+00
3.022000e-05	-1.907500e-02	-8.633197e+00
3.023000e-05	4.646713e-02	-8.739492e+00
3.024000e-05	-1.317478e-02	-8.853128e+00
3.025000e-05	2.553842e-02	-8.936912e+00
3.026000e-05	-5.342713e-03	-9.032226e+00
3.027000e-05	1.821401e-02	-9.127361e+00
3.028000e-05	1.773658e-02	-9.210549e+00
3.029000e-05	-3.461484e-04	-9.303766e+00
3.030000e-05	1.444729e-02	-9.380519e+00
3.031000e-05	-1.178468e-03	-9.495912e+00
3.032000e-05	2.825272e-02	-9.570572e+00
3.033000e-05	5.381858e-03	-9.661730e+00
3.034000e-05	1.475637e-02	-9.727887e+00
3.035000e-05	4.733223e-03	-9.780517e+00
3.036000e-05	1.436329e-02	-9.863229e+00
3.037000e-05	1.674986e-02	-9.916286e+00
3.038000e-05	8.836602e-03	-9.939418e+00
3.039000e-05	1.229156e-02	-1.001050e+01
3.040000e-05	9.704654e-03	-1.005312e+01
3.041000e-05	2.239201e-02	-1.008426e+01
3.042000e-05	1.203107e-02	-1.014941e+01
3.043000e-05	1.353249e-02	-1.022006e+01
3.044000e-05	7.480983e-03	-1.022267e+01
3.045000e-05	1.548251e-02	-1.024421e+01
3.046000e-05	1.895214e-02	-1.025578e+01
3.047000e-05	1.810236e-02	-1.032631e+01
3.048000e-05	1.584422e-02	-1.038844e+01
3.049000e-05	1.467719e-02	-1.031937e+01
3.050000e-05	1.803230e-02	-1.037995e+01
3.051000e-05	1.814630e-02	-1.040042e+01
3.052000e-05	1.670060e-02	-1.036950e+01
3.053000e-05	1.466629e-02	-1.035902e+01
3.054000e-05	2.069287e-02	-1.035800e+01
3.055000e-05	2.274988e-02	-1.037001e+01
3.056000e-05	2.265652e-02	-1.033845e+01
3.057000e-05	2.136946e-02	-1.034886e+01
3.058000e-05	1.970351e-02	-1.032729e+01
3.059000e-05	2.437896e-02	-1.028576e+01
3.060000e-05	2.577527e-02	-1.025421e+01
3.061000e-05	2.511597e-02	-1.019195e+01
3.062000e-05	2.472311e-02	-1.018937e+01
3.063000e-05	2.838857e-02	-1.013579e+01
3.064000e-05	3.244105e-02	-1.007408e+01
3.065000e-05	3.045186e-02	-1.000255e+01
3.066000e-05	2.839154e-02	-9.969897e+00
3.067000e-05	2.918024e-02	-9.936739e+00
3.068000e-05	3.515051e-02	-9.875731e+00
3.069000e-05	3.707305e-02	-9.781550e+00
3.070000e-05	3.584549e-02	-9.768419e+00
3.071000e-05	3.527768e-02	-9.685735e+00
3.072000e-05	3.755833e-02	-9.652604e+00
3.073000e-05	4.079212e-02	-9.539449e+00
3.074000e-05	4.042122e-02	-9.485760e+00
3.075000e-05	3.617503e-02	-9.411522e+00
3.076000e-05	3.529575e-02	-9.306156e+00
3.077000e-05	3.644649e-02	-9.170446e+00
3.078000e-05	3.702211e-02	-9.126711e+00
3.079000e-05	3.232511e-02	-9.020000e+00
3.080000e-05	2.687937e-02	-8.917186e+00
3.081000e-05	2.602035e-02	-8.831902e+00
3.082000e-05	2.598337e-02	-8.744765e+00
3.083000e-05	2.420577e-02	-8.600395e+00
3.084000e-05	1.928744e-02	-8.473527e+00
3.085000e-05	1.703205e-02	-8.368416e+00
3.086000e-05	1.689929e-02	-8.273604e+00
3.087000e-05	1.735299e-02	-8.118265e+00
3.088000e-05	1.333614e-02	-8.041075e+00
3.089000e-05	1.047196e-02	-7.885114e+00
3.090000e-05	1.130645e-02	-7.747135e+00
3.091000e-05	1.093495e-02	-7.578321e+00
3.092000e-05	9.642225e-03	-7.402075e+00
3.093000e-05	7.003816e-03	-7.304133e+00
3.094000e-05	6.979712e-03	-7.158822e+00
3.095000e-05	8.359498e-03	-6.990552e+00
3.096000e-05	5.790604e-03	-6.841953e+00
3.097000e-05	4.970011e-03	-6.693612e+00
3.098000e-05	1.980955e-03	-6.547813e+00
3.099000e-05	5.980356e-03	-6.399949e+00
3.100000e-05	3.996855e-03	-6.293504e+00
3.101000e-05	4.888716e-03	-6.073505e+00
3.102000e-05	9.063427e-04	-5.895634e+00
3.103000e-05	1.717540e-03	-5.768339e+00
3.104000e-05	4.917559e-04	-5.630470e+00
3.105000e-05	1.849759e-03	-5.428869e+00
3.106000e-05	-6.426218e-04	-5.199918e+00
3.107000e-05	-1.604970e-03	-5.020504e+00
3.108000e-05	-3.371163e-04	-4.840917e+00
3.109000e-05	5.881577e-04	-4.598923e+00
3.110000e-05	8.404033e-04	-4.453528e+00
3.111000e-05	-2.201942e-03	-4.325159e+00
3.112000e-05	-1.415977e-03	-4.138840e+00
3.113000e-05	-4.823198e-03	-3.968448e+00
3.114000e-05	-1.658838e-03	-3.780746e+00
3.115000e-05	-5.299954e-03	-3.577322e+00
3.116000e-05	-2.529598e-03	-3.400898e+00
3.117000e-05	-4.397342e-03	-3.222973e+00
3.118000e-05	-4.044914e-04	-3.030424e+00
3.119000e-05	-4.106228e-03	-2.801476e+00
3.120000e-05	-4.073956e-03	-2.670582e+00
3.121000e-05	-6.530240e-03	-2.492506e+00
3.122000e-05	-7.280838e-03	-2.284505e+00
3.123000e-05	-7.726159e-03	-2.051453e+00
3.124000e-05	-4.090355e-03	-1.903633e+00
3.125000e-05	-4.484479e-03	-1.663558e+00
3.126000e-05	-4.359550e-03	-1.455484e+00
3.127000e-05	-4.787568e-03	-1.250951e+00
3.128000e-05	-5.329888e-03	-1.052026e+00
3.129000e-05	-7.764198e-03	-8.425026e-01
3.130000e-05	-9.277293e-03	-6.704578e-01
3.131000e-05	-9.243255e-03	-4.304289e-01
3.132000e-05	-6.634800e-03	-2.520029e-01
3.133000e-05	-4.317005e-03	-5.355677e-02
3.134000e-05	1.380728e-03	9.746829e-02
3.135000e-05	-3.756148e-04	3.380211e-01
3.136000e-05	-2.147477e-03	4.753631e-01
3.137000e-05	-3.172611e-04	6.443593e-01
3.138000e-05	-4.066235e-03	8.205752e-01
3.139000e-05	-3.899027e-03	1.023332e+00
3.140000e-05	-2.796346e-03	1.243208e+00
3.141000e-05	1.813280e-02	1.402178e+00
3.142000e-05	6.983602e-02	1.676390e+00
3.143000e-05	3.143272e-02	1.945468e+00
3.144000e-05	-5.680398e-02	2.086916e+00
3.145000e-05	-3.415454e-02	2.284836e+00
3.146000e-05	-7.837062e-02	2.443254e+00
3.147000e-05	-4.387046e-02	2.569623e+00
3.148000e-05	1.188588e-01	2.758047e+00
3.149000e-05	-1.132893e-01	2.969996e+00
3.150000e-05	-6.701757e-03	3.074388e+00
3.151000e-05	1.389828e-01	3.304912e+00
3.152000e-05	-1.175081e-01	3.538469e+00
3.153000e-05	2.535698e-02	3.654678e+00
3.154000e-05	1.899594e-02	3.833308e+00
3.155000e-05	-1.007991e-01	4.031207e+00
3.156000e-05	4.866625e-02	4.213253e+00
3.157000e-05	4.684309e-03	4.424332e+00
3.158000e-05	-1.010982e-02	4.571601e+00
3.159000e-05	3.045312e-02	4.790598e+00
3.160000e-05	-6.082366e-02	5.012199e+00
3.161000e-05	1.784328e-02	5.212229e+00
3.162000e-05	-2.536619e-02	5.382752e+00
3.163000e-05	-3.655617e-03	5.558046e+00
3.164000e-05	-1.563658e-05	5.747967e+00
3.165000e-05	-8.178793e-03	5.917991e+00
3.166000e-05	2.156091e-02	6.063361e+00
3.167000e-05	-4.003312e-02	6.252231e+00
3.168000e-05	6.041671e-03	6.350021e+00
3.169000e-05	-1.848982e-02	6.519040e+00
3.170000e-05	-2.601331e-02	6.726542e+00
3.171000e-05	2.588274e-02	6.874281e+00
3.172000e-05	-1.378195e-02	6.991653e+00
3.173000e-05	-6.245493e-03	7.117416e+00
3.174000e-05	-1.565921e-02	7.294757e+00
3.175000e-05	-1.390219e-02	7.384304e+00
3.176000e-05	3.698573e-04	7.570592e+00
3.177000e-05	-2.136991e-02	7.718517e+00
3.178000e-05	-1.313931e-03	7.886932e+00
3.179000e-05	-2.368223e-02	8.033303e+00
3.180000e-05	6.658140e-03	8.161072e+00
3.181000e-05	-7.981335e-03	8.284881e+00
3.182000e-05	-1.722933e-02	8.390598e+00
3.183000e-05	-1.695973e-02	8.455886e+00
3.184000e-05	-1.861548e-02	8.588598e+00
3.185000e-05	-2.485162e-04	8.674355e+00
3.186000e-05	-1.332842e-02	8.749466e+00
3.187000e-05	-1.165809e-02	8.856281e+00
3.188000e-05	-1.703412e-02	8.961696e+00
3.189000e-05	-9.379460e-03	9.107439e+00
3.190000e-05	-8.095600e-03	9.173074e+00
3.191000e-05	-1.803600e-02	9.275809e+00
3.192000e-05	-2.099194e-02	9.338019e+00
3.193000e-05	-1.740357e-02	9.453807e+00
3.194000e-05	-8.479004e-03	9.496437e+00
3.195000e-05	-1.295689e-02	9.560495e+00
3.196000e-05	-1.801949e-02	9.673178e+00
3.197000e-05	-1.859500e-02	9.727437e+00
3.198000e-05	-1.541423e-02	9.793146e+00
3.199000e-05	-1.446627e-02	9.865831e+00
3.200000e-05	-2.033079e-02	9.947392e+00
3.201000e-05	-2.162646e-02	9.939574e+00
3.202000e-05	-1.832437e-02	1.000368e+01
3.203000e-05	-1.272003e-02	1.006523e+01
3.204000e-05	-1.697966e-02	1.009681e+01
3.205000e-05	-2.363091e-02	1.012839e+01
3.206000e-05	-2.523626e-02	1.012902e+01
3.207000e-05	-2.008635e-02	1.016962e+01
3.208000e-05	-1.800763e-02	1.021062e+01
3.209000e-05	-2.184112e-02	1.023121e+01
3.210000e-05	-2.606125e-02	1.024518e+01
3.211000e-05	-2.406061e-02	1.021470e+01
3.212000e-05	-2.136212e-02	1.026178e+01
3.213000e-05	-2.273710e-02	1.023573e+01
3.214000e-05	-2.704578e-02	1.025526e+01
3.215000e-05	-3.077628e-02	1.025623e+01
3.216000e-05	-2.585202e-02	1.024415e+01
3.217000e-05	-2.413526e-02	1.025373e+01
3.218000e-05	-2.726239e-02	1.021423e+01
3.219000e-05	-3.162465e-02	1.023370e+01
3.220000e-05	-3.339444e-02	1.019158e+01
3.221000e-05	-3.125783e-02	1.018192e+01
3.222000e-05	-3.131932e-02	1.013839e+01
3.223000e-05	-3.435139e-02	1.009734e+01
3.224000e-05	-3.747501e-02	1.009676e+01
3.225000e-05	-3.548864e-02	1.004266e+01
3.226000e-05	-3.477060e-02	1.001100e+01
3.227000e-05	-3.781573e-02	9.928944e+00
3.228000e-05	-4.284713e-02	9.906813e+00
3.229000e-05	-4.353937e-02	9.832154e+00
3.230000e-05	-4.162299e-02	9.758014e+00
3.231000e-05	-4.156253e-02	9.675808e+00
3.232000e-05	-4.613718e-02	9.540026e+00
3.233000e-05	-4.871785e-02	9.527343e+00
3.234000e-05	-4.737840e-02	9.455630e+00
3.235000e-05	-4.546632e-02	9.370524e+00
3.236000e-05	-4.541718e-02	9.287315e+00
3.237000e-05	-4.820503e-02	9.233580e+00
3.238000e-05	-4.656512e-02	9.197970e+00
3.239000e-05	-4.256910e-02	9.044682e+00
3.240000e-05	-3.854025e-02	8.931364e+00
3.241000e-05	-3.892803e-02	8.814680e+00
3.242000e-05	-3.929556e-02	8.717416e+00
3.243000e-05	-3.554705e-02	8.613582e+00
3.244000e-05	-2.965731e-02	8.528916e+00
3.245000e-05	-2.910067e-02	8.423603e+00
3.246000e-05	-2.867328e-02	8.339344e+00
3.247000e-05	-2.967386e-02	8.223544e+00
3.248000e-05	-2.354382e-02	8.075187e+00
3.249000e-05	-2.270163e-02	7.939866e+00
3.250000e-05	-2.146863e-02	7.853581e+00
3.251000e-05	-2.476949e-02	7.695688e+00
3.252000e-05	-2.180599e-02	7.551947e+00
3.253000e-05	-1.911394e-02	7.343424e+00
3.254000e-05	-1.765875e-02	7.241554e+00
3.255000e-05	-1.906735e-02	7.096315e+00
3.256000e-05	-1.879960e-02	6.958921e+00
3.257000e-05	-1.697689e-02	6.801528e+00
3.258000e-05	-1.493631e-02	6.706632e+00
3.259000e-05	-1.634979e-02	6.486185e+00
3.260000e-05	-1.679442e-02	6.347868e+00
3.261000e-05	-1.461587e-02	6.191425e+00
3.262000e-05	-1.239364e-02	6.063082e+00
3.263000e-05	-1.160107e-02	5.917188e+00
3.264000e-05	-1.381465e-02	5.726685e+00
3.265000e-05	-1.349648e-02	5.528821e+00
3.266000e-05	-1.198484e-02	5.380446e+00
3.267000e-05	-1.044017e-02	5.189402e+00
3.268000e-05	-1.119990e-02	4.981421e+00
3.269000e-05	-1.221140e-02	4.770420e+00
3.270000e-05	-1.243018e-02	4.590929e+00
3.271000e-05	-9.557074e-03	4.464055e+00
3.272000e-05	-1.000036e-02	4.276165e+00
3.273000e-05	-1.063155e-02	4.044105e+00
3.274000e-05	-1.138533e-02	3.887689e+00
3.275000e-05	-9.600828e-03	3.707742e+00
3.276000e-05	-6.852382e-03	3.559995e+00
3.277000e-05	-7.734244e-03	3.338897e+00
3.278000e-05	-9.486542e-03	3.168394e+00
3.279000e-05	-9.136942e-03	2.980474e+00
3.280000e-05	-8.787757e-03	2.831550e+00
3.281000e-05	-8.469754e-03	2.634075e+00
3.282000e-05	-8.446362e-03	2.400948e+00
3.283000e-05	-8.691086e-03	2.230976e+00
3.284000e-05	-5.698601e-03	2.032104e+00
3.285000e-05	-5.236793e-03	1.833108e+00
3.286000e-05	-5.506806e-03	1.572977e+00
3.287000e-05	-7.678775e-03	1.422527e+00
3.288000e-05	-8.302150e-03	1.242533e+00
3.289000e-05	-7.617956e-03	9.414024e-01
3.290000e-05	-6.609772e-03	7.803748e-01
3.291000e-05	-5.998599e-03	5.709260e-01
3.292000e-05	-4.664203e-03	4.010288e-01
3.293000e-05	-2.985979e-03	1.824289e-01
3.294000e-05	-1.822766e-03	-5.251941e-04
3.295000e-05	1.313059e-03	-1.579724e-01
3.296000e-05	1.870546e-03	-3.673947e-01
3.297000e-05	-3.851367e-03	-4.748607e-01
3.298000e-05	8.164447e-04	-7.683647e-01
3.299000e-05	-9.459364e-04	-8.963144e-01
3.300000e-05	1.438252e-03	-1.091704e+00
3.301000e-05	8.835819e-04	-1.241603e+00
3.302000e-05	2.823863e-02	-1.483809e+00
3.303000e-05	9.913092e-02	-1.673232e+00
3.304000e-05	-4.942372e-03	-1.945893e+00
3.305000e-05	-3.891919e-02	-2.248805e+00
3.306000e-05	-4.964533e-02	-2.462132e+00
3.307000e-05	-9.952893e-02	-2.556919e+00
3.308000e-05	1.341418e-01	-2.577477e+00
3.309000e-05	-2.613900e-02	-2.787069e+00
3.310000e-05	-1.084817e-01	-3.085813e+00
3.311000e-05	1.993149e-01	-3.218475e+00
3.312000e-05	-7.747099e-02	-3.347045e+00
3.313000e-05	-5.936569e-02	-3.598495e+00
3.314000e-05	1.370077e-01	-3.732782e+00
3.315000e-05	-1.474132e-01	-3.955994e+00
3.316000e-05	1.742944e-02	-4.145842e+00
3.317000e-05	7.513897e-02	-4.303682e+00
3.318000e-05	-7.784685e-02	-4.494358e+00
3.319000e-05	1.493235e-01	-4.682052e+00
3.320000e-05	-7.913078e-02	-4.841228e+00
3.321000e-05	-1.433489e-02	-5.063608e+00
3.322000e-05	6.893093e-02	-5.201571e+00
3.323000e-05	-1.053668e-01	-5.464309e+00
3.324000e-05	1.076721e-01	-5.630549e+00
3.325000e-05	-4.724259e-02	-5.789096e+00
3.326000e-05	3.457794e-02	-5.946917e+00
3.327000e-05	3.667261e-02	-6.043230e+00
3.328000e-05	-6.498120e-02	-6.304362e+00
3.329000e-05	8.907444e-02	-6.463129e+00
3.330000e-05	-8.698929e-02	-6.539569e+00
3.331000e-05	5.410296e-02	-6.756865e+00
3.332000e-05	3.266473e-02	-6.872178e+00
3.333000e-05	-3.971359e-02	-7.085333e+00
3.334000e-05	7.132489e-02	-7.218523e+00
3.335000e-05	-7.219632e-02	-7.367367e+00
3.336000e-05	6.809194e-02	-7.491830e+00
3.337000e-05	-2.151694e-02	-7.630102e+00
3.338000e-05	1.312912e-02	-7.829696e+00
3.339000e-05	2.038547e-02	-7.927018e+00
3.340000e-05	-2.206030e-02	-8.094232e+00
3.341000e-05	6.256312e-02	-8.177976e+00
3.342000e-05	-3.695983e-02	-8.296313e+00
3.343000e-05	3.763500e-02	-8.429550e+00
3.344000e-05	-1.995931e-02	-8.528866e+00
3.345000e-05	1.887254e-02	-8.685805e+00
3.346000e-05	2.205650e-02	-8.778475e+00
3.347000e-05	-4.700417e-03	-8.885708e+00
3.348000e-05	2.310872e-02	-8.949544e+00
3.349000e-05	-8.786592e-03	-9.054759e+00
3.350000e-05	3.209127e-02	-9.137891e+00
3.351000e-05	-5.039111e-04	-9.253552e+00
3.352000e-05	1.155544e-02	-9.357911e+00
3.353000e-05	3.164713e-03	-9.423701e+00
3.354000e-05	1.202782e-02	-9.458940e+00
3.355000e-05	2.165190e-02	-9.602577e+00
3.356000e-05	4.930989e-03	-9.715731e+00
3.357000e-05	1.534353e-02	-9.728417e+00
3.358000e-05	3.845204e-03	-9.841525e+00
3.359000e-05	1.957183e-02	-9.883253e+00
3.360000e-05	1.041679e-02	-9.906911e+00
3.361000e-05	1.165474e-02	-9.958450e+00
3.362000e-05	9.514253e-03	-1.002303e+01
3.363000e-05	1.688871e-02	-1.005371e+01
3.364000e-05	1.974074e-02	-1.011528e+01
3.365000e-05	1.207651e-02	-1.016934e+01
3.366000e-05	1.143013e-02	-1.019299e+01
3.367000e-05	7.300560e-03	-1.023310e+01
3.368000e-05	1.839362e-02	-1.023630e+01
3.369000e-05	1.741100e-02	-1.026683e+01
3.370000e-05	1.781328e-02	-1.032787e+01
3.371000e-05	1.473703e-02	-1.031787e+01
3.372000e-05	1.693909e-02	-1.036845e+01
3.373000e-05	1.962142e-02	-1.035947e+01
3.374000e-05	1.818323e-02	-1.037950e+01
3.375000e-05	1.477914e-02	-1.040147e+01
3.376000e-05	1.520993e-02	-1.044045e+01
3.377000e-05	2.265040e-02	-1.032997e+01
3.378000e-05	2.428299e-02	-1.036799e+01
3.379000e-05	2.293720e-02	-1.035942e+01
3.380000e-05	1.994808e-02	-1.033738e+01
3.381000e-05	1.943132e-02	-1.027571e+01
3.382000e-05	2.629118e-02	-1.030571e+01
3.383000e-05	2.559571e-02	-1.021350e+01
3.384000e-05	2.662645e-02	-1.019254e+01
3.385000e-05	2.481576e-02	-1.016938e+01
3.386000e-05	2.918270e-02	-1.007626e+01
3.387000e-05	3.093643e-02	-1.009248e+01
3.388000e-05	2.961514e-02	-1.002095e+01
3.389000e-05	2.875800e-02	-9.958390e+00
3.390000e-05	3.065137e-02	-9.927335e+00
3.391000e-05	3.592872e-02	-9.873133e+00
3.392000e-05	3.699525e-02	-9.791548e+00
3.393000e-05	3.616026e-02	-9.727289e+00
3.394000e-05	3.612379e-02	-9.675657e+00
3.395000e-05	3.803111e-02	-9.620977e+00
3.396000e-05	4.082946e-02	-9.538345e+00
3.397000e-05	3.843832e-02	-9.476230e+00
3.398000e-05	3.631994e-02	-9.359266e+00
3.399000e-05	3.535095e-02	-9.263078e+00
3.400000e-05	3.664283e-02	-9.148869e+00
3.401000e-05	3.548690e-02	-9.094629e+00
3.402000e-05	3.167426e-02	-8.948941e+00
3.403000e-05	2.733759e-02	-8.883579e+00
3.404000e-05	2.599224e-02	-8.769898e+00
3.405000e-05	2.437266e-02	-8.695083e+00
3.406000e-05	2.252663e-02	-8.565793e+00
3.407000e-05	1.775508e-02	-8.431052e+00
3.408000e-05	1.603227e-02	-8.325786e+00
3.409000e-05	1.603463e-02	-8.231474e+00
3.410000e-05	1.669901e-02	-8.095208e+00
3.411000e-05	1.553092e-02	-7.980446e+00
3.412000e-05	1.032397e-02	-7.799552e+00
3.413000e-05	1.040847e-02	-7.662005e+00
3.414000e-05	1.085730e-02	-7.557261e+00
3.415000e-05	1.057026e-02	-7.387847e+00
3.416000e-05	7.595322e-03	-7.211981e+00
3.417000e-05	5.794124e-03	-7.117292e+00
3.418000e-05	6.314558e-03	-6.967812e+00
3.419000e-05	7.882280e-03	-6.779397e+00
3.420000e-05	5.950249e-03	-6.642528e+00
3.421000e-05	4.742147e-03	-6.495233e+00
3.422000e-05	3.509818e-03	-6.349421e+00
3.423000e-05	3.978951e-03	-6.170817e+00
3.424000e-05	3.410415e-03	-6.009925e+00
3.425000e-05	1.803933e-03	-5.853550e+00
3.426000e-05	6.429497e-04	-5.704608e+00
3.427000e-05	3.799612e-04	-5.566738e+00
3.428000e-05	1.393223e-03	-5.315211e+00
3.429000e-05	9.741796e-04	-5.135238e+00
3.430000e-05	6.823332e-05	-4.976715e+00
3.431000e-05	1.224130e-03	-4.693637e+00
3.432000e-05	-2.913018e-03	-4.566770e+00
3.433000e-05	4.563607e-04	-4.399899e+00
3.434000e-05	-1.553024e-03	-4.219453e+00
3.435000e-05	1.517355e-03	-4.063029e+00
3.436000e-05	-4.598461e-03	-3.915638e+00
3.437000e-05	-2.011989e-03	-3.744608e+00
3.438000e-05	-6.471036e-03	-3.506283e+00
3.439000e-05	-2.617283e-03	-3.324737e+00
3.440000e-05	-3.983279e-03	-3.167820e+00
3.441000e-05	-1.375013e-03	-2.964111e+00
3.442000e-05	-4.486563e-03	-2.758370e+00
3.443000e-05	-2.194260e-03	-2.568814e+00
3.444000e-05	-6.427029e-03	-2.428475e+00
3.445000e-05	-5.866959e-03	-2.197392e+00
3.446000e-05	-8.773704e-03	-1.999295e+00
3.447000e-05	-6.138772e-03	-1.789949e+00
3.448000e-05	-4.962196e-03	-1.620975e+00
3.449000e-05	-3.906410e-03	-1.376271e+00
3.450000e-05	-4.994469e-03	-1.147218e+00
3.451000e-05	-6.190191e-03	-9.987724e-01
3.452000e-05	-6.474174e-03	-7.692709e-01
3.453000e-05	-8.066419e-03	-5.452448e-01
3.454000e-05	-7.550408e-03	-3.572972e-01
3.455000e-05	-8.019515e-03	-1.983961e-01
3.456000e-05	-3.767748e-03	-9.927563e-03
3.457000e-05	2.960920e-03	1.596239e-01
3.458000e-05	-1.310061e-03	4.000752e-01
3.459000e-05	1.098576e-03	5.270448e-01
3.460000e-05	-2.926164e-03	7.579196e-01
3.461000e-05	-2.185604e-03	8.544817e-01
3.462000e-05	-4.043626e-03	1.148467e+00
3.463000e-05	2.452870e-03	1.295391e+00
3.464000e-05	3.249604e-02	1.499465e+00
3.465000e-05	7.780322e-02	1.770100e+00
3.466000e-05	-1.739970e-02	2.000101e+00
3.467000e-05	-4.557593e-02	2.160121e+00
3.468000e-05	-4.419416e-02	2.378470e+00
3.469000e-05	-9.654184e-02	2.537333e+00
3.470000e-05	3.639722e-02	2.654312e+00
3.471000e-05	7.202344e-02	2.863857e+00
3.472000e-05	-1.608092e-01	3.022682e+00
3.473000e-05	1.318571e-01	3.168444e+00
3.474000e-05	2.722651e-02	3.463780e+00
3.475000e-05	-1.009890e-01	3.600496e+00
3.476000e-05	8.351645e-02	3.707438e+00
3.477000e-05	-6.619393e-02	3.939015e+00
3.478000e-05	-4.864083e-02	4.067960e+00
3.479000e-05	6.174135e-02	4.307496e+00
3.480000e-05	-2.939509e-02	4.505966e+00
3.481000e-05	2.671625e-02	4.655858e+00
3.482000e-05	-7.740316e-03	4.865363e+00
3.483000e-05	-4.474784e-02	5.087995e+00
3.484000e-05	2.468732e-02	5.308916e+00
3.485000e-05	-3.589438e-02	5.464783e+00
3.486000e-05	1.736900e-02	5.612653e+00
3.487000e-05	-2.358319e-02	5.812679e+00
3.488000e-05	1.652722e-02	5.991100e+00
3.489000e-05	-5.443530e-03	6.117469e+00
3.490000e-05	-3.224118e-02	6.308810e+00
3.491000e-05	1.632764e-02	6.401730e+00
3.492000e-05	-4.309669e-02	6.624176e+00
3.493000e-05	6.995313e-03	6.750121e+00
3.494000e-05	1.380776e-02	6.927389e+00
3.495000e-05	-1.643527e-02	7.052734e+00
3.496000e-05	-5.893531e-03	7.199494e+00
3.497000e-05	-2.365518e-02	7.317489e+00
3.498000e-05	-1.767657e-03	7.516833e+00
3.499000e-05	-1.228806e-02	7.621751e+00
3.500000e-05	-9.945351e-03	7.790573e+00
3.501000e-05	-1.175677e-02	7.950069e+00
3.502000e-05	-1.607284e-02	8.077838e+00
3.503000e-05	9.609059e-03	8.201729e+00
3.504000e-05	-1.703378e-02	8.337414e+00
3.505000e-05	-1.443632e-02	8.422679e+00
3.506000e-05	-2.155386e-02	8.527461e+00
3.507000e-05	-1.086966e-02	8.603652e+00
3.508000e-05	-4.264403e-03	8.686837e+00
3.509000e-05	-1.368393e-02	8.790649e+00
3.510000e-05	-1.322333e-02	8.908912e+00
3.511000e-05	-1.621279e-02	9.034754e+00
3.512000e-05	-6.506763e-03	9.147967e+00
3.513000e-05	-1.207495e-02	9.244705e+00
3.514000e-05	-1.968180e-02	9.266888e+00
3.515000e-05	-2.006465e-02	9.371051e+00
3.516000e-05	-1.422735e-02	9.464757e+00
3.517000e-05	-7.893325e-03	9.507968e+00
3.518000e-05	-1.707973e-02	9.571073e+00
3.519000e-05	-1.903256e-02	9.665783e+00
3.520000e-05	-1.785825e-02	9.778465e+00
3.521000e-05	-1.399941e-02	9.784275e+00
3.522000e-05	-1.544691e-02	9.875888e+00
3.523000e-05	-2.111367e-02	9.897992e+00
3.524000e-05	-2.024098e-02	1.000108e+01
3.525000e-05	-1.733256e-02	1.000318e+01
3.526000e-05	-1.332749e-02	1.006676e+01
3.527000e-05	-2.076930e-02	1.010831e+01
3.528000e-05	-2.418555e-02	1.014709e+01
3.529000e-05	-2.406019e-02	1.014950e+01
3.530000e-05	-1.836967e-02	1.014160e+01
3.531000e-05	-1.862192e-02	1.024225e+01
3.532000e-05	-2.380536e-02	1.021371e+01
3.533000e-05	-2.519632e-02	1.021420e+01
3.534000e-05	-2.351606e-02	1.027481e+01
3.535000e-05	-2.182919e-02	1.025426e+01
3.536000e-05	-2.389846e-02	1.029626e+01
3.537000e-05	-2.913486e-02	1.025528e+01
3.538000e-05	-2.912946e-02	1.031673e+01
3.539000e-05	-2.428037e-02	1.024523e+01
3.540000e-05	-2.461905e-02	1.023528e+01
3.541000e-05	-2.877676e-02	1.021473e+01
3.542000e-05	-3.331541e-02	1.021165e+01
3.543000e-05	-3.290238e-02	1.016017e+01
3.544000e-05	-3.090609e-02	1.014942e+01
3.545000e-05	-3.185046e-02	1.014737e+01
3.546000e-05	-3.502999e-02	1.008834e+01
3.547000e-05	-3.746765e-02	1.007426e+01
3.548000e-05	-3.731292e-02	1.002320e+01
3.549000e-05	-3.642083e-02	9.978451e+00
3.550000e-05	-3.927769e-02	9.938897e+00
3.551000e-05	-4.231558e-02	9.894707e+00
3.552000e-05	-4.336832e-02	9.811199e+00
3.553000e-05	-4.211706e-02	9.696841e+00
3.554000e-05	-4.340563e-02	9.624207e+00
3.555000e-05	-4.551133e-02	9.569446e+00
3.556000e-05	-4.815931e-02	9.506311e+00
3.557000e-05	-4.838976e-02	9.442606e+00
3.558000e-05	-4.603833e-02	9.348941e+00
3.559000e-05	-4.699067e-02	9.276211e+00
3.560000e-05	-4.727810e-02	9.222075e+00
3.561000e-05	-4.634950e-02	9.138842e+00
3.562000e-05	-4.109079e-02	9.013585e+00
3.563000e-05	-3.861561e-02	8.895311e+00
3.564000e-05	-3.745314e-02	8.781573e+00
3.565000e-05	-3.793811e-02	8.696285e+00
3.566000e-05	-3.422811e-02	8.621545e+00
3.567000e-05	-3.053053e-02	8.486761e+00
3.568000e-05	-2.680989e-02	8.380074e+00
3.569000e-05	-2.840429e-02	8.308861e+00
3.570000e-05	-2.757320e-02	8.150996e+00
3.571000e-05	-2.431821e-02	8.013006e+00
3.572000e-05	-2.207159e-02	7.848813e+00
3.573000e-05	-2.166742e-02	7.761946e+00
3.574000e-05	-2.214034e-02	7.652708e+00
3.575000e-05	-2.130856e-02	7.547318e+00
3.576000e-05	-1.925545e-02	7.338869e+00
3.577000e-05	-1.790262e-02	7.170949e+00
3.578000e-05	-1.823535e-02	7.044107e+00
3.579000e-05	-1.880117e-02	6.874786e+00
3.580000e-05	-1.838974e-02	6.770924e+00
3.581000e-05	-1.583135e-02	6.593032e+00
3.582000e-05	-1.429097e-02	6.413530e+00
3.583000e-05	-1.477440e-02	6.285710e+00
3.584000e-05	-1.376128e-02	6.157895e+00
3.585000e-05	-1.418798e-02	6.031450e+00
3.586000e-05	-1.234814e-02	5.864088e+00
3.587000e-05	-1.249364e-02	5.633655e+00
3.588000e-05	-1.285864e-02	5.474159e+00
3.589000e-05	-1.332269e-02	5.276817e+00
3.590000e-05	-1.223741e-02	5.087192e+00
3.591000e-05	-1.067458e-02	4.892237e+00
3.592000e-05	-1.101769e-02	4.727763e+00
3.593000e-05	-1.062721e-02	4.557320e+00
3.594000e-05	-1.091477e-02	4.380451e+00
3.595000e-05	-1.014138e-02	4.210448e+00
3.596000e-05	-1.033115e-02	3.989497e+00
3.597000e-05	-1.013094e-02	3.831553e+00
3.598000e-05	-9.858058e-03	3.634683e+00
3.599000e-05	-9.640089e-03	3.496191e+00
3.600000e-05	-8.737342e-03	3.255579e+00
3.601000e-05	-8.320050e-03	3.056661e+00
3.602000e-05	-8.944066e-03	2.916714e+00
3.603000e-05	-8.054479e-03	2.769946e+00
3.604000e-05	-7.863507e-03	2.506214e+00
3.605000e-05	-7.093272e-03	2.326743e+00
3.606000e-05	-7.655765e-03	2.119263e+00
3.607000e-05	-7.677872e-03	1.979924e+00
3.608000e-05	-7.252004e-03	1.770371e+00
3.609000e-05	-7.230955e-03	1.549870e+00
3.610000e-05	-6.742734e-03	1.329795e+00
3.611000e-05	-6.869199e-03	1.159320e+00
3.612000e-05	-6.110927e-03	9.052892e-01
3.613000e-05	-5.800016e-03	7.273146e-01
3.614000e-05	-5.120089e-03	5.166632e-01
3.615000e-05	-5.018653e-03	3.584246e-01
3.616000e-05	-4.853399e-03	8.524203e-02
3.617000e-05	-3.797967e-03	-7.220671e-02
3.618000e-05	2.988279e-03	-2.517041e-01
3.619000e-05	2.220924e-03	-4.195013e-01
3.620000e-05	1.207725e-05	-6.291514e-01
3.621000e-05	4.131878e-04	-7.901015e-01
3.622000e-05	-3.968185e-04	-9.784700e-01
3.623000e-05	5.042775e-05	-1.116340e+00
3.624000e-05	4.081482e-03	-1.326488e+00
3.625000e-05	5.540019e-02	-1.537866e+00
3.626000e-05	8.746817e-02	-1.758993e+00
3.627000e-05	-4.914556e-02	-2.010698e+00
3.628000e-05	-1.946500e-02	-2.337995e+00
3.629000e-05	-8.968261e-02	-2.484233e+00
3.630000e-05	-2.859303e-02	-2.607942e+00
3.631000e-05	1.450291e-01	-2.640554e+00
3.632000e-05	-1.396670e-01	-2.875886e+00
3.633000e-05	3.198601e-02	-3.146916e+00
3.634000e-05	1.392722e-01	-3.230099e+00
3.635000e-05	-1.738969e-01	-3.463309e+00
3.636000e-05	8.184831e-02	-3.589548e+00
3.637000e-05	3.782494e-02	-3.800066e+00
3.638000e-05	-1.493859e-01	-4.041680e+00
3.639000e-05	1.171602e-01	-4.177044e+00
3.640000e-05	-3.260041e-02	-4.358970e+00
3.641000e-05	1.745542e-02	-4.568444e+00
3.642000e-05	1.098737e-01	-4.722288e+00
3.643000e-05	-1.418907e-01	-4.977399e+00
3.644000e-05	9.444632e-02	-5.144856e+00
3.645000e-05	-3.697258e-02	-5.292986e+00
3.646000e-05	-2.632062e-02	-5.507912e+00
3.647000e-05	8.743638e-02	-5.673708e+00
3.648000e-05	-7.571627e-02	-5.843754e+00
3.649000e-05	9.712518e-02	-5.978524e+00
3.650000e-05	-5.270739e-02	-6.159994e+00
3.651000e-05	1.382755e-02	-6.346499e+00
3.652000e-05	3.497813e-02	-6.485282e+00
3.653000e-05	-8.209040e-02	-6.664280e+00
3.654000e-05	1.118758e-01	-6.797974e+00
3.655000e-05	-4.871813e-02	-6.970589e+00
3.656000e-05	3.761204e-02	-7.134918e+00
3.657000e-05	9.530651e-03	-7.262154e+00
3.658000e-05	-3.737541e-02	-7.441046e+00
3.659000e-05	6.968568e-02	-7.536334e+00
3.660000e-05	-5.356313e-02	-7.736311e+00
3.661000e-05	5.727679e-02	-7.864282e+00
3.662000e-05	-2.955467e-02	-7.980121e+00
3.663000e-05	3.341924e-02	-8.136387e+00
3.664000e-05	2.050869e-02	-8.222124e+00
3.665000e-05	-1.986983e-02	-8.347416e+00
3.666000e-05	3.404783e-02	-8.432579e+00
3.667000e-05	-2.959115e-02	-8.588946e+00
3.668000e-05	4.610286e-02	-8.746912e+00
3.669000e-05	-7.876963e-03	-8.842127e+00
3.670000e-05	1.688610e-02	-8.906787e+00
3.671000e-05	4.609225e-03	-8.990551e+00
3.672000e-05	6.806139e-03	-9.097259e+00
3.673000e-05	2.698556e-02	-9.169022e+00
3.674000e-05	-6.127551e-03	-9.304785e+00
3.675000e-05	1.657086e-02	-9.358996e+00
3.676000e-05	-3.794695e-03	-9.486806e+00
3.677000e-05	2.513613e-02	-9.558999e+00
3.678000e-05	9.138786e-03	-9.644231e+00
3.679000e-05	1.175928e-02	-9.696265e+00
3.680000e-05	9.340185e-03	-9.768943e+00
3.681000e-05	9.800695e-03	-9.863103e+00
3.682000e-05	1.958566e-02	-9.914833e+00
3.683000e-05	7.081521e-03	-9.937416e+00
3.684000e-05	1.279750e-02	-9.959970e+00
3.685000e-05	8.439164e-03	-9.990654e+00
3.686000e-05	2.182317e-02	-1.014268e+01
3.687000e-05	1.434333e-02	-1.011734e+01
3.688000e-05	1.332410e-02	-1.016901e+01
3.689000e-05	8.435281e-03	-1.022054e+01
3.690000e-05	1.281648e-02	-1.025413e+01
3.691000e-05	1.997447e-02	-1.024531e+01
3.692000e-05	1.698670e-02	-1.029878e+01
3.693000e-05	1.522545e-02	-1.030794e+01
3.694000e-05	1.402640e-02	-1.036787e+01
3.695000e-05	1.986989e-02	-1.034792e+01
3.696000e-05	1.895201e-02	-1.038855e+01
3.697000e-05	1.793867e-02	-1.035805e+01
3.698000e-05	1.430158e-02	-1.037835e+01
3.699000e-05	1.920558e-02	-1.041105e+01
3.700000e-05	2.403343e-02	-1.037037e+01
3.701000e-05	2.127289e-02	-1.035942e+01
3.702000e-05	2.066567e-02	-1.031934e+01
3.703000e-05	1.876716e-02	-1.033676e+01
3.704000e-05	2.449738e-02	-1.027631e+01
3.705000e-05	2.581543e-02	-1.027371e+01
3.706000e-05	2.583592e-02	-1.020250e+01
3.707000e-05	2.357618e-02	-1.020042e+01
3.708000e-05	2.577548e-02	-1.010636e+01
3.709000e-05	3.084219e-02	-1.008371e+01
3.710000e-05	3.099464e-02	-1.003255e+01
3.711000e-05	2.794088e-02	-9.980471e+00
3.712000e-05	2.740278e-02	-9.947366e+00
3.713000e-05	3.300810e-02	-9.884233e+00
3.714000e-05	3.853037e-02	-9.883027e+00
3.715000e-05	3.638377e-02	-9.779870e+00
3.716000e-05	3.448638e-02	-9.716285e+00
3.717000e-05	3.615948e-02	-9.652106e+00
3.718000e-05	4.039722e-02	-9.560447e+00
3.719000e-05	4.088050e-02	-9.536867e+00
3.720000e-05	3.654692e-02	-9.429920e+00
3.721000e-05	3.398271e-02	-9.286660e+00
3.722000e-05	3.666380e-02	-9.230450e+00
3.723000e-05	3.747195e-02	-9.116837e+00
3.724000e-05	3.463103e-02	-9.021051e+00
3.725000e-05	2.779474e-02	-8.906787e+00
3.726000e-05	2.565497e-02	-8.862029e+00
3.727000e-05	2.606618e-02	-8.766941e+00
3.728000e-05	2.449060e-02	-8.672954e+00
3.729000e-05	1.964553e-02	-8.484632e+00
3.730000e-05	1.659108e-02	-8.378896e+00
3.731000e-05	1.679359e-02	-8.262608e+00
3.732000e-05	1.797821e-02	-8.178842e+00
3.733000e-05	1.571254e-02	-8.033078e+00
3.734000e-05	1.130793e-02	-7.945706e+00
3.735000e-05	9.460669e-03	-7.747168e+00
3.736000e-05	1.008239e-02	-7.609950e+00
3.737000e-05	1.085020e-02	-7.474583e+00
3.738000e-05	8.671156e-03	-7.295712e+00
3.739000e-05	5.552492e-03	-7.208953e+00
3.740000e-05	6.411459e-03	-7.033027e+00
3.741000e-05	7.437146e-03	-6.841582e+00
3.742000e-05	6.322859e-03	-6.747265e+00
3.743000e-05	4.456972e-03	-6.599417e+00
3.744000e-05	2.762857e-03	-6.453028e+00
3.745000e-05	3.860765e-03	-6.304682e+00
3.746000e-05	4.210112e-03	-6.105658e+00
3.747000e-05	3.225423e-03	-5.938192e+00
3.748000e-05	8.602697e-04	-5.747000e+00
3.749000e-05	-5.968821e-05	-5.681904e+00
3.750000e-05	1.254317e-03	-5.462452e+00
3.751000e-05	2.124082e-03	-5.201923e+00
3.752000e-05	-7.626337e-04	-5.072483e+00
3.753000e-05	-1.253306e-03	-4.811402e+00
3.754000e-05	-1.156135e-03	-4.661575e+00
3.755000e-05	8.870303e-04	-4.494584e+00
3.756000e-05	-4.526534e-04	-4.345317e+00
3.757000e-05	-6.937847e-04	-4.159371e+00
3.758000e-05	-4.481243e-03	-4.020500e+00
3.759000e-05	-1.383932e-03	-3.791505e+00
3.760000e-05	-2.921904e-03	-3.641874e+00
3.761000e-05	-2.258761e-03	-3.441952e+00
3.762000e-05	-4.129348e-03	-3.273055e+00
3.763000e-05	-4.246056e-03	-3.084562e+00
3.764000e-05	-3.673693e-03	-2.852553e+00
3.765000e-05	-4.385484e-03	-2.723534e+00
3.766000e-05	-3.426425e-03	-2.494638e+00
3.767000e-05	-5.680095e-03	-2.326163e+00
3.768000e-05	-4.762774e-03	-2.093631e+00
3.769000e-05	-4.995116e-03	-1.934639e+00
3.770000e-05	-5.172457e-03	-1.745766e+00
3.771000e-05	-7.843755e-03	-1.557722e+00
3.772000e-05	-6.559694e-03	-1.351983e+00
3.773000e-05	-6.404796e-03	-1.093056e+00
3.774000e-05	-5.372771e-03	-8.841355e-01
3.775000e-05	-5.954588e-03	-7.345882e-01
3.776000e-05	-6.232797e-03	-4.830279e-01
3.777000e-05	-6.630828e-03	-3.040616e-01
3.778000e-05	-6.582440e-03	-1.446106e-01
3.779000e-05	-1.350147e-03	8.373172e-02
3.780000e-05	-9.588470e-04	2.963657e-01
3.781000e-05	-3.701254e-03	4.547327e-01
3.782000e-05	2.366157e-05	6.013051e-01
3.783000e-05	-1.535926e-03	7.791238e-01
3.784000e-05	-2.421193e-03	9.701462e-01
3.785000e-05	-2.121722e-03	1.191079e+00
3.786000e-05	1.146773e-02	1.400046e+00
3.787000e-05	5.752584e-02	1.572779e+00
3.788000e-05	5.473895e-02	1.893837e+00
3.789000e-05	-5.325649e-02	2.073308e+00
3.790000e-05	-3.565723e-02	2.271810e+00
3.791000e-05	-6.471035e-02	2.421150e+00
3.792000e-05	-7.511487e-02	2.546517e+00
3.793000e-05	1.100010e-01	2.727565e+00
3.794000e-05	-4.929157e-02	2.916418e+00
3.795000e-05	-8.445871e-02	3.064283e+00
3.796000e-05	1.729259e-01	3.224754e+00
3.797000e-05	-8.882685e-02	3.507465e+00
3.798000e-05	-2.300562e-02	3.611625e+00
3.799000e-05	6.045372e-02	3.769654e+00
3.800000e-05	-1.082690e-01	3.990125e+00
3.801000e-05	2.377605e-02	4.192649e+00
3.802000e-05	2.997318e-02	4.392152e+00
3.803000e-05	-2.745221e-02	4.579522e+00
3.804000e-05	3.923356e-02	4.758592e+00
3.805000e-05	-5.178127e-02	4.971128e+00
3.806000e-05	-2.861008e-04	5.180125e+00
3.807000e-05	-5.897947e-03	5.351149e+00
3.808000e-05	-1.840914e-02	5.518471e+00
3.809000e-05	1.151699e-02	5.707411e+00
3.810000e-05	-2.103618e-02	5.876941e+00
3.811000e-05	2.841479e-02	6.043204e+00
3.812000e-05	-3.389909e-02	6.171252e+00
3.813000e-05	-7.646622e-03	6.357970e+00
3.814000e-05	-1.354296e-03	6.546911e+00
3.815000e-05	-4.042791e-02	6.696940e+00
3.816000e-05	2.783411e-02	6.852678e+00
3.817000e-05	-6.817651e-03	6.959573e+00
3.818000e-05	-9.212231e-03	7.097417e+00
3.819000e-05	-1.112587e-02	7.212306e+00
3.820000e-05	-2.149801e-02	7.360723e+00
3.821000e-05	3.261198e-03	7.587569e+00
3.822000e-05	-2.081790e-02	7.695862e+00
3.823000e-05	-1.516893e-03	7.815782e+00
3.824000e-05	-2.225067e-02	7.991673e+00
3.825000e-05	1.041878e-03	8.158069e+00
3.826000e-05	1.342619e-03	8.245782e+00
3.827000e-05	-1.873364e-02	8.328520e+00
3.828000e-05	-1.640916e-02	8.442783e+00
3.829000e-05	-2.280046e-02	8.560620e+00
3.830000e-05	-1.627248e-03	8.623808e+00
3.831000e-05	-9.574060e-03	8.719048e+00
3.832000e-05	-1.138350e-02	8.854200e+00
3.833000e-05	-1.752368e-02	8.940121e+00
3.834000e-05	-1.156511e-02	9.095411e+00
3.835000e-05	-6.125405e-03	9.151072e+00
3.836000e-05	-1.484280e-02	9.283758e+00
3.837000e-05	-2.028191e-02	9.338889e+00
3.838000e-05	-2.012684e-02	9.373703e+00
3.839000e-05	-1.005921e-02	9.516856e+00
3.840000e-05	-1.178589e-02	9.559995e+00
3.841000e-05	-1.773949e-02	9.641728e+00
3.842000e-05	-1.958036e-02	9.668885e+00
3.843000e-05	-1.580594e-02	9.770673e+00
3.844000e-05	-1.358555e-02	9.844780e+00
3.845000e-05	-1.684931e-02	9.936859e+00
3.846000e-05	-2.237491e-02	9.940045e+00
3.847000e-05	-1.970279e-02	1.001263e+01
3.848000e-05	-1.447156e-02	1.001370e+01
3.849000e-05	-1.548957e-02	1.006521e+01
3.850000e-05	-2.240302e-02	1.011736e+01
3.851000e-05	-2.524580e-02	1.014909e+01
3.852000e-05	-2.216004e-02	1.014060e+01
3.853000e-05	-1.720779e-02	1.019310e+01
3.854000e-05	-2.070860e-02	1.017420e+01
3.855000e-05	-2.593549e-02	1.025315e+01
3.856000e-05	-2.434189e-02	1.022418e+01
3.857000e-05	-2.124112e-02	1.024526e+01
3.858000e-05	-2.285257e-02	1.027426e+01
3.859000e-05	-2.732718e-02	1.027426e+01
3.860000e-05	-3.116310e-02	1.026476e+01
3.861000e-05	-2.733932e-02	1.025378e+01
3.862000e-05	-2.389358e-02	1.029415e+01
3.863000e-05	-2.567890e-02	1.023373e+01
3.864000e-05	-3.144206e-02	1.025318e+01
3.865000e-05	-3.298043e-02	1.019305e+01
3.866000e-05	-3.134473e-02	1.015944e+01
3.867000e-05	-3.043770e-02	1.018094e+01
3.868000e-05	-3.591125e-02	1.011641e+01
3.869000e-05	-3.611490e-02	1.008629e+01
3.870000e-05	-3.819507e-02	1.008471e+01
3.871000e-05	-3.302371e-02	9.972578e+00
3.872000e-05	-3.818138e-02	9.939922e+00
3.873000e-05	-3.965780e-02	9.926386e+00
3.874000e-05	-4.402520e-02	9.875158e+00
3.875000e-05	-4.087801e-02	9.770041e+00
3.876000e-05	-4.383557e-02	9.666887e+00
3.877000e-05	-4.568191e-02	9.602075e+00
3.878000e-05	-4.852182e-02	9.549368e+00
3.879000e-05	-4.678029e-02	9.465207e+00
3.880000e-05	-4.423238e-02	9.403500e+00
3.881000e-05	-4.525683e-02	9.286869e+00
3.882000e-05	-4.806361e-02	9.224630e+00
3.883000e-05	-4.913569e-02	9.159996e+00
3.884000e-05	-4.372903e-02	9.045834e+00
3.885000e-05	-4.131853e-02	8.961420e+00
3.886000e-05	-3.826479e-02	8.853629e+00
3.887000e-05	-3.830017e-02	8.747895e+00
3.888000e-05	-3.529468e-02	8.613608e+00
3.889000e-05	-3.033202e-02	8.568391e+00
3.890000e-05	-2.927559e-02	8.463632e+00
3.891000e-05	-2.940260e-02	8.357923e+00
3.892000e-05	-2.966897e-02	8.255708e+00
3.893000e-05	-2.650579e-02	8.077813e+00
3.894000e-05	-2.327819e-02	8.000396e+00
3.895000e-05	-2.115257e-02	7.855058e+00
3.896000e-05	-2.299817e-02	7.717863e+00
3.897000e-05	-2.099789e-02	7.601580e+00
3.898000e-05	-1.920160e-02	7.433684e+00
3.899000e-05	-1.771660e-02	7.265058e+00
3.900000e-05	-1.926392e-02	7.137815e+00
3.901000e-05	-1.988949e-02	6.960497e+00
3.902000e-05	-1.793304e-02	6.844581e+00
3.903000e-05	-1.625228e-02	6.777287e+00
3.904000e-05	-1.534335e-02	6.517217e+00
3.905000e-05	-1.647656e-02	6.349447e+00
3.906000e-05	-1.454201e-02	6.233133e+00
3.907000e-05	-1.276630e-02	6.085708e+00
3.908000e-05	-1.234908e-02	5.970420e+00
3.909000e-05	-1.337592e-02	5.737819e+00
3.910000e-05	-1.416253e-02	5.600896e+00
3.911000e-05	-1.346691e-02	5.432056e+00
3.912000e-05	-1.160697e-02	5.271058e+00
3.913000e-05	-1.065558e-02	5.042926e+00
3.914000e-05	-1.204597e-02	4.820499e+00
3.915000e-05	-1.129829e-02	4.633656e+00
3.916000e-05	-1.028253e-02	4.472684e+00
3.917000e-05	-8.701154e-03	4.297344e+00
3.918000e-05	-9.966670e-03	4.077760e+00
3.919000e-05	-1.148994e-02	3.928315e+00
3.920000e-05	-1.100131e-02	3.769950e+00
3.921000e-05	-9.282011e-03	3.590476e+00
3.922000e-05	-8.503459e-03	3.389526e+00
3.923000e-05	-9.246936e-03	3.180951e+00
3.924000e-05	-9.402450e-03	3.022079e+00
3.925000e-05	-8.391193e-03	2.854032e+00
3.926000e-05	-7.822787e-03	2.644737e+00
3.927000e-05	-7.717607e-03	2.421979e+00
3.928000e-05	-9.395151e-03	2.252628e+00
3.929000e-05	-7.879986e-03	2.082559e+00
3.930000e-05	-8.682509e-03	1.917139e+00
3.931000e-05	-6.923821e-03	1.685062e+00
3.932000e-05	-8.302833e-03	1.504535e+00
3.933000e-05	-7.486265e-03	1.296162e+00
3.934000e-05	-5.585259e-03	1.055108e+00
3.935000e-05	-4.669536e-03	8.215288e-01
3.936000e-05	-3.829411e-03	6.335553e-01
3.937000e-05	-7.277287e-03	4.635827e-01
3.938000e-05	-5.771875e-03	2.436091e-01
3.939000e-05	-7.384039e-03	4.055762e-02
3.940000e-05	-1.131589e-03	-1.458911e-01
3.941000e-05	4.832866e-03	-3.157883e-01
3.942000e-05	4.814886e-04	-4.711579e-01
3.943000e-05	2.866621e-03	-6.737648e-01
3.944000e-05	1.424629e-03	-8.632568e-01
3.945000e-05	-3.472263e-04	-1.062077e+00
3.946000e-05	-2.556036e-03	-1.199573e+00
3.947000e-05	1.391811e-02	-1.474184e+00
3.948000e-05	8.851198e-02	-1.640125e+00
3.949000e-05	3.260187e-02	-1.852233e+00
3.950000e-05	-4.852056e-02	-2.168044e+00
3.951000e-05	-2.819938e-02	-2.419599e+00
3.952000e-05	-1.123258e-01	-2.536867e+00
3.953000e-05	8.648486e-02	-2.589421e+00
3.954000e-05	4.824076e-02	-2.685385e+00
3.955000e-05	-1.626919e-01	-3.012254e+00
3.956000e-05	1.728989e-01	-3.188445e+00
3.957000e-05	3.087507e-03	-3.297841e+00
3.958000e-05	-1.269025e-01	-3.569469e+00
3.959000e-05	1.575021e-01	-3.661155e+00
3.960000e-05	-9.793572e-02	-3.926412e+00
3.961000e-05	-5.353799e-02	-4.095790e+00
3.962000e-05	1.178017e-01	-4.269150e+00
3.963000e-05	-9.527772e-02	-4.433079e+00
3.964000e-05	1.254351e-01	-4.662173e+00
3.965000e-05	-1.387531e-02	-4.758967e+00
3.966000e-05	-8.147145e-02	-5.010124e+00
3.967000e-05	1.121025e-01	-5.186517e+00
3.968000e-05	-1.097686e-01	-5.431721e+00
3.969000e-05	7.960402e-02	-5.569975e+00
3.970000e-05	-3.317590e-03	-5.757814e+00
3.971000e-05	-1.571663e-02	-5.915836e+00
3.972000e-05	7.646199e-02	-6.032624e+00
3.973000e-05	-8.878332e-02	-6.274256e+00
3.974000e-05	8.533706e-02	-6.450473e+00
3.975000e-05	-5.564142e-02	-6.546965e+00
3.976000e-05	4.547811e-03	-6.714886e+00
3.977000e-05	7.911102e-02	-6.840574e+00
3.978000e-05	-6.509196e-02	-7.013778e+00
3.979000e-05	8.026551e-02	-7.179099e+00
3.980000e-05	-5.929845e-02	-7.335340e+00
3.981000e-05	3.646943e-02	-7.463204e+00
3.982000e-05	1.232237e-02	-7.580070e+00
3.983000e-05	-2.142896e-02	-7.791015e+00
3.984000e-05	4.882549e-02	-7.927385e+00
3.985000e-05	-4.023870e-02	-8.033705e+00
3.986000e-05	6.761874e-02	-8.148412e+00
3.987000e-05	-2.583522e-02	-8.275757e+00
3.988000e-05	2.113336e-02	-8.368998e+00
3.989000e-05	2.877901e-04	-8.525285e+00
3.990000e-05	-4.058726e-03	-8.633753e+00
3.991000e-05	3.884109e-02	-8.758444e+00
3.992000e-05	-1.559014e-02	-8.884758e+00
3.993000e-05	3.048447e-02	-8.958439e+00
3.994000e-05	-1.010805e-02	-9.094728e+00
3.995000e-05	2.825986e-02	-9.147990e+00
3.996000e-05	7.326562e-03	-9.179576e+00
3.997000e-05	4.865589e-03	-9.346790e+00
3.998000e-05	9.314316e-03	-9.401144e+00
3.999000e-05	2.929774e-03	-9.528339e+00
4.000000e-05	2.738806e-02	-9.610977e+00
4.001000e-05	2.215980e-03	-9.696207e+00
4.002000e-05	1.746463e-02	-9.727862e+00
4.003000e-05	3.872216e-03	-9.780127e+00
4.004000e-05	1.808926e-02	-9.844228e+00
4.005000e-05	1.227993e-02	-9.917314e+00
4.006000e-05	1.008657e-02	-9.978469e+00
4.007000e-05	1.114807e-02	-1.002953e+01
4.008000e-05	1.219130e-02	-1.002263e+01
4.009000e-05	2.082369e-02	-1.008516e+01
4.010000e-05	1.158399e-02	-1.016786e+01
4.011000e-05	1.445995e-02	-1.020157e+01
4.012000e-05	7.236751e-03	-1.023165e+01
4.013000e-05	1.748538e-02	-1.025418e+01
4.014000e-05	1.770938e-02	-1.030486e+01
4.015000e-05	1.713916e-02	-1.027731e+01
4.016000e-05	1.374115e-02	-1.032697e+01
4.017000e-05	1.593032e-02	-1.033887e+01
4.018000e-05	1.953280e-02	-1.036049e+01
4.019000e-05	1.966451e-02	-1.040939e+01
4.020000e-05	1.726615e-02	-1.034892e+01
4.021000e-05	1.462863e-02	-1.035900e+01
4.022000e-05	2.085782e-02	-1.039847e+01
4.023000e-05	2.164378e-02	-1.036854e+01
4.024000e-05	2.253804e-02	-1.039784e+01
4.025000e-05	2.199722e-02	-1.033691e+01
4.026000e-05	2.054080e-02	-1.031734e+01
4.027000e-05	2.445521e-02	-1.027473e+01
4.028000e-05	2.585533e-02	-1.029218e+01
4.029000e-05	2.712406e-02	-1.022097e+01
4.030000e-05	2.636693e-02	-1.015986e+01
4.031000e-05	2.631604e-02	-1.010426e+01
4.032000e-05	2.907981e-02	-1.005466e+01
4.033000e-05	2.989292e-02	-1.002105e+01
4.034000e-05	3.061865e-02	-9.968417e+00
4.035000e-05	3.017403e-02	-9.937838e+00
4.036000e-05	3.398552e-02	-9.883128e+00
4.037000e-05	3.510304e-02	-9.811024e+00
4.038000e-05	3.787257e-02	-9.759817e+00
4.039000e-05	3.714481e-02	-9.654182e+00
4.040000e-05	3.771880e-02	-9.663005e+00
4.041000e-05	3.829034e-02	-9.537374e+00
4.042000e-05	3.865143e-02	-9.486208e+00
4.043000e-05	3.662115e-02	-9.379815e+00
4.044000e-05	3.582220e-02	-9.254079e+00
4.045000e-05	3.634493e-02	-9.208444e+00
4.046000e-05	3.534244e-02	-9.105232e+00
4.047000e-05	3.177267e-02	-8.960445e+00
4.048000e-05	2.852898e-02	-8.874207e+00
4.049000e-05	2.617335e-02	-8.820974e+00
4.050000e-05	2.490986e-02	-8.737314e+00
4.051000e-05	2.227360e-02	-8.591864e+00
4.052000e-05	1.873324e-02	-8.440529e+00
4.053000e-05	1.708796e-02	-8.357814e+00
4.054000e-05	1.742126e-02	-8.222053e+00
4.055000e-05	1.733734e-02	-8.136159e+00
4.056000e-05	1.420591e-02	-8.010949e+00
4.057000e-05	1.121939e-02	-7.834528e+00
4.058000e-05	1.013353e-02	-7.735715e+00
4.059000e-05	1.091701e-02	-7.589342e+00
4.060000e-05	1.049544e-02	-7.411448e+00
4.061000e-05	7.651732e-03	-7.264633e+00
4.062000e-05	6.384652e-03	-7.167819e+00
4.063000e-05	5.262414e-03	-6.988290e+00
4.064000e-05	7.104278e-03	-6.810398e+00
4.065000e-05	6.373481e-03	-6.663582e+00
4.066000e-05	3.839360e-03	-6.536738e+00
4.067000e-05	2.535969e-03	-6.380424e+00
4.068000e-05	4.799631e-03	-6.231552e+00
4.069000e-05	4.598106e-03	-6.033499e+00
4.070000e-05	1.485440e-03	-5.883558e+00
4.071000e-05	-1.017544e-03	-5.716713e+00
4.072000e-05	-1.926064e-04	-5.599825e+00
4.073000e-05	2.478016e-03	-5.348245e+00
4.074000e-05	2.165939e-03	-5.167312e+00
4.075000e-05	-8.072496e-04	-4.988876e+00
4.076000e-05	-5.532943e-04	-4.755213e+00
4.077000e-05	-1.410490e-03	-4.579345e+00
4.078000e-05	7.978910e-04	-4.412479e+00
4.079000e-05	-1.425595e-03	-4.271606e+00
4.080000e-05	-3.184312e-03	-4.115685e+00
4.081000e-05	-4.702664e-03	-3.937715e+00
4.082000e-05	-1.558535e-04	-3.715185e+00
4.083000e-05	-3.616613e-03	-3.556867e+00
4.084000e-05	-2.593029e-03	-3.359349e+00
4.085000e-05	-6.163114e-03	-3.251452e+00
4.086000e-05	-2.735540e-03	-3.001345e+00
4.087000e-05	-4.231858e-03	-2.780371e+00
4.088000e-05	-2.574582e-03	-2.610900e+00
4.089000e-05	-7.357589e-03	-2.421004e+00
4.090000e-05	-5.769527e-03	-2.271924e+00
4.091000e-05	-7.017807e-03	-2.009927e+00
4.092000e-05	-2.728862e-03	-1.841027e+00
4.093000e-05	-6.718794e-03	-1.662055e+00
4.094000e-05	-5.165776e-03	-1.481405e+00
4.095000e-05	-6.324171e-03	-1.200870e+00
4.096000e-05	-4.381125e-03	-1.019925e+00
4.097000e-05	-7.125417e-03	-8.209039e-01
4.098000e-05	-7.692498e-03	-6.093476e-01
4.099000e-05	-8.805996e-03	-4.008986e-01
4.100000e-05	-6.838702e-03	-2.309753e-01
4.101000e-05	-3.077134e-03	-4.195645e-02
4.102000e-05	1.300518e-03	1.375486e-01
4.103000e-05	-1.856390e-03	3.685473e-01
4.104000e-05	-2.107815e-03	4.954421e-01
4.105000e-05	-1.089404e-03	6.748394e-01
4.106000e-05	-4.190213e-03	8.431777e-01
4.107000e-05	-4.823473e-03	1.075888e+00
4.108000e-05	-1.093930e-04	1.294262e+00
4.109000e-05	2.570474e-02	1.422833e+00
4.110000e-05	7.781350e-02	1.738621e+00
4.111000e-05	7.873914e-03	1.958572e+00
4.112000e-05	-5.586374e-02	2.127545e+00
4.113000e-05	-3.691345e-02	2.316870e+00
4.114000e-05	-8.984950e-02	2.483687e+00
4.115000e-05	-1.096413e-02	2.601131e+00
4.116000e-05	1.127832e-01	2.801200e+00
4.117000e-05	-1.523308e-01	2.960552e+00
4.118000e-05	6.243279e-02	3.127917e+00
4.119000e-05	9.745055e-02	3.352150e+00
4.120000e-05	-1.234654e-01	3.548946e+00
4.121000e-05	6.098513e-02	3.653709e+00
4.122000e-05	-2.283645e-02	3.874388e+00
4.123000e-05	-8.311613e-02	4.064229e+00
4.124000e-05	6.263254e-02	4.294356e+00
4.125000e-05	-1.651017e-02	4.505337e+00
4.126000e-05	7.963324e-03	4.622730e+00
4.127000e-05	1.801746e-02	4.800649e+00
4.128000e-05	-5.983987e-02	5.062812e+00
4.129000e-05	2.723913e-02	5.284756e+00
4.130000e-05	-3.461446e-02	5.433733e+00
4.131000e-05	7.820779e-03	5.590574e+00
4.132000e-05	-1.348964e-02	5.760170e+00
4.133000e-05	3.583818e-03	5.928520e+00
4.134000e-05	1.095832e-02	6.105011e+00
4.135000e-05	-4.001382e-02	6.264807e+00
4.136000e-05	1.525197e-02	6.401602e+00
4.137000e-05	-3.269529e-02	6.569172e+00
4.138000e-05	-1.123138e-02	6.719994e+00
4.139000e-05	2.299639e-02	6.886313e+00
4.140000e-05	-1.656948e-02	7.043154e+00
4.141000e-05	-4.620939e-03	7.160943e+00
4.142000e-05	-2.055673e-02	7.267939e+00
4.143000e-05	-8.547358e-03	7.445353e+00
4.144000e-05	-5.350102e-03	7.631253e+00
4.145000e-05	-1.809060e-02	7.731016e+00
4.146000e-05	-3.823247e-03	7.888358e+00
4.147000e-05	-2.100562e-02	8.045382e+00
4.148000e-05	1.087524e-02	8.200423e+00
4.149000e-05	-1.279887e-02	8.315335e+00
4.150000e-05	-1.570590e-02	8.421073e+00
4.151000e-05	-1.950995e-02	8.516861e+00
4.152000e-05	-1.586133e-02	8.590624e+00
4.153000e-05	-1.121842e-03	8.665310e+00
4.154000e-05	-1.449069e-02	8.730074e+00
4.155000e-05	-1.148880e-02	8.855335e+00
4.156000e-05	-1.683572e-02	8.992770e+00
4.157000e-05	-6.531996e-03	9.108965e+00
4.158000e-05	-1.010555e-02	9.210201e+00
4.159000e-05	-1.940339e-02	9.305336e+00
4.160000e-05	-2.025356e-02	9.347994e+00
4.161000e-05	-1.686856e-02	9.453257e+00
4.162000e-05	-6.656931e-03	9.486866e+00
4.163000e-05	-1.536722e-02	9.580572e+00
4.164000e-05	-1.909362e-02	9.663680e+00
4.165000e-05	-1.893973e-02	9.728966e+00
4.166000e-05	-1.497120e-02	9.813099e+00
4.167000e-05	-1.449859e-02	9.856885e+00
4.168000e-05	-2.123191e-02	9.907441e+00
4.169000e-05	-2.076588e-02	9.970577e+00
4.170000e-05	-1.760568e-02	1.002368e+01
4.171000e-05	-1.267269e-02	1.007526e+01
4.172000e-05	-1.923825e-02	1.010631e+01
4.173000e-05	-2.365137e-02	1.010692e+01
4.174000e-05	-2.519275e-02	1.013902e+01
4.175000e-05	-2.015527e-02	1.019112e+01
4.176000e-05	-1.770271e-02	1.018265e+01
4.177000e-05	-2.335216e-02	1.022318e+01
4.178000e-05	-2.430256e-02	1.028423e+01
4.179000e-05	-2.252843e-02	1.023473e+01
4.180000e-05	-2.092663e-02	1.028476e+01
4.181000e-05	-2.471204e-02	1.025471e+01
4.182000e-05	-2.782648e-02	1.029526e+01
4.183000e-05	-3.322294e-02	1.029476e+01
4.184000e-05	-2.462549e-02	1.023473e+01
4.185000e-05	-2.664891e-02	1.025423e+01
4.186000e-05	-2.556595e-02	1.019473e+01
4.187000e-05	-3.097097e-02	1.020120e+01
4.188000e-05	-2.957351e-02	1.018270e+01
4.189000e-05	-3.087798e-02	1.014851e+01
4.190000e-05	-3.297958e-02	1.010842e+01
4.191000e-05	-3.707322e-02	1.009689e+01
4.192000e-05	-3.920054e-02	1.008575e+01
4.193000e-05	-3.659952e-02	1.007213e+01
4.194000e-05	-3.563745e-02	9.990553e+00
4.195000e-05	-3.777705e-02	9.957996e+00
4.196000e-05	-4.058425e-02	9.875837e+00
4.197000e-05	-4.125309e-02	9.853029e+00
4.198000e-05	-4.250933e-02	9.717587e+00
4.199000e-05	-4.355637e-02	9.665204e+00
4.200000e-05	-4.834425e-02	9.601473e+00
4.201000e-05	-4.827567e-02	9.497866e+00
4.202000e-05	-4.695567e-02	9.433655e+00
4.203000e-05	-4.573330e-02	9.399469e+00
4.204000e-05	-4.575720e-02	9.306760e+00
4.205000e-05	-4.657783e-02	9.232579e+00
4.206000e-05	-4.419714e-02	9.178943e+00
4.207000e-05	-4.195177e-02	9.074651e+00
4.208000e-05	-3.918205e-02	8.897791e+00
4.209000e-05	-4.096694e-02	8.812026e+00
4.210000e-05	-3.870154e-02	8.717294e+00
4.211000e-05	-3.543690e-02	8.623053e+00
4.212000e-05	-3.053589e-02	8.526813e+00
4.213000e-05	-2.807735e-02	8.411106e+00
4.214000e-05	-2.792130e-02	8.317364e+00
4.215000e-05	-2.631032e-02	8.182076e+00
4.216000e-05	-2.422588e-02	8.075727e+00
4.217000e-05	-2.291077e-02	7.919790e+00
4.218000e-05	-2.261984e-02	7.790000e+00
4.219000e-05	-2.302923e-02	7.696634e+00
4.220000e-05	-2.127907e-02	7.519446e+00
4.221000e-05	-1.814159e-02	7.372969e+00
4.222000e-05	-1.831289e-02	7.191505e+00
4.223000e-05	-1.833726e-02	7.095712e+00
4.224000e-05	-1.871177e-02	6.906742e+00
4.225000e-05	-1.683398e-02	6.811548e+00
4.226000e-05	-1.644899e-02	6.624682e+00
4.227000e-05	-1.563978e-02	6.455103e+00
4.228000e-05	-1.564382e-02	6.316313e+00
4.229000e-05	-1.393468e-02	6.178900e+00
4.230000e-05	-1.275147e-02	6.043056e+00
4.231000e-05	-1.258799e-02	5.845787e+00
4.232000e-05	-1.336371e-02	5.705109e+00
4.233000e-05	-1.325000e-02	5.496286e+00
4.234000e-05	-1.256448e-02	5.357900e+00
4.235000e-05	-1.203486e-02	5.160351e+00
4.236000e-05	-1.151786e-02	4.905292e+00
4.237000e-05	-1.117018e-02	4.708267e+00
4.238000e-05	-1.165072e-02	4.580950e+00
4.239000e-05	-1.064370e-02	4.431530e+00
4.240000e-05	-9.882552e-03	4.245656e+00
4.241000e-05	-9.711581e-03	4.052504e+00
4.242000e-05	-1.042767e-02	3.883659e+00
4.243000e-05	-1.070795e-02	3.705237e+00
4.244000e-05	-9.433017e-03	3.548895e+00
4.245000e-05	-8.503655e-03	3.295216e+00
4.246000e-05	-9.848598e-03	3.108842e+00
4.247000e-05	-8.700815e-03	2.939370e+00
4.248000e-05	-7.887861e-03	2.760502e+00
4.249000e-05	-7.071614e-03	2.569396e+00
4.250000e-05	-7.290999e-03	2.357372e+00
4.251000e-05	-6.796252e-03	2.168420e+00
4.252000e-05	-7.898741e-03	1.970503e+00
4.253000e-05	-8.048513e-03	1.830349e+00
4.254000e-05	-8.370829e-03	1.581526e+00
4.255000e-05	-7.238104e-03	1.400951e+00
4.256000e-05	-7.639778e-03	1.209927e+00
4.257000e-05	-5.958075e-03	9.577182e-01
4.258000e-05	-5.624790e-03	7.678459e-01
4.259000e-05	-5.231460e-03	5.588497e-01
4.260000e-05	-5.519528e-03	4.194749e-01
4.261000e-05	-4.655977e-03	1.784185e-01
4.262000e-05	-4.878625e-03	-2.012652e-02
4.263000e-05	1.731266e-03	-2.305239e-01
4.264000e-05	2.661528e-03	-3.689962e-01
4.265000e-05	-1.779089e-03	-5.799411e-01
4.266000e-05	2.358406e-03	-7.590197e-01
4.267000e-05	-5.802943e-04	-9.569174e-01
4.268000e-05	1.040387e-03	-1.053863e+00
4.269000e-05	1.338034e-03	-1.312812e+00
4.270000e-05	3.817356e-02	-1.525363e+00
4.271000e-05	1.009608e-01	-1.714359e+00
4.272000e-05	-3.187145e-02	-1.950045e+00
4.273000e-05	-2.710668e-02	-2.284284e+00
4.274000e-05	-6.610368e-02	-2.483733e+00
4.275000e-05	-7.794015e-02	-2.578445e+00
4.276000e-05	1.564108e-01	-2.611124e+00
4.277000e-05	-8.459093e-02	-2.810674e+00
4.278000e-05	-5.631262e-02	-3.126838e+00
4.279000e-05	1.903663e-01	-3.199018e+00
4.280000e-05	-1.414502e-01	-3.400680e+00
4.281000e-05	5.795250e-03	-3.609524e+00
4.282000e-05	1.064443e-01	-3.747487e+00
4.283000e-05	-1.663139e-01	-3.991128e+00
4.284000e-05	7.509928e-02	-4.166944e+00
4.285000e-05	2.592255e-02	-4.324861e+00
4.286000e-05	-4.537815e-02	-4.536491e+00
4.287000e-05	1.492900e-01	-4.673731e+00
4.288000e-05	-1.248511e-01	-4.854838e+00
4.289000e-05	4.162062e-02	-5.092685e+00
4.290000e-05	2.420318e-02	-5.261221e+00
4.291000e-05	-8.134714e-02	-5.506409e+00
4.292000e-05	1.163077e-01	-5.651625e+00
4.293000e-05	-7.431147e-02	-5.801675e+00
4.294000e-05	7.284506e-02	-5.967944e+00
4.295000e-05	-8.333330e-03	-6.124310e+00
4.296000e-05	-3.442805e-02	-6.337516e+00
4.297000e-05	7.539299e-02	-6.453252e+00
4.298000e-05	-1.011568e-01	-6.612124e+00
4.299000e-05	9.334042e-02	-6.776939e+00
4.300000e-05	-9.536522e-03	-6.897836e+00
4.301000e-05	-2.686455e-03	-7.135910e+00
4.302000e-05	5.044016e-02	-7.211629e+00
4.303000e-05	-6.688771e-02	-7.369044e+00
4.304000e-05	7.770066e-02	-7.485912e+00
4.305000e-05	-4.642524e-02	-7.644151e+00
4.306000e-05	3.862289e-02	-7.852152e+00
4.307000e-05	-4.695497e-03	-7.959549e+00
4.308000e-05	3.176770e-03	-8.084262e+00
4.309000e-05	4.925901e-02	-8.211975e+00
4.310000e-05	-3.393207e-02	-8.317915e+00
4.311000e-05	4.191744e-02	-8.450549e+00
4.312000e-05	-3.092009e-02	-8.558913e+00
4.313000e-05	3.443460e-02	-8.705310e+00
4.314000e-05	7.405033e-03	-8.779603e+00
4.315000e-05	3.623154e-03	-8.926287e+00
4.316000e-05	1.820198e-02	-8.968499e+00
4.317000e-05	-3.942002e-03	-9.095836e+00
4.318000e-05	3.445454e-02	-9.138991e+00
4.319000e-05	-6.459127e-03	-9.314183e+00
4.320000e-05	1.577991e-02	-9.376890e+00
4.321000e-05	-3.576859e-03	-9.424774e+00
4.322000e-05	1.793994e-02	-9.549017e+00
4.323000e-05	1.658563e-02	-9.622550e+00
4.324000e-05	8.026972e-03	-9.725233e+00
4.325000e-05	1.453955e-02	-9.747343e+00
4.326000e-05	5.160336e-03	-9.831101e+00
4.327000e-05	2.084296e-02	-9.874282e+00
4.328000e-05	7.871800e-03	-9.937391e+00
4.329000e-05	1.301599e-02	-9.958895e+00
4.330000e-05	7.761983e-03	-1.002052e+01
4.331000e-05	1.964068e-02	-1.006268e+01
4.332000e-05	1.768752e-02	-1.013578e+01
4.333000e-05	1.389842e-02	-1.015942e+01
4.334000e-05	1.048478e-02	-1.021107e+01
4.335000e-05	9.134480e-03	-1.022360e+01
4.336000e-05	1.851197e-02	-1.026431e+01
4.337000e-05	1.771400e-02	-1.025683e+01
4.338000e-05	1.777555e-02	-1.029736e+01
4.339000e-05	1.425091e-02	-1.036744e+01
4.340000e-05	1.768165e-02	-1.036890e+01
4.341000e-05	1.872323e-02	-1.033999e+01
4.342000e-05	1.915913e-02	-1.040792e+01
4.343000e-05	1.599104e-02	-1.039894e+01
4.344000e-05	1.657197e-02	-1.036090e+01
4.345000e-05	2.344271e-02	-1.035942e+01
4.346000e-05	2.120094e-02	-1.038794e+01
4.347000e-05	2.201153e-02	-1.036789e+01
4.348000e-05	2.035794e-02	-1.028734e+01
4.349000e-05	2.332116e-02	-1.029758e+01
4.350000e-05	2.596490e-02	-1.028429e+01
4.351000e-05	2.571422e-02	-1.023270e+01
4.352000e-05	2.557603e-02	-1.020245e+01
4.353000e-05	2.587229e-02	-1.012736e+01
4.354000e-05	2.995398e-02	-1.011566e+01
4.355000e-05	2.965761e-02	-1.008208e+01
4.356000e-05	2.891988e-02	-1.000945e+01
4.357000e-05	2.979361e-02	-9.967318e+00
4.358000e-05	3.323324e-02	-9.915761e+00
4.359000e-05	3.617209e-02	-9.854129e+00
4.360000e-05	3.594907e-02	-9.798894e+00
4.361000e-05	3.541313e-02	-9.737787e+00
4.362000e-05	3.660087e-02	-9.663604e+00
4.363000e-05	3.861152e-02	-9.629452e+00
4.364000e-05	3.992134e-02	-9.506839e+00
4.365000e-05	3.744206e-02	-9.452080e+00
4.366000e-05	3.621538e-02	-9.339332e+00
4.367000e-05	3.662651e-02	-9.231446e+00
4.368000e-05	3.709243e-02	-9.126840e+00
4.369000e-05	3.426934e-02	-9.074501e+00
4.370000e-05	2.973793e-02	-8.957890e+00
4.371000e-05	2.681979e-02	-8.833079e+00
4.372000e-05	2.645327e-02	-8.788394e+00
4.373000e-05	2.512623e-02	-8.693584e+00
4.374000e-05	2.139081e-02	-8.507211e+00
4.375000e-05	1.804323e-02	-8.410472e+00
4.376000e-05	1.717926e-02	-8.324761e+00
4.377000e-05	1.709201e-02	-8.219415e+00
4.378000e-05	1.545327e-02	-8.083183e+00
4.379000e-05	1.288588e-02	-7.947816e+00
4.380000e-05	1.088302e-02	-7.819797e+00
4.381000e-05	1.117428e-02	-7.672506e+00
4.382000e-05	1.013971e-02	-7.484207e+00
4.383000e-05	8.580447e-03	-7.348814e+00
4.384000e-05	6.251605e-03	-7.222003e+00
4.385000e-05	5.972178e-03	-7.066636e+00
4.386000e-05	6.630734e-03	-6.896160e+00
4.387000e-05	7.268076e-03	-6.748897e+00
4.388000e-05	5.750115e-03	-6.610454e+00
4.389000e-05	4.059408e-03	-6.492605e+00
4.390000e-05	3.178498e-03	-6.337263e+00
4.391000e-05	3.597579e-03	-6.156638e+00
4.392000e-05	2.435647e-03	-5.958866e+00
4.393000e-05	1.473664e-03	-5.831528e+00
4.394000e-05	7.868329e-05	-5.692532e+00
4.395000e-05	1.786496e-03	-5.497091e+00
4.396000e-05	2.242263e-03	-5.264132e+00
4.397000e-05	8.173069e-04	-5.043659e+00
4.398000e-05	-1.041432e-03	-4.945687e+00
4.399000e-05	-5.569314e-04	-4.683581e+00
4.400000e-05	4.433757e-04	-4.496687e+00
4.401000e-05	-7.696555e-04	-4.348824e+00
4.402000e-05	-8.098562e-04	-4.220925e+00
4.403000e-05	-3.427336e-03	-4.042532e+00
4.404000e-05	-1.292364e-03	-3.895558e+00
4.405000e-05	-1.893080e-03	-3.681505e+00
4.406000e-05	-2.829263e-03	-3.504058e+00
4.407000e-05	-4.355464e-03	-3.306087e+00
4.408000e-05	-3.626317e-03	-3.147791e+00
4.409000e-05	-4.008066e-03	-2.905083e+00
4.410000e-05	-4.252377e-03	-2.706140e+00
4.411000e-05	-5.283711e-03	-2.566670e+00
4.412000e-05	-6.579526e-03	-2.358773e+00
4.413000e-05	-6.351140e-03	-2.147638e+00
4.414000e-05	-5.566771e-03	-1.946295e+00
4.415000e-05	-4.426198e-03	-1.770295e+00
4.416000e-05	-5.224333e-03	-1.607322e+00
4.417000e-05	-4.928424e-03	-1.325587e+00
4.418000e-05	-6.131290e-03	-1.135212e+00
4.419000e-05	-5.802371e-03	-9.562134e-01
4.420000e-05	-8.526561e-03	-7.588446e-01
4.421000e-05	-7.558902e-03	-5.245907e-01
4.422000e-05	-7.150820e-03	-3.566682e-01
4.423000e-05	-6.159601e-03	-1.372697e-01
4.424000e-05	-1.640190e-03	1.062883e-02
4.425000e-05	1.400068e-03	2.933370e-01
4.426000e-05	-3.292275e-03	4.121539e-01
4.427000e-05	-3.979748e-04	5.910236e-01
4.428000e-05	-2.856813e-03	7.679697e-01
4.429000e-05	-3.437719e-03	9.150384e-01
4.430000e-05	-3.719519e-03	1.127571e+00
4.431000e-05	7.227062e-03	1.357498e+00
4.432000e-05	4.488405e-02	1.571125e+00
4.433000e-05	7.241168e-02	1.850753e+00
4.434000e-05	-3.916828e-02	2.022178e+00
4.435000e-05	-4.129415e-02	2.231153e+00
4.436000e-05	-5.041350e-02	2.410575e+00
4.437000e-05	-9.388261e-02	2.536911e+00
4.438000e-05	7.582484e-02	2.705388e+00
4.439000e-05	1.996302e-02	2.874365e+00
4.440000e-05	-1.428622e-01	3.063204e+00
4.441000e-05	1.744960e-01	3.150698e+00
4.442000e-05	-3.198817e-02	3.454337e+00
4.443000e-05	-7.168636e-02	3.600549e+00
4.444000e-05	8.436683e-02	3.716543e+00
4.445000e-05	-9.597212e-02	3.948045e+00
4.446000e-05	-1.317181e-02	4.107495e+00
4.447000e-05	5.133805e-02	4.359045e+00
4.448000e-05	-3.420918e-02	4.538492e+00
4.449000e-05	3.856400e-02	4.685362e+00
4.450000e-05	-2.940471e-02	4.928363e+00
4.451000e-05	-2.605034e-02	5.137494e+00
4.452000e-05	1.278647e-02	5.327043e+00
4.453000e-05	-3.231435e-02	5.505961e+00
4.454000e-05	1.955731e-02	5.632807e+00
4.455000e-05	-2.683061e-02	5.843881e+00
4.456000e-05	2.657355e-02	5.991226e+00
4.457000e-05	-1.935901e-02	6.189074e+00
4.458000e-05	-2.203217e-02	6.316942e+00
4.459000e-05	1.206496e-02	6.453658e+00
4.460000e-05	-4.801845e-02	6.645807e+00
4.461000e-05	1.999247e-02	6.772123e+00
4.462000e-05	5.044497e-03	6.938497e+00
4.463000e-05	-1.376767e-02	7.064787e+00
4.464000e-05	-7.775085e-03	7.181626e+00
4.465000e-05	-2.413176e-02	7.339115e+00
4.466000e-05	3.166823e-03	7.518942e+00
4.467000e-05	-1.796342e-02	7.654286e+00
4.468000e-05	-5.283527e-03	7.791750e+00
4.469000e-05	-1.802272e-02	7.982197e+00
4.470000e-05	-8.246162e-03	8.149516e+00
4.471000e-05	7.047357e-03	8.243732e+00
4.472000e-05	-1.886303e-02	8.327444e+00
4.473000e-05	-1.500252e-02	8.464153e+00
4.474000e-05	-2.428160e-02	8.518493e+00
4.475000e-05	-4.833397e-03	8.642757e+00
4.476000e-05	-4.712504e-03	8.715864e+00
4.477000e-05	-1.337273e-02	8.801673e+00
4.478000e-05	-1.643994e-02	8.898065e+00
4.479000e-05	-1.469881e-02	9.045384e+00
4.480000e-05	-5.031053e-03	9.161020e+00
4.481000e-05	-1.326139e-02	9.234708e+00
4.482000e-05	-2.112403e-02	9.307985e+00
4.483000e-05	-2.053243e-02	9.400652e+00
4.484000e-05	-1.210684e-02	9.474783e+00
4.485000e-05	-7.917742e-03	9.519418e+00
4.486000e-05	-1.833059e-02	9.592500e+00
4.487000e-05	-1.970866e-02	9.654860e+00
4.488000e-05	-1.871413e-02	9.761646e+00
4.489000e-05	-1.268607e-02	9.852331e+00
4.490000e-05	-1.668806e-02	9.897360e+00
4.491000e-05	-2.204378e-02	9.949548e+00
4.492000e-05	-2.049073e-02	9.951624e+00
4.493000e-05	-1.542473e-02	1.004413e+01
4.494000e-05	-1.418408e-02	1.010581e+01
4.495000e-05	-2.176000e-02	1.008641e+01
4.496000e-05	-2.625551e-02	1.013839e+01
4.497000e-05	-2.279157e-02	1.016992e+01
4.498000e-05	-1.756428e-02	1.017209e+01
4.499000e-05	-1.873913e-02	1.018268e+01
4.500000e-05	-2.541472e-02	1.023518e+01
4.501000e-05	-2.566648e-02	1.026318e+01
4.502000e-05	-2.377296e-02	1.022421e+01
4.503000e-05	-2.120893e-02	1.025521e+01
4.504000e-05	-2.591046e-02	1.028576e+01
4.505000e-05	-3.075231e-02	1.026578e+01
4.506000e-05	-2.922124e-02	1.027575e+01
4.507000e-05	-2.360288e-02	1.026521e+01
4.508000e-05	-2.482093e-02	1.024420e+01
4.509000e-05	-3.019890e-02	1.024313e+01
4.510000e-05	-3.272213e-02	1.023162e+01
4.511000e-05	-3.202059e-02	1.017000e+01
4.512000e-05	-3.095068e-02	1.016989e+01
4.513000e-05	-3.347822e-02	1.011794e+01
4.514000e-05	-3.759382e-02	1.011668e+01
4.515000e-05	-3.746601e-02	1.005421e+01
4.516000e-05	-3.581713e-02	1.004315e+01
4.517000e-05	-3.675653e-02	9.950497e+00
4.518000e-05	-4.113700e-02	9.887371e+00
4.519000e-05	-4.397379e-02	9.864229e+00
4.520000e-05	-4.225269e-02	9.781495e+00
4.521000e-05	-4.079601e-02	9.718913e+00
4.522000e-05	-4.378702e-02	9.611504e+00
4.523000e-05	-4.821046e-02	9.549970e+00
4.524000e-05	-4.817684e-02	9.505787e+00
4.525000e-05	-4.602061e-02	9.412577e+00
4.526000e-05	-4.580107e-02	9.308412e+00
4.527000e-05	-4.816050e-02	9.255235e+00
4.528000e-05	-4.752673e-02	9.159549e+00
4.529000e-05	-4.406697e-02	9.137266e+00
4.530000e-05	-3.982091e-02	8.972595e+00
4.531000e-05	-3.946489e-02	8.866284e+00
4.532000e-05	-3.872322e-02	8.780970e+00
4.533000e-05	-3.864291e-02	8.674732e+00
4.534000e-05	-3.328230e-02	8.580468e+00
4.535000e-05	-2.807513e-02	8.455235e+00
4.536000e-05	-2.678776e-02	8.400524e+00
4.537000e-05	-3.117312e-02	8.244183e+00
4.538000e-05	-2.734952e-02	8.188942e+00
4.539000e-05	-2.238721e-02	8.013553e+00
4.540000e-05	-1.961999e-02	7.905733e+00
4.541000e-05	-2.293828e-02	7.749320e+00
4.542000e-05	-2.409715e-02	7.613554e+00
4.543000e-05	-2.006967e-02	7.516706e+00
4.544000e-05	-1.671106e-02	7.306761e+00
4.545000e-05	-1.723280e-02	7.129421e+00
4.546000e-05	-2.023613e-02	7.013579e+00
4.547000e-05	-1.899071e-02	6.934134e+00
4.548000e-05	-1.570498e-02	6.746898e+00
4.549000e-05	-1.411746e-02	6.580392e+00
4.550000e-05	-1.599338e-02	6.382450e+00
4.551000e-05	-1.681574e-02	6.265183e+00
4.552000e-05	-1.482055e-02	6.116262e+00
4.553000e-05	-1.098393e-02	5.990499e+00
4.554000e-05	-1.186834e-02	5.781501e+00
4.555000e-05	-1.514001e-02	5.600925e+00
4.556000e-05	-1.449322e-02	5.453658e+00
4.557000e-05	-1.085240e-02	5.284261e+00
4.558000e-05	-1.004362e-02	5.045206e+00
4.559000e-05	-1.188721e-02	4.863555e+00
4.560000e-05	-1.367758e-02	4.665162e+00
4.561000e-05	-1.118684e-02	4.517188e+00
4.562000e-05	-8.046854e-03	4.339924e+00
4.563000e-05	-8.583657e-03	4.156790e+00
4.564000e-05	-1.163412e-02	3.947896e+00
4.565000e-05	-1.275543e-02	3.811928e+00
4.566000e-05	-8.924789e-03	3.621554e+00
4.567000e-05	-7.397285e-03	3.485632e+00
4.568000e-05	-8.144323e-03	3.222078e+00
4.569000e-05	-1.080582e-02	3.065112e+00
4.570000e-05	-8.860602e-03	2.884287e+00
4.571000e-05	-6.581716e-03	2.698864e+00
4.572000e-05	-5.541664e-03	2.466109e+00
4.573000e-05	-8.732713e-03	2.283638e+00
4.574000e-05	-9.953544e-03	2.106789e+00
4.575000e-05	-6.984042e-03	1.918846e+00
4.576000e-05	-5.752287e-03	1.717238e+00
4.577000e-05	-6.393308e-03	1.516697e+00
4.578000e-05	-8.147996e-03	1.324789e+00
4.579000e-05	-7.432849e-03	1.116745e+00
4.580000e-05	-5.341741e-03	8.436328e-01
4.581000e-05	-4.234817e-03	6.736630e-01
4.582000e-05	-6.087340e-03	4.731593e-01
4.583000e-05	-6.627937e-03	3.462647e-01
4.584000e-05	-5.316243e-03	6.363408e-02
4.585000e-05	-1.077190e-03	-9.529060e-02
4.586000e-05	4.457049e-03	-2.738092e-01
4.587000e-05	-3.827286e-04	-4.221042e-01
4.588000e-05	-1.477822e-04	-6.537817e-01
4.589000e-05	1.416669e-03	-8.316065e-01
4.590000e-05	1.598859e-03	-9.995487e-01
4.591000e-05	-3.131384e-04	-1.167945e+00
4.592000e-05	7.986443e-03	-1.379075e+00
4.593000e-05	7.046117e-02	-1.608922e+00
4.594000e-05	6.738682e-02	-1.780648e+00
4.595000e-05	-5.565255e-02	-2.083309e+00
4.596000e-05	-1.872442e-02	-2.358493e+00
4.597000e-05	-1.059407e-01	-2.544788e+00
4.598000e-05	2.404218e-02	-2.589394e+00
4.599000e-05	1.170565e-01	-2.671754e+00
4.600000e-05	-1.710399e-01	-2.948544e+00
4.601000e-05	1.043571e-01	-3.159440e+00
4.602000e-05	8.501369e-02	-3.232177e+00
4.603000e-05	-1.692012e-01	-3.506842e+00
4.604000e-05	1.348511e-01	-3.641078e+00
4.605000e-05	-2.684935e-02	-3.842809e+00
4.606000e-05	-1.182428e-01	-4.065286e+00
4.607000e-05	1.358317e-01	-4.221573e+00
4.608000e-05	-7.476851e-02	-4.410173e+00
4.609000e-05	7.476942e-02	-4.588496e+00
4.610000e-05	5.947476e-02	-4.765485e+00
4.611000e-05	-1.328652e-01	-4.980069e+00
4.612000e-05	1.193868e-01	-5.146307e+00
4.613000e-05	-8.171861e-02	-5.326967e+00
4.614000e-05	2.462183e-02	-5.578992e+00
4.615000e-05	5.001445e-02	-5.694934e+00
4.616000e-05	-5.779526e-02	-5.914240e+00
4.617000e-05	1.022599e-01	-6.010525e+00
4.618000e-05	-8.139064e-02	-6.221680e+00
4.619000e-05	5.612497e-02	-6.391473e+00
4.620000e-05	-7.979190e-03	-6.494865e+00
4.621000e-05	-4.990910e-02	-6.695259e+00
4.622000e-05	1.089421e-01	-6.809577e+00
4.623000e-05	-7.007878e-02	-7.000470e+00
4.624000e-05	6.683752e-02	-7.178568e+00
4.625000e-05	-2.655951e-02	-7.256307e+00
4.626000e-05	-3.541274e-03	-7.432177e+00
4.627000e-05	4.927010e-02	-7.537422e+00
4.628000e-05	-4.816230e-02	-7.758414e+00
4.629000e-05	6.197973e-02	-7.905308e+00
4.630000e-05	-4.416140e-02	-7.992127e+00
4.631000e-05	5.678256e-02	-8.127886e+00
4.632000e-05	-3.377491e-03	-8.263656e+00
4.633000e-05	1.153768e-03	-8.368491e+00
4.634000e-05	2.159967e-02	-8.515707e+00
4.635000e-05	-2.403997e-02	-8.611570e+00
4.636000e-05	4.832590e-02	-8.707419e+00
4.637000e-05	-1.634579e-02	-8.863258e+00
4.638000e-05	2.681912e-02	-8.937390e+00
4.639000e-05	-5.540563e-03	-8.993650e+00
4.640000e-05	1.824932e-02	-9.106386e+00
4.641000e-05	1.915812e-02	-9.201522e+00
4.642000e-05	-1.329543e-03	-9.325237e+00
4.643000e-05	1.491824e-02	-9.371968e+00
4.644000e-05	-4.177548e-03	-9.455807e+00
4.645000e-05	2.764262e-02	-9.569993e+00
4.646000e-05	4.840354e-03	-9.694180e+00
4.647000e-05	1.591328e-02	-9.726311e+00
4.648000e-05	6.202300e-03	-9.781502e+00
4.649000e-05	1.446962e-02	-9.842678e+00
4.650000e-05	1.598663e-02	-9.926263e+00
4.651000e-05	7.889394e-03	-9.947871e+00
4.652000e-05	1.288290e-02	-9.991572e+00
4.653000e-05	9.404732e-03	-1.006410e+01
4.654000e-05	2.190489e-02	-1.009320e+01
4.655000e-05	1.210818e-02	-1.009691e+01
4.656000e-05	1.418146e-02	-1.019042e+01
4.657000e-05	8.073462e-03	-1.025207e+01
4.658000e-05	1.576791e-02	-1.028525e+01
4.659000e-05	1.872431e-02	-1.026433e+01
4.660000e-05	1.591563e-02	-1.032834e+01
4.661000e-05	1.508901e-02	-1.029739e+01
4.662000e-05	1.470412e-02	-1.038034e+01
4.663000e-05	1.991408e-02	-1.034790e+01
4.664000e-05	1.849706e-02	-1.038145e+01
4.665000e-05	1.827706e-02	-1.037945e+01
4.666000e-05	1.422078e-02	-1.037992e+01
4.667000e-05	2.114819e-02	-1.033949e+01
4.668000e-05	2.318859e-02	-1.040950e+01
4.669000e-05	2.159812e-02	-1.033789e+01
4.670000e-05	2.056791e-02	-1.031831e+01
4.671000e-05	2.073166e-02	-1.030789e+01
4.672000e-05	2.455758e-02	-1.028623e+01
4.673000e-05	2.479349e-02	-1.026410e+01
4.674000e-05	2.579619e-02	-1.022407e+01
4.675000e-05	2.574841e-02	-1.018834e+01
4.676000e-05	2.875595e-02	-1.012571e+01
4.677000e-05	2.971646e-02	-1.009573e+01
4.678000e-05	2.861601e-02	-1.000193e+01
4.679000e-05	2.962358e-02	-9.989417e+00
4.680000e-05	3.041946e-02	-9.927317e+00
4.681000e-05	3.422584e-02	-9.885758e+00
4.682000e-05	3.655563e-02	-9.833574e+00
4.683000e-05	3.529552e-02	-9.790420e+00
4.684000e-05	3.609849e-02	-9.695783e+00
4.685000e-05	3.610398e-02	-9.631529e+00
4.686000e-05	3.938966e-02	-9.559393e+00
4.687000e-05	3.916057e-02	-9.535236e+00
4.688000e-05	3.724467e-02	-9.381470e+00
4.689000e-05	3.565152e-02	-9.275209e+00
4.690000e-05	3.696997e-02	-9.199920e+00
4.691000e-05	3.518941e-02	-9.126186e+00
4.692000e-05	3.310486e-02	-9.021427e+00
4.693000e-05	2.785952e-02	-8.934733e+00
4.694000e-05	2.573661e-02	-8.832553e+00
4.695000e-05	2.532181e-02	-8.738291e+00
4.696000e-05	2.278044e-02	-8.642807e+00
4.697000e-05	1.942586e-02	-8.474629e+00
4.698000e-05	1.812784e-02	-8.367340e+00
4.699000e-05	1.674887e-02	-8.274086e+00
4.700000e-05	1.661520e-02	-8.148316e+00
4.701000e-05	1.523684e-02	-8.021405e+00
4.702000e-05	1.213396e-02	-7.934712e+00
4.703000e-05	9.484535e-03	-7.715741e+00
4.704000e-05	9.282127e-03	-7.589871e+00
4.705000e-05	1.000553e-02	-7.462978e+00
4.706000e-05	1.003307e-02	-7.336187e+00
4.707000e-05	6.167681e-03	-7.219351e+00
4.708000e-05	4.999632e-03	-7.021920e+00
4.709000e-05	5.729135e-03	-6.832004e+00
4.710000e-05	6.661331e-03	-6.696218e+00
4.711000e-05	5.084752e-03	-6.528841e+00
4.712000e-05	4.257208e-03	-6.430951e+00
4.713000e-05	3.284119e-03	-6.272584e+00
4.714000e-05	4.630925e-03	-6.094083e+00
4.715000e-05	2.880089e-03	-5.924588e+00
4.716000e-05	8.012235e-04	-5.758840e+00
4.717000e-05	-1.783137e-03	-5.631446e+00
4.718000e-05	1.457262e-03	-5.401353e+00
4.719000e-05	1.801540e-03	-5.189395e+00
4.720000e-05	6.622075e-04	-5.001354e+00
4.721000e-05	-1.439528e-04	-4.839297e+00
4.722000e-05	-6.807671e-04	-4.592501e+00
4.723000e-05	8.832853e-04	-4.461034e+00
4.724000e-05	-9.696555e-04	-4.294686e+00
4.725000e-05	-2.610559e-03	-4.156815e+00
4.726000e-05	-5.522407e-03	-4.019848e+00
4.727000e-05	-1.776330e-03	-3.808324e+00
4.728000e-05	-2.961190e-03	-3.579396e+00
4.729000e-05	-9.924546e-04	-3.408971e+00
4.730000e-05	-3.797710e-03	-3.252004e+00
4.731000e-05	-2.557806e-03	-3.061374e+00
4.732000e-05	-4.438483e-03	-2.850901e+00
4.733000e-05	-2.355460e-03	-2.672083e+00
4.734000e-05	-7.395388e-03	-2.493008e+00
4.735000e-05	-6.681943e-03	-2.304059e+00
4.736000e-05	-7.759786e-03	-2.051029e+00
4.737000e-05	-2.759847e-03	-1.882612e+00
4.738000e-05	-4.755625e-03	-1.684683e+00
4.739000e-05	-4.142081e-03	-1.514582e+00
4.740000e-05	-6.389645e-03	-1.209430e+00
4.741000e-05	-4.783503e-03	-1.061954e+00
4.742000e-05	-7.724882e-03	-8.720592e-01
4.743000e-05	-7.265989e-03	-6.819066e-01
4.744000e-05	-9.094595e-03	-4.109754e-01
4.745000e-05	-6.687414e-03	-2.730568e-01
4.746000e-05	-4.350992e-03	-9.311039e-02
4.747000e-05	2.527364e-03	8.294180e-02
4.748000e-05	-2.461011e-04	3.279921e-01
4.749000e-05	-3.583185e-03	4.653104e-01
4.750000e-05	-9.348083e-04	6.533292e-01
4.751000e-05	-3.128985e-03	8.206487e-01
4.752000e-05	-2.718791e-03	1.002733e+00
4.753000e-05	-2.922234e-03	1.242232e+00
4.754000e-05	1.553267e-02	1.402201e+00
4.755000e-05	6.906538e-02	1.653432e+00
4.756000e-05	3.637562e-02	1.936366e+00
4.757000e-05	-5.684496e-02	2.075868e+00
4.758000e-05	-3.483484e-02	2.264913e+00
4.759000e-05	-7.761863e-02	2.411202e+00
4.760000e-05	-5.111420e-02	2.521071e+00
4.761000e-05	1.259372e-01	2.739021e+00
4.762000e-05	-1.076130e-01	2.939022e+00
4.763000e-05	-1.939631e-02	3.084808e+00
4.764000e-05	1.511775e-01	3.297438e+00
4.765000e-05	-1.172455e-01	3.527991e+00
4.766000e-05	2.083398e-02	3.652680e+00
4.767000e-05	2.602176e-02	3.793204e+00
4.768000e-05	-1.066760e-01	4.021601e+00
4.769000e-05	4.792022e-02	4.203705e+00
4.770000e-05	8.426847e-03	4.443181e+00
4.771000e-05	-1.345530e-02	4.582624e+00
4.772000e-05	3.484880e-02	4.768022e+00
4.773000e-05	-6.365748e-02	4.971173e+00
4.774000e-05	1.757561e-02	5.182727e+00
4.775000e-05	-2.176611e-02	5.402200e+00
4.776000e-05	-6.257469e-03	5.548996e+00
4.777000e-05	-8.005212e-04	5.719540e+00
4.778000e-05	-1.055556e-02	5.927916e+00
4.779000e-05	2.560102e-02	6.055832e+00
4.780000e-05	-3.991351e-02	6.193705e+00
4.781000e-05	5.516208e-03	6.359069e+00
4.782000e-05	-1.628296e-02	6.538563e+00
4.783000e-05	-2.972330e-02	6.698962e+00
4.784000e-05	2.956456e-02	6.844287e+00
4.785000e-05	-1.390158e-02	7.021128e+00
4.786000e-05	-7.017545e-03	7.136889e+00
4.787000e-05	-1.482904e-02	7.266307e+00
4.788000e-05	-1.537887e-02	7.443750e+00
4.789000e-05	1.907080e-03	7.621147e+00
4.790000e-05	-2.151933e-02	7.726467e+00
4.791000e-05	8.646476e-05	7.835431e+00
4.792000e-05	-2.371772e-02	8.042752e+00
4.793000e-05	6.665642e-03	8.149995e+00
4.794000e-05	-6.487817e-03	8.236307e+00
4.795000e-05	-1.864762e-02	8.349069e+00
4.796000e-05	-1.693185e-02	8.485281e+00
4.797000e-05	-1.920734e-02	8.571044e+00
4.798000e-05	8.087843e-04	8.644785e+00
4.799000e-05	-1.272986e-02	8.729518e+00
4.800000e-05	-1.070336e-02	8.843203e+00
4.801000e-05	-1.702294e-02	8.959169e+00
4.802000e-05	-9.022697e-03	9.097940e+00
4.803000e-05	-8.717568e-03	9.201545e+00
4.804000e-05	-1.845568e-02	9.264784e+00
4.805000e-05	-2.096605e-02	9.348469e+00
4.806000e-05	-1.771713e-02	9.443178e+00
4.807000e-05	-7.608142e-03	9.506364e+00
4.808000e-05	-1.258661e-02	9.552022e+00
4.809000e-05	-1.833599e-02	9.593161e+00
4.810000e-05	-1.965607e-02	9.738383e+00
4.811000e-05	-1.486988e-02	9.802624e+00
4.812000e-05	-1.347067e-02	9.855182e+00
4.813000e-05	-1.953608e-02	9.928942e+00
4.814000e-05	-2.201309e-02	9.939600e+00
4.815000e-05	-1.921381e-02	1.002213e+01
4.816000e-05	-1.319343e-02	1.004473e+01
4.817000e-05	-1.675203e-02	1.008533e+01
4.818000e-05	-2.314508e-02	1.011741e+01
4.819000e-05	-2.549995e-02	1.012741e+01
4.820000e-05	-2.004974e-02	1.015160e+01
4.821000e-05	-1.703047e-02	1.017360e+01
4.822000e-05	-2.166711e-02	1.021270e+01
4.823000e-05	-2.647751e-02	1.021518e+01
4.824000e-05	-2.556325e-02	1.025325e+01
4.825000e-05	-2.260422e-02	1.028478e+01
4.826000e-05	-2.286914e-02	1.022621e+01
4.827000e-05	-2.686498e-02	1.026628e+01
4.828000e-05	-3.068634e-02	1.026476e+01
4.829000e-05	-2.666813e-02	1.027433e+01
4.830000e-05	-2.386101e-02	1.024518e+01
4.831000e-05	-2.694675e-02	1.024273e+01
4.832000e-05	-3.246330e-02	1.024360e+01
4.833000e-05	-3.266877e-02	1.018305e+01
4.834000e-05	-3.125758e-02	1.012905e+01
4.835000e-05	-3.101556e-02	1.016039e+01
4.836000e-05	-3.495123e-02	1.011739e+01
4.837000e-05	-3.760006e-02	1.007623e+01
4.838000e-05	-3.596963e-02	1.003265e+01
4.839000e-05	-3.591506e-02	1.002210e+01
4.840000e-05	-3.837859e-02	9.958945e+00
4.841000e-05	-4.221767e-02	9.917811e+00
4.842000e-05	-4.329004e-02	9.814703e+00
4.843000e-05	-4.172077e-02	9.779441e+00
4.844000e-05	-4.244203e-02	9.665233e+00
4.845000e-05	-4.601144e-02	9.590076e+00
4.846000e-05	-4.882652e-02	9.537791e+00
4.847000e-05	-4.776755e-02	9.473232e+00
4.848000e-05	-4.534991e-02	9.378473e+00
4.849000e-05	-4.590943e-02	9.316289e+00
4.850000e-05	-4.767587e-02	9.223632e+00
4.851000e-05	-4.740894e-02	9.158422e+00
4.852000e-05	-4.203503e-02	9.075782e+00
4.853000e-05	-3.985412e-02	8.968487e+00
4.854000e-05	-3.889104e-02	8.871030e+00
4.855000e-05	-3.909589e-02	8.739889e+00
4.856000e-05	-3.499723e-02	8.634629e+00
4.857000e-05	-3.125104e-02	8.528839e+00
4.858000e-05	-2.937193e-02	8.443608e+00
4.859000e-05	-2.858650e-02	8.358920e+00
4.860000e-05	-2.861383e-02	8.231576e+00
4.861000e-05	-2.435847e-02	8.025240e+00
4.862000e-05	-2.214234e-02	8.009964e+00
4.863000e-05	-2.156546e-02	7.852027e+00
4.864000e-05	-2.390189e-02	7.674286e+00
4.865000e-05	-2.149717e-02	7.609446e+00
4.866000e-05	-2.029098e-02	7.382550e+00
4.867000e-05	-1.697344e-02	7.263632e+00
4.868000e-05	-1.864349e-02	7.066737e+00
4.869000e-05	-1.847340e-02	6.999945e+00
4.870000e-05	-1.673083e-02	6.812529e+00
4.871000e-05	-1.523924e-02	6.696760e+00
4.872000e-05	-1.566057e-02	6.485762e+00
4.873000e-05	-1.634268e-02	6.347366e+00
4.874000e-05	-1.592161e-02	6.160949e+00
4.875000e-05	-1.309409e-02	6.044132e+00
4.876000e-05	-1.263213e-02	5.967292e+00
4.877000e-05	-1.372628e-02	5.677768e+00
4.878000e-05	-1.394065e-02	5.568368e+00
4.879000e-05	-1.278441e-02	5.390927e+00
4.880000e-05	-1.120858e-02	5.202975e+00
4.881000e-05	-1.053608e-02	5.031444e+00
4.882000e-05	-1.283121e-02	4.751050e+00
4.883000e-05	-1.184833e-02	4.600979e+00
4.884000e-05	-1.105055e-02	4.474108e+00
4.885000e-05	-9.642410e-03	4.275763e+00
4.886000e-05	-1.117070e-02	4.072033e+00
4.887000e-05	-1.140796e-02	3.937836e+00
4.888000e-05	-1.090910e-02	3.717841e+00
4.889000e-05	-8.617653e-03	3.570401e+00
4.890000e-05	-8.040090e-03	3.338915e+00
4.891000e-05	-8.677455e-03	3.170946e+00
4.892000e-05	-8.826030e-03	3.010425e+00
4.893000e-05	-8.325813e-03	2.812528e+00
4.894000e-05	-7.909275e-03	2.624052e+00
4.895000e-05	-8.182617e-03	2.399975e+00
4.896000e-05	-8.416455e-03	2.211979e+00
4.897000e-05	-8.115963e-03	2.033028e+00
4.898000e-05	-7.692178e-03	1.855658e+00
4.899000e-05	-6.955503e-03	1.643583e+00
4.900000e-05	-6.876200e-03	1.422555e+00
4.901000e-05	-7.225190e-03	1.262504e+00
4.902000e-05	-6.549075e-03	9.814063e-01
4.903000e-05	-5.854404e-03	7.804985e-01
4.904000e-05	-6.017312e-03	6.205026e-01
4.905000e-05	-5.504298e-03	4.020263e-01
4.906000e-05	-5.262802e-03	2.723838e-01
4.907000e-05	-5.361417e-03	-1.002638e-02
4.908000e-05	-1.724867e-04	-1.774686e-01
4.909000e-05	3.976510e-03	-3.269434e-01
4.910000e-05	-1.546047e-03	-4.953119e-01
4.911000e-05	3.067261e-03	-7.474659e-01
4.912000e-05	-4.401995e-04	-8.842119e-01
4.913000e-05	1.202267e-03	-1.064204e+00
4.914000e-05	-1.233370e-03	-1.231178e+00
4.915000e-05	2.421509e-02	-1.483706e+00
4.916000e-05	9.973309e-02	-1.663154e+00
4.917000e-05	-1.035272e-03	-1.935414e+00
4.918000e-05	-3.946209e-02	-2.170657e+00
4.919000e-05	-4.368472e-02	-2.463677e+00
4.920000e-05	-1.060145e-01	-2.547847e+00
4.921000e-05	1.326238e-01	-2.608996e+00
4.922000e-05	-1.412397e-02	-2.745969e+00
4.923000e-05	-1.301775e-01	-3.064338e+00
4.924000e-05	1.960156e-01	-3.177949e+00
4.925000e-05	-7.071850e-02	-3.348992e+00
4.926000e-05	-7.356153e-02	-3.549471e+00
4.927000e-05	1.492483e-01	-3.683808e+00
4.928000e-05	-1.452715e-01	-3.946996e+00
4.929000e-05	8.623971e-03	-4.135861e+00
4.930000e-05	8.592658e-02	-4.264178e+00
4.931000e-05	-8.889323e-02	-4.505807e+00
4.932000e-05	1.529177e-01	-4.600655e+00
4.933000e-05	-7.447210e-02	-4.820677e+00
4.934000e-05	-2.589497e-02	-4.993104e+00
4.935000e-05	8.181813e-02	-5.198945e+00
4.936000e-05	-1.139069e-01	-5.453209e+00
4.937000e-05	1.110289e-01	-5.600075e+00
4.938000e-05	-4.543749e-02	-5.770545e+00
4.939000e-05	2.927581e-02	-5.926413e+00
4.940000e-05	4.419241e-02	-6.062758e+00
4.941000e-05	-7.453972e-02	-6.315413e+00
4.942000e-05	9.514458e-02	-6.440599e+00
4.943000e-05	-9.068763e-02	-6.590599e+00
4.944000e-05	5.191440e-02	-6.736388e+00
4.945000e-05	3.957868e-02	-6.863107e+00
4.946000e-05	-4.326850e-02	-7.092732e+00
4.947000e-05	7.780509e-02	-7.221574e+00
4.948000e-05	-7.432625e-02	-7.335992e+00
4.949000e-05	6.508632e-02	-7.504732e+00
4.950000e-05	-1.954567e-02	-7.632174e+00
4.951000e-05	7.452294e-03	-7.821651e+00
4.952000e-05	2.604629e-02	-7.926495e+00
4.953000e-05	-2.651999e-02	-8.085707e+00
4.954000e-05	6.669536e-02	-8.177945e+00
4.955000e-05	-3.800347e-02	-8.315788e+00
4.956000e-05	3.619608e-02	-8.411523e+00
4.957000e-05	-1.852023e-02	-8.515935e+00
4.958000e-05	1.434575e-02	-8.664781e+00
4.959000e-05	2.642078e-02	-8.759494e+00
4.960000e-05	-8.852004e-03	-8.914208e+00
4.961000e-05	2.776019e-02	-8.936492e+00
4.962000e-05	-1.074986e-02	-9.083777e+00
4.963000e-05	3.434276e-02	-9.137421e+00
4.964000e-05	-1.739413e-03	-9.242628e+00
4.965000e-05	1.008093e-02	-9.357236e+00
4.966000e-05	1.727176e-03	-9.433728e+00
4.967000e-05	8.610112e-03	-9.496890e+00
4.968000e-05	2.311908e-02	-9.632676e+00
4.969000e-05	4.393317e-03	-9.736783e+00
4.970000e-05	1.847549e-02	-9.736941e+00
4.971000e-05	1.708746e-03	-9.830596e+00
4.972000e-05	2.085525e-02	-9.863730e+00
4.973000e-05	1.025470e-02	-9.907811e+00
4.974000e-05	1.271035e-02	-9.950450e+00
4.975000e-05	7.718953e-03	-1.003053e+01
4.976000e-05	1.484772e-02	-1.002218e+01
4.977000e-05	2.042250e-02	-1.011481e+01
4.978000e-05	1.046908e-02	-1.016896e+01
4.979000e-05	1.449415e-02	-1.019197e+01
4.980000e-05	5.986964e-03	-1.022265e+01
4.981000e-05	2.161051e-02	-1.023373e+01
4.982000e-05	1.725565e-02	-1.031523e+01
4.983000e-05	1.951328e-02	-1.028534e+01
4.984000e-05	1.263235e-02	-1.032895e+01
4.985000e-05	1.684833e-02	-1.031059e+01
4.986000e-05	1.656772e-02	-1.037897e+01
4.987000e-05	1.862719e-02	-1.036997e+01
4.988000e-05	1.488210e-02	-1.039992e+01
4.989000e-05	1.739580e-02	-1.040899e+01
4.990000e-05	2.425924e-02	-1.036887e+01
4.991000e-05	2.543197e-02	-1.039782e+01
4.992000e-05	2.229277e-02	-1.028684e+01
4.993000e-05	1.907452e-02	-1.032739e+01
4.994000e-05	1.983794e-02	-1.030584e+01
4.995000e-05	2.382810e-02	-1.026476e+01
4.996000e-05	2.610559e-02	-1.026213e+01
4.997000e-05	2.529473e-02	-1.020142e+01
4.998000e-05	2.726079e-02	-1.016844e+01
4.999000e-05	2.988131e-02	-1.011684e+01
